===Grown Bad Blocks===
Grown Bad Blocks Count: 0
Factory Bad Blocks Count: 61
Band stats:
===========
numBands: 1671
band:    0	Utility Band

INTERMEDIATE PARTITION:
band:   1	flow:20	valid:    NA	erases: 3514 [  3%] 	age:    0	GCcan:0 GCmust:0 GCrd: 0 Special: 0 mode:1 
band:   2	flow: 0	valid:   5.2	erases: 3515 [  3%] 	age:    0	GCcan:1 GCmust:0 GCrd: 0 Special: 0 mode:1 
band:   3	flow:20	valid:    NA	erases: 3513 [  3%] 	age:    0	GCcan:0 GCmust:0 GCrd: 0 Special: 0 mode:1 
band:   4	flow: 0	valid:  11.2	erases: 3514 [  3%] 	age:    0	GCcan:0 GCmust:0 GCrd: 0 Special: 0 mode:1 
band:   5	flow:13	valid:   0.0	erases: 3514 [  3%] 	age:    0	GCcan:0 GCmust:0 GCrd: 0 Special: 0 mode:1 
band:   6	flow:13	valid:   0.0	erases: 3514 [  3%] 	age:    0	GCcan:0 GCmust:0 GCrd: 0 Special: 0 mode:1 
band:   7	flow:13	valid:   0.0	erases: 3513 [  3%] 	age:    0	GCcan:0 GCmust:0 GCrd: 0 Special: 0 mode:1 
band:   8	flow:13	valid:   0.0	erases: 3515 [  3%] 	age:    0	GCcan:0 GCmust:0 GCrd: 0 Special: 0 mode:1 
band:   9	flow:13	valid:   0.0	erases: 3514 [  3%] 	age:    0	GCcan:0 GCmust:0 GCrd: 0 Special: 0 mode:1 
band:  10	flow:13	valid:   0.0	erases: 3513 [  3%] 	age:    0	GCcan:0 GCmust:0 GCrd: 0 Special: 0 mode:1 
band:  11	flow:20	valid:    NA	erases: 3514 [  3%] 	age:    0	GCcan:0 GCmust:0 GCrd: 0 Special: 0 mode:1 
band:  12	flow:13	valid:   0.0	erases: 3516 [  3%] 	age:    0	GCcan:0 GCmust:0 GCrd: 0 Special: 0 mode:1 
band:  13	flow:20	valid:    NA	erases: 3513 [  3%] 	age:    0	GCcan:0 GCmust:0 GCrd: 0 Special: 0 mode:1 
band:  14	flow:13	valid:   0.0	erases: 3515 [  3%] 	age:    0	GCcan:0 GCmust:0 GCrd: 0 Special: 0 mode:1 
band:  15	flow:13	valid:   0.0	erases: 3514 [  3%] 	age:    0	GCcan:0 GCmust:0 GCrd: 0 Special: 0 mode:1 
band:  16	flow: 0	valid:  17.7	erases: 3512 [  3%] 	age:    0	GCcan:1 GCmust:0 GCrd: 0 Special: 0 mode:1 
band:  17	flow:20	valid:    NA	erases: 3513 [  3%] 	age:    0	GCcan:0 GCmust:0 GCrd: 0 Special: 0 mode:1 
band:  18	flow:20	valid:    NA	erases: 3512 [  3%] 	age:    0	GCcan:0 GCmust:0 GCrd: 0 Special: 0 mode:1 
band:  19	flow:20	valid:    NA	erases: 3512 [  3%] 	age:    0	GCcan:0 GCmust:0 GCrd: 0 Special: 0 mode:1 
band:  20	flow:13	valid:   0.0	erases: 3515 [  3%] 	age:    0	GCcan:0 GCmust:0 GCrd: 0 Special: 0 mode:1 
band:  21	flow:20	valid:    NA	erases: 3512 [  3%] 	age:    0	GCcan:0 GCmust:0 GCrd: 0 Special: 0 mode:1 
band:  22	flow:20	valid:    NA	erases: 3513 [  3%] 	age:    0	GCcan:0 GCmust:0 GCrd: 0 Special: 0 mode:1 
band:  23	flow:13	valid:   0.0	erases: 3514 [  3%] 	age:    0	GCcan:0 GCmust:0 GCrd: 0 Special: 0 mode:1 
band:  24	flow:20	valid:    NA	erases: 3512 [  3%] 	age:    0	GCcan:0 GCmust:0 GCrd: 0 Special: 0 mode:1 
band:  25	flow:13	valid:   0.0	erases: 3514 [  3%] 	age:    0	GCcan:0 GCmust:0 GCrd: 0 Special: 0 mode:1 
band:  26	flow:20	valid:    NA	erases: 3513 [  3%] 	age:    0	GCcan:0 GCmust:0 GCrd: 0 Special: 0 mode:1 
band:  27	flow:20	valid:    NA	erases: 3513 [  3%] 	age:    0	GCcan:0 GCmust:0 GCrd: 0 Special: 0 mode:1 
band:  28	flow:13	valid:   0.0	erases: 3514 [  3%] 	age:    0	GCcan:0 GCmust:0 GCrd: 0 Special: 0 mode:1 
band:  29	flow:20	valid:    NA	erases: 3513 [  3%] 	age:    0	GCcan:0 GCmust:0 GCrd: 0 Special: 0 mode:1 
band:  30	flow:13	valid:   0.0	erases: 3516 [  3%] 	age:    0	GCcan:0 GCmust:0 GCrd: 0 Special: 0 mode:1 
band:  31	flow:20	valid:    NA	erases: 3512 [  3%] 	age:    0	GCcan:0 GCmust:0 GCrd: 0 Special: 0 mode:1 
band:  32	flow:20	valid:    NA	erases: 3513 [  3%] 	age:    0	GCcan:0 GCmust:0 GCrd: 0 Special: 0 mode:1 
band:  33	flow:14	valid:    NA	erases:    0 [  0%] 	age:    0	GCcan:0 GCmust:0 GCrd: 0 Special: 0 mode:1 
band:  34	flow:13	valid:   0.0	erases: 3514 [  3%] 	age:    0	GCcan:0 GCmust:0 GCrd: 0 Special: 0 mode:1 
band:  35	flow:20	valid:    NA	erases: 3512 [  3%] 	age:    0	GCcan:0 GCmust:0 GCrd: 0 Special: 0 mode:1 
band:  36	flow:20	valid:    NA	erases: 3512 [  3%] 	age:    0	GCcan:0 GCmust:0 GCrd: 0 Special: 0 mode:1 
band:  37	flow:20	valid:    NA	erases: 3512 [  3%] 	age:    0	GCcan:0 GCmust:0 GCrd: 0 Special: 0 mode:1 
band:  38	flow:20	valid:    NA	erases: 3513 [  3%] 	age:    0	GCcan:0 GCmust:0 GCrd: 0 Special: 0 mode:1 
band:  39	flow:13	valid:   0.0	erases: 3514 [  3%] 	age:    0	GCcan:0 GCmust:0 GCrd: 0 Special: 0 mode:1 
band:  40	flow:13	valid:   0.0	erases: 3515 [  3%] 	age:    0	GCcan:0 GCmust:0 GCrd: 0 Special: 0 mode:1 
band:  41	flow:14	valid:    NA	erases:    0 [  0%] 	age:    0	GCcan:0 GCmust:0 GCrd: 0 Special: 0 mode:1 
band:  42	flow:20	valid:    NA	erases: 3512 [  3%] 	age:    0	GCcan:0 GCmust:0 GCrd: 0 Special: 0 mode:1 
band:  43	flow:20	valid:    NA	erases: 3512 [  3%] 	age:    0	GCcan:0 GCmust:0 GCrd: 0 Special: 0 mode:1 
band:  44	flow:20	valid:    NA	erases: 3512 [  3%] 	age:    0	GCcan:0 GCmust:0 GCrd: 0 Special: 0 mode:1 
band:  45	flow:20	valid:    NA	erases: 3512 [  3%] 	age:    0	GCcan:0 GCmust:0 GCrd: 0 Special: 0 mode:1 
band:  46	flow:20	valid:    NA	erases: 3514 [  3%] 	age:    0	GCcan:0 GCmust:0 GCrd: 0 Special: 0 mode:1 
band:  47	flow:20	valid:    NA	erases: 3512 [  3%] 	age:    0	GCcan:0 GCmust:0 GCrd: 0 Special: 0 mode:1 
band:  48	flow:13	valid:   0.0	erases: 3516 [  3%] 	age:    0	GCcan:0 GCmust:0 GCrd: 0 Special: 0 mode:1 
band:  49	flow:20	valid:    NA	erases: 3515 [  3%] 	age:    0	GCcan:0 GCmust:0 GCrd: 0 Special: 0 mode:1 
band:  50	flow:13	valid:   0.0	erases: 3514 [  3%] 	age:    0	GCcan:0 GCmust:0 GCrd: 0 Special: 0 mode:1 
band:  51	flow: 0	valid:   0.6	erases: 3512 [  3%] 	age:    0	GCcan:1 GCmust:0 GCrd: 0 Special: 0 mode:1 
band:  52	flow: 0	valid:  10.5	erases: 3512 [  3%] 	age:    0	GCcan:1 GCmust:0 GCrd: 0 Special: 0 mode:1 
band:  53	flow: 0	valid:  11.5	erases: 3513 [  3%] 	age:    0	GCcan:1 GCmust:0 GCrd: 0 Special: 0 mode:1 
band:  54	flow:20	valid:    NA	erases: 3512 [  3%] 	age:    0	GCcan:0 GCmust:0 GCrd: 0 Special: 0 mode:1 
band:  55	flow:13	valid:   0.0	erases: 3516 [  3%] 	age:    0	GCcan:0 GCmust:0 GCrd: 0 Special: 0 mode:1 
band:  56	flow: 0	valid:   4.3	erases: 3512 [  3%] 	age:    0	GCcan:1 GCmust:0 GCrd: 0 Special: 0 mode:1 
band:  57	flow:20	valid:    NA	erases: 3512 [  3%] 	age:    0	GCcan:0 GCmust:0 GCrd: 0 Special: 0 mode:1 
band:  58	flow:13	valid:   0.0	erases: 3514 [  3%] 	age:    0	GCcan:0 GCmust:0 GCrd: 0 Special: 0 mode:1 
band:  59	flow:20	valid:    NA	erases: 3512 [  3%] 	age:    0	GCcan:0 GCmust:0 GCrd: 0 Special: 0 mode:1 
band:  60	flow:20	valid:    NA	erases: 3512 [  3%] 	age:    0	GCcan:0 GCmust:0 GCrd: 0 Special: 0 mode:1 
band:  61	flow:13	valid:   0.0	erases: 3515 [  3%] 	age:    0	GCcan:0 GCmust:0 GCrd: 0 Special: 0 mode:1 
band:  62	flow:13	valid:   0.0	erases: 3514 [  3%] 	age:    0	GCcan:0 GCmust:0 GCrd: 0 Special: 0 mode:1 
band:  63	flow:13	valid:   0.0	erases: 3514 [  3%] 	age:    0	GCcan:0 GCmust:0 GCrd: 0 Special: 0 mode:1 
band:  64	flow:20	valid:    NA	erases: 3512 [  3%] 	age:    0	GCcan:0 GCmust:0 GCrd: 0 Special: 0 mode:1 
band:  65	flow: 0	valid:  12.1	erases: 3512 [  3%] 	age:    0	GCcan:1 GCmust:0 GCrd: 0 Special: 0 mode:1 
band:  66	flow:13	valid:   0.0	erases: 3515 [  3%] 	age:    0	GCcan:0 GCmust:0 GCrd: 0 Special: 0 mode:1 
band:  67	flow: 0	valid:  87.4	erases: 3514 [  3%] 	age:    0	GCcan:1 GCmust:0 GCrd: 0 Special: 0 mode:1 
band:  68	flow:20	valid:    NA	erases: 3515 [  3%] 	age:    0	GCcan:0 GCmust:0 GCrd: 0 Special: 0 mode:1 
band:  69	flow:20	valid:    NA	erases: 3512 [  3%] 	age:    0	GCcan:0 GCmust:0 GCrd: 0 Special: 0 mode:1 
band:  70	flow: 0	valid:  10.2	erases: 3512 [  3%] 	age:    0	GCcan:1 GCmust:0 GCrd: 0 Special: 0 mode:1 
band:  71	flow: 0	valid:  16.0	erases: 3513 [  3%] 	age:    0	GCcan:1 GCmust:0 GCrd: 0 Special: 0 mode:1 
band:  72	flow:20	valid:    NA	erases: 3512 [  3%] 	age:    0	GCcan:0 GCmust:0 GCrd: 0 Special: 0 mode:1 
band:  73	flow:13	valid:   0.0	erases: 3515 [  3%] 	age:    0	GCcan:0 GCmust:0 GCrd: 0 Special: 0 mode:1 
band:  74	flow:13	valid:   0.0	erases: 3514 [  3%] 	age:    0	GCcan:0 GCmust:0 GCrd: 0 Special: 0 mode:1 
band:  75	flow:20	valid:    NA	erases: 3513 [  3%] 	age:    0	GCcan:0 GCmust:0 GCrd: 0 Special: 0 mode:1 
band:  76	flow:20	valid:    NA	erases: 3512 [  3%] 	age:    0	GCcan:0 GCmust:0 GCrd: 0 Special: 0 mode:1 
band:  77	flow:13	valid:   0.0	erases: 3514 [  3%] 	age:    0	GCcan:0 GCmust:0 GCrd: 0 Special: 0 mode:1 
band:  78	flow: 0	valid:  81.9	erases: 3513 [  3%] 	age:    0	GCcan:1 GCmust:0 GCrd: 0 Special: 0 mode:1 
band:  79	flow:20	valid:    NA	erases: 3513 [  3%] 	age:    0	GCcan:0 GCmust:0 GCrd: 0 Special: 0 mode:1 
band:  80	flow:13	valid:   0.0	erases: 3516 [  3%] 	age:    0	GCcan:0 GCmust:0 GCrd: 0 Special: 0 mode:1 
band:  81	flow:20	valid:    NA	erases: 3512 [  3%] 	age:    0	GCcan:0 GCmust:0 GCrd: 0 Special: 0 mode:1 
band:  82	flow:13	valid:   0.0	erases: 3514 [  3%] 	age:    0	GCcan:0 GCmust:0 GCrd: 0 Special: 0 mode:1 
band:  83	flow:20	valid:    NA	erases: 3512 [  3%] 	age:    0	GCcan:0 GCmust:0 GCrd: 0 Special: 0 mode:1 
band:  84	flow:20	valid:    NA	erases: 3514 [  3%] 	age:    0	GCcan:0 GCmust:0 GCrd: 0 Special: 0 mode:1 
band:  85	flow:13	valid:   0.0	erases: 3514 [  3%] 	age:    0	GCcan:0 GCmust:0 GCrd: 0 Special: 0 mode:1 
band:  86	flow:20	valid:    NA	erases: 3512 [  3%] 	age:    0	GCcan:0 GCmust:0 GCrd: 0 Special: 0 mode:1 
band:  87	flow:13	valid:   0.0	erases: 3516 [  3%] 	age:    0	GCcan:0 GCmust:0 GCrd: 0 Special: 0 mode:1 
band:  88	flow:20	valid:    NA	erases: 3514 [  3%] 	age:    0	GCcan:0 GCmust:0 GCrd: 0 Special: 0 mode:1 
band:  89	flow:20	valid:    NA	erases: 3512 [  3%] 	age:    0	GCcan:0 GCmust:0 GCrd: 0 Special: 0 mode:1 
band:  90	flow:13	valid:   0.0	erases: 3515 [  3%] 	age:    0	GCcan:0 GCmust:0 GCrd: 0 Special: 0 mode:1 
band:  91	flow:20	valid:    NA	erases: 3512 [  3%] 	age:    0	GCcan:0 GCmust:0 GCrd: 0 Special: 0 mode:1 
band:  92	flow:20	valid:    NA	erases: 3512 [  3%] 	age:    0	GCcan:0 GCmust:0 GCrd: 0 Special: 0 mode:1 
band:  93	flow:20	valid:    NA	erases: 3514 [  3%] 	age:    0	GCcan:0 GCmust:0 GCrd: 0 Special: 0 mode:1 
band:  94	flow:20	valid:    NA	erases: 3514 [  3%] 	age:    0	GCcan:0 GCmust:0 GCrd: 0 Special: 0 mode:1 
band:  95	flow:20	valid:    NA	erases: 3512 [  3%] 	age:    0	GCcan:0 GCmust:0 GCrd: 0 Special: 0 mode:1 
band:  96	flow:13	valid:   0.0	erases: 3515 [  3%] 	age:    0	GCcan:0 GCmust:0 GCrd: 0 Special: 0 mode:1 
band:  97	flow:20	valid:    NA	erases: 3512 [  3%] 	age:    0	GCcan:0 GCmust:0 GCrd: 0 Special: 0 mode:1 
band:  98	flow:20	valid:    NA	erases: 3514 [  3%] 	age:    0	GCcan:0 GCmust:0 GCrd: 0 Special: 0 mode:1 
band:  99	flow:13	valid:   0.0	erases: 3515 [  3%] 	age:    0	GCcan:0 GCmust:0 GCrd: 0 Special: 0 mode:1 
band: 100	flow:13	valid:   0.0	erases: 3516 [  3%] 	age:    0	GCcan:0 GCmust:0 GCrd: 0 Special: 0 mode:1 
band: 101	flow:13	valid:   0.0	erases: 3515 [  3%] 	age:    0	GCcan:0 GCmust:0 GCrd: 0 Special: 0 mode:1 
band: 102	flow: 0	valid:  11.0	erases: 3512 [  3%] 	age:    0	GCcan:1 GCmust:0 GCrd: 0 Special: 0 mode:1 
band: 103	flow:20	valid:    NA	erases: 3512 [  3%] 	age:    0	GCcan:0 GCmust:0 GCrd: 0 Special: 0 mode:1 
band: 104	flow:20	valid:    NA	erases: 3513 [  3%] 	age:    0	GCcan:0 GCmust:0 GCrd: 0 Special: 0 mode:1 
band: 105	flow:20	valid:    NA	erases: 3512 [  3%] 	age:    0	GCcan:0 GCmust:0 GCrd: 0 Special: 0 mode:1 
band: 106	flow:13	valid:   0.0	erases: 3514 [  3%] 	age:    0	GCcan:0 GCmust:0 GCrd: 0 Special: 0 mode:1 
band: 107	flow:20	valid:    NA	erases: 3512 [  3%] 	age:    0	GCcan:0 GCmust:0 GCrd: 0 Special: 0 mode:1 
band: 108	flow:20	valid:    NA	erases: 3513 [  3%] 	age:    0	GCcan:0 GCmust:0 GCrd: 0 Special: 0 mode:1 
band: 109	flow:13	valid:   0.0	erases: 3516 [  3%] 	age:    0	GCcan:0 GCmust:0 GCrd: 0 Special: 0 mode:1 
band: 110	flow:20	valid:    NA	erases: 3512 [  3%] 	age:    0	GCcan:0 GCmust:0 GCrd: 0 Special: 0 mode:1 
band: 111	flow:13	valid:   0.0	erases: 3516 [  3%] 	age:    0	GCcan:0 GCmust:0 GCrd: 0 Special: 0 mode:1 
band: 112	flow:13	valid:   0.0	erases: 3514 [  3%] 	age:    0	GCcan:0 GCmust:0 GCrd: 0 Special: 0 mode:1 
band: 113	flow:20	valid:    NA	erases: 3515 [  3%] 	age:    0	GCcan:0 GCmust:0 GCrd: 0 Special: 0 mode:1 
band: 114	flow:20	valid:    NA	erases: 3512 [  3%] 	age:    0	GCcan:0 GCmust:0 GCrd: 0 Special: 0 mode:1 
band: 115	flow:20	valid:    NA	erases: 3512 [  3%] 	age:    0	GCcan:0 GCmust:0 GCrd: 0 Special: 0 mode:1 
band: 116	flow:20	valid:    NA	erases: 3513 [  3%] 	age:    0	GCcan:0 GCmust:0 GCrd: 0 Special: 0 mode:1 
band: 117	flow:20	valid:    NA	erases: 3512 [  3%] 	age:    0	GCcan:0 GCmust:0 GCrd: 0 Special: 0 mode:1 
band: 118	flow:13	valid:   0.0	erases: 3514 [  3%] 	age:    0	GCcan:0 GCmust:0 GCrd: 0 Special: 0 mode:1 
band: 119	flow:13	valid:   0.0	erases: 3514 [  3%] 	age:    0	GCcan:0 GCmust:0 GCrd: 0 Special: 0 mode:1 
band: 120	flow: 0	valid:   0.3	erases: 3512 [  3%] 	age:    0	GCcan:1 GCmust:0 GCrd: 0 Special: 0 mode:1 
band: 121	flow:20	valid:    NA	erases: 3513 [  3%] 	age:    0	GCcan:0 GCmust:0 GCrd: 0 Special: 0 mode:1 
band: 122	flow:13	valid:   0.0	erases: 3514 [  3%] 	age:    0	GCcan:0 GCmust:0 GCrd: 0 Special: 0 mode:1 
band: 123	flow: 0	valid:  13.5	erases: 3512 [  3%] 	age:    0	GCcan:1 GCmust:0 GCrd: 0 Special: 0 mode:1 
band: 124	flow:20	valid:    NA	erases: 3513 [  3%] 	age:    0	GCcan:0 GCmust:0 GCrd: 0 Special: 0 mode:1 
band: 125	flow:20	valid:    NA	erases: 3512 [  3%] 	age:    0	GCcan:0 GCmust:0 GCrd: 0 Special: 0 mode:1 
band: 126	flow:20	valid:    NA	erases: 3512 [  3%] 	age:    0	GCcan:0 GCmust:0 GCrd: 0 Special: 0 mode:1 
band: 127	flow:13	valid:   0.0	erases: 3516 [  3%] 	age:    0	GCcan:0 GCmust:0 GCrd: 0 Special: 0 mode:1 
band: 128	flow:20	valid:    NA	erases: 3513 [  3%] 	age:    0	GCcan:0 GCmust:0 GCrd: 0 Special: 0 mode:1 
band: 129	flow:13	valid:   0.0	erases: 3515 [  3%] 	age:    0	GCcan:0 GCmust:0 GCrd: 0 Special: 0 mode:1 
band: 130	flow:20	valid:    NA	erases: 3512 [  3%] 	age:    0	GCcan:0 GCmust:0 GCrd: 0 Special: 0 mode:1 
band: 131	flow:20	valid:    NA	erases: 3512 [  3%] 	age:    0	GCcan:0 GCmust:0 GCrd: 0 Special: 0 mode:1 
band: 132	flow:13	valid:   0.0	erases: 3514 [  3%] 	age:    0	GCcan:0 GCmust:0 GCrd: 0 Special: 0 mode:1 
band: 133	flow:20	valid:    NA	erases: 3512 [  3%] 	age:    0	GCcan:0 GCmust:0 GCrd: 0 Special: 0 mode:1 
band: 134	flow:20	valid:    NA	erases: 3513 [  3%] 	age:    0	GCcan:0 GCmust:0 GCrd: 0 Special: 0 mode:1 
band: 135	flow:13	valid:   0.0	erases: 3516 [  3%] 	age:    0	GCcan:0 GCmust:0 GCrd: 0 Special: 0 mode:1 
band: 136	flow:13	valid:   0.0	erases: 3514 [  3%] 	age:    0	GCcan:0 GCmust:0 GCrd: 0 Special: 0 mode:1 
band: 137	flow:20	valid:    NA	erases: 3512 [  3%] 	age:    0	GCcan:0 GCmust:0 GCrd: 0 Special: 0 mode:1 
band: 138	flow:13	valid:   0.0	erases: 3514 [  3%] 	age:    0	GCcan:0 GCmust:0 GCrd: 0 Special: 0 mode:1 
band: 139	flow:20	valid:    NA	erases: 3515 [  3%] 	age:    0	GCcan:0 GCmust:0 GCrd: 0 Special: 0 mode:1 
band: 140	flow:13	valid:   0.0	erases: 3514 [  3%] 	age:    0	GCcan:0 GCmust:0 GCrd: 0 Special: 0 mode:1 
band: 141	flow:20	valid:    NA	erases: 3515 [  3%] 	age:    0	GCcan:0 GCmust:0 GCrd: 0 Special: 0 mode:1 
band: 142	flow:13	valid:   0.0	erases: 3516 [  3%] 	age:    0	GCcan:0 GCmust:0 GCrd: 0 Special: 0 mode:1 
band: 143	flow:20	valid:    NA	erases: 3512 [  3%] 	age:    0	GCcan:0 GCmust:0 GCrd: 0 Special: 0 mode:1 
band: 144	flow:20	valid:    NA	erases: 3513 [  3%] 	age:    0	GCcan:0 GCmust:0 GCrd: 0 Special: 0 mode:1 
band: 145	flow:20	valid:    NA	erases: 3512 [  3%] 	age:    0	GCcan:0 GCmust:0 GCrd: 0 Special: 0 mode:1 
band: 146	flow:13	valid:   0.0	erases: 3514 [  3%] 	age:    0	GCcan:0 GCmust:0 GCrd: 0 Special: 0 mode:1 
band: 147	flow:13	valid:   0.0	erases: 3514 [  3%] 	age:    0	GCcan:0 GCmust:0 GCrd: 0 Special: 0 mode:1 
band: 148	flow:13	valid:   0.0	erases: 3515 [  3%] 	age:    0	GCcan:0 GCmust:0 GCrd: 0 Special: 0 mode:1 
band: 149	flow:13	valid:   0.0	erases: 3516 [  3%] 	age:    0	GCcan:0 GCmust:0 GCrd: 0 Special: 0 mode:1 
band: 150	flow:20	valid:    NA	erases: 3514 [  3%] 	age:    0	GCcan:0 GCmust:0 GCrd: 0 Special: 0 mode:1 
band: 151	flow:20	valid:    NA	erases: 3512 [  3%] 	age:    0	GCcan:0 GCmust:0 GCrd: 0 Special: 0 mode:1 
band: 152	flow:13	valid:   0.0	erases: 3514 [  3%] 	age:    0	GCcan:0 GCmust:0 GCrd: 0 Special: 0 mode:1 
band: 153	flow:13	valid:   0.0	erases: 3514 [  3%] 	age:    0	GCcan:0 GCmust:0 GCrd: 0 Special: 0 mode:1 
band: 154	flow:13	valid:   0.0	erases: 3514 [  3%] 	age:    0	GCcan:0 GCmust:0 GCrd: 0 Special: 0 mode:1 
band: 155	flow:13	valid:   0.0	erases: 3515 [  3%] 	age:    0	GCcan:0 GCmust:0 GCrd: 0 Special: 0 mode:1 
band: 156	flow: 0	valid:  11.7	erases: 3513 [  3%] 	age:    0	GCcan:1 GCmust:0 GCrd: 0 Special: 0 mode:1 
band: 157	flow:20	valid:    NA	erases: 3512 [  3%] 	age:    0	GCcan:0 GCmust:0 GCrd: 0 Special: 0 mode:1 
band: 158	flow:13	valid:   0.0	erases: 3515 [  3%] 	age:    0	GCcan:0 GCmust:0 GCrd: 0 Special: 0 mode:1 
band: 159	flow:20	valid:    NA	erases: 3512 [  3%] 	age:    0	GCcan:0 GCmust:0 GCrd: 0 Special: 0 mode:1 
band: 160	flow:13	valid:   0.0	erases: 3515 [  3%] 	age:    0	GCcan:0 GCmust:0 GCrd: 0 Special: 0 mode:1 
band: 161	flow:13	valid:   0.0	erases: 3514 [  3%] 	age:    0	GCcan:0 GCmust:0 GCrd: 0 Special: 0 mode:1 
band: 162	flow: 0	valid:   0.8	erases: 3512 [  3%] 	age:    0	GCcan:1 GCmust:0 GCrd: 0 Special: 0 mode:1 
band: 163	flow:20	valid:    NA	erases: 3512 [  3%] 	age:    0	GCcan:0 GCmust:0 GCrd: 0 Special: 0 mode:1 
band: 164	flow:20	valid:    NA	erases: 3512 [  3%] 	age:    0	GCcan:0 GCmust:0 GCrd: 0 Special: 0 mode:1 
band: 165	flow:20	valid:    NA	erases: 3512 [  3%] 	age:    0	GCcan:0 GCmust:0 GCrd: 0 Special: 0 mode:1 
band: 166	flow:13	valid:   0.0	erases: 3514 [  3%] 	age:    0	GCcan:0 GCmust:0 GCrd: 0 Special: 0 mode:1 
band: 167	flow:20	valid:    NA	erases: 3514 [  3%] 	age:    0	GCcan:0 GCmust:0 GCrd: 0 Special: 0 mode:1 
band: 168	flow:13	valid:   0.0	erases: 3516 [  3%] 	age:    0	GCcan:0 GCmust:0 GCrd: 0 Special: 0 mode:1 
band: 169	flow:13	valid:   0.0	erases: 3514 [  3%] 	age:    0	GCcan:0 GCmust:0 GCrd: 0 Special: 0 mode:1 
band: 170	flow:20	valid:    NA	erases: 3513 [  3%] 	age:    0	GCcan:0 GCmust:0 GCrd: 0 Special: 0 mode:1 

USER PARTITION:
band: 171	flow: 5	valid:  93.7	erases:  115 [  3%] 	age:    1	GCcan:1 GCmust:0 GCrd: 0 Special: 0 mode:0 
band: 172	flow:12	valid:   0.0	erases:  116 [  3%] 	age:    0	GCcan:0 GCmust:0 GCrd: 0 Special: 0 mode:0 
band: 173	flow: 5	valid:  93.3	erases:  108 [  3%] 	age:    0	GCcan:1 GCmust:0 GCrd: 0 Special: 0 mode:0 
band: 174	flow: 5	valid:  35.6	erases:  111 [  3%] 	age:    0	GCcan:1 GCmust:0 GCrd: 0 Special: 0 mode:0 
band: 175	flow: 5	valid:  94.3	erases:   98 [  3%] 	age:    1	GCcan:1 GCmust:0 GCrd: 0 Special: 0 mode:0 
band: 176	flow: 5	valid:  58.3	erases:  104 [  3%] 	age:    0	GCcan:1 GCmust:0 GCrd: 0 Special: 0 mode:0 
band: 177	flow: 5	valid:  87.3	erases:  111 [  3%] 	age:    0	GCcan:1 GCmust:0 GCrd: 0 Special: 0 mode:0 
band: 178	flow: 5	valid:  93.8	erases:   84 [  2%] 	age:    1	GCcan:1 GCmust:0 GCrd: 0 Special: 0 mode:0 
band: 179	flow: 5	valid:  38.3	erases:  109 [  3%] 	age:    0	GCcan:1 GCmust:0 GCrd: 0 Special: 0 mode:0 
band: 180	flow: 5	valid:  57.7	erases:  110 [  3%] 	age:    0	GCcan:1 GCmust:0 GCrd: 0 Special: 0 mode:0 
band: 181	flow:12	valid:   0.0	erases:  123 [  4%] 	age:    0	GCcan:0 GCmust:0 GCrd: 0 Special: 0 mode:0 
band: 182	flow: 7	valid:  99.6	erases:  131 [  4%] 	age:    0	GCcan:1 GCmust:0 GCrd: 0 Special: 0 mode:0 
band: 183	flow:12	valid:   0.0	erases:  117 [  3%] 	age:    0	GCcan:0 GCmust:0 GCrd: 0 Special: 0 mode:0 
band: 184	flow: 5	valid:  18.2	erases:  107 [  3%] 	age:    0	GCcan:1 GCmust:0 GCrd: 0 Special: 0 mode:0 
band: 185	flow: 5	valid:  32.5	erases:   94 [  3%] 	age:    0	GCcan:1 GCmust:0 GCrd: 0 Special: 0 mode:0 
band: 186	flow: 5	valid:  42.0	erases:  100 [  3%] 	age:    1	GCcan:1 GCmust:0 GCrd: 0 Special: 0 mode:0 
band: 187	flow: 5	valid:  22.9	erases:   89 [  2%] 	age:    1	GCcan:1 GCmust:0 GCrd: 0 Special: 0 mode:0 
band: 188	flow:12	valid:   0.0	erases:  116 [  3%] 	age:    0	GCcan:0 GCmust:0 GCrd: 0 Special: 0 mode:0 
band: 189	flow:12	valid:   0.0	erases:  129 [  4%] 	age:    0	GCcan:0 GCmust:0 GCrd: 0 Special: 0 mode:0 
band: 190	flow: 1	valid:  46.4	erases:  114 [  3%] 	age:    0	GCcan:1 GCmust:0 GCrd: 0 Special: 0 mode:0 
band: 191	flow: 5	valid:  69.1	erases:   97 [  3%] 	age:    1	GCcan:1 GCmust:0 GCrd: 0 Special: 0 mode:0 
band: 192	flow: 5	valid:  15.7	erases:  108 [  3%] 	age:    0	GCcan:1 GCmust:0 GCrd: 0 Special: 0 mode:0 
band: 193	flow:20	valid:    NA	erases:  108 [  3%] 	age:    0	GCcan:0 GCmust:0 GCrd: 0 Special: 0 mode:0 
band: 194	flow:12	valid:   0.0	erases:  117 [  3%] 	age:    0	GCcan:0 GCmust:0 GCrd: 0 Special: 0 mode:0 
band: 195	flow: 5	valid:  24.5	erases:   81 [  2%] 	age:    1	GCcan:1 GCmust:0 GCrd: 0 Special: 0 mode:0 
band: 196	flow:20	valid:    NA	erases:   99 [  3%] 	age:    0	GCcan:0 GCmust:0 GCrd: 0 Special: 0 mode:0 
band: 197	flow:12	valid:   0.0	erases:  117 [  3%] 	age:    0	GCcan:0 GCmust:0 GCrd: 0 Special: 0 mode:0 
band: 198	flow:20	valid:    NA	erases:   99 [  3%] 	age:    0	GCcan:0 GCmust:0 GCrd: 0 Special: 0 mode:0 
band: 199	flow: 5	valid:  55.5	erases:  114 [  3%] 	age:    0	GCcan:1 GCmust:0 GCrd: 0 Special: 0 mode:0 
band: 200	flow:12	valid:   0.0	erases:  117 [  3%] 	age:    0	GCcan:0 GCmust:0 GCrd: 0 Special: 0 mode:0 
band: 201	flow: 5	valid:  75.0	erases:  103 [  3%] 	age:    0	GCcan:1 GCmust:0 GCrd: 0 Special: 0 mode:0 
band: 202	flow: 5	valid:  65.4	erases:  113 [  3%] 	age:    0	GCcan:1 GCmust:0 GCrd: 0 Special: 0 mode:0 
band: 203	flow: 5	valid:  16.6	erases:  106 [  3%] 	age:    1	GCcan:1 GCmust:0 GCrd: 0 Special: 0 mode:0 
band: 204	flow: 5	valid:  56.7	erases:  105 [  3%] 	age:    1	GCcan:1 GCmust:0 GCrd: 0 Special: 0 mode:0 
band: 205	flow: 5	valid:  39.9	erases:  116 [  3%] 	age:    0	GCcan:1 GCmust:0 GCrd: 0 Special: 0 mode:0 
band: 206	flow:20	valid:    NA	erases:   92 [  3%] 	age:    0	GCcan:0 GCmust:0 GCrd: 0 Special: 0 mode:0 
band: 207	flow: 5	valid:  20.8	erases:  106 [  3%] 	age:    1	GCcan:1 GCmust:0 GCrd: 0 Special: 0 mode:0 
band: 208	flow: 5	valid:  27.0	erases:   95 [  3%] 	age:    1	GCcan:1 GCmust:0 GCrd: 0 Special: 0 mode:0 
band: 209	flow:12	valid:   0.0	erases:  129 [  4%] 	age:    0	GCcan:0 GCmust:0 GCrd: 0 Special: 0 mode:0 
band: 210	flow: 5	valid:  99.6	erases:   89 [  2%] 	age:    0	GCcan:1 GCmust:0 GCrd: 0 Special: 0 mode:0 
band: 211	flow: 5	valid:  98.3	erases:   82 [  2%] 	age:    1	GCcan:1 GCmust:0 GCrd: 0 Special: 0 mode:0 
band: 212	flow:20	valid:    NA	erases:  104 [  3%] 	age:    0	GCcan:0 GCmust:0 GCrd: 0 Special: 0 mode:0 
band: 213	flow: 5	valid:  95.4	erases:   86 [  2%] 	age:    1	GCcan:1 GCmust:0 GCrd: 0 Special: 0 mode:0 
band: 214	flow: 5	valid:  41.1	erases:  116 [  3%] 	age:    0	GCcan:1 GCmust:0 GCrd: 0 Special: 0 mode:0 
band: 215	flow: 5	valid:  87.9	erases:   86 [  2%] 	age:    1	GCcan:1 GCmust:0 GCrd: 0 Special: 0 mode:0 
band: 216	flow: 5	valid:  60.5	erases:  109 [  3%] 	age:    0	GCcan:1 GCmust:0 GCrd: 0 Special: 0 mode:0 
band: 217	flow:20	valid:    NA	erases:   99 [  3%] 	age:    0	GCcan:0 GCmust:0 GCrd: 0 Special: 0 mode:0 
band: 218	flow: 5	valid:  99.6	erases:  109 [  3%] 	age:    0	GCcan:1 GCmust:0 GCrd: 0 Special: 0 mode:0 
band: 219	flow:20	valid:    NA	erases:   93 [  3%] 	age:    0	GCcan:0 GCmust:0 GCrd: 0 Special: 0 mode:0 
band: 220	flow: 5	valid:  88.6	erases:   91 [  3%] 	age:    1	GCcan:1 GCmust:0 GCrd: 0 Special: 0 mode:0 
band: 221	flow: 5	valid:  63.7	erases:  111 [  3%] 	age:    0	GCcan:1 GCmust:0 GCrd: 0 Special: 0 mode:0 
band: 222	flow:12	valid:   0.0	erases:  121 [  4%] 	age:    0	GCcan:0 GCmust:0 GCrd: 0 Special: 0 mode:0 
band: 223	flow: 5	valid:  25.0	erases:   95 [  3%] 	age:    1	GCcan:1 GCmust:0 GCrd: 0 Special: 0 mode:0 
band: 224	flow: 1	valid:  39.2	erases:  103 [  3%] 	age:    1	GCcan:1 GCmust:0 GCrd: 0 Special: 0 mode:0 
band: 225	flow: 5	valid:  96.7	erases:   96 [  3%] 	age:    1	GCcan:1 GCmust:0 GCrd: 0 Special: 0 mode:0 
band: 226	flow: 5	valid:  67.2	erases:  100 [  3%] 	age:    1	GCcan:1 GCmust:0 GCrd: 0 Special: 0 mode:0 
band: 227	flow: 5	valid:  48.9	erases:   86 [  2%] 	age:    1	GCcan:1 GCmust:0 GCrd: 0 Special: 0 mode:0 
band: 228	flow: 5	valid:  39.9	erases:   97 [  3%] 	age:    1	GCcan:1 GCmust:0 GCrd: 0 Special: 0 mode:0 
band: 229	flow: 5	valid:  99.6	erases:  115 [  3%] 	age:    0	GCcan:1 GCmust:0 GCrd: 0 Special: 0 mode:0 
band: 230	flow: 5	valid:  20.1	erases:   77 [  2%] 	age:    0	GCcan:1 GCmust:0 GCrd: 0 Special: 0 mode:0 
band: 231	flow: 7	valid:  99.6	erases:  130 [  4%] 	age:    0	GCcan:1 GCmust:0 GCrd: 0 Special: 0 mode:0 
band: 232	flow: 5	valid:  24.2	erases:  114 [  3%] 	age:    0	GCcan:1 GCmust:0 GCrd: 0 Special: 0 mode:0 
band: 233	flow:20	valid:    NA	erases:  112 [  3%] 	age:    0	GCcan:0 GCmust:0 GCrd: 0 Special: 0 mode:0 
band: 234	flow:12	valid:   0.0	erases:  116 [  3%] 	age:    0	GCcan:0 GCmust:0 GCrd: 0 Special: 0 mode:0 
band: 235	flow: 5	valid:  69.2	erases:  110 [  3%] 	age:    0	GCcan:1 GCmust:0 GCrd: 0 Special: 0 mode:0 
band: 236	flow:12	valid:   0.0	erases:  121 [  4%] 	age:    0	GCcan:0 GCmust:0 GCrd: 0 Special: 0 mode:0 
band: 237	flow: 5	valid:  99.6	erases:   88 [  2%] 	age:    0	GCcan:1 GCmust:0 GCrd: 0 Special: 0 mode:0 
band: 238	flow:20	valid:    NA	erases:  104 [  3%] 	age:    0	GCcan:0 GCmust:0 GCrd: 0 Special: 0 mode:0 
band: 239	flow: 5	valid:  31.4	erases:  108 [  3%] 	age:    0	GCcan:1 GCmust:0 GCrd: 0 Special: 0 mode:0 
band: 240	flow:12	valid:   0.0	erases:  120 [  4%] 	age:    0	GCcan:0 GCmust:0 GCrd: 0 Special: 0 mode:0 
band: 241	flow: 5	valid:  28.6	erases:  102 [  3%] 	age:    1	GCcan:1 GCmust:0 GCrd: 0 Special: 0 mode:0 
band: 242	flow: 5	valid:  55.5	erases:  113 [  3%] 	age:    0	GCcan:1 GCmust:0 GCrd: 0 Special: 0 mode:0 
band: 243	flow:12	valid:   0.0	erases:  120 [  4%] 	age:    0	GCcan:0 GCmust:0 GCrd: 0 Special: 0 mode:0 
band: 244	flow:12	valid:   0.0	erases:  116 [  3%] 	age:    0	GCcan:0 GCmust:0 GCrd: 0 Special: 0 mode:0 
band: 245	flow:12	valid:   0.0	erases:  116 [  3%] 	age:    0	GCcan:0 GCmust:0 GCrd: 0 Special: 0 mode:0 
band: 246	flow: 5	valid:  96.6	erases:   88 [  2%] 	age:    1	GCcan:1 GCmust:0 GCrd: 0 Special: 0 mode:0 
band: 247	flow: 5	valid:  84.5	erases:  116 [  3%] 	age:    0	GCcan:1 GCmust:0 GCrd: 0 Special: 0 mode:0 
band: 248	flow:12	valid:   0.0	erases:  120 [  4%] 	age:    0	GCcan:0 GCmust:0 GCrd: 0 Special: 0 mode:0 
band: 249	flow: 5	valid:  64.1	erases:  115 [  3%] 	age:    0	GCcan:1 GCmust:0 GCrd: 0 Special: 0 mode:0 
band: 250	flow:12	valid:   0.0	erases:  122 [  4%] 	age:    0	GCcan:0 GCmust:0 GCrd: 0 Special: 0 mode:0 
band: 251	flow: 5	valid:  88.9	erases:   92 [  3%] 	age:    1	GCcan:1 GCmust:0 GCrd: 0 Special: 0 mode:0 
band: 252	flow: 7	valid:  88.8	erases:  133 [  4%] 	age:    1	GCcan:1 GCmust:0 GCrd: 0 Special: 0 mode:0 
band: 253	flow: 5	valid:  18.1	erases:  116 [  3%] 	age:    0	GCcan:1 GCmust:0 GCrd: 0 Special: 0 mode:0 
band: 254	flow: 5	valid:  30.2	erases:  104 [  3%] 	age:    1	GCcan:1 GCmust:0 GCrd: 0 Special: 0 mode:0 
band: 255	flow: 5	valid:  79.6	erases:   87 [  2%] 	age:    1	GCcan:1 GCmust:0 GCrd: 0 Special: 0 mode:0 
band: 256	flow:12	valid:   0.0	erases:  119 [  3%] 	age:    0	GCcan:0 GCmust:0 GCrd: 0 Special: 0 mode:0 
band: 257	flow: 5	valid:  99.4	erases:  104 [  3%] 	age:    1	GCcan:1 GCmust:0 GCrd: 0 Special: 0 mode:0 
band: 258	flow:12	valid:   0.0	erases:  119 [  3%] 	age:    0	GCcan:0 GCmust:0 GCrd: 0 Special: 0 mode:0 
band: 259	flow:20	valid:    NA	erases:  112 [  3%] 	age:    0	GCcan:0 GCmust:0 GCrd: 0 Special: 0 mode:0 
band: 260	flow: 5	valid:  32.4	erases:  110 [  3%] 	age:    0	GCcan:1 GCmust:0 GCrd: 0 Special: 0 mode:0 
band: 261	flow: 5	valid:  53.7	erases:  111 [  3%] 	age:    0	GCcan:1 GCmust:0 GCrd: 0 Special: 0 mode:0 
band: 262	flow:20	valid:    NA	erases:  103 [  3%] 	age:    0	GCcan:0 GCmust:0 GCrd: 0 Special: 0 mode:0 
band: 263	flow: 5	valid:  99.5	erases:  106 [  3%] 	age:    1	GCcan:1 GCmust:0 GCrd: 0 Special: 0 mode:0 
band: 264	flow: 1	valid:  34.3	erases:  104 [  3%] 	age:    0	GCcan:1 GCmust:0 GCrd: 0 Special: 0 mode:0 
band: 265	flow:12	valid:   0.0	erases:  119 [  3%] 	age:    0	GCcan:0 GCmust:0 GCrd: 0 Special: 0 mode:0 
band: 266	flow: 5	valid:  78.8	erases:   82 [  2%] 	age:    1	GCcan:1 GCmust:0 GCrd: 0 Special: 0 mode:0 
band: 267	flow: 5	valid:  54.6	erases:   90 [  3%] 	age:    1	GCcan:1 GCmust:0 GCrd: 0 Special: 0 mode:0 
band: 268	flow: 5	valid:  45.8	erases:   88 [  2%] 	age:    0	GCcan:1 GCmust:0 GCrd: 0 Special: 0 mode:0 
band: 269	flow:20	valid:    NA	erases:   96 [  3%] 	age:    0	GCcan:0 GCmust:0 GCrd: 0 Special: 0 mode:0 
band: 270	flow:20	valid:    NA	erases:   79 [  2%] 	age:    0	GCcan:0 GCmust:0 GCrd: 0 Special: 0 mode:0 
band: 271	flow:12	valid:   0.0	erases:  120 [  4%] 	age:    0	GCcan:0 GCmust:0 GCrd: 0 Special: 0 mode:0 
band: 272	flow: 5	valid:  20.0	erases:  101 [  3%] 	age:    1	GCcan:1 GCmust:0 GCrd: 0 Special: 0 mode:0 
band: 273	flow: 5	valid:  31.8	erases:  101 [  3%] 	age:    0	GCcan:1 GCmust:0 GCrd: 0 Special: 0 mode:0 
band: 274	flow:12	valid:   0.0	erases:  116 [  3%] 	age:    0	GCcan:0 GCmust:0 GCrd: 0 Special: 0 mode:0 
band: 275	flow: 5	valid:  95.2	erases:   96 [  3%] 	age:    1	GCcan:1 GCmust:0 GCrd: 0 Special: 0 mode:0 
band: 276	flow: 5	valid:  93.8	erases:  107 [  3%] 	age:    0	GCcan:1 GCmust:0 GCrd: 0 Special: 0 mode:0 
band: 277	flow: 5	valid:  92.3	erases:  120 [  4%] 	age:    1	GCcan:1 GCmust:0 GCrd: 0 Special: 0 mode:0 
band: 278	flow: 5	valid:  56.1	erases:   95 [  3%] 	age:    0	GCcan:1 GCmust:0 GCrd: 0 Special: 0 mode:0 
band: 279	flow: 5	valid:  43.2	erases:  113 [  3%] 	age:    0	GCcan:1 GCmust:0 GCrd: 0 Special: 0 mode:0 
band: 280	flow: 5	valid:  60.3	erases:  110 [  3%] 	age:    0	GCcan:1 GCmust:0 GCrd: 0 Special: 0 mode:0 
band: 281	flow: 5	valid:  99.4	erases:   96 [  3%] 	age:    1	GCcan:1 GCmust:0 GCrd: 0 Special: 0 mode:0 
band: 282	flow: 5	valid:  99.6	erases:   77 [  2%] 	age:    1	GCcan:1 GCmust:0 GCrd: 0 Special: 0 mode:0 
band: 283	flow: 5	valid:  16.5	erases:   93 [  3%] 	age:    1	GCcan:1 GCmust:0 GCrd: 0 Special: 0 mode:0 
band: 284	flow: 5	valid:  93.1	erases:  109 [  3%] 	age:    0	GCcan:1 GCmust:0 GCrd: 0 Special: 0 mode:0 
band: 285	flow:12	valid:   0.0	erases:  124 [  4%] 	age:    0	GCcan:0 GCmust:0 GCrd: 0 Special: 0 mode:0 
band: 286	flow: 5	valid:  99.6	erases:  103 [  3%] 	age:    1	GCcan:1 GCmust:0 GCrd: 0 Special: 0 mode:0 
band: 287	flow: 5	valid:  93.1	erases:  101 [  3%] 	age:    0	GCcan:1 GCmust:0 GCrd: 0 Special: 0 mode:0 
band: 288	flow: 5	valid:  23.8	erases:   82 [  2%] 	age:    0	GCcan:1 GCmust:0 GCrd: 0 Special: 0 mode:0 
band: 289	flow: 5	valid:  33.1	erases:  109 [  3%] 	age:    0	GCcan:1 GCmust:0 GCrd: 0 Special: 0 mode:0 
band: 290	flow: 5	valid:  17.9	erases:  108 [  3%] 	age:    1	GCcan:1 GCmust:0 GCrd: 0 Special: 0 mode:0 
band: 291	flow:12	valid:   0.0	erases:  116 [  3%] 	age:    0	GCcan:0 GCmust:0 GCrd: 0 Special: 0 mode:0 
band: 292	flow: 5	valid:  62.6	erases:   82 [  2%] 	age:    1	GCcan:1 GCmust:0 GCrd: 0 Special: 0 mode:0 
band: 293	flow:12	valid:   0.0	erases:  108 [  3%] 	age:    0	GCcan:0 GCmust:0 GCrd: 0 Special: 0 mode:0 
band: 294	flow: 5	valid:  91.1	erases:   90 [  3%] 	age:    1	GCcan:1 GCmust:0 GCrd: 0 Special: 0 mode:0 
band: 295	flow: 5	valid:  19.3	erases:  108 [  3%] 	age:    0	GCcan:1 GCmust:0 GCrd: 0 Special: 0 mode:0 
band: 296	flow: 5	valid:  29.1	erases:  109 [  3%] 	age:    0	GCcan:1 GCmust:0 GCrd: 0 Special: 0 mode:0 
band: 297	flow: 5	valid:  69.9	erases:   90 [  3%] 	age:    1	GCcan:1 GCmust:0 GCrd: 0 Special: 0 mode:0 
band: 298	flow: 5	valid:  21.3	erases:   95 [  3%] 	age:    1	GCcan:1 GCmust:0 GCrd: 0 Special: 0 mode:0 
band: 299	flow: 5	valid:  48.0	erases:   88 [  2%] 	age:    1	GCcan:1 GCmust:0 GCrd: 0 Special: 0 mode:0 
band: 300	flow: 5	valid:  46.4	erases:   89 [  2%] 	age:    1	GCcan:1 GCmust:0 GCrd: 0 Special: 0 mode:0 
band: 301	flow:12	valid:   0.0	erases:  117 [  3%] 	age:    0	GCcan:0 GCmust:0 GCrd: 0 Special: 0 mode:0 
band: 302	flow:12	valid:   0.0	erases:  128 [  4%] 	age:    0	GCcan:0 GCmust:0 GCrd: 0 Special: 0 mode:0 
band: 303	flow:12	valid:   0.0	erases:  119 [  3%] 	age:    0	GCcan:0 GCmust:0 GCrd: 0 Special: 0 mode:0 
band: 304	flow: 5	valid:  99.3	erases:  116 [  3%] 	age:    0	GCcan:1 GCmust:0 GCrd: 0 Special: 0 mode:0 
band: 305	flow:12	valid:   0.0	erases:  119 [  3%] 	age:    0	GCcan:0 GCmust:0 GCrd: 0 Special: 0 mode:0 
band: 306	flow: 5	valid:  26.8	erases:   97 [  3%] 	age:    0	GCcan:1 GCmust:0 GCrd: 0 Special: 0 mode:0 
band: 307	flow: 5	valid:  68.0	erases:   98 [  3%] 	age:    1	GCcan:1 GCmust:0 GCrd: 0 Special: 0 mode:0 
band: 308	flow:12	valid:   0.0	erases:  126 [  4%] 	age:    0	GCcan:0 GCmust:0 GCrd: 0 Special: 0 mode:0 
band: 309	flow: 5	valid:  44.0	erases:   90 [  3%] 	age:    1	GCcan:1 GCmust:0 GCrd: 0 Special: 0 mode:0 
band: 310	flow: 5	valid:  99.5	erases:   94 [  3%] 	age:    1	GCcan:1 GCmust:0 GCrd: 0 Special: 0 mode:0 
band: 311	flow: 5	valid:  33.5	erases:  117 [  3%] 	age:    0	GCcan:1 GCmust:0 GCrd: 0 Special: 0 mode:0 
band: 312	flow: 5	valid:  27.9	erases:  113 [  3%] 	age:    0	GCcan:1 GCmust:0 GCrd: 0 Special: 0 mode:0 
band: 313	flow: 5	valid:  33.2	erases:   86 [  2%] 	age:    1	GCcan:1 GCmust:0 GCrd: 0 Special: 0 mode:0 
band: 314	flow: 5	valid:  55.4	erases:  114 [  3%] 	age:    0	GCcan:1 GCmust:0 GCrd: 0 Special: 0 mode:0 
band: 315	flow:20	valid:    NA	erases:   96 [  3%] 	age:    0	GCcan:0 GCmust:0 GCrd: 0 Special: 0 mode:0 
band: 316	flow: 5	valid:  27.3	erases:   95 [  3%] 	age:    1	GCcan:1 GCmust:0 GCrd: 0 Special: 0 mode:0 
band: 317	flow: 5	valid:  94.0	erases:   81 [  2%] 	age:    1	GCcan:1 GCmust:0 GCrd: 0 Special: 0 mode:0 
band: 318	flow: 5	valid:  80.1	erases:   84 [  2%] 	age:    0	GCcan:1 GCmust:0 GCrd: 0 Special: 0 mode:0 
band: 319	flow: 5	valid:  99.6	erases:  109 [  3%] 	age:    0	GCcan:1 GCmust:0 GCrd: 0 Special: 0 mode:0 
band: 320	flow:20	valid:    NA	erases:   77 [  2%] 	age:    0	GCcan:0 GCmust:0 GCrd: 0 Special: 0 mode:0 
band: 321	flow: 5	valid:  17.5	erases:  106 [  3%] 	age:    1	GCcan:1 GCmust:0 GCrd: 0 Special: 0 mode:0 
band: 322	flow: 5	valid:  65.6	erases:  116 [  3%] 	age:    0	GCcan:1 GCmust:0 GCrd: 0 Special: 0 mode:0 
band: 323	flow:20	valid:    NA	erases:  114 [  3%] 	age:    0	GCcan:0 GCmust:0 GCrd: 0 Special: 0 mode:0 
band: 324	flow: 5	valid:  27.3	erases:   85 [  2%] 	age:    1	GCcan:1 GCmust:0 GCrd: 0 Special: 0 mode:0 
band: 325	flow:12	valid:   0.0	erases:  121 [  4%] 	age:    0	GCcan:0 GCmust:0 GCrd: 0 Special: 0 mode:0 
band: 326	flow:12	valid:   0.0	erases:  124 [  4%] 	age:    0	GCcan:0 GCmust:0 GCrd: 0 Special: 0 mode:0 
band: 327	flow:20	valid:    NA	erases:   83 [  2%] 	age:    0	GCcan:0 GCmust:0 GCrd: 0 Special: 0 mode:0 
band: 328	flow: 5	valid:  25.7	erases:   98 [  3%] 	age:    1	GCcan:1 GCmust:0 GCrd: 0 Special: 0 mode:0 
band: 329	flow: 5	valid:  49.5	erases:   86 [  2%] 	age:    1	GCcan:1 GCmust:0 GCrd: 0 Special: 0 mode:0 
band: 330	flow:20	valid:    NA	erases:   76 [  2%] 	age:    0	GCcan:0 GCmust:0 GCrd: 0 Special: 0 mode:0 
band: 331	flow: 5	valid:  24.1	erases:  113 [  3%] 	age:    0	GCcan:1 GCmust:0 GCrd: 0 Special: 0 mode:0 
band: 332	flow: 5	valid:  55.5	erases:   90 [  3%] 	age:    1	GCcan:1 GCmust:0 GCrd: 0 Special: 0 mode:0 
band: 333	flow: 5	valid:  86.6	erases:  115 [  3%] 	age:    0	GCcan:1 GCmust:0 GCrd: 0 Special: 0 mode:0 
band: 334	flow: 5	valid:  36.8	erases:  111 [  3%] 	age:    0	GCcan:1 GCmust:0 GCrd: 0 Special: 0 mode:0 
band: 335	flow: 5	valid:  28.3	erases:   89 [  2%] 	age:    1	GCcan:1 GCmust:0 GCrd: 0 Special: 0 mode:0 
band: 336	flow: 5	valid:  23.3	erases:   96 [  3%] 	age:    1	GCcan:1 GCmust:0 GCrd: 0 Special: 0 mode:0 
band: 337	flow:12	valid:   0.0	erases:  129 [  4%] 	age:    0	GCcan:0 GCmust:0 GCrd: 0 Special: 0 mode:0 
band: 338	flow: 5	valid:  55.7	erases:  102 [  3%] 	age:    1	GCcan:1 GCmust:0 GCrd: 0 Special: 0 mode:0 
band: 339	flow: 5	valid:  19.7	erases:  102 [  3%] 	age:    1	GCcan:1 GCmust:0 GCrd: 0 Special: 0 mode:0 
band: 340	flow: 5	valid:  35.6	erases:   91 [  3%] 	age:    1	GCcan:1 GCmust:0 GCrd: 0 Special: 0 mode:0 
band: 341	flow: 5	valid:  43.0	erases:   85 [  2%] 	age:    1	GCcan:1 GCmust:0 GCrd: 0 Special: 0 mode:0 
band: 342	flow:12	valid:   0.0	erases:  106 [  3%] 	age:    0	GCcan:0 GCmust:0 GCrd: 0 Special: 0 mode:0 
band: 343	flow:12	valid:   0.0	erases:  116 [  3%] 	age:    0	GCcan:0 GCmust:0 GCrd: 0 Special: 0 mode:0 
band: 344	flow: 5	valid:  32.4	erases:   80 [  2%] 	age:    1	GCcan:1 GCmust:0 GCrd: 0 Special: 0 mode:0 
band: 345	flow: 5	valid:  83.2	erases:  113 [  3%] 	age:    0	GCcan:1 GCmust:0 GCrd: 0 Special: 0 mode:0 
band: 346	flow: 5	valid:  95.8	erases:   85 [  2%] 	age:    1	GCcan:1 GCmust:0 GCrd: 0 Special: 0 mode:0 
band: 347	flow: 5	valid:  79.4	erases:   85 [  2%] 	age:    1	GCcan:1 GCmust:0 GCrd: 0 Special: 0 mode:0 
band: 348	flow: 5	valid:  48.8	erases:   91 [  3%] 	age:    1	GCcan:1 GCmust:0 GCrd: 0 Special: 0 mode:0 
band: 349	flow:12	valid:   0.0	erases:  116 [  3%] 	age:    0	GCcan:0 GCmust:0 GCrd: 0 Special: 0 mode:0 
band: 350	flow: 7	valid:  99.2	erases:  135 [  4%] 	age:    0	GCcan:1 GCmust:0 GCrd: 0 Special: 0 mode:0 
band: 351	flow: 5	valid:  30.8	erases:  103 [  3%] 	age:    1	GCcan:1 GCmust:0 GCrd: 0 Special: 0 mode:0 
band: 352	flow:12	valid:   0.0	erases:  117 [  3%] 	age:    0	GCcan:0 GCmust:0 GCrd: 0 Special: 0 mode:0 
band: 353	flow: 5	valid:  19.9	erases:  102 [  3%] 	age:    1	GCcan:1 GCmust:0 GCrd: 0 Special: 0 mode:0 
band: 354	flow: 5	valid:  21.6	erases:   95 [  3%] 	age:    1	GCcan:1 GCmust:0 GCrd: 0 Special: 0 mode:0 
band: 355	flow:12	valid:   0.0	erases:  117 [  3%] 	age:    0	GCcan:0 GCmust:0 GCrd: 0 Special: 0 mode:0 
band: 356	flow:20	valid:    NA	erases:  103 [  3%] 	age:    0	GCcan:0 GCmust:0 GCrd: 0 Special: 0 mode:0 
band: 357	flow: 5	valid:  15.9	erases:  114 [  3%] 	age:    0	GCcan:1 GCmust:0 GCrd: 0 Special: 0 mode:0 
band: 358	flow:20	valid:    NA	erases:  114 [  3%] 	age:    0	GCcan:0 GCmust:0 GCrd: 0 Special: 0 mode:0 
band: 359	flow: 5	valid:  35.0	erases:   88 [  2%] 	age:    1	GCcan:1 GCmust:0 GCrd: 0 Special: 0 mode:0 
band: 360	flow:12	valid:   0.0	erases:  120 [  4%] 	age:    0	GCcan:0 GCmust:0 GCrd: 0 Special: 0 mode:0 
band: 361	flow: 5	valid:  46.8	erases:   89 [  2%] 	age:    1	GCcan:1 GCmust:0 GCrd: 0 Special: 0 mode:0 
band: 362	flow: 1	valid:  16.1	erases:  109 [  3%] 	age:    0	GCcan:1 GCmust:0 GCrd: 0 Special: 0 mode:0 
band: 363	flow: 6	valid:   6.0	erases:   89 [  2%] 	age:    1	GCcan:1 GCmust:0 GCrd: 0 Special: 0 mode:0 
band: 364	flow: 5	valid:  61.1	erases:  101 [  3%] 	age:    1	GCcan:1 GCmust:0 GCrd: 0 Special: 0 mode:0 
band: 365	flow: 5	valid:  99.1	erases:  109 [  3%] 	age:    0	GCcan:1 GCmust:0 GCrd: 0 Special: 0 mode:0 
band: 366	flow: 5	valid:  22.5	erases:  113 [  3%] 	age:    0	GCcan:1 GCmust:0 GCrd: 0 Special: 0 mode:0 
band: 367	flow:12	valid:   0.0	erases:  116 [  3%] 	age:    0	GCcan:0 GCmust:0 GCrd: 0 Special: 0 mode:0 
band: 368	flow:20	valid:    NA	erases:   99 [  3%] 	age:    0	GCcan:0 GCmust:0 GCrd: 0 Special: 0 mode:0 
band: 369	flow:12	valid:   0.0	erases:  117 [  3%] 	age:    0	GCcan:0 GCmust:0 GCrd: 0 Special: 0 mode:0 
band: 370	flow: 6	valid:  25.0	erases:  112 [  3%] 	age:    1	GCcan:1 GCmust:0 GCrd: 0 Special: 0 mode:0 
band: 371	flow: 1	valid:  16.0	erases:  112 [  3%] 	age:    0	GCcan:1 GCmust:0 GCrd: 0 Special: 0 mode:0 
band: 372	flow:12	valid:   0.0	erases:  121 [  4%] 	age:    0	GCcan:0 GCmust:0 GCrd: 0 Special: 0 mode:0 
band: 373	flow: 5	valid:  17.5	erases:  101 [  3%] 	age:    1	GCcan:1 GCmust:0 GCrd: 0 Special: 0 mode:0 
band: 374	flow:12	valid:   0.0	erases:  117 [  3%] 	age:    0	GCcan:0 GCmust:0 GCrd: 0 Special: 0 mode:0 
band: 375	flow:12	valid:   0.0	erases:  117 [  3%] 	age:    0	GCcan:0 GCmust:0 GCrd: 0 Special: 0 mode:0 
band: 376	flow: 5	valid:  88.3	erases:   89 [  2%] 	age:    0	GCcan:1 GCmust:0 GCrd: 0 Special: 0 mode:0 
band: 377	flow: 5	valid:  39.3	erases:  109 [  3%] 	age:    0	GCcan:1 GCmust:0 GCrd: 0 Special: 0 mode:0 
band: 378	flow: 5	valid:  19.0	erases:   85 [  2%] 	age:    0	GCcan:1 GCmust:0 GCrd: 0 Special: 0 mode:0 
band: 379	flow:20	valid:    NA	erases:  111 [  3%] 	age:    0	GCcan:0 GCmust:0 GCrd: 0 Special: 0 mode:0 
band: 380	flow: 5	valid:  91.8	erases:   99 [  3%] 	age:    1	GCcan:1 GCmust:0 GCrd: 0 Special: 0 mode:0 
band: 381	flow:20	valid:    NA	erases:  110 [  3%] 	age:    0	GCcan:0 GCmust:0 GCrd: 0 Special: 0 mode:0 
band: 382	flow: 5	valid:  89.4	erases:   92 [  3%] 	age:    1	GCcan:1 GCmust:0 GCrd: 0 Special: 0 mode:0 
band: 383	flow: 5	valid:  66.5	erases:   85 [  2%] 	age:    1	GCcan:1 GCmust:0 GCrd: 0 Special: 0 mode:0 
band: 384	flow: 5	valid:  66.3	erases:   79 [  2%] 	age:    1	GCcan:1 GCmust:0 GCrd: 0 Special: 0 mode:0 
band: 385	flow:20	valid:    NA	erases:  103 [  3%] 	age:    0	GCcan:0 GCmust:0 GCrd: 0 Special: 0 mode:0 
band: 386	flow: 5	valid:  99.6	erases:  104 [  3%] 	age:    0	GCcan:1 GCmust:0 GCrd: 0 Special: 0 mode:0 
band: 387	flow: 5	valid:  99.5	erases:  110 [  3%] 	age:    0	GCcan:1 GCmust:0 GCrd: 0 Special: 0 mode:0 
band: 388	flow: 5	valid:  21.5	erases:  107 [  3%] 	age:    0	GCcan:1 GCmust:0 GCrd: 0 Special: 0 mode:0 
band: 389	flow: 5	valid:  75.2	erases:   75 [  2%] 	age:    1	GCcan:1 GCmust:0 GCrd: 0 Special: 0 mode:0 
band: 390	flow: 5	valid:  95.3	erases:   88 [  2%] 	age:    1	GCcan:1 GCmust:0 GCrd: 0 Special: 0 mode:0 
band: 391	flow: 5	valid:  78.4	erases:  102 [  3%] 	age:    1	GCcan:1 GCmust:0 GCrd: 0 Special: 0 mode:0 
band: 392	flow: 5	valid:  38.5	erases:   95 [  3%] 	age:    1	GCcan:1 GCmust:0 GCrd: 0 Special: 0 mode:0 
band: 393	flow:12	valid:   0.0	erases:  119 [  3%] 	age:    0	GCcan:0 GCmust:0 GCrd: 0 Special: 0 mode:0 
band: 394	flow: 5	valid:  83.7	erases:   89 [  2%] 	age:    1	GCcan:1 GCmust:0 GCrd: 0 Special: 0 mode:0 
band: 395	flow: 1	valid:  25.9	erases:  111 [  3%] 	age:    0	GCcan:1 GCmust:0 GCrd: 0 Special: 0 mode:0 
band: 396	flow: 6	valid:  28.4	erases:  125 [  4%] 	age:    1	GCcan:1 GCmust:0 GCrd: 0 Special: 0 mode:0 
band: 397	flow: 5	valid:  86.9	erases:  115 [  3%] 	age:    0	GCcan:1 GCmust:0 GCrd: 0 Special: 0 mode:0 
band: 398	flow:20	valid:    NA	erases:  111 [  3%] 	age:    0	GCcan:0 GCmust:0 GCrd: 0 Special: 0 mode:0 
band: 399	flow:12	valid:   0.0	erases:  116 [  3%] 	age:    0	GCcan:0 GCmust:0 GCrd: 0 Special: 0 mode:0 
band: 400	flow: 5	valid:  22.3	erases:   93 [  3%] 	age:    1	GCcan:1 GCmust:0 GCrd: 0 Special: 0 mode:0 
band: 401	flow: 5	valid:  46.0	erases:  113 [  3%] 	age:    0	GCcan:1 GCmust:0 GCrd: 0 Special: 0 mode:0 
band: 402	flow: 5	valid:  77.0	erases:   99 [  3%] 	age:    0	GCcan:1 GCmust:0 GCrd: 0 Special: 0 mode:0 
band: 403	flow: 5	valid:  82.7	erases:   81 [  2%] 	age:    1	GCcan:1 GCmust:0 GCrd: 0 Special: 0 mode:0 
band: 404	flow:12	valid:   0.0	erases:  122 [  4%] 	age:    0	GCcan:0 GCmust:0 GCrd: 0 Special: 0 mode:0 
band: 405	flow:12	valid:   0.0	erases:  116 [  3%] 	age:    0	GCcan:0 GCmust:0 GCrd: 0 Special: 0 mode:0 
band: 406	flow:12	valid:   0.0	erases:  126 [  4%] 	age:    0	GCcan:0 GCmust:0 GCrd: 0 Special: 0 mode:0 
band: 407	flow:12	valid:   0.0	erases:  129 [  4%] 	age:    0	GCcan:0 GCmust:0 GCrd: 0 Special: 0 mode:0 
band: 408	flow: 5	valid:  98.8	erases:  117 [  3%] 	age:    0	GCcan:1 GCmust:0 GCrd: 0 Special: 0 mode:0 
band: 409	flow:12	valid:   0.0	erases:  118 [  3%] 	age:    0	GCcan:0 GCmust:0 GCrd: 0 Special: 0 mode:0 
band: 410	flow: 6	valid:  41.6	erases:  123 [  4%] 	age:    1	GCcan:1 GCmust:0 GCrd: 0 Special: 0 mode:0 
band: 411	flow: 5	valid:  17.8	erases:  107 [  3%] 	age:    1	GCcan:1 GCmust:0 GCrd: 0 Special: 0 mode:0 
band: 412	flow:20	valid:    NA	erases:  112 [  3%] 	age:    0	GCcan:0 GCmust:0 GCrd: 0 Special: 0 mode:0 
band: 413	flow:12	valid:   0.0	erases:  116 [  3%] 	age:    0	GCcan:0 GCmust:0 GCrd: 0 Special: 0 mode:0 
band: 414	flow: 5	valid:  99.6	erases:  100 [  3%] 	age:    0	GCcan:1 GCmust:0 GCrd: 0 Special: 0 mode:0 
band: 415	flow: 6	valid:  34.4	erases:   93 [  3%] 	age:    1	GCcan:1 GCmust:0 GCrd: 0 Special: 0 mode:0 
band: 416	flow: 5	valid:  87.8	erases:   99 [  3%] 	age:    1	GCcan:1 GCmust:0 GCrd: 0 Special: 0 mode:0 
band: 417	flow: 5	valid:  67.6	erases:   88 [  2%] 	age:    1	GCcan:1 GCmust:0 GCrd: 0 Special: 0 mode:0 
band: 418	flow:12	valid:   0.0	erases:  117 [  3%] 	age:    0	GCcan:0 GCmust:0 GCrd: 0 Special: 0 mode:0 
band: 419	flow:12	valid:   0.0	erases:  120 [  4%] 	age:    0	GCcan:0 GCmust:0 GCrd: 0 Special: 0 mode:0 
band: 420	flow:12	valid:   0.0	erases:  116 [  3%] 	age:    0	GCcan:0 GCmust:0 GCrd: 0 Special: 0 mode:0 
band: 421	flow: 5	valid:  40.5	erases:   86 [  2%] 	age:    1	GCcan:1 GCmust:0 GCrd: 0 Special: 0 mode:0 
band: 422	flow:12	valid:   0.0	erases:  117 [  3%] 	age:    0	GCcan:0 GCmust:0 GCrd: 0 Special: 0 mode:0 
band: 423	flow: 5	valid:  20.0	erases:  110 [  3%] 	age:    0	GCcan:1 GCmust:0 GCrd: 0 Special: 0 mode:0 
band: 424	flow: 5	valid:  96.1	erases:   84 [  2%] 	age:    1	GCcan:1 GCmust:0 GCrd: 0 Special: 0 mode:0 
band: 425	flow: 5	valid:  25.6	erases:   89 [  2%] 	age:    1	GCcan:1 GCmust:0 GCrd: 0 Special: 0 mode:0 
band: 426	flow: 5	valid:  61.4	erases:   90 [  3%] 	age:    1	GCcan:1 GCmust:0 GCrd: 0 Special: 0 mode:0 
band: 427	flow:12	valid:   0.0	erases:  120 [  4%] 	age:    0	GCcan:0 GCmust:0 GCrd: 0 Special: 0 mode:0 
band: 428	flow: 5	valid:  17.0	erases:   89 [  2%] 	age:    0	GCcan:1 GCmust:0 GCrd: 0 Special: 0 mode:0 
band: 429	flow:20	valid:    NA	erases:   92 [  3%] 	age:    0	GCcan:0 GCmust:0 GCrd: 0 Special: 0 mode:0 
band: 430	flow: 5	valid:  16.8	erases:  106 [  3%] 	age:    1	GCcan:1 GCmust:0 GCrd: 0 Special: 0 mode:0 
band: 431	flow:20	valid:    NA	erases:   94 [  3%] 	age:    0	GCcan:0 GCmust:0 GCrd: 0 Special: 0 mode:0 
band: 432	flow:20	valid:    NA	erases:   93 [  3%] 	age:    0	GCcan:0 GCmust:0 GCrd: 0 Special: 0 mode:0 
band: 433	flow:12	valid:   0.0	erases:  126 [  4%] 	age:    0	GCcan:0 GCmust:0 GCrd: 0 Special: 0 mode:0 
band: 434	flow:20	valid:    NA	erases:  107 [  3%] 	age:    0	GCcan:0 GCmust:0 GCrd: 0 Special: 0 mode:0 
band: 435	flow:12	valid:   0.0	erases:  117 [  3%] 	age:    0	GCcan:0 GCmust:0 GCrd: 0 Special: 0 mode:0 
band: 436	flow: 5	valid:  35.7	erases:  107 [  3%] 	age:    0	GCcan:1 GCmust:0 GCrd: 0 Special: 0 mode:0 
band: 437	flow:20	valid:    NA	erases:   84 [  2%] 	age:    0	GCcan:0 GCmust:0 GCrd: 0 Special: 0 mode:0 
band: 438	flow: 5	valid:  40.1	erases:   83 [  2%] 	age:    1	GCcan:1 GCmust:0 GCrd: 0 Special: 0 mode:0 
band: 439	flow:12	valid:   0.0	erases:  118 [  3%] 	age:    0	GCcan:0 GCmust:0 GCrd: 0 Special: 0 mode:0 
band: 440	flow: 5	valid:  51.1	erases:  111 [  3%] 	age:    1	GCcan:1 GCmust:0 GCrd: 0 Special: 0 mode:0 
band: 441	flow: 5	valid:  22.9	erases:   94 [  3%] 	age:    1	GCcan:1 GCmust:0 GCrd: 0 Special: 0 mode:0 
band: 442	flow:12	valid:   0.0	erases:  121 [  4%] 	age:    0	GCcan:0 GCmust:0 GCrd: 0 Special: 0 mode:0 
band: 443	flow: 5	valid:  59.6	erases:  110 [  3%] 	age:    0	GCcan:1 GCmust:0 GCrd: 0 Special: 0 mode:0 
band: 444	flow:12	valid:   0.0	erases:  118 [  3%] 	age:    0	GCcan:0 GCmust:0 GCrd: 0 Special: 0 mode:0 
band: 445	flow: 5	valid:  24.8	erases:  102 [  3%] 	age:    0	GCcan:1 GCmust:0 GCrd: 0 Special: 0 mode:0 
band: 446	flow: 5	valid:  27.4	erases:  114 [  3%] 	age:    0	GCcan:1 GCmust:0 GCrd: 0 Special: 0 mode:0 
band: 447	flow: 5	valid:  99.6	erases:   90 [  3%] 	age:    0	GCcan:1 GCmust:0 GCrd: 0 Special: 0 mode:0 
band: 448	flow: 5	valid:  53.8	erases:   75 [  2%] 	age:    1	GCcan:1 GCmust:0 GCrd: 0 Special: 0 mode:0 
band: 449	flow:20	valid:    NA	erases:  112 [  3%] 	age:    0	GCcan:0 GCmust:0 GCrd: 0 Special: 0 mode:0 
band: 450	flow: 5	valid:  22.4	erases:   78 [  2%] 	age:    0	GCcan:1 GCmust:0 GCrd: 0 Special: 0 mode:0 
band: 451	flow: 1	valid:   9.5	erases:  110 [  3%] 	age:    0	GCcan:1 GCmust:0 GCrd: 0 Special: 0 mode:0 
band: 452	flow:12	valid:   0.0	erases:  125 [  4%] 	age:    0	GCcan:0 GCmust:0 GCrd: 0 Special: 0 mode:0 
band: 453	flow: 5	valid:  45.4	erases:  116 [  3%] 	age:    0	GCcan:1 GCmust:0 GCrd: 0 Special: 0 mode:0 
band: 454	flow: 5	valid:  17.8	erases:  103 [  3%] 	age:    0	GCcan:1 GCmust:0 GCrd: 0 Special: 0 mode:0 
band: 455	flow: 5	valid:  36.9	erases:  103 [  3%] 	age:    0	GCcan:1 GCmust:0 GCrd: 0 Special: 0 mode:0 
band: 456	flow: 5	valid:  98.4	erases:   87 [  2%] 	age:    1	GCcan:1 GCmust:0 GCrd: 0 Special: 0 mode:0 
band: 457	flow: 5	valid:  31.5	erases:  108 [  3%] 	age:    0	GCcan:1 GCmust:0 GCrd: 0 Special: 0 mode:0 
band: 458	flow:12	valid:   0.0	erases:  129 [  4%] 	age:    0	GCcan:0 GCmust:0 GCrd: 0 Special: 0 mode:0 
band: 459	flow: 5	valid:  22.4	erases:  111 [  3%] 	age:    0	GCcan:1 GCmust:0 GCrd: 0 Special: 0 mode:0 
band: 460	flow:12	valid:   0.0	erases:  121 [  4%] 	age:    0	GCcan:0 GCmust:0 GCrd: 0 Special: 0 mode:0 
band: 461	flow: 5	valid:  24.5	erases:  108 [  3%] 	age:    0	GCcan:1 GCmust:0 GCrd: 0 Special: 0 mode:0 
band: 462	flow: 5	valid:  49.8	erases:   86 [  2%] 	age:    1	GCcan:1 GCmust:0 GCrd: 0 Special: 0 mode:0 
band: 463	flow: 5	valid:  81.0	erases:  114 [  3%] 	age:    0	GCcan:1 GCmust:0 GCrd: 0 Special: 0 mode:0 
band: 464	flow: 5	valid:  18.1	erases:   97 [  3%] 	age:    0	GCcan:1 GCmust:0 GCrd: 0 Special: 0 mode:0 
band: 465	flow: 1	valid:  58.3	erases:   99 [  3%] 	age:    1	GCcan:1 GCmust:0 GCrd: 0 Special: 0 mode:0 
band: 466	flow: 7	valid:  99.6	erases:  131 [  4%] 	age:    1	GCcan:1 GCmust:0 GCrd: 0 Special: 0 mode:0 
band: 467	flow:12	valid:   0.0	erases:  125 [  4%] 	age:    0	GCcan:0 GCmust:0 GCrd: 0 Special: 0 mode:0 
band: 468	flow:20	valid:    NA	erases:  111 [  3%] 	age:    0	GCcan:0 GCmust:0 GCrd: 0 Special: 0 mode:0 
band: 469	flow: 5	valid:  99.6	erases:  102 [  3%] 	age:    0	GCcan:1 GCmust:0 GCrd: 0 Special: 0 mode:0 
band: 470	flow: 5	valid:  80.4	erases:   87 [  2%] 	age:    1	GCcan:1 GCmust:0 GCrd: 0 Special: 0 mode:0 
band: 471	flow: 5	valid:  19.3	erases:  106 [  3%] 	age:    1	GCcan:1 GCmust:0 GCrd: 0 Special: 0 mode:0 
band: 472	flow:12	valid:   0.0	erases:  116 [  3%] 	age:    0	GCcan:0 GCmust:0 GCrd: 0 Special: 0 mode:0 
band: 473	flow: 5	valid:  15.6	erases:   93 [  3%] 	age:    1	GCcan:1 GCmust:0 GCrd: 0 Special: 0 mode:0 
band: 474	flow:12	valid:   0.0	erases:  122 [  4%] 	age:    0	GCcan:0 GCmust:0 GCrd: 0 Special: 0 mode:0 
band: 475	flow: 5	valid:  97.5	erases:   85 [  2%] 	age:    1	GCcan:1 GCmust:0 GCrd: 0 Special: 0 mode:0 
band: 476	flow:20	valid:    NA	erases:   96 [  3%] 	age:    0	GCcan:0 GCmust:0 GCrd: 0 Special: 0 mode:0 
band: 477	flow: 5	valid:  78.2	erases:   88 [  2%] 	age:    1	GCcan:1 GCmust:0 GCrd: 0 Special: 0 mode:0 
band: 478	flow: 7	valid:  99.6	erases:  131 [  4%] 	age:    0	GCcan:1 GCmust:0 GCrd: 0 Special: 0 mode:0 
band: 479	flow:12	valid:   0.0	erases:  117 [  3%] 	age:    0	GCcan:0 GCmust:0 GCrd: 0 Special: 0 mode:0 
band: 480	flow: 5	valid:  95.6	erases:  107 [  3%] 	age:    0	GCcan:1 GCmust:0 GCrd: 0 Special: 0 mode:0 
band: 481	flow: 5	valid:  48.3	erases:   96 [  3%] 	age:    1	GCcan:1 GCmust:0 GCrd: 0 Special: 0 mode:0 
band: 482	flow:12	valid:   0.0	erases:  115 [  3%] 	age:    0	GCcan:0 GCmust:0 GCrd: 0 Special: 0 mode:0 
band: 483	flow: 5	valid:  86.4	erases:   93 [  3%] 	age:    1	GCcan:1 GCmust:0 GCrd: 0 Special: 0 mode:0 
band: 484	flow:20	valid:    NA	erases:  101 [  3%] 	age:    0	GCcan:0 GCmust:0 GCrd: 0 Special: 0 mode:0 
band: 485	flow: 5	valid:  28.9	erases:   94 [  3%] 	age:    1	GCcan:1 GCmust:0 GCrd: 0 Special: 0 mode:0 
band: 486	flow: 5	valid:  99.6	erases:  103 [  3%] 	age:    0	GCcan:1 GCmust:0 GCrd: 0 Special: 0 mode:0 
band: 487	flow: 5	valid:  22.6	erases:   99 [  3%] 	age:    1	GCcan:1 GCmust:0 GCrd: 0 Special: 0 mode:0 
band: 488	flow:12	valid:   0.0	erases:  122 [  4%] 	age:    0	GCcan:0 GCmust:0 GCrd: 0 Special: 0 mode:0 
band: 489	flow: 5	valid:  79.6	erases:  113 [  3%] 	age:    0	GCcan:1 GCmust:0 GCrd: 0 Special: 0 mode:0 
band: 490	flow:12	valid:   0.0	erases:  108 [  3%] 	age:    0	GCcan:0 GCmust:0 GCrd: 0 Special: 0 mode:0 
band: 491	flow:20	valid:    NA	erases:   94 [  3%] 	age:    0	GCcan:0 GCmust:0 GCrd: 0 Special: 0 mode:0 
band: 492	flow: 5	valid:  26.8	erases:  106 [  3%] 	age:    1	GCcan:1 GCmust:0 GCrd: 0 Special: 0 mode:0 
band: 493	flow:12	valid:   0.0	erases:  127 [  4%] 	age:    0	GCcan:0 GCmust:0 GCrd: 0 Special: 0 mode:0 
band: 494	flow:12	valid:   0.0	erases:  115 [  3%] 	age:    0	GCcan:0 GCmust:0 GCrd: 0 Special: 0 mode:0 
band: 495	flow: 5	valid:  58.4	erases:   90 [  3%] 	age:    1	GCcan:1 GCmust:0 GCrd: 0 Special: 0 mode:0 
band: 496	flow:12	valid:   0.0	erases:  119 [  3%] 	age:    0	GCcan:0 GCmust:0 GCrd: 0 Special: 0 mode:0 
band: 497	flow:12	valid:   0.0	erases:  116 [  3%] 	age:    0	GCcan:0 GCmust:0 GCrd: 0 Special: 0 mode:0 
band: 498	flow: 5	valid:  75.1	erases:   86 [  2%] 	age:    1	GCcan:1 GCmust:0 GCrd: 0 Special: 0 mode:0 
band: 499	flow:12	valid:   0.0	erases:  126 [  4%] 	age:    0	GCcan:0 GCmust:0 GCrd: 0 Special: 0 mode:0 
band: 500	flow: 5	valid:  21.2	erases:  106 [  3%] 	age:    1	GCcan:1 GCmust:0 GCrd: 0 Special: 0 mode:0 
band: 501	flow: 5	valid:  37.6	erases:  100 [  3%] 	age:    0	GCcan:1 GCmust:0 GCrd: 0 Special: 0 mode:0 
band: 502	flow:12	valid:   0.0	erases:  116 [  3%] 	age:    0	GCcan:0 GCmust:0 GCrd: 0 Special: 0 mode:0 
band: 503	flow:12	valid:   0.0	erases:  128 [  4%] 	age:    0	GCcan:0 GCmust:0 GCrd: 0 Special: 0 mode:0 
band: 504	flow:12	valid:   0.0	erases:  119 [  3%] 	age:    0	GCcan:0 GCmust:0 GCrd: 0 Special: 0 mode:0 
band: 505	flow:12	valid:   0.0	erases:  116 [  3%] 	age:    0	GCcan:0 GCmust:0 GCrd: 0 Special: 0 mode:0 
band: 506	flow: 5	valid:  29.4	erases:   88 [  2%] 	age:    1	GCcan:1 GCmust:0 GCrd: 0 Special: 0 mode:0 
band: 507	flow: 5	valid:  48.1	erases:  101 [  3%] 	age:    1	GCcan:1 GCmust:0 GCrd: 0 Special: 0 mode:0 
band: 508	flow:20	valid:    NA	erases:  103 [  3%] 	age:    0	GCcan:0 GCmust:0 GCrd: 0 Special: 0 mode:0 
band: 509	flow: 5	valid:  98.7	erases:   87 [  2%] 	age:    0	GCcan:1 GCmust:0 GCrd: 0 Special: 0 mode:0 
band: 510	flow:12	valid:   0.0	erases:  120 [  4%] 	age:    0	GCcan:0 GCmust:0 GCrd: 0 Special: 0 mode:0 
band: 511	flow: 5	valid:  65.0	erases:   84 [  2%] 	age:    1	GCcan:1 GCmust:0 GCrd: 0 Special: 0 mode:0 
band: 512	flow:12	valid:   0.0	erases:  117 [  3%] 	age:    0	GCcan:0 GCmust:0 GCrd: 0 Special: 0 mode:0 
band: 513	flow: 5	valid:  66.3	erases:   90 [  3%] 	age:    1	GCcan:1 GCmust:0 GCrd: 0 Special: 0 mode:0 
band: 514	flow:12	valid:   0.0	erases:  119 [  3%] 	age:    0	GCcan:0 GCmust:0 GCrd: 0 Special: 0 mode:0 
band: 515	flow:12	valid:   0.0	erases:  118 [  3%] 	age:    0	GCcan:0 GCmust:0 GCrd: 0 Special: 0 mode:0 
band: 516	flow:12	valid:   0.0	erases:  129 [  4%] 	age:    0	GCcan:0 GCmust:0 GCrd: 0 Special: 0 mode:0 
band: 517	flow:12	valid:   0.0	erases:  128 [  4%] 	age:    0	GCcan:0 GCmust:0 GCrd: 0 Special: 0 mode:0 
band: 518	flow: 5	valid:  18.3	erases:  109 [  3%] 	age:    0	GCcan:1 GCmust:0 GCrd: 0 Special: 0 mode:0 
band: 519	flow: 5	valid:  26.3	erases:   95 [  3%] 	age:    1	GCcan:1 GCmust:0 GCrd: 0 Special: 0 mode:0 
band: 520	flow: 5	valid:  67.7	erases:   93 [  3%] 	age:    1	GCcan:1 GCmust:0 GCrd: 0 Special: 0 mode:0 
band: 521	flow: 5	valid:  91.6	erases:   87 [  2%] 	age:    1	GCcan:1 GCmust:0 GCrd: 0 Special: 0 mode:0 
band: 522	flow: 5	valid:  63.8	erases:   97 [  3%] 	age:    1	GCcan:1 GCmust:0 GCrd: 0 Special: 0 mode:0 
band: 523	flow: 5	valid:  58.6	erases:  109 [  3%] 	age:    0	GCcan:1 GCmust:0 GCrd: 0 Special: 0 mode:0 
band: 524	flow:12	valid:   0.0	erases:  116 [  3%] 	age:    0	GCcan:0 GCmust:0 GCrd: 0 Special: 0 mode:0 
band: 525	flow: 5	valid:  81.5	erases:   96 [  3%] 	age:    1	GCcan:1 GCmust:0 GCrd: 0 Special: 0 mode:0 
band: 526	flow: 5	valid:  41.1	erases:  109 [  3%] 	age:    0	GCcan:1 GCmust:0 GCrd: 0 Special: 0 mode:0 
band: 527	flow: 1	valid:   6.5	erases:  105 [  3%] 	age:    0	GCcan:0 GCmust:0 GCrd: 0 Special: 0 mode:0 
band: 528	flow: 5	valid:  55.1	erases:   90 [  3%] 	age:    1	GCcan:1 GCmust:0 GCrd: 0 Special: 0 mode:0 
band: 529	flow:12	valid:   0.0	erases:  116 [  3%] 	age:    0	GCcan:0 GCmust:0 GCrd: 0 Special: 0 mode:0 
band: 530	flow: 5	valid:  98.4	erases:  104 [  3%] 	age:    0	GCcan:1 GCmust:0 GCrd: 0 Special: 0 mode:0 
band: 531	flow:12	valid:   0.0	erases:  116 [  3%] 	age:    0	GCcan:0 GCmust:0 GCrd: 0 Special: 0 mode:0 
band: 532	flow: 6	valid:   4.6	erases:   76 [  2%] 	age:    1	GCcan:1 GCmust:0 GCrd: 0 Special: 0 mode:0 
band: 533	flow:12	valid:   0.0	erases:  123 [  4%] 	age:    0	GCcan:0 GCmust:0 GCrd: 0 Special: 0 mode:0 
band: 534	flow: 5	valid:  34.5	erases:   90 [  3%] 	age:    0	GCcan:1 GCmust:0 GCrd: 0 Special: 0 mode:0 
band: 535	flow:12	valid:   0.0	erases:  117 [  3%] 	age:    0	GCcan:0 GCmust:0 GCrd: 0 Special: 0 mode:0 
band: 536	flow: 5	valid:  27.1	erases:  109 [  3%] 	age:    0	GCcan:1 GCmust:0 GCrd: 0 Special: 0 mode:0 
band: 537	flow: 5	valid:  92.3	erases:  109 [  3%] 	age:    0	GCcan:1 GCmust:0 GCrd: 0 Special: 0 mode:0 
band: 538	flow:12	valid:   0.0	erases:  118 [  3%] 	age:    0	GCcan:0 GCmust:0 GCrd: 0 Special: 0 mode:0 
band: 539	flow:12	valid:   0.0	erases:  109 [  3%] 	age:    0	GCcan:0 GCmust:0 GCrd: 0 Special: 0 mode:0 
band: 540	flow: 5	valid:  60.0	erases:   76 [  2%] 	age:    0	GCcan:1 GCmust:0 GCrd: 0 Special: 0 mode:0 
band: 541	flow: 5	valid:  32.2	erases:   88 [  2%] 	age:    1	GCcan:1 GCmust:0 GCrd: 0 Special: 0 mode:0 
band: 542	flow: 5	valid:  20.3	erases:   87 [  2%] 	age:    1	GCcan:1 GCmust:0 GCrd: 0 Special: 0 mode:0 
band: 543	flow: 5	valid:  30.2	erases:   98 [  3%] 	age:    1	GCcan:1 GCmust:0 GCrd: 0 Special: 0 mode:0 
band: 544	flow:14	valid:    NA	erases:    2 [  0%] 	age:    0	GCcan:0 GCmust:0 GCrd: 0 Special: 0 mode:0 
band: 545	flow: 5	valid:  40.3	erases:  100 [  3%] 	age:    1	GCcan:1 GCmust:0 GCrd: 0 Special: 0 mode:0 
band: 546	flow: 5	valid:  51.9	erases:   95 [  3%] 	age:    1	GCcan:1 GCmust:0 GCrd: 0 Special: 0 mode:0 
band: 547	flow: 5	valid:  35.4	erases:   85 [  2%] 	age:    0	GCcan:1 GCmust:0 GCrd: 0 Special: 0 mode:0 
band: 548	flow:12	valid:   0.0	erases:  115 [  3%] 	age:    0	GCcan:0 GCmust:0 GCrd: 0 Special: 0 mode:0 
band: 549	flow: 5	valid:  21.1	erases:  109 [  3%] 	age:    0	GCcan:1 GCmust:0 GCrd: 0 Special: 0 mode:0 
band: 550	flow:12	valid:   0.0	erases:  126 [  4%] 	age:    0	GCcan:0 GCmust:0 GCrd: 0 Special: 0 mode:0 
band: 551	flow:12	valid:   0.0	erases:  117 [  3%] 	age:    0	GCcan:0 GCmust:0 GCrd: 0 Special: 0 mode:0 
band: 552	flow:20	valid:    NA	erases:   95 [  3%] 	age:    0	GCcan:0 GCmust:0 GCrd: 0 Special: 0 mode:0 
band: 553	flow: 5	valid:  23.9	erases:   84 [  2%] 	age:    1	GCcan:1 GCmust:0 GCrd: 0 Special: 0 mode:0 
band: 554	flow: 5	valid:  95.9	erases:   81 [  2%] 	age:    1	GCcan:1 GCmust:0 GCrd: 0 Special: 0 mode:0 
band: 555	flow: 5	valid:  86.5	erases:   93 [  3%] 	age:    1	GCcan:1 GCmust:0 GCrd: 0 Special: 0 mode:0 
band: 556	flow: 5	valid:  20.1	erases:   93 [  3%] 	age:    1	GCcan:1 GCmust:0 GCrd: 0 Special: 0 mode:0 
band: 557	flow:12	valid:   0.0	erases:  126 [  4%] 	age:    0	GCcan:0 GCmust:0 GCrd: 0 Special: 0 mode:0 
band: 558	flow:12	valid:   0.0	erases:  125 [  4%] 	age:    0	GCcan:0 GCmust:0 GCrd: 0 Special: 0 mode:0 
band: 559	flow:20	valid:    NA	erases:   95 [  3%] 	age:    0	GCcan:0 GCmust:0 GCrd: 0 Special: 0 mode:0 
band: 560	flow: 5	valid:  36.2	erases:  107 [  3%] 	age:    0	GCcan:1 GCmust:0 GCrd: 0 Special: 0 mode:0 
band: 561	flow:12	valid:   0.0	erases:  116 [  3%] 	age:    0	GCcan:0 GCmust:0 GCrd: 0 Special: 0 mode:0 
band: 562	flow: 1	valid:  31.3	erases:  111 [  3%] 	age:    0	GCcan:1 GCmust:0 GCrd: 0 Special: 0 mode:0 
band: 563	flow: 5	valid:  33.4	erases:   78 [  2%] 	age:    0	GCcan:1 GCmust:0 GCrd: 0 Special: 0 mode:0 
band: 564	flow: 5	valid:  90.4	erases:   80 [  2%] 	age:    1	GCcan:1 GCmust:0 GCrd: 0 Special: 0 mode:0 
band: 565	flow: 5	valid:  89.4	erases:   78 [  2%] 	age:    1	GCcan:1 GCmust:0 GCrd: 0 Special: 0 mode:0 
band: 566	flow: 5	valid:  72.0	erases:   91 [  3%] 	age:    1	GCcan:1 GCmust:0 GCrd: 0 Special: 0 mode:0 
band: 567	flow:12	valid:   0.0	erases:  117 [  3%] 	age:    0	GCcan:0 GCmust:0 GCrd: 0 Special: 0 mode:0 
band: 568	flow:12	valid:   0.0	erases:  116 [  3%] 	age:    0	GCcan:0 GCmust:0 GCrd: 0 Special: 0 mode:0 
band: 569	flow:12	valid:   0.0	erases:  119 [  3%] 	age:    0	GCcan:0 GCmust:0 GCrd: 0 Special: 0 mode:0 
band: 570	flow: 5	valid:  28.9	erases:  116 [  3%] 	age:    0	GCcan:1 GCmust:0 GCrd: 0 Special: 0 mode:0 
band: 571	flow:12	valid:   0.0	erases:  121 [  4%] 	age:    0	GCcan:0 GCmust:0 GCrd: 0 Special: 0 mode:0 
band: 572	flow:20	valid:    NA	erases:  111 [  3%] 	age:    0	GCcan:0 GCmust:0 GCrd: 0 Special: 0 mode:0 
band: 573	flow: 5	valid:  70.2	erases:   94 [  3%] 	age:    0	GCcan:1 GCmust:0 GCrd: 0 Special: 0 mode:0 
band: 574	flow: 5	valid:  46.8	erases:   82 [  2%] 	age:    1	GCcan:1 GCmust:0 GCrd: 0 Special: 0 mode:0 
band: 575	flow:12	valid:   0.0	erases:  126 [  4%] 	age:    0	GCcan:0 GCmust:0 GCrd: 0 Special: 0 mode:0 
band: 576	flow:20	valid:    NA	erases:  107 [  3%] 	age:    0	GCcan:0 GCmust:0 GCrd: 0 Special: 0 mode:0 
band: 577	flow: 1	valid:  17.4	erases:  110 [  3%] 	age:    0	GCcan:1 GCmust:0 GCrd: 0 Special: 0 mode:0 
band: 578	flow: 5	valid:  64.8	erases:   96 [  3%] 	age:    1	GCcan:1 GCmust:0 GCrd: 0 Special: 0 mode:0 
band: 579	flow:20	valid:    NA	erases:   77 [  2%] 	age:    0	GCcan:0 GCmust:0 GCrd: 0 Special: 0 mode:0 
band: 580	flow: 5	valid:  65.2	erases:  109 [  3%] 	age:    0	GCcan:1 GCmust:0 GCrd: 0 Special: 0 mode:0 
band: 581	flow:12	valid:   0.0	erases:  124 [  4%] 	age:    0	GCcan:0 GCmust:0 GCrd: 0 Special: 0 mode:0 
band: 582	flow: 5	valid:  32.3	erases:  102 [  3%] 	age:    1	GCcan:1 GCmust:0 GCrd: 0 Special: 0 mode:0 
band: 583	flow:12	valid:   0.0	erases:  126 [  4%] 	age:    0	GCcan:0 GCmust:0 GCrd: 0 Special: 0 mode:0 
band: 584	flow: 5	valid:  22.5	erases:  109 [  3%] 	age:    0	GCcan:1 GCmust:0 GCrd: 0 Special: 0 mode:0 
band: 585	flow: 5	valid:  18.4	erases:   95 [  3%] 	age:    1	GCcan:1 GCmust:0 GCrd: 0 Special: 0 mode:0 
band: 586	flow:12	valid:   0.0	erases:  117 [  3%] 	age:    0	GCcan:0 GCmust:0 GCrd: 0 Special: 0 mode:0 
band: 587	flow: 5	valid:  79.7	erases:  108 [  3%] 	age:    0	GCcan:1 GCmust:0 GCrd: 0 Special: 0 mode:0 
band: 588	flow:12	valid:   0.0	erases:  119 [  3%] 	age:    0	GCcan:0 GCmust:0 GCrd: 0 Special: 0 mode:0 
band: 589	flow:12	valid:   0.0	erases:  114 [  3%] 	age:    0	GCcan:0 GCmust:0 GCrd: 0 Special: 0 mode:0 
band: 590	flow:20	valid:    NA	erases:   86 [  2%] 	age:    0	GCcan:0 GCmust:0 GCrd: 0 Special: 0 mode:0 
band: 591	flow:12	valid:   0.0	erases:  121 [  4%] 	age:    0	GCcan:0 GCmust:0 GCrd: 0 Special: 0 mode:0 
band: 592	flow:20	valid:    NA	erases:  107 [  3%] 	age:    0	GCcan:0 GCmust:0 GCrd: 0 Special: 0 mode:0 
band: 593	flow: 5	valid:  33.0	erases:   99 [  3%] 	age:    1	GCcan:1 GCmust:0 GCrd: 0 Special: 0 mode:0 
band: 594	flow: 5	valid:  84.8	erases:  107 [  3%] 	age:    0	GCcan:1 GCmust:0 GCrd: 0 Special: 0 mode:0 
band: 595	flow: 5	valid:  57.2	erases:  113 [  3%] 	age:    0	GCcan:1 GCmust:0 GCrd: 0 Special: 0 mode:0 
band: 596	flow:12	valid:   0.0	erases:  129 [  4%] 	age:    0	GCcan:0 GCmust:0 GCrd: 0 Special: 0 mode:0 
band: 597	flow: 5	valid:  26.8	erases:   75 [  2%] 	age:    1	GCcan:1 GCmust:0 GCrd: 0 Special: 0 mode:0 
band: 598	flow: 5	valid:  55.2	erases:   91 [  3%] 	age:    1	GCcan:1 GCmust:0 GCrd: 0 Special: 0 mode:0 
band: 599	flow: 5	valid:  98.1	erases:   85 [  2%] 	age:    1	GCcan:1 GCmust:0 GCrd: 0 Special: 0 mode:0 
band: 600	flow:12	valid:   0.0	erases:  117 [  3%] 	age:    0	GCcan:0 GCmust:0 GCrd: 0 Special: 0 mode:0 
band: 601	flow:12	valid:   0.0	erases:  118 [  3%] 	age:    0	GCcan:0 GCmust:0 GCrd: 0 Special: 0 mode:0 
band: 602	flow:20	valid:    NA	erases:   77 [  2%] 	age:    0	GCcan:0 GCmust:0 GCrd: 0 Special: 0 mode:0 
band: 603	flow: 5	valid:  75.9	erases:   86 [  2%] 	age:    1	GCcan:1 GCmust:0 GCrd: 0 Special: 0 mode:0 
band: 604	flow:20	valid:    NA	erases:  112 [  3%] 	age:    0	GCcan:0 GCmust:0 GCrd: 0 Special: 0 mode:0 
band: 605	flow: 5	valid:  48.9	erases:  112 [  3%] 	age:    0	GCcan:1 GCmust:0 GCrd: 0 Special: 0 mode:0 
band: 606	flow:12	valid:   0.0	erases:  117 [  3%] 	age:    0	GCcan:0 GCmust:0 GCrd: 0 Special: 0 mode:0 
band: 607	flow: 5	valid:  82.7	erases:  107 [  3%] 	age:    1	GCcan:1 GCmust:0 GCrd: 0 Special: 0 mode:0 
band: 608	flow: 5	valid:  97.1	erases:   98 [  3%] 	age:    1	GCcan:1 GCmust:0 GCrd: 0 Special: 0 mode:0 
band: 609	flow:12	valid:   0.0	erases:  111 [  3%] 	age:    0	GCcan:0 GCmust:0 GCrd: 0 Special: 0 mode:0 
band: 610	flow: 5	valid:  64.3	erases:   91 [  3%] 	age:    0	GCcan:1 GCmust:0 GCrd: 0 Special: 0 mode:0 
band: 611	flow:12	valid:   0.0	erases:  119 [  3%] 	age:    0	GCcan:0 GCmust:0 GCrd: 0 Special: 0 mode:0 
band: 612	flow: 1	valid:  34.1	erases:  117 [  3%] 	age:    0	GCcan:1 GCmust:0 GCrd: 0 Special: 0 mode:0 
band: 613	flow: 5	valid:  35.2	erases:  107 [  3%] 	age:    1	GCcan:1 GCmust:0 GCrd: 0 Special: 0 mode:0 
band: 614	flow: 5	valid:  36.9	erases:  104 [  3%] 	age:    0	GCcan:1 GCmust:0 GCrd: 0 Special: 0 mode:0 
band: 615	flow:12	valid:   0.0	erases:  127 [  4%] 	age:    0	GCcan:0 GCmust:0 GCrd: 0 Special: 0 mode:0 
band: 616	flow: 5	valid:  48.2	erases:  111 [  3%] 	age:    0	GCcan:1 GCmust:0 GCrd: 0 Special: 0 mode:0 
band: 617	flow: 5	valid:  60.2	erases:  106 [  3%] 	age:    1	GCcan:1 GCmust:0 GCrd: 0 Special: 0 mode:0 
band: 618	flow:12	valid:   0.0	erases:  117 [  3%] 	age:    0	GCcan:0 GCmust:0 GCrd: 0 Special: 0 mode:0 
band: 619	flow: 7	valid:  99.6	erases:  130 [  4%] 	age:    0	GCcan:1 GCmust:0 GCrd: 0 Special: 0 mode:0 
band: 620	flow:12	valid:   0.0	erases:  116 [  3%] 	age:    0	GCcan:0 GCmust:0 GCrd: 0 Special: 0 mode:0 
band: 621	flow:20	valid:    NA	erases:  110 [  3%] 	age:    0	GCcan:0 GCmust:0 GCrd: 0 Special: 0 mode:0 
band: 622	flow: 1	valid:  35.8	erases:   78 [  2%] 	age:    1	GCcan:1 GCmust:0 GCrd: 0 Special: 0 mode:0 
band: 623	flow:12	valid:   0.0	erases:  119 [  3%] 	age:    0	GCcan:0 GCmust:0 GCrd: 0 Special: 0 mode:0 
band: 624	flow:12	valid:   0.0	erases:  125 [  4%] 	age:    0	GCcan:0 GCmust:0 GCrd: 0 Special: 0 mode:0 
band: 625	flow:12	valid:   0.0	erases:  129 [  4%] 	age:    0	GCcan:0 GCmust:0 GCrd: 0 Special: 0 mode:0 
band: 626	flow:12	valid:   0.0	erases:  119 [  3%] 	age:    0	GCcan:0 GCmust:0 GCrd: 0 Special: 0 mode:0 
band: 627	flow: 5	valid:  69.6	erases:   90 [  3%] 	age:    1	GCcan:1 GCmust:0 GCrd: 0 Special: 0 mode:0 
band: 628	flow:12	valid:   0.0	erases:  120 [  4%] 	age:    0	GCcan:0 GCmust:0 GCrd: 0 Special: 0 mode:0 
band: 629	flow:12	valid:   0.0	erases:  120 [  4%] 	age:    0	GCcan:0 GCmust:0 GCrd: 0 Special: 0 mode:0 
band: 630	flow:20	valid:    NA	erases:  117 [  3%] 	age:    0	GCcan:0 GCmust:0 GCrd: 0 Special: 0 mode:0 
band: 631	flow: 5	valid:  53.7	erases:  109 [  3%] 	age:    0	GCcan:1 GCmust:0 GCrd: 0 Special: 0 mode:0 
band: 632	flow: 6	valid:  34.8	erases:   99 [  3%] 	age:    1	GCcan:1 GCmust:0 GCrd: 0 Special: 0 mode:0 
band: 633	flow:12	valid:   0.0	erases:  120 [  4%] 	age:    0	GCcan:0 GCmust:0 GCrd: 0 Special: 0 mode:0 
band: 634	flow: 5	valid:  18.2	erases:  106 [  3%] 	age:    1	GCcan:1 GCmust:0 GCrd: 0 Special: 0 mode:0 
band: 635	flow:20	valid:    NA	erases:   98 [  3%] 	age:    0	GCcan:0 GCmust:0 GCrd: 0 Special: 0 mode:0 
band: 636	flow:12	valid:   0.0	erases:  117 [  3%] 	age:    0	GCcan:0 GCmust:0 GCrd: 0 Special: 0 mode:0 
band: 637	flow:12	valid:   0.0	erases:  117 [  3%] 	age:    0	GCcan:0 GCmust:0 GCrd: 0 Special: 0 mode:0 
band: 638	flow: 5	valid:  79.0	erases:   97 [  3%] 	age:    1	GCcan:1 GCmust:0 GCrd: 0 Special: 0 mode:0 
band: 639	flow:12	valid:   0.0	erases:  117 [  3%] 	age:    0	GCcan:0 GCmust:0 GCrd: 0 Special: 0 mode:0 
band: 640	flow: 5	valid:  41.7	erases:   95 [  3%] 	age:    1	GCcan:1 GCmust:0 GCrd: 0 Special: 0 mode:0 
band: 641	flow: 5	valid:  17.3	erases:   95 [  3%] 	age:    0	GCcan:1 GCmust:0 GCrd: 0 Special: 0 mode:0 
band: 642	flow: 5	valid:  27.4	erases:  107 [  3%] 	age:    1	GCcan:1 GCmust:0 GCrd: 0 Special: 0 mode:0 
band: 643	flow: 5	valid:  91.9	erases:   85 [  2%] 	age:    1	GCcan:1 GCmust:0 GCrd: 0 Special: 0 mode:0 
band: 644	flow: 5	valid:  18.7	erases:   98 [  3%] 	age:    1	GCcan:1 GCmust:0 GCrd: 0 Special: 0 mode:0 
band: 645	flow:12	valid:   0.0	erases:  119 [  3%] 	age:    0	GCcan:0 GCmust:0 GCrd: 0 Special: 0 mode:0 
band: 646	flow:12	valid:   0.0	erases:  117 [  3%] 	age:    0	GCcan:0 GCmust:0 GCrd: 0 Special: 0 mode:0 
band: 647	flow: 5	valid:  17.3	erases:  106 [  3%] 	age:    1	GCcan:1 GCmust:0 GCrd: 0 Special: 0 mode:0 
band: 648	flow:12	valid:   0.0	erases:  118 [  3%] 	age:    0	GCcan:0 GCmust:0 GCrd: 0 Special: 0 mode:0 
band: 649	flow:12	valid:   0.0	erases:  120 [  4%] 	age:    0	GCcan:0 GCmust:0 GCrd: 0 Special: 0 mode:0 
band: 650	flow:12	valid:   0.0	erases:  116 [  3%] 	age:    0	GCcan:0 GCmust:0 GCrd: 0 Special: 0 mode:0 
band: 651	flow: 5	valid:  26.4	erases:   88 [  2%] 	age:    1	GCcan:1 GCmust:0 GCrd: 0 Special: 0 mode:0 
band: 652	flow:12	valid:   0.0	erases:  115 [  3%] 	age:    0	GCcan:0 GCmust:0 GCrd: 0 Special: 0 mode:0 
band: 653	flow: 5	valid:  18.7	erases:   89 [  2%] 	age:    1	GCcan:1 GCmust:0 GCrd: 0 Special: 0 mode:0 
band: 654	flow: 1	valid:  17.9	erases:   87 [  2%] 	age:    0	GCcan:1 GCmust:0 GCrd: 0 Special: 0 mode:0 
band: 655	flow:20	valid:    NA	erases:  103 [  3%] 	age:    0	GCcan:0 GCmust:0 GCrd: 0 Special: 0 mode:0 
band: 656	flow: 5	valid:  81.0	erases:  107 [  3%] 	age:    1	GCcan:1 GCmust:0 GCrd: 0 Special: 0 mode:0 
band: 657	flow: 5	valid:  42.5	erases:  110 [  3%] 	age:    0	GCcan:1 GCmust:0 GCrd: 0 Special: 0 mode:0 
band: 658	flow: 5	valid:  62.3	erases:   98 [  3%] 	age:    0	GCcan:1 GCmust:0 GCrd: 0 Special: 0 mode:0 
band: 659	flow:12	valid:   0.0	erases:  108 [  3%] 	age:    0	GCcan:0 GCmust:0 GCrd: 0 Special: 0 mode:0 
band: 660	flow: 5	valid:  77.7	erases:  115 [  3%] 	age:    1	GCcan:1 GCmust:0 GCrd: 0 Special: 0 mode:0 
band: 661	flow: 5	valid:  97.9	erases:   83 [  2%] 	age:    1	GCcan:1 GCmust:0 GCrd: 0 Special: 0 mode:0 
band: 662	flow: 5	valid:  19.1	erases:   87 [  2%] 	age:    1	GCcan:1 GCmust:0 GCrd: 0 Special: 0 mode:0 
band: 663	flow:12	valid:   0.0	erases:  119 [  3%] 	age:    0	GCcan:0 GCmust:0 GCrd: 0 Special: 0 mode:0 
band: 664	flow: 5	valid:  87.0	erases:  106 [  3%] 	age:    0	GCcan:1 GCmust:0 GCrd: 0 Special: 0 mode:0 
band: 665	flow: 1	valid:  29.7	erases:  114 [  3%] 	age:    0	GCcan:1 GCmust:0 GCrd: 0 Special: 0 mode:0 
band: 666	flow: 5	valid:  32.1	erases:  107 [  3%] 	age:    0	GCcan:1 GCmust:0 GCrd: 0 Special: 0 mode:0 
band: 667	flow:12	valid:   0.0	erases:  119 [  3%] 	age:    0	GCcan:0 GCmust:0 GCrd: 0 Special: 0 mode:0 
band: 668	flow:12	valid:   0.0	erases:  119 [  3%] 	age:    0	GCcan:0 GCmust:0 GCrd: 0 Special: 0 mode:0 
band: 669	flow:12	valid:   0.0	erases:  118 [  3%] 	age:    0	GCcan:0 GCmust:0 GCrd: 0 Special: 0 mode:0 
band: 670	flow: 5	valid:  53.5	erases:   96 [  3%] 	age:    1	GCcan:1 GCmust:0 GCrd: 0 Special: 0 mode:0 
band: 671	flow:12	valid:   0.0	erases:  116 [  3%] 	age:    0	GCcan:0 GCmust:0 GCrd: 0 Special: 0 mode:0 
band: 672	flow: 5	valid:  58.5	erases:  100 [  3%] 	age:    1	GCcan:1 GCmust:0 GCrd: 0 Special: 0 mode:0 
band: 673	flow: 5	valid:  46.9	erases:  106 [  3%] 	age:    0	GCcan:1 GCmust:0 GCrd: 0 Special: 0 mode:0 
band: 674	flow: 5	valid:  34.5	erases:  114 [  3%] 	age:    0	GCcan:1 GCmust:0 GCrd: 0 Special: 0 mode:0 
band: 675	flow: 5	valid:  57.5	erases:   91 [  3%] 	age:    0	GCcan:1 GCmust:0 GCrd: 0 Special: 0 mode:0 
band: 676	flow: 5	valid:  66.1	erases:  109 [  3%] 	age:    0	GCcan:1 GCmust:0 GCrd: 0 Special: 0 mode:0 
band: 677	flow:12	valid:   0.0	erases:  118 [  3%] 	age:    0	GCcan:0 GCmust:0 GCrd: 0 Special: 0 mode:0 
band: 678	flow: 5	valid:  16.9	erases:  105 [  3%] 	age:    1	GCcan:1 GCmust:0 GCrd: 0 Special: 0 mode:0 
band: 679	flow: 1	valid:  34.4	erases:  110 [  3%] 	age:    0	GCcan:1 GCmust:0 GCrd: 0 Special: 0 mode:0 
band: 680	flow:12	valid:   0.0	erases:  123 [  4%] 	age:    0	GCcan:0 GCmust:0 GCrd: 0 Special: 0 mode:0 
band: 681	flow:12	valid:   0.0	erases:  116 [  3%] 	age:    0	GCcan:0 GCmust:0 GCrd: 0 Special: 0 mode:0 
band: 682	flow: 1	valid:  20.5	erases:  104 [  3%] 	age:    0	GCcan:1 GCmust:0 GCrd: 0 Special: 0 mode:0 
band: 683	flow:20	valid:    NA	erases:  112 [  3%] 	age:    0	GCcan:0 GCmust:0 GCrd: 0 Special: 0 mode:0 
band: 684	flow: 5	valid:  17.9	erases:  114 [  3%] 	age:    0	GCcan:1 GCmust:0 GCrd: 0 Special: 0 mode:0 
band: 685	flow: 5	valid:  93.1	erases:  101 [  3%] 	age:    0	GCcan:1 GCmust:0 GCrd: 0 Special: 0 mode:0 
band: 686	flow: 5	valid:  98.5	erases:   99 [  3%] 	age:    0	GCcan:1 GCmust:0 GCrd: 0 Special: 0 mode:0 
band: 687	flow: 5	valid:  16.8	erases:   97 [  3%] 	age:    0	GCcan:1 GCmust:0 GCrd: 0 Special: 0 mode:0 
band: 688	flow: 5	valid:  79.0	erases:   87 [  2%] 	age:    1	GCcan:1 GCmust:0 GCrd: 0 Special: 0 mode:0 
band: 689	flow:12	valid:   0.0	erases:  128 [  4%] 	age:    0	GCcan:0 GCmust:0 GCrd: 0 Special: 0 mode:0 
band: 690	flow:20	valid:    NA	erases:   99 [  3%] 	age:    0	GCcan:0 GCmust:0 GCrd: 0 Special: 0 mode:0 
band: 691	flow: 5	valid:  97.6	erases:  103 [  3%] 	age:    1	GCcan:1 GCmust:0 GCrd: 0 Special: 0 mode:0 
band: 692	flow:12	valid:   0.0	erases:  116 [  3%] 	age:    0	GCcan:0 GCmust:0 GCrd: 0 Special: 0 mode:0 
band: 693	flow: 1	valid:  37.8	erases:   77 [  2%] 	age:    1	GCcan:1 GCmust:0 GCrd: 0 Special: 0 mode:0 
band: 694	flow: 5	valid:  68.3	erases:   76 [  2%] 	age:    0	GCcan:1 GCmust:0 GCrd: 0 Special: 0 mode:0 
band: 695	flow:20	valid:    NA	erases:  117 [  3%] 	age:    0	GCcan:0 GCmust:0 GCrd: 0 Special: 0 mode:0 
band: 696	flow:20	valid:    NA	erases:  112 [  3%] 	age:    0	GCcan:0 GCmust:0 GCrd: 0 Special: 0 mode:0 
band: 697	flow: 5	valid:  36.7	erases:  106 [  3%] 	age:    1	GCcan:1 GCmust:0 GCrd: 0 Special: 0 mode:0 
band: 698	flow: 5	valid:  22.6	erases:   95 [  3%] 	age:    1	GCcan:1 GCmust:0 GCrd: 0 Special: 0 mode:0 
band: 699	flow: 5	valid:  34.3	erases:  110 [  3%] 	age:    0	GCcan:1 GCmust:0 GCrd: 0 Special: 0 mode:0 
band: 700	flow:20	valid:    NA	erases:   93 [  3%] 	age:    0	GCcan:0 GCmust:0 GCrd: 0 Special: 0 mode:0 
band: 701	flow:12	valid:   0.0	erases:  111 [  3%] 	age:    0	GCcan:0 GCmust:0 GCrd: 0 Special: 0 mode:0 
band: 702	flow: 5	valid:  46.7	erases:   88 [  2%] 	age:    1	GCcan:1 GCmust:0 GCrd: 0 Special: 0 mode:0 
band: 703	flow: 5	valid:  29.8	erases:   99 [  3%] 	age:    1	GCcan:1 GCmust:0 GCrd: 0 Special: 0 mode:0 
band: 704	flow: 1	valid:  29.1	erases:  103 [  3%] 	age:    1	GCcan:1 GCmust:0 GCrd: 0 Special: 0 mode:0 
band: 705	flow:20	valid:    NA	erases:  111 [  3%] 	age:    0	GCcan:0 GCmust:0 GCrd: 0 Special: 0 mode:0 
band: 706	flow:20	valid:    NA	erases:  103 [  3%] 	age:    0	GCcan:0 GCmust:0 GCrd: 0 Special: 0 mode:0 
band: 707	flow: 5	valid:  47.6	erases:  110 [  3%] 	age:    0	GCcan:1 GCmust:0 GCrd: 0 Special: 0 mode:0 
band: 708	flow:12	valid:   0.0	erases:  117 [  3%] 	age:    0	GCcan:0 GCmust:0 GCrd: 0 Special: 0 mode:0 
band: 709	flow: 5	valid:  75.5	erases:   86 [  2%] 	age:    1	GCcan:1 GCmust:0 GCrd: 0 Special: 0 mode:0 
band: 710	flow: 5	valid:  88.5	erases:   85 [  2%] 	age:    1	GCcan:1 GCmust:0 GCrd: 0 Special: 0 mode:0 
band: 711	flow:12	valid:   0.0	erases:  116 [  3%] 	age:    0	GCcan:0 GCmust:0 GCrd: 0 Special: 0 mode:0 
band: 712	flow: 5	valid:  27.7	erases:   98 [  3%] 	age:    1	GCcan:1 GCmust:0 GCrd: 0 Special: 0 mode:0 
band: 713	flow: 5	valid:  54.9	erases:  105 [  3%] 	age:    0	GCcan:1 GCmust:0 GCrd: 0 Special: 0 mode:0 
band: 714	flow:20	valid:    NA	erases:  114 [  3%] 	age:    0	GCcan:0 GCmust:0 GCrd: 0 Special: 0 mode:0 
band: 715	flow: 5	valid:  21.2	erases:   89 [  2%] 	age:    1	GCcan:1 GCmust:0 GCrd: 0 Special: 0 mode:0 
band: 716	flow: 5	valid:  29.8	erases:   99 [  3%] 	age:    0	GCcan:1 GCmust:0 GCrd: 0 Special: 0 mode:0 
band: 717	flow:20	valid:    NA	erases:  114 [  3%] 	age:    0	GCcan:0 GCmust:0 GCrd: 0 Special: 0 mode:0 
band: 718	flow:12	valid:   0.0	erases:  116 [  3%] 	age:    0	GCcan:0 GCmust:0 GCrd: 0 Special: 0 mode:0 
band: 719	flow: 5	valid:  99.5	erases:  107 [  3%] 	age:    0	GCcan:1 GCmust:0 GCrd: 0 Special: 0 mode:0 
band: 720	flow: 5	valid:  60.2	erases:   75 [  2%] 	age:    1	GCcan:1 GCmust:0 GCrd: 0 Special: 0 mode:0 
band: 721	flow: 5	valid:  78.8	erases:  109 [  3%] 	age:    0	GCcan:1 GCmust:0 GCrd: 0 Special: 0 mode:0 
band: 722	flow:12	valid:   0.0	erases:  117 [  3%] 	age:    0	GCcan:0 GCmust:0 GCrd: 0 Special: 0 mode:0 
band: 723	flow:12	valid:   0.0	erases:  116 [  3%] 	age:    0	GCcan:0 GCmust:0 GCrd: 0 Special: 0 mode:0 
band: 724	flow:12	valid:   0.0	erases:  119 [  3%] 	age:    0	GCcan:0 GCmust:0 GCrd: 0 Special: 0 mode:0 
band: 725	flow: 5	valid:  34.9	erases:   98 [  3%] 	age:    1	GCcan:1 GCmust:0 GCrd: 0 Special: 0 mode:0 
band: 726	flow: 5	valid:  95.4	erases:   82 [  2%] 	age:    1	GCcan:1 GCmust:0 GCrd: 0 Special: 0 mode:0 
band: 727	flow: 5	valid:  19.3	erases:  110 [  3%] 	age:    0	GCcan:1 GCmust:0 GCrd: 0 Special: 0 mode:0 
band: 728	flow:20	valid:    NA	erases:  103 [  3%] 	age:    0	GCcan:0 GCmust:0 GCrd: 0 Special: 0 mode:0 
band: 729	flow: 5	valid:  90.1	erases:  105 [  3%] 	age:    0	GCcan:1 GCmust:0 GCrd: 0 Special: 0 mode:0 
band: 730	flow: 5	valid:  52.9	erases:  106 [  3%] 	age:    1	GCcan:1 GCmust:0 GCrd: 0 Special: 0 mode:0 
band: 731	flow:12	valid:   0.0	erases:  123 [  4%] 	age:    0	GCcan:0 GCmust:0 GCrd: 0 Special: 0 mode:0 
band: 732	flow: 5	valid:  61.2	erases:   86 [  2%] 	age:    1	GCcan:1 GCmust:0 GCrd: 0 Special: 0 mode:0 
band: 733	flow:12	valid:   0.0	erases:  111 [  3%] 	age:    0	GCcan:0 GCmust:0 GCrd: 0 Special: 0 mode:0 
band: 734	flow: 5	valid:  99.6	erases:   89 [  2%] 	age:    1	GCcan:1 GCmust:0 GCrd: 0 Special: 0 mode:0 
band: 735	flow: 5	valid:  24.3	erases:  112 [  3%] 	age:    0	GCcan:1 GCmust:0 GCrd: 0 Special: 0 mode:0 
band: 736	flow:12	valid:   0.0	erases:  121 [  4%] 	age:    0	GCcan:0 GCmust:0 GCrd: 0 Special: 0 mode:0 
band: 737	flow:20	valid:    NA	erases:  111 [  3%] 	age:    0	GCcan:0 GCmust:0 GCrd: 0 Special: 0 mode:0 
band: 738	flow: 5	valid:  20.1	erases:  113 [  3%] 	age:    0	GCcan:1 GCmust:0 GCrd: 0 Special: 0 mode:0 
band: 739	flow: 5	valid:  45.0	erases:   90 [  3%] 	age:    0	GCcan:1 GCmust:0 GCrd: 0 Special: 0 mode:0 
band: 740	flow: 5	valid:  23.4	erases:  113 [  3%] 	age:    0	GCcan:1 GCmust:0 GCrd: 0 Special: 0 mode:0 
band: 741	flow:12	valid:   0.0	erases:  118 [  3%] 	age:    0	GCcan:0 GCmust:0 GCrd: 0 Special: 0 mode:0 
band: 742	flow:12	valid:   0.0	erases:  116 [  3%] 	age:    0	GCcan:0 GCmust:0 GCrd: 0 Special: 0 mode:0 
band: 743	flow:12	valid:   0.0	erases:  118 [  3%] 	age:    0	GCcan:0 GCmust:0 GCrd: 0 Special: 0 mode:0 
band: 744	flow:20	valid:    NA	erases:   77 [  2%] 	age:    0	GCcan:0 GCmust:0 GCrd: 0 Special: 0 mode:0 
band: 745	flow: 5	valid:  27.1	erases:   95 [  3%] 	age:    1	GCcan:1 GCmust:0 GCrd: 0 Special: 0 mode:0 
band: 746	flow:20	valid:    NA	erases:   76 [  2%] 	age:    0	GCcan:0 GCmust:0 GCrd: 0 Special: 0 mode:0 
band: 747	flow: 5	valid:  63.8	erases:   75 [  2%] 	age:    1	GCcan:1 GCmust:0 GCrd: 0 Special: 0 mode:0 
band: 748	flow:12	valid:   0.0	erases:  127 [  4%] 	age:    0	GCcan:0 GCmust:0 GCrd: 0 Special: 0 mode:0 
band: 749	flow: 5	valid:  49.9	erases:   77 [  2%] 	age:    0	GCcan:1 GCmust:0 GCrd: 0 Special: 0 mode:0 
band: 750	flow: 5	valid:  99.6	erases:  114 [  3%] 	age:    1	GCcan:1 GCmust:0 GCrd: 0 Special: 0 mode:0 
band: 751	flow: 5	valid:  69.6	erases:   93 [  3%] 	age:    1	GCcan:1 GCmust:0 GCrd: 0 Special: 0 mode:0 
band: 752	flow: 5	valid:  33.3	erases:   79 [  2%] 	age:    1	GCcan:1 GCmust:0 GCrd: 0 Special: 0 mode:0 
band: 753	flow: 5	valid:  86.4	erases:   85 [  2%] 	age:    1	GCcan:1 GCmust:0 GCrd: 0 Special: 0 mode:0 
band: 754	flow:12	valid:   0.0	erases:  128 [  4%] 	age:    0	GCcan:0 GCmust:0 GCrd: 0 Special: 0 mode:0 
band: 755	flow: 5	valid:  99.6	erases:   89 [  2%] 	age:    1	GCcan:1 GCmust:0 GCrd: 0 Special: 0 mode:0 
band: 756	flow: 1	valid:  95.4	erases:   76 [  2%] 	age:    1	GCcan:1 GCmust:0 GCrd: 0 Special: 0 mode:0 
band: 757	flow: 5	valid:  29.4	erases:  110 [  3%] 	age:    0	GCcan:1 GCmust:0 GCrd: 0 Special: 0 mode:0 
band: 758	flow: 5	valid:  60.5	erases:   82 [  2%] 	age:    1	GCcan:1 GCmust:0 GCrd: 0 Special: 0 mode:0 
band: 759	flow: 5	valid:  98.2	erases:   79 [  2%] 	age:    1	GCcan:1 GCmust:0 GCrd: 0 Special: 0 mode:0 
band: 760	flow: 5	valid:  40.4	erases:  116 [  3%] 	age:    0	GCcan:1 GCmust:0 GCrd: 0 Special: 0 mode:0 
band: 761	flow: 5	valid:  21.0	erases:  102 [  3%] 	age:    0	GCcan:1 GCmust:0 GCrd: 0 Special: 0 mode:0 
band: 762	flow:12	valid:   0.0	erases:  127 [  4%] 	age:    0	GCcan:0 GCmust:0 GCrd: 0 Special: 0 mode:0 
band: 763	flow: 5	valid:  15.9	erases:  105 [  3%] 	age:    1	GCcan:1 GCmust:0 GCrd: 0 Special: 0 mode:0 
band: 764	flow:20	valid:    NA	erases:  114 [  3%] 	age:    0	GCcan:0 GCmust:0 GCrd: 0 Special: 0 mode:0 
band: 765	flow: 5	valid:  99.6	erases:  113 [  3%] 	age:    0	GCcan:1 GCmust:0 GCrd: 0 Special: 0 mode:0 
band: 766	flow: 5	valid:  69.7	erases:  109 [  3%] 	age:    1	GCcan:1 GCmust:0 GCrd: 0 Special: 0 mode:0 
band: 767	flow: 5	valid:  41.3	erases:   89 [  2%] 	age:    1	GCcan:1 GCmust:0 GCrd: 0 Special: 0 mode:0 
band: 768	flow: 5	valid:  47.1	erases:   98 [  3%] 	age:    1	GCcan:1 GCmust:0 GCrd: 0 Special: 0 mode:0 
band: 769	flow:12	valid:   0.0	erases:  116 [  3%] 	age:    0	GCcan:0 GCmust:0 GCrd: 0 Special: 0 mode:0 
band: 770	flow: 5	valid:  99.6	erases:  102 [  3%] 	age:    0	GCcan:1 GCmust:0 GCrd: 0 Special: 0 mode:0 
band: 771	flow: 5	valid:  34.5	erases:  104 [  3%] 	age:    0	GCcan:1 GCmust:0 GCrd: 0 Special: 0 mode:0 
band: 772	flow:12	valid:   0.0	erases:  116 [  3%] 	age:    0	GCcan:0 GCmust:0 GCrd: 0 Special: 0 mode:0 
band: 773	flow:12	valid:   0.0	erases:  116 [  3%] 	age:    0	GCcan:0 GCmust:0 GCrd: 0 Special: 0 mode:0 
band: 774	flow: 5	valid:  25.8	erases:  110 [  3%] 	age:    0	GCcan:1 GCmust:0 GCrd: 0 Special: 0 mode:0 
band: 775	flow:12	valid:   0.0	erases:  122 [  4%] 	age:    0	GCcan:0 GCmust:0 GCrd: 0 Special: 0 mode:0 
band: 776	flow: 1	valid:  30.1	erases:   93 [  3%] 	age:    1	GCcan:1 GCmust:0 GCrd: 0 Special: 0 mode:0 
band: 777	flow: 5	valid:  68.0	erases:   96 [  3%] 	age:    1	GCcan:1 GCmust:0 GCrd: 0 Special: 0 mode:0 
band: 778	flow:12	valid:   0.0	erases:  114 [  3%] 	age:    0	GCcan:0 GCmust:0 GCrd: 0 Special: 0 mode:0 
band: 779	flow: 5	valid:  55.6	erases:  108 [  3%] 	age:    1	GCcan:1 GCmust:0 GCrd: 0 Special: 0 mode:0 
band: 780	flow: 5	valid:  63.1	erases:   88 [  2%] 	age:    1	GCcan:1 GCmust:0 GCrd: 0 Special: 0 mode:0 
band: 781	flow: 5	valid:  18.9	erases:  117 [  3%] 	age:    0	GCcan:1 GCmust:0 GCrd: 0 Special: 0 mode:0 
band: 782	flow: 5	valid:  19.0	erases:  103 [  3%] 	age:    1	GCcan:1 GCmust:0 GCrd: 0 Special: 0 mode:0 
band: 783	flow: 5	valid:  96.2	erases:   85 [  2%] 	age:    1	GCcan:1 GCmust:0 GCrd: 0 Special: 0 mode:0 
band: 784	flow:12	valid:   0.0	erases:  123 [  4%] 	age:    0	GCcan:0 GCmust:0 GCrd: 0 Special: 0 mode:0 
band: 785	flow:12	valid:   0.0	erases:  126 [  4%] 	age:    0	GCcan:0 GCmust:0 GCrd: 0 Special: 0 mode:0 
band: 786	flow: 5	valid:  61.8	erases:  106 [  3%] 	age:    1	GCcan:1 GCmust:0 GCrd: 0 Special: 0 mode:0 
band: 787	flow: 5	valid:  26.9	erases:   84 [  2%] 	age:    1	GCcan:1 GCmust:0 GCrd: 0 Special: 0 mode:0 
band: 788	flow:12	valid:   0.0	erases:  117 [  3%] 	age:    0	GCcan:0 GCmust:0 GCrd: 0 Special: 0 mode:0 
band: 789	flow:20	valid:    NA	erases:   76 [  2%] 	age:    0	GCcan:0 GCmust:0 GCrd: 0 Special: 0 mode:0 
band: 790	flow:20	valid:    NA	erases:   99 [  3%] 	age:    0	GCcan:0 GCmust:0 GCrd: 0 Special: 0 mode:0 
band: 791	flow:12	valid:   0.0	erases:  120 [  4%] 	age:    0	GCcan:0 GCmust:0 GCrd: 0 Special: 0 mode:0 
band: 792	flow: 5	valid:  43.2	erases:   96 [  3%] 	age:    1	GCcan:1 GCmust:0 GCrd: 0 Special: 0 mode:0 
band: 793	flow: 5	valid:  67.3	erases:  105 [  3%] 	age:    0	GCcan:1 GCmust:0 GCrd: 0 Special: 0 mode:0 
band: 794	flow: 5	valid:  27.9	erases:  117 [  3%] 	age:    0	GCcan:1 GCmust:0 GCrd: 0 Special: 0 mode:0 
band: 795	flow: 5	valid:  49.9	erases:   89 [  2%] 	age:    1	GCcan:1 GCmust:0 GCrd: 0 Special: 0 mode:0 
band: 796	flow:12	valid:   0.0	erases:  119 [  3%] 	age:    0	GCcan:0 GCmust:0 GCrd: 0 Special: 0 mode:0 
band: 797	flow:12	valid:   0.0	erases:  118 [  3%] 	age:    0	GCcan:0 GCmust:0 GCrd: 0 Special: 0 mode:0 
band: 798	flow: 5	valid:  35.7	erases:  110 [  3%] 	age:    0	GCcan:1 GCmust:0 GCrd: 0 Special: 0 mode:0 
band: 799	flow: 5	valid:  40.8	erases:  106 [  3%] 	age:    0	GCcan:1 GCmust:0 GCrd: 0 Special: 0 mode:0 
band: 800	flow: 1	valid:  18.1	erases:  113 [  3%] 	age:    0	GCcan:1 GCmust:0 GCrd: 0 Special: 0 mode:0 
band: 801	flow:12	valid:   0.0	erases:  116 [  3%] 	age:    0	GCcan:0 GCmust:0 GCrd: 0 Special: 0 mode:0 
band: 802	flow: 5	valid:  80.9	erases:  101 [  3%] 	age:    0	GCcan:1 GCmust:0 GCrd: 0 Special: 0 mode:0 
band: 803	flow:12	valid:   0.0	erases:  116 [  3%] 	age:    0	GCcan:0 GCmust:0 GCrd: 0 Special: 0 mode:0 
band: 804	flow: 5	valid:  88.1	erases:   80 [  2%] 	age:    1	GCcan:1 GCmust:0 GCrd: 0 Special: 0 mode:0 
band: 805	flow: 5	valid:  54.4	erases:   94 [  3%] 	age:    1	GCcan:1 GCmust:0 GCrd: 0 Special: 0 mode:0 
band: 806	flow: 5	valid:  19.9	erases:   97 [  3%] 	age:    1	GCcan:1 GCmust:0 GCrd: 0 Special: 0 mode:0 
band: 807	flow: 5	valid:  50.4	erases:  114 [  3%] 	age:    0	GCcan:1 GCmust:0 GCrd: 0 Special: 0 mode:0 
band: 808	flow: 7	valid:  98.7	erases:  130 [  4%] 	age:    0	GCcan:1 GCmust:0 GCrd: 0 Special: 0 mode:0 
band: 809	flow:12	valid:   0.0	erases:  119 [  3%] 	age:    0	GCcan:0 GCmust:0 GCrd: 0 Special: 0 mode:0 
band: 810	flow:12	valid:   0.0	erases:  117 [  3%] 	age:    0	GCcan:0 GCmust:0 GCrd: 0 Special: 0 mode:0 
band: 811	flow: 5	valid:  18.1	erases:  108 [  3%] 	age:    1	GCcan:1 GCmust:0 GCrd: 0 Special: 0 mode:0 
band: 812	flow:12	valid:   0.0	erases:  116 [  3%] 	age:    0	GCcan:0 GCmust:0 GCrd: 0 Special: 0 mode:0 
band: 813	flow:12	valid:   0.0	erases:  119 [  3%] 	age:    0	GCcan:0 GCmust:0 GCrd: 0 Special: 0 mode:0 
band: 814	flow: 5	valid:  39.5	erases:   90 [  3%] 	age:    1	GCcan:1 GCmust:0 GCrd: 0 Special: 0 mode:0 
band: 815	flow:12	valid:   0.0	erases:  127 [  4%] 	age:    0	GCcan:0 GCmust:0 GCrd: 0 Special: 0 mode:0 
band: 816	flow:20	valid:    NA	erases:  103 [  3%] 	age:    0	GCcan:0 GCmust:0 GCrd: 0 Special: 0 mode:0 
band: 817	flow: 5	valid:  77.5	erases:   86 [  2%] 	age:    1	GCcan:1 GCmust:0 GCrd: 0 Special: 0 mode:0 
band: 818	flow: 5	valid:  99.6	erases:  101 [  3%] 	age:    0	GCcan:1 GCmust:0 GCrd: 0 Special: 0 mode:0 
band: 819	flow: 5	valid:  59.6	erases:  106 [  3%] 	age:    1	GCcan:1 GCmust:0 GCrd: 0 Special: 0 mode:0 
band: 820	flow:12	valid:   0.0	erases:  124 [  4%] 	age:    0	GCcan:0 GCmust:0 GCrd: 0 Special: 0 mode:0 
band: 821	flow: 5	valid:  77.6	erases:   98 [  3%] 	age:    1	GCcan:1 GCmust:0 GCrd: 0 Special: 0 mode:0 
band: 822	flow:12	valid:   0.0	erases:  128 [  4%] 	age:    0	GCcan:0 GCmust:0 GCrd: 0 Special: 0 mode:0 
band: 823	flow:12	valid:   0.0	erases:  128 [  4%] 	age:    0	GCcan:0 GCmust:0 GCrd: 0 Special: 0 mode:0 
band: 824	flow: 5	valid:  69.6	erases:  108 [  3%] 	age:    1	GCcan:1 GCmust:0 GCrd: 0 Special: 0 mode:0 
band: 825	flow:20	valid:    NA	erases:  105 [  3%] 	age:    0	GCcan:0 GCmust:0 GCrd: 0 Special: 0 mode:0 
band: 826	flow: 5	valid:  96.1	erases:   90 [  3%] 	age:    1	GCcan:1 GCmust:0 GCrd: 0 Special: 0 mode:0 
band: 827	flow:12	valid:   0.0	erases:  120 [  4%] 	age:    0	GCcan:0 GCmust:0 GCrd: 0 Special: 0 mode:0 
band: 828	flow:12	valid:   0.0	erases:  111 [  3%] 	age:    0	GCcan:0 GCmust:0 GCrd: 0 Special: 0 mode:0 
band: 829	flow: 5	valid:  89.5	erases:   84 [  2%] 	age:    1	GCcan:1 GCmust:0 GCrd: 0 Special: 0 mode:0 
band: 830	flow:12	valid:   0.0	erases:  128 [  4%] 	age:    0	GCcan:0 GCmust:0 GCrd: 0 Special: 0 mode:0 
band: 831	flow: 5	valid:  91.4	erases:  117 [  3%] 	age:    1	GCcan:1 GCmust:0 GCrd: 0 Special: 0 mode:0 
band: 832	flow:12	valid:   0.0	erases:  124 [  4%] 	age:    0	GCcan:0 GCmust:0 GCrd: 0 Special: 0 mode:0 
band: 833	flow: 5	valid:  32.4	erases:  109 [  3%] 	age:    0	GCcan:1 GCmust:0 GCrd: 0 Special: 0 mode:0 
band: 834	flow:12	valid:   0.0	erases:  127 [  4%] 	age:    0	GCcan:0 GCmust:0 GCrd: 0 Special: 0 mode:0 
band: 835	flow: 5	valid:  81.4	erases:  110 [  3%] 	age:    0	GCcan:1 GCmust:0 GCrd: 0 Special: 0 mode:0 
band: 836	flow:12	valid:   0.0	erases:  114 [  3%] 	age:    0	GCcan:0 GCmust:0 GCrd: 0 Special: 0 mode:0 
band: 837	flow:20	valid:    NA	erases:   90 [  3%] 	age:    0	GCcan:0 GCmust:0 GCrd: 0 Special: 0 mode:0 
band: 838	flow:12	valid:   0.0	erases:  119 [  3%] 	age:    0	GCcan:0 GCmust:0 GCrd: 0 Special: 0 mode:0 
band: 839	flow: 5	valid:  81.0	erases:   90 [  3%] 	age:    1	GCcan:1 GCmust:0 GCrd: 0 Special: 0 mode:0 
band: 840	flow: 5	valid:  30.5	erases:   78 [  2%] 	age:    0	GCcan:1 GCmust:0 GCrd: 0 Special: 0 mode:0 
band: 841	flow:20	valid:    NA	erases:   97 [  3%] 	age:    0	GCcan:0 GCmust:0 GCrd: 0 Special: 0 mode:0 
band: 842	flow: 5	valid:  32.7	erases:   83 [  2%] 	age:    1	GCcan:1 GCmust:0 GCrd: 0 Special: 0 mode:0 
band: 843	flow:12	valid:   0.0	erases:  122 [  4%] 	age:    0	GCcan:0 GCmust:0 GCrd: 0 Special: 0 mode:0 
band: 844	flow:12	valid:   0.0	erases:  105 [  3%] 	age:    0	GCcan:0 GCmust:0 GCrd: 0 Special: 0 mode:0 
band: 845	flow:12	valid:   0.0	erases:  123 [  4%] 	age:    0	GCcan:0 GCmust:0 GCrd: 0 Special: 0 mode:0 
band: 846	flow: 5	valid:  15.8	erases:  110 [  3%] 	age:    0	GCcan:1 GCmust:0 GCrd: 0 Special: 0 mode:0 
band: 847	flow: 5	valid:  29.1	erases:  114 [  3%] 	age:    0	GCcan:1 GCmust:0 GCrd: 0 Special: 0 mode:0 
band: 848	flow: 5	valid:  58.7	erases:   77 [  2%] 	age:    0	GCcan:1 GCmust:0 GCrd: 0 Special: 0 mode:0 
band: 849	flow: 5	valid:  42.5	erases:  115 [  3%] 	age:    0	GCcan:1 GCmust:0 GCrd: 0 Special: 0 mode:0 
band: 850	flow: 5	valid:  78.9	erases:   80 [  2%] 	age:    1	GCcan:1 GCmust:0 GCrd: 0 Special: 0 mode:0 
band: 851	flow: 5	valid:  26.1	erases:  116 [  3%] 	age:    0	GCcan:1 GCmust:0 GCrd: 0 Special: 0 mode:0 
band: 852	flow:12	valid:   0.0	erases:  117 [  3%] 	age:    0	GCcan:0 GCmust:0 GCrd: 0 Special: 0 mode:0 
band: 853	flow: 5	valid:  51.8	erases:   92 [  3%] 	age:    1	GCcan:1 GCmust:0 GCrd: 0 Special: 0 mode:0 
band: 854	flow: 5	valid:  99.1	erases:   96 [  3%] 	age:    1	GCcan:1 GCmust:0 GCrd: 0 Special: 0 mode:0 
band: 855	flow:20	valid:    NA	erases:  108 [  3%] 	age:    0	GCcan:0 GCmust:0 GCrd: 0 Special: 0 mode:0 
band: 856	flow: 5	valid:  22.9	erases:  109 [  3%] 	age:    0	GCcan:1 GCmust:0 GCrd: 0 Special: 0 mode:0 
band: 857	flow:12	valid:   0.0	erases:  128 [  4%] 	age:    0	GCcan:0 GCmust:0 GCrd: 0 Special: 0 mode:0 
band: 858	flow: 5	valid:  81.3	erases:   87 [  2%] 	age:    1	GCcan:1 GCmust:0 GCrd: 0 Special: 0 mode:0 
band: 859	flow:20	valid:    NA	erases:   85 [  2%] 	age:    0	GCcan:0 GCmust:0 GCrd: 0 Special: 0 mode:0 
band: 860	flow: 5	valid:  33.8	erases:   88 [  2%] 	age:    1	GCcan:1 GCmust:0 GCrd: 0 Special: 0 mode:0 
band: 861	flow:12	valid:   0.0	erases:  117 [  3%] 	age:    0	GCcan:0 GCmust:0 GCrd: 0 Special: 0 mode:0 
band: 862	flow: 5	valid:  96.6	erases:   76 [  2%] 	age:    1	GCcan:1 GCmust:0 GCrd: 0 Special: 0 mode:0 
band: 863	flow: 5	valid:  86.4	erases:   87 [  2%] 	age:    1	GCcan:1 GCmust:0 GCrd: 0 Special: 0 mode:0 
band: 864	flow:12	valid:   0.0	erases:  125 [  4%] 	age:    0	GCcan:0 GCmust:0 GCrd: 0 Special: 0 mode:0 
band: 865	flow: 5	valid:  33.6	erases:  117 [  3%] 	age:    0	GCcan:1 GCmust:0 GCrd: 0 Special: 0 mode:0 
band: 866	flow: 5	valid:  22.0	erases:  102 [  3%] 	age:    1	GCcan:1 GCmust:0 GCrd: 0 Special: 0 mode:0 
band: 867	flow: 5	valid:  71.2	erases:   89 [  2%] 	age:    1	GCcan:1 GCmust:0 GCrd: 0 Special: 0 mode:0 
band: 868	flow: 5	valid:  51.3	erases:  113 [  3%] 	age:    0	GCcan:1 GCmust:0 GCrd: 0 Special: 0 mode:0 
band: 869	flow: 5	valid:  98.2	erases:   92 [  3%] 	age:    1	GCcan:1 GCmust:0 GCrd: 0 Special: 0 mode:0 
band: 870	flow:12	valid:   0.0	erases:  117 [  3%] 	age:    0	GCcan:0 GCmust:0 GCrd: 0 Special: 0 mode:0 
band: 871	flow: 5	valid:  93.1	erases:   85 [  2%] 	age:    1	GCcan:1 GCmust:0 GCrd: 0 Special: 0 mode:0 
band: 872	flow: 5	valid:  87.7	erases:   85 [  2%] 	age:    1	GCcan:1 GCmust:0 GCrd: 0 Special: 0 mode:0 
band: 873	flow: 5	valid:  60.1	erases:   89 [  2%] 	age:    1	GCcan:1 GCmust:0 GCrd: 0 Special: 0 mode:0 
band: 874	flow: 5	valid:  74.4	erases:   97 [  3%] 	age:    1	GCcan:1 GCmust:0 GCrd: 0 Special: 0 mode:0 
band: 875	flow:12	valid:   0.0	erases:  117 [  3%] 	age:    0	GCcan:0 GCmust:0 GCrd: 0 Special: 0 mode:0 
band: 876	flow: 5	valid:  27.8	erases:  102 [  3%] 	age:    1	GCcan:1 GCmust:0 GCrd: 0 Special: 0 mode:0 
band: 877	flow:20	valid:    NA	erases:  105 [  3%] 	age:    0	GCcan:0 GCmust:0 GCrd: 0 Special: 0 mode:0 
band: 878	flow:12	valid:   0.0	erases:  121 [  4%] 	age:    0	GCcan:0 GCmust:0 GCrd: 0 Special: 0 mode:0 
band: 879	flow:12	valid:   0.0	erases:  117 [  3%] 	age:    0	GCcan:0 GCmust:0 GCrd: 0 Special: 0 mode:0 
band: 880	flow: 5	valid:  79.0	erases:   79 [  2%] 	age:    1	GCcan:1 GCmust:0 GCrd: 0 Special: 0 mode:0 
band: 881	flow:12	valid:   0.0	erases:  116 [  3%] 	age:    0	GCcan:0 GCmust:0 GCrd: 0 Special: 0 mode:0 
band: 882	flow: 5	valid:  95.5	erases:   98 [  3%] 	age:    1	GCcan:1 GCmust:0 GCrd: 0 Special: 0 mode:0 
band: 883	flow:12	valid:   0.0	erases:  117 [  3%] 	age:    0	GCcan:0 GCmust:0 GCrd: 0 Special: 0 mode:0 
band: 884	flow:12	valid:   0.0	erases:  116 [  3%] 	age:    0	GCcan:0 GCmust:0 GCrd: 0 Special: 0 mode:0 
band: 885	flow: 6	valid:  18.2	erases:  119 [  3%] 	age:    1	GCcan:1 GCmust:0 GCrd: 0 Special: 0 mode:0 
band: 886	flow:12	valid:   0.0	erases:  120 [  4%] 	age:    0	GCcan:0 GCmust:0 GCrd: 0 Special: 0 mode:0 
band: 887	flow: 5	valid:  37.0	erases:   94 [  3%] 	age:    1	GCcan:1 GCmust:0 GCrd: 0 Special: 0 mode:0 
band: 888	flow:12	valid:   0.0	erases:  122 [  4%] 	age:    0	GCcan:0 GCmust:0 GCrd: 0 Special: 0 mode:0 
band: 889	flow:12	valid:   0.0	erases:  119 [  3%] 	age:    0	GCcan:0 GCmust:0 GCrd: 0 Special: 0 mode:0 
band: 890	flow: 1	valid:  32.1	erases:   80 [  2%] 	age:    0	GCcan:1 GCmust:0 GCrd: 0 Special: 0 mode:0 
band: 891	flow:12	valid:   0.0	erases:  118 [  3%] 	age:    0	GCcan:0 GCmust:0 GCrd: 0 Special: 0 mode:0 
band: 892	flow:12	valid:   0.0	erases:  119 [  3%] 	age:    0	GCcan:0 GCmust:0 GCrd: 0 Special: 0 mode:0 
band: 893	flow: 5	valid:  96.9	erases:   99 [  3%] 	age:    1	GCcan:1 GCmust:0 GCrd: 0 Special: 0 mode:0 
band: 894	flow: 5	valid:  27.7	erases:   84 [  2%] 	age:    1	GCcan:1 GCmust:0 GCrd: 0 Special: 0 mode:0 
band: 895	flow: 5	valid:  53.8	erases:   88 [  2%] 	age:    1	GCcan:1 GCmust:0 GCrd: 0 Special: 0 mode:0 
band: 896	flow: 5	valid:  58.1	erases:  101 [  3%] 	age:    1	GCcan:1 GCmust:0 GCrd: 0 Special: 0 mode:0 
band: 897	flow:20	valid:    NA	erases:  101 [  3%] 	age:    0	GCcan:0 GCmust:0 GCrd: 0 Special: 0 mode:0 
band: 898	flow: 5	valid:  31.2	erases:  109 [  3%] 	age:    1	GCcan:1 GCmust:0 GCrd: 0 Special: 0 mode:0 
band: 899	flow:12	valid:   0.0	erases:  116 [  3%] 	age:    0	GCcan:0 GCmust:0 GCrd: 0 Special: 0 mode:0 
band: 900	flow: 5	valid:  26.8	erases:   84 [  2%] 	age:    1	GCcan:1 GCmust:0 GCrd: 0 Special: 0 mode:0 
band: 901	flow: 5	valid:  17.3	erases:   84 [  2%] 	age:    1	GCcan:1 GCmust:0 GCrd: 0 Special: 0 mode:0 
band: 902	flow:20	valid:    NA	erases:  107 [  3%] 	age:    0	GCcan:0 GCmust:0 GCrd: 0 Special: 0 mode:0 
band: 903	flow: 5	valid:  99.6	erases:  107 [  3%] 	age:    0	GCcan:1 GCmust:0 GCrd: 0 Special: 0 mode:0 
band: 904	flow: 5	valid:  75.7	erases:   91 [  3%] 	age:    1	GCcan:1 GCmust:0 GCrd: 0 Special: 0 mode:0 
band: 905	flow:12	valid:   0.0	erases:  116 [  3%] 	age:    0	GCcan:0 GCmust:0 GCrd: 0 Special: 0 mode:0 
band: 906	flow:20	valid:    NA	erases:  114 [  3%] 	age:    0	GCcan:0 GCmust:0 GCrd: 0 Special: 0 mode:0 
band: 907	flow: 5	valid:  85.3	erases:  111 [  3%] 	age:    1	GCcan:1 GCmust:0 GCrd: 0 Special: 0 mode:0 
band: 908	flow:20	valid:    NA	erases:   76 [  2%] 	age:    0	GCcan:0 GCmust:0 GCrd: 0 Special: 0 mode:0 
band: 909	flow:12	valid:   0.0	erases:  117 [  3%] 	age:    0	GCcan:0 GCmust:0 GCrd: 0 Special: 0 mode:0 
band: 910	flow:20	valid:    NA	erases:   99 [  3%] 	age:    0	GCcan:0 GCmust:0 GCrd: 0 Special: 0 mode:0 
band: 911	flow: 5	valid:  18.3	erases:  103 [  3%] 	age:    1	GCcan:1 GCmust:0 GCrd: 0 Special: 0 mode:0 
band: 912	flow:20	valid:    NA	erases:  100 [  3%] 	age:    0	GCcan:0 GCmust:0 GCrd: 0 Special: 0 mode:0 
band: 913	flow: 5	valid:  76.8	erases:   96 [  3%] 	age:    1	GCcan:1 GCmust:0 GCrd: 0 Special: 0 mode:0 
band: 914	flow: 5	valid:  37.2	erases:   94 [  3%] 	age:    0	GCcan:1 GCmust:0 GCrd: 0 Special: 0 mode:0 
band: 915	flow:12	valid:   0.0	erases:  119 [  3%] 	age:    0	GCcan:0 GCmust:0 GCrd: 0 Special: 0 mode:0 
band: 916	flow: 5	valid:  29.8	erases:   91 [  3%] 	age:    0	GCcan:1 GCmust:0 GCrd: 0 Special: 0 mode:0 
band: 917	flow: 5	valid:  43.6	erases:  112 [  3%] 	age:    0	GCcan:1 GCmust:0 GCrd: 0 Special: 0 mode:0 
band: 918	flow: 5	valid:  80.7	erases:   88 [  2%] 	age:    1	GCcan:1 GCmust:0 GCrd: 0 Special: 0 mode:0 
band: 919	flow: 5	valid:  62.7	erases:   88 [  2%] 	age:    1	GCcan:1 GCmust:0 GCrd: 0 Special: 0 mode:0 
band: 920	flow: 5	valid:  25.8	erases:  102 [  3%] 	age:    1	GCcan:1 GCmust:0 GCrd: 0 Special: 0 mode:0 
band: 921	flow: 5	valid:  43.0	erases:  109 [  3%] 	age:    0	GCcan:1 GCmust:0 GCrd: 0 Special: 0 mode:0 
band: 922	flow:20	valid:    NA	erases:   76 [  2%] 	age:    0	GCcan:0 GCmust:0 GCrd: 0 Special: 0 mode:0 
band: 923	flow: 5	valid:  94.2	erases:   91 [  3%] 	age:    1	GCcan:1 GCmust:0 GCrd: 0 Special: 0 mode:0 
band: 924	flow: 5	valid:  24.3	erases:   98 [  3%] 	age:    0	GCcan:1 GCmust:0 GCrd: 0 Special: 0 mode:0 
band: 925	flow: 5	valid:  25.6	erases:   89 [  2%] 	age:    1	GCcan:1 GCmust:0 GCrd: 0 Special: 0 mode:0 
band: 926	flow:12	valid:   0.0	erases:  119 [  3%] 	age:    0	GCcan:0 GCmust:0 GCrd: 0 Special: 0 mode:0 
band: 927	flow:12	valid:   0.0	erases:  105 [  3%] 	age:    0	GCcan:0 GCmust:0 GCrd: 0 Special: 0 mode:0 
band: 928	flow: 5	valid:  53.6	erases:  113 [  3%] 	age:    0	GCcan:1 GCmust:0 GCrd: 0 Special: 0 mode:0 
band: 929	flow:12	valid:   0.0	erases:  119 [  3%] 	age:    0	GCcan:0 GCmust:0 GCrd: 0 Special: 0 mode:0 
band: 930	flow: 5	valid:  82.9	erases:   85 [  2%] 	age:    1	GCcan:1 GCmust:0 GCrd: 0 Special: 0 mode:0 
band: 931	flow: 5	valid:  99.6	erases:  109 [  3%] 	age:    0	GCcan:1 GCmust:0 GCrd: 0 Special: 0 mode:0 
band: 932	flow: 1	valid:  50.3	erases:   77 [  2%] 	age:    1	GCcan:1 GCmust:0 GCrd: 0 Special: 0 mode:0 
band: 933	flow: 5	valid:  23.1	erases:   85 [  2%] 	age:    1	GCcan:1 GCmust:0 GCrd: 0 Special: 0 mode:0 
band: 934	flow: 5	valid:  97.0	erases:   90 [  3%] 	age:    1	GCcan:1 GCmust:0 GCrd: 0 Special: 0 mode:0 
band: 935	flow: 5	valid:  99.6	erases:   75 [  2%] 	age:    0	GCcan:1 GCmust:0 GCrd: 0 Special: 0 mode:0 
band: 936	flow: 5	valid:  31.3	erases:   90 [  3%] 	age:    1	GCcan:1 GCmust:0 GCrd: 0 Special: 0 mode:0 
band: 937	flow:12	valid:   0.0	erases:  119 [  3%] 	age:    0	GCcan:0 GCmust:0 GCrd: 0 Special: 0 mode:0 
band: 938	flow:20	valid:    NA	erases:  104 [  3%] 	age:    0	GCcan:0 GCmust:0 GCrd: 0 Special: 0 mode:0 
band: 939	flow: 5	valid:  32.0	erases:   90 [  3%] 	age:    0	GCcan:1 GCmust:0 GCrd: 0 Special: 0 mode:0 
band: 940	flow: 5	valid:  29.8	erases:   81 [  2%] 	age:    1	GCcan:1 GCmust:0 GCrd: 0 Special: 0 mode:0 
band: 941	flow:20	valid:    NA	erases:  104 [  3%] 	age:    0	GCcan:0 GCmust:0 GCrd: 0 Special: 0 mode:0 
band: 942	flow:20	valid:    NA	erases:  112 [  3%] 	age:    0	GCcan:0 GCmust:0 GCrd: 0 Special: 0 mode:0 
band: 943	flow: 5	valid:  97.2	erases:   88 [  2%] 	age:    1	GCcan:1 GCmust:0 GCrd: 0 Special: 0 mode:0 
band: 944	flow:12	valid:   0.0	erases:  121 [  4%] 	age:    0	GCcan:0 GCmust:0 GCrd: 0 Special: 0 mode:0 
band: 945	flow:20	valid:    NA	erases:  103 [  3%] 	age:    0	GCcan:0 GCmust:0 GCrd: 0 Special: 0 mode:0 
band: 946	flow: 5	valid:  91.7	erases:   94 [  3%] 	age:    0	GCcan:1 GCmust:0 GCrd: 0 Special: 0 mode:0 
band: 947	flow: 5	valid:  96.0	erases:   85 [  2%] 	age:    1	GCcan:1 GCmust:0 GCrd: 0 Special: 0 mode:0 
band: 948	flow: 5	valid:  32.7	erases:   88 [  2%] 	age:    1	GCcan:1 GCmust:0 GCrd: 0 Special: 0 mode:0 
band: 949	flow:12	valid:   0.0	erases:  120 [  4%] 	age:    0	GCcan:0 GCmust:0 GCrd: 0 Special: 0 mode:0 
band: 950	flow:12	valid:   0.0	erases:  118 [  3%] 	age:    0	GCcan:0 GCmust:0 GCrd: 0 Special: 0 mode:0 
band: 951	flow: 5	valid:  90.2	erases:  101 [  3%] 	age:    1	GCcan:1 GCmust:0 GCrd: 0 Special: 0 mode:0 
band: 952	flow:12	valid:   0.0	erases:  119 [  3%] 	age:    0	GCcan:0 GCmust:0 GCrd: 0 Special: 0 mode:0 
band: 953	flow: 5	valid:  36.9	erases:   95 [  3%] 	age:    1	GCcan:1 GCmust:0 GCrd: 0 Special: 0 mode:0 
band: 954	flow: 5	valid:  81.4	erases:  114 [  3%] 	age:    0	GCcan:1 GCmust:0 GCrd: 0 Special: 0 mode:0 
band: 955	flow: 5	valid:  26.9	erases:  113 [  3%] 	age:    0	GCcan:1 GCmust:0 GCrd: 0 Special: 0 mode:0 
band: 956	flow: 7	valid:  99.5	erases:  132 [  4%] 	age:    1	GCcan:1 GCmust:0 GCrd: 0 Special: 0 mode:0 
band: 957	flow: 5	valid:  26.5	erases:  116 [  3%] 	age:    0	GCcan:1 GCmust:0 GCrd: 0 Special: 0 mode:0 
band: 958	flow: 5	valid:  52.3	erases:   93 [  3%] 	age:    1	GCcan:1 GCmust:0 GCrd: 0 Special: 0 mode:0 
band: 959	flow: 5	valid:  65.2	erases:   96 [  3%] 	age:    1	GCcan:1 GCmust:0 GCrd: 0 Special: 0 mode:0 
band: 960	flow:12	valid:   0.0	erases:  116 [  3%] 	age:    0	GCcan:0 GCmust:0 GCrd: 0 Special: 0 mode:0 
band: 961	flow: 5	valid:  98.2	erases:   95 [  3%] 	age:    1	GCcan:1 GCmust:0 GCrd: 0 Special: 0 mode:0 
band: 962	flow:12	valid:   0.0	erases:  112 [  3%] 	age:    0	GCcan:0 GCmust:0 GCrd: 0 Special: 0 mode:0 
band: 963	flow: 1	valid:  35.4	erases:  112 [  3%] 	age:    0	GCcan:1 GCmust:0 GCrd: 0 Special: 0 mode:0 
band: 964	flow:12	valid:   0.0	erases:  119 [  3%] 	age:    0	GCcan:0 GCmust:0 GCrd: 0 Special: 0 mode:0 
band: 965	flow: 7	valid:  99.6	erases:  130 [  4%] 	age:    0	GCcan:1 GCmust:0 GCrd: 0 Special: 0 mode:0 
band: 966	flow: 5	valid:  24.7	erases:   84 [  2%] 	age:    1	GCcan:1 GCmust:0 GCrd: 0 Special: 0 mode:0 
band: 967	flow:20	valid:    NA	erases:   95 [  3%] 	age:    0	GCcan:0 GCmust:0 GCrd: 0 Special: 0 mode:0 
band: 968	flow:12	valid:   0.0	erases:  120 [  4%] 	age:    0	GCcan:0 GCmust:0 GCrd: 0 Special: 0 mode:0 
band: 969	flow: 5	valid:  69.4	erases:  104 [  3%] 	age:    0	GCcan:1 GCmust:0 GCrd: 0 Special: 0 mode:0 
band: 970	flow:12	valid:   0.0	erases:  111 [  3%] 	age:    0	GCcan:0 GCmust:0 GCrd: 0 Special: 0 mode:0 
band: 971	flow: 5	valid:  77.9	erases:  104 [  3%] 	age:    0	GCcan:1 GCmust:0 GCrd: 0 Special: 0 mode:0 
band: 972	flow: 5	valid:  48.8	erases:  109 [  3%] 	age:    0	GCcan:1 GCmust:0 GCrd: 0 Special: 0 mode:0 
band: 973	flow: 5	valid:  16.1	erases:   93 [  3%] 	age:    1	GCcan:1 GCmust:0 GCrd: 0 Special: 0 mode:0 
band: 974	flow: 5	valid:  35.7	erases:  107 [  3%] 	age:    1	GCcan:1 GCmust:0 GCrd: 0 Special: 0 mode:0 
band: 975	flow: 5	valid:  84.8	erases:   78 [  2%] 	age:    0	GCcan:1 GCmust:0 GCrd: 0 Special: 0 mode:0 
band: 976	flow:20	valid:    NA	erases:  107 [  3%] 	age:    0	GCcan:0 GCmust:0 GCrd: 0 Special: 0 mode:0 
band: 977	flow:12	valid:   0.0	erases:  111 [  3%] 	age:    0	GCcan:0 GCmust:0 GCrd: 0 Special: 0 mode:0 
band: 978	flow: 5	valid:  42.3	erases:  108 [  3%] 	age:    0	GCcan:1 GCmust:0 GCrd: 0 Special: 0 mode:0 
band: 979	flow: 5	valid:  50.4	erases:  104 [  3%] 	age:    1	GCcan:1 GCmust:0 GCrd: 0 Special: 0 mode:0 
band: 980	flow: 1	valid:  24.9	erases:  102 [  3%] 	age:    0	GCcan:1 GCmust:0 GCrd: 0 Special: 0 mode:0 
band: 981	flow:20	valid:    NA	erases:   77 [  2%] 	age:    0	GCcan:0 GCmust:0 GCrd: 0 Special: 0 mode:0 
band: 982	flow:12	valid:   0.0	erases:  116 [  3%] 	age:    0	GCcan:0 GCmust:0 GCrd: 0 Special: 0 mode:0 
band: 983	flow:12	valid:   0.0	erases:  116 [  3%] 	age:    0	GCcan:0 GCmust:0 GCrd: 0 Special: 0 mode:0 
band: 984	flow: 7	valid:  99.6	erases:  130 [  4%] 	age:    0	GCcan:1 GCmust:0 GCrd: 0 Special: 0 mode:0 
band: 985	flow: 5	valid:  19.3	erases:   82 [  2%] 	age:    1	GCcan:1 GCmust:0 GCrd: 0 Special: 0 mode:0 
band: 986	flow:12	valid:   0.0	erases:  128 [  4%] 	age:    0	GCcan:0 GCmust:0 GCrd: 0 Special: 0 mode:0 
band: 987	flow: 5	valid:  35.4	erases:  110 [  3%] 	age:    0	GCcan:1 GCmust:0 GCrd: 0 Special: 0 mode:0 
band: 988	flow: 5	valid:  95.7	erases:  104 [  3%] 	age:    0	GCcan:1 GCmust:0 GCrd: 0 Special: 0 mode:0 
band: 989	flow:12	valid:   0.0	erases:  119 [  3%] 	age:    0	GCcan:0 GCmust:0 GCrd: 0 Special: 0 mode:0 
band: 990	flow: 5	valid:  19.9	erases:  111 [  3%] 	age:    0	GCcan:1 GCmust:0 GCrd: 0 Special: 0 mode:0 
band: 991	flow: 1	valid:  26.3	erases:   76 [  2%] 	age:    1	GCcan:1 GCmust:0 GCrd: 0 Special: 0 mode:0 
band: 992	flow: 5	valid:  32.2	erases:   97 [  3%] 	age:    0	GCcan:1 GCmust:0 GCrd: 0 Special: 0 mode:0 
band: 993	flow:12	valid:   0.0	erases:  125 [  4%] 	age:    0	GCcan:0 GCmust:0 GCrd: 0 Special: 0 mode:0 
band: 994	flow: 5	valid:  39.7	erases:  101 [  3%] 	age:    1	GCcan:1 GCmust:0 GCrd: 0 Special: 0 mode:0 
band: 995	flow:12	valid:   0.0	erases:  118 [  3%] 	age:    0	GCcan:0 GCmust:0 GCrd: 0 Special: 0 mode:0 
band: 996	flow: 5	valid:  69.2	erases:   87 [  2%] 	age:    1	GCcan:1 GCmust:0 GCrd: 0 Special: 0 mode:0 
band: 997	flow: 5	valid:  64.3	erases:  115 [  3%] 	age:    0	GCcan:1 GCmust:0 GCrd: 0 Special: 0 mode:0 
band: 998	flow:12	valid:   0.0	erases:  109 [  3%] 	age:    0	GCcan:0 GCmust:0 GCrd: 0 Special: 0 mode:0 
band: 999	flow: 5	valid:  90.1	erases:   85 [  2%] 	age:    1	GCcan:1 GCmust:0 GCrd: 0 Special: 0 mode:0 
band:1000	flow:20	valid:    NA	erases:   93 [  3%] 	age:    0	GCcan:0 GCmust:0 GCrd: 0 Special: 0 mode:0 
band:1001	flow: 5	valid:  99.6	erases:   83 [  2%] 	age:    1	GCcan:1 GCmust:0 GCrd: 0 Special: 0 mode:0 
band:1002	flow: 5	valid:  17.9	erases:   95 [  3%] 	age:    1	GCcan:1 GCmust:0 GCrd: 0 Special: 0 mode:0 
band:1003	flow: 5	valid:  61.5	erases:   90 [  3%] 	age:    1	GCcan:1 GCmust:0 GCrd: 0 Special: 0 mode:0 
band:1004	flow:12	valid:   0.0	erases:  128 [  4%] 	age:    0	GCcan:0 GCmust:0 GCrd: 0 Special: 0 mode:0 
band:1005	flow:12	valid:   0.0	erases:  116 [  3%] 	age:    0	GCcan:0 GCmust:0 GCrd: 0 Special: 0 mode:0 
band:1006	flow:12	valid:   0.0	erases:  119 [  3%] 	age:    0	GCcan:0 GCmust:0 GCrd: 0 Special: 0 mode:0 
band:1007	flow: 5	valid:  31.9	erases:   80 [  2%] 	age:    1	GCcan:1 GCmust:0 GCrd: 0 Special: 0 mode:0 
band:1008	flow: 7	valid:  99.1	erases:  134 [  4%] 	age:    0	GCcan:1 GCmust:0 GCrd: 0 Special: 0 mode:0 
band:1009	flow: 5	valid:  99.6	erases:  108 [  3%] 	age:    0	GCcan:1 GCmust:0 GCrd: 0 Special: 0 mode:0 
band:1010	flow: 5	valid:  29.8	erases:   87 [  2%] 	age:    1	GCcan:1 GCmust:0 GCrd: 0 Special: 0 mode:0 
band:1011	flow:12	valid:   0.0	erases:  116 [  3%] 	age:    0	GCcan:0 GCmust:0 GCrd: 0 Special: 0 mode:0 
band:1012	flow: 5	valid:  45.7	erases:   91 [  3%] 	age:    0	GCcan:1 GCmust:0 GCrd: 0 Special: 0 mode:0 
band:1013	flow: 5	valid:  49.1	erases:   96 [  3%] 	age:    1	GCcan:1 GCmust:0 GCrd: 0 Special: 0 mode:0 
band:1014	flow: 5	valid:  23.8	erases:  109 [  3%] 	age:    0	GCcan:1 GCmust:0 GCrd: 0 Special: 0 mode:0 
band:1015	flow:12	valid:   0.0	erases:  127 [  4%] 	age:    0	GCcan:0 GCmust:0 GCrd: 0 Special: 0 mode:0 
band:1016	flow:20	valid:    NA	erases:   98 [  3%] 	age:    0	GCcan:0 GCmust:0 GCrd: 0 Special: 0 mode:0 
band:1017	flow: 5	valid:  23.3	erases:  108 [  3%] 	age:    0	GCcan:1 GCmust:0 GCrd: 0 Special: 0 mode:0 
band:1018	flow: 5	valid:  82.3	erases:  117 [  3%] 	age:    0	GCcan:1 GCmust:0 GCrd: 0 Special: 0 mode:0 
band:1019	flow: 5	valid:  67.8	erases:   84 [  2%] 	age:    0	GCcan:1 GCmust:0 GCrd: 0 Special: 0 mode:0 
band:1020	flow: 5	valid:  86.4	erases:   99 [  3%] 	age:    1	GCcan:1 GCmust:0 GCrd: 0 Special: 0 mode:0 
band:1021	flow: 5	valid:  73.3	erases:  115 [  3%] 	age:    0	GCcan:1 GCmust:0 GCrd: 0 Special: 0 mode:0 
band:1022	flow: 5	valid:  91.3	erases:  119 [  3%] 	age:    1	GCcan:1 GCmust:0 GCrd: 0 Special: 0 mode:0 
band:1023	flow:12	valid:   0.0	erases:  126 [  4%] 	age:    0	GCcan:0 GCmust:0 GCrd: 0 Special: 0 mode:0 
band:1024	flow: 5	valid:  83.1	erases:   84 [  2%] 	age:    1	GCcan:1 GCmust:0 GCrd: 0 Special: 0 mode:0 
band:1025	flow:12	valid:   0.0	erases:  129 [  4%] 	age:    0	GCcan:0 GCmust:0 GCrd: 0 Special: 0 mode:0 
band:1026	flow: 5	valid:  85.7	erases:   91 [  3%] 	age:    1	GCcan:1 GCmust:0 GCrd: 0 Special: 0 mode:0 
band:1027	flow: 5	valid:  67.5	erases:   94 [  3%] 	age:    1	GCcan:1 GCmust:0 GCrd: 0 Special: 0 mode:0 
band:1028	flow:20	valid:    NA	erases:   76 [  2%] 	age:    0	GCcan:0 GCmust:0 GCrd: 0 Special: 0 mode:0 
band:1029	flow:12	valid:   0.0	erases:  126 [  4%] 	age:    0	GCcan:0 GCmust:0 GCrd: 0 Special: 0 mode:0 
band:1030	flow:12	valid:   0.0	erases:  116 [  3%] 	age:    0	GCcan:0 GCmust:0 GCrd: 0 Special: 0 mode:0 
band:1031	flow: 5	valid:  26.6	erases:   83 [  2%] 	age:    1	GCcan:1 GCmust:0 GCrd: 0 Special: 0 mode:0 
band:1032	flow: 5	valid:  34.6	erases:   99 [  3%] 	age:    1	GCcan:1 GCmust:0 GCrd: 0 Special: 0 mode:0 
band:1033	flow:12	valid:   0.0	erases:  123 [  4%] 	age:    0	GCcan:0 GCmust:0 GCrd: 0 Special: 0 mode:0 
band:1034	flow:12	valid:   0.0	erases:  116 [  3%] 	age:    0	GCcan:0 GCmust:0 GCrd: 0 Special: 0 mode:0 
band:1035	flow: 5	valid:  44.7	erases:  110 [  3%] 	age:    0	GCcan:1 GCmust:0 GCrd: 0 Special: 0 mode:0 
band:1036	flow:12	valid:   0.0	erases:  118 [  3%] 	age:    0	GCcan:0 GCmust:0 GCrd: 0 Special: 0 mode:0 
band:1037	flow: 5	valid:  86.9	erases:   84 [  2%] 	age:    1	GCcan:1 GCmust:0 GCrd: 0 Special: 0 mode:0 
band:1038	flow:20	valid:    NA	erases:   77 [  2%] 	age:    0	GCcan:0 GCmust:0 GCrd: 0 Special: 0 mode:0 
band:1039	flow: 5	valid:  52.4	erases:  117 [  3%] 	age:    0	GCcan:1 GCmust:0 GCrd: 0 Special: 0 mode:0 
band:1040	flow:12	valid:   0.0	erases:  116 [  3%] 	age:    0	GCcan:0 GCmust:0 GCrd: 0 Special: 0 mode:0 
band:1041	flow:20	valid:    NA	erases:  110 [  3%] 	age:    0	GCcan:0 GCmust:0 GCrd: 0 Special: 0 mode:0 
band:1042	flow: 5	valid:  32.8	erases:   88 [  2%] 	age:    1	GCcan:1 GCmust:0 GCrd: 0 Special: 0 mode:0 
band:1043	flow:12	valid:   0.0	erases:  117 [  3%] 	age:    0	GCcan:0 GCmust:0 GCrd: 0 Special: 0 mode:0 
band:1044	flow: 5	valid:  26.1	erases:   89 [  2%] 	age:    1	GCcan:1 GCmust:0 GCrd: 0 Special: 0 mode:0 
band:1045	flow: 5	valid:  80.2	erases:   97 [  3%] 	age:    1	GCcan:1 GCmust:0 GCrd: 0 Special: 0 mode:0 
band:1046	flow: 5	valid:  83.1	erases:   88 [  2%] 	age:    1	GCcan:1 GCmust:0 GCrd: 0 Special: 0 mode:0 
band:1047	flow: 1	valid:  22.9	erases:   92 [  3%] 	age:    1	GCcan:1 GCmust:0 GCrd: 0 Special: 0 mode:0 
band:1048	flow:12	valid:   0.0	erases:  114 [  3%] 	age:    0	GCcan:0 GCmust:0 GCrd: 0 Special: 0 mode:0 
band:1049	flow: 7	valid:  99.3	erases:  130 [  4%] 	age:    0	GCcan:1 GCmust:0 GCrd: 0 Special: 0 mode:0 
band:1050	flow:12	valid:   0.0	erases:  120 [  4%] 	age:    0	GCcan:0 GCmust:0 GCrd: 0 Special: 0 mode:0 
band:1051	flow:12	valid:   0.0	erases:  125 [  4%] 	age:    0	GCcan:0 GCmust:0 GCrd: 0 Special: 0 mode:0 
band:1052	flow: 5	valid:  47.9	erases:   88 [  2%] 	age:    1	GCcan:1 GCmust:0 GCrd: 0 Special: 0 mode:0 
band:1053	flow: 5	valid:  16.8	erases:   95 [  3%] 	age:    1	GCcan:1 GCmust:0 GCrd: 0 Special: 0 mode:0 
band:1054	flow: 5	valid:  56.4	erases:   90 [  3%] 	age:    1	GCcan:1 GCmust:0 GCrd: 0 Special: 0 mode:0 
band:1055	flow: 5	valid:  86.2	erases:   92 [  3%] 	age:    1	GCcan:1 GCmust:0 GCrd: 0 Special: 0 mode:0 
band:1056	flow:20	valid:    NA	erases:  113 [  3%] 	age:    0	GCcan:0 GCmust:0 GCrd: 0 Special: 0 mode:0 
band:1057	flow: 5	valid:  83.2	erases:   85 [  2%] 	age:    1	GCcan:1 GCmust:0 GCrd: 0 Special: 0 mode:0 
band:1058	flow:12	valid:   0.0	erases:  124 [  4%] 	age:    0	GCcan:0 GCmust:0 GCrd: 0 Special: 0 mode:0 
band:1059	flow: 5	valid:  69.4	erases:   98 [  3%] 	age:    1	GCcan:1 GCmust:0 GCrd: 0 Special: 0 mode:0 
band:1060	flow: 5	valid:  73.2	erases:   96 [  3%] 	age:    1	GCcan:1 GCmust:0 GCrd: 0 Special: 0 mode:0 
band:1061	flow:12	valid:   0.0	erases:  126 [  4%] 	age:    0	GCcan:0 GCmust:0 GCrd: 0 Special: 0 mode:0 
band:1062	flow:20	valid:    NA	erases:   77 [  2%] 	age:    0	GCcan:0 GCmust:0 GCrd: 0 Special: 0 mode:0 
band:1063	flow: 5	valid:  87.8	erases:   93 [  3%] 	age:    1	GCcan:1 GCmust:0 GCrd: 0 Special: 0 mode:0 
band:1064	flow: 5	valid:  97.4	erases:  101 [  3%] 	age:    1	GCcan:1 GCmust:0 GCrd: 0 Special: 0 mode:0 
band:1065	flow:12	valid:   0.0	erases:  117 [  3%] 	age:    0	GCcan:0 GCmust:0 GCrd: 0 Special: 0 mode:0 
band:1066	flow: 5	valid:  31.0	erases:   75 [  2%] 	age:    1	GCcan:1 GCmust:0 GCrd: 0 Special: 0 mode:0 
band:1067	flow:12	valid:   0.0	erases:  117 [  3%] 	age:    0	GCcan:0 GCmust:0 GCrd: 0 Special: 0 mode:0 
band:1068	flow: 5	valid:  92.3	erases:  109 [  3%] 	age:    0	GCcan:1 GCmust:0 GCrd: 0 Special: 0 mode:0 
band:1069	flow: 5	valid:  35.6	erases:   88 [  2%] 	age:    1	GCcan:1 GCmust:0 GCrd: 0 Special: 0 mode:0 
band:1070	flow: 6	valid:   2.6	erases:  107 [  3%] 	age:    1	GCcan:1 GCmust:0 GCrd: 0 Special: 0 mode:0 
band:1071	flow:20	valid:    NA	erases:   77 [  2%] 	age:    0	GCcan:0 GCmust:0 GCrd: 0 Special: 0 mode:0 
band:1072	flow: 5	valid:  68.6	erases:   96 [  3%] 	age:    1	GCcan:1 GCmust:0 GCrd: 0 Special: 0 mode:0 
band:1073	flow:12	valid:   0.0	erases:  129 [  4%] 	age:    0	GCcan:0 GCmust:0 GCrd: 0 Special: 0 mode:0 
band:1074	flow:12	valid:   0.0	erases:  120 [  4%] 	age:    0	GCcan:0 GCmust:0 GCrd: 0 Special: 0 mode:0 
band:1075	flow: 5	valid:  27.8	erases:   96 [  3%] 	age:    1	GCcan:1 GCmust:0 GCrd: 0 Special: 0 mode:0 
band:1076	flow: 5	valid:  49.0	erases:   88 [  2%] 	age:    1	GCcan:1 GCmust:0 GCrd: 0 Special: 0 mode:0 
band:1077	flow: 5	valid:  16.7	erases:  101 [  3%] 	age:    1	GCcan:1 GCmust:0 GCrd: 0 Special: 0 mode:0 
band:1078	flow: 7	valid:  99.6	erases:  130 [  4%] 	age:    1	GCcan:1 GCmust:0 GCrd: 0 Special: 0 mode:0 
band:1079	flow:20	valid:    NA	erases:  111 [  3%] 	age:    0	GCcan:0 GCmust:0 GCrd: 0 Special: 0 mode:0 
band:1080	flow:20	valid:    NA	erases:  107 [  3%] 	age:    0	GCcan:0 GCmust:0 GCrd: 0 Special: 0 mode:0 
band:1081	flow:12	valid:   0.0	erases:  116 [  3%] 	age:    0	GCcan:0 GCmust:0 GCrd: 0 Special: 0 mode:0 
band:1082	flow:12	valid:   0.0	erases:  127 [  4%] 	age:    0	GCcan:0 GCmust:0 GCrd: 0 Special: 0 mode:0 
band:1083	flow: 5	valid:  37.2	erases:  113 [  3%] 	age:    0	GCcan:1 GCmust:0 GCrd: 0 Special: 0 mode:0 
band:1084	flow:12	valid:   0.0	erases:  124 [  4%] 	age:    0	GCcan:0 GCmust:0 GCrd: 0 Special: 0 mode:0 
band:1085	flow:20	valid:    NA	erases:  104 [  3%] 	age:    0	GCcan:0 GCmust:0 GCrd: 0 Special: 0 mode:0 
band:1086	flow: 5	valid:  34.7	erases:  123 [  4%] 	age:    1	GCcan:1 GCmust:0 GCrd: 0 Special: 0 mode:0 
band:1087	flow: 5	valid:  30.8	erases:  105 [  3%] 	age:    1	GCcan:1 GCmust:0 GCrd: 0 Special: 0 mode:0 
band:1088	flow:20	valid:    NA	erases:  114 [  3%] 	age:    0	GCcan:0 GCmust:0 GCrd: 0 Special: 0 mode:0 
band:1089	flow:12	valid:   0.0	erases:  120 [  4%] 	age:    0	GCcan:0 GCmust:0 GCrd: 0 Special: 0 mode:0 
band:1090	flow: 1	valid:  18.4	erases:   98 [  3%] 	age:    1	GCcan:1 GCmust:0 GCrd: 0 Special: 0 mode:0 
band:1091	flow: 1	valid:  28.1	erases:   99 [  3%] 	age:    1	GCcan:1 GCmust:0 GCrd: 0 Special: 0 mode:0 
band:1092	flow:20	valid:    NA	erases:   92 [  3%] 	age:    0	GCcan:0 GCmust:0 GCrd: 0 Special: 0 mode:0 
band:1093	flow: 5	valid:  21.8	erases:  105 [  3%] 	age:    0	GCcan:1 GCmust:0 GCrd: 0 Special: 0 mode:0 
band:1094	flow: 5	valid:  96.1	erases:   85 [  2%] 	age:    1	GCcan:1 GCmust:0 GCrd: 0 Special: 0 mode:0 
band:1095	flow: 5	valid:  50.3	erases:  100 [  3%] 	age:    1	GCcan:1 GCmust:0 GCrd: 0 Special: 0 mode:0 
band:1096	flow:12	valid:   0.0	erases:  114 [  3%] 	age:    0	GCcan:0 GCmust:0 GCrd: 0 Special: 0 mode:0 
band:1097	flow: 1	valid:  35.5	erases:  101 [  3%] 	age:    0	GCcan:1 GCmust:0 GCrd: 0 Special: 0 mode:0 
band:1098	flow:20	valid:    NA	erases:   76 [  2%] 	age:    0	GCcan:0 GCmust:0 GCrd: 0 Special: 0 mode:0 
band:1099	flow: 5	valid:  19.0	erases:  109 [  3%] 	age:    0	GCcan:1 GCmust:0 GCrd: 0 Special: 0 mode:0 
band:1100	flow: 5	valid:  94.0	erases:   77 [  2%] 	age:    0	GCcan:1 GCmust:0 GCrd: 0 Special: 0 mode:0 
band:1101	flow:12	valid:   0.0	erases:  111 [  3%] 	age:    0	GCcan:0 GCmust:0 GCrd: 0 Special: 0 mode:0 
band:1102	flow: 5	valid:  98.4	erases:   85 [  2%] 	age:    1	GCcan:1 GCmust:0 GCrd: 0 Special: 0 mode:0 
band:1103	flow:12	valid:   0.0	erases:  121 [  4%] 	age:    0	GCcan:0 GCmust:0 GCrd: 0 Special: 0 mode:0 
band:1104	flow: 5	valid:  34.1	erases:   89 [  2%] 	age:    1	GCcan:1 GCmust:0 GCrd: 0 Special: 0 mode:0 
band:1105	flow: 5	valid:  77.6	erases:  109 [  3%] 	age:    0	GCcan:1 GCmust:0 GCrd: 0 Special: 0 mode:0 
band:1106	flow: 5	valid:  92.9	erases:  113 [  3%] 	age:    1	GCcan:1 GCmust:0 GCrd: 0 Special: 0 mode:0 
band:1107	flow: 1	valid:  15.9	erases:   93 [  3%] 	age:    0	GCcan:1 GCmust:0 GCrd: 0 Special: 0 mode:0 
band:1108	flow:12	valid:   0.0	erases:  120 [  4%] 	age:    0	GCcan:0 GCmust:0 GCrd: 0 Special: 0 mode:0 
band:1109	flow: 5	valid:  41.7	erases:  101 [  3%] 	age:    1	GCcan:1 GCmust:0 GCrd: 0 Special: 0 mode:0 
band:1110	flow: 5	valid:  87.9	erases:   86 [  2%] 	age:    1	GCcan:1 GCmust:0 GCrd: 0 Special: 0 mode:0 
band:1111	flow: 5	valid:  37.7	erases:  103 [  3%] 	age:    1	GCcan:1 GCmust:0 GCrd: 0 Special: 0 mode:0 
band:1112	flow:12	valid:   0.0	erases:  119 [  3%] 	age:    0	GCcan:0 GCmust:0 GCrd: 0 Special: 0 mode:0 
band:1113	flow: 5	valid:  67.2	erases:   78 [  2%] 	age:    1	GCcan:1 GCmust:0 GCrd: 0 Special: 0 mode:0 
band:1114	flow: 5	valid:  81.9	erases:  102 [  3%] 	age:    1	GCcan:1 GCmust:0 GCrd: 0 Special: 0 mode:0 
band:1115	flow:12	valid:   0.0	erases:  114 [  3%] 	age:    0	GCcan:0 GCmust:0 GCrd: 0 Special: 0 mode:0 
band:1116	flow:12	valid:   0.0	erases:  131 [  4%] 	age:    0	GCcan:0 GCmust:0 GCrd: 0 Special: 0 mode:0 
band:1117	flow: 5	valid:  37.9	erases:  110 [  3%] 	age:    0	GCcan:1 GCmust:0 GCrd: 0 Special: 0 mode:0 
band:1118	flow:12	valid:   0.0	erases:  129 [  4%] 	age:    0	GCcan:0 GCmust:0 GCrd: 0 Special: 0 mode:0 
band:1119	flow: 5	valid:  45.2	erases:   91 [  3%] 	age:    1	GCcan:1 GCmust:0 GCrd: 0 Special: 0 mode:0 
band:1120	flow: 5	valid:  31.5	erases:   82 [  2%] 	age:    1	GCcan:1 GCmust:0 GCrd: 0 Special: 0 mode:0 
band:1121	flow:20	valid:    NA	erases:  111 [  3%] 	age:    0	GCcan:0 GCmust:0 GCrd: 0 Special: 0 mode:0 
band:1122	flow: 5	valid:  38.4	erases:   95 [  3%] 	age:    1	GCcan:1 GCmust:0 GCrd: 0 Special: 0 mode:0 
band:1123	flow:20	valid:    NA	erases:   99 [  3%] 	age:    0	GCcan:0 GCmust:0 GCrd: 0 Special: 0 mode:0 
band:1124	flow:12	valid:   0.0	erases:  128 [  4%] 	age:    0	GCcan:0 GCmust:0 GCrd: 0 Special: 0 mode:0 
band:1125	flow:12	valid:   0.0	erases:  116 [  3%] 	age:    0	GCcan:0 GCmust:0 GCrd: 0 Special: 0 mode:0 
band:1126	flow:12	valid:   0.0	erases:  122 [  4%] 	age:    0	GCcan:0 GCmust:0 GCrd: 0 Special: 0 mode:0 
band:1127	flow:12	valid:   0.0	erases:  126 [  4%] 	age:    0	GCcan:0 GCmust:0 GCrd: 0 Special: 0 mode:0 
band:1128	flow: 1	valid:  75.8	erases:   76 [  2%] 	age:    1	GCcan:1 GCmust:0 GCrd: 0 Special: 0 mode:0 
band:1129	flow: 5	valid:  42.0	erases:  106 [  3%] 	age:    1	GCcan:1 GCmust:0 GCrd: 0 Special: 0 mode:0 
band:1130	flow: 5	valid:  57.4	erases:   83 [  2%] 	age:    1	GCcan:1 GCmust:0 GCrd: 0 Special: 0 mode:0 
band:1131	flow: 5	valid:  19.9	erases:  102 [  3%] 	age:    1	GCcan:1 GCmust:0 GCrd: 0 Special: 0 mode:0 
band:1132	flow: 5	valid:  21.7	erases:  113 [  3%] 	age:    0	GCcan:1 GCmust:0 GCrd: 0 Special: 0 mode:0 
band:1133	flow:12	valid:   0.0	erases:  124 [  4%] 	age:    0	GCcan:0 GCmust:0 GCrd: 0 Special: 0 mode:0 
band:1134	flow: 5	valid:  17.6	erases:   99 [  3%] 	age:    1	GCcan:1 GCmust:0 GCrd: 0 Special: 0 mode:0 
band:1135	flow: 1	valid:  59.3	erases:  112 [  3%] 	age:    0	GCcan:1 GCmust:0 GCrd: 0 Special: 0 mode:0 
band:1136	flow:12	valid:   0.0	erases:  120 [  4%] 	age:    0	GCcan:0 GCmust:0 GCrd: 0 Special: 0 mode:0 
band:1137	flow: 5	valid:  97.6	erases:   83 [  2%] 	age:    1	GCcan:1 GCmust:0 GCrd: 0 Special: 0 mode:0 
band:1138	flow: 5	valid:  47.8	erases:   82 [  2%] 	age:    1	GCcan:1 GCmust:0 GCrd: 0 Special: 0 mode:0 
band:1139	flow: 5	valid:  21.1	erases:  106 [  3%] 	age:    1	GCcan:1 GCmust:0 GCrd: 0 Special: 0 mode:0 
band:1140	flow:20	valid:    NA	erases:   88 [  2%] 	age:    0	GCcan:0 GCmust:0 GCrd: 0 Special: 0 mode:0 
band:1141	flow:12	valid:   0.0	erases:  119 [  3%] 	age:    0	GCcan:0 GCmust:0 GCrd: 0 Special: 0 mode:0 
band:1142	flow:20	valid:    NA	erases:  103 [  3%] 	age:    0	GCcan:0 GCmust:0 GCrd: 0 Special: 0 mode:0 
band:1143	flow: 5	valid:  25.3	erases:   88 [  2%] 	age:    1	GCcan:1 GCmust:0 GCrd: 0 Special: 0 mode:0 
band:1144	flow: 5	valid:  42.1	erases:   90 [  3%] 	age:    1	GCcan:1 GCmust:0 GCrd: 0 Special: 0 mode:0 
band:1145	flow: 5	valid:  52.4	erases:   91 [  3%] 	age:    0	GCcan:1 GCmust:0 GCrd: 0 Special: 0 mode:0 
band:1146	flow:12	valid:   0.0	erases:  119 [  3%] 	age:    0	GCcan:0 GCmust:0 GCrd: 0 Special: 0 mode:0 
band:1147	flow:20	valid:    NA	erases:  105 [  3%] 	age:    0	GCcan:0 GCmust:0 GCrd: 0 Special: 0 mode:0 
band:1148	flow: 5	valid:  99.6	erases:   83 [  2%] 	age:    1	GCcan:1 GCmust:0 GCrd: 0 Special: 0 mode:0 
band:1149	flow: 5	valid:  34.9	erases:  112 [  3%] 	age:    0	GCcan:1 GCmust:0 GCrd: 0 Special: 0 mode:0 
band:1150	flow: 5	valid:  52.6	erases:   86 [  2%] 	age:    1	GCcan:1 GCmust:0 GCrd: 0 Special: 0 mode:0 
band:1151	flow: 5	valid:  57.2	erases:  108 [  3%] 	age:    0	GCcan:1 GCmust:0 GCrd: 0 Special: 0 mode:0 
band:1152	flow:12	valid:   0.0	erases:  119 [  3%] 	age:    0	GCcan:0 GCmust:0 GCrd: 0 Special: 0 mode:0 
band:1153	flow: 5	valid:  32.9	erases:   99 [  3%] 	age:    1	GCcan:1 GCmust:0 GCrd: 0 Special: 0 mode:0 
band:1154	flow: 5	valid:  28.7	erases:  107 [  3%] 	age:    1	GCcan:1 GCmust:0 GCrd: 0 Special: 0 mode:0 
band:1155	flow: 5	valid:  98.5	erases:  106 [  3%] 	age:    1	GCcan:1 GCmust:0 GCrd: 0 Special: 0 mode:0 
band:1156	flow: 5	valid:  41.0	erases:   88 [  2%] 	age:    1	GCcan:1 GCmust:0 GCrd: 0 Special: 0 mode:0 
band:1157	flow: 5	valid:  68.8	erases:   94 [  3%] 	age:    0	GCcan:1 GCmust:0 GCrd: 0 Special: 0 mode:0 
band:1158	flow: 5	valid:  16.9	erases:  116 [  3%] 	age:    0	GCcan:1 GCmust:0 GCrd: 0 Special: 0 mode:0 
band:1159	flow:20	valid:    NA	erases:  114 [  3%] 	age:    0	GCcan:0 GCmust:0 GCrd: 0 Special: 0 mode:0 
band:1160	flow: 5	valid:  36.2	erases:  110 [  3%] 	age:    0	GCcan:1 GCmust:0 GCrd: 0 Special: 0 mode:0 
band:1161	flow: 5	valid:  40.1	erases:   88 [  2%] 	age:    1	GCcan:1 GCmust:0 GCrd: 0 Special: 0 mode:0 
band:1162	flow:20	valid:    NA	erases:   76 [  2%] 	age:    0	GCcan:0 GCmust:0 GCrd: 0 Special: 0 mode:0 
band:1163	flow: 5	valid:  84.3	erases:  106 [  3%] 	age:    1	GCcan:1 GCmust:0 GCrd: 0 Special: 0 mode:0 
band:1164	flow: 5	valid:  91.6	erases:   94 [  3%] 	age:    1	GCcan:1 GCmust:0 GCrd: 0 Special: 0 mode:0 
band:1165	flow:12	valid:   0.0	erases:  119 [  3%] 	age:    0	GCcan:0 GCmust:0 GCrd: 0 Special: 0 mode:0 
band:1166	flow:12	valid:   0.0	erases:  117 [  3%] 	age:    0	GCcan:0 GCmust:0 GCrd: 0 Special: 0 mode:0 
band:1167	flow:20	valid:    NA	erases:  100 [  3%] 	age:    0	GCcan:0 GCmust:0 GCrd: 0 Special: 0 mode:0 
band:1168	flow:20	valid:    NA	erases:  111 [  3%] 	age:    0	GCcan:0 GCmust:0 GCrd: 0 Special: 0 mode:0 
band:1169	flow: 5	valid:  70.0	erases:   88 [  2%] 	age:    1	GCcan:1 GCmust:0 GCrd: 0 Special: 0 mode:0 
band:1170	flow: 5	valid:  40.9	erases:   75 [  2%] 	age:    1	GCcan:1 GCmust:0 GCrd: 0 Special: 0 mode:0 
band:1171	flow: 5	valid:  74.7	erases:  108 [  3%] 	age:    0	GCcan:1 GCmust:0 GCrd: 0 Special: 0 mode:0 
band:1172	flow: 5	valid:  76.9	erases:  100 [  3%] 	age:    1	GCcan:1 GCmust:0 GCrd: 0 Special: 0 mode:0 
band:1173	flow: 5	valid:  55.9	erases:  113 [  3%] 	age:    0	GCcan:1 GCmust:0 GCrd: 0 Special: 0 mode:0 
band:1174	flow: 5	valid:  40.6	erases:  114 [  3%] 	age:    0	GCcan:1 GCmust:0 GCrd: 0 Special: 0 mode:0 
band:1175	flow: 5	valid:  39.6	erases:  100 [  3%] 	age:    1	GCcan:1 GCmust:0 GCrd: 0 Special: 0 mode:0 
band:1176	flow: 5	valid:  14.9	erases:  113 [  3%] 	age:    0	GCcan:1 GCmust:0 GCrd: 0 Special: 0 mode:0 
band:1177	flow: 5	valid:  69.4	erases:   85 [  2%] 	age:    1	GCcan:1 GCmust:0 GCrd: 0 Special: 0 mode:0 
band:1178	flow:12	valid:   0.0	erases:  117 [  3%] 	age:    0	GCcan:0 GCmust:0 GCrd: 0 Special: 0 mode:0 
band:1179	flow:12	valid:   0.0	erases:  111 [  3%] 	age:    0	GCcan:0 GCmust:0 GCrd: 0 Special: 0 mode:0 
band:1180	flow: 5	valid:  62.5	erases:  105 [  3%] 	age:    0	GCcan:1 GCmust:0 GCrd: 0 Special: 0 mode:0 
band:1181	flow: 5	valid:  27.6	erases:   90 [  3%] 	age:    0	GCcan:1 GCmust:0 GCrd: 0 Special: 0 mode:0 
band:1182	flow:20	valid:    NA	erases:  101 [  3%] 	age:    0	GCcan:0 GCmust:0 GCrd: 0 Special: 0 mode:0 
band:1183	flow: 5	valid:  72.4	erases:  109 [  3%] 	age:    0	GCcan:1 GCmust:0 GCrd: 0 Special: 0 mode:0 
band:1184	flow: 5	valid:  98.8	erases:   87 [  2%] 	age:    1	GCcan:1 GCmust:0 GCrd: 0 Special: 0 mode:0 
band:1185	flow: 5	valid:  83.1	erases:   98 [  3%] 	age:    0	GCcan:1 GCmust:0 GCrd: 0 Special: 0 mode:0 
band:1186	flow: 5	valid:  62.2	erases:  116 [  3%] 	age:    0	GCcan:1 GCmust:0 GCrd: 0 Special: 0 mode:0 
band:1187	flow: 5	valid:  25.8	erases:   96 [  3%] 	age:    1	GCcan:1 GCmust:0 GCrd: 0 Special: 0 mode:0 
band:1188	flow:12	valid:   0.0	erases:  120 [  4%] 	age:    0	GCcan:0 GCmust:0 GCrd: 0 Special: 0 mode:0 
band:1189	flow:20	valid:    NA	erases:  104 [  3%] 	age:    0	GCcan:0 GCmust:0 GCrd: 0 Special: 0 mode:0 
band:1190	flow: 5	valid:  21.3	erases:  109 [  3%] 	age:    0	GCcan:1 GCmust:0 GCrd: 0 Special: 0 mode:0 
band:1191	flow: 5	valid:  67.9	erases:  101 [  3%] 	age:    0	GCcan:1 GCmust:0 GCrd: 0 Special: 0 mode:0 
band:1192	flow: 5	valid:  18.2	erases:  109 [  3%] 	age:    0	GCcan:1 GCmust:0 GCrd: 0 Special: 0 mode:0 
band:1193	flow: 5	valid:  67.2	erases:   85 [  2%] 	age:    1	GCcan:1 GCmust:0 GCrd: 0 Special: 0 mode:0 
band:1194	flow: 5	valid:  81.5	erases:  100 [  3%] 	age:    0	GCcan:1 GCmust:0 GCrd: 0 Special: 0 mode:0 
band:1195	flow: 5	valid:  30.9	erases:  113 [  3%] 	age:    0	GCcan:1 GCmust:0 GCrd: 0 Special: 0 mode:0 
band:1196	flow: 5	valid:  18.6	erases:  105 [  3%] 	age:    0	GCcan:1 GCmust:0 GCrd: 0 Special: 0 mode:0 
band:1197	flow:12	valid:   0.0	erases:  114 [  3%] 	age:    0	GCcan:0 GCmust:0 GCrd: 0 Special: 0 mode:0 
band:1198	flow:12	valid:   0.0	erases:  107 [  3%] 	age:    0	GCcan:0 GCmust:0 GCrd: 0 Special: 0 mode:0 
band:1199	flow: 5	valid:  26.8	erases:  114 [  3%] 	age:    0	GCcan:1 GCmust:0 GCrd: 0 Special: 0 mode:0 
band:1200	flow: 5	valid:  86.0	erases:  110 [  3%] 	age:    0	GCcan:1 GCmust:0 GCrd: 0 Special: 0 mode:0 
band:1201	flow:12	valid:   0.0	erases:  124 [  4%] 	age:    0	GCcan:0 GCmust:0 GCrd: 0 Special: 0 mode:0 
band:1202	flow:12	valid:   0.0	erases:  119 [  3%] 	age:    0	GCcan:0 GCmust:0 GCrd: 0 Special: 0 mode:0 
band:1203	flow: 5	valid:  91.3	erases:   93 [  3%] 	age:    1	GCcan:1 GCmust:0 GCrd: 0 Special: 0 mode:0 
band:1204	flow: 5	valid:  59.9	erases:   95 [  3%] 	age:    1	GCcan:1 GCmust:0 GCrd: 0 Special: 0 mode:0 
band:1205	flow: 5	valid:  91.0	erases:   98 [  3%] 	age:    1	GCcan:1 GCmust:0 GCrd: 0 Special: 0 mode:0 
band:1206	flow: 5	valid:  28.7	erases:   84 [  2%] 	age:    0	GCcan:1 GCmust:0 GCrd: 0 Special: 0 mode:0 
band:1207	flow: 5	valid:  77.1	erases:   87 [  2%] 	age:    1	GCcan:1 GCmust:0 GCrd: 0 Special: 0 mode:0 
band:1208	flow:20	valid:    NA	erases:   76 [  2%] 	age:    0	GCcan:0 GCmust:0 GCrd: 0 Special: 0 mode:0 
band:1209	flow: 5	valid:  94.8	erases:   84 [  2%] 	age:    1	GCcan:1 GCmust:0 GCrd: 0 Special: 0 mode:0 
band:1210	flow:12	valid:   0.0	erases:  122 [  4%] 	age:    0	GCcan:0 GCmust:0 GCrd: 0 Special: 0 mode:0 
band:1211	flow: 5	valid:  23.2	erases:   79 [  2%] 	age:    1	GCcan:1 GCmust:0 GCrd: 0 Special: 0 mode:0 
band:1212	flow:12	valid:   0.0	erases:  120 [  4%] 	age:    0	GCcan:0 GCmust:0 GCrd: 0 Special: 0 mode:0 
band:1213	flow: 5	valid:  16.6	erases:   98 [  3%] 	age:    1	GCcan:1 GCmust:0 GCrd: 0 Special: 0 mode:0 
band:1214	flow: 5	valid:  94.6	erases:  116 [  3%] 	age:    1	GCcan:1 GCmust:0 GCrd: 0 Special: 0 mode:0 
band:1215	flow: 5	valid:  47.8	erases:  112 [  3%] 	age:    0	GCcan:1 GCmust:0 GCrd: 0 Special: 0 mode:0 
band:1216	flow: 5	valid:  40.3	erases:   98 [  3%] 	age:    0	GCcan:1 GCmust:0 GCrd: 0 Special: 0 mode:0 
band:1217	flow: 5	valid:  46.9	erases:   94 [  3%] 	age:    0	GCcan:1 GCmust:0 GCrd: 0 Special: 0 mode:0 
band:1218	flow:20	valid:    NA	erases:  117 [  3%] 	age:    0	GCcan:0 GCmust:0 GCrd: 0 Special: 0 mode:0 
band:1219	flow: 5	valid:  17.0	erases:  111 [  3%] 	age:    0	GCcan:1 GCmust:0 GCrd: 0 Special: 0 mode:0 
band:1220	flow: 5	valid:  60.1	erases:   87 [  2%] 	age:    1	GCcan:1 GCmust:0 GCrd: 0 Special: 0 mode:0 
band:1221	flow: 5	valid:  47.4	erases:  115 [  3%] 	age:    0	GCcan:1 GCmust:0 GCrd: 0 Special: 0 mode:0 
band:1222	flow:12	valid:   0.0	erases:  111 [  3%] 	age:    0	GCcan:0 GCmust:0 GCrd: 0 Special: 0 mode:0 
band:1223	flow: 5	valid:  17.1	erases:   95 [  3%] 	age:    1	GCcan:1 GCmust:0 GCrd: 0 Special: 0 mode:0 
band:1224	flow:20	valid:    NA	erases:   90 [  3%] 	age:    0	GCcan:0 GCmust:0 GCrd: 0 Special: 0 mode:0 
band:1225	flow: 5	valid:  82.6	erases:  109 [  3%] 	age:    1	GCcan:1 GCmust:0 GCrd: 0 Special: 0 mode:0 
band:1226	flow: 5	valid:  19.7	erases:   95 [  3%] 	age:    0	GCcan:1 GCmust:0 GCrd: 0 Special: 0 mode:0 
band:1227	flow: 5	valid:  97.2	erases:  105 [  3%] 	age:    0	GCcan:1 GCmust:0 GCrd: 0 Special: 0 mode:0 
band:1228	flow:12	valid:   0.0	erases:  126 [  4%] 	age:    0	GCcan:0 GCmust:0 GCrd: 0 Special: 0 mode:0 
band:1229	flow: 5	valid:  22.4	erases:  106 [  3%] 	age:    1	GCcan:1 GCmust:0 GCrd: 0 Special: 0 mode:0 
band:1230	flow: 5	valid:  26.9	erases:   97 [  3%] 	age:    1	GCcan:1 GCmust:0 GCrd: 0 Special: 0 mode:0 
band:1231	flow: 5	valid:  96.0	erases:   84 [  2%] 	age:    1	GCcan:1 GCmust:0 GCrd: 0 Special: 0 mode:0 
band:1232	flow: 1	valid:  17.7	erases:  107 [  3%] 	age:    1	GCcan:1 GCmust:0 GCrd: 0 Special: 0 mode:0 
band:1233	flow: 5	valid:  97.2	erases:  104 [  3%] 	age:    0	GCcan:1 GCmust:0 GCrd: 0 Special: 0 mode:0 
band:1234	flow:12	valid:   0.0	erases:  127 [  4%] 	age:    0	GCcan:0 GCmust:0 GCrd: 0 Special: 0 mode:0 
band:1235	flow:12	valid:   0.0	erases:  119 [  3%] 	age:    0	GCcan:0 GCmust:0 GCrd: 0 Special: 0 mode:0 
band:1236	flow: 5	valid:  18.3	erases:  116 [  3%] 	age:    0	GCcan:1 GCmust:0 GCrd: 0 Special: 0 mode:0 
band:1237	flow:12	valid:   0.0	erases:  116 [  3%] 	age:    0	GCcan:0 GCmust:0 GCrd: 0 Special: 0 mode:0 
band:1238	flow:12	valid:   0.0	erases:  127 [  4%] 	age:    0	GCcan:0 GCmust:0 GCrd: 0 Special: 0 mode:0 
band:1239	flow: 5	valid:  64.5	erases:   86 [  2%] 	age:    1	GCcan:1 GCmust:0 GCrd: 0 Special: 0 mode:0 
band:1240	flow:12	valid:   0.0	erases:  114 [  3%] 	age:    0	GCcan:0 GCmust:0 GCrd: 0 Special: 0 mode:0 
band:1241	flow: 5	valid:  74.3	erases:   95 [  3%] 	age:    1	GCcan:1 GCmust:0 GCrd: 0 Special: 0 mode:0 
band:1242	flow:12	valid:   0.0	erases:  116 [  3%] 	age:    0	GCcan:0 GCmust:0 GCrd: 0 Special: 0 mode:0 
band:1243	flow:12	valid:   0.0	erases:  117 [  3%] 	age:    0	GCcan:0 GCmust:0 GCrd: 0 Special: 0 mode:0 
band:1244	flow: 5	valid:  20.0	erases:  109 [  3%] 	age:    1	GCcan:1 GCmust:0 GCrd: 0 Special: 0 mode:0 
band:1245	flow:12	valid:   0.0	erases:  121 [  4%] 	age:    0	GCcan:0 GCmust:0 GCrd: 0 Special: 0 mode:0 
band:1246	flow: 5	valid:  20.3	erases:  105 [  3%] 	age:    1	GCcan:1 GCmust:0 GCrd: 0 Special: 0 mode:0 
band:1247	flow: 5	valid:  44.2	erases:   83 [  2%] 	age:    1	GCcan:1 GCmust:0 GCrd: 0 Special: 0 mode:0 
band:1248	flow: 5	valid:  27.6	erases:   80 [  2%] 	age:    1	GCcan:1 GCmust:0 GCrd: 0 Special: 0 mode:0 
band:1249	flow: 5	valid:  77.6	erases:  103 [  3%] 	age:    0	GCcan:1 GCmust:0 GCrd: 0 Special: 0 mode:0 
band:1250	flow: 5	valid:  71.3	erases:  103 [  3%] 	age:    0	GCcan:1 GCmust:0 GCrd: 0 Special: 0 mode:0 
band:1251	flow:12	valid:   0.0	erases:  122 [  4%] 	age:    0	GCcan:0 GCmust:0 GCrd: 0 Special: 0 mode:0 
band:1252	flow: 1	valid:  24.4	erases:   89 [  2%] 	age:    0	GCcan:1 GCmust:0 GCrd: 0 Special: 0 mode:0 
band:1253	flow: 5	valid:  20.6	erases:  107 [  3%] 	age:    0	GCcan:1 GCmust:0 GCrd: 0 Special: 0 mode:0 
band:1254	flow:12	valid:   0.0	erases:  118 [  3%] 	age:    0	GCcan:0 GCmust:0 GCrd: 0 Special: 0 mode:0 
band:1255	flow: 5	valid:  98.5	erases:  101 [  3%] 	age:    1	GCcan:1 GCmust:0 GCrd: 0 Special: 0 mode:0 
band:1256	flow: 5	valid:  67.1	erases:  102 [  3%] 	age:    1	GCcan:1 GCmust:0 GCrd: 0 Special: 0 mode:0 
band:1257	flow: 1	valid:  23.9	erases:  113 [  3%] 	age:    0	GCcan:1 GCmust:0 GCrd: 0 Special: 0 mode:0 
band:1258	flow:12	valid:   0.0	erases:  121 [  4%] 	age:    0	GCcan:0 GCmust:0 GCrd: 0 Special: 0 mode:0 
band:1259	flow: 5	valid:  31.7	erases:   83 [  2%] 	age:    1	GCcan:1 GCmust:0 GCrd: 0 Special: 0 mode:0 
band:1260	flow:12	valid:   0.0	erases:  118 [  3%] 	age:    0	GCcan:0 GCmust:0 GCrd: 0 Special: 0 mode:0 
band:1261	flow:12	valid:   0.0	erases:  123 [  4%] 	age:    0	GCcan:0 GCmust:0 GCrd: 0 Special: 0 mode:0 
band:1262	flow:20	valid:    NA	erases:  111 [  3%] 	age:    0	GCcan:0 GCmust:0 GCrd: 0 Special: 0 mode:0 
band:1263	flow:20	valid:    NA	erases:  109 [  3%] 	age:    0	GCcan:0 GCmust:0 GCrd: 0 Special: 0 mode:0 
band:1264	flow: 5	valid:  79.1	erases:   98 [  3%] 	age:    1	GCcan:1 GCmust:0 GCrd: 0 Special: 0 mode:0 
band:1265	flow: 5	valid:  21.7	erases:  104 [  3%] 	age:    0	GCcan:1 GCmust:0 GCrd: 0 Special: 0 mode:0 
band:1266	flow: 5	valid:  32.5	erases:  109 [  3%] 	age:    1	GCcan:1 GCmust:0 GCrd: 0 Special: 0 mode:0 
band:1267	flow:20	valid:    NA	erases:   98 [  3%] 	age:    0	GCcan:0 GCmust:0 GCrd: 0 Special: 0 mode:0 
band:1268	flow: 5	valid:  51.2	erases:   94 [  3%] 	age:    0	GCcan:1 GCmust:0 GCrd: 0 Special: 0 mode:0 
band:1269	flow: 5	valid:  26.9	erases:   91 [  3%] 	age:    1	GCcan:1 GCmust:0 GCrd: 0 Special: 0 mode:0 
band:1270	flow: 5	valid:  99.4	erases:   85 [  2%] 	age:    1	GCcan:1 GCmust:0 GCrd: 0 Special: 0 mode:0 
band:1271	flow: 5	valid:  59.3	erases:   96 [  3%] 	age:    1	GCcan:1 GCmust:0 GCrd: 0 Special: 0 mode:0 
band:1272	flow: 5	valid:  83.6	erases:   86 [  2%] 	age:    1	GCcan:1 GCmust:0 GCrd: 0 Special: 0 mode:0 
band:1273	flow: 5	valid:  30.6	erases:  117 [  3%] 	age:    1	GCcan:1 GCmust:0 GCrd: 0 Special: 0 mode:0 
band:1274	flow: 5	valid:  36.1	erases:   99 [  3%] 	age:    0	GCcan:1 GCmust:0 GCrd: 0 Special: 0 mode:0 
band:1275	flow: 5	valid:  25.1	erases:   94 [  3%] 	age:    0	GCcan:1 GCmust:0 GCrd: 0 Special: 0 mode:0 
band:1276	flow:12	valid:   0.0	erases:  115 [  3%] 	age:    0	GCcan:0 GCmust:0 GCrd: 0 Special: 0 mode:0 
band:1277	flow:12	valid:   0.0	erases:  120 [  4%] 	age:    0	GCcan:0 GCmust:0 GCrd: 0 Special: 0 mode:0 
band:1278	flow: 5	valid:  52.1	erases:   96 [  3%] 	age:    1	GCcan:1 GCmust:0 GCrd: 0 Special: 0 mode:0 
band:1279	flow:12	valid:   0.0	erases:  116 [  3%] 	age:    0	GCcan:0 GCmust:0 GCrd: 0 Special: 0 mode:0 
band:1280	flow: 5	valid:  91.4	erases:  103 [  3%] 	age:    0	GCcan:1 GCmust:0 GCrd: 0 Special: 0 mode:0 
band:1281	flow: 5	valid:  77.7	erases:   86 [  2%] 	age:    1	GCcan:1 GCmust:0 GCrd: 0 Special: 0 mode:0 
band:1282	flow: 5	valid:  32.1	erases:  102 [  3%] 	age:    1	GCcan:1 GCmust:0 GCrd: 0 Special: 0 mode:0 
band:1283	flow:20	valid:    NA	erases:  112 [  3%] 	age:    0	GCcan:0 GCmust:0 GCrd: 0 Special: 0 mode:0 
band:1284	flow:12	valid:   0.0	erases:  129 [  4%] 	age:    0	GCcan:0 GCmust:0 GCrd: 0 Special: 0 mode:0 
band:1285	flow: 5	valid:  50.9	erases:  105 [  3%] 	age:    0	GCcan:1 GCmust:0 GCrd: 0 Special: 0 mode:0 
band:1286	flow: 5	valid:  99.5	erases:  113 [  3%] 	age:    0	GCcan:1 GCmust:0 GCrd: 0 Special: 0 mode:0 
band:1287	flow: 5	valid:  75.9	erases:   85 [  2%] 	age:    1	GCcan:1 GCmust:0 GCrd: 0 Special: 0 mode:0 
band:1288	flow: 5	valid:  54.4	erases:  116 [  3%] 	age:    0	GCcan:1 GCmust:0 GCrd: 0 Special: 0 mode:0 
band:1289	flow:20	valid:    NA	erases:  105 [  3%] 	age:    0	GCcan:0 GCmust:0 GCrd: 0 Special: 0 mode:0 
band:1290	flow: 5	valid:  61.1	erases:   95 [  3%] 	age:    0	GCcan:1 GCmust:0 GCrd: 0 Special: 0 mode:0 
band:1291	flow:12	valid:   0.0	erases:  117 [  3%] 	age:    0	GCcan:0 GCmust:0 GCrd: 0 Special: 0 mode:0 
band:1292	flow:12	valid:   0.0	erases:  111 [  3%] 	age:    0	GCcan:0 GCmust:0 GCrd: 0 Special: 0 mode:0 
band:1293	flow: 5	valid:  99.1	erases:   87 [  2%] 	age:    1	GCcan:1 GCmust:0 GCrd: 0 Special: 0 mode:0 
band:1294	flow: 5	valid:  41.5	erases:   83 [  2%] 	age:    1	GCcan:1 GCmust:0 GCrd: 0 Special: 0 mode:0 
band:1295	flow: 5	valid:  88.1	erases:   84 [  2%] 	age:    1	GCcan:1 GCmust:0 GCrd: 0 Special: 0 mode:0 
band:1296	flow: 5	valid:  33.1	erases:   97 [  3%] 	age:    1	GCcan:1 GCmust:0 GCrd: 0 Special: 0 mode:0 
band:1297	flow: 5	valid:  42.3	erases:   89 [  2%] 	age:    1	GCcan:1 GCmust:0 GCrd: 0 Special: 0 mode:0 
band:1298	flow: 1	valid:  39.8	erases:   94 [  3%] 	age:    1	GCcan:1 GCmust:0 GCrd: 0 Special: 0 mode:0 
band:1299	flow:12	valid:   0.0	erases:  117 [  3%] 	age:    0	GCcan:0 GCmust:0 GCrd: 0 Special: 0 mode:0 
band:1300	flow:12	valid:   0.0	erases:  115 [  3%] 	age:    0	GCcan:0 GCmust:0 GCrd: 0 Special: 0 mode:0 
band:1301	flow: 5	valid:  50.0	erases:   75 [  2%] 	age:    1	GCcan:1 GCmust:0 GCrd: 0 Special: 0 mode:0 
band:1302	flow: 5	valid:  33.2	erases:  113 [  3%] 	age:    0	GCcan:1 GCmust:0 GCrd: 0 Special: 0 mode:0 
band:1303	flow: 5	valid:  28.0	erases:   95 [  3%] 	age:    1	GCcan:1 GCmust:0 GCrd: 0 Special: 0 mode:0 
band:1304	flow: 5	valid:  86.9	erases:   83 [  2%] 	age:    1	GCcan:1 GCmust:0 GCrd: 0 Special: 0 mode:0 
band:1305	flow:12	valid:   0.0	erases:  120 [  4%] 	age:    0	GCcan:0 GCmust:0 GCrd: 0 Special: 0 mode:0 
band:1306	flow: 5	valid:  97.6	erases:  111 [  3%] 	age:    1	GCcan:1 GCmust:0 GCrd: 0 Special: 0 mode:0 
band:1307	flow:20	valid:    NA	erases:  101 [  3%] 	age:    0	GCcan:0 GCmust:0 GCrd: 0 Special: 0 mode:0 
band:1308	flow: 5	valid:  83.2	erases:   86 [  2%] 	age:    1	GCcan:1 GCmust:0 GCrd: 0 Special: 0 mode:0 
band:1309	flow: 1	valid:  29.4	erases:   90 [  3%] 	age:    1	GCcan:1 GCmust:0 GCrd: 0 Special: 0 mode:0 
band:1310	flow: 5	valid:  24.7	erases:  101 [  3%] 	age:    1	GCcan:1 GCmust:0 GCrd: 0 Special: 0 mode:0 
band:1311	flow: 5	valid:  17.8	erases:   80 [  2%] 	age:    1	GCcan:1 GCmust:0 GCrd: 0 Special: 0 mode:0 
band:1312	flow:12	valid:   0.0	erases:  114 [  3%] 	age:    0	GCcan:0 GCmust:0 GCrd: 0 Special: 0 mode:0 
band:1313	flow: 5	valid:  58.1	erases:   96 [  3%] 	age:    1	GCcan:1 GCmust:0 GCrd: 0 Special: 0 mode:0 
band:1314	flow: 5	valid:  59.3	erases:   90 [  3%] 	age:    1	GCcan:1 GCmust:0 GCrd: 0 Special: 0 mode:0 
band:1315	flow: 1	valid:  25.3	erases:   76 [  2%] 	age:    1	GCcan:1 GCmust:0 GCrd: 0 Special: 0 mode:0 
band:1316	flow: 1	valid:  25.9	erases:  103 [  3%] 	age:    1	GCcan:1 GCmust:0 GCrd: 0 Special: 0 mode:0 
band:1317	flow: 5	valid:  36.4	erases:   83 [  2%] 	age:    1	GCcan:1 GCmust:0 GCrd: 0 Special: 0 mode:0 
band:1318	flow: 5	valid:  75.6	erases:   89 [  2%] 	age:    1	GCcan:1 GCmust:0 GCrd: 0 Special: 0 mode:0 
band:1319	flow: 5	valid:  32.6	erases:   92 [  3%] 	age:    1	GCcan:1 GCmust:0 GCrd: 0 Special: 0 mode:0 
band:1320	flow:12	valid:   0.0	erases:  117 [  3%] 	age:    0	GCcan:0 GCmust:0 GCrd: 0 Special: 0 mode:0 
band:1321	flow: 7	valid:  99.3	erases:  131 [  4%] 	age:    0	GCcan:1 GCmust:0 GCrd: 0 Special: 0 mode:0 
band:1322	flow: 1	valid:  13.4	erases:   80 [  2%] 	age:    0	GCcan:1 GCmust:0 GCrd: 0 Special: 0 mode:0 
band:1323	flow:12	valid:   0.0	erases:  114 [  3%] 	age:    0	GCcan:0 GCmust:0 GCrd: 0 Special: 0 mode:0 
band:1324	flow: 5	valid:  84.8	erases:   80 [  2%] 	age:    1	GCcan:1 GCmust:0 GCrd: 0 Special: 0 mode:0 
band:1325	flow:12	valid:   0.0	erases:  119 [  3%] 	age:    0	GCcan:0 GCmust:0 GCrd: 0 Special: 0 mode:0 
band:1326	flow:20	valid:    NA	erases:   76 [  2%] 	age:    0	GCcan:0 GCmust:0 GCrd: 0 Special: 0 mode:0 
band:1327	flow: 5	valid:  24.0	erases:   90 [  3%] 	age:    0	GCcan:1 GCmust:0 GCrd: 0 Special: 0 mode:0 
band:1328	flow:12	valid:   0.0	erases:  125 [  4%] 	age:    0	GCcan:0 GCmust:0 GCrd: 0 Special: 0 mode:0 
band:1329	flow: 5	valid:  50.0	erases:  110 [  3%] 	age:    0	GCcan:1 GCmust:0 GCrd: 0 Special: 0 mode:0 
band:1330	flow:12	valid:   0.0	erases:  129 [  4%] 	age:    0	GCcan:0 GCmust:0 GCrd: 0 Special: 0 mode:0 
band:1331	flow: 5	valid:  68.0	erases:   87 [  2%] 	age:    1	GCcan:1 GCmust:0 GCrd: 0 Special: 0 mode:0 
band:1332	flow: 5	valid:  91.5	erases:   89 [  2%] 	age:    1	GCcan:1 GCmust:0 GCrd: 0 Special: 0 mode:0 
band:1333	flow:12	valid:   0.0	erases:  128 [  4%] 	age:    0	GCcan:0 GCmust:0 GCrd: 0 Special: 0 mode:0 
band:1334	flow: 5	valid:  41.8	erases:  104 [  3%] 	age:    0	GCcan:1 GCmust:0 GCrd: 0 Special: 0 mode:0 
band:1335	flow:20	valid:    NA	erases:   99 [  3%] 	age:    0	GCcan:0 GCmust:0 GCrd: 0 Special: 0 mode:0 
band:1336	flow: 5	valid:  26.3	erases:   87 [  2%] 	age:    1	GCcan:1 GCmust:0 GCrd: 0 Special: 0 mode:0 
band:1337	flow: 5	valid:  41.7	erases:  102 [  3%] 	age:    1	GCcan:1 GCmust:0 GCrd: 0 Special: 0 mode:0 
band:1338	flow:12	valid:   0.0	erases:  126 [  4%] 	age:    0	GCcan:0 GCmust:0 GCrd: 0 Special: 0 mode:0 
band:1339	flow:12	valid:   0.0	erases:  120 [  4%] 	age:    0	GCcan:0 GCmust:0 GCrd: 0 Special: 0 mode:0 
band:1340	flow: 5	valid:  30.0	erases:  109 [  3%] 	age:    0	GCcan:1 GCmust:0 GCrd: 0 Special: 0 mode:0 
band:1341	flow:12	valid:   0.0	erases:  117 [  3%] 	age:    0	GCcan:0 GCmust:0 GCrd: 0 Special: 0 mode:0 
band:1342	flow:12	valid:   0.0	erases:  117 [  3%] 	age:    0	GCcan:0 GCmust:0 GCrd: 0 Special: 0 mode:0 
band:1343	flow:12	valid:   0.0	erases:  121 [  4%] 	age:    0	GCcan:0 GCmust:0 GCrd: 0 Special: 0 mode:0 
band:1344	flow: 5	valid:  29.1	erases:  100 [  3%] 	age:    1	GCcan:1 GCmust:0 GCrd: 0 Special: 0 mode:0 
band:1345	flow:12	valid:   0.0	erases:  122 [  4%] 	age:    0	GCcan:0 GCmust:0 GCrd: 0 Special: 0 mode:0 
band:1346	flow:12	valid:   0.0	erases:  124 [  4%] 	age:    0	GCcan:0 GCmust:0 GCrd: 0 Special: 0 mode:0 
band:1347	flow:12	valid:   0.0	erases:  114 [  3%] 	age:    0	GCcan:0 GCmust:0 GCrd: 0 Special: 0 mode:0 
band:1348	flow: 5	valid:  52.9	erases:  106 [  3%] 	age:    1	GCcan:1 GCmust:0 GCrd: 0 Special: 0 mode:0 
band:1349	flow:12	valid:   0.0	erases:  119 [  3%] 	age:    0	GCcan:0 GCmust:0 GCrd: 0 Special: 0 mode:0 
band:1350	flow:12	valid:   0.0	erases:  116 [  3%] 	age:    0	GCcan:0 GCmust:0 GCrd: 0 Special: 0 mode:0 
band:1351	flow: 7	valid:  98.8	erases:  132 [  4%] 	age:    0	GCcan:1 GCmust:0 GCrd: 0 Special: 0 mode:0 
band:1352	flow: 5	valid:  34.5	erases:   98 [  3%] 	age:    0	GCcan:1 GCmust:0 GCrd: 0 Special: 0 mode:0 
band:1353	flow:12	valid:   0.0	erases:  126 [  4%] 	age:    0	GCcan:0 GCmust:0 GCrd: 0 Special: 0 mode:0 
band:1354	flow: 5	valid:  57.3	erases:   77 [  2%] 	age:    0	GCcan:1 GCmust:0 GCrd: 0 Special: 0 mode:0 
band:1355	flow:12	valid:   0.0	erases:  109 [  3%] 	age:    0	GCcan:0 GCmust:0 GCrd: 0 Special: 0 mode:0 
band:1356	flow:12	valid:   0.0	erases:  116 [  3%] 	age:    0	GCcan:0 GCmust:0 GCrd: 0 Special: 0 mode:0 
band:1357	flow:20	valid:    NA	erases:  112 [  3%] 	age:    0	GCcan:0 GCmust:0 GCrd: 0 Special: 0 mode:0 
band:1358	flow:12	valid:   0.0	erases:  124 [  4%] 	age:    0	GCcan:0 GCmust:0 GCrd: 0 Special: 0 mode:0 
band:1359	flow: 5	valid:  27.4	erases:  107 [  3%] 	age:    0	GCcan:1 GCmust:0 GCrd: 0 Special: 0 mode:0 
band:1360	flow: 5	valid:  24.0	erases:   88 [  2%] 	age:    1	GCcan:1 GCmust:0 GCrd: 0 Special: 0 mode:0 
band:1361	flow:12	valid:   0.0	erases:  128 [  4%] 	age:    0	GCcan:0 GCmust:0 GCrd: 0 Special: 0 mode:0 
band:1362	flow: 5	valid:  40.2	erases:  108 [  3%] 	age:    0	GCcan:1 GCmust:0 GCrd: 0 Special: 0 mode:0 
band:1363	flow:12	valid:   0.0	erases:  117 [  3%] 	age:    0	GCcan:0 GCmust:0 GCrd: 0 Special: 0 mode:0 
band:1364	flow: 5	valid:  60.5	erases:   88 [  2%] 	age:    1	GCcan:1 GCmust:0 GCrd: 0 Special: 0 mode:0 
band:1365	flow:12	valid:   0.0	erases:  126 [  4%] 	age:    0	GCcan:0 GCmust:0 GCrd: 0 Special: 0 mode:0 
band:1366	flow:12	valid:   0.0	erases:  119 [  3%] 	age:    0	GCcan:0 GCmust:0 GCrd: 0 Special: 0 mode:0 
band:1367	flow:12	valid:   0.0	erases:  128 [  4%] 	age:    0	GCcan:0 GCmust:0 GCrd: 0 Special: 0 mode:0 
band:1368	flow:12	valid:   0.0	erases:  120 [  4%] 	age:    0	GCcan:0 GCmust:0 GCrd: 0 Special: 0 mode:0 
band:1369	flow: 5	valid:  90.6	erases:   94 [  3%] 	age:    0	GCcan:1 GCmust:0 GCrd: 0 Special: 0 mode:0 
band:1370	flow:12	valid:   0.0	erases:  107 [  3%] 	age:    0	GCcan:0 GCmust:0 GCrd: 0 Special: 0 mode:0 
band:1371	flow:12	valid:   0.0	erases:  124 [  4%] 	age:    0	GCcan:0 GCmust:0 GCrd: 0 Special: 0 mode:0 
band:1372	flow:12	valid:   0.0	erases:  124 [  4%] 	age:    0	GCcan:0 GCmust:0 GCrd: 0 Special: 0 mode:0 
band:1373	flow: 5	valid:  92.2	erases:   90 [  3%] 	age:    1	GCcan:1 GCmust:0 GCrd: 0 Special: 0 mode:0 
band:1374	flow: 5	valid:  16.5	erases:   89 [  2%] 	age:    1	GCcan:1 GCmust:0 GCrd: 0 Special: 0 mode:0 
band:1375	flow:12	valid:   0.0	erases:  129 [  4%] 	age:    0	GCcan:0 GCmust:0 GCrd: 0 Special: 0 mode:0 
band:1376	flow: 1	valid:  22.1	erases:  107 [  3%] 	age:    1	GCcan:1 GCmust:0 GCrd: 0 Special: 0 mode:0 
band:1377	flow: 5	valid:  99.5	erases:   85 [  2%] 	age:    1	GCcan:1 GCmust:0 GCrd: 0 Special: 0 mode:0 
band:1378	flow:20	valid:    NA	erases:  112 [  3%] 	age:    0	GCcan:0 GCmust:0 GCrd: 0 Special: 0 mode:0 
band:1379	flow: 5	valid:  75.7	erases:   93 [  3%] 	age:    1	GCcan:1 GCmust:0 GCrd: 0 Special: 0 mode:0 
band:1380	flow: 5	valid:  27.7	erases:  115 [  3%] 	age:    0	GCcan:1 GCmust:0 GCrd: 0 Special: 0 mode:0 
band:1381	flow:12	valid:   0.0	erases:  127 [  4%] 	age:    0	GCcan:0 GCmust:0 GCrd: 0 Special: 0 mode:0 
band:1382	flow: 5	valid:  25.5	erases:  116 [  3%] 	age:    0	GCcan:1 GCmust:0 GCrd: 0 Special: 0 mode:0 
band:1383	flow: 5	valid:  27.2	erases:  109 [  3%] 	age:    0	GCcan:1 GCmust:0 GCrd: 0 Special: 0 mode:0 
band:1384	flow: 5	valid:  49.0	erases:   91 [  3%] 	age:    1	GCcan:1 GCmust:0 GCrd: 0 Special: 0 mode:0 
band:1385	flow: 5	valid:  29.2	erases:   99 [  3%] 	age:    0	GCcan:1 GCmust:0 GCrd: 0 Special: 0 mode:0 
band:1386	flow:12	valid:   0.0	erases:  117 [  3%] 	age:    0	GCcan:0 GCmust:0 GCrd: 0 Special: 0 mode:0 
band:1387	flow:12	valid:   0.0	erases:  122 [  4%] 	age:    0	GCcan:0 GCmust:0 GCrd: 0 Special: 0 mode:0 
band:1388	flow: 5	valid:  87.3	erases:   89 [  2%] 	age:    1	GCcan:1 GCmust:0 GCrd: 0 Special: 0 mode:0 
band:1389	flow:12	valid:   0.0	erases:  119 [  3%] 	age:    0	GCcan:0 GCmust:0 GCrd: 0 Special: 0 mode:0 
band:1390	flow: 5	valid:  72.3	erases:   90 [  3%] 	age:    1	GCcan:1 GCmust:0 GCrd: 0 Special: 0 mode:0 
band:1391	flow:12	valid:   0.0	erases:  117 [  3%] 	age:    0	GCcan:0 GCmust:0 GCrd: 0 Special: 0 mode:0 
band:1392	flow: 5	valid:  76.4	erases:  105 [  3%] 	age:    1	GCcan:1 GCmust:0 GCrd: 0 Special: 0 mode:0 
band:1393	flow:20	valid:    NA	erases:  112 [  3%] 	age:    0	GCcan:0 GCmust:0 GCrd: 0 Special: 0 mode:0 
band:1394	flow:20	valid:    NA	erases:  103 [  3%] 	age:    0	GCcan:0 GCmust:0 GCrd: 0 Special: 0 mode:0 
band:1395	flow: 5	valid:  43.8	erases:   76 [  2%] 	age:    0	GCcan:1 GCmust:0 GCrd: 0 Special: 0 mode:0 
band:1396	flow: 5	valid:  62.8	erases:   76 [  2%] 	age:    1	GCcan:1 GCmust:0 GCrd: 0 Special: 0 mode:0 
band:1397	flow:12	valid:   0.0	erases:  129 [  4%] 	age:    0	GCcan:0 GCmust:0 GCrd: 0 Special: 0 mode:0 
band:1398	flow: 1	valid:  16.3	erases:  111 [  3%] 	age:    0	GCcan:1 GCmust:0 GCrd: 0 Special: 0 mode:0 
band:1399	flow:12	valid:   0.0	erases:  127 [  4%] 	age:    0	GCcan:0 GCmust:0 GCrd: 0 Special: 0 mode:0 
band:1400	flow: 5	valid:  19.1	erases:  108 [  3%] 	age:    0	GCcan:1 GCmust:0 GCrd: 0 Special: 0 mode:0 
band:1401	flow: 5	valid:  23.5	erases:  115 [  3%] 	age:    0	GCcan:1 GCmust:0 GCrd: 0 Special: 0 mode:0 
band:1402	flow: 5	valid:  37.8	erases:  109 [  3%] 	age:    0	GCcan:1 GCmust:0 GCrd: 0 Special: 0 mode:0 
band:1403	flow: 1	valid:  16.1	erases:  107 [  3%] 	age:    1	GCcan:1 GCmust:0 GCrd: 0 Special: 0 mode:0 
band:1404	flow: 5	valid:  54.9	erases:  114 [  3%] 	age:    0	GCcan:1 GCmust:0 GCrd: 0 Special: 0 mode:0 
band:1405	flow:12	valid:   0.0	erases:  128 [  4%] 	age:    0	GCcan:0 GCmust:0 GCrd: 0 Special: 0 mode:0 
band:1406	flow:12	valid:   0.0	erases:  116 [  3%] 	age:    0	GCcan:0 GCmust:0 GCrd: 0 Special: 0 mode:0 
band:1407	flow: 5	valid:  63.5	erases:   94 [  3%] 	age:    0	GCcan:1 GCmust:0 GCrd: 0 Special: 0 mode:0 
band:1408	flow: 5	valid:  55.5	erases:   89 [  2%] 	age:    1	GCcan:1 GCmust:0 GCrd: 0 Special: 0 mode:0 
band:1409	flow: 5	valid:  76.3	erases:   84 [  2%] 	age:    1	GCcan:1 GCmust:0 GCrd: 0 Special: 0 mode:0 
band:1410	flow: 5	valid:  46.4	erases:   89 [  2%] 	age:    1	GCcan:1 GCmust:0 GCrd: 0 Special: 0 mode:0 
band:1411	flow:12	valid:   0.0	erases:  116 [  3%] 	age:    0	GCcan:0 GCmust:0 GCrd: 0 Special: 0 mode:0 
band:1412	flow: 1	valid:  19.5	erases:   78 [  2%] 	age:    1	GCcan:1 GCmust:0 GCrd: 0 Special: 0 mode:0 
band:1413	flow: 5	valid:  30.6	erases:   99 [  3%] 	age:    1	GCcan:1 GCmust:0 GCrd: 0 Special: 0 mode:0 
band:1414	flow:12	valid:   0.0	erases:  116 [  3%] 	age:    0	GCcan:0 GCmust:0 GCrd: 0 Special: 0 mode:0 
band:1415	flow:20	valid:    NA	erases:  114 [  3%] 	age:    0	GCcan:0 GCmust:0 GCrd: 0 Special: 0 mode:0 
band:1416	flow: 5	valid:  32.8	erases:  105 [  3%] 	age:    0	GCcan:1 GCmust:0 GCrd: 0 Special: 0 mode:0 
band:1417	flow: 5	valid:  18.7	erases:   88 [  2%] 	age:    1	GCcan:1 GCmust:0 GCrd: 0 Special: 0 mode:0 
band:1418	flow: 5	valid:  79.9	erases:  109 [  3%] 	age:    1	GCcan:1 GCmust:0 GCrd: 0 Special: 0 mode:0 
band:1419	flow: 5	valid:  32.1	erases:  108 [  3%] 	age:    1	GCcan:1 GCmust:0 GCrd: 0 Special: 0 mode:0 
band:1420	flow: 5	valid:  29.0	erases:   92 [  3%] 	age:    1	GCcan:1 GCmust:0 GCrd: 0 Special: 0 mode:0 
band:1421	flow: 5	valid:  73.1	erases:  110 [  3%] 	age:    0	GCcan:1 GCmust:0 GCrd: 0 Special: 0 mode:0 
band:1422	flow: 7	valid:  99.5	erases:  132 [  4%] 	age:    1	GCcan:1 GCmust:0 GCrd: 0 Special: 0 mode:0 
band:1423	flow: 5	valid:  20.0	erases:   93 [  3%] 	age:    1	GCcan:1 GCmust:0 GCrd: 0 Special: 0 mode:0 
band:1424	flow: 5	valid:  99.5	erases:  107 [  3%] 	age:    0	GCcan:1 GCmust:0 GCrd: 0 Special: 0 mode:0 
band:1425	flow: 5	valid:  70.6	erases:   89 [  2%] 	age:    0	GCcan:1 GCmust:0 GCrd: 0 Special: 0 mode:0 
band:1426	flow: 1	valid:  41.8	erases:   98 [  3%] 	age:    0	GCcan:1 GCmust:0 GCrd: 0 Special: 0 mode:0 
band:1427	flow: 5	valid:  25.1	erases:  111 [  3%] 	age:    0	GCcan:1 GCmust:0 GCrd: 0 Special: 0 mode:0 
band:1428	flow:20	valid:    NA	erases:  110 [  3%] 	age:    0	GCcan:0 GCmust:0 GCrd: 0 Special: 0 mode:0 
band:1429	flow: 5	valid:  28.6	erases:  109 [  3%] 	age:    1	GCcan:1 GCmust:0 GCrd: 0 Special: 0 mode:0 
band:1430	flow: 5	valid:  99.2	erases:  110 [  3%] 	age:    0	GCcan:1 GCmust:0 GCrd: 0 Special: 0 mode:0 
band:1431	flow: 5	valid:  92.7	erases:   85 [  2%] 	age:    1	GCcan:1 GCmust:0 GCrd: 0 Special: 0 mode:0 
band:1432	flow:12	valid:   0.0	erases:  121 [  4%] 	age:    0	GCcan:0 GCmust:0 GCrd: 0 Special: 0 mode:0 
band:1433	flow: 5	valid:  71.6	erases:  118 [  3%] 	age:    1	GCcan:1 GCmust:0 GCrd: 0 Special: 0 mode:0 
band:1434	flow:20	valid:    NA	erases:   76 [  2%] 	age:    0	GCcan:0 GCmust:0 GCrd: 0 Special: 0 mode:0 
band:1435	flow:20	valid:    NA	erases:  103 [  3%] 	age:    0	GCcan:0 GCmust:0 GCrd: 0 Special: 0 mode:0 
band:1436	flow:12	valid:   0.0	erases:  120 [  4%] 	age:    0	GCcan:0 GCmust:0 GCrd: 0 Special: 0 mode:0 
band:1437	flow:12	valid:   0.0	erases:  120 [  4%] 	age:    0	GCcan:0 GCmust:0 GCrd: 0 Special: 0 mode:0 
band:1438	flow:12	valid:   0.0	erases:  117 [  3%] 	age:    0	GCcan:0 GCmust:0 GCrd: 0 Special: 0 mode:0 
band:1439	flow: 5	valid:  41.0	erases:   79 [  2%] 	age:    1	GCcan:1 GCmust:0 GCrd: 0 Special: 0 mode:0 
band:1440	flow: 5	valid:  26.6	erases:   94 [  3%] 	age:    1	GCcan:1 GCmust:0 GCrd: 0 Special: 0 mode:0 
band:1441	flow: 5	valid:  45.3	erases:   86 [  2%] 	age:    1	GCcan:1 GCmust:0 GCrd: 0 Special: 0 mode:0 
band:1442	flow: 5	valid:  60.6	erases:  101 [  3%] 	age:    0	GCcan:1 GCmust:0 GCrd: 0 Special: 0 mode:0 
band:1443	flow: 5	valid:  97.8	erases:   79 [  2%] 	age:    1	GCcan:1 GCmust:0 GCrd: 0 Special: 0 mode:0 
band:1444	flow: 5	valid:  67.3	erases:  108 [  3%] 	age:    0	GCcan:1 GCmust:0 GCrd: 0 Special: 0 mode:0 
band:1445	flow: 5	valid:  59.2	erases:  108 [  3%] 	age:    0	GCcan:1 GCmust:0 GCrd: 0 Special: 0 mode:0 
band:1446	flow:20	valid:    NA	erases:  110 [  3%] 	age:    0	GCcan:0 GCmust:0 GCrd: 0 Special: 0 mode:0 
band:1447	flow: 5	valid:  50.1	erases:  107 [  3%] 	age:    1	GCcan:1 GCmust:0 GCrd: 0 Special: 0 mode:0 
band:1448	flow:12	valid:   0.0	erases:  118 [  3%] 	age:    0	GCcan:0 GCmust:0 GCrd: 0 Special: 0 mode:0 
band:1449	flow: 5	valid:  18.6	erases:  109 [  3%] 	age:    0	GCcan:1 GCmust:0 GCrd: 0 Special: 0 mode:0 
band:1450	flow:12	valid:   0.0	erases:  117 [  3%] 	age:    0	GCcan:0 GCmust:0 GCrd: 0 Special: 0 mode:0 
band:1451	flow:12	valid:   0.0	erases:  119 [  3%] 	age:    0	GCcan:0 GCmust:0 GCrd: 0 Special: 0 mode:0 
band:1452	flow:12	valid:   0.0	erases:  118 [  3%] 	age:    0	GCcan:0 GCmust:0 GCrd: 0 Special: 0 mode:0 
band:1453	flow: 5	valid:  23.8	erases:   84 [  2%] 	age:    1	GCcan:1 GCmust:0 GCrd: 0 Special: 0 mode:0 
band:1454	flow:12	valid:   0.0	erases:  117 [  3%] 	age:    0	GCcan:0 GCmust:0 GCrd: 0 Special: 0 mode:0 
band:1455	flow: 5	valid:  60.5	erases:   90 [  3%] 	age:    1	GCcan:1 GCmust:0 GCrd: 0 Special: 0 mode:0 
band:1456	flow: 5	valid:  36.4	erases:  104 [  3%] 	age:    0	GCcan:1 GCmust:0 GCrd: 0 Special: 0 mode:0 
band:1457	flow: 5	valid:  20.0	erases:  105 [  3%] 	age:    1	GCcan:1 GCmust:0 GCrd: 0 Special: 0 mode:0 
band:1458	flow:12	valid:   0.0	erases:  124 [  4%] 	age:    0	GCcan:0 GCmust:0 GCrd: 0 Special: 0 mode:0 
band:1459	flow: 5	valid:  60.2	erases:   76 [  2%] 	age:    0	GCcan:1 GCmust:0 GCrd: 0 Special: 0 mode:0 
band:1460	flow:12	valid:   0.0	erases:  116 [  3%] 	age:    0	GCcan:0 GCmust:0 GCrd: 0 Special: 0 mode:0 
band:1461	flow:12	valid:   0.0	erases:  117 [  3%] 	age:    0	GCcan:0 GCmust:0 GCrd: 0 Special: 0 mode:0 
band:1462	flow: 5	valid:  79.9	erases:  101 [  3%] 	age:    0	GCcan:1 GCmust:0 GCrd: 0 Special: 0 mode:0 
band:1463	flow: 5	valid:  42.3	erases:   95 [  3%] 	age:    1	GCcan:1 GCmust:0 GCrd: 0 Special: 0 mode:0 
band:1464	flow: 5	valid:  18.3	erases:  116 [  3%] 	age:    0	GCcan:1 GCmust:0 GCrd: 0 Special: 0 mode:0 
band:1465	flow: 5	valid:  27.2	erases:  116 [  3%] 	age:    0	GCcan:1 GCmust:0 GCrd: 0 Special: 0 mode:0 
band:1466	flow: 5	valid:  41.0	erases:   93 [  3%] 	age:    1	GCcan:1 GCmust:0 GCrd: 0 Special: 0 mode:0 
band:1467	flow: 5	valid:  31.8	erases:  105 [  3%] 	age:    1	GCcan:1 GCmust:0 GCrd: 0 Special: 0 mode:0 
band:1468	flow:12	valid:   0.0	erases:  116 [  3%] 	age:    0	GCcan:0 GCmust:0 GCrd: 0 Special: 0 mode:0 
band:1469	flow:20	valid:    NA	erases:  109 [  3%] 	age:    0	GCcan:0 GCmust:0 GCrd: 0 Special: 0 mode:0 
band:1470	flow:12	valid:   0.0	erases:  111 [  3%] 	age:    0	GCcan:0 GCmust:0 GCrd: 0 Special: 0 mode:0 
band:1471	flow:20	valid:    NA	erases:   95 [  3%] 	age:    0	GCcan:0 GCmust:0 GCrd: 0 Special: 0 mode:0 
band:1472	flow: 5	valid:  98.1	erases:   96 [  3%] 	age:    1	GCcan:1 GCmust:0 GCrd: 0 Special: 0 mode:0 
band:1473	flow:20	valid:    NA	erases:  113 [  3%] 	age:    0	GCcan:0 GCmust:0 GCrd: 0 Special: 0 mode:0 
band:1474	flow: 5	valid:  21.7	erases:  109 [  3%] 	age:    0	GCcan:1 GCmust:0 GCrd: 0 Special: 0 mode:0 
band:1475	flow: 5	valid:  90.0	erases:  101 [  3%] 	age:    1	GCcan:1 GCmust:0 GCrd: 0 Special: 0 mode:0 
band:1476	flow: 5	valid:  99.6	erases:  108 [  3%] 	age:    1	GCcan:1 GCmust:0 GCrd: 0 Special: 0 mode:0 
band:1477	flow: 5	valid:  37.5	erases:  113 [  3%] 	age:    0	GCcan:1 GCmust:0 GCrd: 0 Special: 0 mode:0 
band:1478	flow:20	valid:    NA	erases:  114 [  3%] 	age:    0	GCcan:0 GCmust:0 GCrd: 0 Special: 0 mode:0 
band:1479	flow: 5	valid:  69.4	erases:  109 [  3%] 	age:    0	GCcan:1 GCmust:0 GCrd: 0 Special: 0 mode:0 
band:1480	flow: 5	valid:  88.9	erases:   88 [  2%] 	age:    1	GCcan:1 GCmust:0 GCrd: 0 Special: 0 mode:0 
band:1481	flow: 5	valid:  46.1	erases:  106 [  3%] 	age:    1	GCcan:1 GCmust:0 GCrd: 0 Special: 0 mode:0 
band:1482	flow:12	valid:   0.0	erases:  114 [  3%] 	age:    0	GCcan:0 GCmust:0 GCrd: 0 Special: 0 mode:0 
band:1483	flow:12	valid:   0.0	erases:  118 [  3%] 	age:    0	GCcan:0 GCmust:0 GCrd: 0 Special: 0 mode:0 
band:1484	flow: 5	valid:  35.9	erases:  101 [  3%] 	age:    1	GCcan:1 GCmust:0 GCrd: 0 Special: 0 mode:0 
band:1485	flow:20	valid:    NA	erases:   76 [  2%] 	age:    0	GCcan:0 GCmust:0 GCrd: 0 Special: 0 mode:0 
band:1486	flow:12	valid:   0.0	erases:  120 [  4%] 	age:    0	GCcan:0 GCmust:0 GCrd: 0 Special: 0 mode:0 
band:1487	flow: 5	valid:  38.6	erases:  117 [  3%] 	age:    0	GCcan:1 GCmust:0 GCrd: 0 Special: 0 mode:0 
band:1488	flow: 5	valid:  99.6	erases:  105 [  3%] 	age:    0	GCcan:1 GCmust:0 GCrd: 0 Special: 0 mode:0 
band:1489	flow: 5	valid:  34.9	erases:  107 [  3%] 	age:    0	GCcan:1 GCmust:0 GCrd: 0 Special: 0 mode:0 
band:1490	flow: 5	valid:  97.5	erases:   85 [  2%] 	age:    1	GCcan:1 GCmust:0 GCrd: 0 Special: 0 mode:0 
band:1491	flow: 5	valid:  50.5	erases:  100 [  3%] 	age:    1	GCcan:1 GCmust:0 GCrd: 0 Special: 0 mode:0 
band:1492	flow: 5	valid:  32.4	erases:  100 [  3%] 	age:    1	GCcan:1 GCmust:0 GCrd: 0 Special: 0 mode:0 
band:1493	flow: 5	valid:  96.7	erases:   84 [  2%] 	age:    1	GCcan:1 GCmust:0 GCrd: 0 Special: 0 mode:0 
band:1494	flow: 5	valid:  39.8	erases:   88 [  2%] 	age:    1	GCcan:1 GCmust:0 GCrd: 0 Special: 0 mode:0 
band:1495	flow:12	valid:   0.0	erases:  117 [  3%] 	age:    0	GCcan:0 GCmust:0 GCrd: 0 Special: 0 mode:0 
band:1496	flow: 1	valid:  29.5	erases:   76 [  2%] 	age:    1	GCcan:1 GCmust:0 GCrd: 0 Special: 0 mode:0 
band:1497	flow:12	valid:   0.0	erases:  117 [  3%] 	age:    0	GCcan:0 GCmust:0 GCrd: 0 Special: 0 mode:0 
band:1498	flow: 5	valid:  80.4	erases:   93 [  3%] 	age:    1	GCcan:1 GCmust:0 GCrd: 0 Special: 0 mode:0 
band:1499	flow: 5	valid:  98.8	erases:   86 [  2%] 	age:    1	GCcan:1 GCmust:0 GCrd: 0 Special: 0 mode:0 
band:1500	flow:12	valid:   0.0	erases:  128 [  4%] 	age:    0	GCcan:0 GCmust:0 GCrd: 0 Special: 0 mode:0 
band:1501	flow:12	valid:   0.0	erases:  126 [  4%] 	age:    0	GCcan:0 GCmust:0 GCrd: 0 Special: 0 mode:0 
band:1502	flow: 5	valid:  72.3	erases:   84 [  2%] 	age:    1	GCcan:1 GCmust:0 GCrd: 0 Special: 0 mode:0 
band:1503	flow: 5	valid:  46.5	erases:   91 [  3%] 	age:    0	GCcan:1 GCmust:0 GCrd: 0 Special: 0 mode:0 
band:1504	flow: 5	valid:  22.5	erases:   83 [  2%] 	age:    1	GCcan:1 GCmust:0 GCrd: 0 Special: 0 mode:0 
band:1505	flow: 5	valid:  39.7	erases:  109 [  3%] 	age:    1	GCcan:1 GCmust:0 GCrd: 0 Special: 0 mode:0 
band:1506	flow:20	valid:    NA	erases:  111 [  3%] 	age:    0	GCcan:0 GCmust:0 GCrd: 0 Special: 0 mode:0 
band:1507	flow:12	valid:   0.0	erases:  117 [  3%] 	age:    0	GCcan:0 GCmust:0 GCrd: 0 Special: 0 mode:0 
band:1508	flow: 5	valid:  16.6	erases:  102 [  3%] 	age:    1	GCcan:1 GCmust:0 GCrd: 0 Special: 0 mode:0 
band:1509	flow: 5	valid:  61.1	erases:   93 [  3%] 	age:    1	GCcan:1 GCmust:0 GCrd: 0 Special: 0 mode:0 
band:1510	flow: 5	valid:  78.0	erases:   86 [  2%] 	age:    1	GCcan:1 GCmust:0 GCrd: 0 Special: 0 mode:0 
band:1511	flow: 5	valid:  27.4	erases:   76 [  2%] 	age:    0	GCcan:1 GCmust:0 GCrd: 0 Special: 0 mode:0 
band:1512	flow: 5	valid:  16.1	erases:  111 [  3%] 	age:    0	GCcan:1 GCmust:0 GCrd: 0 Special: 0 mode:0 
band:1513	flow: 5	valid:  71.1	erases:   95 [  3%] 	age:    1	GCcan:1 GCmust:0 GCrd: 0 Special: 0 mode:0 
band:1514	flow: 5	valid:  96.8	erases:  113 [  3%] 	age:    0	GCcan:1 GCmust:0 GCrd: 0 Special: 0 mode:0 
band:1515	flow:12	valid:   0.0	erases:  127 [  4%] 	age:    0	GCcan:0 GCmust:0 GCrd: 0 Special: 0 mode:0 
band:1516	flow: 5	valid:  59.8	erases:  116 [  3%] 	age:    0	GCcan:1 GCmust:0 GCrd: 0 Special: 0 mode:0 
band:1517	flow: 5	valid:  84.9	erases:   89 [  2%] 	age:    1	GCcan:1 GCmust:0 GCrd: 0 Special: 0 mode:0 
band:1518	flow:20	valid:    NA	erases:  113 [  3%] 	age:    0	GCcan:0 GCmust:0 GCrd: 0 Special: 0 mode:0 
band:1519	flow:12	valid:   0.0	erases:  119 [  3%] 	age:    0	GCcan:0 GCmust:0 GCrd: 0 Special: 0 mode:0 
band:1520	flow: 5	valid:  99.4	erases:   87 [  2%] 	age:    1	GCcan:1 GCmust:0 GCrd: 0 Special: 0 mode:0 
band:1521	flow: 5	valid:  26.2	erases:  115 [  3%] 	age:    0	GCcan:1 GCmust:0 GCrd: 0 Special: 0 mode:0 
band:1522	flow:20	valid:    NA	erases:   79 [  2%] 	age:    0	GCcan:0 GCmust:0 GCrd: 0 Special: 0 mode:0 
band:1523	flow:12	valid:   0.0	erases:  117 [  3%] 	age:    0	GCcan:0 GCmust:0 GCrd: 0 Special: 0 mode:0 
band:1524	flow:20	valid:    NA	erases:  111 [  3%] 	age:    0	GCcan:0 GCmust:0 GCrd: 0 Special: 0 mode:0 
band:1525	flow: 5	valid:  56.8	erases:   82 [  2%] 	age:    1	GCcan:1 GCmust:0 GCrd: 0 Special: 0 mode:0 
band:1526	flow:12	valid:   0.0	erases:  117 [  3%] 	age:    0	GCcan:0 GCmust:0 GCrd: 0 Special: 0 mode:0 
band:1527	flow:12	valid:   0.0	erases:  125 [  4%] 	age:    0	GCcan:0 GCmust:0 GCrd: 0 Special: 0 mode:0 
band:1528	flow: 5	valid:  16.6	erases:   89 [  2%] 	age:    1	GCcan:1 GCmust:0 GCrd: 0 Special: 0 mode:0 
band:1529	flow:12	valid:   0.0	erases:  120 [  4%] 	age:    0	GCcan:0 GCmust:0 GCrd: 0 Special: 0 mode:0 
band:1530	flow: 1	valid:  27.9	erases:   76 [  2%] 	age:    1	GCcan:1 GCmust:0 GCrd: 0 Special: 0 mode:0 
band:1531	flow:12	valid:   0.0	erases:  117 [  3%] 	age:    0	GCcan:0 GCmust:0 GCrd: 0 Special: 0 mode:0 
band:1532	flow:20	valid:    NA	erases:  111 [  3%] 	age:    0	GCcan:0 GCmust:0 GCrd: 0 Special: 0 mode:0 
band:1533	flow:12	valid:   0.0	erases:  128 [  4%] 	age:    0	GCcan:0 GCmust:0 GCrd: 0 Special: 0 mode:0 
band:1534	flow: 5	valid:  50.1	erases:  110 [  3%] 	age:    0	GCcan:1 GCmust:0 GCrd: 0 Special: 0 mode:0 
band:1535	flow:20	valid:    NA	erases:   78 [  2%] 	age:    0	GCcan:0 GCmust:0 GCrd: 0 Special: 0 mode:0 
band:1536	flow:12	valid:   0.0	erases:  109 [  3%] 	age:    0	GCcan:0 GCmust:0 GCrd: 0 Special: 0 mode:0 
band:1537	flow: 5	valid:  24.3	erases:   96 [  3%] 	age:    1	GCcan:1 GCmust:0 GCrd: 0 Special: 0 mode:0 
band:1538	flow: 5	valid:  23.4	erases:  109 [  3%] 	age:    0	GCcan:1 GCmust:0 GCrd: 0 Special: 0 mode:0 
band:1539	flow: 5	valid:  87.8	erases:  113 [  3%] 	age:    0	GCcan:1 GCmust:0 GCrd: 0 Special: 0 mode:0 
band:1540	flow:20	valid:    NA	erases:  108 [  3%] 	age:    0	GCcan:0 GCmust:0 GCrd: 0 Special: 0 mode:0 
band:1541	flow:12	valid:   0.0	erases:  116 [  3%] 	age:    0	GCcan:0 GCmust:0 GCrd: 0 Special: 0 mode:0 
band:1542	flow: 1	valid:  36.9	erases:   85 [  2%] 	age:    0	GCcan:1 GCmust:0 GCrd: 0 Special: 0 mode:0 
band:1543	flow: 5	valid:  32.1	erases:   76 [  2%] 	age:    0	GCcan:1 GCmust:0 GCrd: 0 Special: 0 mode:0 
band:1544	flow: 5	valid:  38.1	erases:   80 [  2%] 	age:    1	GCcan:1 GCmust:0 GCrd: 0 Special: 0 mode:0 
band:1545	flow:12	valid:   0.0	erases:  121 [  4%] 	age:    0	GCcan:0 GCmust:0 GCrd: 0 Special: 0 mode:0 
band:1546	flow: 5	valid:  20.4	erases:  105 [  3%] 	age:    0	GCcan:1 GCmust:0 GCrd: 0 Special: 0 mode:0 
band:1547	flow: 5	valid:  21.0	erases:  106 [  3%] 	age:    1	GCcan:1 GCmust:0 GCrd: 0 Special: 0 mode:0 
band:1548	flow: 5	valid:  31.8	erases:  109 [  3%] 	age:    0	GCcan:1 GCmust:0 GCrd: 0 Special: 0 mode:0 
band:1549	flow: 5	valid:  67.6	erases:   94 [  3%] 	age:    1	GCcan:1 GCmust:0 GCrd: 0 Special: 0 mode:0 
band:1550	flow:12	valid:   0.0	erases:  121 [  4%] 	age:    0	GCcan:0 GCmust:0 GCrd: 0 Special: 0 mode:0 
band:1551	flow: 5	valid:  37.5	erases:   98 [  3%] 	age:    0	GCcan:1 GCmust:0 GCrd: 0 Special: 0 mode:0 
band:1552	flow: 5	valid:  19.2	erases:  112 [  3%] 	age:    0	GCcan:1 GCmust:0 GCrd: 0 Special: 0 mode:0 
band:1553	flow:20	valid:    NA	erases:  103 [  3%] 	age:    0	GCcan:0 GCmust:0 GCrd: 0 Special: 0 mode:0 
band:1554	flow:12	valid:   0.0	erases:  114 [  3%] 	age:    0	GCcan:0 GCmust:0 GCrd: 0 Special: 0 mode:0 
band:1555	flow:20	valid:    NA	erases:   95 [  3%] 	age:    0	GCcan:0 GCmust:0 GCrd: 0 Special: 0 mode:0 
band:1556	flow:12	valid:   0.0	erases:  117 [  3%] 	age:    0	GCcan:0 GCmust:0 GCrd: 0 Special: 0 mode:0 
band:1557	flow:12	valid:   0.0	erases:  114 [  3%] 	age:    0	GCcan:0 GCmust:0 GCrd: 0 Special: 0 mode:0 
band:1558	flow:12	valid:   0.0	erases:  121 [  4%] 	age:    0	GCcan:0 GCmust:0 GCrd: 0 Special: 0 mode:0 
band:1559	flow: 5	valid:  42.5	erases:  109 [  3%] 	age:    0	GCcan:1 GCmust:0 GCrd: 0 Special: 0 mode:0 
band:1560	flow:20	valid:    NA	erases:   97 [  3%] 	age:    0	GCcan:0 GCmust:0 GCrd: 0 Special: 0 mode:0 
band:1561	flow: 5	valid:  26.5	erases:   91 [  3%] 	age:    0	GCcan:1 GCmust:0 GCrd: 0 Special: 0 mode:0 
band:1562	flow: 5	valid:  61.4	erases:  117 [  3%] 	age:    0	GCcan:1 GCmust:0 GCrd: 0 Special: 0 mode:0 
band:1563	flow:12	valid:   0.0	erases:  128 [  4%] 	age:    0	GCcan:0 GCmust:0 GCrd: 0 Special: 0 mode:0 
band:1564	flow:12	valid:   0.0	erases:  118 [  3%] 	age:    0	GCcan:0 GCmust:0 GCrd: 0 Special: 0 mode:0 
band:1565	flow:20	valid:    NA	erases:  100 [  3%] 	age:    0	GCcan:0 GCmust:0 GCrd: 0 Special: 0 mode:0 
band:1566	flow: 5	valid:  98.1	erases:  100 [  3%] 	age:    0	GCcan:1 GCmust:0 GCrd: 0 Special: 0 mode:0 
band:1567	flow:20	valid:    NA	erases:  111 [  3%] 	age:    0	GCcan:0 GCmust:0 GCrd: 0 Special: 0 mode:0 
band:1568	flow:12	valid:   0.0	erases:  119 [  3%] 	age:    0	GCcan:0 GCmust:0 GCrd: 0 Special: 0 mode:0 
band:1569	flow: 5	valid:  77.2	erases:   75 [  2%] 	age:    1	GCcan:1 GCmust:0 GCrd: 0 Special: 0 mode:0 
band:1570	flow: 5	valid:  34.3	erases:  104 [  3%] 	age:    1	GCcan:1 GCmust:0 GCrd: 0 Special: 0 mode:0 
band:1571	flow: 5	valid:  83.9	erases:  116 [  3%] 	age:    1	GCcan:1 GCmust:0 GCrd: 0 Special: 0 mode:0 
band:1572	flow:12	valid:   0.0	erases:  119 [  3%] 	age:    0	GCcan:0 GCmust:0 GCrd: 0 Special: 0 mode:0 
band:1573	flow:12	valid:   0.0	erases:  117 [  3%] 	age:    0	GCcan:0 GCmust:0 GCrd: 0 Special: 0 mode:0 
band:1574	flow: 5	valid:  71.2	erases:   97 [  3%] 	age:    1	GCcan:1 GCmust:0 GCrd: 0 Special: 0 mode:0 
band:1575	flow: 5	valid:  97.4	erases:   85 [  2%] 	age:    1	GCcan:1 GCmust:0 GCrd: 0 Special: 0 mode:0 
band:1576	flow:12	valid:   0.0	erases:  122 [  4%] 	age:    0	GCcan:0 GCmust:0 GCrd: 0 Special: 0 mode:0 
band:1577	flow: 5	valid:  62.9	erases:  122 [  4%] 	age:    1	GCcan:1 GCmust:0 GCrd: 0 Special: 0 mode:0 
band:1578	flow: 5	valid:  84.0	erases:   98 [  3%] 	age:    0	GCcan:1 GCmust:0 GCrd: 0 Special: 0 mode:0 
band:1579	flow: 5	valid:  48.7	erases:  110 [  3%] 	age:    0	GCcan:1 GCmust:0 GCrd: 0 Special: 0 mode:0 
band:1580	flow:12	valid:   0.0	erases:  123 [  4%] 	age:    0	GCcan:0 GCmust:0 GCrd: 0 Special: 0 mode:0 
band:1581	flow: 5	valid:  34.1	erases:   91 [  3%] 	age:    0	GCcan:1 GCmust:0 GCrd: 0 Special: 0 mode:0 
band:1582	flow: 5	valid:  52.2	erases:  116 [  3%] 	age:    0	GCcan:1 GCmust:0 GCrd: 0 Special: 0 mode:0 
band:1583	flow:12	valid:   0.0	erases:  123 [  4%] 	age:    0	GCcan:0 GCmust:0 GCrd: 0 Special: 0 mode:0 
band:1584	flow:20	valid:    NA	erases:  111 [  3%] 	age:    0	GCcan:0 GCmust:0 GCrd: 0 Special: 0 mode:0 
band:1585	flow:20	valid:    NA	erases:  109 [  3%] 	age:    0	GCcan:0 GCmust:0 GCrd: 0 Special: 0 mode:0 
band:1586	flow: 5	valid:  19.8	erases:   75 [  2%] 	age:    1	GCcan:1 GCmust:0 GCrd: 0 Special: 0 mode:0 
band:1587	flow: 5	valid:  99.0	erases:  112 [  3%] 	age:    0	GCcan:1 GCmust:0 GCrd: 0 Special: 0 mode:0 
band:1588	flow:12	valid:   0.0	erases:  125 [  4%] 	age:    0	GCcan:0 GCmust:0 GCrd: 0 Special: 0 mode:0 
band:1589	flow:20	valid:    NA	erases:  110 [  3%] 	age:    0	GCcan:0 GCmust:0 GCrd: 0 Special: 0 mode:0 
band:1590	flow: 5	valid:  88.9	erases:   98 [  3%] 	age:    1	GCcan:1 GCmust:0 GCrd: 0 Special: 0 mode:0 
band:1591	flow: 5	valid:  97.7	erases:   90 [  3%] 	age:    1	GCcan:1 GCmust:0 GCrd: 0 Special: 0 mode:0 
band:1592	flow: 5	valid:  27.1	erases:  109 [  3%] 	age:    1	GCcan:1 GCmust:0 GCrd: 0 Special: 0 mode:0 
band:1593	flow:12	valid:   0.0	erases:  116 [  3%] 	age:    0	GCcan:0 GCmust:0 GCrd: 0 Special: 0 mode:0 
band:1594	flow:12	valid:   0.0	erases:  123 [  4%] 	age:    0	GCcan:0 GCmust:0 GCrd: 0 Special: 0 mode:0 
band:1595	flow:20	valid:    NA	erases:  114 [  3%] 	age:    0	GCcan:0 GCmust:0 GCrd: 0 Special: 0 mode:0 
band:1596	flow:20	valid:    NA	erases:  103 [  3%] 	age:    0	GCcan:0 GCmust:0 GCrd: 0 Special: 0 mode:0 
band:1597	flow: 5	valid:  35.5	erases:   99 [  3%] 	age:    1	GCcan:1 GCmust:0 GCrd: 0 Special: 0 mode:0 
band:1598	flow: 5	valid:  54.4	erases:   98 [  3%] 	age:    1	GCcan:1 GCmust:0 GCrd: 0 Special: 0 mode:0 
band:1599	flow:12	valid:   0.0	erases:  129 [  4%] 	age:    0	GCcan:0 GCmust:0 GCrd: 0 Special: 0 mode:0 
band:1600	flow: 5	valid:  76.9	erases:   94 [  3%] 	age:    1	GCcan:1 GCmust:0 GCrd: 0 Special: 0 mode:0 
band:1601	flow: 5	valid:  68.9	erases:   98 [  3%] 	age:    1	GCcan:1 GCmust:0 GCrd: 0 Special: 0 mode:0 
band:1602	flow:12	valid:   0.0	erases:  119 [  3%] 	age:    0	GCcan:0 GCmust:0 GCrd: 0 Special: 0 mode:0 
band:1603	flow: 5	valid:  99.6	erases:   83 [  2%] 	age:    1	GCcan:1 GCmust:0 GCrd: 0 Special: 0 mode:0 
band:1604	flow:20	valid:    NA	erases:  111 [  3%] 	age:    0	GCcan:0 GCmust:0 GCrd: 0 Special: 0 mode:0 
band:1605	flow: 5	valid:  62.9	erases:   81 [  2%] 	age:    1	GCcan:1 GCmust:0 GCrd: 0 Special: 0 mode:0 
band:1606	flow:12	valid:   0.0	erases:  117 [  3%] 	age:    0	GCcan:0 GCmust:0 GCrd: 0 Special: 0 mode:0 
band:1607	flow: 5	valid:  35.4	erases:  109 [  3%] 	age:    0	GCcan:1 GCmust:0 GCrd: 0 Special: 0 mode:0 
band:1608	flow:12	valid:   0.0	erases:  117 [  3%] 	age:    0	GCcan:0 GCmust:0 GCrd: 0 Special: 0 mode:0 
band:1609	flow: 1	valid:  17.9	erases:  114 [  3%] 	age:    0	GCcan:1 GCmust:0 GCrd: 0 Special: 0 mode:0 
band:1610	flow:12	valid:   0.0	erases:  114 [  3%] 	age:    0	GCcan:0 GCmust:0 GCrd: 0 Special: 0 mode:0 
band:1611	flow:20	valid:    NA	erases:   99 [  3%] 	age:    0	GCcan:0 GCmust:0 GCrd: 0 Special: 0 mode:0 
band:1612	flow: 5	valid:  52.5	erases:   95 [  3%] 	age:    1	GCcan:1 GCmust:0 GCrd: 0 Special: 0 mode:0 
band:1613	flow:12	valid:   0.0	erases:  127 [  4%] 	age:    0	GCcan:0 GCmust:0 GCrd: 0 Special: 0 mode:0 
band:1614	flow: 5	valid:  36.6	erases:  101 [  3%] 	age:    1	GCcan:1 GCmust:0 GCrd: 0 Special: 0 mode:0 
band:1615	flow: 5	valid:  31.7	erases:   75 [  2%] 	age:    0	GCcan:1 GCmust:0 GCrd: 0 Special: 0 mode:0 
band:1616	flow:12	valid:   0.0	erases:  120 [  4%] 	age:    0	GCcan:0 GCmust:0 GCrd: 0 Special: 0 mode:0 
band:1617	flow: 5	valid:  28.9	erases:   82 [  2%] 	age:    1	GCcan:1 GCmust:0 GCrd: 0 Special: 0 mode:0 
band:1618	flow: 5	valid:  86.1	erases:  107 [  3%] 	age:    0	GCcan:1 GCmust:0 GCrd: 0 Special: 0 mode:0 
band:1619	flow: 5	valid:  99.5	erases:  104 [  3%] 	age:    0	GCcan:1 GCmust:0 GCrd: 0 Special: 0 mode:0 
band:1620	flow:12	valid:   0.0	erases:  116 [  3%] 	age:    0	GCcan:0 GCmust:0 GCrd: 0 Special: 0 mode:0 
band:1621	flow:20	valid:    NA	erases:  110 [  3%] 	age:    0	GCcan:0 GCmust:0 GCrd: 0 Special: 0 mode:0 
band:1622	flow:12	valid:   0.0	erases:  123 [  4%] 	age:    0	GCcan:0 GCmust:0 GCrd: 0 Special: 0 mode:0 
band:1623	flow: 5	valid:  28.6	erases:   79 [  2%] 	age:    1	GCcan:1 GCmust:0 GCrd: 0 Special: 0 mode:0 
band:1624	flow: 5	valid:  23.9	erases:  108 [  3%] 	age:    0	GCcan:1 GCmust:0 GCrd: 0 Special: 0 mode:0 
band:1625	flow: 5	valid:  26.8	erases:   83 [  2%] 	age:    0	GCcan:1 GCmust:0 GCrd: 0 Special: 0 mode:0 
band:1626	flow: 5	valid:  79.2	erases:  104 [  3%] 	age:    1	GCcan:1 GCmust:0 GCrd: 0 Special: 0 mode:0 
band:1627	flow:12	valid:   0.0	erases:  106 [  3%] 	age:    0	GCcan:0 GCmust:0 GCrd: 0 Special: 0 mode:0 
band:1628	flow:12	valid:   0.0	erases:  118 [  3%] 	age:    0	GCcan:0 GCmust:0 GCrd: 0 Special: 0 mode:0 
band:1629	flow: 5	valid:  73.0	erases:   82 [  2%] 	age:    0	GCcan:1 GCmust:0 GCrd: 0 Special: 0 mode:0 
band:1630	flow: 5	valid:  95.6	erases:   88 [  2%] 	age:    1	GCcan:1 GCmust:0 GCrd: 0 Special: 0 mode:0 
band:1631	flow: 5	valid:  26.6	erases:  108 [  3%] 	age:    1	GCcan:1 GCmust:0 GCrd: 0 Special: 0 mode:0 
band:1632	flow: 1	valid:  58.7	erases:  103 [  3%] 	age:    1	GCcan:1 GCmust:0 GCrd: 0 Special: 0 mode:0 
band:1633	flow:12	valid:   0.0	erases:  119 [  3%] 	age:    0	GCcan:0 GCmust:0 GCrd: 0 Special: 0 mode:0 
band:1634	flow:12	valid:   0.0	erases:  116 [  3%] 	age:    0	GCcan:0 GCmust:0 GCrd: 0 Special: 0 mode:0 
band:1635	flow: 5	valid:  94.8	erases:   86 [  2%] 	age:    1	GCcan:1 GCmust:0 GCrd: 0 Special: 0 mode:0 
band:1636	flow: 5	valid:  99.5	erases:   79 [  2%] 	age:    1	GCcan:1 GCmust:0 GCrd: 0 Special: 0 mode:0 
band:1637	flow:14	valid:    NA	erases:    1 [  0%] 	age:    0	GCcan:0 GCmust:0 GCrd: 0 Special: 0 mode:0 
band:1638	flow: 5	valid:  21.3	erases:  112 [  3%] 	age:    0	GCcan:1 GCmust:0 GCrd: 0 Special: 0 mode:0 
band:1639	flow:12	valid:   0.0	erases:  117 [  3%] 	age:    0	GCcan:0 GCmust:0 GCrd: 0 Special: 0 mode:0 
band:1640	flow: 5	valid:  39.7	erases:   88 [  2%] 	age:    1	GCcan:1 GCmust:0 GCrd: 0 Special: 0 mode:0 
band:1641	flow: 5	valid:  72.0	erases:   80 [  2%] 	age:    1	GCcan:1 GCmust:0 GCrd: 0 Special: 0 mode:0 
band:1642	flow: 5	valid:  47.3	erases:   89 [  2%] 	age:    1	GCcan:1 GCmust:0 GCrd: 0 Special: 0 mode:0 
band:1643	flow:14	valid:    NA	erases:    3 [  0%] 	age:    1	GCcan:0 GCmust:0 GCrd: 0 Special: 0 mode:0 
band:1644	flow: 5	valid:  99.5	erases:  109 [  3%] 	age:    0	GCcan:1 GCmust:0 GCrd: 0 Special: 0 mode:0 
band:1645	flow: 5	valid:  21.4	erases:   89 [  2%] 	age:    1	GCcan:1 GCmust:0 GCrd: 0 Special: 0 mode:0 
band:1646	flow:12	valid:   0.0	erases:  106 [  3%] 	age:    0	GCcan:0 GCmust:0 GCrd: 0 Special: 0 mode:0 
band:1647	flow: 5	valid:  99.5	erases:  108 [  3%] 	age:    0	GCcan:1 GCmust:0 GCrd: 0 Special: 0 mode:0 
band:1648	flow: 5	valid:  85.0	erases:   97 [  3%] 	age:    1	GCcan:1 GCmust:0 GCrd: 0 Special: 0 mode:0 
band:1649	flow:12	valid:   0.0	erases:  114 [  3%] 	age:    0	GCcan:0 GCmust:0 GCrd: 0 Special: 0 mode:0 
band:1650	flow: 5	valid:  24.8	erases:   97 [  3%] 	age:    0	GCcan:1 GCmust:0 GCrd: 0 Special: 0 mode:0 
band:1651	flow:12	valid:   0.0	erases:  129 [  4%] 	age:    0	GCcan:0 GCmust:0 GCrd: 0 Special: 0 mode:0 
band:1652	flow:12	valid:   0.0	erases:  116 [  3%] 	age:    0	GCcan:0 GCmust:0 GCrd: 0 Special: 0 mode:0 
band:1653	flow: 1	valid:  17.3	erases:  110 [  3%] 	age:    0	GCcan:1 GCmust:0 GCrd: 0 Special: 0 mode:0 
band:1654	flow:14	valid:    NA	erases:    4 [  0%] 	age:    1	GCcan:0 GCmust:0 GCrd: 0 Special: 0 mode:0 
band:1655	flow:12	valid:   0.0	erases:  118 [  3%] 	age:    0	GCcan:0 GCmust:0 GCrd: 0 Special: 0 mode:0 
band:1656	flow:20	valid:    NA	erases:  101 [  3%] 	age:    0	GCcan:0 GCmust:0 GCrd: 0 Special: 0 mode:0 
band:1657	flow:20	valid:    NA	erases:  113 [  3%] 	age:    0	GCcan:0 GCmust:0 GCrd: 0 Special: 0 mode:0 
band:1658	flow: 5	valid:  99.6	erases:   84 [  2%] 	age:    1	GCcan:1 GCmust:0 GCrd: 0 Special: 0 mode:0 
band:1659	flow: 7	valid:  98.3	erases:  131 [  4%] 	age:    0	GCcan:1 GCmust:0 GCrd: 0 Special: 0 mode:0 
band:1660	flow: 5	valid:  88.3	erases:   91 [  3%] 	age:    1	GCcan:1 GCmust:0 GCrd: 0 Special: 0 mode:0 
band:1661	flow:14	valid:    NA	erases:    0 [  0%] 	age:    0	GCcan:0 GCmust:0 GCrd: 0 Special: 0 mode:0 
band:1662	flow:19	valid:   0.0	erases: 2668 [  2%] 	age:    0	GCcan:0 GCmust:0 GCrd: 0 Special: 0 mode:1 
band:1663	flow:19	valid:   0.0	erases: 2667 [  2%] 	age:    0	GCcan:0 GCmust:0 GCrd: 0 Special: 1 mode:1 
band:1664	flow:19	valid:   0.0	erases: 2667 [  2%] 	age:    0	GCcan:0 GCmust:0 GCrd: 0 Special: 1 mode:1 
band:1665	flow:10	valid:    NA	erases: 2668 [  2%] 	age:    0	GCcan:0 GCmust:0 GCrd: 0 Special: 0 mode:1 
band:1666	flow:19	valid:   0.0	erases: 2668 [  2%] 	age:    0	GCcan:0 GCmust:0 GCrd: 0 Special: 0 mode:1 
band:1667	flow:10	valid:    NA	erases: 2668 [  2%] 	age:    0	GCcan:0 GCmust:0 GCrd: 0 Special: 0 mode:1 
band:1668	flow:10	valid:    NA	erases: 2668 [  2%] 	age:    0	GCcan:0 GCmust:0 GCrd: 0 Special: 0 mode:1 
band:1669	flow:19	valid:   0.0	erases: 2667 [  2%] 	age:    0	GCcan:0 GCmust:0 GCrd: 0 Special: 0 mode:1 
band:1670	flow:19	valid:   0.0	erases: 2667 [  2%] 	age:    0	GCcan:0 GCmust:0 GCrd: 0 Special: 1 mode:1 
INTERMEDIATE PARTITION : Erase Cycles: Max ( 3516, 3% of EoL ) Min ( 0, 0% of EoL ) Avg ( 3472, 3% of EoL )
                         Max band age:     ( 0 )
                         EoL erase cycles: ( 100000 ) 
USER PARTITION         : Erase Cycles: Max ( 135, 4% of EoL ) Min ( 0, 0% of EoL ) Avg ( 104, 3% of EoL )
                         Max band age:     ( 1 )
                         EoL erase cycles: ( 3000 ) 
USER PARTITION:
Erase Quantile [  100.00 (135.00 - 135.00 erases) ] = 1 bands
Erase Quantile [  99.90 (134.87 - 135.00 erases) ] = 0 bands
Erase Quantile [  99.00 (133.65 - 134.87 erases) ] = 1 bands
Erase Quantile [  95.00 (128.25 - 133.65 erases) ] = 34 bands
Erase Quantile [  90.00 (121.50 - 128.25 erases) ] = 104 bands
Erase Quantile [  50.00 (67.50 - 121.50 erases) ] = 1346 bands
Erase Quantile [  0.00 (0.00 - 67.50 erases) ] = 5 bands
NAND stats:
===========
             version:	0x8000000000000001
magazineInstanceMeta:	29966570872635400
magazineResolutionRegionsSizes:	2262820834444801
magazineResolutionRegions:	200903663617024
   magazineFWVersion:
                      [0] = 3328213111641487669
                      [1] = 3211319
                      [2] = 0
      hostWriteXacts:	3006046320
       hostReadXacts:	8029173727
          hostWrites:	10849539986
       hostWritesDyn:	8480672035
    hostWritesStatic:	158863309
      hostWritesMeta:	2209887309
     hostWritesPhoto:	117333
      pushSyncWrites:	0
       hostPassiveIO:	2016121230
           hostReads:	35885097671
           validLbas:	23401750
           shutdowns:	280
               boots:	300
        uncleanBoots:	23
       IND_pool_free:	29447704
IND_pool_freeMinSilo:	23831040
      IND_pool_count:	33492992
 IND_pool_allocatedP:	39
   hostWriteLogHisto:
                      [0] = 2093156485
                      [1] = 318264266
                      [2] = 460835605
                      [3] = 53898350
                      [4] = 26254687
                      [5] = 21270398
                      [6] = 21011050
                      [7] = 8481210
                      [8] = 2874269
                      [9] = 0
    hostReadLogHisto:
                      [0] = 3914898379
                      [1] = 221823559
                      [2] = 2844525166
                      [3] = 693005009
                      [4] = 192084329
                      [5] = 109674025
                      [6] = 36731214
                      [7] = 16201886
                      [8] = 230160
                      [9] = 0
        wearLevMoves:	501
          nandWrites:	15204027964
           nandReads:	45796094869
      nandUtilWrites:	485648
       nandUtilReads:	1458598
          bandErases:	155556
           ueccReads:	0
            numPfail:	0
            numEfail:	0
numPerformanceRefreshes:	0
numReliabilityRefreshes:	0
readReconstructReliabilityRefreshes:	0
readReconstructPerformanceRefreshes:	0
readWithAuxReliabilityRefreshes:	0
readWithAuxPerformanceRefreshes:	0
         numSleepOps:	240361
cntTimeWentBackWardOnBoot:	1
 cntTimeWentBackWard:	0
cntCalTimeWentBackWard:	0
        powerOnHours:	2235
    shutdownDuringGC:	642
   smartCritWarnings:	0
          numFlushes:	3457162
           numFences:	46311260
            numUnmap:	29987524
         numUnmapSec:	16474803138
         clogProgram:	10306455
           clogPFail:	0
            clogRead:	6824
           clogRFail:	0
        clogFindFail:	0
       clogFindBlank:	0
         clogFindUnc:	0
  clogFindUnexpected:	0
maxHighEnduranceBlockErases:	171
   numFirmwareWrites:	21
     numSyscfgWrites:	1
                KEY_335:	0
       numFactoryBad:	61
         numGrownBad:	0
    numRetiredBlocks:	0
numFreeVirtualBlocks:	425
        bytesPerPage:	16384
pagesPerVirtualBlock:	10752
blocksPerVirtualBlock:	8
    numVirtualBlocks:	1662
       exportVersion:	196609
              ECBins:
                      [0] = 8
                      [1] = 539
                      [2] = 947
                      [3] = 0
                      [4] = 0
                      [5] = 0
                      [6] = 0
                      [7] = 0
                      [8] = 0
                      [9] = 0
                      [10] = 0
                      [11] = 0
                      [12] = 0
                      [13] = 0
                      [14] = 0
                      [15] = 0
                      [16] = 0
                      [17] = 0
                      [18] = 0
                      [19] = 0
                      [20] = 0
                      [21] = 0
                      [22] = 0
                      [23] = 0
                      [24] = 0
                      [25] = 0
                      [26] = 0
                      [27] = 0
                      [28] = 0
                      [29] = 0
                      [30] = 0
                      [31] = 0
                      [32] = 0
                      [33] = 0
                      [34] = 0
                      [35] = 0
                      [36] = 0
                      [37] = 0
                      [38] = 0
                      [39] = 0
                      [40] = 0
                      [41] = 0
                      [42] = 0
                      [43] = 0
                      [44] = 0
                      [45] = 0
                      [46] = 0
                      [47] = 0
                      [48] = 0
                      [49] = 0
                      [50] = 0
                      [51] = 0
                      [52] = 0
                      [53] = 0
                      [54] = 0
                      [55] = 0
                      [56] = 0
                      [57] = 0
                      [58] = 0
                      [59] = 0
                      [60] = 0
                      [61] = 0
                      [62] = 0
                      [63] = 0
                      [64] = 0
                      [65] = 0
                      [66] = 0
                      [67] = 0
                      [68] = 0
                      [69] = 0
                      [70] = 168
                      [71] = 0
                      [72] = 0
                      [73] = 0
                      [74] = 0
                      [75] = 0
                      [76] = 0
                      [77] = 0
                      [78] = 0
                      [79] = 0
                      [80] = 0
                      [81] = 0
                      [82] = 0
                      [83] = 0
                      [84] = 0
                      [85] = 0
                      [86] = 0
                      [87] = 0
                      [88] = 0
                      [89] = 0
                      [90] = 0
                      [91] = 0
                      [92] = 0
                      [93] = 0
                      [94] = 0
                      [95] = 0
                      [96] = 0
                      [97] = 0
                      [98] = 0
                      [99] = 0
              RCBins:
                      [0] = 6181
                      [1] = 1555
                      [2] = 1342
                      [3] = 968
                      [4] = 653
                      [5] = 417
                      [6] = 336
                      [7] = 201
                      [8] = 178
                      [9] = 110
                      [10] = 99
                      [11] = 86
                      [12] = 59
                      [13] = 61
                      [14] = 48
                      [15] = 50
                      [16] = 51
                      [17] = 50
                      [18] = 28
                      [19] = 36
                      [20] = 38
                      [21] = 27
                      [22] = 19
                      [23] = 18
                      [24] = 7
                      [25] = 20
                      [26] = 25
                      [27] = 12
                      [28] = 9
                      [29] = 1
                      [30] = 9
                      [31] = 14
                      [32] = 12
                      [33] = 11
                      [34] = 13
                      [35] = 12
                      [36] = 8
                      [37] = 16
                      [38] = 19
                      [39] = 21
                      [40] = 23
                      [41] = 24
                      [42] = 10
                      [43] = 10
                      [44] = 13
                      [45] = 9
                      [46] = 12
                      [47] = 10
                      [48] = 16
                      [49] = 12
                      [50] = 21
                      [51] = 13
                      [52] = 12
                      [53] = 11
                      [54] = 12
                      [55] = 5
                      [56] = 5
                      [57] = 14
                      [58] = 13
                      [59] = 13
                      [60] = 19
                      [61] = 10
                      [62] = 13
                      [63] = 8
                      [64] = 6
                      [65] = 9
                      [66] = 8
                      [67] = 3
                      [68] = 9
                      [69] = 5
                      [70] = 5
                      [71] = 7
                      [72] = 4
                      [73] = 7
                      [74] = 4
                      [75] = 9
                      [76] = 13
                      [77] = 6
                      [78] = 8
                      [79] = 7
                      [80] = 5
                      [81] = 6
                      [82] = 6
                      [83] = 7
                      [84] = 8
                      [85] = 5
                      [86] = 6
                      [87] = 9
                      [88] = 3
                      [89] = 1
                      [90] = 1
                      [91] = 0
                      [92] = 1
                      [93] = 0
                      [94] = 0
                      [95] = 0
                      [96] = 0
                      [97] = 0
                      [98] = 0
                      [99] = 0
      utilFormatTime:	1719971861
        calendarTime:	1786146812
            wallTime:	57868675
         lastRTCtime:	57868675
                KEY_1242:	0
                      [0] = 136
                      [1] = 9
                      [2] = 8
                      [3] = 5
                      [4] = 0
                      [5] = 0
                      [6] = 0
                      [7] = 0
                      [8] = 1
                      [9] = 0
                      [10] = 0
                KEY_1245:	0
          qosPerCmdQ:
                      [0] = 1010889
                      [1] = 2035728
                      [2] = 245472
                      [3] = 75801
                      [4] = 42510
                      [5] = 18859
                      [6] = 9647
                      [7] = 6141
                      [8] = 10467
                      [9] = 1045
                      [10] = 287
                      [11] = 114
                      [12] = 153
                      [13] = 26
                      [14] = 9
                      [15] = 14
                      [16] = 29073056
                      [17] = 626281
                      [18] = 17907
                      [19] = 12974
                      [20] = 9087
                      [21] = 6879
                      [22] = 40036
                      [23] = 34900
                      [24] = 105182
                      [25] = 39993
                      [26] = 11998
                      [27] = 3436
                      [28] = 4609
                      [29] = 622
                      [30] = 289
                      [31] = 275
                      [32] = 21124673
                      [33] = 1228269
                      [34] = 613258
                      [35] = 206015
                      [36] = 131815
                      [37] = 70993
                      [38] = 57257
                      [39] = 49695
                      [40] = 266254
                      [41] = 65655
                      [42] = 25472
                      [43] = 18195
                      [44] = 26279
                      [45] = 3864
                      [46] = 2064
                      [47] = 2429
                      [48] = 5080454
                      [49] = 207058
                      [50] = 132926
                      [51] = 114487
                      [52] = 66170
                      [53] = 45914
                      [54] = 51862
                      [55] = 80875
                      [56] = 373762
                      [57] = 205676
                      [58] = 66953
                      [59] = 26462
                      [60] = 41626
                      [61] = 39087
                      [62] = 53573
                      [63] = 3673
                      [64] = 3678131
                      [65] = 199622
                      [66] = 91323
                      [67] = 21440
                      [68] = 21956
                      [69] = 11048
                      [70] = 10319
                      [71] = 101473
                      [72] = 49856
                      [73] = 6742
                      [74] = 1748
                      [75] = 1165
                      [76] = 2228
                      [77] = 760
                      [78] = 641
                      [79] = 2869
                      [80] = 2586989
                      [81] = 258985
                      [82] = 187861
                      [83] = 139059
                      [84] = 102501
                      [85] = 69433
                      [86] = 55535
                      [87] = 50169
                      [88] = 191322
                      [89] = 48720
                      [90] = 11294
                      [91] = 7000
                      [92] = 17085
                      [93] = 8071
                      [94] = 4409
                      [95] = 16322
                      [96] = 2005717096
                      [97] = 1042530084
                      [98] = 103380365
                      [99] = 27853676
                      [100] = 32277148
                      [101] = 10257258
                      [102] = 5856509
                      [103] = 5174975
                      [104] = 23690248
                      [105] = 7432987
                      [106] = 1674141
                      [107] = 841998
                      [108] = 3238335
                      [109] = 1187206
                      [110] = 570411
                      [111] = 27902
                      [112] = 2363828918
                      [113] = 709607270
                      [114] = 19411257
                      [115] = 9561540
                      [116] = 11490872
                      [117] = 5229795
                      [118] = 3332596
                      [119] = 3255588
                      [120] = 25030250
                      [121] = 16191237
                      [122] = 8264438
                      [123] = 5500931
                      [124] = 22400264
                      [125] = 8406305
                      [126] = 5916891
                      [127] = 11642236
                      [128] = 647632720
                      [129] = 691563519
                      [130] = 37592371
                      [131] = 10179559
                      [132] = 13456394
                      [133] = 5764373
                      [134] = 3280129
                      [135] = 3156102
                      [136] = 23868039
                      [137] = 12550826
                      [138] = 6465078
                      [139] = 4237561
                      [140] = 10793516
                      [141] = 5239918
                      [142] = 4174552
                      [143] = 25861170
                      [144] = 10280227
                      [145] = 8607521
                      [146] = 568856
                      [147] = 303150
                      [148] = 277148
                      [149] = 215664
                      [150] = 173879
                      [151] = 152392
                      [152] = 618945
                      [153] = 264709
                      [154] = 152236
                      [155] = 95901
                      [156] = 228709
                      [157] = 100705
                      [158] = 61719
                      [159] = 475412
       maxQosPerCmdQ:
                      [0] = 3351495
                      [1] = 7117133
                      [2] = 462384
                      [3] = 215705
                      [4] = 181332
                      [5] = 588909
                      [6] = 1276155
                      [7] = 1642771
                      [8] = 2211643
                      [9] = 2297500
       cmdq_flush_us:	10000
       cmdq_unmap_us:	5000
      cmdq_pri0_r_us:	5000
      cmdq_pri0_w_us:	5000
      cmdq_pri1_r_us:	50000
      cmdq_pri1_w_us:	30000
      cmdq_pri2_r_us:	75000
      cmdq_pri2_w_us:	60000
      cmdq_pri3_r_us:	100000
      cmdq_pri3_w_us:	100000
        host_idle_ms:	22
cmd_hysteresis_window_us:	1000
cmd_rw_hysteresis_us:	0
cmd_lowPriHoldoffDelay_us:	50000
cmd_lowPriHoldoffEnabled:	0
cmd_expedite_num_success:	456225
cmd_expedite_num_failures:	348356
                KEY_76:	0
      staticSizeInMB:	14166
      readCountHisto:
                      [0] = 5929080
                      [1] = 23502
                      [2] = 6674
                      [3] = 4387
                      [4] = 17005
    slcInvalidations:	8238736524
  slcGCInvalidations:	1945533989
                      [0] = 42054
                      [1] = 74876
                      [2] = 1757893
                      [3] = 61615513
                      [4] = 13620312
                      [5] = 1804671
                      [6] = 1045804
                      [7] = 393682
                      [8] = 110048
                      [9] = 18870
hostSectorsDuringGCon:	178531780
                KEY_83:	0
intermediateBandErases:	590975
intermediatePartitionStart:	1
  userPartitionStart:	171
          iolog_lbas:	0
numBandsRefreshedForAgePerTier:
                      [0] = 2388
                      [1] = 0
                      [2] = 0
         bdrDeltaHot:
                      [0] = 26
                      [1] = 12
                      [2] = 75
                      [3] = 323
                      [4] = 269
                      [5] = 242
                      [6] = 359
                      [7] = 342
                      [8] = 331
                      [9] = 2348
                      [10] = 52
                      [11] = 0
                      [12] = 0
                      [13] = 0
                      [14] = 0
                      [15] = 0
                      [16] = 0
                      [17] = 0
                      [18] = 0
                      [19] = 173
numBandsPaddedForAge:	2
numRefreshOnClockLoss:	0
numRefreshOnErrNandRefreshRel:	0
numRefreshOnErrNandRefreshPerf:	0
          bdrPadding:	0
   numBGRefreshMoves:	46209
   numBGPaddingMoves:	11296
         vccFlowMode:	1
pagesPerVirtualBlockSlc:	3584
    bandsPerHostFlow:
                      [0] = 98174
                      [1] = 13383
                      [2] = 12
                      [3] = 0
 bandsPerSpecialFlow:
                      [0] = 82398
                      [1] = 17439
                      [2] = 2632
                      [3] = 0
                      [4] = 23052
     secsPerHostFlow:
                      [0] = 8441726720
                      [1] = 2298170112
                      [2] = 688128
                      [3] = 0
  secsPerSpecialFlow:
                      [0] = 3521794304
                      [1] = 749038080
                      [2] = 112992768
                      [3] = 0
                      [4] = 82618368
overWritesPerHostFlow:
                      [0] = 2884752634
                      [1] = 678603301
                      [2] = 286
                      [3] = 0
overWritesPerSpecialFlow:
                      [0] = 533971839
                      [1] = 34291177
                      [2] = 480583
                      [3] = 0
                      [4] = 0
   padSectorsPerFlow:
                      [0] = 17220790
                      [1] = 218805847
                      [2] = 4261
                      [3] = 0
                      [4] = 0
                      [5] = 75755643
                      [6] = 161318
                      [7] = 200814
                      [8] = 0
                      [9] = 0
            padSizes:
                      [0] = 3016664
                      [1] = 2948064
                      [2] = 2814035
                      [3] = 4063865
padSectorsDueToBufFrag:	0
   unmapsPerHostFlow:
                      [0] = 3408499903
                      [1] = 959455103
                      [2] = 611179
                      [3] = 0
unmapsPerSpecialFlow:
                      [0] = 1433580575
                      [1] = 246871790
                      [2] = 38387405
                      [3] = 0
                      [4] = 0
        coldestCycle:
                      [0] = 75
                      [1] = 3512
            avgCycle:
                      [0] = 104
                      [1] = 3513
        hottestCycle:
                      [0] = 135
                      [1] = 3516
            gcWrites:	4293005677
       gcLonlyWrites:	0
                KEY_673:	0
                KEY_127:	0
                KEY_138:	0
      gcDestinations:	102469
 gcVPackDestinations:	4415
       gcVPackWrites:	188208266
gcPDusterDestinations:	13061
     gcPDusterWrites:	559126842
                KEY_723:	18502
                KEY_724:	86973
                KEY_726:	2283
         gcFragments:	372334606
                KEY_383:	0
   gcSlcDestinations:	510
                KEY_354:	0
                KEY_355:	0
      errInjCounters:
                      [0] = 0
                      [1] = 0
                      [2] = 0
                      [3] = 0
                      [4] = 0
                      [5] = 0
                      [6] = 0
                      [7] = 0
          raidConfig:	5
raidSuccessfulReconstructionInternal:	0
raidSuccessfulReconstructionHost:	0
raidFailedReconstructionHost:	0
raidSuccessfulPMXReconstructionInternal:	0
raidSuccessfulPMXReconstructionHost:	0
raidFailedPMXReconstructionInternal:	0
raidFailedPMXReconstructionHost:	0
raidSuccessfulRMXReconstructionInternal:	0
raidSuccessfulRMXReconstructionHost:	0
raidFailedRMXReconstructionInternal:	0
raidFailedRMXReconstructionHost:	0
raidExpectedFailRMXReconstructionInternal:	0
raidExpectedFailRMXReconstructionHost:	0
raidSuccessfulBMXReconstructionInternal:	0
raidSuccessfulBMXReconstructionHost:	0
raidFailedBMXReconstructionInternal:	0
raidFailedBMXReconstructionHost:	0
raidFailedReconstructionInternal:	0
                KEY_400:	0
raidSuccessfulRecoLbaRange:
                      [0] = 0
                      [1] = 0
raidFailedRecoLbaRange:
                      [0] = 0
                      [1] = 0
raidSuccessfulRecoEAN:
                      [0] = 0
                      [1] = 0
                      [2] = 0
                      [3] = 0
                      [4] = 0
                      [5] = 0
   raidFailedRecoEAN:
                      [0] = 0
                      [1] = 0
                      [2] = 0
                      [3] = 0
                      [4] = 0
                      [5] = 0
                KEY_644:	0
                KEY_645:	0
                KEY_646:	0
                KEY_647:	0
  raidParityUnmapped:	0
     raidParityGCUnc:	0
    raidSkipAttempts:	0
  raidSuccessfulSkip:	0
      raidFailedSkip:	0
  TurboRaidIsEnabled:	1
TurboRaidHostClassifications:	0
TurboRaidInternalClassifications:	0
TurboRaidSuccessfulHostAuxReads:	0
TurboRaidSuccessfulInternalAuxReads:	0
TurboRaidFailedHostAuxReads:	0
TurboRaidFailedInternalAuxReads:	0
turboRaidClassificationReliabilityHost:	0
turboRaidClassificationReliabilityInternal:	0
turboRaidClassificationQualityHost:	0
turboRaidClassificationQualityInternal:	0
turboRaidSkipTooManyFailures:	0
turboRaidSuccessAuxPartition:
                      [0] = 0
                      [1] = 0
turboRaidFailAuxPartition:
                      [0] = 0
                      [1] = 0
turboRaidClassifyQualPartition:
                      [0] = 0
                      [1] = 0
turboRaidClassifyRelPartition:
                      [0] = 0
                      [1] = 0
turboRaidNoClassifyDueToWasRetire:	0
turboRaidNoClassifyDueToOpenBand:	0
turboRaidNoClassifyDueToQualityBlock:	0
turboRaidGbbOpenBand:	0
turboRaidGbbShouldRetireOnRefresh:	0
turboRaidReliabilityRemovedProbational:	0
                KEY_362:	0
                KEY_396:	0
                KEY_398:	0
                KEY_397:	0
                KEY_399:	0
                KEY_405:	0
deprecated_raidFailedReadBlog:	0
                KEY_573:	0
raidFailedLbaMismatch:	0
raidBandsPerHostFlow:	0
 raidSecsPerHostFlow:	0
raidSLCBandsPerHostFlow:	0
raidSLCSecsPerHostFlow:	0
      raidSLCPadding:	0
         raidGCBands:	0
                KEY_442:	0
                KEY_443:	0
raidReconstructReads:	0
raidVerificationReads:	21744296
     raidSmartErrors:	0
raidSuccessfulVerify:	0
    raidFailedVerify:	0
raidReconstructSuccessFlow:
                      [0] = 0
                      [1] = 0
                      [2] = 0
                      [3] = 0
                      [4] = 0
raidReconstructFailFlow:
                      [0] = 0
                      [1] = 0
                      [2] = 0
                      [3] = 0
                      [4] = 0
raidReconstructFailBandFlowHost:	0
raidReconstructFailBandFlowGC:	0
raidReconstructSuccessBandFlowOslc:	0
raidReconstructFailBandFlowOslc:	0
raidReconstructSuccessPartition:
                      [0] = 0
                      [1] = 0
raidReconstructFailPartition:
                      [0] = 0
                      [1] = 0
raidReconstructFailP:	0
raidReconstructFailQ:	0
raidReconstructFailBmxMp:	0
raidReconstructFailBmx:	0
raidReconstructFailUECC:	0
raidReconstructFailBMXUECC:	0
raidReconstructFailUnsupp:	0
raidReconstructFailMismatch:	0
raidReconstructFailNoSPBX:	0
raidReconstructFailDouble:	0
raidReconstructFailInvalid:	0
raidReconstructFailBlank:	0
raidReconstructFailBMXBlank:	0
raidReconstructFailPMXUnsup:	0
raidReconstructFailBMXUnsup:	0
raidPrevFailedReconstructSkip:	0
raidPrevFailedReconstructBmxMpSkip:	0
raidReconstructFailBMXAbort:	0
    raidUECCOpenBand:	0
raidUncleanBootBandFail:	0
     raidFailSectors:	0
        raidBMXFailP:
                      [0] = 0
                      [1] = 0
                      [2] = 0
                      [3] = 0
     raidBMXFailUECC:
                      [0] = 0
                      [1] = 0
                      [2] = 0
                      [3] = 0
   raidBMXFailNoSPBX:
                      [0] = 0
                      [1] = 0
                      [2] = 0
                      [3] = 0
    raidBMXFailBlank:
                      [0] = 0
                      [1] = 0
                      [2] = 0
                      [3] = 0
    raidBMXFailUnsup:
                      [0] = 0
                      [1] = 0
                      [2] = 0
                      [3] = 0
   raidBMXFailMpSkip:
                      [0] = 0
                      [1] = 0
                      [2] = 0
                      [3] = 0
    raidBMXFailAbort:
                      [0] = 0
                      [1] = 0
                      [2] = 0
                      [3] = 0
    raidBMXFailOther:
                      [0] = 0
                      [1] = 0
                      [2] = 0
                      [3] = 0
      raidBMXSuccess:
                      [0] = 0
                      [1] = 0
                      [2] = 0
                      [3] = 0
                KEY_184:	0
                KEY_185:	0
                KEY_192:	0
       internalUeccs:	0
 clogLastStripeUeccs:	0
unexpectedBlanksHost:	0
unexpectedBlanksInternal:	0
unexpectedBlanksOnRV:	0
                KEY_186:	0
AbortSkip_ProgramError:	0
AbortSkip_ReadErrorOpenBand:	0
                KEY_154:	0
AbortSkip_MPBXReadVerifyClosedBand:	0
AbortSkip_MPBXReadVerifyOpenBand:	0
AbortSkip_MPBXProbational:	0
AbortSkip_MBPXFailedRebuildingParity:	0
 AbortSkip_RMXtoMPBX:	0
    AbortSkip_Format:	2
AbortPad_OpenRefreshBand:	8
                KEY_156:	0
                KEY_157:	0
 AbortPad_GcNoSource:	4895
     AbortPad_Format:	0
AbortPad_GcMustPadBand:	1995
AbortPad_GcMustPadSkinny:	31
nandDiscoveryDuration:	27
coreCCEnableDuration:	0
    coreOpenDuration:	952
coreWritableDuration:	2926
coreClogLoadDuration:	1055
                KEY_167:	0
                KEY_169:	0
         numMemChoke:	0
 maxMemChokeDuration:	0
    memChokeDuration:	0
                KEY_144:	0
                KEY_145:	0
                KEY_146:	0
           numMemLow:	0
   maxMemLowDuration:	0
      memLowDuration:	0
     bandGetsExtreme:	171
         bandGetsLow:	171
        numHostChoke:	364
             e2eFail:	0
                KEY_193:	0
                KEY_194:	0
                KEY_195:	0
                KEY_196:	0
      powerOnSeconds:	2034
numUnknownTokenHostRead:	0
numUnmmapedTokenHostRead:	1423146
     indmbUnitsTotal:	33
      indmbUnitsXfer:	0
     indmbUnitsCache:	20
       indmbUnitsInd:	13
                KEY_202:	0
       wcache_Mbytes:	51
                KEY_208:	0
                KEY_209:	0
                KEY_210:	0
                KEY_211:	0
                KEY_212:	0
numOfThrottlingEntriesPerLevel:
                      [0] = 0
                      [1] = 0
                      [2] = 0
                      [3] = 0
                      [4] = 0
                      [5] = 0
                      [6] = 0
                      [7] = 0
                      [8] = 0
                      [9] = 0
                      [10] = 0
                      [11] = 0
                      [12] = 0
                      [13] = 0
                      [14] = 0
                      [15] = 0
timeOfThrottlingPerLevel:
                      [0] = 0
                      [1] = 0
                      [2] = 0
                      [3] = 0
                      [4] = 0
                      [5] = 0
                      [6] = 0
                      [7] = 0
                      [8] = 0
                      [9] = 0
                      [10] = 0
                      [11] = 0
                      [12] = 0
                      [13] = 0
                      [14] = 0
                      [15] = 0
numOfThrottlingEntriesPerReadLevel:
                      [0] = 0
                      [1] = 0
                      [2] = 0
                      [3] = 0
                      [4] = 0
                      [5] = 0
                      [6] = 0
                      [7] = 0
                      [8] = 0
                      [9] = 0
                      [10] = 0
                      [11] = 0
                      [12] = 0
                      [13] = 0
                      [14] = 0
                      [15] = 0
timeOfThrottlingPerReadLevel:
                      [0] = 0
                      [1] = 0
                      [2] = 0
                      [3] = 0
                      [4] = 0
                      [5] = 0
                      [6] = 0
                      [7] = 0
                      [8] = 0
                      [9] = 0
                      [10] = 0
                      [11] = 0
                      [12] = 0
                      [13] = 0
                      [14] = 0
                      [15] = 0
numOfThrottlingEntriesPerWriteLevel:
                      [0] = 0
                      [1] = 0
                      [2] = 0
                      [3] = 0
                      [4] = 0
                      [5] = 0
                      [6] = 0
                      [7] = 0
                      [8] = 0
                      [9] = 0
                      [10] = 0
                      [11] = 0
                      [12] = 0
                      [13] = 0
                      [14] = 0
                      [15] = 0
timeOfThrottlingPerWriteLevel:
                      [0] = 0
                      [1] = 0
                      [2] = 0
                      [3] = 0
                      [4] = 0
                      [5] = 0
                      [6] = 0
                      [7] = 0
                      [8] = 0
                      [9] = 0
                      [10] = 0
                      [11] = 0
                      [12] = 0
                      [13] = 0
                      [14] = 0
                      [15] = 0
 crcInternalReadFail:
                      [0] = 0
                      [1] = 0
                      [2] = 0
                      [3] = 0
                      [4] = 0
                      [5] = 0
                      [6] = 0
                      [7] = 0
                KEY_216:	0
            wcacheWr:	506929388
                KEY_214:	0
                KEY_215:	0
                      [0] = 0
                      [1] = 0
                      [2] = 0
                      [3] = 0
                      [4] = 0
                      [5] = 0
                      [6] = 0
                      [7] = 0
                      [8] = 0
                      [9] = 0
                KEY_219:	0
                KEY_220:	0
    RD_openBandCount:	6
     RD_openBandNops:	341324
RD_closedBandEvictCount:	2102
RD_closedBandEvictSectors:	86828438
                KEY_225:	0
                KEY_226:	0
         RD_numSaves:	64929
                      [0] = 0
                      [1] = 0
                      [2] = 0
                      [3] = 0
                      [4] = 0
                      [5] = 0
                      [6] = 0
                      [7] = 0
                      [8] = 0
                      [9] = 0
                      [0] = 0
                      [1] = 0
                      [2] = 0
                      [3] = 0
    indmbXferCountTo:
                      [0] = 2
                      [1] = 11
indmbAccumulatedTimeBetweenXfers:
                      [0] = 64640096472164
                      [1] = 228475242541053
maxGracefulBootTimeMs:	45401
maxUngracefulBootTimeMs:	8629
averageGracefulBootTimeMs:	6410
averageUngracefulBootTimeMs:	4793
gracefulBootTimeLogMs:
                      [0] = 6005
                      [1] = 4815
                      [2] = 6741
                      [3] = 4016
                      [4] = 4290
                      [5] = 4241
                      [6] = 4373
                      [7] = 3986
ungracefulBootTimeLogMs:
                      [0] = 5055
                      [1] = 8629
                      [2] = 5122
                      [3] = 5099
                      [4] = 5170
                      [5] = 5180
                      [6] = 5818
                      [7] = 5473
                KEY_238:	0
                KEY_239:	0
                KEY_240:	0
                KEY_241:	0
                KEY_242:	0
                KEY_244:	0
       prefetchReads:	0
        prefetchHits:	0
prefetchWritesInvalidation:	0
    numClogDoubleUnc:	0
                KEY_257:	0
                KEY_258:	0
                KEY_259:	0
                KEY_260:	0
                KEY_261:	0
                KEY_262:	0
                KEY_263:	0
                KEY_264:	0
                      [0] = 0
                      [1] = 903513
                      [2] = 87327
                      [3] = 1233541
                      [4] = 1502680
                      [5] = 795296
                      [6] = 60196
                      [7] = 99346
                      [8] = 17674
                      [9] = 13004
                      [10] = 1327
                      [11] = 28703
                      [12] = 0
                      [13] = 0
                      [14] = 0
                      [15] = 0
        totalReadAmp:	17380027
                      [0] = 0
                      [1] = 0
                      [2] = 0
                      [3] = 0
numBootBlockRefreshSuccess:
                      [0] = 0
                      [1] = 0
                      [2] = 0
                      [3] = 0
                      [4] = 0
                      [5] = 0
                      [6] = 0
                      [7] = 0
numBootBlockRefreshFail:
                      [0] = 0
                      [1] = 0
                      [2] = 0
                      [3] = 0
                      [4] = 0
                      [5] = 0
                      [6] = 0
                      [7] = 0
mspBootBlockMismatch:	0
mspBootBlockMismatchErr:	0
numUnsupportedAsiInOFW:	1
NumTerminatedProgramSegs:	0
                KEY_273:	0
     indFlowPrograms:	30640729
   powerBudgetSelect:
                      [0] = 0
                      [1] = 0
                      [2] = 0
                      [3] = 0
    RxBurnNandWrites:	0
  E2EDPErrorCounters:
                      [0] = 0
                      [1] = 0
                      [2] = 0
                      [3] = 0
                      [4] = 0
                      [5] = 0
                      [6] = 0
                      [7] = 0
                      [8] = 0
                      [9] = 0
                      [10] = 0
                      [11] = 0
    wcacheSectorsMax:	22080
    wcacheSectorsMin:	13632
    wcacheSectorsCur:	18432
                KEY_284:	22080
                KEY_285:	13632
                KEY_286:	18432
                KEY_287:	0
        wcache_Reads:	26490667
mspBootBlockReadFail:
                      [0] = 0
                      [1] = 0
                      [2] = 0
                      [3] = 0
                      [4] = 0
                      [5] = 0
                      [6] = 0
                      [7] = 0
                      [8] = 0
                      [9] = 0
                      [10] = 0
                      [11] = 0
                      [12] = 0
                      [13] = 0
                      [14] = 0
                      [15] = 0
                      [16] = 0
                      [17] = 0
                      [18] = 0
                      [19] = 0
                      [20] = 0
                      [21] = 0
                      [22] = 0
                      [23] = 0
                      [24] = 0
                      [25] = 0
                      [26] = 0
                      [27] = 0
                      [28] = 0
                      [29] = 0
                      [30] = 0
                      [31] = 0
mspBootBlockProgFail:
                      [0] = 0
                      [1] = 0
                      [2] = 0
                      [3] = 0
                      [4] = 0
                      [5] = 0
                      [6] = 0
                      [7] = 0
                      [8] = 0
                      [9] = 0
                      [10] = 0
                      [11] = 0
                      [12] = 0
                      [13] = 0
                      [14] = 0
                      [15] = 0
                      [16] = 0
                      [17] = 0
                      [18] = 0
                      [19] = 0
                      [20] = 0
                      [21] = 0
                      [22] = 0
                      [23] = 0
                      [24] = 0
                      [25] = 0
                      [26] = 0
                      [27] = 0
                      [28] = 0
                      [29] = 0
                      [30] = 0
                      [31] = 0
mspBootBlockEraseFail:
                      [0] = 0
                      [1] = 0
                      [2] = 0
                      [3] = 0
                      [4] = 0
                      [5] = 0
                      [6] = 0
                      [7] = 0
                      [8] = 0
                      [9] = 0
                      [10] = 0
                      [11] = 0
                      [12] = 0
                      [13] = 0
                      [14] = 0
                      [15] = 0
                      [16] = 0
                      [17] = 0
                      [18] = 0
                      [19] = 0
                      [20] = 0
                      [21] = 0
                      [22] = 0
                      [23] = 0
                      [24] = 0
                      [25] = 0
                      [26] = 0
                      [27] = 0
                      [28] = 0
                      [29] = 0
                      [30] = 0
                      [31] = 0
mspbootBlockRefreshCnt:
                      [0] = 0
                      [1] = 0
                      [2] = 0
                      [3] = 0
                      [4] = 0
                      [5] = 0
                      [6] = 0
                      [7] = 0
                      [8] = 0
                      [9] = 0
                      [10] = 0
                      [11] = 0
                      [12] = 0
                      [13] = 0
                      [14] = 0
                      [15] = 0
                      [16] = 0
                      [17] = 0
                      [18] = 0
                      [19] = 0
                      [20] = 0
                      [21] = 0
                      [22] = 0
                      [23] = 0
                      [24] = 0
                      [25] = 0
                      [26] = 0
                      [27] = 0
                      [28] = 0
                      [29] = 0
                      [30] = 0
                      [31] = 0
mspBootBlockRefreshTime:
                      [0] = 1784993986
                      [1] = 1784993986
                      [2] = 1784993986
                      [3] = 0
                      [4] = 0
                      [5] = 0
                      [6] = 0
                      [7] = 0
                      [8] = 0
                      [9] = 0
                      [10] = 0
                      [11] = 0
                      [12] = 0
                      [13] = 0
                      [14] = 0
                      [15] = 0
                      [16] = 0
                      [17] = 0
                      [18] = 0
                      [19] = 0
                      [20] = 0
                      [21] = 0
                      [22] = 0
                      [23] = 0
                      [24] = 0
                      [25] = 0
                      [26] = 0
                      [27] = 0
                      [28] = 0
                      [29] = 0
                      [30] = 0
                      [31] = 0
mspBootBlockCountPerMsp:	3
    numBadBootBlocks:	0
bandsRefreshedOnError:	0
        perHostReads:
                      [0] = 35885097671
                      [1] = 0
    perHostReadXacts:
                      [0] = 8029173727
                      [1] = 0
       perHostWrites:
                      [0] = 10849539986
                      [1] = 0
   perHostWriteXacts:
                      [0] = 3006046320
                      [1] = 0
   perHostNumFlushes:
                      [0] = 3457162
                      [1] = 0
    perHostNumFences:
                      [0] = 46311260
                      [1] = 0
commitPadSectorsPerFlow:
                      [0] = 17181750
                      [1] = 218164219
                      [2] = 5
                      [3] = 0
                      [4] = 0
                      [5] = 3960043
                      [6] = 161318
                      [7] = 200814
                      [8] = 0
                      [9] = 0
wcacheOverWrLogSizeCnts:
                      [0] = 166714986
                      [1] = 112766987
                      [2] = 32768677
                      [3] = 1295038
                      [4] = 83255
                      [5] = 33580
                      [6] = 36897
                      [7] = 1779
                      [8] = 95
                      [9] = 0
wcacheOverWrSizeByFlow:
                      [0] = 608637604
                      [1] = 1488977
                      [2] = 0
                      [3] = 0
CmdRaisePrioiryEvents:
                      [0] = 0
                      [1] = 0
                      [2] = 2076
                      [3] = 0
                      [4] = 0
                      [5] = 0
                      [6] = 0
                      [7] = 0
                      [8] = 0
                      [9] = 0
 utilNumVerification:	75
       utilRefreshes:	0
       utilBDRErrors:	0
                KEY_311:	0
                KEY_312:	0
                KEY_313:	0
                KEY_338:	0
                KEY_347:	0
numBootBlockValidateSuccess:
                      [0] = 21
                      [1] = 0
                      [2] = 0
                      [3] = 0
                      [4] = 0
                      [5] = 0
                      [6] = 0
                      [7] = 0
numBootBlockValidateFail:
                      [0] = 0
                      [1] = 0
                      [2] = 0
                      [3] = 0
                      [4] = 0
                      [5] = 0
                      [6] = 0
                      [7] = 0
clogPagesFillingPercentage:
                      [0] = 2609446
                      [1] = 951151
                      [2] = 671124
                      [3] = 6074734
 bdrCalTimeAccFactor:	197208
         bdrTimeMode:	0
 numBootChainUpdates:	4
    bootChainRdError:	0
 bootChainBlankError:	0
bootChainRefreshError:	0
bootChainVersionError:	0
         bitflipAddr:
                      [0] = 0
                      [1] = 0
                      [2] = 0
                      [3] = 0
                      [4] = 0
        bitflipCount:
                      [0] = 0
                      [1] = 0
                      [2] = 0
                      [3] = 0
                      [4] = 0
        bitflipDupes:
                      [0] = 0
                      [1] = 0
                      [2] = 0
                      [3] = 0
                      [4] = 0
   bandsMaxTempHisto:
                      [0] = 0
                      [1] = 0
                      [2] = 0
                      [3] = 0
                      [4] = 2
                      [5] = 22
                      [6] = 115
                      [7] = 249
                      [8] = 1370
                      [9] = 7054
                      [10] = 23075
                      [11] = 48496
                      [12] = 53802
                      [13] = 43948
                      [14] = 22511
                      [15] = 8072
                      [16] = 2913
                      [17] = 1245
                      [18] = 936
                      [19] = 71
                      [20] = 99
                      [21] = 7
                      [22] = 0
                      [23] = 0
                      [24] = 0
                      [25] = 0
                      [26] = 0
                      [27] = 0
                      [28] = 0
                      [29] = 0
   bandsMinTempHisto:
                      [0] = 0
                      [1] = 0
                      [2] = 0
                      [3] = 0
                      [4] = 13
                      [5] = 128
                      [6] = 270
                      [7] = 857
                      [8] = 6295
                      [9] = 22589
                      [10] = 50580
                      [11] = 51565
                      [12] = 37634
                      [13] = 25674
                      [14] = 11665
                      [15] = 3625
                      [16] = 1369
                      [17] = 768
                      [18] = 800
                      [19] = 50
                      [20] = 99
                      [21] = 6
                      [22] = 0
                      [23] = 0
                      [24] = 0
                      [25] = 0
                      [26] = 0
                      [27] = 0
                      [28] = 0
                      [29] = 0
bandsLifeTimeTempHisto:
                      [0] = 0
                      [1] = 0
                      [2] = 0
                      [3] = 0
                      [4] = 4692
                      [5] = 44237
                      [6] = 116960
                      [7] = 286583
                      [8] = 1950467
                      [9] = 7944909
                      [10] = 20513932
                      [11] = 23357013
                      [12] = 11368579
                      [13] = 4406618
                      [14] = 1338454
                      [15] = 381042
                      [16] = 112473
                      [17] = 15751
                      [18] = 2810
                      [19] = 429
                      [20] = 55
                      [21] = 3
                      [22] = 0
                      [23] = 0
                      [24] = 0
                      [25] = 0
                      [26] = 0
                      [27] = 0
                      [28] = 0
                      [29] = 0
 bandsDeltaTempHisto:
                      [0] = 123263
                      [1] = 49855
                      [2] = 28383
                      [3] = 9000
                      [4] = 2472
                      [5] = 719
                      [6] = 218
                      [7] = 57
                      [8] = 18
                      [9] = 2
                      [10] = 0
                      [11] = 0
                      [12] = 0
                      [13] = 0
                      [14] = 0
                      [15] = 0
                      [16] = 0
                      [17] = 0
                      [18] = 0
                      [19] = 0
                      [20] = 0
                      [21] = 0
 bandsCrossTempHisto:
                      [0] = 0
                      [1] = 0
                      [2] = 0
                      [3] = 0
                      [4] = 0
                      [5] = 0
                      [6] = 0
                      [7] = 0
                      [8] = 0
                      [9] = 0
                      [10] = 4
                      [11] = 8
                      [12] = 47
                      [13] = 253
                      [14] = 1199
                      [15] = 4924
                      [16] = 17057
                      [17] = 54326
                      [18] = 149989
                      [19] = 344887
                      [20] = 667768
                      [21] = 1043084
                      [22] = 1364607
                      [23] = 753568
                      [24] = 365824
                      [25] = 148454
                      [26] = 52467
                      [27] = 16925
                      [28] = 5197
                      [29] = 1468
                      [30] = 357
                      [31] = 96
                      [32] = 25
                      [33] = 3
                      [34] = 0
                      [35] = 0
                      [36] = 0
                      [37] = 0
                      [38] = 0
                      [39] = 0
                      [40] = 0
                      [41] = 0
                      [42] = 0
                      [43] = 0
                      [44] = 0
                      [0] = 0
                      [1] = 0
                      [2] = 0
                      [3] = 0
                      [4] = 0
                      [5] = 0
                      [6] = 0
                      [7] = 0
chipIdTemperatureSample:	0
     wcacheWaitLogMs:
                      [0] = 3089936366
                      [1] = 5243
                      [2] = 959
                      [3] = 171
                      [4] = 41
                      [5] = 1
                      [6] = 0
                      [7] = 0
                      [8] = 1
                      [9] = 0
wcache_segsSortedLogSize:
                      [0] = 41884485
                      [1] = 48440499
                      [2] = 18315306
                      [3] = 5490730
                      [4] = 2341165
                      [5] = 1396867
                      [6] = 799042
                      [7] = 266716
                      [8] = 0
                      [9] = 0
  wcacheDirtyAtFlush:
                      [0] = 3439385
                      [1] = 10892
                      [2] = 3306
                      [3] = 1790
                      [4] = 813
                      [5] = 293
                      [6] = 125
                      [7] = 87
                      [8] = 49
                      [9] = 49
                      [10] = 43
                      [11] = 35
                      [12] = 172
                      [13] = 118
                      [14] = 5
                      [15] = 0
wcacheSectorsDirtyIdle:	256
                KEY_458:	22080
                KEY_459:	0
    numCrossTempUecc:	0
numCrossTempRaidUecc:	0
                KEY_341:	0
       utilUeccReads:	0
numOfAvoidedGCDueToTemp:	0
                KEY_345:	0
                KEY_348:	0
RxBurnIntBandsProgrammed:	217
RxBurnUsrBandsProgrammed:	1432
 RxBurnIntNandWrites:	4472832
 RxBurnUsrNandWrites:	65006093
                KEY_426:	0
nvme_stats_shutdown_count_host0_normal:	825
                KEY_357:	0
nvme_stats_shutdown_count_host0_s2r:	240361
                KEY_359:	0
                KEY_364:	0
                KEY_365:	0
                KEY_366:	0
                KEY_367:	0
  eraseSuspendEvents:	2779
eraseSuspendedStatuses:	1536
 eraseSuspendedBands:	1536
eraseSuspendSituationsBelowThreshold:	2400
eraseSuspendSituationsAboveThreshold:	2779
                KEY_373:	0
       bdrLastDoneHr:	16048
  bdrBackupThreshHrs:	120
    openBandReadFail:	0
    offlineBlocksCnt:	0
                KEY_837:	0
                KEY_402:	0
                KEY_418:	0
         cache_heads:	16384
                KEY_421:	0
    readVerifyNative:	101954
reducedReadVerifyNative:	0
       readVerifySlc:	510
                KEY_425:	0
    directToTLCBands:	13383
  directToTLCSectors:	2230440964
non_proportional_directToTLCSectors:	9654112
 fallbackToWaterfall:	267
                KEY_784:	0
balanceProportionBucketsHistogram:
                      [0] = 137642889
                      [1] = 560519085
                      [2] = 401273616
                      [3] = 109732389
                      [4] = 0
                      [5] = 0
                      [6] = 0
                      [7] = 0
                      [8] = 0
                      [9] = 0
                      [10] = 0
                      [0] = 0
                      [1] = 0
                      [2] = 0
                      [3] = 0
                      [4] = 0
                      [5] = 0
                      [6] = 0
                      [7] = 0
                      [8] = 0
                      [9] = 0
                      [10] = 0
           lockToTlc:	32
                      [0] = 162128
                      [1] = 50198
                      [2] = 20769
                      [3] = 10533
                      [4] = 5177
                      [5] = 2943
                      [6] = 1888
                      [7] = 1244
                      [8] = 971
                      [9] = 1208704824
                KEY_483:	0
            nandDesc:	2305843010493104261
fwUpdatesPercentUsed:	20
      slcPercentUsed:	3
         percentUsed:	3
      hostAutoWrites:	10342609417
  hostAutoWriteXacts:	2958858900
       gcDestDynamic:	82398
        gcDestStatic:	17439
     gcDestWearlevel:	2632
                KEY_437:	0
                KEY_446:	0
      clogNumFastCxt:	0
 clogNumRapidReboots:	0
   clogFastCxtAbvThr:	0
clogFastCxtSyncAborted:	0
maxFailedFastCxtSync:	0
  rxBurnDiffModeRuns:	2
                KEY_452:	0
                      [0] = 0
                      [1] = 0
                      [2] = 0
                      [3] = 0
                      [4] = 0
                      [0] = 1844866798
                      [1] = 81904228
                      [2] = 17065135
                      [3] = 6485814
                      [4] = 3016351
                      [5] = 1658975
                      [6] = 1030885
                      [7] = 606957
                      [8] = 1556966
                      [9] = 1746
                      [10] = 0
                      [11] = 0
                      [12] = 0
                      [13] = 0
                      [14] = 0
                      [15] = 0
                      [16] = 657445
                      [17] = 214596
                      [18] = 72349
                      [19] = 37920
                      [20] = 22558
                      [21] = 14128
                      [22] = 10166
                      [23] = 5914
                      [24] = 21993
                      [25] = 35
                      [26] = 0
                      [27] = 0
                      [28] = 0
                      [29] = 0
                      [30] = 0
                      [31] = 0
                      [32] = 46373
                      [33] = 46123
                      [34] = 22470
                      [35] = 14150
                      [36] = 8555
                      [37] = 5874
                      [38] = 3895
                      [39] = 2832
                      [40] = 10425
                      [41] = 69
                      [42] = 0
                      [43] = 0
                      [44] = 0
                      [45] = 0
                      [46] = 0
                      [47] = 0
                      [48] = 22290
                      [49] = 31020
                      [50] = 15222
                      [51] = 10333
                      [52] = 6569
                      [53] = 4752
                      [54] = 2992
                      [55] = 2149
                      [56] = 7864
                      [57] = 29
                      [58] = 0
                      [59] = 0
                      [60] = 0
                      [61] = 0
                      [62] = 0
                      [63] = 0
                      [64] = 10561
                      [65] = 21662
                      [66] = 10973
                      [67] = 7763
                      [68] = 5594
                      [69] = 3935
                      [70] = 2433
                      [71] = 1828
                      [72] = 6555
                      [73] = 35
                      [74] = 0
                      [75] = 0
                      [76] = 0
                      [77] = 0
                      [78] = 0
                      [79] = 0
                      [80] = 4059
                      [81] = 15487
                      [82] = 8696
                      [83] = 5917
                      [84] = 4505
                      [85] = 3223
                      [86] = 2067
                      [87] = 1456
                      [88] = 5553
                      [89] = 56
                      [90] = 0
                      [91] = 0
                      [92] = 0
                      [93] = 0
                      [94] = 0
                      [95] = 0
                      [96] = 1278
                      [97] = 11579
                      [98] = 7072
                      [99] = 5025
                      [100] = 3833
                      [101] = 2843
                      [102] = 1781
                      [103] = 1374
                      [104] = 5501
                      [105] = 57
                      [106] = 0
                      [107] = 0
                      [108] = 0
                      [109] = 0
                      [110] = 0
                      [111] = 0
                      [112] = 330
                      [113] = 8361
                      [114] = 6078
                      [115] = 4274
                      [116] = 3308
                      [117] = 2472
                      [118] = 1775
                      [119] = 1220
                      [120] = 4447
                      [121] = 44
                      [122] = 0
                      [123] = 0
                      [124] = 0
                      [125] = 0
                      [126] = 0
                      [127] = 0
                      [128] = 201
                      [129] = 20426
                      [130] = 31720
                      [131] = 22847
                      [132] = 18514
                      [133] = 13312
                      [134] = 9753
                      [135] = 8096
                      [136] = 28946
                      [137] = 269
                      [138] = 0
                      [139] = 0
                      [140] = 0
                      [141] = 0
                      [142] = 0
                      [143] = 0
                      [144] = 14
                      [145] = 251
                      [146] = 10732
                      [147] = 14501
                      [148] = 11998
                      [149] = 8576
                      [150] = 6693
                      [151] = 5535
                      [152] = 22465
                      [153] = 126
                      [154] = 0
                      [155] = 0
                      [156] = 0
                      [157] = 0
                      [158] = 0
                      [159] = 0
                      [160] = 101
                      [161] = 43
                      [162] = 446
                      [163] = 6762
                      [164] = 8928
                      [165] = 6473
                      [166] = 5504
                      [167] = 4579
                      [168] = 18581
                      [169] = 91
                      [170] = 0
                      [171] = 0
                      [172] = 0
                      [173] = 0
                      [174] = 0
                      [175] = 0
                      [176] = 478
                      [177] = 119
                      [178] = 108
                      [179] = 489
                      [180] = 5161
                      [181] = 4745
                      [182] = 3737
                      [183] = 3165
                      [184] = 16383
                      [185] = 127
                      [186] = 0
                      [187] = 0
                      [188] = 0
                      [189] = 0
                      [190] = 0
                      [191] = 0
                      [192] = 180
                      [193] = 0
                      [194] = 81
                      [195] = 3
                      [196] = 554
                      [197] = 2993
                      [198] = 2634
                      [199] = 2179
                      [200] = 12101
                      [201] = 140
                      [202] = 0
                      [203] = 0
                      [204] = 0
                      [205] = 0
                      [206] = 0
                      [207] = 0
                      [208] = 0
                      [209] = 0
                      [210] = 32
                      [211] = 1
                      [212] = 0
                      [213] = 35
                      [214] = 88
                      [215] = 74
                      [216] = 1016
                      [217] = 2
                      [218] = 0
                      [219] = 0
                      [220] = 0
                      [221] = 0
                      [222] = 0
                      [223] = 0
                      [224] = 0
                      [225] = 0
                      [226] = 0
                      [227] = 1
                      [228] = 1
                      [229] = 2
                      [230] = 1
                      [231] = 2
                      [232] = 34
                      [233] = 30
                      [234] = 0
                      [235] = 0
                      [236] = 0
                      [237] = 0
                      [238] = 0
                      [239] = 0
                      [240] = 94
                      [241] = 0
                      [242] = 2
                      [243] = 83
                      [244] = 314
                      [245] = 3240
                      [246] = 6032
                      [247] = 5463
                      [248] = 33200
                      [249] = 1025
                      [250] = 0
                      [251] = 0
                      [252] = 0
                      [253] = 0
                      [254] = 0
                      [255] = 0
      qosDirectToTLC:
                      [0] = 5115803
                      [1] = 230734
                      [2] = 105537
                      [3] = 40075
                      [4] = 28379
                      [5] = 14923
                      [6] = 11578
                      [7] = 8534
                      [8] = 31104
                      [9] = 7875
                      [10] = 1867
                      [11] = 1332
                      [12] = 2900
                      [13] = 535
                      [14] = 340
                      [15] = 271
                      [16] = 1123750
                      [17] = 33163
                      [18] = 25556
                      [19] = 23074
                      [20] = 16830
                      [21] = 10497
                      [22] = 10689
                      [23] = 17182
                      [24] = 82840
                      [25] = 44738
                      [26] = 16607
                      [27] = 8089
                      [28] = 15360
                      [29] = 13709
                      [30] = 17104
                      [31] = 164
                      [32] = 764336
                      [33] = 30763
                      [34] = 25001
                      [35] = 6543
                      [36] = 9413
                      [37] = 4170
                      [38] = 3451
                      [39] = 22104
                      [40] = 11062
                      [41] = 1756
                      [42] = 468
                      [43] = 293
                      [44] = 474
                      [45] = 194
                      [46] = 143
                      [47] = 517
                      [48] = 554465
                      [49] = 58118
                      [50] = 43961
                      [51] = 31622
                      [52] = 21904
                      [53] = 14043
                      [54] = 10094
                      [55] = 8584
                      [56] = 29134
                      [57] = 7768
                      [58] = 3127
                      [59] = 2580
                      [60] = 6924
                      [61] = 3558
                      [62] = 2277
                      [63] = 8593
   maxQosDirectToTLC:
                      [0] = 65305882
                      [1] = 21119128
                      [2] = 4875567
                      [3] = 4265930
   skinnyRevectorSLC:	0
   skinnyRevectorTLC:	0
                KEY_608:	0
   minSkinnyPECycles:	2667
   maxSkinnyPECycles:	2668
averageSkinnyPECycles:	2667
      skinnyBandsNum:	9
  skinnyBandsNumDips:	2
 skinnyBandsExtraDip:	0
      skinnyBandsGBB:	0
   numFormatUserArea:	4
          bdrTmpHist:
                      [0] = 0
                      [1] = 0
                      [2] = 0
                      [3] = 0
                      [4] = 0
                      [5] = 0
                      [6] = 0
                      [7] = 0
                      [8] = 0
                      [9] = 0
                      [10] = 0
                      [11] = 0
                      [12] = 0
                      [13] = 0
                      [14] = 0
                      [15] = 0
                      [16] = 0
                      [17] = 0
                      [18] = 0
                      [19] = 0
                      [20] = 0
                      [21] = 0
                      [22] = 0
                      [23] = 0
                      [24] = 0
                      [25] = 0
                      [26] = 0
                      [27] = 0
                      [28] = 0
                      [29] = 0
                      [30] = 0
                      [31] = 0
                      [32] = 0
                      [33] = 0
                      [34] = 0
                      [35] = 0
                      [36] = 0
                      [37] = 0
                      [38] = 0
                      [39] = 0
                      [40] = 0
                      [41] = 0
                      [42] = 0
                      [43] = 0
                      [44] = 0
                      [45] = 0
                      [46] = 0
                      [47] = 0
                      [48] = 0
                      [49] = 0
                      [50] = 0
                      [51] = 0
                      [52] = 0
                      [53] = 0
                      [54] = 0
                      [55] = 0
                      [56] = 0
                      [57] = 0
                      [58] = 0
                      [59] = 0
                      [60] = 0
                      [61] = 0
                      [62] = 0
                      [63] = 0
        numFWUpdates:	20
    numClogLoadFails:	0
      clogFailReason:
                      [0] = 0
                      [1] = 0
                      [2] = 0
                      [3] = 0
                      [4] = 0
                      [5] = 0
                      [6] = 0
                      [7] = 0
                      [8] = 0
                      [9] = 0
                      [10] = 0
                      [11] = 0
                      [12] = 0
                      [13] = 0
                      [14] = 0
                      [15] = 0
clogReplayFailReason:
                      [0] = 0
                      [1] = 0
                      [2] = 0
                      [3] = 0
                      [4] = 0
                      [5] = 0
                      [6] = 0
                      [7] = 0
clogReplayTransientError:	0
  clogReplaySpfError:	0
rxBurnNumForcedDiffMode:	0
       bandPreErases:	579890
   eanCompressWrites:	832700
       eanHostWrites:	416753
       eanHostUnmaps:	12126551
      eanHostFlushes:	943
       eanFastWrites:	6328
    eanMaxInitTimeMs:	487
    eanAvgInitTimeMs:	155
eanMinToFirstReadTimeMs:	21
eanAvgToFirstReadTimeMs:	21
eanMaxBootReadTimeMs:	805
eanAvgBootReadTimeMs:	509
eanMinBootReadMBPerSec:	1
eanAvgBootReadMBPerSec:	0
    eanBootReadsHist:
                      [0] = 15
                      [1] = 103
                      [2] = 134
                      [3] = 9
                      [4] = 0
                      [5] = 0
                      [6] = 0
                      [7] = 0
                      [8] = 0
                      [9] = 0
    eanFirstReadMode:
                      [0] = 239
                      [1] = 22
                      [2] = 0
                      [3] = 0
                      [4] = 0
                      [5] = 0
      eanFailSectors:	0
                KEY_501:	0
autowriteWaitTransferTaskBlocks:	326659241
                KEY_504:	0
    maxVerticsInBand:	0
          numVertics:	0
    exceededCVertics:	0
   perfSetupAttempts:	0
  perfSetupSuccesses:	0
   perfWriteAttempts:	0
  perfWriteSuccesses:	0
    perfReadAttempts:	0
   perfReadSuccesses:	0
 perfCleanupAttempts:	0
perfCleanupSuccesses:	0
        perfOSLCRuns:	0
      perfTotalDmaMb:	0
perfIntermediateWrites:	0
      perfUserWrites:	0
      perfUserErases:	0
       perfIntErases:	0
    firstFailedDieId:	16
      numDieFailures:	0
      numDipFailures:	0
spareAvailablePercent:	100
       dataFabricErr:	0
   downlinkFabricErr:	0
    prpAccTimeoutErr:	0
     uplinkFabricErr:	0
bandParityAllocationFailed:	0
  averageTLCPECycles:	104
  averageSLCPECycles:	3513
      numAtomicBoots:	0
   clogMinorMismatch:	0
    fastHwBurstToSlc:	45936375
    slowHwFlushToSlc:	898813371
         slowHwToSlc:	7754226681
    fastHwToTlcBurst:	180187
  fastHwToTlcBalance:	616804
         slowHwToTlc:	2149200789
        flushNwToSlc:	674707622
        flushNwToTlc:	3431812
 slcDemandFlushCount:	6903949
 slcDemandBurstCount:	4563
slcDemandBurstWritesInGC:	3128880
slcDemandBurstWritesInTT:	0
slcDemandBurstWritesInNRP:	0
slcDemandBurstSizeDetected:
                      [0] = 1732
                      [1] = 238
                      [2] = 346
                      [3] = 546
                      [4] = 740
                      [5] = 662
                      [6] = 222
                      [7] = 66
                      [8] = 6
                      [9] = 5
slcDemandBurstSizeSlc:
                      [0] = 1720
                      [1] = 234
                      [2] = 342
                      [3] = 540
                      [4] = 734
                      [5] = 649
                      [6] = 218
                      [7] = 65
                      [8] = 6
                      [9] = 5
   slcDemandBurstDur:
                      [0] = 0
                      [1] = 0
                      [2] = 0
                      [3] = 0
                      [4] = 0
                      [5] = 341
                      [6] = 1070
                      [7] = 1110
                      [8] = 791
                      [9] = 1201
              oslcHw:	544110
            oslcHwGC:	544110
            oslcHwTT:	0
           oslcHwNRP:	0
     oslcTransitions:	17
       oslcBaseAvgPE:	1
  oslcFastWAmpUOnOff:	2
     oslcHotTLCOnOff:	0
 oslcGCinvalidations:	50002
oslcGCActivateReason:	0
oslcLowCleanBandsUOnOff:	382252089576
oslcTooManyGCMustOnOff:	1060856922359
        oslcBdrBands:	0
        oslcBdrValid:	0
  oslcGCActiveWrites:	0
 oslcDemandBurstSize:
                      [0] = 2
                      [1] = 0
                      [2] = 1
                      [3] = 1
                      [4] = 0
                      [5] = 0
                      [6] = 0
                      [7] = 0
                      [8] = 0
                      [9] = 0
       oslcNoVotesHw:
                      [0] = 544110
                      [1] = 796991
                      [2] = 0
                      [3] = 0
                      [4] = 0
                      [5] = 0
                      [6] = 0
                      [7] = 0
     oslcHwCloseBand:	0
waterfallLockSectors:	5515661684
     gcActiveReasons:
                      [0] = 25
                      [1] = 3224
                      [2] = 3198
                      [3] = 0
                      [4] = 46626
                      [5] = 0
                      [6] = 0
                      [7] = 3653
                      [8] = 0
                      [9] = 0
     pcieAerCounters:
                      [0] = 0
                      [1] = 0
                      [2] = 0
                      [3] = 0
                      [4] = 0
                      [5] = 0
                      [6] = 0
                      [7] = 0
                      [8] = 0
                      [9] = 0
                      [10] = 0
                      [11] = 0
                      [12] = 0
                      [13] = 0
                      [14] = 0
                      [15] = 0
                      [16] = 0
                      [17] = 0
                      [18] = 0
                      [19] = 0
                      [20] = 0
                      [21] = 0
                      [22] = 0
                      [23] = 0
                      [24] = 0
                      [25] = 0
                      [26] = 0
                      [27] = 0
                      [28] = 0
                      [29] = 0
                      [30] = 0
                      [31] = 0
                      [32] = 0
                      [33] = 0
                      [34] = 0
                      [35] = 0
                      [36] = 0
                      [37] = 0
                      [38] = 0
                      [39] = 0
                      [40] = 0
                      [41] = 0
                      [42] = 0
                      [43] = 0
                      [44] = 0
                      [45] = 0
                      [46] = 0
                      [47] = 0
                      [48] = 0
                      [49] = 0
                      [50] = 0
                      [51] = 0
                      [52] = 0
                      [53] = 0
                      [54] = 0
                      [55] = 0
                      [56] = 0
                      [57] = 0
                      [58] = 0
                      [59] = 0
                      [60] = 0
                      [61] = 0
                      [62] = 0
                      [63] = 0
     maxBgInitTimeMs:	107891
     avgBgInitTimeMs:	4154
      sequentialSegs:	884461954
   notSequentialSegs:	3708265247
  bdrHostPingInitial:	212
bdrHostPingMoreNeeded:	2636
wearlevelingCallsSkipped:	0
    bdrHostPingExtra:	419
     bdrBackupChecks:	56
                      [0] = 2388
                      [1] = 501
                      [2] = 1750
                      [3] = 352
                      [4] = 0
                      [5] = 0
                      [6] = 1654
                      [7] = 0
                      [8] = 0
                      [9] = 0
                      [10] = 8
                      [11] = 58
                      [12] = 0
                      [13] = 0
                      [14] = 0
                      [15] = 0
                      [16] = 0
                      [17] = 0
                      [18] = 0
                      [19] = 0
             nofDies:	4
           totalLbas:	62500000
                KEY_684:	0
        cbdrInitSent:
                      [0] = 25783
                      [1] = 0
                      [2] = 0
       cbdrPauseSent:	43549
      cbdrResumeSent:	36748
   cbdrGetResultSent:	25783
      cbdrEarlyExits:	0
                      [0] = 0
                      [1] = 0
                      [2] = 0
                      [3] = 0
                      [4] = 0
                      [5] = 0
                      [6] = 0
                      [7] = 0
                      [8] = 0
                      [9] = 25783
                KEY_695:	0
                KEY_696:	0
       cbdrFullyDone:	212
                      [0] = 15481
                      [1] = 0
                      [2] = 0
cbdrNumSlowRefreshes:	2505
cbdrNumFastRefreshes:	0
cbdrTotalRefreshValidity:	67604150
   cbdrRefreshedAges:
                      [0] = 0
                      [1] = 0
                      [2] = 0
                      [3] = 0
                      [4] = 0
                      [5] = 0
                      [6] = 0
                      [7] = 0
                      [8] = 2505
      cbdrTotalReads:	1106303088
   cbdrSkippedBlocks:	416
         cbdrScanPct:
                      [0] = 0
                      [1] = 0
                      [2] = 0
                      [3] = 0
                      [4] = 0
   cbdrTotalReadsSLC:	0
                      [0] = 0
                      [1] = 0
                      [2] = 0
                      [3] = 0
                      [4] = 0
                      [5] = 0
                      [6] = 0
                      [7] = 0
                      [8] = 0
                      [9] = 0
                      [0] = 0
                      [1] = 0
                      [2] = 0
                      [3] = 0
                      [4] = 0
                      [5] = 0
                      [6] = 0
                      [7] = 0
                      [8] = 0
      cbdrScanPctSLC:
                      [0] = 0
                      [1] = 0
                      [2] = 0
                      [3] = 0
                      [4] = 0
       cbdrAbandoned:	0
     iBootNANDResets:	0
                KEY_692:	0
gcDestLogHighWaterMark:	153
droppedSecondaryLeftoverSecs:	159547647
iologDisablesForOverflow:	0
      iologOutOfLbas:	0
    skinnyBandErases:	23083
RxBurnSkinnyBandsErases:	6
              vcurve:
                      [0] = 425
                      [1] = 1
                      [2] = 6
                      [3] = 4
                      [4] = 0
                      [5] = 33
                      [6] = 89
                      [7] = 58
                      [8] = 70
                      [9] = 75
                      [10] = 62
                      [11] = 63
                      [12] = 38
                      [13] = 46
                      [14] = 17
                      [15] = 31
                      [16] = 29
                      [17] = 24
                      [18] = 26
                      [19] = 33
                      [20] = 20
                      [21] = 24
                      [22] = 24
                      [23] = 13
                      [24] = 30
                      [25] = 25
                      [26] = 22
                      [27] = 29
                      [28] = 24
                      [29] = 24
                      [30] = 54
                      [31] = 67
            injDepth:
                      [0] = 18872812
                      [1] = 27416736
                      [2] = 34183957
                      [3] = 36380246
                      [4] = 37422071
                      [5] = 37876063
                      [6] = 38405448
                      [7] = 38697902
                      [8] = 39014784
                      [9] = 39297604
                      [10] = 39297604
                      [11] = 39432348
logical_disk_occupied_promiles:	3744
                KEY_728:	2311
        dmUtilWrites:	209
             rvFails:	0
       tunnelsDenied:	1305
    autoSkipTriggers:	0
      autoSkipPlanes:	0
       autoSkipTears:	0
bandKill_userFlattenExcessive:	0
bandKill_IntFlattenExcessive:	0
                KEY_748:	3
                KEY_749:	0
bandKill_formatVertExcessive:	3
bandKill_formatVertBalance:	0
                KEY_752:	14
raidReconstructDurationHisto:
                      [0] = 0
                      [1] = 0
                      [2] = 0
                      [3] = 0
                      [4] = 0
                      [5] = 0
                      [6] = 0
                      [7] = 0
failsOnReconstructHisto:
                      [0] = 0
                      [1] = 0
                      [2] = 0
                      [3] = 0
                      [4] = 0
                      [5] = 0
                      [6] = 0
                      [7] = 0
                KEY_775:	0
bandKill_pgBindingFewBlocks:	0
                KEY_764:	0
                KEY_765:	0
      cpuBurstLength:
                      [0] = 21583
                      [1] = 2523
                      [2] = 1289
                      [3] = 77
                      [4] = 48
                      [5] = 52
                      [6] = 33
                      [7] = 41
     snapshotCPUHigh:	116762
      snapshotCPULow:	80366981
        gcWithoutBMs:	50
                      [0] = 8
                      [1] = 54
                      [2] = 44
                      [3] = 61
                      [4] = 50
                      [5] = 55
                      [6] = 38
                      [7] = 46
                      [8] = 57
                      [9] = 64
                      [0] = 829
                      [1] = 663
                      [2] = 1097
                      [3] = 1345
                      [4] = 1705
                      [5] = 1912
                      [6] = 2141
                      [7] = 2688
                      [8] = 3014
                      [9] = 3949
                      [10] = 5253
                      [11] = 6695
                      [12] = 9616
                      [13] = 14228
                      [14] = 22496
                      [15] = 22812
          numTLC_pgs:	53
          pgValidity:	2777447
             pgTotal:	9112320
            writeAmp:	139
 ricMaxClogOnlyPages:	3
ricExceedClogOnlyPagesTH:	0
readClassifyStatusesHisto:
                      [0] = 0
                      [1] = 0
                      [2] = 0
readWithAuxStatusesHisto:
                      [0] = 0
                      [1] = 0
                      [2] = 0
                      [3] = 0
                      [4] = 0
                      [5] = 0
                      [6] = 0
                      [7] = 0
                      [8] = 0
                      [9] = 0
readReconstructStatusesHisto:
                      [0] = 191
                      [1] = 0
                      [2] = 0
                      [3] = 0
                      [4] = 0
                      [5] = 0
                      [6] = 0
                      [7] = 0
                      [8] = 2887
                      [9] = 0
    hostBlocksByKrnl:	7906
   prefetchNextRange:	0
         slcBandSize:	392
     fwFormatVersion:
                      [0] = 3328210909095342387
                      [1] = 3223088
                      [2] = 0
  clogEmptyProgramms:	0
    dmReasonsSlc_1bc:
                      [0] = 23
                      [1] = 0
                      [2] = 0
                      [3] = 0
                      [4] = 0
                      [5] = 0
                      [6] = 0
                      [7] = 0
                      [8] = 0
                      [9] = 0
                      [10] = 0
                      [11] = 0
                      [12] = 0
                      [13] = 0
                      [14] = 0
                      [15] = 0
                      [16] = 0
                      [17] = 0
                      [18] = 0
                      [19] = 0
                      [20] = 0
                      [21] = 0
                      [22] = 0
                      [23] = 0
                      [24] = 0
                      [25] = 0
                      [26] = 0
                      [27] = 0
                      [28] = 0
                      [29] = 0
                      [30] = 0
                      [31] = 0
    dmReasonsTlc_1bc:
                      [0] = 35
                      [1] = 0
                      [2] = 0
                      [3] = 0
                      [4] = 0
                      [5] = 0
                      [6] = 0
                      [7] = 0
                      [8] = 0
                      [9] = 0
                      [10] = 0
                      [11] = 0
                      [12] = 0
                      [13] = 0
                      [14] = 0
                      [15] = 0
                      [16] = 0
                      [17] = 0
                      [18] = 0
                      [19] = 0
                      [20] = 0
                      [21] = 0
                      [22] = 0
                      [23] = 0
                      [24] = 0
                      [25] = 0
                      [26] = 0
                      [27] = 0
                      [28] = 0
                      [29] = 0
                      [30] = 0
                      [31] = 0
 dmReasonsSlc_1bc_he:
                      [0] = 3
                      [1] = 0
                      [2] = 0
                      [3] = 0
                      [4] = 0
                      [5] = 0
                      [6] = 5
                      [7] = 0
                      [8] = 0
                      [9] = 0
                      [10] = 0
                      [11] = 0
                      [12] = 0
                      [13] = 0
                      [14] = 0
                      [15] = 0
                      [16] = 0
                      [17] = 0
                      [18] = 0
                      [19] = 0
                      [20] = 0
                      [21] = 0
                      [22] = 0
                      [23] = 0
                      [24] = 0
                      [25] = 0
                      [26] = 0
                      [27] = 0
                      [28] = 0
                      [29] = 0
                      [30] = 0
                      [31] = 0
 dmReasonsTlc_1bc_he:
                      [0] = 0
                      [1] = 0
                      [2] = 0
                      [3] = 0
                      [4] = 0
                      [5] = 0
                      [6] = 0
                      [7] = 0
                      [8] = 0
                      [9] = 0
                      [10] = 0
                      [11] = 0
                      [12] = 0
                      [13] = 0
                      [14] = 0
                      [15] = 0
                      [16] = 0
                      [17] = 0
                      [18] = 0
                      [19] = 0
                      [20] = 0
                      [21] = 0
                      [22] = 0
                      [23] = 0
                      [24] = 0
                      [25] = 0
                      [26] = 0
                      [27] = 0
                      [28] = 0
                      [29] = 0
                      [30] = 0
                      [31] = 0
    dmReasonsSlc_mbc:
                      [0] = 0
                      [1] = 0
                      [2] = 0
                      [3] = 0
                      [4] = 0
                      [5] = 0
                      [6] = 0
                      [7] = 0
                      [8] = 0
                      [9] = 0
                      [10] = 0
                      [11] = 0
                      [12] = 0
                      [13] = 0
                      [14] = 0
                      [15] = 0
                      [16] = 4
                      [17] = 0
                      [18] = 0
                      [19] = 0
                      [20] = 0
                      [21] = 0
                      [22] = 0
                      [23] = 0
                      [24] = 0
                      [25] = 0
                      [26] = 0
                      [27] = 0
                      [28] = 0
                      [29] = 18
                      [30] = 0
                      [31] = 0
    dmReasonsTlc_mbc:
                      [0] = 0
                      [1] = 0
                      [2] = 0
                      [3] = 0
                      [4] = 0
                      [5] = 0
                      [6] = 2
                      [7] = 0
                      [8] = 0
                      [9] = 0
                      [10] = 0
                      [11] = 0
                      [12] = 0
                      [13] = 0
                      [14] = 0
                      [15] = 0
                      [16] = 14
                      [17] = 0
                      [18] = 0
                      [19] = 0
                      [20] = 0
                      [21] = 0
                      [22] = 0
                      [23] = 0
                      [24] = 0
                      [25] = 0
                      [26] = 0
                      [27] = 1
                      [28] = 0
                      [29] = 0
                      [30] = 45
                      [31] = 0
     autoSweepBlocks:	0
       wcWrFragSizes:
                      [0] = 1800443642
                      [1] = 115463123
                      [2] = 77263182
                      [3] = 246473924
                      [4] = 27630187
                      [5] = 13280834
                      [6] = 33410479
                      [7] = 74445264
                      [8] = 17301171
                      [9] = 23155753
                      [10] = 11639842
                      [11] = 9585632
                      [12] = 9752826
                      [13] = 7923657
                      [14] = 2757812
                      [15] = 9586
                      [0] = 102458
                      [1] = 0
                      [2] = 0
                      [3] = 0
                      [4] = 0
                      [5] = 0
                      [6] = 0
                      [7] = 0
                      [8] = 0
                      [9] = 0
                      [10] = 0
                      [11] = 0
                      [12] = 0
                      [13] = 0
                      [14] = 0
                      [15] = 0
                      [0] = 0
                      [1] = 0
                      [2] = 0
                      [3] = 0
                      [4] = 0
                      [5] = 0
                      [6] = 0
                      [7] = 0
                      [8] = 0
                      [9] = 0
                      [10] = 0
                      [11] = 0
                      [12] = 0
                      [13] = 0
                      [14] = 0
                      [15] = 0
turboRaidRelPerBlock:
                      [0] = 0
                      [1] = 0
                      [2] = 0
                      [3] = 0
                      [4] = 0
                      [5] = 0
                      [6] = 0
                      [7] = 0
                      [8] = 0
                      [9] = 0
                      [10] = 0
                      [11] = 0
                      [12] = 0
                      [13] = 0
                      [14] = 0
                      [15] = 0
turboRaidRelBetweenRefreshesPerBlock:
                      [0] = 0
                      [1] = 0
                      [2] = 0
                      [3] = 0
                      [4] = 0
                      [5] = 0
                      [6] = 0
                      [7] = 0
                      [8] = 0
                      [9] = 0
                      [10] = 0
                      [11] = 0
                      [12] = 0
                      [13] = 0
                      [14] = 0
                      [15] = 0
turboRaidMaxRelBetweenRefreshesPerBlock:
                      [0] = 0
                      [1] = 0
                      [2] = 0
                      [3] = 0
                      [4] = 0
                      [5] = 0
                      [6] = 0
                      [7] = 0
                      [8] = 0
                      [9] = 0
                      [10] = 0
                      [11] = 0
                      [12] = 0
                      [13] = 0
                      [14] = 0
                      [15] = 0
turboRaidMinRelBetweenRefreshesPerBlock:
                      [0] = 0
                      [1] = 0
                      [2] = 0
                      [3] = 0
                      [4] = 0
                      [5] = 0
                      [6] = 0
                      [7] = 0
                      [8] = 0
                      [9] = 0
                      [10] = 0
                      [11] = 0
                      [12] = 0
                      [13] = 0
                      [14] = 0
                      [15] = 0
turboRaidMaxCyclesBetweenRel:
                      [0] = 0
                      [1] = 0
                      [2] = 0
                      [3] = 0
                      [4] = 0
                      [5] = 0
                      [6] = 0
                      [7] = 0
                      [8] = 0
                      [9] = 0
                      [10] = 0
                      [11] = 0
                      [12] = 0
                      [13] = 0
                      [14] = 0
                      [15] = 0
turboRaidMinCyclesBetweenRel:
                      [0] = 0
                      [1] = 0
                      [2] = 0
                      [3] = 0
                      [4] = 0
                      [5] = 0
                      [6] = 0
                      [7] = 0
                      [8] = 0
                      [9] = 0
                      [10] = 0
                      [11] = 0
                      [12] = 0
                      [13] = 0
                      [14] = 0
                      [15] = 0
turboRaidLastRelPECycles:
                      [0] = 0
                      [1] = 0
                      [2] = 0
                      [3] = 0
                      [4] = 0
                      [5] = 0
                      [6] = 0
                      [7] = 0
                      [8] = 0
                      [9] = 0
                      [10] = 0
                      [11] = 0
                      [12] = 0
                      [13] = 0
                      [14] = 0
                      [15] = 0
turboRaidRelQualPECycles:
                      [0] = 0
                      [1] = 0
                      [2] = 0
                      [3] = 0
                      [4] = 0
                      [5] = 0
                      [6] = 0
                      [7] = 0
                      [8] = 0
                      [9] = 0
                      [10] = 0
                      [11] = 0
                      [12] = 0
                      [13] = 0
                      [14] = 0
                      [15] = 0
turboRaidAuxPerBlock:
                      [0] = 0
                      [1] = 0
                      [2] = 0
                      [3] = 0
                      [4] = 0
                      [5] = 0
                      [6] = 0
                      [7] = 0
                      [8] = 0
                      [9] = 0
                      [10] = 0
                      [11] = 0
                      [12] = 0
                      [13] = 0
                      [14] = 0
                      [15] = 0
turboRaidAuxBetweenRefreshesPerBlock:
                      [0] = 0
                      [1] = 0
                      [2] = 0
                      [3] = 0
                      [4] = 0
                      [5] = 0
                      [6] = 0
                      [7] = 0
                      [8] = 0
                      [9] = 0
                      [10] = 0
                      [11] = 0
                      [12] = 0
                      [13] = 0
                      [14] = 0
                      [15] = 0
turboRaidMaxCyclesBetweenAux:
                      [0] = 0
                      [1] = 0
                      [2] = 0
                      [3] = 0
                      [4] = 0
                      [5] = 0
                      [6] = 0
                      [7] = 0
                      [8] = 0
                      [9] = 0
                      [10] = 0
                      [11] = 0
                      [12] = 0
                      [13] = 0
                      [14] = 0
                      [15] = 0
turboRaidMinCyclesBetweenAux:
                      [0] = 0
                      [1] = 0
                      [2] = 0
                      [3] = 0
                      [4] = 0
                      [5] = 0
                      [6] = 0
                      [7] = 0
                      [8] = 0
                      [9] = 0
                      [10] = 0
                      [11] = 0
                      [12] = 0
                      [13] = 0
                      [14] = 0
                      [15] = 0
turboRaidLastAuxPECycles:
                      [0] = 0
                      [1] = 0
                      [2] = 0
                      [3] = 0
                      [4] = 0
                      [5] = 0
                      [6] = 0
                      [7] = 0
                      [8] = 0
                      [9] = 0
                      [10] = 0
                      [11] = 0
                      [12] = 0
                      [13] = 0
                      [14] = 0
                      [15] = 0
turboRaidAuxQualPECycles:
                      [0] = 0
                      [1] = 0
                      [2] = 0
                      [3] = 0
                      [4] = 0
                      [5] = 0
                      [6] = 0
                      [7] = 0
                      [8] = 0
                      [9] = 0
                      [10] = 0
                      [11] = 0
                      [12] = 0
                      [13] = 0
                      [14] = 0
                      [15] = 0
turboRaidRelLockMark:	0
turboRaidAuxLockMark:	0
     pgBelowMinBands:
                      [0] = 0
                      [1] = 0
           pgNoBands:
                      [0] = 0
                      [1] = 0
    pgBelowMinBlocks:
                      [0] = 0
                      [1] = 0
probationalsDuringParityRead:	0
reconfigureInFlightParityBuffer:	0
reconfigurePmxParityBuffer:	0
readDisturbMPBXSkipOnShutdown:	229
turboRaidPEFailAfterRel:	0
turboRaidPEFailAfterAux:	0
        dvfmVotesCPU:	0
  dvfmVotesBandwidth:	0
     dvfmSupportedBM:	0
     maxSLCEndurance:	100000
   maxMixedEndurance:	3000
  maxNativeEndurance:	3000
    vccGotInitTunnel:	0
    vccSessionsCount:	0
 vccTotalSessionTime:	0
vccTotalSessionMBytes:	0
   vccMaxSessionTime:	0
 vccMaxSessionMBytes:	0
   vccRemainingBytes:	0
vccModelingBandwidth:	95000000
vccPrevSessionMBytes:	0
  vccPrevSessionTime:	0
vccCurrSessionMBytes:	0
  vccCurrSessionTime:	0
     vccQualSessions:	0
  vccHintedBandwidth:	0
vccAutoSizeHintCount:	0
     vccMaxVccMBytes:	0
       assertHistory:
                      [0] = 1786146637
                      [1] = 0
                      [2] = 0
                      [3] = 0
                      [4] = 0
                      [5] = 1786146235
                      [6] = 0
                      [7] = 0
                      [8] = 0
                      [9] = 0
                      [10] = 1786146172
                      [11] = 0
                      [12] = 0
                      [13] = 0
                      [14] = 0
                      [15] = 1786143313
                      [16] = 0
                      [17] = 0
                      [18] = 0
                      [19] = 0
                      [20] = 1786142903
                      [21] = 0
                      [22] = 0
                      [23] = 0
                      [24] = 0
                      [25] = 1786142620
                      [26] = 0
                      [27] = 0
                      [28] = 0
                      [29] = 0
                      [30] = 1786142485
                      [31] = 0
                      [32] = 0
                      [33] = 0
                      [34] = 0
                      [35] = 1786141840
                      [36] = 0
                      [37] = 0
                      [38] = 0
                      [39] = 0
         asp3Support:	0
      asp3DeviceType:	0
    bitFlipRetryPass:	0
  raidReadBufFromMem:	0
    rdBeforePrescale:	17773508857
     rdAfterPrescale:	255986921
          osBuildStr:
                      [0] = 7363448282850341938
                      [1] = 0
        indTrimFrags:
                      [0] = 8519
                      [1] = 5559
                      [2] = 4298
                      [3] = 8279
                      [4] = 13895
                      [5] = 18072
                      [6] = 18625
                      [7] = 21421
                      [8] = 22398
                      [9] = 24779
                      [10] = 25466
                      [11] = 25666
        indUsedFrags:
                      [0] = 200099
                      [1] = 40519
                      [2] = 25056
                      [3] = 105817
                      [4] = 51966
                      [5] = 34748
                      [6] = 26976
                      [7] = 48929
                      [8] = 32213
                      [9] = 12112
                      [10] = 7648
                      [11] = 13294
 diagBandSkipRefresh:	0
      lastSweepStart:	0
   lastSweepDuration:	0
        sweptSectors:	0
eanEarlyBootUeccPage:
                      [0] = 0
                      [1] = 0
                      [2] = 0
                      [3] = 0
eanEarlyBootNumUeccPages:	0
eanEarlyBootUeccMultiplane:	0
   rxBurnBlocksProbe:	0
nandGeomErrorSkippedErrors:	0
    utilFastResetCnt:	161
      bandsAgeBinsV2:
                      [0] = 112834
                      [1] = 13002
                      [2] = 7412
                      [3] = 1743
                      [4] = 2807
                      [5] = 2156
                      [6] = 876
                      [7] = 1442
                      [8] = 993
                      [9] = 1222
                      [10] = 658
                      [11] = 797
                      [12] = 577
                      [13] = 243
                      [14] = 518
                      [15] = 534
                      [16] = 397
                      [17] = 202
                      [18] = 373
                      [19] = 306
                      [20] = 129
                      [21] = 304
                      [22] = 242
                      [23] = 202
                      [24] = 94
                      [25] = 148
                      [26] = 173
                      [27] = 92
                      [28] = 2406
                      [29] = 48
                      [30] = 0
bandsAgeBinsSnapshot:
                      [0] = 216
                      [1] = 154
                      [2] = 90
                      [3] = 76
                      [4] = 366
                      [5] = 0
                      [6] = 0
                      [7] = 0
                      [8] = 0
                      [9] = 0
                      [10] = 0
                      [11] = 0
                      [12] = 0
                      [13] = 0
                      [14] = 0
                      [15] = 0
                      [16] = 0
                      [17] = 0
                      [18] = 0
                      [19] = 0
                      [20] = 0
                      [21] = 0
                      [22] = 0
                      [23] = 0
                      [24] = 0
                      [25] = 0
                      [26] = 0
                      [27] = 0
                      [28] = 0
                      [29] = 0
                      [30] = 0
bandsAgeBinsReadSectors:
                      [0] = 27325607551
                      [1] = 4637985884
                      [2] = 2815251358
                      [3] = 1283221013
                      [4] = 1185114953
                      [5] = 615898001
                      [6] = 455768037
                      [7] = 468123690
                      [8] = 268803311
                      [9] = 294367066
                      [10] = 171757767
                      [11] = 200619004
                      [12] = 122413413
                      [13] = 108253618
                      [14] = 84929237
      hostSlcRVFails:	0
      hostTlcRVFails:	0
   GCSlcToTlcRVFails:	0
   GCTlcToTlcRVFails:	0
                KEY_1047:	0
  DirectManagerState:	0
              gcwamp:
                      [0] = 3551
                      [1] = 4366
                      [2] = 2790
                      [3] = 1542
                      [4] = 2225
                      [5] = 2746
                      [6] = 1996
                      [7] = 2228
                      [8] = 2128
                      [9] = 1946
                      [10] = 1354
                      [11] = 1012
                      [12] = 914
                      [13] = 488
                      [14] = 711
                      [15] = 611
                      [16] = 612
                      [17] = 429
                      [18] = 448
                      [19] = 414
                      [20] = 354
                      [21] = 340
                      [22] = 200
                      [23] = 74
                      [24] = 31
                      [25] = 2
                      [26] = 0
                      [27] = 0
                      [28] = 0
                      [29] = 0
                      [30] = 0
                      [31] = 0
 readDisturb_enabled:	1
                      [0] = 239744
                      [1] = 52
                      [2] = 10
                      [3] = 0
                      [4] = 0
                      [5] = 0
                      [6] = 0
                      [7] = 0
                      [8] = 0
                      [9] = 0
                      [0] = 0
                      [1] = 0
                      [2] = 0
                      [3] = 0
                      [4] = 0
                      [5] = 0
                      [6] = 0
                      [7] = 0
                      [8] = 0
                      [9] = 0
                      [10] = 0
                      [11] = 0
                      [12] = 0
                      [13] = 0
                      [14] = 0
                      [15] = 0
                      [16] = 0
                      [17] = 0
                      [18] = 0
                      [19] = 0
       disableIdleGC:	0
BP_readThrottleEngagedCnt:	3
BP_readThrottleActualSize:	40881
            mspSOCID:	2
            lastWipe:	0
       sanitizeStart:	0
        sanitizeDone:	0
      sanitizeFailed:	0
            WriteAmp:	0.616630
IntermediateWriteAmp:	0.780883
     statsMagCalTime:	1786146812
NAND stats:
===========
             version:	0x8000000000000001
magazineInstanceMeta:	29966570872635400
magazineResolutionRegionsSizes:	2262820834444801
magazineResolutionRegions:	200903663617024
   magazineFWVersion:
                      [0] = 3328213111641487669
                      [1] = 3211319
                      [2] = 0
      hostWriteXacts:	3006046322
       hostReadXacts:	8029173734
          hostWrites:	10849540016
       hostWritesDyn:	8480672065
    hostWritesStatic:	158863309
      hostWritesMeta:	2209887309
     hostWritesPhoto:	117333
      pushSyncWrites:	0
       hostPassiveIO:	2016121230
           hostReads:	35885097698
           validLbas:	23401785
           shutdowns:	280
               boots:	300
        uncleanBoots:	23
       IND_pool_free:	29447704
IND_pool_freeMinSilo:	23831040
      IND_pool_count:	33492992
   hostWriteLogHisto:
                      [0] = 2093156485
                      [1] = 318264266
                      [2] = 460835606
                      [3] = 53898350
                      [4] = 26254688
                      [5] = 21270398
                      [6] = 21011050
                      [7] = 8481210
                      [8] = 2874269
                      [9] = 0
    hostReadLogHisto:
                      [0] = 3914898379
                      [1] = 221823560
                      [2] = 2844525172
                      [3] = 693005009
                      [4] = 192084329
                      [5] = 109674025
                      [6] = 36731214
                      [7] = 16201886
                      [8] = 230160
                      [9] = 0
        wearLevMoves:	501
          nandWrites:	15204028156
           nandReads:	45796094896
      nandUtilWrites:	485648
       nandUtilReads:	1458598
          bandErases:	155556
           ueccReads:	0
            numPfail:	0
            numEfail:	0
numPerformanceRefreshes:	0
numReliabilityRefreshes:	0
readReconstructReliabilityRefreshes:	0
readReconstructPerformanceRefreshes:	0
readWithAuxReliabilityRefreshes:	0
readWithAuxPerformanceRefreshes:	0
         numSleepOps:	240361
cntTimeWentBackWardOnBoot:	1
 cntTimeWentBackWard:	0
cntCalTimeWentBackWard:	0
        powerOnHours:	2235
    shutdownDuringGC:	642
   smartCritWarnings:	0
          numFlushes:	3457162
           numFences:	46311260
            numUnmap:	29987524
         numUnmapSec:	16474803138
         clogProgram:	10306455
           clogPFail:	0
            clogRead:	6824
           clogRFail:	0
        clogFindFail:	0
       clogFindBlank:	0
         clogFindUnc:	0
  clogFindUnexpected:	0
maxHighEnduranceBlockErases:	171
   numFirmwareWrites:	21
         numGrownBad:	0
    numRetiredBlocks:	0
numFreeVirtualBlocks:	425
                KEY_1242:	0
                      [0] = 136
                      [1] = 9
                      [2] = 8
                      [3] = 5
                      [4] = 0
                      [5] = 0
                      [6] = 0
                      [7] = 0
                      [8] = 1
                      [9] = 0
                      [10] = 0
                KEY_1245:	0
          qosPerCmdQ:
                      [0] = 1010889
                      [1] = 2035728
                      [2] = 245472
                      [3] = 75801
                      [4] = 42510
                      [5] = 18859
                      [6] = 9647
                      [7] = 6141
                      [8] = 10467
                      [9] = 1045
                      [10] = 287
                      [11] = 114
                      [12] = 153
                      [13] = 26
                      [14] = 9
                      [15] = 14
                      [16] = 29073056
                      [17] = 626281
                      [18] = 17907
                      [19] = 12974
                      [20] = 9087
                      [21] = 6879
                      [22] = 40036
                      [23] = 34900
                      [24] = 105182
                      [25] = 39993
                      [26] = 11998
                      [27] = 3436
                      [28] = 4609
                      [29] = 622
                      [30] = 289
                      [31] = 275
                      [32] = 21124673
                      [33] = 1228269
                      [34] = 613258
                      [35] = 206015
                      [36] = 131815
                      [37] = 70993
                      [38] = 57257
                      [39] = 49695
                      [40] = 266254
                      [41] = 65655
                      [42] = 25472
                      [43] = 18195
                      [44] = 26279
                      [45] = 3864
                      [46] = 2064
                      [47] = 2429
                      [48] = 5080454
                      [49] = 207058
                      [50] = 132926
                      [51] = 114487
                      [52] = 66170
                      [53] = 45914
                      [54] = 51862
                      [55] = 80875
                      [56] = 373762
                      [57] = 205676
                      [58] = 66953
                      [59] = 26462
                      [60] = 41626
                      [61] = 39087
                      [62] = 53573
                      [63] = 3673
                      [64] = 3678131
                      [65] = 199622
                      [66] = 91323
                      [67] = 21440
                      [68] = 21956
                      [69] = 11048
                      [70] = 10319
                      [71] = 101473
                      [72] = 49856
                      [73] = 6742
                      [74] = 1748
                      [75] = 1165
                      [76] = 2228
                      [77] = 760
                      [78] = 641
                      [79] = 2869
                      [80] = 2586989
                      [81] = 258985
                      [82] = 187861
                      [83] = 139059
                      [84] = 102501
                      [85] = 69433
                      [86] = 55535
                      [87] = 50169
                      [88] = 191322
                      [89] = 48720
                      [90] = 11294
                      [91] = 7000
                      [92] = 17085
                      [93] = 8071
                      [94] = 4409
                      [95] = 16322
                      [96] = 2005717099
                      [97] = 1042530088
                      [98] = 103380365
                      [99] = 27853676
                      [100] = 32277148
                      [101] = 10257258
                      [102] = 5856509
                      [103] = 5174975
                      [104] = 23690248
                      [105] = 7432987
                      [106] = 1674141
                      [107] = 841998
                      [108] = 3238335
                      [109] = 1187206
                      [110] = 570411
                      [111] = 27902
                      [112] = 2363828918
                      [113] = 709607270
                      [114] = 19411257
                      [115] = 9561540
                      [116] = 11490872
                      [117] = 5229795
                      [118] = 3332596
                      [119] = 3255588
                      [120] = 25030250
                      [121] = 16191237
                      [122] = 8264438
                      [123] = 5500931
                      [124] = 22400264
                      [125] = 8406305
                      [126] = 5916891
                      [127] = 11642236
                      [128] = 647632720
                      [129] = 691563519
                      [130] = 37592371
                      [131] = 10179559
                      [132] = 13456394
                      [133] = 5764373
                      [134] = 3280129
                      [135] = 3156102
                      [136] = 23868039
                      [137] = 12550826
                      [138] = 6465078
                      [139] = 4237561
                      [140] = 10793516
                      [141] = 5239918
                      [142] = 4174552
                      [143] = 25861170
                      [144] = 10280227
                      [145] = 8607521
                      [146] = 568856
                      [147] = 303150
                      [148] = 277148
                      [149] = 215664
                      [150] = 173879
                      [151] = 152392
                      [152] = 618945
                      [153] = 264709
                      [154] = 152236
                      [155] = 95901
                      [156] = 228709
                      [157] = 100705
                      [158] = 61719
                      [159] = 475412
       maxQosPerCmdQ:
                      [0] = 3351495
                      [1] = 7117133
                      [2] = 462384
                      [3] = 215705
                      [4] = 181332
                      [5] = 588909
                      [6] = 1276155
                      [7] = 1642771
                      [8] = 2211643
                      [9] = 2297500
cmd_expedite_num_success:	456225
cmd_expedite_num_failures:	348356
                KEY_76:	0
      staticSizeInMB:	14166
      readCountHisto:
                      [0] = 5929080
                      [1] = 23502
                      [2] = 6674
                      [3] = 4387
                      [4] = 17005
    slcInvalidations:	8238736524
  slcGCInvalidations:	1945533989
                      [0] = 42054
                      [1] = 74876
                      [2] = 1757893
                      [3] = 61615513
                      [4] = 13620312
                      [5] = 1804671
                      [6] = 1045804
                      [7] = 393682
                      [8] = 110048
                      [9] = 18870
hostSectorsDuringGCon:	178531780
                KEY_83:	0
intermediateBandErases:	590975
          iolog_lbas:	0
numBandsRefreshedForAgePerTier:
                      [0] = 2388
                      [1] = 0
                      [2] = 0
         bdrDeltaHot:
                      [0] = 26
                      [1] = 12
                      [2] = 75
                      [3] = 323
                      [4] = 269
                      [5] = 242
                      [6] = 359
                      [7] = 342
                      [8] = 331
                      [9] = 2348
                      [10] = 52
                      [11] = 0
                      [12] = 0
                      [13] = 0
                      [14] = 0
                      [15] = 0
                      [16] = 0
                      [17] = 0
                      [18] = 0
                      [19] = 173
numBandsPaddedForAge:	2
numRefreshOnClockLoss:	0
numRefreshOnErrNandRefreshRel:	0
numRefreshOnErrNandRefreshPerf:	0
          bdrPadding:	0
   numBGRefreshMoves:	46209
   numBGPaddingMoves:	11296
    bandsPerHostFlow:
                      [0] = 98174
                      [1] = 13383
                      [2] = 12
                      [3] = 0
 bandsPerSpecialFlow:
                      [0] = 82398
                      [1] = 17439
                      [2] = 2632
                      [3] = 0
                      [4] = 23052
     secsPerHostFlow:
                      [0] = 8441726720
                      [1] = 2298170112
                      [2] = 688128
                      [3] = 0
  secsPerSpecialFlow:
                      [0] = 3521794304
                      [1] = 749038080
                      [2] = 112992768
                      [3] = 0
                      [4] = 82618368
overWritesPerHostFlow:
                      [0] = 2884752634
                      [1] = 678603301
                      [2] = 286
                      [3] = 0
overWritesPerSpecialFlow:
                      [0] = 533971839
                      [1] = 34291177
                      [2] = 480583
                      [3] = 0
                      [4] = 0
   padSectorsPerFlow:
                      [0] = 17220790
                      [1] = 218805847
                      [2] = 4261
                      [3] = 0
                      [4] = 0
                      [5] = 75755643
                      [6] = 161318
                      [7] = 200814
                      [8] = 0
                      [9] = 0
            padSizes:
                      [0] = 3016664
                      [1] = 2948064
                      [2] = 2814035
                      [3] = 4063865
padSectorsDueToBufFrag:	0
   unmapsPerHostFlow:
                      [0] = 3408499903
                      [1] = 959455103
                      [2] = 611179
                      [3] = 0
unmapsPerSpecialFlow:
                      [0] = 1433580575
                      [1] = 246871790
                      [2] = 38387405
                      [3] = 0
                      [4] = 0
        coldestCycle:
                      [0] = 75
                      [1] = 3512
            avgCycle:
                      [0] = 104
                      [1] = 3513
        hottestCycle:
                      [0] = 135
                      [1] = 3516
            gcWrites:	4293005677
       gcLonlyWrites:	0
                KEY_673:	0
                KEY_127:	0
                KEY_138:	0
      gcDestinations:	102469
 gcVPackDestinations:	4415
       gcVPackWrites:	188208266
gcPDusterDestinations:	13061
     gcPDusterWrites:	559126842
                KEY_723:	18502
                KEY_724:	86973
                KEY_726:	2283
         gcFragments:	372334606
                KEY_383:	0
   gcSlcDestinations:	510
                KEY_354:	0
                KEY_355:	0
      errInjCounters:
                      [0] = 0
                      [1] = 0
                      [2] = 0
                      [3] = 0
                      [4] = 0
                      [5] = 0
                      [6] = 0
                      [7] = 0
raidSuccessfulReconstructionInternal:	0
raidSuccessfulReconstructionHost:	0
raidFailedReconstructionHost:	0
raidSuccessfulPMXReconstructionInternal:	0
raidSuccessfulPMXReconstructionHost:	0
raidFailedPMXReconstructionInternal:	0
raidFailedPMXReconstructionHost:	0
raidSuccessfulRMXReconstructionInternal:	0
raidSuccessfulRMXReconstructionHost:	0
raidFailedRMXReconstructionInternal:	0
raidFailedRMXReconstructionHost:	0
raidExpectedFailRMXReconstructionInternal:	0
raidExpectedFailRMXReconstructionHost:	0
raidSuccessfulBMXReconstructionInternal:	0
raidSuccessfulBMXReconstructionHost:	0
raidFailedBMXReconstructionInternal:	0
raidFailedBMXReconstructionHost:	0
raidFailedReconstructionInternal:	0
                KEY_400:	0
raidSuccessfulRecoLbaRange:
                      [0] = 0
                      [1] = 0
raidFailedRecoLbaRange:
                      [0] = 0
                      [1] = 0
raidSuccessfulRecoEAN:
                      [0] = 0
                      [1] = 0
                      [2] = 0
                      [3] = 0
                      [4] = 0
                      [5] = 0
   raidFailedRecoEAN:
                      [0] = 0
                      [1] = 0
                      [2] = 0
                      [3] = 0
                      [4] = 0
                      [5] = 0
                KEY_644:	0
                KEY_645:	0
                KEY_646:	0
                KEY_647:	0
  raidParityUnmapped:	0
     raidParityGCUnc:	0
    raidSkipAttempts:	0
  raidSuccessfulSkip:	0
      raidFailedSkip:	0
TurboRaidHostClassifications:	0
TurboRaidInternalClassifications:	0
TurboRaidSuccessfulHostAuxReads:	0
TurboRaidSuccessfulInternalAuxReads:	0
TurboRaidFailedHostAuxReads:	0
TurboRaidFailedInternalAuxReads:	0
turboRaidClassificationReliabilityHost:	0
turboRaidClassificationReliabilityInternal:	0
turboRaidClassificationQualityHost:	0
turboRaidClassificationQualityInternal:	0
turboRaidSkipTooManyFailures:	0
turboRaidSuccessAuxPartition:
                      [0] = 0
                      [1] = 0
turboRaidFailAuxPartition:
                      [0] = 0
                      [1] = 0
turboRaidClassifyQualPartition:
                      [0] = 0
                      [1] = 0
turboRaidClassifyRelPartition:
                      [0] = 0
                      [1] = 0
turboRaidNoClassifyDueToWasRetire:	0
turboRaidNoClassifyDueToOpenBand:	0
turboRaidNoClassifyDueToQualityBlock:	0
turboRaidGbbOpenBand:	0
turboRaidGbbShouldRetireOnRefresh:	0
turboRaidReliabilityRemovedProbational:	0
                KEY_362:	0
                KEY_396:	0
                KEY_398:	0
                KEY_397:	0
                KEY_399:	0
                KEY_405:	0
deprecated_raidFailedReadBlog:	0
                KEY_573:	0
raidFailedLbaMismatch:	0
raidBandsPerHostFlow:	0
 raidSecsPerHostFlow:	0
raidSLCBandsPerHostFlow:	0
raidSLCSecsPerHostFlow:	0
      raidSLCPadding:	0
         raidGCBands:	0
                KEY_442:	0
                KEY_443:	0
raidReconstructReads:	0
raidVerificationReads:	21744296
     raidSmartErrors:	0
raidSuccessfulVerify:	0
    raidFailedVerify:	0
raidReconstructSuccessFlow:
                      [0] = 0
                      [1] = 0
                      [2] = 0
                      [3] = 0
                      [4] = 0
raidReconstructFailFlow:
                      [0] = 0
                      [1] = 0
                      [2] = 0
                      [3] = 0
                      [4] = 0
raidReconstructFailBandFlowHost:	0
raidReconstructFailBandFlowGC:	0
raidReconstructSuccessBandFlowOslc:	0
raidReconstructFailBandFlowOslc:	0
raidReconstructSuccessPartition:
                      [0] = 0
                      [1] = 0
raidReconstructFailPartition:
                      [0] = 0
                      [1] = 0
raidReconstructFailP:	0
raidReconstructFailQ:	0
raidReconstructFailBmxMp:	0
raidReconstructFailBmx:	0
raidReconstructFailUECC:	0
raidReconstructFailBMXUECC:	0
raidReconstructFailUnsupp:	0
raidReconstructFailMismatch:	0
raidReconstructFailNoSPBX:	0
raidReconstructFailDouble:	0
raidReconstructFailInvalid:	0
raidReconstructFailBlank:	0
raidReconstructFailBMXBlank:	0
raidReconstructFailPMXUnsup:	0
raidReconstructFailBMXUnsup:	0
raidPrevFailedReconstructSkip:	0
raidPrevFailedReconstructBmxMpSkip:	0
raidReconstructFailBMXAbort:	0
    raidUECCOpenBand:	0
raidUncleanBootBandFail:	0
     raidFailSectors:	0
        raidBMXFailP:
                      [0] = 0
                      [1] = 0
                      [2] = 0
                      [3] = 0
     raidBMXFailUECC:
                      [0] = 0
                      [1] = 0
                      [2] = 0
                      [3] = 0
   raidBMXFailNoSPBX:
                      [0] = 0
                      [1] = 0
                      [2] = 0
                      [3] = 0
    raidBMXFailBlank:
                      [0] = 0
                      [1] = 0
                      [2] = 0
                      [3] = 0
    raidBMXFailUnsup:
                      [0] = 0
                      [1] = 0
                      [2] = 0
                      [3] = 0
   raidBMXFailMpSkip:
                      [0] = 0
                      [1] = 0
                      [2] = 0
                      [3] = 0
    raidBMXFailAbort:
                      [0] = 0
                      [1] = 0
                      [2] = 0
                      [3] = 0
    raidBMXFailOther:
                      [0] = 0
                      [1] = 0
                      [2] = 0
                      [3] = 0
      raidBMXSuccess:
                      [0] = 0
                      [1] = 0
                      [2] = 0
                      [3] = 0
                KEY_184:	0
                KEY_185:	0
                KEY_192:	0
       internalUeccs:	0
 clogLastStripeUeccs:	0
unexpectedBlanksHost:	0
unexpectedBlanksInternal:	0
unexpectedBlanksOnRV:	0
                KEY_186:	0
AbortSkip_ProgramError:	0
AbortSkip_ReadErrorOpenBand:	0
                KEY_154:	0
AbortSkip_MPBXReadVerifyClosedBand:	0
AbortSkip_MPBXReadVerifyOpenBand:	0
AbortSkip_MPBXProbational:	0
AbortSkip_MBPXFailedRebuildingParity:	0
 AbortSkip_RMXtoMPBX:	0
    AbortSkip_Format:	2
AbortPad_OpenRefreshBand:	8
                KEY_156:	0
                KEY_157:	0
 AbortPad_GcNoSource:	4895
     AbortPad_Format:	0
AbortPad_GcMustPadBand:	1995
AbortPad_GcMustPadSkinny:	31
                KEY_167:	0
                KEY_169:	0
         numMemChoke:	0
 maxMemChokeDuration:	0
    memChokeDuration:	0
                KEY_144:	0
                KEY_145:	0
                KEY_146:	0
           numMemLow:	0
   maxMemLowDuration:	0
      memLowDuration:	0
     bandGetsExtreme:	171
         bandGetsLow:	171
        numHostChoke:	364
             e2eFail:	0
      powerOnSeconds:	2034
numUnknownTokenHostRead:	0
numUnmmapedTokenHostRead:	1423146
     indmbUnitsCache:	20
       indmbUnitsInd:	13
                KEY_211:	0
                KEY_212:	0
                      [0] = 0
                      [1] = 0
                      [2] = 0
                      [3] = 0
                      [4] = 0
                      [5] = 0
                      [6] = 0
                      [7] = 0
                      [8] = 0
                      [9] = 0
                      [10] = 0
                      [11] = 0
                      [12] = 0
                      [13] = 0
                      [14] = 0
                      [15] = 0
                      [0] = 0
                      [1] = 0
                      [2] = 0
                      [3] = 0
                      [4] = 0
                      [5] = 0
                      [6] = 0
                      [7] = 0
                      [8] = 0
                      [9] = 0
                      [10] = 0
                      [11] = 0
                      [12] = 0
                      [13] = 0
                      [14] = 0
                      [15] = 0
 crcInternalReadFail:
                      [0] = 0
                      [1] = 0
                      [2] = 0
                      [3] = 0
                      [4] = 0
                      [5] = 0
                      [6] = 0
                      [7] = 0
                KEY_216:	0
            wcacheWr:	506929388
                KEY_214:	0
                KEY_215:	0
                      [0] = 0
                      [1] = 0
                      [2] = 0
                      [3] = 0
                      [4] = 0
                      [5] = 0
                      [6] = 0
                      [7] = 0
                      [8] = 0
                      [9] = 0
    RD_openBandCount:	6
     RD_openBandNops:	341324
RD_closedBandEvictCount:	2102
RD_closedBandEvictSectors:	86828438
                KEY_225:	0
                KEY_226:	0
         RD_numSaves:	64929
                      [0] = 0
                      [1] = 0
                      [2] = 0
                      [3] = 0
                      [4] = 0
                      [5] = 0
                      [6] = 0
                      [7] = 0
                      [8] = 0
                      [9] = 0
                      [0] = 0
                      [1] = 0
                      [2] = 0
                      [3] = 0
    indmbXferCountTo:
                      [0] = 2
                      [1] = 11
indmbAccumulatedTimeBetweenXfers:
                      [0] = 64640096472164
                      [1] = 228475242541053
maxGracefulBootTimeMs:	45401
maxUngracefulBootTimeMs:	8629
averageGracefulBootTimeMs:	6410
averageUngracefulBootTimeMs:	4793
gracefulBootTimeLogMs:
                      [0] = 6005
                      [1] = 4815
                      [2] = 6741
                      [3] = 4016
                      [4] = 4290
                      [5] = 4241
                      [6] = 4373
                      [7] = 3986
ungracefulBootTimeLogMs:
                      [0] = 5055
                      [1] = 8629
                      [2] = 5122
                      [3] = 5099
                      [4] = 5170
                      [5] = 5180
                      [6] = 5818
                      [7] = 5473
                KEY_238:	0
                KEY_239:	0
                KEY_240:	0
                KEY_242:	0
                KEY_244:	0
       prefetchReads:	0
        prefetchHits:	0
prefetchWritesInvalidation:	0
    numClogDoubleUnc:	0
                KEY_257:	0
                KEY_258:	0
                KEY_259:	0
                KEY_260:	0
                KEY_261:	0
                KEY_262:	0
                KEY_263:	0
                KEY_264:	0
                      [0] = 0
                      [1] = 903513
                      [2] = 87327
                      [3] = 1233541
                      [4] = 1502680
                      [5] = 795296
                      [6] = 60196
                      [7] = 99346
                      [8] = 17674
                      [9] = 13004
                      [10] = 1327
                      [11] = 28703
                      [12] = 0
                      [13] = 0
                      [14] = 0
                      [15] = 0
        totalReadAmp:	17380027
numBootBlockRefreshSuccess:
                      [0] = 0
                      [1] = 0
                      [2] = 0
                      [3] = 0
                      [4] = 0
                      [5] = 0
                      [6] = 0
                      [7] = 0
numBootBlockRefreshFail:
                      [0] = 0
                      [1] = 0
                      [2] = 0
                      [3] = 0
                      [4] = 0
                      [5] = 0
                      [6] = 0
                      [7] = 0
mspBootBlockMismatch:	0
mspBootBlockMismatchErr:	0
numUnsupportedAsiInOFW:	1
NumTerminatedProgramSegs:	0
                KEY_273:	0
     indFlowPrograms:	30640729
   powerBudgetSelect:
                      [0] = 0
                      [1] = 0
                      [2] = 0
                      [3] = 0
    RxBurnNandWrites:	0
  E2EDPErrorCounters:
                      [0] = 0
                      [1] = 0
                      [2] = 0
                      [3] = 0
                      [4] = 0
                      [5] = 0
                      [6] = 0
                      [7] = 0
                      [8] = 0
                      [9] = 0
                      [10] = 0
                      [11] = 0
                KEY_287:	0
        wcache_Reads:	26490667
mspBootBlockReadFail:
                      [0] = 0
                      [1] = 0
                      [2] = 0
                      [3] = 0
                      [4] = 0
                      [5] = 0
                      [6] = 0
                      [7] = 0
                      [8] = 0
                      [9] = 0
                      [10] = 0
                      [11] = 0
                      [12] = 0
                      [13] = 0
                      [14] = 0
                      [15] = 0
                      [16] = 0
                      [17] = 0
                      [18] = 0
                      [19] = 0
                      [20] = 0
                      [21] = 0
                      [22] = 0
                      [23] = 0
                      [24] = 0
                      [25] = 0
                      [26] = 0
                      [27] = 0
                      [28] = 0
                      [29] = 0
                      [30] = 0
                      [31] = 0
mspBootBlockProgFail:
                      [0] = 0
                      [1] = 0
                      [2] = 0
                      [3] = 0
                      [4] = 0
                      [5] = 0
                      [6] = 0
                      [7] = 0
                      [8] = 0
                      [9] = 0
                      [10] = 0
                      [11] = 0
                      [12] = 0
                      [13] = 0
                      [14] = 0
                      [15] = 0
                      [16] = 0
                      [17] = 0
                      [18] = 0
                      [19] = 0
                      [20] = 0
                      [21] = 0
                      [22] = 0
                      [23] = 0
                      [24] = 0
                      [25] = 0
                      [26] = 0
                      [27] = 0
                      [28] = 0
                      [29] = 0
                      [30] = 0
                      [31] = 0
mspBootBlockEraseFail:
                      [0] = 0
                      [1] = 0
                      [2] = 0
                      [3] = 0
                      [4] = 0
                      [5] = 0
                      [6] = 0
                      [7] = 0
                      [8] = 0
                      [9] = 0
                      [10] = 0
                      [11] = 0
                      [12] = 0
                      [13] = 0
                      [14] = 0
                      [15] = 0
                      [16] = 0
                      [17] = 0
                      [18] = 0
                      [19] = 0
                      [20] = 0
                      [21] = 0
                      [22] = 0
                      [23] = 0
                      [24] = 0
                      [25] = 0
                      [26] = 0
                      [27] = 0
                      [28] = 0
                      [29] = 0
                      [30] = 0
                      [31] = 0
bandsRefreshedOnError:	0
        perHostReads:
                      [0] = 35885097698
                      [1] = 0
    perHostReadXacts:
                      [0] = 8029173734
                      [1] = 0
       perHostWrites:
                      [0] = 10849540016
                      [1] = 0
   perHostWriteXacts:
                      [0] = 3006046322
                      [1] = 0
   perHostNumFlushes:
                      [0] = 3457162
                      [1] = 0
    perHostNumFences:
                      [0] = 46311260
                      [1] = 0
commitPadSectorsPerFlow:
                      [0] = 17181750
                      [1] = 218164219
                      [2] = 5
                      [3] = 0
                      [4] = 0
                      [5] = 3960043
                      [6] = 161318
                      [7] = 200814
                      [8] = 0
                      [9] = 0
wcacheOverWrLogSizeCnts:
                      [0] = 166714986
                      [1] = 112766987
                      [2] = 32768678
                      [3] = 1295038
                      [4] = 83255
                      [5] = 33580
                      [6] = 36897
                      [7] = 1779
                      [8] = 95
                      [9] = 0
wcacheOverWrSizeByFlow:
                      [0] = 608637608
                      [1] = 1488977
                      [2] = 0
                      [3] = 0
CmdRaisePrioiryEvents:
                      [0] = 0
                      [1] = 0
                      [2] = 2076
                      [3] = 0
                      [4] = 0
                      [5] = 0
                      [6] = 0
                      [7] = 0
                      [8] = 0
                      [9] = 0
 utilNumVerification:	75
       utilRefreshes:	0
       utilBDRErrors:	0
                KEY_311:	0
                KEY_312:	0
                KEY_313:	0
                KEY_338:	0
                KEY_347:	0
numBootBlockValidateSuccess:
                      [0] = 21
                      [1] = 0
                      [2] = 0
                      [3] = 0
                      [4] = 0
                      [5] = 0
                      [6] = 0
                      [7] = 0
numBootBlockValidateFail:
                      [0] = 0
                      [1] = 0
                      [2] = 0
                      [3] = 0
                      [4] = 0
                      [5] = 0
                      [6] = 0
                      [7] = 0
clogPagesFillingPercentage:
                      [0] = 2609446
                      [1] = 951151
                      [2] = 671124
                      [3] = 6074734
 numBootChainUpdates:	4
    bootChainRdError:	0
 bootChainBlankError:	0
bootChainRefreshError:	0
bootChainVersionError:	0
         bitflipAddr:
                      [0] = 0
                      [1] = 0
                      [2] = 0
                      [3] = 0
                      [4] = 0
        bitflipCount:
                      [0] = 0
                      [1] = 0
                      [2] = 0
                      [3] = 0
                      [4] = 0
        bitflipDupes:
                      [0] = 0
                      [1] = 0
                      [2] = 0
                      [3] = 0
                      [4] = 0
   bandsMaxTempHisto:
                      [0] = 0
                      [1] = 0
                      [2] = 0
                      [3] = 0
                      [4] = 2
                      [5] = 22
                      [6] = 115
                      [7] = 249
                      [8] = 1370
                      [9] = 7054
                      [10] = 23075
                      [11] = 48496
                      [12] = 53802
                      [13] = 43948
                      [14] = 22511
                      [15] = 8072
                      [16] = 2913
                      [17] = 1245
                      [18] = 936
                      [19] = 71
                      [20] = 99
                      [21] = 7
                      [22] = 0
                      [23] = 0
                      [24] = 0
                      [25] = 0
                      [26] = 0
                      [27] = 0
                      [28] = 0
                      [29] = 0
   bandsMinTempHisto:
                      [0] = 0
                      [1] = 0
                      [2] = 0
                      [3] = 0
                      [4] = 13
                      [5] = 128
                      [6] = 270
                      [7] = 857
                      [8] = 6295
                      [9] = 22589
                      [10] = 50580
                      [11] = 51565
                      [12] = 37634
                      [13] = 25674
                      [14] = 11665
                      [15] = 3625
                      [16] = 1369
                      [17] = 768
                      [18] = 800
                      [19] = 50
                      [20] = 99
                      [21] = 6
                      [22] = 0
                      [23] = 0
                      [24] = 0
                      [25] = 0
                      [26] = 0
                      [27] = 0
                      [28] = 0
                      [29] = 0
bandsLifeTimeTempHisto:
                      [0] = 0
                      [1] = 0
                      [2] = 0
                      [3] = 0
                      [4] = 4692
                      [5] = 44237
                      [6] = 116960
                      [7] = 286583
                      [8] = 1950467
                      [9] = 7944909
                      [10] = 20513932
                      [11] = 23357013
                      [12] = 11368579
                      [13] = 4406618
                      [14] = 1338454
                      [15] = 381042
                      [16] = 112473
                      [17] = 15751
                      [18] = 2810
                      [19] = 429
                      [20] = 55
                      [21] = 3
                      [22] = 0
                      [23] = 0
                      [24] = 0
                      [25] = 0
                      [26] = 0
                      [27] = 0
                      [28] = 0
                      [29] = 0
 bandsDeltaTempHisto:
                      [0] = 123263
                      [1] = 49855
                      [2] = 28383
                      [3] = 9000
                      [4] = 2472
                      [5] = 719
                      [6] = 218
                      [7] = 57
                      [8] = 18
                      [9] = 2
                      [10] = 0
                      [11] = 0
                      [12] = 0
                      [13] = 0
                      [14] = 0
                      [15] = 0
                      [16] = 0
                      [17] = 0
                      [18] = 0
                      [19] = 0
                      [20] = 0
                      [21] = 0
 bandsCrossTempHisto:
                      [0] = 0
                      [1] = 0
                      [2] = 0
                      [3] = 0
                      [4] = 0
                      [5] = 0
                      [6] = 0
                      [7] = 0
                      [8] = 0
                      [9] = 0
                      [10] = 4
                      [11] = 8
                      [12] = 47
                      [13] = 253
                      [14] = 1199
                      [15] = 4924
                      [16] = 17057
                      [17] = 54326
                      [18] = 149989
                      [19] = 344887
                      [20] = 667768
                      [21] = 1043084
                      [22] = 1364607
                      [23] = 753568
                      [24] = 365824
                      [25] = 148454
                      [26] = 52467
                      [27] = 16925
                      [28] = 5197
                      [29] = 1468
                      [30] = 357
                      [31] = 96
                      [32] = 25
                      [33] = 3
                      [34] = 0
                      [35] = 0
                      [36] = 0
                      [37] = 0
                      [38] = 0
                      [39] = 0
                      [40] = 0
                      [41] = 0
                      [42] = 0
                      [43] = 0
                      [44] = 0
                      [0] = 0
                      [1] = 0
                      [2] = 0
                      [3] = 0
                      [4] = 0
                      [5] = 0
                      [6] = 0
                      [7] = 0
     wcacheWaitLogMs:
                      [0] = 3089936368
                      [1] = 5243
                      [2] = 959
                      [3] = 171
                      [4] = 41
                      [5] = 1
                      [6] = 0
                      [7] = 0
                      [8] = 1
                      [9] = 0
wcache_segsSortedLogSize:
                      [0] = 41884485
                      [1] = 48440499
                      [2] = 18315306
                      [3] = 5490730
                      [4] = 2341165
                      [5] = 1396867
                      [6] = 799042
                      [7] = 266716
                      [8] = 0
                      [9] = 0
  wcacheDirtyAtFlush:
                      [0] = 3439385
                      [1] = 10892
                      [2] = 3306
                      [3] = 1790
                      [4] = 813
                      [5] = 293
                      [6] = 125
                      [7] = 87
                      [8] = 49
                      [9] = 49
                      [10] = 43
                      [11] = 35
                      [12] = 172
                      [13] = 118
                      [14] = 5
                      [15] = 0
    numCrossTempUecc:	0
numCrossTempRaidUecc:	0
                KEY_341:	0
       utilUeccReads:	0
numOfAvoidedGCDueToTemp:	0
                KEY_345:	0
RxBurnIntBandsProgrammed:	217
RxBurnUsrBandsProgrammed:	1432
 RxBurnIntNandWrites:	4472832
 RxBurnUsrNandWrites:	65006093
                KEY_426:	0
nvme_stats_shutdown_count_host0_normal:	825
                KEY_357:	0
nvme_stats_shutdown_count_host0_s2r:	240361
                KEY_359:	0
                KEY_364:	0
                KEY_365:	0
                KEY_366:	0
  eraseSuspendEvents:	2779
eraseSuspendedStatuses:	1536
 eraseSuspendedBands:	1536
eraseSuspendSituationsBelowThreshold:	2400
eraseSuspendSituationsAboveThreshold:	2779
                KEY_373:	0
       bdrLastDoneHr:	16048
  bdrBackupThreshHrs:	120
    openBandReadFail:	0
    offlineBlocksCnt:	0
                KEY_837:	0
                KEY_402:	0
                KEY_418:	0
    readVerifyNative:	101954
reducedReadVerifyNative:	0
       readVerifySlc:	510
                KEY_425:	0
    directToTLCBands:	13383
  directToTLCSectors:	2230441156
non_proportional_directToTLCSectors:	9654112
 fallbackToWaterfall:	267
                KEY_784:	0
balanceProportionBucketsHistogram:
                      [0] = 137642889
                      [1] = 560519085
                      [2] = 401273616
                      [3] = 109732389
                      [4] = 0
                      [5] = 0
                      [6] = 0
                      [7] = 0
                      [8] = 0
                      [9] = 0
                      [10] = 0
                      [0] = 0
                      [1] = 0
                      [2] = 0
                      [3] = 0
                      [4] = 0
                      [5] = 0
                      [6] = 0
                      [7] = 0
                      [8] = 0
                      [9] = 0
                      [10] = 0
           lockToTlc:	32
                      [0] = 162128
                      [1] = 50198
                      [2] = 20769
                      [3] = 10533
                      [4] = 5177
                      [5] = 2943
                      [6] = 1888
                      [7] = 1244
                      [8] = 971
                      [9] = 1208704824
                KEY_483:	0
fwUpdatesPercentUsed:	20
      slcPercentUsed:	3
         percentUsed:	3
      hostAutoWrites:	10342609447
  hostAutoWriteXacts:	2958858902
       gcDestDynamic:	82398
        gcDestStatic:	17439
     gcDestWearlevel:	2632
                KEY_437:	0
                KEY_446:	0
      clogNumFastCxt:	0
 clogNumRapidReboots:	0
   clogFastCxtAbvThr:	0
clogFastCxtSyncAborted:	0
maxFailedFastCxtSync:	0
  rxBurnDiffModeRuns:	2
                KEY_452:	0
                      [0] = 0
                      [1] = 0
                      [2] = 0
                      [3] = 0
                      [4] = 0
                      [0] = 1844866800
                      [1] = 81904228
                      [2] = 17065135
                      [3] = 6485814
                      [4] = 3016351
                      [5] = 1658975
                      [6] = 1030885
                      [7] = 606957
                      [8] = 1556966
                      [9] = 1746
                      [10] = 0
                      [11] = 0
                      [12] = 0
                      [13] = 0
                      [14] = 0
                      [15] = 0
                      [16] = 657445
                      [17] = 214596
                      [18] = 72349
                      [19] = 37920
                      [20] = 22558
                      [21] = 14128
                      [22] = 10166
                      [23] = 5914
                      [24] = 21993
                      [25] = 35
                      [26] = 0
                      [27] = 0
                      [28] = 0
                      [29] = 0
                      [30] = 0
                      [31] = 0
                      [32] = 46373
                      [33] = 46123
                      [34] = 22470
                      [35] = 14150
                      [36] = 8555
                      [37] = 5874
                      [38] = 3895
                      [39] = 2832
                      [40] = 10425
                      [41] = 69
                      [42] = 0
                      [43] = 0
                      [44] = 0
                      [45] = 0
                      [46] = 0
                      [47] = 0
                      [48] = 22290
                      [49] = 31020
                      [50] = 15222
                      [51] = 10333
                      [52] = 6569
                      [53] = 4752
                      [54] = 2992
                      [55] = 2149
                      [56] = 7864
                      [57] = 29
                      [58] = 0
                      [59] = 0
                      [60] = 0
                      [61] = 0
                      [62] = 0
                      [63] = 0
                      [64] = 10561
                      [65] = 21662
                      [66] = 10973
                      [67] = 7763
                      [68] = 5594
                      [69] = 3935
                      [70] = 2433
                      [71] = 1828
                      [72] = 6555
                      [73] = 35
                      [74] = 0
                      [75] = 0
                      [76] = 0
                      [77] = 0
                      [78] = 0
                      [79] = 0
                      [80] = 4059
                      [81] = 15487
                      [82] = 8696
                      [83] = 5917
                      [84] = 4505
                      [85] = 3223
                      [86] = 2067
                      [87] = 1456
                      [88] = 5553
                      [89] = 56
                      [90] = 0
                      [91] = 0
                      [92] = 0
                      [93] = 0
                      [94] = 0
                      [95] = 0
                      [96] = 1278
                      [97] = 11579
                      [98] = 7072
                      [99] = 5025
                      [100] = 3833
                      [101] = 2843
                      [102] = 1781
                      [103] = 1374
                      [104] = 5501
                      [105] = 57
                      [106] = 0
                      [107] = 0
                      [108] = 0
                      [109] = 0
                      [110] = 0
                      [111] = 0
                      [112] = 330
                      [113] = 8361
                      [114] = 6078
                      [115] = 4274
                      [116] = 3308
                      [117] = 2472
                      [118] = 1775
                      [119] = 1220
                      [120] = 4447
                      [121] = 44
                      [122] = 0
                      [123] = 0
                      [124] = 0
                      [125] = 0
                      [126] = 0
                      [127] = 0
                      [128] = 201
                      [129] = 20426
                      [130] = 31720
                      [131] = 22847
                      [132] = 18514
                      [133] = 13312
                      [134] = 9753
                      [135] = 8096
                      [136] = 28946
                      [137] = 269
                      [138] = 0
                      [139] = 0
                      [140] = 0
                      [141] = 0
                      [142] = 0
                      [143] = 0
                      [144] = 14
                      [145] = 251
                      [146] = 10732
                      [147] = 14501
                      [148] = 11998
                      [149] = 8576
                      [150] = 6693
                      [151] = 5535
                      [152] = 22465
                      [153] = 126
                      [154] = 0
                      [155] = 0
                      [156] = 0
                      [157] = 0
                      [158] = 0
                      [159] = 0
                      [160] = 101
                      [161] = 43
                      [162] = 446
                      [163] = 6762
                      [164] = 8928
                      [165] = 6473
                      [166] = 5504
                      [167] = 4579
                      [168] = 18581
                      [169] = 91
                      [170] = 0
                      [171] = 0
                      [172] = 0
                      [173] = 0
                      [174] = 0
                      [175] = 0
                      [176] = 478
                      [177] = 119
                      [178] = 108
                      [179] = 489
                      [180] = 5161
                      [181] = 4745
                      [182] = 3737
                      [183] = 3165
                      [184] = 16383
                      [185] = 127
                      [186] = 0
                      [187] = 0
                      [188] = 0
                      [189] = 0
                      [190] = 0
                      [191] = 0
                      [192] = 180
                      [193] = 0
                      [194] = 81
                      [195] = 3
                      [196] = 554
                      [197] = 2993
                      [198] = 2634
                      [199] = 2179
                      [200] = 12101
                      [201] = 140
                      [202] = 0
                      [203] = 0
                      [204] = 0
                      [205] = 0
                      [206] = 0
                      [207] = 0
                      [208] = 0
                      [209] = 0
                      [210] = 32
                      [211] = 1
                      [212] = 0
                      [213] = 35
                      [214] = 88
                      [215] = 74
                      [216] = 1016
                      [217] = 2
                      [218] = 0
                      [219] = 0
                      [220] = 0
                      [221] = 0
                      [222] = 0
                      [223] = 0
                      [224] = 0
                      [225] = 0
                      [226] = 0
                      [227] = 1
                      [228] = 1
                      [229] = 2
                      [230] = 1
                      [231] = 2
                      [232] = 34
                      [233] = 30
                      [234] = 0
                      [235] = 0
                      [236] = 0
                      [237] = 0
                      [238] = 0
                      [239] = 0
                      [240] = 94
                      [241] = 0
                      [242] = 2
                      [243] = 83
                      [244] = 314
                      [245] = 3240
                      [246] = 6032
                      [247] = 5463
                      [248] = 33200
                      [249] = 1025
                      [250] = 0
                      [251] = 0
                      [252] = 0
                      [253] = 0
                      [254] = 0
                      [255] = 0
      qosDirectToTLC:
                      [0] = 5115803
                      [1] = 230734
                      [2] = 105537
                      [3] = 40075
                      [4] = 28379
                      [5] = 14923
                      [6] = 11578
                      [7] = 8534
                      [8] = 31104
                      [9] = 7875
                      [10] = 1867
                      [11] = 1332
                      [12] = 2900
                      [13] = 535
                      [14] = 340
                      [15] = 271
                      [16] = 1123750
                      [17] = 33163
                      [18] = 25556
                      [19] = 23074
                      [20] = 16830
                      [21] = 10497
                      [22] = 10689
                      [23] = 17182
                      [24] = 82840
                      [25] = 44738
                      [26] = 16607
                      [27] = 8089
                      [28] = 15360
                      [29] = 13709
                      [30] = 17104
                      [31] = 164
                      [32] = 764336
                      [33] = 30763
                      [34] = 25001
                      [35] = 6543
                      [36] = 9413
                      [37] = 4170
                      [38] = 3451
                      [39] = 22104
                      [40] = 11062
                      [41] = 1756
                      [42] = 468
                      [43] = 293
                      [44] = 474
                      [45] = 194
                      [46] = 143
                      [47] = 517
                      [48] = 554465
                      [49] = 58118
                      [50] = 43961
                      [51] = 31622
                      [52] = 21904
                      [53] = 14043
                      [54] = 10094
                      [55] = 8584
                      [56] = 29134
                      [57] = 7768
                      [58] = 3127
                      [59] = 2580
                      [60] = 6924
                      [61] = 3558
                      [62] = 2277
                      [63] = 8593
   maxQosDirectToTLC:
                      [0] = 65305882
                      [1] = 21119128
                      [2] = 4875567
                      [3] = 4265930
   skinnyRevectorSLC:	0
   skinnyRevectorTLC:	0
                KEY_608:	0
      skinnyBandsGBB:	0
   numFormatUserArea:	4
          bdrTmpHist:
                      [0] = 0
                      [1] = 0
                      [2] = 0
                      [3] = 0
                      [4] = 0
                      [5] = 0
                      [6] = 0
                      [7] = 0
                      [8] = 0
                      [9] = 0
                      [10] = 0
                      [11] = 0
                      [12] = 0
                      [13] = 0
                      [14] = 0
                      [15] = 0
                      [16] = 0
                      [17] = 0
                      [18] = 0
                      [19] = 0
                      [20] = 0
                      [21] = 0
                      [22] = 0
                      [23] = 0
                      [24] = 0
                      [25] = 0
                      [26] = 0
                      [27] = 0
                      [28] = 0
                      [29] = 0
                      [30] = 0
                      [31] = 0
                      [32] = 0
                      [33] = 0
                      [34] = 0
                      [35] = 0
                      [36] = 0
                      [37] = 0
                      [38] = 0
                      [39] = 0
                      [40] = 0
                      [41] = 0
                      [42] = 0
                      [43] = 0
                      [44] = 0
                      [45] = 0
                      [46] = 0
                      [47] = 0
                      [48] = 0
                      [49] = 0
                      [50] = 0
                      [51] = 0
                      [52] = 0
                      [53] = 0
                      [54] = 0
                      [55] = 0
                      [56] = 0
                      [57] = 0
                      [58] = 0
                      [59] = 0
                      [60] = 0
                      [61] = 0
                      [62] = 0
                      [63] = 0
        numFWUpdates:	20
    numClogLoadFails:	0
      clogFailReason:
                      [0] = 0
                      [1] = 0
                      [2] = 0
                      [3] = 0
                      [4] = 0
                      [5] = 0
                      [6] = 0
                      [7] = 0
                      [8] = 0
                      [9] = 0
                      [10] = 0
                      [11] = 0
                      [12] = 0
                      [13] = 0
                      [14] = 0
                      [15] = 0
clogReplayFailReason:
                      [0] = 0
                      [1] = 0
                      [2] = 0
                      [3] = 0
                      [4] = 0
                      [5] = 0
                      [6] = 0
                      [7] = 0
clogReplayTransientError:	0
  clogReplaySpfError:	0
rxBurnNumForcedDiffMode:	0
       bandPreErases:	579890
   eanCompressWrites:	832700
       eanHostWrites:	416753
       eanHostUnmaps:	12126551
      eanHostFlushes:	943
       eanFastWrites:	6328
    eanMaxInitTimeMs:	487
    eanAvgInitTimeMs:	155
eanMinToFirstReadTimeMs:	21
eanAvgToFirstReadTimeMs:	21
eanMaxBootReadTimeMs:	805
eanAvgBootReadTimeMs:	509
eanMinBootReadMBPerSec:	1
eanAvgBootReadMBPerSec:	0
    eanBootReadsHist:
                      [0] = 15
                      [1] = 103
                      [2] = 134
                      [3] = 9
                      [4] = 0
                      [5] = 0
                      [6] = 0
                      [7] = 0
                      [8] = 0
                      [9] = 0
    eanFirstReadMode:
                      [0] = 239
                      [1] = 22
                      [2] = 0
                      [3] = 0
                      [4] = 0
                      [5] = 0
      eanFailSectors:	0
                KEY_501:	0
autowriteWaitTransferTaskBlocks:	326659242
                KEY_504:	0
    maxVerticsInBand:	0
          numVertics:	0
    exceededCVertics:	0
   perfSetupAttempts:	0
  perfSetupSuccesses:	0
   perfWriteAttempts:	0
  perfWriteSuccesses:	0
    perfReadAttempts:	0
   perfReadSuccesses:	0
 perfCleanupAttempts:	0
perfCleanupSuccesses:	0
        perfOSLCRuns:	0
      perfTotalDmaMb:	0
perfIntermediateWrites:	0
      perfUserWrites:	0
      perfUserErases:	0
       perfIntErases:	0
      numDieFailures:	0
      numDipFailures:	0
spareAvailablePercent:	100
       dataFabricErr:	0
   downlinkFabricErr:	0
    prpAccTimeoutErr:	0
     uplinkFabricErr:	0
bandParityAllocationFailed:	0
      numAtomicBoots:	0
   clogMinorMismatch:	0
    fastHwBurstToSlc:	45936375
    slowHwFlushToSlc:	898813371
         slowHwToSlc:	7754226681
    fastHwToTlcBurst:	180187
  fastHwToTlcBalance:	616804
         slowHwToTlc:	2149200819
        flushNwToSlc:	674707622
        flushNwToTlc:	3431812
 slcDemandFlushCount:	6903949
 slcDemandBurstCount:	4563
slcDemandBurstWritesInGC:	3128880
slcDemandBurstWritesInTT:	0
slcDemandBurstWritesInNRP:	0
slcDemandBurstSizeDetected:
                      [0] = 1732
                      [1] = 238
                      [2] = 346
                      [3] = 546
                      [4] = 740
                      [5] = 662
                      [6] = 222
                      [7] = 66
                      [8] = 6
                      [9] = 5
slcDemandBurstSizeSlc:
                      [0] = 1720
                      [1] = 234
                      [2] = 342
                      [3] = 540
                      [4] = 734
                      [5] = 649
                      [6] = 218
                      [7] = 65
                      [8] = 6
                      [9] = 5
   slcDemandBurstDur:
                      [0] = 0
                      [1] = 0
                      [2] = 0
                      [3] = 0
                      [4] = 0
                      [5] = 341
                      [6] = 1070
                      [7] = 1110
                      [8] = 791
                      [9] = 1201
              oslcHw:	544110
            oslcHwGC:	544110
            oslcHwTT:	0
           oslcHwNRP:	0
     oslcTransitions:	17
       oslcBaseAvgPE:	1
  oslcFastWAmpUOnOff:	2
     oslcHotTLCOnOff:	0
 oslcGCinvalidations:	50002
oslcGCActivateReason:	0
oslcLowCleanBandsUOnOff:	382252089576
oslcTooManyGCMustOnOff:	1060856922359
        oslcBdrBands:	0
        oslcBdrValid:	0
  oslcGCActiveWrites:	0
 oslcDemandBurstSize:
                      [0] = 2
                      [1] = 0
                      [2] = 1
                      [3] = 1
                      [4] = 0
                      [5] = 0
                      [6] = 0
                      [7] = 0
                      [8] = 0
                      [9] = 0
       oslcNoVotesHw:
                      [0] = 544110
                      [1] = 796991
                      [2] = 0
                      [3] = 0
                      [4] = 0
                      [5] = 0
                      [6] = 0
                      [7] = 0
     oslcHwCloseBand:	0
waterfallLockSectors:	5515661684
     gcActiveReasons:
                      [0] = 25
                      [1] = 3224
                      [2] = 3198
                      [3] = 0
                      [4] = 46626
                      [5] = 0
                      [6] = 0
                      [7] = 3653
                      [8] = 0
                      [9] = 0
     pcieAerCounters:
                      [0] = 0
                      [1] = 0
                      [2] = 0
                      [3] = 0
                      [4] = 0
                      [5] = 0
                      [6] = 0
                      [7] = 0
                      [8] = 0
                      [9] = 0
                      [10] = 0
                      [11] = 0
                      [12] = 0
                      [13] = 0
                      [14] = 0
                      [15] = 0
                      [16] = 0
                      [17] = 0
                      [18] = 0
                      [19] = 0
                      [20] = 0
                      [21] = 0
                      [22] = 0
                      [23] = 0
                      [24] = 0
                      [25] = 0
                      [26] = 0
                      [27] = 0
                      [28] = 0
                      [29] = 0
                      [30] = 0
                      [31] = 0
                      [32] = 0
                      [33] = 0
                      [34] = 0
                      [35] = 0
                      [36] = 0
                      [37] = 0
                      [38] = 0
                      [39] = 0
                      [40] = 0
                      [41] = 0
                      [42] = 0
                      [43] = 0
                      [44] = 0
                      [45] = 0
                      [46] = 0
                      [47] = 0
                      [48] = 0
                      [49] = 0
                      [50] = 0
                      [51] = 0
                      [52] = 0
                      [53] = 0
                      [54] = 0
                      [55] = 0
                      [56] = 0
                      [57] = 0
                      [58] = 0
                      [59] = 0
                      [60] = 0
                      [61] = 0
                      [62] = 0
                      [63] = 0
     maxBgInitTimeMs:	107891
     avgBgInitTimeMs:	4154
      sequentialSegs:	884461954
   notSequentialSegs:	3708265272
  bdrHostPingInitial:	212
bdrHostPingMoreNeeded:	2636
wearlevelingCallsSkipped:	0
    bdrHostPingExtra:	419
     bdrBackupChecks:	56
                      [0] = 2388
                      [1] = 501
                      [2] = 1750
                      [3] = 352
                      [4] = 0
                      [5] = 0
                      [6] = 1654
                      [7] = 0
                      [8] = 0
                      [9] = 0
                      [10] = 8
                      [11] = 58
                      [12] = 0
                      [13] = 0
                      [14] = 0
                      [15] = 0
                      [16] = 0
                      [17] = 0
                      [18] = 0
                      [19] = 0
                KEY_684:	0
        cbdrInitSent:
                      [0] = 25783
                      [1] = 0
                      [2] = 0
       cbdrPauseSent:	43549
      cbdrResumeSent:	36748
   cbdrGetResultSent:	25783
      cbdrEarlyExits:	0
                      [0] = 0
                      [1] = 0
                      [2] = 0
                      [3] = 0
                      [4] = 0
                      [5] = 0
                      [6] = 0
                      [7] = 0
                      [8] = 0
                      [9] = 25783
                KEY_695:	0
                KEY_696:	0
       cbdrFullyDone:	212
                      [0] = 15481
                      [1] = 0
                      [2] = 0
cbdrNumSlowRefreshes:	2505
cbdrNumFastRefreshes:	0
cbdrTotalRefreshValidity:	67604150
   cbdrRefreshedAges:
                      [0] = 0
                      [1] = 0
                      [2] = 0
                      [3] = 0
                      [4] = 0
                      [5] = 0
                      [6] = 0
                      [7] = 0
                      [8] = 2505
      cbdrTotalReads:	1106303088
   cbdrSkippedBlocks:	416
         cbdrScanPct:
                      [0] = 0
                      [1] = 0
                      [2] = 0
                      [3] = 0
                      [4] = 0
   cbdrTotalReadsSLC:	0
                      [0] = 0
                      [1] = 0
                      [2] = 0
                      [3] = 0
                      [4] = 0
                      [5] = 0
                      [6] = 0
                      [7] = 0
                      [8] = 0
                      [9] = 0
                      [0] = 0
                      [1] = 0
                      [2] = 0
                      [3] = 0
                      [4] = 0
                      [5] = 0
                      [6] = 0
                      [7] = 0
                      [8] = 0
      cbdrScanPctSLC:
                      [0] = 0
                      [1] = 0
                      [2] = 0
                      [3] = 0
                      [4] = 0
     iBootNANDResets:	0
                KEY_692:	0
gcDestLogHighWaterMark:	153
droppedSecondaryLeftoverSecs:	159547647
iologDisablesForOverflow:	0
      iologOutOfLbas:	0
    skinnyBandErases:	23083
RxBurnSkinnyBandsErases:	6
              vcurve:
                      [0] = 425
                      [1] = 1
                      [2] = 6
                      [3] = 4
                      [4] = 0
                      [5] = 33
                      [6] = 89
                      [7] = 58
                      [8] = 70
                      [9] = 75
                      [10] = 62
                      [11] = 63
                      [12] = 38
                      [13] = 46
                      [14] = 17
                      [15] = 31
                      [16] = 29
                      [17] = 24
                      [18] = 26
                      [19] = 33
                      [20] = 20
                      [21] = 24
                      [22] = 24
                      [23] = 13
                      [24] = 30
                      [25] = 25
                      [26] = 22
                      [27] = 29
                      [28] = 24
                      [29] = 24
                      [30] = 54
                      [31] = 67
            injDepth:
                      [0] = 18872812
                      [1] = 27416736
                      [2] = 34183957
                      [3] = 36380246
                      [4] = 37422071
                      [5] = 37876063
                      [6] = 38405448
                      [7] = 38697902
                      [8] = 39014784
                      [9] = 39297604
                      [10] = 39297604
                      [11] = 39432348
logical_disk_occupied_promiles:	3744
                KEY_728:	2311
        dmUtilWrites:	209
             rvFails:	0
       tunnelsDenied:	1305
    autoSkipTriggers:	0
      autoSkipPlanes:	0
       autoSkipTears:	0
bandKill_userFlattenExcessive:	0
bandKill_IntFlattenExcessive:	0
                KEY_748:	3
                KEY_749:	0
bandKill_formatVertExcessive:	3
bandKill_formatVertBalance:	0
                KEY_752:	14
raidReconstructDurationHisto:
                      [0] = 0
                      [1] = 0
                      [2] = 0
                      [3] = 0
                      [4] = 0
                      [5] = 0
                      [6] = 0
                      [7] = 0
failsOnReconstructHisto:
                      [0] = 0
                      [1] = 0
                      [2] = 0
                      [3] = 0
                      [4] = 0
                      [5] = 0
                      [6] = 0
                      [7] = 0
                KEY_775:	0
bandKill_pgBindingFewBlocks:	0
                KEY_764:	0
                KEY_765:	0
      cpuBurstLength:
                      [0] = 21583
                      [1] = 2523
                      [2] = 1289
                      [3] = 77
                      [4] = 48
                      [5] = 52
                      [6] = 33
                      [7] = 41
     snapshotCPUHigh:	116762
      snapshotCPULow:	80366981
        gcWithoutBMs:	50
                      [0] = 8
                      [1] = 54
                      [2] = 44
                      [3] = 61
                      [4] = 50
                      [5] = 55
                      [6] = 38
                      [7] = 46
                      [8] = 57
                      [9] = 64
                      [0] = 829
                      [1] = 663
                      [2] = 1097
                      [3] = 1345
                      [4] = 1705
                      [5] = 1912
                      [6] = 2141
                      [7] = 2688
                      [8] = 3014
                      [9] = 3949
                      [10] = 5253
                      [11] = 6695
                      [12] = 9616
                      [13] = 14228
                      [14] = 22496
                      [15] = 22812
          numTLC_pgs:	53
          pgValidity:	2777482
             pgTotal:	9112320
 ricMaxClogOnlyPages:	3
ricExceedClogOnlyPagesTH:	0
readClassifyStatusesHisto:
                      [0] = 0
                      [1] = 0
                      [2] = 0
readWithAuxStatusesHisto:
                      [0] = 0
                      [1] = 0
                      [2] = 0
                      [3] = 0
                      [4] = 0
                      [5] = 0
                      [6] = 0
                      [7] = 0
                      [8] = 0
                      [9] = 0
readReconstructStatusesHisto:
                      [0] = 191
                      [1] = 0
                      [2] = 0
                      [3] = 0
                      [4] = 0
                      [5] = 0
                      [6] = 0
                      [7] = 0
                      [8] = 2887
                      [9] = 0
    hostBlocksByKrnl:	7906
   prefetchNextRange:	0
  clogEmptyProgramms:	0
     autoSweepBlocks:	0
       wcWrFragSizes:
                      [0] = 1800443642
                      [1] = 115463123
                      [2] = 77263182
                      [3] = 246473924
                      [4] = 27630187
                      [5] = 13280834
                      [6] = 33410479
                      [7] = 74445264
                      [8] = 17301171
                      [9] = 23155753
                      [10] = 11639842
                      [11] = 9585632
                      [12] = 9752827
                      [13] = 7923657
                      [14] = 2757812
                      [15] = 9586
                      [0] = 102458
                      [1] = 0
                      [2] = 0
                      [3] = 0
                      [4] = 0
                      [5] = 0
                      [6] = 0
                      [7] = 0
                      [8] = 0
                      [9] = 0
                      [10] = 0
                      [11] = 0
                      [12] = 0
                      [13] = 0
                      [14] = 0
                      [15] = 0
                      [0] = 0
                      [1] = 0
                      [2] = 0
                      [3] = 0
                      [4] = 0
                      [5] = 0
                      [6] = 0
                      [7] = 0
                      [8] = 0
                      [9] = 0
                      [10] = 0
                      [11] = 0
                      [12] = 0
                      [13] = 0
                      [14] = 0
                      [15] = 0
turboRaidRelPerBlock:
                      [0] = 0
                      [1] = 0
                      [2] = 0
                      [3] = 0
                      [4] = 0
                      [5] = 0
                      [6] = 0
                      [7] = 0
                      [8] = 0
                      [9] = 0
                      [10] = 0
                      [11] = 0
                      [12] = 0
                      [13] = 0
                      [14] = 0
                      [15] = 0
turboRaidRelBetweenRefreshesPerBlock:
                      [0] = 0
                      [1] = 0
                      [2] = 0
                      [3] = 0
                      [4] = 0
                      [5] = 0
                      [6] = 0
                      [7] = 0
                      [8] = 0
                      [9] = 0
                      [10] = 0
                      [11] = 0
                      [12] = 0
                      [13] = 0
                      [14] = 0
                      [15] = 0
turboRaidMaxRelBetweenRefreshesPerBlock:
                      [0] = 0
                      [1] = 0
                      [2] = 0
                      [3] = 0
                      [4] = 0
                      [5] = 0
                      [6] = 0
                      [7] = 0
                      [8] = 0
                      [9] = 0
                      [10] = 0
                      [11] = 0
                      [12] = 0
                      [13] = 0
                      [14] = 0
                      [15] = 0
turboRaidMinRelBetweenRefreshesPerBlock:
                      [0] = 0
                      [1] = 0
                      [2] = 0
                      [3] = 0
                      [4] = 0
                      [5] = 0
                      [6] = 0
                      [7] = 0
                      [8] = 0
                      [9] = 0
                      [10] = 0
                      [11] = 0
                      [12] = 0
                      [13] = 0
                      [14] = 0
                      [15] = 0
turboRaidMaxCyclesBetweenRel:
                      [0] = 0
                      [1] = 0
                      [2] = 0
                      [3] = 0
                      [4] = 0
                      [5] = 0
                      [6] = 0
                      [7] = 0
                      [8] = 0
                      [9] = 0
                      [10] = 0
                      [11] = 0
                      [12] = 0
                      [13] = 0
                      [14] = 0
                      [15] = 0
turboRaidMinCyclesBetweenRel:
                      [0] = 0
                      [1] = 0
                      [2] = 0
                      [3] = 0
                      [4] = 0
                      [5] = 0
                      [6] = 0
                      [7] = 0
                      [8] = 0
                      [9] = 0
                      [10] = 0
                      [11] = 0
                      [12] = 0
                      [13] = 0
                      [14] = 0
                      [15] = 0
turboRaidLastRelPECycles:
                      [0] = 0
                      [1] = 0
                      [2] = 0
                      [3] = 0
                      [4] = 0
                      [5] = 0
                      [6] = 0
                      [7] = 0
                      [8] = 0
                      [9] = 0
                      [10] = 0
                      [11] = 0
                      [12] = 0
                      [13] = 0
                      [14] = 0
                      [15] = 0
turboRaidRelQualPECycles:
                      [0] = 0
                      [1] = 0
                      [2] = 0
                      [3] = 0
                      [4] = 0
                      [5] = 0
                      [6] = 0
                      [7] = 0
                      [8] = 0
                      [9] = 0
                      [10] = 0
                      [11] = 0
                      [12] = 0
                      [13] = 0
                      [14] = 0
                      [15] = 0
turboRaidAuxPerBlock:
                      [0] = 0
                      [1] = 0
                      [2] = 0
                      [3] = 0
                      [4] = 0
                      [5] = 0
                      [6] = 0
                      [7] = 0
                      [8] = 0
                      [9] = 0
                      [10] = 0
                      [11] = 0
                      [12] = 0
                      [13] = 0
                      [14] = 0
                      [15] = 0
turboRaidAuxBetweenRefreshesPerBlock:
                      [0] = 0
                      [1] = 0
                      [2] = 0
                      [3] = 0
                      [4] = 0
                      [5] = 0
                      [6] = 0
                      [7] = 0
                      [8] = 0
                      [9] = 0
                      [10] = 0
                      [11] = 0
                      [12] = 0
                      [13] = 0
                      [14] = 0
                      [15] = 0
turboRaidMaxCyclesBetweenAux:
                      [0] = 0
                      [1] = 0
                      [2] = 0
                      [3] = 0
                      [4] = 0
                      [5] = 0
                      [6] = 0
                      [7] = 0
                      [8] = 0
                      [9] = 0
                      [10] = 0
                      [11] = 0
                      [12] = 0
                      [13] = 0
                      [14] = 0
                      [15] = 0
turboRaidMinCyclesBetweenAux:
                      [0] = 0
                      [1] = 0
                      [2] = 0
                      [3] = 0
                      [4] = 0
                      [5] = 0
                      [6] = 0
                      [7] = 0
                      [8] = 0
                      [9] = 0
                      [10] = 0
                      [11] = 0
                      [12] = 0
                      [13] = 0
                      [14] = 0
                      [15] = 0
turboRaidLastAuxPECycles:
                      [0] = 0
                      [1] = 0
                      [2] = 0
                      [3] = 0
                      [4] = 0
                      [5] = 0
                      [6] = 0
                      [7] = 0
                      [8] = 0
                      [9] = 0
                      [10] = 0
                      [11] = 0
                      [12] = 0
                      [13] = 0
                      [14] = 0
                      [15] = 0
turboRaidAuxQualPECycles:
                      [0] = 0
                      [1] = 0
                      [2] = 0
                      [3] = 0
                      [4] = 0
                      [5] = 0
                      [6] = 0
                      [7] = 0
                      [8] = 0
                      [9] = 0
                      [10] = 0
                      [11] = 0
                      [12] = 0
                      [13] = 0
                      [14] = 0
                      [15] = 0
turboRaidRelLockMark:	0
turboRaidAuxLockMark:	0
     pgBelowMinBands:
                      [0] = 0
                      [1] = 0
           pgNoBands:
                      [0] = 0
                      [1] = 0
    pgBelowMinBlocks:
                      [0] = 0
                      [1] = 0
probationalsDuringParityRead:	0
reconfigureInFlightParityBuffer:	0
reconfigurePmxParityBuffer:	0
readDisturbMPBXSkipOnShutdown:	229
turboRaidPEFailAfterRel:	0
turboRaidPEFailAfterAux:	0
        dvfmVotesCPU:	0
  dvfmVotesBandwidth:	0
    vccGotInitTunnel:	0
    vccSessionsCount:	0
 vccTotalSessionTime:	0
vccTotalSessionMBytes:	0
   vccMaxSessionTime:	0
 vccMaxSessionMBytes:	0
   vccRemainingBytes:	0
vccModelingBandwidth:	95000000
vccPrevSessionMBytes:	0
  vccPrevSessionTime:	0
vccCurrSessionMBytes:	0
  vccCurrSessionTime:	0
     vccQualSessions:	0
  vccHintedBandwidth:	0
vccAutoSizeHintCount:	0
     vccMaxVccMBytes:	0
    bitFlipRetryPass:	0
  raidReadBufFromMem:	0
    rdBeforePrescale:	17773508868
     rdAfterPrescale:	255986921
          osBuildStr:
                      [0] = 7363448282850341938
                      [1] = 0
        indTrimFrags:
                      [0] = 8519
                      [1] = 5559
                      [2] = 4298
                      [3] = 8279
                      [4] = 13895
                      [5] = 18072
                      [6] = 18625
                      [7] = 21421
                      [8] = 22398
                      [9] = 24779
                      [10] = 25466
                      [11] = 25666
        indUsedFrags:
                      [0] = 200099
                      [1] = 40519
                      [2] = 25056
                      [3] = 105817
                      [4] = 51966
                      [5] = 34748
                      [6] = 26976
                      [7] = 48929
                      [8] = 32213
                      [9] = 12112
                      [10] = 7648
                      [11] = 13294
 diagBandSkipRefresh:	0
      lastSweepStart:	0
   lastSweepDuration:	0
        sweptSectors:	0
eanEarlyBootUeccPage:
                      [0] = 0
                      [1] = 0
                      [2] = 0
                      [3] = 0
eanEarlyBootNumUeccPages:	0
eanEarlyBootUeccMultiplane:	0
   rxBurnBlocksProbe:	0
nandGeomErrorSkippedErrors:	0
    utilFastResetCnt:	161
      bandsAgeBinsV2:
                      [0] = 112834
                      [1] = 13002
                      [2] = 7412
                      [3] = 1743
                      [4] = 2807
                      [5] = 2156
                      [6] = 876
                      [7] = 1442
                      [8] = 993
                      [9] = 1222
                      [10] = 658
                      [11] = 797
                      [12] = 577
                      [13] = 243
                      [14] = 518
                      [15] = 534
                      [16] = 397
                      [17] = 202
                      [18] = 373
                      [19] = 306
                      [20] = 129
                      [21] = 304
                      [22] = 242
                      [23] = 202
                      [24] = 94
                      [25] = 148
                      [26] = 173
                      [27] = 92
                      [28] = 2406
                      [29] = 48
                      [30] = 0
bandsAgeBinsSnapshot:
                      [0] = 216
                      [1] = 154
                      [2] = 90
                      [3] = 76
                      [4] = 366
                      [5] = 0
                      [6] = 0
                      [7] = 0
                      [8] = 0
                      [9] = 0
                      [10] = 0
                      [11] = 0
                      [12] = 0
                      [13] = 0
                      [14] = 0
                      [15] = 0
                      [16] = 0
                      [17] = 0
                      [18] = 0
                      [19] = 0
                      [20] = 0
                      [21] = 0
                      [22] = 0
                      [23] = 0
                      [24] = 0
                      [25] = 0
                      [26] = 0
                      [27] = 0
                      [28] = 0
                      [29] = 0
                      [30] = 0
bandsAgeBinsReadSectors:
                      [0] = 27325607551
                      [1] = 4637985884
                      [2] = 2815251385
                      [3] = 1283221013
                      [4] = 1185114953
                      [5] = 615898001
                      [6] = 455768037
                      [7] = 468123690
                      [8] = 268803311
                      [9] = 294367066
                      [10] = 171757767
                      [11] = 200619004
                      [12] = 122413413
                      [13] = 108253618
                      [14] = 84929237
                KEY_1047:	0
              gcwamp:
                      [0] = 3551
                      [1] = 4366
                      [2] = 2790
                      [3] = 1542
                      [4] = 2225
                      [5] = 2746
                      [6] = 1996
                      [7] = 2228
                      [8] = 2128
                      [9] = 1946
                      [10] = 1354
                      [11] = 1012
                      [12] = 914
                      [13] = 488
                      [14] = 711
                      [15] = 611
                      [16] = 612
                      [17] = 429
                      [18] = 448
                      [19] = 414
                      [20] = 354
                      [21] = 340
                      [22] = 200
                      [23] = 74
                      [24] = 31
                      [25] = 2
                      [26] = 0
                      [27] = 0
                      [28] = 0
                      [29] = 0
                      [30] = 0
                      [31] = 0
                      [0] = 239744
                      [1] = 52
                      [2] = 10
                      [3] = 0
                      [4] = 0
                      [5] = 0
                      [6] = 0
                      [7] = 0
                      [8] = 0
                      [9] = 0
                      [0] = 0
                      [1] = 0
                      [2] = 0
                      [3] = 0
                      [4] = 0
                      [5] = 0
                      [6] = 0
                      [7] = 0
                      [8] = 0
                      [9] = 0
                      [10] = 0
                      [11] = 0
                      [12] = 0
                      [13] = 0
                      [14] = 0
                      [15] = 0
                      [16] = 0
                      [17] = 0
                      [18] = 0
                      [19] = 0
BP_readThrottleEngagedCnt:	3
BP_readThrottleActualSize:	40881
            lastWipe:	0
       sanitizeStart:	0
        sanitizeDone:	0
      sanitizeFailed:	0
            WriteAmp:	0.000000
     statsMagCalTime:	1786146812
