TimeStamp,PresentDOD0,CurrentCapacity,IsCharging,Temperature,Amperage,InstantAmperage,Voltage,StateOfCharge,ChargeAccum,ResScale,RSS,ITMiscStatus,AccumulatedSystemLoad,AccumulatedSystemPowerIn,VirtualTemperature,SystemVoltageIn,SystemCurrentIn,Watts
2026-07-26 06:40:35,7794,54,1,3929,1896,1904,4039,56,-3824,1000,61,33792,30622,114991,3900,4409,2092,15
2026-07-26 06:45:34,7530,57,1,3909,906,913,4007,58,-3893,1000,66,33792,1523193,2611490,3850,4547,1608,15
2026-07-26 06:50:35,7181,60,1,3909,1058,1230,4050,60,-3985,1000,86,33792,2658783,5078636,3819,4484,1848,15
2026-07-26 06:55:35,6758,62,1,4059,2355,2379,4146,63,-4096,1000,92,33792,633027,1494273,3769,4681,2698,15
2026-07-26 07:00:35,5897,69,1,4179,2571,2550,4215,69,-4323,1000,71,33792,1343908,5631181,3859,4648,2877,15
2026-07-26 07:05:35,5516,72,1,3839,2553,2568,4233,71,-4423,1000,74,33792,2035492,7856555,3709,4710,2620,15
2026-07-26 07:10:35,4778,77,1,4019,2279,2261,4293,76,-4618,1000,73,33792,2839586,11649231,3750,4701,2624,15
2026-07-26 07:15:35,4336,80,0,3689,0,2,4203,79,-4734,1000,79,33792,3513221,14140009,3700,5254,279,15
2026-07-26 07:20:35,3969,82,1,3759,1499,1504,4320,82,-4831,1000,83,33792,4121724,16248102,3629,4925,1689,15
2026-07-26 07:25:35,3526,85,1,3709,1500,1503,4360,85,-4948,1000,84,33792,4630187,18581210,3579,4911,1753,15
2026-07-26 07:30:35,3243,87,1,3650,1497,1503,4382,87,-5022,1000,86,33794,5211458,20342860,3519,4970,1497,15
2026-07-26 07:35:35,2804,90,1,3650,1362,1368,4413,90,-5138,1000,87,33794,5873858,22837066,3539,4969,1493,15
2026-07-26 07:40:35,2442,93,1,3519,975,985,4417,92,-5233,1000,90,33794,6515643,24993636,3459,5023,1273,15
2026-07-26 07:45:35,2170,94,1,3519,736,741,4418,94,-5305,1000,89,33794,7225162,26846662,3479,5117,860,15
2026-07-26 07:50:35,1979,96,1,3529,586,589,4418,95,-5355,1000,79,33794,7915416,28336818,3500,5116,878,15
2026-07-26 07:55:35,1814,97,1,3569,463,467,4417,96,-5398,1000,72,33794,8654428,29766346,3539,5141,739,15
2026-07-26 08:00:35,1689,98,1,3600,393,397,4418,97,-5431,1000,67,33794,9505890,31145091,3579,5187,533,15
2026-07-26 08:25:35,2456,97,0,3479,-2235,-2759,4187,92,-5229,929,90,33795,13130412,31643870,3479,0,0,0
2026-07-26 08:30:36,2656,96,0,3569,-1362,-909,4240,91,-5177,790,89,33794,13942443,31643870,3539,0,0,0
2026-07-26 08:35:35,2987,93,0,3759,-634,-661,4237,88,-5090,1060,83,33792,15261021,31643870,3759,0,0,0
2026-07-26 08:40:35,3220,91,0,3769,-119,-104,4250,87,-5028,948,81,33793,16185327,31643870,3779,0,0,0
2026-07-26 08:45:35,3397,90,0,3679,-544,-468,4219,86,-4982,911,84,33794,16901408,31643870,3689,0,0,0
2026-07-26 08:55:35,3608,89,0,3139,-449,-427,4198,85,-4926,994,101,33793,17737890,31643870,3139,0,0,0
2026-07-26 09:00:35,3952,86,0,3500,-1038,-1033,4127,82,-4835,920,89,33793,19080270,31643870,3459,0,0,0
2026-07-26 09:05:35,4300,84,0,3709,-1310,-1036,4107,79,-4744,950,80,33794,20436702,31643870,3679,0,0,0
2026-07-26 09:10:35,4666,81,0,3900,-857,-861,4093,77,-4647,986,75,33792,21854060,31643870,3879,0,0,0
2026-07-26 09:15:35,4844,80,0,3759,-602,-502,4106,76,-4600,833,77,33793,22542592,31643870,3759,0,0,0
2026-07-26 09:20:35,4992,79,0,3619,-181,-263,4106,75,-4561,880,79,33793,23120702,31643870,3619,0,0,0
2026-07-26 09:25:35,5095,78,0,3469,-802,-516,4094,74,-4534,839,80,33794,23515228,31643870,3479,0,0,0
2026-07-26 09:30:35,5239,77,0,3429,-476,-368,4085,73,-4499,881,78,33792,24035475,31643870,3419,0,0,0
2026-07-26 09:35:35,5355,76,0,3419,-591,-621,4061,73,-4467,994,80,33795,24501269,31643870,3409,0,0,0
2026-07-26 09:45:35,5602,75,0,3429,-357,-219,4064,71,-4396,1011,84,33797,25546167,31643870,3429,0,0,0
2026-07-26 09:50:35,5776,73,0,3429,-667,-707,4016,70,-4354,996,86,33796,26153686,31643870,3409,0,0,0
2026-07-26 10:00:35,5991,72,0,3350,-218,-163,4041,68,-4297,820,90,33797,26986299,31643870,3350,0,0,0
2026-07-26 10:05:35,6107,71,0,3329,-183,-174,4030,68,-4268,854,91,33799,27408167,31643870,3329,0,0,0
2026-07-26 10:10:35,6260,70,0,3339,-914,-897,3973,66,-4229,861,94,33798,27973880,31643870,3329,0,0,0
2026-07-26 10:15:35,6555,67,0,3539,-1094,-1074,3928,64,-4149,909,97,33803,29112328,31643870,3509,0,0,0
2026-07-26 10:20:35,6739,66,0,3500,-245,-229,3971,63,-4105,963,102,33805,29740426,31643870,3500,0,0,0
2026-07-26 10:25:35,6891,65,0,3419,-205,-192,3962,62,-4070,976,105,33793,30240067,31643870,3419,0,0,0
2026-07-26 10:30:35,7042,64,0,3500,-1156,-1038,3899,61,-4022,841,104,33793,30918339,31643870,3459,0,0,0
2026-07-26 10:35:35,7216,63,0,3519,-983,-952,3892,60,-3976,843,93,33792,31565457,31643870,3489,0,0,0
2026-07-26 10:40:35,7458,61,0,3600,-316,-258,3912,58,-3909,989,76,33795,32493897,31643870,3589,0,0,0
2026-07-26 10:45:35,7705,59,0,3609,-1018,-627,3883,57,-3845,983,68,33792,33390407,31643870,3619,0,0,0
2026-07-26 10:50:35,7873,58,0,3519,-222,-269,3896,56,-3803,943,68,33794,33976416,31643870,3529,0,0,0
2026-07-26 10:55:35,8037,57,0,3489,-818,-626,3867,54,-3760,862,71,33798,34571725,31643870,3469,0,0,0
2026-07-26 11:00:35,8185,56,0,3439,-422,-501,3870,54,-3719,928,74,33802,35148802,31643870,3429,0,0,0
2026-07-26 11:05:35,8366,55,0,3450,-424,-262,3869,52,-3673,880,74,33803,35785532,31643870,3439,0,0,0
2026-07-26 11:10:35,8550,53,0,3439,-526,-307,3860,51,-3621,980,73,33805,36501159,31643870,3439,0,0,0
2026-07-26 11:15:35,8765,51,0,3579,-2102,-2202,3736,48,-3569,782,71,33794,37212965,31643870,3439,0,0,0
2026-07-26 11:20:35,8989,50,0,3479,-2090,-1204,3781,48,-3510,952,73,33797,38026748,31643870,3459,0,0,0
2026-07-26 11:25:35,9126,49,0,3339,-2000,-3651,3690,47,-3475,935,77,33799,38501343,31643870,3339,0,0,0
2026-07-26 11:30:35,9321,47,0,3359,-1655,-1926,3723,45,-3423,951,79,33804,39214436,31643870,3300,0,0,0
2026-07-26 11:35:35,9510,46,0,3239,-166,-159,3821,45,-3372,978,81,33805,39904505,31643870,3239,0,0,0
2026-07-26 11:40:35,9641,45,0,2869,-238,-244,3823,44,-3356,860,94,33806,40128535,31643870,2879,0,0,0
2026-07-26 11:50:35,9843,44,0,2659,-55,-48,3834,43,-3328,794,104,33806,40518742,31643870,2659,0,0,0
2026-07-26 12:05:35,10110,43,0,2639,-57,-53,3825,41,-3267,910,109,33807,41340707,31643870,2639,0,0,0
2026-07-26 12:10:35,10121,42,0,2550,-68,-55,3825,41,-3260,837,113,33807,41433033,31643870,2550,0,0,0
2026-07-26 12:15:35,10124,41,0,2809,-589,-465,3765,40,-3211,1203,103,33806,42098432,31643870,2800,0,0,0
2026-07-26 12:20:35,10369,39,0,3200,-1208,-947,3711,38,-3147,1033,96,33805,42948693,31643870,3069,0,0,0
2026-07-26 12:25:35,10633,38,0,3319,-343,-347,3766,37,-3077,1207,93,33792,43881921,31643870,3309,0,0,0
2026-07-26 12:30:35,10870,36,0,3459,-1156,-792,3734,35,-3014,972,94,33797,44714255,31643870,3450,0,0,0
2026-07-26 12:35:35,11108,34,0,3650,-2110,-1637,3686,33,-2951,1018,96,33799,45560866,31643870,3550,0,0,0
2026-07-26 12:40:35,11339,33,0,3559,-727,-1564,3697,32,-2889,1010,97,33799,46396426,31643870,3579,0,0,0
2026-07-26 12:45:35,11520,32,0,3429,-468,-486,3737,31,-2843,948,101,33797,47006950,31643870,3439,0,0,0
2026-07-26 12:50:35,11737,30,0,3509,-703,-437,3721,29,-2785,959,95,33803,47781243,31643870,3479,0,0,0
2026-07-26 12:55:35,12002,28,0,3650,-549,-490,3711,27,-2713,1067,89,33802,48736988,31643870,3609,0,0,0
2026-07-26 13:00:35,12255,27,0,3709,-767,-1026,3684,26,-2646,866,86,33801,49608300,31643870,3700,0,0,0
2026-07-26 13:05:35,12409,25,0,3589,-291,-314,3720,25,-2594,1075,90,33806,50304519,31643870,3600,0,0,0
2026-07-26 13:10:35,12650,24,0,3569,-1152,-940,3669,23,-2545,897,90,33794,50954321,31643870,3550,0,0,0
2026-07-26 13:15:35,12823,22,0,3519,-600,-728,3689,22,-2493,977,89,33797,51639981,31643870,3529,0,0,0
2026-07-26 13:20:35,13038,21,0,3529,-421,-428,3694,21,-2439,1054,89,33797,52357291,31643870,3529,0,0,0
2026-07-26 13:25:34,13217,20,0,3450,-203,-245,3702,20,-2401,978,94,33800,52871943,31643870,3450,0,0,0
2026-07-26 13:30:36,13492,17,0,3689,-1189,-1309,3613,17,-2325,985,88,33800,53855288,31643870,3629,0,0,0
2026-07-26 13:35:35,13822,15,0,3850,-1240,-1202,3604,15,-2228,977,86,33807,55110560,31643870,3809,0,0,0
2026-07-26 13:40:35,14136,13,0,3859,-666,-509,3628,13,-2144,1091,87,33794,56193167,31643870,3839,0,0,0
2026-07-26 13:45:35,14459,11,0,3800,-971,-1093,3586,10,-2074,1057,88,33798,57097540,31643870,3769,0,0,0
2026-07-26 13:50:35,14870,7,0,3719,-896,-811,3602,7,-2006,1338,91,33798,57977546,31643870,3719,0,0,0
2026-07-26 13:55:35,15157,6,0,3579,-191,-175,3641,6,-1960,1192,111,33798,58577152,31643870,3589,0,0,0
2026-07-26 14:05:35,15232,5,0,3379,-433,-429,3610,5,-1901,1175,132,33802,59334727,31643870,3379,0,0,0
2026-07-26 14:20:35,15472,4,0,2929,-154,-132,3625,4,-1840,642,189,33804,60126760,31643870,2929,0,0,0
2026-07-26 14:40:34,15646,2,0,3419,-1756,-1692,3246,1,-1764,974,195,33807,61067025,31643870,3300,0,0,0
2026-07-26 14:45:34,15955,0,0,3629,-1145,-1135,3111,1,-1679,997,340,33805,62071496,31643870,3600,0,0,0
2026-07-26 14:50:34,15268,3,0,3950,-365,-381,3707,6,-1855,1000,107,33807,889470,3285693,3579,0,0,0
2026-07-26 14:55:34,15038,7,1,3200,836,803,3757,8,-1916,1000,134,33807,1266525,4474713,3159,4562,875,0
2026-07-26 15:00:34,14799,9,1,2959,805,866,3775,10,-1979,1000,144,33807,1628829,5695527,2919,4560,875,0
2026-07-26 15:05:34,14552,11,1,2809,859,872,3787,11,-2044,1000,151,33804,1919495,6872267,2779,4562,875,0
2026-07-26 15:10:34,14263,13,1,2689,923,938,3814,13,-2120,1000,155,33804,2068990,8064601,2639,4558,875,0
2026-07-26 15:15:34,13973,15,1,2589,924,899,3831,15,-2196,1000,157,33804,2225647,9274138,2539,4570,875,0
2026-07-26 15:20:34,13705,17,1,2509,803,805,3840,17,-2267,1000,154,33804,2376197,10402071,2469,4574,875,0
2026-07-26 15:25:34,13413,19,1,2469,915,912,3865,19,-2344,1000,153,33804,2522302,11614652,2409,4573,875,0
2026-07-26 15:30:34,13135,21,1,2539,728,784,3865,21,-2417,1000,141,33804,2739065,12853521,2479,4550,875,0
2026-07-26 15:35:34,12945,22,1,2669,584,715,3857,22,-2467,1000,131,33804,3220529,14029991,2629,4562,875,0
2026-07-26 15:40:34,12699,24,1,2619,912,920,3887,24,-2532,1000,134,33804,3521565,15233538,2569,4549,875,0
2026-07-26 15:45:34,12451,25,1,2550,683,688,3881,26,-2597,1000,141,33804,3786885,16415169,2509,4548,875,0
2026-07-26 15:50:34,12210,27,1,2519,441,783,3894,27,-2661,1000,141,33804,4104417,17626737,2479,4558,875,0
2026-07-26 15:55:34,12012,28,1,2479,582,629,3885,29,-2713,1000,144,33804,4507286,18758287,2439,4624,875,0
2026-07-26 16:00:35,11796,30,1,2489,229,211,3856,30,-2769,1000,140,33804,4976368,20028343,2469,4620,875,0
2026-07-26 16:05:35,11665,31,1,2550,591,626,3887,31,-2804,1000,138,33804,5724850,21260019,2529,4607,875,0
2026-07-26 16:10:34,11503,32,1,2479,315,279,3869,32,-2847,1000,145,33804,6321845,22456535,2450,4601,875,0
2026-07-26 16:15:34,11304,33,1,2459,513,653,3897,33,-2899,1000,146,33804,6786353,23656811,2439,4569,875,0
2026-07-26 16:20:34,11151,34,1,2439,317,378,3879,34,-2939,1000,144,33804,7439338,24873829,2419,4575,875,0
2026-07-26 16:25:34,11010,35,1,2439,384,423,3888,35,-2977,1000,139,33804,8053948,26012933,2419,4552,875,0
2026-07-26 16:30:34,10818,36,1,2459,723,619,3910,37,-3027,1000,132,33804,8603800,27273807,2429,4549,875,0
2026-07-26 16:35:34,10592,38,1,2409,650,543,3915,38,-3087,1000,130,33804,8922646,28435275,2369,4563,875,0
2026-07-26 16:40:35,10380,39,1,2409,537,447,3915,40,-3142,1000,125,33804,9363431,29662558,2379,4562,875,0
2026-07-26 16:45:34,10200,41,1,2569,714,790,3936,41,-3190,1000,115,33804,9835210,30808940,2519,4565,875,0
2026-07-26 16:50:34,9990,42,1,2709,749,777,3937,42,-3245,1000,105,33804,10286876,32041214,2669,4575,875,0
2026-07-26 17:20:34,9928,43,1,2469,482,497,3915,43,-3261,1000,114,33804,10879539,32869481,2429,4613,874,0
2026-07-26 17:35:34,9454,46,1,3039,2362,2376,4066,46,-3386,1000,93,33804,11589978,35394985,2750,4465,2590,15
2026-07-26 17:40:34,8698,51,1,3309,2353,2374,4085,51,-3586,1000,78,33804,12227600,38962690,3039,4478,2500,15
2026-07-26 17:45:35,8115,54,0,3200,-178,-181,3966,54,-3739,1000,78,33804,12834004,41832470,3209,0,0,0
2026-07-26 17:50:34,7907,56,1,3039,741,712,4014,56,-3794,1000,82,33804,13188324,42980473,3000,4600,874,0
2026-07-26 18:10:34,8315,55,0,3119,-155,-128,3894,53,-3686,571,82,33805,14907316,43193509,3119,0,0,0
2026-07-26 18:15:34,8440,54,0,3139,-207,-327,3878,52,-3653,614,81,33805,15365901,43193509,3139,0,0,0
2026-07-26 18:25:34,8663,53,0,3039,-183,-106,3874,51,-3595,666,83,33805,16182524,43193509,3039,0,0,0
2026-07-26 18:41:14,8728,52,0,2850,-133,-73,3878,50,-3577,604,89,33806,16423269,43193509,2839,0,0,0
2026-07-26 19:15:34,8973,51,0,2789,-803,-837,3810,48,-3513,831,94,33805,17315527,43193509,2779,0,0,0
2026-07-26 19:20:34,9255,48,0,3009,-447,-497,3816,46,-3439,969,88,33805,18329004,43193509,3019,0,0,0
2026-07-26 19:30:34,9526,47,0,2909,-271,-195,3830,45,-3367,851,92,33806,19305497,43193509,2909,0,0,0
2026-07-26 19:35:34,9626,46,0,2839,-564,-377,3808,44,-3341,896,95,33807,19665398,43193509,2850,0,0,0
2026-07-26 19:40:34,9787,45,0,2869,-403,-316,3808,43,-3299,879,96,33804,20245939,43193509,2869,0,0,0
2026-07-26 19:45:34,9842,42,0,2950,-917,-580,3777,43,-3230,1171,93,33806,21166007,43193509,2950,0,0,0
2026-07-26 19:55:34,10380,41,0,2629,-33,-53,3819,40,-3185,808,113,33804,21779913,43193509,2639,0,0,0
2026-07-26 20:05:35,10480,40,0,2729,-254,-315,3785,38,-3116,933,112,33805,22712642,43193509,2729,0,0,0
2026-07-26 20:10:35,10672,38,0,2659,-13,-26,3812,37,-3105,867,118,33806,22865522,43193509,2659,0,0,0
2026-07-26 20:35:34,10772,37,0,2700,-91,-140,3804,37,-3069,702,119,33807,23346564,43193509,2700,0,0,0
2026-07-26 22:00:40,10879,36,0,3350,-22,-24,3809,36,-3002,523,97,33806,24275018,43193509,3350,0,0,0
2026-07-26 22:40:34,11059,35,0,3489,-70,-49,3803,35,-2959,459,97,33807,24862240,43193509,3489,0,0,0
2026-07-26 23:18:26,11272,34,0,3100,-225,-228,3789,34,-2917,384,114,33805,25436989,43193509,3100,0,0,0
2026-07-26 23:53:49,11283,33,0,3000,-23,-7,3800,34,-2896,391,119,33805,25722453,43193509,3000,0,0,0
2026-07-27 00:20:35,10951,35,1,3389,2706,2628,4000,35,-2992,1000,104,33804,26513336,45377114,3019,4650,2924,15
2026-07-27 00:25:34,10161,41,1,3600,2895,2766,4033,41,-3200,1000,83,33804,27461640,49319378,3209,4650,2924,15
2026-07-27 00:30:35,9271,47,1,3659,2640,2650,4063,47,-3434,1000,73,33804,28245135,53531076,3300,4695,2698,15
2026-07-27 00:35:35,8470,52,1,3750,2567,2576,4091,52,-3645,1000,68,33804,29043781,57439286,3409,4677,2758,15
2026-07-27 00:40:34,7629,58,1,3839,2663,2741,4138,57,-3867,1000,67,33804,29844258,61509852,3479,4648,2916,15
2026-07-27 00:45:35,6772,63,1,3869,2691,2736,4189,63,-4093,1000,96,33804,30575996,65645960,3500,4646,2929,15
2026-07-27 00:50:34,5994,69,1,3819,2499,2538,4231,68,-4297,1000,81,33804,31332036,69493353,3509,4660,2870,15
2026-07-27 00:55:34,5195,74,1,3850,2326,2209,4278,74,-4508,1000,72,33804,32137413,73526127,3539,4700,2687,15
2026-07-27 01:00:34,4560,78,1,3589,1669,1673,4298,78,-4675,1000,83,33804,32814081,76807295,3429,4884,1900,15
2026-07-27 01:05:34,4096,82,1,3469,1500,1504,4326,81,-4797,1000,91,33804,33501496,79383389,3350,4931,1715,15
2026-07-27 01:10:34,3599,85,1,3419,1500,1504,4371,85,-4928,1000,93,33804,34186694,82122186,3289,4897,1872,15
2026-07-27 01:15:35,3132,88,1,3379,1479,1481,4411,88,-5051,1000,96,33804,34817429,84704382,3250,4942,1657,15
2026-07-27 01:20:35,2745,91,1,3250,1104,1110,4418,90,-5153,1000,101,33804,35520146,87030804,3169,4983,1461,15
2026-07-27 01:25:35,2457,93,1,3159,812,815,4418,92,-5229,1000,103,33804,36106712,88823895,3109,5047,1176,15
2026-07-27 01:30:35,2232,95,1,3069,613,617,4418,94,-5288,1000,107,33804,36681448,90340378,3039,5096,973,15
2026-07-27 02:35:35,2970,94,0,2689,-68,-67,4281,90,-5094,789,124,33804,40924826,91600392,2679,0,0,0
2026-07-27 02:55:35,3129,93,0,2689,-64,-139,4272,88,-5071,803,122,38924,41280100,91600392,2689,0,0,0
2026-07-27 03:20:35,3251,92,0,2739,-62,-51,4268,88,-5039,775,117,38924,41776322,91600392,2739,0,0,0
2026-07-27 03:40:35,3348,91,0,2919,-64,-59,4261,87,-5013,792,109,38924,42166506,91600392,2919,0,0,0
2026-07-27 04:10:35,3489,90,0,2989,-164,-158,4244,86,-4976,769,106,38924,42735614,91600392,2989,0,0,0
2026-07-27 04:35:35,3612,89,0,3050,-64,-81,4239,85,-4944,737,104,38924,43228672,91600392,3050,0,0,0
2026-07-27 05:05:35,3753,88,0,3100,-63,-55,4230,84,-4907,672,101,38924,43793661,91600392,3100,0,0,0
2026-07-27 05:30:35,3906,87,0,3200,-77,-53,4217,83,-4866,563,98,38926,44405529,91600392,3200,0,0,0
2026-07-27 05:45:35,3987,86,0,3259,-73,-128,4209,82,-4845,573,96,38926,44730760,91600392,3259,0,0,0
2026-07-27 06:10:35,4118,85,0,3419,-275,-268,4190,81,-4810,567,91,38926,45251445,91600392,3409,0,0,0
2026-07-27 06:35:35,4248,84,0,3550,-66,-80,4191,80,-4776,570,84,38926,45768802,91600392,3550,0,0,0
2026-07-27 06:55:34,4365,83,0,3579,-116,-104,4179,79,-4745,517,82,38926,46232907,91600392,3579,0,0,0
2026-07-27 07:20:34,4516,82,0,3659,-66,-61,4171,78,-4706,495,79,38926,46830793,91600392,3659,0,0,0
2026-07-27 07:40:34,4630,81,0,3709,-77,-69,4161,77,-4676,475,79,38926,47278642,91600392,3709,0,0,0
2026-07-27 08:05:34,4776,80,0,3739,-116,-108,4150,76,-4637,472,78,38926,47856130,91600392,3739,0,0,0
2026-07-27 08:20:34,4920,79,0,3859,-72,-64,4141,75,-4599,479,75,38926,48419167,91600392,3859,0,0,0
2026-07-27 08:45:34,5060,78,0,3639,-243,-234,4122,75,-4562,455,77,38926,48970356,91600392,3639,0,0,0
2026-07-27 09:05:34,5209,77,0,3519,-69,-52,4119,74,-4523,465,77,38926,49553580,91600392,3519,0,0,0
2026-07-27 09:30:34,5371,76,0,3409,-176,-205,4095,73,-4480,469,81,38926,50183945,91600392,3389,0,0,0
2026-07-27 09:55:34,5521,75,0,3289,-246,-305,4083,72,-4441,445,87,38926,50766027,91600392,3289,0,0,0
2026-07-27 10:10:35,5668,74,0,3300,-961,-868,4039,71,-4402,507,88,38926,51331575,91600392,3289,0,0,0
2026-07-27 10:20:34,5886,72,0,3450,-1564,-1834,3946,68,-4345,741,87,38924,52156620,91600392,3369,0,0,0
2026-07-27 10:25:34,6270,69,0,3629,-1075,-1069,3961,66,-4244,801,86,38927,53605438,91600392,3609,0,0,0
2026-07-27 10:30:34,6518,68,0,3479,-344,-275,3990,65,-4178,839,96,38925,54539775,91600392,3479,0,0,0
2026-07-27 10:50:34,6778,66,0,2969,-854,-778,3925,63,-4110,852,118,38925,55514631,91600392,2950,0,0,0
2026-07-27 11:00:34,6912,65,0,3119,-40,-9,3979,62,-4075,1001,115,38925,56019464,91600392,3100,0,0,0
2026-07-27 11:05:34,7077,64,0,3350,-394,-363,3943,61,-4031,901,106,38924,56629865,91600392,3350,0,0,0
2026-07-27 11:10:34,7224,63,0,3459,-577,-468,3923,60,-3992,780,94,38924,57178902,91600392,3450,0,0,0
2026-07-27 11:15:34,7495,61,0,3650,-767,-772,3892,58,-3921,830,73,38926,58173348,91600392,3639,0,0,0
2026-07-27 11:20:34,7656,59,0,3359,-1713,-2916,3789,56,-3879,825,76,38924,58760819,91600392,3300,0,0,0
2026-07-27 11:40:34,7885,58,0,3019,-29,-59,3918,56,-3816,772,81,38924,59647972,91600392,3019,0,0,0
2026-07-27 11:50:34,8020,57,0,3100,-266,-200,3891,55,-3781,828,81,38915,60132111,91600392,3089,0,0,0
2026-07-27 11:55:34,8391,54,0,3500,-710,-937,3828,52,-3683,974,73,38913,61474908,91600392,3459,0,0,0
2026-07-27 12:05:34,8647,53,0,3350,-963,-880,3825,50,-3617,808,75,38914,62393144,91600392,3329,0,0,0
2026-07-27 12:10:34,8766,52,0,2989,-160,-173,3861,50,-3584,880,84,38912,62840379,91600392,3000,0,0,0
2026-07-27 12:15:34,8883,51,0,3100,-241,-213,3852,49,-3556,911,83,38913,63240985,91600392,3089,0,0,0
2026-07-27 12:20:35,8999,50,0,3189,-377,-292,3843,48,-3525,895,81,38912,63663057,91600392,3179,0,0,0
2026-07-27 12:30:34,9182,49,0,3169,-281,-255,3841,47,-3473,798,83,38912,64376836,91600392,3169,0,0,0
2026-07-27 12:35:34,9284,48,0,3179,-224,-191,3841,46,-3447,842,83,38912,64734861,91600392,3179,0,0,0
2026-07-27 12:45:34,9452,47,0,3009,-250,-191,3834,46,-3407,837,88,38915,65296285,91600392,3019,0,0,0
2026-07-27 12:50:34,9559,46,0,2950,-116,-127,3838,45,-3386,830,91,38913,65577111,91600392,2950,0,0,0
2026-07-27 12:55:34,9632,45,0,3000,-108,-103,3827,44,-3349,942,90,38913,66080025,91600392,3000,0,0,0
2026-07-27 13:05:34,9868,44,0,3100,-1854,-2934,3673,42,-3298,821,89,38912,66774200,91600392,3089,0,0,0
2026-07-27 13:10:35,10055,42,0,3279,-279,-259,3800,41,-3241,1031,86,38915,67543424,91600392,3279,0,0,0
2026-07-27 13:15:35,10219,41,0,3329,-533,-848,3762,39,-3205,849,88,38912,68030954,91600392,3309,0,0,0
2026-07-27 13:20:34,10352,40,0,3200,-310,-307,3787,39,-3171,916,93,38914,68507087,91600392,3200,0,0,0
2026-07-27 13:25:34,10492,39,0,3289,-851,-650,3751,37,-3133,904,93,38914,69008891,91600392,3269,0,0,0
2026-07-27 13:30:34,10712,38,0,3409,-741,-710,3750,36,-3073,952,94,38916,69823724,91600392,3400,0,0,0
2026-07-27 13:35:34,10894,36,0,3379,-1232,-1629,3701,35,-3027,904,99,38917,70444638,91600392,3350,0,0,0
2026-07-27 13:40:34,11062,35,0,3319,-184,-143,3777,34,-2980,965,104,38916,71071687,91600392,3319,0,0,0
2026-07-27 13:45:34,11198,34,0,3269,-183,-214,3777,34,-2963,872,109,38916,71310645,91600392,3269,0,0,0
2026-07-27 14:00:34,11417,33,0,3159,-152,-138,3771,32,-2889,807,114,38919,72310762,91600392,3159,0,0,0
2026-07-27 14:05:34,11504,32,0,3200,-1319,-1930,3672,31,-2867,694,113,38916,72608821,91600392,3159,0,0,0
2026-07-27 14:10:34,11607,31,0,3129,-295,-272,3755,31,-2838,792,113,38922,73002691,91600392,3119,0,0,0
2026-07-27 14:20:35,11895,29,0,2859,-31,-25,3773,29,-2808,712,122,38920,73394661,91600392,2859,0,0,0
2026-07-27 15:05:34,12046,28,0,2629,-29,-31,3770,28,-2763,642,136,38923,74010587,91600392,2629,0,0,0
2026-07-27 15:10:34,11430,32,1,3419,3573,3586,4061,32,-2885,1000,116,38920,74611191,93980219,2789,8600,2169,20
2026-07-27 15:15:35,10140,41,1,4009,3862,3870,4098,41,-3225,1000,75,38921,75401016,99773366,3289,8638,2065,20
2026-07-27 15:20:35,8949,49,1,4179,3773,3780,4133,49,-3538,1000,62,38921,76013633,105030353,3500,8663,2014,20
2026-07-27 15:25:35,7747,57,1,4319,3773,3780,4187,56,-3855,1000,58,38921,76620110,110379283,3650,8660,2048,20
2026-07-27 15:30:34,6725,64,1,3950,2755,2759,4194,63,-4124,1000,93,38921,77244064,115088004,3619,8750,1599,20
2026-07-27 15:35:34,5885,69,1,3829,2637,2643,4254,69,-4345,1000,80,38921,77699876,118918595,3479,8779,1443,20
2026-07-27 15:40:34,5069,75,1,3719,2230,2234,4298,75,-4560,1000,77,38921,78241860,122776681,3459,8817,1256,20
2026-07-27 15:45:34,4501,79,1,3550,1499,1503,4298,78,-4710,1000,83,38921,78825105,125684442,3419,8899,936,20
2026-07-27 15:50:35,4030,82,1,3489,1497,1501,4336,82,-4834,1000,90,38921,79266193,128053430,3369,4736,1600,15
2026-07-27 15:55:34,3565,85,1,3429,1484,1494,4378,85,-4956,1000,92,38921,79628739,130334039,3309,4737,1585,15
2026-07-27 16:00:34,3147,88,1,3369,1295,1298,4401,88,-5066,1000,96,38921,80045789,132496827,3269,4775,1410,15
2026-07-27 16:05:34,2769,91,1,3279,1060,1064,4418,90,-5166,1000,100,38921,80405087,134438350,3209,4846,1175,15
2026-07-27 16:10:34,2472,93,1,3209,783,788,4418,92,-5244,1000,101,38921,80833592,136113372,3159,4898,989,15
2026-07-27 16:15:34,2258,94,1,3050,581,584,4418,94,-5300,1000,108,38921,80976855,137156422,3029,5002,573,15
2026-07-27 16:20:34,2235,95,0,2909,0,1,4364,94,-5306,1000,114,38921,81279191,137551923,2909,5109,165,15
2026-07-28 09:55:34,2911,94,0,3469,-275,-190,4273,89,-5154,825,93,41995,126781693,180707181,3469,0,0,0
2026-07-28 10:00:34,3069,93,0,3519,-354,-332,4253,88,-5112,772,91,41992,127417938,180707181,3500,0,0,0
2026-07-28 10:05:34,3210,92,0,3369,-193,-162,4256,87,-5075,851,94,41995,127985311,180707181,3369,0,0,0
2026-07-28 10:10:34,3385,91,0,3439,-278,-267,4232,86,-5029,668,91,41993,128683333,180707181,3450,0,0,0
2026-07-28 10:15:35,3500,90,0,3439,-349,-213,4229,85,-4999,777,91,41993,129142161,180707181,3429,0,0,0
2026-07-28 10:20:35,3677,88,0,3559,-128,-132,4223,84,-4952,787,87,41992,129844708,180707181,3559,0,0,0
2026-07-28 10:25:34,3979,86,0,3789,-558,-389,4174,81,-4873,837,81,41994,131031243,180707181,3769,0,0,0
2026-07-28 10:35:34,4185,85,0,3579,-301,-254,4179,80,-4818,631,85,41993,131847831,180707181,3579,0,0,0
2026-07-28 10:40:34,4258,84,0,3379,-28,-22,4191,80,-4799,631,89,41993,132136887,180707181,3389,0,0,0
2026-07-28 11:20:34,4439,83,0,2969,-56,-45,4179,79,-4751,627,99,41995,132852055,180707181,2969,0,0,0
2026-07-28 11:40:34,4606,82,0,2929,-302,-160,4143,78,-4707,747,102,41993,133505535,180707181,2929,0,0,0
2026-07-28 11:45:35,4746,81,0,3029,-230,-104,4134,77,-4670,904,98,41992,134051128,180707181,3019,0,0,0
2026-07-28 11:50:34,4913,80,0,3139,-147,-324,4115,76,-4626,929,94,41992,134699445,180707181,3139,0,0,0
2026-07-28 11:55:34,5167,77,0,3359,-1569,-1801,3996,74,-4560,1063,83,41992,135663254,180707181,3319,0,0,0
2026-07-28 12:00:34,5476,75,0,3589,-353,-341,4051,71,-4478,910,79,41995,136850886,180707181,3539,0,0,0
2026-07-28 12:05:35,5819,72,0,3659,-396,-390,4025,69,-4388,1059,80,41993,138148795,180707181,3659,0,0,0
2026-07-28 12:15:34,6049,71,0,3269,-235,-219,4045,68,-4327,742,92,41992,139019744,180707181,3269,0,0,0
2026-07-28 12:35:34,6248,70,0,2969,-160,-88,4029,67,-4275,574,104,41993,139777858,180707181,2959,0,0,0
2026-07-28 12:40:34,6369,69,0,3050,-169,-148,4017,66,-4243,798,104,41994,140230802,180707181,3039,0,0,0
2026-07-28 13:00:35,6470,68,0,3069,-36,-27,4025,66,-4216,526,106,41993,140615842,180707181,3069,0,0,0
2026-07-28 13:10:35,6729,67,0,3129,-430,-448,3962,63,-4148,797,112,41993,141589007,180707181,3129,0,0,0
2026-07-28 13:15:34,6879,66,0,3239,-521,-521,3947,62,-4109,851,111,41994,142149252,180707181,3239,0,0,0
2026-07-28 13:20:34,7002,65,0,3279,-191,-146,3960,62,-4076,823,110,41993,142608233,180707181,3279,0,0,0
2026-07-28 13:25:34,7093,64,0,3139,-127,-128,3958,61,-4052,753,110,41995,142948765,180707181,3150,0,0,0
2026-07-28 13:35:34,7347,62,0,3079,-468,-475,3910,59,-3986,892,97,41992,143879313,180707181,3059,0,0,0
2026-07-28 13:40:34,7506,61,0,3169,-162,-133,3926,58,-3944,839,84,41992,144466356,180707181,3169,0,0,0
2026-07-28 13:50:34,7645,60,0,2950,-138,-141,3917,57,-3907,702,86,41994,144980660,180707181,2959,0,0,0
2026-07-28 13:55:34,7750,59,0,3100,-239,-227,3908,57,-3879,831,80,41993,145366536,180707181,3089,0,0,0
2026-07-28 14:00:34,7884,58,0,3289,-1219,-1114,3857,56,-3844,767,75,41993,145858387,180707181,3279,0,0,0
2026-07-28 14:05:34,8022,57,0,3379,-232,-187,3900,55,-3806,755,74,41994,146395679,180707181,3379,0,0,0
2026-07-28 14:10:34,8147,56,0,3450,-331,-304,3886,54,-3772,781,72,41997,146861204,180707181,3450,0,0,0
2026-07-28 14:20:34,8337,55,0,3419,-216,-194,3886,53,-3721,687,73,41998,147572169,180707181,3419,0,0,0
2026-07-28 14:25:34,8431,54,0,3379,-162,-116,3884,52,-3698,629,73,41996,147901169,180707181,3389,0,0,0
2026-07-28 14:35:34,8680,52,0,3479,-155,-283,3859,50,-3634,798,69,41998,148783784,180707181,3479,0,0,0
2026-07-28 14:40:35,8870,51,0,3600,-880,-881,3817,48,-3584,913,68,41997,149467871,180707181,3559,0,0,0
2026-07-28 14:45:34,9126,49,0,3689,-488,-455,3830,47,-3515,1056,67,41999,150413834,180707181,3689,0,0,0
2026-07-28 14:50:35,9262,48,0,3609,-683,-616,3822,46,-3481,784,70,41996,150885548,180707181,3589,0,0,0
2026-07-28 15:00:34,9349,47,0,3119,-34,-64,3851,46,-3444,747,83,41998,151387636,180707181,3119,0,0,0
2026-07-28 15:05:35,9499,46,0,3139,-2132,-2756,3690,44,-3419,843,84,41996,151725871,180707181,3089,0,0,0
2026-07-28 15:10:34,9649,45,0,3019,-263,-200,3821,44,-3378,1020,88,41996,152295112,180707181,3019,0,0,0
2026-07-28 15:30:35,9873,44,0,2929,-298,-108,3812,43,-3322,748,93,41999,153061205,180707181,2929,0,0,0
2026-07-28 15:40:34,9968,43,0,2909,-46,-30,3832,42,-3300,675,95,41997,153361279,180707181,2909,0,0,0
2026-07-28 15:55:34,10146,42,0,2939,-221,-197,3738,40,-3249,798,97,41996,154062426,180707181,2939,0,0,0
2026-07-28 16:05:34,10275,41,0,2989,-272,-238,3801,40,-3215,755,97,41999,154519656,180707181,2979,0,0,0
2026-07-28 16:15:34,10393,40,0,2900,-36,-57,3820,39,-3194,694,102,41998,154807371,180707181,2900,0,0,0
2026-07-28 16:35:34,10491,39,0,2929,-28,-29,3812,38,-3144,766,104,41997,155493435,180707181,2929,0,0,0
2026-07-28 16:45:35,10683,38,0,2950,-28,-29,3813,37,-3124,715,107,41996,155758619,180707181,2939,0,0,0
2026-07-28 17:05:34,10821,37,0,3000,-612,-454,3764,36,-3071,748,109,41997,156472641,180707181,2969,0,0,0
2026-07-28 17:10:34,10922,36,0,2950,-1064,-490,3753,36,-3041,793,112,41999,156879092,180707181,2959,0,0,0
2026-07-28 17:15:34,11062,35,0,3000,-836,-886,3723,34,-3007,806,118,41998,157330596,180707181,2919,0,0,0
2026-07-28 17:25:34,11259,34,0,2889,-298,-344,3774,34,-2958,836,124,41986,158003178,180707181,2889,0,0,0
2026-07-28 17:30:34,11375,33,0,2929,-39,-47,3786,33,-2950,784,123,41986,158109977,180707181,2929,0,0,0
2026-07-28 17:45:34,11716,29,0,3319,-2529,-3184,3552,28,-2835,859,103,41984,159627746,180707181,3239,0,0,0
2026-07-28 17:50:35,12002,27,0,3389,-293,-184,3732,28,-2753,988,97,41987,160699262,180707181,3389,0,0,0
2026-07-28 18:00:34,12418,25,0,3529,-671,-563,3711,25,-2646,930,93,41985,162126835,180707181,3529,0,0,0
2026-07-28 18:10:34,12672,24,0,3409,-319,-233,3723,24,-2585,874,95,41988,162932670,180707181,3409,0,0,0
2026-07-28 18:15:34,12773,23,0,3409,-165,-185,3723,23,-2559,843,94,41990,163291367,180707181,3409,0,0,0
2026-07-28 18:20:34,12864,22,0,3409,-141,-102,3722,22,-2533,745,94,41988,163629425,180707181,3400,0,0,0
2026-07-28 18:30:34,13105,21,0,3159,-30,-23,3733,21,-2497,756,105,41989,164116524,180707181,3159,0,0,0
2026-07-28 18:35:34,13172,20,0,3089,-28,-45,3731,21,-2486,688,109,41991,164259684,180707181,3089,0,0,0
2026-07-28 18:55:34,13201,19,0,3079,-48,-111,3724,20,-2454,670,110,41990,164690605,180707181,3079,0,0,0
2026-07-28 19:00:34,13415,18,0,3419,-1069,-994,3639,17,-2383,1092,98,41989,165610878,180707181,3369,0,0,0
2026-07-28 19:05:34,13676,16,0,3579,-312,-155,3676,16,-2310,1064,95,41988,166565114,180707181,3550,0,0,0
2026-07-28 19:10:34,13913,15,0,3579,-256,-224,3670,15,-2247,889,97,41995,167379709,180707181,3589,0,0,0
2026-07-28 19:15:34,14141,13,0,3539,-231,-190,3656,13,-2184,983,100,41992,168204196,180707181,3550,0,0,0
2026-07-28 19:20:34,14394,12,0,3239,-37,-24,3682,12,-2170,876,115,41995,168383814,180707181,3250,0,0,0
2026-07-28 19:25:34,14424,11,0,3139,-856,-1034,3598,11,-2144,860,122,41994,168714133,180707181,3139,0,0,0
2026-07-28 19:30:35,14500,10,0,3219,-46,-31,3669,12,-2090,957,119,41999,169421551,180707181,3219,0,0,0
2026-07-28 19:40:34,13413,19,1,4239,4072,4076,3992,19,-2388,1000,77,41999,171203231,186791445,3500,8590,2127,20
2026-07-28 19:55:35,13493,18,0,2769,-760,-708,3672,18,-2367,600,130,41997,172170224,187541638,2769,0,0,0
2026-07-28 20:00:34,13588,17,0,2889,-426,-1031,3667,18,-2342,582,125,41996,172503724,187541638,2889,0,0,0
2026-07-28 20:10:35,13759,16,0,2939,-221,-142,3700,17,-2297,602,127,41999,173100917,187541638,2939,0,0,0
2026-07-28 20:20:34,13991,15,0,3119,-260,-149,3676,14,-2236,736,123,41998,173910653,187541638,3089,0,0,0
2026-07-28 20:30:34,12732,23,1,4219,4136,4143,4033,23,-2567,1000,77,41999,175416293,193851523,3419,8597,2180,20
2026-07-28 20:35:35,12317,26,0,3129,-1153,-1154,3728,25,-2677,1000,109,41998,176061304,196121673,3119,0,0,0
2026-07-28 20:45:34,12475,25,0,2469,-30,-21,3784,25,-2635,214,144,41997,176629419,196121673,2479,0,0,0
2026-07-28 21:10:34,12608,24,0,2179,-44,-22,3771,24,-2600,292,179,41999,177102499,196121673,2179,0,0,0
2026-07-28 21:45:34,12812,22,0,2339,-472,-474,3702,22,-2546,662,164,41999,177820978,196121673,2300,0,0,0
2026-07-28 22:10:35,13017,21,0,2519,-63,-152,3740,22,-2492,518,139,41998,178539238,196121673,2519,0,0,0
2026-07-28 22:25:34,13133,20,0,2650,-36,-26,3742,21,-2462,536,133,41998,178951173,196121673,2639,0,0,0
2026-07-28 22:55:34,13299,19,0,2419,-33,-33,3735,20,-2418,656,156,41998,179536666,196121673,2400,0,0,0
2026-07-28 23:05:35,13450,18,0,2629,-45,-32,3729,18,-2378,762,138,41998,180060303,196121673,2629,0,0,0
2026-07-28 23:40:35,13614,17,0,2479,-219,-245,3697,18,-2335,582,154,41996,180636766,196121673,2469,0,0,0
2026-07-28 23:50:34,13732,16,0,2589,-370,-355,3683,17,-2304,649,148,41996,181051720,196121673,2589,0,0,0
2026-07-29 00:25:34,13887,15,0,2169,-26,-20,3709,16,-2263,521,212,41997,181595598,196121673,2169,0,0,0
2026-07-29 00:40:34,14128,14,0,2619,-566,-657,3617,13,-2235,636,165,47134,181956248,196121673,2529,0,0,0
2026-07-29 00:45:34,14282,12,0,2559,-2128,-2196,3435,12,-2195,694,180,47134,182469430,196121673,2450,0,0,0
2026-07-29 00:50:35,14525,10,0,2500,-779,-767,3553,10,-2131,953,184,47134,183291705,196121673,2479,0,0,0
2026-07-29 00:55:34,14791,8,0,2659,-1257,-3050,3397,8,-2061,1072,177,47121,184180066,196121673,2619,0,0,0
2026-07-29 01:25:34,15065,7,0,2559,-97,-110,3660,7,-1990,691,202,47124,185094061,196121673,2550,0,0,0
2026-07-29 01:35:34,14735,10,1,3750,4147,4177,3995,10,-2076,1000,108,47124,185685288,197949361,2929,8571,2181,20
2026-07-29 01:40:34,13551,18,1,4159,4146,4150,4022,18,-2387,1000,82,47124,186633067,203377909,3350,8608,2179,20
2026-07-29 01:45:34,12373,26,1,4109,3647,3752,4030,26,-2697,1000,81,47124,187720310,208950669,3450,8614,2179,20
2026-07-29 01:50:34,11247,33,1,4489,3838,3838,4043,33,-2993,1000,78,47124,189010678,214567287,3829,8621,2178,20
2026-07-29 01:55:34,10036,41,1,4809,3778,3785,4068,41,-3312,1000,55,47125,190038429,220243487,4129,8664,2004,20
2026-07-29 02:00:34,8845,49,1,4859,3660,3679,4107,49,-3625,1000,48,47125,190752482,225570896,4229,8639,2108,20
2026-07-29 02:05:34,7796,56,1,4879,3632,3639,4157,56,-3900,1000,49,47125,191405906,230319324,4259,8680,1946,20
2026-07-29 02:10:34,6675,64,1,4689,2959,2965,4198,63,-4196,1000,77,47125,191928158,235291952,4250,8751,1587,20
2026-07-29 02:15:34,5828,69,1,4479,2635,2642,4243,69,-4418,1000,66,47125,192373049,239128197,4129,8776,1416,20
2026-07-29 02:20:34,4996,75,1,4389,2341,2343,4298,75,-4637,1000,65,47125,192854845,242982639,4100,8796,1305,20
2026-07-29 02:25:35,4404,79,1,4179,1499,1503,4299,79,-4793,1000,68,47125,193407780,245945399,4050,8861,1061,20
2026-07-29 02:30:34,4315,80,0,3950,0,1,4217,79,-4816,1000,73,47125,193836708,246735753,3950,5131,94,15
2026-07-29 03:10:34,4029,82,1,3809,1502,1506,4327,81,-4891,1000,82,47125,195020192,249093789,3669,4746,1505,15
2026-07-29 03:15:34,3899,83,0,3650,0,2,4249,82,-4925,1000,84,47125,195143445,249750995,3650,5137,50,15
2026-07-29 03:35:34,3585,85,1,3809,1500,1505,4367,84,-5008,1000,82,47125,195647399,251546212,3669,4753,1469,15
2026-07-29 03:40:34,3465,86,0,3650,0,2,4283,85,-5040,1000,85,47125,195754034,252157426,3650,5137,49,15
2026-07-29 03:55:34,2959,89,0,3700,0,2,4339,89,-5173,1000,85,47125,196226396,254731604,3689,5109,164,15
2026-07-29 04:10:34,2877,90,1,3739,1429,1431,4404,89,-5194,1000,85,47125,196510584,255348939,3629,4755,1436,15
2026-07-29 04:15:34,2518,92,1,3739,918,921,4418,92,-5289,1000,83,47125,196693853,257040996,3679,4903,928,15
2026-07-29 04:20:35,2269,94,1,3709,660,663,4418,93,-5354,1000,84,47125,196788475,258181122,3669,4971,633,15
2026-07-29 04:25:34,2137,95,0,3619,0,2,4382,94,-5389,1000,85,47125,196880091,258827058,3619,5139,48,15
2026-07-29 11:55:34,2936,94,0,3609,-528,-352,4259,89,-5146,915,89,35877,212160562,270354585,3589,0,0,0
2026-07-29 12:00:35,3113,92,0,3600,-417,-354,4246,87,-5100,898,87,35879,212869759,270354585,3600,0,0,0
2026-07-29 12:05:35,3352,91,0,3669,-341,-319,4230,86,-5037,856,84,35876,213817180,270354585,3669,0,0,0
2026-07-29 12:10:35,3542,89,0,3659,-656,-581,4203,85,-4987,910,85,35879,214570349,270354585,3659,0,0,0
2026-07-29 12:35:35,3853,87,0,3219,-503,-744,4166,83,-4906,910,97,35878,215797926,270354585,3219,0,0,0
2026-07-29 12:40:35,3986,86,0,3159,-159,-175,4194,82,-4871,853,99,35876,216317269,270354585,3169,0,0,0
2026-07-29 12:45:34,4173,85,0,3259,-351,-339,4168,81,-4822,927,95,35876,217043593,270354585,3250,0,0,0
2026-07-29 12:50:34,4336,84,0,3319,-40,-22,4175,80,-4779,947,89,35878,217674258,270354585,3319,0,0,0
2026-07-29 13:00:35,4565,82,0,3369,-1073,-998,4089,78,-4719,878,88,35877,218564988,270354585,3339,0,0,0
2026-07-29 13:05:35,4668,81,0,3279,-435,-490,4122,77,-4693,785,90,35878,218962763,270354585,3289,0,0,0
2026-07-29 13:10:34,4928,79,0,3519,-202,-173,4104,75,-4624,844,83,35879,219960421,270354585,3509,0,0,0
2026-07-29 13:35:34,5527,75,0,3069,-1817,-1941,3935,71,-4468,1289,93,35879,222225987,270354585,3079,0,0,0
2026-07-29 13:45:34,5840,73,0,2859,-165,-170,4037,70,-4386,1269,103,35879,223396684,270354585,2859,0,0,0
2026-07-29 13:50:35,6032,72,0,3000,-440,-416,4012,68,-4335,1292,100,35879,224114797,270354585,2989,0,0,0
2026-07-29 13:55:35,6219,70,0,3139,-196,-136,4017,67,-4286,1033,98,35876,224814045,270354585,3129,0,0,0
2026-07-29 14:05:34,6394,69,0,3139,-1388,-272,3999,66,-4241,805,103,35877,225472340,270354585,3109,0,0,0
2026-07-29 14:10:34,6625,67,0,3089,-196,-143,3979,64,-4180,1035,110,35876,226329624,270354585,3089,0,0,0
2026-07-29 14:20:34,6819,66,0,3159,-193,-188,3969,63,-4129,670,112,35877,227055432,270354585,3169,0,0,0
2026-07-29 14:25:35,6914,65,0,3150,-193,-142,3962,62,-4104,817,114,35877,227410422,270354585,3139,0,0,0
2026-07-29 14:35:34,7145,63,0,3319,-250,-232,3933,60,-4044,743,102,35879,228259897,270354585,3319,0,0,0
2026-07-29 14:50:35,7333,62,0,2959,-36,-22,3950,60,-3995,729,101,35878,228951935,270354585,2959,0,0,0
2026-07-29 15:00:34,7482,61,0,3089,-184,-168,3928,59,-3956,697,88,35878,229501572,270354585,3079,0,0,0
2026-07-29 15:05:34,7596,60,0,3279,-253,-193,3920,58,-3926,783,78,35876,229922048,270354585,3269,0,0,0
2026-07-29 15:10:34,7748,59,0,3400,-202,-183,3911,56,-3886,782,73,35876,230481214,270354585,3389,0,0,0
2026-07-29 15:15:35,7889,58,0,3439,-410,-545,3891,56,-3849,708,71,35878,230998359,270354585,3439,0,0,0
2026-07-29 15:20:35,8048,56,0,3550,-195,-160,3894,54,-3799,825,68,35878,231699724,270354585,3550,0,0,0
2026-07-29 15:25:34,8208,55,0,3550,-371,-328,3879,53,-3752,854,70,35879,232352470,270354585,3550,0,0,0
2026-07-29 15:35:34,8443,53,0,3529,-256,-234,3873,52,-3678,858,68,35881,233374522,270354585,3529,0,0,0
2026-07-29 15:40:34,8945,50,0,3909,-285,-163,3833,47,-3571,1028,61,35880,234834669,270354585,3819,0,0,0
2026-07-29 15:45:34,9165,49,0,3800,-959,-1006,3808,47,-3511,885,64,35886,235657368,270354585,3789,0,0,0
2026-07-29 15:50:35,9388,47,0,3800,-731,-828,3806,45,-3453,898,64,35884,236449303,270354585,3789,0,0,0
2026-07-29 15:55:34,9530,45,0,3709,-176,-152,3831,45,-3404,1074,66,35884,237119885,270354585,3719,0,0,0
2026-07-29 16:00:34,9850,44,0,3750,-413,-400,3802,42,-3328,1084,67,35887,238151324,270354585,3759,0,0,0
2026-07-29 16:05:34,10050,42,0,3700,-439,-158,3810,41,-3285,854,72,35887,238736517,270354585,3669,0,0,0
2026-07-29 16:10:34,10262,41,0,3629,-1222,-351,3793,39,-3224,949,75,35887,239560765,270354585,3650,0,0,0
2026-07-29 16:15:34,10690,37,0,3789,-1478,-1458,3712,36,-3114,1009,79,35887,241021676,270354585,3769,0,0,0
2026-07-29 16:20:34,11083,34,0,3879,-389,-352,3751,34,-3009,1004,82,35872,242437159,270354585,3889,0,0,0
2026-07-29 16:25:34,11390,32,0,3929,-173,-251,3745,31,-2930,874,84,35874,243485023,270354585,3909,0,0,0
2026-07-29 16:35:34,11865,29,0,3829,-358,-366,3724,28,-2806,896,79,35879,245138219,270354585,3789,0,0,0
2026-07-29 16:45:34,12135,27,0,3619,-198,-185,3740,27,-2727,999,85,35877,246188057,270354585,3619,0,0,0
2026-07-29 16:50:35,12338,26,0,3639,-117,-91,3736,25,-2681,880,84,35882,246807724,270354585,3639,0,0,0
2026-07-29 16:55:34,12637,24,0,3779,-570,-1007,3680,23,-2600,915,78,35884,247870294,270354585,3759,0,0,0
2026-07-29 17:00:34,12944,21,0,3889,-1036,-1187,3662,21,-2514,996,72,35887,249003836,270354585,3869,0,0,0
2026-07-29 17:05:34,13100,20,0,3600,-294,-240,3710,21,-2467,983,81,35886,249624427,270354585,3609,0,0,0
2026-07-29 17:10:34,13280,19,0,3419,-213,-193,3711,20,-2446,822,90,35884,249903451,270354585,3419,0,0,0
2026-07-29 17:20:35,13456,18,0,3300,-338,-381,3697,19,-2399,860,96,35884,250535828,270354585,3300,0,0,0
2026-07-29 17:30:35,13624,17,0,3229,-319,-352,3689,17,-2355,824,102,35884,251120099,270354585,3229,0,0,0
2026-07-29 17:40:34,13822,16,0,3279,-281,-300,3681,16,-2296,905,104,35884,251893018,270354585,3279,0,0,0
2026-07-29 17:45:35,13939,15,0,3269,-229,-261,3677,15,-2273,808,106,35887,252200075,270354585,3269,0,0,0
2026-07-29 17:50:35,14079,14,0,3379,-753,-740,3635,14,-2224,959,102,35873,252846922,270354585,3379,0,0,0
2026-07-29 17:55:34,14223,13,0,3359,-287,-164,3668,13,-2197,926,103,35874,253204319,270354585,3359,0,0,0
2026-07-29 18:00:34,14413,12,0,3359,-287,-182,3662,12,-2172,901,103,35874,253531401,270354585,3359,0,0,0
2026-07-29 18:05:35,14574,11,0,3369,-171,-162,3662,11,-2141,786,103,35873,253932533,270354585,3369,0,0,0
2026-07-29 18:10:35,14679,10,0,3389,-337,-267,3650,10,-2107,789,103,35872,254375801,270354585,3379,0,0,0
2026-07-29 18:15:34,14880,9,0,3350,-316,-373,3647,8,-2086,832,110,35875,254660796,270354585,3350,0,0,0
2026-07-29 18:20:34,14932,8,0,3339,-552,-555,3625,7,-2053,901,113,35875,255085045,270354585,3329,0,0,0
2026-07-29 18:25:35,15044,7,0,3419,-410,-395,3625,6,-2005,985,112,35873,255717187,270354585,3409,0,0,0
2026-07-29 18:30:34,15177,6,0,3369,-161,-142,3639,6,-1970,830,124,35874,256165035,270354585,3369,0,0,0
2026-07-29 18:35:34,15311,5,0,3339,-309,-224,3631,5,-1938,852,134,35875,256587746,270354585,3329,0,0,0
2026-07-29 18:50:34,15479,4,0,3329,-349,-342,3599,4,-1866,789,148,35875,257524628,270354585,3329,0,0,0
2026-07-29 19:05:36,15722,3,0,3359,-80,-48,3544,3,-1790,667,205,35872,258496912,270354585,3369,0,0,0
2026-07-29 19:10:34,15046,8,1,4029,3935,3971,3949,8,-1976,1000,94,35872,258983722,273445271,3259,8608,2129,20
2026-07-29 19:15:34,13776,16,1,4300,4005,3961,3995,17,-2308,1000,75,35873,259749806,278998963,3529,8612,2131,20
2026-07-29 19:20:34,12434,25,1,4539,4134,4146,4032,25,-2660,1000,67,35873,260408360,284740617,3739,8624,2129,20
2026-07-29 19:25:41,11163,34,1,4689,4132,4145,4058,34,-2992,1000,71,35873,260925768,290086918,3900,8629,2128,20
2026-07-29 19:30:34,9879,42,1,4819,4086,4031,4090,42,-3328,1000,53,35873,261443883,295553416,4029,8637,2129,20
2026-07-29 19:35:35,9565,45,0,3700,-198,-230,3883,44,-3411,1000,67,35872,261955048,297291941,3719,0,0,0
2026-07-29 20:05:35,9864,44,0,2929,-184,-185,3838,43,-3332,485,90,35873,263037872,297291941,2929,0,0,0
2026-07-29 20:15:34,9970,43,0,2929,-19,-10,3844,42,-3305,505,92,35873,263418559,297291941,2929,0,0,0
2026-07-29 20:20:34,10130,42,0,3100,-688,-802,3782,40,-3263,656,90,35873,263989125,297291941,3079,0,0,0
2026-07-29 20:25:34,10351,40,0,3319,-398,-379,3798,39,-3205,701,86,35873,264778555,297291941,3309,0,0,0
2026-07-29 20:30:34,10502,39,0,3279,-586,-543,3788,38,-3165,657,90,35874,265317401,297291941,3279,0,0,0
2026-07-29 20:35:34,10735,37,0,3439,-718,-1432,3740,36,-3104,706,89,35874,266146149,297291941,3429,0,0,0
2026-07-29 20:40:35,11001,35,0,3559,-751,-764,3750,34,-3035,614,92,35873,267088780,297291941,3500,0,0,0
2026-07-29 20:45:34,11209,34,0,3500,-936,-834,3751,33,-2980,685,96,35874,267823992,297291941,3489,0,0,0
2026-07-29 20:50:34,11423,32,0,3309,-791,-844,3734,31,-2924,620,104,35875,268580170,297291941,3289,0,0,0
2026-07-29 20:55:35,11635,31,0,3250,-385,-422,3754,30,-2869,686,101,35872,269329016,297291941,3250,0,0,0
2026-07-29 21:00:34,11773,30,0,3200,-295,-187,3767,30,-2833,611,101,35873,269819995,297291941,3200,0,0,0
2026-07-29 21:05:35,11900,29,0,3289,-260,-232,3761,29,-2799,619,97,35875,270267509,297291941,3289,0,0,0
2026-07-29 21:15:34,12056,28,0,3109,-214,-200,3755,28,-2759,595,105,35875,270817477,297291941,3100,0,0,0
2026-07-29 21:25:34,12287,27,0,3369,-317,-234,3741,26,-2698,725,94,35872,271632969,297291941,3359,0,0,0
2026-07-29 21:30:34,12342,26,0,3250,-54,-51,3754,26,-2684,654,98,35875,271825875,297291941,3259,0,0,0
2026-07-29 21:55:34,12476,25,0,2989,-404,-420,3724,25,-2649,732,110,35875,272300978,297291941,2979,0,0,0
2026-07-29 22:05:34,12631,24,0,3329,-36,-27,3745,24,-2608,640,93,35874,272841979,297291941,3329,0,0,0
2026-07-29 22:15:35,12726,23,0,3379,-1199,-864,3696,23,-2583,727,91,35875,273175553,297291941,3379,0,0,0
2026-07-29 22:20:34,12876,22,0,3350,-367,-205,3724,22,-2544,731,91,35872,273700004,297291941,3350,0,0,0
2026-07-29 22:30:34,13057,21,0,3329,-112,-108,3726,21,-2496,717,92,35874,274334456,297291941,3319,0,0,0
2026-07-29 22:35:34,13130,20,0,3319,-292,-187,3720,21,-2478,692,93,35874,274587822,297291941,3319,0,0,0
2026-07-29 22:45:34,13322,19,0,3479,-289,-329,3699,19,-2409,805,88,35874,275505007,297291941,3479,0,0,0
2026-07-29 22:50:34,13404,18,0,3500,-179,-191,3705,19,-2374,908,88,35872,275967255,297291941,3500,0,0,0
2026-07-29 22:55:34,13588,17,0,3419,-236,-198,3702,18,-2352,737,93,35872,276251693,297291941,3419,0,0,0
2026-07-29 23:05:35,13786,16,0,3400,-405,-305,3688,16,-2309,745,97,35875,276832338,297291941,3389,0,0,0
2026-07-29 23:15:35,13976,15,0,3429,-535,-573,3665,15,-2254,726,99,35872,277561630,297291941,3429,0,0,0
2026-07-29 23:20:34,14073,14,0,3400,-288,-389,3670,14,-2230,805,101,35872,277874238,297291941,3400,0,0,0
2026-07-29 23:25:34,14196,13,0,3329,-229,-143,3673,13,-2207,720,105,35873,278186969,297291941,3319,0,0,0
2026-07-29 23:35:35,14423,12,0,3389,-609,-584,3629,11,-2120,912,101,35877,279314132,297291941,3379,0,0,0
2026-07-29 23:40:34,14577,11,0,3409,-128,-118,3661,11,-2079,1104,100,35881,279853011,297291941,3409,0,0,0
2026-07-29 23:45:34,14931,8,0,3379,-179,-218,3656,8,-2055,899,108,35882,280165380,297291941,3389,0,0,0
2026-07-29 23:50:34,15063,7,0,3359,-219,-176,3654,7,-2031,850,115,35883,280492846,297291941,3350,0,0,0
2026-07-30 00:00:34,15173,6,0,3419,-1163,-881,3580,5,-1969,904,120,35882,281297517,297291941,3389,0,0,0
2026-07-30 00:05:34,15294,5,0,3419,-370,-488,3618,5,-1929,959,126,35883,281818725,297291941,3419,0,0,0
2026-07-30 00:15:35,15510,4,0,3479,-530,-402,3575,3,-1844,1058,141,35874,282914661,297291941,3469,0,0,0
2026-07-30 00:20:34,15666,3,0,3489,-482,-489,3504,2,-1795,997,178,35879,283536908,297291941,3479,0,0,0
2026-07-30 00:25:34,15759,2,0,3400,-91,-124,3544,2,-1783,808,221,35878,283697813,297291941,3400,0,0,0
2026-07-30 00:40:34,15709,3,1,4169,4035,3978,3860,3,-1802,1000,165,35876,284768577,298711095,3419,8574,2181,20
2026-07-30 00:45:35,14453,12,1,4369,4026,4089,3958,12,-2131,1000,71,35877,285738961,304313941,3659,8603,2179,20
2026-07-30 00:50:34,13292,19,0,4650,2974,-241,3861,20,-2435,1000,61,35877,286710575,309646878,3879,0,0,0
2026-07-30 01:00:34,13507,18,0,3350,-178,-183,3733,18,-2379,131,95,35876,287470340,309646878,3350,0,0,0
2026-07-30 01:05:34,13635,17,0,3359,-150,-135,3722,17,-2345,385,96,35876,287916182,309646878,3359,0,0,0
2026-07-30 01:15:35,13771,16,0,3269,-525,-425,3690,17,-2310,417,103,35877,288395063,309646878,3269,0,0,0
2026-07-30 01:20:34,13922,15,0,3339,-643,-812,3659,15,-2270,621,103,35877,288916590,309646878,3319,0,0,0
2026-07-30 01:25:34,14043,14,0,3350,-213,-206,3687,14,-2238,608,103,35878,289338021,309646878,3350,0,0,0
2026-07-30 01:50:40,14174,13,0,3369,-16,-16,3697,14,-2204,576,102,35879,289793280,309646878,3359,0,0,0
2026-07-30 02:30:34,14330,12,0,3389,-82,-67,3685,13,-2163,555,100,35879,290331793,309646878,3389,0,0,0
2026-07-30 03:05:34,14468,11,0,3409,-63,-17,3685,12,-2127,558,99,35879,290813292,309646878,3409,0,0,0
2026-07-30 03:45:38,14623,10,0,3500,-15,-7,3684,11,-2087,569,95,35879,291349037,309646878,3500,0,0,0
2026-07-30 04:10:35,14755,9,0,3539,-56,-34,3680,9,-2052,636,93,35878,291803329,309646878,3529,0,0,0
2026-07-30 04:30:38,14907,8,0,3559,-76,-103,3674,8,-2012,642,96,35876,292332113,309646878,3550,0,0,0
2026-07-30 05:05:43,15083,7,0,3619,-932,-1263,3616,7,-1966,586,100,35878,292940407,309646878,3609,0,0,0
2026-07-30 05:15:35,13928,15,1,4509,4195,4205,3979,16,-2269,1000,71,35879,293905184,314911120,3709,8588,2180,20
2026-07-30 05:20:35,12590,24,1,4709,4038,4017,4015,24,-2619,1000,61,35879,294634964,320689067,3919,8605,2181,20
2026-07-30 05:25:35,11312,33,1,4859,3904,3955,4039,33,-2953,1000,68,35879,295318196,326228962,4100,8619,2178,20
2026-07-30 05:30:35,10087,41,1,4809,3568,3574,4051,41,-3274,1000,54,35879,295930273,331534656,4200,8697,1849,20
2026-07-30 05:35:41,9046,48,1,4659,2997,3001,4061,48,-3547,1000,49,35879,296468633,336055776,4229,8765,1546,20
2026-07-30 05:40:35,8055,54,1,4679,3081,3086,4109,54,-3806,1000,50,35879,296961949,340351979,4219,8751,1613,20
2026-07-30 05:45:37,7124,61,1,4639,2873,2881,4152,60,-4050,1000,76,35879,297468798,344502193,4239,8764,1561,20
2026-07-30 05:50:34,6174,67,1,4489,2633,2638,4206,67,-4298,1000,69,35879,297921895,348496298,4150,8796,1387,20
2026-07-30 05:55:34,5342,73,1,4469,2632,2637,4269,72,-4516,1000,61,35879,298606554,352713045,4119,8778,1426,20
2026-07-30 06:00:38,4581,78,1,4300,1945,1953,4298,77,-4715,1000,67,35879,299134401,356334415,4089,8865,1115,20
2026-07-30 06:05:34,4342,80,0,3759,-109,-182,4198,79,-4778,1000,77,35877,299633303,357812232,3779,0,0,0
2026-07-30 07:10:35,4994,79,0,3269,-375,-405,4111,75,-4607,700,88,35879,302167775,357812232,3279,0,0,0
2026-07-30 07:15:35,5150,78,0,3289,-286,-256,4104,74,-4566,648,84,35876,302771183,357812232,3309,0,0,0
2026-07-30 07:20:35,5337,77,0,2950,-643,-559,4068,73,-4517,767,93,35879,303486793,357812232,2959,0,0,0
2026-07-30 07:25:34,5626,74,0,3329,-1303,-1436,3985,71,-4442,939,88,35879,304575860,357812232,3279,0,0,0
2026-07-30 07:30:35,5807,73,0,3409,-181,-165,4062,70,-4394,650,86,35879,305263554,357812232,3419,0,0,0
2026-07-30 07:35:35,5924,72,0,3400,-1200,-589,4033,69,-4364,645,88,35879,305709230,357812232,3409,0,0,0
2026-07-30 07:40:35,6085,71,0,3419,-297,-252,4039,68,-4322,661,89,35879,306322519,357812232,3419,0,0,0
2026-07-30 07:45:35,6219,70,0,3409,-534,-799,4003,67,-4287,637,90,35879,306829269,357812232,3409,0,0,0
2026-07-30 07:50:35,6342,69,0,3419,-360,-324,4016,66,-4254,643,93,35876,307295401,357812232,3419,0,0,0
2026-07-30 07:55:34,6527,68,0,3489,-270,-261,3998,65,-4206,845,96,35877,307986082,357812232,3479,0,0,0
2026-07-30 08:00:34,6622,67,0,3419,-399,-544,3986,64,-4181,650,101,35878,308342133,357812232,3419,0,0,0
2026-07-30 08:10:35,6795,66,0,3400,-154,-135,3982,63,-4136,741,105,35879,308994492,357812232,3400,0,0,0
2026-07-30 08:15:35,6894,65,0,3409,-433,-264,3967,62,-4110,724,106,35878,309362403,357812232,3400,0,0,0
2026-07-30 08:25:35,7140,64,0,3500,-345,-342,3948,61,-4045,743,98,35879,310280202,357812232,3500,0,0,0
2026-07-30 08:30:35,7227,63,0,3469,-246,-190,3947,60,-4023,609,93,35879,310600751,357812232,3479,0,0,0
2026-07-30 08:35:35,7327,62,0,3459,-302,-1270,3896,59,-3996,617,87,35879,310972072,357812232,3459,0,0,0
2026-07-30 08:45:35,7510,61,0,3429,-224,-197,3930,58,-3949,591,77,35879,311648905,357812232,3429,0,0,0
2026-07-30 08:50:35,7633,60,0,3369,-179,-166,3924,57,-3917,687,75,35876,312102619,357812232,3369,0,0,0
2026-07-30 09:00:35,7806,59,0,3329,-317,-344,3906,56,-3871,613,74,35878,312742222,357812232,3329,0,0,0
2026-07-30 09:05:35,7885,58,0,3269,-161,-171,3912,56,-3850,598,75,35878,313035103,357812232,3279,0,0,0
2026-07-30 09:20:35,7993,57,0,3000,-183,-1872,3816,55,-3799,781,82,35877,313754738,357812232,3000,0,0,0
2026-07-30 09:25:35,8141,56,0,3239,-518,-472,3875,54,-3767,799,76,35879,314199403,357812232,3229,0,0,0
2026-07-30 09:35:35,8408,54,0,3469,-656,-767,3845,52,-3693,919,70,35878,315228225,357812232,3450,0,0,0
2026-07-30 09:40:35,8492,52,0,3679,-603,-741,3840,51,-3618,1160,65,35877,316262281,357812232,3679,0,0,0
2026-07-30 09:45:40,8873,51,0,3459,-15,-11,3870,49,-3568,1005,69,35882,316945779,357812232,3469,0,0,0
2026-07-30 09:50:37,8976,49,0,3269,-17,-29,3865,49,-3540,801,75,35882,317327786,357812232,3269,0,0,0
2026-07-30 10:15:34,9296,48,0,2869,-1583,-1919,3749,46,-3482,948,90,35883,318115461,357812232,2850,0,0,0
2026-07-30 10:25:35,9431,47,0,2850,-67,-30,3851,46,-3449,777,90,35883,318568386,357812232,2850,0,0,0
2026-07-30 10:35:34,9446,46,0,2919,-83,-64,3844,45,-3421,750,87,35883,318958456,357812232,2919,0,0,0
2026-07-30 11:05:35,9620,45,0,2859,-15,-8,3844,44,-3367,796,91,35880,319704627,357812232,2859,0,0,0
2026-07-30 11:30:35,9951,43,0,3019,-737,-298,3804,41,-3322,787,91,35882,320314613,357812232,2950,0,0,0
2026-07-30 11:35:34,10199,41,0,3359,-484,-927,3757,39,-3231,1029,83,35883,321533522,357812232,3329,0,0,0
2026-07-30 11:40:35,10448,39,0,3259,-649,-754,3752,38,-3163,1149,89,35881,322444024,357812232,3259,0,0,0
2026-07-30 11:45:34,10664,38,0,3059,-448,-602,3765,37,-3129,1039,100,35885,322915316,357812232,3069,0,0,0
2026-07-30 11:50:35,10798,37,0,2919,-56,-24,3805,37,-3111,773,106,35887,323153180,357812232,2919,0,0,0
2026-07-30 12:00:35,10907,36,0,2779,-29,-57,3808,36,-3101,642,115,35885,323290227,357812232,2779,0,0,0
2026-07-30 12:10:34,10980,34,0,3209,-936,-1369,3694,34,-3023,1168,102,35885,324310230,357812232,3189,0,0,0
2026-07-30 12:15:34,11372,32,0,3750,-1761,-2213,3648,31,-2901,1039,89,35874,325917885,357812232,3669,0,0,0
2026-07-30 12:20:35,11715,29,0,3859,-1028,-826,3703,29,-2790,1099,78,35878,327391813,357812232,3850,0,0,0
2026-07-30 12:25:35,12145,27,0,3939,-767,-444,3710,26,-2697,1137,73,35885,328616798,357812232,3909,0,0,0
2026-07-30 12:30:35,12523,24,0,3779,-894,-681,3687,24,-2614,1027,76,35885,329713309,357812232,3769,0,0,0
2026-07-30 12:35:34,12652,22,0,3700,-1569,-3341,3584,23,-2537,1216,77,35884,330720983,357812232,3709,0,0,0
2026-07-30 12:40:35,13021,21,0,3479,-250,-362,3718,21,-2504,954,83,35886,331169995,357812232,3489,0,0,0
2026-07-30 12:45:35,13263,19,0,3469,-2098,-2215,3594,19,-2467,844,87,35886,331643089,357812232,3429,0,0,0
2026-07-30 12:55:34,13576,17,0,3309,-893,-884,3641,17,-2385,903,96,35874,332732249,357812232,3279,0,0,0
2026-07-30 13:00:35,13572,15,0,3389,-157,-150,3693,18,-2317,1158,91,35877,333617641,357812232,3400,0,0,0
2026-07-30 13:05:35,13989,14,0,3419,-2190,-1089,3583,14,-2280,721,101,35878,334093364,357812232,3289,0,0,0
2026-07-30 13:10:35,14180,12,0,3479,-553,-474,3618,12,-2197,1165,96,35876,335159134,357812232,3400,0,0,0
2026-07-30 13:15:35,14464,11,0,3159,-79,-95,3676,12,-2166,942,108,35879,335567138,357812232,3169,0,0,0
2026-07-30 13:20:34,15046,7,0,2929,-1877,-866,3595,7,-2160,714,142,35878,335634806,357812232,2929,0,0,0
2026-07-30 13:45:35,15215,6,0,2959,-304,-195,3642,6,-2046,762,152,35876,337130035,357812232,2959,0,0,0
2026-07-30 14:00:35,15362,5,0,3089,-249,-212,3628,5,-1953,1022,147,35879,338336154,357812232,3089,0,0,0
2026-07-30 14:20:35,15496,4,0,3319,-155,-114,3615,4,-1858,827,145,35879,339573260,357812232,3319,0,0,0
2026-07-30 14:30:34,15665,3,0,3379,-346,-361,3548,3,-1805,699,180,35877,340255678,357812232,3379,0,0,0
2026-07-30 14:40:34,15807,2,0,3250,-211,-155,3496,2,-1761,661,251,35876,340821253,357812232,3250,0,0,0
2026-07-30 14:50:35,15565,4,1,3979,3389,3543,3882,4,-1840,1000,128,35877,341928744,360051948,3359,8589,2180,20
2026-07-30 14:55:35,14456,12,1,4279,3410,3251,3920,12,-2130,1000,69,35878,343659695,365876822,3669,8613,2181,20
2026-07-30 15:00:35,13340,19,1,4379,3234,3452,3968,19,-2422,1000,64,35878,345039011,371417199,3800,8619,2177,20
2026-07-30 15:05:35,12218,27,1,4429,3049,3399,3995,27,-2716,1000,64,35878,346397995,376999801,3859,8628,2180,20
2026-07-30 15:10:37,12002,28,0,3669,-1940,-2081,3709,27,-2773,1000,81,35879,347279490,378748511,3659,0,0,0
2026-07-30 15:15:35,12216,27,0,3529,-1113,-1074,3734,26,-2717,188,86,35877,348042030,378748511,3509,0,0,0
2026-07-30 15:20:35,12452,25,0,3379,-909,-999,3718,24,-2655,353,91,35877,348876739,378748511,3359,0,0,0
2026-07-30 15:25:34,12609,24,0,3269,-593,-602,3729,24,-2614,305,93,35879,349428108,378748511,3279,0,0,0
2026-07-30 15:30:34,12760,23,0,3119,-348,-275,3738,23,-2574,452,97,35878,349961022,378748511,3119,0,0,0
2026-07-30 15:35:34,12902,22,0,3059,-129,-123,3738,22,-2537,636,100,35877,350458370,378748511,3059,0,0,0
2026-07-30 15:40:35,13088,21,0,3050,-205,-181,3727,21,-2488,655,101,35876,351104126,378748511,3059,0,0,0
2026-07-30 15:45:35,13232,20,0,3059,-930,-1065,3659,19,-2451,737,103,35878,351601058,378748511,3050,0,0,0
2026-07-30 15:50:34,13349,19,0,3029,-275,-1174,3671,19,-2420,599,105,35876,352011863,378748511,3029,0,0,0
2026-07-30 15:55:35,13446,18,0,3050,-95,-68,3719,18,-2395,633,105,35878,352351602,378748511,3039,0,0,0
2026-07-30 16:05:35,13638,17,0,3029,-128,-137,3709,17,-2344,648,108,35876,353021718,378748511,3029,0,0,0
2026-07-30 16:10:35,13805,16,0,3059,-259,-345,3685,16,-2301,834,109,35878,353596103,378748511,3069,0,0,0
2026-07-30 16:15:35,13869,15,0,2939,-158,-122,3696,16,-2284,697,117,35878,353818494,378748511,2939,0,0,0
2026-07-30 16:20:35,14014,14,0,3009,-238,-244,3678,15,-2246,816,117,35879,354317207,378748511,3000,0,0,0
2026-07-30 16:30:34,14223,13,0,3039,-177,-123,3668,13,-2178,989,115,35876,355217622,378748511,3039,0,0,0
2026-07-30 16:35:35,14459,11,0,2989,-312,-459,3641,12,-2152,860,119,35879,355551467,378748511,2989,0,0,0
2026-07-30 16:40:35,14607,10,0,3059,-1214,-1542,3567,10,-2117,881,118,35878,356010069,378748511,3050,0,0,0
2026-07-30 16:50:35,14941,8,0,3009,-354,-241,3647,8,-2054,842,131,35882,356830315,378748511,3009,0,0,0
2026-07-30 16:55:35,15055,7,0,2969,-335,-317,3637,7,-2028,771,139,35882,357169775,378748511,2969,0,0,0
2026-07-30 17:00:35,15194,6,0,2919,-51,-29,3666,6,-2004,723,152,35881,357485329,378748511,2919,0,0,0
2026-07-30 17:20:35,15374,5,0,2809,-424,-439,3593,5,-1906,840,170,35887,358769232,378748511,2819,0,0,0
2026-07-30 17:30:35,15507,4,0,2909,-217,-153,3599,4,-1847,833,179,35886,359522897,378748511,2900,0,0,0
2026-07-30 17:40:35,15679,3,0,3109,-173,-181,3547,3,-1794,704,205,35885,360208097,378748511,3109,0,0,0
2026-07-30 17:50:35,15833,2,0,2959,-180,-171,3454,2,-1747,758,296,35887,360800878,378748511,2950,0,0,0
2026-07-30 17:55:34,15946,1,0,3079,-720,-576,3230,1,-1705,935,367,35886,361296021,378748511,3069,0,0,20
2026-07-30 18:00:35,14894,9,1,4179,4083,4024,3958,9,-2016,1000,76,35884,362321690,384122754,3409,8603,2180,20
2026-07-30 18:05:35,13631,17,1,4269,3919,3873,4005,18,-2346,1000,71,35885,363149577,389699307,3529,8615,2180,20
2026-07-30 18:10:35,13530,18,0,3279,-196,-148,3750,18,-2373,1000,95,35886,363595000,390563198,3289,0,0,0
2026-07-30 18:15:35,13640,17,0,3179,-173,-166,3730,17,-2344,158,101,35884,363982354,390563198,3189,0,0,0
2026-07-30 18:25:34,13725,16,0,3269,-292,-193,3716,16,-2322,295,98,35884,364688567,390995905,3259,0,0,0
2026-07-30 18:35:35,13945,15,0,3400,-147,-151,3702,15,-2264,518,96,35886,365455196,390995905,3400,0,0,0
2026-07-30 18:40:35,14040,14,0,3379,-174,-138,3697,14,-2239,544,98,35886,365787400,390996234,3389,9143,36,0
2026-07-30 18:50:35,14201,13,0,3200,-177,-172,3683,13,-2197,620,106,35886,366344491,390996234,3200,0,0,0
2026-07-30 19:00:34,14370,12,0,3100,-777,-826,3633,12,-2153,745,112,35884,366925678,390996234,3089,0,0,0
2026-07-30 19:05:37,14469,11,0,3050,-26,-9,3685,12,-2127,739,115,35885,367269839,390996234,3050,0,0,0
2026-07-30 19:30:35,14757,9,0,2859,-454,-419,3636,9,-2052,895,134,35884,368252897,390996234,2859,0,0,0
2026-07-30 19:35:35,14785,8,0,2869,-14,-32,3672,9,-1994,1006,134,35872,368997175,390996234,2879,0,0,0
2026-07-30 19:40:34,15191,6,0,2629,-47,-66,3669,6,-1987,657,176,35873,369087518,390996234,2629,0,0,0
2026-07-30 20:35:34,15358,5,0,2279,-46,-21,3670,5,-1906,635,239,35873,370154914,390996234,2279,0,0,0
2026-07-30 21:35:36,15474,4,0,2250,-43,-49,3648,4,-1848,539,260,35872,370913287,390996234,2250,0,0,0
2026-07-30 22:20:36,15624,3,0,2159,-16,-9,3614,3,-1804,364,328,35872,371476834,390996234,2159,0,0,0
2026-07-30 22:55:35,15760,2,0,2119,-1177,-1607,3335,3,-1770,318,429,35874,371909742,390996234,2100,0,0,0
2026-07-30 23:10:35,15941,1,0,2209,-14,-8,3465,1,-1721,655,567,35874,372521143,390996234,2209,0,0,0
2026-07-30 23:50:38,15314,6,1,3309,4139,4152,4046,6,-1906,1000,156,35872,373346405,394522723,2489,8577,2180,20
2026-07-30 23:55:35,14001,15,1,3700,4108,4095,4065,15,-2250,1000,99,35874,374003874,400218543,2909,8610,2183,20
2026-07-31 00:00:34,12740,23,1,3909,3749,3761,4062,23,-2579,1000,78,35874,374679216,405731781,3209,8617,2180,20
2026-07-31 00:05:34,11631,31,1,3979,3289,3268,4050,31,-2870,1000,82,35874,376070798,411365609,3400,8637,2179,20
2026-07-31 00:10:35,10510,38,1,4209,3349,3536,4080,38,-3163,1000,71,35874,377448278,417052494,3600,8641,2181,20
2026-07-31 00:15:34,9391,46,1,4239,3401,3473,4106,46,-3456,1000,59,35874,378790824,422707979,3669,8642,2140,20
2026-07-31 00:20:34,9270,47,0,3439,-461,-292,3886,46,-3488,1000,72,35875,379620649,424054528,3439,0,0,0
2026-07-31 00:30:34,9645,46,0,3239,-637,-437,3833,44,-3390,371,80,35875,380982661,424054528,3239,0,0,0
2026-07-31 00:35:35,9850,44,0,3229,-995,-842,3792,42,-3336,605,82,35875,381718960,424054528,3219,0,0,0
2026-07-31 00:40:34,10058,43,0,3289,-559,-790,3790,41,-3282,656,82,35873,382464070,424054528,3279,0,0,0
2026-07-31 00:45:34,10218,41,0,3300,-821,-731,3792,40,-3240,566,84,35873,383034999,424054528,3300,0,0,0
2026-07-31 00:50:34,10367,40,0,3279,-224,-220,3813,39,-3201,618,87,35875,383567784,424054528,3289,0,0,0
2026-07-31 01:00:34,10524,39,0,3119,-255,-630,3784,38,-3160,569,96,35873,384132378,424054528,3119,0,0,0
2026-07-31 01:30:35,10675,38,0,3000,-10,-6,3820,37,-3120,513,102,35874,384676795,424054528,3000,0,0,0
2026-07-31 02:05:35,10798,37,0,2759,-20,-5,3818,37,-3088,443,113,35874,385120626,424054528,2759,0,0,0
2026-07-31 02:45:37,10945,36,0,2579,-21,-7,3813,36,-3049,438,123,35874,385645994,424054528,2579,0,0,0
2026-07-31 03:15:34,11090,35,0,2589,-11,-7,3809,35,-3011,607,126,35872,386165045,424054528,2579,0,0,0
2026-07-31 03:45:34,11233,34,0,2759,-847,-1283,3707,33,-2974,634,123,35874,386670368,424054528,2729,0,0,0
2026-07-31 04:05:34,11361,33,0,2739,-15,-9,3802,33,-2941,496,123,35874,387130892,424054528,2739,0,0,0
2026-07-31 04:40:35,11488,32,0,2659,-34,-7,3799,32,-2907,459,126,35874,387585469,424054528,2659,0,0,0
2026-07-31 05:05:34,11644,31,0,3050,-161,-149,3782,31,-2867,478,107,35872,388139188,424054528,3050,0,0,0
2026-07-31 05:10:34,11734,30,0,3139,-469,-456,3751,29,-2843,599,102,35873,388457010,424054528,3119,0,0,0
2026-07-31 05:15:34,11932,29,0,3269,-475,-488,3743,28,-2791,674,95,35875,389153937,424054528,3250,0,0,0
2026-07-31 05:20:34,12118,28,0,3319,-669,-547,3730,27,-2742,700,93,35872,389812584,424054528,3319,0,0,0
2026-07-31 05:25:34,12305,26,0,3409,-183,-253,3741,26,-2693,746,89,35872,390466195,424054528,3409,0,0,0
2026-07-31 05:30:34,12433,25,0,3379,-667,-846,3707,25,-2660,670,90,35875,390916346,424054528,3389,0,0,0
2026-07-31 05:35:35,12597,24,0,3419,-442,-478,3714,24,-2617,813,88,35872,391488560,424054528,3409,0,0,0
2026-07-31 05:40:34,12826,22,0,3519,-625,-709,3695,22,-2557,905,82,35872,392286480,424054528,3509,0,0,0
2026-07-31 05:45:34,13011,21,0,3550,-207,-186,3722,21,-2509,886,81,35875,392932971,424054528,3559,0,0,0
2026-07-31 05:55:34,13175,20,0,3369,-199,-141,3723,20,-2464,756,88,35872,393532651,424054528,3369,0,0,0
2026-07-31 06:05:35,13211,19,0,3359,-191,-200,3711,20,-2415,800,90,35872,394177899,424054528,3350,0,0,0
2026-07-31 06:10:34,13449,18,0,3409,-680,-561,3674,18,-2376,852,90,35875,394699532,424054528,3389,0,0,0
2026-07-31 06:15:34,13583,17,0,3369,-23,-47,3713,18,-2351,881,92,35874,395032198,424054528,3369,0,0,0
2026-07-31 06:20:34,13630,16,0,3300,-43,-18,3715,17,-2334,719,95,35872,395254691,424054528,3309,0,0,0
2026-07-31 06:35:34,13854,15,0,3169,-19,-7,3710,16,-2304,661,105,35874,395660402,424054528,3169,0,0,0
2026-07-31 07:15:34,14003,14,0,3100,-20,-9,3706,15,-2259,534,111,35874,396259091,424054528,3100,0,0,0
2026-07-31 07:50:36,14173,13,0,2939,-58,-71,3698,14,-2226,503,121,35874,396700153,424054528,2939,0,0,0
2026-07-31 08:15:43,14344,12,0,3350,-585,-526,3631,12,-2110,937,99,35874,398214892,424054528,3339,0,0,0
2026-07-31 08:20:34,14647,10,0,3329,-599,-536,3634,10,-2083,932,99,35877,398567726,424054528,3329,0,0,0
2026-07-31 08:25:34,14988,7,0,3289,-248,-187,3645,7,-2048,903,109,35879,399017737,424054528,3279,0,0,0
2026-07-31 08:30:34,15144,6,0,3379,-477,-303,3632,6,-1994,966,110,35878,399716383,424054528,3379,0,0,0
2026-07-31 08:35:35,15359,4,0,3579,-846,-1218,3546,4,-1924,1073,111,35884,400623886,424054528,3550,0,0,0
2026-07-31 08:40:35,14823,9,1,4439,3451,2771,3868,9,-2034,1000,61,35887,401824764,426852787,3779,8596,2178,20
2026-07-31 08:45:34,13554,18,1,4729,3923,3867,3963,18,-2366,1000,58,35884,403036455,432755050,4000,8597,2180,20
2026-07-31 08:50:35,12368,26,1,4589,4100,4130,4015,26,-2677,1000,62,35884,404028426,438217219,3879,8623,2179,20
2026-07-31 08:55:34,11069,34,1,4819,4136,4157,4049,34,-3017,1000,66,35884,404864243,443986704,4029,8621,2180,20
2026-07-31 09:00:34,9784,43,1,4929,4030,4128,4085,43,-3353,1000,50,35884,405521753,449572055,4150,8632,2178,20
2026-07-31 09:05:34,8546,51,1,4829,3708,3758,4117,51,-3677,1000,47,35884,406188970,455041374,4189,8637,2150,20
2026-07-31 09:10:35,7426,59,1,4900,3565,3572,4160,58,-3971,1000,57,35884,407185791,460404279,4309,8687,1948,20
2026-07-31 09:15:34,6497,65,0,4329,-117,-76,4065,65,-4214,1000,75,35884,407939428,464840331,4350,0,0,0
2026-07-31 10:55:34,7046,64,0,3589,-75,-91,3969,61,-4070,516,101,35885,410009577,464840331,3579,0,0,0
2026-07-31 11:20:39,7160,63,0,3579,-84,-101,3965,61,-4040,491,94,35886,410434494,464840331,3579,0,0,0
2026-07-31 11:45:34,7293,62,0,3609,-94,-218,3953,60,-4005,465,85,35884,410930058,464840331,3609,0,0,0
2026-07-31 12:20:34,7428,61,0,3559,-20,-8,3952,59,-3970,414,78,35884,411434433,464840331,3559,0,0,0
2026-07-31 12:50:34,7646,60,0,3519,-812,-791,3894,57,-3913,648,71,35884,412239734,464840331,3519,0,0,0
2026-07-31 12:55:34,7746,59,0,3389,-194,-158,3920,57,-3887,553,73,35885,412608010,464840331,3389,0,0,0
2026-07-31 13:05:34,7978,58,0,3350,-252,-215,3902,55,-3826,700,73,35885,413461674,464840331,3350,0,0,0
2026-07-31 13:10:35,8105,57,0,3369,-833,-791,3863,54,-3793,675,73,35884,413925186,464840331,3359,0,0,0
2026-07-31 13:15:34,8269,55,0,3419,-491,-528,3874,53,-3750,742,71,35887,414524541,464840331,3419,0,0,0
2026-07-31 13:30:34,8473,54,0,3329,-395,-320,3868,52,-3663,856,73,35873,415741771,464840331,3329,0,0,0
2026-07-31 13:35:34,8553,53,0,3189,-315,-386,3858,51,-3632,883,76,35874,416166229,464840331,3189,0,0,0
2026-07-31 13:40:35,8730,52,0,3000,-278,-245,3858,50,-3604,850,81,35875,416554016,464840331,3000,0,0,0
2026-07-31 13:45:34,8858,51,0,2939,-615,-437,3839,49,-3573,908,84,35872,416990932,464840331,2939,0,0,0
2026-07-31 13:50:34,9060,50,0,2969,-653,-857,3806,48,-3527,969,84,35879,417619290,464840331,2959,0,0,0
2026-07-31 13:55:34,9238,48,0,3179,-301,-502,3815,46,-3470,1017,79,35877,418405301,464840331,3159,0,0,0
2026-07-31 14:00:34,9413,47,0,3279,-339,-310,3829,46,-3438,920,77,35881,418844907,464840331,3269,0,0,0
2026-07-31 14:05:34,9565,46,0,3459,-495,-429,3809,44,-3384,1025,73,35883,419582640,464840331,3450,0,0,0
2026-07-31 14:10:34,9769,45,0,3429,-162,-185,3827,43,-3360,853,75,35881,419917016,464840331,3429,0,0,0
2026-07-31 14:15:34,9914,44,0,3279,-682,-735,3791,42,-3335,690,80,35881,420256249,464840331,3279,0,0,0
2026-07-31 14:20:34,9885,43,0,3269,-279,-244,3815,42,-3305,877,80,35881,420665877,464840331,3269,0,0,0
2026-07-31 14:30:34,10083,42,0,3439,-300,-507,3793,41,-3239,961,78,35883,421571023,464840331,3429,0,0,0
2026-07-31 14:35:35,10353,40,0,3439,-645,-822,3779,39,-3214,725,82,35881,421910114,464840331,3429,0,0,0
2026-07-31 15:15:34,10493,39,0,3529,-316,-755,3791,38,-3146,516,82,35880,422843547,464840331,3529,0,0,0
2026-07-31 15:20:34,10405,38,0,3500,-94,-87,3809,39,-3122,732,81,35882,423173822,464840331,3500,0,0,0
2026-07-31 15:35:34,10543,35,0,3100,-133,-119,3780,38,-3043,958,96,35880,424246465,464840331,3109,0,0,0
2026-07-31 15:40:35,11108,34,0,3069,-1072,-1031,3718,34,-3000,881,107,35880,424816276,464840331,3050,0,0,0
2026-07-31 15:45:34,11347,32,0,3119,-475,-446,3747,32,-2957,856,107,35880,425395007,464840331,3109,0,0,0
2026-07-31 15:55:34,11635,31,0,3200,-191,-172,3766,31,-2886,927,100,35882,426345100,464840331,3200,0,0,0
2026-07-31 16:00:34,11771,30,0,3239,-357,-271,3758,30,-2863,718,96,35883,426659065,464840331,3229,0,0,0
2026-07-31 16:10:34,11780,29,0,3279,-95,-94,3760,29,-2814,823,94,35883,427325160,464840331,3279,0,0,0
2026-07-31 16:20:34,12065,27,0,3319,-494,-600,3716,27,-2754,853,93,35881,428124068,464840331,3309,0,0,0
2026-07-31 16:30:35,12278,26,0,3229,-500,-1037,3689,26,-2655,1014,95,35883,429444196,464840331,3229,0,0,0
2026-07-31 16:35:35,12584,24,0,3500,-827,-863,3678,23,-2603,885,86,35886,430141991,464840331,3439,0,0,0
2026-07-31 16:40:34,12592,23,0,3600,-468,-465,3706,24,-2550,1032,81,35886,430841140,464840331,3600,0,0,0
2026-07-31 16:45:34,12934,22,0,3469,-746,-811,3686,22,-2517,922,83,35886,431284856,464840331,3479,0,0,0
2026-07-31 16:50:34,13062,20,0,3459,-559,-636,3692,21,-2485,895,84,35886,431714233,464840331,3459,0,0,0
2026-07-31 16:55:35,13280,19,0,3489,-938,-1040,3667,19,-2450,848,85,35886,432172175,464840331,3479,0,0,0
2026-07-31 17:05:34,13487,18,0,3459,-456,-321,3689,18,-2384,913,88,35884,433047968,464840331,3450,0,0,0
2026-07-31 17:10:34,13721,16,0,3519,-617,-579,3667,16,-2347,789,88,35886,433545740,464840331,3489,0,0,0
2026-07-31 17:20:34,13999,14,0,3669,-233,-202,3667,14,-2233,944,85,35885,435044837,464840331,3669,0,0,0
2026-07-31 17:25:34,14211,13,0,3609,-177,-162,3669,13,-2189,1085,86,35872,435615537,464840331,3609,0,0,0
2026-07-31 17:30:35,14534,11,0,3619,-694,-629,3633,11,-2144,1018,85,35878,436215277,464840331,3619,0,0,0
2026-07-31 17:35:34,14854,8,0,3650,-504,-688,3625,7,-2093,1107,84,35879,436883792,464840331,3639,0,0,0
2026-07-31 17:40:34,15126,6,0,3669,-469,-517,3627,6,-2041,958,96,35882,437553139,464840331,3659,0,0,0
2026-07-31 17:45:34,15241,5,0,3629,-161,-133,3648,5,-1996,988,104,35881,438143723,464840331,3639,0,0,0
2026-07-31 17:50:34,15359,4,0,3650,-471,-259,3613,4,-1935,1050,109,35887,438932614,464840331,3639,0,0,0
2026-07-31 18:00:35,15606,2,0,3739,-337,-229,3546,2,-1814,1084,136,35872,440483091,464840331,3729,0,0,0
2026-07-31 18:05:35,15723,3,1,4319,3531,3420,3792,3,-1799,1000,147,35879,441427462,465644951,3809,8569,2180,20
2026-07-31 18:10:34,14528,11,1,4500,3915,3920,3937,12,-2112,1000,62,35876,442543685,471151990,3769,8608,2180,20
2026-07-31 18:15:34,13330,19,1,4629,3940,3987,3988,19,-2425,1000,60,35876,443557835,476654325,3879,8621,2182,20
2026-07-31 18:20:34,12071,28,1,4559,3701,3558,4002,28,-2755,1000,62,35876,444710474,482539646,3929,8626,2177,20
2026-07-31 18:25:34,10866,36,1,4689,3561,3566,4037,36,-3070,1000,65,35876,445810674,488219182,4019,8631,2178,20
2026-07-31 18:30:34,10501,38,0,3759,-308,-286,3842,38,-3166,1000,76,35879,446439361,490269552,3769,0,0,0
2026-07-31 18:40:34,10878,37,0,3600,-299,-291,3800,35,-3067,459,85,35878,447790688,490269552,3600,0,0,0
2026-07-31 18:45:34,11105,35,0,3659,-439,-215,3791,34,-3008,550,87,35877,448599487,490269552,3639,0,0,0
2026-07-31 18:50:34,11238,34,0,3550,-205,-163,3797,33,-2973,461,91,35877,449072037,490269552,3559,0,0,0
2026-07-31 18:55:34,11361,33,0,3489,-300,-336,3783,32,-2941,442,94,35879,449509882,490269552,3489,0,0,0
2026-07-31 19:05:35,11607,31,0,3459,-142,-136,3783,31,-2876,496,91,35879,450386616,490269552,3459,0,0,0
2026-07-31 19:15:34,11770,30,0,3189,-42,-30,3790,30,-2833,323,97,35876,450967489,490269552,3200,0,0,0
2026-07-31 19:20:34,11878,29,0,3150,-242,-263,3761,28,-2805,625,100,35879,451350254,490269552,3129,0,0,0
2026-07-31 19:55:35,12045,28,0,2769,-325,-298,3756,28,-2761,496,116,35877,451942475,490269552,2759,0,0,0
2026-07-31 20:00:35,12219,27,0,3109,-430,-395,3728,26,-2716,719,102,35879,452552964,490269552,3079,0,0,0
2026-07-31 20:05:34,12467,25,0,3409,-412,-403,3722,24,-2651,779,90,35877,453418181,490269552,3389,0,0,0
2026-07-31 20:10:34,12645,24,0,3409,-871,-692,3702,23,-2604,708,88,35876,454044163,490269552,3400,0,0,0
2026-07-31 20:15:35,12786,23,0,3409,-417,-505,3716,23,-2567,745,85,35877,454536497,490269552,3419,0,0,0
2026-07-31 20:20:34,12930,22,0,3350,-362,-569,3705,22,-2530,775,88,35877,455037273,490269552,3350,0,0,0
2026-07-31 20:25:35,13099,21,0,3289,-874,-789,3675,20,-2486,835,92,35878,455620668,490269552,3259,0,0,0
2026-07-31 20:30:34,13245,20,0,3209,-178,-151,3716,20,-2447,878,96,35876,456132958,490269552,3209,0,0,0
2026-07-31 20:35:35,13345,19,0,3169,-184,-183,3712,19,-2421,761,98,35876,456481814,490269552,3169,0,0,0
2026-07-31 20:45:34,13412,18,0,3129,-127,-206,3701,19,-2353,914,101,35878,457380677,490269552,3129,0,0,0
2026-07-31 20:50:34,13626,17,0,3229,-300,-137,3695,17,-2321,881,99,35878,457811620,490269552,3219,0,0,0
2026-07-31 20:55:35,13830,16,0,3329,-491,-196,3682,15,-2287,853,98,35877,458253673,490269552,3319,0,0,0
2026-07-31 21:00:34,13979,15,0,3200,-135,-115,3694,15,-2270,791,106,35879,458490201,490269552,3209,0,0,0
2026-07-31 21:05:34,14080,14,0,3019,-151,-195,3692,15,-2264,690,117,35879,458569356,490269552,3029,0,0,0
2026-07-31 21:15:34,14169,13,0,3000,-76,-102,3686,14,-2225,645,118,35879,459079864,490269552,3000,0,0,0
2026-07-31 21:25:36,14255,12,0,2909,-22,-82,3690,13,-2214,610,122,35879,459223563,490269552,2909,0,0,0
2026-07-31 21:40:35,14601,10,0,2969,-1228,-1198,3608,11,-2182,673,122,35876,459640664,490269552,2959,0,0,0
2026-07-31 21:55:35,14958,8,0,3429,-215,-169,3661,8,-2088,874,101,35879,460883275,490269552,3429,0,0,0
2026-07-31 22:00:34,15179,7,0,3200,-69,-42,3674,6,-2077,657,127,35877,461034956,490269552,3209,0,0,0
2026-07-31 22:05:36,15235,6,0,3050,-13,-16,3679,6,-2073,581,143,35878,461085060,490269552,3050,0,0,0
2026-07-31 23:10:34,15326,5,0,3200,-63,-59,3658,5,-1920,730,134,35879,463088783,490269552,3209,0,0,0
2026-07-31 23:35:34,15475,4,0,3059,-32,-29,3641,4,-1853,593,158,35879,463958719,490269552,3059,0,0,0
2026-08-01 00:05:34,15652,3,0,3159,-766,-466,3515,3,-1790,831,191,35876,464776041,490269552,3129,0,0,0
2026-08-01 00:15:34,14597,11,1,4439,4036,4038,3943,11,-2093,1000,64,35878,466824521,496639788,3739,8608,2181,20
2026-08-01 00:20:34,13407,19,1,4679,3973,4007,3979,19,-2405,1000,57,35878,468071790,502320159,4019,8620,2159,20
2026-08-01 00:25:34,12480,25,1,4259,1900,1903,3910,25,-2648,1000,65,35878,469220070,506952786,4050,8817,1281,20
2026-08-01 00:30:34,11978,28,0,3939,-710,-473,3811,28,-2779,1000,70,35878,470141701,509727292,3939,0,0,0
2026-08-01 00:35:34,12152,27,0,3729,-629,-424,3775,27,-2734,1000,78,35878,470760442,509727292,3729,0,0,0
2026-08-01 00:40:35,12342,26,0,3659,-373,-252,3768,25,-2684,207,80,35876,471436171,509727292,3650,0,0,0
2026-08-01 00:50:34,12456,25,0,3219,-296,-257,3764,25,-2654,158,96,35878,471842181,509727292,3219,0,0,0
2026-08-01 01:25:34,12594,24,0,3159,-43,-44,3768,24,-2618,130,97,35878,472330317,509727292,3159,0,0,0
2026-08-01 02:05:34,12736,23,0,3050,-191,-186,3750,24,-2581,170,100,35878,472832440,509727292,3050,0,0,0
2026-08-01 02:35:47,12857,22,0,3039,-14,-10,3755,23,-2549,329,100,35878,473258858,509727292,3039,0,0,0
2026-08-01 03:10:34,12992,21,0,3039,-39,-67,3746,22,-2513,367,100,35878,473738445,509727292,3039,0,0,0
2026-08-01 03:45:34,13144,20,0,2959,-15,-9,3743,21,-2474,394,105,35878,474271469,509727292,2959,0,0,0
2026-08-01 04:20:38,13290,19,0,2939,-22,-7,3738,20,-2435,426,108,35878,474786411,509727292,2939,0,0,0
2026-08-01 05:00:34,13442,18,0,2979,-23,-12,3733,19,-2396,436,108,35878,475320050,509727292,2979,0,0,0
2026-08-01 05:35:35,13580,17,0,3059,-17,-7,3727,18,-2360,472,105,35878,475804480,509727292,3059,0,0,0
2026-08-01 06:10:34,13728,16,0,3100,-40,-13,3719,17,-2321,480,106,35878,476320420,509727292,3100,0,0,0
2026-08-01 06:45:43,13886,15,0,3159,-15,-9,3709,16,-2279,534,107,35878,476873265,509727292,3159,0,0,0
2026-08-01 07:20:34,14028,14,0,3300,-81,-191,3694,15,-2242,522,102,35878,477365556,509727292,3300,0,0,0
2026-08-01 07:55:34,14182,13,0,3369,-15,-12,3694,14,-2202,579,98,35878,477901006,509727292,3359,0,0,0
2026-08-01 08:00:34,13406,19,1,4289,4135,4152,4004,19,-2405,1000,70,35878,478361639,513079488,3469,8575,2180,20
2026-08-01 08:05:34,12127,27,1,4619,4144,4155,4034,27,-2740,1000,63,35878,479057040,518639925,3809,8596,2180,20
2026-08-01 08:10:35,10862,36,1,4900,4103,4120,4055,36,-3071,1000,62,35879,479689870,524078329,4109,8615,2178,20
2026-08-01 08:15:35,9667,44,1,4789,3167,3173,4043,44,-3384,1000,50,35879,480302755,529274722,4300,8742,1638,20
2026-08-01 08:20:39,8760,50,1,4750,2762,2767,4058,50,-3621,1000,46,35879,480740837,533175031,4359,8774,1437,20
2026-08-01 08:25:35,7872,56,1,4869,3547,3412,4131,56,-3854,1000,48,35879,481240072,537088273,4289,8607,2175,20
2026-08-01 08:30:35,7027,61,1,4650,2585,2591,4139,61,-4075,1000,80,35879,481758468,540893473,4309,8786,1345,20
2026-08-01 08:35:35,6249,66,1,4609,2095,2100,4166,66,-4279,1000,67,35879,482178064,544367174,4369,8848,1123,20
2026-08-01 08:40:34,5592,71,1,4609,2013,2018,4207,71,-4451,1000,60,35879,482538023,547329428,4389,8861,1067,20
2026-08-01 08:45:36,5016,75,1,4569,1680,1688,4234,74,-4601,1000,60,35879,482905502,549991395,4409,8873,929,20
2026-08-01 08:50:34,4543,78,1,4519,1504,1509,4262,78,-4725,1000,62,35879,483224468,552206658,4389,8910,817,20
2026-08-01 08:55:34,4281,80,0,4319,0,0,4208,79,-4794,1000,66,35879,483451000,553495250,4319,5130,70,15
2026-08-01 09:25:35,4951,79,0,3669,-627,-452,4108,75,-4619,719,79,35877,486494572,553939444,3650,0,0,0
2026-08-01 09:30:34,5098,78,0,3659,-730,-703,4086,74,-4580,614,77,35879,487064139,553939444,3629,0,0,0
2026-08-01 09:35:34,5430,75,0,3769,-1327,-1283,4034,72,-4493,666,74,35876,488317969,553939444,3719,0,0,0
2026-08-01 09:40:34,5641,74,0,3619,-26,-15,4084,71,-4438,740,79,35876,489128886,553939444,3629,0,0,0
2026-08-01 09:50:34,5842,73,0,3209,-231,-172,4061,70,-4385,569,92,35878,489895454,553939444,3209,0,0,0
2026-08-01 09:55:34,5935,72,0,3159,-322,-145,4051,69,-4361,574,95,35876,490249402,553939444,3150,0,0,0
2026-08-01 10:15:42,6135,71,0,3050,-14,-16,4053,68,-4308,594,99,35878,491013351,553939444,3059,0,0,0
2026-08-01 10:25:34,6306,70,0,3350,-82,-183,4023,66,-4264,595,94,35877,491660841,553939444,3339,0,0,0
2026-08-01 10:30:35,6538,68,0,3389,-415,-399,3984,65,-4203,872,99,35877,492521393,553939444,3379,0,0,0
2026-08-01 10:35:34,6696,67,0,3359,-594,-640,3955,63,-4162,776,105,35876,493112268,553939444,3369,0,0,0
2026-08-01 10:40:34,6805,66,0,3309,-371,-347,3967,63,-4133,863,108,35878,493522144,553939444,3309,0,0,0
2026-08-01 10:50:35,7025,65,0,3029,-327,-253,3949,62,-4075,868,117,35877,494341168,553939444,3029,0,0,0
2026-08-01 10:55:34,7122,64,0,2959,-433,-584,3923,61,-4050,804,115,35879,494699150,553939444,2950,0,0,0
2026-08-01 11:00:34,7226,63,0,2859,-362,-256,3931,60,-4023,752,112,35878,495085135,553939444,2850,0,0,0
2026-08-01 11:05:34,7435,62,0,3009,-91,-51,3931,59,-3968,900,92,35877,495844476,553939444,3029,0,0,0
2026-08-01 11:10:34,7589,61,0,3029,-308,-427,3903,58,-3928,903,85,35877,496404730,553939444,3019,0,0,0
2026-08-01 11:15:34,7696,59,0,3119,-989,-691,3869,57,-3900,776,82,35877,496798817,553939444,3039,0,0,0
2026-08-01 11:20:35,7899,58,0,3100,-328,-380,3888,56,-3847,903,79,35876,497541069,553939444,3100,0,0,0
2026-08-01 11:25:34,7990,57,0,3179,-886,-843,3848,55,-3798,1047,78,35876,498215579,553939444,3159,0,0,0
2026-08-01 11:30:34,8231,55,0,3169,-295,-688,3859,54,-3747,1105,77,35877,498922863,553939444,3179,0,0,0
2026-08-01 11:35:34,8437,54,0,3119,-766,-1498,3807,52,-3714,902,79,35876,499386140,553939444,3100,0,0,0
2026-08-01 11:40:34,8476,52,0,3079,-54,-27,3882,52,-3674,1067,79,35878,499937739,553939444,3089,0,0,0
2026-08-01 11:50:34,8978,50,0,3079,-830,-914,3806,48,-3601,863,80,35879,500951108,553939444,3069,0,0,0
2026-08-01 11:55:34,9125,49,0,3129,-684,-421,3820,47,-3547,982,80,35879,501679307,553939444,3119,0,0,0
2026-08-01 12:00:34,9230,48,0,3139,-294,-213,3835,47,-3498,1053,80,35878,502360922,553939444,3150,0,0,0
2026-08-01 12:05:34,9364,47,0,3069,-127,-260,3837,46,-3476,834,82,35879,502657570,553939444,3079,0,0,0
2026-08-01 12:15:34,9404,45,0,3159,-30,-24,3845,46,-3433,977,79,35877,503241570,553939444,3159,0,0,0
2026-08-01 13:05:34,9765,44,0,2929,-28,-17,3841,44,-3344,622,89,35876,504475799,553939444,2929,0,0,0
2026-08-01 13:10:34,9871,41,0,3079,-153,-127,3825,43,-3312,820,85,35878,504919451,553939444,3079,0,0,0
2026-08-01 14:05:35,10358,39,0,2900,-401,-464,3781,39,-3209,919,99,35876,506322886,553939444,2869,0,0,0
2026-08-01 14:10:34,10442,37,0,3379,-336,-324,3754,38,-3106,1295,86,35878,507688797,553939444,3359,0,0,0
2026-08-01 14:15:34,10875,36,0,3479,-455,-460,3753,35,-3041,1122,89,35876,508563690,553939444,3469,0,0,0
2026-08-01 14:20:35,11136,34,0,3509,-223,-174,3760,33,-2986,967,92,35878,509303340,553939444,3500,0,0,0
2026-08-01 14:25:34,11276,32,0,3639,-366,-343,3741,32,-2912,1246,90,35878,510289640,553939444,3600,0,0,0
2026-08-01 14:30:34,11702,30,0,3509,-259,-242,3747,30,-2865,994,88,35879,510916652,553939444,3509,0,0,0
2026-08-01 14:35:35,11850,29,0,3529,-1138,-1282,3676,28,-2805,997,85,35877,511711362,553939444,3519,0,0,0
2026-08-01 14:40:35,11981,27,0,3639,-185,-168,3729,28,-2721,1140,80,35876,512828163,553939444,3650,0,0,0
2026-08-01 14:50:34,12517,25,0,3179,-394,-424,3715,25,-2638,857,95,35877,513925077,553939444,3219,0,0,0
2026-08-01 14:55:34,12768,23,0,2779,-204,-182,3721,23,-2605,932,112,35879,514371554,553939444,2789,0,0,0
2026-08-01 15:05:35,13006,21,0,2689,-451,-432,3700,22,-2565,789,118,35879,514906360,553939444,2689,0,0,0
2026-08-01 15:10:34,12992,20,0,2929,-256,-284,3710,21,-2528,999,106,35877,515399774,553939444,2929,0,0,0
2026-08-01 15:20:34,12931,19,0,2889,-105,-142,3717,22,-2466,904,107,35879,516210992,553939444,2900,0,0,0
2026-08-01 15:35:34,13476,18,0,2569,-30,-18,3730,19,-2440,680,130,35876,516566384,553939444,2569,0,0,0
2026-08-01 15:45:34,13455,17,0,2800,-226,-155,3704,19,-2410,848,118,35877,516958769,553939444,2779,0,0,0
2026-08-01 15:50:35,13647,16,0,3159,-1009,-425,3650,16,-2359,1049,107,35877,517616704,553939444,3059,0,0,0
2026-08-01 15:55:35,13807,15,0,3219,-1149,-377,3639,15,-2313,1036,104,35879,518217935,553939444,3189,0,0,0
2026-08-01 16:00:34,13966,13,0,3469,-1239,-1458,3581,14,-2236,1090,94,35878,519218426,553939444,3459,0,0,0
2026-08-01 16:10:35,14541,11,0,3100,-243,-235,3655,11,-2161,857,112,35876,520187280,553939444,3109,0,0,0
2026-08-01 16:15:35,14950,8,0,2929,-228,-239,3659,8,-2146,699,137,35878,520391230,553939444,2929,0,0,0
2026-08-01 16:20:35,15243,6,0,2809,-35,-26,3679,6,-2142,580,164,35876,520449791,553939444,2809,0,0,0
2026-08-01 18:20:34,14953,5,0,2909,-1800,-1747,3418,6,-1978,1037,147,35879,522560353,553939444,2829,0,0,0
2026-08-01 18:30:34,15461,4,0,2900,-35,-30,3649,4,-1902,844,168,35876,523504073,553939444,2900,0,0,0
2026-08-01 18:35:40,15526,3,0,3039,-23,-40,3625,4,-1858,921,165,35876,524061111,553939444,3050,0,0,0
2026-08-01 18:40:34,15485,5,1,3979,3870,3759,3891,5,-1861,1000,116,35877,525168000,555218005,3359,8570,2182,20
2026-08-01 18:45:34,14223,13,1,4419,3897,3932,3954,14,-2191,1000,68,35878,526322642,561058978,3700,8601,2178,20
2026-08-01 18:50:35,13252,20,1,3909,909,912,3840,20,-2445,1000,70,35878,527542648,565913088,3850,8987,557,20
2026-08-01 18:55:34,12215,27,1,4529,3829,3655,4001,27,-2717,1000,63,35878,528547912,570794080,3879,8614,2177,20
2026-08-01 19:00:35,11095,34,1,4679,2848,2922,4002,34,-3010,1000,68,35878,529866089,576345190,4039,8614,2179,20
2026-08-01 19:05:34,9891,42,1,4659,3662,3732,4071,42,-3325,1000,54,35878,530918288,582009543,3979,8621,2179,20
2026-08-01 19:10:35,8697,50,1,4669,3678,3688,4117,50,-3638,1000,49,35878,531933768,587635563,4029,8662,2055,20
2026-08-01 19:15:34,7663,57,1,4600,3605,3633,4160,57,-3909,1000,54,35878,533369265,593093312,4050,8631,2155,20
2026-08-01 19:20:34,7361,60,0,3619,-334,-444,3975,59,-3988,1000,80,35877,534176185,595122132,3650,0,0,0
2026-08-01 19:35:34,7768,59,0,3389,-555,-543,3927,56,-3881,142,72,35879,535690418,595122132,3389,0,0,0
2026-08-01 19:40:34,7919,58,0,3409,-560,-1559,3857,55,-3842,370,71,35877,536244658,595122132,3409,0,0,0
2026-08-01 19:50:35,8089,56,0,3200,-2795,-2063,3777,54,-3797,637,78,35878,536857846,595122132,3169,0,0,0
2026-08-01 19:55:34,8333,55,0,3400,-612,-485,3865,52,-3733,712,72,35879,537748996,595122132,3369,0,0,0
2026-08-01 20:00:35,8478,54,0,3389,-460,-352,3873,52,-3695,587,71,35876,538279099,595122132,3389,0,0,0
2026-08-01 20:05:34,8602,53,0,3369,-128,-113,3879,51,-3663,608,71,35878,538729426,595122132,3369,0,0,0
2026-08-01 20:10:34,8805,51,0,3569,-313,-221,3849,49,-3610,870,68,35876,539459107,595122132,3459,0,0,0
2026-08-01 20:15:34,9045,49,0,3650,-807,-375,3837,47,-3547,824,66,35876,540316367,595122132,3600,0,0,0
2026-08-01 20:20:34,9121,48,0,3559,-468,-486,3830,47,-3496,859,68,35877,541012129,595122132,3569,0,0,0
2026-08-01 20:35:35,9348,45,0,2979,-248,-142,3835,46,-3422,940,85,35878,542024303,595122132,2979,0,0,0
2026-08-01 20:45:34,9893,43,0,3100,-1940,-3023,3649,42,-3305,958,85,35877,543611782,595122132,3079,0,0,0
2026-08-01 20:50:34,10034,42,0,3309,-1461,-2251,3693,41,-3236,1157,81,35878,544546118,595122132,3289,0,0,0
2026-08-01 20:55:35,10320,40,0,3559,-366,-447,3779,39,-3173,977,78,35876,545398740,595122132,3519,0,0,0
2026-08-01 21:00:34,10441,39,0,3729,-1199,-2226,3701,38,-3100,975,76,35878,546375068,595122132,3729,0,0,0
2026-08-01 21:05:34,10675,36,0,3800,-1602,-1924,3703,37,-3020,1045,77,35878,547448908,595122132,3829,0,0,0
2026-08-01 21:10:35,10917,35,0,3900,-796,-606,3745,34,-2938,1164,78,35876,548555077,595122132,3879,0,0,0
2026-08-01 21:15:34,11321,33,0,3879,-979,-372,3748,32,-2866,1052,83,35876,549513182,595122132,3859,0,0,0
2026-08-01 21:20:34,11375,32,0,3879,-535,-361,3740,32,-2791,1193,82,35878,550513372,595122132,3879,0,0,0
2026-08-01 21:25:34,11862,28,0,3959,-1311,-1142,3685,28,-2700,1249,72,35877,551719610,595122132,3929,0,0,0
2026-08-01 21:30:35,12166,27,0,3969,-1947,-1986,3632,26,-2598,988,72,35878,553058611,595122132,3929,0,0,0
2026-08-01 21:35:35,12605,23,0,3989,-1888,-1591,3633,23,-2504,1170,70,35879,554296099,595122132,3929,0,0,0
2026-08-01 21:40:35,13052,20,0,3969,-1032,-817,3657,20,-2411,1130,68,35878,555517378,595122132,3929,0,0,0
2026-08-01 21:45:34,13431,18,0,3579,-233,-305,3695,19,-2369,1041,82,35878,556079024,595122132,3600,0,0,0
2026-08-01 21:50:34,13651,16,0,3450,-856,-833,3655,17,-2335,898,89,35879,556532378,595122132,3450,0,0,0
2026-08-01 22:00:34,13878,15,0,3279,-247,-215,3681,15,-2277,878,101,35876,557296473,595122132,3269,0,0,0
2026-08-01 22:05:35,14096,14,0,3129,-158,-135,3685,14,-2254,905,111,35879,557595895,595122132,3139,0,0,0
2026-08-01 22:15:34,14311,12,0,3050,-165,-156,3666,13,-2195,901,114,35878,558377902,595122132,3050,0,0,0
2026-08-01 22:20:34,14606,10,0,3139,-557,-538,3624,10,-2156,932,111,35876,558877389,595122132,3129,0,0,0
2026-08-01 22:25:34,14815,9,0,3119,-172,-164,3658,9,-2126,894,118,35876,559271451,595122132,3119,0,0,0
2026-08-01 22:30:35,15099,7,0,3039,-192,-161,3657,7,-2105,773,135,35877,559554036,595122132,3039,0,0,0
2026-08-01 22:40:35,15217,6,0,2969,-131,-112,3652,6,-2053,780,149,35877,560231782,595122132,2969,0,0,0
2026-08-01 22:50:34,15261,5,0,2939,-232,-343,3618,6,-1998,881,155,35878,560958689,595122132,2919,0,0,0
2026-08-01 23:15:34,15501,4,0,2779,-229,-244,3595,4,-1875,889,186,35878,562558372,595122132,2779,0,0,0
2026-08-01 23:25:35,15653,3,0,2809,-402,-415,3520,3,-1823,839,222,35876,563217229,595122132,2809,0,0,0
2026-08-01 23:35:34,15777,2,0,2669,-72,-51,3542,2,-1784,677,291,35877,563716150,595122132,2669,0,0,0
2026-08-02 00:20:34,15922,1,0,2759,-32,-10,3500,1,-1742,382,380,36901,564251766,595122132,2759,0,0,0
2026-08-02 01:20:34,14742,10,1,4179,3890,3889,3963,10,-2051,1000,75,36903,565987993,601324293,3419,8598,2181,20
2026-08-02 01:25:34,13916,15,0,3559,-159,-164,3749,15,-2268,1000,89,36901,566693550,605149490,3579,0,0,0
2026-08-02 01:35:34,14112,14,0,3419,-346,-440,3687,14,-2216,287,97,36901,567377379,605149490,3419,0,0,0
2026-08-02 01:40:34,14213,13,0,3369,-303,-250,3684,13,-2190,441,97,36901,567730929,605149490,3369,0,0,0
2026-08-02 01:45:34,14317,12,0,3350,-344,-391,3670,13,-2163,629,97,36903,568089274,605149490,3359,0,0,0
2026-08-02 01:55:34,14470,11,0,3329,-18,-9,3686,12,-2123,615,98,36903,568621055,605149490,3329,0,0,0
2026-08-02 02:25:47,14604,10,0,3400,-137,-200,3675,11,-2088,635,96,36903,569082904,605149490,3400,0,0,0
2026-08-02 03:00:35,14771,9,0,3650,-107,-89,3677,9,-2044,638,84,36901,569661079,605149490,3650,0,0,0
2026-08-02 03:35:37,14914,8,0,3709,-19,-9,3679,8,-2006,620,83,36901,570157990,605149490,3709,0,0,0
2026-08-02 04:10:40,15055,7,0,3689,-121,-158,3671,7,-1969,558,90,36902,570645878,605149490,3689,0,0,0
2026-08-02 04:45:34,15219,6,0,3759,-15,-10,3672,6,-1926,530,96,36902,571214673,605149490,3759,0,0,0
2026-08-02 05:15:34,15412,5,0,3639,-732,-1108,3598,4,-1876,516,111,36900,571873672,605149490,3650,0,0,0
2026-08-02 05:20:34,14301,13,1,4500,4199,4211,3964,13,-2167,1000,66,36903,572613311,609990352,3700,8584,2180,20
2026-08-02 05:25:35,13025,21,1,4500,3949,4003,4007,22,-2501,1000,61,36903,573280680,615477422,3769,8604,2178,20
2026-08-02 05:30:35,11842,29,1,4639,3933,3904,4022,29,-2810,1000,61,36903,574514805,621183156,4009,8616,2179,20
2026-08-02 05:35:34,10772,36,1,4679,4127,4116,4053,36,-3091,1000,64,36903,575684490,626402254,4059,8617,2177,20
2026-08-02 05:40:34,9668,44,1,4719,3930,3941,4082,44,-3379,1000,53,36903,576797332,631730748,4059,8625,2149,20
2026-08-02 05:45:34,8553,51,1,4719,3367,3373,4105,51,-3671,1000,48,36903,577625878,636871817,4139,8686,1963,20
2026-08-02 05:50:34,8106,54,0,3789,-365,-434,3938,54,-3788,1000,62,36901,578219592,639236636,3829,0,0,0
2026-08-02 06:15:35,8629,53,0,3179,-842,-791,3842,50,-3652,586,77,36903,580127491,639236636,3129,0,0,0
2026-08-02 06:20:34,8904,50,0,3289,-241,-275,3854,49,-3580,967,74,36903,581123482,639236636,3279,0,0,0
2026-08-02 06:30:34,9422,46,0,3779,-713,-579,3805,44,-3444,945,65,36900,582969112,639236636,3709,0,0,0
2026-08-02 06:35:35,9737,45,0,3759,-697,-411,3815,43,-3361,922,66,36903,584093502,639236636,3759,0,0,0
2026-08-02 06:40:34,9850,44,0,3400,-428,-359,3815,42,-3323,834,75,36900,584618751,639236636,3409,0,0,0
2026-08-02 06:45:34,10020,43,0,3269,-736,-746,3785,41,-3281,861,81,36907,585200077,639236636,3269,0,0,0
2026-08-02 06:50:34,10148,42,0,3259,-467,-642,3788,40,-3242,847,84,36905,585734928,639236636,3259,0,0,0
2026-08-02 06:55:34,10305,41,0,3039,-334,-515,3786,39,-3204,858,90,36897,586244965,639236636,3039,0,0,0
2026-08-02 07:00:34,10507,39,0,3269,-761,-763,3761,38,-3157,840,88,36903,586881446,639236636,3239,0,0,0
2026-08-02 07:05:34,10544,38,0,3329,-274,-317,3793,38,-3114,830,86,36900,587468646,639236636,3329,0,0,0
2026-08-02 07:15:35,10855,37,0,3269,-422,-336,3780,35,-3060,844,92,36901,588195912,639236636,3269,0,0,0
2026-08-02 07:20:34,11019,36,0,3219,-624,-644,3758,35,-3019,827,96,36902,588751781,639236636,3219,0,0,0
2026-08-02 07:25:35,11179,35,0,3300,-528,-466,3762,33,-2978,778,96,36905,589308384,639236636,3300,0,0,0
2026-08-02 07:30:35,11287,34,0,3339,-426,-424,3765,33,-2941,858,96,36906,589815527,639236636,3329,0,0,0
2026-08-02 07:35:34,11424,33,0,3419,-352,-388,3764,32,-2909,755,93,36911,590242225,639236636,3419,0,0,0
2026-08-02 07:40:35,11556,32,0,3509,-343,-271,3764,31,-2871,780,88,36909,590752537,639236636,3500,0,0,0
2026-08-02 07:45:35,11675,31,0,3509,-193,-198,3766,30,-2839,761,85,36896,591189343,639236636,3509,0,0,0
2026-08-02 07:50:34,11813,30,0,3339,-365,-253,3757,29,-2809,812,88,36898,591596335,639236636,3339,0,0,0
2026-08-02 07:55:34,11913,29,0,3339,-271,-235,3752,29,-2776,841,88,36899,592034169,639236636,3329,0,0,0
2026-08-02 08:00:34,12045,28,0,3339,-212,-190,3750,28,-2745,782,88,36899,592453482,639236636,3339,0,0,0
2026-08-02 08:05:35,12203,27,0,3350,-225,-182,3742,27,-2711,876,88,36899,592911597,639236636,3350,0,0,0
2026-08-02 08:10:34,12343,26,0,3359,-608,-842,3707,26,-2676,866,88,36899,593381907,639236636,3350,0,0,0
2026-08-02 08:15:35,12468,25,0,3339,-739,-599,3707,25,-2644,928,88,36897,593816920,639236636,3329,0,0,0
2026-08-02 08:20:34,12621,24,0,3289,-1062,-1097,3670,23,-2609,811,91,36897,594280938,639236636,3239,0,0,0
2026-08-02 08:25:34,12772,23,0,3429,-423,-587,3701,22,-2568,902,82,36899,594820459,639236636,3419,0,0,0
2026-08-02 08:30:35,12919,22,0,3500,-146,-135,3718,21,-2528,930,79,36899,595362018,639236636,3489,0,0,0
2026-08-02 08:35:35,12999,21,0,3300,-135,-125,3726,22,-2506,787,86,36897,595647690,639236636,3309,0,0,0
2026-08-02 08:45:34,13260,20,0,3500,-205,-210,3709,19,-2441,806,82,36896,596520930,639236636,3489,0,0,0
2026-08-02 08:50:34,13370,19,0,3600,-1811,-1894,3620,19,-2416,685,80,36897,596841709,639236636,3550,0,0,0
2026-08-02 08:55:35,13555,17,0,3589,-975,-1077,3641,17,-2348,955,82,36901,597736284,639236636,3559,0,0,0
2026-08-02 09:00:35,13882,14,0,3750,-265,-231,3665,15,-2251,1226,79,36906,598999154,639236636,3750,0,0,0
2026-08-02 09:05:35,14191,13,0,3650,-1150,-772,3621,13,-2192,1161,84,36907,599764041,639236636,3619,0,0,0
2026-08-02 09:10:34,14698,9,0,3839,-622,-378,3621,9,-2101,1332,74,36909,600938709,639236636,3800,0,0,0
2026-08-02 09:15:35,15050,6,0,3650,-928,-833,3607,6,-2046,1142,88,36909,601660334,639236636,3669,0,0,0
2026-08-02 09:25:34,14305,13,1,4169,3798,3625,3921,13,-2166,1000,71,36908,602789876,642077375,3509,8603,2180,20
2026-08-02 09:30:35,13111,21,1,4409,3288,1948,3910,21,-2478,1000,61,36908,604086214,647822782,3809,8618,2179,20
2026-08-02 09:35:35,12068,28,1,4469,3021,3023,3965,28,-2751,1000,60,36908,605504710,653165507,4000,8713,1804,20
2026-08-02 09:40:35,11776,30,0,4029,-1849,-2576,3707,29,-2828,220,69,36908,607199829,655981484,4000,0,0,0
2026-08-02 09:45:35,12126,27,0,3929,-703,-1154,3731,27,-2736,346,70,36908,608437051,655981484,3919,0,0,0
2026-08-02 09:50:35,12418,25,0,3859,-656,-618,3730,25,-2660,509,72,36911,609462276,655981484,3850,0,0,0
2026-08-02 10:00:35,12681,23,0,3369,-166,-143,3744,23,-2591,526,85,36911,610382491,655981484,3379,0,0,0
2026-08-02 10:20:34,12944,22,0,3359,-59,-95,3740,22,-2522,809,84,36911,611299187,655981484,3359,0,0,0
2026-08-02 10:30:34,13011,21,0,3109,-51,-81,3739,22,-2504,538,94,36910,611532530,655981484,3109,0,0,0
2026-08-02 10:55:34,13149,20,0,2619,-50,-40,3739,21,-2468,548,118,36908,612018005,655981484,2629,0,0,0
2026-08-02 11:25:34,13295,19,0,2450,-31,-22,3737,20,-2430,600,134,36908,612529460,655981484,2450,0,0,0
2026-08-02 11:40:35,12824,23,1,3350,3471,3552,4046,23,-2553,1000,97,36909,613229021,658467280,2709,8587,2181,20
2026-08-02 11:45:34,11775,30,1,3909,3607,3748,4044,30,-2828,1000,79,36910,614625194,663848573,3300,8607,2180,20
2026-08-02 11:50:35,10638,37,1,4359,3538,3565,4050,37,-3126,1000,67,36910,615938858,669498898,3729,8620,2178,20
2026-08-02 11:55:35,9447,45,1,4650,3746,3785,4089,45,-3437,1000,52,36911,617058548,675203824,3989,8622,2177,20
2026-08-02 12:00:34,8248,53,1,4759,3702,3736,4134,53,-3751,1000,49,36911,618095155,680887014,4119,8638,2137,20
2026-08-02 12:05:34,7122,61,1,4750,3743,3763,4197,60,-4046,1000,76,36911,618813380,686023731,4139,8643,2087,20
2026-08-02 12:10:34,6140,67,1,4350,2626,2632,4211,67,-4303,1000,71,36911,619566499,690665633,4009,8762,1521,20
2026-08-02 12:15:34,5305,73,1,4250,2626,2632,4278,73,-4522,1000,64,36911,620264586,694716524,3909,8766,1586,20
2026-08-02 12:20:52,4631,78,1,3939,1891,1895,4298,77,-4698,1000,75,36911,620638872,697820922,3750,8901,1026,20
2026-08-02 12:25:34,4080,82,1,3569,1495,1499,4327,81,-4842,1000,88,36911,620864295,700285972,3450,4766,1440,15
2026-08-02 12:30:34,3634,85,1,3400,1487,1499,4372,84,-4959,1000,93,36908,621069149,702324221,3279,4759,1529,15
2026-08-02 12:35:34,3143,88,1,3309,1418,1422,4414,88,-5088,1000,98,36908,621386561,704673980,3189,4787,1386,15
2026-08-02 12:40:34,2770,91,1,3139,1014,1018,4418,90,-5185,1000,105,36908,621620691,706468487,3069,4904,965,15
2026-08-02 12:45:34,2489,93,1,2979,846,775,4419,92,-5259,1000,110,36908,621786665,707803653,2939,4945,786,15
2026-08-02 12:50:34,2285,94,1,2850,562,566,4418,94,-5312,1000,117,36908,621914793,708780237,2819,4996,573,15
2026-08-02 12:55:55,2267,95,0,2669,0,2,4362,94,-5317,1000,125,36908,622005365,708951940,2669,5143,44,15
2026-08-02 13:50:35,3078,92,0,3609,-66,-66,4258,88,-5105,869,87,36911,626624961,710333462,3629,0,0,0
2026-08-02 14:05:34,3549,89,0,3239,-2511,-2836,4028,85,-4981,858,101,36908,628469408,710333462,3109,0,0,0
2026-08-02 14:10:34,3794,88,0,3339,-349,-319,4191,83,-4917,934,94,36911,629434468,710333462,3339,0,0,0
2026-08-02 14:15:34,3950,87,0,3369,-327,-184,4194,82,-4876,783,92,36911,630053868,710333462,3369,0,0,0
2026-08-02 14:20:34,4167,85,0,3509,-577,-406,4164,81,-4820,794,87,36910,630898510,710333462,3519,0,0,0
2026-08-02 14:25:34,4362,83,0,3629,-209,-138,4160,79,-4768,823,80,36910,631666174,710333462,3639,0,0,0
2026-08-02 14:30:35,4527,82,0,3639,-368,-202,4149,78,-4725,875,80,36911,632304838,710333462,3639,0,0,0
2026-08-02 14:35:34,4682,81,0,3650,-637,-164,4136,77,-4685,786,80,36908,632902866,710333462,3639,0,0,0
2026-08-02 14:40:35,4834,80,0,3419,-354,-511,4105,76,-4645,827,85,36910,633490747,710333462,3429,0,0,0
2026-08-02 15:40:35,5056,79,0,2479,-65,-19,4132,76,-4587,537,112,36908,634359569,710333462,2479,0,0,0
2026-08-02 16:05:34,5210,78,0,2619,-24,-34,4117,74,-4547,846,102,36908,634953112,710333462,2619,0,0,0
2026-08-02 16:35:34,5341,77,0,2509,-29,-19,4110,74,-4512,603,107,36908,635459822,710333462,2509,0,0,0
2026-08-02 17:20:34,5485,76,0,2469,-45,-24,4101,73,-4474,572,112,36908,636016452,710333462,2469,0,0,0
2026-08-02 17:35:34,5636,75,0,2700,-134,-188,4068,71,-4435,1076,106,36910,636586690,710333462,2700,0,0,0
2026-08-02 17:45:51,5739,74,0,2669,-67,-88,4073,71,-4408,755,108,36910,636984427,710333462,2669,0,0,0
2026-08-02 18:25:34,5889,73,0,2650,-11,-21,4071,70,-4369,628,110,36909,637556792,710333462,2639,0,0,0
2026-08-02 18:55:37,5999,72,0,2629,-34,-47,4063,69,-4340,589,112,36909,637977318,710333462,2629,0,0,0
2026-08-02 19:05:34,6165,71,0,2779,-14,-9,4045,68,-4296,738,108,36911,638603603,710333462,2779,0,0,0
2026-08-02 19:10:34,6271,70,0,2839,-465,-819,3988,67,-4269,748,108,36908,639003274,710333462,2829,0,0,0
2026-08-02 19:15:35,6378,69,0,3019,-461,-185,4001,66,-4241,762,105,36908,639403512,710333462,3019,0,0,0
2026-08-02 19:20:34,6494,68,0,3169,-48,-109,4007,65,-4210,840,104,36910,639838720,710333462,3169,0,0,0
2026-08-02 19:35:34,6721,67,0,2879,-281,-277,3968,64,-4151,915,120,36909,640695176,710333462,2879,0,0,0
2026-08-02 19:40:34,6818,66,0,2969,-213,-198,3959,63,-4126,844,119,36909,641054114,710333462,2939,0,0,0
2026-08-02 19:45:34,6976,65,0,3200,-1158,-1686,3871,62,-4084,888,113,36910,641638757,710333462,3179,0,0,0
2026-08-02 19:50:34,7160,63,0,3400,-317,-223,3940,61,-4036,941,100,36911,642318547,710333462,3389,0,0,0
2026-08-02 20:00:34,7359,62,0,3159,-626,-519,3915,59,-3984,803,93,36910,643058405,710333462,3179,0,0,0
2026-08-02 20:05:41,7443,61,0,2979,-153,-84,3935,59,-3962,792,93,36909,643364521,710333462,2979,0,0,0
2026-08-02 20:25:34,7775,59,0,2829,-579,-566,3876,57,-3875,1004,88,36908,644580114,710333462,2819,0,0,0
2026-08-02 20:30:34,7859,58,0,2759,-18,-8,3917,56,-3853,1055,89,36909,644884650,710333462,2759,0,0,0
2026-08-02 20:40:35,8071,57,0,2750,-101,-96,3904,55,-3809,818,90,36910,645507157,710333462,2750,0,0,0
2026-08-02 20:45:34,8184,56,0,3029,-254,-236,3875,54,-3758,968,82,36911,646206188,710333462,3009,0,0,0
2026-08-02 20:55:35,8395,55,0,2789,-276,-249,3876,53,-3727,751,89,36908,646638854,710333462,2779,0,0,0
2026-08-02 21:00:36,8446,54,0,3019,-241,-1425,3811,52,-3700,820,82,36910,647018815,710333462,3019,0,0,0
2026-08-02 21:15:34,8567,53,0,2719,-17,-7,3887,52,-3668,786,90,36898,647457695,710333462,2719,0,0,0
2026-08-02 21:25:34,8703,52,0,3129,-519,-579,3845,50,-3627,878,77,36899,648022677,710333462,3119,0,0,0
2026-08-02 21:35:34,8912,51,0,3150,-334,-267,3849,49,-3578,797,77,36897,648708786,710333462,3150,0,0,0
2026-08-02 21:40:35,8978,50,0,3119,-140,-158,3851,49,-3556,789,79,36898,649016369,710333462,3119,0,0,0
2026-08-02 21:45:34,9109,49,0,3239,-211,-460,3832,47,-3512,972,76,36897,649623400,710333462,3250,0,0,0
2026-08-02 21:55:34,9298,48,0,3079,-107,-113,3850,47,-3483,724,82,36898,650025439,710333462,3079,0,0,0
2026-08-02 22:05:34,9419,47,0,3139,-176,-151,3842,46,-3450,768,80,36898,650483899,710333462,3139,0,0,0
2026-08-02 22:15:34,9520,46,0,3250,-396,-479,3824,45,-3415,730,77,36898,650958269,710333462,3250,0,0,0
2026-08-02 22:30:34,9688,45,0,3259,-138,-139,3836,44,-3374,673,79,36898,651533311,710333462,3259,0,0,0
2026-08-02 22:40:34,9809,44,0,3229,-337,-277,3823,43,-3347,660,80,36898,651904443,710333462,3229,0,0,0
2026-08-02 22:55:35,9962,43,0,3209,-133,-127,3827,42,-3307,662,81,36898,652453735,710333462,3209,0,0,0
2026-08-02 23:10:35,10110,42,0,3279,-128,-113,3823,41,-3266,672,81,36898,653010287,710333462,3269,0,0,0
2026-08-02 23:25:34,10259,41,0,3289,-191,-191,3815,40,-3228,651,82,36898,653531969,710333462,3289,0,0,0
2026-08-02 23:35:35,10422,40,0,3479,-641,-1350,3752,39,-3186,766,79,36898,654105818,710333462,3479,0,0,0
2026-08-02 23:45:35,10503,39,0,3189,-15,-13,3819,38,-3169,685,89,36900,654343873,710333462,3189,0,0,0
2026-08-03 00:15:34,10598,38,0,2809,-19,-93,3814,38,-3137,506,103,36900,654776813,710333462,2809,0,0,0
2026-08-03 00:46:00,10743,37,0,2609,-12,-6,3815,37,-3109,477,113,36901,655161496,710333462,2609,0,0,0
2026-08-03 01:20:40,10975,36,0,2500,-166,-183,3795,36,-3075,490,121,36901,655633730,710333462,2500,0,0,0
2026-08-03 01:50:59,11045,35,0,3089,-26,-10,3806,35,-3039,651,100,36901,656126620,710333462,3089,0,0,0
2026-08-03 02:35:49,11185,34,0,2959,-23,-9,3803,34,-2992,490,107,36901,656757794,710333462,2959,0,0,0
2026-08-03 03:00:34,11383,33,0,2800,-111,-113,3784,33,-2942,723,115,36901,657437383,710333462,2800,0,0,0
2026-08-03 03:10:34,11502,32,0,2579,-47,-21,3793,32,-2933,635,124,36901,657572615,710333462,2579,0,0,0
2026-08-03 03:45:40,11620,31,0,2359,-15,-13,3787,31,-2895,549,136,36901,658084618,710333462,2359,0,0,0
2026-08-03 04:10:34,11771,30,0,2309,-16,-9,3784,30,-2871,540,138,36901,658410369,710333462,2309,0,0,0
2026-08-03 04:40:34,11869,29,0,2509,-22,-94,3773,30,-2833,666,123,36901,658927893,710333462,2509,0,0,0
2026-08-03 05:15:34,12053,28,0,2409,-24,-8,3774,28,-2797,586,132,36902,659416817,710333462,2409,0,0,0
2026-08-03 05:40:34,11923,27,0,2739,-48,-80,3759,29,-2747,930,112,36901,660081638,710333462,2739,0,0,0
2026-08-03 05:50:34,12301,26,0,2589,-22,-8,3764,27,-2736,822,120,36902,660233471,710333462,2589,0,0,0
2026-08-03 06:00:34,12237,25,0,3029,-16,-14,3753,27,-2688,1043,100,36902,660864795,710333462,3019,0,0,0
2026-08-03 06:10:34,12559,24,0,3239,-21,-18,3753,25,-2676,993,91,36902,661029843,710333462,3239,0,0,0
2026-08-03 06:40:35,12451,23,0,3239,-269,-302,3721,25,-2603,954,92,36900,661991724,710333462,3239,0,0,0
2026-08-03 06:50:34,12862,22,0,3089,-475,-717,3690,22,-2542,992,94,36900,662808692,710333462,3089,0,0,0
2026-08-03 06:55:35,13082,21,0,3089,-352,-315,3707,21,-2510,968,94,36906,663240604,710333462,3089,0,0,0
2026-08-03 07:00:35,13198,20,0,3119,-317,-378,3704,20,-2480,920,94,36904,663629916,710333462,3119,0,0,0
2026-08-03 07:05:34,13318,19,0,3029,-290,-274,3704,19,-2453,903,100,36905,663999986,710333462,3029,0,0,0
2026-08-03 07:15:34,13522,18,0,3019,-321,-280,3695,18,-2396,888,103,36909,664760315,710333462,3019,0,0,0
2026-08-03 07:20:34,13659,17,0,3019,-599,-541,3666,17,-2362,901,105,36909,665203770,710333462,3009,0,0,0
2026-08-03 07:25:35,13766,16,0,3039,-396,-367,3678,16,-2332,977,106,36909,665600253,710333462,3039,0,0,0
2026-08-03 07:30:35,13843,15,0,3039,-153,-137,3691,16,-2305,844,107,36910,665961322,710333462,3029,0,0,0
2026-08-03 07:40:34,14130,14,0,3039,-334,-294,3661,14,-2238,961,110,36908,666842580,710333462,3039,0,0,0
2026-08-03 07:45:34,14311,12,0,3009,-409,-254,3660,13,-2212,878,110,36899,667186270,710333462,3009,0,0,0
2026-08-03 07:50:34,14489,11,0,2919,-287,-401,3647,11,-2185,906,117,36899,667542431,710333462,2919,0,0,0
2026-08-03 07:55:34,14721,10,0,2859,-222,-188,3660,10,-2161,854,127,36899,667857221,710333462,2869,0,0,0
2026-08-03 08:00:34,14872,9,0,2839,-354,-354,3641,8,-2132,983,135,36899,668237250,710333462,2839,0,0,0
2026-08-03 08:05:34,15074,7,0,2839,-280,-299,3649,7,-2109,862,143,36896,668542220,710333462,2839,0,0,0
2026-08-03 08:15:34,15231,6,0,2769,-343,-249,3643,6,-2059,848,158,36898,669201597,710333462,2779,0,0,0
2026-08-03 08:25:34,13779,16,1,3959,3991,3984,4001,17,-2304,1000,80,36899,670404927,715097066,3229,8599,2128,20
2026-08-03 08:30:34,12591,24,1,4239,3906,3895,4021,24,-2614,1000,68,36899,671309239,720486920,3519,8618,2131,20
2026-08-03 08:35:34,11401,32,1,4329,3878,3903,4048,32,-2926,1000,74,36899,672139739,725845388,3669,8628,2129,20
2026-08-03 08:40:34,10131,41,1,4400,3690,3676,4077,41,-3258,1000,60,36899,673004972,731560959,3739,8634,2129,20
2026-08-03 08:45:34,9010,48,1,4409,3431,3627,4117,48,-3552,1000,54,36896,673761926,736682916,3769,8652,2100,20
2026-08-03 08:50:34,8982,49,0,3300,-312,-287,3898,48,-3559,1000,74,36897,674130348,737174052,3309,0,0,0
2026-08-03 09:05:34,9289,48,0,3159,-213,-218,3859,46,-3479,286,79,36897,675249972,737174052,3159,0,0,0
2026-08-03 09:10:35,9410,47,0,3229,-218,-184,3848,45,-3447,529,77,36898,675691109,737174052,3219,0,0,0
2026-08-03 09:20:34,9609,46,0,3239,-326,-346,3829,44,-3395,687,78,36896,676408763,737174052,3239,0,0,0
2026-08-03 09:25:35,9729,45,0,3279,-384,-245,3828,43,-3363,726,78,36898,676843647,737174052,3279,0,0,0
2026-08-03 09:30:35,9854,44,0,3309,-602,-703,3800,42,-3331,759,78,36899,677291420,737174052,3300,0,0,0
2026-08-03 09:35:34,9940,43,0,3279,-785,-266,3818,42,-3308,621,79,36899,677599508,737174052,3279,0,0,0
2026-08-03 09:45:34,10102,42,0,3159,-176,-223,3820,41,-3266,623,83,36898,678186523,737174052,3159,0,0,0
2026-08-03 09:55:34,10290,41,0,3179,-129,-122,3817,40,-3217,746,85,36898,678861389,737174052,3179,0,0,0
2026-08-03 10:05:34,10383,40,0,3229,-33,-32,3824,39,-3192,693,85,36898,679194519,737174052,3219,0,0,0
2026-08-03 10:25:34,10532,39,0,3409,-72,-58,3818,38,-3153,553,83,36899,679728676,737174052,3400,0,0,0
2026-08-03 10:45:34,10647,38,0,3450,-199,-184,3807,37,-3123,620,83,36896,680138613,737174052,3459,0,0,0
2026-08-03 11:15:34,10785,37,0,3139,-57,-48,3813,37,-3087,492,94,36897,680634686,737174052,3139,0,0,0
2026-08-03 11:25:35,11047,35,0,3339,-988,-886,3751,34,-3019,621,92,36897,681565183,737174052,3319,0,0,0
2026-08-03 11:35:35,11242,34,0,3400,-294,-282,3781,33,-2968,629,92,36899,682263749,737174052,3409,0,0,0
2026-08-03 11:40:35,11339,33,0,3389,-321,-295,3778,32,-2942,617,94,36896,682608916,737174052,3379,0,0,0
2026-08-03 11:50:34,11551,32,0,3389,-268,-303,3772,31,-2887,666,91,36898,683365457,737174052,3389,0,0,0
2026-08-03 12:00:34,11634,31,0,3259,-205,-196,3775,30,-2865,555,94,36898,683657537,737174052,3259,0,0,0
2026-08-03 12:25:34,11761,30,0,3109,-64,-99,3778,30,-2832,618,97,36899,684108839,737174052,3109,0,0,0
2026-08-03 12:40:34,11924,29,0,3169,-330,-267,3756,29,-2789,625,94,36897,684689901,737174052,3150,0,0,0
2026-08-03 13:05:34,12045,28,0,3189,-38,-31,3769,28,-2757,577,93,36897,685119251,737174052,3189,0,0,0
2026-08-03 13:30:34,12271,27,0,3159,-327,-383,3733,26,-2698,797,94,36899,685912371,737174052,3150,0,0,0
2026-08-03 13:35:35,12376,26,0,3219,-209,-239,3738,26,-2671,789,92,36899,686283243,737174052,3219,0,0,0
2026-08-03 13:40:34,12479,25,0,3289,-267,-333,3729,25,-2644,782,89,36897,686642615,737174052,3289,0,0,0
2026-08-03 13:45:34,12593,24,0,3350,-872,-1305,3680,24,-2614,770,86,36899,687042499,737174052,3350,0,0,0
2026-08-03 13:50:34,12716,23,0,3389,-397,-504,3715,23,-2582,869,83,36897,687471551,737174052,3389,0,0,0
2026-08-03 13:55:34,12922,22,0,3479,-532,-429,3703,22,-2528,1018,79,36898,688190429,737174052,3469,0,0,0
2026-08-03 14:00:35,13055,21,0,3439,-279,-253,3715,21,-2493,950,81,36897,688652739,737174052,3439,0,0,0
2026-08-03 14:05:34,13185,20,0,3369,-444,-353,3705,20,-2463,894,84,36898,689052763,737174052,3369,0,0,0
2026-08-03 14:10:35,13337,19,0,3379,-570,-553,3684,19,-2429,870,86,36898,689507676,737174052,3379,0,0,0
2026-08-03 14:15:35,13325,18,0,3269,-57,-31,3719,19,-2400,883,90,36898,689894137,737174052,3279,0,0,0
2026-08-03 14:25:35,13606,17,0,3129,-307,-386,3689,17,-2363,749,99,36898,690391012,737174052,3129,0,0,0
2026-08-03 14:35:34,13831,15,0,3189,-1102,-986,3638,15,-2327,767,100,36899,690862865,737174052,3189,0,0,0
2026-08-03 14:45:34,14016,14,0,3089,-333,-348,3674,15,-2262,777,107,36898,691715455,737174052,3100,0,0,0
2026-08-03 14:50:34,14165,13,0,3079,-344,-384,3663,14,-2241,798,108,36898,691993609,737174052,3069,0,0,0
2026-08-03 15:00:34,14407,12,0,3279,-1024,-1053,3616,12,-2193,785,96,36898,692634088,737174052,3279,0,0,0
2026-08-03 15:05:34,14609,10,0,3329,-463,-455,3647,11,-2163,909,95,36899,693018923,737174052,3319,0,0,0
2026-08-03 15:10:34,14863,9,0,3329,-294,-322,3657,8,-2142,865,99,36896,693304781,737174052,3329,0,0,0
2026-08-03 15:15:34,14954,8,0,3379,-583,-609,3629,7,-2110,866,99,36896,693725251,737174052,3369,0,0,0
2026-08-03 15:20:34,15087,7,0,3350,-178,-141,3660,7,-2087,784,106,36898,694019141,737174052,3350,0,0,0
2026-08-03 15:30:34,15262,6,0,3059,-78,-77,3668,6,-2043,671,135,36899,694602629,737174052,3069,0,0,0
2026-08-03 15:35:34,14154,14,1,3809,4063,3938,3983,14,-2205,1000,86,36896,695084107,739959702,3100,8625,2180,20
2026-08-03 15:45:34,13549,18,1,3800,4112,4057,4018,18,-2364,1000,83,36896,695774540,742973158,3219,8614,2180,20
2026-08-03 15:50:34,12303,26,1,4139,3724,3680,4027,26,-2690,1000,71,36896,696619482,748554977,3450,8629,2178,20
2026-08-03 15:55:34,11201,33,0,3759,-15,-10,3858,34,-2978,1000,78,36897,697453022,753612959,3829,0,0,0
2026-08-03 16:20:35,11502,32,0,3339,-683,-596,3764,31,-2900,460,94,36898,698529266,753612959,3329,0,0,0
2026-08-03 16:30:59,11618,31,0,3300,-142,-148,3790,31,-2869,393,93,36897,698942143,753612959,3289,0,0,0
2026-08-03 16:45:34,11906,29,0,3419,-439,-440,3758,28,-2794,486,85,36899,699963913,753612959,3419,0,0,0
2026-08-03 17:01:17,12036,28,0,3439,-133,-146,3778,28,-2760,289,84,36897,700426463,753612959,3439,0,0,0
2026-08-03 17:05:35,12220,27,0,3359,-441,-488,3738,26,-2711,545,87,36898,701077153,753612959,3350,0,0,0
2026-08-03 17:10:34,12308,26,0,3139,-147,-138,3760,26,-2688,470,95,36896,701385739,753612959,3139,0,0,0
2026-08-03 17:20:34,12500,25,0,3259,-440,-375,3726,24,-2638,704,91,36899,702060751,753612959,3239,0,0,0
2026-08-03 17:25:34,12677,24,0,3319,-164,-151,3739,24,-2592,688,86,36898,702678787,753612959,3319,0,0,0
2026-08-03 17:30:34,12848,22,0,3409,-803,-461,3705,22,-2547,827,82,36896,703273952,753612959,3400,0,0,0
2026-08-03 17:35:34,12990,21,0,3350,-274,-245,3720,22,-2510,809,84,36898,703768692,753612959,3359,0,0,0
2026-08-03 17:45:35,13270,20,0,3300,-233,-245,3711,20,-2437,877,88,36898,704745071,753612959,3289,0,0,0
2026-08-03 17:50:34,13378,19,0,3339,-257,-263,3707,19,-2408,845,88,36898,705122862,753612959,3339,0,0,0
2026-08-03 17:55:34,13498,18,0,3369,-495,-511,3687,18,-2377,847,88,36896,705538908,753612959,3369,0,0,0
2026-08-03 18:00:34,13627,17,0,3300,-350,-301,3688,17,-2343,893,92,36896,705989335,753612959,3300,0,0,0
2026-08-03 18:05:34,13743,16,0,3389,-327,-273,3687,17,-2313,902,90,36898,706390385,753612959,3389,0,0,0
2026-08-03 18:10:34,13937,15,0,3229,-146,-141,3694,15,-2292,855,99,36898,706667058,753612959,3229,0,0,0
2026-08-03 18:20:34,14115,14,0,3339,-685,-272,3678,14,-2245,899,95,36899,707295395,753612959,3329,0,0,0
2026-08-03 18:25:34,14176,13,0,3309,-110,-90,3684,14,-2225,715,95,36899,707554655,753612959,3319,0,0,0
2026-08-03 18:30:34,14367,12,0,3200,-157,-137,3679,13,-2213,680,101,36896,707710733,753612959,3189,0,0,0
2026-08-03 18:40:34,14636,10,0,3219,-128,-104,3677,11,-2185,675,100,36896,708078826,753612959,3239,0,0,0
2026-08-03 18:45:34,14770,9,0,2959,-179,-154,3671,9,-2172,563,121,36899,708255603,753612959,2959,0,0,0
2026-08-03 19:01:16,15005,8,0,2969,-84,-91,3673,8,-2130,648,129,36899,708805966,753612959,2969,0,0,0
2026-08-03 19:05:34,15030,7,0,2919,-1156,-1273,3573,7,-2113,679,135,36896,709037730,753612959,2919,0,0,0
2026-08-03 19:25:34,15247,6,0,3489,-326,-316,3636,6,-1992,970,105,36902,710620332,753612959,3489,0,0,0
2026-08-03 19:35:35,15375,5,0,3409,-480,-372,3617,5,-1925,859,113,36906,711491115,753612959,3409,0,0,0
2026-08-03 19:50:34,15482,4,0,2879,-147,-136,3617,4,-1868,752,160,36907,712232849,753612959,2879,0,0,0
2026-08-03 19:55:34,14841,9,1,3250,2780,2823,3919,9,-2025,1000,116,36906,712786446,756373484,2889,4348,2779,15
2026-08-03 20:00:34,14011,15,1,3289,2660,2690,3946,15,-2243,1000,104,36907,713454393,760109395,2959,4373,2712,15
2026-08-03 20:05:35,13226,20,1,3239,2597,2597,3978,20,-2448,1000,96,36907,713951618,763544652,2919,4395,2666,15
2026-08-03 20:10:34,12441,25,1,3229,2556,2559,3997,26,-2654,1000,98,36907,714570291,767107244,2909,4414,2576,15
2026-08-03 20:15:34,11656,31,1,3209,2377,2428,4007,31,-2859,1000,100,36907,714945791,770446849,2950,4412,2573,15
2026-08-03 20:20:35,10971,35,1,3379,1687,1492,3968,35,-3038,1000,93,36907,715904190,773992750,3119,4410,2572,15
2026-08-03 20:25:34,10319,40,1,3439,2269,2258,4020,40,-3209,1000,80,36907,716624364,777175039,3189,4425,2527,15
2026-08-03 20:30:34,9823,43,0,3100,-23,-61,3888,43,-3339,1000,83,36905,717320917,779778140,3129,0,0,0
2026-08-03 20:35:34,9287,47,1,3419,2386,2402,4064,47,-3479,1000,75,36905,717710770,782211556,3139,4451,2388,15
2026-08-03 20:40:34,8563,51,1,3509,1973,1980,4065,51,-3669,1000,70,36905,718258808,785541815,3289,4522,2193,15
2026-08-03 20:45:34,7892,56,1,3659,2185,2166,4101,56,-3844,1000,67,36905,718769143,788636803,3419,4482,2321,15
2026-08-03 20:50:34,7191,61,1,3669,2195,2189,4138,60,-4028,1000,93,36905,719152960,791742998,3439,4524,2223,15
2026-08-03 20:55:34,6553,65,1,3669,2102,2113,4174,65,-4195,1000,94,36905,719422276,794519140,3439,4550,2125,15
2026-08-03 21:00:34,5931,69,1,3600,1859,1701,4197,69,-4358,1000,84,36905,719799452,797354592,3419,4565,2069,15
2026-08-03 21:05:34,5285,74,1,3459,1767,1760,4254,73,-4527,1000,80,36905,720107928,800241683,3269,4602,1938,15
2026-08-03 21:10:34,4712,78,1,3309,1654,1660,4297,77,-4677,1000,91,36905,720403594,802846646,3159,4687,1702,15
2026-08-03 21:15:34,4255,81,1,3159,1494,1498,4328,80,-4796,1000,97,36905,720667234,804979363,3039,4743,1541,15
2026-08-03 21:20:34,3765,84,1,3059,1494,1499,4375,84,-4925,1000,105,36905,720956774,807280031,2939,4747,1521,15
2026-08-03 21:25:34,3310,87,1,2969,1390,1392,4410,87,-5044,1000,109,36905,721193202,809404107,2859,4767,1449,15
2026-08-03 21:30:34,2932,90,1,2859,1046,1050,4418,90,-5143,1000,117,36905,721416840,811202415,2789,4809,1328,15
2026-08-03 21:35:34,2636,92,1,2759,774,777,4418,92,-5220,1000,122,36905,721634405,812653444,2709,4972,819,15
2026-08-03 21:40:34,2423,94,1,2669,600,603,4417,93,-5276,1000,125,36905,721833377,813742879,2639,5029,644,15
2026-08-03 21:45:34,2309,95,0,2550,0,3,4367,94,-5306,1000,132,36905,722044517,814430597,2550,5180,94,15
2026-08-04 00:05:34,2951,94,0,3289,-227,-209,4271,89,-5146,748,99,42026,730842826,820753154,3289,0,0,0
2026-08-04 00:10:34,3052,93,0,3329,-560,-465,4252,88,-5119,758,97,42027,731249850,820753154,3329,0,0,0
2026-08-04 00:20:34,3249,92,0,3289,-356,-365,4245,87,-5068,772,96,42025,732038902,820753154,3279,0,0,0
2026-08-04 00:25:34,3363,91,0,3309,-433,-173,4237,86,-5038,768,96,42027,732494413,820753154,3289,0,0,0
2026-08-04 00:30:35,3479,90,0,3339,-3693,-3635,4046,85,-5007,722,95,42027,732954172,820753154,3300,0,0,0
2026-08-04 00:35:34,3611,89,0,3379,-435,-513,4206,84,-4973,677,93,42027,733478444,820753154,3369,0,0,0
2026-08-04 00:40:35,3733,88,0,3400,-934,-861,4162,84,-4941,686,92,42026,733963419,820753154,3379,0,0,0
2026-08-04 00:45:34,3862,87,0,3400,-276,-231,4206,83,-4907,750,92,42027,734473646,820753154,3400,0,0,0
2026-08-04 00:55:37,4008,86,0,3259,-82,-43,4206,82,-4869,711,96,42024,735049201,820753154,3259,0,0,0
2026-08-04 01:20:36,4105,85,0,3429,-87,-26,4203,81,-4844,585,91,42024,735431710,820753154,3429,0,0,0
2026-08-04 01:55:37,4250,84,0,3500,-13,-8,4193,80,-4806,552,86,42024,736002512,820753154,3500,0,0,0
2026-08-04 02:20:34,4380,83,0,3500,-18,-8,4183,79,-4772,562,83,42026,736515394,820753154,3500,0,0,0
2026-08-04 03:00:34,4518,82,0,3459,-87,-76,4170,78,-4736,532,85,42026,737056299,820753154,3459,0,0,0
2026-08-04 03:36:14,4652,81,0,3519,-18,-10,4162,77,-4700,473,84,42026,737582922,820753154,3519,0,0,0
2026-08-04 04:15:36,4801,80,0,3529,-45,-29,4151,76,-4661,478,83,42026,738164180,820753154,3529,0,0,0
2026-08-04 04:55:34,4931,79,0,3600,-39,-27,4142,75,-4627,460,81,42026,738673000,820753154,3600,0,0,0
2026-08-04 05:35:34,5061,78,0,3569,-34,-22,4133,75,-4593,442,79,42026,739177852,820753154,3569,0,0,0
2026-08-04 06:11:07,5215,77,0,3550,-16,-11,4121,74,-4553,471,76,42026,739774400,820753154,3539,0,0,0
2026-08-04 07:00:34,5411,76,0,2939,-91,-60,4101,73,-4502,485,94,42024,740533703,820753154,2939,0,0,0
2026-08-04 07:30:34,5555,75,0,3089,-33,-47,4094,72,-4464,596,93,42024,741088663,820753154,3079,0,0,0
2026-08-04 07:45:39,5673,74,0,3279,-112,-89,4080,71,-4433,596,88,42024,741540249,820753154,3279,0,0,0
2026-08-04 08:10:39,5815,73,0,3200,-20,-9,4076,70,-4396,514,92,42024,742084844,820753154,3189,0,0,0
2026-08-04 08:25:42,5919,72,0,3409,-18,-64,4066,69,-4369,512,87,42024,742486325,820753154,3409,0,0,0
2026-08-04 08:55:34,6054,71,0,3550,-62,-22,4060,68,-4333,429,85,42024,742999605,820753154,3550,0,0,0
2026-08-04 09:25:59,6195,70,0,3579,-17,-11,4050,67,-4296,416,86,42026,743537628,820753154,3579,0,0,0
2026-08-04 09:50:37,6314,69,0,3639,-14,-22,4042,66,-4265,429,87,42024,743991569,820753154,3639,0,0,0
2026-08-04 10:35:34,6498,68,0,3169,-93,-108,4018,65,-4217,502,104,42025,744688732,820753154,3159,0,0,0
2026-08-04 10:50:34,6706,67,0,3479,-499,-596,3965,64,-4163,748,102,42025,745461508,820753154,3479,0,0,0
2026-08-04 10:55:34,6870,65,0,3529,-3300,-3169,3826,62,-4120,787,103,42025,746057754,820753154,3519,0,0,0
2026-08-04 11:00:35,7054,64,0,3529,-715,-302,3946,61,-4072,728,102,42025,746746302,820753154,3529,0,0,0
2026-08-04 11:05:34,7280,62,0,3559,-727,-627,3909,59,-4012,830,88,42027,747576816,820753154,3550,0,0,0
2026-08-04 11:10:35,7502,61,0,3679,-884,-813,3894,58,-3954,855,72,42026,748392590,820753154,3669,0,0,0
2026-08-04 11:15:34,7749,59,0,3809,-1585,-840,3869,56,-3890,900,64,42024,749286355,820753154,3779,0,0,0
2026-08-04 11:20:34,8161,55,0,3979,-614,-336,3871,53,-3774,901,59,42031,750881446,820753154,3989,0,0,0
2026-08-04 11:40:34,8605,53,0,3409,-643,-631,3837,50,-3662,1004,70,42018,752427339,820753154,3389,0,0,0
2026-08-04 11:45:34,8776,52,0,3400,-379,-343,3849,50,-3622,941,69,42016,752993631,820753154,3389,0,0,0
2026-08-04 11:50:34,9053,49,0,3609,-2318,-2180,3740,47,-3549,1005,67,42023,753978680,820753154,3550,0,0,0
2026-08-04 11:55:34,9342,48,0,3669,-397,-380,3821,46,-3474,1065,66,42027,755003958,820753154,3669,0,0,0
2026-08-04 12:00:34,9653,45,0,3779,-324,-309,3809,43,-3392,1122,65,42030,756118583,820753154,3779,0,0,0
2026-08-04 12:05:35,10004,43,0,3859,-923,-2015,3727,41,-3299,1169,65,42016,757369499,820753154,3839,0,0,0
2026-08-04 12:10:34,10309,41,0,3750,-306,-148,3792,39,-3220,1309,70,42017,758436837,820753154,3750,0,0,0
2026-08-04 12:15:34,10546,39,0,3619,-151,-190,3788,38,-3164,1174,77,42018,759197376,820753154,3629,0,0,0
2026-08-04 12:20:34,10776,37,0,3600,-1059,-1128,3729,36,-3100,1011,81,42017,760053397,820753154,3579,0,0,0
2026-08-04 12:25:34,11067,35,0,3729,-857,-869,3731,34,-3022,990,82,42020,761108925,820753154,3709,0,0,0
2026-08-04 12:30:34,11347,33,0,3869,-1136,-1298,3701,32,-2949,915,81,42027,762090091,820753154,3809,0,0,0
2026-08-04 12:35:34,11621,31,0,3859,-918,-853,3717,30,-2874,1099,77,42028,763080721,820753154,3839,0,0,0
2026-08-04 12:40:35,11907,29,0,3769,-996,-926,3703,28,-2800,1027,75,42031,764079252,820753154,3759,0,0,0
2026-08-04 12:45:34,12208,27,0,3719,-830,-786,3696,26,-2720,995,76,42030,765141060,820753154,3700,0,0,0
2026-08-04 12:50:34,12442,25,0,3609,-1595,-552,3688,24,-2666,971,80,42016,765849910,820753154,3569,0,0,0
2026-08-04 12:55:35,12608,24,0,3509,-824,-593,3695,23,-2623,967,82,42023,766432279,820753154,3489,0,0,0
2026-08-04 13:00:34,12835,22,0,3539,-170,-132,3711,22,-2562,1088,79,42025,767232408,820753154,3539,0,0,0
2026-08-04 13:05:35,13021,21,0,3450,-495,-355,3701,21,-2518,1051,82,42025,767812241,820753154,3450,0,0,0
2026-08-04 13:10:34,13196,20,0,3489,-350,-419,3686,19,-2467,1053,82,42026,768492680,820753154,3479,0,0,0
2026-08-04 13:15:35,13340,19,0,3379,-632,-709,3675,19,-2430,963,88,42027,768976271,820753154,3379,0,0,0
2026-08-04 13:20:34,13508,18,0,3369,-585,-385,3682,18,-2387,1066,90,42025,769546884,820753154,3369,0,0,0
2026-08-04 13:25:34,13652,17,0,3300,-218,-204,3691,17,-2356,1001,94,42027,769962952,820753154,3300,0,0,0
2026-08-04 13:30:39,13789,16,0,3150,-25,-14,3705,16,-2336,857,103,42024,770229645,820753154,3150,0,0,0
2026-08-04 13:35:34,13799,15,0,3059,-322,-506,3668,16,-2313,897,108,42025,770532659,820753154,3059,0,0,0
2026-08-04 13:45:34,14010,14,0,3079,-219,-140,3681,15,-2269,873,112,42031,771111719,820753154,3079,0,0,0
2026-08-04 13:50:41,14159,13,0,3069,-126,-282,3675,14,-2250,850,113,42030,771355922,820753154,3069,0,0,0
2026-08-04 14:00:34,14401,12,0,3129,-254,-145,3661,12,-2199,1014,109,42030,772032451,820753154,3119,0,0,0
2026-08-04 14:05:47,14525,11,0,3200,-246,-247,3653,11,-2166,1007,105,42028,772462493,820753154,3200,0,0,0
2026-08-04 14:10:34,15086,7,0,3100,-56,-10,3678,7,-2160,835,126,42031,772537168,820753154,3100,0,0,0
2026-08-04 14:35:34,15182,6,0,3239,-270,-442,3629,6,-2033,841,121,42031,774198878,820753154,3239,0,0,0
2026-08-04 14:45:34,15343,5,0,3229,-456,-502,3612,5,-1963,993,126,42022,775109490,820753154,3229,0,0,0
2026-08-04 15:00:34,15493,4,0,3229,-225,-175,3607,4,-1881,902,140,42020,776167766,820753154,3229,0,0,0
2026-08-04 15:10:34,15713,2,0,3279,-70,-69,3541,2,-1808,972,186,42025,777100281,820753154,3279,0,0,0
2026-08-04 15:15:35,14901,9,1,3519,2760,2810,3894,9,-2017,1000,99,42024,777570993,824121394,3150,4324,2781,15
2026-08-04 15:20:34,14110,14,1,3500,2395,2527,3916,14,-2224,1000,98,42025,778225205,827694297,3179,4335,2779,15
2026-08-04 15:25:34,13374,19,1,3559,2445,2560,3943,19,-2417,1000,85,42025,779008214,831200149,3279,4357,2720,15
2026-08-04 15:30:34,12633,24,1,3529,2347,2403,3961,24,-2611,1000,85,42025,779851390,834796749,3250,4374,2675,15
2026-08-04 15:35:34,11841,29,1,3479,2583,2582,3995,30,-2819,1000,88,42025,780289529,838215882,3169,4409,2581,15
2026-08-04 15:40:35,11108,34,1,3479,2107,2228,3996,34,-3010,1000,93,42025,781102538,841785089,3189,4405,2570,15
2026-08-04 15:45:35,10421,39,1,3479,2279,2286,4016,39,-3190,1000,82,42025,781688866,844974861,3209,4418,2528,15
2026-08-04 15:50:34,9682,44,1,3479,2155,2195,4035,44,-3384,1000,75,42025,782261353,848355060,3229,4420,2503,15
2026-08-04 15:55:35,9029,48,0,3529,1724,2068,4049,48,-3555,1000,69,42025,782996601,851584357,3309,0,0,0
2026-08-04 16:10:34,9498,47,0,2989,-334,-354,3835,45,-3432,599,84,42026,784703710,851584357,3000,0,0,0
2026-08-04 16:15:34,9626,46,0,2950,-574,-573,3812,44,-3398,659,87,42026,785164360,851584357,2950,0,0,0
2026-08-04 16:20:34,9778,45,0,2969,-728,-873,3784,43,-3359,745,88,42027,785709844,851584357,2950,0,0,0
2026-08-04 16:25:35,9905,44,0,2939,-353,-355,3814,42,-3325,722,89,42024,786168421,851584357,2929,0,0,0
2026-08-04 16:30:34,10019,43,0,2889,-86,-72,3828,42,-3295,785,90,42025,786579019,851584357,2909,0,0,0
2026-08-04 16:55:34,10144,42,0,2389,-126,-164,3819,41,-3263,608,113,42025,787030180,851584357,2389,0,0,0
2026-08-04 17:25:39,10288,41,0,2329,-50,-5,3828,40,-3225,706,118,42025,787547493,851584357,2329,0,0,0
2026-08-04 17:35:40,10407,40,0,2389,-23,-10,3822,39,-3194,803,117,42025,787970542,851584357,2400,0,0,0
2026-08-04 18:10:34,10587,39,0,2300,-552,-646,3762,38,-3147,668,127,42025,788613927,851584357,2300,0,0,0
2026-08-04 18:35:34,10699,38,0,2289,-14,-7,3817,37,-3117,659,130,42025,789020112,851584357,2289,0,0,0
2026-08-04 19:00:34,10898,37,0,2369,-84,-34,3805,36,-3065,875,128,42027,789726183,851584357,2369,0,0,0
2026-08-04 19:10:43,10988,36,0,2369,-26,-45,3804,35,-3042,723,130,42027,790047257,851584357,2369,0,0,0
2026-08-04 19:25:34,11166,35,0,2579,-843,-773,3726,34,-2995,842,125,42026,790677055,851584357,2550,0,0,0
2026-08-04 19:30:35,11398,33,0,3019,-428,-313,3757,32,-2934,841,108,42024,791492663,851584357,3000,0,0,0
2026-08-04 19:35:34,11596,31,0,3329,-506,-929,3732,31,-2883,696,93,42024,792186325,851584357,3319,0,0,0
2026-08-04 19:40:34,11756,30,0,3279,-325,-262,3755,29,-2841,782,92,42026,792751745,851584357,3269,0,0,0
2026-08-04 19:45:34,11916,29,0,3269,-181,-134,3760,29,-2799,799,91,42027,793315094,851584357,3269,0,0,0
2026-08-04 19:50:34,12050,28,0,3229,-385,-371,3739,28,-2764,785,92,42027,793788335,851584357,3229,0,0,0
2026-08-04 19:55:34,12300,26,0,3550,-1022,-1026,3684,25,-2698,784,83,42027,794655892,851584357,3479,0,0,0
2026-08-04 20:00:35,12504,25,0,3650,-877,-1032,3690,25,-2645,902,79,42025,795369269,851584357,3629,0,0,0
2026-08-04 20:05:35,12681,24,0,3350,-618,-423,3713,24,-2599,755,86,42026,795988752,851584357,3389,0,0,15
2026-08-04 20:10:35,11895,29,1,3500,2654,2586,3962,29,-2805,1000,87,42026,796507673,855008432,3179,4380,2678,15
2026-08-04 20:15:34,11110,34,1,3429,1899,1993,3965,34,-3010,1000,93,42026,797115102,858564110,3169,4374,2695,15
2026-08-04 20:20:35,10369,39,1,3450,2076,1918,3991,39,-3204,1000,81,42026,797704613,861947415,3200,4401,2621,15
2026-08-04 20:25:34,9573,45,1,3509,2456,2458,4049,45,-3412,1000,73,42026,798151369,865423285,3209,4449,2465,15
2026-08-04 20:30:34,8904,49,1,3419,2198,2193,4065,49,-3587,1000,72,42026,798692632,868522338,3179,4487,2322,15
2026-08-04 20:35:34,8210,54,1,3339,2189,2207,4103,54,-3769,1000,74,42026,799169433,871678202,3100,4486,2331,15
2026-08-04 20:40:34,7603,58,0,2979,-340,-311,3984,58,-3928,1000,85,42026,799500364,874382994,2989,0,0,0
2026-08-04 21:00:34,8035,57,0,3329,-440,-258,3911,55,-3815,250,73,42027,801101020,874382994,3329,0,0,0
2026-08-04 21:05:34,8273,55,0,3459,-904,-925,3850,53,-3753,700,70,42026,801965932,874382994,3429,0,0,0
2026-08-04 21:10:35,8518,54,0,3539,-698,-642,3855,51,-3688,759,67,42026,802858543,874382994,3529,0,0,0
2026-08-04 21:15:34,8757,52,0,3659,-746,-824,3834,49,-3626,781,64,42025,803722669,874382994,3629,0,0,0
2026-08-04 21:20:34,8948,50,0,3629,-390,-393,3851,48,-3576,769,65,42025,804415505,874382994,3629,0,0,0
2026-08-04 21:25:34,9110,49,0,3629,-974,-954,3818,47,-3533,715,66,42027,805004705,874382994,3629,0,0,0
2026-08-04 21:35:34,9339,48,0,3479,-400,-460,3845,46,-3473,668,70,42025,805835667,874382994,3489,0,0,0
2026-08-04 21:40:34,9461,47,0,3469,-417,-500,3823,45,-3432,715,70,42030,806402824,874382994,3479,0,0,0
2026-08-04 21:45:34,9554,46,0,3300,-231,-265,3822,44,-3385,888,76,42030,807049180,874382994,3300,0,0,0
2026-08-04 21:50:34,9809,44,0,3300,-889,-1121,3770,43,-3334,963,79,42028,807746912,874382994,3279,0,0,0
2026-08-04 21:55:34,10034,43,0,3329,-543,-662,3781,41,-3277,942,78,42030,808522226,874382994,3319,0,0,0
2026-08-04 22:00:34,10213,41,0,3289,-1057,-740,3770,40,-3232,890,81,42029,809138181,874382994,3300,0,0,0
2026-08-04 22:05:34,10378,40,0,2950,-235,-193,3805,39,-3204,814,92,42016,809525206,874382994,2969,0,0,0
2026-08-04 22:10:34,10474,39,0,2839,-136,-135,3797,39,-3163,988,99,42016,810074527,874382994,2839,0,0,0
2026-08-04 22:15:34,10680,38,0,2629,-28,-19,3815,37,-3156,880,111,42016,810166335,874382994,2629,0,0,0
2026-08-04 22:30:34,10811,37,0,2389,-46,-97,3806,37,-3122,796,124,42021,810628697,874382994,2389,0,0,0
2026-08-04 23:05:34,10980,36,0,2339,-18,-10,3809,35,-3076,657,130,42021,811259300,874382994,2339,0,0,0
2026-08-04 23:15:34,11090,35,0,2959,-232,-367,3770,34,-3015,927,106,42025,812083049,874382994,2939,0,0,0
2026-08-04 23:20:34,11213,34,0,3139,-572,-529,3752,33,-2975,924,101,42026,812631271,874382994,3139,0,0,0
2026-08-04 23:30:34,11460,33,0,2750,-161,-150,3780,32,-2936,716,116,42028,813164905,874382994,2759,0,0,0
2026-08-04 23:35:38,11458,32,0,2609,-122,-104,3780,32,-2920,696,122,42028,813380754,874382994,2619,0,0,0
2026-08-04 23:55:35,11582,31,0,2400,-13,-7,3790,31,-2897,645,133,42028,813690768,874382994,2400,0,0,0
2026-08-05 00:05:34,10982,35,1,2950,2091,1911,3983,35,-3043,1000,109,42028,814259904,877073514,2679,4391,2613,15
2026-08-05 00:10:34,10233,40,1,3239,2299,2420,4025,40,-3240,1000,86,42028,814843163,880492496,2969,4425,2503,15
2026-08-05 00:15:34,9481,45,1,3359,2436,2434,4056,45,-3436,1000,77,42028,815292059,883811327,3059,4450,2426,15
2026-08-05 00:20:34,8752,50,1,3309,2350,2364,4088,50,-3627,1000,75,42028,815597094,886914342,3029,4475,2369,15
2026-08-05 00:25:34,8017,55,1,3300,2275,2283,4121,55,-3819,1000,76,42028,815891423,890048620,3029,4500,2275,15
2026-08-05 00:30:34,7335,60,1,3259,2162,2159,4153,60,-3998,1000,95,42028,816171960,892999922,3019,4526,2197,15
2026-08-05 00:35:34,6655,64,1,3289,2090,2106,4189,64,-4176,1000,108,42028,816620975,896117936,3059,4553,2124,15
2026-08-05 00:40:34,6014,69,1,3189,1980,1967,4229,69,-4344,1000,97,42028,816886589,898930708,2989,4589,1985,15
2026-08-05 00:45:34,5433,73,1,3150,1661,1661,4251,72,-4496,1000,91,42028,817314294,901681137,2989,4600,1969,15
2026-08-05 00:50:35,4930,76,1,3179,1641,1663,4282,76,-4628,1000,94,42028,817892538,904288774,3039,4625,1879,15
2026-08-05 00:55:34,4459,79,1,3200,1496,1499,4310,79,-4751,1000,93,42028,818471286,906772689,3069,4736,1533,15
2026-08-05 01:00:34,4059,82,0,3100,-313,-384,4244,82,-4856,1000,101,42028,818997720,908938342,3050,0,0,15
2026-08-05 01:05:34,3641,85,1,3089,1454,1487,4383,85,-4965,1000,104,42028,819349578,911005071,2969,4728,1572,15
2026-08-05 01:10:34,3237,88,1,3100,1400,1392,4408,87,-5071,1000,105,42028,819847108,913174005,2989,4760,1464,15
2026-08-05 01:15:34,2837,91,1,2969,1030,1035,4418,90,-5175,1000,112,42028,820178968,915172748,2900,4863,1138,15
2026-08-05 01:20:35,2625,92,0,2889,-159,-173,4337,92,-5231,1000,115,42028,820542001,916424789,2879,0,0,0
2026-08-05 01:50:34,3352,91,0,3169,-524,-287,4235,86,-5041,678,100,42028,823460347,916424789,3169,0,0,0
2026-08-05 01:55:34,3477,90,0,3179,-405,-452,4220,86,-5008,762,99,42031,823961404,916424789,3179,0,0,0
2026-08-05 02:00:34,3634,89,0,3200,-389,-356,4206,84,-4967,890,99,42028,824583147,916424789,3200,0,0,0
2026-08-05 02:05:35,3809,88,0,3269,-532,-439,4187,83,-4921,752,96,42028,825270413,916424789,3250,0,0,0
2026-08-05 02:10:34,3944,87,0,3209,-149,-121,4202,82,-4886,711,97,42028,825802327,916424789,3209,0,0,0
2026-08-05 02:15:34,4011,86,0,3029,-342,-551,4179,82,-4868,601,103,42028,826064054,916424789,3039,0,0,0
2026-08-05 02:26:06,4178,85,0,2950,-76,-66,4185,81,-4824,763,104,42030,826723327,916424789,2950,0,0,0
2026-08-05 02:55:36,4308,84,0,3050,-144,-132,4179,80,-4790,601,98,42030,827234804,916424789,3050,0,0,0
2026-08-05 03:25:34,4432,83,0,3150,-83,-185,4171,79,-4758,574,93,42030,827723789,916424789,3139,0,0,0
2026-08-05 03:40:34,4577,82,0,3300,-82,-36,4149,78,-4720,715,91,42031,828290248,916424789,3269,0,0,0
2026-08-05 03:45:34,4816,80,0,3650,-1423,-1534,4072,76,-4657,645,80,42028,829210615,916424789,3639,0,0,0
2026-08-05 03:50:40,4920,79,0,3779,-20,-10,4137,75,-4630,619,77,42028,829611919,916424789,3779,0,0,0
2026-08-05 04:15:35,5052,78,0,3689,-85,-39,4132,75,-4596,508,76,42028,830125381,916424789,3689,0,0,0
2026-08-05 04:50:34,5228,77,0,3559,-98,-93,4115,74,-4550,515,75,42028,830807991,916424789,3559,0,0,0
2026-08-05 05:05:34,5351,76,0,3600,-94,-80,4107,73,-4517,514,76,42028,831282670,916424789,3600,0,0,0
2026-08-05 05:30:34,5494,75,0,3519,-16,-6,4101,72,-4480,463,80,42028,831834108,916424789,3519,0,0,0
2026-08-05 06:00:34,5623,74,0,3509,-16,-9,4093,71,-4446,442,82,42028,832334022,916424789,3509,0,0,0
2026-08-05 06:35:34,5767,73,0,3509,-49,-22,4081,70,-4409,386,83,42028,832886622,916424789,3509,0,0,0
