08/08/26 02:51:10.388424 pid=91 handle_get_value: gac attempting to get [DeviceColor]
08/08/26 02:51:10.390867 pid=91 handle_get_value: gac attempting to get [DeviceEnclosureColor]
08/08/26 02:51:10.392355 pid=91 handle_get_value: gac attempting to get [DeviceCoverGlassColor]
08/08/26 02:51:10.393175 pid=91 handle_get_value: gac attempting to get [DeviceHousingColor]
08/08/26 02:51:10.393961 pid=91 handle_get_value: gac attempting to get [DeviceBackingColor]
08/08/26 02:51:10.395650 pid=91 _receive_message: Could not receive size of message, expected 4 bytes, got -1 bytes: (54, Connection reset by peer)
08/08/26 02:51:10.412395 pid=91 handle_start_service_with_socket: filemgr attempting to spawn com.apple.crashreportcopymobile service.
08/08/26 02:51:10.414242 pid=91 spawn_xpc_service: service com.apple.crashreportcopymobile started
08/08/26 02:51:10.414607 pid=91 spawn_xpc_service_block_invoke: Received checkin acknowledgement from 'com.apple.crashreportcopymobile'
08/08/26 02:51:10.414640 pid=91 spawn_xpc_service_block_invoke: XPC_ERROR_CONNECTION_INVALID com.apple.crashreportcopymobile
08/08/26 02:51:11.144342 pid=91 handle_get_value: scd attempting to get [com.apple.mobile.internal]:[SysCfgData]
08/08/26 02:51:11.145021 pid=91 mglog: libMobileGestalt MobileGestalt.c:4709: syscfg data appears to be uninitialized
08/08/26 02:51:11.145058 pid=91 special_case_get: MGCopyAnswer(kMGQSysCfg) returned NULL
08/08/26 02:51:11.145081 pid=91 set_response_error: handle_get_value MissingValue
08/08/26 02:51:11.147205 pid=91 _receive_message: Could not receive size of message, expected 4 bytes, got -1 bytes: (54, Connection reset by peer)
08/08/26 02:51:11.174487 pid=91 handle_get_value: qc attempting to get [(null)]
08/08/26 02:51:11.625339 pid=91 handle_start_service_with_socket: checkapps attempting to spawn com.apple.mobile.installation_proxy service.
08/08/26 02:51:11.630134 pid=91 spawn_xpc_service: service com.apple.mobile.installation_proxy started
08/08/26 02:51:11.630856 pid=91 spawn_xpc_service_block_invoke: Received checkin acknowledgement from 'com.apple.mobile.installation_proxy'
08/08/26 02:51:11.630894 pid=91 spawn_xpc_service_block_invoke: XPC_ERROR_CONNECTION_INVALID com.apple.mobile.installation_proxy
08/08/26 02:51:11.632510 pid=91 _receive_message: Could not receive size of message, expected 4 bytes, got -1 bytes: (54, Connection reset by peer)
08/08/26 02:51:11.937047 pid=91 mglog: libMobileGestalt utility.c:338: Could not lookup ProductVersionExtra from dictionary
08/08/26 02:51:11.937214 pid=91 special_case_get: MGCopyAnswer(kMGQSDIOProductInfo) returned NULL
08/08/26 02:51:11.937261 pid=91 special_case_get: MGCopyAnswer(kMGQSDIOManufacturerTuple) returned NULL
08/08/26 02:51:11.940400 pid=91 special_case_get: MGCopyAnswer(kMGQProximitySensorCalibration) returned NULL
08/08/26 02:51:11.940881 pid=91 special_case_get: MGCopyAnswer(kMGQCompassCalibration) returned NULL
08/08/26 02:51:11.940956 pid=91 special_case_get: MGCopyAnswer(kMGQBasebandBoardSnum) returned NULL
08/08/26 02:51:11.943549 pid=91 mglog: libMobileGestalt MGIOKitHelper.m:308: Failed to retrieve data wlan:wifi-module-sn
08/08/26 02:51:12.475475 pid=91 update_bonjour_service_instance_name: Full service name is '2a:8f:a6:2b:23:82@fe80::288f:a6ff:fe2b:2382-supportsRP-26._apple-mobdev2._tcp.local.'.
08/08/26 02:51:12.478296 pid=91 dns_unregister_block_invoke: Unregistered DNS (syncing).
08/08/26 02:51:12.519236 pid=91 dns_register_block_invoke: Registered DNS (syncing): _apple-mobdev2._tcp,915a07ee,8e2907e4,523805af,42480515
08/08/26 02:51:12.742089 pid=91 handle_get_value: bp attempting to get [com.apple.mobile.backup]:[CloudBackupEnabled]
08/08/26 02:51:12.742204 pid=91 special_case_get: key CloudBackupEnabled
08/08/26 02:51:12.744154 pid=91 _receive_message: Could not receive size of message, expected 4 bytes, got -1 bytes: (54, Connection reset by peer)
08/08/26 02:51:12.760463 pid=91 handle_get_value: cic attempting to get [com.apple.mobile.data_sync]:[Contacts]
08/08/26 02:51:12.777386 pid=91 handle_get_value: cic attempting to get [com.apple.mobile.data_sync]:[Notes]
08/08/26 02:51:12.779086 pid=91 _receive_message: Could not receive size of message, expected 4 bytes, got -1 bytes: (54, Connection reset by peer)
08/08/26 02:51:12.791840 pid=91 handle_get_value: cic attempting to get [com.apple.mobile.data_sync]:[Bookmarks]
08/08/26 02:51:12.805112 pid=91 handle_get_value: cic attempting to get [com.apple.mobile.data_sync]:[Calendars]
08/08/26 02:51:12.806696 pid=91 _receive_message: Could not receive size of message, expected 4 bytes, got -1 bytes: (54, Connection reset by peer)
08/08/26 02:51:12.820348 pid=91 _receive_message: Could not receive size of message, expected 4 bytes, got -1 bytes: (54, Connection reset by peer)
08/08/26 02:51:13.238820 pid=91 handle_get_value: battery attempting to get [com.apple.mobile.battery]:[(null)]
08/08/26 02:51:13.365102 pid=91 handle_start_service_with_socket: gii attempting to spawn com.apple.mobile.diagnostics_relay service.
08/08/26 02:51:13.367843 pid=91 spawn_xpc_service: service com.apple.mobile.diagnostics_relay.lockdown started
08/08/26 02:51:13.370352 pid=91 spawn_xpc_service_block_invoke: Received checkin acknowledgement from 'com.apple.mobile.diagnostics_relay.lockdown'
08/08/26 02:51:13.370478 pid=91 spawn_xpc_service_block_invoke: XPC_ERROR_CONNECTION_INVALID com.apple.mobile.diagnostics_relay.lockdown
08/08/26 02:51:14.912205 pid=91 handle_get_value: fmip attempting to get [ActivationState]
08/08/26 02:51:15.315249 pid=91 handle_get_value: fmip attempting to get [com.apple.fmip]:[IsAssociated]
08/08/26 02:51:19.404715 pid=91 handle_get_value: battery attempting to get [com.apple.mobile.battery]:[(null)]
08/08/26 02:51:19.412905 pid=91 _receive_message: Could not receive size of message, expected 4 bytes, got -1 bytes: (54, Connection reset by peer)
08/08/26 02:51:19.437193 pid=91 handle_start_service_with_socket: gii attempting to spawn com.apple.mobile.diagnostics_relay service.
08/08/26 02:51:19.439017 pid=91 spawn_xpc_service: service com.apple.mobile.diagnostics_relay.lockdown started
08/08/26 02:51:19.440972 pid=91 spawn_xpc_service_block_invoke: Received checkin acknowledgement from 'com.apple.mobile.diagnostics_relay.lockdown'
08/08/26 02:51:19.441009 pid=91 spawn_xpc_service_block_invoke: XPC_ERROR_CONNECTION_INVALID com.apple.mobile.diagnostics_relay.lockdown
08/08/26 02:51:24.559899 pid=91 handle_start_service_with_socket: filemgr attempting to spawn com.apple.afc service.
08/08/26 02:51:24.560681 pid=91 spawn_xpc_service: service com.apple.afcd started
08/08/26 02:51:24.562217 pid=91 spawn_xpc_service_block_invoke: Received checkin acknowledgement from 'com.apple.afcd'
08/08/26 02:51:24.562254 pid=91 spawn_xpc_service_block_invoke: XPC_ERROR_CONNECTION_INVALID com.apple.afcd
08/08/26 02:51:24.562388 pid=91 _receive_message: Could not receive size of message, expected 4 bytes, got -1 bytes: (54, Connection reset by peer)
08/08/26 02:51:26.477923 pid=91 handle_get_value: battery attempting to get [com.apple.mobile.battery]:[(null)]
08/08/26 02:51:26.479941 pid=91 _receive_message: Could not receive size of message, expected 4 bytes, got -1 bytes: (54, Connection reset by peer)
08/08/26 02:51:26.488701 pid=91 handle_start_service_with_socket: gii attempting to spawn com.apple.mobile.diagnostics_relay service.
08/08/26 02:51:26.489803 pid=91 spawn_xpc_service: service com.apple.mobile.diagnostics_relay.lockdown started
08/08/26 02:51:26.490205 pid=91 spawn_xpc_service_block_invoke: Received checkin acknowledgement from 'com.apple.mobile.diagnostics_relay.lockdown'
08/08/26 02:51:26.490227 pid=91 spawn_xpc_service_block_invoke: XPC_ERROR_CONNECTION_INVALID com.apple.mobile.diagnostics_relay.lockdown
08/08/26 02:51:26.491232 pid=91 _receive_message: Could not receive size of message, expected 4 bytes, got -1 bytes: (54, Connection reset by peer)
08/08/26 02:51:34.510651 pid=91 handle_get_value: battery attempting to get [com.apple.mobile.battery]:[(null)]
08/08/26 02:51:34.531825 pid=91 handle_start_service_with_socket: gii attempting to spawn com.apple.mobile.diagnostics_relay service.
08/08/26 02:51:34.534194 pid=91 spawn_xpc_service: service com.apple.mobile.diagnostics_relay.lockdown started
08/08/26 02:51:34.534866 pid=91 spawn_xpc_service_block_invoke: Received checkin acknowledgement from 'com.apple.mobile.diagnostics_relay.lockdown'
08/08/26 02:51:34.534898 pid=91 spawn_xpc_service_block_invoke: XPC_ERROR_CONNECTION_INVALID com.apple.mobile.diagnostics_relay.lockdown
08/08/26 02:51:34.536731 pid=91 _receive_message: Could not receive size of message, expected 4 bytes, got -1 bytes: (54, Connection reset by peer)
08/08/26 02:51:35.688868 pid=91 main_block_invoke_2: com.apple.iokit.matching event: com.apple.lockdown.USB3.Device
08/08/26 02:51:35.693509 pid=91 main_block_invoke_2: com.apple.iokit.matching event: com.apple.lockdown.USB2.Device
08/08/26 02:51:43.577228 pid=91 handle_get_value: battery attempting to get [com.apple.mobile.battery]:[(null)]
08/08/26 02:51:43.584769 pid=91 _receive_message: Could not receive size of message, expected 4 bytes, got -1 bytes: (54, Connection reset by peer)
08/08/26 02:51:43.599688 pid=91 handle_start_service_with_socket: gii attempting to spawn com.apple.mobile.diagnostics_relay service.
08/08/26 02:51:43.620766 pid=91 spawn_xpc_service: service com.apple.mobile.diagnostics_relay.lockdown started
08/08/26 02:51:43.622743 pid=91 _receive_message: Could not receive size of message, expected 4 bytes, got -1 bytes: (54, Connection reset by peer)
08/08/26 02:51:43.623230 pid=91 spawn_xpc_service_block_invoke: Received checkin acknowledgement from 'com.apple.mobile.diagnostics_relay.lockdown'
08/08/26 02:51:43.623293 pid=91 spawn_xpc_service_block_invoke: XPC_ERROR_CONNECTION_INVALID com.apple.mobile.diagnostics_relay.lockdown
08/08/26 02:51:43.687335 pid=91 handle_is_host_trusted: Host client com.apple.ptp is trusted.
08/08/26 02:51:53.654318 pid=91 handle_get_value: battery attempting to get [com.apple.mobile.battery]:[(null)]
08/08/26 02:51:53.659122 pid=91 _receive_message: Could not receive size of message, expected 4 bytes, got -1 bytes: (54, Connection reset by peer)
08/08/26 02:51:53.682610 pid=91 handle_start_service_with_socket: gii attempting to spawn com.apple.mobile.diagnostics_relay service.
08/08/26 02:51:53.685544 pid=91 spawn_xpc_service: service com.apple.mobile.diagnostics_relay.lockdown started
08/08/26 02:51:53.686937 pid=91 spawn_xpc_service_block_invoke: Received checkin acknowledgement from 'com.apple.mobile.diagnostics_relay.lockdown'
08/08/26 02:51:53.687015 pid=91 spawn_xpc_service_block_invoke: XPC_ERROR_CONNECTION_INVALID com.apple.mobile.diagnostics_relay.lockdown
08/08/26 02:52:04.713191 pid=91 handle_get_value: battery attempting to get [com.apple.mobile.battery]:[(null)]
08/08/26 02:52:04.730637 pid=91 handle_start_service_with_socket: gii attempting to spawn com.apple.mobile.diagnostics_relay service.
08/08/26 02:52:04.732727 pid=91 spawn_xpc_service: service com.apple.mobile.diagnostics_relay.lockdown started
08/08/26 02:52:04.735421 pid=91 _receive_message: Could not receive size of message, expected 4 bytes, got -1 bytes: (54, Connection reset by peer)
08/08/26 02:52:04.735770 pid=91 spawn_xpc_service_block_invoke: Received checkin acknowledgement from 'com.apple.mobile.diagnostics_relay.lockdown'
08/08/26 02:52:04.735831 pid=91 spawn_xpc_service_block_invoke: XPC_ERROR_CONNECTION_INVALID com.apple.mobile.diagnostics_relay.lockdown
08/08/26 02:52:09.480284 pid=91 calculate_application_usage_block_invoke: Calculating application disk usage.
08/08/26 02:52:16.768859 pid=91 handle_get_value: battery attempting to get [com.apple.mobile.battery]:[(null)]
08/08/26 02:52:16.789044 pid=91 handle_start_service_with_socket: gii attempting to spawn com.apple.mobile.diagnostics_relay service.
08/08/26 02:52:16.792231 pid=91 spawn_xpc_service: service com.apple.mobile.diagnostics_relay.lockdown started
08/08/26 02:52:16.793042 pid=91 spawn_xpc_service_block_invoke: Received checkin acknowledgement from 'com.apple.mobile.diagnostics_relay.lockdown'
08/08/26 02:52:16.793249 pid=91 spawn_xpc_service_block_invoke: XPC_ERROR_CONNECTION_INVALID com.apple.mobile.diagnostics_relay.lockdown
08/08/26 02:52:16.794150 pid=91 _receive_message: Could not receive size of message, expected 4 bytes, got -1 bytes: (54, Connection reset by peer)
08/08/26 02:52:29.831660 pid=91 handle_get_value: battery attempting to get [com.apple.mobile.battery]:[(null)]
08/08/26 02:52:29.848839 pid=91 handle_start_service_with_socket: gii attempting to spawn com.apple.mobile.diagnostics_relay service.
08/08/26 02:52:29.851277 pid=91 spawn_xpc_service: service com.apple.mobile.diagnostics_relay.lockdown started
08/08/26 02:52:29.852525 pid=91 spawn_xpc_service_block_invoke: Received checkin acknowledgement from 'com.apple.mobile.diagnostics_relay.lockdown'
08/08/26 02:52:29.852588 pid=91 spawn_xpc_service_block_invoke: XPC_ERROR_CONNECTION_INVALID com.apple.mobile.diagnostics_relay.lockdown
08/08/26 02:52:37.664323 pid=91 handle_get_value: bp attempting to get [com.apple.mobile.backup]:[CloudBackupEnabled]
08/08/26 02:52:37.664893 pid=91 special_case_get: key CloudBackupEnabled
08/08/26 02:52:37.678302 pid=91 handle_get_value: cic attempting to get [com.apple.mobile.data_sync]:[Contacts]
08/08/26 02:52:37.691368 pid=91 handle_get_value: cic attempting to get [com.apple.mobile.data_sync]:[Notes]
08/08/26 02:52:37.704776 pid=91 handle_get_value: cic attempting to get [com.apple.mobile.data_sync]:[Bookmarks]
08/08/26 02:52:37.706989 pid=91 _receive_message: Could not receive size of message, expected 4 bytes, got -1 bytes: (54, Connection reset by peer)
08/08/26 02:52:37.719086 pid=91 handle_get_value: cic attempting to get [com.apple.mobile.data_sync]:[Calendars]
08/08/26 02:53:39.759970 pid=91 main: Starting Up
08/08/26 02:53:39.820575 pid=91 mglog: libMobileGestalt MobileGestaltCache.c:360: Cache loaded with 6471 pre-cached in CacheData and 83 items in CacheExtra.
08/08/26 02:53:44.917566 pid=91 lockstart_local: Build version: 24A5390f
08/08/26 02:53:44.921057 pid=91 lockstart_local: Data Migration Completed: true
08/08/26 02:53:44.921239 pid=91 get_device_type_internal_block_invoke: product_type: iPhone16,2

08/08/26 02:53:44.921267 pid=91 get_device_type_internal_block_invoke: has_telephony: true, should_hactivate: false
08/08/26 02:53:44.921284 pid=91 get_device_type_internal_block_invoke: baseband_class: 3, cert_type 1
08/08/26 02:53:44.921298 pid=91 _load_product_type: using Raptor Certs
08/08/26 02:53:45.030107 pid=91 performBootSessionIntialization: Boot session changed (reboot detected).
08/08/26 02:53:45.292548 pid=91 data_ark_set_block_invoke: dirtied by changing -BootSessionID
08/08/26 02:53:45.293580 pid=91 data_ark_store_block_invoke: Saved.
08/08/26 02:53:45.382549 pid=91 handle_get_value: remotepairingdeviced attempting to get [com.apple.mobile.wireless_lockdown]:[EnableWifiConnections]
08/08/26 02:53:45.385360 pid=91 handle_get_value: remotepairingdeviced attempting to get [com.apple.mobile.wireless_lockdown]:[EnableWifiPairing]
08/08/26 02:53:45.385537 pid=91 set_response_error: handle_get_value MissingValue
08/08/26 02:53:45.386463 pid=91 handle_get_value: remotepairingdeviced attempting to get [com.apple.mobile.wireless_lockdown]:[EnableWifiDebugging]
08/08/26 02:53:45.408502 pid=91 handle_get_value: remotepairingdeviced attempting to get [com.apple.mobile.wireless_lockdown]:[EnableWifiPairing]
08/08/26 02:53:45.408585 pid=91 set_response_error: handle_get_value MissingValue
08/08/26 02:53:46.352272 pid=91 refresh_remote_services_block_invoke: Done resetting remote devices.
08/08/26 02:53:46.356872 pid=91 service_ark_load: Refreshed remote services.
08/08/26 02:53:46.357387 pid=91 update_bonjour_service_instance_name: Full service name is '2b:20:76:d9:50:06@fe80::2920:76ff:fed9:5006-supportsRP-26._apple-mobdev2._tcp.local.'.
08/08/26 02:53:54.057730 pid=91 handle_get_value: remotepairingdeviced attempting to get [com.apple.mobile.wireless_lockdown]:[EnableWifiConnections]
08/08/26 02:54:03.238793 pid=91 notify_configd_block_invoke_2: Pinged configd, USB is now enabled.
08/08/26 02:54:07.356057 pid=91 handle_get_value: unknown attempting to get [ProductVersion]
08/08/26 02:54:07.358719 pid=91 handle_get_value: unknown attempting to get [ProductName]
08/08/26 02:54:08.770429 pid=91 dns_register_block_invoke: Registered DNS (syncing): _apple-mobdev2._tcp,915a07ee,8e2907e4,523805af,42480515
08/08/26 02:54:08.771408 pid=91 handle_get_value: devinfo attempting to get [ProductVersion]
08/08/26 02:54:08.784173 pid=91 handle_get_value: devinfo attempting to get [(null)]
08/08/26 02:54:08.848206 pid=91 mglog: libMobileGestalt utility.c:338: Could not lookup ProductVersionExtra from dictionary
08/08/26 02:54:08.850304 pid=91 special_case_get: MGCopyAnswer(kMGQSDIOProductInfo) returned NULL
08/08/26 02:54:08.850428 pid=91 special_case_get: MGCopyAnswer(kMGQSDIOManufacturerTuple) returned NULL
08/08/26 02:54:09.095443 pid=91 special_case_get: MGCopyAnswer(kMGQProximitySensorCalibration) returned NULL
08/08/26 02:54:09.095793 pid=91 special_case_get: MGCopyAnswer(kMGQCompassCalibration) returned NULL
08/08/26 02:54:09.095854 pid=91 special_case_get: MGCopyAnswer(kMGQBasebandBoardSnum) returned NULL
08/08/26 02:54:09.097360 pid=91 mglog: libMobileGestalt MGIOKitHelper.m:308: Failed to retrieve data wlan:wifi-module-sn
08/08/26 02:54:09.133051 pid=91 handle_start_service_with_socket: devinfo attempting to spawn com.apple.afc service.
08/08/26 02:54:09.133624 pid=91 spawn_xpc_service: service com.apple.afcd started
08/08/26 02:54:09.165763 pid=91 spawn_xpc_service_block_invoke: Received checkin acknowledgement from 'com.apple.afcd'
08/08/26 02:54:09.165841 pid=91 spawn_xpc_service_block_invoke: XPC_ERROR_CONNECTION_INVALID com.apple.afcd
08/08/26 02:54:09.175825 pid=91 handle_get_value: devinfo attempting to get [DeviceEnclosureColor]
08/08/26 02:54:09.177324 pid=91 handle_get_value: devinfo attempting to get [RegulatoryModelNumber]
08/08/26 02:54:09.178441 pid=91 handle_get_value: devinfo attempting to get [ActiveWirelessTechnology]
08/08/26 02:54:09.180141 pid=91 handle_get_value: devinfo attempting to get [com.apple.mobile.chaperone]:[DeviceIsChaperoned]
08/08/26 02:54:09.185630 pid=91 handle_get_value: devinfo attempting to get [com.apple.international]:[Locale]
08/08/26 02:54:09.540915 pid=91 handle_get_value: devinfo attempting to get [PhoneNumber2]
08/08/26 02:54:09.544836 pid=91 handle_get_value: devinfo attempting to get [com.apple.disk_usage]:[(null)]
08/08/26 02:54:09.547811 pid=91 mglog: libMobileGestalt MobileGestalt.c:4244: statfs(/mnt4): No such file or directory
08/08/26 02:54:09.552617 pid=91 handle_get_value: devinfo attempting to get [com.apple.mobile.battery]:[(null)]
08/08/26 02:54:09.555580 pid=91 handle_start_service_with_socket: devinfo attempting to spawn com.apple.afc2 service.
08/08/26 02:54:09.557131 pid=91 spawn_service_agent: Failed to look up service in the map.
08/08/26 02:54:09.557162 pid=91 spawn_and_handle_checkin: Failed to spawn 'com.apple.afc2' service agent: InvalidService
08/08/26 02:54:09.557177 pid=91 handle_start_service_with_socket: Failed to spawn com.apple.afc2.
08/08/26 02:54:09.557190 pid=91 set_response_error: handle_start_service_with_socket InvalidService
08/08/26 02:54:09.557211 pid=91 handle_start_service: Failed to start service: InvalidService
08/08/26 02:54:09.560287 pid=91 handle_start_service_with_socket: devinfo attempting to spawn com.apple.mobile.installation_proxy service.
08/08/26 02:54:09.561297 pid=91 spawn_xpc_service: service com.apple.mobile.installation_proxy started
08/08/26 02:54:09.710766 pid=91 spawn_xpc_service_block_invoke: Received checkin acknowledgement from 'com.apple.mobile.installation_proxy'
08/08/26 02:54:09.710796 pid=91 spawn_xpc_service_block_invoke: XPC_ERROR_CONNECTION_INVALID com.apple.mobile.installation_proxy
08/08/26 02:54:10.052740 pid=91 handle_get_value: sif attempting to get [(null)]
08/08/26 02:54:10.061910 pid=91 mglog: libMobileGestalt utility.c:338: Could not lookup ProductVersionExtra from dictionary
08/08/26 02:54:10.062092 pid=91 special_case_get: MGCopyAnswer(kMGQSDIOProductInfo) returned NULL
08/08/26 02:54:10.062152 pid=91 special_case_get: MGCopyAnswer(kMGQSDIOManufacturerTuple) returned NULL
08/08/26 02:54:10.065816 pid=91 handle_get_value: fmip attempting to get [ActivationState]
08/08/26 02:54:10.066956 pid=91 special_case_get: MGCopyAnswer(kMGQProximitySensorCalibration) returned NULL
08/08/26 02:54:10.067362 pid=91 special_case_get: MGCopyAnswer(kMGQCompassCalibration) returned NULL
08/08/26 02:54:10.067425 pid=91 special_case_get: MGCopyAnswer(kMGQBasebandBoardSnum) returned NULL
08/08/26 02:54:10.069331 pid=91 mglog: libMobileGestalt MGIOKitHelper.m:308: Failed to retrieve data wlan:wifi-module-sn
08/08/26 02:54:10.069610 pid=91 handle_start_service_with_socket: geticon attempting to spawn com.apple.springboardservices service.
08/08/26 02:54:10.069847 pid=91 handle_start_service_with_socket: disk attempting to spawn com.apple.atc service.
08/08/26 02:54:10.070512 pid=91 handle_get_value: fmip attempting to get [com.apple.fmip]:[IsAssociated]
08/08/26 02:54:10.071632 pid=91 handle_start_service_with_socket: gmi attempting to spawn com.apple.mobile.diagnostics_relay service.
08/08/26 02:54:10.073574 pid=91 handle_start_service_with_socket: filemgr attempting to spawn com.apple.crashreportcopymobile service.
08/08/26 02:54:10.074982 pid=91 spawn_xpc_service: service com.apple.mobile.diagnostics_relay.lockdown started
08/08/26 02:54:10.076269 pid=91 _receive_message: Could not receive size of message, expected 4 bytes, got -1 bytes: (54, Connection reset by peer)
08/08/26 02:54:10.076473 pid=91 handle_get_value: wf attempting to get [com.apple.mobile.wireless_lockdown]:[EnableWifiConnections]
08/08/26 02:54:10.076751 pid=91 _receive_message: Could not receive size of message, expected 4 bytes, got -1 bytes: (54, Connection reset by peer)
08/08/26 02:54:10.077434 pid=91 spawn_xpc_service: service com.apple.atc started
08/08/26 02:54:10.077698 pid=91 spawn_xpc_service: service com.apple.crashreportcopymobile started
08/08/26 02:54:10.077782 pid=91 spawn_xpc_service: service lockdown.1094048208.com.apple.springboardservices started
08/08/26 02:54:10.079140 pid=91 spawn_xpc_service_block_invoke: Received checkin acknowledgement from 'com.apple.atc'
08/08/26 02:54:10.079163 pid=91 spawn_xpc_service_block_invoke: XPC_ERROR_CONNECTION_INVALID com.apple.atc
08/08/26 02:54:10.079929 pid=91 _receive_message: Could not receive size of message, expected 4 bytes, got -1 bytes: (54, Connection reset by peer)
08/08/26 02:54:10.092905 pid=91 spawn_xpc_service_block_invoke: Received checkin acknowledgement from 'lockdown.1094048208.com.apple.springboardservices'
08/08/26 02:54:10.092968 pid=91 spawn_xpc_service_block_invoke: XPC_ERROR_CONNECTION_INVALID lockdown.1094048208.com.apple.springboardservices
08/08/26 02:54:10.099655 pid=91 handle_get_value: gac attempting to get [DeviceColor]
08/08/26 02:54:10.100917 pid=91 spawn_xpc_service_block_invoke: Received checkin acknowledgement from 'com.apple.mobile.diagnostics_relay.lockdown'
08/08/26 02:54:10.100936 pid=91 spawn_xpc_service_block_invoke: XPC_ERROR_CONNECTION_INVALID com.apple.mobile.diagnostics_relay.lockdown
08/08/26 02:54:10.100979 pid=91 handle_get_value: gac attempting to get [DeviceEnclosureColor]
08/08/26 02:54:10.101812 pid=91 handle_get_value: gac attempting to get [DeviceCoverGlassColor]
08/08/26 02:54:10.102574 pid=91 handle_get_value: gac attempting to get [DeviceHousingColor]
08/08/26 02:54:10.103205 pid=91 handle_get_value: gac attempting to get [DeviceBackingColor]
08/08/26 02:54:10.103551 pid=91 handle_start_service_with_socket: np attempting to spawn com.apple.mobile.notification_proxy service.
08/08/26 02:54:10.104302 pid=91 handle_start_service_with_socket: getapplist attempting to spawn com.apple.mobile.installation_proxy service.
08/08/26 02:54:10.104403 pid=91 spawn_xpc_service: service com.apple.mobile.notification_proxy started
08/08/26 02:54:10.104926 pid=91 _receive_message: Could not receive size of message, expected 4 bytes, got -1 bytes: (54, Connection reset by peer)
08/08/26 02:54:10.105253 pid=91 spawn_xpc_service: service com.apple.mobile.installation_proxy started
08/08/26 02:54:10.105559 pid=91 spawn_xpc_service_block_invoke: Received checkin acknowledgement from 'com.apple.mobile.installation_proxy'
08/08/26 02:54:10.105591 pid=91 spawn_xpc_service_block_invoke: XPC_ERROR_CONNECTION_INVALID com.apple.mobile.installation_proxy
08/08/26 02:54:10.118144 pid=91 spawn_xpc_service_block_invoke: Received checkin acknowledgement from 'com.apple.mobile.notification_proxy'
08/08/26 02:54:10.118160 pid=91 spawn_xpc_service_block_invoke: XPC_ERROR_CONNECTION_INVALID com.apple.mobile.notification_proxy
08/08/26 02:54:10.217402 pid=91 handle_start_service_with_socket: filemgr attempting to spawn com.apple.afc service.
08/08/26 02:54:10.218102 pid=91 spawn_xpc_service: service com.apple.afcd started
08/08/26 02:54:10.218550 pid=91 spawn_xpc_service_block_invoke: Received checkin acknowledgement from 'com.apple.afcd'
08/08/26 02:54:10.218593 pid=91 spawn_xpc_service_block_invoke: XPC_ERROR_CONNECTION_INVALID com.apple.afcd
08/08/26 02:54:10.274346 pid=91 handle_start_service_with_socket: geticonstate attempting to spawn com.apple.springboardservices service.
08/08/26 02:54:10.276404 pid=91 spawn_xpc_service: service lockdown.1098869847.com.apple.springboardservices started
08/08/26 02:54:10.313646 pid=91 spawn_xpc_service_block_invoke: Received checkin acknowledgement from 'com.apple.crashreportcopymobile'
08/08/26 02:54:10.313726 pid=91 spawn_xpc_service_block_invoke: XPC_ERROR_CONNECTION_INVALID com.apple.crashreportcopymobile
08/08/26 02:54:10.313801 pid=91 spawn_xpc_service_block_invoke: Received checkin acknowledgement from 'lockdown.1098869847.com.apple.springboardservices'
08/08/26 02:54:10.313882 pid=91 spawn_xpc_service_block_invoke: XPC_ERROR_CONNECTION_INVALID lockdown.1098869847.com.apple.springboardservices
08/08/26 02:54:10.751315 pid=91 handle_start_service_with_socket: gii attempting to spawn com.apple.mobile.diagnostics_relay service.
08/08/26 02:54:10.753800 pid=91 spawn_xpc_service: service com.apple.mobile.diagnostics_relay.lockdown started
08/08/26 02:54:10.754317 pid=91 spawn_xpc_service_block_invoke: Received checkin acknowledgement from 'com.apple.mobile.diagnostics_relay.lockdown'
08/08/26 02:54:10.754361 pid=91 spawn_xpc_service_block_invoke: XPC_ERROR_CONNECTION_INVALID com.apple.mobile.diagnostics_relay.lockdown
08/08/26 02:54:10.755982 pid=91 _receive_message: Could not receive size of message, expected 4 bytes, got -1 bytes: (54, Connection reset by peer)
08/08/26 02:54:10.901592 pid=91 handle_start_service_with_socket: geticon attempting to spawn com.apple.springboardservices service.
08/08/26 02:54:10.906827 pid=91 spawn_xpc_service: service lockdown.1113991721.com.apple.springboardservices started
08/08/26 02:54:10.908720 pid=91 _receive_message: Could not receive size of message, expected 4 bytes, got -1 bytes: (54, Connection reset by peer)
08/08/26 02:54:10.938151 pid=91 spawn_xpc_service_block_invoke: Received checkin acknowledgement from 'lockdown.1113991721.com.apple.springboardservices'
08/08/26 02:54:10.938212 pid=91 spawn_xpc_service_block_invoke: XPC_ERROR_CONNECTION_INVALID lockdown.1113991721.com.apple.springboardservices
08/08/26 02:54:11.239660 pid=91 handle_get_value: battery attempting to get [com.apple.mobile.battery]:[(null)]
08/08/26 02:54:11.241949 pid=91 _receive_message: Could not receive size of message, expected 4 bytes, got -1 bytes: (54, Connection reset by peer)
08/08/26 02:54:11.262772 pid=91 handle_start_service_with_socket: gii attempting to spawn com.apple.mobile.diagnostics_relay service.
08/08/26 02:54:11.266901 pid=91 spawn_xpc_service: service com.apple.mobile.diagnostics_relay.lockdown started
08/08/26 02:54:11.267406 pid=91 spawn_xpc_service_block_invoke: Received checkin acknowledgement from 'com.apple.mobile.diagnostics_relay.lockdown'
08/08/26 02:54:11.267438 pid=91 spawn_xpc_service_block_invoke: XPC_ERROR_CONNECTION_INVALID com.apple.mobile.diagnostics_relay.lockdown
08/08/26 02:54:11.268741 pid=91 _receive_message: Could not receive size of message, expected 4 bytes, got -1 bytes: (54, Connection reset by peer)
08/08/26 02:54:11.333007 pid=91 handle_start_service_with_socket: gii attempting to spawn com.apple.mobile.diagnostics_relay service.
08/08/26 02:54:11.335556 pid=91 spawn_xpc_service: service com.apple.mobile.diagnostics_relay.lockdown started
08/08/26 02:54:11.336041 pid=91 spawn_xpc_service_block_invoke: Received checkin acknowledgement from 'com.apple.mobile.diagnostics_relay.lockdown'
08/08/26 02:54:11.336073 pid=91 spawn_xpc_service_block_invoke: XPC_ERROR_CONNECTION_INVALID com.apple.mobile.diagnostics_relay.lockdown
08/08/26 02:54:11.376461 pid=91 handle_start_service_with_socket: gii attempting to spawn com.apple.mobile.diagnostics_relay service.
08/08/26 02:54:11.379759 pid=91 spawn_xpc_service: service com.apple.mobile.diagnostics_relay.lockdown started
08/08/26 02:54:11.380516 pid=91 spawn_xpc_service_block_invoke: Received checkin acknowledgement from 'com.apple.mobile.diagnostics_relay.lockdown'
08/08/26 02:54:11.380566 pid=91 spawn_xpc_service_block_invoke: XPC_ERROR_CONNECTION_INVALID com.apple.mobile.diagnostics_relay.lockdown
08/08/26 02:54:11.382696 pid=91 _receive_message: Could not receive size of message, expected 4 bytes, got -1 bytes: (54, Connection reset by peer)
08/08/26 02:54:11.431437 pid=91 handle_start_service_with_socket: gii attempting to spawn com.apple.mobile.diagnostics_relay service.
08/08/26 02:54:11.698768 pid=91 spawn_xpc_service: service com.apple.mobile.diagnostics_relay.lockdown started
08/08/26 02:54:13.667351 pid=91 spawn_xpc_service_block_invoke: Received checkin acknowledgement from 'com.apple.mobile.diagnostics_relay.lockdown'
08/08/26 02:54:13.667396 pid=91 spawn_xpc_service_block_invoke: XPC_ERROR_CONNECTION_INVALID com.apple.mobile.diagnostics_relay.lockdown
08/08/26 02:54:13.671380 pid=91 dns_register_block_invoke: Registered WOL.
08/08/26 02:54:13.671635 pid=91 usb_host_connected_block_invoke: non-mux connection
08/08/26 02:54:13.671850 pid=91 bump_connection_count: Connection count is now 3.
08/08/26 02:54:13.672034 pid=91 usb_host_connected_block_invoke: mux connection
08/08/26 02:54:13.672142 pid=91 bump_connection_count: Connection count is now 4.
08/08/26 02:54:13.679893 pid=91 handle_start_service_with_socket: checkapps attempting to spawn com.apple.mobile.installation_proxy service.
08/08/26 02:54:13.681642 pid=91 spawn_xpc_service: service com.apple.mobile.installation_proxy started
08/08/26 02:54:13.682432 pid=91 spawn_xpc_service_block_invoke: Received checkin acknowledgement from 'com.apple.mobile.installation_proxy'
08/08/26 02:54:13.682450 pid=91 spawn_xpc_service_block_invoke: XPC_ERROR_CONNECTION_INVALID com.apple.mobile.installation_proxy
08/08/26 02:54:13.692686 pid=91 handle_get_value: ioreg attempting to get [WirelessBoardSerialNumber]
08/08/26 02:54:13.694158 pid=91 mglog: libMobileGestalt MGIOKitHelper.m:308: Failed to retrieve data wlan:wifi-module-sn
08/08/26 02:54:13.711417 pid=91 handle_start_service_with_socket: gii attempting to spawn com.apple.mobile.diagnostics_relay service.
08/08/26 02:54:13.714936 pid=91 spawn_xpc_service: service com.apple.mobile.diagnostics_relay.lockdown started
08/08/26 02:54:13.716170 pid=91 spawn_xpc_service_block_invoke: Received checkin acknowledgement from 'com.apple.mobile.diagnostics_relay.lockdown'
08/08/26 02:54:13.716186 pid=91 spawn_xpc_service_block_invoke: XPC_ERROR_CONNECTION_INVALID com.apple.mobile.diagnostics_relay.lockdown
08/08/26 02:54:13.756433 pid=91 handle_start_service_with_socket: gii attempting to spawn com.apple.mobile.diagnostics_relay service.
08/08/26 02:54:13.758113 pid=91 spawn_xpc_service: service com.apple.mobile.diagnostics_relay.lockdown started
08/08/26 02:54:13.758658 pid=91 spawn_xpc_service_block_invoke: Received checkin acknowledgement from 'com.apple.mobile.diagnostics_relay.lockdown'
08/08/26 02:54:13.758676 pid=91 spawn_xpc_service_block_invoke: XPC_ERROR_CONNECTION_INVALID com.apple.mobile.diagnostics_relay.lockdown
08/08/26 02:54:13.760344 pid=91 _receive_message: Could not receive size of message, expected 4 bytes, got -1 bytes: (54, Connection reset by peer)
08/08/26 02:54:13.791481 pid=91 handle_start_service_with_socket: gii attempting to spawn com.apple.mobile.diagnostics_relay service.
08/08/26 02:54:13.793482 pid=91 spawn_xpc_service: service com.apple.mobile.diagnostics_relay.lockdown started
08/08/26 02:54:13.793828 pid=91 spawn_xpc_service_block_invoke: Received checkin acknowledgement from 'com.apple.mobile.diagnostics_relay.lockdown'
08/08/26 02:54:13.793849 pid=91 spawn_xpc_service_block_invoke: XPC_ERROR_CONNECTION_INVALID com.apple.mobile.diagnostics_relay.lockdown
08/08/26 02:54:13.795045 pid=91 _receive_message: Could not receive size of message, expected 4 bytes, got -1 bytes: (54, Connection reset by peer)
08/08/26 02:54:13.820984 pid=91 handle_start_service_with_socket: gii attempting to spawn com.apple.mobile.diagnostics_relay service.
08/08/26 02:54:13.821870 pid=91 spawn_xpc_service: service com.apple.mobile.diagnostics_relay.lockdown started
08/08/26 02:54:13.821983 pid=91 spawn_xpc_service_block_invoke: Received checkin acknowledgement from 'com.apple.mobile.diagnostics_relay.lockdown'
08/08/26 02:54:13.822000 pid=91 spawn_xpc_service_block_invoke: XPC_ERROR_CONNECTION_INVALID com.apple.mobile.diagnostics_relay.lockdown
08/08/26 02:54:13.823345 pid=91 _receive_message: Could not receive size of message, expected 4 bytes, got -1 bytes: (54, Connection reset by peer)
08/08/26 02:54:13.842189 pid=91 handle_start_service_with_socket: gii attempting to spawn com.apple.mobile.diagnostics_relay service.
08/08/26 02:54:13.843575 pid=91 spawn_xpc_service: service com.apple.mobile.diagnostics_relay.lockdown started
08/08/26 02:54:13.843797 pid=91 spawn_xpc_service_block_invoke: Received checkin acknowledgement from 'com.apple.mobile.diagnostics_relay.lockdown'
08/08/26 02:54:13.843814 pid=91 spawn_xpc_service_block_invoke: XPC_ERROR_CONNECTION_INVALID com.apple.mobile.diagnostics_relay.lockdown
08/08/26 02:54:13.892645 pid=91 handle_start_service_with_socket: gii attempting to spawn com.apple.mobile.diagnostics_relay service.
08/08/26 02:54:13.893639 pid=91 spawn_xpc_service: service com.apple.mobile.diagnostics_relay.lockdown started
08/08/26 02:54:13.893861 pid=91 spawn_xpc_service_block_invoke: Received checkin acknowledgement from 'com.apple.mobile.diagnostics_relay.lockdown'
08/08/26 02:54:13.893876 pid=91 spawn_xpc_service_block_invoke: XPC_ERROR_CONNECTION_INVALID com.apple.mobile.diagnostics_relay.lockdown
08/08/26 02:54:13.894841 pid=91 _receive_message: Could not receive size of message, expected 4 bytes, got -1 bytes: (54, Connection reset by peer)
08/08/26 02:54:13.938160 pid=91 handle_start_service_with_socket: gmi attempting to spawn com.apple.mobile.diagnostics_relay service.
08/08/26 02:54:13.939262 pid=91 spawn_xpc_service: service com.apple.mobile.diagnostics_relay.lockdown started
08/08/26 02:54:13.939486 pid=91 spawn_xpc_service_block_invoke: Received checkin acknowledgement from 'com.apple.mobile.diagnostics_relay.lockdown'
08/08/26 02:54:13.939506 pid=91 spawn_xpc_service_block_invoke: XPC_ERROR_CONNECTION_INVALID com.apple.mobile.diagnostics_relay.lockdown
08/08/26 02:54:13.962316 pid=91 handle_start_service_with_socket: gii attempting to spawn com.apple.mobile.diagnostics_relay service.
08/08/26 02:54:13.963301 pid=91 spawn_xpc_service: service com.apple.mobile.diagnostics_relay.lockdown started
08/08/26 02:54:13.963480 pid=91 spawn_xpc_service_block_invoke: Received checkin acknowledgement from 'com.apple.mobile.diagnostics_relay.lockdown'
08/08/26 02:54:13.963500 pid=91 spawn_xpc_service_block_invoke: XPC_ERROR_CONNECTION_INVALID com.apple.mobile.diagnostics_relay.lockdown
08/08/26 02:54:13.982803 pid=91 handle_start_service_with_socket: gii attempting to spawn com.apple.mobile.diagnostics_relay service.
08/08/26 02:54:13.984017 pid=91 spawn_xpc_service: service com.apple.mobile.diagnostics_relay.lockdown started
08/08/26 02:54:13.984383 pid=91 spawn_xpc_service_block_invoke: Received checkin acknowledgement from 'com.apple.mobile.diagnostics_relay.lockdown'
08/08/26 02:54:13.984400 pid=91 spawn_xpc_service_block_invoke: XPC_ERROR_CONNECTION_INVALID com.apple.mobile.diagnostics_relay.lockdown
08/08/26 02:54:14.004582 pid=91 handle_start_service_with_socket: gii attempting to spawn com.apple.mobile.diagnostics_relay service.
08/08/26 02:54:14.005497 pid=91 spawn_xpc_service: service com.apple.mobile.diagnostics_relay.lockdown started
08/08/26 02:54:14.005657 pid=91 spawn_xpc_service_block_invoke: Received checkin acknowledgement from 'com.apple.mobile.diagnostics_relay.lockdown'
08/08/26 02:54:14.005676 pid=91 spawn_xpc_service_block_invoke: XPC_ERROR_CONNECTION_INVALID com.apple.mobile.diagnostics_relay.lockdown
08/08/26 02:54:14.007022 pid=91 _receive_message: Could not receive size of message, expected 4 bytes, got -1 bytes: (54, Connection reset by peer)
08/08/26 02:54:14.610056 pid=91 handle_start_service_with_socket: gii attempting to spawn com.apple.mobile.diagnostics_relay service.
08/08/26 02:54:14.611919 pid=91 spawn_xpc_service: service com.apple.mobile.diagnostics_relay.lockdown started
08/08/26 02:54:14.612860 pid=91 spawn_xpc_service_block_invoke: Received checkin acknowledgement from 'com.apple.mobile.diagnostics_relay.lockdown'
08/08/26 02:54:14.612895 pid=91 spawn_xpc_service_block_invoke: XPC_ERROR_CONNECTION_INVALID com.apple.mobile.diagnostics_relay.lockdown
08/08/26 02:54:14.636944 pid=91 handle_start_service_with_socket: gii attempting to spawn com.apple.mobile.diagnostics_relay service.
08/08/26 02:54:14.638425 pid=91 spawn_xpc_service: service com.apple.mobile.diagnostics_relay.lockdown started
08/08/26 02:54:14.638806 pid=91 spawn_xpc_service_block_invoke: Received checkin acknowledgement from 'com.apple.mobile.diagnostics_relay.lockdown'
08/08/26 02:54:14.638832 pid=91 spawn_xpc_service_block_invoke: XPC_ERROR_CONNECTION_INVALID com.apple.mobile.diagnostics_relay.lockdown
08/08/26 02:54:14.640068 pid=91 _receive_message: Could not receive size of message, expected 4 bytes, got -1 bytes: (54, Connection reset by peer)
08/08/26 02:54:14.663199 pid=91 handle_start_service_with_socket: gii attempting to spawn com.apple.mobile.diagnostics_relay service.
08/08/26 02:54:14.665530 pid=91 spawn_xpc_service: service com.apple.mobile.diagnostics_relay.lockdown started
08/08/26 02:54:14.666757 pid=91 spawn_xpc_service_block_invoke: Received checkin acknowledgement from 'com.apple.mobile.diagnostics_relay.lockdown'
08/08/26 02:54:14.666792 pid=91 spawn_xpc_service_block_invoke: XPC_ERROR_CONNECTION_INVALID com.apple.mobile.diagnostics_relay.lockdown
08/08/26 02:54:14.667568 pid=91 _receive_message: Could not receive size of message, expected 4 bytes, got -1 bytes: (54, Connection reset by peer)
08/08/26 02:54:15.011247 pid=91 handle_get_value: gac attempting to get [DeviceColor]
08/08/26 02:54:15.012086 pid=91 handle_get_value: gac attempting to get [DeviceEnclosureColor]
08/08/26 02:54:15.012879 pid=91 handle_get_value: gac attempting to get [DeviceCoverGlassColor]
08/08/26 02:54:15.013858 pid=91 handle_get_value: gac attempting to get [DeviceHousingColor]
08/08/26 02:54:15.014772 pid=91 handle_get_value: gac attempting to get [DeviceBackingColor]
08/08/26 02:54:15.038600 pid=91 handle_start_service_with_socket: filemgr attempting to spawn com.apple.crashreportcopymobile service.
08/08/26 02:54:15.040561 pid=91 spawn_xpc_service: service com.apple.crashreportcopymobile started
08/08/26 02:54:15.040948 pid=91 spawn_xpc_service_block_invoke: Received checkin acknowledgement from 'com.apple.crashreportcopymobile'
08/08/26 02:54:15.040987 pid=91 spawn_xpc_service_block_invoke: XPC_ERROR_CONNECTION_INVALID com.apple.crashreportcopymobile
08/08/26 02:54:15.042394 pid=91 _receive_message: Could not receive size of message, expected 4 bytes, got -1 bytes: (54, Connection reset by peer)
08/08/26 02:54:15.052590 pid=91 handle_get_value: battery attempting to get [com.apple.mobile.battery]:[(null)]
08/08/26 02:54:15.815263 pid=91 handle_get_value: scd attempting to get [com.apple.mobile.internal]:[SysCfgData]
08/08/26 02:54:15.816014 pid=91 mglog: libMobileGestalt MobileGestalt.c:4709: syscfg data appears to be uninitialized
08/08/26 02:54:15.816049 pid=91 special_case_get: MGCopyAnswer(kMGQSysCfg) returned NULL
08/08/26 02:54:15.816069 pid=91 set_response_error: handle_get_value MissingValue
08/08/26 02:54:15.818145 pid=91 _receive_message: Could not receive size of message, expected 4 bytes, got -1 bytes: (54, Connection reset by peer)
08/08/26 02:54:15.883174 pid=91 handle_get_value: qc attempting to get [(null)]
08/08/26 02:54:15.986665 pid=91 mglog: libMobileGestalt utility.c:338: Could not lookup ProductVersionExtra from dictionary
08/08/26 02:54:15.986849 pid=91 special_case_get: MGCopyAnswer(kMGQSDIOProductInfo) returned NULL
08/08/26 02:54:15.986894 pid=91 special_case_get: MGCopyAnswer(kMGQSDIOManufacturerTuple) returned NULL
08/08/26 02:54:15.990357 pid=91 special_case_get: MGCopyAnswer(kMGQProximitySensorCalibration) returned NULL
08/08/26 02:54:15.990895 pid=91 special_case_get: MGCopyAnswer(kMGQCompassCalibration) returned NULL
08/08/26 02:54:15.990964 pid=91 special_case_get: MGCopyAnswer(kMGQBasebandBoardSnum) returned NULL
08/08/26 02:54:16.012172 pid=91 mglog: libMobileGestalt MGIOKitHelper.m:308: Failed to retrieve data wlan:wifi-module-sn
08/08/26 02:54:16.100994 pid=91 handle_get_value: fmip attempting to get [ActivationState]
08/08/26 02:54:16.103930 pid=91 handle_get_value: fmip attempting to get [com.apple.fmip]:[IsAssociated]
08/08/26 02:54:16.109521 pid=91 _receive_message: Could not receive size of message, expected 4 bytes, got -1 bytes: (54, Connection reset by peer)
08/08/26 02:54:16.146428 pid=91 _receive_message: Could not receive size of message, expected 4 bytes, got -1 bytes: (54, Connection reset by peer)
08/08/26 02:54:16.189582 pid=91 handle_start_service_with_socket: gii attempting to spawn com.apple.mobile.diagnostics_relay service.
08/08/26 02:54:16.194649 pid=91 spawn_xpc_service: service com.apple.mobile.diagnostics_relay.lockdown started
08/08/26 02:54:16.195336 pid=91 spawn_xpc_service_block_invoke: Received checkin acknowledgement from 'com.apple.mobile.diagnostics_relay.lockdown'
08/08/26 02:54:16.195374 pid=91 spawn_xpc_service_block_invoke: XPC_ERROR_CONNECTION_INVALID com.apple.mobile.diagnostics_relay.lockdown
08/08/26 02:54:16.556579 pid=91 handle_get_value: bp attempting to get [com.apple.mobile.backup]:[CloudBackupEnabled]
08/08/26 02:54:16.557700 pid=91 special_case_get: key CloudBackupEnabled
08/08/26 02:54:16.601091 pid=91 handle_get_value: cic attempting to get [com.apple.mobile.data_sync]:[Contacts]
08/08/26 02:54:16.604441 pid=91 _receive_message: Could not receive size of message, expected 4 bytes, got -1 bytes: (54, Connection reset by peer)
08/08/26 02:54:16.640628 pid=91 handle_get_value: cic attempting to get [com.apple.mobile.data_sync]:[Notes]
08/08/26 02:54:16.642284 pid=91 _receive_message: Could not receive size of message, expected 4 bytes, got -1 bytes: (54, Connection reset by peer)
08/08/26 02:54:16.669829 pid=91 handle_get_value: cic attempting to get [com.apple.mobile.data_sync]:[Bookmarks]
08/08/26 02:54:16.671793 pid=91 _receive_message: Could not receive size of message, expected 4 bytes, got -1 bytes: (54, Connection reset by peer)
08/08/26 02:54:16.687098 pid=91 handle_get_value: cic attempting to get [com.apple.mobile.data_sync]:[Calendars]
08/08/26 02:54:22.432377 pid=91 handle_get_value: battery attempting to get [com.apple.mobile.battery]:[(null)]
08/08/26 02:54:22.562218 pid=91 _receive_message: Could not receive size of message, expected 4 bytes, got -1 bytes: (54, Connection reset by peer)
08/08/26 02:54:22.572823 pid=91 handle_start_service_with_socket: gii attempting to spawn com.apple.mobile.diagnostics_relay service.
08/08/26 02:54:22.574356 pid=91 spawn_xpc_service: service com.apple.mobile.diagnostics_relay.lockdown started
08/08/26 02:54:22.574715 pid=91 spawn_xpc_service_block_invoke: Received checkin acknowledgement from 'com.apple.mobile.diagnostics_relay.lockdown'
08/08/26 02:54:22.574741 pid=91 spawn_xpc_service_block_invoke: XPC_ERROR_CONNECTION_INVALID com.apple.mobile.diagnostics_relay.lockdown
08/08/26 02:54:22.575938 pid=91 _receive_message: Could not receive size of message, expected 4 bytes, got -1 bytes: (54, Connection reset by peer)
08/08/26 02:54:26.098852 pid=91 handle_start_service_with_socket: filemgr attempting to spawn com.apple.afc service.
08/08/26 02:54:26.099391 pid=91 spawn_xpc_service: service com.apple.afcd started
08/08/26 02:54:26.099842 pid=91 spawn_xpc_service_block_invoke: Received checkin acknowledgement from 'com.apple.afcd'
08/08/26 02:54:26.099871 pid=91 spawn_xpc_service_block_invoke: XPC_ERROR_CONNECTION_INVALID com.apple.afcd
08/08/26 02:54:26.192820 pid=91 handle_start_service_with_socket: log attempting to spawn com.apple.syslog_relay service.
08/08/26 02:54:26.194595 pid=91 spawn_xpc_service: service com.apple.syslog_relay started
08/08/26 02:54:26.196469 pid=91 _receive_message: Could not receive size of message, expected 4 bytes, got -1 bytes: (54, Connection reset by peer)
08/08/26 02:54:26.257323 pid=91 spawn_xpc_service_block_invoke: Received checkin acknowledgement from 'com.apple.syslog_relay'
08/08/26 02:54:26.257357 pid=91 spawn_xpc_service_block_invoke: XPC_ERROR_CONNECTION_INVALID com.apple.syslog_relay
08/08/26 02:54:27.193484 pid=91 handle_start_service_with_socket: gsf attempting to spawn com.apple.mobile.notification_proxy service.
08/08/26 02:54:27.197205 pid=91 spawn_xpc_service: service com.apple.mobile.notification_proxy started
08/08/26 02:54:27.201425 pid=91 spawn_xpc_service_block_invoke: Received checkin acknowledgement from 'com.apple.mobile.notification_proxy'
08/08/26 02:54:27.201474 pid=91 spawn_xpc_service_block_invoke: XPC_ERROR_CONNECTION_INVALID com.apple.mobile.notification_proxy
08/08/26 02:54:27.210791 pid=91 _receive_message: Could not receive size of message, expected 4 bytes, got -1 bytes: (54, Connection reset by peer)
08/08/26 02:54:27.221384 pid=91 handle_start_service_with_socket: gsf attempting to spawn com.apple.crashreportcopymobile service.
08/08/26 02:54:27.222436 pid=91 spawn_xpc_service: service com.apple.crashreportcopymobile started
08/08/26 02:54:27.223134 pid=91 spawn_xpc_service_block_invoke: Received checkin acknowledgement from 'com.apple.crashreportcopymobile'
08/08/26 02:54:27.223168 pid=91 spawn_xpc_service_block_invoke: XPC_ERROR_CONNECTION_INVALID com.apple.crashreportcopymobile
08/08/26 02:54:27.232239 pid=91 _receive_message: Could not receive size of message, expected 4 bytes, got -1 bytes: (54, Connection reset by peer)
08/08/26 02:54:30.309596 pid=91 handle_get_value: battery attempting to get [com.apple.mobile.battery]:[(null)]
08/08/26 02:54:30.329789 pid=91 _receive_message: Could not receive size of message, expected 4 bytes, got -1 bytes: (54, Connection reset by peer)
08/08/26 02:54:30.389046 pid=91 handle_start_service_with_socket: gii attempting to spawn com.apple.mobile.diagnostics_relay service.
08/08/26 02:54:30.393618 pid=91 spawn_xpc_service: service com.apple.mobile.diagnostics_relay.lockdown started
08/08/26 02:54:30.396510 pid=91 spawn_xpc_service_block_invoke: Received checkin acknowledgement from 'com.apple.mobile.diagnostics_relay.lockdown'
08/08/26 02:54:30.396558 pid=91 _receive_message: Could not receive size of message, expected 4 bytes, got -1 bytes: (54, Connection reset by peer)
08/08/26 02:54:30.396710 pid=91 spawn_xpc_service_block_invoke: XPC_ERROR_CONNECTION_INVALID com.apple.mobile.diagnostics_relay.lockdown
08/08/26 02:54:38.460407 pid=91 handle_get_value: battery attempting to get [com.apple.mobile.battery]:[(null)]
08/08/26 02:54:38.526591 pid=91 _receive_message: Could not receive size of message, expected 4 bytes, got -1 bytes: (54, Connection reset by peer)
08/08/26 02:54:38.678530 pid=91 handle_start_service_with_socket: gii attempting to spawn com.apple.mobile.diagnostics_relay service.
08/08/26 02:54:38.690162 pid=91 spawn_xpc_service: service com.apple.mobile.diagnostics_relay.lockdown started
08/08/26 02:54:38.697472 pid=91 spawn_xpc_service_block_invoke: Received checkin acknowledgement from 'com.apple.mobile.diagnostics_relay.lockdown'
08/08/26 02:54:38.697622 pid=91 spawn_xpc_service_block_invoke: XPC_ERROR_CONNECTION_INVALID com.apple.mobile.diagnostics_relay.lockdown
08/08/26 02:54:38.697803 pid=91 _receive_message: Could not receive size of message, expected 4 bytes, got -1 bytes: (54, Connection reset by peer)
08/08/26 02:54:42.391457 pid=91 handle_is_host_trusted: Host client com.apple.ptp is trusted.
08/08/26 02:54:48.175034 pid=91 handle_get_value: battery attempting to get [com.apple.mobile.battery]:[(null)]
08/08/26 02:54:48.177703 pid=91 _receive_message: Could not receive size of message, expected 4 bytes, got -1 bytes: (54, Connection reset by peer)
08/08/26 02:54:48.498013 pid=91 handle_start_service_with_socket: gii attempting to spawn com.apple.mobile.diagnostics_relay service.
08/08/26 02:54:48.505965 pid=91 spawn_xpc_service: service com.apple.mobile.diagnostics_relay.lockdown started
08/08/26 02:54:48.506665 pid=91 spawn_xpc_service_block_invoke: Received checkin acknowledgement from 'com.apple.mobile.diagnostics_relay.lockdown'
08/08/26 02:54:48.506729 pid=91 spawn_xpc_service_block_invoke: XPC_ERROR_CONNECTION_INVALID com.apple.mobile.diagnostics_relay.lockdown
08/08/26 02:54:58.620806 pid=91 handle_get_value: battery attempting to get [com.apple.mobile.battery]:[(null)]
08/08/26 02:54:58.623371 pid=91 _receive_message: Could not receive size of message, expected 4 bytes, got -1 bytes: (54, Connection reset by peer)
08/08/26 02:54:58.636774 pid=91 handle_start_service_with_socket: gii attempting to spawn com.apple.mobile.diagnostics_relay service.
08/08/26 02:54:58.638958 pid=91 spawn_xpc_service: service com.apple.mobile.diagnostics_relay.lockdown started
08/08/26 02:54:58.639635 pid=91 spawn_xpc_service_block_invoke: Received checkin acknowledgement from 'com.apple.mobile.diagnostics_relay.lockdown'
08/08/26 02:54:58.639707 pid=91 spawn_xpc_service_block_invoke: XPC_ERROR_CONNECTION_INVALID com.apple.mobile.diagnostics_relay.lockdown
08/08/26 02:54:58.640634 pid=91 _receive_message: Could not receive size of message, expected 4 bytes, got -1 bytes: (54, Connection reset by peer)
08/08/26 02:55:00.637103 pid=91 handle_get_value: usbmuxd attempting to get [ProductVersion]
08/08/26 02:55:00.678569 pid=91 handle_get_value: usbmuxd attempting to get [ProductName]
08/08/26 02:55:00.789993 pid=91 handle_start_service_with_socket: usbmuxd attempting to spawn com.apple.mobile.heartbeat service.
08/08/26 02:55:00.793971 pid=91 spawn_xpc_service: service com.apple.mobile.heartbeat started
08/08/26 02:55:00.815595 pid=91 spawn_xpc_service_block_invoke: Received checkin acknowledgement from 'com.apple.mobile.heartbeat'
08/08/26 02:55:00.815753 pid=91 spawn_xpc_service_block_invoke: XPC_ERROR_CONNECTION_INVALID com.apple.mobile.heartbeat
08/08/26 02:55:00.845857 pid=91 handle_get_value: usbmuxd attempting to get [ProductVersion]
08/08/26 02:55:00.890335 pid=91 handle_get_value: usbmuxd attempting to get [ProductName]
08/08/26 02:55:09.719483 pid=91 handle_get_value: battery attempting to get [com.apple.mobile.battery]:[(null)]
08/08/26 02:55:10.091512 pid=91 _receive_message: Could not receive size of message, expected 4 bytes, got -1 bytes: (54, Connection reset by peer)
08/08/26 02:55:10.119966 pid=91 handle_start_service_with_socket: gii attempting to spawn com.apple.mobile.diagnostics_relay service.
08/08/26 02:55:10.134077 pid=91 spawn_xpc_service: service com.apple.mobile.diagnostics_relay.lockdown started
08/08/26 02:55:10.134676 pid=91 spawn_xpc_service_block_invoke: Received checkin acknowledgement from 'com.apple.mobile.diagnostics_relay.lockdown'
08/08/26 02:55:10.134723 pid=91 spawn_xpc_service_block_invoke: XPC_ERROR_CONNECTION_INVALID com.apple.mobile.diagnostics_relay.lockdown
08/08/26 02:55:10.135888 pid=91 _receive_message: Could not receive size of message, expected 4 bytes, got -1 bytes: (54, Connection reset by peer)
08/08/26 02:55:22.197190 pid=91 handle_get_value: battery attempting to get [com.apple.mobile.battery]:[(null)]
08/08/26 02:55:22.205200 pid=91 _receive_message: Could not receive size of message, expected 4 bytes, got -1 bytes: (54, Connection reset by peer)
08/08/26 02:55:22.218018 pid=91 handle_start_service_with_socket: gii attempting to spawn com.apple.mobile.diagnostics_relay service.
08/08/26 02:55:22.220266 pid=91 spawn_xpc_service: service com.apple.mobile.diagnostics_relay.lockdown started
08/08/26 02:55:22.221324 pid=91 spawn_xpc_service_block_invoke: Received checkin acknowledgement from 'com.apple.mobile.diagnostics_relay.lockdown'
08/08/26 02:55:22.221421 pid=91 spawn_xpc_service_block_invoke: XPC_ERROR_CONNECTION_INVALID com.apple.mobile.diagnostics_relay.lockdown
08/08/26 02:55:35.245623 pid=91 handle_get_value: battery attempting to get [com.apple.mobile.battery]:[(null)]
08/08/26 02:55:35.261969 pid=91 handle_start_service_with_socket: gii attempting to spawn com.apple.mobile.diagnostics_relay service.
08/08/26 02:55:35.263268 pid=91 spawn_xpc_service: service com.apple.mobile.diagnostics_relay.lockdown started
08/08/26 02:55:35.263789 pid=91 spawn_xpc_service_block_invoke: Received checkin acknowledgement from 'com.apple.mobile.diagnostics_relay.lockdown'
08/08/26 02:55:35.263832 pid=91 spawn_xpc_service_block_invoke: XPC_ERROR_CONNECTION_INVALID com.apple.mobile.diagnostics_relay.lockdown
08/08/26 02:55:35.265037 pid=91 _receive_message: Could not receive size of message, expected 4 bytes, got -1 bytes: (54, Connection reset by peer)
08/08/26 02:55:48.390083 pid=91 main_block_invoke_2: com.apple.iokit.matching event: com.apple.lockdown.USB3.Device
08/08/26 02:55:48.456643 pid=91 main_block_invoke_2: com.apple.iokit.matching event: com.apple.lockdown.USB2.Device
08/08/26 02:55:49.297705 pid=91 handle_get_value: battery attempting to get [com.apple.mobile.battery]:[(null)]
08/08/26 02:55:49.301291 pid=91 _receive_message: Could not receive size of message, expected 4 bytes, got -1 bytes: (54, Connection reset by peer)
08/08/26 02:55:49.313120 pid=91 handle_start_service_with_socket: gii attempting to spawn com.apple.mobile.diagnostics_relay service.
08/08/26 02:55:49.315040 pid=91 spawn_xpc_service: service com.apple.mobile.diagnostics_relay.lockdown started
08/08/26 02:55:49.315736 pid=91 spawn_xpc_service_block_invoke: Received checkin acknowledgement from 'com.apple.mobile.diagnostics_relay.lockdown'
08/08/26 02:55:49.315807 pid=91 spawn_xpc_service_block_invoke: XPC_ERROR_CONNECTION_INVALID com.apple.mobile.diagnostics_relay.lockdown
08/08/26 02:55:49.316592 pid=91 _receive_message: Could not receive size of message, expected 4 bytes, got -1 bytes: (54, Connection reset by peer)
08/08/26 02:56:04.343696 pid=91 handle_get_value: battery attempting to get [com.apple.mobile.battery]:[(null)]
08/08/26 02:56:04.359172 pid=91 handle_start_service_with_socket: gii attempting to spawn com.apple.mobile.diagnostics_relay service.
08/08/26 02:56:04.361444 pid=91 spawn_xpc_service: service com.apple.mobile.diagnostics_relay.lockdown started
08/08/26 02:56:04.363195 pid=91 _receive_message: Could not receive size of message, expected 4 bytes, got -1 bytes: (54, Connection reset by peer)
08/08/26 02:56:04.363207 pid=91 spawn_xpc_service_block_invoke: Received checkin acknowledgement from 'com.apple.mobile.diagnostics_relay.lockdown'
08/08/26 02:56:04.363723 pid=91 spawn_xpc_service_block_invoke: XPC_ERROR_CONNECTION_INVALID com.apple.mobile.diagnostics_relay.lockdown
08/08/26 02:56:20.395939 pid=91 handle_get_value: battery attempting to get [com.apple.mobile.battery]:[(null)]
08/08/26 02:56:20.419728 pid=91 handle_start_service_with_socket: gii attempting to spawn com.apple.mobile.diagnostics_relay service.
08/08/26 02:56:20.421751 pid=91 spawn_xpc_service: service com.apple.mobile.diagnostics_relay.lockdown started
08/08/26 02:56:20.422429 pid=91 spawn_xpc_service_block_invoke: Received checkin acknowledgement from 'com.apple.mobile.diagnostics_relay.lockdown'
08/08/26 02:56:20.422486 pid=91 spawn_xpc_service_block_invoke: XPC_ERROR_CONNECTION_INVALID com.apple.mobile.diagnostics_relay.lockdown
08/08/26 02:56:37.460886 pid=91 handle_get_value: battery attempting to get [com.apple.mobile.battery]:[(null)]
08/08/26 02:56:37.489701 pid=91 handle_start_service_with_socket: gii attempting to spawn com.apple.mobile.diagnostics_relay service.
08/08/26 02:56:37.492706 pid=91 spawn_xpc_service: service com.apple.mobile.diagnostics_relay.lockdown started
08/08/26 02:56:37.493878 pid=91 spawn_xpc_service_block_invoke: Received checkin acknowledgement from 'com.apple.mobile.diagnostics_relay.lockdown'
08/08/26 02:56:37.493961 pid=91 spawn_xpc_service_block_invoke: XPC_ERROR_CONNECTION_INVALID com.apple.mobile.diagnostics_relay.lockdown
08/08/26 02:56:55.528557 pid=91 handle_get_value: battery attempting to get [com.apple.mobile.battery]:[(null)]
08/08/26 02:56:55.533190 pid=91 _receive_message: Could not receive size of message, expected 4 bytes, got -1 bytes: (54, Connection reset by peer)
08/08/26 02:56:55.547862 pid=91 handle_start_service_with_socket: gii attempting to spawn com.apple.mobile.diagnostics_relay service.
08/08/26 02:56:55.550261 pid=91 spawn_xpc_service: service com.apple.mobile.diagnostics_relay.lockdown started
08/08/26 02:56:55.551152 pid=91 spawn_xpc_service_block_invoke: Received checkin acknowledgement from 'com.apple.mobile.diagnostics_relay.lockdown'
08/08/26 02:56:55.551271 pid=91 spawn_xpc_service_block_invoke: XPC_ERROR_CONNECTION_INVALID com.apple.mobile.diagnostics_relay.lockdown
08/08/26 02:56:55.552355 pid=91 _receive_message: Could not receive size of message, expected 4 bytes, got -1 bytes: (54, Connection reset by peer)
08/08/26 02:57:14.583081 pid=91 handle_get_value: battery attempting to get [com.apple.mobile.battery]:[(null)]
08/08/26 02:57:14.601425 pid=91 handle_start_service_with_socket: gii attempting to spawn com.apple.mobile.diagnostics_relay service.
08/08/26 02:57:14.603694 pid=91 spawn_xpc_service: service com.apple.mobile.diagnostics_relay.lockdown started
08/08/26 02:57:14.604916 pid=91 spawn_xpc_service_block_invoke: Received checkin acknowledgement from 'com.apple.mobile.diagnostics_relay.lockdown'
08/08/26 02:57:14.605141 pid=91 spawn_xpc_service_block_invoke: XPC_ERROR_CONNECTION_INVALID com.apple.mobile.diagnostics_relay.lockdown
08/08/26 02:57:14.606876 pid=91 _receive_message: Could not receive size of message, expected 4 bytes, got -1 bytes: (54, Connection reset by peer)
08/08/26 02:57:34.651834 pid=91 handle_get_value: battery attempting to get [com.apple.mobile.battery]:[(null)]
08/08/26 02:57:34.672112 pid=91 handle_start_service_with_socket: gii attempting to spawn com.apple.mobile.diagnostics_relay service.
08/08/26 02:57:34.674440 pid=91 spawn_xpc_service: service com.apple.mobile.diagnostics_relay.lockdown started
08/08/26 02:57:34.675863 pid=91 spawn_xpc_service_block_invoke: Received checkin acknowledgement from 'com.apple.mobile.diagnostics_relay.lockdown'
08/08/26 02:57:34.676000 pid=91 spawn_xpc_service_block_invoke: XPC_ERROR_CONNECTION_INVALID com.apple.mobile.diagnostics_relay.lockdown
08/08/26 02:57:34.677489 pid=91 _receive_message: Could not receive size of message, expected 4 bytes, got -1 bytes: (54, Connection reset by peer)
08/08/26 02:57:55.710606 pid=91 handle_get_value: battery attempting to get [com.apple.mobile.battery]:[(null)]
08/08/26 02:57:55.713757 pid=91 _receive_message: Could not receive size of message, expected 4 bytes, got -1 bytes: (54, Connection reset by peer)
08/08/26 02:57:55.726536 pid=91 handle_start_service_with_socket: gii attempting to spawn com.apple.mobile.diagnostics_relay service.
08/08/26 02:57:55.728664 pid=91 spawn_xpc_service: service com.apple.mobile.diagnostics_relay.lockdown started
08/08/26 02:57:55.729777 pid=91 spawn_xpc_service_block_invoke: Received checkin acknowledgement from 'com.apple.mobile.diagnostics_relay.lockdown'
08/08/26 02:57:55.729869 pid=91 spawn_xpc_service_block_invoke: XPC_ERROR_CONNECTION_INVALID com.apple.mobile.diagnostics_relay.lockdown
08/08/26 02:58:17.769863 pid=91 handle_get_value: battery attempting to get [com.apple.mobile.battery]:[(null)]
08/08/26 02:58:17.785424 pid=91 handle_start_service_with_socket: gii attempting to spawn com.apple.mobile.diagnostics_relay service.
08/08/26 02:58:17.787489 pid=91 spawn_xpc_service: service com.apple.mobile.diagnostics_relay.lockdown started
08/08/26 02:58:17.788003 pid=91 spawn_xpc_service_block_invoke: Received checkin acknowledgement from 'com.apple.mobile.diagnostics_relay.lockdown'
08/08/26 02:58:17.788081 pid=91 spawn_xpc_service_block_invoke: XPC_ERROR_CONNECTION_INVALID com.apple.mobile.diagnostics_relay.lockdown
08/08/26 02:58:22.652147 pid=91 calculate_application_usage_block_invoke: Calculating application disk usage.
08/08/26 02:58:36.037028 pid=91 handle_get_value: disk attempting to get [(null)]
08/08/26 02:58:36.097583 pid=91 mglog: libMobileGestalt utility.c:338: Could not lookup ProductVersionExtra from dictionary
08/08/26 02:58:36.099969 pid=91 special_case_get: MGCopyAnswer(kMGQSDIOProductInfo) returned NULL
08/08/26 02:58:36.103275 pid=91 special_case_get: MGCopyAnswer(kMGQSDIOManufacturerTuple) returned NULL
08/08/26 02:58:36.118280 pid=91 special_case_get: MGCopyAnswer(kMGQProximitySensorCalibration) returned NULL
08/08/26 02:58:36.122539 pid=91 special_case_get: MGCopyAnswer(kMGQCompassCalibration) returned NULL
08/08/26 02:58:36.124122 pid=91 special_case_get: MGCopyAnswer(kMGQBasebandBoardSnum) returned NULL
08/08/26 02:58:36.160888 pid=91 mglog: libMobileGestalt MGIOKitHelper.m:308: Failed to retrieve data wlan:wifi-module-sn
08/08/26 02:58:36.302352 pid=91 _receive_message: Could not receive size of message, expected 4 bytes, got -1 bytes: (54, Connection reset by peer)
08/08/26 02:58:36.405469 pid=91 handle_start_service_with_socket: gii attempting to spawn com.apple.mobile.diagnostics_relay service.
08/08/26 02:58:36.425232 pid=91 spawn_xpc_service: service com.apple.mobile.diagnostics_relay.lockdown started
08/08/26 02:58:36.430028 pid=91 spawn_xpc_service_block_invoke: Received checkin acknowledgement from 'com.apple.mobile.diagnostics_relay.lockdown'
08/08/26 02:58:36.430194 pid=91 spawn_xpc_service_block_invoke: XPC_ERROR_CONNECTION_INVALID com.apple.mobile.diagnostics_relay.lockdown
08/08/26 02:58:36.437917 pid=91 _receive_message: Could not receive size of message, expected 4 bytes, got -1 bytes: (54, Connection reset by peer)
08/08/26 02:58:36.646704 pid=91 handle_start_service_with_socket: gii attempting to spawn com.apple.mobile.diagnostics_relay service.
08/08/26 02:58:36.666851 pid=91 spawn_xpc_service: service com.apple.mobile.diagnostics_relay.lockdown started
08/08/26 02:58:36.674206 pid=91 spawn_xpc_service_block_invoke: Received checkin acknowledgement from 'com.apple.mobile.diagnostics_relay.lockdown'
08/08/26 02:58:36.675475 pid=91 spawn_xpc_service_block_invoke: XPC_ERROR_CONNECTION_INVALID com.apple.mobile.diagnostics_relay.lockdown
08/08/26 02:58:36.679799 pid=91 _receive_message: Could not receive size of message, expected 4 bytes, got -1 bytes: (54, Connection reset by peer)
08/08/26 02:58:36.856207 pid=91 handle_get_value: devinfo attempting to get [(null)]
08/08/26 02:58:36.931240 pid=91 mglog: libMobileGestalt utility.c:338: Could not lookup ProductVersionExtra from dictionary
08/08/26 02:58:36.933281 pid=91 special_case_get: MGCopyAnswer(kMGQSDIOProductInfo) returned NULL
08/08/26 02:58:36.935369 pid=91 special_case_get: MGCopyAnswer(kMGQSDIOManufacturerTuple) returned NULL
08/08/26 02:58:36.967043 pid=91 special_case_get: MGCopyAnswer(kMGQProximitySensorCalibration) returned NULL
08/08/26 02:58:36.970422 pid=91 special_case_get: MGCopyAnswer(kMGQCompassCalibration) returned NULL
08/08/26 02:58:36.970836 pid=91 special_case_get: MGCopyAnswer(kMGQBasebandBoardSnum) returned NULL
08/08/26 02:58:36.987207 pid=91 mglog: libMobileGestalt MGIOKitHelper.m:308: Failed to retrieve data wlan:wifi-module-sn
08/08/26 02:58:37.090709 pid=91 handle_get_value: devinfo attempting to get [com.apple.disk_usage]:[(null)]
08/08/26 02:58:40.814065 pid=91 handle_get_value: battery attempting to get [com.apple.mobile.battery]:[(null)]
08/08/26 02:58:40.831258 pid=91 handle_start_service_with_socket: gii attempting to spawn com.apple.mobile.diagnostics_relay service.
08/08/26 02:58:40.833637 pid=91 spawn_xpc_service: service com.apple.mobile.diagnostics_relay.lockdown started
08/08/26 02:58:40.834567 pid=91 spawn_xpc_service_block_invoke: Received checkin acknowledgement from 'com.apple.mobile.diagnostics_relay.lockdown'
08/08/26 02:58:40.834657 pid=91 spawn_xpc_service_block_invoke: XPC_ERROR_CONNECTION_INVALID com.apple.mobile.diagnostics_relay.lockdown
08/08/26 02:58:58.100505 pid=91 calculate_application_usage_block_invoke: Completed calculating application usage.
08/08/26 02:58:58.100989 pid=91 mglog: libMobileGestalt MobileGestalt.c:4244: statfs(/mnt4): No such file or directory
08/08/26 02:58:58.107049 pid=91 handle_get_value: devinfo attempting to get [com.apple.disk_usage.factory]:[(null)]
08/08/26 02:58:58.110694 pid=91 mglog: libMobileGestalt MobileGestalt.c:4244: statfs(/mnt4): No such file or directory
08/08/26 02:59:04.867930 pid=91 handle_get_value: battery attempting to get [com.apple.mobile.battery]:[(null)]
08/08/26 02:59:04.883982 pid=91 handle_start_service_with_socket: gii attempting to spawn com.apple.mobile.diagnostics_relay service.
08/08/26 02:59:04.885546 pid=91 spawn_xpc_service: service com.apple.mobile.diagnostics_relay.lockdown started
08/08/26 02:59:04.886229 pid=91 spawn_xpc_service_block_invoke: Received checkin acknowledgement from 'com.apple.mobile.diagnostics_relay.lockdown'
08/08/26 02:59:04.886261 pid=91 spawn_xpc_service_block_invoke: XPC_ERROR_CONNECTION_INVALID com.apple.mobile.diagnostics_relay.lockdown
08/08/26 02:59:07.859737 pid=91 handle_get_value: devinfo attempting to get [com.apple.mobile.battery]:[(null)]
08/08/26 02:59:07.861434 pid=91 handle_get_value: devinfo attempting to get [com.apple.iqagent]:[(null)]
08/08/26 02:59:07.862459 pid=91 handle_get_value: devinfo attempting to get [com.apple.purplebuddy]:[(null)]
08/08/26 02:59:07.863490 pid=91 handle_get_value: devinfo attempting to get [com.apple.PurpleBuddy]:[(null)]
08/08/26 02:59:07.872554 pid=91 handle_get_value: devinfo attempting to get [com.apple.mobile.chaperone]:[(null)]
08/08/26 02:59:07.873528 pid=91 handle_get_value: devinfo attempting to get [com.apple.mobile.third_party_termination]:[(null)]
08/08/26 02:59:07.874507 pid=91 handle_get_value: devinfo attempting to get [com.apple.mobile.lockdownd]:[(null)]
08/08/26 02:59:07.875480 pid=91 handle_get_value: devinfo attempting to get [com.apple.mobile.lockdown_cache]:[(null)]
08/08/26 02:59:07.876475 pid=91 handle_get_value: devinfo attempting to get [com.apple.xcode.developerdomain]:[(null)]
08/08/26 02:59:07.877449 pid=91 handle_get_value: devinfo attempting to get [com.apple.international]:[(null)]
08/08/26 02:59:07.994965 pid=91 handle_get_value: devinfo attempting to get [com.apple.mobile.data_sync]:[(null)]
08/08/26 02:59:07.996034 pid=91 handle_get_value: devinfo attempting to get [com.apple.mobile.tethered_sync]:[(null)]
08/08/26 02:59:07.997034 pid=91 handle_get_value: devinfo attempting to get [com.apple.mobile.mobile_application_usage]:[(null)]
08/08/26 02:59:07.997929 pid=91 handle_get_value: devinfo attempting to get [com.apple.mobile.backup]:[(null)]
08/08/26 02:59:07.999007 pid=91 handle_get_value: devinfo attempting to get [com.apple.mobile.nikita]:[(null)]
08/08/26 02:59:07.999982 pid=91 handle_get_value: devinfo attempting to get [com.apple.mobile.restriction]:[(null)]
08/08/26 02:59:08.000861 pid=91 handle_get_value: devinfo attempting to get [com.apple.mobile.user_preferences]:[(null)]
08/08/26 02:59:08.001737 pid=91 handle_get_value: devinfo attempting to get [com.apple.mobile.sync_data_class]:[(null)]
08/08/26 02:59:08.002797 pid=91 handle_get_value: devinfo attempting to get [com.apple.mobile.software_behavior]:[(null)]
08/08/26 02:59:08.003781 pid=91 handle_get_value: devinfo attempting to get [com.apple.mobile.iTunes.SQLMusicLibraryPostProcessCommands]:[(null)]
08/08/26 02:59:08.004622 pid=91 handle_get_value: devinfo attempting to get [com.apple.mobile.iTunes.accessories]:[(null)]
08/08/26 02:59:08.005484 pid=91 handle_get_value: devinfo attempting to get [com.apple.mobile.internal]:[(null)]
08/08/26 02:59:08.006431 pid=91 handle_get_value: devinfo attempting to get [com.apple.mobile.wireless_lockdown]:[(null)]
08/08/26 02:59:08.007542 pid=91 handle_get_value: devinfo attempting to get [com.apple.fairplay]:[(null)]
08/08/26 02:59:08.008327 pid=91 handle_get_value: devinfo attempting to get [com.apple.iTunes]:[(null)]
08/08/26 02:59:08.009258 pid=91 handle_get_value: devinfo attempting to get [com.apple.mobile.iTunes.store]:[(null)]
08/08/26 02:59:08.010028 pid=91 handle_get_value: devinfo attempting to get [com.apple.mobile.iTunes]:[(null)]
08/08/26 02:59:08.017583 pid=91 handle_get_value: devinfo attempting to get [com.apple.fmip]:[(null)]
08/08/26 02:59:08.018469 pid=91 handle_get_value: devinfo attempting to get [com.apple.Accessibility]:[(null)]
08/08/26 02:59:08.132858 pid=91 handle_get_value: devinfo attempting to get [com.apple.iTunes.backup]:[(null)]
08/08/26 02:59:08.133971 pid=91 handle_get_value: devinfo attempting to get [com.apple.itunesstored]:[(null)]
08/08/26 02:59:08.135018 pid=91 handle_get_value: devinfo attempting to get [com.apple.mobile.battery]:[(null)]
08/08/26 02:59:08.136571 pid=91 handle_get_value: devinfo attempting to get [com.apple.mobile.debug]:[(null)]
08/08/26 02:59:08.137394 pid=91 handle_get_value: devinfo attempting to get [com.apple.mobile.iTunes]:[(null)]
08/08/26 02:59:08.145273 pid=91 handle_get_value: devinfo attempting to get [com.apple.smf]:[(null)]
08/08/26 02:59:08.146364 pid=91 handle_get_value: devinfo attempting to get [com.apple.xcode.developerdomain]:[(null)]
08/08/26 02:59:29.924267 pid=91 handle_get_value: battery attempting to get [com.apple.mobile.battery]:[(null)]
08/08/26 02:59:29.928608 pid=91 _receive_message: Could not receive size of message, expected 4 bytes, got -1 bytes: (54, Connection reset by peer)
08/08/26 02:59:29.953733 pid=91 handle_start_service_with_socket: gii attempting to spawn com.apple.mobile.diagnostics_relay service.
08/08/26 02:59:29.956133 pid=91 spawn_xpc_service: service com.apple.mobile.diagnostics_relay.lockdown started
08/08/26 02:59:29.957790 pid=91 spawn_xpc_service_block_invoke: Received checkin acknowledgement from 'com.apple.mobile.diagnostics_relay.lockdown'
08/08/26 02:59:29.957865 pid=91 spawn_xpc_service_block_invoke: XPC_ERROR_CONNECTION_INVALID com.apple.mobile.diagnostics_relay.lockdown
08/08/26 02:59:56.008533 pid=91 handle_get_value: battery attempting to get [com.apple.mobile.battery]:[(null)]
08/08/26 02:59:56.030458 pid=91 handle_start_service_with_socket: gii attempting to spawn com.apple.mobile.diagnostics_relay service.
08/08/26 02:59:56.033128 pid=91 spawn_xpc_service: service com.apple.mobile.diagnostics_relay.lockdown started
08/08/26 02:59:56.034340 pid=91 spawn_xpc_service_block_invoke: Received checkin acknowledgement from 'com.apple.mobile.diagnostics_relay.lockdown'
08/08/26 02:59:56.034426 pid=91 spawn_xpc_service_block_invoke: XPC_ERROR_CONNECTION_INVALID com.apple.mobile.diagnostics_relay.lockdown
08/08/26 03:00:23.081673 pid=91 handle_get_value: battery attempting to get [com.apple.mobile.battery]:[(null)]
08/08/26 03:00:23.100081 pid=91 handle_start_service_with_socket: gii attempting to spawn com.apple.mobile.diagnostics_relay service.
08/08/26 03:00:23.102233 pid=91 spawn_xpc_service: service com.apple.mobile.diagnostics_relay.lockdown started
08/08/26 03:00:23.102960 pid=91 spawn_xpc_service_block_invoke: Received checkin acknowledgement from 'com.apple.mobile.diagnostics_relay.lockdown'
08/08/26 03:00:23.103046 pid=91 spawn_xpc_service_block_invoke: XPC_ERROR_CONNECTION_INVALID com.apple.mobile.diagnostics_relay.lockdown
08/08/26 03:00:24.597225 pid=91 handle_get_value: backupd attempting to get [com.apple.TerminalFlashr]:[(null)]
08/08/26 03:00:24.597540 pid=91 handle_get_value: backupd attempting to get [com.apple.mobile.data_sync]:[(null)]
08/08/26 03:00:24.597918 pid=91 handle_get_value: backupd attempting to get [com.apple.Accessibility]:[(null)]
08/08/26 03:00:24.598301 pid=91 handle_get_value: backupd attempting to get [com.apple.mobile.iTunes.accessories]:[(null)]
08/08/26 03:00:24.598515 pid=91 handle_get_value: backupd attempting to get [com.apple.MobileDeviceCrashCopy]:[(null)]
08/08/26 03:00:24.598570 pid=91 connection_can_get_key: client backupd's entitlement plist must have a com.apple.private.lockdown.finegrained-get key whose value is an array containing the string com.apple.MobileDeviceCrashCopy/ShouldPrompt (FATAL)
08/08/26 03:00:24.598780 pid=91 handle_get_value: backupd attempting to get [com.apple.mobile.wireless_lockdown]:[EnableWifiConnections]
08/08/26 03:00:51.149729 pid=91 handle_get_value: battery attempting to get [com.apple.mobile.battery]:[(null)]
08/08/26 03:00:51.173300 pid=91 handle_start_service_with_socket: gii attempting to spawn com.apple.mobile.diagnostics_relay service.
08/08/26 03:00:51.175917 pid=91 spawn_xpc_service: service com.apple.mobile.diagnostics_relay.lockdown started
08/08/26 03:00:51.177071 pid=91 spawn_xpc_service_block_invoke: Received checkin acknowledgement from 'com.apple.mobile.diagnostics_relay.lockdown'
08/08/26 03:00:51.177128 pid=91 spawn_xpc_service_block_invoke: XPC_ERROR_CONNECTION_INVALID com.apple.mobile.diagnostics_relay.lockdown
08/08/26 03:00:51.178216 pid=91 _receive_message: Could not receive size of message, expected 4 bytes, got -1 bytes: (54, Connection reset by peer)
08/08/26 03:01:20.216341 pid=91 handle_get_value: battery attempting to get [com.apple.mobile.battery]:[(null)]
08/08/26 03:01:20.232931 pid=91 handle_start_service_with_socket: gii attempting to spawn com.apple.mobile.diagnostics_relay service.
08/08/26 03:01:20.234901 pid=91 spawn_xpc_service: service com.apple.mobile.diagnostics_relay.lockdown started
08/08/26 03:01:20.236289 pid=91 spawn_xpc_service_block_invoke: Received checkin acknowledgement from 'com.apple.mobile.diagnostics_relay.lockdown'
08/08/26 03:01:20.236356 pid=91 spawn_xpc_service_block_invoke: XPC_ERROR_CONNECTION_INVALID com.apple.mobile.diagnostics_relay.lockdown
08/08/26 03:01:50.290605 pid=91 handle_get_value: battery attempting to get [com.apple.mobile.battery]:[(null)]
08/08/26 03:01:50.312115 pid=91 handle_start_service_with_socket: gii attempting to spawn com.apple.mobile.diagnostics_relay service.
08/08/26 03:01:50.314362 pid=91 spawn_xpc_service: service com.apple.mobile.diagnostics_relay.lockdown started
08/08/26 03:01:50.315165 pid=91 spawn_xpc_service_block_invoke: Received checkin acknowledgement from 'com.apple.mobile.diagnostics_relay.lockdown'
08/08/26 03:01:50.315234 pid=91 spawn_xpc_service_block_invoke: XPC_ERROR_CONNECTION_INVALID com.apple.mobile.diagnostics_relay.lockdown
08/08/26 03:02:00.547948 pid=91 handle_get_value: remotepairingdeviced attempting to get [com.apple.mobile.wireless_lockdown]:[EnableWifiConnections]
08/08/26 03:02:21.370874 pid=91 handle_get_value: battery attempting to get [com.apple.mobile.battery]:[(null)]
08/08/26 03:02:21.374615 pid=91 _receive_message: Could not receive size of message, expected 4 bytes, got -1 bytes: (54, Connection reset by peer)
08/08/26 03:02:21.393189 pid=91 handle_start_service_with_socket: gii attempting to spawn com.apple.mobile.diagnostics_relay service.
08/08/26 03:02:21.395856 pid=91 spawn_xpc_service: service com.apple.mobile.diagnostics_relay.lockdown started
08/08/26 03:02:21.396851 pid=91 spawn_xpc_service_block_invoke: Received checkin acknowledgement from 'com.apple.mobile.diagnostics_relay.lockdown'
08/08/26 03:02:21.396915 pid=91 spawn_xpc_service_block_invoke: XPC_ERROR_CONNECTION_INVALID com.apple.mobile.diagnostics_relay.lockdown
08/08/26 03:02:21.398058 pid=91 _receive_message: Could not receive size of message, expected 4 bytes, got -1 bytes: (54, Connection reset by peer)
08/08/26 03:02:53.456440 pid=91 handle_get_value: battery attempting to get [com.apple.mobile.battery]:[(null)]
08/08/26 03:02:53.459409 pid=91 _receive_message: Could not receive size of message, expected 4 bytes, got -1 bytes: (54, Connection reset by peer)
08/08/26 03:02:53.474397 pid=91 handle_start_service_with_socket: gii attempting to spawn com.apple.mobile.diagnostics_relay service.
08/08/26 03:02:53.476381 pid=91 spawn_xpc_service: service com.apple.mobile.diagnostics_relay.lockdown started
08/08/26 03:02:53.477363 pid=91 spawn_xpc_service_block_invoke: Received checkin acknowledgement from 'com.apple.mobile.diagnostics_relay.lockdown'
08/08/26 03:02:53.477426 pid=91 spawn_xpc_service_block_invoke: XPC_ERROR_CONNECTION_INVALID com.apple.mobile.diagnostics_relay.lockdown
08/08/26 03:02:53.478447 pid=91 _receive_message: Could not receive size of message, expected 4 bytes, got -1 bytes: (54, Connection reset by peer)
08/08/26 03:03:51.494187 pid=91 main: Starting Up
08/08/26 03:03:51.507752 pid=91 mglog: libMobileGestalt MobileGestaltCache.c:360: Cache loaded with 6471 pre-cached in CacheData and 83 items in CacheExtra.
08/08/26 03:03:55.440257 pid=91 lockstart_local: Build version: 24A5390f
08/08/26 03:03:55.440522 pid=91 lockstart_local: Data Migration Completed: true
08/08/26 03:03:55.440593 pid=91 get_device_type_internal_block_invoke: product_type: iPhone16,2

08/08/26 03:03:55.440602 pid=91 get_device_type_internal_block_invoke: has_telephony: true, should_hactivate: false
08/08/26 03:03:55.440608 pid=91 get_device_type_internal_block_invoke: baseband_class: 3, cert_type 1
08/08/26 03:03:55.440613 pid=91 _load_product_type: using Raptor Certs
08/08/26 03:03:55.509986 pid=91 performBootSessionIntialization: Boot session changed (reboot detected).
08/08/26 03:03:55.510266 pid=91 data_ark_set_block_invoke: dirtied by changing -BootSessionID
08/08/26 03:03:55.510622 pid=91 data_ark_store_block_invoke: Saved.
08/08/26 03:03:55.517868 pid=91 handle_get_value: remotepairingdeviced attempting to get [com.apple.mobile.wireless_lockdown]:[EnableWifiConnections]
08/08/26 03:03:55.518126 pid=91 handle_get_value: remotepairingdeviced attempting to get [com.apple.mobile.wireless_lockdown]:[EnableWifiPairing]
08/08/26 03:03:55.524159 pid=91 set_response_error: handle_get_value MissingValue
08/08/26 03:03:55.524518 pid=91 handle_get_value: remotepairingdeviced attempting to get [com.apple.mobile.wireless_lockdown]:[EnableWifiDebugging]
08/08/26 03:03:55.528508 pid=91 handle_get_value: remotepairingdeviced attempting to get [com.apple.mobile.wireless_lockdown]:[EnableWifiPairing]
08/08/26 03:03:55.528525 pid=91 set_response_error: handle_get_value MissingValue
08/08/26 03:03:56.607198 pid=91 refresh_remote_services_block_invoke: Done resetting remote devices.
08/08/26 03:03:56.607260 pid=91 service_ark_load: Refreshed remote services.
08/08/26 03:03:56.607634 pid=91 update_bonjour_service_instance_name: Full service name is 'b6:d6:20:a5:c1:94@fe80::b4d6:20ff:fea5:c194-supportsRP-26._apple-mobdev2._tcp.local.'.
08/08/26 03:03:58.135553 pid=91 notify_configd_block_invoke_2: Pinged configd, USB is now enabled.
08/08/26 03:04:00.535677 pid=91 update_bonjour_service_instance_name: Full service name is '5a:de:74:3b:98:98@fe80::58de:74ff:fe3b:9898-supportsRP-26._apple-mobdev2._tcp.local.'.
08/08/26 03:04:00.539607 pid=91 dns_register_block_invoke: Registered DNS (syncing): _apple-mobdev2._tcp,915a07ee,8e2907e4,523805af,42480515
08/08/26 03:04:00.834062 pid=91 dns_register_block_invoke: Registered WOL.
08/08/26 03:04:08.222200 pid=91 main_block_invoke_2: com.apple.iokit.matching event: com.apple.lockdown.USB3.Device
08/08/26 03:04:08.298506 pid=91 main_block_invoke_2: com.apple.iokit.matching event: com.apple.lockdown.USB2.Device
08/08/26 03:04:25.677987 pid=91 usb_host_connected_block_invoke: non-mux connection
08/08/26 03:04:25.692181 pid=91 bump_connection_count: Connection count is now 3.
08/08/26 03:04:25.692236 pid=91 usb_host_connected_block_invoke: mux connection
08/08/26 03:04:25.700966 pid=91 bump_connection_count: Connection count is now 4.
08/08/26 03:04:25.707885 pid=91 handle_get_value: devinfo attempting to get [ProductVersion]
08/08/26 03:04:25.742683 pid=91 handle_get_value: unknown attempting to get [ProductVersion]
08/08/26 03:04:25.796470 pid=91 handle_get_value: unknown attempting to get [ProductName]
08/08/26 03:04:25.932833 pid=91 handle_get_value: devinfo attempting to get [(null)]
08/08/26 03:04:26.011075 pid=91 mglog: libMobileGestalt utility.c:338: Could not lookup ProductVersionExtra from dictionary
08/08/26 03:04:26.011191 pid=91 special_case_get: MGCopyAnswer(kMGQSDIOProductInfo) returned NULL
08/08/26 03:04:26.011207 pid=91 special_case_get: MGCopyAnswer(kMGQSDIOManufacturerTuple) returned NULL
08/08/26 03:04:26.077323 pid=91 handle_get_value: remotepairingdeviced attempting to get [com.apple.mobile.wireless_lockdown]:[EnableWifiConnections]
08/08/26 03:04:26.440415 pid=91 special_case_get: MGCopyAnswer(kMGQProximitySensorCalibration) returned NULL
08/08/26 03:04:26.441794 pid=91 special_case_get: MGCopyAnswer(kMGQCompassCalibration) returned NULL
08/08/26 03:04:26.441834 pid=91 special_case_get: MGCopyAnswer(kMGQBasebandBoardSnum) returned NULL
08/08/26 03:04:26.475282 pid=91 mglog: libMobileGestalt MGIOKitHelper.m:308: Failed to retrieve data wlan:wifi-module-sn
08/08/26 03:04:26.580045 pid=91 handle_start_service_with_socket: devinfo attempting to spawn com.apple.afc service.
08/08/26 03:04:26.701482 pid=91 spawn_xpc_service: service com.apple.afcd started
08/08/26 03:04:28.118578 pid=91 update_bonjour_service_instance_name: Full service name is '2a:8f:a6:2b:23:82@fe80::288f:a6ff:fe2b:2382-supportsRP-26._apple-mobdev2._tcp.local.'.
08/08/26 03:04:28.119726 pid=91 dns_unregister_block_invoke: Unregistered DNS (syncing).
08/08/26 03:04:28.135990 pid=91 dns_register_block_invoke: Registered DNS (syncing): _apple-mobdev2._tcp,915a07ee,8e2907e4,523805af,42480515
08/08/26 03:04:28.302716 pid=91 spawn_xpc_service_block_invoke: Received checkin acknowledgement from 'com.apple.afcd'
08/08/26 03:04:28.302752 pid=91 spawn_xpc_service_block_invoke: XPC_ERROR_CONNECTION_INVALID com.apple.afcd
08/08/26 03:04:28.306499 pid=91 handle_get_value: devinfo attempting to get [DeviceEnclosureColor]
08/08/26 03:04:28.307484 pid=91 handle_get_value: devinfo attempting to get [RegulatoryModelNumber]
08/08/26 03:04:28.309337 pid=91 handle_get_value: devinfo attempting to get [ActiveWirelessTechnology]
08/08/26 03:04:28.311432 pid=91 handle_get_value: devinfo attempting to get [com.apple.mobile.chaperone]:[DeviceIsChaperoned]
08/08/26 03:04:28.371917 pid=91 handle_get_value: devinfo attempting to get [com.apple.international]:[Locale]
08/08/26 03:04:30.403875 pid=91 handle_get_value: devinfo attempting to get [PhoneNumber2]
08/08/26 03:04:30.409634 pid=91 handle_get_value: devinfo attempting to get [com.apple.disk_usage]:[(null)]
08/08/26 03:04:30.411634 pid=91 mglog: libMobileGestalt MobileGestalt.c:4244: statfs(/mnt4): No such file or directory
08/08/26 03:04:30.416449 pid=91 handle_get_value: devinfo attempting to get [com.apple.mobile.battery]:[(null)]
08/08/26 03:04:30.419112 pid=91 handle_start_service_with_socket: devinfo attempting to spawn com.apple.afc2 service.
08/08/26 03:04:30.420871 pid=91 spawn_service_agent: Failed to look up service in the map.
08/08/26 03:04:30.420885 pid=91 spawn_and_handle_checkin: Failed to spawn 'com.apple.afc2' service agent: InvalidService
08/08/26 03:04:30.420892 pid=91 handle_start_service_with_socket: Failed to spawn com.apple.afc2.
08/08/26 03:04:30.420898 pid=91 set_response_error: handle_start_service_with_socket InvalidService
08/08/26 03:04:30.420904 pid=91 handle_start_service: Failed to start service: InvalidService
08/08/26 03:04:30.423404 pid=91 handle_start_service_with_socket: devinfo attempting to spawn com.apple.mobile.installation_proxy service.
08/08/26 03:04:30.424158 pid=91 spawn_xpc_service: service com.apple.mobile.installation_proxy started
08/08/26 03:04:30.487115 pid=91 spawn_xpc_service_block_invoke: Received checkin acknowledgement from 'com.apple.mobile.installation_proxy'
08/08/26 03:04:30.487142 pid=91 spawn_xpc_service_block_invoke: XPC_ERROR_CONNECTION_INVALID com.apple.mobile.installation_proxy
08/08/26 03:04:30.493972 pid=91 _receive_message: Could not receive size of message, expected 4 bytes, got -1 bytes: (54, Connection reset by peer)
08/08/26 03:04:30.911932 pid=91 handle_get_value: usbmuxd attempting to get [ProductVersion]
08/08/26 03:04:30.956581 pid=91 handle_get_value: usbmuxd attempting to get [ProductName]
08/08/26 03:04:31.025146 pid=91 handle_get_value: fmip attempting to get [ActivationState]
08/08/26 03:04:31.027748 pid=91 handle_get_value: sif attempting to get [(null)]
08/08/26 03:04:31.030169 pid=91 handle_start_service_with_socket: filemgr attempting to spawn com.apple.crashreportcopymobile service.
08/08/26 03:04:31.052490 pid=91 handle_get_value: fmip attempting to get [com.apple.fmip]:[IsAssociated]
08/08/26 03:04:31.057589 pid=91 handle_start_service_with_socket: disk attempting to spawn com.apple.atc service.
08/08/26 03:04:31.090472 pid=91 handle_get_value: wf attempting to get [com.apple.mobile.wireless_lockdown]:[EnableWifiConnections]
08/08/26 03:04:31.093198 pid=91 handle_start_service_with_socket: geticon attempting to spawn com.apple.springboardservices service.
08/08/26 03:04:31.095520 pid=91 handle_start_service_with_socket: getapplist attempting to spawn com.apple.mobile.installation_proxy service.
08/08/26 03:04:31.105046 pid=91 handle_start_service_with_socket: np attempting to spawn com.apple.mobile.notification_proxy service.
08/08/26 03:04:31.105763 pid=91 handle_start_service_with_socket: gmi attempting to spawn com.apple.mobile.diagnostics_relay service.
08/08/26 03:04:31.107285 pid=91 handle_start_service_with_socket: filemgr attempting to spawn com.apple.afc service.
08/08/26 03:04:31.109402 pid=91 spawn_xpc_service: service com.apple.crashreportcopymobile started
08/08/26 03:04:31.109837 pid=91 spawn_xpc_service: service com.apple.afcd started
08/08/26 03:04:31.111349 pid=91 spawn_xpc_service: service com.apple.mobile.installation_proxy started
08/08/26 03:04:31.113529 pid=91 spawn_xpc_service_block_invoke: Received checkin acknowledgement from 'com.apple.mobile.installation_proxy'
08/08/26 03:04:31.113549 pid=91 spawn_xpc_service_block_invoke: XPC_ERROR_CONNECTION_INVALID com.apple.mobile.installation_proxy
08/08/26 03:04:31.116041 pid=91 spawn_xpc_service_block_invoke: Received checkin acknowledgement from 'com.apple.afcd'
08/08/26 03:04:31.116293 pid=91 spawn_xpc_service: service com.apple.mobile.diagnostics_relay.lockdown started
08/08/26 03:04:31.121479 pid=91 spawn_xpc_service: service com.apple.mobile.notification_proxy started
08/08/26 03:04:31.121644 pid=91 _receive_message: Could not receive size of message, expected 4 bytes, got -1 bytes: (54, Connection reset by peer)
08/08/26 03:04:31.123709 pid=91 spawn_xpc_service_block_invoke: XPC_ERROR_CONNECTION_INVALID com.apple.afcd
08/08/26 03:04:31.124055 pid=91 _receive_message: Could not receive size of message, expected 4 bytes, got -1 bytes: (54, Connection reset by peer)
08/08/26 03:04:31.126441 pid=91 _receive_message: Could not receive size of message, expected 4 bytes, got -1 bytes: (54, Connection reset by peer)
08/08/26 03:04:31.126634 pid=91 spawn_xpc_service: service com.apple.atc started
08/08/26 03:04:31.126912 pid=91 spawn_xpc_service: service lockdown.1368488989.com.apple.springboardservices started
08/08/26 03:04:31.130214 pid=91 mglog: libMobileGestalt utility.c:338: Could not lookup ProductVersionExtra from dictionary
08/08/26 03:04:31.130310 pid=91 special_case_get: MGCopyAnswer(kMGQSDIOProductInfo) returned NULL
08/08/26 03:04:31.130332 pid=91 special_case_get: MGCopyAnswer(kMGQSDIOManufacturerTuple) returned NULL
08/08/26 03:04:31.133293 pid=91 special_case_get: MGCopyAnswer(kMGQProximitySensorCalibration) returned NULL
08/08/26 03:04:31.164485 pid=91 handle_start_service_with_socket: usbmuxd attempting to spawn com.apple.mobile.heartbeat service.
08/08/26 03:04:31.167830 pid=91 spawn_xpc_service_block_invoke: Received checkin acknowledgement from 'lockdown.1368488989.com.apple.springboardservices'
08/08/26 03:04:31.167880 pid=91 spawn_xpc_service_block_invoke: XPC_ERROR_CONNECTION_INVALID lockdown.1368488989.com.apple.springboardservices
08/08/26 03:04:31.181173 pid=91 spawn_xpc_service_block_invoke: Received checkin acknowledgement from 'com.apple.mobile.diagnostics_relay.lockdown'
08/08/26 03:04:31.181246 pid=91 spawn_xpc_service_block_invoke: XPC_ERROR_CONNECTION_INVALID com.apple.mobile.diagnostics_relay.lockdown
08/08/26 03:04:31.181272 pid=91 spawn_xpc_service_block_invoke: Received checkin acknowledgement from 'com.apple.atc'
08/08/26 03:04:31.181287 pid=91 spawn_xpc_service_block_invoke: XPC_ERROR_CONNECTION_INVALID com.apple.atc
08/08/26 03:04:31.181304 pid=91 spawn_xpc_service_block_invoke: Received checkin acknowledgement from 'com.apple.mobile.notification_proxy'
08/08/26 03:04:31.181315 pid=91 spawn_xpc_service_block_invoke: XPC_ERROR_CONNECTION_INVALID com.apple.mobile.notification_proxy
08/08/26 03:04:31.181463 pid=91 spawn_xpc_service: service com.apple.mobile.heartbeat started
08/08/26 03:04:31.223008 pid=91 spawn_xpc_service_block_invoke: Received checkin acknowledgement from 'com.apple.mobile.heartbeat'
08/08/26 03:04:31.223040 pid=91 spawn_xpc_service_block_invoke: XPC_ERROR_CONNECTION_INVALID com.apple.mobile.heartbeat
08/08/26 03:04:31.227054 pid=91 spawn_xpc_service_block_invoke: Received checkin acknowledgement from 'com.apple.crashreportcopymobile'
08/08/26 03:04:31.227076 pid=91 spawn_xpc_service_block_invoke: XPC_ERROR_CONNECTION_INVALID com.apple.crashreportcopymobile
08/08/26 03:04:31.275643 pid=91 handle_get_value: usbmuxd attempting to get [ProductVersion]
08/08/26 03:04:31.319940 pid=91 handle_get_value: usbmuxd attempting to get [ProductName]
08/08/26 03:04:31.363244 pid=91 special_case_get: MGCopyAnswer(kMGQCompassCalibration) returned NULL
08/08/26 03:04:31.363296 pid=91 special_case_get: MGCopyAnswer(kMGQBasebandBoardSnum) returned NULL
08/08/26 03:04:31.364333 pid=91 mglog: libMobileGestalt MGIOKitHelper.m:308: Failed to retrieve data wlan:wifi-module-sn
08/08/26 03:04:33.320579 pid=91 handle_start_service_with_socket: gii attempting to spawn com.apple.mobile.diagnostics_relay service.
08/08/26 03:04:33.320910 pid=91 handle_get_value: gac attempting to get [DeviceColor]
08/08/26 03:04:33.321233 pid=91 handle_start_service_with_socket: geticonstate attempting to spawn com.apple.springboardservices service.
08/08/26 03:04:33.327761 pid=91 handle_get_value: gac attempting to get [DeviceEnclosureColor]
08/08/26 03:04:33.335110 pid=91 handle_get_value: gac attempting to get [DeviceCoverGlassColor]
08/08/26 03:04:33.338059 pid=91 spawn_xpc_service: service com.apple.mobile.diagnostics_relay.lockdown started
08/08/26 03:04:33.338150 pid=91 handle_get_value: gac attempting to get [DeviceHousingColor]
08/08/26 03:04:33.339190 pid=91 handle_get_value: gac attempting to get [DeviceBackingColor]
08/08/26 03:04:33.340663 pid=91 spawn_xpc_service_block_invoke: Received checkin acknowledgement from 'com.apple.mobile.diagnostics_relay.lockdown'
08/08/26 03:04:33.340682 pid=91 spawn_xpc_service_block_invoke: XPC_ERROR_CONNECTION_INVALID com.apple.mobile.diagnostics_relay.lockdown
08/08/26 03:04:33.424273 pid=91 handle_get_value: battery attempting to get [com.apple.mobile.battery]:[(null)]
08/08/26 03:04:33.646910 pid=91 spawn_xpc_service: service lockdown.1422095344.com.apple.springboardservices started
08/08/26 03:04:33.673129 pid=91 spawn_xpc_service_block_invoke: Received checkin acknowledgement from 'lockdown.1422095344.com.apple.springboardservices'
08/08/26 03:04:33.673196 pid=91 spawn_xpc_service_block_invoke: XPC_ERROR_CONNECTION_INVALID lockdown.1422095344.com.apple.springboardservices
08/08/26 03:04:33.696784 pid=91 handle_start_service_with_socket: gii attempting to spawn com.apple.mobile.diagnostics_relay service.
08/08/26 03:04:33.800941 pid=91 spawn_xpc_service: service com.apple.mobile.diagnostics_relay.lockdown started
08/08/26 03:04:33.801645 pid=91 spawn_xpc_service_block_invoke: Received checkin acknowledgement from 'com.apple.mobile.diagnostics_relay.lockdown'
08/08/26 03:04:33.801660 pid=91 spawn_xpc_service_block_invoke: XPC_ERROR_CONNECTION_INVALID com.apple.mobile.diagnostics_relay.lockdown
08/08/26 03:04:33.968267 pid=91 handle_start_service_with_socket: gii attempting to spawn com.apple.mobile.diagnostics_relay service.
08/08/26 03:04:33.969950 pid=91 spawn_xpc_service: service com.apple.mobile.diagnostics_relay.lockdown started
08/08/26 03:04:33.970183 pid=91 spawn_xpc_service_block_invoke: Received checkin acknowledgement from 'com.apple.mobile.diagnostics_relay.lockdown'
08/08/26 03:04:33.970198 pid=91 spawn_xpc_service_block_invoke: XPC_ERROR_CONNECTION_INVALID com.apple.mobile.diagnostics_relay.lockdown
08/08/26 03:04:33.971444 pid=91 _receive_message: Could not receive size of message, expected 4 bytes, got -1 bytes: (54, Connection reset by peer)
08/08/26 03:04:34.036697 pid=91 handle_start_service_with_socket: geticon attempting to spawn com.apple.springboardservices service.
08/08/26 03:04:34.040292 pid=91 spawn_xpc_service: service lockdown.1438658947.com.apple.springboardservices started
08/08/26 03:04:34.059647 pid=91 spawn_xpc_service_block_invoke: Received checkin acknowledgement from 'lockdown.1438658947.com.apple.springboardservices'
08/08/26 03:04:34.059689 pid=91 spawn_xpc_service_block_invoke: XPC_ERROR_CONNECTION_INVALID lockdown.1438658947.com.apple.springboardservices
08/08/26 03:04:34.063017 pid=91 handle_start_service_with_socket: gii attempting to spawn com.apple.mobile.diagnostics_relay service.
08/08/26 03:04:34.064032 pid=91 spawn_xpc_service: service com.apple.mobile.diagnostics_relay.lockdown started
08/08/26 03:04:34.064308 pid=91 spawn_xpc_service_block_invoke: Received checkin acknowledgement from 'com.apple.mobile.diagnostics_relay.lockdown'
08/08/26 03:04:34.064330 pid=91 spawn_xpc_service_block_invoke: XPC_ERROR_CONNECTION_INVALID com.apple.mobile.diagnostics_relay.lockdown
08/08/26 03:04:34.094230 pid=91 handle_start_service_with_socket: gii attempting to spawn com.apple.mobile.diagnostics_relay service.
08/08/26 03:04:34.095039 pid=91 spawn_xpc_service: service com.apple.mobile.diagnostics_relay.lockdown started
08/08/26 03:04:34.095301 pid=91 spawn_xpc_service_block_invoke: Received checkin acknowledgement from 'com.apple.mobile.diagnostics_relay.lockdown'
08/08/26 03:04:34.095316 pid=91 spawn_xpc_service_block_invoke: XPC_ERROR_CONNECTION_INVALID com.apple.mobile.diagnostics_relay.lockdown
08/08/26 03:04:34.111483 pid=91 handle_get_value: ioreg attempting to get [WirelessBoardSerialNumber]
08/08/26 03:04:34.112666 pid=91 mglog: libMobileGestalt MGIOKitHelper.m:308: Failed to retrieve data wlan:wifi-module-sn
08/08/26 03:04:34.123130 pid=91 handle_start_service_with_socket: gii attempting to spawn com.apple.mobile.diagnostics_relay service.
08/08/26 03:04:34.124062 pid=91 spawn_xpc_service: service com.apple.mobile.diagnostics_relay.lockdown started
08/08/26 03:04:34.124545 pid=91 spawn_xpc_service_block_invoke: Received checkin acknowledgement from 'com.apple.mobile.diagnostics_relay.lockdown'
08/08/26 03:04:34.124560 pid=91 spawn_xpc_service_block_invoke: XPC_ERROR_CONNECTION_INVALID com.apple.mobile.diagnostics_relay.lockdown
08/08/26 03:04:34.125361 pid=91 _receive_message: Could not receive size of message, expected 4 bytes, got -1 bytes: (54, Connection reset by peer)
08/08/26 03:04:34.171052 pid=91 handle_start_service_with_socket: gii attempting to spawn com.apple.mobile.diagnostics_relay service.
08/08/26 03:04:34.172859 pid=91 spawn_xpc_service: service com.apple.mobile.diagnostics_relay.lockdown started
08/08/26 03:04:34.173216 pid=91 spawn_xpc_service_block_invoke: Received checkin acknowledgement from 'com.apple.mobile.diagnostics_relay.lockdown'
08/08/26 03:04:34.173233 pid=91 spawn_xpc_service_block_invoke: XPC_ERROR_CONNECTION_INVALID com.apple.mobile.diagnostics_relay.lockdown
08/08/26 03:04:34.193284 pid=91 handle_start_service_with_socket: gii attempting to spawn com.apple.mobile.diagnostics_relay service.
08/08/26 03:04:34.194082 pid=91 spawn_xpc_service: service com.apple.mobile.diagnostics_relay.lockdown started
08/08/26 03:04:34.194297 pid=91 spawn_xpc_service_block_invoke: Received checkin acknowledgement from 'com.apple.mobile.diagnostics_relay.lockdown'
08/08/26 03:04:34.194322 pid=91 spawn_xpc_service_block_invoke: XPC_ERROR_CONNECTION_INVALID com.apple.mobile.diagnostics_relay.lockdown
08/08/26 03:04:34.329268 pid=91 handle_start_service_with_socket: gii attempting to spawn com.apple.mobile.diagnostics_relay service.
08/08/26 03:04:34.341209 pid=91 spawn_xpc_service: service com.apple.mobile.diagnostics_relay.lockdown started
08/08/26 03:04:34.372455 pid=91 spawn_xpc_service_block_invoke: Received checkin acknowledgement from 'com.apple.mobile.diagnostics_relay.lockdown'
08/08/26 03:04:34.372483 pid=91 spawn_xpc_service_block_invoke: XPC_ERROR_CONNECTION_INVALID com.apple.mobile.diagnostics_relay.lockdown
08/08/26 03:04:34.777140 pid=91 handle_start_service_with_socket: gii attempting to spawn com.apple.mobile.diagnostics_relay service.
08/08/26 03:04:34.778169 pid=91 spawn_xpc_service: service com.apple.mobile.diagnostics_relay.lockdown started
08/08/26 03:04:34.778429 pid=91 spawn_xpc_service_block_invoke: Received checkin acknowledgement from 'com.apple.mobile.diagnostics_relay.lockdown'
08/08/26 03:04:34.778757 pid=91 spawn_xpc_service_block_invoke: XPC_ERROR_CONNECTION_INVALID com.apple.mobile.diagnostics_relay.lockdown
08/08/26 03:04:35.216350 pid=91 handle_start_service_with_socket: checkapps attempting to spawn com.apple.mobile.installation_proxy service.
08/08/26 03:04:35.217066 pid=91 spawn_xpc_service: service com.apple.mobile.installation_proxy started
08/08/26 03:04:35.217705 pid=91 spawn_xpc_service_block_invoke: Received checkin acknowledgement from 'com.apple.mobile.installation_proxy'
08/08/26 03:04:35.217721 pid=91 spawn_xpc_service_block_invoke: XPC_ERROR_CONNECTION_INVALID com.apple.mobile.installation_proxy
08/08/26 03:04:35.218454 pid=91 handle_start_service_with_socket: gii attempting to spawn com.apple.mobile.diagnostics_relay service.
08/08/26 03:04:35.219672 pid=91 spawn_xpc_service: service com.apple.mobile.diagnostics_relay.lockdown started
08/08/26 03:04:35.219811 pid=91 spawn_xpc_service_block_invoke: Received checkin acknowledgement from 'com.apple.mobile.diagnostics_relay.lockdown'
08/08/26 03:04:35.219839 pid=91 spawn_xpc_service_block_invoke: XPC_ERROR_CONNECTION_INVALID com.apple.mobile.diagnostics_relay.lockdown
08/08/26 03:04:35.249136 pid=91 handle_start_service_with_socket: gmi attempting to spawn com.apple.mobile.diagnostics_relay service.
08/08/26 03:04:35.250536 pid=91 spawn_xpc_service: service com.apple.mobile.diagnostics_relay.lockdown started
08/08/26 03:04:35.250657 pid=91 spawn_xpc_service_block_invoke: Received checkin acknowledgement from 'com.apple.mobile.diagnostics_relay.lockdown'
08/08/26 03:04:35.250682 pid=91 spawn_xpc_service_block_invoke: XPC_ERROR_CONNECTION_INVALID com.apple.mobile.diagnostics_relay.lockdown
08/08/26 03:04:35.252135 pid=91 _receive_message: Could not receive size of message, expected 4 bytes, got -1 bytes: (54, Connection reset by peer)
08/08/26 03:04:35.269076 pid=91 handle_start_service_with_socket: gii attempting to spawn com.apple.mobile.diagnostics_relay service.
08/08/26 03:04:35.272359 pid=91 spawn_xpc_service: service com.apple.mobile.diagnostics_relay.lockdown started
08/08/26 03:04:35.272593 pid=91 spawn_xpc_service_block_invoke: Received checkin acknowledgement from 'com.apple.mobile.diagnostics_relay.lockdown'
08/08/26 03:04:35.272624 pid=91 spawn_xpc_service_block_invoke: XPC_ERROR_CONNECTION_INVALID com.apple.mobile.diagnostics_relay.lockdown
08/08/26 03:04:35.517027 pid=91 handle_start_service_with_socket: gii attempting to spawn com.apple.mobile.diagnostics_relay service.
08/08/26 03:04:35.565943 pid=91 spawn_xpc_service: service com.apple.mobile.diagnostics_relay.lockdown started
08/08/26 03:04:35.566362 pid=91 spawn_xpc_service_block_invoke: Received checkin acknowledgement from 'com.apple.mobile.diagnostics_relay.lockdown'
08/08/26 03:04:35.566382 pid=91 spawn_xpc_service_block_invoke: XPC_ERROR_CONNECTION_INVALID com.apple.mobile.diagnostics_relay.lockdown
08/08/26 03:04:35.652565 pid=91 handle_start_service_with_socket: gii attempting to spawn com.apple.mobile.diagnostics_relay service.
08/08/26 03:04:35.655791 pid=91 spawn_xpc_service: service com.apple.mobile.diagnostics_relay.lockdown started
08/08/26 03:04:35.656231 pid=91 spawn_xpc_service_block_invoke: Received checkin acknowledgement from 'com.apple.mobile.diagnostics_relay.lockdown'
08/08/26 03:04:35.656248 pid=91 spawn_xpc_service_block_invoke: XPC_ERROR_CONNECTION_INVALID com.apple.mobile.diagnostics_relay.lockdown
08/08/26 03:04:35.657265 pid=91 _receive_message: Could not receive size of message, expected 4 bytes, got -1 bytes: (54, Connection reset by peer)
08/08/26 03:04:35.675155 pid=91 handle_start_service_with_socket: gii attempting to spawn com.apple.mobile.diagnostics_relay service.
08/08/26 03:04:35.676305 pid=91 spawn_xpc_service: service com.apple.mobile.diagnostics_relay.lockdown started
08/08/26 03:04:35.676518 pid=91 spawn_xpc_service_block_invoke: Received checkin acknowledgement from 'com.apple.mobile.diagnostics_relay.lockdown'
08/08/26 03:04:35.676535 pid=91 spawn_xpc_service_block_invoke: XPC_ERROR_CONNECTION_INVALID com.apple.mobile.diagnostics_relay.lockdown
08/08/26 03:04:35.699166 pid=91 handle_start_service_with_socket: gii attempting to spawn com.apple.mobile.diagnostics_relay service.
08/08/26 03:04:35.704091 pid=91 spawn_xpc_service: service com.apple.mobile.diagnostics_relay.lockdown started
08/08/26 03:04:35.704394 pid=91 spawn_xpc_service_block_invoke: Received checkin acknowledgement from 'com.apple.mobile.diagnostics_relay.lockdown'
08/08/26 03:04:35.704409 pid=91 spawn_xpc_service_block_invoke: XPC_ERROR_CONNECTION_INVALID com.apple.mobile.diagnostics_relay.lockdown
08/08/26 03:04:35.715757 pid=91 handle_get_value: battery attempting to get [com.apple.mobile.battery]:[(null)]
08/08/26 03:04:35.729180 pid=91 handle_start_service_with_socket: gii attempting to spawn com.apple.mobile.diagnostics_relay service.
08/08/26 03:04:35.730031 pid=91 spawn_xpc_service: service com.apple.mobile.diagnostics_relay.lockdown started
08/08/26 03:04:35.730267 pid=91 spawn_xpc_service_block_invoke: Received checkin acknowledgement from 'com.apple.mobile.diagnostics_relay.lockdown'
08/08/26 03:04:35.730281 pid=91 spawn_xpc_service_block_invoke: XPC_ERROR_CONNECTION_INVALID com.apple.mobile.diagnostics_relay.lockdown
08/08/26 03:04:35.751907 pid=91 handle_get_value: gac attempting to get [DeviceColor]
08/08/26 03:04:35.753016 pid=91 handle_get_value: gac attempting to get [DeviceEnclosureColor]
08/08/26 03:04:35.753770 pid=91 handle_get_value: gac attempting to get [DeviceCoverGlassColor]
08/08/26 03:04:35.754520 pid=91 handle_get_value: gac attempting to get [DeviceHousingColor]
08/08/26 03:04:35.755161 pid=91 handle_get_value: gac attempting to get [DeviceBackingColor]
08/08/26 03:04:35.772009 pid=91 handle_start_service_with_socket: filemgr attempting to spawn com.apple.crashreportcopymobile service.
08/08/26 03:04:35.773376 pid=91 spawn_xpc_service: service com.apple.crashreportcopymobile started
08/08/26 03:04:35.773778 pid=91 spawn_xpc_service_block_invoke: Received checkin acknowledgement from 'com.apple.crashreportcopymobile'
08/08/26 03:04:35.773795 pid=91 spawn_xpc_service_block_invoke: XPC_ERROR_CONNECTION_INVALID com.apple.crashreportcopymobile
08/08/26 03:04:35.973025 pid=91 _receive_message: Could not receive size of message, expected 4 bytes, got -1 bytes: (54, Connection reset by peer)
08/08/26 03:04:36.060703 pid=91 handle_start_service_with_socket: gii attempting to spawn com.apple.mobile.diagnostics_relay service.
08/08/26 03:04:36.061707 pid=91 spawn_xpc_service: service com.apple.mobile.diagnostics_relay.lockdown started
08/08/26 03:04:36.061917 pid=91 spawn_xpc_service_block_invoke: Received checkin acknowledgement from 'com.apple.mobile.diagnostics_relay.lockdown'
08/08/26 03:04:36.061934 pid=91 spawn_xpc_service_block_invoke: XPC_ERROR_CONNECTION_INVALID com.apple.mobile.diagnostics_relay.lockdown
08/08/26 03:04:36.522399 pid=91 handle_get_value: scd attempting to get [com.apple.mobile.internal]:[SysCfgData]
08/08/26 03:04:36.522600 pid=91 mglog: libMobileGestalt MobileGestalt.c:4709: syscfg data appears to be uninitialized
08/08/26 03:04:36.522614 pid=91 special_case_get: MGCopyAnswer(kMGQSysCfg) returned NULL
08/08/26 03:04:36.522623 pid=91 set_response_error: handle_get_value MissingValue
08/08/26 03:04:36.539469 pid=91 handle_get_value: qc attempting to get [(null)]
08/08/26 03:04:36.544297 pid=91 mglog: libMobileGestalt utility.c:338: Could not lookup ProductVersionExtra from dictionary
08/08/26 03:04:36.544355 pid=91 special_case_get: MGCopyAnswer(kMGQSDIOProductInfo) returned NULL
08/08/26 03:04:36.544421 pid=91 special_case_get: MGCopyAnswer(kMGQSDIOManufacturerTuple) returned NULL
08/08/26 03:04:36.545513 pid=91 special_case_get: MGCopyAnswer(kMGQProximitySensorCalibration) returned NULL
08/08/26 03:04:36.545712 pid=91 special_case_get: MGCopyAnswer(kMGQCompassCalibration) returned NULL
08/08/26 03:04:36.545743 pid=91 special_case_get: MGCopyAnswer(kMGQBasebandBoardSnum) returned NULL
08/08/26 03:04:36.546724 pid=91 mglog: libMobileGestalt MGIOKitHelper.m:308: Failed to retrieve data wlan:wifi-module-sn
08/08/26 03:04:36.564628 pid=91 _receive_message: Could not receive size of message, expected 4 bytes, got -1 bytes: (54, Connection reset by peer)
08/08/26 03:04:36.997797 pid=91 handle_get_value: bp attempting to get [com.apple.mobile.backup]:[CloudBackupEnabled]
08/08/26 03:04:36.997824 pid=91 special_case_get: key CloudBackupEnabled
08/08/26 03:04:36.999119 pid=91 _receive_message: Could not receive size of message, expected 4 bytes, got -1 bytes: (54, Connection reset by peer)
08/08/26 03:04:37.006362 pid=91 handle_get_value: cic attempting to get [com.apple.mobile.data_sync]:[Contacts]
08/08/26 03:04:37.014036 pid=91 handle_get_value: cic attempting to get [com.apple.mobile.data_sync]:[Notes]
08/08/26 03:04:37.031769 pid=91 handle_get_value: cic attempting to get [com.apple.mobile.data_sync]:[Bookmarks]
08/08/26 03:04:37.033103 pid=91 _receive_message: Could not receive size of message, expected 4 bytes, got -1 bytes: (54, Connection reset by peer)
08/08/26 03:04:37.043729 pid=91 handle_get_value: cic attempting to get [com.apple.mobile.data_sync]:[Calendars]
08/08/26 03:04:37.114649 pid=91 handle_get_value: fmip attempting to get [ActivationState]
08/08/26 03:04:37.115489 pid=91 handle_get_value: fmip attempting to get [com.apple.fmip]:[IsAssociated]
08/08/26 03:04:42.076122 pid=91 handle_get_value: battery attempting to get [com.apple.mobile.battery]:[(null)]
08/08/26 03:04:42.083643 pid=91 handle_start_service_with_socket: gii attempting to spawn com.apple.mobile.diagnostics_relay service.
08/08/26 03:04:42.084161 pid=91 spawn_xpc_service: service com.apple.mobile.diagnostics_relay.lockdown started
08/08/26 03:04:42.084418 pid=91 spawn_xpc_service_block_invoke: Received checkin acknowledgement from 'com.apple.mobile.diagnostics_relay.lockdown'
08/08/26 03:04:42.084431 pid=91 spawn_xpc_service_block_invoke: XPC_ERROR_CONNECTION_INVALID com.apple.mobile.diagnostics_relay.lockdown
08/08/26 03:04:43.697690 pid=91 main_block_invoke_2: com.apple.iokit.matching event: com.apple.lockdown.USB3.Device
08/08/26 03:04:47.222409 pid=91 handle_start_service_with_socket: filemgr attempting to spawn com.apple.afc service.
08/08/26 03:04:47.222814 pid=91 spawn_xpc_service: service com.apple.afcd started
08/08/26 03:04:47.223229 pid=91 spawn_xpc_service_block_invoke: Received checkin acknowledgement from 'com.apple.afcd'
08/08/26 03:04:47.223249 pid=91 spawn_xpc_service_block_invoke: XPC_ERROR_CONNECTION_INVALID com.apple.afcd
08/08/26 03:04:47.224606 pid=91 _receive_message: Could not receive size of message, expected 4 bytes, got -1 bytes: (54, Connection reset by peer)
08/08/26 03:05:24.847816 pid=91 main: Starting Up
08/08/26 03:05:24.883555 pid=91 mglog: libMobileGestalt MobileGestaltCache.c:360: Cache loaded with 6471 pre-cached in CacheData and 83 items in CacheExtra.
08/08/26 03:05:30.142407 pid=91 lockstart_local: Build version: 24A5390f
08/08/26 03:05:30.144209 pid=91 lockstart_local: Data Migration Completed: true
08/08/26 03:05:30.144374 pid=91 get_device_type_internal_block_invoke: product_type: iPhone16,2

08/08/26 03:05:30.144399 pid=91 get_device_type_internal_block_invoke: has_telephony: true, should_hactivate: false
08/08/26 03:05:30.144414 pid=91 get_device_type_internal_block_invoke: baseband_class: 3, cert_type 1
08/08/26 03:05:30.144427 pid=91 _load_product_type: using Raptor Certs
08/08/26 03:05:30.193077 pid=91 performBootSessionIntialization: Boot session changed (reboot detected).
08/08/26 03:05:30.194160 pid=91 data_ark_set_block_invoke: dirtied by changing -BootSessionID
08/08/26 03:05:30.194676 pid=91 data_ark_store_block_invoke: Saved.
08/08/26 03:05:30.204351 pid=91 handle_get_value: remotepairingdeviced attempting to get [com.apple.mobile.wireless_lockdown]:[EnableWifiConnections]
08/08/26 03:05:30.204462 pid=91 handle_get_value: remotepairingdeviced attempting to get [com.apple.mobile.wireless_lockdown]:[EnableWifiPairing]
08/08/26 03:05:30.204482 pid=91 set_response_error: handle_get_value MissingValue
08/08/26 03:05:30.205289 pid=91 handle_get_value: remotepairingdeviced attempting to get [com.apple.mobile.wireless_lockdown]:[EnableWifiDebugging]
08/08/26 03:05:30.206031 pid=91 handle_get_value: remotepairingdeviced attempting to get [com.apple.mobile.wireless_lockdown]:[EnableWifiPairing]
08/08/26 03:05:30.206048 pid=91 set_response_error: handle_get_value MissingValue
08/08/26 03:05:30.874527 pid=91 refresh_remote_services_block_invoke: Done resetting remote devices.
08/08/26 03:05:30.875283 pid=91 service_ark_load: Refreshed remote services.
08/08/26 03:05:30.875883 pid=91 update_bonjour_service_instance_name: Full service name is 'db:e0:c9:24:b1:78@fe80::d9e0:c9ff:fe24:b178-supportsRP-26._apple-mobdev2._tcp.local.'.
08/08/26 03:05:32.228386 pid=91 notify_configd_block_invoke_2: Pinged configd, USB is now enabled.
08/08/26 03:05:32.614676 pid=91 update_bonjour_service_instance_name: Full service name is 'de:ba:99:b6:80:fd@fe80::dcba:99ff:feb6:80fd-supportsRP-26._apple-mobdev2._tcp.local.'.
08/08/26 03:05:32.620213 pid=91 dns_register_block_invoke: Registered DNS (syncing): _apple-mobdev2._tcp,915a07ee,8e2907e4,523805af,42480515
08/08/26 03:05:32.641479 pid=91 dns_register_block_invoke: Registered WOL.
08/08/26 03:05:43.138177 pid=91 main_block_invoke_2: com.apple.iokit.matching event: com.apple.lockdown.USB3.Device
08/08/26 03:05:43.141622 pid=91 main_block_invoke_2: com.apple.iokit.matching event: com.apple.lockdown.USB2.Device
08/08/26 03:08:41.785423 pid=91 main_block_invoke_2: com.apple.iokit.matching event: com.apple.lockdown.USB2.Device
08/08/26 03:08:41.788639 pid=91 main_block_invoke_2: com.apple.iokit.matching event: com.apple.lockdown.USB3.Device
08/08/26 03:10:42.025721 pid=91 main: Starting Up
08/08/26 03:10:42.059149 pid=91 mglog: libMobileGestalt MobileGestaltCache.c:360: Cache loaded with 6471 pre-cached in CacheData and 83 items in CacheExtra.
08/08/26 03:10:46.084214 pid=91 lockstart_local: Build version: 24A5390f
08/08/26 03:10:46.085840 pid=91 lockstart_local: Data Migration Completed: true
08/08/26 03:10:46.085923 pid=91 get_device_type_internal_block_invoke: product_type: iPhone16,2

08/08/26 03:10:46.085949 pid=91 get_device_type_internal_block_invoke: has_telephony: true, should_hactivate: false
08/08/26 03:10:46.085957 pid=91 get_device_type_internal_block_invoke: baseband_class: 3, cert_type 1
08/08/26 03:10:46.085962 pid=91 _load_product_type: using Raptor Certs
08/08/26 03:10:46.150889 pid=91 performBootSessionIntialization: Boot session changed (reboot detected).
08/08/26 03:10:46.160246 pid=91 data_ark_set_block_invoke: dirtied by changing -BootSessionID
08/08/26 03:10:46.166444 pid=91 data_ark_store_block_invoke: Saved.
08/08/26 03:10:46.174945 pid=91 handle_get_value: remotepairingdeviced attempting to get [com.apple.mobile.wireless_lockdown]:[EnableWifiConnections]
08/08/26 03:10:46.175002 pid=91 handle_get_value: remotepairingdeviced attempting to get [com.apple.mobile.wireless_lockdown]:[EnableWifiPairing]
08/08/26 03:10:46.175015 pid=91 set_response_error: handle_get_value MissingValue
08/08/26 03:10:46.176738 pid=91 handle_get_value: remotepairingdeviced attempting to get [com.apple.mobile.wireless_lockdown]:[EnableWifiDebugging]
08/08/26 03:10:46.186459 pid=91 handle_get_value: remotepairingdeviced attempting to get [com.apple.mobile.wireless_lockdown]:[EnableWifiPairing]
08/08/26 03:10:46.186494 pid=91 set_response_error: handle_get_value MissingValue
08/08/26 03:10:46.814550 pid=91 refresh_remote_services_block_invoke: Done resetting remote devices.
08/08/26 03:10:46.814587 pid=91 service_ark_load: Refreshed remote services.
08/08/26 03:10:46.814772 pid=91 update_bonjour_service_instance_name: Full service name is '1b:4b:4c:38:f5:5d@fe80::194b:4cff:fe38:f55d-supportsRP-26._apple-mobdev2._tcp.local.'.
08/08/26 03:10:50.169415 pid=91 notify_configd_block_invoke_2: Pinged configd, USB is now enabled.
08/08/26 03:10:53.237796 pid=91 update_bonjour_service_instance_name: Full service name is '36:28:21:37:96:ea@fe80::3428:21ff:fe37:96ea-supportsRP-26._apple-mobdev2._tcp.local.'.
08/08/26 03:10:53.240748 pid=91 dns_register_block_invoke: Registered DNS (syncing): _apple-mobdev2._tcp,915a07ee,8e2907e4,523805af,42480515
08/08/26 03:10:53.287595 pid=91 dns_register_block_invoke: Registered WOL.
08/08/26 03:10:58.616191 pid=91 main_block_invoke_2: com.apple.iokit.matching event: com.apple.lockdown.USB3.Device
08/08/26 03:10:58.759283 pid=91 main_block_invoke_2: com.apple.iokit.matching event: com.apple.lockdown.USB2.Device
08/08/26 03:17:38.947936 pid=91 handle_get_value: remotepairingdeviced attempting to get [com.apple.mobile.wireless_lockdown]:[EnableWifiConnections]
08/08/26 03:17:39.012814 pid=91 usb_host_connected_block_invoke: non-mux connection
08/08/26 03:17:39.024456 pid=91 bump_connection_count: Connection count is now 3.
08/08/26 03:17:39.024501 pid=91 usb_host_connected_block_invoke: mux connection
08/08/26 03:17:39.025581 pid=91 bump_connection_count: Connection count is now 4.
08/08/26 03:17:39.100549 pid=91 handle_get_value: unknown attempting to get [ProductVersion]
08/08/26 03:17:39.103953 pid=91 handle_get_value: unknown attempting to get [ProductName]
08/08/26 03:17:39.182799 pid=91 handle_get_value: devinfo attempting to get [ProductVersion]
08/08/26 03:17:40.111787 pid=91 handle_get_value: devinfo attempting to get [(null)]
08/08/26 03:17:40.131146 pid=91 mglog: libMobileGestalt utility.c:338: Could not lookup ProductVersionExtra from dictionary
08/08/26 03:17:40.131208 pid=91 special_case_get: MGCopyAnswer(kMGQSDIOProductInfo) returned NULL
08/08/26 03:17:40.131223 pid=91 special_case_get: MGCopyAnswer(kMGQSDIOManufacturerTuple) returned NULL
08/08/26 03:17:41.005089 pid=91 special_case_get: MGCopyAnswer(kMGQProximitySensorCalibration) returned NULL
08/08/26 03:17:41.005311 pid=91 special_case_get: MGCopyAnswer(kMGQCompassCalibration) returned NULL
08/08/26 03:17:41.005339 pid=91 special_case_get: MGCopyAnswer(kMGQBasebandBoardSnum) returned NULL
08/08/26 03:17:41.006077 pid=91 mglog: libMobileGestalt MGIOKitHelper.m:308: Failed to retrieve data wlan:wifi-module-sn
08/08/26 03:17:41.076623 pid=91 update_bonjour_service_instance_name: Full service name is '2a:8f:a6:2b:23:82@fe80::288f:a6ff:fe2b:2382-supportsRP-26._apple-mobdev2._tcp.local.'.
08/08/26 03:17:41.077819 pid=91 dns_unregister_block_invoke: Unregistered DNS (syncing).
08/08/26 03:17:41.095797 pid=91 dns_register_block_invoke: Registered DNS (syncing): _apple-mobdev2._tcp,915a07ee,8e2907e4,523805af,42480515
08/08/26 03:17:42.222720 pid=91 handle_start_service_with_socket: devinfo attempting to spawn com.apple.afc service.
08/08/26 03:17:42.224258 pid=91 spawn_xpc_service: service com.apple.afcd started
08/08/26 03:17:42.881725 pid=91 main_block_invoke_2: com.apple.iokit.matching event: com.apple.lockdown.USB3.Device
08/08/26 03:17:43.105343 pid=91 spawn_xpc_service_block_invoke: Received checkin acknowledgement from 'com.apple.afcd'
08/08/26 03:17:43.105664 pid=91 spawn_xpc_service_block_invoke: XPC_ERROR_CONNECTION_INVALID com.apple.afcd
08/08/26 03:17:43.110917 pid=91 handle_get_value: devinfo attempting to get [DeviceEnclosureColor]
08/08/26 03:17:43.112405 pid=91 handle_get_value: devinfo attempting to get [RegulatoryModelNumber]
08/08/26 03:17:43.113506 pid=91 handle_get_value: devinfo attempting to get [ActiveWirelessTechnology]
08/08/26 03:17:43.116788 pid=91 handle_get_value: devinfo attempting to get [com.apple.mobile.chaperone]:[DeviceIsChaperoned]
08/08/26 03:17:43.150738 pid=91 handle_get_value: devinfo attempting to get [com.apple.international]:[Locale]
08/08/26 03:17:43.319482 pid=91 handle_get_value: devinfo attempting to get [PhoneNumber2]
08/08/26 03:17:43.321335 pid=91 handle_get_value: devinfo attempting to get [com.apple.disk_usage]:[(null)]
08/08/26 03:17:43.324461 pid=91 mglog: libMobileGestalt MobileGestalt.c:4244: statfs(/mnt4): No such file or directory
08/08/26 03:17:43.328076 pid=91 handle_get_value: devinfo attempting to get [com.apple.mobile.battery]:[(null)]
08/08/26 03:17:43.368554 pid=91 handle_start_service_with_socket: devinfo attempting to spawn com.apple.afc2 service.
08/08/26 03:17:43.454883 pid=91 spawn_service_agent: Failed to look up service in the map.
08/08/26 03:17:43.454907 pid=91 spawn_and_handle_checkin: Failed to spawn 'com.apple.afc2' service agent: InvalidService
08/08/26 03:17:43.454920 pid=91 handle_start_service_with_socket: Failed to spawn com.apple.afc2.
08/08/26 03:17:43.454930 pid=91 set_response_error: handle_start_service_with_socket InvalidService
08/08/26 03:17:43.454941 pid=91 handle_start_service: Failed to start service: InvalidService
08/08/26 03:17:43.457729 pid=91 handle_start_service_with_socket: devinfo attempting to spawn com.apple.mobile.installation_proxy service.
08/08/26 03:17:43.458539 pid=91 spawn_xpc_service: service com.apple.mobile.installation_proxy started
08/08/26 03:17:43.638751 pid=91 spawn_xpc_service_block_invoke: Received checkin acknowledgement from 'com.apple.mobile.installation_proxy'
08/08/26 03:17:43.638776 pid=91 spawn_xpc_service_block_invoke: XPC_ERROR_CONNECTION_INVALID com.apple.mobile.installation_proxy
08/08/26 03:17:44.096072 pid=91 handle_get_value: sif attempting to get [(null)]
08/08/26 03:17:44.111372 pid=91 mglog: libMobileGestalt utility.c:338: Could not lookup ProductVersionExtra from dictionary
08/08/26 03:17:44.111595 pid=91 special_case_get: MGCopyAnswer(kMGQSDIOProductInfo) returned NULL
08/08/26 03:17:44.111639 pid=91 special_case_get: MGCopyAnswer(kMGQSDIOManufacturerTuple) returned NULL
08/08/26 03:17:44.118564 pid=91 special_case_get: MGCopyAnswer(kMGQProximitySensorCalibration) returned NULL
08/08/26 03:17:44.120152 pid=91 special_case_get: MGCopyAnswer(kMGQCompassCalibration) returned NULL
08/08/26 03:17:44.120324 pid=91 special_case_get: MGCopyAnswer(kMGQBasebandBoardSnum) returned NULL
08/08/26 03:17:44.122809 pid=91 mglog: libMobileGestalt MGIOKitHelper.m:308: Failed to retrieve data wlan:wifi-module-sn
08/08/26 03:17:44.126317 pid=91 handle_get_value: fmip attempting to get [ActivationState]
08/08/26 03:17:44.126628 pid=91 handle_start_service_with_socket: filemgr attempting to spawn com.apple.crashreportcopymobile service.
08/08/26 03:17:44.126946 pid=91 handle_start_service_with_socket: geticon attempting to spawn com.apple.springboardservices service.
08/08/26 03:17:44.127131 pid=91 handle_start_service_with_socket: gmi attempting to spawn com.apple.mobile.diagnostics_relay service.
08/08/26 03:17:44.127391 pid=91 handle_get_value: wf attempting to get [com.apple.mobile.wireless_lockdown]:[EnableWifiConnections]
08/08/26 03:17:44.127928 pid=91 handle_start_service_with_socket: disk attempting to spawn com.apple.atc service.
08/08/26 03:17:44.128433 pid=91 handle_start_service_with_socket: getapplist attempting to spawn com.apple.mobile.installation_proxy service.
08/08/26 03:17:44.129681 pid=91 handle_start_service_with_socket: filemgr attempting to spawn com.apple.afc service.
08/08/26 03:17:44.130230 pid=91 spawn_xpc_service: service com.apple.crashreportcopymobile started
08/08/26 03:17:44.130254 pid=91 handle_start_service_with_socket: np attempting to spawn com.apple.mobile.notification_proxy service.
08/08/26 03:17:44.130342 pid=91 handle_get_value: fmip attempting to get [com.apple.fmip]:[IsAssociated]
08/08/26 03:17:44.130569 pid=91 spawn_xpc_service: service com.apple.mobile.diagnostics_relay.lockdown started
08/08/26 03:17:44.134601 pid=91 spawn_xpc_service: service com.apple.afcd started
08/08/26 03:17:44.134776 pid=91 spawn_xpc_service: service com.apple.mobile.installation_proxy started
08/08/26 03:17:44.134853 pid=91 spawn_xpc_service_block_invoke: Received checkin acknowledgement from 'com.apple.afcd'
08/08/26 03:17:44.134873 pid=91 spawn_xpc_service_block_invoke: XPC_ERROR_CONNECTION_INVALID com.apple.afcd
08/08/26 03:17:44.135216 pid=91 spawn_xpc_service_block_invoke: Received checkin acknowledgement from 'com.apple.mobile.installation_proxy'
08/08/26 03:17:44.135233 pid=91 spawn_xpc_service_block_invoke: XPC_ERROR_CONNECTION_INVALID com.apple.mobile.installation_proxy
08/08/26 03:17:44.135327 pid=91 spawn_xpc_service: service com.apple.mobile.notification_proxy started
08/08/26 03:17:44.135495 pid=91 spawn_xpc_service: service com.apple.atc started
08/08/26 03:17:44.136105 pid=91 spawn_xpc_service: service lockdown.10499596758.com.apple.springboardservices started
08/08/26 03:17:44.136318 pid=91 _receive_message: Could not receive size of message, expected 4 bytes, got -1 bytes: (54, Connection reset by peer)
08/08/26 03:17:44.137248 pid=91 _receive_message: Could not receive size of message, expected 4 bytes, got -1 bytes: (54, Connection reset by peer)
08/08/26 03:17:44.605236 pid=91 spawn_xpc_service_block_invoke: Received checkin acknowledgement from 'lockdown.10499596758.com.apple.springboardservices'
08/08/26 03:17:44.606004 pid=91 spawn_xpc_service_block_invoke: XPC_ERROR_CONNECTION_INVALID lockdown.10499596758.com.apple.springboardservices
08/08/26 03:17:44.606156 pid=91 spawn_xpc_service_block_invoke: Received checkin acknowledgement from 'com.apple.crashreportcopymobile'
08/08/26 03:17:44.606172 pid=91 spawn_xpc_service_block_invoke: XPC_ERROR_CONNECTION_INVALID com.apple.crashreportcopymobile
08/08/26 03:17:44.606183 pid=91 spawn_xpc_service_block_invoke: Received checkin acknowledgement from 'com.apple.mobile.diagnostics_relay.lockdown'
08/08/26 03:17:44.606193 pid=91 spawn_xpc_service_block_invoke: XPC_ERROR_CONNECTION_INVALID com.apple.mobile.diagnostics_relay.lockdown
08/08/26 03:17:44.606201 pid=91 spawn_xpc_service_block_invoke: Received checkin acknowledgement from 'com.apple.mobile.notification_proxy'
08/08/26 03:17:44.606208 pid=91 spawn_xpc_service_block_invoke: XPC_ERROR_CONNECTION_INVALID com.apple.mobile.notification_proxy
08/08/26 03:17:44.609380 pid=91 spawn_xpc_service_block_invoke: Received checkin acknowledgement from 'com.apple.atc'
08/08/26 03:17:44.609415 pid=91 spawn_xpc_service_block_invoke: XPC_ERROR_CONNECTION_INVALID com.apple.atc
08/08/26 03:17:44.622752 pid=91 handle_start_service_with_socket: geticonstate attempting to spawn com.apple.springboardservices service.
08/08/26 03:17:44.624201 pid=91 spawn_xpc_service: service lockdown.10511383490.com.apple.springboardservices started
08/08/26 03:17:44.626070 pid=91 _receive_message: Could not receive size of message, expected 4 bytes, got -1 bytes: (54, Connection reset by peer)
08/08/26 03:17:44.660220 pid=91 spawn_xpc_service_block_invoke: Received checkin acknowledgement from 'lockdown.10511383490.com.apple.springboardservices'
08/08/26 03:17:44.660321 pid=91 spawn_xpc_service_block_invoke: XPC_ERROR_CONNECTION_INVALID lockdown.10511383490.com.apple.springboardservices
08/08/26 03:17:44.967683 pid=91 handle_get_value: gac attempting to get [DeviceColor]
08/08/26 03:17:44.971770 pid=91 handle_start_service_with_socket: geticon attempting to spawn com.apple.springboardservices service.
08/08/26 03:17:44.971817 pid=91 handle_get_value: gac attempting to get [DeviceEnclosureColor]
08/08/26 03:17:44.972475 pid=91 handle_get_value: gac attempting to get [DeviceCoverGlassColor]
08/08/26 03:17:44.973285 pid=91 handle_get_value: gac attempting to get [DeviceHousingColor]
08/08/26 03:17:44.973656 pid=91 spawn_xpc_service: service lockdown.10519765851.com.apple.springboardservices started
08/08/26 03:17:44.973847 pid=91 handle_get_value: gac attempting to get [DeviceBackingColor]
08/08/26 03:17:44.974839 pid=91 _receive_message: Could not receive size of message, expected 4 bytes, got -1 bytes: (54, Connection reset by peer)
08/08/26 03:17:44.975431 pid=91 _receive_message: Could not receive size of message, expected 4 bytes, got -1 bytes: (54, Connection reset by peer)
08/08/26 03:17:45.014075 pid=91 spawn_xpc_service_block_invoke: Received checkin acknowledgement from 'lockdown.10519765851.com.apple.springboardservices'
08/08/26 03:17:45.046074 pid=91 spawn_xpc_service_block_invoke: XPC_ERROR_CONNECTION_INVALID lockdown.10519765851.com.apple.springboardservices
08/08/26 03:17:45.125785 pid=91 handle_start_service_with_socket: gii attempting to spawn com.apple.mobile.diagnostics_relay service.
08/08/26 03:17:45.129920 pid=91 spawn_xpc_service: service com.apple.mobile.diagnostics_relay.lockdown started
08/08/26 03:17:45.131207 pid=91 spawn_xpc_service_block_invoke: Received checkin acknowledgement from 'com.apple.mobile.diagnostics_relay.lockdown'
08/08/26 03:17:45.131292 pid=91 spawn_xpc_service_block_invoke: XPC_ERROR_CONNECTION_INVALID com.apple.mobile.diagnostics_relay.lockdown
08/08/26 03:17:45.132119 pid=91 _receive_message: Could not receive size of message, expected 4 bytes, got -1 bytes: (54, Connection reset by peer)
08/08/26 03:17:45.247478 pid=91 handle_get_value: battery attempting to get [com.apple.mobile.battery]:[(null)]
08/08/26 03:17:45.291984 pid=91 handle_start_service_with_socket: gii attempting to spawn com.apple.mobile.diagnostics_relay service.
08/08/26 03:17:45.292618 pid=91 spawn_xpc_service: service com.apple.mobile.diagnostics_relay.lockdown started
08/08/26 03:17:45.292760 pid=91 spawn_xpc_service_block_invoke: Received checkin acknowledgement from 'com.apple.mobile.diagnostics_relay.lockdown'
08/08/26 03:17:45.292772 pid=91 spawn_xpc_service_block_invoke: XPC_ERROR_CONNECTION_INVALID com.apple.mobile.diagnostics_relay.lockdown
08/08/26 03:17:45.316135 pid=91 handle_start_service_with_socket: gii attempting to spawn com.apple.mobile.diagnostics_relay service.
08/08/26 03:17:45.316870 pid=91 spawn_xpc_service: service com.apple.mobile.diagnostics_relay.lockdown started
08/08/26 03:17:45.317131 pid=91 spawn_xpc_service_block_invoke: Received checkin acknowledgement from 'com.apple.mobile.diagnostics_relay.lockdown'
08/08/26 03:17:45.317146 pid=91 spawn_xpc_service_block_invoke: XPC_ERROR_CONNECTION_INVALID com.apple.mobile.diagnostics_relay.lockdown
08/08/26 03:17:46.208225 pid=91 handle_start_service_with_socket: gii attempting to spawn com.apple.mobile.diagnostics_relay service.
08/08/26 03:17:46.215158 pid=91 spawn_xpc_service: service com.apple.mobile.diagnostics_relay.lockdown started
08/08/26 03:17:46.215378 pid=91 handle_start_service_with_socket: checkapps attempting to spawn com.apple.mobile.installation_proxy service.
08/08/26 03:17:46.215713 pid=91 spawn_xpc_service_block_invoke: Received checkin acknowledgement from 'com.apple.mobile.diagnostics_relay.lockdown'
08/08/26 03:17:46.215740 pid=91 spawn_xpc_service_block_invoke: XPC_ERROR_CONNECTION_INVALID com.apple.mobile.diagnostics_relay.lockdown
08/08/26 03:17:46.222034 pid=91 spawn_xpc_service: service com.apple.mobile.installation_proxy started
08/08/26 03:17:46.229907 pid=91 spawn_xpc_service_block_invoke: Received checkin acknowledgement from 'com.apple.mobile.installation_proxy'
08/08/26 03:17:46.233585 pid=91 spawn_xpc_service_block_invoke: XPC_ERROR_CONNECTION_INVALID com.apple.mobile.installation_proxy
08/08/26 03:17:46.233772 pid=91 _receive_message: Could not receive size of message, expected 4 bytes, got -1 bytes: (54, Connection reset by peer)
08/08/26 03:17:46.562176 pid=91 handle_start_service_with_socket: gii attempting to spawn com.apple.mobile.diagnostics_relay service.
08/08/26 03:17:46.564130 pid=91 spawn_xpc_service: service com.apple.mobile.diagnostics_relay.lockdown started
08/08/26 03:17:46.565574 pid=91 spawn_xpc_service_block_invoke: Received checkin acknowledgement from 'com.apple.mobile.diagnostics_relay.lockdown'
08/08/26 03:17:46.565589 pid=91 spawn_xpc_service_block_invoke: XPC_ERROR_CONNECTION_INVALID com.apple.mobile.diagnostics_relay.lockdown
08/08/26 03:17:46.594065 pid=91 handle_get_value: ioreg attempting to get [WirelessBoardSerialNumber]
08/08/26 03:17:46.595070 pid=91 mglog: libMobileGestalt MGIOKitHelper.m:308: Failed to retrieve data wlan:wifi-module-sn
08/08/26 03:17:46.597204 pid=91 _receive_message: Could not receive size of message, expected 4 bytes, got -1 bytes: (54, Connection reset by peer)
08/08/26 03:17:46.608372 pid=91 handle_start_service_with_socket: gii attempting to spawn com.apple.mobile.diagnostics_relay service.
08/08/26 03:17:46.609274 pid=91 spawn_xpc_service: service com.apple.mobile.diagnostics_relay.lockdown started
08/08/26 03:17:46.609471 pid=91 spawn_xpc_service_block_invoke: Received checkin acknowledgement from 'com.apple.mobile.diagnostics_relay.lockdown'
08/08/26 03:17:46.609483 pid=91 spawn_xpc_service_block_invoke: XPC_ERROR_CONNECTION_INVALID com.apple.mobile.diagnostics_relay.lockdown
08/08/26 03:17:46.632291 pid=91 handle_start_service_with_socket: gii attempting to spawn com.apple.mobile.diagnostics_relay service.
08/08/26 03:17:46.634921 pid=91 spawn_xpc_service: service com.apple.mobile.diagnostics_relay.lockdown started
08/08/26 03:17:46.635481 pid=91 spawn_xpc_service_block_invoke: Received checkin acknowledgement from 'com.apple.mobile.diagnostics_relay.lockdown'
08/08/26 03:17:46.635492 pid=91 spawn_xpc_service_block_invoke: XPC_ERROR_CONNECTION_INVALID com.apple.mobile.diagnostics_relay.lockdown
08/08/26 03:17:46.726377 pid=91 handle_start_service_with_socket: gii attempting to spawn com.apple.mobile.diagnostics_relay service.
08/08/26 03:17:46.727351 pid=91 spawn_xpc_service: service com.apple.mobile.diagnostics_relay.lockdown started
08/08/26 03:17:46.727890 pid=91 spawn_xpc_service_block_invoke: Received checkin acknowledgement from 'com.apple.mobile.diagnostics_relay.lockdown'
08/08/26 03:17:46.727901 pid=91 spawn_xpc_service_block_invoke: XPC_ERROR_CONNECTION_INVALID com.apple.mobile.diagnostics_relay.lockdown
08/08/26 03:17:46.766697 pid=91 handle_start_service_with_socket: gii attempting to spawn com.apple.mobile.diagnostics_relay service.
08/08/26 03:17:46.767661 pid=91 spawn_xpc_service: service com.apple.mobile.diagnostics_relay.lockdown started
08/08/26 03:17:46.768269 pid=91 spawn_xpc_service_block_invoke: Received checkin acknowledgement from 'com.apple.mobile.diagnostics_relay.lockdown'
08/08/26 03:17:46.768283 pid=91 spawn_xpc_service_block_invoke: XPC_ERROR_CONNECTION_INVALID com.apple.mobile.diagnostics_relay.lockdown
08/08/26 03:17:46.794277 pid=91 handle_start_service_with_socket: gii attempting to spawn com.apple.mobile.diagnostics_relay service.
08/08/26 03:17:46.799861 pid=91 spawn_xpc_service: service com.apple.mobile.diagnostics_relay.lockdown started
08/08/26 03:17:46.800050 pid=91 spawn_xpc_service_block_invoke: Received checkin acknowledgement from 'com.apple.mobile.diagnostics_relay.lockdown'
08/08/26 03:17:46.800062 pid=91 spawn_xpc_service_block_invoke: XPC_ERROR_CONNECTION_INVALID com.apple.mobile.diagnostics_relay.lockdown
08/08/26 03:17:46.825017 pid=91 handle_start_service_with_socket: gii attempting to spawn com.apple.mobile.diagnostics_relay service.
08/08/26 03:17:46.827786 pid=91 spawn_xpc_service: service com.apple.mobile.diagnostics_relay.lockdown started
08/08/26 03:17:46.828367 pid=91 spawn_xpc_service_block_invoke: Received checkin acknowledgement from 'com.apple.mobile.diagnostics_relay.lockdown'
08/08/26 03:17:46.828379 pid=91 spawn_xpc_service_block_invoke: XPC_ERROR_CONNECTION_INVALID com.apple.mobile.diagnostics_relay.lockdown
08/08/26 03:17:46.873705 pid=91 handle_start_service_with_socket: gmi attempting to spawn com.apple.mobile.diagnostics_relay service.
08/08/26 03:17:46.960091 pid=91 spawn_xpc_service: service com.apple.mobile.diagnostics_relay.lockdown started
08/08/26 03:17:47.008934 pid=91 spawn_xpc_service_block_invoke: Received checkin acknowledgement from 'com.apple.mobile.diagnostics_relay.lockdown'
08/08/26 03:17:47.008954 pid=91 spawn_xpc_service_block_invoke: XPC_ERROR_CONNECTION_INVALID com.apple.mobile.diagnostics_relay.lockdown
08/08/26 03:17:47.087856 pid=91 handle_start_service_with_socket: gii attempting to spawn com.apple.mobile.diagnostics_relay service.
08/08/26 03:17:47.088666 pid=91 spawn_xpc_service: service com.apple.mobile.diagnostics_relay.lockdown started
08/08/26 03:17:47.088791 pid=91 spawn_xpc_service_block_invoke: Received checkin acknowledgement from 'com.apple.mobile.diagnostics_relay.lockdown'
08/08/26 03:17:47.088814 pid=91 spawn_xpc_service_block_invoke: XPC_ERROR_CONNECTION_INVALID com.apple.mobile.diagnostics_relay.lockdown
08/08/26 03:17:47.110609 pid=91 handle_start_service_with_socket: gii attempting to spawn com.apple.mobile.diagnostics_relay service.
08/08/26 03:17:47.111298 pid=91 spawn_xpc_service: service com.apple.mobile.diagnostics_relay.lockdown started
08/08/26 03:17:47.111485 pid=91 spawn_xpc_service_block_invoke: Received checkin acknowledgement from 'com.apple.mobile.diagnostics_relay.lockdown'
08/08/26 03:17:47.111500 pid=91 spawn_xpc_service_block_invoke: XPC_ERROR_CONNECTION_INVALID com.apple.mobile.diagnostics_relay.lockdown
08/08/26 03:17:47.158866 pid=91 handle_start_service_with_socket: gii attempting to spawn com.apple.mobile.diagnostics_relay service.
08/08/26 03:17:47.159665 pid=91 spawn_xpc_service: service com.apple.mobile.diagnostics_relay.lockdown started
08/08/26 03:17:47.159946 pid=91 spawn_xpc_service_block_invoke: Received checkin acknowledgement from 'com.apple.mobile.diagnostics_relay.lockdown'
08/08/26 03:17:47.159959 pid=91 spawn_xpc_service_block_invoke: XPC_ERROR_CONNECTION_INVALID com.apple.mobile.diagnostics_relay.lockdown
08/08/26 03:17:47.161324 pid=91 _receive_message: Could not receive size of message, expected 4 bytes, got -1 bytes: (54, Connection reset by peer)
08/08/26 03:17:50.775082 pid=91 handle_is_host_trusted: Host client com.apple.ptp is trusted.
08/08/26 03:17:50.888484 pid=91 handle_is_host_trusted: Host client com.apple.ptp is trusted.
08/08/26 03:20:53.654926 pid=91 usb_host_disconnected_block_invoke: non-mux
08/08/26 03:20:53.655404 pid=91 bump_connection_count: Connection count is now 5.
08/08/26 03:20:53.655810 pid=91 usb_host_disconnected_block_invoke: mux
08/08/26 03:20:53.655901 pid=91 bump_connection_count: Connection count is now 6.
08/08/26 03:22:01.209844 pid=91 calculate_application_usage_block_invoke: Calculating application disk usage.
08/08/26 03:22:49.094533 pid=91 calculate_application_usage_block_invoke: Completed calculating application usage.
08/08/26 03:32:42.137996 pid=91 _sleep_wake_notification_callback: Power notification: kIOMessageCanSystemSleep
08/08/26 03:32:42.157846 pid=91 _sleep_wake_notification_callback: Power notification: kIOMessageSystemWillSleep
08/08/26 03:32:42.160354 pid=91 dns_unregister_block_invoke: Unregistered DNS (syncing).
08/08/26 03:32:48.151243 pid=91 _sleep_wake_notification_callback: Power notification: kIOMessageSystemHasPoweredOn (Wake Reason - smc.sysState.Wake(0x70070000) wifibt SMC.OutboxNotEmpty wlan)
08/08/26 03:32:48.167100 pid=91 dns_register_block_invoke: Registered DNS (syncing): _apple-mobdev2._tcp,915a07ee,8e2907e4,523805af,42480515
08/08/26 03:32:48.167168 pid=91 _did_wake_for_wifi_wake_packet: Current time since boot: 1336000.
08/08/26 03:32:48.167259 pid=91 _did_wake_for_wifi_wake_packet: Failed to get matching service.
08/08/26 03:32:50.927974 pid=91 handle_get_value: usbmuxd attempting to get [ProductVersion]
08/08/26 03:32:50.971894 pid=91 handle_get_value: usbmuxd attempting to get [ProductName]
08/08/26 03:32:51.097994 pid=91 handle_start_service_with_socket: usbmuxd attempting to spawn com.apple.mobile.heartbeat service.
08/08/26 03:32:51.107360 pid=91 spawn_xpc_service: service com.apple.mobile.heartbeat started
08/08/26 03:32:51.111774 pid=91 spawn_xpc_service_block_invoke: Received checkin acknowledgement from 'com.apple.mobile.heartbeat'
08/08/26 03:32:51.111825 pid=91 spawn_xpc_service_block_invoke: XPC_ERROR_CONNECTION_INVALID com.apple.mobile.heartbeat
08/08/26 03:32:51.156349 pid=91 handle_get_value: usbmuxd attempting to get [ProductVersion]
08/08/26 03:32:51.197403 pid=91 handle_get_value: usbmuxd attempting to get [ProductName]
08/08/26 03:32:52.288404 pid=91 _sleep_wake_notification_callback: Power notification: kIOMessageCanSystemSleep
08/08/26 03:32:52.317469 pid=91 _sleep_wake_notification_callback: Power notification: kIOMessageSystemWillSleep
08/08/26 03:32:52.322720 pid=91 dns_unregister_block_invoke: Unregistered DNS (syncing).
08/08/26 03:32:56.298615 pid=91 _sleep_wake_notification_callback: Power notification: kIOMessageSystemHasPoweredOn (Wake Reason - smc.sysState.Wake(0x70070000) baseband SMC.OutboxNotEmpty)
08/08/26 03:32:56.303291 pid=91 dns_register_block_invoke: Registered DNS (syncing): _apple-mobdev2._tcp,915a07ee,8e2907e4,523805af,42480515
08/08/26 03:32:56.303915 pid=91 _did_wake_for_wifi_wake_packet: Current time since boot: 1341000.
08/08/26 03:32:56.304568 pid=91 _did_wake_for_wifi_wake_packet: Failed to get matching service.
08/08/26 03:32:58.870710 pid=91 handle_get_value: usbmuxd attempting to get [ProductVersion]
08/08/26 03:32:58.914558 pid=91 handle_get_value: usbmuxd attempting to get [ProductName]
08/08/26 03:32:59.004150 pid=91 handle_start_service_with_socket: usbmuxd attempting to spawn com.apple.mobile.heartbeat service.
08/08/26 03:32:59.012199 pid=91 spawn_xpc_service: service com.apple.mobile.heartbeat started
08/08/26 03:32:59.012596 pid=91 spawn_xpc_service_block_invoke: Received checkin acknowledgement from 'com.apple.mobile.heartbeat'
08/08/26 03:32:59.012633 pid=91 spawn_xpc_service_block_invoke: XPC_ERROR_CONNECTION_INVALID com.apple.mobile.heartbeat
08/08/26 03:32:59.061062 pid=91 handle_get_value: usbmuxd attempting to get [ProductVersion]
08/08/26 03:32:59.104052 pid=91 handle_get_value: usbmuxd attempting to get [ProductName]
08/08/26 03:33:14.448905 pid=91 _sleep_wake_notification_callback: Power notification: kIOMessageCanSystemSleep
08/08/26 03:33:14.455573 pid=91 _sleep_wake_notification_callback: Power notification: kIOMessageSystemWillSleep
08/08/26 03:33:14.461749 pid=91 dns_unregister_block_invoke: Unregistered DNS (syncing).
08/08/26 03:33:18.690222 pid=91 _sleep_wake_notification_callback: Power notification: kIOMessageSystemHasPoweredOn (Wake Reason - smc.sysState.Wake(0x70070000) wifibt SMC.OutboxNotEmpty bluetooth-pcie)
08/08/26 03:33:18.695884 pid=91 dns_register_block_invoke: Registered DNS (syncing): _apple-mobdev2._tcp,915a07ee,8e2907e4,523805af,42480515
08/08/26 03:33:18.696029 pid=91 _did_wake_for_wifi_wake_packet: Current time since boot: 1362000.
08/08/26 03:33:18.696181 pid=91 _did_wake_for_wifi_wake_packet: Failed to get matching service.
08/08/26 03:33:21.482628 pid=91 _sleep_wake_notification_callback: Power notification: kIOMessageCanSystemSleep
08/08/26 03:33:21.489015 pid=91 _sleep_wake_notification_callback: Power notification: kIOMessageSystemWillSleep
08/08/26 03:33:21.491111 pid=91 dns_unregister_block_invoke: Unregistered DNS (syncing).
08/08/26 03:33:32.682847 pid=91 _sleep_wake_notification_callback: Power notification: kIOMessageSystemHasPoweredOn (Wake Reason - smc.sysState.Wake(0x70070000) baseband SMC.OutboxNotEmpty)
08/08/26 03:33:32.686892 pid=91 dns_register_block_invoke: Registered DNS (syncing): _apple-mobdev2._tcp,915a07ee,8e2907e4,523805af,42480515
08/08/26 03:33:32.687396 pid=91 _did_wake_for_wifi_wake_packet: Current time since boot: 1367000.
08/08/26 03:33:32.687521 pid=91 _did_wake_for_wifi_wake_packet: Failed to get matching service.
08/08/26 03:33:34.767607 pid=91 handle_get_value: usbmuxd attempting to get [ProductVersion]
08/08/26 03:33:34.811696 pid=91 handle_get_value: usbmuxd attempting to get [ProductName]
08/08/26 03:33:34.923381 pid=91 handle_start_service_with_socket: usbmuxd attempting to spawn com.apple.mobile.heartbeat service.
08/08/26 03:33:34.933483 pid=91 spawn_xpc_service: service com.apple.mobile.heartbeat started
08/08/26 03:33:34.934356 pid=91 spawn_xpc_service_block_invoke: Received checkin acknowledgement from 'com.apple.mobile.heartbeat'
08/08/26 03:33:34.934468 pid=91 spawn_xpc_service_block_invoke: XPC_ERROR_CONNECTION_INVALID com.apple.mobile.heartbeat
08/08/26 03:33:34.986307 pid=91 handle_get_value: usbmuxd attempting to get [ProductVersion]
08/08/26 03:33:35.028918 pid=91 handle_get_value: usbmuxd attempting to get [ProductName]
08/08/26 03:33:38.667847 pid=91 _sleep_wake_notification_callback: Power notification: kIOMessageCanSystemSleep
08/08/26 03:33:38.674426 pid=91 _sleep_wake_notification_callback: Power notification: kIOMessageSystemWillSleep
08/08/26 03:33:38.677911 pid=91 dns_unregister_block_invoke: Unregistered DNS (syncing).
08/08/26 03:33:40.887937 pid=91 _sleep_wake_notification_callback: Power notification: kIOMessageSystemHasPoweredOn (Wake Reason - smc.sysState.Wake(0x70070000) wifibt SMC.OutboxNotEmpty wlan)
08/08/26 03:33:40.892912 pid=91 dns_register_block_invoke: Registered DNS (syncing): _apple-mobdev2._tcp,915a07ee,8e2907e4,523805af,42480515
08/08/26 03:33:40.893001 pid=91 _did_wake_for_wifi_wake_packet: Current time since boot: 1374000.
08/08/26 03:33:40.893139 pid=91 _did_wake_for_wifi_wake_packet: Failed to get matching service.
08/08/26 03:33:43.042619 pid=91 handle_get_value: usbmuxd attempting to get [ProductVersion]
08/08/26 03:33:43.097189 pid=91 handle_get_value: usbmuxd attempting to get [ProductName]
08/08/26 03:33:43.225643 pid=91 handle_start_service_with_socket: usbmuxd attempting to spawn com.apple.mobile.heartbeat service.
08/08/26 03:33:43.235994 pid=91 spawn_xpc_service: service com.apple.mobile.heartbeat started
08/08/26 03:33:43.236860 pid=91 spawn_xpc_service_block_invoke: Received checkin acknowledgement from 'com.apple.mobile.heartbeat'
08/08/26 03:33:43.236976 pid=91 spawn_xpc_service_block_invoke: XPC_ERROR_CONNECTION_INVALID com.apple.mobile.heartbeat
08/08/26 03:33:43.283997 pid=91 handle_get_value: usbmuxd attempting to get [ProductVersion]
08/08/26 03:33:43.334180 pid=91 handle_get_value: usbmuxd attempting to get [ProductName]
08/08/26 03:33:43.810719 pid=91 _sleep_wake_notification_callback: Power notification: kIOMessageCanSystemSleep
08/08/26 03:33:43.816533 pid=91 _sleep_wake_notification_callback: Power notification: kIOMessageSystemWillSleep
08/08/26 03:33:43.819075 pid=91 dns_unregister_block_invoke: Unregistered DNS (syncing).
08/08/26 03:33:46.110916 pid=91 _sleep_wake_notification_callback: Power notification: kIOMessageSystemHasPoweredOn (Wake Reason - smc.sysState.Wake(0x70070000) wifibt SMC.OutboxNotEmpty wlan)
08/08/26 03:33:46.115207 pid=91 dns_register_block_invoke: Registered DNS (syncing): _apple-mobdev2._tcp,915a07ee,8e2907e4,523805af,42480515
08/08/26 03:33:46.115308 pid=91 _did_wake_for_wifi_wake_packet: Current time since boot: 1377000.
08/08/26 03:33:46.115436 pid=91 _did_wake_for_wifi_wake_packet: Failed to get matching service.
08/08/26 03:33:49.033281 pid=91 handle_get_value: usbmuxd attempting to get [ProductVersion]
08/08/26 03:33:49.077411 pid=91 handle_get_value: usbmuxd attempting to get [ProductName]
08/08/26 03:33:49.167947 pid=91 handle_start_service_with_socket: usbmuxd attempting to spawn com.apple.mobile.heartbeat service.
08/08/26 03:33:49.171863 pid=91 spawn_xpc_service: service com.apple.mobile.heartbeat started
08/08/26 03:33:49.172790 pid=91 spawn_xpc_service_block_invoke: Received checkin acknowledgement from 'com.apple.mobile.heartbeat'
08/08/26 03:33:49.172904 pid=91 spawn_xpc_service_block_invoke: XPC_ERROR_CONNECTION_INVALID com.apple.mobile.heartbeat
08/08/26 03:33:49.220754 pid=91 handle_get_value: usbmuxd attempting to get [ProductVersion]
08/08/26 03:33:49.262628 pid=91 handle_get_value: usbmuxd attempting to get [ProductName]
08/08/26 03:33:52.329529 pid=91 _sleep_wake_notification_callback: Power notification: kIOMessageCanSystemSleep
08/08/26 03:33:52.337765 pid=91 _sleep_wake_notification_callback: Power notification: kIOMessageSystemWillSleep
08/08/26 03:33:52.340533 pid=91 dns_unregister_block_invoke: Unregistered DNS (syncing).
08/08/26 03:33:58.307613 pid=91 _sleep_wake_notification_callback: Power notification: kIOMessageSystemHasPoweredOn (Wake Reason - smc.sysState.Wake(0x70070000) wifibt SMC.OutboxNotEmpty wlan)
08/08/26 03:33:58.311624 pid=91 dns_register_block_invoke: Registered DNS (syncing): _apple-mobdev2._tcp,915a07ee,8e2907e4,523805af,42480515
08/08/26 03:33:58.311960 pid=91 _did_wake_for_wifi_wake_packet: Current time since boot: 1384000.
08/08/26 03:33:58.312113 pid=91 _did_wake_for_wifi_wake_packet: Failed to get matching service.
08/08/26 03:34:01.097647 pid=91 _sleep_wake_notification_callback: Power notification: kIOMessageCanSystemSleep
08/08/26 03:34:01.103578 pid=91 _sleep_wake_notification_callback: Power notification: kIOMessageSystemWillSleep
08/08/26 03:34:01.105015 pid=91 dns_unregister_block_invoke: Unregistered DNS (syncing).
08/08/26 03:34:08.874601 pid=91 _sleep_wake_notification_callback: Power notification: kIOMessageSystemHasPoweredOn (Wake Reason - smc.sysState.Wake(0x70070000) baseband SMC.OutboxNotEmpty)
08/08/26 03:34:08.879393 pid=91 dns_register_block_invoke: Registered DNS (syncing): _apple-mobdev2._tcp,915a07ee,8e2907e4,523805af,42480515
08/08/26 03:34:08.879507 pid=91 _did_wake_for_wifi_wake_packet: Current time since boot: 1388000.
08/08/26 03:34:08.879624 pid=91 _did_wake_for_wifi_wake_packet: Failed to get matching service.
08/08/26 03:34:11.361265 pid=91 handle_get_value: usbmuxd attempting to get [ProductVersion]
08/08/26 03:34:11.404115 pid=91 handle_get_value: usbmuxd attempting to get [ProductName]
08/08/26 03:34:11.490958 pid=91 handle_start_service_with_socket: usbmuxd attempting to spawn com.apple.mobile.heartbeat service.
08/08/26 03:34:11.500655 pid=91 spawn_xpc_service: service com.apple.mobile.heartbeat started
08/08/26 03:34:11.501357 pid=91 spawn_xpc_service_block_invoke: Received checkin acknowledgement from 'com.apple.mobile.heartbeat'
08/08/26 03:34:11.501417 pid=91 spawn_xpc_service_block_invoke: XPC_ERROR_CONNECTION_INVALID com.apple.mobile.heartbeat
08/08/26 03:34:11.548733 pid=91 handle_get_value: usbmuxd attempting to get [ProductVersion]
08/08/26 03:34:11.592551 pid=91 handle_get_value: usbmuxd attempting to get [ProductName]
08/08/26 03:34:13.322114 pid=91 _sleep_wake_notification_callback: Power notification: kIOMessageCanSystemSleep
08/08/26 03:34:13.328705 pid=91 _sleep_wake_notification_callback: Power notification: kIOMessageSystemWillSleep
08/08/26 03:34:13.334024 pid=91 dns_unregister_block_invoke: Unregistered DNS (syncing).
08/08/26 03:34:21.243906 pid=91 _sleep_wake_notification_callback: Power notification: kIOMessageSystemHasPoweredOn (Wake Reason - smc.sysState.Wake(0x70070000) wifibt SMC.OutboxNotEmpty wlan)
08/08/26 03:34:21.248991 pid=91 dns_register_block_invoke: Registered DNS (syncing): _apple-mobdev2._tcp,915a07ee,8e2907e4,523805af,42480515
08/08/26 03:34:21.249321 pid=91 _did_wake_for_wifi_wake_packet: Current time since boot: 1393000.
08/08/26 03:34:21.249452 pid=91 _did_wake_for_wifi_wake_packet: Failed to get matching service.
08/08/26 03:34:21.756717 pid=91 handle_get_value: remotepairingdeviced attempting to get [com.apple.mobile.wireless_lockdown]:[EnableWifiConnections]
08/08/26 03:34:24.005555 pid=91 handle_get_value: usbmuxd attempting to get [ProductVersion]
08/08/26 03:34:24.035068 pid=91 _sleep_wake_notification_callback: Power notification: kIOMessageCanSystemSleep
08/08/26 03:34:24.040526 pid=91 _sleep_wake_notification_callback: Power notification: kIOMessageCanSystemSleep
08/08/26 03:34:24.047964 pid=91 handle_get_value: usbmuxd attempting to get [ProductName]
08/08/26 03:34:24.134178 pid=91 handle_start_service_with_socket: usbmuxd attempting to spawn com.apple.mobile.heartbeat service.
08/08/26 03:34:24.144197 pid=91 spawn_xpc_service: service com.apple.mobile.heartbeat started
08/08/26 03:34:24.145136 pid=91 spawn_xpc_service_block_invoke: Received checkin acknowledgement from 'com.apple.mobile.heartbeat'
08/08/26 03:34:24.145275 pid=91 spawn_xpc_service_block_invoke: XPC_ERROR_CONNECTION_INVALID com.apple.mobile.heartbeat
08/08/26 03:34:24.195122 pid=91 handle_get_value: usbmuxd attempting to get [ProductVersion]
08/08/26 03:34:24.237611 pid=91 handle_get_value: usbmuxd attempting to get [ProductName]
08/08/26 03:34:25.324203 pid=91 _sleep_wake_notification_callback: Power notification: kIOMessageCanSystemSleep
08/08/26 03:34:25.331037 pid=91 _sleep_wake_notification_callback: Power notification: kIOMessageSystemWillSleep
08/08/26 03:34:25.334247 pid=91 dns_unregister_block_invoke: Unregistered DNS (syncing).
08/08/26 03:34:32.202477 pid=91 _sleep_wake_notification_callback: Power notification: kIOMessageSystemHasPoweredOn (Wake Reason - smc.sysState.Wake(0x70070000) wifibt SMC.OutboxNotEmpty wlan)
08/08/26 03:34:32.205887 pid=91 dns_register_block_invoke: Registered DNS (syncing): _apple-mobdev2._tcp,915a07ee,8e2907e4,523805af,42480515
08/08/26 03:34:32.206015 pid=91 _did_wake_for_wifi_wake_packet: Current time since boot: 1398000.
08/08/26 03:34:32.206915 pid=91 _did_wake_for_wifi_wake_packet: Failed to get matching service.
08/08/26 03:34:34.993198 pid=91 _sleep_wake_notification_callback: Power notification: kIOMessageCanSystemSleep
08/08/26 03:34:34.998980 pid=91 _sleep_wake_notification_callback: Power notification: kIOMessageCanSystemSleep
08/08/26 03:34:35.026456 pid=91 handle_get_value: usbmuxd attempting to get [ProductVersion]
08/08/26 03:34:35.069045 pid=91 handle_get_value: usbmuxd attempting to get [ProductName]
08/08/26 03:34:35.158110 pid=91 handle_start_service_with_socket: usbmuxd attempting to spawn com.apple.mobile.heartbeat service.
08/08/26 03:34:35.168586 pid=91 spawn_xpc_service: service com.apple.mobile.heartbeat started
08/08/26 03:34:35.169496 pid=91 spawn_xpc_service_block_invoke: Received checkin acknowledgement from 'com.apple.mobile.heartbeat'
08/08/26 03:34:35.169601 pid=91 spawn_xpc_service_block_invoke: XPC_ERROR_CONNECTION_INVALID com.apple.mobile.heartbeat
08/08/26 03:34:35.217730 pid=91 handle_get_value: usbmuxd attempting to get [ProductVersion]
08/08/26 03:34:35.260812 pid=91 handle_get_value: usbmuxd attempting to get [ProductName]
08/08/26 03:34:36.350224 pid=91 _sleep_wake_notification_callback: Power notification: kIOMessageCanSystemSleep
08/08/26 03:34:36.357016 pid=91 _sleep_wake_notification_callback: Power notification: kIOMessageSystemWillSleep
08/08/26 03:34:36.360465 pid=91 dns_unregister_block_invoke: Unregistered DNS (syncing).
08/08/26 03:34:44.001587 pid=91 _sleep_wake_notification_callback: Power notification: kIOMessageSystemHasPoweredOn (Wake Reason - smc.sysState.Wake(0x70070000) baseband SMC.OutboxNotEmpty)
08/08/26 03:34:44.005488 pid=91 dns_register_block_invoke: Registered DNS (syncing): _apple-mobdev2._tcp,915a07ee,8e2907e4,523805af,42480515
08/08/26 03:34:44.005580 pid=91 _did_wake_for_wifi_wake_packet: Current time since boot: 1402000.
08/08/26 03:34:44.006250 pid=91 _did_wake_for_wifi_wake_packet: Failed to get matching service.
08/08/26 03:34:46.329150 pid=91 handle_get_value: usbmuxd attempting to get [ProductVersion]
08/08/26 03:34:46.373994 pid=91 handle_get_value: usbmuxd attempting to get [ProductName]
08/08/26 03:34:46.466427 pid=91 handle_start_service_with_socket: usbmuxd attempting to spawn com.apple.mobile.heartbeat service.
08/08/26 03:34:46.476301 pid=91 spawn_xpc_service: service com.apple.mobile.heartbeat started
08/08/26 03:34:46.476997 pid=91 spawn_xpc_service_block_invoke: Received checkin acknowledgement from 'com.apple.mobile.heartbeat'
08/08/26 03:34:46.477064 pid=91 spawn_xpc_service_block_invoke: XPC_ERROR_CONNECTION_INVALID com.apple.mobile.heartbeat
08/08/26 03:34:46.526300 pid=91 handle_get_value: usbmuxd attempting to get [ProductVersion]
08/08/26 03:34:46.570179 pid=91 handle_get_value: usbmuxd attempting to get [ProductName]
08/08/26 03:34:48.268100 pid=91 _sleep_wake_notification_callback: Power notification: kIOMessageCanSystemSleep
08/08/26 03:34:48.274507 pid=91 _sleep_wake_notification_callback: Power notification: kIOMessageSystemWillSleep
08/08/26 03:34:48.277248 pid=91 dns_unregister_block_invoke: Unregistered DNS (syncing).
08/08/26 03:34:56.165959 pid=91 _sleep_wake_notification_callback: Power notification: kIOMessageSystemHasPoweredOn (Wake Reason - smc.sysState.Wake(0x70070000) wifibt SMC.OutboxNotEmpty wlan)
08/08/26 03:34:56.169703 pid=91 dns_register_block_invoke: Registered DNS (syncing): _apple-mobdev2._tcp,915a07ee,8e2907e4,523805af,42480515
08/08/26 03:34:56.169787 pid=91 _did_wake_for_wifi_wake_packet: Current time since boot: 1407000.
08/08/26 03:34:56.169914 pid=91 _did_wake_for_wifi_wake_packet: Failed to get matching service.
08/08/26 03:34:58.954301 pid=91 _sleep_wake_notification_callback: Power notification: kIOMessageCanSystemSleep
08/08/26 03:34:58.960051 pid=91 _sleep_wake_notification_callback: Power notification: kIOMessageSystemWillSleep
08/08/26 03:34:58.962194 pid=91 dns_unregister_block_invoke: Unregistered DNS (syncing).
08/08/26 03:35:18.543220 pid=91 _sleep_wake_notification_callback: Power notification: kIOMessageSystemHasPoweredOn (Wake Reason - smc.sysState.Wake(0x70070000) baseband SMC.OutboxNotEmpty)
08/08/26 03:35:18.546736 pid=91 dns_register_block_invoke: Registered DNS (syncing): _apple-mobdev2._tcp,915a07ee,8e2907e4,523805af,42480515
08/08/26 03:35:18.546813 pid=91 _did_wake_for_wifi_wake_packet: Current time since boot: 1411000.
08/08/26 03:35:18.546914 pid=91 _did_wake_for_wifi_wake_packet: Failed to get matching service.
08/08/26 03:35:20.881686 pid=91 handle_get_value: usbmuxd attempting to get [ProductVersion]
08/08/26 03:35:20.929689 pid=91 handle_get_value: usbmuxd attempting to get [ProductName]
08/08/26 03:35:21.071631 pid=91 handle_start_service_with_socket: usbmuxd attempting to spawn com.apple.mobile.heartbeat service.
08/08/26 03:35:21.081620 pid=91 spawn_xpc_service: service com.apple.mobile.heartbeat started
08/08/26 03:35:21.082574 pid=91 spawn_xpc_service_block_invoke: Received checkin acknowledgement from 'com.apple.mobile.heartbeat'
08/08/26 03:35:21.082689 pid=91 spawn_xpc_service_block_invoke: XPC_ERROR_CONNECTION_INVALID com.apple.mobile.heartbeat
08/08/26 03:35:21.128808 pid=91 handle_get_value: usbmuxd attempting to get [ProductVersion]
08/08/26 03:35:21.173621 pid=91 handle_get_value: usbmuxd attempting to get [ProductName]
08/08/26 03:35:22.891035 pid=91 _sleep_wake_notification_callback: Power notification: kIOMessageCanSystemSleep
08/08/26 03:35:22.896957 pid=91 _sleep_wake_notification_callback: Power notification: kIOMessageSystemWillSleep
08/08/26 03:35:22.901285 pid=91 dns_unregister_block_invoke: Unregistered DNS (syncing).
08/08/26 03:35:25.247569 pid=91 _sleep_wake_notification_callback: Power notification: kIOMessageSystemHasPoweredOn (Wake Reason - smc.sysState.Wake(0x70070000) wifibt SMC.OutboxNotEmpty wlan)
08/08/26 03:35:25.250589 pid=91 dns_register_block_invoke: Registered DNS (syncing): _apple-mobdev2._tcp,915a07ee,8e2907e4,523805af,42480515
08/08/26 03:35:25.250724 pid=91 _did_wake_for_wifi_wake_packet: Current time since boot: 1416000.
08/08/26 03:35:25.251140 pid=91 _did_wake_for_wifi_wake_packet: Failed to get matching service.
08/08/26 03:35:28.025648 pid=91 handle_get_value: usbmuxd attempting to get [ProductVersion]
08/08/26 03:35:28.037448 pid=91 _sleep_wake_notification_callback: Power notification: kIOMessageCanSystemSleep
08/08/26 03:35:28.043217 pid=91 _sleep_wake_notification_callback: Power notification: kIOMessageCanSystemSleep
08/08/26 03:35:28.068050 pid=91 handle_get_value: usbmuxd attempting to get [ProductName]
08/08/26 03:35:28.154772 pid=91 handle_start_service_with_socket: usbmuxd attempting to spawn com.apple.mobile.heartbeat service.
08/08/26 03:35:28.164485 pid=91 spawn_xpc_service: service com.apple.mobile.heartbeat started
08/08/26 03:35:28.165308 pid=91 spawn_xpc_service_block_invoke: Received checkin acknowledgement from 'com.apple.mobile.heartbeat'
08/08/26 03:35:28.165396 pid=91 spawn_xpc_service_block_invoke: XPC_ERROR_CONNECTION_INVALID com.apple.mobile.heartbeat
08/08/26 03:35:28.214373 pid=91 handle_get_value: usbmuxd attempting to get [ProductVersion]
08/08/26 03:35:28.256059 pid=91 handle_get_value: usbmuxd attempting to get [ProductName]
08/08/26 03:35:29.342786 pid=91 _sleep_wake_notification_callback: Power notification: kIOMessageCanSystemSleep
08/08/26 03:35:29.349630 pid=91 _sleep_wake_notification_callback: Power notification: kIOMessageSystemWillSleep
08/08/26 03:35:29.356343 pid=91 dns_unregister_block_invoke: Unregistered DNS (syncing).
08/08/26 03:35:42.458286 pid=91 _sleep_wake_notification_callback: Power notification: kIOMessageSystemHasPoweredOn (Wake Reason - AOP.OutboxNotEmpty AOT voice_trigger aop-voicetrigger)
08/08/26 03:35:42.462583 pid=91 dns_register_block_invoke: Registered DNS (syncing): _apple-mobdev2._tcp,915a07ee,8e2907e4,523805af,42480515
08/08/26 03:35:42.462657 pid=91 _did_wake_for_wifi_wake_packet: Current time since boot: 1420000.
08/08/26 03:35:42.462732 pid=91 _did_wake_for_wifi_wake_packet: Failed to get matching service.
08/08/26 03:35:45.363437 pid=91 handle_get_value: usbmuxd attempting to get [ProductVersion]
08/08/26 03:35:45.406437 pid=91 handle_get_value: usbmuxd attempting to get [ProductName]
08/08/26 03:35:45.493895 pid=91 handle_start_service_with_socket: usbmuxd attempting to spawn com.apple.mobile.heartbeat service.
08/08/26 03:35:45.497876 pid=91 spawn_xpc_service: service com.apple.mobile.heartbeat started
08/08/26 03:35:45.498830 pid=91 spawn_xpc_service_block_invoke: Received checkin acknowledgement from 'com.apple.mobile.heartbeat'
08/08/26 03:35:45.498953 pid=91 spawn_xpc_service_block_invoke: XPC_ERROR_CONNECTION_INVALID com.apple.mobile.heartbeat
08/08/26 03:35:45.547050 pid=91 handle_get_value: usbmuxd attempting to get [ProductVersion]
08/08/26 03:35:45.591168 pid=91 handle_get_value: usbmuxd attempting to get [ProductName]
08/08/26 03:35:48.229574 pid=91 _sleep_wake_notification_callback: Power notification: kIOMessageCanSystemSleep
08/08/26 03:35:48.237552 pid=91 _sleep_wake_notification_callback: Power notification: kIOMessageSystemWillSleep
08/08/26 03:35:48.240446 pid=91 dns_unregister_block_invoke: Unregistered DNS (syncing).
08/08/26 03:35:49.711892 pid=91 _sleep_wake_notification_callback: Power notification: kIOMessageSystemHasPoweredOn (Wake Reason - smc.sysState.Wake(0x70070000) wifibt SMC.OutboxNotEmpty wlan)
08/08/26 03:35:49.714372 pid=91 dns_register_block_invoke: Registered DNS (syncing): _apple-mobdev2._tcp,915a07ee,8e2907e4,523805af,42480515
08/08/26 03:35:49.714458 pid=91 _did_wake_for_wifi_wake_packet: Current time since boot: 1427000.
08/08/26 03:35:49.714587 pid=91 _did_wake_for_wifi_wake_packet: Failed to get matching service.
08/08/26 03:35:52.479579 pid=91 handle_get_value: usbmuxd attempting to get [ProductVersion]
08/08/26 03:35:52.523754 pid=91 handle_get_value: usbmuxd attempting to get [ProductName]
08/08/26 03:35:52.608227 pid=91 handle_start_service_with_socket: usbmuxd attempting to spawn com.apple.mobile.heartbeat service.
08/08/26 03:35:52.617995 pid=91 spawn_xpc_service: service com.apple.mobile.heartbeat started
08/08/26 03:35:52.618841 pid=91 spawn_xpc_service_block_invoke: Received checkin acknowledgement from 'com.apple.mobile.heartbeat'
08/08/26 03:35:52.618933 pid=91 spawn_xpc_service_block_invoke: XPC_ERROR_CONNECTION_INVALID com.apple.mobile.heartbeat
08/08/26 03:35:52.668728 pid=91 handle_get_value: usbmuxd attempting to get [ProductVersion]
08/08/26 03:35:52.713505 pid=91 handle_get_value: usbmuxd attempting to get [ProductName]
08/08/26 03:35:56.341506 pid=91 _sleep_wake_notification_callback: Power notification: kIOMessageCanSystemSleep
08/08/26 03:35:56.351471 pid=91 _sleep_wake_notification_callback: Power notification: kIOMessageSystemWillSleep
08/08/26 03:35:56.353874 pid=91 dns_unregister_block_invoke: Unregistered DNS (syncing).
08/08/26 03:35:57.701135 pid=91 _sleep_wake_notification_callback: Power notification: kIOMessageSystemHasPoweredOn (Wake Reason - smc.sysState.Wake(0x70070000) wifibt SMC.OutboxNotEmpty wlan)
08/08/26 03:35:57.703698 pid=91 dns_register_block_invoke: Registered DNS (syncing): _apple-mobdev2._tcp,915a07ee,8e2907e4,523805af,42480515
08/08/26 03:35:57.703855 pid=91 _did_wake_for_wifi_wake_packet: Current time since boot: 1434000.
08/08/26 03:35:57.704299 pid=91 _did_wake_for_wifi_wake_packet: Failed to get matching service.
08/08/26 03:36:00.466480 pid=91 handle_get_value: usbmuxd attempting to get [ProductVersion]
08/08/26 03:36:00.490140 pid=91 _sleep_wake_notification_callback: Power notification: kIOMessageCanSystemSleep
08/08/26 03:36:00.495780 pid=91 _sleep_wake_notification_callback: Power notification: kIOMessageCanSystemSleep
08/08/26 03:36:00.511831 pid=91 handle_get_value: usbmuxd attempting to get [ProductName]
08/08/26 03:36:00.600985 pid=91 handle_start_service_with_socket: usbmuxd attempting to spawn com.apple.mobile.heartbeat service.
08/08/26 03:36:00.611329 pid=91 spawn_xpc_service: service com.apple.mobile.heartbeat started
08/08/26 03:36:00.612231 pid=91 spawn_xpc_service_block_invoke: Received checkin acknowledgement from 'com.apple.mobile.heartbeat'
08/08/26 03:36:00.612333 pid=91 spawn_xpc_service_block_invoke: XPC_ERROR_CONNECTION_INVALID com.apple.mobile.heartbeat
08/08/26 03:36:00.660173 pid=91 handle_get_value: usbmuxd attempting to get [ProductVersion]
08/08/26 03:36:00.703359 pid=91 handle_get_value: usbmuxd attempting to get [ProductName]
08/08/26 03:36:01.784325 pid=91 _sleep_wake_notification_callback: Power notification: kIOMessageCanSystemSleep
08/08/26 03:36:01.792319 pid=91 _sleep_wake_notification_callback: Power notification: kIOMessageSystemWillSleep
08/08/26 03:36:01.795933 pid=91 dns_unregister_block_invoke: Unregistered DNS (syncing).
08/08/26 03:36:08.663379 pid=91 _sleep_wake_notification_callback: Power notification: kIOMessageSystemHasPoweredOn (Wake Reason - smc.sysState.Wake(0x70070000) wifibt SMC.OutboxNotEmpty wlan)
08/08/26 03:36:08.667871 pid=91 dns_register_block_invoke: Registered DNS (syncing): _apple-mobdev2._tcp,915a07ee,8e2907e4,523805af,42480515
08/08/26 03:36:08.668002 pid=91 _did_wake_for_wifi_wake_packet: Current time since boot: 1439000.
08/08/26 03:36:08.668153 pid=91 _did_wake_for_wifi_wake_packet: Failed to get matching service.
08/08/26 03:36:11.456810 pid=91 _sleep_wake_notification_callback: Power notification: kIOMessageCanSystemSleep
08/08/26 03:36:11.462160 pid=91 _sleep_wake_notification_callback: Power notification: kIOMessageCanSystemSleep
08/08/26 03:36:11.560220 pid=91 handle_get_value: usbmuxd attempting to get [ProductVersion]
08/08/26 03:36:11.620749 pid=91 handle_get_value: usbmuxd attempting to get [ProductName]
08/08/26 03:36:11.709489 pid=91 handle_start_service_with_socket: usbmuxd attempting to spawn com.apple.mobile.heartbeat service.
08/08/26 03:36:11.713333 pid=91 spawn_xpc_service: service com.apple.mobile.heartbeat started
08/08/26 03:36:11.714276 pid=91 spawn_xpc_service_block_invoke: Received checkin acknowledgement from 'com.apple.mobile.heartbeat'
08/08/26 03:36:11.714384 pid=91 spawn_xpc_service_block_invoke: XPC_ERROR_CONNECTION_INVALID com.apple.mobile.heartbeat
08/08/26 03:36:11.762741 pid=91 handle_get_value: usbmuxd attempting to get [ProductVersion]
08/08/26 03:36:11.809411 pid=91 handle_get_value: usbmuxd attempting to get [ProductName]
08/08/26 03:36:12.899468 pid=91 _sleep_wake_notification_callback: Power notification: kIOMessageCanSystemSleep
08/08/26 03:36:12.906382 pid=91 _sleep_wake_notification_callback: Power notification: kIOMessageSystemWillSleep
08/08/26 03:36:12.908673 pid=91 dns_unregister_block_invoke: Unregistered DNS (syncing).
08/08/26 03:36:25.685767 pid=91 _sleep_wake_notification_callback: Power notification: kIOMessageSystemHasPoweredOn (Wake Reason - smc.sysState.Wake(0x70070000) baseband SMC.OutboxNotEmpty)
08/08/26 03:36:25.689119 pid=91 dns_register_block_invoke: Registered DNS (syncing): _apple-mobdev2._tcp,915a07ee,8e2907e4,523805af,42480515
08/08/26 03:36:25.689248 pid=91 _did_wake_for_wifi_wake_packet: Current time since boot: 1444000.
08/08/26 03:36:25.689394 pid=91 _did_wake_for_wifi_wake_packet: Failed to get matching service.
08/08/26 03:36:27.804811 pid=91 handle_get_value: usbmuxd attempting to get [ProductVersion]
08/08/26 03:36:27.846547 pid=91 handle_get_value: usbmuxd attempting to get [ProductName]
08/08/26 03:36:27.931248 pid=91 handle_start_service_with_socket: usbmuxd attempting to spawn com.apple.mobile.heartbeat service.
08/08/26 03:36:27.940998 pid=91 spawn_xpc_service: service com.apple.mobile.heartbeat started
08/08/26 03:36:27.941826 pid=91 spawn_xpc_service_block_invoke: Received checkin acknowledgement from 'com.apple.mobile.heartbeat'
08/08/26 03:36:27.941922 pid=91 spawn_xpc_service_block_invoke: XPC_ERROR_CONNECTION_INVALID com.apple.mobile.heartbeat
08/08/26 03:36:27.988457 pid=91 handle_get_value: usbmuxd attempting to get [ProductVersion]
08/08/26 03:36:28.029358 pid=91 handle_get_value: usbmuxd attempting to get [ProductName]
08/08/26 03:36:29.990751 pid=91 _sleep_wake_notification_callback: Power notification: kIOMessageCanSystemSleep
08/08/26 03:36:29.998691 pid=91 _sleep_wake_notification_callback: Power notification: kIOMessageSystemWillSleep
08/08/26 03:36:30.003268 pid=91 dns_unregister_block_invoke: Unregistered DNS (syncing).
08/08/26 03:36:42.455695 pid=91 _sleep_wake_notification_callback: Power notification: kIOMessageSystemHasPoweredOn (Wake Reason - smc.sysState.Wake(0x70070000) wifibt SMC.OutboxNotEmpty wlan)
08/08/26 03:36:42.458547 pid=91 dns_register_block_invoke: Registered DNS (syncing): _apple-mobdev2._tcp,915a07ee,8e2907e4,523805af,42480515
08/08/26 03:36:42.458787 pid=91 _did_wake_for_wifi_wake_packet: Current time since boot: 1449000.
08/08/26 03:36:42.460297 pid=91 _did_wake_for_wifi_wake_packet: Failed to get matching service.
08/08/26 03:36:45.247342 pid=91 _sleep_wake_notification_callback: Power notification: kIOMessageCanSystemSleep
08/08/26 03:36:45.254205 pid=91 _sleep_wake_notification_callback: Power notification: kIOMessageSystemWillSleep
08/08/26 03:36:45.257199 pid=91 dns_unregister_block_invoke: Unregistered DNS (syncing).
08/08/26 03:37:01.032533 pid=91 _sleep_wake_notification_callback: Power notification: kIOMessageSystemHasPoweredOn (Wake Reason - smc.sysState.Wake(0x70070000) baseband SMC.OutboxNotEmpty)
08/08/26 03:37:01.034514 pid=91 dns_register_block_invoke: Registered DNS (syncing): _apple-mobdev2._tcp,915a07ee,8e2907e4,523805af,42480515
08/08/26 03:37:01.034637 pid=91 _did_wake_for_wifi_wake_packet: Current time since boot: 1453000.
08/08/26 03:37:01.034793 pid=91 _did_wake_for_wifi_wake_packet: Failed to get matching service.
08/08/26 03:37:01.680380 pid=91 handle_get_value: usbmuxd attempting to get [ProductVersion]
08/08/26 03:37:01.723575 pid=91 handle_get_value: usbmuxd attempting to get [ProductName]
08/08/26 03:37:01.834727 pid=91 handle_start_service_with_socket: usbmuxd attempting to spawn com.apple.mobile.heartbeat service.
08/08/26 03:37:01.844723 pid=91 spawn_xpc_service: service com.apple.mobile.heartbeat started
08/08/26 03:37:01.845587 pid=91 spawn_xpc_service_block_invoke: Received checkin acknowledgement from 'com.apple.mobile.heartbeat'
08/08/26 03:37:01.845684 pid=91 spawn_xpc_service_block_invoke: XPC_ERROR_CONNECTION_INVALID com.apple.mobile.heartbeat
08/08/26 03:37:01.895435 pid=91 handle_get_value: usbmuxd attempting to get [ProductVersion]
08/08/26 03:37:01.939197 pid=91 handle_get_value: usbmuxd attempting to get [ProductName]
08/08/26 03:37:03.632798 pid=91 handle_get_value: usbmuxd attempting to get [ProductVersion]
08/08/26 03:37:03.674854 pid=91 handle_get_value: usbmuxd attempting to get [ProductName]
08/08/26 03:37:03.762413 pid=91 handle_start_service_with_socket: usbmuxd attempting to spawn com.apple.mobile.heartbeat service.
08/08/26 03:37:03.771949 pid=91 spawn_xpc_service: service com.apple.mobile.heartbeat started
08/08/26 03:37:03.772645 pid=91 spawn_xpc_service_block_invoke: Received checkin acknowledgement from 'com.apple.mobile.heartbeat'
08/08/26 03:37:03.772723 pid=91 spawn_xpc_service_block_invoke: XPC_ERROR_CONNECTION_INVALID com.apple.mobile.heartbeat
08/08/26 03:37:03.820026 pid=91 handle_get_value: usbmuxd attempting to get [ProductVersion]
08/08/26 03:37:03.863178 pid=91 handle_get_value: usbmuxd attempting to get [ProductName]
08/08/26 03:37:05.297903 pid=91 _sleep_wake_notification_callback: Power notification: kIOMessageCanSystemSleep
08/08/26 03:37:05.305426 pid=91 _sleep_wake_notification_callback: Power notification: kIOMessageSystemWillSleep
08/08/26 03:37:05.309547 pid=91 dns_unregister_block_invoke: Unregistered DNS (syncing).
08/08/26 03:37:34.781867 pid=91 _sleep_wake_notification_callback: Power notification: kIOMessageSystemHasPoweredOn (Wake Reason - smc.sysState.Wake(0x70070000) baseband SMC.OutboxNotEmpty)
08/08/26 03:37:34.785726 pid=91 dns_register_block_invoke: Registered DNS (syncing): _apple-mobdev2._tcp,915a07ee,8e2907e4,523805af,42480515
08/08/26 03:37:34.785795 pid=91 _did_wake_for_wifi_wake_packet: Current time since boot: 1458000.
08/08/26 03:37:34.785869 pid=91 _did_wake_for_wifi_wake_packet: Failed to get matching service.
08/08/26 03:37:36.829667 pid=91 handle_get_value: usbmuxd attempting to get [ProductVersion]
08/08/26 03:37:36.872950 pid=91 handle_get_value: usbmuxd attempting to get [ProductName]
08/08/26 03:37:36.959357 pid=91 handle_start_service_with_socket: usbmuxd attempting to spawn com.apple.mobile.heartbeat service.
08/08/26 03:37:36.969037 pid=91 spawn_xpc_service: service com.apple.mobile.heartbeat started
08/08/26 03:37:36.969832 pid=91 spawn_xpc_service_block_invoke: Received checkin acknowledgement from 'com.apple.mobile.heartbeat'
08/08/26 03:37:36.969921 pid=91 spawn_xpc_service_block_invoke: XPC_ERROR_CONNECTION_INVALID com.apple.mobile.heartbeat
08/08/26 03:37:37.017811 pid=91 handle_get_value: usbmuxd attempting to get [ProductVersion]
08/08/26 03:37:37.060587 pid=91 handle_get_value: usbmuxd attempting to get [ProductName]
08/08/26 03:37:39.284641 pid=91 _sleep_wake_notification_callback: Power notification: kIOMessageCanSystemSleep
08/08/26 03:37:39.292621 pid=91 _sleep_wake_notification_callback: Power notification: kIOMessageSystemWillSleep
08/08/26 03:37:39.296811 pid=91 dns_unregister_block_invoke: Unregistered DNS (syncing).
08/08/26 03:41:51.219953 pid=91 _sleep_wake_notification_callback: Power notification: kIOMessageSystemHasPoweredOn (Wake Reason - smc.sysState.Wake(0x70070000) baseband SMC.OutboxNotEmpty)
08/08/26 03:41:51.221932 pid=91 dns_register_block_invoke: Registered DNS (syncing): _apple-mobdev2._tcp,915a07ee,8e2907e4,523805af,42480515
08/08/26 03:41:51.221965 pid=91 _did_wake_for_wifi_wake_packet: Current time since boot: 1463000.
08/08/26 03:41:51.222108 pid=91 _did_wake_for_wifi_wake_packet: Failed to get matching service.
08/08/26 03:41:54.058363 pid=91 handle_get_value: usbmuxd attempting to get [ProductVersion]
08/08/26 03:41:54.102342 pid=91 handle_get_value: usbmuxd attempting to get [ProductName]
08/08/26 03:41:54.214004 pid=91 handle_start_service_with_socket: usbmuxd attempting to spawn com.apple.mobile.heartbeat service.
08/08/26 03:41:54.223482 pid=91 spawn_xpc_service: service com.apple.mobile.heartbeat started
08/08/26 03:41:54.224497 pid=91 spawn_xpc_service_block_invoke: Received checkin acknowledgement from 'com.apple.mobile.heartbeat'
08/08/26 03:41:54.224582 pid=91 spawn_xpc_service_block_invoke: XPC_ERROR_CONNECTION_INVALID com.apple.mobile.heartbeat
08/08/26 03:41:54.287610 pid=91 handle_get_value: usbmuxd attempting to get [ProductVersion]
08/08/26 03:41:54.339718 pid=91 handle_get_value: usbmuxd attempting to get [ProductName]
08/08/26 03:42:27.749481 pid=91 _sleep_wake_notification_callback: Power notification: kIOMessageCanSystemSleep
08/08/26 03:42:27.759658 pid=91 _sleep_wake_notification_callback: Power notification: kIOMessageSystemWillSleep
08/08/26 03:42:27.764512 pid=91 dns_unregister_block_invoke: Unregistered DNS (syncing).
08/08/26 03:42:37.686597 pid=91 _sleep_wake_notification_callback: Power notification: kIOMessageSystemHasPoweredOn (Wake Reason - smc.sysState.Wake(0x70070000) wifibt SMC.OutboxNotEmpty wlan)
08/08/26 03:42:37.692275 pid=91 dns_register_block_invoke: Registered DNS (syncing): _apple-mobdev2._tcp,915a07ee,8e2907e4,523805af,42480515
08/08/26 03:42:37.692389 pid=91 _did_wake_for_wifi_wake_packet: Current time since boot: 1501000.
08/08/26 03:42:37.692484 pid=91 _did_wake_for_wifi_wake_packet: Failed to get matching service.
08/08/26 03:42:40.448504 pid=91 handle_get_value: usbmuxd attempting to get [ProductVersion]
08/08/26 03:42:40.479860 pid=91 _sleep_wake_notification_callback: Power notification: kIOMessageCanSystemSleep
08/08/26 03:42:40.485720 pid=91 _sleep_wake_notification_callback: Power notification: kIOMessageCanSystemSleep
08/08/26 03:42:40.490833 pid=91 handle_get_value: usbmuxd attempting to get [ProductName]
08/08/26 03:42:40.603459 pid=91 handle_start_service_with_socket: usbmuxd attempting to spawn com.apple.mobile.heartbeat service.
08/08/26 03:42:40.613212 pid=91 spawn_xpc_service: service com.apple.mobile.heartbeat started
08/08/26 03:42:40.613978 pid=91 spawn_xpc_service_block_invoke: Received checkin acknowledgement from 'com.apple.mobile.heartbeat'
08/08/26 03:42:40.614072 pid=91 spawn_xpc_service_block_invoke: XPC_ERROR_CONNECTION_INVALID com.apple.mobile.heartbeat
08/08/26 03:42:40.662328 pid=91 handle_get_value: usbmuxd attempting to get [ProductVersion]
08/08/26 03:42:40.705829 pid=91 handle_get_value: usbmuxd attempting to get [ProductName]
08/08/26 03:42:41.794034 pid=91 _sleep_wake_notification_callback: Power notification: kIOMessageCanSystemSleep
08/08/26 03:42:41.801376 pid=91 _sleep_wake_notification_callback: Power notification: kIOMessageSystemWillSleep
08/08/26 03:42:41.806454 pid=91 dns_unregister_block_invoke: Unregistered DNS (syncing).
08/08/26 03:42:56.222439 pid=91 _sleep_wake_notification_callback: Power notification: kIOMessageSystemHasPoweredOn (Wake Reason - smc.sysState.Wake(0x70070000) wifibt SMC.OutboxNotEmpty wlan)
08/08/26 03:42:56.226784 pid=91 dns_register_block_invoke: Registered DNS (syncing): _apple-mobdev2._tcp,915a07ee,8e2907e4,523805af,42480515
08/08/26 03:42:56.226858 pid=91 _did_wake_for_wifi_wake_packet: Current time since boot: 1506000.
08/08/26 03:42:56.226918 pid=91 _did_wake_for_wifi_wake_packet: Failed to get matching service.
08/08/26 03:42:59.002554 pid=91 handle_get_value: usbmuxd attempting to get [ProductVersion]
08/08/26 03:42:59.045917 pid=91 handle_get_value: usbmuxd attempting to get [ProductName]
08/08/26 03:42:59.128811 pid=91 handle_start_service_with_socket: usbmuxd attempting to spawn com.apple.mobile.heartbeat service.
08/08/26 03:42:59.137378 pid=91 spawn_xpc_service: service com.apple.mobile.heartbeat started
08/08/26 03:42:59.137864 pid=91 spawn_xpc_service_block_invoke: Received checkin acknowledgement from 'com.apple.mobile.heartbeat'
08/08/26 03:42:59.137898 pid=91 spawn_xpc_service_block_invoke: XPC_ERROR_CONNECTION_INVALID com.apple.mobile.heartbeat
08/08/26 03:42:59.184789 pid=91 handle_get_value: usbmuxd attempting to get [ProductVersion]
08/08/26 03:42:59.225120 pid=91 handle_get_value: usbmuxd attempting to get [ProductName]
08/08/26 03:43:08.389278 pid=91 _sleep_wake_notification_callback: Power notification: kIOMessageCanSystemSleep
08/08/26 03:43:08.397237 pid=91 _sleep_wake_notification_callback: Power notification: kIOMessageSystemWillSleep
08/08/26 03:43:08.402345 pid=91 dns_unregister_block_invoke: Unregistered DNS (syncing).
08/08/26 03:43:13.422506 pid=91 _sleep_wake_notification_callback: Power notification: kIOMessageSystemHasPoweredOn (Wake Reason - AOP.OutboxNotEmpty AOT spu_gesture spu_ep_37_cmd_85)
08/08/26 03:43:13.426089 pid=91 dns_register_block_invoke: Registered DNS (syncing): _apple-mobdev2._tcp,915a07ee,8e2907e4,523805af,42480515
08/08/26 03:43:13.426223 pid=91 _did_wake_for_wifi_wake_packet: Current time since boot: 1519000.
08/08/26 03:43:13.426274 pid=91 _did_wake_for_wifi_wake_packet: Failed to get matching service.
08/08/26 03:43:16.306972 pid=91 handle_get_value: usbmuxd attempting to get [ProductVersion]
08/08/26 03:43:16.350359 pid=91 handle_get_value: usbmuxd attempting to get [ProductName]
08/08/26 03:43:16.439524 pid=91 handle_start_service_with_socket: usbmuxd attempting to spawn com.apple.mobile.heartbeat service.
08/08/26 03:43:16.452181 pid=91 spawn_xpc_service: service com.apple.mobile.heartbeat started
08/08/26 03:43:16.453130 pid=91 spawn_xpc_service_block_invoke: Received checkin acknowledgement from 'com.apple.mobile.heartbeat'
08/08/26 03:43:16.453200 pid=91 spawn_xpc_service_block_invoke: XPC_ERROR_CONNECTION_INVALID com.apple.mobile.heartbeat
08/08/26 03:43:16.504032 pid=91 handle_get_value: usbmuxd attempting to get [ProductVersion]
08/08/26 03:43:16.546183 pid=91 handle_get_value: usbmuxd attempting to get [ProductName]
08/08/26 03:44:06.066566 pid=91 _sleep_wake_notification_callback: Power notification: kIOMessageCanSystemSleep
08/08/26 03:44:06.074270 pid=91 _sleep_wake_notification_callback: Power notification: kIOMessageSystemWillSleep
08/08/26 03:44:06.082152 pid=91 dns_unregister_block_invoke: Unregistered DNS (syncing).
08/08/26 03:44:14.865849 pid=91 _sleep_wake_notification_callback: Power notification: kIOMessageSystemHasPoweredOn (Wake Reason - smc.sysState.Wake(0x70070000) wifibt SMC.OutboxNotEmpty wlan)
08/08/26 03:44:14.874245 pid=91 dns_register_block_invoke: Registered DNS (syncing): _apple-mobdev2._tcp,915a07ee,8e2907e4,523805af,42480515
08/08/26 03:44:14.874311 pid=91 _did_wake_for_wifi_wake_packet: Current time since boot: 1572000.
08/08/26 03:44:14.875448 pid=91 _did_wake_for_wifi_wake_packet: Failed to get matching service.
08/08/26 03:44:17.658910 pid=91 _sleep_wake_notification_callback: Power notification: kIOMessageCanSystemSleep
08/08/26 03:44:17.666727 pid=91 _sleep_wake_notification_callback: Power notification: kIOMessageSystemWillSleep
08/08/26 03:44:17.669271 pid=91 dns_unregister_block_invoke: Unregistered DNS (syncing).
08/08/26 03:44:18.955875 pid=91 _sleep_wake_notification_callback: Power notification: kIOMessageSystemHasPoweredOn (Wake Reason - smc.sysState.Wake(0x70070000) wifibt SMC.OutboxNotEmpty wlan)
08/08/26 03:44:18.960081 pid=91 dns_register_block_invoke: Registered DNS (syncing): _apple-mobdev2._tcp,915a07ee,8e2907e4,523805af,42480515
08/08/26 03:44:18.960422 pid=91 _did_wake_for_wifi_wake_packet: Current time since boot: 1575000.
08/08/26 03:44:18.960574 pid=91 _did_wake_for_wifi_wake_packet: Failed to get matching service.
08/08/26 03:44:19.245488 pid=91 handle_get_value: usbmuxd attempting to get [ProductVersion]
08/08/26 03:44:19.289233 pid=91 handle_get_value: usbmuxd attempting to get [ProductName]
08/08/26 03:44:19.398233 pid=91 handle_start_service_with_socket: usbmuxd attempting to spawn com.apple.mobile.heartbeat service.
08/08/26 03:44:19.409080 pid=91 spawn_xpc_service: service com.apple.mobile.heartbeat started
08/08/26 03:44:19.411256 pid=91 spawn_xpc_service_block_invoke: Received checkin acknowledgement from 'com.apple.mobile.heartbeat'
08/08/26 03:44:19.411354 pid=91 spawn_xpc_service_block_invoke: XPC_ERROR_CONNECTION_INVALID com.apple.mobile.heartbeat
08/08/26 03:44:19.461230 pid=91 handle_get_value: usbmuxd attempting to get [ProductVersion]
08/08/26 03:44:19.505002 pid=91 handle_get_value: usbmuxd attempting to get [ProductName]
08/08/26 03:44:21.748340 pid=91 _sleep_wake_notification_callback: Power notification: kIOMessageCanSystemSleep
08/08/26 03:44:21.754285 pid=91 _sleep_wake_notification_callback: Power notification: kIOMessageCanSystemSleep
08/08/26 03:44:21.777301 pid=91 handle_get_value: usbmuxd attempting to get [ProductVersion]
08/08/26 03:44:21.820892 pid=91 handle_get_value: usbmuxd attempting to get [ProductName]
08/08/26 03:44:21.906897 pid=91 handle_start_service_with_socket: usbmuxd attempting to spawn com.apple.mobile.heartbeat service.
08/08/26 03:44:21.917093 pid=91 spawn_xpc_service: service com.apple.mobile.heartbeat started
08/08/26 03:44:21.917872 pid=91 spawn_xpc_service_block_invoke: Received checkin acknowledgement from 'com.apple.mobile.heartbeat'
08/08/26 03:44:21.917965 pid=91 spawn_xpc_service_block_invoke: XPC_ERROR_CONNECTION_INVALID com.apple.mobile.heartbeat
08/08/26 03:44:21.964830 pid=91 handle_get_value: usbmuxd attempting to get [ProductVersion]
08/08/26 03:44:22.011190 pid=91 handle_get_value: usbmuxd attempting to get [ProductName]
08/08/26 03:44:23.095461 pid=91 _sleep_wake_notification_callback: Power notification: kIOMessageCanSystemSleep
08/08/26 03:44:23.103061 pid=91 _sleep_wake_notification_callback: Power notification: kIOMessageSystemWillSleep
08/08/26 03:44:23.105589 pid=91 dns_unregister_block_invoke: Unregistered DNS (syncing).
08/08/26 03:44:30.128136 pid=91 _sleep_wake_notification_callback: Power notification: kIOMessageSystemHasPoweredOn (Wake Reason - smc.sysState.Wake(0x70070000) wifibt SMC.OutboxNotEmpty wlan)
08/08/26 03:44:30.131677 pid=91 dns_register_block_invoke: Registered DNS (syncing): _apple-mobdev2._tcp,915a07ee,8e2907e4,523805af,42480515
08/08/26 03:44:30.131811 pid=91 _did_wake_for_wifi_wake_packet: Current time since boot: 1580000.
08/08/26 03:44:30.132026 pid=91 _did_wake_for_wifi_wake_packet: Failed to get matching service.
08/08/26 03:44:32.907977 pid=91 handle_get_value: usbmuxd attempting to get [ProductVersion]
08/08/26 03:44:32.917213 pid=91 _sleep_wake_notification_callback: Power notification: kIOMessageCanSystemSleep
08/08/26 03:44:32.924492 pid=91 _sleep_wake_notification_callback: Power notification: kIOMessageCanSystemSleep
08/08/26 03:44:32.985513 pid=91 handle_get_value: usbmuxd attempting to get [ProductName]
08/08/26 03:44:33.091208 pid=91 handle_start_service_with_socket: usbmuxd attempting to spawn com.apple.mobile.heartbeat service.
08/08/26 03:44:33.100805 pid=91 spawn_xpc_service: service com.apple.mobile.heartbeat started
08/08/26 03:44:33.101566 pid=91 spawn_xpc_service_block_invoke: Received checkin acknowledgement from 'com.apple.mobile.heartbeat'
08/08/26 03:44:33.101654 pid=91 spawn_xpc_service_block_invoke: XPC_ERROR_CONNECTION_INVALID com.apple.mobile.heartbeat
08/08/26 03:44:33.149365 pid=91 handle_get_value: usbmuxd attempting to get [ProductVersion]
08/08/26 03:44:33.192742 pid=91 handle_get_value: usbmuxd attempting to get [ProductName]
08/08/26 03:44:34.282875 pid=91 _sleep_wake_notification_callback: Power notification: kIOMessageCanSystemSleep
08/08/26 03:44:34.290119 pid=91 _sleep_wake_notification_callback: Power notification: kIOMessageSystemWillSleep
08/08/26 03:44:34.294548 pid=91 dns_unregister_block_invoke: Unregistered DNS (syncing).
08/08/26 03:44:36.577805 pid=91 _sleep_wake_notification_callback: Power notification: kIOMessageSystemHasPoweredOn (Wake Reason - smc.sysState.Wake(0x70070000) wifibt SMC.OutboxNotEmpty wlan)
08/08/26 03:44:36.581759 pid=91 dns_register_block_invoke: Registered DNS (syncing): _apple-mobdev2._tcp,915a07ee,8e2907e4,523805af,42480515
08/08/26 03:44:36.581901 pid=91 _did_wake_for_wifi_wake_packet: Current time since boot: 1585000.
08/08/26 03:44:36.582460 pid=91 _did_wake_for_wifi_wake_packet: Failed to get matching service.
08/08/26 03:44:38.838092 pid=91 handle_get_value: usbmuxd attempting to get [ProductVersion]
08/08/26 03:44:38.878579 pid=91 handle_get_value: usbmuxd attempting to get [ProductName]
08/08/26 03:44:38.963684 pid=91 handle_start_service_with_socket: usbmuxd attempting to spawn com.apple.mobile.heartbeat service.
08/08/26 03:44:38.973507 pid=91 spawn_xpc_service: service com.apple.mobile.heartbeat started
08/08/26 03:44:38.974292 pid=91 spawn_xpc_service_block_invoke: Received checkin acknowledgement from 'com.apple.mobile.heartbeat'
08/08/26 03:44:38.974381 pid=91 spawn_xpc_service_block_invoke: XPC_ERROR_CONNECTION_INVALID com.apple.mobile.heartbeat
08/08/26 03:44:39.024079 pid=91 handle_get_value: usbmuxd attempting to get [ProductVersion]
08/08/26 03:44:39.068419 pid=91 handle_get_value: usbmuxd attempting to get [ProductName]
08/08/26 03:44:39.367955 pid=91 _sleep_wake_notification_callback: Power notification: kIOMessageCanSystemSleep
08/08/26 03:44:39.376232 pid=91 _sleep_wake_notification_callback: Power notification: kIOMessageSystemWillSleep
08/08/26 03:44:39.380859 pid=91 dns_unregister_block_invoke: Unregistered DNS (syncing).
08/08/26 03:44:42.618947 pid=91 _sleep_wake_notification_callback: Power notification: kIOMessageSystemHasPoweredOn (Wake Reason - smc.sysState.Wake(0x70070000) wifibt SMC.OutboxNotEmpty wlan)
08/08/26 03:44:42.623361 pid=91 dns_register_block_invoke: Registered DNS (syncing): _apple-mobdev2._tcp,915a07ee,8e2907e4,523805af,42480515
08/08/26 03:44:42.623539 pid=91 _did_wake_for_wifi_wake_packet: Current time since boot: 1588000.
08/08/26 03:44:42.623661 pid=91 _did_wake_for_wifi_wake_packet: Failed to get matching service.
08/08/26 03:44:45.409992 pid=91 _sleep_wake_notification_callback: Power notification: kIOMessageCanSystemSleep
08/08/26 03:44:45.417907 pid=91 _sleep_wake_notification_callback: Power notification: kIOMessageSystemWillSleep
08/08/26 03:44:45.420481 pid=91 dns_unregister_block_invoke: Unregistered DNS (syncing).
08/08/26 03:44:47.739709 pid=91 _sleep_wake_notification_callback: Power notification: kIOMessageSystemHasPoweredOn (Wake Reason - smc.sysState.Wake(0x70070000) wifibt SMC.OutboxNotEmpty wlan)
08/08/26 03:44:47.743156 pid=91 dns_register_block_invoke: Registered DNS (syncing): _apple-mobdev2._tcp,915a07ee,8e2907e4,523805af,42480515
08/08/26 03:44:47.743236 pid=91 _did_wake_for_wifi_wake_packet: Current time since boot: 1592000.
08/08/26 03:44:47.743305 pid=91 _did_wake_for_wifi_wake_packet: Failed to get matching service.
08/08/26 03:44:48.227519 pid=91 handle_get_value: usbmuxd attempting to get [ProductVersion]
08/08/26 03:44:48.276485 pid=91 handle_get_value: usbmuxd attempting to get [ProductName]
08/08/26 03:44:48.371485 pid=91 handle_start_service_with_socket: usbmuxd attempting to spawn com.apple.mobile.heartbeat service.
08/08/26 03:44:48.373728 pid=91 spawn_xpc_service: service com.apple.mobile.heartbeat started
08/08/26 03:44:48.374189 pid=91 spawn_xpc_service_block_invoke: Received checkin acknowledgement from 'com.apple.mobile.heartbeat'
08/08/26 03:44:48.374221 pid=91 spawn_xpc_service_block_invoke: XPC_ERROR_CONNECTION_INVALID com.apple.mobile.heartbeat
08/08/26 03:44:48.429656 pid=91 handle_get_value: usbmuxd attempting to get [ProductVersion]
08/08/26 03:44:48.470920 pid=91 handle_get_value: usbmuxd attempting to get [ProductName]
08/08/26 03:44:50.541501 pid=91 handle_get_value: usbmuxd attempting to get [ProductVersion]
08/08/26 03:44:50.582314 pid=91 handle_get_value: usbmuxd attempting to get [ProductName]
08/08/26 03:44:50.671674 pid=91 handle_start_service_with_socket: usbmuxd attempting to spawn com.apple.mobile.heartbeat service.
08/08/26 03:44:50.682234 pid=91 spawn_xpc_service: service com.apple.mobile.heartbeat started
08/08/26 03:44:50.683128 pid=91 spawn_xpc_service_block_invoke: Received checkin acknowledgement from 'com.apple.mobile.heartbeat'
08/08/26 03:44:50.683232 pid=91 spawn_xpc_service_block_invoke: XPC_ERROR_CONNECTION_INVALID com.apple.mobile.heartbeat
08/08/26 03:44:50.731730 pid=91 handle_get_value: usbmuxd attempting to get [ProductVersion]
08/08/26 03:44:50.775624 pid=91 handle_get_value: usbmuxd attempting to get [ProductName]
08/08/26 03:51:23.766118 pid=91 main_block_invoke_2: com.apple.iokit.matching event: com.apple.lockdown.USB3.Device
08/08/26 03:51:23.766118 pid=91 main_block_invoke_2: com.apple.iokit.matching event: com.apple.lockdown.USB2.Device
08/08/26 03:51:24.095560 pid=91 main_block_invoke_2: com.apple.iokit.matching event: com.apple.lockdown.USB3.Device
08/08/26 03:51:24.507575 pid=91 main_block_invoke_2: com.apple.iokit.matching event: com.apple.lockdown.USB3.Device
08/08/26 03:51:24.552305 pid=91 usb_host_connected_block_invoke: non-mux connection
08/08/26 03:51:24.554494 pid=91 bump_connection_count: Connection count is now 7.
08/08/26 03:51:24.555030 pid=91 usb_host_connected_block_invoke: mux connection
08/08/26 03:51:24.555532 pid=91 bump_connection_count: Connection count is now 8.
08/08/26 03:51:24.580475 pid=91 handle_get_value: usbmuxd attempting to get [ProductVersion]
08/08/26 03:51:24.589972 pid=91 handle_get_value: usbmuxd attempting to get [ProductName]
08/08/26 03:51:24.659958 pid=91 handle_get_value: com.apple.configurator.xpc.AirTrafficService attempting to get [UniqueChipID]
08/08/26 03:51:24.666812 pid=91 handle_get_value: com.apple.configurator.xpc.DeviceService attempting to get [UniqueChipID]
08/08/26 03:51:24.669797 pid=91 handle_get_value: com.apple.configurator.xpc.DeviceService attempting to get [BoardId]
08/08/26 03:51:24.672258 pid=91 handle_get_value: com.apple.configurator.xpc.DeviceService attempting to get [ChipID]
08/08/26 03:51:24.675231 pid=91 handle_get_value: com.apple.configurator.xpc.DeviceService attempting to get [UniqueChipID]
08/08/26 03:51:24.677391 pid=91 handle_get_value: com.apple.configurator.xpc.DeviceService attempting to get [ChipID]
08/08/26 03:51:24.679806 pid=91 handle_get_value: com.apple.configurator.xpc.DeviceService attempting to get [BoardId]
08/08/26 03:51:24.680272 pid=91 handle_get_value: AssetCacheTetheratorService attempting to get [UniqueChipID]
08/08/26 03:51:24.682132 pid=91 handle_get_value: com.apple.configurator.xpc.DeviceService attempting to get [ProductVersion]
08/08/26 03:51:24.682614 pid=91 handle_get_value: AssetCacheTetheratorService attempting to get [BoardId]
08/08/26 03:51:24.684635 pid=91 handle_get_value: com.apple.configurator.xpc.DeviceService attempting to get [ProductName]
08/08/26 03:51:24.685156 pid=91 handle_get_value: AssetCacheTetheratorService attempting to get [ChipID]
08/08/26 03:51:24.687252 pid=91 handle_get_value: com.apple.configurator.xpc.DeviceService attempting to get [SecurityDomain]
08/08/26 03:51:24.688146 pid=91 handle_get_value: AssetCacheTetheratorService attempting to get [UniqueChipID]
08/08/26 03:51:24.689763 pid=91 handle_get_value: com.apple.configurator.xpc.DeviceService attempting to get [UniqueChipID]
08/08/26 03:51:24.690227 pid=91 handle_get_value: AssetCacheTetheratorService attempting to get [ChipID]
08/08/26 03:51:24.693143 pid=91 handle_get_value: AssetCacheTetheratorService attempting to get [BoardId]
08/08/26 03:51:24.693843 pid=91 handle_get_value: com.apple.configurator.xpc.DeviceService attempting to get [MobileDeviceMinimumVersion]
08/08/26 03:51:24.695831 pid=91 handle_get_value: AssetCacheTetheratorService attempting to get [ProductVersion]
08/08/26 03:51:24.695868 pid=91 handle_get_value: com.apple.configurator.xpc.DeviceService attempting to get [ProductVersion]
08/08/26 03:51:24.697997 pid=91 handle_get_value: com.apple.configurator.xpc.DeviceService attempting to get [ProductName]
08/08/26 03:51:24.698218 pid=91 handle_get_value: AssetCacheTetheratorService attempting to get [ProductName]
08/08/26 03:51:24.700907 pid=91 handle_get_value: com.apple.configurator.xpc.DeviceService attempting to get [BoardId]
08/08/26 03:51:24.701374 pid=91 handle_get_value: AssetCacheTetheratorService attempting to get [SecurityDomain]
08/08/26 03:51:24.704349 pid=91 handle_get_value: com.apple.configurator.xpc.DeviceService attempting to get [ChipID]
08/08/26 03:51:24.706176 pid=91 handle_get_value: AssetCacheTetheratorService attempting to get [UniqueChipID]
08/08/26 03:51:24.708030 pid=91 handle_get_value: com.apple.configurator.xpc.DeviceService attempting to get [BuildVersion]
08/08/26 03:51:24.708801 pid=91 handle_get_value: com.apple.configurator.xpc.DeviceService attempting to get [SupplementalBuildVersion]
08/08/26 03:51:24.709641 pid=91 handle_get_value: com.apple.configurator.xpc.DeviceService attempting to get [HumanReadableProductVersionString]
08/08/26 03:51:24.710229 pid=91 mglog: libMobileGestalt utility.c:338: Could not lookup ProductVersionExtra from dictionary
08/08/26 03:51:24.710841 pid=91 handle_get_value: com.apple.configurator.xpc.DeviceService attempting to get [ProductVersion]
08/08/26 03:51:24.711522 pid=91 handle_get_value: com.apple.configurator.xpc.DeviceService attempting to get [HardwareModel]
08/08/26 03:51:24.712023 pid=91 handle_get_value: com.apple.configurator.xpc.DeviceService attempting to get [MarketingVersion]
08/08/26 03:51:24.712059 pid=91 set_response_error: handle_get_value GetProhibited
08/08/26 03:51:24.712400 pid=91 handle_get_value: MobileDeviceUpdater attempting to get [UniqueChipID]
08/08/26 03:51:24.713226 pid=91 handle_get_value: com.apple.configurator.xpc.DeviceService attempting to get [DeviceClass]
08/08/26 03:51:24.713907 pid=91 handle_get_value: com.apple.configurator.xpc.DeviceService attempting to get [UniqueChipID]
08/08/26 03:51:24.714260 pid=91 handle_get_value: AssetCacheTetheratorService attempting to get [ProductVersion]
08/08/26 03:51:24.714643 pid=91 handle_get_value: MobileDeviceUpdater attempting to get [BoardId]
08/08/26 03:51:24.714721 pid=91 handle_get_value: com.apple.configurator.xpc.DeviceService attempting to get [ProductType]
08/08/26 03:51:24.715444 pid=91 handle_get_value: com.apple.configurator.xpc.DeviceService attempting to get [DeviceName]
08/08/26 03:51:24.716454 pid=91 handle_get_value: AssetCacheTetheratorService attempting to get [ProductName]
08/08/26 03:51:24.716858 pid=91 handle_get_value: MobileDeviceUpdater attempting to get [ChipID]
08/08/26 03:51:24.718104 pid=91 handle_get_value: com.apple.configurator.xpc.DeviceService attempting to get [HardwareModel]
08/08/26 03:51:24.719363 pid=91 handle_get_value: MobileDeviceUpdater attempting to get [UniqueChipID]
08/08/26 03:51:24.724848 pid=91 handle_get_value: MobileDeviceUpdater attempting to get [ChipID]
08/08/26 03:51:24.727183 pid=91 handle_get_value: MobileDeviceUpdater attempting to get [BoardId]
08/08/26 03:51:24.730505 pid=91 handle_get_value: MobileDeviceUpdater attempting to get [ProductVersion]
08/08/26 03:51:24.732093 pid=91 handle_get_value: MobileDeviceUpdater attempting to get [ProductName]
08/08/26 03:51:24.734276 pid=91 handle_get_value: MobileDeviceUpdater attempting to get [SecurityDomain]
08/08/26 03:51:24.736468 pid=91 handle_get_value: MobileDeviceUpdater attempting to get [UniqueChipID]
08/08/26 03:51:24.738748 pid=91 handle_get_value: MobileDeviceUpdater attempting to get [BoardId]
08/08/26 03:51:24.741050 pid=91 handle_get_value: MobileDeviceUpdater attempting to get [ChipID]
08/08/26 03:51:24.742781 pid=91 handle_get_value: MobileDeviceUpdater attempting to get [DeviceName]
08/08/26 03:51:24.745633 pid=91 handle_get_value: MobileDeviceUpdater attempting to get [ChipID]
08/08/26 03:51:24.747578 pid=91 handle_get_value: MobileDeviceUpdater attempting to get [BoardId]
08/08/26 03:51:24.749237 pid=91 handle_get_value: MobileDeviceUpdater attempting to get [ProductVersion]
08/08/26 03:51:24.750693 pid=91 handle_get_value: MobileDeviceUpdater attempting to get [ProductName]
08/08/26 03:51:24.752701 pid=91 handle_get_value: MobileDeviceUpdater attempting to get [SecurityDomain]
08/08/26 03:51:24.754733 pid=91 handle_get_value: MobileDeviceUpdater attempting to get [DeviceEnclosureColor]
08/08/26 03:51:24.762518 pid=91 handle_get_value: AssetCacheTetheratorService attempting to get [ProductVersion]
08/08/26 03:51:24.764181 pid=91 handle_get_value: AssetCacheTetheratorService attempting to get [ProductName]
08/08/26 03:51:24.765843 pid=91 handle_get_value: MobileDeviceUpdater attempting to get [MobileDeviceMinimumVersion]
08/08/26 03:51:24.767388 pid=91 handle_get_value: MobileDeviceUpdater attempting to get [ProductVersion]
08/08/26 03:51:24.769482 pid=91 handle_get_value: MobileDeviceUpdater attempting to get [ProductName]
08/08/26 03:51:24.798948 pid=91 handle_set_value: AssetCacheTetheratorService attempting to set [com.apple.AssetCacheTetherator]:[address] to [192.168.234.1] of type 7
08/08/26 03:51:24.800545 pid=91 data_ark_remove_extended_block_invoke: dirtied by removing com.apple.AssetCacheTetherator-address
08/08/26 03:51:24.800673 pid=91 data_ark_set_block_invoke: dirtied by changing com.apple.AssetCacheTetherator-address
08/08/26 03:51:24.801773 pid=91 handle_set_value: AssetCacheTetheratorService attempting to set [com.apple.AssetCacheTetherator]:[port] to [49158] of type 22
08/08/26 03:51:24.802341 pid=91 data_ark_remove_extended_block_invoke: dirtied by removing com.apple.AssetCacheTetherator-port
08/08/26 03:51:24.802398 pid=91 data_ark_set_block_invoke: dirtied by changing com.apple.AssetCacheTetherator-port
08/08/26 03:51:24.803827 pid=91 handle_set_value: AssetCacheTetheratorService attempting to set [com.apple.AssetCacheTetherator]:[capabilities] to [{
    im = 1;
    ns = 1;
    pc = 1;
    "query-parameters" = 1;
    sc = 1;
    ur = 1;
}] of type 18
08/08/26 03:51:24.804516 pid=91 data_ark_remove_extended_block_invoke: dirtied by removing com.apple.AssetCacheTetherator-capabilities
08/08/26 03:51:24.804580 pid=91 data_ark_set_block_invoke: dirtied by changing com.apple.AssetCacheTetherator-capabilities
08/08/26 03:51:24.805545 pid=91 handle_set_value: AssetCacheTetheratorService attempting to set [com.apple.AssetCacheTetherator]:[guid] to [D256FC13-F09D-42C4-BD0A-83167BEA4628] of type 7
08/08/26 03:51:24.806062 pid=91 data_ark_remove_extended_block_invoke: dirtied by removing com.apple.AssetCacheTetherator-guid
08/08/26 03:51:24.806117 pid=91 data_ark_set_block_invoke: dirtied by changing com.apple.AssetCacheTetherator-guid
08/08/26 03:51:24.809601 pid=91 data_ark_store_block_invoke: Saved.
08/08/26 03:51:24.814151 pid=91 handle_get_value: AssetCacheTetheratorService attempting to get [ProductVersion]
08/08/26 03:51:24.815620 pid=91 handle_get_value: AssetCacheTetheratorService attempting to get [ProductName]
08/08/26 03:51:24.904856 pid=91 handle_get_value: AssetCacheTetheratorService attempting to get [DeviceName]
08/08/26 03:51:24.906200 pid=91 handle_get_value: AssetCacheTetheratorService attempting to get [SerialNumber]
08/08/26 03:51:25.285356 pid=91 handle_get_value: com.apple.configurator.xpc.DeviceService attempting to get [ProductVersion]
08/08/26 03:51:25.287951 pid=91 handle_get_value: com.apple.configurator.xpc.DeviceService attempting to get [ProductName]
08/08/26 03:51:25.340435 pid=91 handle_get_value: com.apple.configurator.xpc.DeviceService attempting to get [PasswordProtected]
08/08/26 03:51:25.341282 pid=91 handle_start_service_with_socket: com.apple.configurator.xpc.DeviceService attempting to spawn com.apple.mobile.notification_proxy service.
08/08/26 03:51:25.343860 pid=91 spawn_xpc_service: service com.apple.mobile.notification_proxy started
08/08/26 03:51:25.347581 pid=91 spawn_xpc_service_block_invoke: Received checkin acknowledgement from 'com.apple.mobile.notification_proxy'
08/08/26 03:51:25.347786 pid=91 spawn_xpc_service_block_invoke: XPC_ERROR_CONNECTION_INVALID com.apple.mobile.notification_proxy
08/08/26 03:51:25.351672 pid=91 handle_get_value: com.apple.configurator.xpc.DeviceService attempting to get [ProductVersion]
08/08/26 03:51:25.353866 pid=91 handle_get_value: com.apple.configurator.xpc.DeviceService attempting to get [ProductName]
08/08/26 03:51:25.386441 pid=91 handle_get_value: com.apple.configurator.xpc.DeviceService attempting to get [ProductVersion]
08/08/26 03:51:25.388261 pid=91 handle_get_value: com.apple.configurator.xpc.DeviceService attempting to get [ProductName]
08/08/26 03:51:25.420812 pid=91 handle_get_value: com.apple.configurator.xpc.DeviceService attempting to get [HardwareModel]
08/08/26 03:51:25.421638 pid=91 handle_get_value: com.apple.configurator.xpc.DeviceService attempting to get [ProductType]
08/08/26 03:51:25.422388 pid=91 handle_get_value: com.apple.configurator.xpc.DeviceService attempting to get [ProductVersion]
08/08/26 03:51:25.423119 pid=91 handle_get_value: com.apple.configurator.xpc.DeviceService attempting to get [DeviceClass]
08/08/26 03:51:25.446740 pid=91 handle_get_value: com.apple.configurator.xpc.DeviceService attempting to get [ProductVersion]
08/08/26 03:51:25.448802 pid=91 handle_get_value: com.apple.configurator.xpc.DeviceService attempting to get [ProductName]
08/08/26 03:51:25.478613 pid=91 handle_get_value: com.apple.configurator.xpc.DeviceService attempting to get [WiFiAddress]
08/08/26 03:51:25.479214 pid=91 handle_get_value: com.apple.configurator.xpc.DeviceService attempting to get [BuildVersion]
08/08/26 03:51:25.479705 pid=91 handle_get_value: com.apple.configurator.xpc.DeviceService attempting to get [HumanReadableProductVersionString]
08/08/26 03:51:25.479780 pid=91 mglog: libMobileGestalt utility.c:338: Could not lookup ProductVersionExtra from dictionary
08/08/26 03:51:25.480171 pid=91 handle_get_value: com.apple.configurator.xpc.DeviceService attempting to get [HardwareModel]
08/08/26 03:51:25.480561 pid=91 handle_get_value: com.apple.configurator.xpc.DeviceService attempting to get [MarketingVersion]
08/08/26 03:51:25.480587 pid=91 set_response_error: handle_get_value GetProhibited
08/08/26 03:51:25.480937 pid=91 handle_get_value: com.apple.configurator.xpc.DeviceService attempting to get [ProductVersion]
08/08/26 03:51:25.481328 pid=91 handle_get_value: com.apple.configurator.xpc.DeviceService attempting to get [DeviceName]
08/08/26 03:51:25.482029 pid=91 handle_get_value: com.apple.configurator.xpc.DeviceService attempting to get [SupplementalBuildVersion]
08/08/26 03:51:25.482470 pid=91 handle_get_value: com.apple.configurator.xpc.DeviceService attempting to get [ProductType]
08/08/26 03:51:25.483068 pid=91 handle_get_value: com.apple.configurator.xpc.DeviceService attempting to get [DeviceClass]
08/08/26 03:51:25.486645 pid=91 handle_get_value: com.apple.configurator.xpc.DeviceService attempting to get [ProductVersion]
08/08/26 03:51:25.488485 pid=91 handle_get_value: com.apple.configurator.xpc.DeviceService attempting to get [ProductName]
08/08/26 03:51:25.509475 pid=91 handle_get_value: com.apple.configurator.xpc.DeviceService attempting to get [PasswordProtected]
08/08/26 03:51:25.510494 pid=91 handle_get_value: com.apple.configurator.xpc.DeviceService attempting to get [com.apple.mobile.battery]:[BatteryIsCharging]
08/08/26 03:51:25.511382 pid=91 handle_get_value: com.apple.configurator.xpc.DeviceService attempting to get [TelephonyCapability]
08/08/26 03:51:25.512174 pid=91 handle_get_value: com.apple.configurator.xpc.DeviceService attempting to get [com.apple.international]:[Locale]
08/08/26 03:51:25.576106 pid=91 handle_get_value: com.apple.configurator.xpc.DeviceService attempting to get [InternationalMobileEquipmentIdentity]
08/08/26 03:51:25.585402 pid=91 handle_get_value: com.apple.configurator.xpc.DeviceService attempting to get [com.apple.international]:[SupportedLanguages]
08/08/26 03:51:25.611822 pid=91 handle_get_value: com.apple.configurator.xpc.DeviceService attempting to get [com.apple.international]:[SupportedLocales]
08/08/26 03:51:25.636928 pid=91 handle_get_value: com.apple.configurator.xpc.DeviceService attempting to get [SerialNumber]
08/08/26 03:51:25.637703 pid=91 handle_get_value: com.apple.configurator.xpc.DeviceService attempting to get [BluetoothAddress]
08/08/26 03:51:25.638510 pid=91 handle_get_value: com.apple.configurator.xpc.DeviceService attempting to get [EthernetAddress]
08/08/26 03:51:25.639288 pid=91 handle_get_value: com.apple.configurator.xpc.DeviceService attempting to get [PhoneNumber]
08/08/26 03:51:25.643189 pid=91 handle_get_value: com.apple.configurator.xpc.DeviceService attempting to get [com.apple.mobile.backup]:[WillEncrypt]
08/08/26 03:51:25.643202 pid=91 special_case_get: key WillEncrypt
08/08/26 03:51:25.643718 pid=91 handle_get_value: com.apple.configurator.xpc.DeviceService attempting to get [DeviceColor]
08/08/26 03:51:25.644248 pid=91 handle_get_value: com.apple.configurator.xpc.DeviceService attempting to get [com.apple.mobile.battery]:[BatteryCurrentCapacity]
08/08/26 03:51:25.644835 pid=91 handle_get_value: com.apple.configurator.xpc.DeviceService attempting to get [IntegratedCircuitCardIdentity2]
08/08/26 03:51:25.645774 pid=91 handle_get_value: com.apple.configurator.xpc.DeviceService attempting to get [MultiUserLoginWindow]
08/08/26 03:51:25.646275 pid=91 handle_get_value: com.apple.configurator.xpc.DeviceService attempting to get [InternationalMobileEquipmentIdentity2]
08/08/26 03:51:25.647017 pid=91 handle_get_value: com.apple.configurator.xpc.DeviceService attempting to get [com.apple.mobile.backup]:[CloudBackupEnabled]
08/08/26 03:51:25.647024 pid=91 special_case_get: key CloudBackupEnabled
08/08/26 03:51:25.647423 pid=91 handle_get_value: com.apple.configurator.xpc.DeviceService attempting to get [com.apple.configurator]:[Tags]
08/08/26 03:51:25.647433 pid=91 set_response_error: handle_get_value MissingValue
08/08/26 03:51:25.647890 pid=91 handle_get_value: com.apple.configurator.xpc.DeviceService attempting to get [ProductionSOC]
08/08/26 03:51:25.648219 pid=91 handle_get_value: com.apple.configurator.xpc.DeviceService attempting to get [PhoneNumber2]
08/08/26 03:51:25.649083 pid=91 handle_get_value: com.apple.configurator.xpc.DeviceService attempting to get [IntegratedCircuitCardIdentity]
08/08/26 03:51:25.649785 pid=91 handle_get_value: com.apple.configurator.xpc.DeviceService attempting to get [com.apple.mobile.backup]:[RequiresEncryption]
08/08/26 03:51:25.649800 pid=91 special_case_get: key RequiresEncryption
08/08/26 03:51:25.650170 pid=91 handle_get_value: com.apple.configurator.xpc.DeviceService attempting to get [DeviceEnclosureColor]
08/08/26 03:51:25.650537 pid=91 handle_get_value: com.apple.configurator.xpc.DeviceService attempting to get [com.apple.disk_usage]:[TotalDiskCapacity]
08/08/26 03:51:25.650573 pid=91 mglog: libMobileGestalt MobileGestalt.c:4244: statfs(/mnt4): No such file or directory
08/08/26 03:51:25.651381 pid=91 handle_get_value: com.apple.configurator.xpc.DeviceService attempting to get [com.apple.international]:[Language]
08/08/26 03:51:25.676242 pid=91 handle_get_value: com.apple.configurator.xpc.DeviceService attempting to get [ActivationState]
08/08/26 03:51:25.680572 pid=91 handle_get_value: com.apple.configurator.xpc.DeviceService attempting to get [HardwareModel]
08/08/26 03:51:25.706732 pid=91 handle_get_value: com.apple.configurator.xpc.DeviceService attempting to get [ProductVersion]
08/08/26 03:51:25.708993 pid=91 handle_get_value: com.apple.configurator.xpc.DeviceService attempting to get [ProductName]
08/08/26 03:51:25.728424 pid=91 handle_get_value: com.apple.configurator.xpc.DeviceService attempting to get [ProductVersion]
08/08/26 03:51:25.730728 pid=91 handle_get_value: com.apple.configurator.xpc.DeviceService attempting to get [ProductName]
08/08/26 03:51:25.743216 pid=91 handle_get_value: com.apple.configurator.xpc.DeviceService attempting to get [ActivationState]
08/08/26 03:51:25.749194 pid=91 handle_get_value: com.apple.configurator.xpc.DeviceService attempting to get [ProductVersion]
08/08/26 03:51:25.750510 pid=91 handle_get_value: com.apple.configurator.xpc.DeviceService attempting to get [ProductName]
08/08/26 03:51:25.762960 pid=91 handle_get_value: com.apple.configurator.xpc.DeviceService attempting to get [PasswordProtected]
08/08/26 03:51:25.763463 pid=91 handle_get_value: com.apple.configurator.xpc.DeviceService attempting to get [ProductVersion]
08/08/26 03:51:25.763888 pid=91 handle_get_value: com.apple.configurator.xpc.DeviceService attempting to get [ProductType]
08/08/26 03:51:25.764317 pid=91 handle_start_service_with_socket: com.apple.configurator.xpc.DeviceService attempting to spawn com.apple.mobile.MCInstall service.
08/08/26 03:51:25.765044 pid=91 spawn_xpc_service: service com.apple.mobile.MCInstall started
08/08/26 03:51:25.767730 pid=91 handle_get_value: com.apple.configurator.xpc.DeviceService attempting to get [ProductVersion]
08/08/26 03:51:25.769065 pid=91 handle_get_value: com.apple.configurator.xpc.DeviceService attempting to get [ProductName]
08/08/26 03:51:25.789945 pid=91 spawn_xpc_service_block_invoke: Received checkin acknowledgement from 'com.apple.mobile.MCInstall'
08/08/26 03:51:25.789958 pid=91 spawn_xpc_service_block_invoke: XPC_ERROR_CONNECTION_INVALID com.apple.mobile.MCInstall
08/08/26 03:51:25.824792 pid=91 handle_get_value: com.apple.configurator.xpc.DeviceService attempting to get [ProductVersion]
08/08/26 03:51:25.826271 pid=91 handle_get_value: com.apple.configurator.xpc.DeviceService attempting to get [ProductName]
08/08/26 03:51:25.844624 pid=91 handle_get_value: com.apple.configurator.xpc.DeviceService attempting to get [ProductVersion]
08/08/26 03:51:25.846334 pid=91 handle_get_value: com.apple.configurator.xpc.DeviceService attempting to get [ProductName]
08/08/26 03:51:25.859054 pid=91 handle_get_value: com.apple.configurator.xpc.DeviceService attempting to get [ActivationState]
08/08/26 03:51:25.865347 pid=91 handle_get_value: com.apple.configurator.xpc.DeviceService attempting to get [ProductVersion]
08/08/26 03:51:25.866738 pid=91 handle_get_value: com.apple.configurator.xpc.DeviceService attempting to get [ProductName]
08/08/26 03:51:25.880230 pid=91 handle_get_value: com.apple.configurator.xpc.DeviceService attempting to get [DeviceClass]
08/08/26 03:51:25.880754 pid=91 handle_get_value: com.apple.configurator.xpc.DeviceService attempting to get [PasswordProtected]
08/08/26 03:51:25.881245 pid=91 handle_start_service_with_socket: com.apple.configurator.xpc.DeviceService attempting to spawn com.apple.springboardservices service.
08/08/26 03:51:25.883143 pid=91 spawn_xpc_service: service lockdown.47773380865.com.apple.springboardservices started
08/08/26 03:51:25.886438 pid=91 handle_get_value: com.apple.configurator.xpc.DeviceService attempting to get [ProductVersion]
08/08/26 03:51:25.888282 pid=91 handle_get_value: com.apple.configurator.xpc.DeviceService attempting to get [ProductName]
08/08/26 03:51:25.895960 pid=91 spawn_xpc_service_block_invoke: Received checkin acknowledgement from 'lockdown.47773380865.com.apple.springboardservices'
08/08/26 03:51:25.896036 pid=91 spawn_xpc_service_block_invoke: XPC_ERROR_CONNECTION_INVALID lockdown.47773380865.com.apple.springboardservices
08/08/26 03:51:26.831363 pid=91 handle_get_value: com.apple.configurator.xpc.DeviceService attempting to get [ProductVersion]
08/08/26 03:51:26.833562 pid=91 handle_get_value: com.apple.configurator.xpc.DeviceService attempting to get [ProductName]
08/08/26 03:51:26.874328 pid=91 handle_get_value: com.apple.configurator.xpc.DeviceService attempting to get [ProductVersion]
08/08/26 03:51:26.876510 pid=91 handle_get_value: com.apple.configurator.xpc.DeviceService attempting to get [ProductName]
08/08/26 03:51:26.901475 pid=91 handle_get_value: com.apple.configurator.xpc.DeviceService attempting to get [ActivationState]
08/08/26 03:51:26.909892 pid=91 handle_get_value: com.apple.configurator.xpc.DeviceService attempting to get [ProductVersion]
08/08/26 03:51:26.911879 pid=91 handle_get_value: com.apple.configurator.xpc.DeviceService attempting to get [ProductName]
08/08/26 03:51:26.938014 pid=91 handle_get_value: com.apple.configurator.xpc.DeviceService attempting to get [PasswordProtected]
08/08/26 03:51:26.938989 pid=91 handle_start_service_with_socket: com.apple.configurator.xpc.DeviceService attempting to spawn com.apple.mobile.installation_proxy service.
08/08/26 03:51:26.940834 pid=91 spawn_xpc_service: service com.apple.mobile.installation_proxy started
08/08/26 03:51:26.944091 pid=91 spawn_xpc_service_block_invoke: Received checkin acknowledgement from 'com.apple.mobile.installation_proxy'
08/08/26 03:51:26.944145 pid=91 spawn_xpc_service_block_invoke: XPC_ERROR_CONNECTION_INVALID com.apple.mobile.installation_proxy
08/08/26 03:51:26.948304 pid=91 handle_get_value: com.apple.configurator.xpc.DeviceService attempting to get [ProductVersion]
08/08/26 03:51:26.949864 pid=91 handle_get_value: com.apple.configurator.xpc.DeviceService attempting to get [ProductName]
08/08/26 03:51:26.973213 pid=91 handle_start_service_with_socket: com.apple.configurator.xpc.DeviceService attempting to spawn com.apple.mobile.installation_proxy service.
08/08/26 03:51:26.974034 pid=91 spawn_xpc_service: service com.apple.mobile.installation_proxy started
08/08/26 03:51:26.974246 pid=91 spawn_xpc_service_block_invoke: Received checkin acknowledgement from 'com.apple.mobile.installation_proxy'
08/08/26 03:51:26.974270 pid=91 spawn_xpc_service_block_invoke: XPC_ERROR_CONNECTION_INVALID com.apple.mobile.installation_proxy
08/08/26 03:51:27.048865 pid=91 handle_start_service_with_socket: com.apple.configurator.xpc.DeviceService attempting to spawn com.apple.mobile.installation_proxy service.
08/08/26 03:51:27.049210 pid=91 spawn_xpc_service: service com.apple.mobile.installation_proxy started
08/08/26 03:51:27.049318 pid=91 spawn_xpc_service_block_invoke: Received checkin acknowledgement from 'com.apple.mobile.installation_proxy'
08/08/26 03:51:27.049331 pid=91 spawn_xpc_service_block_invoke: XPC_ERROR_CONNECTION_INVALID com.apple.mobile.installation_proxy
08/08/26 03:51:27.076922 pid=91 handle_get_value: com.apple.configurator.xpc.DeviceService attempting to get [ProductVersion]
08/08/26 03:51:27.079006 pid=91 handle_get_value: com.apple.configurator.xpc.DeviceService attempting to get [ProductName]
08/08/26 03:51:27.098304 pid=91 handle_get_value: com.apple.configurator.xpc.DeviceService attempting to get [DeviceClass]
08/08/26 03:51:27.098873 pid=91 handle_get_value: com.apple.configurator.xpc.DeviceService attempting to get [PasswordProtected]
08/08/26 03:51:27.099478 pid=91 handle_start_service_with_socket: com.apple.configurator.xpc.DeviceService attempting to spawn com.apple.springboardservices service.
08/08/26 03:51:27.100437 pid=91 spawn_xpc_service: service lockdown.47802616986.com.apple.springboardservices started
08/08/26 03:51:27.103579 pid=91 handle_get_value: com.apple.configurator.xpc.DeviceService attempting to get [ProductVersion]
08/08/26 03:51:27.104997 pid=91 handle_get_value: com.apple.configurator.xpc.DeviceService attempting to get [ProductName]
08/08/26 03:51:27.115671 pid=91 spawn_xpc_service_block_invoke: Received checkin acknowledgement from 'lockdown.47802616986.com.apple.springboardservices'
08/08/26 03:51:27.115763 pid=91 spawn_xpc_service_block_invoke: XPC_ERROR_CONNECTION_INVALID lockdown.47802616986.com.apple.springboardservices
08/08/26 03:51:27.808841 pid=91 handle_get_value: com.apple.configurator.xpc.DeviceService attempting to get [ProductVersion]
08/08/26 03:51:27.810612 pid=91 handle_get_value: com.apple.configurator.xpc.DeviceService attempting to get [ProductName]
08/08/26 03:51:27.846109 pid=91 handle_start_service_with_socket: com.apple.configurator.xpc.DeviceService attempting to spawn com.apple.mobile.installation_proxy service.
08/08/26 03:51:27.847453 pid=91 spawn_xpc_service: service com.apple.mobile.installation_proxy started
08/08/26 03:51:27.848126 pid=91 spawn_xpc_service_block_invoke: Received checkin acknowledgement from 'com.apple.mobile.installation_proxy'
08/08/26 03:51:27.848159 pid=91 spawn_xpc_service_block_invoke: XPC_ERROR_CONNECTION_INVALID com.apple.mobile.installation_proxy
08/08/26 03:51:27.936256 pid=91 handle_start_service_with_socket: com.apple.configurator.xpc.DeviceService attempting to spawn com.apple.mobile.installation_proxy service.
08/08/26 03:51:27.936893 pid=91 spawn_xpc_service: service com.apple.mobile.installation_proxy started
08/08/26 03:51:27.937031 pid=91 spawn_xpc_service_block_invoke: Received checkin acknowledgement from 'com.apple.mobile.installation_proxy'
08/08/26 03:51:27.937048 pid=91 spawn_xpc_service_block_invoke: XPC_ERROR_CONNECTION_INVALID com.apple.mobile.installation_proxy
08/08/26 03:51:27.994039 pid=91 handle_get_value: com.apple.configurator.xpc.DeviceService attempting to get [ProductVersion]
08/08/26 03:51:27.996304 pid=91 handle_get_value: com.apple.configurator.xpc.DeviceService attempting to get [ProductName]
08/08/26 03:51:28.013531 pid=91 handle_get_value: com.apple.configurator.xpc.DeviceService attempting to get [DeviceClass]
08/08/26 03:51:28.014038 pid=91 handle_get_value: com.apple.configurator.xpc.DeviceService attempting to get [PasswordProtected]
08/08/26 03:51:28.014492 pid=91 handle_start_service_with_socket: com.apple.configurator.xpc.DeviceService attempting to spawn com.apple.springboardservices service.
08/08/26 03:51:28.015765 pid=91 spawn_xpc_service: service lockdown.47824583000.com.apple.springboardservices started
08/08/26 03:51:28.019222 pid=91 handle_get_value: com.apple.configurator.xpc.DeviceService attempting to get [ProductVersion]
08/08/26 03:51:28.020905 pid=91 handle_get_value: com.apple.configurator.xpc.DeviceService attempting to get [ProductName]
08/08/26 03:51:28.034945 pid=91 spawn_xpc_service_block_invoke: Received checkin acknowledgement from 'lockdown.47824583000.com.apple.springboardservices'
08/08/26 03:51:28.035006 pid=91 spawn_xpc_service_block_invoke: XPC_ERROR_CONNECTION_INVALID lockdown.47824583000.com.apple.springboardservices
08/08/26 03:51:30.814557 pid=91 handle_get_value: com.apple.configurator.xpc.DeviceService attempting to get [ProductVersion]
08/08/26 03:51:30.816080 pid=91 handle_get_value: com.apple.configurator.xpc.DeviceService attempting to get [ProductName]
08/08/26 03:51:30.848174 pid=91 handle_get_value: com.apple.configurator.xpc.DeviceService attempting to get [ProductVersion]
08/08/26 03:51:30.850001 pid=91 handle_get_value: com.apple.configurator.xpc.DeviceService attempting to get [ProductName]
08/08/26 03:51:30.874108 pid=91 handle_get_value: com.apple.configurator.xpc.DeviceService attempting to get [ActivationState]
08/08/26 03:51:30.881749 pid=91 handle_get_value: com.apple.configurator.xpc.DeviceService attempting to get [ProductVersion]
08/08/26 03:51:30.883140 pid=91 handle_get_value: com.apple.configurator.xpc.DeviceService attempting to get [ProductName]
08/08/26 03:51:30.904197 pid=91 handle_get_value: com.apple.configurator.xpc.DeviceService attempting to get [PasswordProtected]
08/08/26 03:51:30.905162 pid=91 handle_start_service_with_socket: com.apple.configurator.xpc.DeviceService attempting to spawn com.apple.misagent service.
08/08/26 03:51:30.908202 pid=91 spawn_xpc_service: service com.apple.misagent started
08/08/26 03:51:30.910805 pid=91 spawn_xpc_service_block_invoke: Received checkin acknowledgement from 'com.apple.misagent'
08/08/26 03:51:30.910850 pid=91 spawn_xpc_service_block_invoke: XPC_ERROR_CONNECTION_INVALID com.apple.misagent
08/08/26 03:51:30.912734 pid=91 handle_get_value: com.apple.configurator.xpc.DeviceService attempting to get [ProductVersion]
08/08/26 03:51:30.914507 pid=91 handle_get_value: com.apple.configurator.xpc.DeviceService attempting to get [ProductName]
08/08/26 03:51:30.955688 pid=91 handle_get_value: com.apple.configurator.xpc.DeviceService attempting to get [ProductVersion]
08/08/26 03:51:30.957603 pid=91 handle_get_value: com.apple.configurator.xpc.DeviceService attempting to get [ProductName]
08/08/26 03:51:30.978075 pid=91 handle_start_service_with_socket: com.apple.configurator.xpc.DeviceService attempting to spawn com.apple.misagent service.
08/08/26 03:51:30.979711 pid=91 spawn_xpc_service: service com.apple.misagent started
08/08/26 03:51:30.979920 pid=91 spawn_xpc_service_block_invoke: Received checkin acknowledgement from 'com.apple.misagent'
08/08/26 03:51:30.979943 pid=91 spawn_xpc_service_block_invoke: XPC_ERROR_CONNECTION_INVALID com.apple.misagent
08/08/26 03:51:30.982746 pid=91 handle_get_value: com.apple.configurator.xpc.DeviceService attempting to get [ProductVersion]
08/08/26 03:51:30.984023 pid=91 handle_get_value: com.apple.configurator.xpc.DeviceService attempting to get [ProductName]
08/08/26 03:51:32.491226 pid=91 handle_get_value: com.apple.configurator.xpc.AirTrafficService attempting to get [ProductVersion]
08/08/26 03:51:32.493225 pid=91 handle_get_value: com.apple.configurator.xpc.AirTrafficService attempting to get [ProductName]
08/08/26 03:51:32.520342 pid=91 handle_get_value: com.apple.configurator.xpc.AirTrafficService attempting to get [ProductVersion]
08/08/26 03:51:32.522275 pid=91 handle_get_value: com.apple.configurator.xpc.AirTrafficService attempting to get [ProductName]
08/08/26 03:51:32.542899 pid=91 handle_start_service_with_socket: com.apple.configurator.xpc.AirTrafficService attempting to spawn com.apple.atc service.
08/08/26 03:51:32.545983 pid=91 spawn_xpc_service: service com.apple.atc started
08/08/26 03:51:32.549133 pid=91 handle_get_value: com.apple.configurator.xpc.AirTrafficService attempting to get [ProductVersion]
08/08/26 03:51:32.550768 pid=91 handle_get_value: com.apple.configurator.xpc.AirTrafficService attempting to get [ProductName]
08/08/26 03:51:32.552783 pid=91 spawn_xpc_service_block_invoke: Received checkin acknowledgement from 'com.apple.atc'
08/08/26 03:51:32.552844 pid=91 spawn_xpc_service_block_invoke: XPC_ERROR_CONNECTION_INVALID com.apple.atc
08/08/26 03:51:32.579047 pid=91 handle_get_value: com.apple.configurator.xpc.AirTrafficService attempting to get [ProductVersion]
08/08/26 03:51:32.580475 pid=91 handle_get_value: com.apple.configurator.xpc.AirTrafficService attempting to get [ProductName]
08/08/26 03:51:32.598569 pid=91 handle_get_value: com.apple.configurator.xpc.AirTrafficService attempting to get [ProductVersion]
08/08/26 03:51:32.599916 pid=91 handle_get_value: com.apple.configurator.xpc.AirTrafficService attempting to get [ProductName]
08/08/26 03:51:32.611934 pid=91 handle_start_service_with_socket: com.apple.configurator.xpc.AirTrafficService attempting to spawn com.apple.mobile.notification_proxy service.
08/08/26 03:51:32.612756 pid=91 spawn_xpc_service: service com.apple.mobile.notification_proxy started
08/08/26 03:51:32.613053 pid=91 spawn_xpc_service_block_invoke: Received checkin acknowledgement from 'com.apple.mobile.notification_proxy'
08/08/26 03:51:32.613071 pid=91 spawn_xpc_service_block_invoke: XPC_ERROR_CONNECTION_INVALID com.apple.mobile.notification_proxy
08/08/26 03:51:32.615050 pid=91 handle_get_value: com.apple.configurator.xpc.AirTrafficService attempting to get [ProductVersion]
08/08/26 03:51:32.616043 pid=91 handle_get_value: com.apple.configurator.xpc.AirTrafficService attempting to get [ProductName]
08/08/26 03:51:39.823377 pid=91 handle_get_value: com.apple.configurator.xpc.DeviceService attempting to get [ProductVersion]
08/08/26 03:51:39.825970 pid=91 handle_get_value: com.apple.configurator.xpc.DeviceService attempting to get [ProductName]
08/08/26 03:51:39.846808 pid=91 handle_get_value: com.apple.configurator.xpc.DeviceService attempting to get [ProductVersion]
08/08/26 03:51:39.848357 pid=91 handle_get_value: com.apple.configurator.xpc.DeviceService attempting to get [ProductName]
08/08/26 03:51:39.864987 pid=91 handle_get_value: com.apple.configurator.xpc.DeviceService attempting to get [PasswordProtected]
08/08/26 03:51:39.865766 pid=91 handle_start_service_with_socket: com.apple.configurator.xpc.DeviceService attempting to spawn com.apple.syslog_relay service.
08/08/26 03:51:39.866784 pid=91 spawn_xpc_service: service com.apple.syslog_relay started
08/08/26 03:51:39.870075 pid=91 handle_get_value: com.apple.configurator.xpc.DeviceService attempting to get [ProductVersion]
08/08/26 03:51:39.871755 pid=91 handle_get_value: com.apple.configurator.xpc.DeviceService attempting to get [ProductName]
08/08/26 03:51:39.890073 pid=91 spawn_xpc_service_block_invoke: Received checkin acknowledgement from 'com.apple.syslog_relay'
08/08/26 03:51:39.890095 pid=91 spawn_xpc_service_block_invoke: XPC_ERROR_CONNECTION_INVALID com.apple.syslog_relay
08/08/26 03:51:52.770284 pid=91 handle_get_value: AssetCacheTetheratorService attempting to get [ProductVersion]
08/08/26 03:51:52.773855 pid=91 handle_get_value: AssetCacheTetheratorService attempting to get [ProductName]
08/08/26 03:51:52.850333 pid=91 handle_get_value: AssetCacheTetheratorService attempting to get [DeviceClass]
08/08/26 03:51:52.852644 pid=91 handle_start_service_with_socket: AssetCacheTetheratorService attempting to spawn com.apple.mobile.MCInstall service.
08/08/26 03:51:52.855117 pid=91 unlock_with_escrow: Starting service with bag=9498d47e64cfd82cb3ffb332cccb89f4c6b82076, 1304
08/08/26 03:51:52.901594 pid=91 spawn_xpc_service: service com.apple.mobile.MCInstall started
08/08/26 03:51:52.906298 pid=91 handle_get_value: AssetCacheTetheratorService attempting to get [ProductVersion]
08/08/26 03:51:52.908356 pid=91 handle_get_value: AssetCacheTetheratorService attempting to get [ProductName]
08/08/26 03:51:52.908459 pid=91 spawn_xpc_service_block_invoke: Received checkin acknowledgement from 'com.apple.mobile.MCInstall'
08/08/26 03:51:52.908501 pid=91 spawn_xpc_service_block_invoke: XPC_ERROR_CONNECTION_INVALID com.apple.mobile.MCInstall
08/08/26 03:51:53.824680 pid=91 handle_get_value: com.apple.configurator.xpc.DeviceService attempting to get [ProductVersion]
08/08/26 03:51:53.826647 pid=91 handle_get_value: com.apple.configurator.xpc.DeviceService attempting to get [ProductName]
08/08/26 03:51:53.865193 pid=91 handle_get_value: com.apple.configurator.xpc.DeviceService attempting to get [ProductVersion]
08/08/26 03:51:53.866761 pid=91 handle_get_value: com.apple.configurator.xpc.DeviceService attempting to get [ProductName]
08/08/26 03:51:53.890449 pid=91 handle_get_value: com.apple.configurator.xpc.DeviceService attempting to get [PasswordProtected]
08/08/26 03:52:15.929202 pid=91 handle_get_value: com.apple.configurator.xpc.DeviceService attempting to get [ProductType]
08/08/26 03:52:15.931015 pid=91 handle_get_value: com.apple.configurator.xpc.DeviceService attempting to get [DeviceName]
08/08/26 03:52:15.933221 pid=91 handle_get_value: com.apple.configurator.xpc.DeviceService attempting to get [DeviceClass]
08/08/26 03:52:15.934195 pid=91 handle_get_value: com.apple.configurator.xpc.DeviceService attempting to get [HardwareModel]
08/08/26 03:52:15.944416 pid=91 handle_get_value: com.apple.configurator.xpc.DeviceService attempting to get [ProductVersion]
08/08/26 03:52:15.947682 pid=91 handle_get_value: com.apple.configurator.xpc.DeviceService attempting to get [ProductName]
08/08/26 03:52:15.987280 pid=91 handle_get_value: com.apple.configurator.xpc.DeviceService attempting to get [MarketingVersion]
08/08/26 03:52:15.987378 pid=91 set_response_error: handle_get_value GetProhibited
08/08/26 03:52:15.987973 pid=91 handle_get_value: com.apple.configurator.xpc.DeviceService attempting to get [BuildVersion]
08/08/26 03:52:15.988539 pid=91 handle_get_value: com.apple.configurator.xpc.DeviceService attempting to get [DeviceClass]
08/08/26 03:52:15.988968 pid=91 handle_get_value: com.apple.configurator.xpc.DeviceService attempting to get [ProductVersion]
08/08/26 03:52:15.989454 pid=91 handle_get_value: com.apple.configurator.xpc.DeviceService attempting to get [HardwareModel]
08/08/26 03:52:15.990008 pid=91 handle_get_value: com.apple.configurator.xpc.DeviceService attempting to get [ProductType]
08/08/26 03:52:15.993322 pid=91 handle_get_value: com.apple.configurator.xpc.DeviceService attempting to get [ProductVersion]
08/08/26 03:52:15.994962 pid=91 handle_get_value: com.apple.configurator.xpc.DeviceService attempting to get [ProductName]
08/08/26 03:52:16.025180 pid=91 handle_get_value: com.apple.configurator.xpc.DeviceService attempting to get [ProductType]
08/08/26 03:52:16.034073 pid=91 handle_get_value: com.apple.configurator.xpc.DeviceService attempting to get [ProductVersion]
08/08/26 03:52:16.036361 pid=91 handle_get_value: com.apple.configurator.xpc.DeviceService attempting to get [ProductName]
08/08/26 03:52:16.074079 pid=91 handle_get_value: com.apple.configurator.xpc.DeviceService attempting to get [ProductVersion]
08/08/26 03:52:16.075858 pid=91 handle_get_value: com.apple.configurator.xpc.DeviceService attempting to get [ProductName]
08/08/26 03:52:16.110274 pid=91 handle_get_value: com.apple.configurator.xpc.DeviceService attempting to get [ProductVersion]
08/08/26 03:52:16.111869 pid=91 handle_get_value: com.apple.configurator.xpc.DeviceService attempting to get [ProductName]
08/08/26 03:52:16.139636 pid=91 handle_get_value: com.apple.configurator.xpc.DeviceService attempting to get [ActivationState]
08/08/26 03:52:16.146691 pid=91 handle_get_value: com.apple.configurator.xpc.DeviceService attempting to get [ProductVersion]
08/08/26 03:52:16.148633 pid=91 handle_get_value: com.apple.configurator.xpc.DeviceService attempting to get [ProductName]
08/08/26 03:52:16.175810 pid=91 handle_get_value: com.apple.configurator.xpc.DeviceService attempting to get [PasswordProtected]
08/08/26 03:52:16.176668 pid=91 handle_start_service_with_socket: com.apple.configurator.xpc.DeviceService attempting to spawn com.apple.mobile.installation_proxy service.
08/08/26 03:52:16.178255 pid=91 spawn_xpc_service: service com.apple.mobile.installation_proxy started
08/08/26 03:52:16.180280 pid=91 spawn_xpc_service_block_invoke: Received checkin acknowledgement from 'com.apple.mobile.installation_proxy'
08/08/26 03:52:16.180886 pid=91 spawn_xpc_service_block_invoke: XPC_ERROR_CONNECTION_INVALID com.apple.mobile.installation_proxy
08/08/26 03:52:16.185410 pid=91 handle_get_value: com.apple.configurator.xpc.DeviceService attempting to get [ProductVersion]
08/08/26 03:52:16.187030 pid=91 handle_get_value: com.apple.configurator.xpc.DeviceService attempting to get [ProductName]
08/08/26 03:52:16.212085 pid=91 handle_start_service_with_socket: com.apple.configurator.xpc.DeviceService attempting to spawn com.apple.mobile.installation_proxy service.
08/08/26 03:52:16.213296 pid=91 spawn_xpc_service: service com.apple.mobile.installation_proxy started
08/08/26 03:52:16.213734 pid=91 spawn_xpc_service_block_invoke: Received checkin acknowledgement from 'com.apple.mobile.installation_proxy'
08/08/26 03:52:16.213786 pid=91 spawn_xpc_service_block_invoke: XPC_ERROR_CONNECTION_INVALID com.apple.mobile.installation_proxy
08/08/26 03:52:16.278920 pid=91 handle_start_service_with_socket: com.apple.configurator.xpc.DeviceService attempting to spawn com.apple.mobile.installation_proxy service.
08/08/26 03:52:16.279365 pid=91 spawn_xpc_service: service com.apple.mobile.installation_proxy started
08/08/26 03:52:16.279480 pid=91 spawn_xpc_service_block_invoke: Received checkin acknowledgement from 'com.apple.mobile.installation_proxy'
08/08/26 03:52:16.279502 pid=91 spawn_xpc_service_block_invoke: XPC_ERROR_CONNECTION_INVALID com.apple.mobile.installation_proxy
08/08/26 03:52:16.307729 pid=91 handle_get_value: com.apple.configurator.xpc.DeviceService attempting to get [ProductVersion]
08/08/26 03:52:16.309342 pid=91 handle_get_value: com.apple.configurator.xpc.DeviceService attempting to get [ProductName]
08/08/26 03:52:16.328105 pid=91 handle_get_value: com.apple.configurator.xpc.DeviceService attempting to get [DeviceClass]
08/08/26 03:52:16.328838 pid=91 handle_get_value: com.apple.configurator.xpc.DeviceService attempting to get [PasswordProtected]
08/08/26 03:52:16.329611 pid=91 handle_start_service_with_socket: com.apple.configurator.xpc.DeviceService attempting to spawn com.apple.springboardservices service.
08/08/26 03:52:16.331253 pid=91 spawn_xpc_service: service lockdown.48984141220.com.apple.springboardservices started
08/08/26 03:52:16.334399 pid=91 handle_get_value: com.apple.configurator.xpc.DeviceService attempting to get [ProductVersion]
08/08/26 03:52:16.336095 pid=91 handle_get_value: com.apple.configurator.xpc.DeviceService attempting to get [ProductName]
08/08/26 03:52:16.353201 pid=91 spawn_xpc_service_block_invoke: Received checkin acknowledgement from 'lockdown.48984141220.com.apple.springboardservices'
08/08/26 03:52:16.353273 pid=91 spawn_xpc_service_block_invoke: XPC_ERROR_CONNECTION_INVALID lockdown.48984141220.com.apple.springboardservices
08/08/26 03:52:17.023545 pid=91 handle_get_value: com.apple.configurator.xpc.DeviceService attempting to get [ProductVersion]
08/08/26 03:52:17.025584 pid=91 handle_get_value: com.apple.configurator.xpc.DeviceService attempting to get [ProductName]
08/08/26 03:52:17.061300 pid=91 handle_start_service_with_socket: com.apple.configurator.xpc.DeviceService attempting to spawn com.apple.mobile.installation_proxy service.
08/08/26 03:52:17.062665 pid=91 spawn_xpc_service: service com.apple.mobile.installation_proxy started
08/08/26 03:52:17.063122 pid=91 spawn_xpc_service_block_invoke: Received checkin acknowledgement from 'com.apple.mobile.installation_proxy'
08/08/26 03:52:17.063171 pid=91 spawn_xpc_service_block_invoke: XPC_ERROR_CONNECTION_INVALID com.apple.mobile.installation_proxy
08/08/26 03:52:17.155661 pid=91 handle_start_service_with_socket: com.apple.configurator.xpc.DeviceService attempting to spawn com.apple.mobile.installation_proxy service.
08/08/26 03:52:17.156049 pid=91 spawn_xpc_service: service com.apple.mobile.installation_proxy started
08/08/26 03:52:17.156174 pid=91 spawn_xpc_service_block_invoke: Received checkin acknowledgement from 'com.apple.mobile.installation_proxy'
08/08/26 03:52:17.156194 pid=91 spawn_xpc_service_block_invoke: XPC_ERROR_CONNECTION_INVALID com.apple.mobile.installation_proxy
08/08/26 03:52:17.205920 pid=91 handle_get_value: com.apple.configurator.xpc.DeviceService attempting to get [ProductVersion]
08/08/26 03:52:17.208087 pid=91 handle_get_value: com.apple.configurator.xpc.DeviceService attempting to get [ProductName]
08/08/26 03:52:17.222004 pid=91 handle_get_value: com.apple.configurator.xpc.DeviceService attempting to get [DeviceClass]
08/08/26 03:52:17.222757 pid=91 handle_get_value: com.apple.configurator.xpc.DeviceService attempting to get [PasswordProtected]
08/08/26 03:52:17.223425 pid=91 handle_start_service_with_socket: com.apple.configurator.xpc.DeviceService attempting to spawn com.apple.springboardservices service.
08/08/26 03:52:17.224389 pid=91 spawn_xpc_service: service lockdown.49005593313.com.apple.springboardservices started
08/08/26 03:52:17.228716 pid=91 handle_get_value: com.apple.configurator.xpc.DeviceService attempting to get [ProductVersion]
08/08/26 03:52:17.231211 pid=91 handle_get_value: com.apple.configurator.xpc.DeviceService attempting to get [ProductName]
08/08/26 03:52:17.245071 pid=91 spawn_xpc_service_block_invoke: Received checkin acknowledgement from 'lockdown.49005593313.com.apple.springboardservices'
08/08/26 03:52:17.245162 pid=91 spawn_xpc_service_block_invoke: XPC_ERROR_CONNECTION_INVALID lockdown.49005593313.com.apple.springboardservices
08/08/26 03:52:20.691869 pid=91 handle_get_value: com.apple.configurator.xpc.DeviceService attempting to get [ProductVersion]
08/08/26 03:52:20.694890 pid=91 handle_get_value: com.apple.configurator.xpc.DeviceService attempting to get [ProductName]
08/08/26 03:52:20.730970 pid=91 handle_get_value: com.apple.configurator.xpc.DeviceService attempting to get [HardwareModel]
08/08/26 03:52:20.732018 pid=91 handle_get_value: com.apple.configurator.xpc.DeviceService attempting to get [ProductType]
08/08/26 03:52:20.733135 pid=91 handle_get_value: com.apple.configurator.xpc.DeviceService attempting to get [ProductVersion]
08/08/26 03:52:20.734197 pid=91 handle_get_value: com.apple.configurator.xpc.DeviceService attempting to get [DeviceClass]
08/08/26 03:52:20.742802 pid=91 handle_get_value: com.apple.configurator.xpc.DeviceService attempting to get [ProductVersion]
08/08/26 03:52:20.744801 pid=91 handle_get_value: com.apple.configurator.xpc.DeviceService attempting to get [ProductName]
08/08/26 03:52:20.776976 pid=91 handle_get_value: com.apple.configurator.xpc.DeviceService attempting to get [WiFiAddress]
08/08/26 03:52:20.777761 pid=91 handle_get_value: com.apple.configurator.xpc.DeviceService attempting to get [BuildVersion]
08/08/26 03:52:20.778489 pid=91 handle_get_value: com.apple.configurator.xpc.DeviceService attempting to get [HumanReadableProductVersionString]
08/08/26 03:52:20.778560 pid=91 mglog: libMobileGestalt utility.c:338: Could not lookup ProductVersionExtra from dictionary
08/08/26 03:52:20.779195 pid=91 handle_get_value: com.apple.configurator.xpc.DeviceService attempting to get [HardwareModel]
08/08/26 03:52:20.779944 pid=91 handle_get_value: com.apple.configurator.xpc.DeviceService attempting to get [MarketingVersion]
08/08/26 03:52:20.779969 pid=91 set_response_error: handle_get_value GetProhibited
08/08/26 03:52:20.780458 pid=91 handle_get_value: com.apple.configurator.xpc.DeviceService attempting to get [ProductVersion]
08/08/26 03:52:20.780997 pid=91 handle_get_value: com.apple.configurator.xpc.DeviceService attempting to get [DeviceName]
08/08/26 03:52:20.781732 pid=91 handle_get_value: com.apple.configurator.xpc.DeviceService attempting to get [SupplementalBuildVersion]
08/08/26 03:52:20.782445 pid=91 handle_get_value: com.apple.configurator.xpc.DeviceService attempting to get [ProductType]
08/08/26 03:52:20.783230 pid=91 handle_get_value: com.apple.configurator.xpc.DeviceService attempting to get [DeviceClass]
08/08/26 03:52:20.787308 pid=91 handle_get_value: com.apple.configurator.xpc.DeviceService attempting to get [ProductVersion]
08/08/26 03:52:20.789217 pid=91 handle_get_value: com.apple.configurator.xpc.DeviceService attempting to get [ProductName]
08/08/26 03:52:20.808869 pid=91 handle_get_value: com.apple.configurator.xpc.DeviceService attempting to get [PasswordProtected]
08/08/26 03:52:20.809688 pid=91 handle_get_value: com.apple.configurator.xpc.DeviceService attempting to get [com.apple.mobile.battery]:[BatteryIsCharging]
08/08/26 03:52:20.810439 pid=91 handle_get_value: com.apple.configurator.xpc.DeviceService attempting to get [TelephonyCapability]
08/08/26 03:52:20.811186 pid=91 handle_get_value: com.apple.configurator.xpc.DeviceService attempting to get [com.apple.international]:[Locale]
08/08/26 03:52:20.856588 pid=91 handle_get_value: com.apple.configurator.xpc.DeviceService attempting to get [InternationalMobileEquipmentIdentity]
08/08/26 03:52:20.857388 pid=91 handle_get_value: com.apple.configurator.xpc.DeviceService attempting to get [com.apple.international]:[SupportedLanguages]
08/08/26 03:52:20.886196 pid=91 handle_get_value: com.apple.configurator.xpc.DeviceService attempting to get [com.apple.international]:[SupportedLocales]
08/08/26 03:52:20.911308 pid=91 handle_get_value: com.apple.configurator.xpc.DeviceService attempting to get [SerialNumber]
08/08/26 03:52:20.912238 pid=91 handle_get_value: com.apple.configurator.xpc.DeviceService attempting to get [BluetoothAddress]
08/08/26 03:52:20.913255 pid=91 handle_get_value: com.apple.configurator.xpc.DeviceService attempting to get [EthernetAddress]
08/08/26 03:52:20.914194 pid=91 handle_get_value: com.apple.configurator.xpc.DeviceService attempting to get [PhoneNumber]
08/08/26 03:52:20.918550 pid=91 handle_get_value: com.apple.configurator.xpc.DeviceService attempting to get [com.apple.mobile.backup]:[WillEncrypt]
08/08/26 03:52:20.918563 pid=91 special_case_get: key WillEncrypt
08/08/26 03:52:20.919430 pid=91 handle_get_value: com.apple.configurator.xpc.DeviceService attempting to get [DeviceColor]
08/08/26 03:52:20.920182 pid=91 handle_get_value: com.apple.configurator.xpc.DeviceService attempting to get [com.apple.mobile.battery]:[BatteryCurrentCapacity]
08/08/26 03:52:20.920859 pid=91 handle_get_value: com.apple.configurator.xpc.DeviceService attempting to get [IntegratedCircuitCardIdentity2]
08/08/26 03:52:20.922839 pid=91 handle_get_value: com.apple.configurator.xpc.DeviceService attempting to get [MultiUserLoginWindow]
08/08/26 03:52:20.923539 pid=91 handle_get_value: com.apple.configurator.xpc.DeviceService attempting to get [InternationalMobileEquipmentIdentity2]
08/08/26 03:52:20.924258 pid=91 handle_get_value: com.apple.configurator.xpc.DeviceService attempting to get [com.apple.mobile.backup]:[CloudBackupEnabled]
08/08/26 03:52:20.924268 pid=91 special_case_get: key CloudBackupEnabled
08/08/26 03:52:20.924912 pid=91 handle_get_value: com.apple.configurator.xpc.DeviceService attempting to get [com.apple.configurator]:[Tags]
08/08/26 03:52:20.924923 pid=91 set_response_error: handle_get_value MissingValue
08/08/26 03:52:20.925626 pid=91 handle_get_value: com.apple.configurator.xpc.DeviceService attempting to get [ProductionSOC]
08/08/26 03:52:20.926369 pid=91 handle_get_value: com.apple.configurator.xpc.DeviceService attempting to get [PhoneNumber2]
08/08/26 03:52:20.928101 pid=91 handle_get_value: com.apple.configurator.xpc.DeviceService attempting to get [IntegratedCircuitCardIdentity]
08/08/26 03:52:20.929284 pid=91 handle_get_value: com.apple.configurator.xpc.DeviceService attempting to get [com.apple.mobile.backup]:[RequiresEncryption]
08/08/26 03:52:20.929294 pid=91 special_case_get: key RequiresEncryption
08/08/26 03:52:20.930129 pid=91 handle_get_value: com.apple.configurator.xpc.DeviceService attempting to get [DeviceEnclosureColor]
08/08/26 03:52:20.930678 pid=91 handle_get_value: com.apple.configurator.xpc.DeviceService attempting to get [com.apple.disk_usage]:[TotalDiskCapacity]
08/08/26 03:52:20.930722 pid=91 mglog: libMobileGestalt MobileGestalt.c:4244: statfs(/mnt4): No such file or directory
08/08/26 03:52:20.931691 pid=91 handle_get_value: com.apple.configurator.xpc.DeviceService attempting to get [com.apple.international]:[Language]
08/08/26 03:52:20.956477 pid=91 handle_get_value: com.apple.configurator.xpc.DeviceService attempting to get [ActivationState]
08/08/26 03:52:20.959927 pid=91 handle_get_value: com.apple.configurator.xpc.DeviceService attempting to get [HardwareModel]
08/08/26 03:52:20.969459 pid=91 handle_get_value: com.apple.configurator.xpc.DeviceService attempting to get [ProductVersion]
08/08/26 03:52:20.969910 pid=91 handle_get_value: com.apple.configurator.xpc.AirTrafficService attempting to get [ProductVersion]
08/08/26 03:52:20.971105 pid=91 handle_get_value: com.apple.configurator.xpc.DeviceService attempting to get [ProductName]
08/08/26 03:52:20.971874 pid=91 handle_get_value: com.apple.configurator.xpc.AirTrafficService attempting to get [ProductName]
08/08/26 03:52:20.989180 pid=91 handle_get_value: com.apple.configurator.xpc.AirTrafficService attempting to get [ProductVersion]
08/08/26 03:52:20.990597 pid=91 handle_get_value: com.apple.configurator.xpc.AirTrafficService attempting to get [ProductName]
08/08/26 03:52:20.990643 pid=91 handle_get_value: com.apple.configurator.xpc.DeviceService attempting to get [ProductVersion]
08/08/26 03:52:20.991712 pid=91 handle_get_value: com.apple.configurator.xpc.DeviceService attempting to get [ProductName]
08/08/26 03:52:21.002079 pid=91 handle_start_service_with_socket: com.apple.configurator.xpc.AirTrafficService attempting to spawn com.apple.atc service.
08/08/26 03:52:21.002209 pid=91 handle_get_value: com.apple.configurator.xpc.DeviceService attempting to get [ActivationState]
08/08/26 03:52:21.002767 pid=91 spawn_xpc_service: service com.apple.atc started
08/08/26 03:52:21.003085 pid=91 spawn_xpc_service_block_invoke: Received checkin acknowledgement from 'com.apple.atc'
08/08/26 03:52:21.003101 pid=91 spawn_xpc_service_block_invoke: XPC_ERROR_CONNECTION_INVALID com.apple.atc
08/08/26 03:52:21.005388 pid=91 handle_get_value: com.apple.configurator.xpc.AirTrafficService attempting to get [ProductVersion]
08/08/26 03:52:21.007004 pid=91 handle_get_value: com.apple.configurator.xpc.AirTrafficService attempting to get [ProductName]
08/08/26 03:52:21.009206 pid=91 handle_get_value: com.apple.configurator.xpc.DeviceService attempting to get [ProductVersion]
08/08/26 03:52:21.010527 pid=91 handle_get_value: com.apple.configurator.xpc.DeviceService attempting to get [ProductName]
08/08/26 03:52:21.022348 pid=91 handle_get_value: com.apple.configurator.xpc.AirTrafficService attempting to get [ProductVersion]
08/08/26 03:52:21.023786 pid=91 handle_get_value: com.apple.configurator.xpc.AirTrafficService attempting to get [ProductName]
08/08/26 03:52:21.024035 pid=91 handle_get_value: com.apple.configurator.xpc.DeviceService attempting to get [ProductVersion]
08/08/26 03:52:21.024975 pid=91 handle_get_value: com.apple.configurator.xpc.DeviceService attempting to get [ProductName]
08/08/26 03:52:21.035773 pid=91 handle_get_value: com.apple.configurator.xpc.DeviceService attempting to get [ActivationState]
08/08/26 03:52:21.036702 pid=91 handle_get_value: com.apple.configurator.xpc.AirTrafficService attempting to get [ProductVersion]
08/08/26 03:52:21.038057 pid=91 handle_get_value: com.apple.configurator.xpc.AirTrafficService attempting to get [ProductName]
08/08/26 03:52:21.039863 pid=91 handle_get_value: com.apple.configurator.xpc.DeviceService attempting to get [ProductVersion]
08/08/26 03:52:21.041024 pid=91 handle_get_value: com.apple.configurator.xpc.DeviceService attempting to get [ProductName]
08/08/26 03:52:21.047698 pid=91 handle_start_service_with_socket: com.apple.configurator.xpc.AirTrafficService attempting to spawn com.apple.mobile.notification_proxy service.
08/08/26 03:52:21.048173 pid=91 spawn_xpc_service: service com.apple.mobile.notification_proxy started
08/08/26 03:52:21.048574 pid=91 spawn_xpc_service_block_invoke: Received checkin acknowledgement from 'com.apple.mobile.notification_proxy'
08/08/26 03:52:21.048594 pid=91 spawn_xpc_service_block_invoke: XPC_ERROR_CONNECTION_INVALID com.apple.mobile.notification_proxy
08/08/26 03:52:21.050318 pid=91 handle_get_value: com.apple.configurator.xpc.AirTrafficService attempting to get [ProductVersion]
08/08/26 03:52:21.050607 pid=91 handle_get_value: com.apple.configurator.xpc.DeviceService attempting to get [DeviceClass]
08/08/26 03:52:21.051007 pid=91 handle_get_value: com.apple.configurator.xpc.DeviceService attempting to get [PasswordProtected]
08/08/26 03:52:21.051371 pid=91 handle_start_service_with_socket: com.apple.configurator.xpc.DeviceService attempting to spawn com.apple.springboardservices service.
08/08/26 03:52:21.051543 pid=91 handle_get_value: com.apple.configurator.xpc.AirTrafficService attempting to get [ProductName]
08/08/26 03:52:21.052374 pid=91 spawn_xpc_service: service lockdown.49097464477.com.apple.springboardservices started
08/08/26 03:52:21.054144 pid=91 handle_get_value: com.apple.configurator.xpc.DeviceService attempting to get [ProductVersion]
08/08/26 03:52:21.054871 pid=91 handle_get_value: com.apple.configurator.xpc.DeviceService attempting to get [ProductName]
08/08/26 03:52:21.065180 pid=91 spawn_xpc_service_block_invoke: Received checkin acknowledgement from 'lockdown.49097464477.com.apple.springboardservices'
08/08/26 03:52:21.065253 pid=91 spawn_xpc_service_block_invoke: XPC_ERROR_CONNECTION_INVALID lockdown.49097464477.com.apple.springboardservices
08/08/26 03:52:21.894257 pid=91 handle_get_value: com.apple.configurator.xpc.DeviceService attempting to get [ProductVersion]
08/08/26 03:52:21.897064 pid=91 handle_get_value: com.apple.configurator.xpc.DeviceService attempting to get [ProductName]
08/08/26 03:52:21.932482 pid=91 handle_get_value: com.apple.configurator.xpc.DeviceService attempting to get [ProductVersion]
08/08/26 03:52:21.934292 pid=91 handle_get_value: com.apple.configurator.xpc.DeviceService attempting to get [ProductName]
08/08/26 03:52:21.956375 pid=91 handle_get_value: com.apple.configurator.xpc.DeviceService attempting to get [ActivationState]
08/08/26 03:52:21.964713 pid=91 handle_get_value: com.apple.configurator.xpc.DeviceService attempting to get [ProductVersion]
08/08/26 03:52:21.966479 pid=91 handle_get_value: com.apple.configurator.xpc.DeviceService attempting to get [ProductName]
08/08/26 03:52:21.985912 pid=91 handle_get_value: com.apple.configurator.xpc.DeviceService attempting to get [PasswordProtected]
08/08/26 03:52:21.986880 pid=91 handle_start_service_with_socket: com.apple.configurator.xpc.DeviceService attempting to spawn com.apple.mobile.installation_proxy service.
08/08/26 03:52:21.987861 pid=91 spawn_xpc_service: service com.apple.mobile.installation_proxy started
08/08/26 03:52:21.988244 pid=91 spawn_xpc_service_block_invoke: Received checkin acknowledgement from 'com.apple.mobile.installation_proxy'
08/08/26 03:52:21.988280 pid=91 spawn_xpc_service_block_invoke: XPC_ERROR_CONNECTION_INVALID com.apple.mobile.installation_proxy
08/08/26 03:52:21.995177 pid=91 handle_get_value: com.apple.configurator.xpc.DeviceService attempting to get [ProductVersion]
08/08/26 03:52:21.997572 pid=91 handle_get_value: com.apple.configurator.xpc.DeviceService attempting to get [ProductName]
08/08/26 03:52:22.017396 pid=91 handle_start_service_with_socket: com.apple.configurator.xpc.DeviceService attempting to spawn com.apple.mobile.installation_proxy service.
08/08/26 03:52:22.018356 pid=91 spawn_xpc_service: service com.apple.mobile.installation_proxy started
08/08/26 03:52:22.018685 pid=91 spawn_xpc_service_block_invoke: Received checkin acknowledgement from 'com.apple.mobile.installation_proxy'
08/08/26 03:52:22.018731 pid=91 spawn_xpc_service_block_invoke: XPC_ERROR_CONNECTION_INVALID com.apple.mobile.installation_proxy
08/08/26 03:52:22.069691 pid=91 handle_start_service_with_socket: com.apple.configurator.xpc.DeviceService attempting to spawn com.apple.mobile.installation_proxy service.
08/08/26 03:52:22.070121 pid=91 spawn_xpc_service: service com.apple.mobile.installation_proxy started
08/08/26 03:52:22.070268 pid=91 spawn_xpc_service_block_invoke: Received checkin acknowledgement from 'com.apple.mobile.installation_proxy'
08/08/26 03:52:22.070288 pid=91 spawn_xpc_service_block_invoke: XPC_ERROR_CONNECTION_INVALID com.apple.mobile.installation_proxy
08/08/26 03:52:22.098761 pid=91 handle_get_value: com.apple.configurator.xpc.DeviceService attempting to get [ProductVersion]
08/08/26 03:52:22.100776 pid=91 handle_get_value: com.apple.configurator.xpc.DeviceService attempting to get [ProductName]
08/08/26 03:52:22.114553 pid=91 handle_get_value: com.apple.configurator.xpc.DeviceService attempting to get [DeviceClass]
08/08/26 03:52:22.115323 pid=91 handle_get_value: com.apple.configurator.xpc.DeviceService attempting to get [PasswordProtected]
08/08/26 03:52:22.115929 pid=91 handle_start_service_with_socket: com.apple.configurator.xpc.DeviceService attempting to spawn com.apple.springboardservices service.
08/08/26 03:52:22.117146 pid=91 spawn_xpc_service: service lockdown.49123019256.com.apple.springboardservices started
08/08/26 03:52:22.120262 pid=91 handle_get_value: com.apple.configurator.xpc.DeviceService attempting to get [ProductVersion]
08/08/26 03:52:22.122338 pid=91 handle_get_value: com.apple.configurator.xpc.DeviceService attempting to get [ProductName]
08/08/26 03:52:22.138248 pid=91 spawn_xpc_service_block_invoke: Received checkin acknowledgement from 'lockdown.49123019256.com.apple.springboardservices'
08/08/26 03:52:22.138325 pid=91 spawn_xpc_service_block_invoke: XPC_ERROR_CONNECTION_INVALID lockdown.49123019256.com.apple.springboardservices
08/08/26 03:52:22.821378 pid=91 handle_get_value: com.apple.configurator.xpc.DeviceService attempting to get [ProductVersion]
08/08/26 03:52:22.823879 pid=91 handle_get_value: com.apple.configurator.xpc.DeviceService attempting to get [ProductName]
08/08/26 03:52:22.860494 pid=91 handle_start_service_with_socket: com.apple.configurator.xpc.DeviceService attempting to spawn com.apple.mobile.installation_proxy service.
08/08/26 03:52:22.862385 pid=91 spawn_xpc_service: service com.apple.mobile.installation_proxy started
08/08/26 03:52:22.863259 pid=91 spawn_xpc_service_block_invoke: Received checkin acknowledgement from 'com.apple.mobile.installation_proxy'
08/08/26 03:52:22.863829 pid=91 spawn_xpc_service_block_invoke: XPC_ERROR_CONNECTION_INVALID com.apple.mobile.installation_proxy
08/08/26 03:52:22.953513 pid=91 handle_start_service_with_socket: com.apple.configurator.xpc.DeviceService attempting to spawn com.apple.mobile.installation_proxy service.
08/08/26 03:52:22.954048 pid=91 spawn_xpc_service: service com.apple.mobile.installation_proxy started
08/08/26 03:52:22.954169 pid=91 spawn_xpc_service_block_invoke: Received checkin acknowledgement from 'com.apple.mobile.installation_proxy'
08/08/26 03:52:22.954187 pid=91 spawn_xpc_service_block_invoke: XPC_ERROR_CONNECTION_INVALID com.apple.mobile.installation_proxy
08/08/26 03:52:23.005736 pid=91 handle_get_value: com.apple.configurator.xpc.DeviceService attempting to get [ProductVersion]
08/08/26 03:52:23.008197 pid=91 handle_get_value: com.apple.configurator.xpc.DeviceService attempting to get [ProductName]
08/08/26 03:52:23.028105 pid=91 handle_get_value: com.apple.configurator.xpc.DeviceService attempting to get [DeviceClass]
08/08/26 03:52:23.028543 pid=91 handle_get_value: com.apple.configurator.xpc.DeviceService attempting to get [PasswordProtected]
08/08/26 03:52:23.029092 pid=91 handle_start_service_with_socket: com.apple.configurator.xpc.DeviceService attempting to spawn com.apple.springboardservices service.
08/08/26 03:52:23.030070 pid=91 spawn_xpc_service: service lockdown.49144930419.com.apple.springboardservices started
08/08/26 03:52:23.033548 pid=91 handle_get_value: com.apple.configurator.xpc.DeviceService attempting to get [ProductVersion]
08/08/26 03:52:23.035299 pid=91 handle_get_value: com.apple.configurator.xpc.DeviceService attempting to get [ProductName]
08/08/26 03:52:23.048881 pid=91 spawn_xpc_service_block_invoke: Received checkin acknowledgement from 'lockdown.49144930419.com.apple.springboardservices'
08/08/26 03:52:23.048967 pid=91 spawn_xpc_service_block_invoke: XPC_ERROR_CONNECTION_INVALID lockdown.49144930419.com.apple.springboardservices
08/08/26 03:52:24.801048 pid=91 handle_get_value: com.apple.configurator.xpc.DeviceService attempting to get [ProductVersion]
08/08/26 03:52:24.802829 pid=91 handle_get_value: com.apple.configurator.xpc.DeviceService attempting to get [ProductName]
08/08/26 03:52:24.837511 pid=91 handle_get_value: com.apple.configurator.xpc.DeviceService attempting to get [ProductVersion]
08/08/26 03:52:24.839368 pid=91 handle_get_value: com.apple.configurator.xpc.DeviceService attempting to get [ProductName]
08/08/26 03:52:24.861183 pid=91 handle_get_value: com.apple.configurator.xpc.DeviceService attempting to get [ActivationState]
08/08/26 03:52:24.869085 pid=91 handle_get_value: com.apple.configurator.xpc.DeviceService attempting to get [ProductVersion]
08/08/26 03:52:24.870934 pid=91 handle_get_value: com.apple.configurator.xpc.DeviceService attempting to get [ProductName]
08/08/26 03:52:24.894093 pid=91 handle_get_value: com.apple.configurator.xpc.DeviceService attempting to get [PasswordProtected]
08/08/26 03:52:24.894802 pid=91 handle_start_service_with_socket: com.apple.configurator.xpc.DeviceService attempting to spawn com.apple.misagent service.
08/08/26 03:52:24.897171 pid=91 spawn_xpc_service: service com.apple.misagent started
08/08/26 03:52:24.898250 pid=91 spawn_xpc_service_block_invoke: Received checkin acknowledgement from 'com.apple.misagent'
08/08/26 03:52:24.898312 pid=91 spawn_xpc_service_block_invoke: XPC_ERROR_CONNECTION_INVALID com.apple.misagent
08/08/26 03:52:24.900135 pid=91 handle_get_value: com.apple.configurator.xpc.DeviceService attempting to get [ProductVersion]
08/08/26 03:52:24.901730 pid=91 handle_get_value: com.apple.configurator.xpc.DeviceService attempting to get [ProductName]
08/08/26 03:52:24.930557 pid=91 handle_get_value: com.apple.configurator.xpc.DeviceService attempting to get [ProductVersion]
08/08/26 03:52:24.932259 pid=91 handle_get_value: com.apple.configurator.xpc.DeviceService attempting to get [ProductName]
08/08/26 03:52:24.953759 pid=91 handle_start_service_with_socket: com.apple.configurator.xpc.DeviceService attempting to spawn com.apple.misagent service.
08/08/26 03:52:24.955465 pid=91 spawn_xpc_service: service com.apple.misagent started
08/08/26 03:52:24.955666 pid=91 spawn_xpc_service_block_invoke: Received checkin acknowledgement from 'com.apple.misagent'
08/08/26 03:52:24.955708 pid=91 spawn_xpc_service_block_invoke: XPC_ERROR_CONNECTION_INVALID com.apple.misagent
08/08/26 03:52:24.959355 pid=91 handle_get_value: com.apple.configurator.xpc.DeviceService attempting to get [ProductVersion]
08/08/26 03:52:24.961024 pid=91 handle_get_value: com.apple.configurator.xpc.DeviceService attempting to get [ProductName]
08/08/26 03:53:57.083643 pid=91 main: Starting Up
08/08/26 03:53:57.156769 pid=91 mglog: libMobileGestalt MobileGestaltCache.c:360: Cache loaded with 6471 pre-cached in CacheData and 83 items in CacheExtra.
08/08/26 03:54:01.737106 pid=91 lockstart_local: Build version: 24A5390f
08/08/26 03:54:01.751210 pid=91 lockstart_local: Data Migration Completed: true
08/08/26 03:54:01.752980 pid=91 get_device_type_internal_block_invoke: product_type: iPhone16,2

08/08/26 03:54:01.752991 pid=91 get_device_type_internal_block_invoke: has_telephony: true, should_hactivate: false
08/08/26 03:54:01.752997 pid=91 get_device_type_internal_block_invoke: baseband_class: 3, cert_type 1
08/08/26 03:54:01.753001 pid=91 _load_product_type: using Raptor Certs
08/08/26 03:54:01.820610 pid=91 performBootSessionIntialization: Boot session changed (reboot detected).
08/08/26 03:54:01.834293 pid=91 data_ark_set_block_invoke: dirtied by changing -BootSessionID
08/08/26 03:54:01.835631 pid=91 data_ark_store_block_invoke: Saved.
08/08/26 03:54:01.856979 pid=91 handle_get_value: remotepairingdeviced attempting to get [com.apple.mobile.wireless_lockdown]:[EnableWifiConnections]
08/08/26 03:54:01.857033 pid=91 handle_get_value: remotepairingdeviced attempting to get [com.apple.mobile.wireless_lockdown]:[EnableWifiPairing]
08/08/26 03:54:01.857045 pid=91 set_response_error: handle_get_value MissingValue
08/08/26 03:54:01.894590 pid=91 handle_get_value: remotepairingdeviced attempting to get [com.apple.mobile.wireless_lockdown]:[EnableWifiDebugging]
08/08/26 03:54:01.894835 pid=91 handle_get_value: remotepairingdeviced attempting to get [com.apple.mobile.wireless_lockdown]:[EnableWifiPairing]
08/08/26 03:54:01.894849 pid=91 set_response_error: handle_get_value MissingValue
08/08/26 03:54:03.092275 pid=91 refresh_remote_services_block_invoke: Done resetting remote devices.
08/08/26 03:54:03.092327 pid=91 service_ark_load: Refreshed remote services.
08/08/26 03:54:03.092719 pid=91 update_bonjour_service_instance_name: Full service name is 'ce:76:91:29:3c:8f@fe80::cc76:91ff:fe29:3c8f-supportsRP-26._apple-mobdev2._tcp.local.'.
08/08/26 03:54:04.914662 pid=91 notify_configd_block_invoke_2: Pinged configd, USB is now enabled.
08/08/26 03:54:06.445091 pid=91 update_bonjour_service_instance_name: Full service name is '12:ce:c4:95:5a:2f@fe80::10ce:c4ff:fe95:5a2f-supportsRP-26._apple-mobdev2._tcp.local.'.
08/08/26 03:54:06.450560 pid=91 dns_register_block_invoke: Registered DNS (syncing): _apple-mobdev2._tcp,915a07ee,8e2907e4,523805af,42480515
08/08/26 03:54:06.469216 pid=91 dns_register_block_invoke: Registered WOL.
08/08/26 03:54:07.687781 pid=91 usb_host_connected_block_invoke: non-mux connection
08/08/26 03:54:07.721245 pid=91 bump_connection_count: Connection count is now 3.
08/08/26 03:54:07.721294 pid=91 usb_host_connected_block_invoke: mux connection
08/08/26 03:54:07.721376 pid=91 bump_connection_count: Connection count is now 4.
08/08/26 03:54:07.782282 pid=91 handle_get_value: usbmuxd attempting to get [ProductVersion]
08/08/26 03:54:07.785526 pid=91 handle_get_value: usbmuxd attempting to get [ProductName]
08/08/26 03:54:08.483220 pid=91 handle_get_value: remotepairingdeviced attempting to get [com.apple.mobile.wireless_lockdown]:[EnableWifiConnections]
08/08/26 03:54:11.621210 pid=91 handle_get_value: com.apple.configurator.xpc.DeviceService attempting to get [UniqueChipID]
08/08/26 03:54:11.621283 pid=91 handle_get_value: com.apple.configurator.xpc.AirTrafficService attempting to get [UniqueChipID]
08/08/26 03:54:11.622933 pid=91 handle_get_value: AssetCacheTetheratorService attempting to get [UniqueChipID]
08/08/26 03:54:11.623646 pid=91 handle_get_value: com.apple.configurator.xpc.DeviceService attempting to get [BoardId]
08/08/26 03:54:11.623785 pid=91 handle_get_value: MobileDeviceUpdater attempting to get [UniqueChipID]
08/08/26 03:54:11.625645 pid=91 handle_get_value: MobileDeviceUpdater attempting to get [BoardId]
08/08/26 03:54:11.625667 pid=91 handle_get_value: com.apple.configurator.xpc.DeviceService attempting to get [ChipID]
08/08/26 03:54:11.625779 pid=91 handle_get_value: AssetCacheTetheratorService attempting to get [BoardId]
08/08/26 03:54:11.627512 pid=91 handle_get_value: com.apple.configurator.xpc.DeviceService attempting to get [UniqueChipID]
08/08/26 03:54:11.627508 pid=91 handle_get_value: MobileDeviceUpdater attempting to get [ChipID]
08/08/26 03:54:11.628178 pid=91 handle_get_value: AssetCacheTetheratorService attempting to get [ChipID]
08/08/26 03:54:11.628940 pid=91 handle_get_value: com.apple.configurator.xpc.DeviceService attempting to get [ChipID]
08/08/26 03:54:11.629066 pid=91 handle_get_value: MobileDeviceUpdater attempting to get [UniqueChipID]
08/08/26 03:54:11.630351 pid=91 handle_get_value: AssetCacheTetheratorService attempting to get [UniqueChipID]
08/08/26 03:54:11.631196 pid=91 handle_get_value: com.apple.configurator.xpc.DeviceService attempting to get [BoardId]
08/08/26 03:54:11.631297 pid=91 handle_get_value: MobileDeviceUpdater attempting to get [ChipID]
08/08/26 03:54:11.632245 pid=91 handle_get_value: AssetCacheTetheratorService attempting to get [ChipID]
08/08/26 03:54:11.632579 pid=91 handle_get_value: com.apple.configurator.xpc.DeviceService attempting to get [ProductVersion]
08/08/26 03:54:11.632966 pid=91 handle_get_value: MobileDeviceUpdater attempting to get [BoardId]
08/08/26 03:54:11.633774 pid=91 handle_get_value: AssetCacheTetheratorService attempting to get [BoardId]
08/08/26 03:54:11.633892 pid=91 handle_get_value: com.apple.configurator.xpc.DeviceService attempting to get [ProductName]
08/08/26 03:54:11.635108 pid=91 handle_get_value: MobileDeviceUpdater attempting to get [ProductVersion]
08/08/26 03:54:11.635556 pid=91 handle_get_value: com.apple.configurator.xpc.DeviceService attempting to get [SecurityDomain]
08/08/26 03:54:11.635928 pid=91 handle_get_value: AssetCacheTetheratorService attempting to get [ProductVersion]
08/08/26 03:54:11.637300 pid=91 handle_get_value: MobileDeviceUpdater attempting to get [ProductName]
08/08/26 03:54:11.637596 pid=91 handle_get_value: com.apple.configurator.xpc.DeviceService attempting to get [UniqueChipID]
08/08/26 03:54:11.638111 pid=91 handle_get_value: AssetCacheTetheratorService attempting to get [ProductName]
08/08/26 03:54:11.639223 pid=91 handle_get_value: com.apple.configurator.xpc.DeviceService attempting to get [MobileDeviceMinimumVersion]
08/08/26 03:54:11.639607 pid=91 handle_get_value: MobileDeviceUpdater attempting to get [SecurityDomain]
08/08/26 03:54:11.640369 pid=91 handle_get_value: AssetCacheTetheratorService attempting to get [SecurityDomain]
08/08/26 03:54:11.640907 pid=91 handle_get_value: com.apple.configurator.xpc.DeviceService attempting to get [ProductVersion]
08/08/26 03:54:11.641999 pid=91 handle_get_value: MobileDeviceUpdater attempting to get [UniqueChipID]
08/08/26 03:54:11.642967 pid=91 handle_get_value: AssetCacheTetheratorService attempting to get [UniqueChipID]
08/08/26 03:54:11.642979 pid=91 handle_get_value: com.apple.configurator.xpc.DeviceService attempting to get [ProductName]
08/08/26 03:54:11.644600 pid=91 handle_get_value: MobileDeviceUpdater attempting to get [BoardId]
08/08/26 03:54:11.645015 pid=91 handle_get_value: com.apple.configurator.xpc.DeviceService attempting to get [BoardId]
08/08/26 03:54:11.648305 pid=91 handle_get_value: com.apple.configurator.xpc.DeviceService attempting to get [ChipID]
08/08/26 03:54:11.648553 pid=91 handle_get_value: MobileDeviceUpdater attempting to get [ChipID]
08/08/26 03:54:11.650608 pid=91 handle_get_value: com.apple.configurator.xpc.DeviceService attempting to get [BuildVersion]
08/08/26 03:54:11.650881 pid=91 handle_get_value: MobileDeviceUpdater attempting to get [DeviceName]
08/08/26 03:54:11.650960 pid=91 handle_get_value: AssetCacheTetheratorService attempting to get [ProductVersion]
08/08/26 03:54:11.651311 pid=91 handle_get_value: com.apple.configurator.xpc.DeviceService attempting to get [SupplementalBuildVersion]
08/08/26 03:54:11.652230 pid=91 handle_get_value: com.apple.configurator.xpc.DeviceService attempting to get [HumanReadableProductVersionString]
08/08/26 03:54:11.652307 pid=91 mglog: libMobileGestalt utility.c:338: Could not lookup ProductVersionExtra from dictionary
08/08/26 03:54:11.652384 pid=91 handle_get_value: AssetCacheTetheratorService attempting to get [ProductName]
08/08/26 03:54:11.652735 pid=91 handle_get_value: com.apple.configurator.xpc.DeviceService attempting to get [ProductVersion]
08/08/26 03:54:11.653212 pid=91 handle_get_value: com.apple.configurator.xpc.DeviceService attempting to get [HardwareModel]
08/08/26 03:54:11.653701 pid=91 handle_get_value: com.apple.configurator.xpc.DeviceService attempting to get [MarketingVersion]
08/08/26 03:54:11.653735 pid=91 set_response_error: handle_get_value GetProhibited
08/08/26 03:54:11.654232 pid=91 handle_get_value: com.apple.configurator.xpc.DeviceService attempting to get [DeviceClass]
08/08/26 03:54:11.654757 pid=91 handle_get_value: com.apple.configurator.xpc.DeviceService attempting to get [UniqueChipID]
08/08/26 03:54:11.655185 pid=91 handle_get_value: com.apple.configurator.xpc.DeviceService attempting to get [ProductType]
08/08/26 03:54:11.655598 pid=91 handle_get_value: com.apple.configurator.xpc.DeviceService attempting to get [DeviceName]
08/08/26 03:54:11.690897 pid=91 handle_get_value: com.apple.configurator.xpc.DeviceService attempting to get [HardwareModel]
08/08/26 03:54:11.690909 pid=91 handle_get_value: MobileDeviceUpdater attempting to get [ChipID]
08/08/26 03:54:11.692281 pid=91 handle_get_value: MobileDeviceUpdater attempting to get [BoardId]
08/08/26 03:54:11.694474 pid=91 handle_get_value: MobileDeviceUpdater attempting to get [ProductVersion]
08/08/26 03:54:11.696280 pid=91 handle_get_value: MobileDeviceUpdater attempting to get [ProductName]
08/08/26 03:54:11.698184 pid=91 handle_get_value: MobileDeviceUpdater attempting to get [SecurityDomain]
08/08/26 03:54:11.699680 pid=91 handle_get_value: MobileDeviceUpdater attempting to get [DeviceEnclosureColor]
08/08/26 03:54:11.709160 pid=91 handle_get_value: MobileDeviceUpdater attempting to get [MobileDeviceMinimumVersion]
08/08/26 03:54:11.711046 pid=91 handle_get_value: MobileDeviceUpdater attempting to get [ProductVersion]
08/08/26 03:54:11.712846 pid=91 handle_get_value: MobileDeviceUpdater attempting to get [ProductName]
08/08/26 03:54:12.118313 pid=91 handle_get_value: AssetCacheTetheratorService attempting to get [ProductVersion]
08/08/26 03:54:12.120932 pid=91 handle_get_value: AssetCacheTetheratorService attempting to get [ProductName]
08/08/26 03:54:12.173029 pid=91 handle_set_value: AssetCacheTetheratorService attempting to set [com.apple.AssetCacheTetherator]:[address] to [192.168.234.1] of type 7
08/08/26 03:54:12.173468 pid=91 data_ark_remove_extended_block_invoke: dirtied by removing com.apple.AssetCacheTetherator-address
08/08/26 03:54:12.173483 pid=91 data_ark_set_block_invoke: dirtied by changing com.apple.AssetCacheTetherator-address
08/08/26 03:54:12.174130 pid=91 handle_set_value: AssetCacheTetheratorService attempting to set [com.apple.AssetCacheTetherator]:[port] to [49158] of type 22
08/08/26 03:54:12.174253 pid=91 data_ark_remove_extended_block_invoke: dirtied by removing com.apple.AssetCacheTetherator-port
08/08/26 03:54:12.174264 pid=91 data_ark_set_block_invoke: dirtied by changing com.apple.AssetCacheTetherator-port
08/08/26 03:54:12.175037 pid=91 handle_set_value: AssetCacheTetheratorService attempting to set [com.apple.AssetCacheTetherator]:[capabilities] to [{
    im = 1;
    ns = 1;
    pc = 1;
    "query-parameters" = 1;
    sc = 1;
    ur = 1;
}] of type 18
08/08/26 03:54:12.175480 pid=91 data_ark_remove_extended_block_invoke: dirtied by removing com.apple.AssetCacheTetherator-capabilities
08/08/26 03:54:12.175519 pid=91 data_ark_set_block_invoke: dirtied by changing com.apple.AssetCacheTetherator-capabilities
08/08/26 03:54:12.176111 pid=91 handle_set_value: AssetCacheTetheratorService attempting to set [com.apple.AssetCacheTetherator]:[guid] to [D256FC13-F09D-42C4-BD0A-83167BEA4628] of type 7
08/08/26 03:54:12.176667 pid=91 data_ark_remove_extended_block_invoke: dirtied by removing com.apple.AssetCacheTetherator-guid
08/08/26 03:54:12.176713 pid=91 data_ark_set_block_invoke: dirtied by changing com.apple.AssetCacheTetherator-guid
08/08/26 03:54:12.181989 pid=91 data_ark_store_block_invoke: Saved.
08/08/26 03:54:12.187108 pid=91 handle_get_value: AssetCacheTetheratorService attempting to get [ProductVersion]
08/08/26 03:54:12.189426 pid=91 handle_get_value: AssetCacheTetheratorService attempting to get [ProductName]
08/08/26 03:54:12.227016 pid=91 handle_get_value: AssetCacheTetheratorService attempting to get [DeviceName]
08/08/26 03:54:12.250167 pid=91 handle_get_value: com.apple.configurator.xpc.DeviceService attempting to get [ProductVersion]
08/08/26 03:54:12.251660 pid=91 handle_get_value: com.apple.configurator.xpc.DeviceService attempting to get [ProductName]
08/08/26 03:54:12.259268 pid=91 handle_get_value: AssetCacheTetheratorService attempting to get [SerialNumber]
08/08/26 03:54:12.342168 pid=91 handle_get_value: com.apple.configurator.xpc.DeviceService attempting to get [PasswordProtected]
08/08/26 03:54:12.342695 pid=91 handle_start_service_with_socket: com.apple.configurator.xpc.DeviceService attempting to spawn com.apple.mobile.notification_proxy service.
08/08/26 03:54:12.343419 pid=91 spawn_xpc_service: service com.apple.mobile.notification_proxy started
08/08/26 03:54:12.347150 pid=91 handle_get_value: com.apple.configurator.xpc.DeviceService attempting to get [ProductVersion]
08/08/26 03:54:12.348587 pid=91 handle_get_value: com.apple.configurator.xpc.DeviceService attempting to get [ProductName]
08/08/26 03:54:12.591184 pid=91 update_bonjour_service_instance_name: Full service name is '2a:8f:a6:2b:23:82@fe80::288f:a6ff:fe2b:2382-supportsRP-26._apple-mobdev2._tcp.local.'.
08/08/26 03:54:12.592279 pid=91 dns_unregister_block_invoke: Unregistered DNS (syncing).
08/08/26 03:54:12.601159 pid=91 spawn_xpc_service_block_invoke: Received checkin acknowledgement from 'com.apple.mobile.notification_proxy'
08/08/26 03:54:12.601190 pid=91 spawn_xpc_service_block_invoke: XPC_ERROR_CONNECTION_INVALID com.apple.mobile.notification_proxy
08/08/26 03:54:12.604736 pid=91 dns_register_block_invoke: Registered DNS (syncing): _apple-mobdev2._tcp,915a07ee,8e2907e4,523805af,42480515
08/08/26 03:54:12.622636 pid=91 handle_get_value: com.apple.configurator.xpc.DeviceService attempting to get [ProductVersion]
08/08/26 03:54:12.623767 pid=91 handle_get_value: com.apple.configurator.xpc.DeviceService attempting to get [ProductName]
08/08/26 03:54:12.644014 pid=91 handle_get_value: com.apple.configurator.xpc.DeviceService attempting to get [ProductVersion]
08/08/26 03:54:12.645816 pid=91 handle_get_value: com.apple.configurator.xpc.DeviceService attempting to get [ProductName]
08/08/26 03:54:12.692477 pid=91 handle_get_value: com.apple.configurator.xpc.DeviceService attempting to get [ActivationState]
08/08/26 03:54:12.699698 pid=91 handle_get_value: com.apple.configurator.xpc.DeviceService attempting to get [ProductVersion]
08/08/26 03:54:12.701884 pid=91 handle_get_value: com.apple.configurator.xpc.DeviceService attempting to get [ProductName]
08/08/26 03:54:12.736021 pid=91 handle_get_value: com.apple.configurator.xpc.DeviceService attempting to get [DeviceClass]
08/08/26 03:54:12.736724 pid=91 handle_get_value: com.apple.configurator.xpc.DeviceService attempting to get [PasswordProtected]
08/08/26 03:54:12.737446 pid=91 handle_start_service_with_socket: com.apple.configurator.xpc.DeviceService attempting to spawn com.apple.springboardservices service.
08/08/26 03:54:12.739007 pid=91 spawn_xpc_service: service lockdown.764503751.com.apple.springboardservices started
08/08/26 03:54:12.743003 pid=91 handle_get_value: com.apple.configurator.xpc.DeviceService attempting to get [ProductVersion]
08/08/26 03:54:12.744442 pid=91 handle_get_value: com.apple.configurator.xpc.DeviceService attempting to get [ProductName]
08/08/26 03:54:12.767480 pid=91 spawn_xpc_service_block_invoke: Received checkin acknowledgement from 'lockdown.764503751.com.apple.springboardservices'
08/08/26 03:54:12.767546 pid=91 spawn_xpc_service_block_invoke: XPC_ERROR_CONNECTION_INVALID lockdown.764503751.com.apple.springboardservices
08/08/26 03:54:13.746212 pid=91 handle_get_value: com.apple.configurator.xpc.DeviceService attempting to get [ProductVersion]
08/08/26 03:54:13.747773 pid=91 handle_get_value: com.apple.configurator.xpc.DeviceService attempting to get [ProductName]
08/08/26 03:54:13.774038 pid=91 handle_get_value: com.apple.configurator.xpc.DeviceService attempting to get [ProductVersion]
08/08/26 03:54:13.775539 pid=91 handle_get_value: com.apple.configurator.xpc.DeviceService attempting to get [ProductName]
08/08/26 03:54:13.799147 pid=91 handle_get_value: com.apple.configurator.xpc.DeviceService attempting to get [ActivationState]
08/08/26 03:54:13.806583 pid=91 handle_get_value: com.apple.configurator.xpc.DeviceService attempting to get [ProductVersion]
08/08/26 03:54:13.808261 pid=91 handle_get_value: com.apple.configurator.xpc.DeviceService attempting to get [ProductName]
08/08/26 03:54:13.837208 pid=91 handle_get_value: com.apple.configurator.xpc.DeviceService attempting to get [PasswordProtected]
08/08/26 03:54:13.838065 pid=91 handle_start_service_with_socket: com.apple.configurator.xpc.DeviceService attempting to spawn com.apple.mobile.installation_proxy service.
08/08/26 03:54:13.839632 pid=91 spawn_xpc_service: service com.apple.mobile.installation_proxy started
08/08/26 03:54:13.845314 pid=91 handle_get_value: com.apple.configurator.xpc.DeviceService attempting to get [ProductVersion]
08/08/26 03:54:13.846784 pid=91 handle_get_value: com.apple.configurator.xpc.DeviceService attempting to get [ProductName]
08/08/26 03:54:13.875751 pid=91 handle_start_service_with_socket: com.apple.configurator.xpc.DeviceService attempting to spawn com.apple.mobile.installation_proxy service.
08/08/26 03:54:13.876918 pid=91 spawn_xpc_service: service com.apple.mobile.installation_proxy started
08/08/26 03:54:13.969251 pid=91 spawn_xpc_service_block_invoke: Received checkin acknowledgement from 'com.apple.mobile.installation_proxy'
08/08/26 03:54:13.969293 pid=91 spawn_xpc_service_block_invoke: Received checkin acknowledgement from 'com.apple.mobile.installation_proxy'
08/08/26 03:54:13.969332 pid=91 spawn_xpc_service_block_invoke: XPC_ERROR_CONNECTION_INVALID com.apple.mobile.installation_proxy
08/08/26 03:54:13.969342 pid=91 spawn_xpc_service_block_invoke: XPC_ERROR_CONNECTION_INVALID com.apple.mobile.installation_proxy
08/08/26 03:54:14.081929 pid=91 handle_start_service_with_socket: com.apple.configurator.xpc.DeviceService attempting to spawn com.apple.mobile.installation_proxy service.
08/08/26 03:54:14.082464 pid=91 spawn_xpc_service: service com.apple.mobile.installation_proxy started
08/08/26 03:54:14.082578 pid=91 spawn_xpc_service_block_invoke: Received checkin acknowledgement from 'com.apple.mobile.installation_proxy'
08/08/26 03:54:14.082593 pid=91 spawn_xpc_service_block_invoke: XPC_ERROR_CONNECTION_INVALID com.apple.mobile.installation_proxy
08/08/26 03:54:14.129064 pid=91 handle_get_value: com.apple.configurator.xpc.DeviceService attempting to get [ProductVersion]
08/08/26 03:54:14.130629 pid=91 handle_get_value: com.apple.configurator.xpc.DeviceService attempting to get [ProductName]
08/08/26 03:54:15.167869 pid=91 handle_get_value: com.apple.configurator.xpc.DeviceService attempting to get [DeviceClass]
08/08/26 03:54:15.168989 pid=91 handle_get_value: com.apple.configurator.xpc.DeviceService attempting to get [PasswordProtected]
08/08/26 03:54:15.170240 pid=91 handle_start_service_with_socket: com.apple.configurator.xpc.DeviceService attempting to spawn com.apple.springboardservices service.
08/08/26 03:54:15.176904 pid=91 spawn_xpc_service: service lockdown.822930068.com.apple.springboardservices started
08/08/26 03:54:15.182473 pid=91 handle_get_value: com.apple.configurator.xpc.DeviceService attempting to get [ProductVersion]
08/08/26 03:54:15.185034 pid=91 handle_get_value: com.apple.configurator.xpc.DeviceService attempting to get [ProductName]
08/08/26 03:54:15.208970 pid=91 spawn_xpc_service_block_invoke: Received checkin acknowledgement from 'lockdown.822930068.com.apple.springboardservices'
08/08/26 03:54:15.209068 pid=91 spawn_xpc_service_block_invoke: XPC_ERROR_CONNECTION_INVALID lockdown.822930068.com.apple.springboardservices
08/08/26 03:54:16.204019 pid=91 handle_get_value: com.apple.configurator.xpc.DeviceService attempting to get [ProductVersion]
08/08/26 03:54:16.206910 pid=91 handle_get_value: com.apple.configurator.xpc.DeviceService attempting to get [ProductName]
08/08/26 03:54:16.307616 pid=91 handle_start_service_with_socket: com.apple.configurator.xpc.DeviceService attempting to spawn com.apple.mobile.installation_proxy service.
08/08/26 03:54:16.309013 pid=91 spawn_xpc_service: service com.apple.mobile.installation_proxy started
08/08/26 03:54:16.309601 pid=91 spawn_xpc_service_block_invoke: Received checkin acknowledgement from 'com.apple.mobile.installation_proxy'
08/08/26 03:54:16.309656 pid=91 spawn_xpc_service_block_invoke: XPC_ERROR_CONNECTION_INVALID com.apple.mobile.installation_proxy
08/08/26 03:54:16.419189 pid=91 handle_start_service_with_socket: com.apple.configurator.xpc.DeviceService attempting to spawn com.apple.mobile.installation_proxy service.
08/08/26 03:54:16.419681 pid=91 spawn_xpc_service: service com.apple.mobile.installation_proxy started
08/08/26 03:54:16.419867 pid=91 spawn_xpc_service_block_invoke: Received checkin acknowledgement from 'com.apple.mobile.installation_proxy'
08/08/26 03:54:16.419880 pid=91 spawn_xpc_service_block_invoke: XPC_ERROR_CONNECTION_INVALID com.apple.mobile.installation_proxy
08/08/26 03:54:16.477800 pid=91 handle_get_value: com.apple.configurator.xpc.DeviceService attempting to get [ProductVersion]
08/08/26 03:54:16.479552 pid=91 handle_get_value: com.apple.configurator.xpc.DeviceService attempting to get [ProductName]
08/08/26 03:54:16.560335 pid=91 handle_get_value: com.apple.configurator.xpc.DeviceService attempting to get [DeviceClass]
08/08/26 03:54:16.560888 pid=91 handle_get_value: com.apple.configurator.xpc.DeviceService attempting to get [PasswordProtected]
08/08/26 03:54:16.561470 pid=91 handle_start_service_with_socket: com.apple.configurator.xpc.DeviceService attempting to spawn com.apple.springboardservices service.
08/08/26 03:54:16.562825 pid=91 spawn_xpc_service: service lockdown.856278375.com.apple.springboardservices started
08/08/26 03:54:16.565900 pid=91 handle_get_value: com.apple.configurator.xpc.DeviceService attempting to get [ProductVersion]
08/08/26 03:54:16.567339 pid=91 handle_get_value: com.apple.configurator.xpc.DeviceService attempting to get [ProductName]
08/08/26 03:54:16.578937 pid=91 spawn_xpc_service_block_invoke: Received checkin acknowledgement from 'lockdown.856278375.com.apple.springboardservices'
08/08/26 03:54:16.579042 pid=91 spawn_xpc_service_block_invoke: XPC_ERROR_CONNECTION_INVALID lockdown.856278375.com.apple.springboardservices
08/08/26 03:54:18.667444 pid=91 handle_get_value: com.apple.configurator.xpc.DeviceService attempting to get [ProductVersion]
08/08/26 03:54:18.668947 pid=91 handle_get_value: com.apple.configurator.xpc.DeviceService attempting to get [ProductName]
08/08/26 03:54:19.091722 pid=91 handle_get_value: com.apple.configurator.xpc.DeviceService attempting to get [HardwareModel]
08/08/26 03:54:19.092525 pid=91 handle_get_value: com.apple.configurator.xpc.DeviceService attempting to get [ProductType]
08/08/26 03:54:19.093229 pid=91 handle_get_value: com.apple.configurator.xpc.DeviceService attempting to get [ProductVersion]
08/08/26 03:54:19.093912 pid=91 handle_get_value: com.apple.configurator.xpc.DeviceService attempting to get [DeviceClass]
08/08/26 03:54:19.128173 pid=91 handle_get_value: com.apple.configurator.xpc.DeviceService attempting to get [ProductVersion]
08/08/26 03:54:19.130242 pid=91 handle_get_value: com.apple.configurator.xpc.DeviceService attempting to get [ProductName]
08/08/26 03:54:19.225712 pid=91 handle_get_value: com.apple.configurator.xpc.DeviceService attempting to get [WiFiAddress]
08/08/26 03:54:19.226351 pid=91 handle_get_value: com.apple.configurator.xpc.DeviceService attempting to get [BuildVersion]
08/08/26 03:54:19.226911 pid=91 handle_get_value: com.apple.configurator.xpc.DeviceService attempting to get [HumanReadableProductVersionString]
08/08/26 03:54:19.226935 pid=91 mglog: libMobileGestalt utility.c:338: Could not lookup ProductVersionExtra from dictionary
08/08/26 03:54:19.227402 pid=91 handle_get_value: com.apple.configurator.xpc.DeviceService attempting to get [HardwareModel]
08/08/26 03:54:19.227851 pid=91 handle_get_value: com.apple.configurator.xpc.DeviceService attempting to get [MarketingVersion]
08/08/26 03:54:19.227859 pid=91 set_response_error: handle_get_value GetProhibited
08/08/26 03:54:19.228416 pid=91 handle_get_value: com.apple.configurator.xpc.DeviceService attempting to get [ProductVersion]
08/08/26 03:54:19.228914 pid=91 handle_get_value: com.apple.configurator.xpc.DeviceService attempting to get [DeviceName]
08/08/26 03:54:19.230360 pid=91 handle_get_value: com.apple.configurator.xpc.DeviceService attempting to get [SupplementalBuildVersion]
08/08/26 03:54:19.230890 pid=91 handle_get_value: com.apple.configurator.xpc.DeviceService attempting to get [ProductType]
08/08/26 03:54:19.231416 pid=91 handle_get_value: com.apple.configurator.xpc.DeviceService attempting to get [DeviceClass]
08/08/26 03:54:19.235810 pid=91 handle_get_value: com.apple.configurator.xpc.DeviceService attempting to get [ProductVersion]
08/08/26 03:54:19.237545 pid=91 handle_get_value: com.apple.configurator.xpc.DeviceService attempting to get [ProductName]
08/08/26 03:54:19.256595 pid=91 handle_get_value: com.apple.configurator.xpc.DeviceService attempting to get [PasswordProtected]
08/08/26 03:54:19.257546 pid=91 handle_get_value: com.apple.configurator.xpc.DeviceService attempting to get [com.apple.mobile.battery]:[BatteryIsCharging]
08/08/26 03:54:19.258206 pid=91 handle_get_value: com.apple.configurator.xpc.DeviceService attempting to get [TelephonyCapability]
08/08/26 03:54:19.258686 pid=91 handle_get_value: com.apple.configurator.xpc.DeviceService attempting to get [com.apple.international]:[Locale]
08/08/26 03:54:19.478829 pid=91 handle_get_value: com.apple.configurator.xpc.DeviceService attempting to get [InternationalMobileEquipmentIdentity]
08/08/26 03:54:19.480722 pid=91 handle_get_value: com.apple.configurator.xpc.DeviceService attempting to get [com.apple.international]:[SupportedLanguages]
08/08/26 03:54:19.509711 pid=91 handle_get_value: com.apple.configurator.xpc.DeviceService attempting to get [com.apple.international]:[SupportedLocales]
08/08/26 03:54:19.537507 pid=91 handle_get_value: com.apple.configurator.xpc.DeviceService attempting to get [SerialNumber]
08/08/26 03:54:19.538127 pid=91 handle_get_value: com.apple.configurator.xpc.DeviceService attempting to get [BluetoothAddress]
08/08/26 03:54:19.538934 pid=91 handle_get_value: com.apple.configurator.xpc.DeviceService attempting to get [EthernetAddress]
08/08/26 03:54:19.539476 pid=91 handle_get_value: com.apple.configurator.xpc.DeviceService attempting to get [PhoneNumber]
08/08/26 03:54:19.646114 pid=91 handle_get_value: com.apple.configurator.xpc.DeviceService attempting to get [com.apple.mobile.backup]:[WillEncrypt]
08/08/26 03:54:19.646136 pid=91 special_case_get: key WillEncrypt
08/08/26 03:54:19.646835 pid=91 handle_get_value: com.apple.configurator.xpc.DeviceService attempting to get [DeviceColor]
08/08/26 03:54:19.647257 pid=91 handle_get_value: com.apple.configurator.xpc.DeviceService attempting to get [com.apple.mobile.battery]:[BatteryCurrentCapacity]
08/08/26 03:54:19.648281 pid=91 handle_get_value: com.apple.configurator.xpc.DeviceService attempting to get [IntegratedCircuitCardIdentity2]
08/08/26 03:54:19.649754 pid=91 handle_get_value: com.apple.configurator.xpc.DeviceService attempting to get [MultiUserLoginWindow]
08/08/26 03:54:19.650423 pid=91 handle_get_value: com.apple.configurator.xpc.DeviceService attempting to get [InternationalMobileEquipmentIdentity2]
08/08/26 03:54:19.651851 pid=91 handle_get_value: com.apple.configurator.xpc.DeviceService attempting to get [com.apple.mobile.backup]:[CloudBackupEnabled]
08/08/26 03:54:19.651866 pid=91 special_case_get: key CloudBackupEnabled
08/08/26 03:54:19.652434 pid=91 handle_get_value: com.apple.configurator.xpc.DeviceService attempting to get [com.apple.configurator]:[Tags]
08/08/26 03:54:19.652450 pid=91 set_response_error: handle_get_value MissingValue
08/08/26 03:54:19.653201 pid=91 handle_get_value: com.apple.configurator.xpc.DeviceService attempting to get [ProductionSOC]
08/08/26 03:54:19.653841 pid=91 handle_get_value: com.apple.configurator.xpc.DeviceService attempting to get [PhoneNumber2]
08/08/26 03:54:19.655764 pid=91 handle_get_value: com.apple.configurator.xpc.DeviceService attempting to get [IntegratedCircuitCardIdentity]
08/08/26 03:54:19.657046 pid=91 handle_get_value: com.apple.configurator.xpc.DeviceService attempting to get [com.apple.mobile.backup]:[RequiresEncryption]
08/08/26 03:54:19.657060 pid=91 special_case_get: key RequiresEncryption
08/08/26 03:54:19.657723 pid=91 handle_get_value: com.apple.configurator.xpc.DeviceService attempting to get [DeviceEnclosureColor]
08/08/26 03:54:19.658388 pid=91 handle_get_value: com.apple.configurator.xpc.DeviceService attempting to get [com.apple.disk_usage]:[TotalDiskCapacity]
08/08/26 03:54:19.658453 pid=91 mglog: libMobileGestalt MobileGestalt.c:4244: statfs(/mnt4): No such file or directory
08/08/26 03:54:19.659735 pid=91 handle_get_value: com.apple.configurator.xpc.DeviceService attempting to get [com.apple.international]:[Language]
08/08/26 03:54:19.699108 pid=91 handle_get_value: com.apple.configurator.xpc.DeviceService attempting to get [ActivationState]
08/08/26 03:54:19.724367 pid=91 handle_get_value: com.apple.configurator.xpc.DeviceService attempting to get [HardwareModel]
08/08/26 03:54:19.732050 pid=91 handle_get_value: com.apple.configurator.xpc.DeviceService attempting to get [ProductVersion]
08/08/26 03:54:19.733245 pid=91 handle_get_value: com.apple.configurator.xpc.DeviceService attempting to get [ProductName]
08/08/26 03:54:19.914458 pid=91 handle_get_value: com.apple.configurator.xpc.DeviceService attempting to get [ProductVersion]
08/08/26 03:54:19.916833 pid=91 handle_get_value: com.apple.configurator.xpc.DeviceService attempting to get [ProductName]
08/08/26 03:54:20.714725 pid=91 handle_get_value: com.apple.configurator.xpc.DeviceService attempting to get [ActivationState]
08/08/26 03:54:20.728932 pid=91 handle_get_value: com.apple.configurator.xpc.DeviceService attempting to get [ProductVersion]
08/08/26 03:54:20.730711 pid=91 handle_get_value: com.apple.configurator.xpc.DeviceService attempting to get [ProductName]
08/08/26 03:54:20.752432 pid=91 handle_get_value: com.apple.configurator.xpc.DeviceService attempting to get [PasswordProtected]
08/08/26 03:54:20.753182 pid=91 handle_get_value: com.apple.configurator.xpc.DeviceService attempting to get [ProductVersion]
08/08/26 03:54:20.753787 pid=91 handle_get_value: com.apple.configurator.xpc.DeviceService attempting to get [ProductType]
08/08/26 03:54:20.754400 pid=91 handle_start_service_with_socket: com.apple.configurator.xpc.DeviceService attempting to spawn com.apple.mobile.MCInstall service.
08/08/26 03:54:20.757401 pid=91 spawn_xpc_service: service com.apple.mobile.MCInstall started
08/08/26 03:54:20.761285 pid=91 handle_get_value: com.apple.configurator.xpc.DeviceService attempting to get [ProductVersion]
08/08/26 03:54:20.762935 pid=91 handle_get_value: com.apple.configurator.xpc.DeviceService attempting to get [ProductName]
08/08/26 03:54:20.799100 pid=91 spawn_xpc_service_block_invoke: Received checkin acknowledgement from 'com.apple.mobile.MCInstall'
08/08/26 03:54:20.799186 pid=91 spawn_xpc_service_block_invoke: XPC_ERROR_CONNECTION_INVALID com.apple.mobile.MCInstall
08/08/26 03:54:21.509744 pid=91 handle_get_value: com.apple.configurator.xpc.DeviceService attempting to get [ProductVersion]
08/08/26 03:54:21.511516 pid=91 handle_get_value: com.apple.configurator.xpc.DeviceService attempting to get [ProductName]
08/08/26 03:54:21.541908 pid=91 handle_get_value: com.apple.configurator.xpc.DeviceService attempting to get [ProductVersion]
08/08/26 03:54:21.543800 pid=91 handle_get_value: com.apple.configurator.xpc.DeviceService attempting to get [ProductName]
08/08/26 03:54:21.561858 pid=91 handle_get_value: com.apple.configurator.xpc.DeviceService attempting to get [ActivationState]
08/08/26 03:54:21.569712 pid=91 handle_get_value: com.apple.configurator.xpc.DeviceService attempting to get [ProductVersion]
08/08/26 03:54:21.571464 pid=91 handle_get_value: com.apple.configurator.xpc.DeviceService attempting to get [ProductName]
08/08/26 03:54:21.588594 pid=91 handle_get_value: com.apple.configurator.xpc.DeviceService attempting to get [DeviceClass]
08/08/26 03:54:21.589172 pid=91 handle_get_value: com.apple.configurator.xpc.DeviceService attempting to get [PasswordProtected]
08/08/26 03:54:21.589731 pid=91 handle_start_service_with_socket: com.apple.configurator.xpc.DeviceService attempting to spawn com.apple.springboardservices service.
08/08/26 03:54:21.591636 pid=91 spawn_xpc_service: service lockdown.976961210.com.apple.springboardservices started
08/08/26 03:54:21.595574 pid=91 handle_get_value: com.apple.configurator.xpc.DeviceService attempting to get [ProductVersion]
08/08/26 03:54:21.597193 pid=91 handle_get_value: com.apple.configurator.xpc.DeviceService attempting to get [ProductName]
08/08/26 03:54:21.640540 pid=91 spawn_xpc_service_block_invoke: Received checkin acknowledgement from 'lockdown.976961210.com.apple.springboardservices'
08/08/26 03:54:21.640624 pid=91 spawn_xpc_service_block_invoke: XPC_ERROR_CONNECTION_INVALID lockdown.976961210.com.apple.springboardservices
08/08/26 03:54:22.482445 pid=91 handle_get_value: com.apple.configurator.xpc.DeviceService attempting to get [ProductVersion]
08/08/26 03:54:22.485537 pid=91 handle_get_value: com.apple.configurator.xpc.DeviceService attempting to get [ProductName]
08/08/26 03:54:22.525294 pid=91 handle_get_value: com.apple.configurator.xpc.DeviceService attempting to get [ProductVersion]
08/08/26 03:54:22.527245 pid=91 handle_get_value: com.apple.configurator.xpc.DeviceService attempting to get [ProductName]
08/08/26 03:54:22.558526 pid=91 handle_get_value: com.apple.configurator.xpc.DeviceService attempting to get [ActivationState]
08/08/26 03:54:22.566499 pid=91 handle_get_value: com.apple.configurator.xpc.DeviceService attempting to get [ProductVersion]
08/08/26 03:54:22.568528 pid=91 handle_get_value: com.apple.configurator.xpc.DeviceService attempting to get [ProductName]
08/08/26 03:54:22.588900 pid=91 handle_get_value: com.apple.configurator.xpc.DeviceService attempting to get [PasswordProtected]
08/08/26 03:54:22.589535 pid=91 handle_start_service_with_socket: com.apple.configurator.xpc.DeviceService attempting to spawn com.apple.mobile.installation_proxy service.
08/08/26 03:54:22.590487 pid=91 spawn_xpc_service: service com.apple.mobile.installation_proxy started
08/08/26 03:54:22.590821 pid=91 spawn_xpc_service_block_invoke: Received checkin acknowledgement from 'com.apple.mobile.installation_proxy'
08/08/26 03:54:22.590847 pid=91 spawn_xpc_service_block_invoke: XPC_ERROR_CONNECTION_INVALID com.apple.mobile.installation_proxy
08/08/26 03:54:22.596457 pid=91 handle_get_value: com.apple.configurator.xpc.DeviceService attempting to get [ProductVersion]
08/08/26 03:54:22.597840 pid=91 handle_get_value: com.apple.configurator.xpc.DeviceService attempting to get [ProductName]
08/08/26 03:54:22.614888 pid=91 handle_start_service_with_socket: com.apple.configurator.xpc.DeviceService attempting to spawn com.apple.mobile.installation_proxy service.
08/08/26 03:54:22.615337 pid=91 spawn_xpc_service: service com.apple.mobile.installation_proxy started
08/08/26 03:54:22.615506 pid=91 spawn_xpc_service_block_invoke: Received checkin acknowledgement from 'com.apple.mobile.installation_proxy'
08/08/26 03:54:22.615525 pid=91 spawn_xpc_service_block_invoke: XPC_ERROR_CONNECTION_INVALID com.apple.mobile.installation_proxy
08/08/26 03:54:22.670060 pid=91 handle_start_service_with_socket: com.apple.configurator.xpc.DeviceService attempting to spawn com.apple.mobile.installation_proxy service.
08/08/26 03:54:22.670436 pid=91 spawn_xpc_service: service com.apple.mobile.installation_proxy started
08/08/26 03:54:22.670550 pid=91 spawn_xpc_service_block_invoke: Received checkin acknowledgement from 'com.apple.mobile.installation_proxy'
08/08/26 03:54:22.670563 pid=91 spawn_xpc_service_block_invoke: XPC_ERROR_CONNECTION_INVALID com.apple.mobile.installation_proxy
08/08/26 03:54:22.697728 pid=91 handle_get_value: com.apple.configurator.xpc.DeviceService attempting to get [ProductVersion]
08/08/26 03:54:22.698831 pid=91 handle_get_value: com.apple.configurator.xpc.DeviceService attempting to get [ProductName]
08/08/26 03:54:22.708664 pid=91 handle_get_value: com.apple.configurator.xpc.DeviceService attempting to get [DeviceClass]
08/08/26 03:54:22.709022 pid=91 handle_get_value: com.apple.configurator.xpc.DeviceService attempting to get [PasswordProtected]
08/08/26 03:54:22.709501 pid=91 handle_start_service_with_socket: com.apple.configurator.xpc.DeviceService attempting to spawn com.apple.springboardservices service.
08/08/26 03:54:22.710439 pid=91 spawn_xpc_service: service lockdown.1003825427.com.apple.springboardservices started
08/08/26 03:54:22.713369 pid=91 handle_get_value: com.apple.configurator.xpc.DeviceService attempting to get [ProductVersion]
08/08/26 03:54:22.714517 pid=91 handle_get_value: com.apple.configurator.xpc.DeviceService attempting to get [ProductName]
08/08/26 03:54:22.733499 pid=91 spawn_xpc_service_block_invoke: Received checkin acknowledgement from 'lockdown.1003825427.com.apple.springboardservices'
08/08/26 03:54:22.733557 pid=91 spawn_xpc_service_block_invoke: XPC_ERROR_CONNECTION_INVALID lockdown.1003825427.com.apple.springboardservices
08/08/26 03:54:23.497087 pid=91 handle_get_value: com.apple.configurator.xpc.DeviceService attempting to get [ProductVersion]
08/08/26 03:54:23.498391 pid=91 handle_get_value: com.apple.configurator.xpc.DeviceService attempting to get [ProductName]
08/08/26 03:54:23.507789 pid=91 handle_get_value: com.apple.configurator.xpc.AirTrafficService attempting to get [ProductVersion]
08/08/26 03:54:23.509008 pid=91 handle_get_value: com.apple.configurator.xpc.AirTrafficService attempting to get [ProductName]
08/08/26 03:54:23.517105 pid=91 handle_start_service_with_socket: com.apple.configurator.xpc.DeviceService attempting to spawn com.apple.mobile.installation_proxy service.
08/08/26 03:54:23.518415 pid=91 spawn_xpc_service: service com.apple.mobile.installation_proxy started
08/08/26 03:54:23.518946 pid=91 spawn_xpc_service_block_invoke: Received checkin acknowledgement from 'com.apple.mobile.installation_proxy'
08/08/26 03:54:23.518996 pid=91 spawn_xpc_service_block_invoke: XPC_ERROR_CONNECTION_INVALID com.apple.mobile.installation_proxy
08/08/26 03:54:23.530794 pid=91 handle_get_value: com.apple.configurator.xpc.AirTrafficService attempting to get [ProductVersion]
08/08/26 03:54:23.531914 pid=91 handle_get_value: com.apple.configurator.xpc.AirTrafficService attempting to get [ProductName]
08/08/26 03:54:23.546860 pid=91 handle_start_service_with_socket: com.apple.configurator.xpc.AirTrafficService attempting to spawn com.apple.atc service.
08/08/26 03:54:23.548069 pid=91 spawn_xpc_service: service com.apple.atc started
08/08/26 03:54:23.550177 pid=91 spawn_xpc_service_block_invoke: Received checkin acknowledgement from 'com.apple.atc'
08/08/26 03:54:23.550196 pid=91 spawn_xpc_service_block_invoke: XPC_ERROR_CONNECTION_INVALID com.apple.atc
08/08/26 03:54:23.550761 pid=91 handle_get_value: com.apple.configurator.xpc.AirTrafficService attempting to get [ProductVersion]
08/08/26 03:54:23.552114 pid=91 handle_get_value: com.apple.configurator.xpc.AirTrafficService attempting to get [ProductName]
08/08/26 03:54:23.568245 pid=91 handle_get_value: com.apple.configurator.xpc.AirTrafficService attempting to get [ProductVersion]
08/08/26 03:54:23.569720 pid=91 handle_get_value: com.apple.configurator.xpc.AirTrafficService attempting to get [ProductName]
08/08/26 03:54:23.586180 pid=91 handle_get_value: com.apple.configurator.xpc.AirTrafficService attempting to get [ProductVersion]
08/08/26 03:54:23.587677 pid=91 handle_get_value: com.apple.configurator.xpc.AirTrafficService attempting to get [ProductName]
08/08/26 03:54:23.597842 pid=91 handle_start_service_with_socket: com.apple.configurator.xpc.AirTrafficService attempting to spawn com.apple.mobile.notification_proxy service.
08/08/26 03:54:23.598374 pid=91 spawn_xpc_service: service com.apple.mobile.notification_proxy started
08/08/26 03:54:23.598570 pid=91 spawn_xpc_service_block_invoke: Received checkin acknowledgement from 'com.apple.mobile.notification_proxy'
08/08/26 03:54:23.598580 pid=91 spawn_xpc_service_block_invoke: XPC_ERROR_CONNECTION_INVALID com.apple.mobile.notification_proxy
08/08/26 03:54:23.600476 pid=91 handle_get_value: com.apple.configurator.xpc.AirTrafficService attempting to get [ProductVersion]
08/08/26 03:54:23.601460 pid=91 handle_get_value: com.apple.configurator.xpc.AirTrafficService attempting to get [ProductName]
08/08/26 03:54:23.608914 pid=91 handle_start_service_with_socket: com.apple.configurator.xpc.DeviceService attempting to spawn com.apple.mobile.installation_proxy service.
08/08/26 03:54:23.609274 pid=91 spawn_xpc_service: service com.apple.mobile.installation_proxy started
08/08/26 03:54:23.609428 pid=91 spawn_xpc_service_block_invoke: Received checkin acknowledgement from 'com.apple.mobile.installation_proxy'
08/08/26 03:54:23.609438 pid=91 spawn_xpc_service_block_invoke: XPC_ERROR_CONNECTION_INVALID com.apple.mobile.installation_proxy
08/08/26 03:54:23.658510 pid=91 handle_get_value: com.apple.configurator.xpc.DeviceService attempting to get [ProductVersion]
08/08/26 03:54:23.660203 pid=91 handle_get_value: com.apple.configurator.xpc.DeviceService attempting to get [ProductName]
08/08/26 03:54:23.671807 pid=91 handle_get_value: com.apple.configurator.xpc.DeviceService attempting to get [DeviceClass]
08/08/26 03:54:23.672215 pid=91 handle_get_value: com.apple.configurator.xpc.DeviceService attempting to get [PasswordProtected]
08/08/26 03:54:23.672696 pid=91 handle_start_service_with_socket: com.apple.configurator.xpc.DeviceService attempting to spawn com.apple.springboardservices service.
08/08/26 03:54:23.673586 pid=91 spawn_xpc_service: service lockdown.1026941827.com.apple.springboardservices started
08/08/26 03:54:23.677098 pid=91 handle_get_value: com.apple.configurator.xpc.DeviceService attempting to get [ProductVersion]
08/08/26 03:54:23.678849 pid=91 handle_get_value: com.apple.configurator.xpc.DeviceService attempting to get [ProductName]
08/08/26 03:54:23.684544 pid=91 spawn_xpc_service_block_invoke: Received checkin acknowledgement from 'lockdown.1026941827.com.apple.springboardservices'
08/08/26 03:54:23.684592 pid=91 spawn_xpc_service_block_invoke: XPC_ERROR_CONNECTION_INVALID lockdown.1026941827.com.apple.springboardservices
08/08/26 03:55:52.717211 pid=91 main: Starting Up
08/08/26 03:55:52.765730 pid=91 mglog: libMobileGestalt MobileGestaltCache.c:360: Cache loaded with 6471 pre-cached in CacheData and 83 items in CacheExtra.
08/08/26 03:55:56.719165 pid=91 lockstart_local: Build version: 24A5390f
08/08/26 03:55:56.719708 pid=91 lockstart_local: Data Migration Completed: true
08/08/26 03:55:56.719869 pid=91 get_device_type_internal_block_invoke: product_type: iPhone16,2

08/08/26 03:55:56.719881 pid=91 get_device_type_internal_block_invoke: has_telephony: true, should_hactivate: false
08/08/26 03:55:56.719913 pid=91 get_device_type_internal_block_invoke: baseband_class: 3, cert_type 1
08/08/26 03:55:56.719919 pid=91 _load_product_type: using Raptor Certs
08/08/26 03:55:56.760998 pid=91 performBootSessionIntialization: Boot session changed (reboot detected).
08/08/26 03:55:56.761258 pid=91 data_ark_set_block_invoke: dirtied by changing -BootSessionID
08/08/26 03:55:56.761623 pid=91 data_ark_store_block_invoke: Saved.
08/08/26 03:55:56.763646 pid=91 handle_get_value: remotepairingdeviced attempting to get [com.apple.mobile.wireless_lockdown]:[EnableWifiConnections]
08/08/26 03:55:56.763690 pid=91 handle_get_value: remotepairingdeviced attempting to get [com.apple.mobile.wireless_lockdown]:[EnableWifiPairing]
08/08/26 03:55:56.763702 pid=91 set_response_error: handle_get_value MissingValue
08/08/26 03:55:56.767471 pid=91 handle_get_value: remotepairingdeviced attempting to get [com.apple.mobile.wireless_lockdown]:[EnableWifiDebugging]
08/08/26 03:55:56.768771 pid=91 handle_get_value: remotepairingdeviced attempting to get [com.apple.mobile.wireless_lockdown]:[EnableWifiPairing]
08/08/26 03:55:56.768785 pid=91 set_response_error: handle_get_value MissingValue
08/08/26 03:55:57.500261 pid=91 refresh_remote_services_block_invoke: Done resetting remote devices.
08/08/26 03:55:57.500328 pid=91 service_ark_load: Refreshed remote services.
08/08/26 03:55:57.500874 pid=91 update_bonjour_service_instance_name: Full service name is '3a:a4:f9:8e:a3:6c@fe80::38a4:f9ff:fe8e:a36c-supportsRP-26._apple-mobdev2._tcp.local.'.
08/08/26 03:55:59.837006 pid=91 notify_configd_block_invoke_2: Pinged configd, USB is now enabled.
08/08/26 03:55:59.888601 pid=91 update_bonjour_service_instance_name: Full service name is '64:48:42:53:90:89@fe80::6648:42ff:fe53:9089-supportsRP-26._apple-mobdev2._tcp.local.'.
08/08/26 03:55:59.893475 pid=91 dns_register_block_invoke: Registered DNS (syncing): _apple-mobdev2._tcp,915a07ee,8e2907e4,523805af,42480515
08/08/26 03:55:59.935703 pid=91 dns_register_block_invoke: Registered WOL.
08/08/26 03:56:10.132368 pid=91 main_block_invoke_2: com.apple.iokit.matching event: com.apple.lockdown.USB3.Device
08/08/26 03:56:10.270896 pid=91 main_block_invoke_2: com.apple.iokit.matching event: com.apple.lockdown.USB2.Device
08/08/26 03:56:13.891618 pid=91 handle_get_value: remotepairingdeviced attempting to get [com.apple.mobile.wireless_lockdown]:[EnableWifiConnections]
08/08/26 03:56:14.005280 pid=91 usb_host_connected_block_invoke: non-mux connection
08/08/26 03:56:14.008793 pid=91 bump_connection_count: Connection count is now 3.
08/08/26 03:56:14.008841 pid=91 usb_host_connected_block_invoke: mux connection
08/08/26 03:56:14.009230 pid=91 bump_connection_count: Connection count is now 4.
08/08/26 03:56:14.014121 pid=91 handle_get_value: usbmuxd attempting to get [ProductVersion]
08/08/26 03:56:14.017371 pid=91 handle_get_value: usbmuxd attempting to get [ProductName]
08/08/26 03:56:15.962799 pid=91 update_bonjour_service_instance_name: Full service name is '2a:8f:a6:2b:23:82@fe80::288f:a6ff:fe2b:2382-supportsRP-26._apple-mobdev2._tcp.local.'.
08/08/26 03:56:15.963914 pid=91 dns_unregister_block_invoke: Unregistered DNS (syncing).
08/08/26 03:56:15.980351 pid=91 dns_register_block_invoke: Registered DNS (syncing): _apple-mobdev2._tcp,915a07ee,8e2907e4,523805af,42480515
08/08/26 03:56:17.547686 pid=91 handle_get_value: com.apple.configurator.xpc.AirTrafficService attempting to get [UniqueChipID]
08/08/26 03:56:17.551615 pid=91 handle_get_value: com.apple.configurator.xpc.DeviceService attempting to get [UniqueChipID]
08/08/26 03:56:17.551973 pid=91 handle_get_value: AssetCacheTetheratorService attempting to get [UniqueChipID]
08/08/26 03:56:17.552032 pid=91 handle_get_value: MobileDeviceUpdater attempting to get [UniqueChipID]
08/08/26 03:56:17.554690 pid=91 handle_get_value: com.apple.configurator.xpc.DeviceService attempting to get [BoardId]
08/08/26 03:56:17.555008 pid=91 handle_get_value: AssetCacheTetheratorService attempting to get [BoardId]
08/08/26 03:56:17.555314 pid=91 handle_get_value: MobileDeviceUpdater attempting to get [BoardId]
08/08/26 03:56:17.557605 pid=91 handle_get_value: AssetCacheTetheratorService attempting to get [ChipID]
08/08/26 03:56:17.557884 pid=91 handle_get_value: MobileDeviceUpdater attempting to get [ChipID]
08/08/26 03:56:17.557912 pid=91 handle_get_value: com.apple.configurator.xpc.DeviceService attempting to get [ChipID]
08/08/26 03:56:17.563575 pid=91 handle_get_value: AssetCacheTetheratorService attempting to get [UniqueChipID]
08/08/26 03:56:17.564176 pid=91 handle_get_value: com.apple.configurator.xpc.DeviceService attempting to get [UniqueChipID]
08/08/26 03:56:17.564624 pid=91 handle_get_value: MobileDeviceUpdater attempting to get [UniqueChipID]
08/08/26 03:56:17.566447 pid=91 handle_get_value: AssetCacheTetheratorService attempting to get [ChipID]
08/08/26 03:56:17.566741 pid=91 handle_get_value: MobileDeviceUpdater attempting to get [ChipID]
08/08/26 03:56:17.566995 pid=91 handle_get_value: com.apple.configurator.xpc.DeviceService attempting to get [ChipID]
08/08/26 03:56:17.568730 pid=91 handle_get_value: AssetCacheTetheratorService attempting to get [BoardId]
08/08/26 03:56:17.568915 pid=91 handle_get_value: MobileDeviceUpdater attempting to get [BoardId]
08/08/26 03:56:17.569036 pid=91 handle_get_value: com.apple.configurator.xpc.DeviceService attempting to get [BoardId]
08/08/26 03:56:17.571119 pid=91 handle_get_value: MobileDeviceUpdater attempting to get [ProductVersion]
08/08/26 03:56:17.571300 pid=91 handle_get_value: com.apple.configurator.xpc.DeviceService attempting to get [ProductVersion]
08/08/26 03:56:17.571323 pid=91 handle_get_value: AssetCacheTetheratorService attempting to get [ProductVersion]
08/08/26 03:56:17.573005 pid=91 handle_get_value: com.apple.configurator.xpc.DeviceService attempting to get [ProductName]
08/08/26 03:56:17.573198 pid=91 handle_get_value: AssetCacheTetheratorService attempting to get [ProductName]
08/08/26 03:56:17.573352 pid=91 handle_get_value: MobileDeviceUpdater attempting to get [ProductName]
08/08/26 03:56:17.582189 pid=91 handle_get_value: MobileDeviceUpdater attempting to get [SecurityDomain]
08/08/26 03:56:17.582621 pid=91 handle_get_value: AssetCacheTetheratorService attempting to get [SecurityDomain]
08/08/26 03:56:17.585045 pid=91 handle_get_value: com.apple.configurator.xpc.DeviceService attempting to get [SecurityDomain]
08/08/26 03:56:17.585285 pid=91 handle_get_value: MobileDeviceUpdater attempting to get [UniqueChipID]
08/08/26 03:56:17.586952 pid=91 handle_get_value: AssetCacheTetheratorService attempting to get [UniqueChipID]
08/08/26 03:56:17.587184 pid=91 handle_get_value: MobileDeviceUpdater attempting to get [BoardId]
08/08/26 03:56:17.587261 pid=91 handle_get_value: com.apple.configurator.xpc.DeviceService attempting to get [UniqueChipID]
08/08/26 03:56:17.590015 pid=91 handle_get_value: com.apple.configurator.xpc.DeviceService attempting to get [MobileDeviceMinimumVersion]
08/08/26 03:56:17.590142 pid=91 handle_get_value: MobileDeviceUpdater attempting to get [ChipID]
08/08/26 03:56:17.593061 pid=91 handle_get_value: com.apple.configurator.xpc.DeviceService attempting to get [ProductVersion]
08/08/26 03:56:17.595623 pid=91 handle_get_value: AssetCacheTetheratorService attempting to get [ProductVersion]
08/08/26 03:56:17.597229 pid=91 handle_get_value: MobileDeviceUpdater attempting to get [DeviceName]
08/08/26 03:56:17.602647 pid=91 handle_get_value: AssetCacheTetheratorService attempting to get [ProductName]
08/08/26 03:56:17.603252 pid=91 handle_get_value: com.apple.configurator.xpc.DeviceService attempting to get [ProductName]
08/08/26 03:56:17.607042 pid=91 handle_get_value: com.apple.configurator.xpc.DeviceService attempting to get [BoardId]
08/08/26 03:56:17.612878 pid=91 handle_get_value: com.apple.configurator.xpc.DeviceService attempting to get [ChipID]
08/08/26 03:56:17.615114 pid=91 handle_get_value: com.apple.configurator.xpc.DeviceService attempting to get [BuildVersion]
08/08/26 03:56:17.615679 pid=91 handle_get_value: com.apple.configurator.xpc.DeviceService attempting to get [SupplementalBuildVersion]
08/08/26 03:56:17.616699 pid=91 handle_get_value: com.apple.configurator.xpc.DeviceService attempting to get [HumanReadableProductVersionString]
08/08/26 03:56:17.616722 pid=91 mglog: libMobileGestalt utility.c:338: Could not lookup ProductVersionExtra from dictionary
08/08/26 03:56:17.617289 pid=91 handle_get_value: com.apple.configurator.xpc.DeviceService attempting to get [ProductVersion]
08/08/26 03:56:17.617562 pid=91 handle_get_value: MobileDeviceUpdater attempting to get [ChipID]
08/08/26 03:56:17.617955 pid=91 handle_get_value: com.apple.configurator.xpc.DeviceService attempting to get [HardwareModel]
08/08/26 03:56:17.618701 pid=91 handle_get_value: com.apple.configurator.xpc.DeviceService attempting to get [MarketingVersion]
08/08/26 03:56:17.618708 pid=91 set_response_error: handle_get_value GetProhibited
08/08/26 03:56:17.619286 pid=91 handle_get_value: com.apple.configurator.xpc.DeviceService attempting to get [DeviceClass]
08/08/26 03:56:17.619540 pid=91 handle_get_value: MobileDeviceUpdater attempting to get [BoardId]
08/08/26 03:56:17.620012 pid=91 handle_get_value: com.apple.configurator.xpc.DeviceService attempting to get [UniqueChipID]
08/08/26 03:56:17.620807 pid=91 handle_get_value: com.apple.configurator.xpc.DeviceService attempting to get [ProductType]
08/08/26 03:56:17.621445 pid=91 handle_get_value: com.apple.configurator.xpc.DeviceService attempting to get [DeviceName]
08/08/26 03:56:17.621597 pid=91 handle_get_value: MobileDeviceUpdater attempting to get [ProductVersion]
08/08/26 03:56:17.623092 pid=91 handle_get_value: MobileDeviceUpdater attempting to get [ProductName]
08/08/26 03:56:17.623133 pid=91 handle_get_value: com.apple.configurator.xpc.DeviceService attempting to get [HardwareModel]
08/08/26 03:56:17.624734 pid=91 handle_get_value: MobileDeviceUpdater attempting to get [SecurityDomain]
08/08/26 03:56:17.626685 pid=91 handle_get_value: MobileDeviceUpdater attempting to get [DeviceEnclosureColor]
08/08/26 03:56:17.627386 pid=91 handle_get_value: com.apple.configurator.xpc.DeviceService attempting to get [ProductVersion]
08/08/26 03:56:17.628771 pid=91 handle_get_value: com.apple.configurator.xpc.DeviceService attempting to get [ProductName]
08/08/26 03:56:17.634912 pid=91 handle_get_value: MobileDeviceUpdater attempting to get [MobileDeviceMinimumVersion]
08/08/26 03:56:17.636611 pid=91 handle_get_value: MobileDeviceUpdater attempting to get [ProductVersion]
08/08/26 03:56:17.638486 pid=91 handle_get_value: MobileDeviceUpdater attempting to get [ProductName]
08/08/26 03:56:17.686040 pid=91 handle_get_value: AssetCacheTetheratorService attempting to get [ProductVersion]
08/08/26 03:56:17.688046 pid=91 handle_get_value: AssetCacheTetheratorService attempting to get [ProductName]
08/08/26 03:56:17.756154 pid=91 handle_set_value: AssetCacheTetheratorService attempting to set [com.apple.AssetCacheTetherator]:[address] to [192.168.234.1] of type 7
08/08/26 03:56:17.761808 pid=91 data_ark_remove_extended_block_invoke: dirtied by removing com.apple.AssetCacheTetherator-address
08/08/26 03:56:17.761830 pid=91 data_ark_set_block_invoke: dirtied by changing com.apple.AssetCacheTetherator-address
08/08/26 03:56:17.762465 pid=91 handle_set_value: AssetCacheTetheratorService attempting to set [com.apple.AssetCacheTetherator]:[port] to [49158] of type 22
08/08/26 03:56:17.762823 pid=91 data_ark_remove_extended_block_invoke: dirtied by removing com.apple.AssetCacheTetherator-port
08/08/26 03:56:17.762839 pid=91 data_ark_set_block_invoke: dirtied by changing com.apple.AssetCacheTetherator-port
08/08/26 03:56:17.763432 pid=91 handle_set_value: AssetCacheTetheratorService attempting to set [com.apple.AssetCacheTetherator]:[capabilities] to [{
    im = 1;
    ns = 1;
    pc = 1;
    "query-parameters" = 1;
    sc = 1;
    ur = 1;
}] of type 18
08/08/26 03:56:17.763724 pid=91 data_ark_remove_extended_block_invoke: dirtied by removing com.apple.AssetCacheTetherator-capabilities
08/08/26 03:56:17.763740 pid=91 data_ark_set_block_invoke: dirtied by changing com.apple.AssetCacheTetherator-capabilities
08/08/26 03:56:17.764537 pid=91 handle_set_value: AssetCacheTetheratorService attempting to set [com.apple.AssetCacheTetherator]:[guid] to [D256FC13-F09D-42C4-BD0A-83167BEA4628] of type 7
08/08/26 03:56:17.766343 pid=91 handle_get_value: com.apple.configurator.xpc.DeviceService attempting to get [ProductVersion]
08/08/26 03:56:17.766611 pid=91 data_ark_remove_extended_block_invoke: dirtied by removing com.apple.AssetCacheTetherator-guid
08/08/26 03:56:17.766627 pid=91 data_ark_set_block_invoke: dirtied by changing com.apple.AssetCacheTetherator-guid
08/08/26 03:56:17.768261 pid=91 data_ark_store_block_invoke: Saved.
08/08/26 03:56:17.769720 pid=91 handle_get_value: com.apple.configurator.xpc.DeviceService attempting to get [ProductName]
08/08/26 03:56:17.776363 pid=91 handle_get_value: AssetCacheTetheratorService attempting to get [ProductVersion]
08/08/26 03:56:17.777780 pid=91 handle_get_value: AssetCacheTetheratorService attempting to get [ProductName]
08/08/26 03:56:17.804126 pid=91 handle_get_value: com.apple.configurator.xpc.DeviceService attempting to get [PasswordProtected]
08/08/26 03:56:17.810660 pid=91 handle_get_value: com.apple.configurator.xpc.DeviceService attempting to get [ProductVersion]
08/08/26 03:56:17.812115 pid=91 handle_get_value: com.apple.configurator.xpc.DeviceService attempting to get [ProductName]
08/08/26 03:56:17.828876 pid=91 handle_get_value: AssetCacheTetheratorService attempting to get [DeviceName]
08/08/26 03:56:17.829421 pid=91 handle_get_value: AssetCacheTetheratorService attempting to get [SerialNumber]
08/08/26 03:56:17.939099 pid=91 handle_get_value: com.apple.configurator.xpc.DeviceService attempting to get [ProductVersion]
08/08/26 03:56:17.941015 pid=91 handle_get_value: com.apple.configurator.xpc.DeviceService attempting to get [ProductName]
08/08/26 03:56:18.066828 pid=91 handle_get_value: com.apple.configurator.xpc.DeviceService attempting to get [PasswordProtected]
08/08/26 03:56:18.081414 pid=91 handle_get_value: com.apple.configurator.xpc.DeviceService attempting to get [ProductVersion]
08/08/26 03:56:18.083025 pid=91 handle_get_value: com.apple.configurator.xpc.DeviceService attempting to get [ProductName]
08/08/26 03:56:18.269261 pid=91 handle_get_value: com.apple.configurator.xpc.DeviceService attempting to get [ProductVersion]
08/08/26 03:56:18.272167 pid=91 handle_get_value: com.apple.configurator.xpc.DeviceService attempting to get [ProductName]
08/08/26 03:56:18.974058 pid=91 handle_get_value: usbmuxd attempting to get [ProductVersion]
08/08/26 03:56:19.015314 pid=91 handle_get_value: usbmuxd attempting to get [ProductName]
08/08/26 03:56:19.245152 pid=91 handle_get_value: com.apple.configurator.xpc.DeviceService attempting to get [PasswordProtected]
08/08/26 03:56:19.267527 pid=91 handle_get_value: com.apple.configurator.xpc.DeviceService attempting to get [ProductVersion]
08/08/26 03:56:19.269629 pid=91 handle_get_value: com.apple.configurator.xpc.DeviceService attempting to get [ProductName]
08/08/26 03:56:19.390777 pid=91 handle_start_service_with_socket: usbmuxd attempting to spawn com.apple.mobile.heartbeat service.
08/08/26 03:56:19.392013 pid=91 handle_get_value: com.apple.configurator.xpc.DeviceService attempting to get [ProductVersion]
08/08/26 03:56:19.394744 pid=91 handle_get_value: com.apple.configurator.xpc.DeviceService attempting to get [ProductName]
08/08/26 03:56:19.394764 pid=91 spawn_xpc_service: service com.apple.mobile.heartbeat started
08/08/26 03:56:19.405414 pid=91 spawn_xpc_service_block_invoke: Received checkin acknowledgement from 'com.apple.mobile.heartbeat'
08/08/26 03:56:19.405473 pid=91 spawn_xpc_service_block_invoke: XPC_ERROR_CONNECTION_INVALID com.apple.mobile.heartbeat
08/08/26 03:56:19.439631 pid=91 handle_get_value: com.apple.configurator.xpc.DeviceService attempting to get [PasswordProtected]
08/08/26 03:56:19.442165 pid=91 handle_get_value: usbmuxd attempting to get [ProductVersion]
08/08/26 03:56:19.446345 pid=91 handle_get_value: com.apple.configurator.xpc.DeviceService attempting to get [ProductVersion]
08/08/26 03:56:19.447640 pid=91 handle_get_value: com.apple.configurator.xpc.DeviceService attempting to get [ProductName]
08/08/26 03:56:19.480121 pid=91 handle_get_value: com.apple.configurator.xpc.DeviceService attempting to get [WiFiAddress]
08/08/26 03:56:19.480852 pid=91 handle_get_value: com.apple.configurator.xpc.DeviceService attempting to get [BuildVersion]
08/08/26 03:56:19.481316 pid=91 handle_get_value: com.apple.configurator.xpc.DeviceService attempting to get [HumanReadableProductVersionString]
08/08/26 03:56:19.481446 pid=91 mglog: libMobileGestalt utility.c:338: Could not lookup ProductVersionExtra from dictionary
08/08/26 03:56:19.481969 pid=91 handle_get_value: com.apple.configurator.xpc.DeviceService attempting to get [HardwareModel]
08/08/26 03:56:19.482437 pid=91 handle_get_value: com.apple.configurator.xpc.DeviceService attempting to get [MarketingVersion]
08/08/26 03:56:19.482473 pid=91 set_response_error: handle_get_value GetProhibited
08/08/26 03:56:19.483034 pid=91 handle_get_value: com.apple.configurator.xpc.DeviceService attempting to get [ProductVersion]
08/08/26 03:56:19.483596 pid=91 handle_get_value: com.apple.configurator.xpc.DeviceService attempting to get [DeviceName]
08/08/26 03:56:19.484642 pid=91 handle_get_value: usbmuxd attempting to get [ProductName]
08/08/26 03:56:20.108948 pid=91 handle_get_value: com.apple.configurator.xpc.DeviceService attempting to get [SupplementalBuildVersion]
08/08/26 03:56:20.109811 pid=91 handle_get_value: com.apple.configurator.xpc.DeviceService attempting to get [ProductType]
08/08/26 03:56:20.113925 pid=91 handle_get_value: com.apple.configurator.xpc.DeviceService attempting to get [DeviceClass]
08/08/26 03:56:20.121710 pid=91 handle_get_value: com.apple.configurator.xpc.DeviceService attempting to get [ProductVersion]
08/08/26 03:56:20.140142 pid=91 handle_get_value: com.apple.configurator.xpc.DeviceService attempting to get [ProductName]
08/08/26 03:56:20.159154 pid=91 handle_get_value: com.apple.configurator.xpc.DeviceService attempting to get [PasswordProtected]
08/08/26 03:56:20.159646 pid=91 handle_get_value: com.apple.configurator.xpc.DeviceService attempting to get [com.apple.mobile.battery]:[BatteryIsCharging]
08/08/26 03:56:20.160107 pid=91 handle_get_value: com.apple.configurator.xpc.DeviceService attempting to get [TelephonyCapability]
08/08/26 03:56:20.160474 pid=91 handle_get_value: com.apple.configurator.xpc.DeviceService attempting to get [com.apple.international]:[Locale]
08/08/26 03:56:20.379702 pid=91 handle_get_value: com.apple.configurator.xpc.DeviceService attempting to get [InternationalMobileEquipmentIdentity]
08/08/26 03:56:20.382763 pid=91 handle_get_value: com.apple.configurator.xpc.DeviceService attempting to get [com.apple.international]:[SupportedLanguages]
08/08/26 03:56:20.424059 pid=91 handle_get_value: com.apple.configurator.xpc.DeviceService attempting to get [com.apple.international]:[SupportedLocales]
08/08/26 03:56:20.521432 pid=91 handle_get_value: com.apple.configurator.xpc.DeviceService attempting to get [SerialNumber]
08/08/26 03:56:20.522109 pid=91 handle_get_value: com.apple.configurator.xpc.DeviceService attempting to get [BluetoothAddress]
08/08/26 03:56:20.522759 pid=91 handle_get_value: com.apple.configurator.xpc.DeviceService attempting to get [EthernetAddress]
08/08/26 03:56:20.523323 pid=91 handle_get_value: com.apple.configurator.xpc.DeviceService attempting to get [PhoneNumber]
08/08/26 03:56:20.525651 pid=91 handle_get_value: com.apple.configurator.xpc.DeviceService attempting to get [com.apple.mobile.backup]:[WillEncrypt]
08/08/26 03:56:20.525671 pid=91 special_case_get: key WillEncrypt
08/08/26 03:56:20.526234 pid=91 handle_get_value: com.apple.configurator.xpc.DeviceService attempting to get [DeviceColor]
08/08/26 03:56:20.526779 pid=91 handle_get_value: com.apple.configurator.xpc.DeviceService attempting to get [com.apple.mobile.battery]:[BatteryCurrentCapacity]
08/08/26 03:56:20.564373 pid=91 handle_get_value: com.apple.configurator.xpc.DeviceService attempting to get [IntegratedCircuitCardIdentity2]
08/08/26 03:56:20.565667 pid=91 handle_get_value: com.apple.configurator.xpc.DeviceService attempting to get [MultiUserLoginWindow]
08/08/26 03:56:20.566084 pid=91 handle_get_value: com.apple.configurator.xpc.DeviceService attempting to get [InternationalMobileEquipmentIdentity2]
08/08/26 03:56:20.567080 pid=91 handle_get_value: com.apple.configurator.xpc.DeviceService attempting to get [com.apple.mobile.backup]:[CloudBackupEnabled]
08/08/26 03:56:20.567089 pid=91 special_case_get: key CloudBackupEnabled
08/08/26 03:56:20.567504 pid=91 handle_get_value: com.apple.configurator.xpc.DeviceService attempting to get [com.apple.configurator]:[Tags]
08/08/26 03:56:20.567514 pid=91 set_response_error: handle_get_value MissingValue
08/08/26 03:56:20.568140 pid=91 handle_get_value: com.apple.configurator.xpc.DeviceService attempting to get [ProductionSOC]
08/08/26 03:56:20.568695 pid=91 handle_get_value: com.apple.configurator.xpc.DeviceService attempting to get [PhoneNumber2]
08/08/26 03:56:20.570110 pid=91 handle_get_value: com.apple.configurator.xpc.DeviceService attempting to get [IntegratedCircuitCardIdentity]
08/08/26 03:56:20.571107 pid=91 handle_get_value: com.apple.configurator.xpc.DeviceService attempting to get [com.apple.mobile.backup]:[RequiresEncryption]
08/08/26 03:56:20.571117 pid=91 special_case_get: key RequiresEncryption
08/08/26 03:56:20.571511 pid=91 handle_get_value: com.apple.configurator.xpc.DeviceService attempting to get [DeviceEnclosureColor]
08/08/26 03:56:20.572093 pid=91 handle_get_value: com.apple.configurator.xpc.DeviceService attempting to get [com.apple.disk_usage]:[TotalDiskCapacity]
08/08/26 03:56:20.572130 pid=91 mglog: libMobileGestalt MobileGestalt.c:4244: statfs(/mnt4): No such file or directory
08/08/26 03:56:20.573010 pid=91 handle_get_value: com.apple.configurator.xpc.DeviceService attempting to get [com.apple.international]:[Language]
08/08/26 03:56:20.618038 pid=91 handle_get_value: com.apple.configurator.xpc.DeviceService attempting to get [ActivationState]
08/08/26 03:56:20.621704 pid=91 handle_get_value: com.apple.configurator.xpc.DeviceService attempting to get [HardwareModel]
08/08/26 03:56:20.627442 pid=91 handle_get_value: com.apple.configurator.xpc.DeviceService attempting to get [ProductVersion]
08/08/26 03:56:20.628571 pid=91 handle_get_value: com.apple.configurator.xpc.DeviceService attempting to get [ProductName]
08/08/26 03:56:20.681132 pid=91 handle_get_value: com.apple.configurator.xpc.DeviceService attempting to get [ProductVersion]
08/08/26 03:56:20.682525 pid=91 handle_get_value: com.apple.configurator.xpc.DeviceService attempting to get [ProductName]
08/08/26 03:56:20.701935 pid=91 handle_get_value: com.apple.configurator.xpc.DeviceService attempting to get [PasswordProtected]
08/08/26 03:56:20.706957 pid=91 handle_get_value: com.apple.configurator.xpc.DeviceService attempting to get [ProductVersion]
08/08/26 03:56:20.708137 pid=91 handle_get_value: com.apple.configurator.xpc.DeviceService attempting to get [ProductName]
08/08/26 03:56:20.732877 pid=91 handle_get_value: com.apple.configurator.xpc.DeviceService attempting to get [ProductVersion]
08/08/26 03:56:20.734027 pid=91 handle_get_value: com.apple.configurator.xpc.DeviceService attempting to get [ProductName]
08/08/26 03:56:20.755014 pid=91 handle_get_value: com.apple.configurator.xpc.DeviceService attempting to get [PasswordProtected]
08/08/26 03:56:20.759945 pid=91 handle_get_value: com.apple.configurator.xpc.DeviceService attempting to get [ProductVersion]
08/08/26 03:56:20.761485 pid=91 handle_get_value: com.apple.configurator.xpc.DeviceService attempting to get [ProductName]
08/08/26 03:56:20.810419 pid=91 handle_get_value: com.apple.configurator.xpc.DeviceService attempting to get [ProductVersion]
08/08/26 03:56:20.811679 pid=91 handle_get_value: com.apple.configurator.xpc.DeviceService attempting to get [ProductName]
08/08/26 03:56:20.832890 pid=91 handle_get_value: com.apple.configurator.xpc.DeviceService attempting to get [PasswordProtected]
08/08/26 03:56:20.843797 pid=91 handle_get_value: com.apple.configurator.xpc.DeviceService attempting to get [ProductVersion]
08/08/26 03:56:20.845715 pid=91 handle_get_value: com.apple.configurator.xpc.DeviceService attempting to get [ProductName]
08/08/26 03:56:20.872040 pid=91 handle_get_value: com.apple.configurator.xpc.DeviceService attempting to get [ProductVersion]
08/08/26 03:56:20.873318 pid=91 handle_get_value: com.apple.configurator.xpc.DeviceService attempting to get [ProductName]
08/08/26 03:56:20.931089 pid=91 handle_get_value: com.apple.configurator.xpc.DeviceService attempting to get [PasswordProtected]
08/08/26 03:56:20.937526 pid=91 handle_get_value: com.apple.configurator.xpc.DeviceService attempting to get [ProductVersion]
08/08/26 03:56:20.940255 pid=91 handle_get_value: com.apple.configurator.xpc.DeviceService attempting to get [ProductName]
08/08/26 03:56:20.967249 pid=91 handle_get_value: com.apple.configurator.xpc.DeviceService attempting to get [PasswordProtected]
08/08/26 03:56:20.969571 pid=91 handle_get_value: com.apple.configurator.xpc.DeviceService attempting to get [DeviceClass]
08/08/26 03:56:20.970963 pid=91 handle_start_service_with_socket: com.apple.configurator.xpc.DeviceService attempting to spawn com.apple.mobile.notification_proxy service.
08/08/26 03:56:20.972228 pid=91 unlock_with_escrow: Starting service with bag=9498d47e64cfd82cb3ffb332cccb89f4c6b82076, 1304
08/08/26 03:56:21.003569 pid=91 spawn_xpc_service: service com.apple.mobile.notification_proxy started
08/08/26 03:56:21.009933 pid=91 handle_get_value: com.apple.configurator.xpc.DeviceService attempting to get [ProductVersion]
08/08/26 03:56:21.011725 pid=91 handle_get_value: com.apple.configurator.xpc.DeviceService attempting to get [ProductName]
08/08/26 03:56:21.034200 pid=91 spawn_xpc_service_block_invoke: Received checkin acknowledgement from 'com.apple.mobile.notification_proxy'
08/08/26 03:56:21.034224 pid=91 spawn_xpc_service_block_invoke: XPC_ERROR_CONNECTION_INVALID com.apple.mobile.notification_proxy
08/08/26 03:57:03.880480 pid=91 main: Starting Up
08/08/26 03:57:03.910374 pid=91 mglog: libMobileGestalt MobileGestaltCache.c:360: Cache loaded with 6471 pre-cached in CacheData and 83 items in CacheExtra.
08/08/26 03:57:07.440875 pid=91 lockstart_local: Build version: 24A5390f
08/08/26 03:57:07.445080 pid=91 lockstart_local: Data Migration Completed: true
08/08/26 03:57:07.445549 pid=91 get_device_type_internal_block_invoke: product_type: iPhone16,2

08/08/26 03:57:07.445579 pid=91 get_device_type_internal_block_invoke: has_telephony: true, should_hactivate: false
08/08/26 03:57:07.445596 pid=91 get_device_type_internal_block_invoke: baseband_class: 3, cert_type 1
08/08/26 03:57:07.445608 pid=91 _load_product_type: using Raptor Certs
08/08/26 03:57:07.499586 pid=91 performBootSessionIntialization: Boot session changed (reboot detected).
08/08/26 03:57:07.500436 pid=91 data_ark_set_block_invoke: dirtied by changing -BootSessionID
08/08/26 03:57:07.501075 pid=91 data_ark_store_block_invoke: Saved.
08/08/26 03:57:07.503002 pid=91 handle_get_value: remotepairingdeviced attempting to get [com.apple.mobile.wireless_lockdown]:[EnableWifiConnections]
08/08/26 03:57:07.503048 pid=91 handle_get_value: remotepairingdeviced attempting to get [com.apple.mobile.wireless_lockdown]:[EnableWifiPairing]
08/08/26 03:57:07.503059 pid=91 set_response_error: handle_get_value MissingValue
08/08/26 03:57:07.504471 pid=91 handle_get_value: remotepairingdeviced attempting to get [com.apple.mobile.wireless_lockdown]:[EnableWifiDebugging]
08/08/26 03:57:07.505230 pid=91 handle_get_value: remotepairingdeviced attempting to get [com.apple.mobile.wireless_lockdown]:[EnableWifiPairing]
08/08/26 03:57:07.505245 pid=91 set_response_error: handle_get_value MissingValue
08/08/26 03:57:08.523778 pid=91 refresh_remote_services_block_invoke: Done resetting remote devices.
08/08/26 03:57:08.523828 pid=91 service_ark_load: Refreshed remote services.
08/08/26 03:57:08.524470 pid=91 update_bonjour_service_instance_name: Full service name is '7f:22:2c:87:0e:b4@fe80::7d22:2cff:fe87:eb4-supportsRP-26._apple-mobdev2._tcp.local.'.
08/08/26 03:57:11.382851 pid=91 notify_configd_block_invoke_2: Pinged configd, USB is now enabled.
08/08/26 03:57:12.025548 pid=91 update_bonjour_service_instance_name: Full service name is 'fa:e8:c2:c3:df:6c@fe80::f8e8:c2ff:fec3:df6c-supportsRP-26._apple-mobdev2._tcp.local.'.
08/08/26 03:57:12.042125 pid=91 dns_register_block_invoke: Registered DNS (syncing): _apple-mobdev2._tcp,915a07ee,8e2907e4,523805af,42480515
08/08/26 03:57:12.186087 pid=91 dns_register_block_invoke: Registered WOL.
08/08/26 03:57:21.321915 pid=91 main_block_invoke_2: com.apple.iokit.matching event: com.apple.lockdown.USB3.Device
08/08/26 03:57:21.401926 pid=91 main_block_invoke_2: com.apple.iokit.matching event: com.apple.lockdown.USB2.Device
08/08/26 03:59:08.772951 pid=91 main: Starting Up
08/08/26 03:59:08.828765 pid=91 mglog: libMobileGestalt MobileGestaltCache.c:360: Cache loaded with 6471 pre-cached in CacheData and 83 items in CacheExtra.
08/08/26 03:59:14.332244 pid=91 lockstart_local: Build version: 24A5390f
08/08/26 03:59:14.332468 pid=91 lockstart_local: Data Migration Completed: true
08/08/26 03:59:14.332556 pid=91 get_device_type_internal_block_invoke: product_type: iPhone16,2

08/08/26 03:59:14.332566 pid=91 get_device_type_internal_block_invoke: has_telephony: true, should_hactivate: false
08/08/26 03:59:14.332572 pid=91 get_device_type_internal_block_invoke: baseband_class: 3, cert_type 1
08/08/26 03:59:14.332577 pid=91 _load_product_type: using Raptor Certs
08/08/26 03:59:14.365748 pid=91 performBootSessionIntialization: Boot session changed (reboot detected).
08/08/26 03:59:14.366298 pid=91 data_ark_set_block_invoke: dirtied by changing -BootSessionID
08/08/26 03:59:14.371221 pid=91 data_ark_store_block_invoke: Saved.
08/08/26 03:59:14.373071 pid=91 handle_get_value: remotepairingdeviced attempting to get [com.apple.mobile.wireless_lockdown]:[EnableWifiConnections]
08/08/26 03:59:14.373120 pid=91 handle_get_value: remotepairingdeviced attempting to get [com.apple.mobile.wireless_lockdown]:[EnableWifiPairing]
08/08/26 03:59:14.373132 pid=91 set_response_error: handle_get_value MissingValue
08/08/26 03:59:14.399501 pid=91 handle_get_value: remotepairingdeviced attempting to get [com.apple.mobile.wireless_lockdown]:[EnableWifiDebugging]
08/08/26 03:59:14.400255 pid=91 handle_get_value: remotepairingdeviced attempting to get [com.apple.mobile.wireless_lockdown]:[EnableWifiPairing]
08/08/26 03:59:14.400273 pid=91 set_response_error: handle_get_value MissingValue
08/08/26 03:59:14.713575 pid=91 refresh_remote_services_block_invoke: Done resetting remote devices.
08/08/26 03:59:14.713857 pid=91 service_ark_load: Refreshed remote services.
08/08/26 03:59:14.714265 pid=91 update_bonjour_service_instance_name: Full service name is 'cf:94:5d:c4:0e:18@fe80::cd94:5dff:fec4:e18-supportsRP-26._apple-mobdev2._tcp.local.'.
08/08/26 03:59:17.013349 pid=91 notify_configd_block_invoke_2: Pinged configd, USB is now enabled.
08/08/26 03:59:17.390369 pid=91 update_bonjour_service_instance_name: Full service name is 'f6:1e:fd:4d:60:c3@fe80::f41e:fdff:fe4d:60c3-supportsRP-26._apple-mobdev2._tcp.local.'.
08/08/26 03:59:17.399744 pid=91 dns_register_block_invoke: Registered DNS (syncing): _apple-mobdev2._tcp,915a07ee,8e2907e4,523805af,42480515
08/08/26 03:59:18.251048 pid=91 dns_register_block_invoke: Registered WOL.
08/08/26 03:59:20.609362 pid=91 handle_get_value: remotepairingdeviced attempting to get [com.apple.mobile.wireless_lockdown]:[EnableWifiConnections]
08/08/26 03:59:21.252348 pid=91 usb_host_connected_block_invoke: non-mux connection
08/08/26 03:59:21.254100 pid=91 bump_connection_count: Connection count is now 3.
08/08/26 03:59:21.258943 pid=91 usb_host_connected_block_invoke: mux connection
08/08/26 03:59:21.261794 pid=91 bump_connection_count: Connection count is now 4.
08/08/26 03:59:21.264452 pid=91 handle_get_value: usbmuxd attempting to get [ProductVersion]
08/08/26 03:59:21.271440 pid=91 handle_get_value: usbmuxd attempting to get [ProductName]
08/08/26 03:59:22.613409 pid=91 update_bonjour_service_instance_name: Full service name is '2a:8f:a6:2b:23:82@fe80::288f:a6ff:fe2b:2382-supportsRP-26._apple-mobdev2._tcp.local.'.
08/08/26 03:59:22.614654 pid=91 dns_unregister_block_invoke: Unregistered DNS (syncing).
08/08/26 03:59:22.629318 pid=91 dns_register_block_invoke: Registered DNS (syncing): _apple-mobdev2._tcp,915a07ee,8e2907e4,523805af,42480515
08/08/26 03:59:24.957825 pid=91 handle_get_value: com.apple.configurator.xpc.AirTrafficService attempting to get [UniqueChipID]
08/08/26 03:59:24.958317 pid=91 handle_get_value: com.apple.configurator.xpc.DeviceService attempting to get [UniqueChipID]
08/08/26 03:59:24.958463 pid=91 handle_get_value: AssetCacheTetheratorService attempting to get [UniqueChipID]
08/08/26 03:59:24.958703 pid=91 handle_get_value: MobileDeviceUpdater attempting to get [UniqueChipID]
08/08/26 03:59:24.960026 pid=91 handle_get_value: AssetCacheTetheratorService attempting to get [BoardId]
08/08/26 03:59:24.960030 pid=91 handle_get_value: com.apple.configurator.xpc.DeviceService attempting to get [BoardId]
08/08/26 03:59:24.960198 pid=91 handle_get_value: MobileDeviceUpdater attempting to get [BoardId]
08/08/26 03:59:24.961720 pid=91 handle_get_value: com.apple.configurator.xpc.DeviceService attempting to get [ChipID]
08/08/26 03:59:24.961891 pid=91 handle_get_value: MobileDeviceUpdater attempting to get [ChipID]
08/08/26 03:59:24.961998 pid=91 handle_get_value: AssetCacheTetheratorService attempting to get [ChipID]
08/08/26 03:59:24.963886 pid=91 handle_get_value: com.apple.configurator.xpc.DeviceService attempting to get [UniqueChipID]
08/08/26 03:59:24.963996 pid=91 handle_get_value: MobileDeviceUpdater attempting to get [UniqueChipID]
08/08/26 03:59:24.964140 pid=91 handle_get_value: AssetCacheTetheratorService attempting to get [UniqueChipID]
08/08/26 03:59:24.965962 pid=91 handle_get_value: com.apple.configurator.xpc.DeviceService attempting to get [ChipID]
08/08/26 03:59:24.965999 pid=91 handle_get_value: MobileDeviceUpdater attempting to get [ChipID]
08/08/26 03:59:24.966376 pid=91 handle_get_value: AssetCacheTetheratorService attempting to get [ChipID]
08/08/26 03:59:24.967827 pid=91 handle_get_value: com.apple.configurator.xpc.DeviceService attempting to get [BoardId]
08/08/26 03:59:24.967899 pid=91 handle_get_value: MobileDeviceUpdater attempting to get [BoardId]
08/08/26 03:59:24.968190 pid=91 handle_get_value: AssetCacheTetheratorService attempting to get [BoardId]
08/08/26 03:59:24.969417 pid=91 handle_get_value: com.apple.configurator.xpc.DeviceService attempting to get [ProductVersion]
08/08/26 03:59:24.969515 pid=91 handle_get_value: MobileDeviceUpdater attempting to get [ProductVersion]
08/08/26 03:59:24.969925 pid=91 handle_get_value: AssetCacheTetheratorService attempting to get [ProductVersion]
08/08/26 03:59:24.971245 pid=91 handle_get_value: MobileDeviceUpdater attempting to get [ProductName]
08/08/26 03:59:24.971273 pid=91 handle_get_value: com.apple.configurator.xpc.DeviceService attempting to get [ProductName]
08/08/26 03:59:24.971662 pid=91 handle_get_value: AssetCacheTetheratorService attempting to get [ProductName]
08/08/26 03:59:24.973178 pid=91 handle_get_value: MobileDeviceUpdater attempting to get [SecurityDomain]
08/08/26 03:59:24.973555 pid=91 handle_get_value: com.apple.configurator.xpc.DeviceService attempting to get [SecurityDomain]
08/08/26 03:59:24.973880 pid=91 handle_get_value: AssetCacheTetheratorService attempting to get [SecurityDomain]
08/08/26 03:59:24.976164 pid=91 handle_get_value: MobileDeviceUpdater attempting to get [UniqueChipID]
08/08/26 03:59:24.976825 pid=91 handle_get_value: com.apple.configurator.xpc.DeviceService attempting to get [UniqueChipID]
08/08/26 03:59:24.979377 pid=91 handle_get_value: AssetCacheTetheratorService attempting to get [UniqueChipID]
08/08/26 03:59:24.980339 pid=91 handle_get_value: com.apple.configurator.xpc.DeviceService attempting to get [MobileDeviceMinimumVersion]
08/08/26 03:59:24.980513 pid=91 handle_get_value: MobileDeviceUpdater attempting to get [BoardId]
08/08/26 03:59:24.986551 pid=91 handle_get_value: com.apple.configurator.xpc.DeviceService attempting to get [ProductVersion]
08/08/26 03:59:24.986749 pid=91 handle_get_value: MobileDeviceUpdater attempting to get [ChipID]
08/08/26 03:59:24.988800 pid=91 handle_get_value: AssetCacheTetheratorService attempting to get [ProductVersion]
08/08/26 03:59:24.990166 pid=91 handle_get_value: MobileDeviceUpdater attempting to get [DeviceName]
08/08/26 03:59:24.990933 pid=91 handle_get_value: com.apple.configurator.xpc.DeviceService attempting to get [ProductName]
08/08/26 03:59:24.993500 pid=91 handle_get_value: com.apple.configurator.xpc.DeviceService attempting to get [BoardId]
08/08/26 03:59:24.998084 pid=91 handle_get_value: AssetCacheTetheratorService attempting to get [ProductName]
08/08/26 03:59:24.999219 pid=91 handle_get_value: com.apple.configurator.xpc.DeviceService attempting to get [ChipID]
08/08/26 03:59:24.999222 pid=91 handle_get_value: MobileDeviceUpdater attempting to get [ChipID]
08/08/26 03:59:25.001427 pid=91 handle_get_value: MobileDeviceUpdater attempting to get [BoardId]
08/08/26 03:59:25.001561 pid=91 handle_get_value: com.apple.configurator.xpc.DeviceService attempting to get [BuildVersion]
08/08/26 03:59:25.002066 pid=91 handle_get_value: com.apple.configurator.xpc.DeviceService attempting to get [SupplementalBuildVersion]
08/08/26 03:59:25.002633 pid=91 handle_get_value: MobileDeviceUpdater attempting to get [ProductVersion]
08/08/26 03:59:25.002739 pid=91 handle_get_value: com.apple.configurator.xpc.DeviceService attempting to get [HumanReadableProductVersionString]
08/08/26 03:59:25.002778 pid=91 mglog: libMobileGestalt utility.c:338: Could not lookup ProductVersionExtra from dictionary
08/08/26 03:59:25.003229 pid=91 handle_get_value: com.apple.configurator.xpc.DeviceService attempting to get [ProductVersion]
08/08/26 03:59:25.003756 pid=91 handle_get_value: com.apple.configurator.xpc.DeviceService attempting to get [HardwareModel]
08/08/26 03:59:25.004034 pid=91 handle_get_value: MobileDeviceUpdater attempting to get [ProductName]
08/08/26 03:59:25.004171 pid=91 handle_get_value: com.apple.configurator.xpc.DeviceService attempting to get [MarketingVersion]
08/08/26 03:59:25.004193 pid=91 set_response_error: handle_get_value GetProhibited
08/08/26 03:59:25.004709 pid=91 handle_get_value: com.apple.configurator.xpc.DeviceService attempting to get [DeviceClass]
08/08/26 03:59:25.005101 pid=91 handle_get_value: com.apple.configurator.xpc.DeviceService attempting to get [UniqueChipID]
08/08/26 03:59:25.005295 pid=91 handle_get_value: MobileDeviceUpdater attempting to get [SecurityDomain]
08/08/26 03:59:25.005572 pid=91 handle_get_value: com.apple.configurator.xpc.DeviceService attempting to get [ProductType]
08/08/26 03:59:25.005960 pid=91 handle_get_value: com.apple.configurator.xpc.DeviceService attempting to get [DeviceName]
08/08/26 03:59:25.006690 pid=91 handle_get_value: MobileDeviceUpdater attempting to get [DeviceEnclosureColor]
08/08/26 03:59:25.009975 pid=91 handle_get_value: com.apple.configurator.xpc.DeviceService attempting to get [HardwareModel]
08/08/26 03:59:25.016229 pid=91 handle_get_value: MobileDeviceUpdater attempting to get [MobileDeviceMinimumVersion]
08/08/26 03:59:25.017672 pid=91 handle_get_value: MobileDeviceUpdater attempting to get [ProductVersion]
08/08/26 03:59:25.018969 pid=91 handle_get_value: MobileDeviceUpdater attempting to get [ProductName]
08/08/26 03:59:25.563590 pid=91 handle_get_value: com.apple.configurator.xpc.DeviceService attempting to get [ProductVersion]
08/08/26 03:59:25.565474 pid=91 handle_get_value: com.apple.configurator.xpc.DeviceService attempting to get [ProductName]
08/08/26 03:59:25.606084 pid=91 handle_get_value: AssetCacheTetheratorService attempting to get [ProductVersion]
08/08/26 03:59:25.607820 pid=91 handle_get_value: AssetCacheTetheratorService attempting to get [ProductName]
08/08/26 03:59:25.608232 pid=91 handle_get_value: com.apple.configurator.xpc.DeviceService attempting to get [PasswordProtected]
08/08/26 03:59:25.608807 pid=91 handle_start_service_with_socket: com.apple.configurator.xpc.DeviceService attempting to spawn com.apple.mobile.notification_proxy service.
08/08/26 03:59:25.610230 pid=91 spawn_xpc_service: service com.apple.mobile.notification_proxy started
08/08/26 03:59:25.615462 pid=91 handle_get_value: com.apple.configurator.xpc.DeviceService attempting to get [ProductVersion]
08/08/26 03:59:25.619544 pid=91 handle_get_value: com.apple.configurator.xpc.DeviceService attempting to get [ProductName]
08/08/26 03:59:25.624224 pid=91 spawn_xpc_service_block_invoke: Received checkin acknowledgement from 'com.apple.mobile.notification_proxy'
08/08/26 03:59:25.624263 pid=91 spawn_xpc_service_block_invoke: XPC_ERROR_CONNECTION_INVALID com.apple.mobile.notification_proxy
08/08/26 03:59:25.649501 pid=91 handle_set_value: AssetCacheTetheratorService attempting to set [com.apple.AssetCacheTetherator]:[address] to [192.168.234.1] of type 7
08/08/26 03:59:25.651508 pid=91 data_ark_remove_extended_block_invoke: dirtied by removing com.apple.AssetCacheTetherator-address
08/08/26 03:59:25.651561 pid=91 data_ark_set_block_invoke: dirtied by changing com.apple.AssetCacheTetherator-address
08/08/26 03:59:25.652157 pid=91 handle_set_value: AssetCacheTetheratorService attempting to set [com.apple.AssetCacheTetherator]:[port] to [49158] of type 22
08/08/26 03:59:25.652667 pid=91 data_ark_remove_extended_block_invoke: dirtied by removing com.apple.AssetCacheTetherator-port
08/08/26 03:59:25.652713 pid=91 data_ark_set_block_invoke: dirtied by changing com.apple.AssetCacheTetherator-port
08/08/26 03:59:25.653815 pid=91 handle_set_value: AssetCacheTetheratorService attempting to set [com.apple.AssetCacheTetherator]:[capabilities] to [{
    im = 1;
    ns = 1;
    pc = 1;
    "query-parameters" = 1;
    sc = 1;
    ur = 1;
}] of type 18
08/08/26 03:59:25.654394 pid=91 data_ark_remove_extended_block_invoke: dirtied by removing com.apple.AssetCacheTetherator-capabilities
08/08/26 03:59:25.654436 pid=91 data_ark_set_block_invoke: dirtied by changing com.apple.AssetCacheTetherator-capabilities
08/08/26 03:59:25.655165 pid=91 handle_set_value: AssetCacheTetheratorService attempting to set [com.apple.AssetCacheTetherator]:[guid] to [D256FC13-F09D-42C4-BD0A-83167BEA4628] of type 7
08/08/26 03:59:25.655532 pid=91 handle_get_value: com.apple.configurator.xpc.DeviceService attempting to get [ProductVersion]
08/08/26 03:59:25.655586 pid=91 data_ark_remove_extended_block_invoke: dirtied by removing com.apple.AssetCacheTetherator-guid
08/08/26 03:59:25.655621 pid=91 data_ark_set_block_invoke: dirtied by changing com.apple.AssetCacheTetherator-guid
08/08/26 03:59:25.656811 pid=91 data_ark_store_block_invoke: Saved.
08/08/26 03:59:25.657496 pid=91 handle_get_value: com.apple.configurator.xpc.DeviceService attempting to get [ProductName]
08/08/26 03:59:25.672148 pid=91 handle_get_value: AssetCacheTetheratorService attempting to get [ProductVersion]
08/08/26 03:59:25.675574 pid=91 handle_get_value: AssetCacheTetheratorService attempting to get [ProductName]
08/08/26 03:59:25.692128 pid=91 handle_get_value: com.apple.configurator.xpc.DeviceService attempting to get [ProductVersion]
08/08/26 03:59:25.693531 pid=91 handle_get_value: com.apple.configurator.xpc.DeviceService attempting to get [ProductName]
08/08/26 03:59:25.708086 pid=91 handle_get_value: AssetCacheTetheratorService attempting to get [DeviceName]
08/08/26 03:59:25.708272 pid=91 handle_get_value: com.apple.configurator.xpc.DeviceService attempting to get [ActivationState]
08/08/26 03:59:25.713170 pid=91 handle_get_value: com.apple.configurator.xpc.DeviceService attempting to get [ProductVersion]
08/08/26 03:59:25.714833 pid=91 handle_get_value: com.apple.configurator.xpc.DeviceService attempting to get [ProductName]
08/08/26 03:59:25.750270 pid=91 handle_get_value: com.apple.configurator.xpc.DeviceService attempting to get [DeviceClass]
08/08/26 03:59:25.751023 pid=91 handle_get_value: com.apple.configurator.xpc.DeviceService attempting to get [PasswordProtected]
08/08/26 03:59:25.751968 pid=91 handle_start_service_with_socket: com.apple.configurator.xpc.DeviceService attempting to spawn com.apple.springboardservices service.
08/08/26 03:59:25.756006 pid=91 spawn_xpc_service: service lockdown.786034028.com.apple.springboardservices started
08/08/26 03:59:25.760258 pid=91 handle_get_value: com.apple.configurator.xpc.DeviceService attempting to get [ProductVersion]
08/08/26 03:59:25.768213 pid=91 spawn_xpc_service_block_invoke: Received checkin acknowledgement from 'lockdown.786034028.com.apple.springboardservices'
08/08/26 03:59:25.768266 pid=91 spawn_xpc_service_block_invoke: XPC_ERROR_CONNECTION_INVALID lockdown.786034028.com.apple.springboardservices
08/08/26 03:59:25.768790 pid=91 handle_get_value: com.apple.configurator.xpc.DeviceService attempting to get [ProductName]
08/08/26 03:59:25.819502 pid=91 handle_get_value: AssetCacheTetheratorService attempting to get [SerialNumber]
08/08/26 03:59:26.799882 pid=91 handle_get_value: com.apple.configurator.xpc.DeviceService attempting to get [ProductVersion]
08/08/26 03:59:26.801273 pid=91 handle_get_value: com.apple.configurator.xpc.DeviceService attempting to get [ProductName]
08/08/26 03:59:26.841738 pid=91 handle_get_value: com.apple.configurator.xpc.DeviceService attempting to get [ProductVersion]
08/08/26 03:59:26.846536 pid=91 handle_get_value: com.apple.configurator.xpc.DeviceService attempting to get [ProductName]
08/08/26 03:59:26.884546 pid=91 handle_get_value: com.apple.configurator.xpc.DeviceService attempting to get [ActivationState]
08/08/26 03:59:26.892273 pid=91 handle_get_value: com.apple.configurator.xpc.DeviceService attempting to get [ProductVersion]
08/08/26 03:59:26.894190 pid=91 handle_get_value: com.apple.configurator.xpc.DeviceService attempting to get [ProductName]
08/08/26 03:59:26.948016 pid=91 handle_get_value: com.apple.configurator.xpc.DeviceService attempting to get [PasswordProtected]
08/08/26 03:59:26.948847 pid=91 handle_start_service_with_socket: com.apple.configurator.xpc.DeviceService attempting to spawn com.apple.mobile.installation_proxy service.
08/08/26 03:59:26.950102 pid=91 spawn_xpc_service: service com.apple.mobile.installation_proxy started
08/08/26 03:59:26.966106 pid=91 handle_get_value: com.apple.configurator.xpc.DeviceService attempting to get [ProductVersion]
08/08/26 03:59:26.967748 pid=91 handle_get_value: com.apple.configurator.xpc.DeviceService attempting to get [ProductName]
08/08/26 03:59:27.001073 pid=91 handle_start_service_with_socket: com.apple.configurator.xpc.DeviceService attempting to spawn com.apple.mobile.installation_proxy service.
08/08/26 03:59:27.002719 pid=91 spawn_xpc_service: service com.apple.mobile.installation_proxy started
08/08/26 03:59:27.033561 pid=91 spawn_xpc_service_block_invoke: Received checkin acknowledgement from 'com.apple.mobile.installation_proxy'
08/08/26 03:59:27.033585 pid=91 spawn_xpc_service_block_invoke: Received checkin acknowledgement from 'com.apple.mobile.installation_proxy'
08/08/26 03:59:27.033633 pid=91 spawn_xpc_service_block_invoke: XPC_ERROR_CONNECTION_INVALID com.apple.mobile.installation_proxy
08/08/26 03:59:27.033657 pid=91 spawn_xpc_service_block_invoke: XPC_ERROR_CONNECTION_INVALID com.apple.mobile.installation_proxy
08/08/26 03:59:27.585547 pid=91 handle_start_service_with_socket: com.apple.configurator.xpc.DeviceService attempting to spawn com.apple.mobile.installation_proxy service.
08/08/26 03:59:27.586418 pid=91 spawn_xpc_service: service com.apple.mobile.installation_proxy started
08/08/26 03:59:27.586621 pid=91 spawn_xpc_service_block_invoke: Received checkin acknowledgement from 'com.apple.mobile.installation_proxy'
08/08/26 03:59:27.586641 pid=91 spawn_xpc_service_block_invoke: XPC_ERROR_CONNECTION_INVALID com.apple.mobile.installation_proxy
08/08/26 03:59:27.625142 pid=91 handle_get_value: com.apple.configurator.xpc.DeviceService attempting to get [ProductVersion]
08/08/26 03:59:27.627186 pid=91 handle_get_value: com.apple.configurator.xpc.DeviceService attempting to get [ProductName]
08/08/26 03:59:28.129333 pid=91 handle_get_value: com.apple.configurator.xpc.DeviceService attempting to get [DeviceClass]
08/08/26 03:59:28.129968 pid=91 handle_get_value: com.apple.configurator.xpc.DeviceService attempting to get [PasswordProtected]
08/08/26 03:59:28.130685 pid=91 handle_start_service_with_socket: com.apple.configurator.xpc.DeviceService attempting to spawn com.apple.springboardservices service.
08/08/26 03:59:28.132836 pid=91 spawn_xpc_service: service lockdown.843105063.com.apple.springboardservices started
08/08/26 03:59:28.137353 pid=91 handle_get_value: com.apple.configurator.xpc.DeviceService attempting to get [ProductVersion]
08/08/26 03:59:28.139023 pid=91 handle_get_value: com.apple.configurator.xpc.DeviceService attempting to get [ProductName]
08/08/26 03:59:28.206949 pid=91 spawn_xpc_service_block_invoke: Received checkin acknowledgement from 'lockdown.843105063.com.apple.springboardservices'
08/08/26 03:59:28.207009 pid=91 spawn_xpc_service_block_invoke: XPC_ERROR_CONNECTION_INVALID lockdown.843105063.com.apple.springboardservices
08/08/26 03:59:29.136250 pid=91 handle_get_value: com.apple.configurator.xpc.DeviceService attempting to get [ProductVersion]
08/08/26 03:59:29.138033 pid=91 handle_get_value: com.apple.configurator.xpc.DeviceService attempting to get [ProductName]
08/08/26 03:59:29.168530 pid=91 handle_start_service_with_socket: com.apple.configurator.xpc.DeviceService attempting to spawn com.apple.mobile.installation_proxy service.
08/08/26 03:59:29.169424 pid=91 spawn_xpc_service: service com.apple.mobile.installation_proxy started
08/08/26 03:59:29.169743 pid=91 spawn_xpc_service_block_invoke: Received checkin acknowledgement from 'com.apple.mobile.installation_proxy'
08/08/26 03:59:29.169778 pid=91 spawn_xpc_service_block_invoke: XPC_ERROR_CONNECTION_INVALID com.apple.mobile.installation_proxy
08/08/26 03:59:29.274537 pid=91 handle_start_service_with_socket: com.apple.configurator.xpc.DeviceService attempting to spawn com.apple.mobile.installation_proxy service.
08/08/26 03:59:29.274956 pid=91 spawn_xpc_service: service com.apple.mobile.installation_proxy started
08/08/26 03:59:29.275074 pid=91 spawn_xpc_service_block_invoke: Received checkin acknowledgement from 'com.apple.mobile.installation_proxy'
08/08/26 03:59:29.275088 pid=91 spawn_xpc_service_block_invoke: XPC_ERROR_CONNECTION_INVALID com.apple.mobile.installation_proxy
08/08/26 03:59:29.355032 pid=91 handle_get_value: com.apple.configurator.xpc.DeviceService attempting to get [ProductVersion]
08/08/26 03:59:29.356495 pid=91 handle_get_value: com.apple.configurator.xpc.DeviceService attempting to get [ProductName]
08/08/26 03:59:29.374382 pid=91 handle_get_value: com.apple.configurator.xpc.DeviceService attempting to get [DeviceClass]
08/08/26 03:59:29.374827 pid=91 handle_get_value: com.apple.configurator.xpc.DeviceService attempting to get [PasswordProtected]
08/08/26 03:59:29.375277 pid=91 handle_start_service_with_socket: com.apple.configurator.xpc.DeviceService attempting to spawn com.apple.springboardservices service.
08/08/26 03:59:29.376320 pid=91 spawn_xpc_service: service lockdown.872953586.com.apple.springboardservices started
08/08/26 03:59:29.379303 pid=91 handle_get_value: com.apple.configurator.xpc.DeviceService attempting to get [ProductVersion]
08/08/26 03:59:29.380786 pid=91 handle_get_value: com.apple.configurator.xpc.DeviceService attempting to get [ProductName]
08/08/26 03:59:29.426401 pid=91 spawn_xpc_service_block_invoke: Received checkin acknowledgement from 'lockdown.872953586.com.apple.springboardservices'
08/08/26 03:59:29.426568 pid=91 spawn_xpc_service_block_invoke: XPC_ERROR_CONNECTION_INVALID lockdown.872953586.com.apple.springboardservices
08/08/26 03:59:31.174541 pid=91 handle_get_value: com.apple.configurator.xpc.DeviceService attempting to get [ProductVersion]
08/08/26 03:59:31.175782 pid=91 handle_get_value: com.apple.configurator.xpc.DeviceService attempting to get [ProductName]
08/08/26 03:59:31.194677 pid=91 handle_get_value: com.apple.configurator.xpc.DeviceService attempting to get [HardwareModel]
08/08/26 03:59:31.195387 pid=91 handle_get_value: com.apple.configurator.xpc.DeviceService attempting to get [ProductType]
08/08/26 03:59:31.195958 pid=91 handle_get_value: com.apple.configurator.xpc.DeviceService attempting to get [ProductVersion]
08/08/26 03:59:31.201649 pid=91 handle_get_value: com.apple.configurator.xpc.DeviceService attempting to get [DeviceClass]
08/08/26 03:59:31.287490 pid=91 handle_get_value: com.apple.configurator.xpc.DeviceService attempting to get [ProductVersion]
08/08/26 03:59:31.289343 pid=91 handle_get_value: com.apple.configurator.xpc.DeviceService attempting to get [ProductName]
08/08/26 03:59:31.311805 pid=91 handle_get_value: com.apple.configurator.xpc.DeviceService attempting to get [ProductVersion]
08/08/26 03:59:31.313582 pid=91 handle_get_value: com.apple.configurator.xpc.DeviceService attempting to get [ProductName]
08/08/26 03:59:31.357289 pid=91 handle_get_value: com.apple.configurator.xpc.DeviceService attempting to get [ActivationState]
08/08/26 03:59:31.363723 pid=91 handle_get_value: com.apple.configurator.xpc.DeviceService attempting to get [ProductVersion]
08/08/26 03:59:31.365395 pid=91 handle_get_value: com.apple.configurator.xpc.DeviceService attempting to get [ProductName]
08/08/26 03:59:31.452398 pid=91 handle_get_value: com.apple.configurator.xpc.DeviceService attempting to get [PasswordProtected]
08/08/26 03:59:31.452999 pid=91 handle_start_service_with_socket: com.apple.configurator.xpc.DeviceService attempting to spawn com.apple.mobile.installation_proxy service.
08/08/26 03:59:31.453598 pid=91 spawn_xpc_service: service com.apple.mobile.installation_proxy started
08/08/26 03:59:31.453955 pid=91 spawn_xpc_service_block_invoke: Received checkin acknowledgement from 'com.apple.mobile.installation_proxy'
08/08/26 03:59:31.453971 pid=91 spawn_xpc_service_block_invoke: XPC_ERROR_CONNECTION_INVALID com.apple.mobile.installation_proxy
08/08/26 03:59:31.458491 pid=91 handle_get_value: com.apple.configurator.xpc.DeviceService attempting to get [ProductVersion]
08/08/26 03:59:31.459542 pid=91 handle_get_value: com.apple.configurator.xpc.DeviceService attempting to get [ProductName]
08/08/26 03:59:31.480375 pid=91 handle_start_service_with_socket: com.apple.configurator.xpc.DeviceService attempting to spawn com.apple.mobile.installation_proxy service.
08/08/26 03:59:31.481148 pid=91 spawn_xpc_service: service com.apple.mobile.installation_proxy started
08/08/26 03:59:31.481409 pid=91 spawn_xpc_service_block_invoke: Received checkin acknowledgement from 'com.apple.mobile.installation_proxy'
08/08/26 03:59:31.481509 pid=91 spawn_xpc_service_block_invoke: XPC_ERROR_CONNECTION_INVALID com.apple.mobile.installation_proxy
08/08/26 03:59:31.570932 pid=91 handle_start_service_with_socket: com.apple.configurator.xpc.DeviceService attempting to spawn com.apple.mobile.installation_proxy service.
08/08/26 03:59:31.571629 pid=91 spawn_xpc_service: service com.apple.mobile.installation_proxy started
08/08/26 03:59:31.571821 pid=91 spawn_xpc_service_block_invoke: Received checkin acknowledgement from 'com.apple.mobile.installation_proxy'
08/08/26 03:59:31.571840 pid=91 spawn_xpc_service_block_invoke: XPC_ERROR_CONNECTION_INVALID com.apple.mobile.installation_proxy
08/08/26 03:59:31.607668 pid=91 handle_get_value: com.apple.configurator.xpc.DeviceService attempting to get [ProductVersion]
08/08/26 03:59:31.609138 pid=91 handle_get_value: com.apple.configurator.xpc.DeviceService attempting to get [ProductName]
08/08/26 03:59:32.771238 pid=91 handle_get_value: com.apple.configurator.xpc.DeviceService attempting to get [DeviceClass]
08/08/26 03:59:32.772382 pid=91 handle_get_value: com.apple.configurator.xpc.DeviceService attempting to get [PasswordProtected]
08/08/26 03:59:32.773601 pid=91 handle_start_service_with_socket: com.apple.configurator.xpc.DeviceService attempting to spawn com.apple.springboardservices service.
08/08/26 03:59:32.787104 pid=91 spawn_xpc_service: service lockdown.954781122.com.apple.springboardservices started
08/08/26 03:59:32.792138 pid=91 handle_get_value: com.apple.configurator.xpc.DeviceService attempting to get [ProductVersion]
08/08/26 03:59:32.803272 pid=91 handle_get_value: com.apple.configurator.xpc.DeviceService attempting to get [ProductName]
08/08/26 03:59:32.889634 pid=91 spawn_xpc_service_block_invoke: Received checkin acknowledgement from 'lockdown.954781122.com.apple.springboardservices'
08/08/26 03:59:32.889742 pid=91 spawn_xpc_service_block_invoke: XPC_ERROR_CONNECTION_INVALID lockdown.954781122.com.apple.springboardservices
08/08/26 03:59:33.695936 pid=91 handle_get_value: com.apple.configurator.xpc.DeviceService attempting to get [ProductVersion]
08/08/26 03:59:33.703640 pid=91 handle_get_value: com.apple.configurator.xpc.DeviceService attempting to get [ProductName]
08/08/26 03:59:33.734649 pid=91 handle_start_service_with_socket: com.apple.configurator.xpc.DeviceService attempting to spawn com.apple.mobile.installation_proxy service.
08/08/26 03:59:33.738117 pid=91 spawn_xpc_service: service com.apple.mobile.installation_proxy started
08/08/26 03:59:33.738929 pid=91 spawn_xpc_service_block_invoke: Received checkin acknowledgement from 'com.apple.mobile.installation_proxy'
08/08/26 03:59:33.739028 pid=91 spawn_xpc_service_block_invoke: XPC_ERROR_CONNECTION_INVALID com.apple.mobile.installation_proxy
08/08/26 03:59:34.015321 pid=91 handle_start_service_with_socket: com.apple.configurator.xpc.DeviceService attempting to spawn com.apple.mobile.installation_proxy service.
08/08/26 03:59:34.015839 pid=91 spawn_xpc_service: service com.apple.mobile.installation_proxy started
08/08/26 03:59:34.015979 pid=91 spawn_xpc_service_block_invoke: Received checkin acknowledgement from 'com.apple.mobile.installation_proxy'
08/08/26 03:59:34.015993 pid=91 spawn_xpc_service_block_invoke: XPC_ERROR_CONNECTION_INVALID com.apple.mobile.installation_proxy
08/08/26 03:59:34.069780 pid=91 handle_get_value: com.apple.configurator.xpc.DeviceService attempting to get [ProductVersion]
08/08/26 03:59:34.071063 pid=91 handle_get_value: com.apple.configurator.xpc.DeviceService attempting to get [ProductName]
08/08/26 03:59:34.090326 pid=91 handle_get_value: com.apple.configurator.xpc.DeviceService attempting to get [DeviceClass]
08/08/26 03:59:34.090735 pid=91 handle_get_value: com.apple.configurator.xpc.DeviceService attempting to get [PasswordProtected]
08/08/26 03:59:34.091186 pid=91 handle_start_service_with_socket: com.apple.configurator.xpc.DeviceService attempting to spawn com.apple.springboardservices service.
08/08/26 03:59:34.092195 pid=91 spawn_xpc_service: service lockdown.986123345.com.apple.springboardservices started
08/08/26 03:59:34.094967 pid=91 handle_get_value: com.apple.configurator.xpc.DeviceService attempting to get [ProductVersion]
08/08/26 03:59:34.096256 pid=91 handle_get_value: com.apple.configurator.xpc.DeviceService attempting to get [ProductName]
08/08/26 03:59:34.243225 pid=91 spawn_xpc_service_block_invoke: Received checkin acknowledgement from 'lockdown.986123345.com.apple.springboardservices'
08/08/26 03:59:34.253316 pid=91 spawn_xpc_service_block_invoke: XPC_ERROR_CONNECTION_INVALID lockdown.986123345.com.apple.springboardservices
08/08/26 03:59:37.310202 pid=91 handle_get_value: com.apple.configurator.xpc.DeviceService attempting to get [ProductVersion]
08/08/26 03:59:37.311987 pid=91 handle_get_value: com.apple.configurator.xpc.DeviceService attempting to get [ProductName]
08/08/26 04:01:06.253000 pid=91 main: Starting Up
08/08/26 04:01:06.270204 pid=91 mglog: libMobileGestalt MobileGestaltCache.c:360: Cache loaded with 6471 pre-cached in CacheData and 83 items in CacheExtra.
08/08/26 04:01:10.110091 pid=91 lockstart_local: Build version: 24A5390f
08/08/26 04:01:10.110278 pid=91 lockstart_local: Data Migration Completed: true
08/08/26 04:01:10.110377 pid=91 get_device_type_internal_block_invoke: product_type: iPhone16,2

08/08/26 04:01:10.110387 pid=91 get_device_type_internal_block_invoke: has_telephony: true, should_hactivate: false
08/08/26 04:01:10.110394 pid=91 get_device_type_internal_block_invoke: baseband_class: 3, cert_type 1
08/08/26 04:01:10.110400 pid=91 _load_product_type: using Raptor Certs
08/08/26 04:01:10.197076 pid=91 performBootSessionIntialization: Boot session changed (reboot detected).
08/08/26 04:01:10.213233 pid=91 data_ark_set_block_invoke: dirtied by changing -BootSessionID
08/08/26 04:01:10.214786 pid=91 data_ark_store_block_invoke: Saved.
08/08/26 04:01:10.221458 pid=91 handle_get_value: remotepairingdeviced attempting to get [com.apple.mobile.wireless_lockdown]:[EnableWifiConnections]
08/08/26 04:01:10.223044 pid=91 handle_get_value: remotepairingdeviced attempting to get [com.apple.mobile.wireless_lockdown]:[EnableWifiDebugging]
08/08/26 04:01:10.223094 pid=91 handle_get_value: remotepairingdeviced attempting to get [com.apple.mobile.wireless_lockdown]:[EnableWifiPairing]
08/08/26 04:01:10.223107 pid=91 set_response_error: handle_get_value MissingValue
08/08/26 04:01:10.225552 pid=91 handle_get_value: remotepairingdeviced attempting to get [com.apple.mobile.wireless_lockdown]:[EnableWifiPairing]
08/08/26 04:01:10.225734 pid=91 set_response_error: handle_get_value MissingValue
08/08/26 04:01:10.793336 pid=91 refresh_remote_services_block_invoke: Done resetting remote devices.
08/08/26 04:01:10.793380 pid=91 service_ark_load: Refreshed remote services.
08/08/26 04:01:10.801678 pid=91 update_bonjour_service_instance_name: Full service name is 'de:16:95:3b:53:d3@fe80::dc16:95ff:fe3b:53d3-supportsRP-26._apple-mobdev2._tcp.local.'.
08/08/26 04:01:14.385457 pid=91 notify_configd_block_invoke_2: Pinged configd, USB is now enabled.
08/08/26 04:01:14.750057 pid=91 update_bonjour_service_instance_name: Full service name is '1a:68:14:5f:2e:77@fe80::1868:14ff:fe5f:2e77-supportsRP-26._apple-mobdev2._tcp.local.'.
08/08/26 04:01:14.755843 pid=91 dns_register_block_invoke: Registered DNS (syncing): _apple-mobdev2._tcp,915a07ee,8e2907e4,523805af,42480515
08/08/26 04:01:15.056315 pid=91 dns_register_block_invoke: Registered WOL.
08/08/26 04:01:23.899325 pid=91 main_block_invoke_2: com.apple.iokit.matching event: com.apple.lockdown.USB3.Device
08/08/26 04:01:23.989881 pid=91 main_block_invoke_2: com.apple.iokit.matching event: com.apple.lockdown.USB2.Device
08/08/26 04:06:30.013269 pid=91 handle_get_value: remotepairingdeviced attempting to get [com.apple.mobile.wireless_lockdown]:[EnableWifiConnections]
08/08/26 04:06:30.392366 pid=91 usb_host_connected_block_invoke: non-mux connection
08/08/26 04:06:30.396366 pid=91 bump_connection_count: Connection count is now 3.
08/08/26 04:06:30.396415 pid=91 usb_host_connected_block_invoke: mux connection
08/08/26 04:06:30.396516 pid=91 bump_connection_count: Connection count is now 4.
08/08/26 04:06:30.413154 pid=91 handle_get_value: usbmuxd attempting to get [ProductVersion]
08/08/26 04:06:30.415354 pid=91 handle_get_value: usbmuxd attempting to get [ProductName]
08/08/26 04:06:30.963851 pid=91 handle_get_value: AssetCacheTetheratorService attempting to get [UniqueChipID]
08/08/26 04:06:30.963939 pid=91 handle_get_value: com.apple.configurator.xpc.DeviceService attempting to get [UniqueChipID]
08/08/26 04:06:30.963979 pid=91 handle_get_value: MobileDeviceUpdater attempting to get [UniqueChipID]
08/08/26 04:06:30.964010 pid=91 handle_get_value: com.apple.configurator.xpc.AirTrafficService attempting to get [UniqueChipID]
08/08/26 04:06:30.990730 pid=91 handle_get_value: MobileDeviceUpdater attempting to get [BoardId]
08/08/26 04:06:30.990954 pid=91 handle_get_value: com.apple.configurator.xpc.DeviceService attempting to get [BoardId]
08/08/26 04:06:30.990984 pid=91 handle_get_value: AssetCacheTetheratorService attempting to get [BoardId]
08/08/26 04:06:30.993467 pid=91 handle_get_value: AssetCacheTetheratorService attempting to get [ChipID]
08/08/26 04:06:30.993509 pid=91 handle_get_value: com.apple.configurator.xpc.DeviceService attempting to get [ChipID]
08/08/26 04:06:30.994400 pid=91 handle_get_value: MobileDeviceUpdater attempting to get [ChipID]
08/08/26 04:06:30.994976 pid=91 handle_get_value: com.apple.configurator.xpc.DeviceService attempting to get [UniqueChipID]
08/08/26 04:06:30.995409 pid=91 handle_get_value: AssetCacheTetheratorService attempting to get [UniqueChipID]
08/08/26 04:06:30.995949 pid=91 handle_get_value: MobileDeviceUpdater attempting to get [UniqueChipID]
08/08/26 04:06:30.997000 pid=91 handle_get_value: com.apple.configurator.xpc.DeviceService attempting to get [ChipID]
08/08/26 04:06:30.997465 pid=91 handle_get_value: AssetCacheTetheratorService attempting to get [ChipID]
08/08/26 04:06:30.999098 pid=91 handle_get_value: MobileDeviceUpdater attempting to get [ChipID]
08/08/26 04:06:31.000398 pid=91 handle_get_value: AssetCacheTetheratorService attempting to get [BoardId]
08/08/26 04:06:31.001231 pid=91 handle_get_value: com.apple.configurator.xpc.DeviceService attempting to get [BoardId]
08/08/26 04:06:31.001262 pid=91 handle_get_value: MobileDeviceUpdater attempting to get [BoardId]
08/08/26 04:06:31.003685 pid=91 handle_get_value: com.apple.configurator.xpc.DeviceService attempting to get [ProductVersion]
08/08/26 04:06:31.003720 pid=91 handle_get_value: AssetCacheTetheratorService attempting to get [ProductVersion]
08/08/26 04:06:31.003750 pid=91 handle_get_value: MobileDeviceUpdater attempting to get [ProductVersion]
08/08/26 04:06:31.006009 pid=91 handle_get_value: AssetCacheTetheratorService attempting to get [ProductName]
08/08/26 04:06:31.006017 pid=91 handle_get_value: com.apple.configurator.xpc.DeviceService attempting to get [ProductName]
08/08/26 04:06:31.006128 pid=91 handle_get_value: MobileDeviceUpdater attempting to get [ProductName]
08/08/26 04:06:31.008426 pid=91 handle_get_value: MobileDeviceUpdater attempting to get [SecurityDomain]
08/08/26 04:06:31.008480 pid=91 handle_get_value: com.apple.configurator.xpc.DeviceService attempting to get [SecurityDomain]
08/08/26 04:06:31.008546 pid=91 handle_get_value: AssetCacheTetheratorService attempting to get [SecurityDomain]
08/08/26 04:06:31.010666 pid=91 handle_get_value: AssetCacheTetheratorService attempting to get [UniqueChipID]
08/08/26 04:06:31.010702 pid=91 handle_get_value: MobileDeviceUpdater attempting to get [UniqueChipID]
08/08/26 04:06:31.010729 pid=91 handle_get_value: com.apple.configurator.xpc.DeviceService attempting to get [UniqueChipID]
08/08/26 04:06:31.013129 pid=91 handle_get_value: MobileDeviceUpdater attempting to get [BoardId]
08/08/26 04:06:31.013806 pid=91 handle_get_value: com.apple.configurator.xpc.DeviceService attempting to get [MobileDeviceMinimumVersion]
08/08/26 04:06:31.016387 pid=91 handle_get_value: MobileDeviceUpdater attempting to get [ChipID]
08/08/26 04:06:31.016570 pid=91 handle_get_value: AssetCacheTetheratorService attempting to get [ProductVersion]
08/08/26 04:06:31.016601 pid=91 handle_get_value: com.apple.configurator.xpc.DeviceService attempting to get [ProductVersion]
08/08/26 04:06:31.018861 pid=91 handle_get_value: MobileDeviceUpdater attempting to get [DeviceName]
08/08/26 04:06:31.019234 pid=91 handle_get_value: AssetCacheTetheratorService attempting to get [ProductName]
08/08/26 04:06:31.019685 pid=91 handle_get_value: com.apple.configurator.xpc.DeviceService attempting to get [ProductName]
08/08/26 04:06:31.027239 pid=91 handle_get_value: com.apple.configurator.xpc.DeviceService attempting to get [BoardId]
08/08/26 04:06:31.028846 pid=91 handle_get_value: com.apple.configurator.xpc.DeviceService attempting to get [ChipID]
08/08/26 04:06:31.032569 pid=91 handle_get_value: com.apple.configurator.xpc.DeviceService attempting to get [BuildVersion]
08/08/26 04:06:31.196603 pid=91 handle_get_value: com.apple.configurator.xpc.DeviceService attempting to get [SupplementalBuildVersion]
08/08/26 04:06:31.198289 pid=91 handle_get_value: com.apple.configurator.xpc.DeviceService attempting to get [HumanReadableProductVersionString]
08/08/26 04:06:31.198320 pid=91 mglog: libMobileGestalt utility.c:338: Could not lookup ProductVersionExtra from dictionary
08/08/26 04:06:31.198517 pid=91 handle_get_value: MobileDeviceUpdater attempting to get [ChipID]
08/08/26 04:06:31.198703 pid=91 handle_get_value: com.apple.configurator.xpc.DeviceService attempting to get [ProductVersion]
08/08/26 04:06:31.199335 pid=91 handle_get_value: com.apple.configurator.xpc.DeviceService attempting to get [HardwareModel]
08/08/26 04:06:31.200405 pid=91 handle_get_value: MobileDeviceUpdater attempting to get [BoardId]
08/08/26 04:06:31.200445 pid=91 handle_get_value: com.apple.configurator.xpc.DeviceService attempting to get [MarketingVersion]
08/08/26 04:06:31.200454 pid=91 set_response_error: handle_get_value GetProhibited
08/08/26 04:06:31.201603 pid=91 handle_get_value: com.apple.configurator.xpc.DeviceService attempting to get [DeviceClass]
08/08/26 04:06:31.202251 pid=91 handle_get_value: com.apple.configurator.xpc.DeviceService attempting to get [UniqueChipID]
08/08/26 04:06:31.202290 pid=91 handle_get_value: MobileDeviceUpdater attempting to get [ProductVersion]
08/08/26 04:06:31.202876 pid=91 handle_get_value: com.apple.configurator.xpc.DeviceService attempting to get [ProductType]
08/08/26 04:06:31.203658 pid=91 handle_get_value: com.apple.configurator.xpc.DeviceService attempting to get [DeviceName]
08/08/26 04:06:31.203926 pid=91 handle_get_value: MobileDeviceUpdater attempting to get [ProductName]
08/08/26 04:06:31.205759 pid=91 handle_get_value: MobileDeviceUpdater attempting to get [SecurityDomain]
08/08/26 04:06:31.208024 pid=91 handle_get_value: MobileDeviceUpdater attempting to get [DeviceEnclosureColor]
08/08/26 04:06:31.216037 pid=91 handle_get_value: MobileDeviceUpdater attempting to get [MobileDeviceMinimumVersion]
08/08/26 04:06:31.225676 pid=91 handle_get_value: MobileDeviceUpdater attempting to get [ProductVersion]
08/08/26 04:06:31.237625 pid=91 handle_get_value: MobileDeviceUpdater attempting to get [ProductName]
08/08/26 04:06:31.246405 pid=91 handle_get_value: com.apple.configurator.xpc.DeviceService attempting to get [HardwareModel]
08/08/26 04:06:31.290765 pid=91 handle_get_value: AssetCacheTetheratorService attempting to get [ProductVersion]
08/08/26 04:06:31.395971 pid=91 handle_get_value: AssetCacheTetheratorService attempting to get [ProductName]
08/08/26 04:06:31.526516 pid=91 handle_set_value: AssetCacheTetheratorService attempting to set [com.apple.AssetCacheTetherator]:[address] to [192.168.234.1] of type 7
08/08/26 04:06:31.527193 pid=91 data_ark_remove_extended_block_invoke: dirtied by removing com.apple.AssetCacheTetherator-address
08/08/26 04:06:31.527213 pid=91 data_ark_set_block_invoke: dirtied by changing com.apple.AssetCacheTetherator-address
08/08/26 04:06:31.527728 pid=91 handle_set_value: AssetCacheTetheratorService attempting to set [com.apple.AssetCacheTetherator]:[port] to [49158] of type 22
08/08/26 04:06:31.527874 pid=91 data_ark_remove_extended_block_invoke: dirtied by removing com.apple.AssetCacheTetherator-port
08/08/26 04:06:31.527886 pid=91 data_ark_set_block_invoke: dirtied by changing com.apple.AssetCacheTetherator-port
08/08/26 04:06:31.528407 pid=91 handle_set_value: AssetCacheTetheratorService attempting to set [com.apple.AssetCacheTetherator]:[capabilities] to [{
    im = 1;
    ns = 1;
    pc = 1;
    "query-parameters" = 1;
    sc = 1;
    ur = 1;
}] of type 18
08/08/26 04:06:31.528535 pid=91 data_ark_remove_extended_block_invoke: dirtied by removing com.apple.AssetCacheTetherator-capabilities
08/08/26 04:06:31.528546 pid=91 data_ark_set_block_invoke: dirtied by changing com.apple.AssetCacheTetherator-capabilities
08/08/26 04:06:31.528964 pid=91 handle_set_value: AssetCacheTetheratorService attempting to set [com.apple.AssetCacheTetherator]:[guid] to [D256FC13-F09D-42C4-BD0A-83167BEA4628] of type 7
08/08/26 04:06:31.529086 pid=91 data_ark_remove_extended_block_invoke: dirtied by removing com.apple.AssetCacheTetherator-guid
08/08/26 04:06:31.529097 pid=91 data_ark_set_block_invoke: dirtied by changing com.apple.AssetCacheTetherator-guid
08/08/26 04:06:31.530388 pid=91 data_ark_store_block_invoke: Saved.
08/08/26 04:06:31.534102 pid=91 handle_get_value: AssetCacheTetheratorService attempting to get [ProductVersion]
08/08/26 04:06:31.535713 pid=91 handle_get_value: AssetCacheTetheratorService attempting to get [ProductName]
08/08/26 04:06:31.585516 pid=91 handle_get_value: AssetCacheTetheratorService attempting to get [DeviceName]
08/08/26 04:06:31.666512 pid=91 handle_get_value: AssetCacheTetheratorService attempting to get [SerialNumber]
08/08/26 04:06:31.761603 pid=91 update_bonjour_service_instance_name: Full service name is '2a:8f:a6:2b:23:82@fe80::288f:a6ff:fe2b:2382-supportsRP-26._apple-mobdev2._tcp.local.'.
08/08/26 04:06:31.763095 pid=91 dns_unregister_block_invoke: Unregistered DNS (syncing).
08/08/26 04:06:31.775782 pid=91 dns_register_block_invoke: Registered DNS (syncing): _apple-mobdev2._tcp,915a07ee,8e2907e4,523805af,42480515
08/08/26 04:06:31.803786 pid=91 handle_get_value: com.apple.configurator.xpc.DeviceService attempting to get [ProductVersion]
08/08/26 04:06:31.805378 pid=91 handle_get_value: com.apple.configurator.xpc.DeviceService attempting to get [ProductName]
08/08/26 04:06:31.860061 pid=91 handle_get_value: com.apple.configurator.xpc.DeviceService attempting to get [PasswordProtected]
08/08/26 04:06:31.860485 pid=91 handle_start_service_with_socket: com.apple.configurator.xpc.DeviceService attempting to spawn com.apple.mobile.notification_proxy service.
08/08/26 04:06:31.861138 pid=91 spawn_xpc_service: service com.apple.mobile.notification_proxy started
08/08/26 04:06:31.863835 pid=91 handle_get_value: com.apple.configurator.xpc.DeviceService attempting to get [ProductVersion]
08/08/26 04:06:31.865272 pid=91 handle_get_value: com.apple.configurator.xpc.DeviceService attempting to get [ProductName]
08/08/26 04:06:32.553209 pid=91 spawn_xpc_service_block_invoke: Received checkin acknowledgement from 'com.apple.mobile.notification_proxy'
08/08/26 04:06:32.553608 pid=91 spawn_xpc_service_block_invoke: XPC_ERROR_CONNECTION_INVALID com.apple.mobile.notification_proxy
08/08/26 04:06:32.629364 pid=91 handle_get_value: com.apple.configurator.xpc.DeviceService attempting to get [ProductVersion]
08/08/26 04:06:32.630825 pid=91 handle_get_value: com.apple.configurator.xpc.DeviceService attempting to get [ProductName]
08/08/26 04:06:32.745495 pid=91 handle_get_value: com.apple.configurator.xpc.DeviceService attempting to get [ProductVersion]
08/08/26 04:06:32.771461 pid=91 handle_get_value: com.apple.configurator.xpc.DeviceService attempting to get [ProductName]
08/08/26 04:06:32.810363 pid=91 handle_get_value: com.apple.configurator.xpc.DeviceService attempting to get [ActivationState]
08/08/26 04:06:32.828960 pid=91 handle_get_value: com.apple.configurator.xpc.DeviceService attempting to get [ProductVersion]
08/08/26 04:06:32.829970 pid=91 handle_get_value: com.apple.configurator.xpc.DeviceService attempting to get [ProductName]
08/08/26 04:06:32.886512 pid=91 handle_get_value: com.apple.configurator.xpc.DeviceService attempting to get [DeviceClass]
08/08/26 04:06:32.887105 pid=91 handle_get_value: com.apple.configurator.xpc.DeviceService attempting to get [PasswordProtected]
08/08/26 04:06:32.889808 pid=91 handle_start_service_with_socket: com.apple.configurator.xpc.DeviceService attempting to spawn com.apple.springboardservices service.
08/08/26 04:06:32.892438 pid=91 spawn_xpc_service: service lockdown.8185345294.com.apple.springboardservices started
08/08/26 04:06:32.895310 pid=91 handle_get_value: com.apple.configurator.xpc.DeviceService attempting to get [ProductVersion]
08/08/26 04:06:32.896624 pid=91 handle_get_value: com.apple.configurator.xpc.DeviceService attempting to get [ProductName]
08/08/26 04:06:32.939741 pid=91 spawn_xpc_service_block_invoke: Received checkin acknowledgement from 'lockdown.8185345294.com.apple.springboardservices'
08/08/26 04:06:32.939788 pid=91 spawn_xpc_service_block_invoke: XPC_ERROR_CONNECTION_INVALID lockdown.8185345294.com.apple.springboardservices
08/08/26 04:06:33.865919 pid=91 handle_get_value: com.apple.configurator.xpc.DeviceService attempting to get [ProductVersion]
08/08/26 04:06:33.867837 pid=91 handle_get_value: com.apple.configurator.xpc.DeviceService attempting to get [ProductName]
08/08/26 04:06:33.924402 pid=91 handle_get_value: com.apple.configurator.xpc.DeviceService attempting to get [ProductVersion]
08/08/26 04:06:33.926349 pid=91 handle_get_value: com.apple.configurator.xpc.DeviceService attempting to get [ProductName]
08/08/26 04:06:33.949245 pid=91 handle_get_value: com.apple.configurator.xpc.DeviceService attempting to get [ActivationState]
08/08/26 04:06:33.956203 pid=91 handle_get_value: com.apple.configurator.xpc.DeviceService attempting to get [ProductVersion]
08/08/26 04:06:33.957996 pid=91 handle_get_value: com.apple.configurator.xpc.DeviceService attempting to get [ProductName]
08/08/26 04:06:34.002945 pid=91 handle_get_value: com.apple.configurator.xpc.DeviceService attempting to get [PasswordProtected]
08/08/26 04:06:34.004332 pid=91 handle_start_service_with_socket: com.apple.configurator.xpc.DeviceService attempting to spawn com.apple.mobile.installation_proxy service.
08/08/26 04:06:34.005357 pid=91 spawn_xpc_service: service com.apple.mobile.installation_proxy started
08/08/26 04:06:34.039394 pid=91 spawn_xpc_service_block_invoke: Received checkin acknowledgement from 'com.apple.mobile.installation_proxy'
08/08/26 04:06:34.039422 pid=91 spawn_xpc_service_block_invoke: XPC_ERROR_CONNECTION_INVALID com.apple.mobile.installation_proxy
08/08/26 04:06:34.070879 pid=91 handle_get_value: com.apple.configurator.xpc.DeviceService attempting to get [ProductVersion]
08/08/26 04:06:34.072863 pid=91 handle_get_value: com.apple.configurator.xpc.DeviceService attempting to get [ProductName]
08/08/26 04:06:34.110710 pid=91 handle_start_service_with_socket: com.apple.configurator.xpc.DeviceService attempting to spawn com.apple.mobile.installation_proxy service.
08/08/26 04:06:34.118746 pid=91 spawn_xpc_service: service com.apple.mobile.installation_proxy started
08/08/26 04:06:34.119252 pid=91 spawn_xpc_service_block_invoke: Received checkin acknowledgement from 'com.apple.mobile.installation_proxy'
08/08/26 04:06:34.119338 pid=91 spawn_xpc_service_block_invoke: XPC_ERROR_CONNECTION_INVALID com.apple.mobile.installation_proxy
08/08/26 04:06:34.451083 pid=91 handle_start_service_with_socket: com.apple.configurator.xpc.DeviceService attempting to spawn com.apple.mobile.installation_proxy service.
08/08/26 04:06:34.451721 pid=91 spawn_xpc_service: service com.apple.mobile.installation_proxy started
08/08/26 04:06:34.451889 pid=91 spawn_xpc_service_block_invoke: Received checkin acknowledgement from 'com.apple.mobile.installation_proxy'
08/08/26 04:06:34.451903 pid=91 spawn_xpc_service_block_invoke: XPC_ERROR_CONNECTION_INVALID com.apple.mobile.installation_proxy
08/08/26 04:06:34.478746 pid=91 handle_get_value: com.apple.configurator.xpc.DeviceService attempting to get [ProductVersion]
08/08/26 04:06:34.479992 pid=91 handle_get_value: com.apple.configurator.xpc.DeviceService attempting to get [ProductName]
08/08/26 04:06:34.581439 pid=91 handle_get_value: com.apple.configurator.xpc.DeviceService attempting to get [DeviceClass]
08/08/26 04:06:34.582017 pid=91 handle_get_value: com.apple.configurator.xpc.DeviceService attempting to get [PasswordProtected]
08/08/26 04:06:34.582503 pid=91 handle_start_service_with_socket: com.apple.configurator.xpc.DeviceService attempting to spawn com.apple.springboardservices service.
08/08/26 04:06:34.872942 pid=91 spawn_xpc_service: service lockdown.8232866275.com.apple.springboardservices started
08/08/26 04:06:34.882760 pid=91 handle_get_value: com.apple.configurator.xpc.DeviceService attempting to get [ProductVersion]
08/08/26 04:06:34.887200 pid=91 spawn_xpc_service_block_invoke: Received checkin acknowledgement from 'lockdown.8232866275.com.apple.springboardservices'
08/08/26 04:06:34.887246 pid=91 spawn_xpc_service_block_invoke: XPC_ERROR_CONNECTION_INVALID lockdown.8232866275.com.apple.springboardservices
08/08/26 04:06:34.891004 pid=91 handle_get_value: com.apple.configurator.xpc.DeviceService attempting to get [ProductName]
08/08/26 04:06:35.717757 pid=91 handle_get_value: com.apple.configurator.xpc.DeviceService attempting to get [ProductVersion]
08/08/26 04:06:35.718982 pid=91 handle_get_value: com.apple.configurator.xpc.DeviceService attempting to get [ProductName]
08/08/26 04:06:35.788632 pid=91 handle_start_service_with_socket: com.apple.configurator.xpc.DeviceService attempting to spawn com.apple.mobile.installation_proxy service.
08/08/26 04:06:35.794497 pid=91 spawn_xpc_service: service com.apple.mobile.installation_proxy started
08/08/26 04:06:35.795636 pid=91 spawn_xpc_service_block_invoke: Received checkin acknowledgement from 'com.apple.mobile.installation_proxy'
08/08/26 04:06:35.795682 pid=91 spawn_xpc_service_block_invoke: XPC_ERROR_CONNECTION_INVALID com.apple.mobile.installation_proxy
08/08/26 04:06:35.899004 pid=91 handle_start_service_with_socket: com.apple.configurator.xpc.DeviceService attempting to spawn com.apple.mobile.installation_proxy service.
08/08/26 04:06:35.899496 pid=91 spawn_xpc_service: service com.apple.mobile.installation_proxy started
08/08/26 04:06:35.899639 pid=91 spawn_xpc_service_block_invoke: Received checkin acknowledgement from 'com.apple.mobile.installation_proxy'
08/08/26 04:06:35.899652 pid=91 spawn_xpc_service_block_invoke: XPC_ERROR_CONNECTION_INVALID com.apple.mobile.installation_proxy
08/08/26 04:06:35.955184 pid=91 handle_get_value: com.apple.configurator.xpc.DeviceService attempting to get [ProductVersion]
08/08/26 04:06:35.956843 pid=91 handle_get_value: com.apple.configurator.xpc.DeviceService attempting to get [ProductName]
08/08/26 04:06:35.992824 pid=91 handle_get_value: com.apple.configurator.xpc.DeviceService attempting to get [DeviceClass]
08/08/26 04:06:35.993444 pid=91 handle_get_value: com.apple.configurator.xpc.DeviceService attempting to get [PasswordProtected]
08/08/26 04:06:35.993954 pid=91 handle_start_service_with_socket: com.apple.configurator.xpc.DeviceService attempting to spawn com.apple.springboardservices service.
08/08/26 04:06:35.995032 pid=91 spawn_xpc_service: service lockdown.8259824691.com.apple.springboardservices started
08/08/26 04:06:35.998441 pid=91 handle_get_value: com.apple.configurator.xpc.DeviceService attempting to get [ProductVersion]
08/08/26 04:06:36.000237 pid=91 handle_get_value: com.apple.configurator.xpc.DeviceService attempting to get [ProductName]
08/08/26 04:06:36.006819 pid=91 spawn_xpc_service_block_invoke: Received checkin acknowledgement from 'lockdown.8259824691.com.apple.springboardservices'
08/08/26 04:06:36.006924 pid=91 spawn_xpc_service_block_invoke: XPC_ERROR_CONNECTION_INVALID lockdown.8259824691.com.apple.springboardservices
08/08/26 04:06:37.614099 pid=91 handle_get_value: com.apple.configurator.xpc.DeviceService attempting to get [ProductVersion]
08/08/26 04:06:37.619964 pid=91 handle_get_value: com.apple.configurator.xpc.DeviceService attempting to get [ProductName]
08/08/26 04:06:37.841188 pid=91 handle_get_value: com.apple.configurator.xpc.DeviceService attempting to get [HardwareModel]
08/08/26 04:06:37.842261 pid=91 handle_get_value: com.apple.configurator.xpc.DeviceService attempting to get [ProductType]
08/08/26 04:06:37.843149 pid=91 handle_get_value: com.apple.configurator.xpc.DeviceService attempting to get [ProductVersion]
08/08/26 04:06:37.847579 pid=91 handle_get_value: com.apple.configurator.xpc.DeviceService attempting to get [DeviceClass]
08/08/26 04:06:37.875062 pid=91 handle_get_value: com.apple.configurator.xpc.DeviceService attempting to get [ProductVersion]
08/08/26 04:06:37.877936 pid=91 handle_get_value: com.apple.configurator.xpc.DeviceService attempting to get [ProductName]
08/08/26 04:06:37.909925 pid=91 handle_get_value: com.apple.configurator.xpc.DeviceService attempting to get [WiFiAddress]
08/08/26 04:06:37.911119 pid=91 handle_get_value: com.apple.configurator.xpc.DeviceService attempting to get [BuildVersion]
08/08/26 04:06:37.912129 pid=91 handle_get_value: com.apple.configurator.xpc.DeviceService attempting to get [HumanReadableProductVersionString]
08/08/26 04:06:37.912647 pid=91 mglog: libMobileGestalt utility.c:338: Could not lookup ProductVersionExtra from dictionary
08/08/26 04:06:37.913642 pid=91 handle_get_value: com.apple.configurator.xpc.DeviceService attempting to get [HardwareModel]
08/08/26 04:06:37.914557 pid=91 handle_get_value: com.apple.configurator.xpc.DeviceService attempting to get [MarketingVersion]
08/08/26 04:06:37.914618 pid=91 set_response_error: handle_get_value GetProhibited
08/08/26 04:06:37.915660 pid=91 handle_get_value: com.apple.configurator.xpc.DeviceService attempting to get [ProductVersion]
08/08/26 04:06:37.916728 pid=91 handle_get_value: com.apple.configurator.xpc.DeviceService attempting to get [DeviceName]
08/08/26 04:06:37.918112 pid=91 handle_get_value: com.apple.configurator.xpc.DeviceService attempting to get [SupplementalBuildVersion]
08/08/26 04:06:37.919433 pid=91 handle_get_value: com.apple.configurator.xpc.DeviceService attempting to get [ProductType]
08/08/26 04:06:37.920479 pid=91 handle_get_value: com.apple.configurator.xpc.DeviceService attempting to get [DeviceClass]
08/08/26 04:06:37.928929 pid=91 handle_get_value: com.apple.configurator.xpc.DeviceService attempting to get [ProductVersion]
08/08/26 04:06:37.931761 pid=91 handle_get_value: com.apple.configurator.xpc.DeviceService attempting to get [ProductName]
08/08/26 04:06:37.987513 pid=91 handle_get_value: com.apple.configurator.xpc.DeviceService attempting to get [PasswordProtected]
08/08/26 04:06:37.988775 pid=91 handle_get_value: com.apple.configurator.xpc.DeviceService attempting to get [com.apple.mobile.battery]:[BatteryIsCharging]
08/08/26 04:06:37.990148 pid=91 handle_get_value: com.apple.configurator.xpc.DeviceService attempting to get [TelephonyCapability]
08/08/26 04:06:38.003034 pid=91 handle_get_value: com.apple.configurator.xpc.DeviceService attempting to get [com.apple.international]:[Locale]
08/08/26 04:06:38.175722 pid=91 handle_get_value: com.apple.configurator.xpc.DeviceService attempting to get [InternationalMobileEquipmentIdentity]
08/08/26 04:06:38.177468 pid=91 handle_get_value: com.apple.configurator.xpc.DeviceService attempting to get [com.apple.international]:[SupportedLanguages]
08/08/26 04:06:38.203913 pid=91 handle_get_value: com.apple.configurator.xpc.DeviceService attempting to get [com.apple.international]:[SupportedLocales]
08/08/26 04:06:38.231161 pid=91 handle_get_value: com.apple.configurator.xpc.DeviceService attempting to get [SerialNumber]
08/08/26 04:06:38.231625 pid=91 handle_get_value: com.apple.configurator.xpc.DeviceService attempting to get [BluetoothAddress]
08/08/26 04:06:38.232077 pid=91 handle_get_value: com.apple.configurator.xpc.DeviceService attempting to get [EthernetAddress]
08/08/26 04:06:38.232559 pid=91 handle_get_value: com.apple.configurator.xpc.DeviceService attempting to get [PhoneNumber]
08/08/26 04:06:38.234334 pid=91 handle_get_value: com.apple.configurator.xpc.DeviceService attempting to get [com.apple.mobile.backup]:[WillEncrypt]
08/08/26 04:06:38.234344 pid=91 special_case_get: key WillEncrypt
08/08/26 04:06:38.235048 pid=91 handle_get_value: com.apple.configurator.xpc.DeviceService attempting to get [DeviceColor]
08/08/26 04:06:38.235720 pid=91 handle_get_value: com.apple.configurator.xpc.DeviceService attempting to get [com.apple.mobile.battery]:[BatteryCurrentCapacity]
08/08/26 04:06:38.244990 pid=91 handle_get_value: com.apple.configurator.xpc.DeviceService attempting to get [IntegratedCircuitCardIdentity2]
08/08/26 04:06:38.245885 pid=91 handle_get_value: com.apple.configurator.xpc.DeviceService attempting to get [MultiUserLoginWindow]
08/08/26 04:06:38.246321 pid=91 handle_get_value: com.apple.configurator.xpc.DeviceService attempting to get [InternationalMobileEquipmentIdentity2]
08/08/26 04:06:38.247216 pid=91 handle_get_value: com.apple.configurator.xpc.DeviceService attempting to get [com.apple.mobile.backup]:[CloudBackupEnabled]
08/08/26 04:06:38.247224 pid=91 special_case_get: key CloudBackupEnabled
08/08/26 04:06:38.247619 pid=91 handle_get_value: com.apple.configurator.xpc.DeviceService attempting to get [com.apple.configurator]:[Tags]
08/08/26 04:06:38.247628 pid=91 set_response_error: handle_get_value MissingValue
08/08/26 04:06:38.248099 pid=91 handle_get_value: com.apple.configurator.xpc.DeviceService attempting to get [ProductionSOC]
08/08/26 04:06:38.248531 pid=91 handle_get_value: com.apple.configurator.xpc.DeviceService attempting to get [PhoneNumber2]
08/08/26 04:06:38.249641 pid=91 handle_get_value: com.apple.configurator.xpc.DeviceService attempting to get [IntegratedCircuitCardIdentity]
08/08/26 04:06:38.250676 pid=91 handle_get_value: com.apple.configurator.xpc.DeviceService attempting to get [com.apple.mobile.backup]:[RequiresEncryption]
08/08/26 04:06:38.250686 pid=91 special_case_get: key RequiresEncryption
08/08/26 04:06:38.251263 pid=91 handle_get_value: com.apple.configurator.xpc.DeviceService attempting to get [DeviceEnclosureColor]
08/08/26 04:06:38.251987 pid=91 handle_get_value: com.apple.configurator.xpc.DeviceService attempting to get [com.apple.disk_usage]:[TotalDiskCapacity]
08/08/26 04:06:38.252028 pid=91 mglog: libMobileGestalt MobileGestalt.c:4244: statfs(/mnt4): No such file or directory
08/08/26 04:06:38.253093 pid=91 handle_get_value: com.apple.configurator.xpc.DeviceService attempting to get [com.apple.international]:[Language]
08/08/26 04:06:38.278633 pid=91 handle_get_value: com.apple.configurator.xpc.DeviceService attempting to get [ActivationState]
08/08/26 04:06:38.281734 pid=91 handle_get_value: com.apple.configurator.xpc.DeviceService attempting to get [HardwareModel]
08/08/26 04:06:38.295419 pid=91 handle_get_value: com.apple.configurator.xpc.DeviceService attempting to get [ProductVersion]
08/08/26 04:06:38.296778 pid=91 handle_get_value: com.apple.configurator.xpc.DeviceService attempting to get [ProductName]
08/08/26 04:06:38.318052 pid=91 handle_get_value: com.apple.configurator.xpc.DeviceService attempting to get [ProductVersion]
08/08/26 04:06:38.319835 pid=91 handle_get_value: com.apple.configurator.xpc.DeviceService attempting to get [ProductName]
08/08/26 04:06:38.333532 pid=91 handle_get_value: com.apple.configurator.xpc.DeviceService attempting to get [ActivationState]
08/08/26 04:06:38.340333 pid=91 handle_get_value: com.apple.configurator.xpc.DeviceService attempting to get [ProductVersion]
08/08/26 04:06:38.342072 pid=91 handle_get_value: com.apple.configurator.xpc.DeviceService attempting to get [ProductName]
08/08/26 04:06:38.356383 pid=91 handle_get_value: com.apple.configurator.xpc.DeviceService attempting to get [PasswordProtected]
08/08/26 04:06:38.357076 pid=91 handle_get_value: com.apple.configurator.xpc.DeviceService attempting to get [ProductVersion]
08/08/26 04:06:38.357752 pid=91 handle_get_value: com.apple.configurator.xpc.DeviceService attempting to get [ProductType]
08/08/26 04:06:38.358317 pid=91 handle_start_service_with_socket: com.apple.configurator.xpc.DeviceService attempting to spawn com.apple.mobile.MCInstall service.
08/08/26 04:06:38.359107 pid=91 spawn_xpc_service: service com.apple.mobile.MCInstall started
08/08/26 04:06:38.362119 pid=91 handle_get_value: com.apple.configurator.xpc.DeviceService attempting to get [ProductVersion]
08/08/26 04:06:38.363424 pid=91 handle_get_value: com.apple.configurator.xpc.DeviceService attempting to get [ProductName]
08/08/26 04:06:38.392130 pid=91 spawn_xpc_service_block_invoke: Received checkin acknowledgement from 'com.apple.mobile.MCInstall'
08/08/26 04:06:38.392144 pid=91 spawn_xpc_service_block_invoke: XPC_ERROR_CONNECTION_INVALID com.apple.mobile.MCInstall
08/08/26 04:06:38.640245 pid=91 handle_get_value: com.apple.configurator.xpc.DeviceService attempting to get [ProductVersion]
08/08/26 04:06:38.641810 pid=91 handle_get_value: com.apple.configurator.xpc.DeviceService attempting to get [ProductName]
08/08/26 04:06:38.675074 pid=91 handle_get_value: com.apple.configurator.xpc.DeviceService attempting to get [ProductVersion]
08/08/26 04:06:38.676574 pid=91 handle_get_value: com.apple.configurator.xpc.DeviceService attempting to get [ProductName]
08/08/26 04:06:38.704001 pid=91 handle_get_value: com.apple.configurator.xpc.DeviceService attempting to get [ActivationState]
08/08/26 04:06:38.710015 pid=91 handle_get_value: com.apple.configurator.xpc.DeviceService attempting to get [ProductVersion]
08/08/26 04:06:38.711261 pid=91 handle_get_value: com.apple.configurator.xpc.DeviceService attempting to get [ProductName]
08/08/26 04:06:38.730797 pid=91 handle_get_value: com.apple.configurator.xpc.DeviceService attempting to get [DeviceClass]
08/08/26 04:06:38.731334 pid=91 handle_get_value: com.apple.configurator.xpc.DeviceService attempting to get [PasswordProtected]
08/08/26 04:06:38.731891 pid=91 handle_start_service_with_socket: com.apple.configurator.xpc.DeviceService attempting to spawn com.apple.springboardservices service.
08/08/26 04:06:38.734412 pid=91 spawn_xpc_service: service lockdown.8325557411.com.apple.springboardservices started
08/08/26 04:06:38.744483 pid=91 handle_get_value: com.apple.configurator.xpc.DeviceService attempting to get [ProductVersion]
08/08/26 04:06:38.745842 pid=91 handle_get_value: com.apple.configurator.xpc.DeviceService attempting to get [ProductName]
08/08/26 04:06:38.748198 pid=91 spawn_xpc_service_block_invoke: Received checkin acknowledgement from 'lockdown.8325557411.com.apple.springboardservices'
08/08/26 04:06:38.748244 pid=91 spawn_xpc_service_block_invoke: XPC_ERROR_CONNECTION_INVALID lockdown.8325557411.com.apple.springboardservices
08/08/26 04:06:39.540664 pid=91 handle_get_value: com.apple.configurator.xpc.DeviceService attempting to get [ProductVersion]
08/08/26 04:06:39.543233 pid=91 handle_get_value: com.apple.configurator.xpc.DeviceService attempting to get [ProductName]
08/08/26 04:06:39.647237 pid=91 handle_get_value: com.apple.configurator.xpc.DeviceService attempting to get [ProductVersion]
08/08/26 04:06:39.648762 pid=91 handle_get_value: com.apple.configurator.xpc.DeviceService attempting to get [ProductName]
08/08/26 04:06:39.676484 pid=91 handle_get_value: com.apple.configurator.xpc.DeviceService attempting to get [ActivationState]
08/08/26 04:06:39.683145 pid=91 handle_get_value: com.apple.configurator.xpc.DeviceService attempting to get [ProductVersion]
08/08/26 04:06:39.684556 pid=91 handle_get_value: com.apple.configurator.xpc.DeviceService attempting to get [ProductName]
08/08/26 04:06:39.711150 pid=91 handle_get_value: com.apple.configurator.xpc.DeviceService attempting to get [PasswordProtected]
08/08/26 04:06:39.711732 pid=91 handle_start_service_with_socket: com.apple.configurator.xpc.DeviceService attempting to spawn com.apple.mobile.installation_proxy service.
08/08/26 04:06:39.712672 pid=91 spawn_xpc_service: service com.apple.mobile.installation_proxy started
08/08/26 04:06:39.713015 pid=91 spawn_xpc_service_block_invoke: Received checkin acknowledgement from 'com.apple.mobile.installation_proxy'
08/08/26 04:06:39.713044 pid=91 spawn_xpc_service_block_invoke: XPC_ERROR_CONNECTION_INVALID com.apple.mobile.installation_proxy
08/08/26 04:06:39.718144 pid=91 handle_get_value: com.apple.configurator.xpc.DeviceService attempting to get [ProductVersion]
08/08/26 04:06:39.719443 pid=91 handle_get_value: com.apple.configurator.xpc.DeviceService attempting to get [ProductName]
08/08/26 04:06:39.798299 pid=91 handle_start_service_with_socket: com.apple.configurator.xpc.DeviceService attempting to spawn com.apple.mobile.installation_proxy service.
08/08/26 04:06:39.799484 pid=91 spawn_xpc_service: service com.apple.mobile.installation_proxy started
08/08/26 04:06:39.799849 pid=91 spawn_xpc_service_block_invoke: Received checkin acknowledgement from 'com.apple.mobile.installation_proxy'
08/08/26 04:06:39.799882 pid=91 spawn_xpc_service_block_invoke: XPC_ERROR_CONNECTION_INVALID com.apple.mobile.installation_proxy
08/08/26 04:06:39.866693 pid=91 handle_start_service_with_socket: com.apple.configurator.xpc.DeviceService attempting to spawn com.apple.mobile.installation_proxy service.
08/08/26 04:06:39.867268 pid=91 spawn_xpc_service: service com.apple.mobile.installation_proxy started
08/08/26 04:06:39.867450 pid=91 spawn_xpc_service_block_invoke: Received checkin acknowledgement from 'com.apple.mobile.installation_proxy'
08/08/26 04:06:39.867468 pid=91 spawn_xpc_service_block_invoke: XPC_ERROR_CONNECTION_INVALID com.apple.mobile.installation_proxy
08/08/26 04:06:39.902663 pid=91 handle_get_value: com.apple.configurator.xpc.DeviceService attempting to get [ProductVersion]
08/08/26 04:06:39.904374 pid=91 handle_get_value: com.apple.configurator.xpc.DeviceService attempting to get [ProductName]
08/08/26 04:06:39.930977 pid=91 handle_get_value: com.apple.configurator.xpc.DeviceService attempting to get [DeviceClass]
08/08/26 04:06:39.931471 pid=91 handle_get_value: com.apple.configurator.xpc.DeviceService attempting to get [PasswordProtected]
08/08/26 04:06:39.931926 pid=91 handle_start_service_with_socket: com.apple.configurator.xpc.DeviceService attempting to spawn com.apple.springboardservices service.
08/08/26 04:06:39.933154 pid=91 spawn_xpc_service: service lockdown.8354337702.com.apple.springboardservices started
08/08/26 04:06:39.936274 pid=91 handle_get_value: com.apple.configurator.xpc.DeviceService attempting to get [ProductVersion]
08/08/26 04:06:39.937475 pid=91 handle_get_value: com.apple.configurator.xpc.DeviceService attempting to get [ProductName]
08/08/26 04:06:39.972845 pid=91 spawn_xpc_service_block_invoke: Received checkin acknowledgement from 'lockdown.8354337702.com.apple.springboardservices'
08/08/26 04:06:39.972966 pid=91 spawn_xpc_service_block_invoke: XPC_ERROR_CONNECTION_INVALID lockdown.8354337702.com.apple.springboardservices
08/08/26 04:06:40.502064 pid=91 handle_get_value: com.apple.configurator.xpc.DeviceService attempting to get [ProductVersion]
08/08/26 04:06:40.503309 pid=91 handle_get_value: com.apple.configurator.xpc.DeviceService attempting to get [ProductName]
08/08/26 04:06:40.544554 pid=91 handle_start_service_with_socket: com.apple.configurator.xpc.DeviceService attempting to spawn com.apple.mobile.installation_proxy service.
08/08/26 04:06:40.547720 pid=91 spawn_xpc_service: service com.apple.mobile.installation_proxy started
08/08/26 04:06:40.548184 pid=91 spawn_xpc_service_block_invoke: Received checkin acknowledgement from 'com.apple.mobile.installation_proxy'
08/08/26 04:06:40.548290 pid=91 spawn_xpc_service_block_invoke: XPC_ERROR_CONNECTION_INVALID com.apple.mobile.installation_proxy
08/08/26 04:06:40.634200 pid=91 handle_start_service_with_socket: com.apple.configurator.xpc.DeviceService attempting to spawn com.apple.mobile.installation_proxy service.
08/08/26 04:06:40.635080 pid=91 spawn_xpc_service: service com.apple.mobile.installation_proxy started
08/08/26 04:06:40.635501 pid=91 spawn_xpc_service_block_invoke: Received checkin acknowledgement from 'com.apple.mobile.installation_proxy'
08/08/26 04:06:40.635566 pid=91 spawn_xpc_service_block_invoke: XPC_ERROR_CONNECTION_INVALID com.apple.mobile.installation_proxy
08/08/26 04:06:40.701938 pid=91 handle_get_value: com.apple.configurator.xpc.DeviceService attempting to get [ProductVersion]
08/08/26 04:06:40.703648 pid=91 handle_get_value: com.apple.configurator.xpc.DeviceService attempting to get [ProductName]
08/08/26 04:06:40.737538 pid=91 handle_get_value: com.apple.configurator.xpc.DeviceService attempting to get [DeviceClass]
08/08/26 04:06:40.737989 pid=91 handle_get_value: com.apple.configurator.xpc.DeviceService attempting to get [PasswordProtected]
08/08/26 04:06:40.738462 pid=91 handle_start_service_with_socket: com.apple.configurator.xpc.DeviceService attempting to spawn com.apple.springboardservices service.
08/08/26 04:06:40.739631 pid=91 spawn_xpc_service: service lockdown.8373693542.com.apple.springboardservices started
08/08/26 04:06:40.743074 pid=91 handle_get_value: com.apple.configurator.xpc.DeviceService attempting to get [ProductVersion]
08/08/26 04:06:40.744229 pid=91 handle_get_value: com.apple.configurator.xpc.DeviceService attempting to get [ProductName]
08/08/26 04:06:40.751209 pid=91 spawn_xpc_service_block_invoke: Received checkin acknowledgement from 'lockdown.8373693542.com.apple.springboardservices'
08/08/26 04:06:40.751255 pid=91 spawn_xpc_service_block_invoke: XPC_ERROR_CONNECTION_INVALID lockdown.8373693542.com.apple.springboardservices
08/08/26 04:06:42.150788 pid=91 handle_get_value: com.apple.configurator.xpc.DeviceService attempting to get [ProductVersion]
08/08/26 04:06:42.153348 pid=91 handle_get_value: com.apple.configurator.xpc.DeviceService attempting to get [ProductName]
08/08/26 04:06:42.195564 pid=91 handle_get_value: com.apple.configurator.xpc.DeviceService attempting to get [ProductVersion]
08/08/26 04:06:42.196854 pid=91 handle_get_value: com.apple.configurator.xpc.DeviceService attempting to get [ProductName]
08/08/26 04:06:42.216047 pid=91 handle_get_value: com.apple.configurator.xpc.DeviceService attempting to get [ActivationState]
08/08/26 04:06:42.222717 pid=91 handle_get_value: com.apple.configurator.xpc.DeviceService attempting to get [ProductVersion]
08/08/26 04:06:42.224259 pid=91 handle_get_value: com.apple.configurator.xpc.DeviceService attempting to get [ProductName]
08/08/26 04:06:42.243557 pid=91 handle_get_value: com.apple.configurator.xpc.DeviceService attempting to get [PasswordProtected]
08/08/26 04:06:42.244065 pid=91 handle_start_service_with_socket: com.apple.configurator.xpc.DeviceService attempting to spawn com.apple.misagent service.
08/08/26 04:06:42.245830 pid=91 spawn_xpc_service: service com.apple.misagent started
08/08/26 04:06:42.246504 pid=91 spawn_xpc_service_block_invoke: Received checkin acknowledgement from 'com.apple.misagent'
08/08/26 04:06:42.246537 pid=91 spawn_xpc_service_block_invoke: XPC_ERROR_CONNECTION_INVALID com.apple.misagent
08/08/26 04:06:42.249428 pid=91 handle_get_value: com.apple.configurator.xpc.DeviceService attempting to get [ProductVersion]
08/08/26 04:06:42.251060 pid=91 handle_get_value: com.apple.configurator.xpc.DeviceService attempting to get [ProductName]
08/08/26 04:06:42.276317 pid=91 handle_get_value: com.apple.configurator.xpc.DeviceService attempting to get [ProductVersion]
08/08/26 04:06:42.277339 pid=91 handle_get_value: com.apple.configurator.xpc.DeviceService attempting to get [ProductName]
08/08/26 04:06:42.292737 pid=91 handle_start_service_with_socket: com.apple.configurator.xpc.DeviceService attempting to spawn com.apple.misagent service.
08/08/26 04:06:42.293690 pid=91 spawn_xpc_service: service com.apple.misagent started
08/08/26 04:06:42.293806 pid=91 spawn_xpc_service_block_invoke: Received checkin acknowledgement from 'com.apple.misagent'
08/08/26 04:06:42.293820 pid=91 spawn_xpc_service_block_invoke: XPC_ERROR_CONNECTION_INVALID com.apple.misagent
08/08/26 04:06:42.296008 pid=91 handle_get_value: com.apple.configurator.xpc.DeviceService attempting to get [ProductVersion]
08/08/26 04:06:42.297083 pid=91 handle_get_value: com.apple.configurator.xpc.DeviceService attempting to get [ProductName]
08/08/26 04:06:42.927880 pid=91 main_block_invoke_2: com.apple.iokit.matching event: com.apple.lockdown.USB3.Device
08/08/26 04:06:42.943275 pid=91 main_block_invoke_2: com.apple.iokit.matching event: com.apple.lockdown.USB3.Device
08/08/26 04:06:52.918831 pid=91 handle_get_value: usbmuxd attempting to get [ProductVersion]
08/08/26 04:06:52.922995 pid=91 handle_get_value: usbmuxd attempting to get [ProductName]
08/08/26 04:06:52.955927 pid=91 handle_start_service_with_socket: usbmuxd attempting to spawn com.apple.mobile.heartbeat service.
08/08/26 04:06:52.958177 pid=91 spawn_xpc_service: service com.apple.mobile.heartbeat started
08/08/26 04:06:52.960530 pid=91 spawn_xpc_service_block_invoke: Received checkin acknowledgement from 'com.apple.mobile.heartbeat'
08/08/26 04:06:52.960604 pid=91 spawn_xpc_service_block_invoke: XPC_ERROR_CONNECTION_INVALID com.apple.mobile.heartbeat
08/08/26 04:06:52.964368 pid=91 handle_get_value: usbmuxd attempting to get [ProductVersion]
08/08/26 04:06:52.968866 pid=91 handle_get_value: usbmuxd attempting to get [ProductName]
08/08/26 04:06:55.829053 pid=91 handle_get_value: AssetCacheTetheratorService attempting to get [ProductVersion]
08/08/26 04:06:55.831662 pid=91 handle_get_value: AssetCacheTetheratorService attempting to get [ProductName]
08/08/26 04:06:55.887407 pid=91 handle_get_value: AssetCacheTetheratorService attempting to get [DeviceClass]
08/08/26 04:06:55.890606 pid=91 handle_start_service_with_socket: AssetCacheTetheratorService attempting to spawn com.apple.mobile.MCInstall service.
08/08/26 04:06:55.892963 pid=91 unlock_with_escrow: Starting service with bag=9498d47e64cfd82cb3ffb332cccb89f4c6b82076, 1304
08/08/26 04:06:55.929403 pid=91 spawn_xpc_service: service com.apple.mobile.MCInstall started
08/08/26 04:06:55.929861 pid=91 spawn_xpc_service_block_invoke: Received checkin acknowledgement from 'com.apple.mobile.MCInstall'
08/08/26 04:06:55.929888 pid=91 spawn_xpc_service_block_invoke: XPC_ERROR_CONNECTION_INVALID com.apple.mobile.MCInstall
08/08/26 04:06:55.934688 pid=91 handle_get_value: AssetCacheTetheratorService attempting to get [ProductVersion]
08/08/26 04:06:55.936862 pid=91 handle_get_value: AssetCacheTetheratorService attempting to get [ProductName]
08/08/26 04:06:56.825133 pid=91 handle_get_value: com.apple.configurator.xpc.DeviceService attempting to get [ProductVersion]
08/08/26 04:06:56.826994 pid=91 handle_get_value: com.apple.configurator.xpc.DeviceService attempting to get [ProductName]
08/08/26 04:06:56.896015 pid=91 handle_get_value: com.apple.configurator.xpc.DeviceService attempting to get [ProductVersion]
08/08/26 04:06:56.901436 pid=91 handle_get_value: com.apple.configurator.xpc.DeviceService attempting to get [ProductName]
08/08/26 04:06:56.933268 pid=91 handle_get_value: com.apple.configurator.xpc.DeviceService attempting to get [PasswordProtected]
08/08/26 04:07:34.825871 pid=91 handle_get_value: com.apple.configurator.xpc.DeviceService attempting to get [ProductVersion]
08/08/26 04:07:34.827320 pid=91 handle_get_value: com.apple.configurator.xpc.DeviceService attempting to get [ProductName]
08/08/26 04:07:34.880046 pid=91 handle_get_value: com.apple.configurator.xpc.DeviceService attempting to get [ProductVersion]
08/08/26 04:07:34.881695 pid=91 handle_get_value: com.apple.configurator.xpc.DeviceService attempting to get [ProductName]
08/08/26 04:07:34.908123 pid=91 handle_get_value: com.apple.configurator.xpc.DeviceService attempting to get [PasswordProtected]
08/08/26 04:07:44.833636 pid=91 handle_get_value: com.apple.configurator.xpc.DeviceService attempting to get [ProductVersion]
08/08/26 04:07:44.900911 pid=91 handle_get_value: com.apple.configurator.xpc.DeviceService attempting to get [ProductName]
