[main] fuzz harness up, mode=scaler
[main] sandbox note: VCPDRM open is MACF-denied (iokit-open-user-client VCPDRMUserClient); mach-lookup com.apple.sprr / com.apple.jitbox exist but are sandbox-gated (seen in kernel log)
[open] AppleM2ScalerCSCDriver -> conn 0x5b13
[scaler] conn 0x5b13, s1 15 s2 16
[probe12] SetNotificationPort -> 0x00000000
[uatrec] v111 step 4 delay 0ms
[open] IOGPU -> conn 0x7703
[uatrec] mconn 0x6933 ourc 0x7703
[uatrec] S4 stale-TLB cross-client spray: 25 rounds, cong 8, 50ms/round, secs 0, nv 8, vsz 0x100000
[uatrec] S4: no key window — system load degraded
[mtlr] resource2 sel8 flags 470 sz 0x100000 -> kr 0x00000000 rid 119 GPUVA 0x10002490000 cpu 10d2e0000
[mtlr]   out: 0000010002490000 000000010d2e0000 0000000102749940 0000000000000000
[mtlr]   out: 0000007700000000 0000000000100000 00000002b1b5a72f 0000000000361304
[uatrec] S4 r0 victim[0] rid 119 gpuva 0x10002490000 cpu 0x10d2e0000 (top-of-stack)
[mtlr] resource2 sel8 flags 470 sz 0x100000 -> kr 0x00000000 rid 120 GPUVA 0x10002598000 cpu 10d800000
[mtlr]   out: 0000010002598000 000000010d800000 0000000102749a00 0000000000000000
[mtlr]   out: 0000007800000000 0000000000100000 00000002b1b5a730 0000000000361305
[uatrec] S4 r0 victim[1] rid 120 gpuva 0x10002598000 cpu 0x10d800000 (top-of-stack)
[mtlr] resource2 sel8 flags 470 sz 0x100000 -> kr 0x00000000 rid 121 GPUVA 0x100026a0000 cpu 10d900000
[mtlr]   out: 00000100026a0000 000000010d900000 0000000102749ac0 0000000000000000
[mtlr]   out: 0000007900000000 0000000000100000 00000002b1b5a731 0000000000361306
[uatrec] S4 r0 victim[2] rid 121 gpuva 0x100026a0000 cpu 0x10d900000 (top-of-stack)
[mtlr] resource2 sel8 flags 470 sz 0x100000 -> kr 0x00000000 rid 122 GPUVA 0x100027a8000 cpu 10da00000
[mtlr]   out: 00000100027a8000 000000010da00000 0000000102749b80 0000000000000000
[mtlr]   out: 0000007a00000000 0000000000100000 00000002b1b5a739 000000000036130b
[uatrec] S4 r0 victim[3] rid 122 gpuva 0x100027a8000 cpu 0x10da00000 (top-of-stack)
[mtlr] resource2 sel8 flags 470 sz 0x100000 -> kr 0x00000000 rid 123 GPUVA 0x100028b0000 cpu 10db00000
[mtlr]   out: 00000100028b0000 000000010db00000 0000000102749c40 0000000000000000
[mtlr]   out: 0000007b00000000 0000000000100000 00000002b1b5a75d 000000000036130c
[uatrec] S4 r0 victim[4] rid 123 gpuva 0x100028b0000 cpu 0x10db00000 (top-of-stack)
[mtlr] resource2 sel8 flags 470 sz 0x100000 -> kr 0x00000000 rid 124 GPUVA 0x100029b8000 cpu 10dc00000
[mtlr]   out: 00000100029b8000 000000010dc00000 0000000102749d00 0000000000000000
[mtlr]   out: 0000007c00000000 0000000000100000 00000002b1b5a76a 000000000036130d
[uatrec] S4 r0 victim[5] rid 124 gpuva 0x100029b8000 cpu 0x10dc00000 (top-of-stack)
[mtlr] resource2 sel8 flags 470 sz 0x100000 -> kr 0x00000000 rid 125 GPUVA 0x10002ac0000 cpu 10dd00000
[mtlr]   out: 0000010002ac0000 000000010dd00000 0000000102749dc0 0000000000000000
[mtlr]   out: 0000007d00000000 0000000000100000 00000002b1b5a771 000000000036130e
[uatrec] S4 r0 victim[6] rid 125 gpuva 0x10002ac0000 cpu 0x10dd00000 (top-of-stack)
[mtlr] resource2 sel8 flags 470 sz 0x100000 -> kr 0x00000000 rid 126 GPUVA 0x10002bc8000 cpu 10de00000
[mtlr]   out: 0000010002bc8000 000000010de00000 0000000102749e80 0000000000000000
[mtlr]   out: 0000007e00000000 0000000000100000 00000002b1b5a773 000000000036130f
[uatrec] S4 r0 victim[7] rid 126 gpuva 0x10002bc8000 cpu 0x10de00000 (top-of-stack)
[mtlr] resource2 sel8 flags 470 sz 0x1000 -> kr 0x00000000 rid 119 GPUVA 0x10002490000 cpu 10e850000
[mtlr]   out: 0000010002490000 000000010e850000 0000000102749940 0000000000000000
[mtlr]   out: 0000007700000000 0000000000004000 00000002b1b5a8eb 0000000000361344
[mtlr] resource2 sel8 flags 470 sz 0x1000 -> kr 0x00000000 rid 119 GPUVA 0x10002490000 cpu 10e850000
[mtlr]   out: 0000010002490000 000000010e850000 0000000102749940 0000000000000000
[mtlr]   out: 0000007700000000 0000000000004000 00000002b1b5a8ec 0000000000361345
[mtlr] resource2 sel8 flags 470 sz 0x1000 -> kr 0x00000000 rid 119 GPUVA 0x10002490000 cpu 10e850000
[mtlr]   out: 0000010002490000 000000010e850000 0000000102749940 0000000000000000
[mtlr]   out: 0000007700000000 0000000000004000 00000002b1b5a8ed 0000000000361346
[mtlr] resource2 sel8 flags 470 sz 0x1000 -> kr 0x00000000 rid 119 GPUVA 0x10002490000 cpu 10e850000
[mtlr]   out: 0000010002490000 000000010e850000 0000000102749940 0000000000000000
[mtlr]   out: 0000007700000000 0000000000004000 00000002b1b5a8ee 0000000000361347
[mtlr] resource2 sel8 flags 470 sz 0x1000 -> kr 0x00000000 rid 119 GPUVA 0x10002490000 cpu 10e850000
[mtlr]   out: 0000010002490000 000000010e850000 0000000102749940 0000000000000000
[mtlr]   out: 0000007700000000 0000000000004000 00000002b1b5a8ef 0000000000361348
[mtlr] resource2 sel8 flags 470 sz 0x1000 -> kr 0x00000000 rid 119 GPUVA 0x10002490000 cpu 10e850000
[mtlr]   out: 0000010002490000 000000010e850000 0000000102749940 0000000000000000
[mtlr]   out: 0000007700000000 0000000000004000 00000002b1b5a8f0 0000000000361349
[mtlr] resource2 sel8 flags 470 sz 0x1000 -> kr 0x00000000 rid 119 GPUVA 0x10002490000 cpu 10e850000
[mtlr]   out: 0000010002490000 000000010e850000 0000000102749940 0000000000000000
[mtlr]   out: 0000007700000000 0000000000004000 00000002b1b5a8f1 000000000036134a
[mtlr] resource2 sel8 flags 470 sz 0x1000 -> kr 0x00000000 rid 119 GPUVA 0x10002490000 cpu 10e850000
[mtlr]   out: 0000010002490000 000000010e850000 0000000102749940 0000000000000000
[mtlr]   out: 0000007700000000 0000000000004000 00000002b1b5a8f2 000000000036134b
[mtlr] resource2 sel8 flags 470 sz 0x1000 -> kr 0x00000000 rid 119 GPUVA 0x10002490000 cpu 10e850000
[mtlr]   out: 0000010002490000 000000010e850000 0000000102749940 0000000000000000
[mtlr]   out: 0000007700000000 0000000000004000 00000002b1b5a8f3 000000000036134c
[mtlr] resource2 sel8 flags 470 sz 0x1000 -> kr 0x00000000 rid 119 GPUVA 0x10002490000 cpu 10e850000
[mtlr]   out: 0000010002490000 000000010e850000 0000000102749940 0000000000000000
[mtlr]   out: 0000007700000000 0000000000004000 00000002b1b5a8f4 000000000036134d
[mtlr] resource2 sel8 flags 470 sz 0x1000 -> kr 0x00000000 rid 119 GPUVA 0x10002490000 cpu 10e850000
[mtlr]   out: 0000010002490000 000000010e850000 0000000102749940 0000000000000000
[mtlr]   out: 0000007700000000 0000000000004000 00000002b1b5a8f5 000000000036134e
[mtlr] resource2 sel8 flags 470 sz 0x1000 -> kr 0x00000000 rid 119 GPUVA 0x10002490000 cpu 10e850000
[mtlr]   out: 0000010002490000 000000010e850000 0000000102749940 0000000000000000
[mtlr]   out: 0000007700000000 0000000000004000 00000002b1b5a8f6 000000000036134f
[mtlr] resource2 sel8 flags 470 sz 0x1000 -> kr 0x00000000 rid 119 GPUVA 0x10002490000 cpu 10e850000
[mtlr]   out: 0000010002490000 000000010e850000 0000000102749940 0000000000000000
[mtlr]   out: 0000007700000000 0000000000004000 00000002b1b5a8f7 0000000000361350
[mtlr] resource2 sel8 flags 470 sz 0x1000 -> kr 0x00000000 rid 119 GPUVA 0x10002490000 cpu 10e850000
[mtlr]   out: 0000010002490000 000000010e850000 0000000102749940 0000000000000000
[mtlr]   out: 0000007700000000 0000000000004000 00000002b1b5a8f8 0000000000361351
[mtlr] resource2 sel8 flags 470 sz 0x1000 -> kr 0x00000000 rid 119 GPUVA 0x10002490000 cpu 10e850000
[mtlr]   out: 0000010002490000 000000010e850000 0000000102749940 0000000000000000
[mtlr]   out: 0000007700000000 0000000000004000 00000002b1b5a8f9 0000000000361352
[mtlr] resource2 sel8 flags 470 sz 0x1000 -> kr 0x00000000 rid 119 GPUVA 0x10002490000 cpu 10e850000
[mtlr]   out: 0000010002490000 000000010e850000 0000000102749940 0000000000000000
[mtlr]   out: 0000007700000000 0000000000004000 00000002b1b5a8fa 0000000000361353
[mtlr] resource2 sel8 flags 470 sz 0x1000 -> kr 0x00000000 rid 119 GPUVA 0x10002490000 cpu 10e850000
[mtlr]   out: 0000010002490000 000000010e850000 0000000102749940 0000000000000000
[mtlr]   out: 0000007700000000 0000000000004000 00000002b1b5a8fb 0000000000361354
[mtlr] resource2 sel8 flags 470 sz 0x1000 -> kr 0x00000000 rid 119 GPUVA 0x10002490000 cpu 10e850000
[mtlr]   out: 0000010002490000 000000010e850000 0000000102749940 0000000000000000
[mtlr]   out: 0000007700000000 0000000000004000 00000002b1b5a8fc 0000000000361355
[mtlr] resource2 sel8 flags 470 sz 0x1000 -> kr 0x00000000 rid 119 GPUVA 0x10002490000 cpu 10e850000
[mtlr]   out: 0000010002490000 000000010e850000 0000000102749940 0000000000000000
[mtlr]   out: 0000007700000000 0000000000004000 00000002b1b5a8fd 0000000000361356
[mtlr] resource2 sel8 flags 470 sz 0x1000 -> kr 0x00000000 rid 119 GPUVA 0x10002490000 cpu 10e850000
[mtlr]   out: 0000010002490000 000000010e850000 0000000102749940 0000000000000000
[mtlr]   out: 0000007700000000 0000000000004000 00000002b1b5a8fe 0000000000361357
[mtlr] resource2 sel8 flags 470 sz 0x1000 -> kr 0x00000000 rid 119 GPUVA 0x10002490000 cpu 10e850000
[mtlr]   out: 0000010002490000 000000010e850000 0000000102749940 0000000000000000
[mtlr]   out: 0000007700000000 0000000000004000 00000002b1b5a8ff 0000000000361358
[mtlr] resource2 sel8 flags 470 sz 0x1000 -> kr 0x00000000 rid 119 GPUVA 0x10002490000 cpu 10e850000
[mtlr]   out: 0000010002490000 000000010e850000 0000000102749940 0000000000000000
[mtlr]   out: 0000007700000000 0000000000004000 00000002b1b5a900 0000000000361359
[mtlr] resource2 sel8 flags 470 sz 0x1000 -> kr 0x00000000 rid 119 GPUVA 0x10002490000 cpu 10e850000
[mtlr]   out: 0000010002490000 000000010e850000 0000000102749940 0000000000000000
[mtlr]   out: 0000007700000000 0000000000004000 00000002b1b5a901 000000000036135a
[mtlr] resource2 sel8 flags 470 sz 0x1000 -> kr 0x00000000 rid 119 GPUVA 0x10002490000 cpu 10e850000
[mtlr]   out: 0000010002490000 000000010e850000 0000000102749940 0000000000000000
[mtlr]   out: 0000007700000000 0000000000004000 00000002b1b5a902 000000000036135b
[mtlr] resource2 sel8 flags 470 sz 0x1000 -> kr 0x00000000 rid 119 GPUVA 0x10002490000 cpu 10e850000
[mtlr]   out: 0000010002490000 000000010e850000 0000000102749940 0000000000000000
[mtlr]   out: 0000007700000000 0000000000004000 00000002b1b5a903 000000000036135c
[mtlr] resource2 sel8 flags 470 sz 0x1000 -> kr 0x00000000 rid 119 GPUVA 0x10002490000 cpu 10e850000
[mtlr]   out: 0000010002490000 000000010e850000 0000000102749940 0000000000000000
[mtlr]   out: 0000007700000000 0000000000004000 00000002b1b5a904 000000000036135d
[mtlr] resource2 sel8 flags 470 sz 0x1000 -> kr 0x00000000 rid 119 GPUVA 0x10002490000 cpu 10e850000
[mtlr]   out: 0000010002490000 000000010e850000 0000000102749940 0000000000000000
[mtlr]   out: 0000007700000000 0000000000004000 00000002b1b5a905 000000000036135e
[mtlr] resource2 sel8 flags 470 sz 0x1000 -> kr 0x00000000 rid 119 GPUVA 0x10002490000 cpu 10e850000
[mtlr]   out: 0000010002490000 000000010e850000 0000000102749940 0000000000000000
[mtlr]   out: 0000007700000000 0000000000004000 00000002b1b5a906 000000000036135f
[mtlr] resource2 sel8 flags 470 sz 0x1000 -> kr 0x00000000 rid 119 GPUVA 0x10002490000 cpu 10e850000
[mtlr]   out: 0000010002490000 000000010e850000 0000000102749940 0000000000000000
[mtlr]   out: 0000007700000000 0000000000004000 00000002b1b5a907 0000000000361360
[mtlr] resource2 sel8 flags 470 sz 0x1000 -> kr 0x00000000 rid 119 GPUVA 0x10002490000 cpu 10e850000
[mtlr]   out: 0000010002490000 000000010e850000 0000000102749940 0000000000000000
[mtlr]   out: 0000007700000000 0000000000004000 00000002b1b5a908 0000000000361361
[mtlr] resource2 sel8 flags 470 sz 0x1000 -> kr 0x00000000 rid 119 GPUVA 0x10002490000 cpu 10e850000
[mtlr]   out: 0000010002490000 000000010e850000 0000000102749940 0000000000000000
[mtlr]   out: 0000007700000000 0000000000004000 00000002b1b5a909 0000000000361362
[mtlr] resource2 sel8 flags 470 sz 0x1000 -> kr 0x00000000 rid 119 GPUVA 0x10002490000 cpu 10e850000
[mtlr]   out: 0000010002490000 000000010e850000 0000000102749940 0000000000000000
[mtlr]   out: 0000007700000000 0000000000004000 00000002b1b5a90a 0000000000361363
[mtlr] resource2 sel8 flags 470 sz 0x1000 -> kr 0x00000000 rid 119 GPUVA 0x10002490000 cpu 10e850000
[mtlr]   out: 0000010002490000 000000010e850000 0000000102749940 0000000000000000
[mtlr]   out: 0000007700000000 0000000000004000 00000002b1b5a90b 0000000000361364
[mtlr] resource2 sel8 flags 470 sz 0x1000 -> kr 0x00000000 rid 119 GPUVA 0x10002490000 cpu 10e850000
[mtlr]   out: 0000010002490000 000000010e850000 0000000102749940 0000000000000000
[mtlr]   out: 0000007700000000 0000000000004000 00000002b1b5a90c 0000000000361365
[mtlr] resource2 sel8 flags 470 sz 0x1000 -> kr 0x00000000 rid 119 GPUVA 0x10002490000 cpu 10e850000
[mtlr]   out: 0000010002490000 000000010e850000 0000000102749940 0000000000000000
[mtlr]   out: 0000007700000000 0000000000004000 00000002b1b5a90d 0000000000361366
[mtlr] resource2 sel8 flags 470 sz 0x1000 -> kr 0x00000000 rid 119 GPUVA 0x10002490000 cpu 10e850000
[mtlr]   out: 0000010002490000 000000010e850000 0000000102749940 0000000000000000
[mtlr]   out: 0000007700000000 0000000000004000 00000002b1b5a90e 0000000000361367
[mtlr] resource2 sel8 flags 470 sz 0x1000 -> kr 0x00000000 rid 119 GPUVA 0x10002490000 cpu 10e850000
[mtlr]   out: 0000010002490000 000000010e850000 0000000102749940 0000000000000000
[mtlr]   out: 0000007700000000 0000000000004000 00000002b1b5a90f 0000000000361368
[mtlr] resource2 sel8 flags 470 sz 0x1000 -> kr 0x00000000 rid 119 GPUVA 0x10002490000 cpu 10e850000
[mtlr]   out: 0000010002490000 000000010e850000 0000000102749940 0000000000000000
[mtlr]   out: 0000007700000000 0000000000004000 00000002b1b5a910 0000000000361369
[mtlr] resource2 sel8 flags 470 sz 0x1000 -> kr 0x00000000 rid 119 GPUVA 0x10002490000 cpu 10e850000
[mtlr]   out: 0000010002490000 000000010e850000 0000000102749940 0000000000000000
[mtlr]   out: 0000007700000000 0000000000004000 00000002b1b5a911 000000000036136a
[mtlr] resource2 sel8 flags 470 sz 0x1000 -> kr 0x00000000 rid 119 GPUVA 0x10002490000 cpu 10e850000
[mtlr]   out: 0000010002490000 000000010e850000 0000000102749940 0000000000000000
[mtlr]   out: 0000007700000000 0000000000004000 00000002b1b5a912 000000000036136b
[uatrec] S4 r0 (+0s): nvv 8 ncb 8 vsz 0x100000 destroy0 kr 0x00000000 nj 40
[uatrec] S4 r0 blit[0] slots 12 ridp 1
[uatrec] S4 r0 blit[1] slots 10 ridp 1
[uatrec] S4 r0 blit[2] slots 11 ridp 1
[uatrec] S4 r0 blit[3] slots 10 ridp 1
[uatrec] S4 r0 blit[4] slots 11 ridp 1
[uatrec] S4 r0 blit[5] slots 10 ridp 1
[uatrec] S4 r0 blit[6] slots 10 ridp 1
[uatrec] S4 r0 blit[7] slots 10 ridp 1
[mtlr] resource2 sel8 flags 470 sz 0x100000 -> kr 0x00000000 rid 119 GPUVA 0x10002490000 cpu 110148000
[mtlr]   out: 0000010002490000 0000000110148000 0000000102749940 0000000000000000
[mtlr]   out: 0000007700000000 0000000000100000 00000002b1b5aa74 000000000036136e
[uatrec] S4 r1 victim[0] rid 119 gpuva 0x10002490000 cpu 0x110148000 (top-of-stack)
[mtlr] resource2 sel8 flags 470 sz 0x100000 -> kr 0x00000000 rid 120 GPUVA 0x10002598000 cpu 110248000
[mtlr]   out: 0000010002598000 0000000110248000 0000000102749a00 0000000000000000
[mtlr]   out: 0000007800000000 0000000000100000 00000002b1b5aa75 000000000036136f
[uatrec] S4 r1 victim[1] rid 120 gpuva 0x10002598000 cpu 0x110248000 (top-of-stack)
[mtlr] resource2 sel8 flags 470 sz 0x100000 -> kr 0x00000000 rid 121 GPUVA 0x100026a0000 cpu 110348000
[mtlr]   out: 00000100026a0000 0000000110348000 0000000102749ac0 0000000000000000
[mtlr]   out: 0000007900000000 0000000000100000 00000002b1b5aa76 0000000000361370
[uatrec] S4 r1 victim[2] rid 121 gpuva 0x100026a0000 cpu 0x110348000 (top-of-stack)
[mtlr] resource2 sel8 flags 470 sz 0x100000 -> kr 0x00000000 rid 122 GPUVA 0x100027a8000 cpu 10b158000
[mtlr]   out: 00000100027a8000 000000010b158000 0000000102749b80 0000000000000000
[mtlr]   out: 0000007a00000000 0000000000100000 00000002b1b5aa77 0000000000361371
[uatrec] S4 r1 victim[3] rid 122 gpuva 0x100027a8000 cpu 0x10b158000 (top-of-stack)
[mtlr] resource2 sel8 flags 470 sz 0x100000 -> kr 0x00000000 rid 123 GPUVA 0x100028b0000 cpu 10b258000
[mtlr]   out: 00000100028b0000 000000010b258000 0000000102749c40 0000000000000000
[mtlr]   out: 0000007b00000000 0000000000100000 00000002b1b5aa7f 0000000000361372
[uatrec] S4 r1 victim[4] rid 123 gpuva 0x100028b0000 cpu 0x10b258000 (top-of-stack)
[mtlr] resource2 sel8 flags 470 sz 0x100000 -> kr 0x00000000 rid 124 GPUVA 0x100029b8000 cpu 10b358000
[mtlr]   out: 00000100029b8000 000000010b358000 0000000102749d00 0000000000000000
[mtlr]   out: 0000007c00000000 0000000000100000 00000002b1b5aa80 0000000000361373
[uatrec] S4 r1 victim[5] rid 124 gpuva 0x100029b8000 cpu 0x10b358000 (top-of-stack)
[mtlr] resource2 sel8 flags 470 sz 0x100000 -> kr 0x00000000 rid 125 GPUVA 0x10002ac0000 cpu 10b458000
[mtlr]   out: 0000010002ac0000 000000010b458000 0000000102749dc0 0000000000000000
[mtlr]   out: 0000007d00000000 0000000000100000 00000002b1b5aa81 0000000000361374
[uatrec] S4 r1 victim[6] rid 125 gpuva 0x10002ac0000 cpu 0x10b458000 (top-of-stack)
[mtlr] resource2 sel8 flags 470 sz 0x100000 -> kr 0x00000000 rid 126 GPUVA 0x10002bc8000 cpu 10b558000
[mtlr]   out: 0000010002bc8000 000000010b558000 0000000102749e80 0000000000000000
[mtlr]   out: 0000007e00000000 0000000000100000 00000002b1b5aa82 0000000000361375
[uatrec] S4 r1 victim[7] rid 126 gpuva 0x10002bc8000 cpu 0x10b558000 (top-of-stack)
[mtlr] resource2 sel8 flags 470 sz 0x1000 -> kr 0x00000000 rid 119 GPUVA 0x10003818000 cpu 10c0a8000
[mtlr]   out: 0000010003818000 000000010c0a8000 000000010274ca00 0000000000000000
[mtlr]   out: 0000007700000000 0000000000004000 00000002b1b5aaea 00000000003613a3
[mtlr] resource2 sel8 flags 470 sz 0x1000 -> kr 0x00000000 rid 119 GPUVA 0x10003818000 cpu 10c0a8000
[mtlr]   out: 0000010003818000 000000010c0a8000 000000010274ca00 0000000000000000
[mtlr]   out: 0000007700000000 0000000000004000 00000002b1b5aaeb 00000000003613a4
[mtlr] resource2 sel8 flags 470 sz 0x1000 -> kr 0x00000000 rid 119 GPUVA 0x10003818000 cpu 10c0a8000
[mtlr]   out: 0000010003818000 000000010c0a8000 000000010274ca00 0000000000000000
[mtlr]   out: 0000007700000000 0000000000004000 00000002b1b5aaec 00000000003613a5
[mtlr] resource2 sel8 flags 470 sz 0x1000 -> kr 0x00000000 rid 119 GPUVA 0x10003818000 cpu 10c0a8000
[mtlr]   out: 0000010003818000 000000010c0a8000 000000010274ca00 0000000000000000
[mtlr]   out: 0000007700000000 0000000000004000 00000002b1b5aaed 00000000003613a6
[mtlr] resource2 sel8 flags 470 sz 0x1000 -> kr 0x00000000 rid 119 GPUVA 0x10003818000 cpu 10c0a8000
[mtlr]   out: 0000010003818000 000000010c0a8000 000000010274ca00 0000000000000000
[mtlr]   out: 0000007700000000 0000000000004000 00000002b1b5aaee 00000000003613a7
[mtlr] resource2 sel8 flags 470 sz 0x1000 -> kr 0x00000000 rid 119 GPUVA 0x10003818000 cpu 10c0a8000
[mtlr]   out: 0000010003818000 000000010c0a8000 000000010274ca00 0000000000000000
[mtlr]   out: 0000007700000000 0000000000004000 00000002b1b5aaef 00000000003613a8
[mtlr] resource2 sel8 flags 470 sz 0x1000 -> kr 0x00000000 rid 119 GPUVA 0x10003818000 cpu 10c0a8000
[mtlr]   out: 0000010003818000 000000010c0a8000 000000010274ca00 0000000000000000
[mtlr]   out: 0000007700000000 0000000000004000 00000002b1b5aaf0 00000000003613a9
[mtlr] resource2 sel8 flags 470 sz 0x1000 -> kr 0x00000000 rid 119 GPUVA 0x10003818000 cpu 10c0a8000
[mtlr]   out: 0000010003818000 000000010c0a8000 000000010274ca00 0000000000000000
[mtlr]   out: 0000007700000000 0000000000004000 00000002b1b5aaf1 00000000003613aa
[mtlr] resource2 sel8 flags 470 sz 0x1000 -> kr 0x00000000 rid 119 GPUVA 0x10003818000 cpu 10c0a8000
[mtlr]   out: 0000010003818000 000000010c0a8000 000000010274ca00 0000000000000000
[mtlr]   out: 0000007700000000 0000000000004000 00000002b1b5aaf2 00000000003613ab
[mtlr] resource2 sel8 flags 470 sz 0x1000 -> kr 0x00000000 rid 119 GPUVA 0x10003818000 cpu 10c0a8000
[mtlr]   out: 0000010003818000 000000010c0a8000 000000010274ca00 0000000000000000
[mtlr]   out: 0000007700000000 0000000000004000 00000002b1b5aaf3 00000000003613ac
[mtlr] resource2 sel8 flags 470 sz 0x1000 -> kr 0x00000000 rid 119 GPUVA 0x10003818000 cpu 10c0a8000
[mtlr]   out: 0000010003818000 000000010c0a8000 000000010274ca00 0000000000000000
[mtlr]   out: 0000007700000000 0000000000004000 00000002b1b5aaf4 00000000003613ad
[mtlr] resource2 sel8 flags 470 sz 0x1000 -> kr 0x00000000 rid 119 GPUVA 0x10003818000 cpu 10c0a8000
[mtlr]   out: 0000010003818000 000000010c0a8000 000000010274ca00 0000000000000000
[mtlr]   out: 0000007700000000 0000000000004000 00000002b1b5aaf5 00000000003613ae
[mtlr] resource2 sel8 flags 470 sz 0x1000 -> kr 0x00000000 rid 119 GPUVA 0x10003818000 cpu 10c0a8000
[mtlr]   out: 0000010003818000 000000010c0a8000 000000010274ca00 0000000000000000
[mtlr]   out: 0000007700000000 0000000000004000 00000002b1b5aaf6 00000000003613af
[mtlr] resource2 sel8 flags 470 sz 0x1000 -> kr 0x00000000 rid 119 GPUVA 0x10003818000 cpu 10c0a8000
[mtlr]   out: 0000010003818000 000000010c0a8000 000000010274ca00 0000000000000000
[mtlr]   out: 0000007700000000 0000000000004000 00000002b1b5aaf7 00000000003613b0
[mtlr] resource2 sel8 flags 470 sz 0x1000 -> kr 0x00000000 rid 119 GPUVA 0x10003818000 cpu 10c0a8000
[mtlr]   out: 0000010003818000 000000010c0a8000 000000010274ca00 0000000000000000
[mtlr]   out: 0000007700000000 0000000000004000 00000002b1b5aaf8 00000000003613b1
[mtlr] resource2 sel8 flags 470 sz 0x1000 -> kr 0x00000000 rid 119 GPUVA 0x10003818000 cpu 10c0a8000
[mtlr]   out: 0000010003818000 000000010c0a8000 000000010274ca00 0000000000000000
[mtlr]   out: 0000007700000000 0000000000004000 00000002b1b5aaf9 00000000003613b2
[mtlr] resource2 sel8 flags 470 sz 0x1000 -> kr 0x00000000 rid 119 GPUVA 0x10003818000 cpu 10c0a8000
[mtlr]   out: 0000010003818000 000000010c0a8000 000000010274ca00 0000000000000000
[mtlr]   out: 0000007700000000 0000000000004000 00000002b1b5aafa 00000000003613b3
[mtlr] resource2 sel8 flags 470 sz 0x1000 -> kr 0x00000000 rid 119 GPUVA 0x10003818000 cpu 10c0a8000
[mtlr]   out: 0000010003818000 000000010c0a8000 000000010274ca00 0000000000000000
[mtlr]   out: 0000007700000000 0000000000004000 00000002b1b5aafb 00000000003613b4
[mtlr] resource2 sel8 flags 470 sz 0x1000 -> kr 0x00000000 rid 119 GPUVA 0x10003818000 cpu 10c0a8000
[mtlr]   out: 0000010003818000 000000010c0a8000 000000010274ca00 0000000000000000
[mtlr]   out: 0000007700000000 0000000000004000 00000002b1b5aafc 00000000003613b5
[mtlr] resource2 sel8 flags 470 sz 0x1000 -> kr 0x00000000 rid 119 GPUVA 0x10003818000 cpu 10c0a8000
[mtlr]   out: 0000010003818000 000000010c0a8000 000000010274ca00 0000000000000000
[mtlr]   out: 0000007700000000 0000000000004000 00000002b1b5aafd 00000000003613b6
[mtlr] resource2 sel8 flags 470 sz 0x1000 -> kr 0x00000000 rid 119 GPUVA 0x10003818000 cpu 10c0a8000
[mtlr]   out: 0000010003818000 000000010c0a8000 000000010274ca00 0000000000000000
[mtlr]   out: 0000007700000000 0000000000004000 00000002b1b5aafe 00000000003613b7
[mtlr] resource2 sel8 flags 470 sz 0x1000 -> kr 0x00000000 rid 119 GPUVA 0x10003818000 cpu 10c0a8000
[mtlr]   out: 0000010003818000 000000010c0a8000 000000010274ca00 0000000000000000
[mtlr]   out: 0000007700000000 0000000000004000 00000002b1b5aaff 00000000003613b8
[mtlr] resource2 sel8 flags 470 sz 0x1000 -> kr 0x00000000 rid 119 GPUVA 0x10003818000 cpu 10c0a8000
[mtlr]   out: 0000010003818000 000000010c0a8000 000000010274ca00 0000000000000000
[mtlr]   out: 0000007700000000 0000000000004000 00000002b1b5ab00 00000000003613b9
[mtlr] resource2 sel8 flags 470 sz 0x1000 -> kr 0x00000000 rid 119 GPUVA 0x10003818000 cpu 10c0a8000
[mtlr]   out: 0000010003818000 000000010c0a8000 000000010274ca00 0000000000000000
[mtlr]   out: 0000007700000000 0000000000004000 00000002b1b5ab01 00000000003613ba
[mtlr] resource2 sel8 flags 470 sz 0x1000 -> kr 0x00000000 rid 119 GPUVA 0x10003818000 cpu 10c0a8000
[mtlr]   out: 0000010003818000 000000010c0a8000 000000010274ca00 0000000000000000
[mtlr]   out: 0000007700000000 0000000000004000 00000002b1b5ab02 00000000003613bb
[mtlr] resource2 sel8 flags 470 sz 0x1000 -> kr 0x00000000 rid 119 GPUVA 0x10003818000 cpu 10c0a8000
[mtlr]   out: 0000010003818000 000000010c0a8000 000000010274ca00 0000000000000000
[mtlr]   out: 0000007700000000 0000000000004000 00000002b1b5ab03 00000000003613bc
[mtlr] resource2 sel8 flags 470 sz 0x1000 -> kr 0x00000000 rid 119 GPUVA 0x10003818000 cpu 10c0a8000
[mtlr]   out: 0000010003818000 000000010c0a8000 000000010274ca00 0000000000000000
[mtlr]   out: 0000007700000000 0000000000004000 00000002b1b5ab04 00000000003613bd
[mtlr] resource2 sel8 flags 470 sz 0x1000 -> kr 0x00000000 rid 119 GPUVA 0x10003818000 cpu 10c0a8000
[mtlr]   out: 0000010003818000 000000010c0a8000 000000010274ca00 0000000000000000
[mtlr]   out: 0000007700000000 0000000000004000 00000002b1b5ab05 00000000003613be
[mtlr] resource2 sel8 flags 470 sz 0x1000 -> kr 0x00000000 rid 119 GPUVA 0x10003818000 cpu 10c0a8000
[mtlr]   out: 0000010003818000 000000010c0a8000 000000010274ca00 0000000000000000
[mtlr]   out: 0000007700000000 0000000000004000 00000002b1b5ab06 00000000003613bf
[mtlr] resource2 sel8 flags 470 sz 0x1000 -> kr 0x00000000 rid 119 GPUVA 0x10003818000 cpu 10c0a8000
[mtlr]   out: 0000010003818000 000000010c0a8000 000000010274ca00 0000000000000000
[mtlr]   out: 0000007700000000 0000000000004000 00000002b1b5ab07 00000000003613c0
[mtlr] resource2 sel8 flags 470 sz 0x1000 -> kr 0x00000000 rid 119 GPUVA 0x10003818000 cpu 10c0a8000
[mtlr]   out: 0000010003818000 000000010c0a8000 000000010274ca00 0000000000000000
[mtlr]   out: 0000007700000000 0000000000004000 00000002b1b5ab08 00000000003613c1
[mtlr] resource2 sel8 flags 470 sz 0x1000 -> kr 0x00000000 rid 119 GPUVA 0x10003818000 cpu 10c0a8000
[mtlr]   out: 0000010003818000 000000010c0a8000 000000010274ca00 0000000000000000
[mtlr]   out: 0000007700000000 0000000000004000 00000002b1b5ab09 00000000003613c2
[mtlr] resource2 sel8 flags 470 sz 0x1000 -> kr 0x00000000 rid 119 GPUVA 0x10003818000 cpu 10c0a8000
[mtlr]   out: 0000010003818000 000000010c0a8000 000000010274ca00 0000000000000000
[mtlr]   out: 0000007700000000 0000000000004000 00000002b1b5ab0a 00000000003613c3
[mtlr] resource2 sel8 flags 470 sz 0x1000 -> kr 0x00000000 rid 119 GPUVA 0x10003818000 cpu 10c0a8000
[mtlr]   out: 0000010003818000 000000010c0a8000 000000010274ca00 0000000000000000
[mtlr]   out: 0000007700000000 0000000000004000 00000002b1b5ab0b 00000000003613c4
[mtlr] resource2 sel8 flags 470 sz 0x1000 -> kr 0x00000000 rid 119 GPUVA 0x10003818000 cpu 10c0a8000
[mtlr]   out: 0000010003818000 000000010c0a8000 000000010274ca00 0000000000000000
[mtlr]   out: 0000007700000000 0000000000004000 00000002b1b5ab0c 00000000003613c5
[mtlr] resource2 sel8 flags 470 sz 0x1000 -> kr 0x00000000 rid 119 GPUVA 0x10003818000 cpu 10c0a8000
[mtlr]   out: 0000010003818000 000000010c0a8000 000000010274ca00 0000000000000000
[mtlr]   out: 0000007700000000 0000000000004000 00000002b1b5ab0d 00000000003613c6
[mtlr] resource2 sel8 flags 470 sz 0x1000 -> kr 0x00000000 rid 119 GPUVA 0x10003818000 cpu 10c0a8000
[mtlr]   out: 0000010003818000 000000010c0a8000 000000010274ca00 0000000000000000
[mtlr]   out: 0000007700000000 0000000000004000 00000002b1b5ab0e 00000000003613c7
[mtlr] resource2 sel8 flags 470 sz 0x1000 -> kr 0x00000000 rid 119 GPUVA 0x10003818000 cpu 10c0a8000
[mtlr]   out: 0000010003818000 000000010c0a8000 000000010274ca00 0000000000000000
[mtlr]   out: 0000007700000000 0000000000004000 00000002b1b5ab0f 00000000003613c8
[mtlr] resource2 sel8 flags 470 sz 0x1000 -> kr 0x00000000 rid 119 GPUVA 0x10003818000 cpu 10c0a8000
[mtlr]   out: 0000010003818000 000000010c0a8000 000000010274ca00 0000000000000000
[mtlr]   out: 0000007700000000 0000000000004000 00000002b1b5ab10 00000000003613c9
[mtlr] resource2 sel8 flags 470 sz 0x1000 -> kr 0x00000000 rid 119 GPUVA 0x10003818000 cpu 10c0a8000
[mtlr]   out: 0000010003818000 000000010c0a8000 000000010274ca00 0000000000000000
[mtlr]   out: 0000007700000000 0000000000004000 00000002b1b5ab11 00000000003613ca
[uatrec] S4 r1 (+0s): nvv 8 ncb 8 vsz 0x100000 destroy0 kr 0x00000000 nj 40
[uatrec] S4 r1 blit[0] slots 10 ridp 1
[uatrec] S4 r1 blit[1] slots 10 ridp 1
[uatrec] S4 r1 blit[2] slots 10 ridp 1
[uatrec] S4 r1 blit[3] slots 11 ridp 1
[uatrec] S4 r1 blit[4] slots 10 ridp 1
[uatrec] S4 r1 blit[5] slots 9 ridp 1
[uatrec] S4 r1 blit[6] slots 9 ridp 1
[uatrec] S4 r1 blit[7] slots 9 ridp 1
[mtlr] resource2 sel8 flags 470 sz 0x100000 -> kr 0x00000000 rid 119 GPUVA 0x10002490000 cpu 10bc00000
[mtlr]   out: 0000010002490000 000000010bc00000 0000000102749940 0000000000000000
[mtlr]   out: 0000007700000000 0000000000100000 00000002b1b5ac71 00000000003613cd
[uatrec] S4 r2 victim[0] rid 119 gpuva 0x10002490000 cpu 0x10bc00000 (top-of-stack)
[mtlr] resource2 sel8 flags 470 sz 0x100000 -> kr 0x00000000 rid 120 GPUVA 0x10002598000 cpu 10bdc0000
[mtlr]   out: 0000010002598000 000000010bdc0000 0000000102749a00 0000000000000000
[mtlr]   out: 0000007800000000 0000000000100000 00000002b1b5ac72 00000000003613ce
[uatrec] S4 r2 victim[1] rid 120 gpuva 0x10002598000 cpu 0x10bdc0000 (top-of-stack)
[mtlr] resource2 sel8 flags 470 sz 0x100000 -> kr 0x00000000 rid 121 GPUVA 0x100026a0000 cpu 10bf30000
[mtlr]   out: 00000100026a0000 000000010bf30000 0000000102749ac0 0000000000000000
[mtlr]   out: 0000007900000000 0000000000100000 00000002b1b5ac73 00000000003613cf
[uatrec] S4 r2 victim[2] rid 121 gpuva 0x100026a0000 cpu 0x10bf30000 (top-of-stack)
[mtlr] resource2 sel8 flags 470 sz 0x100000 -> kr 0x00000000 rid 122 GPUVA 0x100027a8000 cpu 10b160000
[mtlr]   out: 00000100027a8000 000000010b160000 0000000102749b80 0000000000000000
[mtlr]   out: 0000007a00000000 0000000000100000 00000002b1b5ac74 00000000003613d0
[uatrec] S4 r2 victim[3] rid 122 gpuva 0x100027a8000 cpu 0x10b160000 (top-of-stack)
[mtlr] resource2 sel8 flags 470 sz 0x100000 -> kr 0x00000000 rid 123 GPUVA 0x100028b0000 cpu 10b260000
[mtlr]   out: 00000100028b0000 000000010b260000 0000000102749c40 0000000000000000
[mtlr]   out: 0000007b00000000 0000000000100000 00000002b1b5ac75 00000000003613d1
[uatrec] S4 r2 victim[4] rid 123 gpuva 0x100028b0000 cpu 0x10b260000 (top-of-stack)
[mtlr] resource2 sel8 flags 470 sz 0x100000 -> kr 0x00000000 rid 124 GPUVA 0x100029b8000 cpu 10b360000
[mtlr]   out: 00000100029b8000 000000010b360000 0000000102749d00 0000000000000000
[mtlr]   out: 0000007c00000000 0000000000100000 00000002b1b5ac76 00000000003613d2
[uatrec] S4 r2 victim[5] rid 124 gpuva 0x100029b8000 cpu 0x10b360000 (top-of-stack)
[mtlr] resource2 sel8 flags 470 sz 0x100000 -> kr 0x00000000 rid 125 GPUVA 0x10002ac0000 cpu 10b460000
[mtlr]   out: 0000010002ac0000 000000010b460000 0000000102749dc0 0000000000000000
[mtlr]   out: 0000007d00000000 0000000000100000 00000002b1b5ac7e 00000000003613d3
[uatrec] S4 r2 victim[6] rid 125 gpuva 0x10002ac0000 cpu 0x10b460000 (top-of-stack)
[mtlr] resource2 sel8 flags 470 sz 0x100000 -> kr 0x00000000 rid 126 GPUVA 0x10002bc8000 cpu 10b560000
[mtlr]   out: 0000010002bc8000 000000010b560000 0000000102749e80 0000000000000000
[mtlr]   out: 0000007e00000000 0000000000100000 00000002b1b5ac7f 00000000003613d4
[uatrec] S4 r2 victim[7] rid 126 gpuva 0x10002bc8000 cpu 0x10b560000 (top-of-stack)
[mtlr] resource2 sel8 flags 470 sz 0x1000 -> kr 0x00000000 rid 119 GPUVA 0x10003818000 cpu 10b660000
[mtlr]   out: 0000010003818000 000000010b660000 000000010274ca00 0000000000000000
[mtlr]   out: 0000007700000000 0000000000004000 00000002b1b5acc2 00000000003613de
[mtlr] resource2 sel8 flags 470 sz 0x1000 -> kr 0x00000000 rid 119 GPUVA 0x10003818000 cpu 10b660000
[mtlr]   out: 0000010003818000 000000010b660000 000000010274ca00 0000000000000000
[mtlr]   out: 0000007700000000 0000000000004000 00000002b1b5acc3 00000000003613df
[mtlr] resource2 sel8 flags 470 sz 0x1000 -> kr 0x00000000 rid 119 GPUVA 0x10003818000 cpu 10b660000
[mtlr]   out: 0000010003818000 000000010b660000 000000010274ca00 0000000000000000
[mtlr]   out: 0000007700000000 0000000000004000 00000002b1b5acc4 00000000003613e0
[mtlr] resource2 sel8 flags 470 sz 0x1000 -> kr 0x00000000 rid 119 GPUVA 0x10003818000 cpu 10b660000
[mtlr]   out: 0000010003818000 000000010b660000 000000010274ca00 0000000000000000
[mtlr]   out: 0000007700000000 0000000000004000 00000002b1b5acc5 00000000003613e1
[mtlr] resource2 sel8 flags 470 sz 0x1000 -> kr 0x00000000 rid 119 GPUVA 0x10003818000 cpu 10b660000
[mtlr]   out: 0000010003818000 000000010b660000 000000010274ca00 0000000000000000
[mtlr]   out: 0000007700000000 0000000000004000 00000002b1b5acc6 00000000003613e2
[mtlr] resource2 sel8 flags 470 sz 0x1000 -> kr 0x00000000 rid 119 GPUVA 0x10003818000 cpu 10b660000
[mtlr]   out: 0000010003818000 000000010b660000 000000010274ca00 0000000000000000
[mtlr]   out: 0000007700000000 0000000000004000 00000002b1b5acc7 00000000003613e3
[mtlr] resource2 sel8 flags 470 sz 0x1000 -> kr 0x00000000 rid 119 GPUVA 0x10003818000 cpu 10b660000
[mtlr]   out: 0000010003818000 000000010b660000 000000010274ca00 0000000000000000
[mtlr]   out: 0000007700000000 0000000000004000 00000002b1b5acc8 00000000003613e4
[mtlr] resource2 sel8 flags 470 sz 0x1000 -> kr 0x00000000 rid 119 GPUVA 0x10003818000 cpu 10b660000
[mtlr]   out: 0000010003818000 000000010b660000 000000010274ca00 0000000000000000
[mtlr]   out: 0000007700000000 0000000000004000 00000002b1b5acc9 00000000003613e5
[mtlr] resource2 sel8 flags 470 sz 0x1000 -> kr 0x00000000 rid 119 GPUVA 0x10003818000 cpu 10b660000
[mtlr]   out: 0000010003818000 000000010b660000 000000010274ca00 0000000000000000
[mtlr]   out: 0000007700000000 0000000000004000 00000002b1b5acca 00000000003613e6
[mtlr] resource2 sel8 flags 470 sz 0x1000 -> kr 0x00000000 rid 119 GPUVA 0x10003818000 cpu 10b660000
[mtlr]   out: 0000010003818000 000000010b660000 000000010274ca00 0000000000000000
[mtlr]   out: 0000007700000000 0000000000004000 00000002b1b5accb 00000000003613e7
[mtlr] resource2 sel8 flags 470 sz 0x1000 -> kr 0x00000000 rid 119 GPUVA 0x10003818000 cpu 10b660000
[mtlr]   out: 0000010003818000 000000010b660000 000000010274ca00 0000000000000000
[mtlr]   out: 0000007700000000 0000000000004000 00000002b1b5accc 00000000003613e8
[mtlr] resource2 sel8 flags 470 sz 0x1000 -> kr 0x00000000 rid 119 GPUVA 0x10003818000 cpu 10b660000
[mtlr]   out: 0000010003818000 000000010b660000 000000010274ca00 0000000000000000
[mtlr]   out: 0000007700000000 0000000000004000 00000002b1b5accd 00000000003613e9
[mtlr] resource2 sel8 flags 470 sz 0x1000 -> kr 0x00000000 rid 119 GPUVA 0x10003818000 cpu 10b660000
[mtlr]   out: 0000010003818000 000000010b660000 000000010274ca00 0000000000000000
[mtlr]   out: 0000007700000000 0000000000004000 00000002b1b5acce 00000000003613ea
[mtlr] resource2 sel8 flags 470 sz 0x1000 -> kr 0x00000000 rid 119 GPUVA 0x10003818000 cpu 10b660000
[mtlr]   out: 0000010003818000 000000010b660000 000000010274ca00 0000000000000000
[mtlr]   out: 0000007700000000 0000000000004000 00000002b1b5accf 00000000003613eb
[mtlr] resource2 sel8 flags 470 sz 0x1000 -> kr 0x00000000 rid 119 GPUVA 0x10003818000 cpu 10b660000
[mtlr]   out: 0000010003818000 000000010b660000 000000010274ca00 0000000000000000
[mtlr]   out: 0000007700000000 0000000000004000 00000002b1b5acd0 00000000003613ec
[mtlr] resource2 sel8 flags 470 sz 0x1000 -> kr 0x00000000 rid 119 GPUVA 0x10003818000 cpu 10b660000
[mtlr]   out: 0000010003818000 000000010b660000 000000010274ca00 0000000000000000
[mtlr]   out: 0000007700000000 0000000000004000 00000002b1b5acd1 00000000003613ed
[mtlr] resource2 sel8 flags 470 sz 0x1000 -> kr 0x00000000 rid 119 GPUVA 0x10003818000 cpu 10b660000
[mtlr]   out: 0000010003818000 000000010b660000 000000010274ca00 0000000000000000
[mtlr]   out: 0000007700000000 0000000000004000 00000002b1b5acd2 00000000003613ee
[mtlr] resource2 sel8 flags 470 sz 0x1000 -> kr 0x00000000 rid 119 GPUVA 0x10003818000 cpu 10b660000
[mtlr]   out: 0000010003818000 000000010b660000 000000010274ca00 0000000000000000
[mtlr]   out: 0000007700000000 0000000000004000 00000002b1b5acd3 00000000003613ef
[mtlr] resource2 sel8 flags 470 sz 0x1000 -> kr 0x00000000 rid 119 GPUVA 0x10003818000 cpu 10b660000
[mtlr]   out: 0000010003818000 000000010b660000 000000010274ca00 0000000000000000
[mtlr]   out: 0000007700000000 0000000000004000 00000002b1b5acd4 00000000003613f0
[mtlr] resource2 sel8 flags 470 sz 0x1000 -> kr 0x00000000 rid 119 GPUVA 0x10003818000 cpu 10b660000
[mtlr]   out: 0000010003818000 000000010b660000 000000010274ca00 0000000000000000
[mtlr]   out: 0000007700000000 0000000000004000 00000002b1b5acd5 00000000003613f1
[mtlr] resource2 sel8 flags 470 sz 0x1000 -> kr 0x00000000 rid 119 GPUVA 0x10003818000 cpu 10b660000
[mtlr]   out: 0000010003818000 000000010b660000 000000010274ca00 0000000000000000
[mtlr]   out: 0000007700000000 0000000000004000 00000002b1b5acd6 00000000003613f2
[mtlr] resource2 sel8 flags 470 sz 0x1000 -> kr 0x00000000 rid 119 GPUVA 0x10003818000 cpu 10b660000
[mtlr]   out: 0000010003818000 000000010b660000 000000010274ca00 0000000000000000
[mtlr]   out: 0000007700000000 0000000000004000 00000002b1b5acd7 00000000003613f3
[mtlr] resource2 sel8 flags 470 sz 0x1000 -> kr 0x00000000 rid 119 GPUVA 0x10003818000 cpu 10b660000
[mtlr]   out: 0000010003818000 000000010b660000 000000010274ca00 0000000000000000
[mtlr]   out: 0000007700000000 0000000000004000 00000002b1b5acd8 00000000003613f4
[mtlr] resource2 sel8 flags 470 sz 0x1000 -> kr 0x00000000 rid 119 GPUVA 0x10003818000 cpu 10b660000
[mtlr]   out: 0000010003818000 000000010b660000 000000010274ca00 0000000000000000
[mtlr]   out: 0000007700000000 0000000000004000 00000002b1b5acd9 00000000003613f5
[mtlr] resource2 sel8 flags 470 sz 0x1000 -> kr 0x00000000 rid 119 GPUVA 0x10003818000 cpu 10b660000
[mtlr]   out: 0000010003818000 000000010b660000 000000010274ca00 0000000000000000
[mtlr]   out: 0000007700000000 0000000000004000 00000002b1b5acda 00000000003613f6
[mtlr] resource2 sel8 flags 470 sz 0x1000 -> kr 0x00000000 rid 119 GPUVA 0x10003818000 cpu 10b660000
[mtlr]   out: 0000010003818000 000000010b660000 000000010274ca00 0000000000000000
[mtlr]   out: 0000007700000000 0000000000004000 00000002b1b5acdb 00000000003613f7
[mtlr] resource2 sel8 flags 470 sz 0x1000 -> kr 0x00000000 rid 119 GPUVA 0x10003818000 cpu 10b660000
[mtlr]   out: 0000010003818000 000000010b660000 000000010274ca00 0000000000000000
[mtlr]   out: 0000007700000000 0000000000004000 00000002b1b5acdc 00000000003613f8
[mtlr] resource2 sel8 flags 470 sz 0x1000 -> kr 0x00000000 rid 119 GPUVA 0x10003818000 cpu 10b660000
[mtlr]   out: 0000010003818000 000000010b660000 000000010274ca00 0000000000000000
[mtlr]   out: 0000007700000000 0000000000004000 00000002b1b5acdd 00000000003613f9
[mtlr] resource2 sel8 flags 470 sz 0x1000 -> kr 0x00000000 rid 119 GPUVA 0x10003818000 cpu 10b660000
[mtlr]   out: 0000010003818000 000000010b660000 000000010274ca00 0000000000000000
[mtlr]   out: 0000007700000000 0000000000004000 00000002b1b5acde 00000000003613fa
[mtlr] resource2 sel8 flags 470 sz 0x1000 -> kr 0x00000000 rid 119 GPUVA 0x10003818000 cpu 10b660000
[mtlr]   out: 0000010003818000 000000010b660000 000000010274ca00 0000000000000000
[mtlr]   out: 0000007700000000 0000000000004000 00000002b1b5acdf 00000000003613fb
[mtlr] resource2 sel8 flags 470 sz 0x1000 -> kr 0x00000000 rid 119 GPUVA 0x10003818000 cpu 10b660000
[mtlr]   out: 0000010003818000 000000010b660000 000000010274ca00 0000000000000000
[mtlr]   out: 0000007700000000 0000000000004000 00000002b1b5ace0 00000000003613fc
[mtlr] resource2 sel8 flags 470 sz 0x1000 -> kr 0x00000000 rid 119 GPUVA 0x10003818000 cpu 10b660000
[mtlr]   out: 0000010003818000 000000010b660000 000000010274ca00 0000000000000000
[mtlr]   out: 0000007700000000 0000000000004000 00000002b1b5ace1 00000000003613fd
[mtlr] resource2 sel8 flags 470 sz 0x1000 -> kr 0x00000000 rid 119 GPUVA 0x10003818000 cpu 10b660000
[mtlr]   out: 0000010003818000 000000010b660000 000000010274ca00 0000000000000000
[mtlr]   out: 0000007700000000 0000000000004000 00000002b1b5ace2 00000000003613fe
[mtlr] resource2 sel8 flags 470 sz 0x1000 -> kr 0x00000000 rid 119 GPUVA 0x10003818000 cpu 10b660000
[mtlr]   out: 0000010003818000 000000010b660000 000000010274ca00 0000000000000000
[mtlr]   out: 0000007700000000 0000000000004000 00000002b1b5ace3 00000000003613ff
[mtlr] resource2 sel8 flags 470 sz 0x1000 -> kr 0x00000000 rid 119 GPUVA 0x10003818000 cpu 10b660000
[mtlr]   out: 0000010003818000 000000010b660000 000000010274ca00 0000000000000000
[mtlr]   out: 0000007700000000 0000000000004000 00000002b1b5ace4 0000000000361400
[mtlr] resource2 sel8 flags 470 sz 0x1000 -> kr 0x00000000 rid 119 GPUVA 0x10003818000 cpu 10b660000
[mtlr]   out: 0000010003818000 000000010b660000 000000010274ca00 0000000000000000
[mtlr]   out: 0000007700000000 0000000000004000 00000002b1b5ace5 0000000000361401
[mtlr] resource2 sel8 flags 470 sz 0x1000 -> kr 0x00000000 rid 119 GPUVA 0x10003818000 cpu 10b660000
[mtlr]   out: 0000010003818000 000000010b660000 000000010274ca00 0000000000000000
[mtlr]   out: 0000007700000000 0000000000004000 00000002b1b5ace6 0000000000361402
[mtlr] resource2 sel8 flags 470 sz 0x1000 -> kr 0x00000000 rid 119 GPUVA 0x10003818000 cpu 10b660000
[mtlr]   out: 0000010003818000 000000010b660000 000000010274ca00 0000000000000000
[mtlr]   out: 0000007700000000 0000000000004000 00000002b1b5ace7 0000000000361403
[mtlr] resource2 sel8 flags 470 sz 0x1000 -> kr 0x00000000 rid 119 GPUVA 0x10003818000 cpu 10b660000
[mtlr]   out: 0000010003818000 000000010b660000 000000010274ca00 0000000000000000
[mtlr]   out: 0000007700000000 0000000000004000 00000002b1b5ace8 0000000000361404
[mtlr] resource2 sel8 flags 470 sz 0x1000 -> kr 0x00000000 rid 119 GPUVA 0x10003818000 cpu 10b660000
[mtlr]   out: 0000010003818000 000000010b660000 000000010274ca00 0000000000000000
[mtlr]   out: 0000007700000000 0000000000004000 00000002b1b5ace9 0000000000361405
[uatrec] S4 r2 (+0s): nvv 8 ncb 8 vsz 0x100000 destroy0 kr 0x00000000 nj 40
[uatrec] S4 r2 blit[0] slots 10 ridp 1
[uatrec] S4 r2 blit[1] slots 10 ridp 1
[uatrec] S4 r2 blit[2] slots 10 ridp 1
[uatrec] S4 r2 blit[3] slots 10 ridp 1
[uatrec] S4 r2 blit[4] slots 10 ridp 1
[uatrec] S4 r2 blit[5] slots 10 ridp 1
[uatrec] S4 r2 blit[6] slots 10 ridp 1
[uatrec] S4 r2 blit[7] slots 10 ridp 1
[mtlr] resource2 sel8 flags 470 sz 0x100000 -> kr 0x00000000 rid 119 GPUVA 0x10002490000 cpu 10d800000
[mtlr]   out: 0000010002490000 000000010d800000 0000000102749940 0000000000000000
[mtlr]   out: 0000007700000000 0000000000100000 00000002b1b5ade3 0000000000361408
[uatrec] S4 r3 victim[0] rid 119 gpuva 0x10002490000 cpu 0x10d800000 (top-of-stack)
[mtlr] resource2 sel8 flags 470 sz 0x100000 -> kr 0x00000000 rid 120 GPUVA 0x10002598000 cpu 10d900000
[mtlr]   out: 0000010002598000 000000010d900000 0000000102749a00 0000000000000000
[mtlr]   out: 0000007800000000 0000000000100000 00000002b1b5ade4 0000000000361409
[uatrec] S4 r3 victim[1] rid 120 gpuva 0x10002598000 cpu 0x10d900000 (top-of-stack)
[mtlr] resource2 sel8 flags 470 sz 0x100000 -> kr 0x00000000 rid 121 GPUVA 0x100026a0000 cpu 10c0a0000
[mtlr]   out: 00000100026a0000 000000010c0a0000 0000000102749ac0 0000000000000000
[mtlr]   out: 0000007900000000 0000000000100000 00000002b1b5ade5 000000000036140a
[uatrec] S4 r3 victim[2] rid 121 gpuva 0x100026a0000 cpu 0x10c0a0000 (top-of-stack)
[mtlr] resource2 sel8 flags 470 sz 0x100000 -> kr 0x00000000 rid 122 GPUVA 0x100027a8000 cpu 10c1a0000
[mtlr]   out: 00000100027a8000 000000010c1a0000 0000000102749b80 0000000000000000
[mtlr]   out: 0000007a00000000 0000000000100000 00000002b1b5ade6 000000000036140b
[uatrec] S4 r3 victim[3] rid 122 gpuva 0x100027a8000 cpu 0x10c1a0000 (top-of-stack)
[mtlr] resource2 sel8 flags 470 sz 0x100000 -> kr 0x00000000 rid 123 GPUVA 0x100028b0000 cpu 10b160000
[mtlr]   out: 00000100028b0000 000000010b160000 0000000102749c40 0000000000000000
[mtlr]   out: 0000007b00000000 0000000000100000 00000002b1b5ade7 000000000036140c
[uatrec] S4 r3 victim[4] rid 123 gpuva 0x100028b0000 cpu 0x10b160000 (top-of-stack)
[mtlr] resource2 sel8 flags 470 sz 0x100000 -> kr 0x00000000 rid 124 GPUVA 0x100029b8000 cpu 10b260000
[mtlr]   out: 00000100029b8000 000000010b260000 0000000102749d00 0000000000000000
[mtlr]   out: 0000007c00000000 0000000000100000 00000002b1b5adef 000000000036140d
[uatrec] S4 r3 victim[5] rid 124 gpuva 0x100029b8000 cpu 0x10b260000 (top-of-stack)
[mtlr] resource2 sel8 flags 470 sz 0x100000 -> kr 0x00000000 rid 125 GPUVA 0x10002ac0000 cpu 10b360000
[mtlr]   out: 0000010002ac0000 000000010b360000 0000000102749dc0 0000000000000000
[mtlr]   out: 0000007d00000000 0000000000100000 00000002b1b5adf0 000000000036140e
[uatrec] S4 r3 victim[6] rid 125 gpuva 0x10002ac0000 cpu 0x10b360000 (top-of-stack)
[mtlr] resource2 sel8 flags 470 sz 0x100000 -> kr 0x00000000 rid 126 GPUVA 0x10002bc8000 cpu 10b460000
[mtlr]   out: 0000010002bc8000 000000010b460000 0000000102749e80 0000000000000000
[mtlr]   out: 0000007e00000000 0000000000100000 00000002b1b5adf1 000000000036140f
[uatrec] S4 r3 victim[7] rid 126 gpuva 0x10002bc8000 cpu 0x10b460000 (top-of-stack)
[mtlr] resource2 sel8 flags 470 sz 0x1000 -> kr 0x00000000 rid 119 GPUVA 0x10002490000 cpu 10b660000
[mtlr]   out: 0000010002490000 000000010b660000 0000000102749940 0000000000000000
[mtlr]   out: 0000007700000000 0000000000004000 00000002b1b5ae34 0000000000361419
[mtlr] resource2 sel8 flags 470 sz 0x1000 -> kr 0x00000000 rid 119 GPUVA 0x10002490000 cpu 10b660000
[mtlr]   out: 0000010002490000 000000010b660000 0000000102749940 0000000000000000
[mtlr]   out: 0000007700000000 0000000000004000 00000002b1b5ae35 000000000036141a
[mtlr] resource2 sel8 flags 470 sz 0x1000 -> kr 0x00000000 rid 119 GPUVA 0x10002490000 cpu 10b660000
[mtlr]   out: 0000010002490000 000000010b660000 0000000102749940 0000000000000000
[mtlr]   out: 0000007700000000 0000000000004000 00000002b1b5ae36 000000000036141b
[mtlr] resource2 sel8 flags 470 sz 0x1000 -> kr 0x00000000 rid 119 GPUVA 0x10002490000 cpu 10b660000
[mtlr]   out: 0000010002490000 000000010b660000 0000000102749940 0000000000000000
[mtlr]   out: 0000007700000000 0000000000004000 00000002b1b5ae37 000000000036141c
[mtlr] resource2 sel8 flags 470 sz 0x1000 -> kr 0x00000000 rid 119 GPUVA 0x10002490000 cpu 10b660000
[mtlr]   out: 0000010002490000 000000010b660000 0000000102749940 0000000000000000
[mtlr]   out: 0000007700000000 0000000000004000 00000002b1b5ae38 000000000036141d
[mtlr] resource2 sel8 flags 470 sz 0x1000 -> kr 0x00000000 rid 119 GPUVA 0x10002490000 cpu 10b660000
[mtlr]   out: 0000010002490000 000000010b660000 0000000102749940 0000000000000000
[mtlr]   out: 0000007700000000 0000000000004000 00000002b1b5ae39 000000000036141e
[mtlr] resource2 sel8 flags 470 sz 0x1000 -> kr 0x00000000 rid 119 GPUVA 0x10002490000 cpu 10b660000
[mtlr]   out: 0000010002490000 000000010b660000 0000000102749940 0000000000000000
[mtlr]   out: 0000007700000000 0000000000004000 00000002b1b5ae3a 000000000036141f
[mtlr] resource2 sel8 flags 470 sz 0x1000 -> kr 0x00000000 rid 119 GPUVA 0x10002490000 cpu 10b660000
[mtlr]   out: 0000010002490000 000000010b660000 0000000102749940 0000000000000000
[mtlr]   out: 0000007700000000 0000000000004000 00000002b1b5ae3b 0000000000361420
[mtlr] resource2 sel8 flags 470 sz 0x1000 -> kr 0x00000000 rid 119 GPUVA 0x10002490000 cpu 10b660000
[mtlr]   out: 0000010002490000 000000010b660000 0000000102749940 0000000000000000
[mtlr]   out: 0000007700000000 0000000000004000 00000002b1b5ae3c 0000000000361421
[mtlr] resource2 sel8 flags 470 sz 0x1000 -> kr 0x00000000 rid 119 GPUVA 0x10002490000 cpu 10b660000
[mtlr]   out: 0000010002490000 000000010b660000 0000000102749940 0000000000000000
[mtlr]   out: 0000007700000000 0000000000004000 00000002b1b5ae3d 0000000000361422
[mtlr] resource2 sel8 flags 470 sz 0x1000 -> kr 0x00000000 rid 119 GPUVA 0x10002490000 cpu 10b660000
[mtlr]   out: 0000010002490000 000000010b660000 0000000102749940 0000000000000000
[mtlr]   out: 0000007700000000 0000000000004000 00000002b1b5ae3e 0000000000361423
[mtlr] resource2 sel8 flags 470 sz 0x1000 -> kr 0x00000000 rid 119 GPUVA 0x10002490000 cpu 10b660000
[mtlr]   out: 0000010002490000 000000010b660000 0000000102749940 0000000000000000
[mtlr]   out: 0000007700000000 0000000000004000 00000002b1b5ae3f 0000000000361424
[mtlr] resource2 sel8 flags 470 sz 0x1000 -> kr 0x00000000 rid 119 GPUVA 0x10002490000 cpu 10b660000
[mtlr]   out: 0000010002490000 000000010b660000 0000000102749940 0000000000000000
[mtlr]   out: 0000007700000000 0000000000004000 00000002b1b5ae40 0000000000361425
[mtlr] resource2 sel8 flags 470 sz 0x1000 -> kr 0x00000000 rid 119 GPUVA 0x10002490000 cpu 10b660000
[mtlr]   out: 0000010002490000 000000010b660000 0000000102749940 0000000000000000
[mtlr]   out: 0000007700000000 0000000000004000 00000002b1b5ae41 0000000000361426
[mtlr] resource2 sel8 flags 470 sz 0x1000 -> kr 0x00000000 rid 119 GPUVA 0x10002490000 cpu 10b660000
[mtlr]   out: 0000010002490000 000000010b660000 0000000102749940 0000000000000000
[mtlr]   out: 0000007700000000 0000000000004000 00000002b1b5ae42 0000000000361427
[mtlr] resource2 sel8 flags 470 sz 0x1000 -> kr 0x00000000 rid 119 GPUVA 0x10002490000 cpu 10b660000
[mtlr]   out: 0000010002490000 000000010b660000 0000000102749940 0000000000000000
[mtlr]   out: 0000007700000000 0000000000004000 00000002b1b5ae43 0000000000361428
[mtlr] resource2 sel8 flags 470 sz 0x1000 -> kr 0x00000000 rid 119 GPUVA 0x10002490000 cpu 10b660000
[mtlr]   out: 0000010002490000 000000010b660000 0000000102749940 0000000000000000
[mtlr]   out: 0000007700000000 0000000000004000 00000002b1b5ae44 0000000000361429
[mtlr] resource2 sel8 flags 470 sz 0x1000 -> kr 0x00000000 rid 119 GPUVA 0x10002490000 cpu 10b660000
[mtlr]   out: 0000010002490000 000000010b660000 0000000102749940 0000000000000000
[mtlr]   out: 0000007700000000 0000000000004000 00000002b1b5ae45 000000000036142a
[mtlr] resource2 sel8 flags 470 sz 0x1000 -> kr 0x00000000 rid 119 GPUVA 0x10002490000 cpu 10b660000
[mtlr]   out: 0000010002490000 000000010b660000 0000000102749940 0000000000000000
[mtlr]   out: 0000007700000000 0000000000004000 00000002b1b5ae46 000000000036142b
[mtlr] resource2 sel8 flags 470 sz 0x1000 -> kr 0x00000000 rid 119 GPUVA 0x10002490000 cpu 10b660000
[mtlr]   out: 0000010002490000 000000010b660000 0000000102749940 0000000000000000
[mtlr]   out: 0000007700000000 0000000000004000 00000002b1b5ae47 000000000036142c
[mtlr] resource2 sel8 flags 470 sz 0x1000 -> kr 0x00000000 rid 119 GPUVA 0x10002490000 cpu 10b660000
[mtlr]   out: 0000010002490000 000000010b660000 0000000102749940 0000000000000000
[mtlr]   out: 0000007700000000 0000000000004000 00000002b1b5ae48 000000000036142d
[mtlr] resource2 sel8 flags 470 sz 0x1000 -> kr 0x00000000 rid 119 GPUVA 0x10002490000 cpu 10b660000
[mtlr]   out: 0000010002490000 000000010b660000 0000000102749940 0000000000000000
[mtlr]   out: 0000007700000000 0000000000004000 00000002b1b5ae49 000000000036142e
[mtlr] resource2 sel8 flags 470 sz 0x1000 -> kr 0x00000000 rid 119 GPUVA 0x10002490000 cpu 10b660000
[mtlr]   out: 0000010002490000 000000010b660000 0000000102749940 0000000000000000
[mtlr]   out: 0000007700000000 0000000000004000 00000002b1b5ae4a 000000000036142f
[mtlr] resource2 sel8 flags 470 sz 0x1000 -> kr 0x00000000 rid 119 GPUVA 0x10002490000 cpu 10b660000
[mtlr]   out: 0000010002490000 000000010b660000 0000000102749940 0000000000000000
[mtlr]   out: 0000007700000000 0000000000004000 00000002b1b5ae4b 0000000000361430
[mtlr] resource2 sel8 flags 470 sz 0x1000 -> kr 0x00000000 rid 119 GPUVA 0x10002490000 cpu 10b660000
[mtlr]   out: 0000010002490000 000000010b660000 0000000102749940 0000000000000000
[mtlr]   out: 0000007700000000 0000000000004000 00000002b1b5ae4c 0000000000361431
[mtlr] resource2 sel8 flags 470 sz 0x1000 -> kr 0x00000000 rid 119 GPUVA 0x10002490000 cpu 10b660000
[mtlr]   out: 0000010002490000 000000010b660000 0000000102749940 0000000000000000
[mtlr]   out: 0000007700000000 0000000000004000 00000002b1b5ae4d 0000000000361432
[mtlr] resource2 sel8 flags 470 sz 0x1000 -> kr 0x00000000 rid 119 GPUVA 0x10002490000 cpu 10b660000
[mtlr]   out: 0000010002490000 000000010b660000 0000000102749940 0000000000000000
[mtlr]   out: 0000007700000000 0000000000004000 00000002b1b5ae4e 0000000000361433
[mtlr] resource2 sel8 flags 470 sz 0x1000 -> kr 0x00000000 rid 119 GPUVA 0x10002490000 cpu 10b660000
[mtlr]   out: 0000010002490000 000000010b660000 0000000102749940 0000000000000000
[mtlr]   out: 0000007700000000 0000000000004000 00000002b1b5ae4f 0000000000361434
[mtlr] resource2 sel8 flags 470 sz 0x1000 -> kr 0x00000000 rid 119 GPUVA 0x10002490000 cpu 10b660000
[mtlr]   out: 0000010002490000 000000010b660000 0000000102749940 0000000000000000
[mtlr]   out: 0000007700000000 0000000000004000 00000002b1b5ae50 0000000000361435
[mtlr] resource2 sel8 flags 470 sz 0x1000 -> kr 0x00000000 rid 119 GPUVA 0x10002490000 cpu 10b660000
[mtlr]   out: 0000010002490000 000000010b660000 0000000102749940 0000000000000000
[mtlr]   out: 0000007700000000 0000000000004000 00000002b1b5ae51 0000000000361436
[mtlr] resource2 sel8 flags 470 sz 0x1000 -> kr 0x00000000 rid 119 GPUVA 0x10002490000 cpu 10b660000
[mtlr]   out: 0000010002490000 000000010b660000 0000000102749940 0000000000000000
[mtlr]   out: 0000007700000000 0000000000004000 00000002b1b5ae52 0000000000361437
[mtlr] resource2 sel8 flags 470 sz 0x1000 -> kr 0x00000000 rid 119 GPUVA 0x10002490000 cpu 10b660000
[mtlr]   out: 0000010002490000 000000010b660000 0000000102749940 0000000000000000
[mtlr]   out: 0000007700000000 0000000000004000 00000002b1b5ae53 0000000000361438
[mtlr] resource2 sel8 flags 470 sz 0x1000 -> kr 0x00000000 rid 119 GPUVA 0x10002490000 cpu 10b660000
[mtlr]   out: 0000010002490000 000000010b660000 0000000102749940 0000000000000000
[mtlr]   out: 0000007700000000 0000000000004000 00000002b1b5ae54 0000000000361439
[mtlr] resource2 sel8 flags 470 sz 0x1000 -> kr 0x00000000 rid 119 GPUVA 0x10002490000 cpu 10b660000
[mtlr]   out: 0000010002490000 000000010b660000 0000000102749940 0000000000000000
[mtlr]   out: 0000007700000000 0000000000004000 00000002b1b5ae55 000000000036143a
[mtlr] resource2 sel8 flags 470 sz 0x1000 -> kr 0x00000000 rid 119 GPUVA 0x10002490000 cpu 10b660000
[mtlr]   out: 0000010002490000 000000010b660000 0000000102749940 0000000000000000
[mtlr]   out: 0000007700000000 0000000000004000 00000002b1b5ae56 000000000036143b
[mtlr] resource2 sel8 flags 470 sz 0x1000 -> kr 0x00000000 rid 119 GPUVA 0x10002490000 cpu 10b660000
[mtlr]   out: 0000010002490000 000000010b660000 0000000102749940 0000000000000000
[mtlr]   out: 0000007700000000 0000000000004000 00000002b1b5ae57 000000000036143c
[mtlr] resource2 sel8 flags 470 sz 0x1000 -> kr 0x00000000 rid 119 GPUVA 0x10002490000 cpu 10b660000
[mtlr]   out: 0000010002490000 000000010b660000 0000000102749940 0000000000000000
[mtlr]   out: 0000007700000000 0000000000004000 00000002b1b5ae58 000000000036143d
[mtlr] resource2 sel8 flags 470 sz 0x1000 -> kr 0x00000000 rid 119 GPUVA 0x10002490000 cpu 10b660000
[mtlr]   out: 0000010002490000 000000010b660000 0000000102749940 0000000000000000
[mtlr]   out: 0000007700000000 0000000000004000 00000002b1b5ae59 000000000036143e
[mtlr] resource2 sel8 flags 470 sz 0x1000 -> kr 0x00000000 rid 119 GPUVA 0x10002490000 cpu 10b660000
[mtlr]   out: 0000010002490000 000000010b660000 0000000102749940 0000000000000000
[mtlr]   out: 0000007700000000 0000000000004000 00000002b1b5ae5a 000000000036143f
[mtlr] resource2 sel8 flags 470 sz 0x1000 -> kr 0x00000000 rid 119 GPUVA 0x10002490000 cpu 10b660000
[mtlr]   out: 0000010002490000 000000010b660000 0000000102749940 0000000000000000
[mtlr]   out: 0000007700000000 0000000000004000 00000002b1b5ae5b 0000000000361440
[uatrec] S4 r3 (+0s): nvv 8 ncb 8 vsz 0x100000 destroy0 kr 0x00000000 nj 40
[uatrec] S4 r3 blit[0] slots 10 ridp 1
[uatrec] S4 r3 blit[1] slots 10 ridp 1
[uatrec] S4 r3 blit[2] slots 10 ridp 1
[uatrec] S4 r3 blit[3] slots 10 ridp 1
[uatrec] S4 r3 blit[4] slots 10 ridp 1
[uatrec] S4 r3 blit[5] slots 10 ridp 1
[uatrec] S4 r3 blit[6] slots 10 ridp 1
[uatrec] S4 r3 blit[7] slots 10 ridp 1
[mtlr] resource2 sel8 flags 470 sz 0x100000 -> kr 0x00000000 rid 119 GPUVA 0x10002490000 cpu 10b160000
[mtlr]   out: 0000010002490000 000000010b160000 0000000102749940 0000000000000000
[mtlr]   out: 0000007700000000 0000000000100000 00000002b1b5aef2 0000000000361443
[uatrec] S4 r4 victim[0] rid 119 gpuva 0x10002490000 cpu 0x10b160000 (top-of-stack)
[mtlr] resource2 sel8 flags 470 sz 0x100000 -> kr 0x00000000 rid 120 GPUVA 0x10002598000 cpu 10b260000
[mtlr]   out: 0000010002598000 000000010b260000 0000000102749a00 0000000000000000
[mtlr]   out: 0000007800000000 0000000000100000 00000002b1b5aef3 0000000000361444
[uatrec] S4 r4 victim[1] rid 120 gpuva 0x10002598000 cpu 0x10b260000 (top-of-stack)
[mtlr] resource2 sel8 flags 470 sz 0x100000 -> kr 0x00000000 rid 121 GPUVA 0x100026a0000 cpu 10b360000
[mtlr]   out: 00000100026a0000 000000010b360000 0000000102749ac0 0000000000000000
[mtlr]   out: 0000007900000000 0000000000100000 00000002b1b5aef4 0000000000361445
[uatrec] S4 r4 victim[2] rid 121 gpuva 0x100026a0000 cpu 0x10b360000 (top-of-stack)
[mtlr] resource2 sel8 flags 470 sz 0x100000 -> kr 0x00000000 rid 122 GPUVA 0x100027a8000 cpu 10b460000
[mtlr]   out: 00000100027a8000 000000010b460000 0000000102749b80 0000000000000000
[mtlr]   out: 0000007a00000000 0000000000100000 00000002b1b5aef5 0000000000361446
[uatrec] S4 r4 victim[3] rid 122 gpuva 0x100027a8000 cpu 0x10b460000 (top-of-stack)
[mtlr] resource2 sel8 flags 470 sz 0x100000 -> kr 0x00000000 rid 123 GPUVA 0x100028b0000 cpu 10b560000
[mtlr]   out: 00000100028b0000 000000010b560000 0000000102749c40 0000000000000000
[mtlr]   out: 0000007b00000000 0000000000100000 00000002b1b5aef6 0000000000361447
[uatrec] S4 r4 victim[4] rid 123 gpuva 0x100028b0000 cpu 0x10b560000 (top-of-stack)
[mtlr] resource2 sel8 flags 470 sz 0x100000 -> kr 0x00000000 rid 124 GPUVA 0x100029b8000 cpu 10bc00000
[mtlr]   out: 00000100029b8000 000000010bc00000 0000000102749d00 0000000000000000
[mtlr]   out: 0000007c00000000 0000000000100000 00000002b1b5aef7 0000000000361448
[uatrec] S4 r4 victim[5] rid 124 gpuva 0x100029b8000 cpu 0x10bc00000 (top-of-stack)
[mtlr] resource2 sel8 flags 470 sz 0x100000 -> kr 0x00000000 rid 125 GPUVA 0x10002ac0000 cpu 10bdc0000
[mtlr]   out: 0000010002ac0000 000000010bdc0000 0000000102749dc0 0000000000000000
[mtlr]   out: 0000007d00000000 0000000000100000 00000002b1b5aef8 0000000000361449
[uatrec] S4 r4 victim[6] rid 125 gpuva 0x10002ac0000 cpu 0x10bdc0000 (top-of-stack)
[mtlr] resource2 sel8 flags 470 sz 0x100000 -> kr 0x00000000 rid 126 GPUVA 0x10002bc8000 cpu 10bf30000
[mtlr]   out: 0000010002bc8000 000000010bf30000 0000000102749e80 0000000000000000
[mtlr]   out: 0000007e00000000 0000000000100000 00000002b1b5af00 000000000036144a
[uatrec] S4 r4 victim[7] rid 126 gpuva 0x10002bc8000 cpu 0x10bf30000 (top-of-stack)
[mtlr] resource2 sel8 flags 470 sz 0x1000 -> kr 0x00000000 rid 119 GPUVA 0x10003818000 cpu 10b660000
[mtlr]   out: 0000010003818000 000000010b660000 000000010274ca00 0000000000000000
[mtlr]   out: 0000007700000000 0000000000004000 00000002b1b5af43 0000000000361454
[mtlr] resource2 sel8 flags 470 sz 0x1000 -> kr 0x00000000 rid 119 GPUVA 0x10003818000 cpu 10b660000
[mtlr]   out: 0000010003818000 000000010b660000 000000010274ca00 0000000000000000
[mtlr]   out: 0000007700000000 0000000000004000 00000002b1b5af44 0000000000361455
[mtlr] resource2 sel8 flags 470 sz 0x1000 -> kr 0x00000000 rid 119 GPUVA 0x10003818000 cpu 10b660000
[mtlr]   out: 0000010003818000 000000010b660000 000000010274ca00 0000000000000000
[mtlr]   out: 0000007700000000 0000000000004000 00000002b1b5af45 0000000000361456
[mtlr] resource2 sel8 flags 470 sz 0x1000 -> kr 0x00000000 rid 119 GPUVA 0x10003818000 cpu 10b660000
[mtlr]   out: 0000010003818000 000000010b660000 000000010274ca00 0000000000000000
[mtlr]   out: 0000007700000000 0000000000004000 00000002b1b5af46 0000000000361457
[mtlr] resource2 sel8 flags 470 sz 0x1000 -> kr 0x00000000 rid 119 GPUVA 0x10003818000 cpu 10b660000
[mtlr]   out: 0000010003818000 000000010b660000 000000010274ca00 0000000000000000
[mtlr]   out: 0000007700000000 0000000000004000 00000002b1b5af47 0000000000361458
[mtlr] resource2 sel8 flags 470 sz 0x1000 -> kr 0x00000000 rid 119 GPUVA 0x10003818000 cpu 10b660000
[mtlr]   out: 0000010003818000 000000010b660000 000000010274ca00 0000000000000000
[mtlr]   out: 0000007700000000 0000000000004000 00000002b1b5af48 0000000000361459
[mtlr] resource2 sel8 flags 470 sz 0x1000 -> kr 0x00000000 rid 119 GPUVA 0x10003818000 cpu 10b660000
[mtlr]   out: 0000010003818000 000000010b660000 000000010274ca00 0000000000000000
[mtlr]   out: 0000007700000000 0000000000004000 00000002b1b5af49 000000000036145a
[mtlr] resource2 sel8 flags 470 sz 0x1000 -> kr 0x00000000 rid 119 GPUVA 0x10003818000 cpu 10b660000
[mtlr]   out: 0000010003818000 000000010b660000 000000010274ca00 0000000000000000
[mtlr]   out: 0000007700000000 0000000000004000 00000002b1b5af4a 000000000036145b
[mtlr] resource2 sel8 flags 470 sz 0x1000 -> kr 0x00000000 rid 119 GPUVA 0x10003818000 cpu 10b660000
[mtlr]   out: 0000010003818000 000000010b660000 000000010274ca00 0000000000000000
[mtlr]   out: 0000007700000000 0000000000004000 00000002b1b5af4b 000000000036145c
[mtlr] resource2 sel8 flags 470 sz 0x1000 -> kr 0x00000000 rid 119 GPUVA 0x10003818000 cpu 10b660000
[mtlr]   out: 0000010003818000 000000010b660000 000000010274ca00 0000000000000000
[mtlr]   out: 0000007700000000 0000000000004000 00000002b1b5af4c 000000000036145d
[mtlr] resource2 sel8 flags 470 sz 0x1000 -> kr 0x00000000 rid 119 GPUVA 0x10003818000 cpu 10b660000
[mtlr]   out: 0000010003818000 000000010b660000 000000010274ca00 0000000000000000
[mtlr]   out: 0000007700000000 0000000000004000 00000002b1b5af4d 000000000036145e
[mtlr] resource2 sel8 flags 470 sz 0x1000 -> kr 0x00000000 rid 119 GPUVA 0x10003818000 cpu 10b660000
[mtlr]   out: 0000010003818000 000000010b660000 000000010274ca00 0000000000000000
[mtlr]   out: 0000007700000000 0000000000004000 00000002b1b5af4e 000000000036145f
[mtlr] resource2 sel8 flags 470 sz 0x1000 -> kr 0x00000000 rid 119 GPUVA 0x10003818000 cpu 10b660000
[mtlr]   out: 0000010003818000 000000010b660000 000000010274ca00 0000000000000000
[mtlr]   out: 0000007700000000 0000000000004000 00000002b1b5af4f 0000000000361460
[mtlr] resource2 sel8 flags 470 sz 0x1000 -> kr 0x00000000 rid 119 GPUVA 0x10003818000 cpu 10b660000
[mtlr]   out: 0000010003818000 000000010b660000 000000010274ca00 0000000000000000
[mtlr]   out: 0000007700000000 0000000000004000 00000002b1b5af50 0000000000361461
[mtlr] resource2 sel8 flags 470 sz 0x1000 -> kr 0x00000000 rid 119 GPUVA 0x10003818000 cpu 10b660000
[mtlr]   out: 0000010003818000 000000010b660000 000000010274ca00 0000000000000000
[mtlr]   out: 0000007700000000 0000000000004000 00000002b1b5af51 0000000000361462
[mtlr] resource2 sel8 flags 470 sz 0x1000 -> kr 0x00000000 rid 119 GPUVA 0x10003818000 cpu 10b660000
[mtlr]   out: 0000010003818000 000000010b660000 000000010274ca00 0000000000000000
[mtlr]   out: 0000007700000000 0000000000004000 00000002b1b5af52 0000000000361463
[mtlr] resource2 sel8 flags 470 sz 0x1000 -> kr 0x00000000 rid 119 GPUVA 0x10003818000 cpu 10b660000
[mtlr]   out: 0000010003818000 000000010b660000 000000010274ca00 0000000000000000
[mtlr]   out: 0000007700000000 0000000000004000 00000002b1b5af53 0000000000361464
[mtlr] resource2 sel8 flags 470 sz 0x1000 -> kr 0x00000000 rid 119 GPUVA 0x10003818000 cpu 10b660000
[mtlr]   out: 0000010003818000 000000010b660000 000000010274ca00 0000000000000000
[mtlr]   out: 0000007700000000 0000000000004000 00000002b1b5af54 0000000000361465
[mtlr] resource2 sel8 flags 470 sz 0x1000 -> kr 0x00000000 rid 119 GPUVA 0x10003818000 cpu 10b660000
[mtlr]   out: 0000010003818000 000000010b660000 000000010274ca00 0000000000000000
[mtlr]   out: 0000007700000000 0000000000004000 00000002b1b5af55 0000000000361466
[mtlr] resource2 sel8 flags 470 sz 0x1000 -> kr 0x00000000 rid 119 GPUVA 0x10003818000 cpu 10b660000
[mtlr]   out: 0000010003818000 000000010b660000 000000010274ca00 0000000000000000
[mtlr]   out: 0000007700000000 0000000000004000 00000002b1b5af56 0000000000361467
[mtlr] resource2 sel8 flags 470 sz 0x1000 -> kr 0x00000000 rid 119 GPUVA 0x10003818000 cpu 10b660000
[mtlr]   out: 0000010003818000 000000010b660000 000000010274ca00 0000000000000000
[mtlr]   out: 0000007700000000 0000000000004000 00000002b1b5af57 0000000000361468
[mtlr] resource2 sel8 flags 470 sz 0x1000 -> kr 0x00000000 rid 119 GPUVA 0x10003818000 cpu 10b660000
[mtlr]   out: 0000010003818000 000000010b660000 000000010274ca00 0000000000000000
[mtlr]   out: 0000007700000000 0000000000004000 00000002b1b5af58 0000000000361469
[mtlr] resource2 sel8 flags 470 sz 0x1000 -> kr 0x00000000 rid 119 GPUVA 0x10003818000 cpu 10b660000
[mtlr]   out: 0000010003818000 000000010b660000 000000010274ca00 0000000000000000
[mtlr]   out: 0000007700000000 0000000000004000 00000002b1b5af59 000000000036146a
[mtlr] resource2 sel8 flags 470 sz 0x1000 -> kr 0x00000000 rid 119 GPUVA 0x10003818000 cpu 10b660000
[mtlr]   out: 0000010003818000 000000010b660000 000000010274ca00 0000000000000000
[mtlr]   out: 0000007700000000 0000000000004000 00000002b1b5af5a 000000000036146b
[mtlr] resource2 sel8 flags 470 sz 0x1000 -> kr 0x00000000 rid 119 GPUVA 0x10003818000 cpu 10b660000
[mtlr]   out: 0000010003818000 000000010b660000 000000010274ca00 0000000000000000
[mtlr]   out: 0000007700000000 0000000000004000 00000002b1b5af5b 000000000036146c
[mtlr] resource2 sel8 flags 470 sz 0x1000 -> kr 0x00000000 rid 119 GPUVA 0x10003818000 cpu 10b660000
[mtlr]   out: 0000010003818000 000000010b660000 000000010274ca00 0000000000000000
[mtlr]   out: 0000007700000000 0000000000004000 00000002b1b5af5c 000000000036146d
[mtlr] resource2 sel8 flags 470 sz 0x1000 -> kr 0x00000000 rid 119 GPUVA 0x10003818000 cpu 10b660000
[mtlr]   out: 0000010003818000 000000010b660000 000000010274ca00 0000000000000000
[mtlr]   out: 0000007700000000 0000000000004000 00000002b1b5af5d 000000000036146e
[mtlr] resource2 sel8 flags 470 sz 0x1000 -> kr 0x00000000 rid 119 GPUVA 0x10003818000 cpu 10b660000
[mtlr]   out: 0000010003818000 000000010b660000 000000010274ca00 0000000000000000
[mtlr]   out: 0000007700000000 0000000000004000 00000002b1b5af5e 000000000036146f
[mtlr] resource2 sel8 flags 470 sz 0x1000 -> kr 0x00000000 rid 119 GPUVA 0x10003818000 cpu 10b660000
[mtlr]   out: 0000010003818000 000000010b660000 000000010274ca00 0000000000000000
[mtlr]   out: 0000007700000000 0000000000004000 00000002b1b5af5f 0000000000361470
[mtlr] resource2 sel8 flags 470 sz 0x1000 -> kr 0x00000000 rid 119 GPUVA 0x10003818000 cpu 10b660000
[mtlr]   out: 0000010003818000 000000010b660000 000000010274ca00 0000000000000000
[mtlr]   out: 0000007700000000 0000000000004000 00000002b1b5af60 0000000000361471
[mtlr] resource2 sel8 flags 470 sz 0x1000 -> kr 0x00000000 rid 119 GPUVA 0x10003818000 cpu 10b660000
[mtlr]   out: 0000010003818000 000000010b660000 000000010274ca00 0000000000000000
[mtlr]   out: 0000007700000000 0000000000004000 00000002b1b5af61 0000000000361472
[mtlr] resource2 sel8 flags 470 sz 0x1000 -> kr 0x00000000 rid 119 GPUVA 0x10003818000 cpu 10b660000
[mtlr]   out: 0000010003818000 000000010b660000 000000010274ca00 0000000000000000
[mtlr]   out: 0000007700000000 0000000000004000 00000002b1b5af62 0000000000361473
[mtlr] resource2 sel8 flags 470 sz 0x1000 -> kr 0x00000000 rid 119 GPUVA 0x10003818000 cpu 10b660000
[mtlr]   out: 0000010003818000 000000010b660000 000000010274ca00 0000000000000000
[mtlr]   out: 0000007700000000 0000000000004000 00000002b1b5af63 0000000000361474
[mtlr] resource2 sel8 flags 470 sz 0x1000 -> kr 0x00000000 rid 119 GPUVA 0x10003818000 cpu 10b660000
[mtlr]   out: 0000010003818000 000000010b660000 000000010274ca00 0000000000000000
[mtlr]   out: 0000007700000000 0000000000004000 00000002b1b5af64 0000000000361475
[mtlr] resource2 sel8 flags 470 sz 0x1000 -> kr 0x00000000 rid 119 GPUVA 0x10003818000 cpu 10b660000
[mtlr]   out: 0000010003818000 000000010b660000 000000010274ca00 0000000000000000
[mtlr]   out: 0000007700000000 0000000000004000 00000002b1b5af65 0000000000361476
[mtlr] resource2 sel8 flags 470 sz 0x1000 -> kr 0x00000000 rid 119 GPUVA 0x10003818000 cpu 10b660000
[mtlr]   out: 0000010003818000 000000010b660000 000000010274ca00 0000000000000000
[mtlr]   out: 0000007700000000 0000000000004000 00000002b1b5af66 0000000000361477
[mtlr] resource2 sel8 flags 470 sz 0x1000 -> kr 0x00000000 rid 119 GPUVA 0x10003818000 cpu 10b660000
[mtlr]   out: 0000010003818000 000000010b660000 000000010274ca00 0000000000000000
[mtlr]   out: 0000007700000000 0000000000004000 00000002b1b5af67 0000000000361478
[mtlr] resource2 sel8 flags 470 sz 0x1000 -> kr 0x00000000 rid 119 GPUVA 0x10003818000 cpu 10b660000
[mtlr]   out: 0000010003818000 000000010b660000 000000010274ca00 0000000000000000
[mtlr]   out: 0000007700000000 0000000000004000 00000002b1b5af68 0000000000361479
[mtlr] resource2 sel8 flags 470 sz 0x1000 -> kr 0x00000000 rid 119 GPUVA 0x10003818000 cpu 10b660000
[mtlr]   out: 0000010003818000 000000010b660000 000000010274ca00 0000000000000000
[mtlr]   out: 0000007700000000 0000000000004000 00000002b1b5af69 000000000036147a
[mtlr] resource2 sel8 flags 470 sz 0x1000 -> kr 0x00000000 rid 119 GPUVA 0x10003818000 cpu 10b660000
[mtlr]   out: 0000010003818000 000000010b660000 000000010274ca00 0000000000000000
[mtlr]   out: 0000007700000000 0000000000004000 00000002b1b5af6a 000000000036147b
[uatrec] S4 r4 (+0s): nvv 8 ncb 8 vsz 0x100000 destroy0 kr 0x00000000 nj 40
[uatrec] S4 r4 blit[0] slots 10 ridp 1
[uatrec] S4 r4 blit[1] slots 10 ridp 1
[uatrec] S4 r4 blit[2] slots 10 ridp 1
[uatrec] S4 r4 blit[3] slots 10 ridp 1
[uatrec] S4 r4 blit[4] slots 10 ridp 1
[uatrec] S4 r4 blit[5] slots 10 ridp 1
[uatrec] S4 r4 blit[6] slots 10 ridp 1
[uatrec] S4 r4 blit[7] slots 10 ridp 1
[mtlr] resource2 sel8 flags 470 sz 0x100000 -> kr 0x00000000 rid 119 GPUVA 0x10002490000 cpu 10d800000
[mtlr]   out: 0000010002490000 000000010d800000 0000000102749940 0000000000000000
[mtlr]   out: 0000007700000000 0000000000100000 00000002b1b5b005 000000000036147e
[uatrec] S4 r5 victim[0] rid 119 gpuva 0x10002490000 cpu 0x10d800000 (top-of-stack)
[mtlr] resource2 sel8 flags 470 sz 0x100000 -> kr 0x00000000 rid 120 GPUVA 0x10002598000 cpu 10d900000
[mtlr]   out: 0000010002598000 000000010d900000 0000000102749a00 0000000000000000
[mtlr]   out: 0000007800000000 0000000000100000 00000002b1b5b006 000000000036147f
[uatrec] S4 r5 victim[1] rid 120 gpuva 0x10002598000 cpu 0x10d900000 (top-of-stack)
[mtlr] resource2 sel8 flags 470 sz 0x100000 -> kr 0x00000000 rid 121 GPUVA 0x100026a0000 cpu 10c0a0000
[mtlr]   out: 00000100026a0000 000000010c0a0000 0000000102749ac0 0000000000000000
[mtlr]   out: 0000007900000000 0000000000100000 00000002b1b5b007 0000000000361480
[uatrec] S4 r5 victim[2] rid 121 gpuva 0x100026a0000 cpu 0x10c0a0000 (top-of-stack)
[mtlr] resource2 sel8 flags 470 sz 0x100000 -> kr 0x00000000 rid 122 GPUVA 0x100027a8000 cpu 10b160000
[mtlr]   out: 00000100027a8000 000000010b160000 0000000102749b80 0000000000000000
[mtlr]   out: 0000007a00000000 0000000000100000 00000002b1b5b00f 0000000000361481
[uatrec] S4 r5 victim[3] rid 122 gpuva 0x100027a8000 cpu 0x10b160000 (top-of-stack)
[mtlr] resource2 sel8 flags 470 sz 0x100000 -> kr 0x00000000 rid 123 GPUVA 0x100028b0000 cpu 10b260000
[mtlr]   out: 00000100028b0000 000000010b260000 0000000102749c40 0000000000000000
[mtlr]   out: 0000007b00000000 0000000000100000 00000002b1b5b010 0000000000361482
[uatrec] S4 r5 victim[4] rid 123 gpuva 0x100028b0000 cpu 0x10b260000 (top-of-stack)
[mtlr] resource2 sel8 flags 470 sz 0x100000 -> kr 0x00000000 rid 124 GPUVA 0x100029b8000 cpu 10b360000
[mtlr]   out: 00000100029b8000 000000010b360000 0000000102749d00 0000000000000000
[mtlr]   out: 0000007c00000000 0000000000100000 00000002b1b5b011 0000000000361483
[uatrec] S4 r5 victim[5] rid 124 gpuva 0x100029b8000 cpu 0x10b360000 (top-of-stack)
[mtlr] resource2 sel8 flags 470 sz 0x100000 -> kr 0x00000000 rid 125 GPUVA 0x10002ac0000 cpu 10b460000
[mtlr]   out: 0000010002ac0000 000000010b460000 0000000102749dc0 0000000000000000
[mtlr]   out: 0000007d00000000 0000000000100000 00000002b1b5b012 0000000000361484
[uatrec] S4 r5 victim[6] rid 125 gpuva 0x10002ac0000 cpu 0x10b460000 (top-of-stack)
[mtlr] resource2 sel8 flags 470 sz 0x100000 -> kr 0x00000000 rid 126 GPUVA 0x10002bc8000 cpu 10b560000
[mtlr]   out: 0000010002bc8000 000000010b560000 0000000102749e80 0000000000000000
[mtlr]   out: 0000007e00000000 0000000000100000 00000002b1b5b013 0000000000361485
[uatrec] S4 r5 victim[7] rid 126 gpuva 0x10002bc8000 cpu 0x10b560000 (top-of-stack)
[mtlr] resource2 sel8 flags 470 sz 0x1000 -> kr 0x00000000 rid 119 GPUVA 0x10002490000 cpu 10b660000
[mtlr]   out: 0000010002490000 000000010b660000 0000000102749940 0000000000000000
[mtlr]   out: 0000007700000000 0000000000004000 00000002b1b5b058 000000000036148f
[mtlr] resource2 sel8 flags 470 sz 0x1000 -> kr 0x00000000 rid 119 GPUVA 0x10002490000 cpu 10b660000
[mtlr]   out: 0000010002490000 000000010b660000 0000000102749940 0000000000000000
[mtlr]   out: 0000007700000000 0000000000004000 00000002b1b5b059 0000000000361490
[mtlr] resource2 sel8 flags 470 sz 0x1000 -> kr 0x00000000 rid 119 GPUVA 0x10002490000 cpu 10b660000
[mtlr]   out: 0000010002490000 000000010b660000 0000000102749940 0000000000000000
[mtlr]   out: 0000007700000000 0000000000004000 00000002b1b5b05a 0000000000361491
[mtlr] resource2 sel8 flags 470 sz 0x1000 -> kr 0x00000000 rid 119 GPUVA 0x10002490000 cpu 10b660000
[mtlr]   out: 0000010002490000 000000010b660000 0000000102749940 0000000000000000
[mtlr]   out: 0000007700000000 0000000000004000 00000002b1b5b05b 0000000000361492
[mtlr] resource2 sel8 flags 470 sz 0x1000 -> kr 0x00000000 rid 119 GPUVA 0x10002490000 cpu 10b660000
[mtlr]   out: 0000010002490000 000000010b660000 0000000102749940 0000000000000000
[mtlr]   out: 0000007700000000 0000000000004000 00000002b1b5b05c 0000000000361493
[mtlr] resource2 sel8 flags 470 sz 0x1000 -> kr 0x00000000 rid 119 GPUVA 0x10002490000 cpu 10b660000
[mtlr]   out: 0000010002490000 000000010b660000 0000000102749940 0000000000000000
[mtlr]   out: 0000007700000000 0000000000004000 00000002b1b5b05d 0000000000361494
[mtlr] resource2 sel8 flags 470 sz 0x1000 -> kr 0x00000000 rid 119 GPUVA 0x10002490000 cpu 10b660000
[mtlr]   out: 0000010002490000 000000010b660000 0000000102749940 0000000000000000
[mtlr]   out: 0000007700000000 0000000000004000 00000002b1b5b05e 0000000000361495
[mtlr] resource2 sel8 flags 470 sz 0x1000 -> kr 0x00000000 rid 119 GPUVA 0x10002490000 cpu 10b660000
[mtlr]   out: 0000010002490000 000000010b660000 0000000102749940 0000000000000000
[mtlr]   out: 0000007700000000 0000000000004000 00000002b1b5b05f 0000000000361496
[mtlr] resource2 sel8 flags 470 sz 0x1000 -> kr 0x00000000 rid 119 GPUVA 0x10002490000 cpu 10b660000
[mtlr]   out: 0000010002490000 000000010b660000 0000000102749940 0000000000000000
[mtlr]   out: 0000007700000000 0000000000004000 00000002b1b5b060 0000000000361497
[mtlr] resource2 sel8 flags 470 sz 0x1000 -> kr 0x00000000 rid 119 GPUVA 0x10002490000 cpu 10b660000
[mtlr]   out: 0000010002490000 000000010b660000 0000000102749940 0000000000000000
[mtlr]   out: 0000007700000000 0000000000004000 00000002b1b5b061 0000000000361498
[mtlr] resource2 sel8 flags 470 sz 0x1000 -> kr 0x00000000 rid 119 GPUVA 0x10002490000 cpu 10b660000
[mtlr]   out: 0000010002490000 000000010b660000 0000000102749940 0000000000000000
[mtlr]   out: 0000007700000000 0000000000004000 00000002b1b5b062 0000000000361499
[mtlr] resource2 sel8 flags 470 sz 0x1000 -> kr 0x00000000 rid 119 GPUVA 0x10002490000 cpu 10b660000
[mtlr]   out: 0000010002490000 000000010b660000 0000000102749940 0000000000000000
[mtlr]   out: 0000007700000000 0000000000004000 00000002b1b5b063 000000000036149a
[mtlr] resource2 sel8 flags 470 sz 0x1000 -> kr 0x00000000 rid 119 GPUVA 0x10002490000 cpu 10b660000
[mtlr]   out: 0000010002490000 000000010b660000 0000000102749940 0000000000000000
[mtlr]   out: 0000007700000000 0000000000004000 00000002b1b5b064 000000000036149b
[mtlr] resource2 sel8 flags 470 sz 0x1000 -> kr 0x00000000 rid 119 GPUVA 0x10002490000 cpu 10b660000
[mtlr]   out: 0000010002490000 000000010b660000 0000000102749940 0000000000000000
[mtlr]   out: 0000007700000000 0000000000004000 00000002b1b5b065 000000000036149c
[mtlr] resource2 sel8 flags 470 sz 0x1000 -> kr 0x00000000 rid 119 GPUVA 0x10002490000 cpu 10b660000
[mtlr]   out: 0000010002490000 000000010b660000 0000000102749940 0000000000000000
[mtlr]   out: 0000007700000000 0000000000004000 00000002b1b5b066 000000000036149d
[mtlr] resource2 sel8 flags 470 sz 0x1000 -> kr 0x00000000 rid 119 GPUVA 0x10002490000 cpu 10b660000
[mtlr]   out: 0000010002490000 000000010b660000 0000000102749940 0000000000000000
[mtlr]   out: 0000007700000000 0000000000004000 00000002b1b5b067 000000000036149e
[mtlr] resource2 sel8 flags 470 sz 0x1000 -> kr 0x00000000 rid 119 GPUVA 0x10002490000 cpu 10b660000
[mtlr]   out: 0000010002490000 000000010b660000 0000000102749940 0000000000000000
[mtlr]   out: 0000007700000000 0000000000004000 00000002b1b5b068 000000000036149f
[mtlr] resource2 sel8 flags 470 sz 0x1000 -> kr 0x00000000 rid 119 GPUVA 0x10002490000 cpu 10b660000
[mtlr]   out: 0000010002490000 000000010b660000 0000000102749940 0000000000000000
[mtlr]   out: 0000007700000000 0000000000004000 00000002b1b5b069 00000000003614a0
[mtlr] resource2 sel8 flags 470 sz 0x1000 -> kr 0x00000000 rid 119 GPUVA 0x10002490000 cpu 10b660000
[mtlr]   out: 0000010002490000 000000010b660000 0000000102749940 0000000000000000
[mtlr]   out: 0000007700000000 0000000000004000 00000002b1b5b06a 00000000003614a1
[mtlr] resource2 sel8 flags 470 sz 0x1000 -> kr 0x00000000 rid 119 GPUVA 0x10002490000 cpu 10b660000
[mtlr]   out: 0000010002490000 000000010b660000 0000000102749940 0000000000000000
[mtlr]   out: 0000007700000000 0000000000004000 00000002b1b5b06b 00000000003614a2
[mtlr] resource2 sel8 flags 470 sz 0x1000 -> kr 0x00000000 rid 119 GPUVA 0x10002490000 cpu 10b660000
[mtlr]   out: 0000010002490000 000000010b660000 0000000102749940 0000000000000000
[mtlr]   out: 0000007700000000 0000000000004000 00000002b1b5b06c 00000000003614a3
[mtlr] resource2 sel8 flags 470 sz 0x1000 -> kr 0x00000000 rid 119 GPUVA 0x10002490000 cpu 10b660000
[mtlr]   out: 0000010002490000 000000010b660000 0000000102749940 0000000000000000
[mtlr]   out: 0000007700000000 0000000000004000 00000002b1b5b06d 00000000003614a4
[mtlr] resource2 sel8 flags 470 sz 0x1000 -> kr 0x00000000 rid 119 GPUVA 0x10002490000 cpu 10b660000
[mtlr]   out: 0000010002490000 000000010b660000 0000000102749940 0000000000000000
[mtlr]   out: 0000007700000000 0000000000004000 00000002b1b5b06e 00000000003614a5
[mtlr] resource2 sel8 flags 470 sz 0x1000 -> kr 0x00000000 rid 119 GPUVA 0x10002490000 cpu 10b660000
[mtlr]   out: 0000010002490000 000000010b660000 0000000102749940 0000000000000000
[mtlr]   out: 0000007700000000 0000000000004000 00000002b1b5b06f 00000000003614a6
[mtlr] resource2 sel8 flags 470 sz 0x1000 -> kr 0x00000000 rid 119 GPUVA 0x10002490000 cpu 10b660000
[mtlr]   out: 0000010002490000 000000010b660000 0000000102749940 0000000000000000
[mtlr]   out: 0000007700000000 0000000000004000 00000002b1b5b070 00000000003614a7
[mtlr] resource2 sel8 flags 470 sz 0x1000 -> kr 0x00000000 rid 119 GPUVA 0x10002490000 cpu 10b660000
[mtlr]   out: 0000010002490000 000000010b660000 0000000102749940 0000000000000000
[mtlr]   out: 0000007700000000 0000000000004000 00000002b1b5b071 00000000003614a8
[mtlr] resource2 sel8 flags 470 sz 0x1000 -> kr 0x00000000 rid 119 GPUVA 0x10002490000 cpu 10b660000
[mtlr]   out: 0000010002490000 000000010b660000 0000000102749940 0000000000000000
[mtlr]   out: 0000007700000000 0000000000004000 00000002b1b5b072 00000000003614a9
[mtlr] resource2 sel8 flags 470 sz 0x1000 -> kr 0x00000000 rid 119 GPUVA 0x10002490000 cpu 10b660000
[mtlr]   out: 0000010002490000 000000010b660000 0000000102749940 0000000000000000
[mtlr]   out: 0000007700000000 0000000000004000 00000002b1b5b073 00000000003614aa
[mtlr] resource2 sel8 flags 470 sz 0x1000 -> kr 0x00000000 rid 119 GPUVA 0x10002490000 cpu 10b660000
[mtlr]   out: 0000010002490000 000000010b660000 0000000102749940 0000000000000000
[mtlr]   out: 0000007700000000 0000000000004000 00000002b1b5b074 00000000003614ab
[mtlr] resource2 sel8 flags 470 sz 0x1000 -> kr 0x00000000 rid 119 GPUVA 0x10002490000 cpu 10b660000
[mtlr]   out: 0000010002490000 000000010b660000 0000000102749940 0000000000000000
[mtlr]   out: 0000007700000000 0000000000004000 00000002b1b5b075 00000000003614ac
[mtlr] resource2 sel8 flags 470 sz 0x1000 -> kr 0x00000000 rid 119 GPUVA 0x10002490000 cpu 10b660000
[mtlr]   out: 0000010002490000 000000010b660000 0000000102749940 0000000000000000
[mtlr]   out: 0000007700000000 0000000000004000 00000002b1b5b076 00000000003614ad
[mtlr] resource2 sel8 flags 470 sz 0x1000 -> kr 0x00000000 rid 119 GPUVA 0x10002490000 cpu 10b660000
[mtlr]   out: 0000010002490000 000000010b660000 0000000102749940 0000000000000000
[mtlr]   out: 0000007700000000 0000000000004000 00000002b1b5b077 00000000003614ae
[mtlr] resource2 sel8 flags 470 sz 0x1000 -> kr 0x00000000 rid 119 GPUVA 0x10002490000 cpu 10b660000
[mtlr]   out: 0000010002490000 000000010b660000 0000000102749940 0000000000000000
[mtlr]   out: 0000007700000000 0000000000004000 00000002b1b5b078 00000000003614af
[mtlr] resource2 sel8 flags 470 sz 0x1000 -> kr 0x00000000 rid 119 GPUVA 0x10002490000 cpu 10b660000
[mtlr]   out: 0000010002490000 000000010b660000 0000000102749940 0000000000000000
[mtlr]   out: 0000007700000000 0000000000004000 00000002b1b5b079 00000000003614b0
[mtlr] resource2 sel8 flags 470 sz 0x1000 -> kr 0x00000000 rid 119 GPUVA 0x10002490000 cpu 10b660000
[mtlr]   out: 0000010002490000 000000010b660000 0000000102749940 0000000000000000
[mtlr]   out: 0000007700000000 0000000000004000 00000002b1b5b07a 00000000003614b1
[mtlr] resource2 sel8 flags 470 sz 0x1000 -> kr 0x00000000 rid 119 GPUVA 0x10002490000 cpu 10b660000
[mtlr]   out: 0000010002490000 000000010b660000 0000000102749940 0000000000000000
[mtlr]   out: 0000007700000000 0000000000004000 00000002b1b5b07b 00000000003614b2
[mtlr] resource2 sel8 flags 470 sz 0x1000 -> kr 0x00000000 rid 119 GPUVA 0x10002490000 cpu 10b660000
[mtlr]   out: 0000010002490000 000000010b660000 0000000102749940 0000000000000000
[mtlr]   out: 0000007700000000 0000000000004000 00000002b1b5b07e 00000000003614b3
[mtlr] resource2 sel8 flags 470 sz 0x1000 -> kr 0x00000000 rid 119 GPUVA 0x10002490000 cpu 10b660000
[mtlr]   out: 0000010002490000 000000010b660000 0000000102749940 0000000000000000
[mtlr]   out: 0000007700000000 0000000000004000 00000002b1b5b081 00000000003614b4
[mtlr] resource2 sel8 flags 470 sz 0x1000 -> kr 0x00000000 rid 119 GPUVA 0x10002490000 cpu 10b660000
[mtlr]   out: 0000010002490000 000000010b660000 0000000102749940 0000000000000000
[mtlr]   out: 0000007700000000 0000000000004000 00000002b1b5b087 00000000003614b5
[mtlr] resource2 sel8 flags 470 sz 0x1000 -> kr 0x00000000 rid 119 GPUVA 0x10002490000 cpu 10b660000
[mtlr]   out: 0000010002490000 000000010b660000 0000000102749940 0000000000000000
[mtlr]   out: 0000007700000000 0000000000004000 00000002b1b5b08f 00000000003614b6
[uatrec] S4 r5 (+0s): nvv 8 ncb 8 vsz 0x100000 destroy0 kr 0x00000000 nj 40
[uatrec] S4 r5 blit[0] slots 10 ridp 1
[uatrec] S4 r5 blit[1] slots 10 ridp 1
[uatrec] S4 r5 blit[2] slots 10 ridp 1
[uatrec] S4 r5 blit[3] slots 10 ridp 1
[uatrec] S4 r5 blit[4] slots 10 ridp 1
[uatrec] S4 r5 blit[5] slots 10 ridp 1
[uatrec] S4 r5 blit[6] slots 10 ridp 1
[uatrec] S4 r5 blit[7] slots 10 ridp 1
[mtlr] resource2 sel8 flags 470 sz 0x100000 -> kr 0x00000000 rid 119 GPUVA 0x10002490000 cpu 10bdc0000
[mtlr]   out: 0000010002490000 000000010bdc0000 0000000102749940 0000000000000000
[mtlr]   out: 0000007700000000 0000000000100000 00000002b1b5b0c9 00000000003614b9
[uatrec] S4 r6 victim[0] rid 119 gpuva 0x10002490000 cpu 0x10bdc0000 (top-of-stack)
[mtlr] resource2 sel8 flags 470 sz 0x100000 -> kr 0x00000000 rid 120 GPUVA 0x10002598000 cpu 10bf30000
[mtlr]   out: 0000010002598000 000000010bf30000 0000000102749a00 0000000000000000
[mtlr]   out: 0000007800000000 0000000000100000 00000002b1b5b0ca 00000000003614ba
[uatrec] S4 r6 victim[1] rid 120 gpuva 0x10002598000 cpu 0x10bf30000 (top-of-stack)
[mtlr] resource2 sel8 flags 470 sz 0x100000 -> kr 0x00000000 rid 121 GPUVA 0x100026a0000 cpu 10c1a0000
[mtlr]   out: 00000100026a0000 000000010c1a0000 0000000102749ac0 0000000000000000
[mtlr]   out: 0000007900000000 0000000000100000 00000002b1b5b0cb 00000000003614bb
[uatrec] S4 r6 victim[2] rid 121 gpuva 0x100026a0000 cpu 0x10c1a0000 (top-of-stack)
[mtlr] resource2 sel8 flags 470 sz 0x100000 -> kr 0x00000000 rid 122 GPUVA 0x100027a8000 cpu 10c2a0000
[mtlr]   out: 00000100027a8000 000000010c2a0000 0000000102749b80 0000000000000000
[mtlr]   out: 0000007a00000000 0000000000100000 00000002b1b5b0cc 00000000003614bc
[uatrec] S4 r6 victim[3] rid 122 gpuva 0x100027a8000 cpu 0x10c2a0000 (top-of-stack)
[mtlr] resource2 sel8 flags 470 sz 0x100000 -> kr 0x00000000 rid 123 GPUVA 0x100028b0000 cpu 10c3a0000
[mtlr]   out: 00000100028b0000 000000010c3a0000 0000000102749c40 0000000000000000
[mtlr]   out: 0000007b00000000 0000000000100000 00000002b1b5b0cd 00000000003614bd
[uatrec] S4 r6 victim[4] rid 123 gpuva 0x100028b0000 cpu 0x10c3a0000 (top-of-stack)
[mtlr] resource2 sel8 flags 470 sz 0x100000 -> kr 0x00000000 rid 124 GPUVA 0x100029b8000 cpu 10b160000
[mtlr]   out: 00000100029b8000 000000010b160000 0000000102749d00 0000000000000000
[mtlr]   out: 0000007c00000000 0000000000100000 00000002b1b5b0d3 00000000003614be
[uatrec] S4 r6 victim[5] rid 124 gpuva 0x100029b8000 cpu 0x10b160000 (top-of-stack)
[mtlr] resource2 sel8 flags 470 sz 0x100000 -> kr 0x00000000 rid 125 GPUVA 0x10002ac0000 cpu 10b260000
[mtlr]   out: 0000010002ac0000 000000010b260000 0000000102749dc0 0000000000000000
[mtlr]   out: 0000007d00000000 0000000000100000 00000002b1b5b0d6 00000000003614bf
[uatrec] S4 r6 victim[6] rid 125 gpuva 0x10002ac0000 cpu 0x10b260000 (top-of-stack)
[mtlr] resource2 sel8 flags 470 sz 0x100000 -> kr 0x00000000 rid 126 GPUVA 0x10002bc8000 cpu 10b360000
[mtlr]   out: 0000010002bc8000 000000010b360000 0000000102749e80 0000000000000000
[mtlr]   out: 0000007e00000000 0000000000100000 00000002b1b5b0d7 00000000003614c0
[uatrec] S4 r6 victim[7] rid 126 gpuva 0x10002bc8000 cpu 0x10b360000 (top-of-stack)
[mtlr] resource2 sel8 flags 470 sz 0x1000 -> kr 0x00000000 rid 119 GPUVA 0x10002490000 cpu 10b660000
[mtlr]   out: 0000010002490000 000000010b660000 0000000102749940 0000000000000000
[mtlr]   out: 0000007700000000 0000000000004000 00000002b1b5b0e9 00000000003614ca
[mtlr] resource2 sel8 flags 470 sz 0x1000 -> kr 0x00000000 rid 119 GPUVA 0x10002490000 cpu 10b660000
[mtlr]   out: 0000010002490000 000000010b660000 0000000102749940 0000000000000000
[mtlr]   out: 0000007700000000 0000000000004000 00000002b1b5b0ea 00000000003614cb
[mtlr] resource2 sel8 flags 470 sz 0x1000 -> kr 0x00000000 rid 119 GPUVA 0x10002490000 cpu 10b660000
[mtlr]   out: 0000010002490000 000000010b660000 0000000102749940 0000000000000000
[mtlr]   out: 0000007700000000 0000000000004000 00000002b1b5b0ed 00000000003614cc
[mtlr] resource2 sel8 flags 470 sz 0x1000 -> kr 0x00000000 rid 119 GPUVA 0x10002490000 cpu 10b660000
[mtlr]   out: 0000010002490000 000000010b660000 0000000102749940 0000000000000000
[mtlr]   out: 0000007700000000 0000000000004000 00000002b1b5b0f0 00000000003614cd
[mtlr] resource2 sel8 flags 470 sz 0x1000 -> kr 0x00000000 rid 119 GPUVA 0x10002490000 cpu 10b660000
[mtlr]   out: 0000010002490000 000000010b660000 0000000102749940 0000000000000000
[mtlr]   out: 0000007700000000 0000000000004000 00000002b1b5b0f3 00000000003614ce
[mtlr] resource2 sel8 flags 470 sz 0x1000 -> kr 0x00000000 rid 119 GPUVA 0x10002490000 cpu 10b660000
[mtlr]   out: 0000010002490000 000000010b660000 0000000102749940 0000000000000000
[mtlr]   out: 0000007700000000 0000000000004000 00000002b1b5b0f7 00000000003614cf
[mtlr] resource2 sel8 flags 470 sz 0x1000 -> kr 0x00000000 rid 119 GPUVA 0x10002490000 cpu 10b660000
[mtlr]   out: 0000010002490000 000000010b660000 0000000102749940 0000000000000000
[mtlr]   out: 0000007700000000 0000000000004000 00000002b1b5b0fd 00000000003614d0
[mtlr] resource2 sel8 flags 470 sz 0x1000 -> kr 0x00000000 rid 119 GPUVA 0x10002490000 cpu 10b660000
[mtlr]   out: 0000010002490000 000000010b660000 0000000102749940 0000000000000000
[mtlr]   out: 0000007700000000 0000000000004000 00000002b1b5b101 00000000003614d1
[mtlr] resource2 sel8 flags 470 sz 0x1000 -> kr 0x00000000 rid 119 GPUVA 0x10002490000 cpu 10b660000
[mtlr]   out: 0000010002490000 000000010b660000 0000000102749940 0000000000000000
[mtlr]   out: 0000007700000000 0000000000004000 00000002b1b5b104 00000000003614d2
[mtlr] resource2 sel8 flags 470 sz 0x1000 -> kr 0x00000000 rid 119 GPUVA 0x10002490000 cpu 10b660000
[mtlr]   out: 0000010002490000 000000010b660000 0000000102749940 0000000000000000
[mtlr]   out: 0000007700000000 0000000000004000 00000002b1b5b105 00000000003614d3
[mtlr] resource2 sel8 flags 470 sz 0x1000 -> kr 0x00000000 rid 119 GPUVA 0x10002490000 cpu 10b660000
[mtlr]   out: 0000010002490000 000000010b660000 0000000102749940 0000000000000000
[mtlr]   out: 0000007700000000 0000000000004000 00000002b1b5b106 00000000003614d4
[mtlr] resource2 sel8 flags 470 sz 0x1000 -> kr 0x00000000 rid 119 GPUVA 0x10002490000 cpu 10b660000
[mtlr]   out: 0000010002490000 000000010b660000 0000000102749940 0000000000000000
[mtlr]   out: 0000007700000000 0000000000004000 00000002b1b5b107 00000000003614d5
[mtlr] resource2 sel8 flags 470 sz 0x1000 -> kr 0x00000000 rid 119 GPUVA 0x10002490000 cpu 10b660000
[mtlr]   out: 0000010002490000 000000010b660000 0000000102749940 0000000000000000
[mtlr]   out: 0000007700000000 0000000000004000 00000002b1b5b108 00000000003614d6
[mtlr] resource2 sel8 flags 470 sz 0x1000 -> kr 0x00000000 rid 119 GPUVA 0x10002490000 cpu 10b660000
[mtlr]   out: 0000010002490000 000000010b660000 0000000102749940 0000000000000000
[mtlr]   out: 0000007700000000 0000000000004000 00000002b1b5b109 00000000003614d7
[mtlr] resource2 sel8 flags 470 sz 0x1000 -> kr 0x00000000 rid 119 GPUVA 0x10002490000 cpu 10b660000
[mtlr]   out: 0000010002490000 000000010b660000 0000000102749940 0000000000000000
[mtlr]   out: 0000007700000000 0000000000004000 00000002b1b5b10a 00000000003614d8
[mtlr] resource2 sel8 flags 470 sz 0x1000 -> kr 0x00000000 rid 119 GPUVA 0x10002490000 cpu 10b660000
[mtlr]   out: 0000010002490000 000000010b660000 0000000102749940 0000000000000000
[mtlr]   out: 0000007700000000 0000000000004000 00000002b1b5b10b 00000000003614d9
[mtlr] resource2 sel8 flags 470 sz 0x1000 -> kr 0x00000000 rid 119 GPUVA 0x10002490000 cpu 10b660000
[mtlr]   out: 0000010002490000 000000010b660000 0000000102749940 0000000000000000
[mtlr]   out: 0000007700000000 0000000000004000 00000002b1b5b10c 00000000003614da
[mtlr] resource2 sel8 flags 470 sz 0x1000 -> kr 0x00000000 rid 119 GPUVA 0x10002490000 cpu 10b660000
[mtlr]   out: 0000010002490000 000000010b660000 0000000102749940 0000000000000000
[mtlr]   out: 0000007700000000 0000000000004000 00000002b1b5b10d 00000000003614db
[mtlr] resource2 sel8 flags 470 sz 0x1000 -> kr 0x00000000 rid 119 GPUVA 0x10002490000 cpu 10b660000
[mtlr]   out: 0000010002490000 000000010b660000 0000000102749940 0000000000000000
[mtlr]   out: 0000007700000000 0000000000004000 00000002b1b5b10e 00000000003614dc
[mtlr] resource2 sel8 flags 470 sz 0x1000 -> kr 0x00000000 rid 119 GPUVA 0x10002490000 cpu 10b660000
[mtlr]   out: 0000010002490000 000000010b660000 0000000102749940 0000000000000000
[mtlr]   out: 0000007700000000 0000000000004000 00000002b1b5b10f 00000000003614dd
[mtlr] resource2 sel8 flags 470 sz 0x1000 -> kr 0x00000000 rid 119 GPUVA 0x10002490000 cpu 10b660000
[mtlr]   out: 0000010002490000 000000010b660000 0000000102749940 0000000000000000
[mtlr]   out: 0000007700000000 0000000000004000 00000002b1b5b110 00000000003614de
[mtlr] resource2 sel8 flags 470 sz 0x1000 -> kr 0x00000000 rid 119 GPUVA 0x10002490000 cpu 10b660000
[mtlr]   out: 0000010002490000 000000010b660000 0000000102749940 0000000000000000
[mtlr]   out: 0000007700000000 0000000000004000 00000002b1b5b111 00000000003614df
[mtlr] resource2 sel8 flags 470 sz 0x1000 -> kr 0x00000000 rid 119 GPUVA 0x10002490000 cpu 10b660000
[mtlr]   out: 0000010002490000 000000010b660000 0000000102749940 0000000000000000
[mtlr]   out: 0000007700000000 0000000000004000 00000002b1b5b112 00000000003614e0
[mtlr] resource2 sel8 flags 470 sz 0x1000 -> kr 0x00000000 rid 119 GPUVA 0x10002490000 cpu 10b660000
[mtlr]   out: 0000010002490000 000000010b660000 0000000102749940 0000000000000000
[mtlr]   out: 0000007700000000 0000000000004000 00000002b1b5b113 00000000003614e1
[mtlr] resource2 sel8 flags 470 sz 0x1000 -> kr 0x00000000 rid 119 GPUVA 0x10002490000 cpu 10b660000
[mtlr]   out: 0000010002490000 000000010b660000 0000000102749940 0000000000000000
[mtlr]   out: 0000007700000000 0000000000004000 00000002b1b5b114 00000000003614e2
[mtlr] resource2 sel8 flags 470 sz 0x1000 -> kr 0x00000000 rid 119 GPUVA 0x10002490000 cpu 10b660000
[mtlr]   out: 0000010002490000 000000010b660000 0000000102749940 0000000000000000
[mtlr]   out: 0000007700000000 0000000000004000 00000002b1b5b115 00000000003614e3
[mtlr] resource2 sel8 flags 470 sz 0x1000 -> kr 0x00000000 rid 119 GPUVA 0x10002490000 cpu 10b660000
[mtlr]   out: 0000010002490000 000000010b660000 0000000102749940 0000000000000000
[mtlr]   out: 0000007700000000 0000000000004000 00000002b1b5b116 00000000003614e4
[mtlr] resource2 sel8 flags 470 sz 0x1000 -> kr 0x00000000 rid 119 GPUVA 0x10002490000 cpu 10b660000
[mtlr]   out: 0000010002490000 000000010b660000 0000000102749940 0000000000000000
[mtlr]   out: 0000007700000000 0000000000004000 00000002b1b5b117 00000000003614e5
[mtlr] resource2 sel8 flags 470 sz 0x1000 -> kr 0x00000000 rid 119 GPUVA 0x10002490000 cpu 10b660000
[mtlr]   out: 0000010002490000 000000010b660000 0000000102749940 0000000000000000
[mtlr]   out: 0000007700000000 0000000000004000 00000002b1b5b118 00000000003614e6
[mtlr] resource2 sel8 flags 470 sz 0x1000 -> kr 0x00000000 rid 119 GPUVA 0x10002490000 cpu 10b660000
[mtlr]   out: 0000010002490000 000000010b660000 0000000102749940 0000000000000000
[mtlr]   out: 0000007700000000 0000000000004000 00000002b1b5b119 00000000003614e7
[mtlr] resource2 sel8 flags 470 sz 0x1000 -> kr 0x00000000 rid 119 GPUVA 0x10002490000 cpu 10b660000
[mtlr]   out: 0000010002490000 000000010b660000 0000000102749940 0000000000000000
[mtlr]   out: 0000007700000000 0000000000004000 00000002b1b5b11a 00000000003614e8
[mtlr] resource2 sel8 flags 470 sz 0x1000 -> kr 0x00000000 rid 119 GPUVA 0x10002490000 cpu 10b660000
[mtlr]   out: 0000010002490000 000000010b660000 0000000102749940 0000000000000000
[mtlr]   out: 0000007700000000 0000000000004000 00000002b1b5b11b 00000000003614e9
[mtlr] resource2 sel8 flags 470 sz 0x1000 -> kr 0x00000000 rid 119 GPUVA 0x10002490000 cpu 10b660000
[mtlr]   out: 0000010002490000 000000010b660000 0000000102749940 0000000000000000
[mtlr]   out: 0000007700000000 0000000000004000 00000002b1b5b11c 00000000003614ea
[mtlr] resource2 sel8 flags 470 sz 0x1000 -> kr 0x00000000 rid 119 GPUVA 0x10002490000 cpu 10b660000
[mtlr]   out: 0000010002490000 000000010b660000 0000000102749940 0000000000000000
[mtlr]   out: 0000007700000000 0000000000004000 00000002b1b5b11d 00000000003614eb
[mtlr] resource2 sel8 flags 470 sz 0x1000 -> kr 0x00000000 rid 119 GPUVA 0x10002490000 cpu 10b660000
[mtlr]   out: 0000010002490000 000000010b660000 0000000102749940 0000000000000000
[mtlr]   out: 0000007700000000 0000000000004000 00000002b1b5b11e 00000000003614ec
[mtlr] resource2 sel8 flags 470 sz 0x1000 -> kr 0x00000000 rid 119 GPUVA 0x10002490000 cpu 10b660000
[mtlr]   out: 0000010002490000 000000010b660000 0000000102749940 0000000000000000
[mtlr]   out: 0000007700000000 0000000000004000 00000002b1b5b11f 00000000003614ed
[mtlr] resource2 sel8 flags 470 sz 0x1000 -> kr 0x00000000 rid 119 GPUVA 0x10002490000 cpu 10b660000
[mtlr]   out: 0000010002490000 000000010b660000 0000000102749940 0000000000000000
[mtlr]   out: 0000007700000000 0000000000004000 00000002b1b5b120 00000000003614ee
[mtlr] resource2 sel8 flags 470 sz 0x1000 -> kr 0x00000000 rid 119 GPUVA 0x10002490000 cpu 10b660000
[mtlr]   out: 0000010002490000 000000010b660000 0000000102749940 0000000000000000
[mtlr]   out: 0000007700000000 0000000000004000 00000002b1b5b121 00000000003614ef
[mtlr] resource2 sel8 flags 470 sz 0x1000 -> kr 0x00000000 rid 119 GPUVA 0x10002490000 cpu 10b660000
[mtlr]   out: 0000010002490000 000000010b660000 0000000102749940 0000000000000000
[mtlr]   out: 0000007700000000 0000000000004000 00000002b1b5b122 00000000003614f0
[mtlr] resource2 sel8 flags 470 sz 0x1000 -> kr 0x00000000 rid 119 GPUVA 0x10002490000 cpu 10b660000
[mtlr]   out: 0000010002490000 000000010b660000 0000000102749940 0000000000000000
[mtlr]   out: 0000007700000000 0000000000004000 00000002b1b5b123 00000000003614f1
[uatrec] S4 r6 (+0s): nvv 8 ncb 8 vsz 0x100000 destroy0 kr 0x00000000 nj 40
[uatrec] S4 r6 blit[0] slots 10 ridp 1
[uatrec] S4 r6 blit[1] slots 10 ridp 1
[uatrec] S4 r6 blit[2] slots 10 ridp 1
[uatrec] S4 r6 blit[3] slots 10 ridp 1
[uatrec] S4 r6 blit[4] slots 10 ridp 1
[uatrec] S4 r6 blit[5] slots 10 ridp 1
[uatrec] S4 r6 blit[6] slots 10 ridp 1
[uatrec] S4 r6 blit[7] slots 10 ridp 1
[mtlr] resource2 sel8 flags 470 sz 0x100000 -> kr 0x00000000 rid 119 GPUVA 0x10002490000 cpu 10b560000
[mtlr]   out: 0000010002490000 000000010b560000 0000000102749940 0000000000000000
[mtlr]   out: 0000007700000000 0000000000100000 00000002b1b5b15d 00000000003614f4
[uatrec] S4 r7 victim[0] rid 119 gpuva 0x10002490000 cpu 0x10b560000 (top-of-stack)
[mtlr] resource2 sel8 flags 470 sz 0x100000 -> kr 0x00000000 rid 120 GPUVA 0x10002598000 cpu 10bc00000
[mtlr]   out: 0000010002598000 000000010bc00000 0000000102749a00 0000000000000000
[mtlr]   out: 0000007800000000 0000000000100000 00000002b1b5b15e 00000000003614f5
[uatrec] S4 r7 victim[1] rid 120 gpuva 0x10002598000 cpu 0x10bc00000 (top-of-stack)
[mtlr] resource2 sel8 flags 470 sz 0x100000 -> kr 0x00000000 rid 121 GPUVA 0x100026a0000 cpu 10c0a0000
[mtlr]   out: 00000100026a0000 000000010c0a0000 0000000102749ac0 0000000000000000
[mtlr]   out: 0000007900000000 0000000000100000 00000002b1b5b15f 00000000003614f6
[uatrec] S4 r7 victim[2] rid 121 gpuva 0x100026a0000 cpu 0x10c0a0000 (top-of-stack)
[mtlr] resource2 sel8 flags 470 sz 0x100000 -> kr 0x00000000 rid 122 GPUVA 0x100027a8000 cpu 10c4a0000
[mtlr]   out: 00000100027a8000 000000010c4a0000 0000000102749b80 0000000000000000
[mtlr]   out: 0000007a00000000 0000000000100000 00000002b1b5b160 00000000003614f7
[uatrec] S4 r7 victim[3] rid 122 gpuva 0x100027a8000 cpu 0x10c4a0000 (top-of-stack)
[mtlr] resource2 sel8 flags 470 sz 0x100000 -> kr 0x00000000 rid 123 GPUVA 0x100028b0000 cpu 10c5a0000
[mtlr]   out: 00000100028b0000 000000010c5a0000 0000000102749c40 0000000000000000
[mtlr]   out: 0000007b00000000 0000000000100000 00000002b1b5b161 00000000003614f8
[uatrec] S4 r7 victim[4] rid 123 gpuva 0x100028b0000 cpu 0x10c5a0000 (top-of-stack)
[mtlr] resource2 sel8 flags 470 sz 0x100000 -> kr 0x00000000 rid 124 GPUVA 0x100029b8000 cpu 10c6a0000
[mtlr]   out: 00000100029b8000 000000010c6a0000 0000000102749d00 0000000000000000
[mtlr]   out: 0000007c00000000 0000000000100000 00000002b1b5b162 00000000003614f9
[uatrec] S4 r7 victim[5] rid 124 gpuva 0x100029b8000 cpu 0x10c6a0000 (top-of-stack)
[mtlr] resource2 sel8 flags 470 sz 0x100000 -> kr 0x00000000 rid 125 GPUVA 0x10002ac0000 cpu 10bdc0000
[mtlr]   out: 0000010002ac0000 000000010bdc0000 0000000102749dc0 0000000000000000
[mtlr]   out: 0000007d00000000 0000000000100000 00000002b1b5b16a 00000000003614fa
[uatrec] S4 r7 victim[6] rid 125 gpuva 0x10002ac0000 cpu 0x10bdc0000 (top-of-stack)
[mtlr] resource2 sel8 flags 470 sz 0x100000 -> kr 0x00000000 rid 126 GPUVA 0x10002bc8000 cpu 10b160000
[mtlr]   out: 0000010002bc8000 000000010b160000 0000000102749e80 0000000000000000
[mtlr]   out: 0000007e00000000 0000000000100000 00000002b1b5b16b 00000000003614fb
[uatrec] S4 r7 victim[7] rid 126 gpuva 0x10002bc8000 cpu 0x10b160000 (top-of-stack)
[mtlr] resource2 sel8 flags 470 sz 0x1000 -> kr 0x00000000 rid 119 GPUVA 0x10002490000 cpu 10b660000
[mtlr]   out: 0000010002490000 000000010b660000 0000000102749940 0000000000000000
[mtlr]   out: 0000007700000000 0000000000004000 00000002b1b5b187 0000000000361505
[mtlr] resource2 sel8 flags 470 sz 0x1000 -> kr 0x00000000 rid 119 GPUVA 0x10002490000 cpu 10b660000
[mtlr]   out: 0000010002490000 000000010b660000 0000000102749940 0000000000000000
[mtlr]   out: 0000007700000000 0000000000004000 00000002b1b5b188 0000000000361506
[mtlr] resource2 sel8 flags 470 sz 0x1000 -> kr 0x00000000 rid 119 GPUVA 0x10002490000 cpu 10b660000
[mtlr]   out: 0000010002490000 000000010b660000 0000000102749940 0000000000000000
[mtlr]   out: 0000007700000000 0000000000004000 00000002b1b5b189 0000000000361507
[mtlr] resource2 sel8 flags 470 sz 0x1000 -> kr 0x00000000 rid 119 GPUVA 0x10002490000 cpu 10b660000
[mtlr]   out: 0000010002490000 000000010b660000 0000000102749940 0000000000000000
[mtlr]   out: 0000007700000000 0000000000004000 00000002b1b5b18a 0000000000361508
[mtlr] resource2 sel8 flags 470 sz 0x1000 -> kr 0x00000000 rid 119 GPUVA 0x10002490000 cpu 10b660000
[mtlr]   out: 0000010002490000 000000010b660000 0000000102749940 0000000000000000
[mtlr]   out: 0000007700000000 0000000000004000 00000002b1b5b18b 0000000000361509
[mtlr] resource2 sel8 flags 470 sz 0x1000 -> kr 0x00000000 rid 119 GPUVA 0x10002490000 cpu 10b660000
[mtlr]   out: 0000010002490000 000000010b660000 0000000102749940 0000000000000000
[mtlr]   out: 0000007700000000 0000000000004000 00000002b1b5b18c 000000000036150a
[mtlr] resource2 sel8 flags 470 sz 0x1000 -> kr 0x00000000 rid 119 GPUVA 0x10002490000 cpu 10b660000
[mtlr]   out: 0000010002490000 000000010b660000 0000000102749940 0000000000000000
[mtlr]   out: 0000007700000000 0000000000004000 00000002b1b5b18d 000000000036150b
[mtlr] resource2 sel8 flags 470 sz 0x1000 -> kr 0x00000000 rid 119 GPUVA 0x10002490000 cpu 10b660000
[mtlr]   out: 0000010002490000 000000010b660000 0000000102749940 0000000000000000
[mtlr]   out: 0000007700000000 0000000000004000 00000002b1b5b18e 000000000036150c
[mtlr] resource2 sel8 flags 470 sz 0x1000 -> kr 0x00000000 rid 119 GPUVA 0x10002490000 cpu 10b660000
[mtlr]   out: 0000010002490000 000000010b660000 0000000102749940 0000000000000000
[mtlr]   out: 0000007700000000 0000000000004000 00000002b1b5b18f 000000000036150d
[mtlr] resource2 sel8 flags 470 sz 0x1000 -> kr 0x00000000 rid 119 GPUVA 0x10002490000 cpu 10b660000
[mtlr]   out: 0000010002490000 000000010b660000 0000000102749940 0000000000000000
[mtlr]   out: 0000007700000000 0000000000004000 00000002b1b5b190 000000000036150e
[mtlr] resource2 sel8 flags 470 sz 0x1000 -> kr 0x00000000 rid 119 GPUVA 0x10002490000 cpu 10b660000
[mtlr]   out: 0000010002490000 000000010b660000 0000000102749940 0000000000000000
[mtlr]   out: 0000007700000000 0000000000004000 00000002b1b5b191 000000000036150f
[mtlr] resource2 sel8 flags 470 sz 0x1000 -> kr 0x00000000 rid 119 GPUVA 0x10002490000 cpu 10b660000
[mtlr]   out: 0000010002490000 000000010b660000 0000000102749940 0000000000000000
[mtlr]   out: 0000007700000000 0000000000004000 00000002b1b5b192 0000000000361510
[mtlr] resource2 sel8 flags 470 sz 0x1000 -> kr 0x00000000 rid 119 GPUVA 0x10002490000 cpu 10b660000
[mtlr]   out: 0000010002490000 000000010b660000 0000000102749940 0000000000000000
[mtlr]   out: 0000007700000000 0000000000004000 00000002b1b5b193 0000000000361511
[mtlr] resource2 sel8 flags 470 sz 0x1000 -> kr 0x00000000 rid 119 GPUVA 0x10002490000 cpu 10b660000
[mtlr]   out: 0000010002490000 000000010b660000 0000000102749940 0000000000000000
[mtlr]   out: 0000007700000000 0000000000004000 00000002b1b5b194 0000000000361512
[mtlr] resource2 sel8 flags 470 sz 0x1000 -> kr 0x00000000 rid 119 GPUVA 0x10002490000 cpu 10b660000
[mtlr]   out: 0000010002490000 000000010b660000 0000000102749940 0000000000000000
[mtlr]   out: 0000007700000000 0000000000004000 00000002b1b5b195 0000000000361513
[mtlr] resource2 sel8 flags 470 sz 0x1000 -> kr 0x00000000 rid 119 GPUVA 0x10002490000 cpu 10b660000
[mtlr]   out: 0000010002490000 000000010b660000 0000000102749940 0000000000000000
[mtlr]   out: 0000007700000000 0000000000004000 00000002b1b5b196 0000000000361514
[mtlr] resource2 sel8 flags 470 sz 0x1000 -> kr 0x00000000 rid 119 GPUVA 0x10002490000 cpu 10b660000
[mtlr]   out: 0000010002490000 000000010b660000 0000000102749940 0000000000000000
[mtlr]   out: 0000007700000000 0000000000004000 00000002b1b5b197 0000000000361515
[mtlr] resource2 sel8 flags 470 sz 0x1000 -> kr 0x00000000 rid 119 GPUVA 0x10002490000 cpu 10b660000
[mtlr]   out: 0000010002490000 000000010b660000 0000000102749940 0000000000000000
[mtlr]   out: 0000007700000000 0000000000004000 00000002b1b5b198 0000000000361516
[mtlr] resource2 sel8 flags 470 sz 0x1000 -> kr 0x00000000 rid 119 GPUVA 0x10002490000 cpu 10b660000
[mtlr]   out: 0000010002490000 000000010b660000 0000000102749940 0000000000000000
[mtlr]   out: 0000007700000000 0000000000004000 00000002b1b5b199 0000000000361517
[mtlr] resource2 sel8 flags 470 sz 0x1000 -> kr 0x00000000 rid 119 GPUVA 0x10002490000 cpu 10b660000
[mtlr]   out: 0000010002490000 000000010b660000 0000000102749940 0000000000000000
[mtlr]   out: 0000007700000000 0000000000004000 00000002b1b5b19a 0000000000361518
[mtlr] resource2 sel8 flags 470 sz 0x1000 -> kr 0x00000000 rid 119 GPUVA 0x10002490000 cpu 10b660000
[mtlr]   out: 0000010002490000 000000010b660000 0000000102749940 0000000000000000
[mtlr]   out: 0000007700000000 0000000000004000 00000002b1b5b19b 0000000000361519
[mtlr] resource2 sel8 flags 470 sz 0x1000 -> kr 0x00000000 rid 119 GPUVA 0x10002490000 cpu 10b660000
[mtlr]   out: 0000010002490000 000000010b660000 0000000102749940 0000000000000000
[mtlr]   out: 0000007700000000 0000000000004000 00000002b1b5b19c 000000000036151a
[mtlr] resource2 sel8 flags 470 sz 0x1000 -> kr 0x00000000 rid 119 GPUVA 0x10002490000 cpu 10b660000
[mtlr]   out: 0000010002490000 000000010b660000 0000000102749940 0000000000000000
[mtlr]   out: 0000007700000000 0000000000004000 00000002b1b5b19d 000000000036151b
[mtlr] resource2 sel8 flags 470 sz 0x1000 -> kr 0x00000000 rid 119 GPUVA 0x10002490000 cpu 10b660000
[mtlr]   out: 0000010002490000 000000010b660000 0000000102749940 0000000000000000
[mtlr]   out: 0000007700000000 0000000000004000 00000002b1b5b19e 000000000036151c
[mtlr] resource2 sel8 flags 470 sz 0x1000 -> kr 0x00000000 rid 119 GPUVA 0x10002490000 cpu 10b660000
[mtlr]   out: 0000010002490000 000000010b660000 0000000102749940 0000000000000000
[mtlr]   out: 0000007700000000 0000000000004000 00000002b1b5b19f 000000000036151d
[mtlr] resource2 sel8 flags 470 sz 0x1000 -> kr 0x00000000 rid 119 GPUVA 0x10002490000 cpu 10b660000
[mtlr]   out: 0000010002490000 000000010b660000 0000000102749940 0000000000000000
[mtlr]   out: 0000007700000000 0000000000004000 00000002b1b5b1a0 000000000036151e
[mtlr] resource2 sel8 flags 470 sz 0x1000 -> kr 0x00000000 rid 119 GPUVA 0x10002490000 cpu 10b660000
[mtlr]   out: 0000010002490000 000000010b660000 0000000102749940 0000000000000000
[mtlr]   out: 0000007700000000 0000000000004000 00000002b1b5b1a1 000000000036151f
[mtlr] resource2 sel8 flags 470 sz 0x1000 -> kr 0x00000000 rid 119 GPUVA 0x10002490000 cpu 10b660000
[mtlr]   out: 0000010002490000 000000010b660000 0000000102749940 0000000000000000
[mtlr]   out: 0000007700000000 0000000000004000 00000002b1b5b1a2 0000000000361520
[mtlr] resource2 sel8 flags 470 sz 0x1000 -> kr 0x00000000 rid 119 GPUVA 0x10002490000 cpu 10b660000
[mtlr]   out: 0000010002490000 000000010b660000 0000000102749940 0000000000000000
[mtlr]   out: 0000007700000000 0000000000004000 00000002b1b5b1a3 0000000000361521
[mtlr] resource2 sel8 flags 470 sz 0x1000 -> kr 0x00000000 rid 119 GPUVA 0x10002490000 cpu 10b660000
[mtlr]   out: 0000010002490000 000000010b660000 0000000102749940 0000000000000000
[mtlr]   out: 0000007700000000 0000000000004000 00000002b1b5b1a4 0000000000361522
[mtlr] resource2 sel8 flags 470 sz 0x1000 -> kr 0x00000000 rid 119 GPUVA 0x10002490000 cpu 10b660000
[mtlr]   out: 0000010002490000 000000010b660000 0000000102749940 0000000000000000
[mtlr]   out: 0000007700000000 0000000000004000 00000002b1b5b1a5 0000000000361523
[mtlr] resource2 sel8 flags 470 sz 0x1000 -> kr 0x00000000 rid 119 GPUVA 0x10002490000 cpu 10b660000
[mtlr]   out: 0000010002490000 000000010b660000 0000000102749940 0000000000000000
[mtlr]   out: 0000007700000000 0000000000004000 00000002b1b5b1a6 0000000000361524
[mtlr] resource2 sel8 flags 470 sz 0x1000 -> kr 0x00000000 rid 119 GPUVA 0x10002490000 cpu 10b660000
[mtlr]   out: 0000010002490000 000000010b660000 0000000102749940 0000000000000000
[mtlr]   out: 0000007700000000 0000000000004000 00000002b1b5b1a7 0000000000361525
[mtlr] resource2 sel8 flags 470 sz 0x1000 -> kr 0x00000000 rid 119 GPUVA 0x10002490000 cpu 10b660000
[mtlr]   out: 0000010002490000 000000010b660000 0000000102749940 0000000000000000
[mtlr]   out: 0000007700000000 0000000000004000 00000002b1b5b1a8 0000000000361526
[mtlr] resource2 sel8 flags 470 sz 0x1000 -> kr 0x00000000 rid 119 GPUVA 0x10002490000 cpu 10b660000
[mtlr]   out: 0000010002490000 000000010b660000 0000000102749940 0000000000000000
[mtlr]   out: 0000007700000000 0000000000004000 00000002b1b5b1a9 0000000000361527
[mtlr] resource2 sel8 flags 470 sz 0x1000 -> kr 0x00000000 rid 119 GPUVA 0x10002490000 cpu 10b660000
[mtlr]   out: 0000010002490000 000000010b660000 0000000102749940 0000000000000000
[mtlr]   out: 0000007700000000 0000000000004000 00000002b1b5b1aa 0000000000361528
[mtlr] resource2 sel8 flags 470 sz 0x1000 -> kr 0x00000000 rid 119 GPUVA 0x10002490000 cpu 10b660000
[mtlr]   out: 0000010002490000 000000010b660000 0000000102749940 0000000000000000
[mtlr]   out: 0000007700000000 0000000000004000 00000002b1b5b1ab 0000000000361529
[mtlr] resource2 sel8 flags 470 sz 0x1000 -> kr 0x00000000 rid 119 GPUVA 0x10002490000 cpu 10b660000
[mtlr]   out: 0000010002490000 000000010b660000 0000000102749940 0000000000000000
[mtlr]   out: 0000007700000000 0000000000004000 00000002b1b5b1ac 000000000036152a
[mtlr] resource2 sel8 flags 470 sz 0x1000 -> kr 0x00000000 rid 119 GPUVA 0x10002490000 cpu 10b660000
[mtlr]   out: 0000010002490000 000000010b660000 0000000102749940 0000000000000000
[mtlr]   out: 0000007700000000 0000000000004000 00000002b1b5b1ad 000000000036152b
[mtlr] resource2 sel8 flags 470 sz 0x1000 -> kr 0x00000000 rid 119 GPUVA 0x10002490000 cpu 10b660000
[mtlr]   out: 0000010002490000 000000010b660000 0000000102749940 0000000000000000
[mtlr]   out: 0000007700000000 0000000000004000 00000002b1b5b1ae 000000000036152c
[uatrec] S4 r7 (+0s): nvv 8 ncb 8 vsz 0x100000 destroy0 kr 0x00000000 nj 40
[uatrec] S4 r7 blit[0] slots 10 ridp 1
[uatrec] S4 r7 blit[1] slots 10 ridp 1
[uatrec] S4 r7 blit[2] slots 10 ridp 1
[uatrec] S4 r7 blit[3] slots 10 ridp 1
[uatrec] S4 r7 blit[4] slots 10 ridp 1
[uatrec] S4 r7 blit[5] slots 10 ridp 1
[uatrec] S4 r7 blit[6] slots 10 ridp 1
[uatrec] S4 r7 blit[7] slots 10 ridp 1
[mtlr] resource2 sel8 flags 470 sz 0x100000 -> kr 0x00000000 rid 119 GPUVA 0x10002490000 cpu 10b160000
[mtlr]   out: 0000010002490000 000000010b160000 0000000102749940 0000000000000000
[mtlr]   out: 0000007700000000 0000000000100000 00000002b1b5b1d0 000000000036152f
[uatrec] S4 r8 victim[0] rid 119 gpuva 0x10002490000 cpu 0x10b160000 (top-of-stack)
[mtlr] resource2 sel8 flags 470 sz 0x100000 -> kr 0x00000000 rid 120 GPUVA 0x10002598000 cpu 10b360000
[mtlr]   out: 0000010002598000 000000010b360000 0000000102749a00 0000000000000000
[mtlr]   out: 0000007800000000 0000000000100000 00000002b1b5b1d1 0000000000361530
[uatrec] S4 r8 victim[1] rid 120 gpuva 0x10002598000 cpu 0x10b360000 (top-of-stack)
[mtlr] resource2 sel8 flags 470 sz 0x100000 -> kr 0x00000000 rid 121 GPUVA 0x100026a0000 cpu 10b460000
[mtlr]   out: 00000100026a0000 000000010b460000 0000000102749ac0 0000000000000000
[mtlr]   out: 0000007900000000 0000000000100000 00000002b1b5b1d2 0000000000361531
[uatrec] S4 r8 victim[2] rid 121 gpuva 0x100026a0000 cpu 0x10b460000 (top-of-stack)
[mtlr] resource2 sel8 flags 470 sz 0x100000 -> kr 0x00000000 rid 122 GPUVA 0x100027a8000 cpu 10b560000
[mtlr]   out: 00000100027a8000 000000010b560000 0000000102749b80 0000000000000000
[mtlr]   out: 0000007a00000000 0000000000100000 00000002b1b5b1d3 0000000000361532
[uatrec] S4 r8 victim[3] rid 122 gpuva 0x100027a8000 cpu 0x10b560000 (top-of-stack)
[mtlr] resource2 sel8 flags 470 sz 0x100000 -> kr 0x00000000 rid 123 GPUVA 0x100028b0000 cpu 10bc00000
[mtlr]   out: 00000100028b0000 000000010bc00000 0000000102749c40 0000000000000000
[mtlr]   out: 0000007b00000000 0000000000100000 00000002b1b5b1d4 0000000000361533
[uatrec] S4 r8 victim[4] rid 123 gpuva 0x100028b0000 cpu 0x10bc00000 (top-of-stack)
[mtlr] resource2 sel8 flags 470 sz 0x100000 -> kr 0x00000000 rid 124 GPUVA 0x100029b8000 cpu 10bdc0000
[mtlr]   out: 00000100029b8000 000000010bdc0000 0000000102749d00 0000000000000000
[mtlr]   out: 0000007c00000000 0000000000100000 00000002b1b5b1d5 0000000000361534
[uatrec] S4 r8 victim[5] rid 124 gpuva 0x100029b8000 cpu 0x10bdc0000 (top-of-stack)
[mtlr] resource2 sel8 flags 470 sz 0x100000 -> kr 0x00000000 rid 125 GPUVA 0x10002ac0000 cpu 10b260000
[mtlr]   out: 0000010002ac0000 000000010b260000 0000000102749dc0 0000000000000000
[mtlr]   out: 0000007d00000000 0000000000100000 00000002b1b5b1dd 0000000000361535
[uatrec] S4 r8 victim[6] rid 125 gpuva 0x10002ac0000 cpu 0x10b260000 (top-of-stack)
[mtlr] resource2 sel8 flags 470 sz 0x100000 -> kr 0x00000000 rid 126 GPUVA 0x10002bc8000 cpu 10bf30000
[mtlr]   out: 0000010002bc8000 000000010bf30000 0000000102749e80 0000000000000000
[mtlr]   out: 0000007e00000000 0000000000100000 00000002b1b5b1de 0000000000361536
[uatrec] S4 r8 victim[7] rid 126 gpuva 0x10002bc8000 cpu 0x10bf30000 (top-of-stack)
[mtlr] resource2 sel8 flags 470 sz 0x1000 -> kr 0x00000000 rid 119 GPUVA 0x10002490000 cpu 10b660000
[mtlr]   out: 0000010002490000 000000010b660000 0000000102749940 0000000000000000
[mtlr]   out: 0000007700000000 0000000000004000 00000002b1b5b1fa 0000000000361540
[mtlr] resource2 sel8 flags 470 sz 0x1000 -> kr 0x00000000 rid 119 GPUVA 0x10002490000 cpu 10b660000
[mtlr]   out: 0000010002490000 000000010b660000 0000000102749940 0000000000000000
[mtlr]   out: 0000007700000000 0000000000004000 00000002b1b5b1fb 0000000000361541
[mtlr] resource2 sel8 flags 470 sz 0x1000 -> kr 0x00000000 rid 119 GPUVA 0x10002490000 cpu 10b660000
[mtlr]   out: 0000010002490000 000000010b660000 0000000102749940 0000000000000000
[mtlr]   out: 0000007700000000 0000000000004000 00000002b1b5b1fc 0000000000361542
[mtlr] resource2 sel8 flags 470 sz 0x1000 -> kr 0x00000000 rid 119 GPUVA 0x10002490000 cpu 10b660000
[mtlr]   out: 0000010002490000 000000010b660000 0000000102749940 0000000000000000
[mtlr]   out: 0000007700000000 0000000000004000 00000002b1b5b1fd 0000000000361543
[mtlr] resource2 sel8 flags 470 sz 0x1000 -> kr 0x00000000 rid 119 GPUVA 0x10002490000 cpu 10b660000
[mtlr]   out: 0000010002490000 000000010b660000 0000000102749940 0000000000000000
[mtlr]   out: 0000007700000000 0000000000004000 00000002b1b5b1fe 0000000000361544
[mtlr] resource2 sel8 flags 470 sz 0x1000 -> kr 0x00000000 rid 119 GPUVA 0x10002490000 cpu 10b660000
[mtlr]   out: 0000010002490000 000000010b660000 0000000102749940 0000000000000000
[mtlr]   out: 0000007700000000 0000000000004000 00000002b1b5b1ff 0000000000361545
[mtlr] resource2 sel8 flags 470 sz 0x1000 -> kr 0x00000000 rid 119 GPUVA 0x10002490000 cpu 10b660000
[mtlr]   out: 0000010002490000 000000010b660000 0000000102749940 0000000000000000
[mtlr]   out: 0000007700000000 0000000000004000 00000002b1b5b200 0000000000361546
[mtlr] resource2 sel8 flags 470 sz 0x1000 -> kr 0x00000000 rid 119 GPUVA 0x10002490000 cpu 10b660000
[mtlr]   out: 0000010002490000 000000010b660000 0000000102749940 0000000000000000
[mtlr]   out: 0000007700000000 0000000000004000 00000002b1b5b201 0000000000361547
[mtlr] resource2 sel8 flags 470 sz 0x1000 -> kr 0x00000000 rid 119 GPUVA 0x10002490000 cpu 10b660000
[mtlr]   out: 0000010002490000 000000010b660000 0000000102749940 0000000000000000
[mtlr]   out: 0000007700000000 0000000000004000 00000002b1b5b202 0000000000361548
[mtlr] resource2 sel8 flags 470 sz 0x1000 -> kr 0x00000000 rid 119 GPUVA 0x10002490000 cpu 10b660000
[mtlr]   out: 0000010002490000 000000010b660000 0000000102749940 0000000000000000
[mtlr]   out: 0000007700000000 0000000000004000 00000002b1b5b203 0000000000361549
[mtlr] resource2 sel8 flags 470 sz 0x1000 -> kr 0x00000000 rid 119 GPUVA 0x10002490000 cpu 10b660000
[mtlr]   out: 0000010002490000 000000010b660000 0000000102749940 0000000000000000
[mtlr]   out: 0000007700000000 0000000000004000 00000002b1b5b204 000000000036154a
[mtlr] resource2 sel8 flags 470 sz 0x1000 -> kr 0x00000000 rid 119 GPUVA 0x10002490000 cpu 10b660000
[mtlr]   out: 0000010002490000 000000010b660000 0000000102749940 0000000000000000
[mtlr]   out: 0000007700000000 0000000000004000 00000002b1b5b205 000000000036154b
[mtlr] resource2 sel8 flags 470 sz 0x1000 -> kr 0x00000000 rid 119 GPUVA 0x10002490000 cpu 10b660000
[mtlr]   out: 0000010002490000 000000010b660000 0000000102749940 0000000000000000
[mtlr]   out: 0000007700000000 0000000000004000 00000002b1b5b206 000000000036154c
[mtlr] resource2 sel8 flags 470 sz 0x1000 -> kr 0x00000000 rid 119 GPUVA 0x10002490000 cpu 10b660000
[mtlr]   out: 0000010002490000 000000010b660000 0000000102749940 0000000000000000
[mtlr]   out: 0000007700000000 0000000000004000 00000002b1b5b207 000000000036154d
[mtlr] resource2 sel8 flags 470 sz 0x1000 -> kr 0x00000000 rid 119 GPUVA 0x10002490000 cpu 10b660000
[mtlr]   out: 0000010002490000 000000010b660000 0000000102749940 0000000000000000
[mtlr]   out: 0000007700000000 0000000000004000 00000002b1b5b208 000000000036154e
[mtlr] resource2 sel8 flags 470 sz 0x1000 -> kr 0x00000000 rid 119 GPUVA 0x10002490000 cpu 10b660000
[mtlr]   out: 0000010002490000 000000010b660000 0000000102749940 0000000000000000
[mtlr]   out: 0000007700000000 0000000000004000 00000002b1b5b209 000000000036154f
[mtlr] resource2 sel8 flags 470 sz 0x1000 -> kr 0x00000000 rid 119 GPUVA 0x10002490000 cpu 10b660000
[mtlr]   out: 0000010002490000 000000010b660000 0000000102749940 0000000000000000
[mtlr]   out: 0000007700000000 0000000000004000 00000002b1b5b20a 0000000000361550
[mtlr] resource2 sel8 flags 470 sz 0x1000 -> kr 0x00000000 rid 119 GPUVA 0x10002490000 cpu 10b660000
[mtlr]   out: 0000010002490000 000000010b660000 0000000102749940 0000000000000000
[mtlr]   out: 0000007700000000 0000000000004000 00000002b1b5b20b 0000000000361551
[mtlr] resource2 sel8 flags 470 sz 0x1000 -> kr 0x00000000 rid 119 GPUVA 0x10002490000 cpu 10b660000
[mtlr]   out: 0000010002490000 000000010b660000 0000000102749940 0000000000000000
[mtlr]   out: 0000007700000000 0000000000004000 00000002b1b5b20c 0000000000361552
[mtlr] resource2 sel8 flags 470 sz 0x1000 -> kr 0x00000000 rid 119 GPUVA 0x10002490000 cpu 10b660000
[mtlr]   out: 0000010002490000 000000010b660000 0000000102749940 0000000000000000
[mtlr]   out: 0000007700000000 0000000000004000 00000002b1b5b20d 0000000000361553
[mtlr] resource2 sel8 flags 470 sz 0x1000 -> kr 0x00000000 rid 119 GPUVA 0x10002490000 cpu 10b660000
[mtlr]   out: 0000010002490000 000000010b660000 0000000102749940 0000000000000000
[mtlr]   out: 0000007700000000 0000000000004000 00000002b1b5b20e 0000000000361554
[mtlr] resource2 sel8 flags 470 sz 0x1000 -> kr 0x00000000 rid 119 GPUVA 0x10002490000 cpu 10b660000
[mtlr]   out: 0000010002490000 000000010b660000 0000000102749940 0000000000000000
[mtlr]   out: 0000007700000000 0000000000004000 00000002b1b5b20f 0000000000361555
[mtlr] resource2 sel8 flags 470 sz 0x1000 -> kr 0x00000000 rid 119 GPUVA 0x10002490000 cpu 10b660000
[mtlr]   out: 0000010002490000 000000010b660000 0000000102749940 0000000000000000
[mtlr]   out: 0000007700000000 0000000000004000 00000002b1b5b210 0000000000361556
[mtlr] resource2 sel8 flags 470 sz 0x1000 -> kr 0x00000000 rid 119 GPUVA 0x10002490000 cpu 10b660000
[mtlr]   out: 0000010002490000 000000010b660000 0000000102749940 0000000000000000
[mtlr]   out: 0000007700000000 0000000000004000 00000002b1b5b211 0000000000361557
[mtlr] resource2 sel8 flags 470 sz 0x1000 -> kr 0x00000000 rid 119 GPUVA 0x10002490000 cpu 10b660000
[mtlr]   out: 0000010002490000 000000010b660000 0000000102749940 0000000000000000
[mtlr]   out: 0000007700000000 0000000000004000 00000002b1b5b212 0000000000361558
[mtlr] resource2 sel8 flags 470 sz 0x1000 -> kr 0x00000000 rid 119 GPUVA 0x10002490000 cpu 10b660000
[mtlr]   out: 0000010002490000 000000010b660000 0000000102749940 0000000000000000
[mtlr]   out: 0000007700000000 0000000000004000 00000002b1b5b213 0000000000361559
[mtlr] resource2 sel8 flags 470 sz 0x1000 -> kr 0x00000000 rid 119 GPUVA 0x10002490000 cpu 10b660000
[mtlr]   out: 0000010002490000 000000010b660000 0000000102749940 0000000000000000
[mtlr]   out: 0000007700000000 0000000000004000 00000002b1b5b214 000000000036155a
[mtlr] resource2 sel8 flags 470 sz 0x1000 -> kr 0x00000000 rid 119 GPUVA 0x10002490000 cpu 10b660000
[mtlr]   out: 0000010002490000 000000010b660000 0000000102749940 0000000000000000
[mtlr]   out: 0000007700000000 0000000000004000 00000002b1b5b215 000000000036155b
[mtlr] resource2 sel8 flags 470 sz 0x1000 -> kr 0x00000000 rid 119 GPUVA 0x10002490000 cpu 10b660000
[mtlr]   out: 0000010002490000 000000010b660000 0000000102749940 0000000000000000
[mtlr]   out: 0000007700000000 0000000000004000 00000002b1b5b216 000000000036155c
[mtlr] resource2 sel8 flags 470 sz 0x1000 -> kr 0x00000000 rid 119 GPUVA 0x10002490000 cpu 10b660000
[mtlr]   out: 0000010002490000 000000010b660000 0000000102749940 0000000000000000
[mtlr]   out: 0000007700000000 0000000000004000 00000002b1b5b217 000000000036155d
[mtlr] resource2 sel8 flags 470 sz 0x1000 -> kr 0x00000000 rid 119 GPUVA 0x10002490000 cpu 10b660000
[mtlr]   out: 0000010002490000 000000010b660000 0000000102749940 0000000000000000
[mtlr]   out: 0000007700000000 0000000000004000 00000002b1b5b218 000000000036155e
[mtlr] resource2 sel8 flags 470 sz 0x1000 -> kr 0x00000000 rid 119 GPUVA 0x10002490000 cpu 10b660000
[mtlr]   out: 0000010002490000 000000010b660000 0000000102749940 0000000000000000
[mtlr]   out: 0000007700000000 0000000000004000 00000002b1b5b219 000000000036155f
[mtlr] resource2 sel8 flags 470 sz 0x1000 -> kr 0x00000000 rid 119 GPUVA 0x10002490000 cpu 10b660000
[mtlr]   out: 0000010002490000 000000010b660000 0000000102749940 0000000000000000
[mtlr]   out: 0000007700000000 0000000000004000 00000002b1b5b21a 0000000000361560
[mtlr] resource2 sel8 flags 470 sz 0x1000 -> kr 0x00000000 rid 119 GPUVA 0x10002490000 cpu 10b660000
[mtlr]   out: 0000010002490000 000000010b660000 0000000102749940 0000000000000000
[mtlr]   out: 0000007700000000 0000000000004000 00000002b1b5b21b 0000000000361561
[mtlr] resource2 sel8 flags 470 sz 0x1000 -> kr 0x00000000 rid 119 GPUVA 0x10002490000 cpu 10b660000
[mtlr]   out: 0000010002490000 000000010b660000 0000000102749940 0000000000000000
[mtlr]   out: 0000007700000000 0000000000004000 00000002b1b5b21c 0000000000361562
[mtlr] resource2 sel8 flags 470 sz 0x1000 -> kr 0x00000000 rid 119 GPUVA 0x10002490000 cpu 10b660000
[mtlr]   out: 0000010002490000 000000010b660000 0000000102749940 0000000000000000
[mtlr]   out: 0000007700000000 0000000000004000 00000002b1b5b21d 0000000000361563
[mtlr] resource2 sel8 flags 470 sz 0x1000 -> kr 0x00000000 rid 119 GPUVA 0x10002490000 cpu 10b660000
[mtlr]   out: 0000010002490000 000000010b660000 0000000102749940 0000000000000000
[mtlr]   out: 0000007700000000 0000000000004000 00000002b1b5b21e 0000000000361564
[mtlr] resource2 sel8 flags 470 sz 0x1000 -> kr 0x00000000 rid 119 GPUVA 0x10002490000 cpu 10b660000
[mtlr]   out: 0000010002490000 000000010b660000 0000000102749940 0000000000000000
[mtlr]   out: 0000007700000000 0000000000004000 00000002b1b5b21f 0000000000361565
[mtlr] resource2 sel8 flags 470 sz 0x1000 -> kr 0x00000000 rid 119 GPUVA 0x10002490000 cpu 10b660000
[mtlr]   out: 0000010002490000 000000010b660000 0000000102749940 0000000000000000
[mtlr]   out: 0000007700000000 0000000000004000 00000002b1b5b220 0000000000361566
[mtlr] resource2 sel8 flags 470 sz 0x1000 -> kr 0x00000000 rid 119 GPUVA 0x10002490000 cpu 10b660000
[mtlr]   out: 0000010002490000 000000010b660000 0000000102749940 0000000000000000
[mtlr]   out: 0000007700000000 0000000000004000 00000002b1b5b221 0000000000361567
[uatrec] S4 r8 (+0s): nvv 8 ncb 8 vsz 0x100000 destroy0 kr 0x00000000 nj 40
[uatrec] S4 r8 blit[0] slots 10 ridp 1
[uatrec] S4 r8 blit[1] slots 10 ridp 1
[uatrec] S4 r8 blit[2] slots 10 ridp 1
[uatrec] S4 r8 blit[3] slots 10 ridp 1
[uatrec] S4 r8 blit[4] slots 10 ridp 1
[uatrec] S4 r8 blit[5] slots 10 ridp 1
[uatrec] S4 r8 blit[6] slots 10 ridp 1
[uatrec] S4 r8 blit[7] slots 10 ridp 1
[mtlr] resource2 sel8 flags 470 sz 0x100000 -> kr 0x00000000 rid 119 GPUVA 0x10002490000 cpu 10d800000
[mtlr]   out: 0000010002490000 000000010d800000 0000000102749940 0000000000000000
[mtlr]   out: 0000007700000000 0000000000100000 00000002b1b5b24d 000000000036156a
[uatrec] S4 r9 victim[0] rid 119 gpuva 0x10002490000 cpu 0x10d800000 (top-of-stack)
[mtlr] resource2 sel8 flags 470 sz 0x100000 -> kr 0x00000000 rid 120 GPUVA 0x10002598000 cpu 10d900000
[mtlr]   out: 0000010002598000 000000010d900000 0000000102749a00 0000000000000000
[mtlr]   out: 0000007800000000 0000000000100000 00000002b1b5b24e 000000000036156b
[uatrec] S4 r9 victim[1] rid 120 gpuva 0x10002598000 cpu 0x10d900000 (top-of-stack)
[mtlr] resource2 sel8 flags 470 sz 0x100000 -> kr 0x00000000 rid 121 GPUVA 0x100026a0000 cpu 10da00000
[mtlr]   out: 00000100026a0000 000000010da00000 0000000102749ac0 0000000000000000
[mtlr]   out: 0000007900000000 0000000000100000 00000002b1b5b24f 000000000036156c
[uatrec] S4 r9 victim[2] rid 121 gpuva 0x100026a0000 cpu 0x10da00000 (top-of-stack)
[mtlr] resource2 sel8 flags 470 sz 0x100000 -> kr 0x00000000 rid 122 GPUVA 0x100027a8000 cpu 10db00000
[mtlr]   out: 00000100027a8000 000000010db00000 0000000102749b80 0000000000000000
[mtlr]   out: 0000007a00000000 0000000000100000 00000002b1b5b250 000000000036156d
[uatrec] S4 r9 victim[3] rid 122 gpuva 0x100027a8000 cpu 0x10db00000 (top-of-stack)
[mtlr] resource2 sel8 flags 470 sz 0x100000 -> kr 0x00000000 rid 123 GPUVA 0x100028b0000 cpu 10dc00000
[mtlr]   out: 00000100028b0000 000000010dc00000 0000000102749c40 0000000000000000
[mtlr]   out: 0000007b00000000 0000000000100000 00000002b1b5b251 000000000036156e
[uatrec] S4 r9 victim[4] rid 123 gpuva 0x100028b0000 cpu 0x10dc00000 (top-of-stack)
[mtlr] resource2 sel8 flags 470 sz 0x100000 -> kr 0x00000000 rid 124 GPUVA 0x100029b8000 cpu 10c0a0000
[mtlr]   out: 00000100029b8000 000000010c0a0000 0000000102749d00 0000000000000000
[mtlr]   out: 0000007c00000000 0000000000100000 00000002b1b5b252 000000000036156f
[uatrec] S4 r9 victim[5] rid 124 gpuva 0x100029b8000 cpu 0x10c0a0000 (top-of-stack)
[mtlr] resource2 sel8 flags 470 sz 0x100000 -> kr 0x00000000 rid 125 GPUVA 0x10002ac0000 cpu 10c1a0000
[mtlr]   out: 0000010002ac0000 000000010c1a0000 0000000102749dc0 0000000000000000
[mtlr]   out: 0000007d00000000 0000000000100000 00000002b1b5b253 0000000000361570
[uatrec] S4 r9 victim[6] rid 125 gpuva 0x10002ac0000 cpu 0x10c1a0000 (top-of-stack)
[mtlr] resource2 sel8 flags 470 sz 0x100000 -> kr 0x00000000 rid 126 GPUVA 0x10002bc8000 cpu 10b160000
[mtlr]   out: 0000010002bc8000 000000010b160000 0000000102749e80 0000000000000000
[mtlr]   out: 0000007e00000000 0000000000100000 00000002b1b5b254 0000000000361571
[uatrec] S4 r9 victim[7] rid 126 gpuva 0x10002bc8000 cpu 0x10b160000 (top-of-stack)
[mtlr] resource2 sel8 flags 470 sz 0x1000 -> kr 0x00000000 rid 119 GPUVA 0x10002490000 cpu 10b660000
[mtlr]   out: 0000010002490000 000000010b660000 0000000102749940 0000000000000000
[mtlr]   out: 0000007700000000 0000000000004000 00000002b1b5b277 000000000036157b
[mtlr] resource2 sel8 flags 470 sz 0x1000 -> kr 0x00000000 rid 119 GPUVA 0x10002490000 cpu 10b660000
[mtlr]   out: 0000010002490000 000000010b660000 0000000102749940 0000000000000000
[mtlr]   out: 0000007700000000 0000000000004000 00000002b1b5b278 000000000036157c
[mtlr] resource2 sel8 flags 470 sz 0x1000 -> kr 0x00000000 rid 119 GPUVA 0x10002490000 cpu 10b660000
[mtlr]   out: 0000010002490000 000000010b660000 0000000102749940 0000000000000000
[mtlr]   out: 0000007700000000 0000000000004000 00000002b1b5b279 000000000036157d
[mtlr] resource2 sel8 flags 470 sz 0x1000 -> kr 0x00000000 rid 119 GPUVA 0x10002490000 cpu 10b660000
[mtlr]   out: 0000010002490000 000000010b660000 0000000102749940 0000000000000000
[mtlr]   out: 0000007700000000 0000000000004000 00000002b1b5b27a 000000000036157e
[mtlr] resource2 sel8 flags 470 sz 0x1000 -> kr 0x00000000 rid 119 GPUVA 0x10002490000 cpu 10b660000
[mtlr]   out: 0000010002490000 000000010b660000 0000000102749940 0000000000000000
[mtlr]   out: 0000007700000000 0000000000004000 00000002b1b5b27b 000000000036157f
[mtlr] resource2 sel8 flags 470 sz 0x1000 -> kr 0x00000000 rid 119 GPUVA 0x10002490000 cpu 10b660000
[mtlr]   out: 0000010002490000 000000010b660000 0000000102749940 0000000000000000
[mtlr]   out: 0000007700000000 0000000000004000 00000002b1b5b27c 0000000000361580
[mtlr] resource2 sel8 flags 470 sz 0x1000 -> kr 0x00000000 rid 119 GPUVA 0x10002490000 cpu 10b660000
[mtlr]   out: 0000010002490000 000000010b660000 0000000102749940 0000000000000000
[mtlr]   out: 0000007700000000 0000000000004000 00000002b1b5b27d 0000000000361581
[mtlr] resource2 sel8 flags 470 sz 0x1000 -> kr 0x00000000 rid 119 GPUVA 0x10002490000 cpu 10b660000
[mtlr]   out: 0000010002490000 000000010b660000 0000000102749940 0000000000000000
[mtlr]   out: 0000007700000000 0000000000004000 00000002b1b5b27e 0000000000361582
[mtlr] resource2 sel8 flags 470 sz 0x1000 -> kr 0x00000000 rid 119 GPUVA 0x10002490000 cpu 10b660000
[mtlr]   out: 0000010002490000 000000010b660000 0000000102749940 0000000000000000
[mtlr]   out: 0000007700000000 0000000000004000 00000002b1b5b27f 0000000000361583
[mtlr] resource2 sel8 flags 470 sz 0x1000 -> kr 0x00000000 rid 119 GPUVA 0x10002490000 cpu 10b660000
[mtlr]   out: 0000010002490000 000000010b660000 0000000102749940 0000000000000000
[mtlr]   out: 0000007700000000 0000000000004000 00000002b1b5b280 0000000000361584
[mtlr] resource2 sel8 flags 470 sz 0x1000 -> kr 0x00000000 rid 119 GPUVA 0x10002490000 cpu 10b660000
[mtlr]   out: 0000010002490000 000000010b660000 0000000102749940 0000000000000000
[mtlr]   out: 0000007700000000 0000000000004000 00000002b1b5b281 0000000000361585
[mtlr] resource2 sel8 flags 470 sz 0x1000 -> kr 0x00000000 rid 119 GPUVA 0x10002490000 cpu 10b660000
[mtlr]   out: 0000010002490000 000000010b660000 0000000102749940 0000000000000000
[mtlr]   out: 0000007700000000 0000000000004000 00000002b1b5b282 0000000000361586
[mtlr] resource2 sel8 flags 470 sz 0x1000 -> kr 0x00000000 rid 119 GPUVA 0x10002490000 cpu 10b660000
[mtlr]   out: 0000010002490000 000000010b660000 0000000102749940 0000000000000000
[mtlr]   out: 0000007700000000 0000000000004000 00000002b1b5b283 0000000000361587
[mtlr] resource2 sel8 flags 470 sz 0x1000 -> kr 0x00000000 rid 119 GPUVA 0x10002490000 cpu 10b660000
[mtlr]   out: 0000010002490000 000000010b660000 0000000102749940 0000000000000000
[mtlr]   out: 0000007700000000 0000000000004000 00000002b1b5b284 0000000000361588
[mtlr] resource2 sel8 flags 470 sz 0x1000 -> kr 0x00000000 rid 119 GPUVA 0x10002490000 cpu 10b660000
[mtlr]   out: 0000010002490000 000000010b660000 0000000102749940 0000000000000000
[mtlr]   out: 0000007700000000 0000000000004000 00000002b1b5b285 0000000000361589
[mtlr] resource2 sel8 flags 470 sz 0x1000 -> kr 0x00000000 rid 119 GPUVA 0x10002490000 cpu 10b660000
[mtlr]   out: 0000010002490000 000000010b660000 0000000102749940 0000000000000000
[mtlr]   out: 0000007700000000 0000000000004000 00000002b1b5b286 000000000036158a
[mtlr] resource2 sel8 flags 470 sz 0x1000 -> kr 0x00000000 rid 119 GPUVA 0x10002490000 cpu 10b660000
[mtlr]   out: 0000010002490000 000000010b660000 0000000102749940 0000000000000000
[mtlr]   out: 0000007700000000 0000000000004000 00000002b1b5b287 000000000036158b
[mtlr] resource2 sel8 flags 470 sz 0x1000 -> kr 0x00000000 rid 119 GPUVA 0x10002490000 cpu 10b660000
[mtlr]   out: 0000010002490000 000000010b660000 0000000102749940 0000000000000000
[mtlr]   out: 0000007700000000 0000000000004000 00000002b1b5b288 000000000036158c
[mtlr] resource2 sel8 flags 470 sz 0x1000 -> kr 0x00000000 rid 119 GPUVA 0x10002490000 cpu 10b660000
[mtlr]   out: 0000010002490000 000000010b660000 0000000102749940 0000000000000000
[mtlr]   out: 0000007700000000 0000000000004000 00000002b1b5b289 000000000036158d
[mtlr] resource2 sel8 flags 470 sz 0x1000 -> kr 0x00000000 rid 119 GPUVA 0x10002490000 cpu 10b660000
[mtlr]   out: 0000010002490000 000000010b660000 0000000102749940 0000000000000000
[mtlr]   out: 0000007700000000 0000000000004000 00000002b1b5b28a 000000000036158e
[mtlr] resource2 sel8 flags 470 sz 0x1000 -> kr 0x00000000 rid 119 GPUVA 0x10002490000 cpu 10b660000
[mtlr]   out: 0000010002490000 000000010b660000 0000000102749940 0000000000000000
[mtlr]   out: 0000007700000000 0000000000004000 00000002b1b5b28b 000000000036158f
[mtlr] resource2 sel8 flags 470 sz 0x1000 -> kr 0x00000000 rid 119 GPUVA 0x10002490000 cpu 10b660000
[mtlr]   out: 0000010002490000 000000010b660000 0000000102749940 0000000000000000
[mtlr]   out: 0000007700000000 0000000000004000 00000002b1b5b28c 0000000000361590
[mtlr] resource2 sel8 flags 470 sz 0x1000 -> kr 0x00000000 rid 119 GPUVA 0x10002490000 cpu 10b660000
[mtlr]   out: 0000010002490000 000000010b660000 0000000102749940 0000000000000000
[mtlr]   out: 0000007700000000 0000000000004000 00000002b1b5b28d 0000000000361591
[mtlr] resource2 sel8 flags 470 sz 0x1000 -> kr 0x00000000 rid 119 GPUVA 0x10002490000 cpu 10b660000
[mtlr]   out: 0000010002490000 000000010b660000 0000000102749940 0000000000000000
[mtlr]   out: 0000007700000000 0000000000004000 00000002b1b5b28e 0000000000361592
[mtlr] resource2 sel8 flags 470 sz 0x1000 -> kr 0x00000000 rid 119 GPUVA 0x10002490000 cpu 10b660000
[mtlr]   out: 0000010002490000 000000010b660000 0000000102749940 0000000000000000
[mtlr]   out: 0000007700000000 0000000000004000 00000002b1b5b28f 0000000000361593
[mtlr] resource2 sel8 flags 470 sz 0x1000 -> kr 0x00000000 rid 119 GPUVA 0x10002490000 cpu 10b660000
[mtlr]   out: 0000010002490000 000000010b660000 0000000102749940 0000000000000000
[mtlr]   out: 0000007700000000 0000000000004000 00000002b1b5b290 0000000000361594
[mtlr] resource2 sel8 flags 470 sz 0x1000 -> kr 0x00000000 rid 119 GPUVA 0x10002490000 cpu 10b660000
[mtlr]   out: 0000010002490000 000000010b660000 0000000102749940 0000000000000000
[mtlr]   out: 0000007700000000 0000000000004000 00000002b1b5b291 0000000000361595
[mtlr] resource2 sel8 flags 470 sz 0x1000 -> kr 0x00000000 rid 119 GPUVA 0x10002490000 cpu 10b660000
[mtlr]   out: 0000010002490000 000000010b660000 0000000102749940 0000000000000000
[mtlr]   out: 0000007700000000 0000000000004000 00000002b1b5b292 0000000000361596
[mtlr] resource2 sel8 flags 470 sz 0x1000 -> kr 0x00000000 rid 119 GPUVA 0x10002490000 cpu 10b660000
[mtlr]   out: 0000010002490000 000000010b660000 0000000102749940 0000000000000000
[mtlr]   out: 0000007700000000 0000000000004000 00000002b1b5b293 0000000000361597
[mtlr] resource2 sel8 flags 470 sz 0x1000 -> kr 0x00000000 rid 119 GPUVA 0x10002490000 cpu 10b660000
[mtlr]   out: 0000010002490000 000000010b660000 0000000102749940 0000000000000000
[mtlr]   out: 0000007700000000 0000000000004000 00000002b1b5b294 0000000000361598
[mtlr] resource2 sel8 flags 470 sz 0x1000 -> kr 0x00000000 rid 119 GPUVA 0x10002490000 cpu 10b660000
[mtlr]   out: 0000010002490000 000000010b660000 0000000102749940 0000000000000000
[mtlr]   out: 0000007700000000 0000000000004000 00000002b1b5b295 0000000000361599
[mtlr] resource2 sel8 flags 470 sz 0x1000 -> kr 0x00000000 rid 119 GPUVA 0x10002490000 cpu 10b660000
[mtlr]   out: 0000010002490000 000000010b660000 0000000102749940 0000000000000000
[mtlr]   out: 0000007700000000 0000000000004000 00000002b1b5b296 000000000036159a
[mtlr] resource2 sel8 flags 470 sz 0x1000 -> kr 0x00000000 rid 119 GPUVA 0x10002490000 cpu 10b660000
[mtlr]   out: 0000010002490000 000000010b660000 0000000102749940 0000000000000000
[mtlr]   out: 0000007700000000 0000000000004000 00000002b1b5b297 000000000036159b
[mtlr] resource2 sel8 flags 470 sz 0x1000 -> kr 0x00000000 rid 119 GPUVA 0x10002490000 cpu 10b660000
[mtlr]   out: 0000010002490000 000000010b660000 0000000102749940 0000000000000000
[mtlr]   out: 0000007700000000 0000000000004000 00000002b1b5b298 000000000036159c
[mtlr] resource2 sel8 flags 470 sz 0x1000 -> kr 0x00000000 rid 119 GPUVA 0x10002490000 cpu 10b660000
[mtlr]   out: 0000010002490000 000000010b660000 0000000102749940 0000000000000000
[mtlr]   out: 0000007700000000 0000000000004000 00000002b1b5b299 000000000036159d
[mtlr] resource2 sel8 flags 470 sz 0x1000 -> kr 0x00000000 rid 119 GPUVA 0x10002490000 cpu 10b660000
[mtlr]   out: 0000010002490000 000000010b660000 0000000102749940 0000000000000000
[mtlr]   out: 0000007700000000 0000000000004000 00000002b1b5b29a 000000000036159e
[mtlr] resource2 sel8 flags 470 sz 0x1000 -> kr 0x00000000 rid 119 GPUVA 0x10002490000 cpu 10b660000
[mtlr]   out: 0000010002490000 000000010b660000 0000000102749940 0000000000000000
[mtlr]   out: 0000007700000000 0000000000004000 00000002b1b5b29b 000000000036159f
[mtlr] resource2 sel8 flags 470 sz 0x1000 -> kr 0x00000000 rid 119 GPUVA 0x10002490000 cpu 10b660000
[mtlr]   out: 0000010002490000 000000010b660000 0000000102749940 0000000000000000
[mtlr]   out: 0000007700000000 0000000000004000 00000002b1b5b29c 00000000003615a0
[mtlr] resource2 sel8 flags 470 sz 0x1000 -> kr 0x00000000 rid 119 GPUVA 0x10002490000 cpu 10b660000
[mtlr]   out: 0000010002490000 000000010b660000 0000000102749940 0000000000000000
[mtlr]   out: 0000007700000000 0000000000004000 00000002b1b5b29d 00000000003615a1
[mtlr] resource2 sel8 flags 470 sz 0x1000 -> kr 0x00000000 rid 119 GPUVA 0x10002490000 cpu 10b660000
[mtlr]   out: 0000010002490000 000000010b660000 0000000102749940 0000000000000000
[mtlr]   out: 0000007700000000 0000000000004000 00000002b1b5b29e 00000000003615a2
[uatrec] S4 r9 (+0s): nvv 8 ncb 8 vsz 0x100000 destroy0 kr 0x00000000 nj 40
[uatrec] S4 r9 blit[0] slots 10 ridp 1
[uatrec] S4 r9 blit[1] slots 10 ridp 1
[uatrec] S4 r9 blit[2] slots 10 ridp 1
[uatrec] S4 r9 blit[3] slots 10 ridp 1
[uatrec] S4 r9 blit[4] slots 10 ridp 1
[uatrec] S4 r9 blit[5] slots 10 ridp 1
[uatrec] S4 r9 blit[6] slots 10 ridp 1
[uatrec] S4 r9 blit[7] slots 10 ridp 1
[uatrec] S4 heartbeat: round 10 done, t=0s (alive)
[mtlr] resource2 sel8 flags 470 sz 0x100000 -> kr 0x00000000 rid 119 GPUVA 0x10002490000 cpu 10b360000
[mtlr]   out: 0000010002490000 000000010b360000 0000000102749940 0000000000000000
[mtlr]   out: 0000007700000000 0000000000100000 00000002b1b5b2cb 00000000003615a5
[uatrec] S4 r10 victim[0] rid 119 gpuva 0x10002490000 cpu 0x10b360000 (top-of-stack)
[mtlr] resource2 sel8 flags 470 sz 0x100000 -> kr 0x00000000 rid 120 GPUVA 0x10002598000 cpu 10b460000
[mtlr]   out: 0000010002598000 000000010b460000 0000000102749a00 0000000000000000
[mtlr]   out: 0000007800000000 0000000000100000 00000002b1b5b2cc 00000000003615a6
[uatrec] S4 r10 victim[1] rid 120 gpuva 0x10002598000 cpu 0x10b460000 (top-of-stack)
[mtlr] resource2 sel8 flags 470 sz 0x100000 -> kr 0x00000000 rid 121 GPUVA 0x100026a0000 cpu 10b560000
[mtlr]   out: 00000100026a0000 000000010b560000 0000000102749ac0 0000000000000000
[mtlr]   out: 0000007900000000 0000000000100000 00000002b1b5b2cd 00000000003615a7
[uatrec] S4 r10 victim[2] rid 121 gpuva 0x100026a0000 cpu 0x10b560000 (top-of-stack)
[mtlr] resource2 sel8 flags 470 sz 0x100000 -> kr 0x00000000 rid 122 GPUVA 0x100027a8000 cpu 10bc00000
[mtlr]   out: 00000100027a8000 000000010bc00000 0000000102749b80 0000000000000000
[mtlr]   out: 0000007a00000000 0000000000100000 00000002b1b5b2ce 00000000003615a8
[uatrec] S4 r10 victim[3] rid 122 gpuva 0x100027a8000 cpu 0x10bc00000 (top-of-stack)
[mtlr] resource2 sel8 flags 470 sz 0x100000 -> kr 0x00000000 rid 123 GPUVA 0x100028b0000 cpu 10bdc0000
[mtlr]   out: 00000100028b0000 000000010bdc0000 0000000102749c40 0000000000000000
[mtlr]   out: 0000007b00000000 0000000000100000 00000002b1b5b2cf 00000000003615a9
[uatrec] S4 r10 victim[4] rid 123 gpuva 0x100028b0000 cpu 0x10bdc0000 (top-of-stack)
[mtlr] resource2 sel8 flags 470 sz 0x100000 -> kr 0x00000000 rid 124 GPUVA 0x100029b8000 cpu 10bf30000
[mtlr]   out: 00000100029b8000 000000010bf30000 0000000102749d00 0000000000000000
[mtlr]   out: 0000007c00000000 0000000000100000 00000002b1b5b2d0 00000000003615aa
[uatrec] S4 r10 victim[5] rid 124 gpuva 0x100029b8000 cpu 0x10bf30000 (top-of-stack)
[mtlr] resource2 sel8 flags 470 sz 0x100000 -> kr 0x00000000 rid 125 GPUVA 0x10002ac0000 cpu 10c2a0000
[mtlr]   out: 0000010002ac0000 000000010c2a0000 0000000102749dc0 0000000000000000
[mtlr]   out: 0000007d00000000 0000000000100000 00000002b1b5b2d1 00000000003615ab
[uatrec] S4 r10 victim[6] rid 125 gpuva 0x10002ac0000 cpu 0x10c2a0000 (top-of-stack)
[mtlr] resource2 sel8 flags 470 sz 0x100000 -> kr 0x00000000 rid 126 GPUVA 0x10002bc8000 cpu 10b160000
[mtlr]   out: 0000010002bc8000 000000010b160000 0000000102749e80 0000000000000000
[mtlr]   out: 0000007e00000000 0000000000100000 00000002b1b5b2d2 00000000003615ac
[uatrec] S4 r10 victim[7] rid 126 gpuva 0x10002bc8000 cpu 0x10b160000 (top-of-stack)
[mtlr] resource2 sel8 flags 470 sz 0x1000 -> kr 0x00000000 rid 119 GPUVA 0x10002490000 cpu 10b660000
[mtlr]   out: 0000010002490000 000000010b660000 0000000102749940 0000000000000000
[mtlr]   out: 0000007700000000 0000000000004000 00000002b1b5b2f5 00000000003615b6
[mtlr] resource2 sel8 flags 470 sz 0x1000 -> kr 0x00000000 rid 119 GPUVA 0x10002490000 cpu 10b660000
[mtlr]   out: 0000010002490000 000000010b660000 0000000102749940 0000000000000000
[mtlr]   out: 0000007700000000 0000000000004000 00000002b1b5b2f6 00000000003615b7
[mtlr] resource2 sel8 flags 470 sz 0x1000 -> kr 0x00000000 rid 119 GPUVA 0x10002490000 cpu 10b660000
[mtlr]   out: 0000010002490000 000000010b660000 0000000102749940 0000000000000000
[mtlr]   out: 0000007700000000 0000000000004000 00000002b1b5b2f7 00000000003615b8
[mtlr] resource2 sel8 flags 470 sz 0x1000 -> kr 0x00000000 rid 119 GPUVA 0x10002490000 cpu 10b660000
[mtlr]   out: 0000010002490000 000000010b660000 0000000102749940 0000000000000000
[mtlr]   out: 0000007700000000 0000000000004000 00000002b1b5b2f8 00000000003615b9
[mtlr] resource2 sel8 flags 470 sz 0x1000 -> kr 0x00000000 rid 119 GPUVA 0x10002490000 cpu 10b660000
[mtlr]   out: 0000010002490000 000000010b660000 0000000102749940 0000000000000000
[mtlr]   out: 0000007700000000 0000000000004000 00000002b1b5b2f9 00000000003615ba
[mtlr] resource2 sel8 flags 470 sz 0x1000 -> kr 0x00000000 rid 119 GPUVA 0x10002490000 cpu 10b660000
[mtlr]   out: 0000010002490000 000000010b660000 0000000102749940 0000000000000000
[mtlr]   out: 0000007700000000 0000000000004000 00000002b1b5b2fa 00000000003615bb
[mtlr] resource2 sel8 flags 470 sz 0x1000 -> kr 0x00000000 rid 119 GPUVA 0x10002490000 cpu 10b660000
[mtlr]   out: 0000010002490000 000000010b660000 0000000102749940 0000000000000000
[mtlr]   out: 0000007700000000 0000000000004000 00000002b1b5b2fb 00000000003615bc
[mtlr] resource2 sel8 flags 470 sz 0x1000 -> kr 0x00000000 rid 119 GPUVA 0x10002490000 cpu 10b660000
[mtlr]   out: 0000010002490000 000000010b660000 0000000102749940 0000000000000000
[mtlr]   out: 0000007700000000 0000000000004000 00000002b1b5b2fc 00000000003615bd
[mtlr] resource2 sel8 flags 470 sz 0x1000 -> kr 0x00000000 rid 119 GPUVA 0x10002490000 cpu 10b660000
[mtlr]   out: 0000010002490000 000000010b660000 0000000102749940 0000000000000000
[mtlr]   out: 0000007700000000 0000000000004000 00000002b1b5b2fd 00000000003615be
[mtlr] resource2 sel8 flags 470 sz 0x1000 -> kr 0x00000000 rid 119 GPUVA 0x10002490000 cpu 10b660000
[mtlr]   out: 0000010002490000 000000010b660000 0000000102749940 0000000000000000
[mtlr]   out: 0000007700000000 0000000000004000 00000002b1b5b2fe 00000000003615bf
[mtlr] resource2 sel8 flags 470 sz 0x1000 -> kr 0x00000000 rid 119 GPUVA 0x10002490000 cpu 10b660000
[mtlr]   out: 0000010002490000 000000010b660000 0000000102749940 0000000000000000
[mtlr]   out: 0000007700000000 0000000000004000 00000002b1b5b2ff 00000000003615c0
[mtlr] resource2 sel8 flags 470 sz 0x1000 -> kr 0x00000000 rid 119 GPUVA 0x10002490000 cpu 10b660000
[mtlr]   out: 0000010002490000 000000010b660000 0000000102749940 0000000000000000
[mtlr]   out: 0000007700000000 0000000000004000 00000002b1b5b300 00000000003615c1
[mtlr] resource2 sel8 flags 470 sz 0x1000 -> kr 0x00000000 rid 119 GPUVA 0x10002490000 cpu 10b660000
[mtlr]   out: 0000010002490000 000000010b660000 0000000102749940 0000000000000000
[mtlr]   out: 0000007700000000 0000000000004000 00000002b1b5b301 00000000003615c2
[mtlr] resource2 sel8 flags 470 sz 0x1000 -> kr 0x00000000 rid 119 GPUVA 0x10002490000 cpu 10b660000
[mtlr]   out: 0000010002490000 000000010b660000 0000000102749940 0000000000000000
[mtlr]   out: 0000007700000000 0000000000004000 00000002b1b5b302 00000000003615c3
[mtlr] resource2 sel8 flags 470 sz 0x1000 -> kr 0x00000000 rid 119 GPUVA 0x10002490000 cpu 10b660000
[mtlr]   out: 0000010002490000 000000010b660000 0000000102749940 0000000000000000
[mtlr]   out: 0000007700000000 0000000000004000 00000002b1b5b303 00000000003615c4
[mtlr] resource2 sel8 flags 470 sz 0x1000 -> kr 0x00000000 rid 119 GPUVA 0x10002490000 cpu 10b660000
[mtlr]   out: 0000010002490000 000000010b660000 0000000102749940 0000000000000000
[mtlr]   out: 0000007700000000 0000000000004000 00000002b1b5b304 00000000003615c5
[mtlr] resource2 sel8 flags 470 sz 0x1000 -> kr 0x00000000 rid 119 GPUVA 0x10002490000 cpu 10b660000
[mtlr]   out: 0000010002490000 000000010b660000 0000000102749940 0000000000000000
[mtlr]   out: 0000007700000000 0000000000004000 00000002b1b5b305 00000000003615c6
[mtlr] resource2 sel8 flags 470 sz 0x1000 -> kr 0x00000000 rid 119 GPUVA 0x10002490000 cpu 10b660000
[mtlr]   out: 0000010002490000 000000010b660000 0000000102749940 0000000000000000
[mtlr]   out: 0000007700000000 0000000000004000 00000002b1b5b306 00000000003615c7
[mtlr] resource2 sel8 flags 470 sz 0x1000 -> kr 0x00000000 rid 119 GPUVA 0x10002490000 cpu 10b660000
[mtlr]   out: 0000010002490000 000000010b660000 0000000102749940 0000000000000000
[mtlr]   out: 0000007700000000 0000000000004000 00000002b1b5b307 00000000003615c8
[mtlr] resource2 sel8 flags 470 sz 0x1000 -> kr 0x00000000 rid 119 GPUVA 0x10002490000 cpu 10b660000
[mtlr]   out: 0000010002490000 000000010b660000 0000000102749940 0000000000000000
[mtlr]   out: 0000007700000000 0000000000004000 00000002b1b5b308 00000000003615c9
[mtlr] resource2 sel8 flags 470 sz 0x1000 -> kr 0x00000000 rid 119 GPUVA 0x10002490000 cpu 10b660000
[mtlr]   out: 0000010002490000 000000010b660000 0000000102749940 0000000000000000
[mtlr]   out: 0000007700000000 0000000000004000 00000002b1b5b309 00000000003615ca
[mtlr] resource2 sel8 flags 470 sz 0x1000 -> kr 0x00000000 rid 119 GPUVA 0x10002490000 cpu 10b660000
[mtlr]   out: 0000010002490000 000000010b660000 0000000102749940 0000000000000000
[mtlr]   out: 0000007700000000 0000000000004000 00000002b1b5b30a 00000000003615cb
[mtlr] resource2 sel8 flags 470 sz 0x1000 -> kr 0x00000000 rid 119 GPUVA 0x10002490000 cpu 10b660000
[mtlr]   out: 0000010002490000 000000010b660000 0000000102749940 0000000000000000
[mtlr]   out: 0000007700000000 0000000000004000 00000002b1b5b30b 00000000003615cc
[mtlr] resource2 sel8 flags 470 sz 0x1000 -> kr 0x00000000 rid 119 GPUVA 0x10002490000 cpu 10b660000
[mtlr]   out: 0000010002490000 000000010b660000 0000000102749940 0000000000000000
[mtlr]   out: 0000007700000000 0000000000004000 00000002b1b5b30c 00000000003615cd
[mtlr] resource2 sel8 flags 470 sz 0x1000 -> kr 0x00000000 rid 119 GPUVA 0x10002490000 cpu 10b660000
[mtlr]   out: 0000010002490000 000000010b660000 0000000102749940 0000000000000000
[mtlr]   out: 0000007700000000 0000000000004000 00000002b1b5b30d 00000000003615ce
[mtlr] resource2 sel8 flags 470 sz 0x1000 -> kr 0x00000000 rid 119 GPUVA 0x10002490000 cpu 10b660000
[mtlr]   out: 0000010002490000 000000010b660000 0000000102749940 0000000000000000
[mtlr]   out: 0000007700000000 0000000000004000 00000002b1b5b30e 00000000003615cf
[mtlr] resource2 sel8 flags 470 sz 0x1000 -> kr 0x00000000 rid 119 GPUVA 0x10002490000 cpu 10b660000
[mtlr]   out: 0000010002490000 000000010b660000 0000000102749940 0000000000000000
[mtlr]   out: 0000007700000000 0000000000004000 00000002b1b5b30f 00000000003615d0
[mtlr] resource2 sel8 flags 470 sz 0x1000 -> kr 0x00000000 rid 119 GPUVA 0x10002490000 cpu 10b660000
[mtlr]   out: 0000010002490000 000000010b660000 0000000102749940 0000000000000000
[mtlr]   out: 0000007700000000 0000000000004000 00000002b1b5b310 00000000003615d1
[mtlr] resource2 sel8 flags 470 sz 0x1000 -> kr 0x00000000 rid 119 GPUVA 0x10002490000 cpu 10b660000
[mtlr]   out: 0000010002490000 000000010b660000 0000000102749940 0000000000000000
[mtlr]   out: 0000007700000000 0000000000004000 00000002b1b5b311 00000000003615d2
[mtlr] resource2 sel8 flags 470 sz 0x1000 -> kr 0x00000000 rid 119 GPUVA 0x10002490000 cpu 10b660000
[mtlr]   out: 0000010002490000 000000010b660000 0000000102749940 0000000000000000
[mtlr]   out: 0000007700000000 0000000000004000 00000002b1b5b312 00000000003615d3
[mtlr] resource2 sel8 flags 470 sz 0x1000 -> kr 0x00000000 rid 119 GPUVA 0x10002490000 cpu 10b660000
[mtlr]   out: 0000010002490000 000000010b660000 0000000102749940 0000000000000000
[mtlr]   out: 0000007700000000 0000000000004000 00000002b1b5b313 00000000003615d4
[mtlr] resource2 sel8 flags 470 sz 0x1000 -> kr 0x00000000 rid 119 GPUVA 0x10002490000 cpu 10b660000
[mtlr]   out: 0000010002490000 000000010b660000 0000000102749940 0000000000000000
[mtlr]   out: 0000007700000000 0000000000004000 00000002b1b5b314 00000000003615d5
[mtlr] resource2 sel8 flags 470 sz 0x1000 -> kr 0x00000000 rid 119 GPUVA 0x10002490000 cpu 10b660000
[mtlr]   out: 0000010002490000 000000010b660000 0000000102749940 0000000000000000
[mtlr]   out: 0000007700000000 0000000000004000 00000002b1b5b315 00000000003615d6
[mtlr] resource2 sel8 flags 470 sz 0x1000 -> kr 0x00000000 rid 119 GPUVA 0x10002490000 cpu 10b660000
[mtlr]   out: 0000010002490000 000000010b660000 0000000102749940 0000000000000000
[mtlr]   out: 0000007700000000 0000000000004000 00000002b1b5b316 00000000003615d7
[mtlr] resource2 sel8 flags 470 sz 0x1000 -> kr 0x00000000 rid 119 GPUVA 0x10002490000 cpu 10b660000
[mtlr]   out: 0000010002490000 000000010b660000 0000000102749940 0000000000000000
[mtlr]   out: 0000007700000000 0000000000004000 00000002b1b5b317 00000000003615d8
[mtlr] resource2 sel8 flags 470 sz 0x1000 -> kr 0x00000000 rid 119 GPUVA 0x10002490000 cpu 10b660000
[mtlr]   out: 0000010002490000 000000010b660000 0000000102749940 0000000000000000
[mtlr]   out: 0000007700000000 0000000000004000 00000002b1b5b318 00000000003615d9
[mtlr] resource2 sel8 flags 470 sz 0x1000 -> kr 0x00000000 rid 119 GPUVA 0x10002490000 cpu 10b660000
[mtlr]   out: 0000010002490000 000000010b660000 0000000102749940 0000000000000000
[mtlr]   out: 0000007700000000 0000000000004000 00000002b1b5b319 00000000003615da
[mtlr] resource2 sel8 flags 470 sz 0x1000 -> kr 0x00000000 rid 119 GPUVA 0x10002490000 cpu 10b660000
[mtlr]   out: 0000010002490000 000000010b660000 0000000102749940 0000000000000000
[mtlr]   out: 0000007700000000 0000000000004000 00000002b1b5b31a 00000000003615db
[mtlr] resource2 sel8 flags 470 sz 0x1000 -> kr 0x00000000 rid 119 GPUVA 0x10002490000 cpu 10b660000
[mtlr]   out: 0000010002490000 000000010b660000 0000000102749940 0000000000000000
[mtlr]   out: 0000007700000000 0000000000004000 00000002b1b5b31b 00000000003615dc
[mtlr] resource2 sel8 flags 470 sz 0x1000 -> kr 0x00000000 rid 119 GPUVA 0x10002490000 cpu 10b660000
[mtlr]   out: 0000010002490000 000000010b660000 0000000102749940 0000000000000000
[mtlr]   out: 0000007700000000 0000000000004000 00000002b1b5b31c 00000000003615dd
[uatrec] S4 r10 (+0s): nvv 8 ncb 8 vsz 0x100000 destroy0 kr 0x00000000 nj 40
[uatrec] S4 r10 blit[0] slots 10 ridp 1
[uatrec] S4 r10 blit[1] slots 10 ridp 1
[uatrec] S4 r10 blit[2] slots 10 ridp 1
[uatrec] S4 r10 blit[3] slots 10 ridp 1
[uatrec] S4 r10 blit[4] slots 10 ridp 1
[uatrec] S4 r10 blit[5] slots 10 ridp 1
[uatrec] S4 r10 blit[6] slots 10 ridp 1
[uatrec] S4 r10 blit[7] slots 10 ridp 1
[mtlr] resource2 sel8 flags 470 sz 0x100000 -> kr 0x00000000 rid 119 GPUVA 0x10002490000 cpu 10b160000
[mtlr]   out: 0000010002490000 000000010b160000 0000000102749940 0000000000000000
[mtlr]   out: 0000007700000000 0000000000100000 00000002b1b5b348 00000000003615e0
[uatrec] S4 r11 victim[0] rid 119 gpuva 0x10002490000 cpu 0x10b160000 (top-of-stack)
[mtlr] resource2 sel8 flags 470 sz 0x100000 -> kr 0x00000000 rid 120 GPUVA 0x10002598000 cpu 10b260000
[mtlr]   out: 0000010002598000 000000010b260000 0000000102749a00 0000000000000000
[mtlr]   out: 0000007800000000 0000000000100000 00000002b1b5b349 00000000003615e1
[uatrec] S4 r11 victim[1] rid 120 gpuva 0x10002598000 cpu 0x10b260000 (top-of-stack)
[mtlr] resource2 sel8 flags 470 sz 0x100000 -> kr 0x00000000 rid 121 GPUVA 0x100026a0000 cpu 10b360000
[mtlr]   out: 00000100026a0000 000000010b360000 0000000102749ac0 0000000000000000
[mtlr]   out: 0000007900000000 0000000000100000 00000002b1b5b34a 00000000003615e2
[uatrec] S4 r11 victim[2] rid 121 gpuva 0x100026a0000 cpu 0x10b360000 (top-of-stack)
[mtlr] resource2 sel8 flags 470 sz 0x100000 -> kr 0x00000000 rid 122 GPUVA 0x100027a8000 cpu 10b460000
[mtlr]   out: 00000100027a8000 000000010b460000 0000000102749b80 0000000000000000
[mtlr]   out: 0000007a00000000 0000000000100000 00000002b1b5b34b 00000000003615e3
[uatrec] S4 r11 victim[3] rid 122 gpuva 0x100027a8000 cpu 0x10b460000 (top-of-stack)
[mtlr] resource2 sel8 flags 470 sz 0x100000 -> kr 0x00000000 rid 123 GPUVA 0x100028b0000 cpu 10b560000
[mtlr]   out: 00000100028b0000 000000010b560000 0000000102749c40 0000000000000000
[mtlr]   out: 0000007b00000000 0000000000100000 00000002b1b5b34c 00000000003615e4
[uatrec] S4 r11 victim[4] rid 123 gpuva 0x100028b0000 cpu 0x10b560000 (top-of-stack)
[mtlr] resource2 sel8 flags 470 sz 0x100000 -> kr 0x00000000 rid 124 GPUVA 0x100029b8000 cpu 10bc00000
[mtlr]   out: 00000100029b8000 000000010bc00000 0000000102749d00 0000000000000000
[mtlr]   out: 0000007c00000000 0000000000100000 00000002b1b5b34d 00000000003615e5
[uatrec] S4 r11 victim[5] rid 124 gpuva 0x100029b8000 cpu 0x10bc00000 (top-of-stack)
[mtlr] resource2 sel8 flags 470 sz 0x100000 -> kr 0x00000000 rid 125 GPUVA 0x10002ac0000 cpu 10bdc0000
[mtlr]   out: 0000010002ac0000 000000010bdc0000 0000000102749dc0 0000000000000000
[mtlr]   out: 0000007d00000000 0000000000100000 00000002b1b5b353 00000000003615e6
[uatrec] S4 r11 victim[6] rid 125 gpuva 0x10002ac0000 cpu 0x10bdc0000 (top-of-stack)
[mtlr] resource2 sel8 flags 470 sz 0x100000 -> kr 0x00000000 rid 126 GPUVA 0x10002bc8000 cpu 10bf30000
[mtlr]   out: 0000010002bc8000 000000010bf30000 0000000102749e80 0000000000000000
[mtlr]   out: 0000007e00000000 0000000000100000 00000002b1b5b356 00000000003615e7
[uatrec] S4 r11 victim[7] rid 126 gpuva 0x10002bc8000 cpu 0x10bf30000 (top-of-stack)
[mtlr] resource2 sel8 flags 470 sz 0x1000 -> kr 0x00000000 rid 119 GPUVA 0x10002490000 cpu 10b660000
[mtlr]   out: 0000010002490000 000000010b660000 0000000102749940 0000000000000000
[mtlr]   out: 0000007700000000 0000000000004000 00000002b1b5b372 00000000003615f1
[mtlr] resource2 sel8 flags 470 sz 0x1000 -> kr 0x00000000 rid 119 GPUVA 0x10002490000 cpu 10b660000
[mtlr]   out: 0000010002490000 000000010b660000 0000000102749940 0000000000000000
[mtlr]   out: 0000007700000000 0000000000004000 00000002b1b5b373 00000000003615f2
[mtlr] resource2 sel8 flags 470 sz 0x1000 -> kr 0x00000000 rid 119 GPUVA 0x10002490000 cpu 10b660000
[mtlr]   out: 0000010002490000 000000010b660000 0000000102749940 0000000000000000
[mtlr]   out: 0000007700000000 0000000000004000 00000002b1b5b374 00000000003615f3
[mtlr] resource2 sel8 flags 470 sz 0x1000 -> kr 0x00000000 rid 119 GPUVA 0x10002490000 cpu 10b660000
[mtlr]   out: 0000010002490000 000000010b660000 0000000102749940 0000000000000000
[mtlr]   out: 0000007700000000 0000000000004000 00000002b1b5b375 00000000003615f4
[mtlr] resource2 sel8 flags 470 sz 0x1000 -> kr 0x00000000 rid 119 GPUVA 0x10002490000 cpu 10b660000
[mtlr]   out: 0000010002490000 000000010b660000 0000000102749940 0000000000000000
[mtlr]   out: 0000007700000000 0000000000004000 00000002b1b5b376 00000000003615f5
[mtlr] resource2 sel8 flags 470 sz 0x1000 -> kr 0x00000000 rid 119 GPUVA 0x10002490000 cpu 10b660000
[mtlr]   out: 0000010002490000 000000010b660000 0000000102749940 0000000000000000
[mtlr]   out: 0000007700000000 0000000000004000 00000002b1b5b377 00000000003615f6
[mtlr] resource2 sel8 flags 470 sz 0x1000 -> kr 0x00000000 rid 119 GPUVA 0x10002490000 cpu 10b660000
[mtlr]   out: 0000010002490000 000000010b660000 0000000102749940 0000000000000000
[mtlr]   out: 0000007700000000 0000000000004000 00000002b1b5b378 00000000003615f7
[mtlr] resource2 sel8 flags 470 sz 0x1000 -> kr 0x00000000 rid 119 GPUVA 0x10002490000 cpu 10b660000
[mtlr]   out: 0000010002490000 000000010b660000 0000000102749940 0000000000000000
[mtlr]   out: 0000007700000000 0000000000004000 00000002b1b5b379 00000000003615f8
[mtlr] resource2 sel8 flags 470 sz 0x1000 -> kr 0x00000000 rid 119 GPUVA 0x10002490000 cpu 10b660000
[mtlr]   out: 0000010002490000 000000010b660000 0000000102749940 0000000000000000
[mtlr]   out: 0000007700000000 0000000000004000 00000002b1b5b37a 00000000003615f9
[mtlr] resource2 sel8 flags 470 sz 0x1000 -> kr 0x00000000 rid 119 GPUVA 0x10002490000 cpu 10b660000
[mtlr]   out: 0000010002490000 000000010b660000 0000000102749940 0000000000000000
[mtlr]   out: 0000007700000000 0000000000004000 00000002b1b5b37b 00000000003615fa
[mtlr] resource2 sel8 flags 470 sz 0x1000 -> kr 0x00000000 rid 119 GPUVA 0x10002490000 cpu 10b660000
[mtlr]   out: 0000010002490000 000000010b660000 0000000102749940 0000000000000000
[mtlr]   out: 0000007700000000 0000000000004000 00000002b1b5b37c 00000000003615fb
[mtlr] resource2 sel8 flags 470 sz 0x1000 -> kr 0x00000000 rid 119 GPUVA 0x10002490000 cpu 10b660000
[mtlr]   out: 0000010002490000 000000010b660000 0000000102749940 0000000000000000
[mtlr]   out: 0000007700000000 0000000000004000 00000002b1b5b37d 00000000003615fc
[mtlr] resource2 sel8 flags 470 sz 0x1000 -> kr 0x00000000 rid 119 GPUVA 0x10002490000 cpu 10b660000
[mtlr]   out: 0000010002490000 000000010b660000 0000000102749940 0000000000000000
[mtlr]   out: 0000007700000000 0000000000004000 00000002b1b5b37e 00000000003615fd
[mtlr] resource2 sel8 flags 470 sz 0x1000 -> kr 0x00000000 rid 119 GPUVA 0x10002490000 cpu 10b660000
[mtlr]   out: 0000010002490000 000000010b660000 0000000102749940 0000000000000000
[mtlr]   out: 0000007700000000 0000000000004000 00000002b1b5b37f 00000000003615fe
[mtlr] resource2 sel8 flags 470 sz 0x1000 -> kr 0x00000000 rid 119 GPUVA 0x10002490000 cpu 10b660000
[mtlr]   out: 0000010002490000 000000010b660000 0000000102749940 0000000000000000
[mtlr]   out: 0000007700000000 0000000000004000 00000002b1b5b380 00000000003615ff
[mtlr] resource2 sel8 flags 470 sz 0x1000 -> kr 0x00000000 rid 119 GPUVA 0x10002490000 cpu 10b660000
[mtlr]   out: 0000010002490000 000000010b660000 0000000102749940 0000000000000000
[mtlr]   out: 0000007700000000 0000000000004000 00000002b1b5b381 0000000000361600
[mtlr] resource2 sel8 flags 470 sz 0x1000 -> kr 0x00000000 rid 119 GPUVA 0x10002490000 cpu 10b660000
[mtlr]   out: 0000010002490000 000000010b660000 0000000102749940 0000000000000000
[mtlr]   out: 0000007700000000 0000000000004000 00000002b1b5b382 0000000000361601
[mtlr] resource2 sel8 flags 470 sz 0x1000 -> kr 0x00000000 rid 119 GPUVA 0x10002490000 cpu 10b660000
[mtlr]   out: 0000010002490000 000000010b660000 0000000102749940 0000000000000000
[mtlr]   out: 0000007700000000 0000000000004000 00000002b1b5b383 0000000000361602
[mtlr] resource2 sel8 flags 470 sz 0x1000 -> kr 0x00000000 rid 119 GPUVA 0x10002490000 cpu 10b660000
[mtlr]   out: 0000010002490000 000000010b660000 0000000102749940 0000000000000000
[mtlr]   out: 0000007700000000 0000000000004000 00000002b1b5b384 0000000000361603
[mtlr] resource2 sel8 flags 470 sz 0x1000 -> kr 0x00000000 rid 119 GPUVA 0x10002490000 cpu 10b660000
[mtlr]   out: 0000010002490000 000000010b660000 0000000102749940 0000000000000000
[mtlr]   out: 0000007700000000 0000000000004000 00000002b1b5b385 0000000000361604
[mtlr] resource2 sel8 flags 470 sz 0x1000 -> kr 0x00000000 rid 119 GPUVA 0x10002490000 cpu 10b660000
[mtlr]   out: 0000010002490000 000000010b660000 0000000102749940 0000000000000000
[mtlr]   out: 0000007700000000 0000000000004000 00000002b1b5b386 0000000000361605
[mtlr] resource2 sel8 flags 470 sz 0x1000 -> kr 0x00000000 rid 119 GPUVA 0x10002490000 cpu 10b660000
[mtlr]   out: 0000010002490000 000000010b660000 0000000102749940 0000000000000000
[mtlr]   out: 0000007700000000 0000000000004000 00000002b1b5b387 0000000000361606
[mtlr] resource2 sel8 flags 470 sz 0x1000 -> kr 0x00000000 rid 119 GPUVA 0x10002490000 cpu 10b660000
[mtlr]   out: 0000010002490000 000000010b660000 0000000102749940 0000000000000000
[mtlr]   out: 0000007700000000 0000000000004000 00000002b1b5b388 0000000000361607
[mtlr] resource2 sel8 flags 470 sz 0x1000 -> kr 0x00000000 rid 119 GPUVA 0x10002490000 cpu 10b660000
[mtlr]   out: 0000010002490000 000000010b660000 0000000102749940 0000000000000000
[mtlr]   out: 0000007700000000 0000000000004000 00000002b1b5b389 0000000000361608
[mtlr] resource2 sel8 flags 470 sz 0x1000 -> kr 0x00000000 rid 119 GPUVA 0x10002490000 cpu 10b660000
[mtlr]   out: 0000010002490000 000000010b660000 0000000102749940 0000000000000000
[mtlr]   out: 0000007700000000 0000000000004000 00000002b1b5b38a 0000000000361609
[mtlr] resource2 sel8 flags 470 sz 0x1000 -> kr 0x00000000 rid 119 GPUVA 0x10002490000 cpu 10b660000
[mtlr]   out: 0000010002490000 000000010b660000 0000000102749940 0000000000000000
[mtlr]   out: 0000007700000000 0000000000004000 00000002b1b5b38b 000000000036160a
[mtlr] resource2 sel8 flags 470 sz 0x1000 -> kr 0x00000000 rid 119 GPUVA 0x10002490000 cpu 10b660000
[mtlr]   out: 0000010002490000 000000010b660000 0000000102749940 0000000000000000
[mtlr]   out: 0000007700000000 0000000000004000 00000002b1b5b38c 000000000036160b
[mtlr] resource2 sel8 flags 470 sz 0x1000 -> kr 0x00000000 rid 119 GPUVA 0x10002490000 cpu 10b660000
[mtlr]   out: 0000010002490000 000000010b660000 0000000102749940 0000000000000000
[mtlr]   out: 0000007700000000 0000000000004000 00000002b1b5b38d 000000000036160c
[mtlr] resource2 sel8 flags 470 sz 0x1000 -> kr 0x00000000 rid 119 GPUVA 0x10002490000 cpu 10b660000
[mtlr]   out: 0000010002490000 000000010b660000 0000000102749940 0000000000000000
[mtlr]   out: 0000007700000000 0000000000004000 00000002b1b5b38e 000000000036160d
[mtlr] resource2 sel8 flags 470 sz 0x1000 -> kr 0x00000000 rid 119 GPUVA 0x10002490000 cpu 10b660000
[mtlr]   out: 0000010002490000 000000010b660000 0000000102749940 0000000000000000
[mtlr]   out: 0000007700000000 0000000000004000 00000002b1b5b38f 000000000036160e
[mtlr] resource2 sel8 flags 470 sz 0x1000 -> kr 0x00000000 rid 119 GPUVA 0x10002490000 cpu 10b660000
[mtlr]   out: 0000010002490000 000000010b660000 0000000102749940 0000000000000000
[mtlr]   out: 0000007700000000 0000000000004000 00000002b1b5b390 000000000036160f
[mtlr] resource2 sel8 flags 470 sz 0x1000 -> kr 0x00000000 rid 119 GPUVA 0x10002490000 cpu 10b660000
[mtlr]   out: 0000010002490000 000000010b660000 0000000102749940 0000000000000000
[mtlr]   out: 0000007700000000 0000000000004000 00000002b1b5b391 0000000000361610
[mtlr] resource2 sel8 flags 470 sz 0x1000 -> kr 0x00000000 rid 119 GPUVA 0x10002490000 cpu 10b660000
[mtlr]   out: 0000010002490000 000000010b660000 0000000102749940 0000000000000000
[mtlr]   out: 0000007700000000 0000000000004000 00000002b1b5b392 0000000000361611
[mtlr] resource2 sel8 flags 470 sz 0x1000 -> kr 0x00000000 rid 119 GPUVA 0x10002490000 cpu 10b660000
[mtlr]   out: 0000010002490000 000000010b660000 0000000102749940 0000000000000000
[mtlr]   out: 0000007700000000 0000000000004000 00000002b1b5b393 0000000000361612
[mtlr] resource2 sel8 flags 470 sz 0x1000 -> kr 0x00000000 rid 119 GPUVA 0x10002490000 cpu 10b660000
[mtlr]   out: 0000010002490000 000000010b660000 0000000102749940 0000000000000000
[mtlr]   out: 0000007700000000 0000000000004000 00000002b1b5b394 0000000000361613
[mtlr] resource2 sel8 flags 470 sz 0x1000 -> kr 0x00000000 rid 119 GPUVA 0x10002490000 cpu 10b660000
[mtlr]   out: 0000010002490000 000000010b660000 0000000102749940 0000000000000000
[mtlr]   out: 0000007700000000 0000000000004000 00000002b1b5b395 0000000000361614
[mtlr] resource2 sel8 flags 470 sz 0x1000 -> kr 0x00000000 rid 119 GPUVA 0x10002490000 cpu 10b660000
[mtlr]   out: 0000010002490000 000000010b660000 0000000102749940 0000000000000000
[mtlr]   out: 0000007700000000 0000000000004000 00000002b1b5b396 0000000000361615
[mtlr] resource2 sel8 flags 470 sz 0x1000 -> kr 0x00000000 rid 119 GPUVA 0x10002490000 cpu 10b660000
[mtlr]   out: 0000010002490000 000000010b660000 0000000102749940 0000000000000000
[mtlr]   out: 0000007700000000 0000000000004000 00000002b1b5b397 0000000000361616
[mtlr] resource2 sel8 flags 470 sz 0x1000 -> kr 0x00000000 rid 119 GPUVA 0x10002490000 cpu 10b660000
[mtlr]   out: 0000010002490000 000000010b660000 0000000102749940 0000000000000000
[mtlr]   out: 0000007700000000 0000000000004000 00000002b1b5b398 0000000000361617
[mtlr] resource2 sel8 flags 470 sz 0x1000 -> kr 0x00000000 rid 119 GPUVA 0x10002490000 cpu 10b660000
[mtlr]   out: 0000010002490000 000000010b660000 0000000102749940 0000000000000000
[mtlr]   out: 0000007700000000 0000000000004000 00000002b1b5b399 0000000000361618
[uatrec] S4 r11 (+0s): nvv 8 ncb 8 vsz 0x100000 destroy0 kr 0x00000000 nj 40
[uatrec] S4 r11 blit[0] slots 10 ridp 1
[uatrec] S4 r11 blit[1] slots 10 ridp 1
[uatrec] S4 r11 blit[2] slots 10 ridp 1
[uatrec] S4 r11 blit[3] slots 10 ridp 1
[uatrec] S4 r11 blit[4] slots 10 ridp 1
[uatrec] S4 r11 blit[5] slots 10 ridp 1
[uatrec] S4 r11 blit[6] slots 10 ridp 1
[uatrec] S4 r11 blit[7] slots 10 ridp 1
[mtlr] resource2 sel8 flags 470 sz 0x100000 -> kr 0x00000000 rid 119 GPUVA 0x10002490000 cpu 10d800000
[mtlr]   out: 0000010002490000 000000010d800000 0000000102749940 0000000000000000
[mtlr]   out: 0000007700000000 0000000000100000 00000002b1b5b3c5 000000000036161b
[uatrec] S4 r12 victim[0] rid 119 gpuva 0x10002490000 cpu 0x10d800000 (top-of-stack)
[mtlr] resource2 sel8 flags 470 sz 0x100000 -> kr 0x00000000 rid 120 GPUVA 0x10002598000 cpu 10b160000
[mtlr]   out: 0000010002598000 000000010b160000 0000000102749a00 0000000000000000
[mtlr]   out: 0000007800000000 0000000000100000 00000002b1b5b3cf 000000000036161c
[uatrec] S4 r12 victim[1] rid 120 gpuva 0x10002598000 cpu 0x10b160000 (top-of-stack)
[mtlr] resource2 sel8 flags 470 sz 0x100000 -> kr 0x00000000 rid 121 GPUVA 0x100026a0000 cpu 10b260000
[mtlr]   out: 00000100026a0000 000000010b260000 0000000102749ac0 0000000000000000
[mtlr]   out: 0000007900000000 0000000000100000 00000002b1b5b3d8 000000000036161d
[uatrec] S4 r12 victim[2] rid 121 gpuva 0x100026a0000 cpu 0x10b260000 (top-of-stack)
[mtlr] resource2 sel8 flags 470 sz 0x100000 -> kr 0x00000000 rid 122 GPUVA 0x100027a8000 cpu 10b360000
[mtlr]   out: 00000100027a8000 000000010b360000 0000000102749b80 0000000000000000
[mtlr]   out: 0000007a00000000 0000000000100000 00000002b1b5b3d9 000000000036161e
[uatrec] S4 r12 victim[3] rid 122 gpuva 0x100027a8000 cpu 0x10b360000 (top-of-stack)
[mtlr] resource2 sel8 flags 470 sz 0x100000 -> kr 0x00000000 rid 123 GPUVA 0x100028b0000 cpu 10b460000
[mtlr]   out: 00000100028b0000 000000010b460000 0000000102749c40 0000000000000000
[mtlr]   out: 0000007b00000000 0000000000100000 00000002b1b5b3da 000000000036161f
[uatrec] S4 r12 victim[4] rid 123 gpuva 0x100028b0000 cpu 0x10b460000 (top-of-stack)
[mtlr] resource2 sel8 flags 470 sz 0x100000 -> kr 0x00000000 rid 124 GPUVA 0x100029b8000 cpu 10b560000
[mtlr]   out: 00000100029b8000 000000010b560000 0000000102749d00 0000000000000000
[mtlr]   out: 0000007c00000000 0000000000100000 00000002b1b5b3db 0000000000361620
[uatrec] S4 r12 victim[5] rid 124 gpuva 0x100029b8000 cpu 0x10b560000 (top-of-stack)
[mtlr] resource2 sel8 flags 470 sz 0x100000 -> kr 0x00000000 rid 125 GPUVA 0x10002ac0000 cpu 10bc00000
[mtlr]   out: 0000010002ac0000 000000010bc00000 0000000102749dc0 0000000000000000
[mtlr]   out: 0000007d00000000 0000000000100000 00000002b1b5b3dc 0000000000361621
[uatrec] S4 r12 victim[6] rid 125 gpuva 0x10002ac0000 cpu 0x10bc00000 (top-of-stack)
[mtlr] resource2 sel8 flags 470 sz 0x100000 -> kr 0x00000000 rid 126 GPUVA 0x10002bc8000 cpu 10bdc0000
[mtlr]   out: 0000010002bc8000 000000010bdc0000 0000000102749e80 0000000000000000
[mtlr]   out: 0000007e00000000 0000000000100000 00000002b1b5b3dd 0000000000361622
[uatrec] S4 r12 victim[7] rid 126 gpuva 0x10002bc8000 cpu 0x10bdc0000 (top-of-stack)
[mtlr] resource2 sel8 flags 470 sz 0x1000 -> kr 0x00000000 rid 119 GPUVA 0x10002490000 cpu 10b660000
[mtlr]   out: 0000010002490000 000000010b660000 0000000102749940 0000000000000000
[mtlr]   out: 0000007700000000 0000000000004000 00000002b1b5b3f9 000000000036162c
[mtlr] resource2 sel8 flags 470 sz 0x1000 -> kr 0x00000000 rid 119 GPUVA 0x10002490000 cpu 10b660000
[mtlr]   out: 0000010002490000 000000010b660000 0000000102749940 0000000000000000
[mtlr]   out: 0000007700000000 0000000000004000 00000002b1b5b3fa 000000000036162d
[mtlr] resource2 sel8 flags 470 sz 0x1000 -> kr 0x00000000 rid 119 GPUVA 0x10002490000 cpu 10b660000
[mtlr]   out: 0000010002490000 000000010b660000 0000000102749940 0000000000000000
[mtlr]   out: 0000007700000000 0000000000004000 00000002b1b5b3fb 000000000036162e
[mtlr] resource2 sel8 flags 470 sz 0x1000 -> kr 0x00000000 rid 119 GPUVA 0x10002490000 cpu 10b660000
[mtlr]   out: 0000010002490000 000000010b660000 0000000102749940 0000000000000000
[mtlr]   out: 0000007700000000 0000000000004000 00000002b1b5b3fc 000000000036162f
[mtlr] resource2 sel8 flags 470 sz 0x1000 -> kr 0x00000000 rid 119 GPUVA 0x10002490000 cpu 10b660000
[mtlr]   out: 0000010002490000 000000010b660000 0000000102749940 0000000000000000
[mtlr]   out: 0000007700000000 0000000000004000 00000002b1b5b3fd 0000000000361630
[mtlr] resource2 sel8 flags 470 sz 0x1000 -> kr 0x00000000 rid 119 GPUVA 0x10002490000 cpu 10b660000
[mtlr]   out: 0000010002490000 000000010b660000 0000000102749940 0000000000000000
[mtlr]   out: 0000007700000000 0000000000004000 00000002b1b5b3fe 0000000000361631
[mtlr] resource2 sel8 flags 470 sz 0x1000 -> kr 0x00000000 rid 119 GPUVA 0x10002490000 cpu 10b660000
[mtlr]   out: 0000010002490000 000000010b660000 0000000102749940 0000000000000000
[mtlr]   out: 0000007700000000 0000000000004000 00000002b1b5b3ff 0000000000361632
[mtlr] resource2 sel8 flags 470 sz 0x1000 -> kr 0x00000000 rid 119 GPUVA 0x10002490000 cpu 10b660000
[mtlr]   out: 0000010002490000 000000010b660000 0000000102749940 0000000000000000
[mtlr]   out: 0000007700000000 0000000000004000 00000002b1b5b400 0000000000361633
[mtlr] resource2 sel8 flags 470 sz 0x1000 -> kr 0x00000000 rid 119 GPUVA 0x10002490000 cpu 10b660000
[mtlr]   out: 0000010002490000 000000010b660000 0000000102749940 0000000000000000
[mtlr]   out: 0000007700000000 0000000000004000 00000002b1b5b401 0000000000361634
[mtlr] resource2 sel8 flags 470 sz 0x1000 -> kr 0x00000000 rid 119 GPUVA 0x10002490000 cpu 10b660000
[mtlr]   out: 0000010002490000 000000010b660000 0000000102749940 0000000000000000
[mtlr]   out: 0000007700000000 0000000000004000 00000002b1b5b402 0000000000361635
[mtlr] resource2 sel8 flags 470 sz 0x1000 -> kr 0x00000000 rid 119 GPUVA 0x10002490000 cpu 10b660000
[mtlr]   out: 0000010002490000 000000010b660000 0000000102749940 0000000000000000
[mtlr]   out: 0000007700000000 0000000000004000 00000002b1b5b403 0000000000361636
[mtlr] resource2 sel8 flags 470 sz 0x1000 -> kr 0x00000000 rid 119 GPUVA 0x10002490000 cpu 10b660000
[mtlr]   out: 0000010002490000 000000010b660000 0000000102749940 0000000000000000
[mtlr]   out: 0000007700000000 0000000000004000 00000002b1b5b404 0000000000361637
[mtlr] resource2 sel8 flags 470 sz 0x1000 -> kr 0x00000000 rid 119 GPUVA 0x10002490000 cpu 10b660000
[mtlr]   out: 0000010002490000 000000010b660000 0000000102749940 0000000000000000
[mtlr]   out: 0000007700000000 0000000000004000 00000002b1b5b405 0000000000361638
[mtlr] resource2 sel8 flags 470 sz 0x1000 -> kr 0x00000000 rid 119 GPUVA 0x10002490000 cpu 10b660000
[mtlr]   out: 0000010002490000 000000010b660000 0000000102749940 0000000000000000
[mtlr]   out: 0000007700000000 0000000000004000 00000002b1b5b406 0000000000361639
[mtlr] resource2 sel8 flags 470 sz 0x1000 -> kr 0x00000000 rid 119 GPUVA 0x10002490000 cpu 10b660000
[mtlr]   out: 0000010002490000 000000010b660000 0000000102749940 0000000000000000
[mtlr]   out: 0000007700000000 0000000000004000 00000002b1b5b407 000000000036163a
[mtlr] resource2 sel8 flags 470 sz 0x1000 -> kr 0x00000000 rid 119 GPUVA 0x10002490000 cpu 10b660000
[mtlr]   out: 0000010002490000 000000010b660000 0000000102749940 0000000000000000
[mtlr]   out: 0000007700000000 0000000000004000 00000002b1b5b408 000000000036163b
[mtlr] resource2 sel8 flags 470 sz 0x1000 -> kr 0x00000000 rid 119 GPUVA 0x10002490000 cpu 10b660000
[mtlr]   out: 0000010002490000 000000010b660000 0000000102749940 0000000000000000
[mtlr]   out: 0000007700000000 0000000000004000 00000002b1b5b409 000000000036163c
[mtlr] resource2 sel8 flags 470 sz 0x1000 -> kr 0x00000000 rid 119 GPUVA 0x10002490000 cpu 10b660000
[mtlr]   out: 0000010002490000 000000010b660000 0000000102749940 0000000000000000
[mtlr]   out: 0000007700000000 0000000000004000 00000002b1b5b40a 000000000036163d
[mtlr] resource2 sel8 flags 470 sz 0x1000 -> kr 0x00000000 rid 119 GPUVA 0x10002490000 cpu 10b660000
[mtlr]   out: 0000010002490000 000000010b660000 0000000102749940 0000000000000000
[mtlr]   out: 0000007700000000 0000000000004000 00000002b1b5b40b 000000000036163e
[mtlr] resource2 sel8 flags 470 sz 0x1000 -> kr 0x00000000 rid 119 GPUVA 0x10002490000 cpu 10b660000
[mtlr]   out: 0000010002490000 000000010b660000 0000000102749940 0000000000000000
[mtlr]   out: 0000007700000000 0000000000004000 00000002b1b5b40c 000000000036163f
[mtlr] resource2 sel8 flags 470 sz 0x1000 -> kr 0x00000000 rid 119 GPUVA 0x10002490000 cpu 10b660000
[mtlr]   out: 0000010002490000 000000010b660000 0000000102749940 0000000000000000
[mtlr]   out: 0000007700000000 0000000000004000 00000002b1b5b40d 0000000000361640
[mtlr] resource2 sel8 flags 470 sz 0x1000 -> kr 0x00000000 rid 119 GPUVA 0x10002490000 cpu 10b660000
[mtlr]   out: 0000010002490000 000000010b660000 0000000102749940 0000000000000000
[mtlr]   out: 0000007700000000 0000000000004000 00000002b1b5b40e 0000000000361641
[mtlr] resource2 sel8 flags 470 sz 0x1000 -> kr 0x00000000 rid 119 GPUVA 0x10002490000 cpu 10b660000
[mtlr]   out: 0000010002490000 000000010b660000 0000000102749940 0000000000000000
[mtlr]   out: 0000007700000000 0000000000004000 00000002b1b5b40f 0000000000361642
[mtlr] resource2 sel8 flags 470 sz 0x1000 -> kr 0x00000000 rid 119 GPUVA 0x10002490000 cpu 10b660000
[mtlr]   out: 0000010002490000 000000010b660000 0000000102749940 0000000000000000
[mtlr]   out: 0000007700000000 0000000000004000 00000002b1b5b410 0000000000361643
[mtlr] resource2 sel8 flags 470 sz 0x1000 -> kr 0x00000000 rid 119 GPUVA 0x10002490000 cpu 10b660000
[mtlr]   out: 0000010002490000 000000010b660000 0000000102749940 0000000000000000
[mtlr]   out: 0000007700000000 0000000000004000 00000002b1b5b411 0000000000361644
[mtlr] resource2 sel8 flags 470 sz 0x1000 -> kr 0x00000000 rid 119 GPUVA 0x10002490000 cpu 10b660000
[mtlr]   out: 0000010002490000 000000010b660000 0000000102749940 0000000000000000
[mtlr]   out: 0000007700000000 0000000000004000 00000002b1b5b412 0000000000361645
[mtlr] resource2 sel8 flags 470 sz 0x1000 -> kr 0x00000000 rid 119 GPUVA 0x10002490000 cpu 10b660000
[mtlr]   out: 0000010002490000 000000010b660000 0000000102749940 0000000000000000
[mtlr]   out: 0000007700000000 0000000000004000 00000002b1b5b413 0000000000361646
[mtlr] resource2 sel8 flags 470 sz 0x1000 -> kr 0x00000000 rid 119 GPUVA 0x10002490000 cpu 10b660000
[mtlr]   out: 0000010002490000 000000010b660000 0000000102749940 0000000000000000
[mtlr]   out: 0000007700000000 0000000000004000 00000002b1b5b414 0000000000361647
[mtlr] resource2 sel8 flags 470 sz 0x1000 -> kr 0x00000000 rid 119 GPUVA 0x10002490000 cpu 10b660000
[mtlr]   out: 0000010002490000 000000010b660000 0000000102749940 0000000000000000
[mtlr]   out: 0000007700000000 0000000000004000 00000002b1b5b415 0000000000361648
[mtlr] resource2 sel8 flags 470 sz 0x1000 -> kr 0x00000000 rid 119 GPUVA 0x10002490000 cpu 10b660000
[mtlr]   out: 0000010002490000 000000010b660000 0000000102749940 0000000000000000
[mtlr]   out: 0000007700000000 0000000000004000 00000002b1b5b416 0000000000361649
[mtlr] resource2 sel8 flags 470 sz 0x1000 -> kr 0x00000000 rid 119 GPUVA 0x10002490000 cpu 10b660000
[mtlr]   out: 0000010002490000 000000010b660000 0000000102749940 0000000000000000
[mtlr]   out: 0000007700000000 0000000000004000 00000002b1b5b417 000000000036164a
[mtlr] resource2 sel8 flags 470 sz 0x1000 -> kr 0x00000000 rid 119 GPUVA 0x10002490000 cpu 10b660000
[mtlr]   out: 0000010002490000 000000010b660000 0000000102749940 0000000000000000
[mtlr]   out: 0000007700000000 0000000000004000 00000002b1b5b418 000000000036164b
[mtlr] resource2 sel8 flags 470 sz 0x1000 -> kr 0x00000000 rid 119 GPUVA 0x10002490000 cpu 10b660000
[mtlr]   out: 0000010002490000 000000010b660000 0000000102749940 0000000000000000
[mtlr]   out: 0000007700000000 0000000000004000 00000002b1b5b419 000000000036164c
[mtlr] resource2 sel8 flags 470 sz 0x1000 -> kr 0x00000000 rid 119 GPUVA 0x10002490000 cpu 10b660000
[mtlr]   out: 0000010002490000 000000010b660000 0000000102749940 0000000000000000
[mtlr]   out: 0000007700000000 0000000000004000 00000002b1b5b41a 000000000036164d
[mtlr] resource2 sel8 flags 470 sz 0x1000 -> kr 0x00000000 rid 119 GPUVA 0x10002490000 cpu 10b660000
[mtlr]   out: 0000010002490000 000000010b660000 0000000102749940 0000000000000000
[mtlr]   out: 0000007700000000 0000000000004000 00000002b1b5b41b 000000000036164e
[mtlr] resource2 sel8 flags 470 sz 0x1000 -> kr 0x00000000 rid 119 GPUVA 0x10002490000 cpu 10b660000
[mtlr]   out: 0000010002490000 000000010b660000 0000000102749940 0000000000000000
[mtlr]   out: 0000007700000000 0000000000004000 00000002b1b5b41c 000000000036164f
[mtlr] resource2 sel8 flags 470 sz 0x1000 -> kr 0x00000000 rid 119 GPUVA 0x10002490000 cpu 10b660000
[mtlr]   out: 0000010002490000 000000010b660000 0000000102749940 0000000000000000
[mtlr]   out: 0000007700000000 0000000000004000 00000002b1b5b41d 0000000000361650
[mtlr] resource2 sel8 flags 470 sz 0x1000 -> kr 0x00000000 rid 119 GPUVA 0x10002490000 cpu 10b660000
[mtlr]   out: 0000010002490000 000000010b660000 0000000102749940 0000000000000000
[mtlr]   out: 0000007700000000 0000000000004000 00000002b1b5b41e 0000000000361651
[mtlr] resource2 sel8 flags 470 sz 0x1000 -> kr 0x00000000 rid 119 GPUVA 0x10002490000 cpu 10b660000
[mtlr]   out: 0000010002490000 000000010b660000 0000000102749940 0000000000000000
[mtlr]   out: 0000007700000000 0000000000004000 00000002b1b5b41f 0000000000361652
[mtlr] resource2 sel8 flags 470 sz 0x1000 -> kr 0x00000000 rid 119 GPUVA 0x10002490000 cpu 10b660000
[mtlr]   out: 0000010002490000 000000010b660000 0000000102749940 0000000000000000
[mtlr]   out: 0000007700000000 0000000000004000 00000002b1b5b420 0000000000361653
[uatrec] S4 r12 (+0s): nvv 8 ncb 8 vsz 0x100000 destroy0 kr 0x00000000 nj 40
[uatrec] S4 r12 blit[0] slots 10 ridp 1
[uatrec] S4 r12 blit[1] slots 10 ridp 1
[uatrec] S4 r12 blit[2] slots 10 ridp 1
[uatrec] S4 r12 blit[3] slots 10 ridp 1
[uatrec] S4 r12 blit[4] slots 10 ridp 1
[uatrec] S4 r12 blit[5] slots 10 ridp 1
[uatrec] S4 r12 blit[6] slots 10 ridp 1
[uatrec] S4 r12 blit[7] slots 10 ridp 1
[mtlr] resource2 sel8 flags 470 sz 0x100000 -> kr 0x00000000 rid 119 GPUVA 0x10002490000 cpu 10d2e0000
[mtlr]   out: 0000010002490000 000000010d2e0000 0000000102749940 0000000000000000
[mtlr]   out: 0000007700000000 0000000000100000 00000002b1b5b44a 0000000000361656
[uatrec] S4 r13 victim[0] rid 119 gpuva 0x10002490000 cpu 0x10d2e0000 (top-of-stack)
[mtlr] resource2 sel8 flags 470 sz 0x100000 -> kr 0x00000000 rid 120 GPUVA 0x10002598000 cpu 10d900000
[mtlr]   out: 0000010002598000 000000010d900000 0000000102749a00 0000000000000000
[mtlr]   out: 0000007800000000 0000000000100000 00000002b1b5b44e 0000000000361657
[uatrec] S4 r13 victim[1] rid 120 gpuva 0x10002598000 cpu 0x10d900000 (top-of-stack)
[mtlr] resource2 sel8 flags 470 sz 0x100000 -> kr 0x00000000 rid 121 GPUVA 0x100026a0000 cpu 10da00000
[mtlr]   out: 00000100026a0000 000000010da00000 0000000102749ac0 0000000000000000
[mtlr]   out: 0000007900000000 0000000000100000 00000002b1b5b44f 0000000000361658
[uatrec] S4 r13 victim[2] rid 121 gpuva 0x100026a0000 cpu 0x10da00000 (top-of-stack)
[mtlr] resource2 sel8 flags 470 sz 0x100000 -> kr 0x00000000 rid 122 GPUVA 0x100027a8000 cpu 10b160000
[mtlr]   out: 00000100027a8000 000000010b160000 0000000102749b80 0000000000000000
[mtlr]   out: 0000007a00000000 0000000000100000 00000002b1b5b450 0000000000361659
[uatrec] S4 r13 victim[3] rid 122 gpuva 0x100027a8000 cpu 0x10b160000 (top-of-stack)
[mtlr] resource2 sel8 flags 470 sz 0x100000 -> kr 0x00000000 rid 123 GPUVA 0x100028b0000 cpu 10b260000
[mtlr]   out: 00000100028b0000 000000010b260000 0000000102749c40 0000000000000000
[mtlr]   out: 0000007b00000000 0000000000100000 00000002b1b5b456 000000000036165a
[uatrec] S4 r13 victim[4] rid 123 gpuva 0x100028b0000 cpu 0x10b260000 (top-of-stack)
[mtlr] resource2 sel8 flags 470 sz 0x100000 -> kr 0x00000000 rid 124 GPUVA 0x100029b8000 cpu 10b360000
[mtlr]   out: 00000100029b8000 000000010b360000 0000000102749d00 0000000000000000
[mtlr]   out: 0000007c00000000 0000000000100000 00000002b1b5b459 000000000036165b
[uatrec] S4 r13 victim[5] rid 124 gpuva 0x100029b8000 cpu 0x10b360000 (top-of-stack)
[mtlr] resource2 sel8 flags 470 sz 0x100000 -> kr 0x00000000 rid 125 GPUVA 0x10002ac0000 cpu 10b460000
[mtlr]   out: 0000010002ac0000 000000010b460000 0000000102749dc0 0000000000000000
[mtlr]   out: 0000007d00000000 0000000000100000 00000002b1b5b45a 000000000036165c
[uatrec] S4 r13 victim[6] rid 125 gpuva 0x10002ac0000 cpu 0x10b460000 (top-of-stack)
[mtlr] resource2 sel8 flags 470 sz 0x100000 -> kr 0x00000000 rid 126 GPUVA 0x10002bc8000 cpu 10b560000
[mtlr]   out: 0000010002bc8000 000000010b560000 0000000102749e80 0000000000000000
[mtlr]   out: 0000007e00000000 0000000000100000 00000002b1b5b45b 000000000036165d
[uatrec] S4 r13 victim[7] rid 126 gpuva 0x10002bc8000 cpu 0x10b560000 (top-of-stack)
[mtlr] resource2 sel8 flags 470 sz 0x1000 -> kr 0x00000000 rid 119 GPUVA 0x10002490000 cpu 10b660000
[mtlr]   out: 0000010002490000 000000010b660000 0000000102749940 0000000000000000
[mtlr]   out: 0000007700000000 0000000000004000 00000002b1b5b477 0000000000361667
[mtlr] resource2 sel8 flags 470 sz 0x1000 -> kr 0x00000000 rid 119 GPUVA 0x10002490000 cpu 10b660000
[mtlr]   out: 0000010002490000 000000010b660000 0000000102749940 0000000000000000
[mtlr]   out: 0000007700000000 0000000000004000 00000002b1b5b478 0000000000361668
[mtlr] resource2 sel8 flags 470 sz 0x1000 -> kr 0x00000000 rid 119 GPUVA 0x10002490000 cpu 10b660000
[mtlr]   out: 0000010002490000 000000010b660000 0000000102749940 0000000000000000
[mtlr]   out: 0000007700000000 0000000000004000 00000002b1b5b479 0000000000361669
[mtlr] resource2 sel8 flags 470 sz 0x1000 -> kr 0x00000000 rid 119 GPUVA 0x10002490000 cpu 10b660000
[mtlr]   out: 0000010002490000 000000010b660000 0000000102749940 0000000000000000
[mtlr]   out: 0000007700000000 0000000000004000 00000002b1b5b47a 000000000036166a
[mtlr] resource2 sel8 flags 470 sz 0x1000 -> kr 0x00000000 rid 119 GPUVA 0x10002490000 cpu 10b660000
[mtlr]   out: 0000010002490000 000000010b660000 0000000102749940 0000000000000000
[mtlr]   out: 0000007700000000 0000000000004000 00000002b1b5b47b 000000000036166b
[mtlr] resource2 sel8 flags 470 sz 0x1000 -> kr 0x00000000 rid 119 GPUVA 0x10002490000 cpu 10b660000
[mtlr]   out: 0000010002490000 000000010b660000 0000000102749940 0000000000000000
[mtlr]   out: 0000007700000000 0000000000004000 00000002b1b5b47c 000000000036166c
[mtlr] resource2 sel8 flags 470 sz 0x1000 -> kr 0x00000000 rid 119 GPUVA 0x10002490000 cpu 10b660000
[mtlr]   out: 0000010002490000 000000010b660000 0000000102749940 0000000000000000
[mtlr]   out: 0000007700000000 0000000000004000 00000002b1b5b47d 000000000036166d
[mtlr] resource2 sel8 flags 470 sz 0x1000 -> kr 0x00000000 rid 119 GPUVA 0x10002490000 cpu 10b660000
[mtlr]   out: 0000010002490000 000000010b660000 0000000102749940 0000000000000000
[mtlr]   out: 0000007700000000 0000000000004000 00000002b1b5b47e 000000000036166e
[mtlr] resource2 sel8 flags 470 sz 0x1000 -> kr 0x00000000 rid 119 GPUVA 0x10002490000 cpu 10b660000
[mtlr]   out: 0000010002490000 000000010b660000 0000000102749940 0000000000000000
[mtlr]   out: 0000007700000000 0000000000004000 00000002b1b5b47f 000000000036166f
[mtlr] resource2 sel8 flags 470 sz 0x1000 -> kr 0x00000000 rid 119 GPUVA 0x10002490000 cpu 10b660000
[mtlr]   out: 0000010002490000 000000010b660000 0000000102749940 0000000000000000
[mtlr]   out: 0000007700000000 0000000000004000 00000002b1b5b480 0000000000361670
[mtlr] resource2 sel8 flags 470 sz 0x1000 -> kr 0x00000000 rid 119 GPUVA 0x10002490000 cpu 10b660000
[mtlr]   out: 0000010002490000 000000010b660000 0000000102749940 0000000000000000
[mtlr]   out: 0000007700000000 0000000000004000 00000002b1b5b481 0000000000361671
[mtlr] resource2 sel8 flags 470 sz 0x1000 -> kr 0x00000000 rid 119 GPUVA 0x10002490000 cpu 10b660000
[mtlr]   out: 0000010002490000 000000010b660000 0000000102749940 0000000000000000
[mtlr]   out: 0000007700000000 0000000000004000 00000002b1b5b482 0000000000361672
[mtlr] resource2 sel8 flags 470 sz 0x1000 -> kr 0x00000000 rid 119 GPUVA 0x10002490000 cpu 10b660000
[mtlr]   out: 0000010002490000 000000010b660000 0000000102749940 0000000000000000
[mtlr]   out: 0000007700000000 0000000000004000 00000002b1b5b483 0000000000361673
[mtlr] resource2 sel8 flags 470 sz 0x1000 -> kr 0x00000000 rid 119 GPUVA 0x10002490000 cpu 10b660000
[mtlr]   out: 0000010002490000 000000010b660000 0000000102749940 0000000000000000
[mtlr]   out: 0000007700000000 0000000000004000 00000002b1b5b484 0000000000361674
[mtlr] resource2 sel8 flags 470 sz 0x1000 -> kr 0x00000000 rid 119 GPUVA 0x10002490000 cpu 10b660000
[mtlr]   out: 0000010002490000 000000010b660000 0000000102749940 0000000000000000
[mtlr]   out: 0000007700000000 0000000000004000 00000002b1b5b485 0000000000361675
[mtlr] resource2 sel8 flags 470 sz 0x1000 -> kr 0x00000000 rid 119 GPUVA 0x10002490000 cpu 10b660000
[mtlr]   out: 0000010002490000 000000010b660000 0000000102749940 0000000000000000
[mtlr]   out: 0000007700000000 0000000000004000 00000002b1b5b486 0000000000361676
[mtlr] resource2 sel8 flags 470 sz 0x1000 -> kr 0x00000000 rid 119 GPUVA 0x10002490000 cpu 10b660000
[mtlr]   out: 0000010002490000 000000010b660000 0000000102749940 0000000000000000
[mtlr]   out: 0000007700000000 0000000000004000 00000002b1b5b487 0000000000361677
[mtlr] resource2 sel8 flags 470 sz 0x1000 -> kr 0x00000000 rid 119 GPUVA 0x10002490000 cpu 10b660000
[mtlr]   out: 0000010002490000 000000010b660000 0000000102749940 0000000000000000
[mtlr]   out: 0000007700000000 0000000000004000 00000002b1b5b488 0000000000361678
[mtlr] resource2 sel8 flags 470 sz 0x1000 -> kr 0x00000000 rid 119 GPUVA 0x10002490000 cpu 10b660000
[mtlr]   out: 0000010002490000 000000010b660000 0000000102749940 0000000000000000
[mtlr]   out: 0000007700000000 0000000000004000 00000002b1b5b489 0000000000361679
[mtlr] resource2 sel8 flags 470 sz 0x1000 -> kr 0x00000000 rid 119 GPUVA 0x10002490000 cpu 10b660000
[mtlr]   out: 0000010002490000 000000010b660000 0000000102749940 0000000000000000
[mtlr]   out: 0000007700000000 0000000000004000 00000002b1b5b48a 000000000036167a
[mtlr] resource2 sel8 flags 470 sz 0x1000 -> kr 0x00000000 rid 119 GPUVA 0x10002490000 cpu 10b660000
[mtlr]   out: 0000010002490000 000000010b660000 0000000102749940 0000000000000000
[mtlr]   out: 0000007700000000 0000000000004000 00000002b1b5b48b 000000000036167b
[mtlr] resource2 sel8 flags 470 sz 0x1000 -> kr 0x00000000 rid 119 GPUVA 0x10002490000 cpu 10b660000
[mtlr]   out: 0000010002490000 000000010b660000 0000000102749940 0000000000000000
[mtlr]   out: 0000007700000000 0000000000004000 00000002b1b5b48c 000000000036167c
[mtlr] resource2 sel8 flags 470 sz 0x1000 -> kr 0x00000000 rid 119 GPUVA 0x10002490000 cpu 10b660000
[mtlr]   out: 0000010002490000 000000010b660000 0000000102749940 0000000000000000
[mtlr]   out: 0000007700000000 0000000000004000 00000002b1b5b48d 000000000036167d
[mtlr] resource2 sel8 flags 470 sz 0x1000 -> kr 0x00000000 rid 119 GPUVA 0x10002490000 cpu 10b660000
[mtlr]   out: 0000010002490000 000000010b660000 0000000102749940 0000000000000000
[mtlr]   out: 0000007700000000 0000000000004000 00000002b1b5b48e 000000000036167e
[mtlr] resource2 sel8 flags 470 sz 0x1000 -> kr 0x00000000 rid 119 GPUVA 0x10002490000 cpu 10b660000
[mtlr]   out: 0000010002490000 000000010b660000 0000000102749940 0000000000000000
[mtlr]   out: 0000007700000000 0000000000004000 00000002b1b5b48f 000000000036167f
[mtlr] resource2 sel8 flags 470 sz 0x1000 -> kr 0x00000000 rid 119 GPUVA 0x10002490000 cpu 10b660000
[mtlr]   out: 0000010002490000 000000010b660000 0000000102749940 0000000000000000
[mtlr]   out: 0000007700000000 0000000000004000 00000002b1b5b490 0000000000361680
[mtlr] resource2 sel8 flags 470 sz 0x1000 -> kr 0x00000000 rid 119 GPUVA 0x10002490000 cpu 10b660000
[mtlr]   out: 0000010002490000 000000010b660000 0000000102749940 0000000000000000
[mtlr]   out: 0000007700000000 0000000000004000 00000002b1b5b491 0000000000361681
[mtlr] resource2 sel8 flags 470 sz 0x1000 -> kr 0x00000000 rid 119 GPUVA 0x10002490000 cpu 10b660000
[mtlr]   out: 0000010002490000 000000010b660000 0000000102749940 0000000000000000
[mtlr]   out: 0000007700000000 0000000000004000 00000002b1b5b492 0000000000361682
[mtlr] resource2 sel8 flags 470 sz 0x1000 -> kr 0x00000000 rid 119 GPUVA 0x10002490000 cpu 10b660000
[mtlr]   out: 0000010002490000 000000010b660000 0000000102749940 0000000000000000
[mtlr]   out: 0000007700000000 0000000000004000 00000002b1b5b493 0000000000361683
[mtlr] resource2 sel8 flags 470 sz 0x1000 -> kr 0x00000000 rid 119 GPUVA 0x10002490000 cpu 10b660000
[mtlr]   out: 0000010002490000 000000010b660000 0000000102749940 0000000000000000
[mtlr]   out: 0000007700000000 0000000000004000 00000002b1b5b494 0000000000361684
[mtlr] resource2 sel8 flags 470 sz 0x1000 -> kr 0x00000000 rid 119 GPUVA 0x10002490000 cpu 10b660000
[mtlr]   out: 0000010002490000 000000010b660000 0000000102749940 0000000000000000
[mtlr]   out: 0000007700000000 0000000000004000 00000002b1b5b495 0000000000361685
[mtlr] resource2 sel8 flags 470 sz 0x1000 -> kr 0x00000000 rid 119 GPUVA 0x10002490000 cpu 10b660000
[mtlr]   out: 0000010002490000 000000010b660000 0000000102749940 0000000000000000
[mtlr]   out: 0000007700000000 0000000000004000 00000002b1b5b496 0000000000361686
[mtlr] resource2 sel8 flags 470 sz 0x1000 -> kr 0x00000000 rid 119 GPUVA 0x10002490000 cpu 10b660000
[mtlr]   out: 0000010002490000 000000010b660000 0000000102749940 0000000000000000
[mtlr]   out: 0000007700000000 0000000000004000 00000002b1b5b497 0000000000361687
[mtlr] resource2 sel8 flags 470 sz 0x1000 -> kr 0x00000000 rid 119 GPUVA 0x10002490000 cpu 10b660000
[mtlr]   out: 0000010002490000 000000010b660000 0000000102749940 0000000000000000
[mtlr]   out: 0000007700000000 0000000000004000 00000002b1b5b498 0000000000361688
[mtlr] resource2 sel8 flags 470 sz 0x1000 -> kr 0x00000000 rid 119 GPUVA 0x10002490000 cpu 10b660000
[mtlr]   out: 0000010002490000 000000010b660000 0000000102749940 0000000000000000
[mtlr]   out: 0000007700000000 0000000000004000 00000002b1b5b499 0000000000361689
[mtlr] resource2 sel8 flags 470 sz 0x1000 -> kr 0x00000000 rid 119 GPUVA 0x10002490000 cpu 10b660000
[mtlr]   out: 0000010002490000 000000010b660000 0000000102749940 0000000000000000
[mtlr]   out: 0000007700000000 0000000000004000 00000002b1b5b49a 000000000036168a
[mtlr] resource2 sel8 flags 470 sz 0x1000 -> kr 0x00000000 rid 119 GPUVA 0x10002490000 cpu 10b660000
[mtlr]   out: 0000010002490000 000000010b660000 0000000102749940 0000000000000000
[mtlr]   out: 0000007700000000 0000000000004000 00000002b1b5b49b 000000000036168b
[mtlr] resource2 sel8 flags 470 sz 0x1000 -> kr 0x00000000 rid 119 GPUVA 0x10002490000 cpu 10b660000
[mtlr]   out: 0000010002490000 000000010b660000 0000000102749940 0000000000000000
[mtlr]   out: 0000007700000000 0000000000004000 00000002b1b5b49c 000000000036168c
[mtlr] resource2 sel8 flags 470 sz 0x1000 -> kr 0x00000000 rid 119 GPUVA 0x10002490000 cpu 10b660000
[mtlr]   out: 0000010002490000 000000010b660000 0000000102749940 0000000000000000
[mtlr]   out: 0000007700000000 0000000000004000 00000002b1b5b49d 000000000036168d
[mtlr] resource2 sel8 flags 470 sz 0x1000 -> kr 0x00000000 rid 119 GPUVA 0x10002490000 cpu 10b660000
[mtlr]   out: 0000010002490000 000000010b660000 0000000102749940 0000000000000000
[mtlr]   out: 0000007700000000 0000000000004000 00000002b1b5b49e 000000000036168e
[uatrec] S4 r13 (+1s): nvv 8 ncb 8 vsz 0x100000 destroy0 kr 0x00000000 nj 40
[uatrec] S4 r13 blit[0] slots 10 ridp 1
[uatrec] S4 r13 blit[1] slots 10 ridp 1
[uatrec] S4 r13 blit[2] slots 10 ridp 1
[uatrec] S4 r13 blit[3] slots 10 ridp 1
[uatrec] S4 r13 blit[4] slots 10 ridp 1
[uatrec] S4 r13 blit[5] slots 10 ridp 1
[uatrec] S4 r13 blit[6] slots 10 ridp 1
[uatrec] S4 r13 blit[7] slots 10 ridp 1
[mtlr] resource2 sel8 flags 470 sz 0x100000 -> kr 0x00000000 rid 119 GPUVA 0x10002490000 cpu 10b160000
[mtlr]   out: 0000010002490000 000000010b160000 0000000102749940 0000000000000000
[mtlr]   out: 0000007700000000 0000000000100000 00000002b1b5b4c0 0000000000361691
[uatrec] S4 r14 victim[0] rid 119 gpuva 0x10002490000 cpu 0x10b160000 (top-of-stack)
[mtlr] resource2 sel8 flags 470 sz 0x100000 -> kr 0x00000000 rid 120 GPUVA 0x10002598000 cpu 10b260000
[mtlr]   out: 0000010002598000 000000010b260000 0000000102749a00 0000000000000000
[mtlr]   out: 0000007800000000 0000000000100000 00000002b1b5b4cb 0000000000361692
[uatrec] S4 r14 victim[1] rid 120 gpuva 0x10002598000 cpu 0x10b260000 (top-of-stack)
[mtlr] resource2 sel8 flags 470 sz 0x100000 -> kr 0x00000000 rid 121 GPUVA 0x100026a0000 cpu 10b360000
[mtlr]   out: 00000100026a0000 000000010b360000 0000000102749ac0 0000000000000000
[mtlr]   out: 0000007900000000 0000000000100000 00000002b1b5b4cc 0000000000361693
[uatrec] S4 r14 victim[2] rid 121 gpuva 0x100026a0000 cpu 0x10b360000 (top-of-stack)
[mtlr] resource2 sel8 flags 470 sz 0x100000 -> kr 0x00000000 rid 122 GPUVA 0x100027a8000 cpu 10b460000
[mtlr]   out: 00000100027a8000 000000010b460000 0000000102749b80 0000000000000000
[mtlr]   out: 0000007a00000000 0000000000100000 00000002b1b5b4cd 0000000000361694
[uatrec] S4 r14 victim[3] rid 122 gpuva 0x100027a8000 cpu 0x10b460000 (top-of-stack)
[mtlr] resource2 sel8 flags 470 sz 0x100000 -> kr 0x00000000 rid 123 GPUVA 0x100028b0000 cpu 10b560000
[mtlr]   out: 00000100028b0000 000000010b560000 0000000102749c40 0000000000000000
[mtlr]   out: 0000007b00000000 0000000000100000 00000002b1b5b4ce 0000000000361695
[uatrec] S4 r14 victim[4] rid 123 gpuva 0x100028b0000 cpu 0x10b560000 (top-of-stack)
[mtlr] resource2 sel8 flags 470 sz 0x100000 -> kr 0x00000000 rid 124 GPUVA 0x100029b8000 cpu 10bc00000
[mtlr]   out: 00000100029b8000 000000010bc00000 0000000102749d00 0000000000000000
[mtlr]   out: 0000007c00000000 0000000000100000 00000002b1b5b4cf 0000000000361696
[uatrec] S4 r14 victim[5] rid 124 gpuva 0x100029b8000 cpu 0x10bc00000 (top-of-stack)
[mtlr] resource2 sel8 flags 470 sz 0x100000 -> kr 0x00000000 rid 125 GPUVA 0x10002ac0000 cpu 10bdc0000
[mtlr]   out: 0000010002ac0000 000000010bdc0000 0000000102749dc0 0000000000000000
[mtlr]   out: 0000007d00000000 0000000000100000 00000002b1b5b4d7 0000000000361697
[uatrec] S4 r14 victim[6] rid 125 gpuva 0x10002ac0000 cpu 0x10bdc0000 (top-of-stack)
[mtlr] resource2 sel8 flags 470 sz 0x100000 -> kr 0x00000000 rid 126 GPUVA 0x10002bc8000 cpu 10bf30000
[mtlr]   out: 0000010002bc8000 000000010bf30000 0000000102749e80 0000000000000000
[mtlr]   out: 0000007e00000000 0000000000100000 00000002b1b5b4d8 0000000000361698
[uatrec] S4 r14 victim[7] rid 126 gpuva 0x10002bc8000 cpu 0x10bf30000 (top-of-stack)
[mtlr] resource2 sel8 flags 470 sz 0x1000 -> kr 0x00000000 rid 119 GPUVA 0x10002490000 cpu 10b660000
[mtlr]   out: 0000010002490000 000000010b660000 0000000102749940 0000000000000000
[mtlr]   out: 0000007700000000 0000000000004000 00000002b1b5b4f4 00000000003616a2
[mtlr] resource2 sel8 flags 470 sz 0x1000 -> kr 0x00000000 rid 119 GPUVA 0x10002490000 cpu 10b660000
[mtlr]   out: 0000010002490000 000000010b660000 0000000102749940 0000000000000000
[mtlr]   out: 0000007700000000 0000000000004000 00000002b1b5b4f5 00000000003616a3
[mtlr] resource2 sel8 flags 470 sz 0x1000 -> kr 0x00000000 rid 119 GPUVA 0x10002490000 cpu 10b660000
[mtlr]   out: 0000010002490000 000000010b660000 0000000102749940 0000000000000000
[mtlr]   out: 0000007700000000 0000000000004000 00000002b1b5b4f6 00000000003616a4
[mtlr] resource2 sel8 flags 470 sz 0x1000 -> kr 0x00000000 rid 119 GPUVA 0x10002490000 cpu 10b660000
[mtlr]   out: 0000010002490000 000000010b660000 0000000102749940 0000000000000000
[mtlr]   out: 0000007700000000 0000000000004000 00000002b1b5b4f7 00000000003616a5
[mtlr] resource2 sel8 flags 470 sz 0x1000 -> kr 0x00000000 rid 119 GPUVA 0x10002490000 cpu 10b660000
[mtlr]   out: 0000010002490000 000000010b660000 0000000102749940 0000000000000000
[mtlr]   out: 0000007700000000 0000000000004000 00000002b1b5b4f8 00000000003616a6
[mtlr] resource2 sel8 flags 470 sz 0x1000 -> kr 0x00000000 rid 119 GPUVA 0x10002490000 cpu 10b660000
[mtlr]   out: 0000010002490000 000000010b660000 0000000102749940 0000000000000000
[mtlr]   out: 0000007700000000 0000000000004000 00000002b1b5b4f9 00000000003616a7
[mtlr] resource2 sel8 flags 470 sz 0x1000 -> kr 0x00000000 rid 119 GPUVA 0x10002490000 cpu 10b660000
[mtlr]   out: 0000010002490000 000000010b660000 0000000102749940 0000000000000000
[mtlr]   out: 0000007700000000 0000000000004000 00000002b1b5b4fa 00000000003616a8
[mtlr] resource2 sel8 flags 470 sz 0x1000 -> kr 0x00000000 rid 119 GPUVA 0x10002490000 cpu 10b660000
[mtlr]   out: 0000010002490000 000000010b660000 0000000102749940 0000000000000000
[mtlr]   out: 0000007700000000 0000000000004000 00000002b1b5b4fb 00000000003616a9
[mtlr] resource2 sel8 flags 470 sz 0x1000 -> kr 0x00000000 rid 119 GPUVA 0x10002490000 cpu 10b660000
[mtlr]   out: 0000010002490000 000000010b660000 0000000102749940 0000000000000000
[mtlr]   out: 0000007700000000 0000000000004000 00000002b1b5b4fc 00000000003616aa
[mtlr] resource2 sel8 flags 470 sz 0x1000 -> kr 0x00000000 rid 119 GPUVA 0x10002490000 cpu 10b660000
[mtlr]   out: 0000010002490000 000000010b660000 0000000102749940 0000000000000000
[mtlr]   out: 0000007700000000 0000000000004000 00000002b1b5b4fd 00000000003616ab
[mtlr] resource2 sel8 flags 470 sz 0x1000 -> kr 0x00000000 rid 119 GPUVA 0x10002490000 cpu 10b660000
[mtlr]   out: 0000010002490000 000000010b660000 0000000102749940 0000000000000000
[mtlr]   out: 0000007700000000 0000000000004000 00000002b1b5b4fe 00000000003616ac
[mtlr] resource2 sel8 flags 470 sz 0x1000 -> kr 0x00000000 rid 119 GPUVA 0x10002490000 cpu 10b660000
[mtlr]   out: 0000010002490000 000000010b660000 0000000102749940 0000000000000000
[mtlr]   out: 0000007700000000 0000000000004000 00000002b1b5b4ff 00000000003616ad
[mtlr] resource2 sel8 flags 470 sz 0x1000 -> kr 0x00000000 rid 119 GPUVA 0x10002490000 cpu 10b660000
[mtlr]   out: 0000010002490000 000000010b660000 0000000102749940 0000000000000000
[mtlr]   out: 0000007700000000 0000000000004000 00000002b1b5b500 00000000003616ae
[mtlr] resource2 sel8 flags 470 sz 0x1000 -> kr 0x00000000 rid 119 GPUVA 0x10002490000 cpu 10b660000
[mtlr]   out: 0000010002490000 000000010b660000 0000000102749940 0000000000000000
[mtlr]   out: 0000007700000000 0000000000004000 00000002b1b5b501 00000000003616af
[mtlr] resource2 sel8 flags 470 sz 0x1000 -> kr 0x00000000 rid 119 GPUVA 0x10002490000 cpu 10b660000
[mtlr]   out: 0000010002490000 000000010b660000 0000000102749940 0000000000000000
[mtlr]   out: 0000007700000000 0000000000004000 00000002b1b5b502 00000000003616b0
[mtlr] resource2 sel8 flags 470 sz 0x1000 -> kr 0x00000000 rid 119 GPUVA 0x10002490000 cpu 10b660000
[mtlr]   out: 0000010002490000 000000010b660000 0000000102749940 0000000000000000
[mtlr]   out: 0000007700000000 0000000000004000 00000002b1b5b503 00000000003616b1
[mtlr] resource2 sel8 flags 470 sz 0x1000 -> kr 0x00000000 rid 119 GPUVA 0x10002490000 cpu 10b660000
[mtlr]   out: 0000010002490000 000000010b660000 0000000102749940 0000000000000000
[mtlr]   out: 0000007700000000 0000000000004000 00000002b1b5b504 00000000003616b2
[mtlr] resource2 sel8 flags 470 sz 0x1000 -> kr 0x00000000 rid 119 GPUVA 0x10002490000 cpu 10b660000
[mtlr]   out: 0000010002490000 000000010b660000 0000000102749940 0000000000000000
[mtlr]   out: 0000007700000000 0000000000004000 00000002b1b5b505 00000000003616b3
[mtlr] resource2 sel8 flags 470 sz 0x1000 -> kr 0x00000000 rid 119 GPUVA 0x10002490000 cpu 10b660000
[mtlr]   out: 0000010002490000 000000010b660000 0000000102749940 0000000000000000
[mtlr]   out: 0000007700000000 0000000000004000 00000002b1b5b506 00000000003616b4
[mtlr] resource2 sel8 flags 470 sz 0x1000 -> kr 0x00000000 rid 119 GPUVA 0x10002490000 cpu 10b660000
[mtlr]   out: 0000010002490000 000000010b660000 0000000102749940 0000000000000000
[mtlr]   out: 0000007700000000 0000000000004000 00000002b1b5b507 00000000003616b5
[mtlr] resource2 sel8 flags 470 sz 0x1000 -> kr 0x00000000 rid 119 GPUVA 0x10002490000 cpu 10b660000
[mtlr]   out: 0000010002490000 000000010b660000 0000000102749940 0000000000000000
[mtlr]   out: 0000007700000000 0000000000004000 00000002b1b5b508 00000000003616b6
[mtlr] resource2 sel8 flags 470 sz 0x1000 -> kr 0x00000000 rid 119 GPUVA 0x10002490000 cpu 10b660000
[mtlr]   out: 0000010002490000 000000010b660000 0000000102749940 0000000000000000
[mtlr]   out: 0000007700000000 0000000000004000 00000002b1b5b509 00000000003616b7
[mtlr] resource2 sel8 flags 470 sz 0x1000 -> kr 0x00000000 rid 119 GPUVA 0x10002490000 cpu 10b660000
[mtlr]   out: 0000010002490000 000000010b660000 0000000102749940 0000000000000000
[mtlr]   out: 0000007700000000 0000000000004000 00000002b1b5b50a 00000000003616b8
[mtlr] resource2 sel8 flags 470 sz 0x1000 -> kr 0x00000000 rid 119 GPUVA 0x10002490000 cpu 10b660000
[mtlr]   out: 0000010002490000 000000010b660000 0000000102749940 0000000000000000
[mtlr]   out: 0000007700000000 0000000000004000 00000002b1b5b50b 00000000003616b9
[mtlr] resource2 sel8 flags 470 sz 0x1000 -> kr 0x00000000 rid 119 GPUVA 0x10002490000 cpu 10b660000
[mtlr]   out: 0000010002490000 000000010b660000 0000000102749940 0000000000000000
[mtlr]   out: 0000007700000000 0000000000004000 00000002b1b5b50c 00000000003616ba
[mtlr] resource2 sel8 flags 470 sz 0x1000 -> kr 0x00000000 rid 119 GPUVA 0x10002490000 cpu 10b660000
[mtlr]   out: 0000010002490000 000000010b660000 0000000102749940 0000000000000000
[mtlr]   out: 0000007700000000 0000000000004000 00000002b1b5b50d 00000000003616bb
[mtlr] resource2 sel8 flags 470 sz 0x1000 -> kr 0x00000000 rid 119 GPUVA 0x10002490000 cpu 10b660000
[mtlr]   out: 0000010002490000 000000010b660000 0000000102749940 0000000000000000
[mtlr]   out: 0000007700000000 0000000000004000 00000002b1b5b50e 00000000003616bc
[mtlr] resource2 sel8 flags 470 sz 0x1000 -> kr 0x00000000 rid 119 GPUVA 0x10002490000 cpu 10b660000
[mtlr]   out: 0000010002490000 000000010b660000 0000000102749940 0000000000000000
[mtlr]   out: 0000007700000000 0000000000004000 00000002b1b5b50f 00000000003616bd
[mtlr] resource2 sel8 flags 470 sz 0x1000 -> kr 0x00000000 rid 119 GPUVA 0x10002490000 cpu 10b660000
[mtlr]   out: 0000010002490000 000000010b660000 0000000102749940 0000000000000000
[mtlr]   out: 0000007700000000 0000000000004000 00000002b1b5b510 00000000003616be
[mtlr] resource2 sel8 flags 470 sz 0x1000 -> kr 0x00000000 rid 119 GPUVA 0x10002490000 cpu 10b660000
[mtlr]   out: 0000010002490000 000000010b660000 0000000102749940 0000000000000000
[mtlr]   out: 0000007700000000 0000000000004000 00000002b1b5b511 00000000003616bf
[mtlr] resource2 sel8 flags 470 sz 0x1000 -> kr 0x00000000 rid 119 GPUVA 0x10002490000 cpu 10b660000
[mtlr]   out: 0000010002490000 000000010b660000 0000000102749940 0000000000000000
[mtlr]   out: 0000007700000000 0000000000004000 00000002b1b5b512 00000000003616c0
[mtlr] resource2 sel8 flags 470 sz 0x1000 -> kr 0x00000000 rid 119 GPUVA 0x10002490000 cpu 10b660000
[mtlr]   out: 0000010002490000 000000010b660000 0000000102749940 0000000000000000
[mtlr]   out: 0000007700000000 0000000000004000 00000002b1b5b513 00000000003616c1
[mtlr] resource2 sel8 flags 470 sz 0x1000 -> kr 0x00000000 rid 119 GPUVA 0x10002490000 cpu 10b660000
[mtlr]   out: 0000010002490000 000000010b660000 0000000102749940 0000000000000000
[mtlr]   out: 0000007700000000 0000000000004000 00000002b1b5b514 00000000003616c2
[mtlr] resource2 sel8 flags 470 sz 0x1000 -> kr 0x00000000 rid 119 GPUVA 0x10002490000 cpu 10b660000
[mtlr]   out: 0000010002490000 000000010b660000 0000000102749940 0000000000000000
[mtlr]   out: 0000007700000000 0000000000004000 00000002b1b5b515 00000000003616c3
[mtlr] resource2 sel8 flags 470 sz 0x1000 -> kr 0x00000000 rid 119 GPUVA 0x10002490000 cpu 10b660000
[mtlr]   out: 0000010002490000 000000010b660000 0000000102749940 0000000000000000
[mtlr]   out: 0000007700000000 0000000000004000 00000002b1b5b516 00000000003616c4
[mtlr] resource2 sel8 flags 470 sz 0x1000 -> kr 0x00000000 rid 119 GPUVA 0x10002490000 cpu 10b660000
[mtlr]   out: 0000010002490000 000000010b660000 0000000102749940 0000000000000000
[mtlr]   out: 0000007700000000 0000000000004000 00000002b1b5b517 00000000003616c5
[mtlr] resource2 sel8 flags 470 sz 0x1000 -> kr 0x00000000 rid 119 GPUVA 0x10002490000 cpu 10b660000
[mtlr]   out: 0000010002490000 000000010b660000 0000000102749940 0000000000000000
[mtlr]   out: 0000007700000000 0000000000004000 00000002b1b5b518 00000000003616c6
[mtlr] resource2 sel8 flags 470 sz 0x1000 -> kr 0x00000000 rid 119 GPUVA 0x10002490000 cpu 10b660000
[mtlr]   out: 0000010002490000 000000010b660000 0000000102749940 0000000000000000
[mtlr]   out: 0000007700000000 0000000000004000 00000002b1b5b519 00000000003616c7
[mtlr] resource2 sel8 flags 470 sz 0x1000 -> kr 0x00000000 rid 119 GPUVA 0x10002490000 cpu 10b660000
[mtlr]   out: 0000010002490000 000000010b660000 0000000102749940 0000000000000000
[mtlr]   out: 0000007700000000 0000000000004000 00000002b1b5b51a 00000000003616c8
[mtlr] resource2 sel8 flags 470 sz 0x1000 -> kr 0x00000000 rid 119 GPUVA 0x10002490000 cpu 10b660000
[mtlr]   out: 0000010002490000 000000010b660000 0000000102749940 0000000000000000
[mtlr]   out: 0000007700000000 0000000000004000 00000002b1b5b51b 00000000003616c9
[uatrec] S4 r14 (+1s): nvv 8 ncb 8 vsz 0x100000 destroy0 kr 0x00000000 nj 40
[uatrec] S4 r14 blit[0] slots 10 ridp 1
[uatrec] S4 r14 blit[1] slots 10 ridp 1
[uatrec] S4 r14 blit[2] slots 10 ridp 1
[uatrec] S4 r14 blit[3] slots 10 ridp 1
[uatrec] S4 r14 blit[4] slots 10 ridp 1
[uatrec] S4 r14 blit[5] slots 10 ridp 1
[uatrec] S4 r14 blit[6] slots 10 ridp 1
[uatrec] S4 r14 blit[7] slots 10 ridp 1
[mtlr] resource2 sel8 flags 470 sz 0x100000 -> kr 0x00000000 rid 119 GPUVA 0x10002490000 cpu 10d800000
[mtlr]   out: 0000010002490000 000000010d800000 0000000102749940 0000000000000000
[mtlr]   out: 0000007700000000 0000000000100000 00000002b1b5b53d 00000000003616cc
[uatrec] S4 r15 victim[0] rid 119 gpuva 0x10002490000 cpu 0x10d800000 (top-of-stack)
[mtlr] resource2 sel8 flags 470 sz 0x100000 -> kr 0x00000000 rid 120 GPUVA 0x10002598000 cpu 10d900000
[mtlr]   out: 0000010002598000 000000010d900000 0000000102749a00 0000000000000000
[mtlr]   out: 0000007800000000 0000000000100000 00000002b1b5b548 00000000003616cd
[uatrec] S4 r15 victim[1] rid 120 gpuva 0x10002598000 cpu 0x10d900000 (top-of-stack)
[mtlr] resource2 sel8 flags 470 sz 0x100000 -> kr 0x00000000 rid 121 GPUVA 0x100026a0000 cpu 10da00000
[mtlr]   out: 00000100026a0000 000000010da00000 0000000102749ac0 0000000000000000
[mtlr]   out: 0000007900000000 0000000000100000 00000002b1b5b549 00000000003616ce
[uatrec] S4 r15 victim[2] rid 121 gpuva 0x100026a0000 cpu 0x10da00000 (top-of-stack)
[mtlr] resource2 sel8 flags 470 sz 0x100000 -> kr 0x00000000 rid 122 GPUVA 0x100027a8000 cpu 10c0a0000
[mtlr]   out: 00000100027a8000 000000010c0a0000 0000000102749b80 0000000000000000
[mtlr]   out: 0000007a00000000 0000000000100000 00000002b1b5b54a 00000000003616cf
[uatrec] S4 r15 victim[3] rid 122 gpuva 0x100027a8000 cpu 0x10c0a0000 (top-of-stack)
[mtlr] resource2 sel8 flags 470 sz 0x100000 -> kr 0x00000000 rid 123 GPUVA 0x100028b0000 cpu 10c1a0000
[mtlr]   out: 00000100028b0000 000000010c1a0000 0000000102749c40 0000000000000000
[mtlr]   out: 0000007b00000000 0000000000100000 00000002b1b5b54b 00000000003616d0
[uatrec] S4 r15 victim[4] rid 123 gpuva 0x100028b0000 cpu 0x10c1a0000 (top-of-stack)
[mtlr] resource2 sel8 flags 470 sz 0x100000 -> kr 0x00000000 rid 124 GPUVA 0x100029b8000 cpu 10b160000
[mtlr]   out: 00000100029b8000 000000010b160000 0000000102749d00 0000000000000000
[mtlr]   out: 0000007c00000000 0000000000100000 00000002b1b5b54c 00000000003616d1
[uatrec] S4 r15 victim[5] rid 124 gpuva 0x100029b8000 cpu 0x10b160000 (top-of-stack)
[mtlr] resource2 sel8 flags 470 sz 0x100000 -> kr 0x00000000 rid 125 GPUVA 0x10002ac0000 cpu 10b260000
[mtlr]   out: 0000010002ac0000 000000010b260000 0000000102749dc0 0000000000000000
[mtlr]   out: 0000007d00000000 0000000000100000 00000002b1b5b54f 00000000003616d2
[uatrec] S4 r15 victim[6] rid 125 gpuva 0x10002ac0000 cpu 0x10b260000 (top-of-stack)
[mtlr] resource2 sel8 flags 470 sz 0x100000 -> kr 0x00000000 rid 126 GPUVA 0x10002bc8000 cpu 10b360000
[mtlr]   out: 0000010002bc8000 000000010b360000 0000000102749e80 0000000000000000
[mtlr]   out: 0000007e00000000 0000000000100000 00000002b1b5b555 00000000003616d3
[uatrec] S4 r15 victim[7] rid 126 gpuva 0x10002bc8000 cpu 0x10b360000 (top-of-stack)
[mtlr] resource2 sel8 flags 470 sz 0x1000 -> kr 0x00000000 rid 119 GPUVA 0x10002490000 cpu 10b660000
[mtlr]   out: 0000010002490000 000000010b660000 0000000102749940 0000000000000000
[mtlr]   out: 0000007700000000 0000000000004000 00000002b1b5b571 00000000003616dd
[mtlr] resource2 sel8 flags 470 sz 0x1000 -> kr 0x00000000 rid 119 GPUVA 0x10002490000 cpu 10b660000
[mtlr]   out: 0000010002490000 000000010b660000 0000000102749940 0000000000000000
[mtlr]   out: 0000007700000000 0000000000004000 00000002b1b5b572 00000000003616de
[mtlr] resource2 sel8 flags 470 sz 0x1000 -> kr 0x00000000 rid 119 GPUVA 0x10002490000 cpu 10b660000
[mtlr]   out: 0000010002490000 000000010b660000 0000000102749940 0000000000000000
[mtlr]   out: 0000007700000000 0000000000004000 00000002b1b5b573 00000000003616df
[mtlr] resource2 sel8 flags 470 sz 0x1000 -> kr 0x00000000 rid 119 GPUVA 0x10002490000 cpu 10b660000
[mtlr]   out: 0000010002490000 000000010b660000 0000000102749940 0000000000000000
[mtlr]   out: 0000007700000000 0000000000004000 00000002b1b5b574 00000000003616e0
[mtlr] resource2 sel8 flags 470 sz 0x1000 -> kr 0x00000000 rid 119 GPUVA 0x10002490000 cpu 10b660000
[mtlr]   out: 0000010002490000 000000010b660000 0000000102749940 0000000000000000
[mtlr]   out: 0000007700000000 0000000000004000 00000002b1b5b575 00000000003616e1
[mtlr] resource2 sel8 flags 470 sz 0x1000 -> kr 0x00000000 rid 119 GPUVA 0x10002490000 cpu 10b660000
[mtlr]   out: 0000010002490000 000000010b660000 0000000102749940 0000000000000000
[mtlr]   out: 0000007700000000 0000000000004000 00000002b1b5b576 00000000003616e2
[mtlr] resource2 sel8 flags 470 sz 0x1000 -> kr 0x00000000 rid 119 GPUVA 0x10002490000 cpu 10b660000
[mtlr]   out: 0000010002490000 000000010b660000 0000000102749940 0000000000000000
[mtlr]   out: 0000007700000000 0000000000004000 00000002b1b5b577 00000000003616e3
[mtlr] resource2 sel8 flags 470 sz 0x1000 -> kr 0x00000000 rid 119 GPUVA 0x10002490000 cpu 10b660000
[mtlr]   out: 0000010002490000 000000010b660000 0000000102749940 0000000000000000
[mtlr]   out: 0000007700000000 0000000000004000 00000002b1b5b578 00000000003616e4
[mtlr] resource2 sel8 flags 470 sz 0x1000 -> kr 0x00000000 rid 119 GPUVA 0x10002490000 cpu 10b660000
[mtlr]   out: 0000010002490000 000000010b660000 0000000102749940 0000000000000000
[mtlr]   out: 0000007700000000 0000000000004000 00000002b1b5b579 00000000003616e5
[mtlr] resource2 sel8 flags 470 sz 0x1000 -> kr 0x00000000 rid 119 GPUVA 0x10002490000 cpu 10b660000
[mtlr]   out: 0000010002490000 000000010b660000 0000000102749940 0000000000000000
[mtlr]   out: 0000007700000000 0000000000004000 00000002b1b5b57a 00000000003616e6
[mtlr] resource2 sel8 flags 470 sz 0x1000 -> kr 0x00000000 rid 119 GPUVA 0x10002490000 cpu 10b660000
[mtlr]   out: 0000010002490000 000000010b660000 0000000102749940 0000000000000000
[mtlr]   out: 0000007700000000 0000000000004000 00000002b1b5b57b 00000000003616e7
[mtlr] resource2 sel8 flags 470 sz 0x1000 -> kr 0x00000000 rid 119 GPUVA 0x10002490000 cpu 10b660000
[mtlr]   out: 0000010002490000 000000010b660000 0000000102749940 0000000000000000
[mtlr]   out: 0000007700000000 0000000000004000 00000002b1b5b57c 00000000003616e8
[mtlr] resource2 sel8 flags 470 sz 0x1000 -> kr 0x00000000 rid 119 GPUVA 0x10002490000 cpu 10b660000
[mtlr]   out: 0000010002490000 000000010b660000 0000000102749940 0000000000000000
[mtlr]   out: 0000007700000000 0000000000004000 00000002b1b5b57d 00000000003616e9
[mtlr] resource2 sel8 flags 470 sz 0x1000 -> kr 0x00000000 rid 119 GPUVA 0x10002490000 cpu 10b660000
[mtlr]   out: 0000010002490000 000000010b660000 0000000102749940 0000000000000000
[mtlr]   out: 0000007700000000 0000000000004000 00000002b1b5b57e 00000000003616ea
[mtlr] resource2 sel8 flags 470 sz 0x1000 -> kr 0x00000000 rid 119 GPUVA 0x10002490000 cpu 10b660000
[mtlr]   out: 0000010002490000 000000010b660000 0000000102749940 0000000000000000
[mtlr]   out: 0000007700000000 0000000000004000 00000002b1b5b57f 00000000003616eb
[mtlr] resource2 sel8 flags 470 sz 0x1000 -> kr 0x00000000 rid 119 GPUVA 0x10002490000 cpu 10b660000
[mtlr]   out: 0000010002490000 000000010b660000 0000000102749940 0000000000000000
[mtlr]   out: 0000007700000000 0000000000004000 00000002b1b5b580 00000000003616ec
[mtlr] resource2 sel8 flags 470 sz 0x1000 -> kr 0x00000000 rid 119 GPUVA 0x10002490000 cpu 10b660000
[mtlr]   out: 0000010002490000 000000010b660000 0000000102749940 0000000000000000
[mtlr]   out: 0000007700000000 0000000000004000 00000002b1b5b581 00000000003616ed
[mtlr] resource2 sel8 flags 470 sz 0x1000 -> kr 0x00000000 rid 119 GPUVA 0x10002490000 cpu 10b660000
[mtlr]   out: 0000010002490000 000000010b660000 0000000102749940 0000000000000000
[mtlr]   out: 0000007700000000 0000000000004000 00000002b1b5b582 00000000003616ee
[mtlr] resource2 sel8 flags 470 sz 0x1000 -> kr 0x00000000 rid 119 GPUVA 0x10002490000 cpu 10b660000
[mtlr]   out: 0000010002490000 000000010b660000 0000000102749940 0000000000000000
[mtlr]   out: 0000007700000000 0000000000004000 00000002b1b5b583 00000000003616ef
[mtlr] resource2 sel8 flags 470 sz 0x1000 -> kr 0x00000000 rid 119 GPUVA 0x10002490000 cpu 10b660000
[mtlr]   out: 0000010002490000 000000010b660000 0000000102749940 0000000000000000
[mtlr]   out: 0000007700000000 0000000000004000 00000002b1b5b584 00000000003616f0
[mtlr] resource2 sel8 flags 470 sz 0x1000 -> kr 0x00000000 rid 119 GPUVA 0x10002490000 cpu 10b660000
[mtlr]   out: 0000010002490000 000000010b660000 0000000102749940 0000000000000000
[mtlr]   out: 0000007700000000 0000000000004000 00000002b1b5b585 00000000003616f1
[mtlr] resource2 sel8 flags 470 sz 0x1000 -> kr 0x00000000 rid 119 GPUVA 0x10002490000 cpu 10b660000
[mtlr]   out: 0000010002490000 000000010b660000 0000000102749940 0000000000000000
[mtlr]   out: 0000007700000000 0000000000004000 00000002b1b5b586 00000000003616f2
[mtlr] resource2 sel8 flags 470 sz 0x1000 -> kr 0x00000000 rid 119 GPUVA 0x10002490000 cpu 10b660000
[mtlr]   out: 0000010002490000 000000010b660000 0000000102749940 0000000000000000
[mtlr]   out: 0000007700000000 0000000000004000 00000002b1b5b587 00000000003616f3
[mtlr] resource2 sel8 flags 470 sz 0x1000 -> kr 0x00000000 rid 119 GPUVA 0x10002490000 cpu 10b660000
[mtlr]   out: 0000010002490000 000000010b660000 0000000102749940 0000000000000000
[mtlr]   out: 0000007700000000 0000000000004000 00000002b1b5b588 00000000003616f4
[mtlr] resource2 sel8 flags 470 sz 0x1000 -> kr 0x00000000 rid 119 GPUVA 0x10002490000 cpu 10b660000
[mtlr]   out: 0000010002490000 000000010b660000 0000000102749940 0000000000000000
[mtlr]   out: 0000007700000000 0000000000004000 00000002b1b5b589 00000000003616f5
[mtlr] resource2 sel8 flags 470 sz 0x1000 -> kr 0x00000000 rid 119 GPUVA 0x10002490000 cpu 10b660000
[mtlr]   out: 0000010002490000 000000010b660000 0000000102749940 0000000000000000
[mtlr]   out: 0000007700000000 0000000000004000 00000002b1b5b58a 00000000003616f6
[mtlr] resource2 sel8 flags 470 sz 0x1000 -> kr 0x00000000 rid 119 GPUVA 0x10002490000 cpu 10b660000
[mtlr]   out: 0000010002490000 000000010b660000 0000000102749940 0000000000000000
[mtlr]   out: 0000007700000000 0000000000004000 00000002b1b5b58b 00000000003616f7
[mtlr] resource2 sel8 flags 470 sz 0x1000 -> kr 0x00000000 rid 119 GPUVA 0x10002490000 cpu 10b660000
[mtlr]   out: 0000010002490000 000000010b660000 0000000102749940 0000000000000000
[mtlr]   out: 0000007700000000 0000000000004000 00000002b1b5b58c 00000000003616f8
[mtlr] resource2 sel8 flags 470 sz 0x1000 -> kr 0x00000000 rid 119 GPUVA 0x10002490000 cpu 10b660000
[mtlr]   out: 0000010002490000 000000010b660000 0000000102749940 0000000000000000
[mtlr]   out: 0000007700000000 0000000000004000 00000002b1b5b58d 00000000003616f9
[mtlr] resource2 sel8 flags 470 sz 0x1000 -> kr 0x00000000 rid 119 GPUVA 0x10002490000 cpu 10b660000
[mtlr]   out: 0000010002490000 000000010b660000 0000000102749940 0000000000000000
[mtlr]   out: 0000007700000000 0000000000004000 00000002b1b5b58e 00000000003616fa
[mtlr] resource2 sel8 flags 470 sz 0x1000 -> kr 0x00000000 rid 119 GPUVA 0x10002490000 cpu 10b660000
[mtlr]   out: 0000010002490000 000000010b660000 0000000102749940 0000000000000000
[mtlr]   out: 0000007700000000 0000000000004000 00000002b1b5b58f 00000000003616fb
[mtlr] resource2 sel8 flags 470 sz 0x1000 -> kr 0x00000000 rid 119 GPUVA 0x10002490000 cpu 10b660000
[mtlr]   out: 0000010002490000 000000010b660000 0000000102749940 0000000000000000
[mtlr]   out: 0000007700000000 0000000000004000 00000002b1b5b590 00000000003616fc
[mtlr] resource2 sel8 flags 470 sz 0x1000 -> kr 0x00000000 rid 119 GPUVA 0x10002490000 cpu 10b660000
[mtlr]   out: 0000010002490000 000000010b660000 0000000102749940 0000000000000000
[mtlr]   out: 0000007700000000 0000000000004000 00000002b1b5b591 00000000003616fd
[mtlr] resource2 sel8 flags 470 sz 0x1000 -> kr 0x00000000 rid 119 GPUVA 0x10002490000 cpu 10b660000
[mtlr]   out: 0000010002490000 000000010b660000 0000000102749940 0000000000000000
[mtlr]   out: 0000007700000000 0000000000004000 00000002b1b5b592 00000000003616fe
[mtlr] resource2 sel8 flags 470 sz 0x1000 -> kr 0x00000000 rid 119 GPUVA 0x10002490000 cpu 10b660000
[mtlr]   out: 0000010002490000 000000010b660000 0000000102749940 0000000000000000
[mtlr]   out: 0000007700000000 0000000000004000 00000002b1b5b593 00000000003616ff
[mtlr] resource2 sel8 flags 470 sz 0x1000 -> kr 0x00000000 rid 119 GPUVA 0x10002490000 cpu 10b660000
[mtlr]   out: 0000010002490000 000000010b660000 0000000102749940 0000000000000000
[mtlr]   out: 0000007700000000 0000000000004000 00000002b1b5b594 0000000000361700
[mtlr] resource2 sel8 flags 470 sz 0x1000 -> kr 0x00000000 rid 119 GPUVA 0x10002490000 cpu 10b660000
[mtlr]   out: 0000010002490000 000000010b660000 0000000102749940 0000000000000000
[mtlr]   out: 0000007700000000 0000000000004000 00000002b1b5b595 0000000000361701
[mtlr] resource2 sel8 flags 470 sz 0x1000 -> kr 0x00000000 rid 119 GPUVA 0x10002490000 cpu 10b660000
[mtlr]   out: 0000010002490000 000000010b660000 0000000102749940 0000000000000000
[mtlr]   out: 0000007700000000 0000000000004000 00000002b1b5b596 0000000000361702
[mtlr] resource2 sel8 flags 470 sz 0x1000 -> kr 0x00000000 rid 119 GPUVA 0x10002490000 cpu 10b660000
[mtlr]   out: 0000010002490000 000000010b660000 0000000102749940 0000000000000000
[mtlr]   out: 0000007700000000 0000000000004000 00000002b1b5b597 0000000000361703
[mtlr] resource2 sel8 flags 470 sz 0x1000 -> kr 0x00000000 rid 119 GPUVA 0x10002490000 cpu 10b660000
[mtlr]   out: 0000010002490000 000000010b660000 0000000102749940 0000000000000000
[mtlr]   out: 0000007700000000 0000000000004000 00000002b1b5b598 0000000000361704
[uatrec] S4 r15 (+1s): nvv 8 ncb 8 vsz 0x100000 destroy0 kr 0x00000000 nj 40
[uatrec] S4 r15 blit[0] slots 10 ridp 1
[uatrec] S4 r15 blit[1] slots 10 ridp 1
[uatrec] S4 r15 blit[2] slots 10 ridp 1
[uatrec] S4 r15 blit[3] slots 10 ridp 1
[uatrec] S4 r15 blit[4] slots 10 ridp 1
[uatrec] S4 r15 blit[5] slots 10 ridp 1
[uatrec] S4 r15 blit[6] slots 10 ridp 1
[uatrec] S4 r15 blit[7] slots 10 ridp 1
[mtlr] resource2 sel8 flags 470 sz 0x100000 -> kr 0x00000000 rid 119 GPUVA 0x10002490000 cpu 10b560000
[mtlr]   out: 0000010002490000 000000010b560000 0000000102749940 0000000000000000
[mtlr]   out: 0000007700000000 0000000000100000 00000002b1b5b5bb 0000000000361707
[uatrec] S4 r16 victim[0] rid 119 gpuva 0x10002490000 cpu 0x10b560000 (top-of-stack)
[mtlr] resource2 sel8 flags 470 sz 0x100000 -> kr 0x00000000 rid 120 GPUVA 0x10002598000 cpu 10bc00000
[mtlr]   out: 0000010002598000 000000010bc00000 0000000102749a00 0000000000000000
[mtlr]   out: 0000007800000000 0000000000100000 00000002b1b5b5c6 0000000000361708
[uatrec] S4 r16 victim[1] rid 120 gpuva 0x10002598000 cpu 0x10bc00000 (top-of-stack)
[mtlr] resource2 sel8 flags 470 sz 0x100000 -> kr 0x00000000 rid 121 GPUVA 0x100026a0000 cpu 10b160000
[mtlr]   out: 00000100026a0000 000000010b160000 0000000102749ac0 0000000000000000
[mtlr]   out: 0000007900000000 0000000000100000 00000002b1b5b5c7 0000000000361709
[uatrec] S4 r16 victim[2] rid 121 gpuva 0x100026a0000 cpu 0x10b160000 (top-of-stack)
[mtlr] resource2 sel8 flags 470 sz 0x100000 -> kr 0x00000000 rid 122 GPUVA 0x100027a8000 cpu 10b260000
[mtlr]   out: 00000100027a8000 000000010b260000 0000000102749b80 0000000000000000
[mtlr]   out: 0000007a00000000 0000000000100000 00000002b1b5b5cf 000000000036170a
[uatrec] S4 r16 victim[3] rid 122 gpuva 0x100027a8000 cpu 0x10b260000 (top-of-stack)
[mtlr] resource2 sel8 flags 470 sz 0x100000 -> kr 0x00000000 rid 123 GPUVA 0x100028b0000 cpu 10b360000
[mtlr]   out: 00000100028b0000 000000010b360000 0000000102749c40 0000000000000000
[mtlr]   out: 0000007b00000000 0000000000100000 00000002b1b5b5d0 000000000036170b
[uatrec] S4 r16 victim[4] rid 123 gpuva 0x100028b0000 cpu 0x10b360000 (top-of-stack)
[mtlr] resource2 sel8 flags 470 sz 0x100000 -> kr 0x00000000 rid 124 GPUVA 0x100029b8000 cpu 10b460000
[mtlr]   out: 00000100029b8000 000000010b460000 0000000102749d00 0000000000000000
[mtlr]   out: 0000007c00000000 0000000000100000 00000002b1b5b5d1 000000000036170c
[uatrec] S4 r16 victim[5] rid 124 gpuva 0x100029b8000 cpu 0x10b460000 (top-of-stack)
[mtlr] resource2 sel8 flags 470 sz 0x100000 -> kr 0x00000000 rid 125 GPUVA 0x10002ac0000 cpu 10bdc0000
[mtlr]   out: 0000010002ac0000 000000010bdc0000 0000000102749dc0 0000000000000000
[mtlr]   out: 0000007d00000000 0000000000100000 00000002b1b5b5d2 000000000036170d
[uatrec] S4 r16 victim[6] rid 125 gpuva 0x10002ac0000 cpu 0x10bdc0000 (top-of-stack)
[mtlr] resource2 sel8 flags 470 sz 0x100000 -> kr 0x00000000 rid 126 GPUVA 0x10002bc8000 cpu 10bf30000
[mtlr]   out: 0000010002bc8000 000000010bf30000 0000000102749e80 0000000000000000
[mtlr]   out: 0000007e00000000 0000000000100000 00000002b1b5b5d3 000000000036170e
[uatrec] S4 r16 victim[7] rid 126 gpuva 0x10002bc8000 cpu 0x10bf30000 (top-of-stack)
[mtlr] resource2 sel8 flags 470 sz 0x1000 -> kr 0x00000000 rid 119 GPUVA 0x10002490000 cpu 10b660000
[mtlr]   out: 0000010002490000 000000010b660000 0000000102749940 0000000000000000
[mtlr]   out: 0000007700000000 0000000000004000 00000002b1b5b5ef 0000000000361718
[mtlr] resource2 sel8 flags 470 sz 0x1000 -> kr 0x00000000 rid 119 GPUVA 0x10002490000 cpu 10b660000
[mtlr]   out: 0000010002490000 000000010b660000 0000000102749940 0000000000000000
[mtlr]   out: 0000007700000000 0000000000004000 00000002b1b5b5f0 0000000000361719
[mtlr] resource2 sel8 flags 470 sz 0x1000 -> kr 0x00000000 rid 119 GPUVA 0x10002490000 cpu 10b660000
[mtlr]   out: 0000010002490000 000000010b660000 0000000102749940 0000000000000000
[mtlr]   out: 0000007700000000 0000000000004000 00000002b1b5b5f1 000000000036171a
[mtlr] resource2 sel8 flags 470 sz 0x1000 -> kr 0x00000000 rid 119 GPUVA 0x10002490000 cpu 10b660000
[mtlr]   out: 0000010002490000 000000010b660000 0000000102749940 0000000000000000
[mtlr]   out: 0000007700000000 0000000000004000 00000002b1b5b5f2 000000000036171b
[mtlr] resource2 sel8 flags 470 sz 0x1000 -> kr 0x00000000 rid 119 GPUVA 0x10002490000 cpu 10b660000
[mtlr]   out: 0000010002490000 000000010b660000 0000000102749940 0000000000000000
[mtlr]   out: 0000007700000000 0000000000004000 00000002b1b5b5f3 000000000036171c
[mtlr] resource2 sel8 flags 470 sz 0x1000 -> kr 0x00000000 rid 119 GPUVA 0x10002490000 cpu 10b660000
[mtlr]   out: 0000010002490000 000000010b660000 0000000102749940 0000000000000000
[mtlr]   out: 0000007700000000 0000000000004000 00000002b1b5b5f4 000000000036171d
[mtlr] resource2 sel8 flags 470 sz 0x1000 -> kr 0x00000000 rid 119 GPUVA 0x10002490000 cpu 10b660000
[mtlr]   out: 0000010002490000 000000010b660000 0000000102749940 0000000000000000
[mtlr]   out: 0000007700000000 0000000000004000 00000002b1b5b5f5 000000000036171e
[mtlr] resource2 sel8 flags 470 sz 0x1000 -> kr 0x00000000 rid 119 GPUVA 0x10002490000 cpu 10b660000
[mtlr]   out: 0000010002490000 000000010b660000 0000000102749940 0000000000000000
[mtlr]   out: 0000007700000000 0000000000004000 00000002b1b5b5f6 000000000036171f
[mtlr] resource2 sel8 flags 470 sz 0x1000 -> kr 0x00000000 rid 119 GPUVA 0x10002490000 cpu 10b660000
[mtlr]   out: 0000010002490000 000000010b660000 0000000102749940 0000000000000000
[mtlr]   out: 0000007700000000 0000000000004000 00000002b1b5b5f7 0000000000361720
[mtlr] resource2 sel8 flags 470 sz 0x1000 -> kr 0x00000000 rid 119 GPUVA 0x10002490000 cpu 10b660000
[mtlr]   out: 0000010002490000 000000010b660000 0000000102749940 0000000000000000
[mtlr]   out: 0000007700000000 0000000000004000 00000002b1b5b5f8 0000000000361721
[mtlr] resource2 sel8 flags 470 sz 0x1000 -> kr 0x00000000 rid 119 GPUVA 0x10002490000 cpu 10b660000
[mtlr]   out: 0000010002490000 000000010b660000 0000000102749940 0000000000000000
[mtlr]   out: 0000007700000000 0000000000004000 00000002b1b5b5f9 0000000000361722
[mtlr] resource2 sel8 flags 470 sz 0x1000 -> kr 0x00000000 rid 119 GPUVA 0x10002490000 cpu 10b660000
[mtlr]   out: 0000010002490000 000000010b660000 0000000102749940 0000000000000000
[mtlr]   out: 0000007700000000 0000000000004000 00000002b1b5b5fa 0000000000361723
[mtlr] resource2 sel8 flags 470 sz 0x1000 -> kr 0x00000000 rid 119 GPUVA 0x10002490000 cpu 10b660000
[mtlr]   out: 0000010002490000 000000010b660000 0000000102749940 0000000000000000
[mtlr]   out: 0000007700000000 0000000000004000 00000002b1b5b5fb 0000000000361724
[mtlr] resource2 sel8 flags 470 sz 0x1000 -> kr 0x00000000 rid 119 GPUVA 0x10002490000 cpu 10b660000
[mtlr]   out: 0000010002490000 000000010b660000 0000000102749940 0000000000000000
[mtlr]   out: 0000007700000000 0000000000004000 00000002b1b5b5fc 0000000000361725
[mtlr] resource2 sel8 flags 470 sz 0x1000 -> kr 0x00000000 rid 119 GPUVA 0x10002490000 cpu 10b660000
[mtlr]   out: 0000010002490000 000000010b660000 0000000102749940 0000000000000000
[mtlr]   out: 0000007700000000 0000000000004000 00000002b1b5b5fd 0000000000361726
[mtlr] resource2 sel8 flags 470 sz 0x1000 -> kr 0x00000000 rid 119 GPUVA 0x10002490000 cpu 10b660000
[mtlr]   out: 0000010002490000 000000010b660000 0000000102749940 0000000000000000
[mtlr]   out: 0000007700000000 0000000000004000 00000002b1b5b5fe 0000000000361727
[mtlr] resource2 sel8 flags 470 sz 0x1000 -> kr 0x00000000 rid 119 GPUVA 0x10002490000 cpu 10b660000
[mtlr]   out: 0000010002490000 000000010b660000 0000000102749940 0000000000000000
[mtlr]   out: 0000007700000000 0000000000004000 00000002b1b5b5ff 0000000000361728
[mtlr] resource2 sel8 flags 470 sz 0x1000 -> kr 0x00000000 rid 119 GPUVA 0x10002490000 cpu 10b660000
[mtlr]   out: 0000010002490000 000000010b660000 0000000102749940 0000000000000000
[mtlr]   out: 0000007700000000 0000000000004000 00000002b1b5b600 0000000000361729
[mtlr] resource2 sel8 flags 470 sz 0x1000 -> kr 0x00000000 rid 119 GPUVA 0x10002490000 cpu 10b660000
[mtlr]   out: 0000010002490000 000000010b660000 0000000102749940 0000000000000000
[mtlr]   out: 0000007700000000 0000000000004000 00000002b1b5b601 000000000036172a
[mtlr] resource2 sel8 flags 470 sz 0x1000 -> kr 0x00000000 rid 119 GPUVA 0x10002490000 cpu 10b660000
[mtlr]   out: 0000010002490000 000000010b660000 0000000102749940 0000000000000000
[mtlr]   out: 0000007700000000 0000000000004000 00000002b1b5b602 000000000036172b
[mtlr] resource2 sel8 flags 470 sz 0x1000 -> kr 0x00000000 rid 119 GPUVA 0x10002490000 cpu 10b660000
[mtlr]   out: 0000010002490000 000000010b660000 0000000102749940 0000000000000000
[mtlr]   out: 0000007700000000 0000000000004000 00000002b1b5b603 000000000036172c
[mtlr] resource2 sel8 flags 470 sz 0x1000 -> kr 0x00000000 rid 119 GPUVA 0x10002490000 cpu 10b660000
[mtlr]   out: 0000010002490000 000000010b660000 0000000102749940 0000000000000000
[mtlr]   out: 0000007700000000 0000000000004000 00000002b1b5b604 000000000036172d
[mtlr] resource2 sel8 flags 470 sz 0x1000 -> kr 0x00000000 rid 119 GPUVA 0x10002490000 cpu 10b660000
[mtlr]   out: 0000010002490000 000000010b660000 0000000102749940 0000000000000000
[mtlr]   out: 0000007700000000 0000000000004000 00000002b1b5b605 000000000036172e
[mtlr] resource2 sel8 flags 470 sz 0x1000 -> kr 0x00000000 rid 119 GPUVA 0x10002490000 cpu 10b660000
[mtlr]   out: 0000010002490000 000000010b660000 0000000102749940 0000000000000000
[mtlr]   out: 0000007700000000 0000000000004000 00000002b1b5b606 000000000036172f
[mtlr] resource2 sel8 flags 470 sz 0x1000 -> kr 0x00000000 rid 119 GPUVA 0x10002490000 cpu 10b660000
[mtlr]   out: 0000010002490000 000000010b660000 0000000102749940 0000000000000000
[mtlr]   out: 0000007700000000 0000000000004000 00000002b1b5b607 0000000000361730
[mtlr] resource2 sel8 flags 470 sz 0x1000 -> kr 0x00000000 rid 119 GPUVA 0x10002490000 cpu 10b660000
[mtlr]   out: 0000010002490000 000000010b660000 0000000102749940 0000000000000000
[mtlr]   out: 0000007700000000 0000000000004000 00000002b1b5b608 0000000000361731
[mtlr] resource2 sel8 flags 470 sz 0x1000 -> kr 0x00000000 rid 119 GPUVA 0x10002490000 cpu 10b660000
[mtlr]   out: 0000010002490000 000000010b660000 0000000102749940 0000000000000000
[mtlr]   out: 0000007700000000 0000000000004000 00000002b1b5b609 0000000000361732
[mtlr] resource2 sel8 flags 470 sz 0x1000 -> kr 0x00000000 rid 119 GPUVA 0x10002490000 cpu 10b660000
[mtlr]   out: 0000010002490000 000000010b660000 0000000102749940 0000000000000000
[mtlr]   out: 0000007700000000 0000000000004000 00000002b1b5b60a 0000000000361733
[mtlr] resource2 sel8 flags 470 sz 0x1000 -> kr 0x00000000 rid 119 GPUVA 0x10002490000 cpu 10b660000
[mtlr]   out: 0000010002490000 000000010b660000 0000000102749940 0000000000000000
[mtlr]   out: 0000007700000000 0000000000004000 00000002b1b5b60b 0000000000361734
[mtlr] resource2 sel8 flags 470 sz 0x1000 -> kr 0x00000000 rid 119 GPUVA 0x10002490000 cpu 10b660000
[mtlr]   out: 0000010002490000 000000010b660000 0000000102749940 0000000000000000
[mtlr]   out: 0000007700000000 0000000000004000 00000002b1b5b60c 0000000000361735
[mtlr] resource2 sel8 flags 470 sz 0x1000 -> kr 0x00000000 rid 119 GPUVA 0x10002490000 cpu 10b660000
[mtlr]   out: 0000010002490000 000000010b660000 0000000102749940 0000000000000000
[mtlr]   out: 0000007700000000 0000000000004000 00000002b1b5b60d 0000000000361736
[mtlr] resource2 sel8 flags 470 sz 0x1000 -> kr 0x00000000 rid 119 GPUVA 0x10002490000 cpu 10b660000
[mtlr]   out: 0000010002490000 000000010b660000 0000000102749940 0000000000000000
[mtlr]   out: 0000007700000000 0000000000004000 00000002b1b5b60e 0000000000361737
[mtlr] resource2 sel8 flags 470 sz 0x1000 -> kr 0x00000000 rid 119 GPUVA 0x10002490000 cpu 10b660000
[mtlr]   out: 0000010002490000 000000010b660000 0000000102749940 0000000000000000
[mtlr]   out: 0000007700000000 0000000000004000 00000002b1b5b60f 0000000000361738
[mtlr] resource2 sel8 flags 470 sz 0x1000 -> kr 0x00000000 rid 119 GPUVA 0x10002490000 cpu 10b660000
[mtlr]   out: 0000010002490000 000000010b660000 0000000102749940 0000000000000000
[mtlr]   out: 0000007700000000 0000000000004000 00000002b1b5b610 0000000000361739
[mtlr] resource2 sel8 flags 470 sz 0x1000 -> kr 0x00000000 rid 119 GPUVA 0x10002490000 cpu 10b660000
[mtlr]   out: 0000010002490000 000000010b660000 0000000102749940 0000000000000000
[mtlr]   out: 0000007700000000 0000000000004000 00000002b1b5b611 000000000036173a
[mtlr] resource2 sel8 flags 470 sz 0x1000 -> kr 0x00000000 rid 119 GPUVA 0x10002490000 cpu 10b660000
[mtlr]   out: 0000010002490000 000000010b660000 0000000102749940 0000000000000000
[mtlr]   out: 0000007700000000 0000000000004000 00000002b1b5b612 000000000036173b
[mtlr] resource2 sel8 flags 470 sz 0x1000 -> kr 0x00000000 rid 119 GPUVA 0x10002490000 cpu 10b660000
[mtlr]   out: 0000010002490000 000000010b660000 0000000102749940 0000000000000000
[mtlr]   out: 0000007700000000 0000000000004000 00000002b1b5b613 000000000036173c
[mtlr] resource2 sel8 flags 470 sz 0x1000 -> kr 0x00000000 rid 119 GPUVA 0x10002490000 cpu 10b660000
[mtlr]   out: 0000010002490000 000000010b660000 0000000102749940 0000000000000000
[mtlr]   out: 0000007700000000 0000000000004000 00000002b1b5b614 000000000036173d
[mtlr] resource2 sel8 flags 470 sz 0x1000 -> kr 0x00000000 rid 119 GPUVA 0x10002490000 cpu 10b660000
[mtlr]   out: 0000010002490000 000000010b660000 0000000102749940 0000000000000000
[mtlr]   out: 0000007700000000 0000000000004000 00000002b1b5b615 000000000036173e
[mtlr] resource2 sel8 flags 470 sz 0x1000 -> kr 0x00000000 rid 119 GPUVA 0x10002490000 cpu 10b660000
[mtlr]   out: 0000010002490000 000000010b660000 0000000102749940 0000000000000000
[mtlr]   out: 0000007700000000 0000000000004000 00000002b1b5b616 000000000036173f
[uatrec] S4 r16 (+1s): nvv 8 ncb 8 vsz 0x100000 destroy0 kr 0x00000000 nj 40
[uatrec] S4 r16 blit[0] slots 10 ridp 1
[uatrec] S4 r16 blit[1] slots 10 ridp 1
[uatrec] S4 r16 blit[2] slots 10 ridp 1
[uatrec] S4 r16 blit[3] slots 10 ridp 1
[uatrec] S4 r16 blit[4] slots 10 ridp 1
[uatrec] S4 r16 blit[5] slots 10 ridp 1
[uatrec] S4 r16 blit[6] slots 10 ridp 1
[uatrec] S4 r16 blit[7] slots 10 ridp 1
[mtlr] resource2 sel8 flags 470 sz 0x100000 -> kr 0x00000000 rid 119 GPUVA 0x10002490000 cpu 10b160000
[mtlr]   out: 0000010002490000 000000010b160000 0000000102749940 0000000000000000
[mtlr]   out: 0000007700000000 0000000000100000 00000002b1b5b642 0000000000361742
[uatrec] S4 r17 victim[0] rid 119 gpuva 0x10002490000 cpu 0x10b160000 (top-of-stack)
[mtlr] resource2 sel8 flags 470 sz 0x100000 -> kr 0x00000000 rid 120 GPUVA 0x10002598000 cpu 10b260000
[mtlr]   out: 0000010002598000 000000010b260000 0000000102749a00 0000000000000000
[mtlr]   out: 0000007800000000 0000000000100000 00000002b1b5b643 0000000000361743
[uatrec] S4 r17 victim[1] rid 120 gpuva 0x10002598000 cpu 0x10b260000 (top-of-stack)
[mtlr] resource2 sel8 flags 470 sz 0x100000 -> kr 0x00000000 rid 121 GPUVA 0x100026a0000 cpu 10b360000
[mtlr]   out: 00000100026a0000 000000010b360000 0000000102749ac0 0000000000000000
[mtlr]   out: 0000007900000000 0000000000100000 00000002b1b5b644 0000000000361744
[uatrec] S4 r17 victim[2] rid 121 gpuva 0x100026a0000 cpu 0x10b360000 (top-of-stack)
[mtlr] resource2 sel8 flags 470 sz 0x100000 -> kr 0x00000000 rid 122 GPUVA 0x100027a8000 cpu 10b460000
[mtlr]   out: 00000100027a8000 000000010b460000 0000000102749b80 0000000000000000
[mtlr]   out: 0000007a00000000 0000000000100000 00000002b1b5b645 0000000000361745
[uatrec] S4 r17 victim[3] rid 122 gpuva 0x100027a8000 cpu 0x10b460000 (top-of-stack)
[mtlr] resource2 sel8 flags 470 sz 0x100000 -> kr 0x00000000 rid 123 GPUVA 0x100028b0000 cpu 10b560000
[mtlr]   out: 00000100028b0000 000000010b560000 0000000102749c40 0000000000000000
[mtlr]   out: 0000007b00000000 0000000000100000 00000002b1b5b64d 0000000000361746
[uatrec] S4 r17 victim[4] rid 123 gpuva 0x100028b0000 cpu 0x10b560000 (top-of-stack)
[mtlr] resource2 sel8 flags 470 sz 0x100000 -> kr 0x00000000 rid 124 GPUVA 0x100029b8000 cpu 10bc00000
[mtlr]   out: 00000100029b8000 000000010bc00000 0000000102749d00 0000000000000000
[mtlr]   out: 0000007c00000000 0000000000100000 00000002b1b5b64e 0000000000361747
[uatrec] S4 r17 victim[5] rid 124 gpuva 0x100029b8000 cpu 0x10bc00000 (top-of-stack)
[mtlr] resource2 sel8 flags 470 sz 0x100000 -> kr 0x00000000 rid 125 GPUVA 0x10002ac0000 cpu 10bdc0000
[mtlr]   out: 0000010002ac0000 000000010bdc0000 0000000102749dc0 0000000000000000
[mtlr]   out: 0000007d00000000 0000000000100000 00000002b1b5b64f 0000000000361748
[uatrec] S4 r17 victim[6] rid 125 gpuva 0x10002ac0000 cpu 0x10bdc0000 (top-of-stack)
[mtlr] resource2 sel8 flags 470 sz 0x100000 -> kr 0x00000000 rid 126 GPUVA 0x10002bc8000 cpu 10bf30000
[mtlr]   out: 0000010002bc8000 000000010bf30000 0000000102749e80 0000000000000000
[mtlr]   out: 0000007e00000000 0000000000100000 00000002b1b5b650 0000000000361749
[uatrec] S4 r17 victim[7] rid 126 gpuva 0x10002bc8000 cpu 0x10bf30000 (top-of-stack)
[mtlr] resource2 sel8 flags 470 sz 0x1000 -> kr 0x00000000 rid 119 GPUVA 0x10002490000 cpu 10b660000
[mtlr]   out: 0000010002490000 000000010b660000 0000000102749940 0000000000000000
[mtlr]   out: 0000007700000000 0000000000004000 00000002b1b5b66c 0000000000361753
[mtlr] resource2 sel8 flags 470 sz 0x1000 -> kr 0x00000000 rid 119 GPUVA 0x10002490000 cpu 10b660000
[mtlr]   out: 0000010002490000 000000010b660000 0000000102749940 0000000000000000
[mtlr]   out: 0000007700000000 0000000000004000 00000002b1b5b66d 0000000000361754
[mtlr] resource2 sel8 flags 470 sz 0x1000 -> kr 0x00000000 rid 119 GPUVA 0x10002490000 cpu 10b660000
[mtlr]   out: 0000010002490000 000000010b660000 0000000102749940 0000000000000000
[mtlr]   out: 0000007700000000 0000000000004000 00000002b1b5b66e 0000000000361755
[mtlr] resource2 sel8 flags 470 sz 0x1000 -> kr 0x00000000 rid 119 GPUVA 0x10002490000 cpu 10b660000
[mtlr]   out: 0000010002490000 000000010b660000 0000000102749940 0000000000000000
[mtlr]   out: 0000007700000000 0000000000004000 00000002b1b5b66f 0000000000361756
[mtlr] resource2 sel8 flags 470 sz 0x1000 -> kr 0x00000000 rid 119 GPUVA 0x10002490000 cpu 10b660000
[mtlr]   out: 0000010002490000 000000010b660000 0000000102749940 0000000000000000
[mtlr]   out: 0000007700000000 0000000000004000 00000002b1b5b670 0000000000361757
[mtlr] resource2 sel8 flags 470 sz 0x1000 -> kr 0x00000000 rid 119 GPUVA 0x10002490000 cpu 10b660000
[mtlr]   out: 0000010002490000 000000010b660000 0000000102749940 0000000000000000
[mtlr]   out: 0000007700000000 0000000000004000 00000002b1b5b671 0000000000361758
[mtlr] resource2 sel8 flags 470 sz 0x1000 -> kr 0x00000000 rid 119 GPUVA 0x10002490000 cpu 10b660000
[mtlr]   out: 0000010002490000 000000010b660000 0000000102749940 0000000000000000
[mtlr]   out: 0000007700000000 0000000000004000 00000002b1b5b672 0000000000361759
[mtlr] resource2 sel8 flags 470 sz 0x1000 -> kr 0x00000000 rid 119 GPUVA 0x10002490000 cpu 10b660000
[mtlr]   out: 0000010002490000 000000010b660000 0000000102749940 0000000000000000
[mtlr]   out: 0000007700000000 0000000000004000 00000002b1b5b673 000000000036175a
[mtlr] resource2 sel8 flags 470 sz 0x1000 -> kr 0x00000000 rid 119 GPUVA 0x10002490000 cpu 10b660000
[mtlr]   out: 0000010002490000 000000010b660000 0000000102749940 0000000000000000
[mtlr]   out: 0000007700000000 0000000000004000 00000002b1b5b674 000000000036175b
[mtlr] resource2 sel8 flags 470 sz 0x1000 -> kr 0x00000000 rid 119 GPUVA 0x10002490000 cpu 10b660000
[mtlr]   out: 0000010002490000 000000010b660000 0000000102749940 0000000000000000
[mtlr]   out: 0000007700000000 0000000000004000 00000002b1b5b675 000000000036175c
[mtlr] resource2 sel8 flags 470 sz 0x1000 -> kr 0x00000000 rid 119 GPUVA 0x10002490000 cpu 10b660000
[mtlr]   out: 0000010002490000 000000010b660000 0000000102749940 0000000000000000
[mtlr]   out: 0000007700000000 0000000000004000 00000002b1b5b676 000000000036175d
[mtlr] resource2 sel8 flags 470 sz 0x1000 -> kr 0x00000000 rid 119 GPUVA 0x10002490000 cpu 10b660000
[mtlr]   out: 0000010002490000 000000010b660000 0000000102749940 0000000000000000
[mtlr]   out: 0000007700000000 0000000000004000 00000002b1b5b677 000000000036175e
[mtlr] resource2 sel8 flags 470 sz 0x1000 -> kr 0x00000000 rid 119 GPUVA 0x10002490000 cpu 10b660000
[mtlr]   out: 0000010002490000 000000010b660000 0000000102749940 0000000000000000
[mtlr]   out: 0000007700000000 0000000000004000 00000002b1b5b678 000000000036175f
[mtlr] resource2 sel8 flags 470 sz 0x1000 -> kr 0x00000000 rid 119 GPUVA 0x10002490000 cpu 10b660000
[mtlr]   out: 0000010002490000 000000010b660000 0000000102749940 0000000000000000
[mtlr]   out: 0000007700000000 0000000000004000 00000002b1b5b679 0000000000361760
[mtlr] resource2 sel8 flags 470 sz 0x1000 -> kr 0x00000000 rid 119 GPUVA 0x10002490000 cpu 10b660000
[mtlr]   out: 0000010002490000 000000010b660000 0000000102749940 0000000000000000
[mtlr]   out: 0000007700000000 0000000000004000 00000002b1b5b67a 0000000000361761
[mtlr] resource2 sel8 flags 470 sz 0x1000 -> kr 0x00000000 rid 119 GPUVA 0x10002490000 cpu 10b660000
[mtlr]   out: 0000010002490000 000000010b660000 0000000102749940 0000000000000000
[mtlr]   out: 0000007700000000 0000000000004000 00000002b1b5b67b 0000000000361762
[mtlr] resource2 sel8 flags 470 sz 0x1000 -> kr 0x00000000 rid 119 GPUVA 0x10002490000 cpu 10b660000
[mtlr]   out: 0000010002490000 000000010b660000 0000000102749940 0000000000000000
[mtlr]   out: 0000007700000000 0000000000004000 00000002b1b5b67c 0000000000361763
[mtlr] resource2 sel8 flags 470 sz 0x1000 -> kr 0x00000000 rid 119 GPUVA 0x10002490000 cpu 10b660000
[mtlr]   out: 0000010002490000 000000010b660000 0000000102749940 0000000000000000
[mtlr]   out: 0000007700000000 0000000000004000 00000002b1b5b67d 0000000000361764
[mtlr] resource2 sel8 flags 470 sz 0x1000 -> kr 0x00000000 rid 119 GPUVA 0x10002490000 cpu 10b660000
[mtlr]   out: 0000010002490000 000000010b660000 0000000102749940 0000000000000000
[mtlr]   out: 0000007700000000 0000000000004000 00000002b1b5b67e 0000000000361765
[mtlr] resource2 sel8 flags 470 sz 0x1000 -> kr 0x00000000 rid 119 GPUVA 0x10002490000 cpu 10b660000
[mtlr]   out: 0000010002490000 000000010b660000 0000000102749940 0000000000000000
[mtlr]   out: 0000007700000000 0000000000004000 00000002b1b5b67f 0000000000361766
[mtlr] resource2 sel8 flags 470 sz 0x1000 -> kr 0x00000000 rid 119 GPUVA 0x10002490000 cpu 10b660000
[mtlr]   out: 0000010002490000 000000010b660000 0000000102749940 0000000000000000
[mtlr]   out: 0000007700000000 0000000000004000 00000002b1b5b680 0000000000361767
[mtlr] resource2 sel8 flags 470 sz 0x1000 -> kr 0x00000000 rid 119 GPUVA 0x10002490000 cpu 10b660000
[mtlr]   out: 0000010002490000 000000010b660000 0000000102749940 0000000000000000
[mtlr]   out: 0000007700000000 0000000000004000 00000002b1b5b681 0000000000361768
[mtlr] resource2 sel8 flags 470 sz 0x1000 -> kr 0x00000000 rid 119 GPUVA 0x10002490000 cpu 10b660000
[mtlr]   out: 0000010002490000 000000010b660000 0000000102749940 0000000000000000
[mtlr]   out: 0000007700000000 0000000000004000 00000002b1b5b682 0000000000361769
[mtlr] resource2 sel8 flags 470 sz 0x1000 -> kr 0x00000000 rid 119 GPUVA 0x10002490000 cpu 10b660000
[mtlr]   out: 0000010002490000 000000010b660000 0000000102749940 0000000000000000
[mtlr]   out: 0000007700000000 0000000000004000 00000002b1b5b683 000000000036176a
[mtlr] resource2 sel8 flags 470 sz 0x1000 -> kr 0x00000000 rid 119 GPUVA 0x10002490000 cpu 10b660000
[mtlr]   out: 0000010002490000 000000010b660000 0000000102749940 0000000000000000
[mtlr]   out: 0000007700000000 0000000000004000 00000002b1b5b684 000000000036176b
[mtlr] resource2 sel8 flags 470 sz 0x1000 -> kr 0x00000000 rid 119 GPUVA 0x10002490000 cpu 10b660000
[mtlr]   out: 0000010002490000 000000010b660000 0000000102749940 0000000000000000
[mtlr]   out: 0000007700000000 0000000000004000 00000002b1b5b685 000000000036176c
[mtlr] resource2 sel8 flags 470 sz 0x1000 -> kr 0x00000000 rid 119 GPUVA 0x10002490000 cpu 10b660000
[mtlr]   out: 0000010002490000 000000010b660000 0000000102749940 0000000000000000
[mtlr]   out: 0000007700000000 0000000000004000 00000002b1b5b686 000000000036176d
[mtlr] resource2 sel8 flags 470 sz 0x1000 -> kr 0x00000000 rid 119 GPUVA 0x10002490000 cpu 10b660000
[mtlr]   out: 0000010002490000 000000010b660000 0000000102749940 0000000000000000
[mtlr]   out: 0000007700000000 0000000000004000 00000002b1b5b687 000000000036176e
[mtlr] resource2 sel8 flags 470 sz 0x1000 -> kr 0x00000000 rid 119 GPUVA 0x10002490000 cpu 10b660000
[mtlr]   out: 0000010002490000 000000010b660000 0000000102749940 0000000000000000
[mtlr]   out: 0000007700000000 0000000000004000 00000002b1b5b688 000000000036176f
[mtlr] resource2 sel8 flags 470 sz 0x1000 -> kr 0x00000000 rid 119 GPUVA 0x10002490000 cpu 10b660000
[mtlr]   out: 0000010002490000 000000010b660000 0000000102749940 0000000000000000
[mtlr]   out: 0000007700000000 0000000000004000 00000002b1b5b689 0000000000361770
[mtlr] resource2 sel8 flags 470 sz 0x1000 -> kr 0x00000000 rid 119 GPUVA 0x10002490000 cpu 10b660000
[mtlr]   out: 0000010002490000 000000010b660000 0000000102749940 0000000000000000
[mtlr]   out: 0000007700000000 0000000000004000 00000002b1b5b68a 0000000000361771
[mtlr] resource2 sel8 flags 470 sz 0x1000 -> kr 0x00000000 rid 119 GPUVA 0x10002490000 cpu 10b660000
[mtlr]   out: 0000010002490000 000000010b660000 0000000102749940 0000000000000000
[mtlr]   out: 0000007700000000 0000000000004000 00000002b1b5b68b 0000000000361772
[mtlr] resource2 sel8 flags 470 sz 0x1000 -> kr 0x00000000 rid 119 GPUVA 0x10002490000 cpu 10b660000
[mtlr]   out: 0000010002490000 000000010b660000 0000000102749940 0000000000000000
[mtlr]   out: 0000007700000000 0000000000004000 00000002b1b5b68c 0000000000361773
[mtlr] resource2 sel8 flags 470 sz 0x1000 -> kr 0x00000000 rid 119 GPUVA 0x10002490000 cpu 10b660000
[mtlr]   out: 0000010002490000 000000010b660000 0000000102749940 0000000000000000
[mtlr]   out: 0000007700000000 0000000000004000 00000002b1b5b68d 0000000000361774
[mtlr] resource2 sel8 flags 470 sz 0x1000 -> kr 0x00000000 rid 119 GPUVA 0x10002490000 cpu 10b660000
[mtlr]   out: 0000010002490000 000000010b660000 0000000102749940 0000000000000000
[mtlr]   out: 0000007700000000 0000000000004000 00000002b1b5b68e 0000000000361775
[mtlr] resource2 sel8 flags 470 sz 0x1000 -> kr 0x00000000 rid 119 GPUVA 0x10002490000 cpu 10b660000
[mtlr]   out: 0000010002490000 000000010b660000 0000000102749940 0000000000000000
[mtlr]   out: 0000007700000000 0000000000004000 00000002b1b5b68f 0000000000361776
[mtlr] resource2 sel8 flags 470 sz 0x1000 -> kr 0x00000000 rid 119 GPUVA 0x10002490000 cpu 10b660000
[mtlr]   out: 0000010002490000 000000010b660000 0000000102749940 0000000000000000
[mtlr]   out: 0000007700000000 0000000000004000 00000002b1b5b690 0000000000361777
[mtlr] resource2 sel8 flags 470 sz 0x1000 -> kr 0x00000000 rid 119 GPUVA 0x10002490000 cpu 10b660000
[mtlr]   out: 0000010002490000 000000010b660000 0000000102749940 0000000000000000
[mtlr]   out: 0000007700000000 0000000000004000 00000002b1b5b691 0000000000361778
[mtlr] resource2 sel8 flags 470 sz 0x1000 -> kr 0x00000000 rid 119 GPUVA 0x10002490000 cpu 10b660000
[mtlr]   out: 0000010002490000 000000010b660000 0000000102749940 0000000000000000
[mtlr]   out: 0000007700000000 0000000000004000 00000002b1b5b692 0000000000361779
[mtlr] resource2 sel8 flags 470 sz 0x1000 -> kr 0x00000000 rid 119 GPUVA 0x10002490000 cpu 10b660000
[mtlr]   out: 0000010002490000 000000010b660000 0000000102749940 0000000000000000
[mtlr]   out: 0000007700000000 0000000000004000 00000002b1b5b693 000000000036177a
[uatrec] S4 r17 (+1s): nvv 8 ncb 8 vsz 0x100000 destroy0 kr 0x00000000 nj 40
[uatrec] S4 r17 blit[0] slots 10 ridp 1
[uatrec] S4 r17 blit[1] slots 10 ridp 1
[uatrec] S4 r17 blit[2] slots 10 ridp 1
[uatrec] S4 r17 blit[3] slots 10 ridp 1
[uatrec] S4 r17 blit[4] slots 10 ridp 1
[uatrec] S4 r17 blit[5] slots 10 ridp 1
[uatrec] S4 r17 blit[6] slots 10 ridp 1
[uatrec] S4 r17 blit[7] slots 10 ridp 1
[mtlr] resource2 sel8 flags 470 sz 0x100000 -> kr 0x00000000 rid 119 GPUVA 0x10002490000 cpu 10d800000
[mtlr]   out: 0000010002490000 000000010d800000 0000000102749940 0000000000000000
[mtlr]   out: 0000007700000000 0000000000100000 00000002b1b5b6bf 000000000036177d
[uatrec] S4 r18 victim[0] rid 119 gpuva 0x10002490000 cpu 0x10d800000 (top-of-stack)
[mtlr] resource2 sel8 flags 470 sz 0x100000 -> kr 0x00000000 rid 120 GPUVA 0x10002598000 cpu 10d900000
[mtlr]   out: 0000010002598000 000000010d900000 0000000102749a00 0000000000000000
[mtlr]   out: 0000007800000000 0000000000100000 00000002b1b5b6c0 000000000036177e
[uatrec] S4 r18 victim[1] rid 120 gpuva 0x10002598000 cpu 0x10d900000 (top-of-stack)
[mtlr] resource2 sel8 flags 470 sz 0x100000 -> kr 0x00000000 rid 121 GPUVA 0x100026a0000 cpu 10da00000
[mtlr]   out: 00000100026a0000 000000010da00000 0000000102749ac0 0000000000000000
[mtlr]   out: 0000007900000000 0000000000100000 00000002b1b5b6c1 000000000036177f
[uatrec] S4 r18 victim[2] rid 121 gpuva 0x100026a0000 cpu 0x10da00000 (top-of-stack)
[mtlr] resource2 sel8 flags 470 sz 0x100000 -> kr 0x00000000 rid 122 GPUVA 0x100027a8000 cpu 10c0a0000
[mtlr]   out: 00000100027a8000 000000010c0a0000 0000000102749b80 0000000000000000
[mtlr]   out: 0000007a00000000 0000000000100000 00000002b1b5b6c2 0000000000361780
[uatrec] S4 r18 victim[3] rid 122 gpuva 0x100027a8000 cpu 0x10c0a0000 (top-of-stack)
[mtlr] resource2 sel8 flags 470 sz 0x100000 -> kr 0x00000000 rid 123 GPUVA 0x100028b0000 cpu 10c1a0000
[mtlr]   out: 00000100028b0000 000000010c1a0000 0000000102749c40 0000000000000000
[mtlr]   out: 0000007b00000000 0000000000100000 00000002b1b5b6c3 0000000000361781
[uatrec] S4 r18 victim[4] rid 123 gpuva 0x100028b0000 cpu 0x10c1a0000 (top-of-stack)
[mtlr] resource2 sel8 flags 470 sz 0x100000 -> kr 0x00000000 rid 124 GPUVA 0x100029b8000 cpu 10b160000
[mtlr]   out: 00000100029b8000 000000010b160000 0000000102749d00 0000000000000000
[mtlr]   out: 0000007c00000000 0000000000100000 00000002b1b5b6c4 0000000000361782
[uatrec] S4 r18 victim[5] rid 124 gpuva 0x100029b8000 cpu 0x10b160000 (top-of-stack)
[mtlr] resource2 sel8 flags 470 sz 0x100000 -> kr 0x00000000 rid 125 GPUVA 0x10002ac0000 cpu 10b260000
[mtlr]   out: 0000010002ac0000 000000010b260000 0000000102749dc0 0000000000000000
[mtlr]   out: 0000007d00000000 0000000000100000 00000002b1b5b6c5 0000000000361783
[uatrec] S4 r18 victim[6] rid 125 gpuva 0x10002ac0000 cpu 0x10b260000 (top-of-stack)
[mtlr] resource2 sel8 flags 470 sz 0x100000 -> kr 0x00000000 rid 126 GPUVA 0x10002bc8000 cpu 10b360000
[mtlr]   out: 0000010002bc8000 000000010b360000 0000000102749e80 0000000000000000
[mtlr]   out: 0000007e00000000 0000000000100000 00000002b1b5b6cd 0000000000361784
[uatrec] S4 r18 victim[7] rid 126 gpuva 0x10002bc8000 cpu 0x10b360000 (top-of-stack)
[mtlr] resource2 sel8 flags 470 sz 0x1000 -> kr 0x00000000 rid 119 GPUVA 0x10002490000 cpu 10b660000
[mtlr]   out: 0000010002490000 000000010b660000 0000000102749940 0000000000000000
[mtlr]   out: 0000007700000000 0000000000004000 00000002b1b5b6f2 000000000036178e
[mtlr] resource2 sel8 flags 470 sz 0x1000 -> kr 0x00000000 rid 119 GPUVA 0x10002490000 cpu 10b660000
[mtlr]   out: 0000010002490000 000000010b660000 0000000102749940 0000000000000000
[mtlr]   out: 0000007700000000 0000000000004000 00000002b1b5b6f3 000000000036178f
[mtlr] resource2 sel8 flags 470 sz 0x1000 -> kr 0x00000000 rid 119 GPUVA 0x10002490000 cpu 10b660000
[mtlr]   out: 0000010002490000 000000010b660000 0000000102749940 0000000000000000
[mtlr]   out: 0000007700000000 0000000000004000 00000002b1b5b6f4 0000000000361790
[mtlr] resource2 sel8 flags 470 sz 0x1000 -> kr 0x00000000 rid 119 GPUVA 0x10002490000 cpu 10b660000
[mtlr]   out: 0000010002490000 000000010b660000 0000000102749940 0000000000000000
[mtlr]   out: 0000007700000000 0000000000004000 00000002b1b5b6f5 0000000000361791
[mtlr] resource2 sel8 flags 470 sz 0x1000 -> kr 0x00000000 rid 119 GPUVA 0x10002490000 cpu 10b660000
[mtlr]   out: 0000010002490000 000000010b660000 0000000102749940 0000000000000000
[mtlr]   out: 0000007700000000 0000000000004000 00000002b1b5b6f6 0000000000361792
[mtlr] resource2 sel8 flags 470 sz 0x1000 -> kr 0x00000000 rid 119 GPUVA 0x10002490000 cpu 10b660000
[mtlr]   out: 0000010002490000 000000010b660000 0000000102749940 0000000000000000
[mtlr]   out: 0000007700000000 0000000000004000 00000002b1b5b6f7 0000000000361793
[mtlr] resource2 sel8 flags 470 sz 0x1000 -> kr 0x00000000 rid 119 GPUVA 0x10002490000 cpu 10b660000
[mtlr]   out: 0000010002490000 000000010b660000 0000000102749940 0000000000000000
[mtlr]   out: 0000007700000000 0000000000004000 00000002b1b5b6f8 0000000000361794
[mtlr] resource2 sel8 flags 470 sz 0x1000 -> kr 0x00000000 rid 119 GPUVA 0x10002490000 cpu 10b660000
[mtlr]   out: 0000010002490000 000000010b660000 0000000102749940 0000000000000000
[mtlr]   out: 0000007700000000 0000000000004000 00000002b1b5b6f9 0000000000361795
[mtlr] resource2 sel8 flags 470 sz 0x1000 -> kr 0x00000000 rid 119 GPUVA 0x10002490000 cpu 10b660000
[mtlr]   out: 0000010002490000 000000010b660000 0000000102749940 0000000000000000
[mtlr]   out: 0000007700000000 0000000000004000 00000002b1b5b6fa 0000000000361796
[mtlr] resource2 sel8 flags 470 sz 0x1000 -> kr 0x00000000 rid 119 GPUVA 0x10002490000 cpu 10b660000
[mtlr]   out: 0000010002490000 000000010b660000 0000000102749940 0000000000000000
[mtlr]   out: 0000007700000000 0000000000004000 00000002b1b5b6fb 0000000000361797
[mtlr] resource2 sel8 flags 470 sz 0x1000 -> kr 0x00000000 rid 119 GPUVA 0x10002490000 cpu 10b660000
[mtlr]   out: 0000010002490000 000000010b660000 0000000102749940 0000000000000000
[mtlr]   out: 0000007700000000 0000000000004000 00000002b1b5b6fc 0000000000361798
[mtlr] resource2 sel8 flags 470 sz 0x1000 -> kr 0x00000000 rid 119 GPUVA 0x10002490000 cpu 10b660000
[mtlr]   out: 0000010002490000 000000010b660000 0000000102749940 0000000000000000
[mtlr]   out: 0000007700000000 0000000000004000 00000002b1b5b6fd 0000000000361799
[mtlr] resource2 sel8 flags 470 sz 0x1000 -> kr 0x00000000 rid 119 GPUVA 0x10002490000 cpu 10b660000
[mtlr]   out: 0000010002490000 000000010b660000 0000000102749940 0000000000000000
[mtlr]   out: 0000007700000000 0000000000004000 00000002b1b5b6fe 000000000036179a
[mtlr] resource2 sel8 flags 470 sz 0x1000 -> kr 0x00000000 rid 119 GPUVA 0x10002490000 cpu 10b660000
[mtlr]   out: 0000010002490000 000000010b660000 0000000102749940 0000000000000000
[mtlr]   out: 0000007700000000 0000000000004000 00000002b1b5b6ff 000000000036179b
[mtlr] resource2 sel8 flags 470 sz 0x1000 -> kr 0x00000000 rid 119 GPUVA 0x10002490000 cpu 10b660000
[mtlr]   out: 0000010002490000 000000010b660000 0000000102749940 0000000000000000
[mtlr]   out: 0000007700000000 0000000000004000 00000002b1b5b700 000000000036179c
[mtlr] resource2 sel8 flags 470 sz 0x1000 -> kr 0x00000000 rid 119 GPUVA 0x10002490000 cpu 10b660000
[mtlr]   out: 0000010002490000 000000010b660000 0000000102749940 0000000000000000
[mtlr]   out: 0000007700000000 0000000000004000 00000002b1b5b701 000000000036179d
[mtlr] resource2 sel8 flags 470 sz 0x1000 -> kr 0x00000000 rid 119 GPUVA 0x10002490000 cpu 10b660000
[mtlr]   out: 0000010002490000 000000010b660000 0000000102749940 0000000000000000
[mtlr]   out: 0000007700000000 0000000000004000 00000002b1b5b702 000000000036179e
[mtlr] resource2 sel8 flags 470 sz 0x1000 -> kr 0x00000000 rid 119 GPUVA 0x10002490000 cpu 10b660000
[mtlr]   out: 0000010002490000 000000010b660000 0000000102749940 0000000000000000
[mtlr]   out: 0000007700000000 0000000000004000 00000002b1b5b703 000000000036179f
[mtlr] resource2 sel8 flags 470 sz 0x1000 -> kr 0x00000000 rid 119 GPUVA 0x10002490000 cpu 10b660000
[mtlr]   out: 0000010002490000 000000010b660000 0000000102749940 0000000000000000
[mtlr]   out: 0000007700000000 0000000000004000 00000002b1b5b704 00000000003617a0
[mtlr] resource2 sel8 flags 470 sz 0x1000 -> kr 0x00000000 rid 119 GPUVA 0x10002490000 cpu 10b660000
[mtlr]   out: 0000010002490000 000000010b660000 0000000102749940 0000000000000000
[mtlr]   out: 0000007700000000 0000000000004000 00000002b1b5b705 00000000003617a1
[mtlr] resource2 sel8 flags 470 sz 0x1000 -> kr 0x00000000 rid 119 GPUVA 0x10002490000 cpu 10b660000
[mtlr]   out: 0000010002490000 000000010b660000 0000000102749940 0000000000000000
[mtlr]   out: 0000007700000000 0000000000004000 00000002b1b5b706 00000000003617a2
[mtlr] resource2 sel8 flags 470 sz 0x1000 -> kr 0x00000000 rid 119 GPUVA 0x10002490000 cpu 10b660000
[mtlr]   out: 0000010002490000 000000010b660000 0000000102749940 0000000000000000
[mtlr]   out: 0000007700000000 0000000000004000 00000002b1b5b707 00000000003617a3
[mtlr] resource2 sel8 flags 470 sz 0x1000 -> kr 0x00000000 rid 119 GPUVA 0x10002490000 cpu 10b660000
[mtlr]   out: 0000010002490000 000000010b660000 0000000102749940 0000000000000000
[mtlr]   out: 0000007700000000 0000000000004000 00000002b1b5b708 00000000003617a4
[mtlr] resource2 sel8 flags 470 sz 0x1000 -> kr 0x00000000 rid 119 GPUVA 0x10002490000 cpu 10b660000
[mtlr]   out: 0000010002490000 000000010b660000 0000000102749940 0000000000000000
[mtlr]   out: 0000007700000000 0000000000004000 00000002b1b5b709 00000000003617a5
[mtlr] resource2 sel8 flags 470 sz 0x1000 -> kr 0x00000000 rid 119 GPUVA 0x10002490000 cpu 10b660000
[mtlr]   out: 0000010002490000 000000010b660000 0000000102749940 0000000000000000
[mtlr]   out: 0000007700000000 0000000000004000 00000002b1b5b70a 00000000003617a6
[mtlr] resource2 sel8 flags 470 sz 0x1000 -> kr 0x00000000 rid 119 GPUVA 0x10002490000 cpu 10b660000
[mtlr]   out: 0000010002490000 000000010b660000 0000000102749940 0000000000000000
[mtlr]   out: 0000007700000000 0000000000004000 00000002b1b5b70b 00000000003617a7
[mtlr] resource2 sel8 flags 470 sz 0x1000 -> kr 0x00000000 rid 119 GPUVA 0x10002490000 cpu 10b660000
[mtlr]   out: 0000010002490000 000000010b660000 0000000102749940 0000000000000000
[mtlr]   out: 0000007700000000 0000000000004000 00000002b1b5b70c 00000000003617a8
[mtlr] resource2 sel8 flags 470 sz 0x1000 -> kr 0x00000000 rid 119 GPUVA 0x10002490000 cpu 10b660000
[mtlr]   out: 0000010002490000 000000010b660000 0000000102749940 0000000000000000
[mtlr]   out: 0000007700000000 0000000000004000 00000002b1b5b70d 00000000003617a9
[mtlr] resource2 sel8 flags 470 sz 0x1000 -> kr 0x00000000 rid 119 GPUVA 0x10002490000 cpu 10b660000
[mtlr]   out: 0000010002490000 000000010b660000 0000000102749940 0000000000000000
[mtlr]   out: 0000007700000000 0000000000004000 00000002b1b5b70e 00000000003617aa
[mtlr] resource2 sel8 flags 470 sz 0x1000 -> kr 0x00000000 rid 119 GPUVA 0x10002490000 cpu 10b660000
[mtlr]   out: 0000010002490000 000000010b660000 0000000102749940 0000000000000000
[mtlr]   out: 0000007700000000 0000000000004000 00000002b1b5b70f 00000000003617ab
[mtlr] resource2 sel8 flags 470 sz 0x1000 -> kr 0x00000000 rid 119 GPUVA 0x10002490000 cpu 10b660000
[mtlr]   out: 0000010002490000 000000010b660000 0000000102749940 0000000000000000
[mtlr]   out: 0000007700000000 0000000000004000 00000002b1b5b710 00000000003617ac
[mtlr] resource2 sel8 flags 470 sz 0x1000 -> kr 0x00000000 rid 119 GPUVA 0x10002490000 cpu 10b660000
[mtlr]   out: 0000010002490000 000000010b660000 0000000102749940 0000000000000000
[mtlr]   out: 0000007700000000 0000000000004000 00000002b1b5b711 00000000003617ad
[mtlr] resource2 sel8 flags 470 sz 0x1000 -> kr 0x00000000 rid 119 GPUVA 0x10002490000 cpu 10b660000
[mtlr]   out: 0000010002490000 000000010b660000 0000000102749940 0000000000000000
[mtlr]   out: 0000007700000000 0000000000004000 00000002b1b5b712 00000000003617ae
[mtlr] resource2 sel8 flags 470 sz 0x1000 -> kr 0x00000000 rid 119 GPUVA 0x10002490000 cpu 10b660000
[mtlr]   out: 0000010002490000 000000010b660000 0000000102749940 0000000000000000
[mtlr]   out: 0000007700000000 0000000000004000 00000002b1b5b713 00000000003617af
[mtlr] resource2 sel8 flags 470 sz 0x1000 -> kr 0x00000000 rid 119 GPUVA 0x10002490000 cpu 10b660000
[mtlr]   out: 0000010002490000 000000010b660000 0000000102749940 0000000000000000
[mtlr]   out: 0000007700000000 0000000000004000 00000002b1b5b714 00000000003617b0
[mtlr] resource2 sel8 flags 470 sz 0x1000 -> kr 0x00000000 rid 119 GPUVA 0x10002490000 cpu 10b660000
[mtlr]   out: 0000010002490000 000000010b660000 0000000102749940 0000000000000000
[mtlr]   out: 0000007700000000 0000000000004000 00000002b1b5b715 00000000003617b1
[mtlr] resource2 sel8 flags 470 sz 0x1000 -> kr 0x00000000 rid 119 GPUVA 0x10002490000 cpu 10b660000
[mtlr]   out: 0000010002490000 000000010b660000 0000000102749940 0000000000000000
[mtlr]   out: 0000007700000000 0000000000004000 00000002b1b5b716 00000000003617b2
[mtlr] resource2 sel8 flags 470 sz 0x1000 -> kr 0x00000000 rid 119 GPUVA 0x10002490000 cpu 10b660000
[mtlr]   out: 0000010002490000 000000010b660000 0000000102749940 0000000000000000
[mtlr]   out: 0000007700000000 0000000000004000 00000002b1b5b717 00000000003617b3
[mtlr] resource2 sel8 flags 470 sz 0x1000 -> kr 0x00000000 rid 119 GPUVA 0x10002490000 cpu 10b660000
[mtlr]   out: 0000010002490000 000000010b660000 0000000102749940 0000000000000000
[mtlr]   out: 0000007700000000 0000000000004000 00000002b1b5b718 00000000003617b4
[mtlr] resource2 sel8 flags 470 sz 0x1000 -> kr 0x00000000 rid 119 GPUVA 0x10002490000 cpu 10b660000
[mtlr]   out: 0000010002490000 000000010b660000 0000000102749940 0000000000000000
[mtlr]   out: 0000007700000000 0000000000004000 00000002b1b5b719 00000000003617b5
[uatrec] S4 r18 (+1s): nvv 8 ncb 8 vsz 0x100000 destroy0 kr 0x00000000 nj 40
[uatrec] S4 r18 blit[0] slots 10 ridp 1
[uatrec] S4 r18 blit[1] slots 10 ridp 1
[uatrec] S4 r18 blit[2] slots 10 ridp 1
[uatrec] S4 r18 blit[3] slots 10 ridp 1
[uatrec] S4 r18 blit[4] slots 10 ridp 1
[uatrec] S4 r18 blit[5] slots 10 ridp 1
[uatrec] S4 r18 blit[6] slots 10 ridp 1
[uatrec] S4 r18 blit[7] slots 10 ridp 1
[mtlr] resource2 sel8 flags 470 sz 0x100000 -> kr 0x00000000 rid 119 GPUVA 0x10002490000 cpu 10b560000
[mtlr]   out: 0000010002490000 000000010b560000 0000000102749940 0000000000000000
[mtlr]   out: 0000007700000000 0000000000100000 00000002b1b5b767 00000000003617b8
[uatrec] S4 r19 victim[0] rid 119 gpuva 0x10002490000 cpu 0x10b560000 (top-of-stack)
[mtlr] resource2 sel8 flags 470 sz 0x100000 -> kr 0x00000000 rid 120 GPUVA 0x10002598000 cpu 10bc00000
[mtlr]   out: 0000010002598000 000000010bc00000 0000000102749a00 0000000000000000
[mtlr]   out: 0000007800000000 0000000000100000 00000002b1b5b768 00000000003617b9
[uatrec] S4 r19 victim[1] rid 120 gpuva 0x10002598000 cpu 0x10bc00000 (top-of-stack)
[mtlr] resource2 sel8 flags 470 sz 0x100000 -> kr 0x00000000 rid 121 GPUVA 0x100026a0000 cpu 10bdc0000
[mtlr]   out: 00000100026a0000 000000010bdc0000 0000000102749ac0 0000000000000000
[mtlr]   out: 0000007900000000 0000000000100000 00000002b1b5b769 00000000003617ba
[uatrec] S4 r19 victim[2] rid 121 gpuva 0x100026a0000 cpu 0x10bdc0000 (top-of-stack)
[mtlr] resource2 sel8 flags 470 sz 0x100000 -> kr 0x00000000 rid 122 GPUVA 0x100027a8000 cpu 10bf30000
[mtlr]   out: 00000100027a8000 000000010bf30000 0000000102749b80 0000000000000000
[mtlr]   out: 0000007a00000000 0000000000100000 00000002b1b5b76a 00000000003617bb
[uatrec] S4 r19 victim[3] rid 122 gpuva 0x100027a8000 cpu 0x10bf30000 (top-of-stack)
[mtlr] resource2 sel8 flags 470 sz 0x100000 -> kr 0x00000000 rid 123 GPUVA 0x100028b0000 cpu 10b160000
[mtlr]   out: 00000100028b0000 000000010b160000 0000000102749c40 0000000000000000
[mtlr]   out: 0000007b00000000 0000000000100000 00000002b1b5b76b 00000000003617bc
[uatrec] S4 r19 victim[4] rid 123 gpuva 0x100028b0000 cpu 0x10b160000 (top-of-stack)
[mtlr] resource2 sel8 flags 470 sz 0x100000 -> kr 0x00000000 rid 124 GPUVA 0x100029b8000 cpu 10b260000
[mtlr]   out: 00000100029b8000 000000010b260000 0000000102749d00 0000000000000000
[mtlr]   out: 0000007c00000000 0000000000100000 00000002b1b5b76c 00000000003617bd
[uatrec] S4 r19 victim[5] rid 124 gpuva 0x100029b8000 cpu 0x10b260000 (top-of-stack)
[mtlr] resource2 sel8 flags 470 sz 0x100000 -> kr 0x00000000 rid 125 GPUVA 0x10002ac0000 cpu 10b360000
[mtlr]   out: 0000010002ac0000 000000010b360000 0000000102749dc0 0000000000000000
[mtlr]   out: 0000007d00000000 0000000000100000 00000002b1b5b774 00000000003617be
[uatrec] S4 r19 victim[6] rid 125 gpuva 0x10002ac0000 cpu 0x10b360000 (top-of-stack)
[mtlr] resource2 sel8 flags 470 sz 0x100000 -> kr 0x00000000 rid 126 GPUVA 0x10002bc8000 cpu 10b460000
[mtlr]   out: 0000010002bc8000 000000010b460000 0000000102749e80 0000000000000000
[mtlr]   out: 0000007e00000000 0000000000100000 00000002b1b5b775 00000000003617bf
[uatrec] S4 r19 victim[7] rid 126 gpuva 0x10002bc8000 cpu 0x10b460000 (top-of-stack)
[mtlr] resource2 sel8 flags 470 sz 0x1000 -> kr 0x00000000 rid 119 GPUVA 0x10002490000 cpu 10b660000
[mtlr]   out: 0000010002490000 000000010b660000 0000000102749940 0000000000000000
[mtlr]   out: 0000007700000000 0000000000004000 00000002b1b5b799 00000000003617c9
[mtlr] resource2 sel8 flags 470 sz 0x1000 -> kr 0x00000000 rid 119 GPUVA 0x10002490000 cpu 10b660000
[mtlr]   out: 0000010002490000 000000010b660000 0000000102749940 0000000000000000
[mtlr]   out: 0000007700000000 0000000000004000 00000002b1b5b79a 00000000003617ca
[mtlr] resource2 sel8 flags 470 sz 0x1000 -> kr 0x00000000 rid 119 GPUVA 0x10002490000 cpu 10b660000
[mtlr]   out: 0000010002490000 000000010b660000 0000000102749940 0000000000000000
[mtlr]   out: 0000007700000000 0000000000004000 00000002b1b5b79b 00000000003617cb
[mtlr] resource2 sel8 flags 470 sz 0x1000 -> kr 0x00000000 rid 119 GPUVA 0x10002490000 cpu 10b660000
[mtlr]   out: 0000010002490000 000000010b660000 0000000102749940 0000000000000000
[mtlr]   out: 0000007700000000 0000000000004000 00000002b1b5b79c 00000000003617cc
[mtlr] resource2 sel8 flags 470 sz 0x1000 -> kr 0x00000000 rid 119 GPUVA 0x10002490000 cpu 10b660000
[mtlr]   out: 0000010002490000 000000010b660000 0000000102749940 0000000000000000
[mtlr]   out: 0000007700000000 0000000000004000 00000002b1b5b79d 00000000003617cd
[mtlr] resource2 sel8 flags 470 sz 0x1000 -> kr 0x00000000 rid 119 GPUVA 0x10002490000 cpu 10b660000
[mtlr]   out: 0000010002490000 000000010b660000 0000000102749940 0000000000000000
[mtlr]   out: 0000007700000000 0000000000004000 00000002b1b5b79e 00000000003617ce
[mtlr] resource2 sel8 flags 470 sz 0x1000 -> kr 0x00000000 rid 119 GPUVA 0x10002490000 cpu 10b560000
[mtlr]   out: 0000010002490000 000000010b560000 0000000102749940 0000000000000000
[mtlr]   out: 0000007700000000 0000000000004000 00000002b1b5b79f 00000000003617cf
[mtlr] resource2 sel8 flags 470 sz 0x1000 -> kr 0x00000000 rid 119 GPUVA 0x10002490000 cpu 10b560000
[mtlr]   out: 0000010002490000 000000010b560000 0000000102749940 0000000000000000
[mtlr]   out: 0000007700000000 0000000000004000 00000002b1b5b7a0 00000000003617d0
[mtlr] resource2 sel8 flags 470 sz 0x1000 -> kr 0x00000000 rid 119 GPUVA 0x10002490000 cpu 10b560000
[mtlr]   out: 0000010002490000 000000010b560000 0000000102749940 0000000000000000
[mtlr]   out: 0000007700000000 0000000000004000 00000002b1b5b7a1 00000000003617d1
[mtlr] resource2 sel8 flags 470 sz 0x1000 -> kr 0x00000000 rid 119 GPUVA 0x10002490000 cpu 10b560000
[mtlr]   out: 0000010002490000 000000010b560000 0000000102749940 0000000000000000
[mtlr]   out: 0000007700000000 0000000000004000 00000002b1b5b7a2 00000000003617d2
[mtlr] resource2 sel8 flags 470 sz 0x1000 -> kr 0x00000000 rid 119 GPUVA 0x10002490000 cpu 10b160000
[mtlr]   out: 0000010002490000 000000010b160000 0000000102749940 0000000000000000
[mtlr]   out: 0000007700000000 0000000000004000 00000002b1b5b7a3 00000000003617d3
[mtlr] resource2 sel8 flags 470 sz 0x1000 -> kr 0x00000000 rid 119 GPUVA 0x10002490000 cpu 10b160000
[mtlr]   out: 0000010002490000 000000010b160000 0000000102749940 0000000000000000
[mtlr]   out: 0000007700000000 0000000000004000 00000002b1b5b7a4 00000000003617d4
[mtlr] resource2 sel8 flags 470 sz 0x1000 -> kr 0x00000000 rid 119 GPUVA 0x10002490000 cpu 10b160000
[mtlr]   out: 0000010002490000 000000010b160000 0000000102749940 0000000000000000
[mtlr]   out: 0000007700000000 0000000000004000 00000002b1b5b7a5 00000000003617d5
[mtlr] resource2 sel8 flags 470 sz 0x1000 -> kr 0x00000000 rid 119 GPUVA 0x10002490000 cpu 10b160000
[mtlr]   out: 0000010002490000 000000010b160000 0000000102749940 0000000000000000
[mtlr]   out: 0000007700000000 0000000000004000 00000002b1b5b7a6 00000000003617d6
[mtlr] resource2 sel8 flags 470 sz 0x1000 -> kr 0x00000000 rid 119 GPUVA 0x10002490000 cpu 10b160000
[mtlr]   out: 0000010002490000 000000010b160000 0000000102749940 0000000000000000
[mtlr]   out: 0000007700000000 0000000000004000 00000002b1b5b7a7 00000000003617d7
[mtlr] resource2 sel8 flags 470 sz 0x1000 -> kr 0x00000000 rid 119 GPUVA 0x10002490000 cpu 10b160000
[mtlr]   out: 0000010002490000 000000010b160000 0000000102749940 0000000000000000
[mtlr]   out: 0000007700000000 0000000000004000 00000002b1b5b7a8 00000000003617d8
[mtlr] resource2 sel8 flags 470 sz 0x1000 -> kr 0x00000000 rid 119 GPUVA 0x10002490000 cpu 10b160000
[mtlr]   out: 0000010002490000 000000010b160000 0000000102749940 0000000000000000
[mtlr]   out: 0000007700000000 0000000000004000 00000002b1b5b7a9 00000000003617d9
[mtlr] resource2 sel8 flags 470 sz 0x1000 -> kr 0x00000000 rid 119 GPUVA 0x10002490000 cpu 10b160000
[mtlr]   out: 0000010002490000 000000010b160000 0000000102749940 0000000000000000
[mtlr]   out: 0000007700000000 0000000000004000 00000002b1b5b7aa 00000000003617da
[mtlr] resource2 sel8 flags 470 sz 0x1000 -> kr 0x00000000 rid 119 GPUVA 0x10002490000 cpu 10b160000
[mtlr]   out: 0000010002490000 000000010b160000 0000000102749940 0000000000000000
[mtlr]   out: 0000007700000000 0000000000004000 00000002b1b5b7ab 00000000003617db
[mtlr] resource2 sel8 flags 470 sz 0x1000 -> kr 0x00000000 rid 119 GPUVA 0x10002490000 cpu 10b160000
[mtlr]   out: 0000010002490000 000000010b160000 0000000102749940 0000000000000000
[mtlr]   out: 0000007700000000 0000000000004000 00000002b1b5b7ac 00000000003617dc
[mtlr] resource2 sel8 flags 470 sz 0x1000 -> kr 0x00000000 rid 119 GPUVA 0x10002490000 cpu 10b160000
[mtlr]   out: 0000010002490000 000000010b160000 0000000102749940 0000000000000000
[mtlr]   out: 0000007700000000 0000000000004000 00000002b1b5b7ad 00000000003617dd
[mtlr] resource2 sel8 flags 470 sz 0x1000 -> kr 0x00000000 rid 119 GPUVA 0x10002490000 cpu 10b160000
[mtlr]   out: 0000010002490000 000000010b160000 0000000102749940 0000000000000000
[mtlr]   out: 0000007700000000 0000000000004000 00000002b1b5b7ae 00000000003617de
[mtlr] resource2 sel8 flags 470 sz 0x1000 -> kr 0x00000000 rid 119 GPUVA 0x10002490000 cpu 10b160000
[mtlr]   out: 0000010002490000 000000010b160000 0000000102749940 0000000000000000
[mtlr]   out: 0000007700000000 0000000000004000 00000002b1b5b7af 00000000003617df
[mtlr] resource2 sel8 flags 470 sz 0x1000 -> kr 0x00000000 rid 119 GPUVA 0x10002490000 cpu 10b160000
[mtlr]   out: 0000010002490000 000000010b160000 0000000102749940 0000000000000000
[mtlr]   out: 0000007700000000 0000000000004000 00000002b1b5b7b0 00000000003617e0
[mtlr] resource2 sel8 flags 470 sz 0x1000 -> kr 0x00000000 rid 119 GPUVA 0x10002490000 cpu 10b160000
[mtlr]   out: 0000010002490000 000000010b160000 0000000102749940 0000000000000000
[mtlr]   out: 0000007700000000 0000000000004000 00000002b1b5b7b1 00000000003617e1
[mtlr] resource2 sel8 flags 470 sz 0x1000 -> kr 0x00000000 rid 119 GPUVA 0x10002490000 cpu 10b160000
[mtlr]   out: 0000010002490000 000000010b160000 0000000102749940 0000000000000000
[mtlr]   out: 0000007700000000 0000000000004000 00000002b1b5b7b2 00000000003617e2
[mtlr] resource2 sel8 flags 470 sz 0x1000 -> kr 0x00000000 rid 119 GPUVA 0x10002490000 cpu 10b160000
[mtlr]   out: 0000010002490000 000000010b160000 0000000102749940 0000000000000000
[mtlr]   out: 0000007700000000 0000000000004000 00000002b1b5b7b3 00000000003617e3
[mtlr] resource2 sel8 flags 470 sz 0x1000 -> kr 0x00000000 rid 119 GPUVA 0x10002490000 cpu 10b160000
[mtlr]   out: 0000010002490000 000000010b160000 0000000102749940 0000000000000000
[mtlr]   out: 0000007700000000 0000000000004000 00000002b1b5b7b4 00000000003617e4
[mtlr] resource2 sel8 flags 470 sz 0x1000 -> kr 0x00000000 rid 119 GPUVA 0x10002490000 cpu 10b160000
[mtlr]   out: 0000010002490000 000000010b160000 0000000102749940 0000000000000000
[mtlr]   out: 0000007700000000 0000000000004000 00000002b1b5b7b5 00000000003617e5
[mtlr] resource2 sel8 flags 470 sz 0x1000 -> kr 0x00000000 rid 119 GPUVA 0x10002490000 cpu 10b160000
[mtlr]   out: 0000010002490000 000000010b160000 0000000102749940 0000000000000000
[mtlr]   out: 0000007700000000 0000000000004000 00000002b1b5b7b6 00000000003617e6
[mtlr] resource2 sel8 flags 470 sz 0x1000 -> kr 0x00000000 rid 119 GPUVA 0x10002490000 cpu 10b160000
[mtlr]   out: 0000010002490000 000000010b160000 0000000102749940 0000000000000000
[mtlr]   out: 0000007700000000 0000000000004000 00000002b1b5b7b7 00000000003617e7
[mtlr] resource2 sel8 flags 470 sz 0x1000 -> kr 0x00000000 rid 119 GPUVA 0x10002490000 cpu 10b160000
[mtlr]   out: 0000010002490000 000000010b160000 0000000102749940 0000000000000000
[mtlr]   out: 0000007700000000 0000000000004000 00000002b1b5b7b8 00000000003617e8
[mtlr] resource2 sel8 flags 470 sz 0x1000 -> kr 0x00000000 rid 119 GPUVA 0x10002490000 cpu 10b160000
[mtlr]   out: 0000010002490000 000000010b160000 0000000102749940 0000000000000000
[mtlr]   out: 0000007700000000 0000000000004000 00000002b1b5b7b9 00000000003617e9
[mtlr] resource2 sel8 flags 470 sz 0x1000 -> kr 0x00000000 rid 119 GPUVA 0x10002490000 cpu 10b160000
[mtlr]   out: 0000010002490000 000000010b160000 0000000102749940 0000000000000000
[mtlr]   out: 0000007700000000 0000000000004000 00000002b1b5b7ba 00000000003617ea
[mtlr] resource2 sel8 flags 470 sz 0x1000 -> kr 0x00000000 rid 119 GPUVA 0x10002490000 cpu 10b160000
[mtlr]   out: 0000010002490000 000000010b160000 0000000102749940 0000000000000000
[mtlr]   out: 0000007700000000 0000000000004000 00000002b1b5b7bb 00000000003617eb
[mtlr] resource2 sel8 flags 470 sz 0x1000 -> kr 0x00000000 rid 119 GPUVA 0x10002490000 cpu 10b160000
[mtlr]   out: 0000010002490000 000000010b160000 0000000102749940 0000000000000000
[mtlr]   out: 0000007700000000 0000000000004000 00000002b1b5b7bc 00000000003617ec
[mtlr] resource2 sel8 flags 470 sz 0x1000 -> kr 0x00000000 rid 119 GPUVA 0x10002490000 cpu 10b160000
[mtlr]   out: 0000010002490000 000000010b160000 0000000102749940 0000000000000000
[mtlr]   out: 0000007700000000 0000000000004000 00000002b1b5b7bd 00000000003617ed
[mtlr] resource2 sel8 flags 470 sz 0x1000 -> kr 0x00000000 rid 119 GPUVA 0x10002490000 cpu 10b160000
[mtlr]   out: 0000010002490000 000000010b160000 0000000102749940 0000000000000000
[mtlr]   out: 0000007700000000 0000000000004000 00000002b1b5b7be 00000000003617ee
[mtlr] resource2 sel8 flags 470 sz 0x1000 -> kr 0x00000000 rid 119 GPUVA 0x10002490000 cpu 10b160000
[mtlr]   out: 0000010002490000 000000010b160000 0000000102749940 0000000000000000
[mtlr]   out: 0000007700000000 0000000000004000 00000002b1b5b7bf 00000000003617ef
[mtlr] resource2 sel8 flags 470 sz 0x1000 -> kr 0x00000000 rid 119 GPUVA 0x10002490000 cpu 10b160000
[mtlr]   out: 0000010002490000 000000010b160000 0000000102749940 0000000000000000
[mtlr]   out: 0000007700000000 0000000000004000 00000002b1b5b7c0 00000000003617f0
[uatrec] S4 r19 (+1s): nvv 8 ncb 8 vsz 0x100000 destroy0 kr 0x00000000 nj 40
[uatrec] S4 r19 blit[0] slots 10 ridp 1
[uatrec] S4 r19 blit[1] slots 10 ridp 1
[uatrec] S4 r19 blit[2] slots 10 ridp 1
[uatrec] S4 r19 blit[3] slots 10 ridp 1
[uatrec] S4 r19 blit[4] slots 10 ridp 1
[uatrec] S4 r19 blit[5] slots 10 ridp 1
[uatrec] S4 r19 blit[6] slots 10 ridp 1
[uatrec] S4 r19 blit[7] slots 10 ridp 1
[uatrec] S4 heartbeat: round 20 done, t=1s (alive)
[mtlr] resource2 sel8 flags 470 sz 0x100000 -> kr 0x00000000 rid 119 GPUVA 0x10002490000 cpu 10b160000
[mtlr]   out: 0000010002490000 000000010b160000 0000000102749940 0000000000000000
[mtlr]   out: 0000007700000000 0000000000100000 00000002b1b5b80c 00000000003617f3
[uatrec] S4 r20 victim[0] rid 119 gpuva 0x10002490000 cpu 0x10b160000 (top-of-stack)
[mtlr] resource2 sel8 flags 470 sz 0x100000 -> kr 0x00000000 rid 120 GPUVA 0x10002598000 cpu 10b260000
[mtlr]   out: 0000010002598000 000000010b260000 0000000102749a00 0000000000000000
[mtlr]   out: 0000007800000000 0000000000100000 00000002b1b5b80d 00000000003617f4
[uatrec] S4 r20 victim[1] rid 120 gpuva 0x10002598000 cpu 0x10b260000 (top-of-stack)
[mtlr] resource2 sel8 flags 470 sz 0x100000 -> kr 0x00000000 rid 121 GPUVA 0x100026a0000 cpu 10b360000
[mtlr]   out: 00000100026a0000 000000010b360000 0000000102749ac0 0000000000000000
[mtlr]   out: 0000007900000000 0000000000100000 00000002b1b5b80e 00000000003617f5
[uatrec] S4 r20 victim[2] rid 121 gpuva 0x100026a0000 cpu 0x10b360000 (top-of-stack)
[mtlr] resource2 sel8 flags 470 sz 0x100000 -> kr 0x00000000 rid 122 GPUVA 0x100027a8000 cpu 10b460000
[mtlr]   out: 00000100027a8000 000000010b460000 0000000102749b80 0000000000000000
[mtlr]   out: 0000007a00000000 0000000000100000 00000002b1b5b80f 00000000003617f6
[uatrec] S4 r20 victim[3] rid 122 gpuva 0x100027a8000 cpu 0x10b460000 (top-of-stack)
[mtlr] resource2 sel8 flags 470 sz 0x100000 -> kr 0x00000000 rid 123 GPUVA 0x100028b0000 cpu 10b560000
[mtlr]   out: 00000100028b0000 000000010b560000 0000000102749c40 0000000000000000
[mtlr]   out: 0000007b00000000 0000000000100000 00000002b1b5b810 00000000003617f7
[uatrec] S4 r20 victim[4] rid 123 gpuva 0x100028b0000 cpu 0x10b560000 (top-of-stack)
[mtlr] resource2 sel8 flags 470 sz 0x100000 -> kr 0x00000000 rid 124 GPUVA 0x100029b8000 cpu 10bc00000
[mtlr]   out: 00000100029b8000 000000010bc00000 0000000102749d00 0000000000000000
[mtlr]   out: 0000007c00000000 0000000000100000 00000002b1b5b811 00000000003617f8
[uatrec] S4 r20 victim[5] rid 124 gpuva 0x100029b8000 cpu 0x10bc00000 (top-of-stack)
[mtlr] resource2 sel8 flags 470 sz 0x100000 -> kr 0x00000000 rid 125 GPUVA 0x10002ac0000 cpu 10bdc0000
[mtlr]   out: 0000010002ac0000 000000010bdc0000 0000000102749dc0 0000000000000000
[mtlr]   out: 0000007d00000000 0000000000100000 00000002b1b5b819 00000000003617f9
[uatrec] S4 r20 victim[6] rid 125 gpuva 0x10002ac0000 cpu 0x10bdc0000 (top-of-stack)
[mtlr] resource2 sel8 flags 470 sz 0x100000 -> kr 0x00000000 rid 126 GPUVA 0x10002bc8000 cpu 10bf30000
[mtlr]   out: 0000010002bc8000 000000010bf30000 0000000102749e80 0000000000000000
[mtlr]   out: 0000007e00000000 0000000000100000 00000002b1b5b81a 00000000003617fa
[uatrec] S4 r20 victim[7] rid 126 gpuva 0x10002bc8000 cpu 0x10bf30000 (top-of-stack)
[mtlr] resource2 sel8 flags 470 sz 0x1000 -> kr 0x00000000 rid 119 GPUVA 0x10002490000 cpu 10b660000
[mtlr]   out: 0000010002490000 000000010b660000 0000000102749940 0000000000000000
[mtlr]   out: 0000007700000000 0000000000004000 00000002b1b5b83e 0000000000361804
[mtlr] resource2 sel8 flags 470 sz 0x1000 -> kr 0x00000000 rid 119 GPUVA 0x10002490000 cpu 10b660000
[mtlr]   out: 0000010002490000 000000010b660000 0000000102749940 0000000000000000
[mtlr]   out: 0000007700000000 0000000000004000 00000002b1b5b83f 0000000000361805
[mtlr] resource2 sel8 flags 470 sz 0x1000 -> kr 0x00000000 rid 119 GPUVA 0x10002490000 cpu 10b660000
[mtlr]   out: 0000010002490000 000000010b660000 0000000102749940 0000000000000000
[mtlr]   out: 0000007700000000 0000000000004000 00000002b1b5b840 0000000000361806
[mtlr] resource2 sel8 flags 470 sz 0x1000 -> kr 0x00000000 rid 119 GPUVA 0x10002490000 cpu 10b660000
[mtlr]   out: 0000010002490000 000000010b660000 0000000102749940 0000000000000000
[mtlr]   out: 0000007700000000 0000000000004000 00000002b1b5b841 0000000000361807
[mtlr] resource2 sel8 flags 470 sz 0x1000 -> kr 0x00000000 rid 119 GPUVA 0x10002490000 cpu 10b660000
[mtlr]   out: 0000010002490000 000000010b660000 0000000102749940 0000000000000000
[mtlr]   out: 0000007700000000 0000000000004000 00000002b1b5b842 0000000000361808
[mtlr] resource2 sel8 flags 470 sz 0x1000 -> kr 0x00000000 rid 119 GPUVA 0x10002490000 cpu 10b660000
[mtlr]   out: 0000010002490000 000000010b660000 0000000102749940 0000000000000000
[mtlr]   out: 0000007700000000 0000000000004000 00000002b1b5b843 0000000000361809
[mtlr] resource2 sel8 flags 470 sz 0x1000 -> kr 0x00000000 rid 119 GPUVA 0x10002490000 cpu 10b660000
[mtlr]   out: 0000010002490000 000000010b660000 0000000102749940 0000000000000000
[mtlr]   out: 0000007700000000 0000000000004000 00000002b1b5b844 000000000036180a
[mtlr] resource2 sel8 flags 470 sz 0x1000 -> kr 0x00000000 rid 119 GPUVA 0x10002490000 cpu 10b660000
[mtlr]   out: 0000010002490000 000000010b660000 0000000102749940 0000000000000000
[mtlr]   out: 0000007700000000 0000000000004000 00000002b1b5b845 000000000036180b
[mtlr] resource2 sel8 flags 470 sz 0x1000 -> kr 0x00000000 rid 119 GPUVA 0x10002490000 cpu 10b660000
[mtlr]   out: 0000010002490000 000000010b660000 0000000102749940 0000000000000000
[mtlr]   out: 0000007700000000 0000000000004000 00000002b1b5b846 000000000036180c
[mtlr] resource2 sel8 flags 470 sz 0x1000 -> kr 0x00000000 rid 119 GPUVA 0x10002490000 cpu 10b660000
[mtlr]   out: 0000010002490000 000000010b660000 0000000102749940 0000000000000000
[mtlr]   out: 0000007700000000 0000000000004000 00000002b1b5b847 000000000036180d
[mtlr] resource2 sel8 flags 470 sz 0x1000 -> kr 0x00000000 rid 119 GPUVA 0x10002490000 cpu 10b660000
[mtlr]   out: 0000010002490000 000000010b660000 0000000102749940 0000000000000000
[mtlr]   out: 0000007700000000 0000000000004000 00000002b1b5b848 000000000036180e
[mtlr] resource2 sel8 flags 470 sz 0x1000 -> kr 0x00000000 rid 119 GPUVA 0x10002490000 cpu 10b660000
[mtlr]   out: 0000010002490000 000000010b660000 0000000102749940 0000000000000000
[mtlr]   out: 0000007700000000 0000000000004000 00000002b1b5b849 000000000036180f
[mtlr] resource2 sel8 flags 470 sz 0x1000 -> kr 0x00000000 rid 119 GPUVA 0x10002490000 cpu 10b660000
[mtlr]   out: 0000010002490000 000000010b660000 0000000102749940 0000000000000000
[mtlr]   out: 0000007700000000 0000000000004000 00000002b1b5b84a 0000000000361810
[mtlr] resource2 sel8 flags 470 sz 0x1000 -> kr 0x00000000 rid 119 GPUVA 0x10002490000 cpu 10b660000
[mtlr]   out: 0000010002490000 000000010b660000 0000000102749940 0000000000000000
[mtlr]   out: 0000007700000000 0000000000004000 00000002b1b5b84b 0000000000361811
[mtlr] resource2 sel8 flags 470 sz 0x1000 -> kr 0x00000000 rid 119 GPUVA 0x10002490000 cpu 10b660000
[mtlr]   out: 0000010002490000 000000010b660000 0000000102749940 0000000000000000
[mtlr]   out: 0000007700000000 0000000000004000 00000002b1b5b84c 0000000000361812
[mtlr] resource2 sel8 flags 470 sz 0x1000 -> kr 0x00000000 rid 119 GPUVA 0x10002490000 cpu 10b660000
[mtlr]   out: 0000010002490000 000000010b660000 0000000102749940 0000000000000000
[mtlr]   out: 0000007700000000 0000000000004000 00000002b1b5b84d 0000000000361813
[mtlr] resource2 sel8 flags 470 sz 0x1000 -> kr 0x00000000 rid 119 GPUVA 0x10002490000 cpu 10b660000
[mtlr]   out: 0000010002490000 000000010b660000 0000000102749940 0000000000000000
[mtlr]   out: 0000007700000000 0000000000004000 00000002b1b5b84e 0000000000361814
[mtlr] resource2 sel8 flags 470 sz 0x1000 -> kr 0x00000000 rid 119 GPUVA 0x10002490000 cpu 10b660000
[mtlr]   out: 0000010002490000 000000010b660000 0000000102749940 0000000000000000
[mtlr]   out: 0000007700000000 0000000000004000 00000002b1b5b84f 0000000000361815
[mtlr] resource2 sel8 flags 470 sz 0x1000 -> kr 0x00000000 rid 119 GPUVA 0x10002490000 cpu 10b660000
[mtlr]   out: 0000010002490000 000000010b660000 0000000102749940 0000000000000000
[mtlr]   out: 0000007700000000 0000000000004000 00000002b1b5b850 0000000000361816
[mtlr] resource2 sel8 flags 470 sz 0x1000 -> kr 0x00000000 rid 119 GPUVA 0x10002490000 cpu 10b660000
[mtlr]   out: 0000010002490000 000000010b660000 0000000102749940 0000000000000000
[mtlr]   out: 0000007700000000 0000000000004000 00000002b1b5b851 0000000000361817
[mtlr] resource2 sel8 flags 470 sz 0x1000 -> kr 0x00000000 rid 119 GPUVA 0x10002490000 cpu 10b660000
[mtlr]   out: 0000010002490000 000000010b660000 0000000102749940 0000000000000000
[mtlr]   out: 0000007700000000 0000000000004000 00000002b1b5b852 0000000000361818
[mtlr] resource2 sel8 flags 470 sz 0x1000 -> kr 0x00000000 rid 119 GPUVA 0x10002490000 cpu 10b660000
[mtlr]   out: 0000010002490000 000000010b660000 0000000102749940 0000000000000000
[mtlr]   out: 0000007700000000 0000000000004000 00000002b1b5b853 0000000000361819
[mtlr] resource2 sel8 flags 470 sz 0x1000 -> kr 0x00000000 rid 119 GPUVA 0x10002490000 cpu 10b660000
[mtlr]   out: 0000010002490000 000000010b660000 0000000102749940 0000000000000000
[mtlr]   out: 0000007700000000 0000000000004000 00000002b1b5b854 000000000036181a
[mtlr] resource2 sel8 flags 470 sz 0x1000 -> kr 0x00000000 rid 119 GPUVA 0x10002490000 cpu 10b660000
[mtlr]   out: 0000010002490000 000000010b660000 0000000102749940 0000000000000000
[mtlr]   out: 0000007700000000 0000000000004000 00000002b1b5b855 000000000036181b
[mtlr] resource2 sel8 flags 470 sz 0x1000 -> kr 0x00000000 rid 119 GPUVA 0x10002490000 cpu 10b660000
[mtlr]   out: 0000010002490000 000000010b660000 0000000102749940 0000000000000000
[mtlr]   out: 0000007700000000 0000000000004000 00000002b1b5b856 000000000036181c
[mtlr] resource2 sel8 flags 470 sz 0x1000 -> kr 0x00000000 rid 119 GPUVA 0x10002490000 cpu 10b660000
[mtlr]   out: 0000010002490000 000000010b660000 0000000102749940 0000000000000000
[mtlr]   out: 0000007700000000 0000000000004000 00000002b1b5b857 000000000036181d
[mtlr] resource2 sel8 flags 470 sz 0x1000 -> kr 0x00000000 rid 119 GPUVA 0x10002490000 cpu 10b660000
[mtlr]   out: 0000010002490000 000000010b660000 0000000102749940 0000000000000000
[mtlr]   out: 0000007700000000 0000000000004000 00000002b1b5b858 000000000036181e
[mtlr] resource2 sel8 flags 470 sz 0x1000 -> kr 0x00000000 rid 119 GPUVA 0x10002490000 cpu 10b660000
[mtlr]   out: 0000010002490000 000000010b660000 0000000102749940 0000000000000000
[mtlr]   out: 0000007700000000 0000000000004000 00000002b1b5b859 000000000036181f
[mtlr] resource2 sel8 flags 470 sz 0x1000 -> kr 0x00000000 rid 119 GPUVA 0x10002490000 cpu 10b660000
[mtlr]   out: 0000010002490000 000000010b660000 0000000102749940 0000000000000000
[mtlr]   out: 0000007700000000 0000000000004000 00000002b1b5b85a 0000000000361820
[mtlr] resource2 sel8 flags 470 sz 0x1000 -> kr 0x00000000 rid 119 GPUVA 0x10002490000 cpu 10b660000
[mtlr]   out: 0000010002490000 000000010b660000 0000000102749940 0000000000000000
[mtlr]   out: 0000007700000000 0000000000004000 00000002b1b5b85b 0000000000361821
[mtlr] resource2 sel8 flags 470 sz 0x1000 -> kr 0x00000000 rid 119 GPUVA 0x10002490000 cpu 10b660000
[mtlr]   out: 0000010002490000 000000010b660000 0000000102749940 0000000000000000
[mtlr]   out: 0000007700000000 0000000000004000 00000002b1b5b85c 0000000000361822
[mtlr] resource2 sel8 flags 470 sz 0x1000 -> kr 0x00000000 rid 119 GPUVA 0x10002490000 cpu 10b660000
[mtlr]   out: 0000010002490000 000000010b660000 0000000102749940 0000000000000000
[mtlr]   out: 0000007700000000 0000000000004000 00000002b1b5b85d 0000000000361823
[mtlr] resource2 sel8 flags 470 sz 0x1000 -> kr 0x00000000 rid 119 GPUVA 0x10002490000 cpu 10b660000
[mtlr]   out: 0000010002490000 000000010b660000 0000000102749940 0000000000000000
[mtlr]   out: 0000007700000000 0000000000004000 00000002b1b5b85e 0000000000361824
[mtlr] resource2 sel8 flags 470 sz 0x1000 -> kr 0x00000000 rid 119 GPUVA 0x10002490000 cpu 10b660000
[mtlr]   out: 0000010002490000 000000010b660000 0000000102749940 0000000000000000
[mtlr]   out: 0000007700000000 0000000000004000 00000002b1b5b85f 0000000000361825
[mtlr] resource2 sel8 flags 470 sz 0x1000 -> kr 0x00000000 rid 119 GPUVA 0x10002490000 cpu 10b660000
[mtlr]   out: 0000010002490000 000000010b660000 0000000102749940 0000000000000000
[mtlr]   out: 0000007700000000 0000000000004000 00000002b1b5b860 0000000000361826
[mtlr] resource2 sel8 flags 470 sz 0x1000 -> kr 0x00000000 rid 119 GPUVA 0x10002490000 cpu 10b660000
[mtlr]   out: 0000010002490000 000000010b660000 0000000102749940 0000000000000000
[mtlr]   out: 0000007700000000 0000000000004000 00000002b1b5b861 0000000000361827
[mtlr] resource2 sel8 flags 470 sz 0x1000 -> kr 0x00000000 rid 119 GPUVA 0x10002490000 cpu 10b660000
[mtlr]   out: 0000010002490000 000000010b660000 0000000102749940 0000000000000000
[mtlr]   out: 0000007700000000 0000000000004000 00000002b1b5b862 0000000000361828
[mtlr] resource2 sel8 flags 470 sz 0x1000 -> kr 0x00000000 rid 119 GPUVA 0x10002490000 cpu 10b660000
[mtlr]   out: 0000010002490000 000000010b660000 0000000102749940 0000000000000000
[mtlr]   out: 0000007700000000 0000000000004000 00000002b1b5b863 0000000000361829
[mtlr] resource2 sel8 flags 470 sz 0x1000 -> kr 0x00000000 rid 119 GPUVA 0x10002490000 cpu 10b660000
[mtlr]   out: 0000010002490000 000000010b660000 0000000102749940 0000000000000000
[mtlr]   out: 0000007700000000 0000000000004000 00000002b1b5b864 000000000036182a
[mtlr] resource2 sel8 flags 470 sz 0x1000 -> kr 0x00000000 rid 119 GPUVA 0x10002490000 cpu 10b660000
[mtlr]   out: 0000010002490000 000000010b660000 0000000102749940 0000000000000000
[mtlr]   out: 0000007700000000 0000000000004000 00000002b1b5b865 000000000036182b
[uatrec] S4 r20 (+1s): nvv 8 ncb 8 vsz 0x100000 destroy0 kr 0x00000000 nj 40
[uatrec] S4 r20 blit[0] slots 10 ridp 1
[uatrec] S4 r20 blit[1] slots 10 ridp 1
[uatrec] S4 r20 blit[2] slots 10 ridp 1
[uatrec] S4 r20 blit[3] slots 10 ridp 1
[uatrec] S4 r20 blit[4] slots 10 ridp 1
[uatrec] S4 r20 blit[5] slots 10 ridp 1
[uatrec] S4 r20 blit[6] slots 10 ridp 1
[uatrec] S4 r20 blit[7] slots 10 ridp 1
[mtlr] resource2 sel8 flags 470 sz 0x100000 -> kr 0x00000000 rid 119 GPUVA 0x10002490000 cpu 10c1a0000
[mtlr]   out: 0000010002490000 000000010c1a0000 0000000102749940 0000000000000000
[mtlr]   out: 0000007700000000 0000000000100000 00000002b1b5b8b1 000000000036182e
[uatrec] S4 r21 victim[0] rid 119 gpuva 0x10002490000 cpu 0x10c1a0000 (top-of-stack)
[mtlr] resource2 sel8 flags 470 sz 0x100000 -> kr 0x00000000 rid 120 GPUVA 0x10002598000 cpu 10c2a0000
[mtlr]   out: 0000010002598000 000000010c2a0000 0000000102749a00 0000000000000000
[mtlr]   out: 0000007800000000 0000000000100000 00000002b1b5b8b2 000000000036182f
[uatrec] S4 r21 victim[1] rid 120 gpuva 0x10002598000 cpu 0x10c2a0000 (top-of-stack)
[mtlr] resource2 sel8 flags 470 sz 0x100000 -> kr 0x00000000 rid 121 GPUVA 0x100026a0000 cpu 10c3a0000
[mtlr]   out: 00000100026a0000 000000010c3a0000 0000000102749ac0 0000000000000000
[mtlr]   out: 0000007900000000 0000000000100000 00000002b1b5b8b3 0000000000361830
[uatrec] S4 r21 victim[2] rid 121 gpuva 0x100026a0000 cpu 0x10c3a0000 (top-of-stack)
[mtlr] resource2 sel8 flags 470 sz 0x100000 -> kr 0x00000000 rid 122 GPUVA 0x100027a8000 cpu 10c4a0000
[mtlr]   out: 00000100027a8000 000000010c4a0000 0000000102749b80 0000000000000000
[mtlr]   out: 0000007a00000000 0000000000100000 00000002b1b5b8b4 0000000000361831
[uatrec] S4 r21 victim[3] rid 122 gpuva 0x100027a8000 cpu 0x10c4a0000 (top-of-stack)
[mtlr] resource2 sel8 flags 470 sz 0x100000 -> kr 0x00000000 rid 123 GPUVA 0x100028b0000 cpu 10b160000
[mtlr]   out: 00000100028b0000 000000010b160000 0000000102749c40 0000000000000000
[mtlr]   out: 0000007b00000000 0000000000100000 00000002b1b5b8b5 0000000000361832
[uatrec] S4 r21 victim[4] rid 123 gpuva 0x100028b0000 cpu 0x10b160000 (top-of-stack)
[mtlr] resource2 sel8 flags 470 sz 0x100000 -> kr 0x00000000 rid 124 GPUVA 0x100029b8000 cpu 10b260000
[mtlr]   out: 00000100029b8000 000000010b260000 0000000102749d00 0000000000000000
[mtlr]   out: 0000007c00000000 0000000000100000 00000002b1b5b8b7 0000000000361833
[uatrec] S4 r21 victim[5] rid 124 gpuva 0x100029b8000 cpu 0x10b260000 (top-of-stack)
[mtlr] resource2 sel8 flags 470 sz 0x100000 -> kr 0x00000000 rid 125 GPUVA 0x10002ac0000 cpu 10b360000
[mtlr]   out: 0000010002ac0000 000000010b360000 0000000102749dc0 0000000000000000
[mtlr]   out: 0000007d00000000 0000000000100000 00000002b1b5b8be 0000000000361834
[uatrec] S4 r21 victim[6] rid 125 gpuva 0x10002ac0000 cpu 0x10b360000 (top-of-stack)
[mtlr] resource2 sel8 flags 470 sz 0x100000 -> kr 0x00000000 rid 126 GPUVA 0x10002bc8000 cpu 10b460000
[mtlr]   out: 0000010002bc8000 000000010b460000 0000000102749e80 0000000000000000
[mtlr]   out: 0000007e00000000 0000000000100000 00000002b1b5b8bf 0000000000361835
[uatrec] S4 r21 victim[7] rid 126 gpuva 0x10002bc8000 cpu 0x10b460000 (top-of-stack)
[mtlr] resource2 sel8 flags 470 sz 0x1000 -> kr 0x00000000 rid 119 GPUVA 0x10002490000 cpu 10b660000
[mtlr]   out: 0000010002490000 000000010b660000 0000000102749940 0000000000000000
[mtlr]   out: 0000007700000000 0000000000004000 00000002b1b5b8db 000000000036183f
[mtlr] resource2 sel8 flags 470 sz 0x1000 -> kr 0x00000000 rid 119 GPUVA 0x10002490000 cpu 10b660000
[mtlr]   out: 0000010002490000 000000010b660000 0000000102749940 0000000000000000
[mtlr]   out: 0000007700000000 0000000000004000 00000002b1b5b8dc 0000000000361840
[mtlr] resource2 sel8 flags 470 sz 0x1000 -> kr 0x00000000 rid 119 GPUVA 0x10002490000 cpu 10b660000
[mtlr]   out: 0000010002490000 000000010b660000 0000000102749940 0000000000000000
[mtlr]   out: 0000007700000000 0000000000004000 00000002b1b5b8dd 0000000000361841
[mtlr] resource2 sel8 flags 470 sz 0x1000 -> kr 0x00000000 rid 119 GPUVA 0x10002490000 cpu 10b660000
[mtlr]   out: 0000010002490000 000000010b660000 0000000102749940 0000000000000000
[mtlr]   out: 0000007700000000 0000000000004000 00000002b1b5b8de 0000000000361842
[mtlr] resource2 sel8 flags 470 sz 0x1000 -> kr 0x00000000 rid 119 GPUVA 0x10002490000 cpu 10b660000
[mtlr]   out: 0000010002490000 000000010b660000 0000000102749940 0000000000000000
[mtlr]   out: 0000007700000000 0000000000004000 00000002b1b5b8df 0000000000361843
[mtlr] resource2 sel8 flags 470 sz 0x1000 -> kr 0x00000000 rid 119 GPUVA 0x10002490000 cpu 10b660000
[mtlr]   out: 0000010002490000 000000010b660000 0000000102749940 0000000000000000
[mtlr]   out: 0000007700000000 0000000000004000 00000002b1b5b8e0 0000000000361844
[mtlr] resource2 sel8 flags 470 sz 0x1000 -> kr 0x00000000 rid 119 GPUVA 0x10002490000 cpu 10b660000
[mtlr]   out: 0000010002490000 000000010b660000 0000000102749940 0000000000000000
[mtlr]   out: 0000007700000000 0000000000004000 00000002b1b5b8e1 0000000000361845
[mtlr] resource2 sel8 flags 470 sz 0x1000 -> kr 0x00000000 rid 119 GPUVA 0x10002490000 cpu 10b660000
[mtlr]   out: 0000010002490000 000000010b660000 0000000102749940 0000000000000000
[mtlr]   out: 0000007700000000 0000000000004000 00000002b1b5b8e2 0000000000361846
[mtlr] resource2 sel8 flags 470 sz 0x1000 -> kr 0x00000000 rid 119 GPUVA 0x10002490000 cpu 10b660000
[mtlr]   out: 0000010002490000 000000010b660000 0000000102749940 0000000000000000
[mtlr]   out: 0000007700000000 0000000000004000 00000002b1b5b8e3 0000000000361847
[mtlr] resource2 sel8 flags 470 sz 0x1000 -> kr 0x00000000 rid 119 GPUVA 0x10002490000 cpu 10b660000
[mtlr]   out: 0000010002490000 000000010b660000 0000000102749940 0000000000000000
[mtlr]   out: 0000007700000000 0000000000004000 00000002b1b5b8e4 0000000000361848
[mtlr] resource2 sel8 flags 470 sz 0x1000 -> kr 0x00000000 rid 119 GPUVA 0x10002490000 cpu 10b660000
[mtlr]   out: 0000010002490000 000000010b660000 0000000102749940 0000000000000000
[mtlr]   out: 0000007700000000 0000000000004000 00000002b1b5b8e5 0000000000361849
[mtlr] resource2 sel8 flags 470 sz 0x1000 -> kr 0x00000000 rid 119 GPUVA 0x10002490000 cpu 10b660000
[mtlr]   out: 0000010002490000 000000010b660000 0000000102749940 0000000000000000
[mtlr]   out: 0000007700000000 0000000000004000 00000002b1b5b8e6 000000000036184a
[mtlr] resource2 sel8 flags 470 sz 0x1000 -> kr 0x00000000 rid 119 GPUVA 0x10002490000 cpu 10b660000
[mtlr]   out: 0000010002490000 000000010b660000 0000000102749940 0000000000000000
[mtlr]   out: 0000007700000000 0000000000004000 00000002b1b5b8e7 000000000036184b
[mtlr] resource2 sel8 flags 470 sz 0x1000 -> kr 0x00000000 rid 119 GPUVA 0x10002490000 cpu 10b660000
[mtlr]   out: 0000010002490000 000000010b660000 0000000102749940 0000000000000000
[mtlr]   out: 0000007700000000 0000000000004000 00000002b1b5b8e8 000000000036184c
[mtlr] resource2 sel8 flags 470 sz 0x1000 -> kr 0x00000000 rid 119 GPUVA 0x10002490000 cpu 10b660000
[mtlr]   out: 0000010002490000 000000010b660000 0000000102749940 0000000000000000
[mtlr]   out: 0000007700000000 0000000000004000 00000002b1b5b8e9 000000000036184d
[mtlr] resource2 sel8 flags 470 sz 0x1000 -> kr 0x00000000 rid 119 GPUVA 0x10002490000 cpu 10b660000
[mtlr]   out: 0000010002490000 000000010b660000 0000000102749940 0000000000000000
[mtlr]   out: 0000007700000000 0000000000004000 00000002b1b5b8ea 000000000036184e
[mtlr] resource2 sel8 flags 470 sz 0x1000 -> kr 0x00000000 rid 119 GPUVA 0x10002490000 cpu 10b660000
[mtlr]   out: 0000010002490000 000000010b660000 0000000102749940 0000000000000000
[mtlr]   out: 0000007700000000 0000000000004000 00000002b1b5b8eb 000000000036184f
[mtlr] resource2 sel8 flags 470 sz 0x1000 -> kr 0x00000000 rid 119 GPUVA 0x10002490000 cpu 10b660000
[mtlr]   out: 0000010002490000 000000010b660000 0000000102749940 0000000000000000
[mtlr]   out: 0000007700000000 0000000000004000 00000002b1b5b8ec 0000000000361850
[mtlr] resource2 sel8 flags 470 sz 0x1000 -> kr 0x00000000 rid 119 GPUVA 0x10002490000 cpu 10b660000
[mtlr]   out: 0000010002490000 000000010b660000 0000000102749940 0000000000000000
[mtlr]   out: 0000007700000000 0000000000004000 00000002b1b5b8ed 0000000000361851
[mtlr] resource2 sel8 flags 470 sz 0x1000 -> kr 0x00000000 rid 119 GPUVA 0x10002490000 cpu 10b660000
[mtlr]   out: 0000010002490000 000000010b660000 0000000102749940 0000000000000000
[mtlr]   out: 0000007700000000 0000000000004000 00000002b1b5b8ee 0000000000361852
[mtlr] resource2 sel8 flags 470 sz 0x1000 -> kr 0x00000000 rid 119 GPUVA 0x10002490000 cpu 10b660000
[mtlr]   out: 0000010002490000 000000010b660000 0000000102749940 0000000000000000
[mtlr]   out: 0000007700000000 0000000000004000 00000002b1b5b8ef 0000000000361853
[mtlr] resource2 sel8 flags 470 sz 0x1000 -> kr 0x00000000 rid 119 GPUVA 0x10002490000 cpu 10b660000
[mtlr]   out: 0000010002490000 000000010b660000 0000000102749940 0000000000000000
[mtlr]   out: 0000007700000000 0000000000004000 00000002b1b5b8f0 0000000000361854
[mtlr] resource2 sel8 flags 470 sz 0x1000 -> kr 0x00000000 rid 119 GPUVA 0x10002490000 cpu 10b660000
[mtlr]   out: 0000010002490000 000000010b660000 0000000102749940 0000000000000000
[mtlr]   out: 0000007700000000 0000000000004000 00000002b1b5b8f1 0000000000361855
[mtlr] resource2 sel8 flags 470 sz 0x1000 -> kr 0x00000000 rid 119 GPUVA 0x10002490000 cpu 10b660000
[mtlr]   out: 0000010002490000 000000010b660000 0000000102749940 0000000000000000
[mtlr]   out: 0000007700000000 0000000000004000 00000002b1b5b8f2 0000000000361856
[mtlr] resource2 sel8 flags 470 sz 0x1000 -> kr 0x00000000 rid 119 GPUVA 0x10002490000 cpu 10b660000
[mtlr]   out: 0000010002490000 000000010b660000 0000000102749940 0000000000000000
[mtlr]   out: 0000007700000000 0000000000004000 00000002b1b5b8f3 0000000000361857
[mtlr] resource2 sel8 flags 470 sz 0x1000 -> kr 0x00000000 rid 119 GPUVA 0x10002490000 cpu 10b660000
[mtlr]   out: 0000010002490000 000000010b660000 0000000102749940 0000000000000000
[mtlr]   out: 0000007700000000 0000000000004000 00000002b1b5b8f4 0000000000361858
[mtlr] resource2 sel8 flags 470 sz 0x1000 -> kr 0x00000000 rid 119 GPUVA 0x10002490000 cpu 10b660000
[mtlr]   out: 0000010002490000 000000010b660000 0000000102749940 0000000000000000
[mtlr]   out: 0000007700000000 0000000000004000 00000002b1b5b8f5 0000000000361859
[mtlr] resource2 sel8 flags 470 sz 0x1000 -> kr 0x00000000 rid 119 GPUVA 0x10002490000 cpu 10b660000
[mtlr]   out: 0000010002490000 000000010b660000 0000000102749940 0000000000000000
[mtlr]   out: 0000007700000000 0000000000004000 00000002b1b5b8f6 000000000036185a
[mtlr] resource2 sel8 flags 470 sz 0x1000 -> kr 0x00000000 rid 119 GPUVA 0x10002490000 cpu 10b660000
[mtlr]   out: 0000010002490000 000000010b660000 0000000102749940 0000000000000000
[mtlr]   out: 0000007700000000 0000000000004000 00000002b1b5b8f7 000000000036185b
[mtlr] resource2 sel8 flags 470 sz 0x1000 -> kr 0x00000000 rid 119 GPUVA 0x10002490000 cpu 10b660000
[mtlr]   out: 0000010002490000 000000010b660000 0000000102749940 0000000000000000
[mtlr]   out: 0000007700000000 0000000000004000 00000002b1b5b8f8 000000000036185c
[mtlr] resource2 sel8 flags 470 sz 0x1000 -> kr 0x00000000 rid 119 GPUVA 0x10002490000 cpu 10b660000
[mtlr]   out: 0000010002490000 000000010b660000 0000000102749940 0000000000000000
[mtlr]   out: 0000007700000000 0000000000004000 00000002b1b5b8f9 000000000036185d
[mtlr] resource2 sel8 flags 470 sz 0x1000 -> kr 0x00000000 rid 119 GPUVA 0x10002490000 cpu 10b660000
[mtlr]   out: 0000010002490000 000000010b660000 0000000102749940 0000000000000000
[mtlr]   out: 0000007700000000 0000000000004000 00000002b1b5b8fa 000000000036185e
[mtlr] resource2 sel8 flags 470 sz 0x1000 -> kr 0x00000000 rid 119 GPUVA 0x10002490000 cpu 10b660000
[mtlr]   out: 0000010002490000 000000010b660000 0000000102749940 0000000000000000
[mtlr]   out: 0000007700000000 0000000000004000 00000002b1b5b8fb 000000000036185f
[mtlr] resource2 sel8 flags 470 sz 0x1000 -> kr 0x00000000 rid 119 GPUVA 0x10002490000 cpu 10b660000
[mtlr]   out: 0000010002490000 000000010b660000 0000000102749940 0000000000000000
[mtlr]   out: 0000007700000000 0000000000004000 00000002b1b5b8fc 0000000000361860
[mtlr] resource2 sel8 flags 470 sz 0x1000 -> kr 0x00000000 rid 119 GPUVA 0x10002490000 cpu 10b660000
[mtlr]   out: 0000010002490000 000000010b660000 0000000102749940 0000000000000000
[mtlr]   out: 0000007700000000 0000000000004000 00000002b1b5b8fd 0000000000361861
[mtlr] resource2 sel8 flags 470 sz 0x1000 -> kr 0x00000000 rid 119 GPUVA 0x10002490000 cpu 10b660000
[mtlr]   out: 0000010002490000 000000010b660000 0000000102749940 0000000000000000
[mtlr]   out: 0000007700000000 0000000000004000 00000002b1b5b8fe 0000000000361862
[mtlr] resource2 sel8 flags 470 sz 0x1000 -> kr 0x00000000 rid 119 GPUVA 0x10002490000 cpu 10b660000
[mtlr]   out: 0000010002490000 000000010b660000 0000000102749940 0000000000000000
[mtlr]   out: 0000007700000000 0000000000004000 00000002b1b5b8ff 0000000000361863
[mtlr] resource2 sel8 flags 470 sz 0x1000 -> kr 0x00000000 rid 119 GPUVA 0x10002490000 cpu 10b660000
[mtlr]   out: 0000010002490000 000000010b660000 0000000102749940 0000000000000000
[mtlr]   out: 0000007700000000 0000000000004000 00000002b1b5b900 0000000000361864
[mtlr] resource2 sel8 flags 470 sz 0x1000 -> kr 0x00000000 rid 119 GPUVA 0x10002490000 cpu 10b660000
[mtlr]   out: 0000010002490000 000000010b660000 0000000102749940 0000000000000000
[mtlr]   out: 0000007700000000 0000000000004000 00000002b1b5b901 0000000000361865
[mtlr] resource2 sel8 flags 470 sz 0x1000 -> kr 0x00000000 rid 119 GPUVA 0x10002490000 cpu 10b660000
[mtlr]   out: 0000010002490000 000000010b660000 0000000102749940 0000000000000000
[mtlr]   out: 0000007700000000 0000000000004000 00000002b1b5b904 0000000000361866
[uatrec] S4 r21 (+1s): nvv 8 ncb 8 vsz 0x100000 destroy0 kr 0x00000000 nj 40
[uatrec] S4 r21 blit[0] slots 10 ridp 1
[uatrec] S4 r21 blit[1] slots 10 ridp 1
[uatrec] S4 r21 blit[2] slots 10 ridp 1
[uatrec] S4 r21 blit[3] slots 10 ridp 1
[uatrec] S4 r21 blit[4] slots 10 ridp 1
[uatrec] S4 r21 blit[5] slots 10 ridp 1
[uatrec] S4 r21 blit[6] slots 10 ridp 1
[uatrec] S4 r21 blit[7] slots 10 ridp 1
[mtlr] resource2 sel8 flags 470 sz 0x100000 -> kr 0x00000000 rid 119 GPUVA 0x10002490000 cpu 10bc00000
[mtlr]   out: 0000010002490000 000000010bc00000 0000000102749940 0000000000000000
[mtlr]   out: 0000007700000000 0000000000100000 00000002b1b5b933 000000000036186d
[uatrec] S4 r22 victim[0] rid 119 gpuva 0x10002490000 cpu 0x10bc00000 (top-of-stack)
[mtlr] resource2 sel8 flags 470 sz 0x100000 -> kr 0x00000000 rid 120 GPUVA 0x10002598000 cpu 10bdc0000
[mtlr]   out: 0000010002598000 000000010bdc0000 0000000102749a00 0000000000000000
[mtlr]   out: 0000007800000000 0000000000100000 00000002b1b5b934 000000000036186e
[uatrec] S4 r22 victim[1] rid 120 gpuva 0x10002598000 cpu 0x10bdc0000 (top-of-stack)
[mtlr] resource2 sel8 flags 470 sz 0x100000 -> kr 0x00000000 rid 121 GPUVA 0x100026a0000 cpu 10bf30000
[mtlr]   out: 00000100026a0000 000000010bf30000 0000000102749ac0 0000000000000000
[mtlr]   out: 0000007900000000 0000000000100000 00000002b1b5b935 000000000036186f
[uatrec] S4 r22 victim[2] rid 121 gpuva 0x100026a0000 cpu 0x10bf30000 (top-of-stack)
[mtlr] resource2 sel8 flags 470 sz 0x100000 -> kr 0x00000000 rid 122 GPUVA 0x100027a8000 cpu 10c0a0000
[mtlr]   out: 00000100027a8000 000000010c0a0000 0000000102749b80 0000000000000000
[mtlr]   out: 0000007a00000000 0000000000100000 00000002b1b5b936 0000000000361870
[uatrec] S4 r22 victim[3] rid 122 gpuva 0x100027a8000 cpu 0x10c0a0000 (top-of-stack)
[mtlr] resource2 sel8 flags 470 sz 0x100000 -> kr 0x00000000 rid 123 GPUVA 0x100028b0000 cpu 10c5a0000
[mtlr]   out: 00000100028b0000 000000010c5a0000 0000000102749c40 0000000000000000
[mtlr]   out: 0000007b00000000 0000000000100000 00000002b1b5b937 0000000000361871
[uatrec] S4 r22 victim[4] rid 123 gpuva 0x100028b0000 cpu 0x10c5a0000 (top-of-stack)
[mtlr] resource2 sel8 flags 470 sz 0x100000 -> kr 0x00000000 rid 124 GPUVA 0x100029b8000 cpu 10c6a0000
[mtlr]   out: 00000100029b8000 000000010c6a0000 0000000102749d00 0000000000000000
[mtlr]   out: 0000007c00000000 0000000000100000 00000002b1b5b938 0000000000361872
[uatrec] S4 r22 victim[5] rid 124 gpuva 0x100029b8000 cpu 0x10c6a0000 (top-of-stack)
[mtlr] resource2 sel8 flags 470 sz 0x100000 -> kr 0x00000000 rid 125 GPUVA 0x10002ac0000 cpu 10b160000
[mtlr]   out: 0000010002ac0000 000000010b160000 0000000102749dc0 0000000000000000
[mtlr]   out: 0000007d00000000 0000000000100000 00000002b1b5b939 0000000000361873
[uatrec] S4 r22 victim[6] rid 125 gpuva 0x10002ac0000 cpu 0x10b160000 (top-of-stack)
[mtlr] resource2 sel8 flags 470 sz 0x100000 -> kr 0x00000000 rid 126 GPUVA 0x10002bc8000 cpu 10b260000
[mtlr]   out: 0000010002bc8000 000000010b260000 0000000102749e80 0000000000000000
[mtlr]   out: 0000007e00000000 0000000000100000 00000002b1b5b93d 0000000000361874
[uatrec] S4 r22 victim[7] rid 126 gpuva 0x10002bc8000 cpu 0x10b260000 (top-of-stack)
[mtlr] resource2 sel8 flags 470 sz 0x1000 -> kr 0x00000000 rid 119 GPUVA 0x10002490000 cpu 10b660000
[mtlr]   out: 0000010002490000 000000010b660000 0000000102749940 0000000000000000
[mtlr]   out: 0000007700000000 0000000000004000 00000002b1b5b967 000000000036187e
[mtlr] resource2 sel8 flags 470 sz 0x1000 -> kr 0x00000000 rid 119 GPUVA 0x10002490000 cpu 10b660000
[mtlr]   out: 0000010002490000 000000010b660000 0000000102749940 0000000000000000
[mtlr]   out: 0000007700000000 0000000000004000 00000002b1b5b968 000000000036187f
[mtlr] resource2 sel8 flags 470 sz 0x1000 -> kr 0x00000000 rid 119 GPUVA 0x10002490000 cpu 10b660000
[mtlr]   out: 0000010002490000 000000010b660000 0000000102749940 0000000000000000
[mtlr]   out: 0000007700000000 0000000000004000 00000002b1b5b969 0000000000361880
[mtlr] resource2 sel8 flags 470 sz 0x1000 -> kr 0x00000000 rid 119 GPUVA 0x10002490000 cpu 10b660000
[mtlr]   out: 0000010002490000 000000010b660000 0000000102749940 0000000000000000
[mtlr]   out: 0000007700000000 0000000000004000 00000002b1b5b96a 0000000000361881
[mtlr] resource2 sel8 flags 470 sz 0x1000 -> kr 0x00000000 rid 119 GPUVA 0x10002490000 cpu 10b660000
[mtlr]   out: 0000010002490000 000000010b660000 0000000102749940 0000000000000000
[mtlr]   out: 0000007700000000 0000000000004000 00000002b1b5b96b 0000000000361882
[mtlr] resource2 sel8 flags 470 sz 0x1000 -> kr 0x00000000 rid 119 GPUVA 0x10002490000 cpu 10b660000
[mtlr]   out: 0000010002490000 000000010b660000 0000000102749940 0000000000000000
[mtlr]   out: 0000007700000000 0000000000004000 00000002b1b5b96c 0000000000361883
[mtlr] resource2 sel8 flags 470 sz 0x1000 -> kr 0x00000000 rid 119 GPUVA 0x10002490000 cpu 10b660000
[mtlr]   out: 0000010002490000 000000010b660000 0000000102749940 0000000000000000
[mtlr]   out: 0000007700000000 0000000000004000 00000002b1b5b96d 0000000000361884
[mtlr] resource2 sel8 flags 470 sz 0x1000 -> kr 0x00000000 rid 119 GPUVA 0x10002490000 cpu 10b660000
[mtlr]   out: 0000010002490000 000000010b660000 0000000102749940 0000000000000000
[mtlr]   out: 0000007700000000 0000000000004000 00000002b1b5b96e 0000000000361885
[mtlr] resource2 sel8 flags 470 sz 0x1000 -> kr 0x00000000 rid 119 GPUVA 0x10002490000 cpu 10b660000
[mtlr]   out: 0000010002490000 000000010b660000 0000000102749940 0000000000000000
[mtlr]   out: 0000007700000000 0000000000004000 00000002b1b5b96f 0000000000361886
[mtlr] resource2 sel8 flags 470 sz 0x1000 -> kr 0x00000000 rid 119 GPUVA 0x10002490000 cpu 10b660000
[mtlr]   out: 0000010002490000 000000010b660000 0000000102749940 0000000000000000
[mtlr]   out: 0000007700000000 0000000000004000 00000002b1b5b970 0000000000361887
[mtlr] resource2 sel8 flags 470 sz 0x1000 -> kr 0x00000000 rid 119 GPUVA 0x10002490000 cpu 10b660000
[mtlr]   out: 0000010002490000 000000010b660000 0000000102749940 0000000000000000
[mtlr]   out: 0000007700000000 0000000000004000 00000002b1b5b971 0000000000361888
[mtlr] resource2 sel8 flags 470 sz 0x1000 -> kr 0x00000000 rid 119 GPUVA 0x10002490000 cpu 10b660000
[mtlr]   out: 0000010002490000 000000010b660000 0000000102749940 0000000000000000
[mtlr]   out: 0000007700000000 0000000000004000 00000002b1b5b972 0000000000361889
[mtlr] resource2 sel8 flags 470 sz 0x1000 -> kr 0x00000000 rid 119 GPUVA 0x10002490000 cpu 10b660000
[mtlr]   out: 0000010002490000 000000010b660000 0000000102749940 0000000000000000
[mtlr]   out: 0000007700000000 0000000000004000 00000002b1b5b973 000000000036188a
[mtlr] resource2 sel8 flags 470 sz 0x1000 -> kr 0x00000000 rid 119 GPUVA 0x10002490000 cpu 10b660000
[mtlr]   out: 0000010002490000 000000010b660000 0000000102749940 0000000000000000
[mtlr]   out: 0000007700000000 0000000000004000 00000002b1b5b974 000000000036188b
[mtlr] resource2 sel8 flags 470 sz 0x1000 -> kr 0x00000000 rid 119 GPUVA 0x10002490000 cpu 10b660000
[mtlr]   out: 0000010002490000 000000010b660000 0000000102749940 0000000000000000
[mtlr]   out: 0000007700000000 0000000000004000 00000002b1b5b975 000000000036188c
[mtlr] resource2 sel8 flags 470 sz 0x1000 -> kr 0x00000000 rid 119 GPUVA 0x10002490000 cpu 10b660000
[mtlr]   out: 0000010002490000 000000010b660000 0000000102749940 0000000000000000
[mtlr]   out: 0000007700000000 0000000000004000 00000002b1b5b976 000000000036188d
[mtlr] resource2 sel8 flags 470 sz 0x1000 -> kr 0x00000000 rid 119 GPUVA 0x10002490000 cpu 10b660000
[mtlr]   out: 0000010002490000 000000010b660000 0000000102749940 0000000000000000
[mtlr]   out: 0000007700000000 0000000000004000 00000002b1b5b977 000000000036188e
[mtlr] resource2 sel8 flags 470 sz 0x1000 -> kr 0x00000000 rid 119 GPUVA 0x10002490000 cpu 10b660000
[mtlr]   out: 0000010002490000 000000010b660000 0000000102749940 0000000000000000
[mtlr]   out: 0000007700000000 0000000000004000 00000002b1b5b978 000000000036188f
[mtlr] resource2 sel8 flags 470 sz 0x1000 -> kr 0x00000000 rid 119 GPUVA 0x10002490000 cpu 10b660000
[mtlr]   out: 0000010002490000 000000010b660000 0000000102749940 0000000000000000
[mtlr]   out: 0000007700000000 0000000000004000 00000002b1b5b979 0000000000361890
[mtlr] resource2 sel8 flags 470 sz 0x1000 -> kr 0x00000000 rid 119 GPUVA 0x10002490000 cpu 10b660000
[mtlr]   out: 0000010002490000 000000010b660000 0000000102749940 0000000000000000
[mtlr]   out: 0000007700000000 0000000000004000 00000002b1b5b97a 0000000000361891
[mtlr] resource2 sel8 flags 470 sz 0x1000 -> kr 0x00000000 rid 119 GPUVA 0x10002490000 cpu 10b660000
[mtlr]   out: 0000010002490000 000000010b660000 0000000102749940 0000000000000000
[mtlr]   out: 0000007700000000 0000000000004000 00000002b1b5b97b 0000000000361892
[mtlr] resource2 sel8 flags 470 sz 0x1000 -> kr 0x00000000 rid 119 GPUVA 0x10002490000 cpu 10b660000
[mtlr]   out: 0000010002490000 000000010b660000 0000000102749940 0000000000000000
[mtlr]   out: 0000007700000000 0000000000004000 00000002b1b5b97c 0000000000361893
[mtlr] resource2 sel8 flags 470 sz 0x1000 -> kr 0x00000000 rid 119 GPUVA 0x10002490000 cpu 10b660000
[mtlr]   out: 0000010002490000 000000010b660000 0000000102749940 0000000000000000
[mtlr]   out: 0000007700000000 0000000000004000 00000002b1b5b97d 0000000000361894
[mtlr] resource2 sel8 flags 470 sz 0x1000 -> kr 0x00000000 rid 119 GPUVA 0x10002490000 cpu 10b660000
[mtlr]   out: 0000010002490000 000000010b660000 0000000102749940 0000000000000000
[mtlr]   out: 0000007700000000 0000000000004000 00000002b1b5b97e 0000000000361895
[mtlr] resource2 sel8 flags 470 sz 0x1000 -> kr 0x00000000 rid 119 GPUVA 0x10002490000 cpu 10b660000
[mtlr]   out: 0000010002490000 000000010b660000 0000000102749940 0000000000000000
[mtlr]   out: 0000007700000000 0000000000004000 00000002b1b5b97f 0000000000361896
[mtlr] resource2 sel8 flags 470 sz 0x1000 -> kr 0x00000000 rid 119 GPUVA 0x10002490000 cpu 10b660000
[mtlr]   out: 0000010002490000 000000010b660000 0000000102749940 0000000000000000
[mtlr]   out: 0000007700000000 0000000000004000 00000002b1b5b980 0000000000361897
[mtlr] resource2 sel8 flags 470 sz 0x1000 -> kr 0x00000000 rid 119 GPUVA 0x10002490000 cpu 10b660000
[mtlr]   out: 0000010002490000 000000010b660000 0000000102749940 0000000000000000
[mtlr]   out: 0000007700000000 0000000000004000 00000002b1b5b981 0000000000361898
[mtlr] resource2 sel8 flags 470 sz 0x1000 -> kr 0x00000000 rid 119 GPUVA 0x10002490000 cpu 10b660000
[mtlr]   out: 0000010002490000 000000010b660000 0000000102749940 0000000000000000
[mtlr]   out: 0000007700000000 0000000000004000 00000002b1b5b982 0000000000361899
[mtlr] resource2 sel8 flags 470 sz 0x1000 -> kr 0x00000000 rid 119 GPUVA 0x10002490000 cpu 10b660000
[mtlr]   out: 0000010002490000 000000010b660000 0000000102749940 0000000000000000
[mtlr]   out: 0000007700000000 0000000000004000 00000002b1b5b983 000000000036189a
[mtlr] resource2 sel8 flags 470 sz 0x1000 -> kr 0x00000000 rid 119 GPUVA 0x10002490000 cpu 10b660000
[mtlr]   out: 0000010002490000 000000010b660000 0000000102749940 0000000000000000
[mtlr]   out: 0000007700000000 0000000000004000 00000002b1b5b984 000000000036189b
[mtlr] resource2 sel8 flags 470 sz 0x1000 -> kr 0x00000000 rid 119 GPUVA 0x10002490000 cpu 10b660000
[mtlr]   out: 0000010002490000 000000010b660000 0000000102749940 0000000000000000
[mtlr]   out: 0000007700000000 0000000000004000 00000002b1b5b985 000000000036189c
[mtlr] resource2 sel8 flags 470 sz 0x1000 -> kr 0x00000000 rid 119 GPUVA 0x10002490000 cpu 10b660000
[mtlr]   out: 0000010002490000 000000010b660000 0000000102749940 0000000000000000
[mtlr]   out: 0000007700000000 0000000000004000 00000002b1b5b986 000000000036189d
[mtlr] resource2 sel8 flags 470 sz 0x1000 -> kr 0x00000000 rid 119 GPUVA 0x10002490000 cpu 10b660000
[mtlr]   out: 0000010002490000 000000010b660000 0000000102749940 0000000000000000
[mtlr]   out: 0000007700000000 0000000000004000 00000002b1b5b987 000000000036189e
[mtlr] resource2 sel8 flags 470 sz 0x1000 -> kr 0x00000000 rid 119 GPUVA 0x10002490000 cpu 10b660000
[mtlr]   out: 0000010002490000 000000010b660000 0000000102749940 0000000000000000
[mtlr]   out: 0000007700000000 0000000000004000 00000002b1b5b988 000000000036189f
[mtlr] resource2 sel8 flags 470 sz 0x1000 -> kr 0x00000000 rid 119 GPUVA 0x10002490000 cpu 10b660000
[mtlr]   out: 0000010002490000 000000010b660000 0000000102749940 0000000000000000
[mtlr]   out: 0000007700000000 0000000000004000 00000002b1b5b989 00000000003618a0
[mtlr] resource2 sel8 flags 470 sz 0x1000 -> kr 0x00000000 rid 119 GPUVA 0x10002490000 cpu 10b660000
[mtlr]   out: 0000010002490000 000000010b660000 0000000102749940 0000000000000000
[mtlr]   out: 0000007700000000 0000000000004000 00000002b1b5b98a 00000000003618a1
[mtlr] resource2 sel8 flags 470 sz 0x1000 -> kr 0x00000000 rid 119 GPUVA 0x10002490000 cpu 10b660000
[mtlr]   out: 0000010002490000 000000010b660000 0000000102749940 0000000000000000
[mtlr]   out: 0000007700000000 0000000000004000 00000002b1b5b98b 00000000003618a2
[mtlr] resource2 sel8 flags 470 sz 0x1000 -> kr 0x00000000 rid 119 GPUVA 0x10002490000 cpu 10b660000
[mtlr]   out: 0000010002490000 000000010b660000 0000000102749940 0000000000000000
[mtlr]   out: 0000007700000000 0000000000004000 00000002b1b5b98c 00000000003618a3
[mtlr] resource2 sel8 flags 470 sz 0x1000 -> kr 0x00000000 rid 119 GPUVA 0x10002490000 cpu 10b660000
[mtlr]   out: 0000010002490000 000000010b660000 0000000102749940 0000000000000000
[mtlr]   out: 0000007700000000 0000000000004000 00000002b1b5b98d 00000000003618a4
[mtlr] resource2 sel8 flags 470 sz 0x1000 -> kr 0x00000000 rid 119 GPUVA 0x10002490000 cpu 10b660000
[mtlr]   out: 0000010002490000 000000010b660000 0000000102749940 0000000000000000
[mtlr]   out: 0000007700000000 0000000000004000 00000002b1b5b98e 00000000003618a5
[uatrec] S4 r22 (+1s): nvv 8 ncb 8 vsz 0x100000 destroy0 kr 0x00000000 nj 40
[uatrec] S4 r22 blit[0] slots 10 ridp 1
[uatrec] S4 r22 blit[1] slots 10 ridp 1
[uatrec] S4 r22 blit[2] slots 10 ridp 1
[uatrec] S4 r22 blit[3] slots 10 ridp 1
[uatrec] S4 r22 blit[4] slots 10 ridp 1
[uatrec] S4 r22 blit[5] slots 10 ridp 1
[uatrec] S4 r22 blit[6] slots 10 ridp 1
[uatrec] S4 r22 blit[7] slots 10 ridp 1
[mtlr] resource2 sel8 flags 470 sz 0x100000 -> kr 0x00000000 rid 119 GPUVA 0x10002490000 cpu 10b460000
[mtlr]   out: 0000010002490000 000000010b460000 0000000102749940 0000000000000000
[mtlr]   out: 0000007700000000 0000000000100000 00000002b1b5b9ba 00000000003618a8
[uatrec] S4 r23 victim[0] rid 119 gpuva 0x10002490000 cpu 0x10b460000 (top-of-stack)
[mtlr] resource2 sel8 flags 470 sz 0x100000 -> kr 0x00000000 rid 120 GPUVA 0x10002598000 cpu 10b560000
[mtlr]   out: 0000010002598000 000000010b560000 0000000102749a00 0000000000000000
[mtlr]   out: 0000007800000000 0000000000100000 00000002b1b5b9bb 00000000003618a9
[uatrec] S4 r23 victim[1] rid 120 gpuva 0x10002598000 cpu 0x10b560000 (top-of-stack)
[mtlr] resource2 sel8 flags 470 sz 0x100000 -> kr 0x00000000 rid 121 GPUVA 0x100026a0000 cpu 10c1a0000
[mtlr]   out: 00000100026a0000 000000010c1a0000 0000000102749ac0 0000000000000000
[mtlr]   out: 0000007900000000 0000000000100000 00000002b1b5b9bc 00000000003618aa
[uatrec] S4 r23 victim[2] rid 121 gpuva 0x100026a0000 cpu 0x10c1a0000 (top-of-stack)
[mtlr] resource2 sel8 flags 470 sz 0x100000 -> kr 0x00000000 rid 122 GPUVA 0x100027a8000 cpu 10b160000
[mtlr]   out: 00000100027a8000 000000010b160000 0000000102749b80 0000000000000000
[mtlr]   out: 0000007a00000000 0000000000100000 00000002b1b5b9bd 00000000003618ab
[uatrec] S4 r23 victim[3] rid 122 gpuva 0x100027a8000 cpu 0x10b160000 (top-of-stack)
[mtlr] resource2 sel8 flags 470 sz 0x100000 -> kr 0x00000000 rid 123 GPUVA 0x100028b0000 cpu 10b260000
[mtlr]   out: 00000100028b0000 000000010b260000 0000000102749c40 0000000000000000
[mtlr]   out: 0000007b00000000 0000000000100000 00000002b1b5b9be 00000000003618ac
[uatrec] S4 r23 victim[4] rid 123 gpuva 0x100028b0000 cpu 0x10b260000 (top-of-stack)
[mtlr] resource2 sel8 flags 470 sz 0x100000 -> kr 0x00000000 rid 124 GPUVA 0x100029b8000 cpu 10b360000
[mtlr]   out: 00000100029b8000 000000010b360000 0000000102749d00 0000000000000000
[mtlr]   out: 0000007c00000000 0000000000100000 00000002b1b5b9c5 00000000003618ad
[uatrec] S4 r23 victim[5] rid 124 gpuva 0x100029b8000 cpu 0x10b360000 (top-of-stack)
[mtlr] resource2 sel8 flags 470 sz 0x100000 -> kr 0x00000000 rid 125 GPUVA 0x10002ac0000 cpu 10bc00000
[mtlr]   out: 0000010002ac0000 000000010bc00000 0000000102749dc0 0000000000000000
[mtlr]   out: 0000007d00000000 0000000000100000 00000002b1b5b9c7 00000000003618ae
[uatrec] S4 r23 victim[6] rid 125 gpuva 0x10002ac0000 cpu 0x10bc00000 (top-of-stack)
[mtlr] resource2 sel8 flags 470 sz 0x100000 -> kr 0x00000000 rid 126 GPUVA 0x10002bc8000 cpu 10bdc0000
[mtlr]   out: 0000010002bc8000 000000010bdc0000 0000000102749e80 0000000000000000
[mtlr]   out: 0000007e00000000 0000000000100000 00000002b1b5b9c8 00000000003618af
[uatrec] S4 r23 victim[7] rid 126 gpuva 0x10002bc8000 cpu 0x10bdc0000 (top-of-stack)
[mtlr] resource2 sel8 flags 470 sz 0x1000 -> kr 0x00000000 rid 119 GPUVA 0x10002490000 cpu 10b660000
[mtlr]   out: 0000010002490000 000000010b660000 0000000102749940 0000000000000000
[mtlr]   out: 0000007700000000 0000000000004000 00000002b1b5b9e4 00000000003618b9
[mtlr] resource2 sel8 flags 470 sz 0x1000 -> kr 0x00000000 rid 119 GPUVA 0x10002490000 cpu 10b660000
[mtlr]   out: 0000010002490000 000000010b660000 0000000102749940 0000000000000000
[mtlr]   out: 0000007700000000 0000000000004000 00000002b1b5b9e5 00000000003618ba
[mtlr] resource2 sel8 flags 470 sz 0x1000 -> kr 0x00000000 rid 119 GPUVA 0x10002490000 cpu 10b660000
[mtlr]   out: 0000010002490000 000000010b660000 0000000102749940 0000000000000000
[mtlr]   out: 0000007700000000 0000000000004000 00000002b1b5b9e6 00000000003618bb
[mtlr] resource2 sel8 flags 470 sz 0x1000 -> kr 0x00000000 rid 119 GPUVA 0x10002490000 cpu 10b660000
[mtlr]   out: 0000010002490000 000000010b660000 0000000102749940 0000000000000000
[mtlr]   out: 0000007700000000 0000000000004000 00000002b1b5b9e7 00000000003618bc
[mtlr] resource2 sel8 flags 470 sz 0x1000 -> kr 0x00000000 rid 119 GPUVA 0x10002490000 cpu 10b660000
[mtlr]   out: 0000010002490000 000000010b660000 0000000102749940 0000000000000000
[mtlr]   out: 0000007700000000 0000000000004000 00000002b1b5b9e8 00000000003618bd
[mtlr] resource2 sel8 flags 470 sz 0x1000 -> kr 0x00000000 rid 119 GPUVA 0x10002490000 cpu 10b660000
[mtlr]   out: 0000010002490000 000000010b660000 0000000102749940 0000000000000000
[mtlr]   out: 0000007700000000 0000000000004000 00000002b1b5b9e9 00000000003618be
[mtlr] resource2 sel8 flags 470 sz 0x1000 -> kr 0x00000000 rid 119 GPUVA 0x10002490000 cpu 10b660000
[mtlr]   out: 0000010002490000 000000010b660000 0000000102749940 0000000000000000
[mtlr]   out: 0000007700000000 0000000000004000 00000002b1b5b9ea 00000000003618bf
[mtlr] resource2 sel8 flags 470 sz 0x1000 -> kr 0x00000000 rid 119 GPUVA 0x10002490000 cpu 10b660000
[mtlr]   out: 0000010002490000 000000010b660000 0000000102749940 0000000000000000
[mtlr]   out: 0000007700000000 0000000000004000 00000002b1b5b9eb 00000000003618c0
[mtlr] resource2 sel8 flags 470 sz 0x1000 -> kr 0x00000000 rid 119 GPUVA 0x10002490000 cpu 10b660000
[mtlr]   out: 0000010002490000 000000010b660000 0000000102749940 0000000000000000
[mtlr]   out: 0000007700000000 0000000000004000 00000002b1b5b9ec 00000000003618c1
[mtlr] resource2 sel8 flags 470 sz 0x1000 -> kr 0x00000000 rid 119 GPUVA 0x10002490000 cpu 10b660000
[mtlr]   out: 0000010002490000 000000010b660000 0000000102749940 0000000000000000
[mtlr]   out: 0000007700000000 0000000000004000 00000002b1b5b9ed 00000000003618c2
[mtlr] resource2 sel8 flags 470 sz 0x1000 -> kr 0x00000000 rid 119 GPUVA 0x10002490000 cpu 10b660000
[mtlr]   out: 0000010002490000 000000010b660000 0000000102749940 0000000000000000
[mtlr]   out: 0000007700000000 0000000000004000 00000002b1b5b9ee 00000000003618c3
[mtlr] resource2 sel8 flags 470 sz 0x1000 -> kr 0x00000000 rid 119 GPUVA 0x10002490000 cpu 10b660000
[mtlr]   out: 0000010002490000 000000010b660000 0000000102749940 0000000000000000
[mtlr]   out: 0000007700000000 0000000000004000 00000002b1b5b9ef 00000000003618c4
[mtlr] resource2 sel8 flags 470 sz 0x1000 -> kr 0x00000000 rid 119 GPUVA 0x10002490000 cpu 10b660000
[mtlr]   out: 0000010002490000 000000010b660000 0000000102749940 0000000000000000
[mtlr]   out: 0000007700000000 0000000000004000 00000002b1b5b9f0 00000000003618c5
[mtlr] resource2 sel8 flags 470 sz 0x1000 -> kr 0x00000000 rid 119 GPUVA 0x10002490000 cpu 10b660000
[mtlr]   out: 0000010002490000 000000010b660000 0000000102749940 0000000000000000
[mtlr]   out: 0000007700000000 0000000000004000 00000002b1b5b9f1 00000000003618c6
[mtlr] resource2 sel8 flags 470 sz 0x1000 -> kr 0x00000000 rid 119 GPUVA 0x10002490000 cpu 10b660000
[mtlr]   out: 0000010002490000 000000010b660000 0000000102749940 0000000000000000
[mtlr]   out: 0000007700000000 0000000000004000 00000002b1b5b9f2 00000000003618c7
[mtlr] resource2 sel8 flags 470 sz 0x1000 -> kr 0x00000000 rid 119 GPUVA 0x10002490000 cpu 10b660000
[mtlr]   out: 0000010002490000 000000010b660000 0000000102749940 0000000000000000
[mtlr]   out: 0000007700000000 0000000000004000 00000002b1b5b9f3 00000000003618c8
[mtlr] resource2 sel8 flags 470 sz 0x1000 -> kr 0x00000000 rid 119 GPUVA 0x10002490000 cpu 10b660000
[mtlr]   out: 0000010002490000 000000010b660000 0000000102749940 0000000000000000
[mtlr]   out: 0000007700000000 0000000000004000 00000002b1b5b9f4 00000000003618c9
[mtlr] resource2 sel8 flags 470 sz 0x1000 -> kr 0x00000000 rid 119 GPUVA 0x10002490000 cpu 10b660000
[mtlr]   out: 0000010002490000 000000010b660000 0000000102749940 0000000000000000
[mtlr]   out: 0000007700000000 0000000000004000 00000002b1b5b9f5 00000000003618ca
[mtlr] resource2 sel8 flags 470 sz 0x1000 -> kr 0x00000000 rid 119 GPUVA 0x10002490000 cpu 10b660000
[mtlr]   out: 0000010002490000 000000010b660000 0000000102749940 0000000000000000
[mtlr]   out: 0000007700000000 0000000000004000 00000002b1b5b9f6 00000000003618cb
[mtlr] resource2 sel8 flags 470 sz 0x1000 -> kr 0x00000000 rid 119 GPUVA 0x10002490000 cpu 10b660000
[mtlr]   out: 0000010002490000 000000010b660000 0000000102749940 0000000000000000
[mtlr]   out: 0000007700000000 0000000000004000 00000002b1b5b9f7 00000000003618cc
[mtlr] resource2 sel8 flags 470 sz 0x1000 -> kr 0x00000000 rid 119 GPUVA 0x10002490000 cpu 10b660000
[mtlr]   out: 0000010002490000 000000010b660000 0000000102749940 0000000000000000
[mtlr]   out: 0000007700000000 0000000000004000 00000002b1b5b9f8 00000000003618cd
[mtlr] resource2 sel8 flags 470 sz 0x1000 -> kr 0x00000000 rid 119 GPUVA 0x10002490000 cpu 10b660000
[mtlr]   out: 0000010002490000 000000010b660000 0000000102749940 0000000000000000
[mtlr]   out: 0000007700000000 0000000000004000 00000002b1b5b9f9 00000000003618ce
[mtlr] resource2 sel8 flags 470 sz 0x1000 -> kr 0x00000000 rid 119 GPUVA 0x10002490000 cpu 10b660000
[mtlr]   out: 0000010002490000 000000010b660000 0000000102749940 0000000000000000
[mtlr]   out: 0000007700000000 0000000000004000 00000002b1b5b9fa 00000000003618cf
[mtlr] resource2 sel8 flags 470 sz 0x1000 -> kr 0x00000000 rid 119 GPUVA 0x10002490000 cpu 10b660000
[mtlr]   out: 0000010002490000 000000010b660000 0000000102749940 0000000000000000
[mtlr]   out: 0000007700000000 0000000000004000 00000002b1b5b9fb 00000000003618d0
[mtlr] resource2 sel8 flags 470 sz 0x1000 -> kr 0x00000000 rid 119 GPUVA 0x10002490000 cpu 10b660000
[mtlr]   out: 0000010002490000 000000010b660000 0000000102749940 0000000000000000
[mtlr]   out: 0000007700000000 0000000000004000 00000002b1b5b9fc 00000000003618d1
[mtlr] resource2 sel8 flags 470 sz 0x1000 -> kr 0x00000000 rid 119 GPUVA 0x10002490000 cpu 10b660000
[mtlr]   out: 0000010002490000 000000010b660000 0000000102749940 0000000000000000
[mtlr]   out: 0000007700000000 0000000000004000 00000002b1b5b9fd 00000000003618d2
[mtlr] resource2 sel8 flags 470 sz 0x1000 -> kr 0x00000000 rid 119 GPUVA 0x10002490000 cpu 10b660000
[mtlr]   out: 0000010002490000 000000010b660000 0000000102749940 0000000000000000
[mtlr]   out: 0000007700000000 0000000000004000 00000002b1b5b9fe 00000000003618d3
[mtlr] resource2 sel8 flags 470 sz 0x1000 -> kr 0x00000000 rid 119 GPUVA 0x10002490000 cpu 10b660000
[mtlr]   out: 0000010002490000 000000010b660000 0000000102749940 0000000000000000
[mtlr]   out: 0000007700000000 0000000000004000 00000002b1b5b9ff 00000000003618d4
[mtlr] resource2 sel8 flags 470 sz 0x1000 -> kr 0x00000000 rid 119 GPUVA 0x10002490000 cpu 10b660000
[mtlr]   out: 0000010002490000 000000010b660000 0000000102749940 0000000000000000
[mtlr]   out: 0000007700000000 0000000000004000 00000002b1b5ba00 00000000003618d5
[mtlr] resource2 sel8 flags 470 sz 0x1000 -> kr 0x00000000 rid 119 GPUVA 0x10002490000 cpu 10b660000
[mtlr]   out: 0000010002490000 000000010b660000 0000000102749940 0000000000000000
[mtlr]   out: 0000007700000000 0000000000004000 00000002b1b5ba01 00000000003618d6
[mtlr] resource2 sel8 flags 470 sz 0x1000 -> kr 0x00000000 rid 119 GPUVA 0x10002490000 cpu 10b660000
[mtlr]   out: 0000010002490000 000000010b660000 0000000102749940 0000000000000000
[mtlr]   out: 0000007700000000 0000000000004000 00000002b1b5ba02 00000000003618d7
[mtlr] resource2 sel8 flags 470 sz 0x1000 -> kr 0x00000000 rid 119 GPUVA 0x10002490000 cpu 10b660000
[mtlr]   out: 0000010002490000 000000010b660000 0000000102749940 0000000000000000
[mtlr]   out: 0000007700000000 0000000000004000 00000002b1b5ba03 00000000003618d8
[mtlr] resource2 sel8 flags 470 sz 0x1000 -> kr 0x00000000 rid 119 GPUVA 0x10002490000 cpu 10b660000
[mtlr]   out: 0000010002490000 000000010b660000 0000000102749940 0000000000000000
[mtlr]   out: 0000007700000000 0000000000004000 00000002b1b5ba04 00000000003618d9
[mtlr] resource2 sel8 flags 470 sz 0x1000 -> kr 0x00000000 rid 119 GPUVA 0x10002490000 cpu 10b660000
[mtlr]   out: 0000010002490000 000000010b660000 0000000102749940 0000000000000000
[mtlr]   out: 0000007700000000 0000000000004000 00000002b1b5ba05 00000000003618da
[mtlr] resource2 sel8 flags 470 sz 0x1000 -> kr 0x00000000 rid 119 GPUVA 0x10002490000 cpu 10b660000
[mtlr]   out: 0000010002490000 000000010b660000 0000000102749940 0000000000000000
[mtlr]   out: 0000007700000000 0000000000004000 00000002b1b5ba06 00000000003618db
[mtlr] resource2 sel8 flags 470 sz 0x1000 -> kr 0x00000000 rid 119 GPUVA 0x10002490000 cpu 10b660000
[mtlr]   out: 0000010002490000 000000010b660000 0000000102749940 0000000000000000
[mtlr]   out: 0000007700000000 0000000000004000 00000002b1b5ba07 00000000003618dc
[mtlr] resource2 sel8 flags 470 sz 0x1000 -> kr 0x00000000 rid 119 GPUVA 0x10002490000 cpu 10b660000
[mtlr]   out: 0000010002490000 000000010b660000 0000000102749940 0000000000000000
[mtlr]   out: 0000007700000000 0000000000004000 00000002b1b5ba08 00000000003618dd
[mtlr] resource2 sel8 flags 470 sz 0x1000 -> kr 0x00000000 rid 119 GPUVA 0x10002490000 cpu 10b660000
[mtlr]   out: 0000010002490000 000000010b660000 0000000102749940 0000000000000000
[mtlr]   out: 0000007700000000 0000000000004000 00000002b1b5ba09 00000000003618de
[mtlr] resource2 sel8 flags 470 sz 0x1000 -> kr 0x00000000 rid 119 GPUVA 0x10002490000 cpu 10b660000
[mtlr]   out: 0000010002490000 000000010b660000 0000000102749940 0000000000000000
[mtlr]   out: 0000007700000000 0000000000004000 00000002b1b5ba0a 00000000003618df
[mtlr] resource2 sel8 flags 470 sz 0x1000 -> kr 0x00000000 rid 119 GPUVA 0x10002490000 cpu 10b660000
[mtlr]   out: 0000010002490000 000000010b660000 0000000102749940 0000000000000000
[mtlr]   out: 0000007700000000 0000000000004000 00000002b1b5ba0b 00000000003618e0
[uatrec] S4 r23 (+1s): nvv 8 ncb 8 vsz 0x100000 destroy0 kr 0x00000000 nj 40
[uatrec] S4 r23 blit[0] slots 10 ridp 1
[uatrec] S4 r23 blit[1] slots 10 ridp 1
[uatrec] S4 r23 blit[2] slots 10 ridp 1
[uatrec] S4 r23 blit[3] slots 10 ridp 1
[uatrec] S4 r23 blit[4] slots 10 ridp 1
[uatrec] S4 r23 blit[5] slots 10 ridp 1
[uatrec] S4 r23 blit[6] slots 10 ridp 1
[uatrec] S4 r23 blit[7] slots 10 ridp 1
[mtlr] resource2 sel8 flags 470 sz 0x100000 -> kr 0x00000000 rid 119 GPUVA 0x10002490000 cpu 10c0a0000
[mtlr]   out: 0000010002490000 000000010c0a0000 0000000102749940 0000000000000000
[mtlr]   out: 0000007700000000 0000000000100000 00000002b1b5ba37 00000000003618e3
[uatrec] S4 r24 victim[0] rid 119 gpuva 0x10002490000 cpu 0x10c0a0000 (top-of-stack)
[mtlr] resource2 sel8 flags 470 sz 0x100000 -> kr 0x00000000 rid 120 GPUVA 0x10002598000 cpu 10c2a0000
[mtlr]   out: 0000010002598000 000000010c2a0000 0000000102749a00 0000000000000000
[mtlr]   out: 0000007800000000 0000000000100000 00000002b1b5ba38 00000000003618e4
[uatrec] S4 r24 victim[1] rid 120 gpuva 0x10002598000 cpu 0x10c2a0000 (top-of-stack)
[mtlr] resource2 sel8 flags 470 sz 0x100000 -> kr 0x00000000 rid 121 GPUVA 0x100026a0000 cpu 10c3a0000
[mtlr]   out: 00000100026a0000 000000010c3a0000 0000000102749ac0 0000000000000000
[mtlr]   out: 0000007900000000 0000000000100000 00000002b1b5ba39 00000000003618e5
[uatrec] S4 r24 victim[2] rid 121 gpuva 0x100026a0000 cpu 0x10c3a0000 (top-of-stack)
[mtlr] resource2 sel8 flags 470 sz 0x100000 -> kr 0x00000000 rid 122 GPUVA 0x100027a8000 cpu 10c4a0000
[mtlr]   out: 00000100027a8000 000000010c4a0000 0000000102749b80 0000000000000000
[mtlr]   out: 0000007a00000000 0000000000100000 00000002b1b5ba3a 00000000003618e6
[uatrec] S4 r24 victim[3] rid 122 gpuva 0x100027a8000 cpu 0x10c4a0000 (top-of-stack)
[mtlr] resource2 sel8 flags 470 sz 0x100000 -> kr 0x00000000 rid 123 GPUVA 0x100028b0000 cpu 10c5a0000
[mtlr]   out: 00000100028b0000 000000010c5a0000 0000000102749c40 0000000000000000
[mtlr]   out: 0000007b00000000 0000000000100000 00000002b1b5ba3b 00000000003618e7
[uatrec] S4 r24 victim[4] rid 123 gpuva 0x100028b0000 cpu 0x10c5a0000 (top-of-stack)
[mtlr] resource2 sel8 flags 470 sz 0x100000 -> kr 0x00000000 rid 124 GPUVA 0x100029b8000 cpu 10b160000
[mtlr]   out: 00000100029b8000 000000010b160000 0000000102749d00 0000000000000000
[mtlr]   out: 0000007c00000000 0000000000100000 00000002b1b5ba3c 00000000003618e8
[uatrec] S4 r24 victim[5] rid 124 gpuva 0x100029b8000 cpu 0x10b160000 (top-of-stack)
[mtlr] resource2 sel8 flags 470 sz 0x100000 -> kr 0x00000000 rid 125 GPUVA 0x10002ac0000 cpu 10b260000
[mtlr]   out: 0000010002ac0000 000000010b260000 0000000102749dc0 0000000000000000
[mtlr]   out: 0000007d00000000 0000000000100000 00000002b1b5ba3d 00000000003618e9
[uatrec] S4 r24 victim[6] rid 125 gpuva 0x10002ac0000 cpu 0x10b260000 (top-of-stack)
[mtlr] resource2 sel8 flags 470 sz 0x100000 -> kr 0x00000000 rid 126 GPUVA 0x10002bc8000 cpu 10b360000
[mtlr]   out: 0000010002bc8000 000000010b360000 0000000102749e80 0000000000000000
[mtlr]   out: 0000007e00000000 0000000000100000 00000002b1b5ba45 00000000003618ea
[uatrec] S4 r24 victim[7] rid 126 gpuva 0x10002bc8000 cpu 0x10b360000 (top-of-stack)
[mtlr] resource2 sel8 flags 470 sz 0x1000 -> kr 0x00000000 rid 119 GPUVA 0x10002490000 cpu 10b660000
[mtlr]   out: 0000010002490000 000000010b660000 0000000102749940 0000000000000000
[mtlr]   out: 0000007700000000 0000000000004000 00000002b1b5ba62 00000000003618f4
[mtlr] resource2 sel8 flags 470 sz 0x1000 -> kr 0x00000000 rid 119 GPUVA 0x10002490000 cpu 10b660000
[mtlr]   out: 0000010002490000 000000010b660000 0000000102749940 0000000000000000
[mtlr]   out: 0000007700000000 0000000000004000 00000002b1b5ba63 00000000003618f5
[mtlr] resource2 sel8 flags 470 sz 0x1000 -> kr 0x00000000 rid 119 GPUVA 0x10002490000 cpu 10b660000
[mtlr]   out: 0000010002490000 000000010b660000 0000000102749940 0000000000000000
[mtlr]   out: 0000007700000000 0000000000004000 00000002b1b5ba64 00000000003618f6
[mtlr] resource2 sel8 flags 470 sz 0x1000 -> kr 0x00000000 rid 119 GPUVA 0x10002490000 cpu 10b660000
[mtlr]   out: 0000010002490000 000000010b660000 0000000102749940 0000000000000000
[mtlr]   out: 0000007700000000 0000000000004000 00000002b1b5ba65 00000000003618f7
[mtlr] resource2 sel8 flags 470 sz 0x1000 -> kr 0x00000000 rid 119 GPUVA 0x10002490000 cpu 10b660000
[mtlr]   out: 0000010002490000 000000010b660000 0000000102749940 0000000000000000
[mtlr]   out: 0000007700000000 0000000000004000 00000002b1b5ba66 00000000003618f8
[mtlr] resource2 sel8 flags 470 sz 0x1000 -> kr 0x00000000 rid 119 GPUVA 0x10002490000 cpu 10b660000
[mtlr]   out: 0000010002490000 000000010b660000 0000000102749940 0000000000000000
[mtlr]   out: 0000007700000000 0000000000004000 00000002b1b5ba67 00000000003618f9
[mtlr] resource2 sel8 flags 470 sz 0x1000 -> kr 0x00000000 rid 119 GPUVA 0x10002490000 cpu 10b660000
[mtlr]   out: 0000010002490000 000000010b660000 0000000102749940 0000000000000000
[mtlr]   out: 0000007700000000 0000000000004000 00000002b1b5ba68 00000000003618fa
[mtlr] resource2 sel8 flags 470 sz 0x1000 -> kr 0x00000000 rid 119 GPUVA 0x10002490000 cpu 10b660000
[mtlr]   out: 0000010002490000 000000010b660000 0000000102749940 0000000000000000
[mtlr]   out: 0000007700000000 0000000000004000 00000002b1b5ba69 00000000003618fb
[mtlr] resource2 sel8 flags 470 sz 0x1000 -> kr 0x00000000 rid 119 GPUVA 0x10002490000 cpu 10b660000
[mtlr]   out: 0000010002490000 000000010b660000 0000000102749940 0000000000000000
[mtlr]   out: 0000007700000000 0000000000004000 00000002b1b5ba6a 00000000003618fc
[mtlr] resource2 sel8 flags 470 sz 0x1000 -> kr 0x00000000 rid 119 GPUVA 0x10002490000 cpu 10b660000
[mtlr]   out: 0000010002490000 000000010b660000 0000000102749940 0000000000000000
[mtlr]   out: 0000007700000000 0000000000004000 00000002b1b5ba6b 00000000003618fd
[mtlr] resource2 sel8 flags 470 sz 0x1000 -> kr 0x00000000 rid 119 GPUVA 0x10002490000 cpu 10b660000
[mtlr]   out: 0000010002490000 000000010b660000 0000000102749940 0000000000000000
[mtlr]   out: 0000007700000000 0000000000004000 00000002b1b5ba6c 00000000003618fe
[mtlr] resource2 sel8 flags 470 sz 0x1000 -> kr 0x00000000 rid 119 GPUVA 0x10002490000 cpu 10b660000
[mtlr]   out: 0000010002490000 000000010b660000 0000000102749940 0000000000000000
[mtlr]   out: 0000007700000000 0000000000004000 00000002b1b5ba6d 00000000003618ff
[mtlr] resource2 sel8 flags 470 sz 0x1000 -> kr 0x00000000 rid 119 GPUVA 0x10002490000 cpu 10b660000
[mtlr]   out: 0000010002490000 000000010b660000 0000000102749940 0000000000000000
[mtlr]   out: 0000007700000000 0000000000004000 00000002b1b5ba6e 0000000000361900
[mtlr] resource2 sel8 flags 470 sz 0x1000 -> kr 0x00000000 rid 119 GPUVA 0x10002490000 cpu 10b660000
[mtlr]   out: 0000010002490000 000000010b660000 0000000102749940 0000000000000000
[mtlr]   out: 0000007700000000 0000000000004000 00000002b1b5ba6f 0000000000361901
[mtlr] resource2 sel8 flags 470 sz 0x1000 -> kr 0x00000000 rid 119 GPUVA 0x10002490000 cpu 10b660000
[mtlr]   out: 0000010002490000 000000010b660000 0000000102749940 0000000000000000
[mtlr]   out: 0000007700000000 0000000000004000 00000002b1b5ba70 0000000000361902
[mtlr] resource2 sel8 flags 470 sz 0x1000 -> kr 0x00000000 rid 119 GPUVA 0x10002490000 cpu 10b660000
[mtlr]   out: 0000010002490000 000000010b660000 0000000102749940 0000000000000000
[mtlr]   out: 0000007700000000 0000000000004000 00000002b1b5ba71 0000000000361903
[mtlr] resource2 sel8 flags 470 sz 0x1000 -> kr 0x00000000 rid 119 GPUVA 0x10002490000 cpu 10b660000
[mtlr]   out: 0000010002490000 000000010b660000 0000000102749940 0000000000000000
[mtlr]   out: 0000007700000000 0000000000004000 00000002b1b5ba72 0000000000361904
[mtlr] resource2 sel8 flags 470 sz 0x1000 -> kr 0x00000000 rid 119 GPUVA 0x10002490000 cpu 10b660000
[mtlr]   out: 0000010002490000 000000010b660000 0000000102749940 0000000000000000
[mtlr]   out: 0000007700000000 0000000000004000 00000002b1b5ba73 0000000000361905
[mtlr] resource2 sel8 flags 470 sz 0x1000 -> kr 0x00000000 rid 119 GPUVA 0x10002490000 cpu 10b660000
[mtlr]   out: 0000010002490000 000000010b660000 0000000102749940 0000000000000000
[mtlr]   out: 0000007700000000 0000000000004000 00000002b1b5ba74 0000000000361906
[mtlr] resource2 sel8 flags 470 sz 0x1000 -> kr 0x00000000 rid 119 GPUVA 0x10002490000 cpu 10b660000
[mtlr]   out: 0000010002490000 000000010b660000 0000000102749940 0000000000000000
[mtlr]   out: 0000007700000000 0000000000004000 00000002b1b5ba75 0000000000361907
[mtlr] resource2 sel8 flags 470 sz 0x1000 -> kr 0x00000000 rid 119 GPUVA 0x10002490000 cpu 10b660000
[mtlr]   out: 0000010002490000 000000010b660000 0000000102749940 0000000000000000
[mtlr]   out: 0000007700000000 0000000000004000 00000002b1b5ba76 0000000000361908
[mtlr] resource2 sel8 flags 470 sz 0x1000 -> kr 0x00000000 rid 119 GPUVA 0x10002490000 cpu 10b660000
[mtlr]   out: 0000010002490000 000000010b660000 0000000102749940 0000000000000000
[mtlr]   out: 0000007700000000 0000000000004000 00000002b1b5ba77 0000000000361909
[mtlr] resource2 sel8 flags 470 sz 0x1000 -> kr 0x00000000 rid 119 GPUVA 0x10002490000 cpu 10b660000
[mtlr]   out: 0000010002490000 000000010b660000 0000000102749940 0000000000000000
[mtlr]   out: 0000007700000000 0000000000004000 00000002b1b5ba78 000000000036190a
[mtlr] resource2 sel8 flags 470 sz 0x1000 -> kr 0x00000000 rid 119 GPUVA 0x10002490000 cpu 10b660000
[mtlr]   out: 0000010002490000 000000010b660000 0000000102749940 0000000000000000
[mtlr]   out: 0000007700000000 0000000000004000 00000002b1b5ba79 000000000036190b
[mtlr] resource2 sel8 flags 470 sz 0x1000 -> kr 0x00000000 rid 119 GPUVA 0x10002490000 cpu 10b660000
[mtlr]   out: 0000010002490000 000000010b660000 0000000102749940 0000000000000000
[mtlr]   out: 0000007700000000 0000000000004000 00000002b1b5ba7a 000000000036190c
[mtlr] resource2 sel8 flags 470 sz 0x1000 -> kr 0x00000000 rid 119 GPUVA 0x10002490000 cpu 10b660000
[mtlr]   out: 0000010002490000 000000010b660000 0000000102749940 0000000000000000
[mtlr]   out: 0000007700000000 0000000000004000 00000002b1b5ba7b 000000000036190d
[mtlr] resource2 sel8 flags 470 sz 0x1000 -> kr 0x00000000 rid 119 GPUVA 0x10002490000 cpu 10b660000
[mtlr]   out: 0000010002490000 000000010b660000 0000000102749940 0000000000000000
[mtlr]   out: 0000007700000000 0000000000004000 00000002b1b5ba7c 000000000036190e
[mtlr] resource2 sel8 flags 470 sz 0x1000 -> kr 0x00000000 rid 119 GPUVA 0x10002490000 cpu 10b660000
[mtlr]   out: 0000010002490000 000000010b660000 0000000102749940 0000000000000000
[mtlr]   out: 0000007700000000 0000000000004000 00000002b1b5ba7d 000000000036190f
[mtlr] resource2 sel8 flags 470 sz 0x1000 -> kr 0x00000000 rid 119 GPUVA 0x10002490000 cpu 10b660000
[mtlr]   out: 0000010002490000 000000010b660000 0000000102749940 0000000000000000
[mtlr]   out: 0000007700000000 0000000000004000 00000002b1b5ba7e 0000000000361910
[mtlr] resource2 sel8 flags 470 sz 0x1000 -> kr 0x00000000 rid 119 GPUVA 0x10002490000 cpu 10b660000
[mtlr]   out: 0000010002490000 000000010b660000 0000000102749940 0000000000000000
[mtlr]   out: 0000007700000000 0000000000004000 00000002b1b5ba7f 0000000000361911
[mtlr] resource2 sel8 flags 470 sz 0x1000 -> kr 0x00000000 rid 119 GPUVA 0x10002490000 cpu 10b660000
[mtlr]   out: 0000010002490000 000000010b660000 0000000102749940 0000000000000000
[mtlr]   out: 0000007700000000 0000000000004000 00000002b1b5ba80 0000000000361912
[mtlr] resource2 sel8 flags 470 sz 0x1000 -> kr 0x00000000 rid 119 GPUVA 0x10002490000 cpu 10b660000
[mtlr]   out: 0000010002490000 000000010b660000 0000000102749940 0000000000000000
[mtlr]   out: 0000007700000000 0000000000004000 00000002b1b5ba81 0000000000361913
[mtlr] resource2 sel8 flags 470 sz 0x1000 -> kr 0x00000000 rid 119 GPUVA 0x10002490000 cpu 10b660000
[mtlr]   out: 0000010002490000 000000010b660000 0000000102749940 0000000000000000
[mtlr]   out: 0000007700000000 0000000000004000 00000002b1b5ba82 0000000000361914
[mtlr] resource2 sel8 flags 470 sz 0x1000 -> kr 0x00000000 rid 119 GPUVA 0x10002490000 cpu 10b660000
[mtlr]   out: 0000010002490000 000000010b660000 0000000102749940 0000000000000000
[mtlr]   out: 0000007700000000 0000000000004000 00000002b1b5ba83 0000000000361915
[mtlr] resource2 sel8 flags 470 sz 0x1000 -> kr 0x00000000 rid 119 GPUVA 0x10002490000 cpu 10b660000
[mtlr]   out: 0000010002490000 000000010b660000 0000000102749940 0000000000000000
[mtlr]   out: 0000007700000000 0000000000004000 00000002b1b5ba84 0000000000361916
[mtlr] resource2 sel8 flags 470 sz 0x1000 -> kr 0x00000000 rid 119 GPUVA 0x10002490000 cpu 10b660000
[mtlr]   out: 0000010002490000 000000010b660000 0000000102749940 0000000000000000
[mtlr]   out: 0000007700000000 0000000000004000 00000002b1b5ba85 0000000000361917
[mtlr] resource2 sel8 flags 470 sz 0x1000 -> kr 0x00000000 rid 119 GPUVA 0x10002490000 cpu 10b660000
[mtlr]   out: 0000010002490000 000000010b660000 0000000102749940 0000000000000000
[mtlr]   out: 0000007700000000 0000000000004000 00000002b1b5ba86 0000000000361918
[mtlr] resource2 sel8 flags 470 sz 0x1000 -> kr 0x00000000 rid 119 GPUVA 0x10002490000 cpu 10b660000
[mtlr]   out: 0000010002490000 000000010b660000 0000000102749940 0000000000000000
[mtlr]   out: 0000007700000000 0000000000004000 00000002b1b5ba87 0000000000361919
[mtlr] resource2 sel8 flags 470 sz 0x1000 -> kr 0x00000000 rid 119 GPUVA 0x10002490000 cpu 10b660000
[mtlr]   out: 0000010002490000 000000010b660000 0000000102749940 0000000000000000
[mtlr]   out: 0000007700000000 0000000000004000 00000002b1b5ba88 000000000036191a
[mtlr] resource2 sel8 flags 470 sz 0x1000 -> kr 0x00000000 rid 119 GPUVA 0x10002490000 cpu 10b660000
[mtlr]   out: 0000010002490000 000000010b660000 0000000102749940 0000000000000000
[mtlr]   out: 0000007700000000 0000000000004000 00000002b1b5ba89 000000000036191b
[uatrec] S4 r24 (+1s): nvv 8 ncb 8 vsz 0x100000 destroy0 kr 0x00000000 nj 40
[uatrec] S4 r24 blit[0] slots 10 ridp 1
[uatrec] S4 r24 blit[1] slots 10 ridp 1
[uatrec] S4 r24 blit[2] slots 10 ridp 1
[uatrec] S4 r24 blit[3] slots 10 ridp 1
[uatrec] S4 r24 blit[4] slots 10 ridp 1
[uatrec] S4 r24 blit[5] slots 10 ridp 1
[uatrec] S4 r24 blit[6] slots 10 ridp 1
[uatrec] S4 r24 blit[7] slots 10 ridp 1
[uatrec] S4: deliberate crash now (round 24, blits in flight)
