[main] fuzz harness up, mode=scaler
[main] sandbox note: VCPDRM open is MACF-denied (iokit-open-user-client VCPDRMUserClient); mach-lookup com.apple.sprr / com.apple.jitbox exist but are sandbox-gated (seen in kernel log)
[open] AppleM2ScalerCSCDriver -> conn 0x5f03
[scaler] conn 0x5f03, s1 16 s2 20
[probe12] SetNotificationPort -> 0x00000000
[uatrec] v111 step 4 delay 0ms
[open] IOGPU -> conn 0x6b03
[uatrec] mconn 0x5633 ourc 0x6b03
[uatrec] S4 stale-TLB cross-client spray: 25 rounds, cong 0, 50ms/round, secs 0, nv 8, vsz 0x100000, fill 0x0 (0x41+markers), pressure 0 MB/5 rounds
[mtlr] resource2 sel8 flags 470 sz 0x100000 -> kr 0x00000000 rid 23 GPUVA 0x10002090000 cpu 107520000
[mtlr]   out: 0000010002090000 0000000107520000 0000000102a85140 0000000000000000
[mtlr]   out: 0000001700000000 0000000000100000 00000000483a15ed 000000000001f001
[uatrec] S4 r0 victim[0] rid 23 gpuva 0x10002090000 cpu 0x107520000 (top-of-stack)
[mtlr] resource2 sel8 flags 470 sz 0x100000 -> kr 0x00000000 rid 24 GPUVA 0x10002198000 cpu 107620000
[mtlr]   out: 0000010002198000 0000000107620000 0000000102a85200 0000000000000000
[mtlr]   out: 0000001800000000 0000000000100000 00000000483a15ee 000000000001f002
[uatrec] S4 r0 victim[1] rid 24 gpuva 0x10002198000 cpu 0x107620000 (top-of-stack)
[mtlr] resource2 sel8 flags 470 sz 0x100000 -> kr 0x00000000 rid 25 GPUVA 0x100022a0000 cpu 10d550000
[mtlr]   out: 00000100022a0000 000000010d550000 0000000102a852c0 0000000000000000
[mtlr]   out: 0000001900000000 0000000000100000 00000000483a15ef 000000000001f003
[uatrec] S4 r0 victim[2] rid 25 gpuva 0x100022a0000 cpu 0x10d550000 (top-of-stack)
[mtlr] resource2 sel8 flags 470 sz 0x100000 -> kr 0x00000000 rid 26 GPUVA 0x100023a8000 cpu 10d650000
[mtlr]   out: 00000100023a8000 000000010d650000 0000000102a85380 0000000000000000
[mtlr]   out: 0000001a00000000 0000000000100000 00000000483a15f0 000000000001f004
[uatrec] S4 r0 victim[3] rid 26 gpuva 0x100023a8000 cpu 0x10d650000 (top-of-stack)
[uatrec] S4: no key window — system load degraded
[mtlr] resource2 sel8 flags 470 sz 0x100000 -> kr 0x00000000 rid 27 GPUVA 0x100024b0000 cpu 10d750000
[mtlr]   out: 00000100024b0000 000000010d750000 0000000102a85440 0000000000000000
[mtlr]   out: 0000001b00000000 0000000000100000 00000000483a15f1 000000000001f005
[uatrec] S4 r0 victim[4] rid 27 gpuva 0x100024b0000 cpu 0x10d750000 (top-of-stack)
[mtlr] resource2 sel8 flags 470 sz 0x100000 -> kr 0x00000000 rid 28 GPUVA 0x100025b8000 cpu 10d850000
[mtlr]   out: 00000100025b8000 000000010d850000 0000000102a85500 0000000000000000
[mtlr]   out: 0000001c00000000 0000000000100000 00000000483a15f2 000000000001f006
[uatrec] S4 r0 victim[5] rid 28 gpuva 0x100025b8000 cpu 0x10d850000 (top-of-stack)
[mtlr] resource2 sel8 flags 470 sz 0x100000 -> kr 0x00000000 rid 29 GPUVA 0x100026c0000 cpu 10d950000
[mtlr]   out: 00000100026c0000 000000010d950000 0000000102a855c0 0000000000000000
[mtlr]   out: 0000001d00000000 0000000000100000 00000000483a15f3 000000000001f007
[uatrec] S4 r0 victim[6] rid 29 gpuva 0x100026c0000 cpu 0x10d950000 (top-of-stack)
[mtlr] resource2 sel8 flags 470 sz 0x100000 -> kr 0x00000000 rid 30 GPUVA 0x100027c8000 cpu 10da50000
[mtlr]   out: 00000100027c8000 000000010da50000 0000000102a85680 0000000000000000
[mtlr]   out: 0000001e00000000 0000000000100000 00000000483a15f4 000000000001f008
[uatrec] S4 r0 victim[7] rid 30 gpuva 0x100027c8000 cpu 0x10da50000 (top-of-stack)
[mtlr] resource2 sel8 flags 470 sz 0x1000 -> kr 0x00000000 rid 23 GPUVA 0x10002090000 cpu 10e908000
[mtlr]   out: 0000010002090000 000000010e908000 0000000102a85140 0000000000000000
[mtlr]   out: 0000001700000000 0000000000004000 00000000493a176f 000000000001f067
[mtlr] resource2 sel8 flags 470 sz 0x1000 -> kr 0x00000000 rid 23 GPUVA 0x10002090000 cpu 10e908000
[mtlr]   out: 0000010002090000 000000010e908000 0000000102a85140 0000000000000000
[mtlr]   out: 0000001700000000 0000000000004000 00000000493a1770 000000000001f068
[mtlr] resource2 sel8 flags 470 sz 0x1000 -> kr 0x00000000 rid 23 GPUVA 0x10002090000 cpu 10e908000
[mtlr]   out: 0000010002090000 000000010e908000 0000000102a85140 0000000000000000
[mtlr]   out: 0000001700000000 0000000000004000 00000000493a1771 000000000001f069
[mtlr] resource2 sel8 flags 470 sz 0x1000 -> kr 0x00000000 rid 23 GPUVA 0x10002090000 cpu 10e908000
[mtlr]   out: 0000010002090000 000000010e908000 0000000102a85140 0000000000000000
[mtlr]   out: 0000001700000000 0000000000004000 00000000493a1772 000000000001f06a
[mtlr] resource2 sel8 flags 470 sz 0x1000 -> kr 0x00000000 rid 23 GPUVA 0x10002090000 cpu 10e908000
[mtlr]   out: 0000010002090000 000000010e908000 0000000102a85140 0000000000000000
[mtlr]   out: 0000001700000000 0000000000004000 00000000493a1774 000000000001f06b
[mtlr] resource2 sel8 flags 470 sz 0x1000 -> kr 0x00000000 rid 23 GPUVA 0x10002090000 cpu 10e908000
[mtlr]   out: 0000010002090000 000000010e908000 0000000102a85140 0000000000000000
[mtlr]   out: 0000001700000000 0000000000004000 00000000493a1775 000000000001f06c
[mtlr] resource2 sel8 flags 470 sz 0x1000 -> kr 0x00000000 rid 23 GPUVA 0x10002090000 cpu 10e908000
[mtlr]   out: 0000010002090000 000000010e908000 0000000102a85140 0000000000000000
[mtlr]   out: 0000001700000000 0000000000004000 00000000493a1795 000000000001f06d
[mtlr] resource2 sel8 flags 470 sz 0x1000 -> kr 0x00000000 rid 23 GPUVA 0x10002090000 cpu 10e908000
[mtlr]   out: 0000010002090000 000000010e908000 0000000102a85140 0000000000000000
[mtlr]   out: 0000001700000000 0000000000004000 00000000493a17a3 000000000001f06e
[mtlr] resource2 sel8 flags 470 sz 0x1000 -> kr 0x00000000 rid 23 GPUVA 0x10002090000 cpu 10e908000
[mtlr]   out: 0000010002090000 000000010e908000 0000000102a85140 0000000000000000
[mtlr]   out: 0000001700000000 0000000000004000 00000000493a17a4 000000000001f06f
[mtlr] resource2 sel8 flags 470 sz 0x1000 -> kr 0x00000000 rid 23 GPUVA 0x10002090000 cpu 10e908000
[mtlr]   out: 0000010002090000 000000010e908000 0000000102a85140 0000000000000000
[mtlr]   out: 0000001700000000 0000000000004000 00000000493a17a5 000000000001f070
[mtlr] resource2 sel8 flags 470 sz 0x1000 -> kr 0x00000000 rid 23 GPUVA 0x10002090000 cpu 10e908000
[mtlr]   out: 0000010002090000 000000010e908000 0000000102a85140 0000000000000000
[mtlr]   out: 0000001700000000 0000000000004000 00000000493a17a6 000000000001f071
[mtlr] resource2 sel8 flags 470 sz 0x1000 -> kr 0x00000000 rid 23 GPUVA 0x10002090000 cpu 10e908000
[mtlr]   out: 0000010002090000 000000010e908000 0000000102a85140 0000000000000000
[mtlr]   out: 0000001700000000 0000000000004000 00000000493a17a7 000000000001f072
[mtlr] resource2 sel8 flags 470 sz 0x1000 -> kr 0x00000000 rid 23 GPUVA 0x10002090000 cpu 10e908000
[mtlr]   out: 0000010002090000 000000010e908000 0000000102a85140 0000000000000000
[mtlr]   out: 0000001700000000 0000000000004000 00000000493a17a8 000000000001f073
[mtlr] resource2 sel8 flags 470 sz 0x1000 -> kr 0x00000000 rid 23 GPUVA 0x10002090000 cpu 10e908000
[mtlr]   out: 0000010002090000 000000010e908000 0000000102a85140 0000000000000000
[mtlr]   out: 0000001700000000 0000000000004000 00000000493a17a9 000000000001f074
[mtlr] resource2 sel8 flags 470 sz 0x1000 -> kr 0x00000000 rid 23 GPUVA 0x10002090000 cpu 10e908000
[mtlr]   out: 0000010002090000 000000010e908000 0000000102a85140 0000000000000000
[mtlr]   out: 0000001700000000 0000000000004000 00000000493a17aa 000000000001f075
[mtlr] resource2 sel8 flags 470 sz 0x1000 -> kr 0x00000000 rid 23 GPUVA 0x10002090000 cpu 10e908000
[mtlr]   out: 0000010002090000 000000010e908000 0000000102a85140 0000000000000000
[mtlr]   out: 0000001700000000 0000000000004000 00000000493a17ab 000000000001f076
[mtlr] resource2 sel8 flags 470 sz 0x1000 -> kr 0x00000000 rid 23 GPUVA 0x10002090000 cpu 10e908000
[mtlr]   out: 0000010002090000 000000010e908000 0000000102a85140 0000000000000000
[mtlr]   out: 0000001700000000 0000000000004000 00000000493a17ac 000000000001f077
[mtlr] resource2 sel8 flags 470 sz 0x1000 -> kr 0x00000000 rid 23 GPUVA 0x10002090000 cpu 10e908000
[mtlr]   out: 0000010002090000 000000010e908000 0000000102a85140 0000000000000000
[mtlr]   out: 0000001700000000 0000000000004000 00000000493a17ad 000000000001f078
[mtlr] resource2 sel8 flags 470 sz 0x1000 -> kr 0x00000000 rid 23 GPUVA 0x10002090000 cpu 10e908000
[mtlr]   out: 0000010002090000 000000010e908000 0000000102a85140 0000000000000000
[mtlr]   out: 0000001700000000 0000000000004000 00000000493a17ae 000000000001f079
[mtlr] resource2 sel8 flags 470 sz 0x1000 -> kr 0x00000000 rid 23 GPUVA 0x10002090000 cpu 10e908000
[mtlr]   out: 0000010002090000 000000010e908000 0000000102a85140 0000000000000000
[mtlr]   out: 0000001700000000 0000000000004000 00000000493a17af 000000000001f07a
[mtlr] resource2 sel8 flags 470 sz 0x1000 -> kr 0x00000000 rid 23 GPUVA 0x10002090000 cpu 10e908000
[mtlr]   out: 0000010002090000 000000010e908000 0000000102a85140 0000000000000000
[mtlr]   out: 0000001700000000 0000000000004000 00000000493a17b0 000000000001f07b
[mtlr] resource2 sel8 flags 470 sz 0x1000 -> kr 0x00000000 rid 23 GPUVA 0x10002090000 cpu 10e908000
[mtlr]   out: 0000010002090000 000000010e908000 0000000102a85140 0000000000000000
[mtlr]   out: 0000001700000000 0000000000004000 00000000493a17b1 000000000001f07c
[mtlr] resource2 sel8 flags 470 sz 0x1000 -> kr 0x00000000 rid 23 GPUVA 0x10002090000 cpu 10e908000
[mtlr]   out: 0000010002090000 000000010e908000 0000000102a85140 0000000000000000
[mtlr]   out: 0000001700000000 0000000000004000 00000000493a17b2 000000000001f07d
[mtlr] resource2 sel8 flags 470 sz 0x1000 -> kr 0x00000000 rid 23 GPUVA 0x10002090000 cpu 10e908000
[mtlr]   out: 0000010002090000 000000010e908000 0000000102a85140 0000000000000000
[mtlr]   out: 0000001700000000 0000000000004000 00000000493a17b3 000000000001f07e
[mtlr] resource2 sel8 flags 470 sz 0x1000 -> kr 0x00000000 rid 23 GPUVA 0x10002090000 cpu 10e908000
[mtlr]   out: 0000010002090000 000000010e908000 0000000102a85140 0000000000000000
[mtlr]   out: 0000001700000000 0000000000004000 00000000493a17b4 000000000001f07f
[mtlr] resource2 sel8 flags 470 sz 0x1000 -> kr 0x00000000 rid 23 GPUVA 0x10002090000 cpu 10e908000
[mtlr]   out: 0000010002090000 000000010e908000 0000000102a85140 0000000000000000
[mtlr]   out: 0000001700000000 0000000000004000 00000000493a17b5 000000000001f080
[mtlr] resource2 sel8 flags 470 sz 0x1000 -> kr 0x00000000 rid 23 GPUVA 0x10002090000 cpu 10e908000
[mtlr]   out: 0000010002090000 000000010e908000 0000000102a85140 0000000000000000
[mtlr]   out: 0000001700000000 0000000000004000 00000000493a17b6 000000000001f081
[mtlr] resource2 sel8 flags 470 sz 0x1000 -> kr 0x00000000 rid 23 GPUVA 0x10002090000 cpu 10e908000
[mtlr]   out: 0000010002090000 000000010e908000 0000000102a85140 0000000000000000
[mtlr]   out: 0000001700000000 0000000000004000 00000000493a17b7 000000000001f082
[mtlr] resource2 sel8 flags 470 sz 0x1000 -> kr 0x00000000 rid 23 GPUVA 0x10002090000 cpu 10e908000
[mtlr]   out: 0000010002090000 000000010e908000 0000000102a85140 0000000000000000
[mtlr]   out: 0000001700000000 0000000000004000 00000000493a17b8 000000000001f083
[mtlr] resource2 sel8 flags 470 sz 0x1000 -> kr 0x00000000 rid 23 GPUVA 0x10002090000 cpu 10e908000
[mtlr]   out: 0000010002090000 000000010e908000 0000000102a85140 0000000000000000
[mtlr]   out: 0000001700000000 0000000000004000 00000000493a17b9 000000000001f084
[mtlr] resource2 sel8 flags 470 sz 0x1000 -> kr 0x00000000 rid 23 GPUVA 0x10002090000 cpu 10e908000
[mtlr]   out: 0000010002090000 000000010e908000 0000000102a85140 0000000000000000
[mtlr]   out: 0000001700000000 0000000000004000 00000000493a17ba 000000000001f085
[mtlr] resource2 sel8 flags 470 sz 0x1000 -> kr 0x00000000 rid 23 GPUVA 0x10002090000 cpu 10e908000
[mtlr]   out: 0000010002090000 000000010e908000 0000000102a85140 0000000000000000
[mtlr]   out: 0000001700000000 0000000000004000 00000000493a17bb 000000000001f086
[mtlr] resource2 sel8 flags 470 sz 0x1000 -> kr 0x00000000 rid 23 GPUVA 0x10002090000 cpu 10e908000
[mtlr]   out: 0000010002090000 000000010e908000 0000000102a85140 0000000000000000
[mtlr]   out: 0000001700000000 0000000000004000 00000000493a17bc 000000000001f087
[mtlr] resource2 sel8 flags 470 sz 0x1000 -> kr 0x00000000 rid 23 GPUVA 0x10002090000 cpu 10e908000
[mtlr]   out: 0000010002090000 000000010e908000 0000000102a85140 0000000000000000
[mtlr]   out: 0000001700000000 0000000000004000 00000000493a17bd 000000000001f088
[mtlr] resource2 sel8 flags 470 sz 0x1000 -> kr 0x00000000 rid 23 GPUVA 0x10002090000 cpu 10e908000
[mtlr]   out: 0000010002090000 000000010e908000 0000000102a85140 0000000000000000
[mtlr]   out: 0000001700000000 0000000000004000 00000000493a17be 000000000001f089
[mtlr] resource2 sel8 flags 470 sz 0x1000 -> kr 0x00000000 rid 23 GPUVA 0x10002090000 cpu 10e908000
[mtlr]   out: 0000010002090000 000000010e908000 0000000102a85140 0000000000000000
[mtlr]   out: 0000001700000000 0000000000004000 00000000493a17bf 000000000001f08a
[mtlr] resource2 sel8 flags 470 sz 0x1000 -> kr 0x00000000 rid 23 GPUVA 0x10002090000 cpu 10e908000
[mtlr]   out: 0000010002090000 000000010e908000 0000000102a85140 0000000000000000
[mtlr]   out: 0000001700000000 0000000000004000 00000000493a17c0 000000000001f08b
[mtlr] resource2 sel8 flags 470 sz 0x1000 -> kr 0x00000000 rid 23 GPUVA 0x10002090000 cpu 10e908000
[mtlr]   out: 0000010002090000 000000010e908000 0000000102a85140 0000000000000000
[mtlr]   out: 0000001700000000 0000000000004000 00000000493a17c1 000000000001f08c
[mtlr] resource2 sel8 flags 470 sz 0x1000 -> kr 0x00000000 rid 23 GPUVA 0x10002090000 cpu 10e908000
[mtlr]   out: 0000010002090000 000000010e908000 0000000102a85140 0000000000000000
[mtlr]   out: 0000001700000000 0000000000004000 00000000493a17c2 000000000001f08d
[mtlr] resource2 sel8 flags 470 sz 0x1000 -> kr 0x00000000 rid 23 GPUVA 0x10002090000 cpu 10e908000
[mtlr]   out: 0000010002090000 000000010e908000 0000000102a85140 0000000000000000
[mtlr]   out: 0000001700000000 0000000000004000 00000000493a17c3 000000000001f08e
[uatrec] S4 r0 (+0s): nvv 8 ncb 8 vsz 0x100000 fill 0x0 destroy0 kr 0x00000000 nj 40
[uatrec] S4 r0 blit[0] slots 11 ridp 1
[uatrec] S4 r0 blit[1] slots 9 ridp 1
[uatrec] S4 r0 blit[2] slots 11 ridp 1
[uatrec] S4 r0 blit[3] slots 9 ridp 1
[uatrec] S4 r0 blit[4] slots 9 ridp 1
[uatrec] S4 r0 blit[5] slots 11 ridp 1
[uatrec] S4 r0 blit[6] slots 10 ridp 1
[uatrec] S4 r0 blit[7] slots 11 ridp 1
[mtlr] resource2 sel8 flags 470 sz 0x100000 -> kr 0x00000000 rid 23 GPUVA 0x10002090000 cpu 10dc58000
[mtlr]   out: 0000010002090000 000000010dc58000 0000000102a85140 0000000000000000
[mtlr]   out: 0000001700000000 0000000000100000 00000000493a18d4 000000000001f091
[uatrec] S4 r1 victim[0] rid 23 gpuva 0x10002090000 cpu 0x10dc58000 (top-of-stack)
[mtlr] resource2 sel8 flags 470 sz 0x100000 -> kr 0x00000000 rid 24 GPUVA 0x10002198000 cpu 10dd58000
[mtlr]   out: 0000010002198000 000000010dd58000 0000000102a85200 0000000000000000
[mtlr]   out: 0000001800000000 0000000000100000 00000000493a18d5 000000000001f092
[uatrec] S4 r1 victim[1] rid 24 gpuva 0x10002198000 cpu 0x10dd58000 (top-of-stack)
[mtlr] resource2 sel8 flags 470 sz 0x100000 -> kr 0x00000000 rid 25 GPUVA 0x100022a0000 cpu 10e400000
[mtlr]   out: 00000100022a0000 000000010e400000 0000000102a852c0 0000000000000000
[mtlr]   out: 0000001900000000 0000000000100000 00000000493a18d6 000000000001f093
[uatrec] S4 r1 victim[2] rid 25 gpuva 0x100022a0000 cpu 0x10e400000 (top-of-stack)
[mtlr] resource2 sel8 flags 470 sz 0x100000 -> kr 0x00000000 rid 26 GPUVA 0x100023a8000 cpu 10e500000
[mtlr]   out: 00000100023a8000 000000010e500000 0000000102a85380 0000000000000000
[mtlr]   out: 0000001a00000000 0000000000100000 00000000493a18d7 000000000001f094
[uatrec] S4 r1 victim[3] rid 26 gpuva 0x100023a8000 cpu 0x10e500000 (top-of-stack)
[mtlr] resource2 sel8 flags 470 sz 0x100000 -> kr 0x00000000 rid 27 GPUVA 0x100024b0000 cpu 10e600000
[mtlr]   out: 00000100024b0000 000000010e600000 0000000102a85440 0000000000000000
[mtlr]   out: 0000001b00000000 0000000000100000 00000000493a18d8 000000000001f095
[uatrec] S4 r1 victim[4] rid 27 gpuva 0x100024b0000 cpu 0x10e600000 (top-of-stack)
[mtlr] resource2 sel8 flags 470 sz 0x100000 -> kr 0x00000000 rid 28 GPUVA 0x100025b8000 cpu 10e700000
[mtlr]   out: 00000100025b8000 000000010e700000 0000000102a85500 0000000000000000
[mtlr]   out: 0000001c00000000 0000000000100000 00000000493a18d9 000000000001f096
[uatrec] S4 r1 victim[5] rid 28 gpuva 0x100025b8000 cpu 0x10e700000 (top-of-stack)
[mtlr] resource2 sel8 flags 470 sz 0x100000 -> kr 0x00000000 rid 29 GPUVA 0x100026c0000 cpu 10e800000
[mtlr]   out: 00000100026c0000 000000010e800000 0000000102a855c0 0000000000000000
[mtlr]   out: 0000001d00000000 0000000000100000 00000000493a18da 000000000001f097
[uatrec] S4 r1 victim[6] rid 29 gpuva 0x100026c0000 cpu 0x10e800000 (top-of-stack)
[mtlr] resource2 sel8 flags 470 sz 0x100000 -> kr 0x00000000 rid 30 GPUVA 0x100027c8000 cpu 10e900000
[mtlr]   out: 00000100027c8000 000000010e900000 0000000102a85680 0000000000000000
[mtlr]   out: 0000001e00000000 0000000000100000 00000000493a18db 000000000001f098
[uatrec] S4 r1 victim[7] rid 30 gpuva 0x100027c8000 cpu 0x10e900000 (top-of-stack)
[mtlr] resource2 sel8 flags 470 sz 0x1000 -> kr 0x00000000 rid 23 GPUVA 0x10002090000 cpu 10d958000
[mtlr]   out: 0000010002090000 000000010d958000 0000000102a85140 0000000000000000
[mtlr]   out: 0000001700000000 0000000000004000 00000000493a1948 000000000001f0a2
[mtlr] resource2 sel8 flags 470 sz 0x1000 -> kr 0x00000000 rid 23 GPUVA 0x10002090000 cpu 10d958000
[mtlr]   out: 0000010002090000 000000010d958000 0000000102a85140 0000000000000000
[mtlr]   out: 0000001700000000 0000000000004000 00000000493a1949 000000000001f0a3
[mtlr] resource2 sel8 flags 470 sz 0x1000 -> kr 0x00000000 rid 23 GPUVA 0x10002090000 cpu 10d958000
[mtlr]   out: 0000010002090000 000000010d958000 0000000102a85140 0000000000000000
[mtlr]   out: 0000001700000000 0000000000004000 00000000493a194a 000000000001f0a4
[mtlr] resource2 sel8 flags 470 sz 0x1000 -> kr 0x00000000 rid 23 GPUVA 0x10002090000 cpu 10d958000
[mtlr]   out: 0000010002090000 000000010d958000 0000000102a85140 0000000000000000
[mtlr]   out: 0000001700000000 0000000000004000 00000000493a194b 000000000001f0a5
[mtlr] resource2 sel8 flags 470 sz 0x1000 -> kr 0x00000000 rid 23 GPUVA 0x10002090000 cpu 10d958000
[mtlr]   out: 0000010002090000 000000010d958000 0000000102a85140 0000000000000000
[mtlr]   out: 0000001700000000 0000000000004000 00000000493a194c 000000000001f0a6
[mtlr] resource2 sel8 flags 470 sz 0x1000 -> kr 0x00000000 rid 23 GPUVA 0x10002090000 cpu 10d958000
[mtlr]   out: 0000010002090000 000000010d958000 0000000102a85140 0000000000000000
[mtlr]   out: 0000001700000000 0000000000004000 00000000493a194d 000000000001f0a7
[mtlr] resource2 sel8 flags 470 sz 0x1000 -> kr 0x00000000 rid 23 GPUVA 0x10002090000 cpu 10d958000
[mtlr]   out: 0000010002090000 000000010d958000 0000000102a85140 0000000000000000
[mtlr]   out: 0000001700000000 0000000000004000 00000000493a194e 000000000001f0a8
[mtlr] resource2 sel8 flags 470 sz 0x1000 -> kr 0x00000000 rid 23 GPUVA 0x10002090000 cpu 10d958000
[mtlr]   out: 0000010002090000 000000010d958000 0000000102a85140 0000000000000000
[mtlr]   out: 0000001700000000 0000000000004000 00000000493a194f 000000000001f0a9
[mtlr] resource2 sel8 flags 470 sz 0x1000 -> kr 0x00000000 rid 23 GPUVA 0x10002090000 cpu 10d958000
[mtlr]   out: 0000010002090000 000000010d958000 0000000102a85140 0000000000000000
[mtlr]   out: 0000001700000000 0000000000004000 00000000493a1950 000000000001f0aa
[mtlr] resource2 sel8 flags 470 sz 0x1000 -> kr 0x00000000 rid 23 GPUVA 0x10002090000 cpu 10d958000
[mtlr]   out: 0000010002090000 000000010d958000 0000000102a85140 0000000000000000
[mtlr]   out: 0000001700000000 0000000000004000 00000000493a1951 000000000001f0ab
[mtlr] resource2 sel8 flags 470 sz 0x1000 -> kr 0x00000000 rid 23 GPUVA 0x10002090000 cpu 10d958000
[mtlr]   out: 0000010002090000 000000010d958000 0000000102a85140 0000000000000000
[mtlr]   out: 0000001700000000 0000000000004000 00000000493a1952 000000000001f0ac
[mtlr] resource2 sel8 flags 470 sz 0x1000 -> kr 0x00000000 rid 23 GPUVA 0x10002090000 cpu 10d958000
[mtlr]   out: 0000010002090000 000000010d958000 0000000102a85140 0000000000000000
[mtlr]   out: 0000001700000000 0000000000004000 00000000493a1953 000000000001f0ad
[mtlr] resource2 sel8 flags 470 sz 0x1000 -> kr 0x00000000 rid 23 GPUVA 0x10002090000 cpu 10d958000
[mtlr]   out: 0000010002090000 000000010d958000 0000000102a85140 0000000000000000
[mtlr]   out: 0000001700000000 0000000000004000 00000000493a1954 000000000001f0ae
[mtlr] resource2 sel8 flags 470 sz 0x1000 -> kr 0x00000000 rid 23 GPUVA 0x10002090000 cpu 10d958000
[mtlr]   out: 0000010002090000 000000010d958000 0000000102a85140 0000000000000000
[mtlr]   out: 0000001700000000 0000000000004000 00000000493a1955 000000000001f0af
[mtlr] resource2 sel8 flags 470 sz 0x1000 -> kr 0x00000000 rid 23 GPUVA 0x10002090000 cpu 10d958000
[mtlr]   out: 0000010002090000 000000010d958000 0000000102a85140 0000000000000000
[mtlr]   out: 0000001700000000 0000000000004000 00000000493a1956 000000000001f0b0
[mtlr] resource2 sel8 flags 470 sz 0x1000 -> kr 0x00000000 rid 23 GPUVA 0x10002090000 cpu 10d958000
[mtlr]   out: 0000010002090000 000000010d958000 0000000102a85140 0000000000000000
[mtlr]   out: 0000001700000000 0000000000004000 00000000493a1957 000000000001f0b1
[mtlr] resource2 sel8 flags 470 sz 0x1000 -> kr 0x00000000 rid 23 GPUVA 0x10002090000 cpu 10d958000
[mtlr]   out: 0000010002090000 000000010d958000 0000000102a85140 0000000000000000
[mtlr]   out: 0000001700000000 0000000000004000 00000000493a1958 000000000001f0b2
[mtlr] resource2 sel8 flags 470 sz 0x1000 -> kr 0x00000000 rid 23 GPUVA 0x10002090000 cpu 10d958000
[mtlr]   out: 0000010002090000 000000010d958000 0000000102a85140 0000000000000000
[mtlr]   out: 0000001700000000 0000000000004000 00000000493a1959 000000000001f0b3
[mtlr] resource2 sel8 flags 470 sz 0x1000 -> kr 0x00000000 rid 23 GPUVA 0x10002090000 cpu 10d958000
[mtlr]   out: 0000010002090000 000000010d958000 0000000102a85140 0000000000000000
[mtlr]   out: 0000001700000000 0000000000004000 00000000493a195a 000000000001f0b4
[mtlr] resource2 sel8 flags 470 sz 0x1000 -> kr 0x00000000 rid 23 GPUVA 0x10002090000 cpu 10d958000
[mtlr]   out: 0000010002090000 000000010d958000 0000000102a85140 0000000000000000
[mtlr]   out: 0000001700000000 0000000000004000 00000000493a195b 000000000001f0b5
[mtlr] resource2 sel8 flags 470 sz 0x1000 -> kr 0x00000000 rid 23 GPUVA 0x10002090000 cpu 10d958000
[mtlr]   out: 0000010002090000 000000010d958000 0000000102a85140 0000000000000000
[mtlr]   out: 0000001700000000 0000000000004000 00000000493a195c 000000000001f0b6
[mtlr] resource2 sel8 flags 470 sz 0x1000 -> kr 0x00000000 rid 23 GPUVA 0x10002090000 cpu 10d958000
[mtlr]   out: 0000010002090000 000000010d958000 0000000102a85140 0000000000000000
[mtlr]   out: 0000001700000000 0000000000004000 00000000493a195d 000000000001f0b7
[mtlr] resource2 sel8 flags 470 sz 0x1000 -> kr 0x00000000 rid 23 GPUVA 0x10002090000 cpu 10d958000
[mtlr]   out: 0000010002090000 000000010d958000 0000000102a85140 0000000000000000
[mtlr]   out: 0000001700000000 0000000000004000 00000000493a195e 000000000001f0b8
[mtlr] resource2 sel8 flags 470 sz 0x1000 -> kr 0x00000000 rid 23 GPUVA 0x10002090000 cpu 10d958000
[mtlr]   out: 0000010002090000 000000010d958000 0000000102a85140 0000000000000000
[mtlr]   out: 0000001700000000 0000000000004000 00000000493a195f 000000000001f0b9
[mtlr] resource2 sel8 flags 470 sz 0x1000 -> kr 0x00000000 rid 23 GPUVA 0x10002090000 cpu 10d958000
[mtlr]   out: 0000010002090000 000000010d958000 0000000102a85140 0000000000000000
[mtlr]   out: 0000001700000000 0000000000004000 00000000493a1960 000000000001f0ba
[mtlr] resource2 sel8 flags 470 sz 0x1000 -> kr 0x00000000 rid 23 GPUVA 0x10002090000 cpu 10d958000
[mtlr]   out: 0000010002090000 000000010d958000 0000000102a85140 0000000000000000
[mtlr]   out: 0000001700000000 0000000000004000 00000000493a1961 000000000001f0bb
[mtlr] resource2 sel8 flags 470 sz 0x1000 -> kr 0x00000000 rid 23 GPUVA 0x10002090000 cpu 10d958000
[mtlr]   out: 0000010002090000 000000010d958000 0000000102a85140 0000000000000000
[mtlr]   out: 0000001700000000 0000000000004000 00000000493a1962 000000000001f0bc
[mtlr] resource2 sel8 flags 470 sz 0x1000 -> kr 0x00000000 rid 23 GPUVA 0x10002090000 cpu 10d958000
[mtlr]   out: 0000010002090000 000000010d958000 0000000102a85140 0000000000000000
[mtlr]   out: 0000001700000000 0000000000004000 00000000493a1963 000000000001f0bd
[mtlr] resource2 sel8 flags 470 sz 0x1000 -> kr 0x00000000 rid 23 GPUVA 0x10002090000 cpu 10d958000
[mtlr]   out: 0000010002090000 000000010d958000 0000000102a85140 0000000000000000
[mtlr]   out: 0000001700000000 0000000000004000 00000000493a1964 000000000001f0be
[mtlr] resource2 sel8 flags 470 sz 0x1000 -> kr 0x00000000 rid 23 GPUVA 0x10002090000 cpu 10d958000
[mtlr]   out: 0000010002090000 000000010d958000 0000000102a85140 0000000000000000
[mtlr]   out: 0000001700000000 0000000000004000 00000000493a1965 000000000001f0bf
[mtlr] resource2 sel8 flags 470 sz 0x1000 -> kr 0x00000000 rid 23 GPUVA 0x10002090000 cpu 10d958000
[mtlr]   out: 0000010002090000 000000010d958000 0000000102a85140 0000000000000000
[mtlr]   out: 0000001700000000 0000000000004000 00000000493a1966 000000000001f0c0
[mtlr] resource2 sel8 flags 470 sz 0x1000 -> kr 0x00000000 rid 23 GPUVA 0x10002090000 cpu 10d958000
[mtlr]   out: 0000010002090000 000000010d958000 0000000102a85140 0000000000000000
[mtlr]   out: 0000001700000000 0000000000004000 00000000493a1967 000000000001f0c1
[mtlr] resource2 sel8 flags 470 sz 0x1000 -> kr 0x00000000 rid 23 GPUVA 0x10002090000 cpu 10d958000
[mtlr]   out: 0000010002090000 000000010d958000 0000000102a85140 0000000000000000
[mtlr]   out: 0000001700000000 0000000000004000 00000000493a1968 000000000001f0c2
[mtlr] resource2 sel8 flags 470 sz 0x1000 -> kr 0x00000000 rid 23 GPUVA 0x10002090000 cpu 10d958000
[mtlr]   out: 0000010002090000 000000010d958000 0000000102a85140 0000000000000000
[mtlr]   out: 0000001700000000 0000000000004000 00000000493a1969 000000000001f0c3
[mtlr] resource2 sel8 flags 470 sz 0x1000 -> kr 0x00000000 rid 23 GPUVA 0x10002090000 cpu 10d958000
[mtlr]   out: 0000010002090000 000000010d958000 0000000102a85140 0000000000000000
[mtlr]   out: 0000001700000000 0000000000004000 00000000493a196a 000000000001f0c4
[mtlr] resource2 sel8 flags 470 sz 0x1000 -> kr 0x00000000 rid 23 GPUVA 0x10002090000 cpu 10d958000
[mtlr]   out: 0000010002090000 000000010d958000 0000000102a85140 0000000000000000
[mtlr]   out: 0000001700000000 0000000000004000 00000000493a196b 000000000001f0c5
[mtlr] resource2 sel8 flags 470 sz 0x1000 -> kr 0x00000000 rid 23 GPUVA 0x10002090000 cpu 10d958000
[mtlr]   out: 0000010002090000 000000010d958000 0000000102a85140 0000000000000000
[mtlr]   out: 0000001700000000 0000000000004000 00000000493a196c 000000000001f0c6
[mtlr] resource2 sel8 flags 470 sz 0x1000 -> kr 0x00000000 rid 23 GPUVA 0x10002090000 cpu 10d958000
[mtlr]   out: 0000010002090000 000000010d958000 0000000102a85140 0000000000000000
[mtlr]   out: 0000001700000000 0000000000004000 00000000493a196d 000000000001f0c7
[mtlr] resource2 sel8 flags 470 sz 0x1000 -> kr 0x00000000 rid 23 GPUVA 0x10002090000 cpu 10d958000
[mtlr]   out: 0000010002090000 000000010d958000 0000000102a85140 0000000000000000
[mtlr]   out: 0000001700000000 0000000000004000 00000000493a196e 000000000001f0c8
[mtlr] resource2 sel8 flags 470 sz 0x1000 -> kr 0x00000000 rid 23 GPUVA 0x10002090000 cpu 10d958000
[mtlr]   out: 0000010002090000 000000010d958000 0000000102a85140 0000000000000000
[mtlr]   out: 0000001700000000 0000000000004000 00000000493a196f 000000000001f0c9
[uatrec] S4 r1 (+0s): nvv 8 ncb 8 vsz 0x100000 fill 0x0 destroy0 kr 0x00000000 nj 40
[uatrec] S4 r1 blit[0] slots 11 ridp 1
[uatrec] S4 r1 blit[1] slots 10 ridp 1
[uatrec] S4 r1 blit[2] slots 11 ridp 1
[uatrec] S4 r1 blit[3] slots 10 ridp 1
[uatrec] S4 r1 blit[4] slots 11 ridp 1
[uatrec] S4 r1 blit[5] slots 10 ridp 1
[uatrec] S4 r1 blit[6] slots 11 ridp 1
[uatrec] S4 r1 blit[7] slots 10 ridp 1
[mtlr] resource2 sel8 flags 470 sz 0x100000 -> kr 0x00000000 rid 23 GPUVA 0x10002090000 cpu 10752c000
[mtlr]   out: 0000010002090000 000000010752c000 0000000102a85140 0000000000000000
[mtlr]   out: 0000001700000000 0000000000100000 00000000493a1aaa 000000000001f0cc
[uatrec] S4 r2 victim[0] rid 23 gpuva 0x10002090000 cpu 0x10752c000 (top-of-stack)
[mtlr] resource2 sel8 flags 470 sz 0x100000 -> kr 0x00000000 rid 24 GPUVA 0x10002198000 cpu 10d550000
[mtlr]   out: 0000010002198000 000000010d550000 0000000102a85200 0000000000000000
[mtlr]   out: 0000001800000000 0000000000100000 00000000493a1aab 000000000001f0cd
[uatrec] S4 r2 victim[1] rid 24 gpuva 0x10002198000 cpu 0x10d550000 (top-of-stack)
[mtlr] resource2 sel8 flags 470 sz 0x100000 -> kr 0x00000000 rid 25 GPUVA 0x100022a0000 cpu 10d650000
[mtlr]   out: 00000100022a0000 000000010d650000 0000000102a852c0 0000000000000000
[mtlr]   out: 0000001900000000 0000000000100000 00000000493a1aac 000000000001f0ce
[uatrec] S4 r2 victim[2] rid 25 gpuva 0x100022a0000 cpu 0x10d650000 (top-of-stack)
[mtlr] resource2 sel8 flags 470 sz 0x100000 -> kr 0x00000000 rid 26 GPUVA 0x100023a8000 cpu 10d750000
[mtlr]   out: 00000100023a8000 000000010d750000 0000000102a85380 0000000000000000
[mtlr]   out: 0000001a00000000 0000000000100000 00000000493a1aad 000000000001f0cf
[uatrec] S4 r2 victim[3] rid 26 gpuva 0x100023a8000 cpu 0x10d750000 (top-of-stack)
[mtlr] resource2 sel8 flags 470 sz 0x100000 -> kr 0x00000000 rid 27 GPUVA 0x100024b0000 cpu 10d850000
[mtlr]   out: 00000100024b0000 000000010d850000 0000000102a85440 0000000000000000
[mtlr]   out: 0000001b00000000 0000000000100000 00000000493a1aae 000000000001f0d0
[uatrec] S4 r2 victim[4] rid 27 gpuva 0x100024b0000 cpu 0x10d850000 (top-of-stack)
[mtlr] resource2 sel8 flags 470 sz 0x100000 -> kr 0x00000000 rid 28 GPUVA 0x100025b8000 cpu 10d950000
[mtlr]   out: 00000100025b8000 000000010d950000 0000000102a85500 0000000000000000
[mtlr]   out: 0000001c00000000 0000000000100000 00000000493a1aaf 000000000001f0d1
[uatrec] S4 r2 victim[5] rid 28 gpuva 0x100025b8000 cpu 0x10d950000 (top-of-stack)
[mtlr] resource2 sel8 flags 470 sz 0x100000 -> kr 0x00000000 rid 29 GPUVA 0x100026c0000 cpu 10da50000
[mtlr]   out: 00000100026c0000 000000010da50000 0000000102a855c0 0000000000000000
[mtlr]   out: 0000001d00000000 0000000000100000 00000000493a1ab0 000000000001f0d2
[uatrec] S4 r2 victim[6] rid 29 gpuva 0x100026c0000 cpu 0x10da50000 (top-of-stack)
[mtlr] resource2 sel8 flags 470 sz 0x100000 -> kr 0x00000000 rid 30 GPUVA 0x100027c8000 cpu 10db50000
[mtlr]   out: 00000100027c8000 000000010db50000 0000000102a85680 0000000000000000
[mtlr]   out: 0000001e00000000 0000000000100000 00000000493a1ab1 000000000001f0d3
[uatrec] S4 r2 victim[7] rid 30 gpuva 0x100027c8000 cpu 0x10db50000 (top-of-stack)
[mtlr] resource2 sel8 flags 470 sz 0x1000 -> kr 0x00000000 rid 23 GPUVA 0x10002090000 cpu 10762c000
[mtlr]   out: 0000010002090000 000000010762c000 0000000102a85140 0000000000000000
[mtlr]   out: 0000001700000000 0000000000004000 00000000493a1aef 000000000001f0dd
[mtlr] resource2 sel8 flags 470 sz 0x1000 -> kr 0x00000000 rid 23 GPUVA 0x10002090000 cpu 10762c000
[mtlr]   out: 0000010002090000 000000010762c000 0000000102a85140 0000000000000000
[mtlr]   out: 0000001700000000 0000000000004000 00000000493a1af0 000000000001f0de
[mtlr] resource2 sel8 flags 470 sz 0x1000 -> kr 0x00000000 rid 23 GPUVA 0x10002090000 cpu 10762c000
[mtlr]   out: 0000010002090000 000000010762c000 0000000102a85140 0000000000000000
[mtlr]   out: 0000001700000000 0000000000004000 00000000493a1af1 000000000001f0df
[mtlr] resource2 sel8 flags 470 sz 0x1000 -> kr 0x00000000 rid 23 GPUVA 0x10002090000 cpu 10762c000
[mtlr]   out: 0000010002090000 000000010762c000 0000000102a85140 0000000000000000
[mtlr]   out: 0000001700000000 0000000000004000 00000000493a1af2 000000000001f0e0
[mtlr] resource2 sel8 flags 470 sz 0x1000 -> kr 0x00000000 rid 23 GPUVA 0x10002090000 cpu 10762c000
[mtlr]   out: 0000010002090000 000000010762c000 0000000102a85140 0000000000000000
[mtlr]   out: 0000001700000000 0000000000004000 00000000493a1af3 000000000001f0e1
[mtlr] resource2 sel8 flags 470 sz 0x1000 -> kr 0x00000000 rid 23 GPUVA 0x10002090000 cpu 10762c000
[mtlr]   out: 0000010002090000 000000010762c000 0000000102a85140 0000000000000000
[mtlr]   out: 0000001700000000 0000000000004000 00000000493a1af4 000000000001f0e2
[mtlr] resource2 sel8 flags 470 sz 0x1000 -> kr 0x00000000 rid 23 GPUVA 0x10002090000 cpu 10762c000
[mtlr]   out: 0000010002090000 000000010762c000 0000000102a85140 0000000000000000
[mtlr]   out: 0000001700000000 0000000000004000 00000000493a1af5 000000000001f0e3
[mtlr] resource2 sel8 flags 470 sz 0x1000 -> kr 0x00000000 rid 23 GPUVA 0x10002090000 cpu 10762c000
[mtlr]   out: 0000010002090000 000000010762c000 0000000102a85140 0000000000000000
[mtlr]   out: 0000001700000000 0000000000004000 00000000493a1af6 000000000001f0e4
[mtlr] resource2 sel8 flags 470 sz 0x1000 -> kr 0x00000000 rid 23 GPUVA 0x10002090000 cpu 10762c000
[mtlr]   out: 0000010002090000 000000010762c000 0000000102a85140 0000000000000000
[mtlr]   out: 0000001700000000 0000000000004000 00000000493a1af7 000000000001f0e5
[mtlr] resource2 sel8 flags 470 sz 0x1000 -> kr 0x00000000 rid 23 GPUVA 0x10002090000 cpu 10762c000
[mtlr]   out: 0000010002090000 000000010762c000 0000000102a85140 0000000000000000
[mtlr]   out: 0000001700000000 0000000000004000 00000000493a1af8 000000000001f0e6
[mtlr] resource2 sel8 flags 470 sz 0x1000 -> kr 0x00000000 rid 23 GPUVA 0x10002090000 cpu 10762c000
[mtlr]   out: 0000010002090000 000000010762c000 0000000102a85140 0000000000000000
[mtlr]   out: 0000001700000000 0000000000004000 00000000493a1af9 000000000001f0e7
[mtlr] resource2 sel8 flags 470 sz 0x1000 -> kr 0x00000000 rid 23 GPUVA 0x10002090000 cpu 10762c000
[mtlr]   out: 0000010002090000 000000010762c000 0000000102a85140 0000000000000000
[mtlr]   out: 0000001700000000 0000000000004000 00000000493a1afa 000000000001f0e8
[mtlr] resource2 sel8 flags 470 sz 0x1000 -> kr 0x00000000 rid 23 GPUVA 0x10002090000 cpu 10762c000
[mtlr]   out: 0000010002090000 000000010762c000 0000000102a85140 0000000000000000
[mtlr]   out: 0000001700000000 0000000000004000 00000000493a1afb 000000000001f0e9
[mtlr] resource2 sel8 flags 470 sz 0x1000 -> kr 0x00000000 rid 23 GPUVA 0x10002090000 cpu 10762c000
[mtlr]   out: 0000010002090000 000000010762c000 0000000102a85140 0000000000000000
[mtlr]   out: 0000001700000000 0000000000004000 00000000493a1afc 000000000001f0ea
[mtlr] resource2 sel8 flags 470 sz 0x1000 -> kr 0x00000000 rid 23 GPUVA 0x10002090000 cpu 10762c000
[mtlr]   out: 0000010002090000 000000010762c000 0000000102a85140 0000000000000000
[mtlr]   out: 0000001700000000 0000000000004000 00000000493a1afd 000000000001f0eb
[mtlr] resource2 sel8 flags 470 sz 0x1000 -> kr 0x00000000 rid 23 GPUVA 0x10002090000 cpu 10762c000
[mtlr]   out: 0000010002090000 000000010762c000 0000000102a85140 0000000000000000
[mtlr]   out: 0000001700000000 0000000000004000 00000000493a1afe 000000000001f0ec
[mtlr] resource2 sel8 flags 470 sz 0x1000 -> kr 0x00000000 rid 23 GPUVA 0x10002090000 cpu 10762c000
[mtlr]   out: 0000010002090000 000000010762c000 0000000102a85140 0000000000000000
[mtlr]   out: 0000001700000000 0000000000004000 00000000493a1aff 000000000001f0ed
[mtlr] resource2 sel8 flags 470 sz 0x1000 -> kr 0x00000000 rid 23 GPUVA 0x10002090000 cpu 10762c000
[mtlr]   out: 0000010002090000 000000010762c000 0000000102a85140 0000000000000000
[mtlr]   out: 0000001700000000 0000000000004000 00000000493a1b00 000000000001f0ee
[mtlr] resource2 sel8 flags 470 sz 0x1000 -> kr 0x00000000 rid 23 GPUVA 0x10002090000 cpu 10762c000
[mtlr]   out: 0000010002090000 000000010762c000 0000000102a85140 0000000000000000
[mtlr]   out: 0000001700000000 0000000000004000 00000000493a1b01 000000000001f0ef
[mtlr] resource2 sel8 flags 470 sz 0x1000 -> kr 0x00000000 rid 23 GPUVA 0x10002090000 cpu 10762c000
[mtlr]   out: 0000010002090000 000000010762c000 0000000102a85140 0000000000000000
[mtlr]   out: 0000001700000000 0000000000004000 00000000493a1b02 000000000001f0f0
[mtlr] resource2 sel8 flags 470 sz 0x1000 -> kr 0x00000000 rid 23 GPUVA 0x10002090000 cpu 10762c000
[mtlr]   out: 0000010002090000 000000010762c000 0000000102a85140 0000000000000000
[mtlr]   out: 0000001700000000 0000000000004000 00000000493a1b03 000000000001f0f1
[mtlr] resource2 sel8 flags 470 sz 0x1000 -> kr 0x00000000 rid 23 GPUVA 0x10002090000 cpu 10762c000
[mtlr]   out: 0000010002090000 000000010762c000 0000000102a85140 0000000000000000
[mtlr]   out: 0000001700000000 0000000000004000 00000000493a1b04 000000000001f0f2
[mtlr] resource2 sel8 flags 470 sz 0x1000 -> kr 0x00000000 rid 23 GPUVA 0x10002090000 cpu 10762c000
[mtlr]   out: 0000010002090000 000000010762c000 0000000102a85140 0000000000000000
[mtlr]   out: 0000001700000000 0000000000004000 00000000493a1b05 000000000001f0f3
[mtlr] resource2 sel8 flags 470 sz 0x1000 -> kr 0x00000000 rid 23 GPUVA 0x10002090000 cpu 10762c000
[mtlr]   out: 0000010002090000 000000010762c000 0000000102a85140 0000000000000000
[mtlr]   out: 0000001700000000 0000000000004000 00000000493a1b06 000000000001f0f4
[mtlr] resource2 sel8 flags 470 sz 0x1000 -> kr 0x00000000 rid 23 GPUVA 0x10002090000 cpu 10762c000
[mtlr]   out: 0000010002090000 000000010762c000 0000000102a85140 0000000000000000
[mtlr]   out: 0000001700000000 0000000000004000 00000000493a1b07 000000000001f0f5
[mtlr] resource2 sel8 flags 470 sz 0x1000 -> kr 0x00000000 rid 23 GPUVA 0x10002090000 cpu 10762c000
[mtlr]   out: 0000010002090000 000000010762c000 0000000102a85140 0000000000000000
[mtlr]   out: 0000001700000000 0000000000004000 00000000493a1b08 000000000001f0f6
[mtlr] resource2 sel8 flags 470 sz 0x1000 -> kr 0x00000000 rid 23 GPUVA 0x10002090000 cpu 10762c000
[mtlr]   out: 0000010002090000 000000010762c000 0000000102a85140 0000000000000000
[mtlr]   out: 0000001700000000 0000000000004000 00000000493a1b09 000000000001f0f7
[mtlr] resource2 sel8 flags 470 sz 0x1000 -> kr 0x00000000 rid 23 GPUVA 0x10002090000 cpu 10762c000
[mtlr]   out: 0000010002090000 000000010762c000 0000000102a85140 0000000000000000
[mtlr]   out: 0000001700000000 0000000000004000 00000000493a1b0a 000000000001f0f8
[mtlr] resource2 sel8 flags 470 sz 0x1000 -> kr 0x00000000 rid 23 GPUVA 0x10002090000 cpu 10762c000
[mtlr]   out: 0000010002090000 000000010762c000 0000000102a85140 0000000000000000
[mtlr]   out: 0000001700000000 0000000000004000 00000000493a1b0b 000000000001f0f9
[mtlr] resource2 sel8 flags 470 sz 0x1000 -> kr 0x00000000 rid 23 GPUVA 0x10002090000 cpu 10762c000
[mtlr]   out: 0000010002090000 000000010762c000 0000000102a85140 0000000000000000
[mtlr]   out: 0000001700000000 0000000000004000 00000000493a1b0c 000000000001f0fa
[mtlr] resource2 sel8 flags 470 sz 0x1000 -> kr 0x00000000 rid 23 GPUVA 0x10002090000 cpu 10762c000
[mtlr]   out: 0000010002090000 000000010762c000 0000000102a85140 0000000000000000
[mtlr]   out: 0000001700000000 0000000000004000 00000000493a1b0d 000000000001f0fb
[mtlr] resource2 sel8 flags 470 sz 0x1000 -> kr 0x00000000 rid 23 GPUVA 0x10002090000 cpu 10762c000
[mtlr]   out: 0000010002090000 000000010762c000 0000000102a85140 0000000000000000
[mtlr]   out: 0000001700000000 0000000000004000 00000000493a1b0e 000000000001f0fc
[mtlr] resource2 sel8 flags 470 sz 0x1000 -> kr 0x00000000 rid 23 GPUVA 0x10002090000 cpu 10762c000
[mtlr]   out: 0000010002090000 000000010762c000 0000000102a85140 0000000000000000
[mtlr]   out: 0000001700000000 0000000000004000 00000000493a1b0f 000000000001f0fd
[mtlr] resource2 sel8 flags 470 sz 0x1000 -> kr 0x00000000 rid 23 GPUVA 0x10002090000 cpu 10762c000
[mtlr]   out: 0000010002090000 000000010762c000 0000000102a85140 0000000000000000
[mtlr]   out: 0000001700000000 0000000000004000 00000000493a1b10 000000000001f0fe
[mtlr] resource2 sel8 flags 470 sz 0x1000 -> kr 0x00000000 rid 23 GPUVA 0x10002090000 cpu 10762c000
[mtlr]   out: 0000010002090000 000000010762c000 0000000102a85140 0000000000000000
[mtlr]   out: 0000001700000000 0000000000004000 00000000493a1b11 000000000001f0ff
[mtlr] resource2 sel8 flags 470 sz 0x1000 -> kr 0x00000000 rid 23 GPUVA 0x10002090000 cpu 10762c000
[mtlr]   out: 0000010002090000 000000010762c000 0000000102a85140 0000000000000000
[mtlr]   out: 0000001700000000 0000000000004000 00000000493a1b12 000000000001f100
[mtlr] resource2 sel8 flags 470 sz 0x1000 -> kr 0x00000000 rid 23 GPUVA 0x10002090000 cpu 10762c000
[mtlr]   out: 0000010002090000 000000010762c000 0000000102a85140 0000000000000000
[mtlr]   out: 0000001700000000 0000000000004000 00000000493a1b13 000000000001f101
[mtlr] resource2 sel8 flags 470 sz 0x1000 -> kr 0x00000000 rid 23 GPUVA 0x10002090000 cpu 10762c000
[mtlr]   out: 0000010002090000 000000010762c000 0000000102a85140 0000000000000000
[mtlr]   out: 0000001700000000 0000000000004000 00000000493a1b14 000000000001f102
[mtlr] resource2 sel8 flags 470 sz 0x1000 -> kr 0x00000000 rid 23 GPUVA 0x10002090000 cpu 10762c000
[mtlr]   out: 0000010002090000 000000010762c000 0000000102a85140 0000000000000000
[mtlr]   out: 0000001700000000 0000000000004000 00000000493a1b15 000000000001f103
[mtlr] resource2 sel8 flags 470 sz 0x1000 -> kr 0x00000000 rid 23 GPUVA 0x10002090000 cpu 10762c000
[mtlr]   out: 0000010002090000 000000010762c000 0000000102a85140 0000000000000000
[mtlr]   out: 0000001700000000 0000000000004000 00000000493a1b16 000000000001f104
[uatrec] S4 r2 (+0s): nvv 8 ncb 8 vsz 0x100000 fill 0x0 destroy0 kr 0x00000000 nj 40
[uatrec] S4 r2 blit[0] slots 10 ridp 1
[uatrec] S4 r2 blit[1] slots 11 ridp 1
[uatrec] S4 r2 blit[2] slots 10 ridp 1
[uatrec] S4 r2 blit[3] slots 11 ridp 1
[uatrec] S4 r2 blit[4] slots 10 ridp 1
[uatrec] S4 r2 blit[5] slots 11 ridp 1
[uatrec] S4 r2 blit[6] slots 10 ridp 1
[uatrec] S4 r2 blit[7] slots 10 ridp 1
[mtlr] resource2 sel8 flags 470 sz 0x100000 -> kr 0x00000000 rid 23 GPUVA 0x10002090000 cpu 10dc50000
[mtlr]   out: 0000010002090000 000000010dc50000 0000000102a85140 0000000000000000
[mtlr]   out: 0000001700000000 0000000000100000 00000000493a1bc9 000000000001f107
[uatrec] S4 r3 victim[0] rid 23 gpuva 0x10002090000 cpu 0x10dc50000 (top-of-stack)
[mtlr] resource2 sel8 flags 470 sz 0x100000 -> kr 0x00000000 rid 24 GPUVA 0x10002198000 cpu 10dd50000
[mtlr]   out: 0000010002198000 000000010dd50000 0000000102a85200 0000000000000000
[mtlr]   out: 0000001800000000 0000000000100000 00000000493a1bca 000000000001f108
[uatrec] S4 r3 victim[1] rid 24 gpuva 0x10002198000 cpu 0x10dd50000 (top-of-stack)
[mtlr] resource2 sel8 flags 470 sz 0x100000 -> kr 0x00000000 rid 25 GPUVA 0x100022a0000 cpu 10de50000
[mtlr]   out: 00000100022a0000 000000010de50000 0000000102a852c0 0000000000000000
[mtlr]   out: 0000001900000000 0000000000100000 00000000493a1bcb 000000000001f109
[uatrec] S4 r3 victim[2] rid 25 gpuva 0x100022a0000 cpu 0x10de50000 (top-of-stack)
[mtlr] resource2 sel8 flags 470 sz 0x100000 -> kr 0x00000000 rid 26 GPUVA 0x100023a8000 cpu 10e400000
[mtlr]   out: 00000100023a8000 000000010e400000 0000000102a85380 0000000000000000
[mtlr]   out: 0000001a00000000 0000000000100000 00000000493a1bcc 000000000001f10a
[uatrec] S4 r3 victim[3] rid 26 gpuva 0x100023a8000 cpu 0x10e400000 (top-of-stack)
[mtlr] resource2 sel8 flags 470 sz 0x100000 -> kr 0x00000000 rid 27 GPUVA 0x100024b0000 cpu 10e500000
[mtlr]   out: 00000100024b0000 000000010e500000 0000000102a85440 0000000000000000
[mtlr]   out: 0000001b00000000 0000000000100000 00000000493a1bcd 000000000001f10b
[uatrec] S4 r3 victim[4] rid 27 gpuva 0x100024b0000 cpu 0x10e500000 (top-of-stack)
[mtlr] resource2 sel8 flags 470 sz 0x100000 -> kr 0x00000000 rid 28 GPUVA 0x100025b8000 cpu 10e600000
[mtlr]   out: 00000100025b8000 000000010e600000 0000000102a85500 0000000000000000
[mtlr]   out: 0000001c00000000 0000000000100000 00000000493a1bce 000000000001f10c
[uatrec] S4 r3 victim[5] rid 28 gpuva 0x100025b8000 cpu 0x10e600000 (top-of-stack)
[mtlr] resource2 sel8 flags 470 sz 0x100000 -> kr 0x00000000 rid 29 GPUVA 0x100026c0000 cpu 10e700000
[mtlr]   out: 00000100026c0000 000000010e700000 0000000102a855c0 0000000000000000
[mtlr]   out: 0000001d00000000 0000000000100000 00000000493a1bcf 000000000001f10d
[uatrec] S4 r3 victim[6] rid 29 gpuva 0x100026c0000 cpu 0x10e700000 (top-of-stack)
[mtlr] resource2 sel8 flags 470 sz 0x100000 -> kr 0x00000000 rid 30 GPUVA 0x100027c8000 cpu 10e800000
[mtlr]   out: 00000100027c8000 000000010e800000 0000000102a85680 0000000000000000
[mtlr]   out: 0000001e00000000 0000000000100000 00000000493a1bd0 000000000001f10e
[uatrec] S4 r3 victim[7] rid 30 gpuva 0x100027c8000 cpu 0x10e800000 (top-of-stack)
[mtlr] resource2 sel8 flags 470 sz 0x1000 -> kr 0x00000000 rid 23 GPUVA 0x10002090000 cpu 10762c000
[mtlr]   out: 0000010002090000 000000010762c000 0000000102a85140 0000000000000000
[mtlr]   out: 0000001700000000 0000000000004000 00000000493a1be2 000000000001f118
[mtlr] resource2 sel8 flags 470 sz 0x1000 -> kr 0x00000000 rid 23 GPUVA 0x10002090000 cpu 10762c000
[mtlr]   out: 0000010002090000 000000010762c000 0000000102a85140 0000000000000000
[mtlr]   out: 0000001700000000 0000000000004000 00000000493a1be3 000000000001f119
[mtlr] resource2 sel8 flags 470 sz 0x1000 -> kr 0x00000000 rid 23 GPUVA 0x10002090000 cpu 10762c000
[mtlr]   out: 0000010002090000 000000010762c000 0000000102a85140 0000000000000000
[mtlr]   out: 0000001700000000 0000000000004000 00000000493a1be4 000000000001f11a
[mtlr] resource2 sel8 flags 470 sz 0x1000 -> kr 0x00000000 rid 23 GPUVA 0x10002090000 cpu 10762c000
[mtlr]   out: 0000010002090000 000000010762c000 0000000102a85140 0000000000000000
[mtlr]   out: 0000001700000000 0000000000004000 00000000493a1be5 000000000001f11b
[mtlr] resource2 sel8 flags 470 sz 0x1000 -> kr 0x00000000 rid 23 GPUVA 0x10002090000 cpu 10762c000
[mtlr]   out: 0000010002090000 000000010762c000 0000000102a85140 0000000000000000
[mtlr]   out: 0000001700000000 0000000000004000 00000000493a1be6 000000000001f11c
[mtlr] resource2 sel8 flags 470 sz 0x1000 -> kr 0x00000000 rid 23 GPUVA 0x10002090000 cpu 10762c000
[mtlr]   out: 0000010002090000 000000010762c000 0000000102a85140 0000000000000000
[mtlr]   out: 0000001700000000 0000000000004000 00000000493a1be7 000000000001f11d
[mtlr] resource2 sel8 flags 470 sz 0x1000 -> kr 0x00000000 rid 23 GPUVA 0x10002090000 cpu 10762c000
[mtlr]   out: 0000010002090000 000000010762c000 0000000102a85140 0000000000000000
[mtlr]   out: 0000001700000000 0000000000004000 00000000493a1be8 000000000001f11e
[mtlr] resource2 sel8 flags 470 sz 0x1000 -> kr 0x00000000 rid 23 GPUVA 0x10002090000 cpu 10762c000
[mtlr]   out: 0000010002090000 000000010762c000 0000000102a85140 0000000000000000
[mtlr]   out: 0000001700000000 0000000000004000 00000000493a1be9 000000000001f11f
[mtlr] resource2 sel8 flags 470 sz 0x1000 -> kr 0x00000000 rid 23 GPUVA 0x10002090000 cpu 10762c000
[mtlr]   out: 0000010002090000 000000010762c000 0000000102a85140 0000000000000000
[mtlr]   out: 0000001700000000 0000000000004000 00000000493a1bea 000000000001f120
[mtlr] resource2 sel8 flags 470 sz 0x1000 -> kr 0x00000000 rid 23 GPUVA 0x10002090000 cpu 10762c000
[mtlr]   out: 0000010002090000 000000010762c000 0000000102a85140 0000000000000000
[mtlr]   out: 0000001700000000 0000000000004000 00000000493a1beb 000000000001f121
[mtlr] resource2 sel8 flags 470 sz 0x1000 -> kr 0x00000000 rid 23 GPUVA 0x10002090000 cpu 10762c000
[mtlr]   out: 0000010002090000 000000010762c000 0000000102a85140 0000000000000000
[mtlr]   out: 0000001700000000 0000000000004000 00000000493a1bec 000000000001f122
[mtlr] resource2 sel8 flags 470 sz 0x1000 -> kr 0x00000000 rid 23 GPUVA 0x10002090000 cpu 10762c000
[mtlr]   out: 0000010002090000 000000010762c000 0000000102a85140 0000000000000000
[mtlr]   out: 0000001700000000 0000000000004000 00000000493a1bed 000000000001f123
[mtlr] resource2 sel8 flags 470 sz 0x1000 -> kr 0x00000000 rid 23 GPUVA 0x10002090000 cpu 10762c000
[mtlr]   out: 0000010002090000 000000010762c000 0000000102a85140 0000000000000000
[mtlr]   out: 0000001700000000 0000000000004000 00000000493a1bee 000000000001f124
[mtlr] resource2 sel8 flags 470 sz 0x1000 -> kr 0x00000000 rid 23 GPUVA 0x10002090000 cpu 10762c000
[mtlr]   out: 0000010002090000 000000010762c000 0000000102a85140 0000000000000000
[mtlr]   out: 0000001700000000 0000000000004000 00000000493a1bef 000000000001f125
[mtlr] resource2 sel8 flags 470 sz 0x1000 -> kr 0x00000000 rid 23 GPUVA 0x10002090000 cpu 10762c000
[mtlr]   out: 0000010002090000 000000010762c000 0000000102a85140 0000000000000000
[mtlr]   out: 0000001700000000 0000000000004000 00000000493a1bf0 000000000001f126
[mtlr] resource2 sel8 flags 470 sz 0x1000 -> kr 0x00000000 rid 23 GPUVA 0x10002090000 cpu 10762c000
[mtlr]   out: 0000010002090000 000000010762c000 0000000102a85140 0000000000000000
[mtlr]   out: 0000001700000000 0000000000004000 00000000493a1bf1 000000000001f127
[mtlr] resource2 sel8 flags 470 sz 0x1000 -> kr 0x00000000 rid 23 GPUVA 0x10002090000 cpu 10762c000
[mtlr]   out: 0000010002090000 000000010762c000 0000000102a85140 0000000000000000
[mtlr]   out: 0000001700000000 0000000000004000 00000000493a1bf2 000000000001f128
[mtlr] resource2 sel8 flags 470 sz 0x1000 -> kr 0x00000000 rid 23 GPUVA 0x10002090000 cpu 10762c000
[mtlr]   out: 0000010002090000 000000010762c000 0000000102a85140 0000000000000000
[mtlr]   out: 0000001700000000 0000000000004000 00000000493a1bf3 000000000001f129
[mtlr] resource2 sel8 flags 470 sz 0x1000 -> kr 0x00000000 rid 23 GPUVA 0x10002090000 cpu 10762c000
[mtlr]   out: 0000010002090000 000000010762c000 0000000102a85140 0000000000000000
[mtlr]   out: 0000001700000000 0000000000004000 00000000493a1bf4 000000000001f12a
[mtlr] resource2 sel8 flags 470 sz 0x1000 -> kr 0x00000000 rid 23 GPUVA 0x10002090000 cpu 10762c000
[mtlr]   out: 0000010002090000 000000010762c000 0000000102a85140 0000000000000000
[mtlr]   out: 0000001700000000 0000000000004000 00000000493a1bf5 000000000001f12b
[mtlr] resource2 sel8 flags 470 sz 0x1000 -> kr 0x00000000 rid 23 GPUVA 0x10002090000 cpu 10762c000
[mtlr]   out: 0000010002090000 000000010762c000 0000000102a85140 0000000000000000
[mtlr]   out: 0000001700000000 0000000000004000 00000000493a1bf6 000000000001f12c
[mtlr] resource2 sel8 flags 470 sz 0x1000 -> kr 0x00000000 rid 23 GPUVA 0x10002090000 cpu 10762c000
[mtlr]   out: 0000010002090000 000000010762c000 0000000102a85140 0000000000000000
[mtlr]   out: 0000001700000000 0000000000004000 00000000493a1bf7 000000000001f12d
[mtlr] resource2 sel8 flags 470 sz 0x1000 -> kr 0x00000000 rid 23 GPUVA 0x10002090000 cpu 10762c000
[mtlr]   out: 0000010002090000 000000010762c000 0000000102a85140 0000000000000000
[mtlr]   out: 0000001700000000 0000000000004000 00000000493a1bf8 000000000001f12e
[mtlr] resource2 sel8 flags 470 sz 0x1000 -> kr 0x00000000 rid 23 GPUVA 0x10002090000 cpu 10762c000
[mtlr]   out: 0000010002090000 000000010762c000 0000000102a85140 0000000000000000
[mtlr]   out: 0000001700000000 0000000000004000 00000000493a1bf9 000000000001f12f
[mtlr] resource2 sel8 flags 470 sz 0x1000 -> kr 0x00000000 rid 23 GPUVA 0x10002090000 cpu 10762c000
[mtlr]   out: 0000010002090000 000000010762c000 0000000102a85140 0000000000000000
[mtlr]   out: 0000001700000000 0000000000004000 00000000493a1bfa 000000000001f130
[mtlr] resource2 sel8 flags 470 sz 0x1000 -> kr 0x00000000 rid 23 GPUVA 0x10002090000 cpu 10762c000
[mtlr]   out: 0000010002090000 000000010762c000 0000000102a85140 0000000000000000
[mtlr]   out: 0000001700000000 0000000000004000 00000000493a1bfb 000000000001f131
[mtlr] resource2 sel8 flags 470 sz 0x1000 -> kr 0x00000000 rid 23 GPUVA 0x10002090000 cpu 10762c000
[mtlr]   out: 0000010002090000 000000010762c000 0000000102a85140 0000000000000000
[mtlr]   out: 0000001700000000 0000000000004000 00000000493a1bfc 000000000001f132
[mtlr] resource2 sel8 flags 470 sz 0x1000 -> kr 0x00000000 rid 23 GPUVA 0x10002090000 cpu 10762c000
[mtlr]   out: 0000010002090000 000000010762c000 0000000102a85140 0000000000000000
[mtlr]   out: 0000001700000000 0000000000004000 00000000493a1bfd 000000000001f133
[mtlr] resource2 sel8 flags 470 sz 0x1000 -> kr 0x00000000 rid 23 GPUVA 0x10002090000 cpu 10762c000
[mtlr]   out: 0000010002090000 000000010762c000 0000000102a85140 0000000000000000
[mtlr]   out: 0000001700000000 0000000000004000 00000000493a1bfe 000000000001f134
[mtlr] resource2 sel8 flags 470 sz 0x1000 -> kr 0x00000000 rid 23 GPUVA 0x10002090000 cpu 10762c000
[mtlr]   out: 0000010002090000 000000010762c000 0000000102a85140 0000000000000000
[mtlr]   out: 0000001700000000 0000000000004000 00000000493a1bff 000000000001f135
[mtlr] resource2 sel8 flags 470 sz 0x1000 -> kr 0x00000000 rid 23 GPUVA 0x10002090000 cpu 10762c000
[mtlr]   out: 0000010002090000 000000010762c000 0000000102a85140 0000000000000000
[mtlr]   out: 0000001700000000 0000000000004000 00000000493a1c00 000000000001f136
[mtlr] resource2 sel8 flags 470 sz 0x1000 -> kr 0x00000000 rid 23 GPUVA 0x10002090000 cpu 10762c000
[mtlr]   out: 0000010002090000 000000010762c000 0000000102a85140 0000000000000000
[mtlr]   out: 0000001700000000 0000000000004000 00000000493a1c01 000000000001f137
[mtlr] resource2 sel8 flags 470 sz 0x1000 -> kr 0x00000000 rid 23 GPUVA 0x10002090000 cpu 10762c000
[mtlr]   out: 0000010002090000 000000010762c000 0000000102a85140 0000000000000000
[mtlr]   out: 0000001700000000 0000000000004000 00000000493a1c02 000000000001f138
[mtlr] resource2 sel8 flags 470 sz 0x1000 -> kr 0x00000000 rid 23 GPUVA 0x10002090000 cpu 10762c000
[mtlr]   out: 0000010002090000 000000010762c000 0000000102a85140 0000000000000000
[mtlr]   out: 0000001700000000 0000000000004000 00000000493a1c03 000000000001f139
[mtlr] resource2 sel8 flags 470 sz 0x1000 -> kr 0x00000000 rid 23 GPUVA 0x10002090000 cpu 10762c000
[mtlr]   out: 0000010002090000 000000010762c000 0000000102a85140 0000000000000000
[mtlr]   out: 0000001700000000 0000000000004000 00000000493a1c04 000000000001f13a
[mtlr] resource2 sel8 flags 470 sz 0x1000 -> kr 0x00000000 rid 23 GPUVA 0x10002090000 cpu 10762c000
[mtlr]   out: 0000010002090000 000000010762c000 0000000102a85140 0000000000000000
[mtlr]   out: 0000001700000000 0000000000004000 00000000493a1c05 000000000001f13b
[mtlr] resource2 sel8 flags 470 sz 0x1000 -> kr 0x00000000 rid 23 GPUVA 0x10002090000 cpu 10762c000
[mtlr]   out: 0000010002090000 000000010762c000 0000000102a85140 0000000000000000
[mtlr]   out: 0000001700000000 0000000000004000 00000000493a1c06 000000000001f13c
[mtlr] resource2 sel8 flags 470 sz 0x1000 -> kr 0x00000000 rid 23 GPUVA 0x10002090000 cpu 10762c000
[mtlr]   out: 0000010002090000 000000010762c000 0000000102a85140 0000000000000000
[mtlr]   out: 0000001700000000 0000000000004000 00000000493a1c09 000000000001f13d
[mtlr] resource2 sel8 flags 470 sz 0x1000 -> kr 0x00000000 rid 23 GPUVA 0x10002090000 cpu 10762c000
[mtlr]   out: 0000010002090000 000000010762c000 0000000102a85140 0000000000000000
[mtlr]   out: 0000001700000000 0000000000004000 00000000493a1c0a 000000000001f13e
[mtlr] resource2 sel8 flags 470 sz 0x1000 -> kr 0x00000000 rid 23 GPUVA 0x10002090000 cpu 10762c000
[mtlr]   out: 0000010002090000 000000010762c000 0000000102a85140 0000000000000000
[mtlr]   out: 0000001700000000 0000000000004000 00000000493a1c0d 000000000001f13f
[uatrec] S4 r3 (+0s): nvv 8 ncb 8 vsz 0x100000 fill 0x0 destroy0 kr 0x00000000 nj 40
[uatrec] S4 r3 blit[0] slots 10 ridp 1
[uatrec] S4 r3 blit[1] slots 10 ridp 1
[uatrec] S4 r3 blit[2] slots 10 ridp 1
[uatrec] S4 r3 blit[3] slots 10 ridp 1
[uatrec] S4 r3 blit[4] slots 10 ridp 1
[uatrec] S4 r3 blit[5] slots 10 ridp 1
[uatrec] S4 r3 blit[6] slots 10 ridp 1
[uatrec] S4 r3 blit[7] slots 10 ridp 1
[mtlr] resource2 sel8 flags 470 sz 0x100000 -> kr 0x00000000 rid 23 GPUVA 0x10002090000 cpu 10752c000
[mtlr]   out: 0000010002090000 000000010752c000 0000000102a85140 0000000000000000
[mtlr]   out: 0000001700000000 0000000000100000 00000000493a1cbc 000000000001f142
[uatrec] S4 r4 victim[0] rid 23 gpuva 0x10002090000 cpu 0x10752c000 (top-of-stack)
[mtlr] resource2 sel8 flags 470 sz 0x100000 -> kr 0x00000000 rid 24 GPUVA 0x10002198000 cpu 10d550000
[mtlr]   out: 0000010002198000 000000010d550000 0000000102a85200 0000000000000000
[mtlr]   out: 0000001800000000 0000000000100000 00000000493a1cbd 000000000001f143
[uatrec] S4 r4 victim[1] rid 24 gpuva 0x10002198000 cpu 0x10d550000 (top-of-stack)
[mtlr] resource2 sel8 flags 470 sz 0x100000 -> kr 0x00000000 rid 25 GPUVA 0x100022a0000 cpu 10d650000
[mtlr]   out: 00000100022a0000 000000010d650000 0000000102a852c0 0000000000000000
[mtlr]   out: 0000001900000000 0000000000100000 00000000493a1cbe 000000000001f144
[uatrec] S4 r4 victim[2] rid 25 gpuva 0x100022a0000 cpu 0x10d650000 (top-of-stack)
[mtlr] resource2 sel8 flags 470 sz 0x100000 -> kr 0x00000000 rid 26 GPUVA 0x100023a8000 cpu 10d750000
[mtlr]   out: 00000100023a8000 000000010d750000 0000000102a85380 0000000000000000
[mtlr]   out: 0000001a00000000 0000000000100000 00000000493a1cbf 000000000001f145
[uatrec] S4 r4 victim[3] rid 26 gpuva 0x100023a8000 cpu 0x10d750000 (top-of-stack)
[mtlr] resource2 sel8 flags 470 sz 0x100000 -> kr 0x00000000 rid 27 GPUVA 0x100024b0000 cpu 10d850000
[mtlr]   out: 00000100024b0000 000000010d850000 0000000102a85440 0000000000000000
[mtlr]   out: 0000001b00000000 0000000000100000 00000000493a1cc0 000000000001f146
[uatrec] S4 r4 victim[4] rid 27 gpuva 0x100024b0000 cpu 0x10d850000 (top-of-stack)
[mtlr] resource2 sel8 flags 470 sz 0x100000 -> kr 0x00000000 rid 28 GPUVA 0x100025b8000 cpu 10d950000
[mtlr]   out: 00000100025b8000 000000010d950000 0000000102a85500 0000000000000000
[mtlr]   out: 0000001c00000000 0000000000100000 00000000493a1cc1 000000000001f147
[uatrec] S4 r4 victim[5] rid 28 gpuva 0x100025b8000 cpu 0x10d950000 (top-of-stack)
[mtlr] resource2 sel8 flags 470 sz 0x100000 -> kr 0x00000000 rid 29 GPUVA 0x100026c0000 cpu 10da50000
[mtlr]   out: 00000100026c0000 000000010da50000 0000000102a855c0 0000000000000000
[mtlr]   out: 0000001d00000000 0000000000100000 00000000493a1cc2 000000000001f148
[uatrec] S4 r4 victim[6] rid 29 gpuva 0x100026c0000 cpu 0x10da50000 (top-of-stack)
[mtlr] resource2 sel8 flags 470 sz 0x100000 -> kr 0x00000000 rid 30 GPUVA 0x100027c8000 cpu 10db50000
[mtlr]   out: 00000100027c8000 000000010db50000 0000000102a85680 0000000000000000
[mtlr]   out: 0000001e00000000 0000000000100000 00000000493a1cc3 000000000001f149
[uatrec] S4 r4 victim[7] rid 30 gpuva 0x100027c8000 cpu 0x10db50000 (top-of-stack)
[mtlr] resource2 sel8 flags 470 sz 0x1000 -> kr 0x00000000 rid 23 GPUVA 0x10002090000 cpu 10762c000
[mtlr]   out: 0000010002090000 000000010762c000 0000000102a85140 0000000000000000
[mtlr]   out: 0000001700000000 0000000000004000 00000000493a1cd5 000000000001f153
[mtlr] resource2 sel8 flags 470 sz 0x1000 -> kr 0x00000000 rid 23 GPUVA 0x10002090000 cpu 10762c000
[mtlr]   out: 0000010002090000 000000010762c000 0000000102a85140 0000000000000000
[mtlr]   out: 0000001700000000 0000000000004000 00000000493a1cd6 000000000001f154
[mtlr] resource2 sel8 flags 470 sz 0x1000 -> kr 0x00000000 rid 23 GPUVA 0x10002090000 cpu 10762c000
[mtlr]   out: 0000010002090000 000000010762c000 0000000102a85140 0000000000000000
[mtlr]   out: 0000001700000000 0000000000004000 00000000493a1cd7 000000000001f155
[mtlr] resource2 sel8 flags 470 sz 0x1000 -> kr 0x00000000 rid 23 GPUVA 0x10002090000 cpu 10762c000
[mtlr]   out: 0000010002090000 000000010762c000 0000000102a85140 0000000000000000
[mtlr]   out: 0000001700000000 0000000000004000 00000000493a1cd8 000000000001f156
[mtlr] resource2 sel8 flags 470 sz 0x1000 -> kr 0x00000000 rid 23 GPUVA 0x10002090000 cpu 10762c000
[mtlr]   out: 0000010002090000 000000010762c000 0000000102a85140 0000000000000000
[mtlr]   out: 0000001700000000 0000000000004000 00000000493a1cd9 000000000001f157
[mtlr] resource2 sel8 flags 470 sz 0x1000 -> kr 0x00000000 rid 23 GPUVA 0x10002090000 cpu 10762c000
[mtlr]   out: 0000010002090000 000000010762c000 0000000102a85140 0000000000000000
[mtlr]   out: 0000001700000000 0000000000004000 00000000493a1cda 000000000001f158
[mtlr] resource2 sel8 flags 470 sz 0x1000 -> kr 0x00000000 rid 23 GPUVA 0x10002090000 cpu 10762c000
[mtlr]   out: 0000010002090000 000000010762c000 0000000102a85140 0000000000000000
[mtlr]   out: 0000001700000000 0000000000004000 00000000493a1cdb 000000000001f159
[mtlr] resource2 sel8 flags 470 sz 0x1000 -> kr 0x00000000 rid 23 GPUVA 0x10002090000 cpu 10762c000
[mtlr]   out: 0000010002090000 000000010762c000 0000000102a85140 0000000000000000
[mtlr]   out: 0000001700000000 0000000000004000 00000000493a1cdc 000000000001f15a
[mtlr] resource2 sel8 flags 470 sz 0x1000 -> kr 0x00000000 rid 23 GPUVA 0x10002090000 cpu 10762c000
[mtlr]   out: 0000010002090000 000000010762c000 0000000102a85140 0000000000000000
[mtlr]   out: 0000001700000000 0000000000004000 00000000493a1cdd 000000000001f15b
[mtlr] resource2 sel8 flags 470 sz 0x1000 -> kr 0x00000000 rid 23 GPUVA 0x10002090000 cpu 10762c000
[mtlr]   out: 0000010002090000 000000010762c000 0000000102a85140 0000000000000000
[mtlr]   out: 0000001700000000 0000000000004000 00000000493a1cde 000000000001f15c
[mtlr] resource2 sel8 flags 470 sz 0x1000 -> kr 0x00000000 rid 23 GPUVA 0x10002090000 cpu 10762c000
[mtlr]   out: 0000010002090000 000000010762c000 0000000102a85140 0000000000000000
[mtlr]   out: 0000001700000000 0000000000004000 00000000493a1cdf 000000000001f15d
[mtlr] resource2 sel8 flags 470 sz 0x1000 -> kr 0x00000000 rid 23 GPUVA 0x10002090000 cpu 10762c000
[mtlr]   out: 0000010002090000 000000010762c000 0000000102a85140 0000000000000000
[mtlr]   out: 0000001700000000 0000000000004000 00000000493a1ce0 000000000001f15e
[mtlr] resource2 sel8 flags 470 sz 0x1000 -> kr 0x00000000 rid 23 GPUVA 0x10002090000 cpu 10762c000
[mtlr]   out: 0000010002090000 000000010762c000 0000000102a85140 0000000000000000
[mtlr]   out: 0000001700000000 0000000000004000 00000000493a1ce1 000000000001f15f
[mtlr] resource2 sel8 flags 470 sz 0x1000 -> kr 0x00000000 rid 23 GPUVA 0x10002090000 cpu 10762c000
[mtlr]   out: 0000010002090000 000000010762c000 0000000102a85140 0000000000000000
[mtlr]   out: 0000001700000000 0000000000004000 00000000493a1ce2 000000000001f160
[mtlr] resource2 sel8 flags 470 sz 0x1000 -> kr 0x00000000 rid 23 GPUVA 0x10002090000 cpu 10762c000
[mtlr]   out: 0000010002090000 000000010762c000 0000000102a85140 0000000000000000
[mtlr]   out: 0000001700000000 0000000000004000 00000000493a1ce3 000000000001f161
[mtlr] resource2 sel8 flags 470 sz 0x1000 -> kr 0x00000000 rid 23 GPUVA 0x10002090000 cpu 10762c000
[mtlr]   out: 0000010002090000 000000010762c000 0000000102a85140 0000000000000000
[mtlr]   out: 0000001700000000 0000000000004000 00000000493a1ce4 000000000001f162
[mtlr] resource2 sel8 flags 470 sz 0x1000 -> kr 0x00000000 rid 23 GPUVA 0x10002090000 cpu 10762c000
[mtlr]   out: 0000010002090000 000000010762c000 0000000102a85140 0000000000000000
[mtlr]   out: 0000001700000000 0000000000004000 00000000493a1ce5 000000000001f163
[mtlr] resource2 sel8 flags 470 sz 0x1000 -> kr 0x00000000 rid 23 GPUVA 0x10002090000 cpu 10762c000
[mtlr]   out: 0000010002090000 000000010762c000 0000000102a85140 0000000000000000
[mtlr]   out: 0000001700000000 0000000000004000 00000000493a1ce6 000000000001f164
[mtlr] resource2 sel8 flags 470 sz 0x1000 -> kr 0x00000000 rid 23 GPUVA 0x10002090000 cpu 10762c000
[mtlr]   out: 0000010002090000 000000010762c000 0000000102a85140 0000000000000000
[mtlr]   out: 0000001700000000 0000000000004000 00000000493a1ce7 000000000001f165
[mtlr] resource2 sel8 flags 470 sz 0x1000 -> kr 0x00000000 rid 23 GPUVA 0x10002090000 cpu 10762c000
[mtlr]   out: 0000010002090000 000000010762c000 0000000102a85140 0000000000000000
[mtlr]   out: 0000001700000000 0000000000004000 00000000493a1ce8 000000000001f166
[mtlr] resource2 sel8 flags 470 sz 0x1000 -> kr 0x00000000 rid 23 GPUVA 0x10002090000 cpu 10762c000
[mtlr]   out: 0000010002090000 000000010762c000 0000000102a85140 0000000000000000
[mtlr]   out: 0000001700000000 0000000000004000 00000000493a1ce9 000000000001f167
[mtlr] resource2 sel8 flags 470 sz 0x1000 -> kr 0x00000000 rid 23 GPUVA 0x10002090000 cpu 10762c000
[mtlr]   out: 0000010002090000 000000010762c000 0000000102a85140 0000000000000000
[mtlr]   out: 0000001700000000 0000000000004000 00000000493a1cea 000000000001f168
[mtlr] resource2 sel8 flags 470 sz 0x1000 -> kr 0x00000000 rid 23 GPUVA 0x10002090000 cpu 10762c000
[mtlr]   out: 0000010002090000 000000010762c000 0000000102a85140 0000000000000000
[mtlr]   out: 0000001700000000 0000000000004000 00000000493a1ceb 000000000001f169
[mtlr] resource2 sel8 flags 470 sz 0x1000 -> kr 0x00000000 rid 23 GPUVA 0x10002090000 cpu 10762c000
[mtlr]   out: 0000010002090000 000000010762c000 0000000102a85140 0000000000000000
[mtlr]   out: 0000001700000000 0000000000004000 00000000493a1cec 000000000001f16a
[mtlr] resource2 sel8 flags 470 sz 0x1000 -> kr 0x00000000 rid 23 GPUVA 0x10002090000 cpu 10762c000
[mtlr]   out: 0000010002090000 000000010762c000 0000000102a85140 0000000000000000
[mtlr]   out: 0000001700000000 0000000000004000 00000000493a1ced 000000000001f16b
[mtlr] resource2 sel8 flags 470 sz 0x1000 -> kr 0x00000000 rid 23 GPUVA 0x10002090000 cpu 10762c000
[mtlr]   out: 0000010002090000 000000010762c000 0000000102a85140 0000000000000000
[mtlr]   out: 0000001700000000 0000000000004000 00000000493a1cee 000000000001f16c
[mtlr] resource2 sel8 flags 470 sz 0x1000 -> kr 0x00000000 rid 23 GPUVA 0x10002090000 cpu 10762c000
[mtlr]   out: 0000010002090000 000000010762c000 0000000102a85140 0000000000000000
[mtlr]   out: 0000001700000000 0000000000004000 00000000493a1cef 000000000001f16d
[mtlr] resource2 sel8 flags 470 sz 0x1000 -> kr 0x00000000 rid 23 GPUVA 0x10002090000 cpu 10762c000
[mtlr]   out: 0000010002090000 000000010762c000 0000000102a85140 0000000000000000
[mtlr]   out: 0000001700000000 0000000000004000 00000000493a1cf0 000000000001f16e
[mtlr] resource2 sel8 flags 470 sz 0x1000 -> kr 0x00000000 rid 23 GPUVA 0x10002090000 cpu 10762c000
[mtlr]   out: 0000010002090000 000000010762c000 0000000102a85140 0000000000000000
[mtlr]   out: 0000001700000000 0000000000004000 00000000493a1cf1 000000000001f16f
[mtlr] resource2 sel8 flags 470 sz 0x1000 -> kr 0x00000000 rid 23 GPUVA 0x10002090000 cpu 10762c000
[mtlr]   out: 0000010002090000 000000010762c000 0000000102a85140 0000000000000000
[mtlr]   out: 0000001700000000 0000000000004000 00000000493a1cf2 000000000001f170
[mtlr] resource2 sel8 flags 470 sz 0x1000 -> kr 0x00000000 rid 23 GPUVA 0x10002090000 cpu 10762c000
[mtlr]   out: 0000010002090000 000000010762c000 0000000102a85140 0000000000000000
[mtlr]   out: 0000001700000000 0000000000004000 00000000493a1cf3 000000000001f171
[mtlr] resource2 sel8 flags 470 sz 0x1000 -> kr 0x00000000 rid 23 GPUVA 0x10002090000 cpu 10762c000
[mtlr]   out: 0000010002090000 000000010762c000 0000000102a85140 0000000000000000
[mtlr]   out: 0000001700000000 0000000000004000 00000000493a1cf4 000000000001f172
[mtlr] resource2 sel8 flags 470 sz 0x1000 -> kr 0x00000000 rid 23 GPUVA 0x10002090000 cpu 10762c000
[mtlr]   out: 0000010002090000 000000010762c000 0000000102a85140 0000000000000000
[mtlr]   out: 0000001700000000 0000000000004000 00000000493a1cf5 000000000001f173
[mtlr] resource2 sel8 flags 470 sz 0x1000 -> kr 0x00000000 rid 23 GPUVA 0x10002090000 cpu 10762c000
[mtlr]   out: 0000010002090000 000000010762c000 0000000102a85140 0000000000000000
[mtlr]   out: 0000001700000000 0000000000004000 00000000493a1cf6 000000000001f174
[mtlr] resource2 sel8 flags 470 sz 0x1000 -> kr 0x00000000 rid 23 GPUVA 0x10002090000 cpu 10762c000
[mtlr]   out: 0000010002090000 000000010762c000 0000000102a85140 0000000000000000
[mtlr]   out: 0000001700000000 0000000000004000 00000000493a1cf7 000000000001f175
[mtlr] resource2 sel8 flags 470 sz 0x1000 -> kr 0x00000000 rid 23 GPUVA 0x10002090000 cpu 10762c000
[mtlr]   out: 0000010002090000 000000010762c000 0000000102a85140 0000000000000000
[mtlr]   out: 0000001700000000 0000000000004000 00000000493a1cf8 000000000001f176
[mtlr] resource2 sel8 flags 470 sz 0x1000 -> kr 0x00000000 rid 23 GPUVA 0x10002090000 cpu 10762c000
[mtlr]   out: 0000010002090000 000000010762c000 0000000102a85140 0000000000000000
[mtlr]   out: 0000001700000000 0000000000004000 00000000493a1cf9 000000000001f177
[mtlr] resource2 sel8 flags 470 sz 0x1000 -> kr 0x00000000 rid 23 GPUVA 0x10002090000 cpu 10762c000
[mtlr]   out: 0000010002090000 000000010762c000 0000000102a85140 0000000000000000
[mtlr]   out: 0000001700000000 0000000000004000 00000000493a1cfa 000000000001f178
[mtlr] resource2 sel8 flags 470 sz 0x1000 -> kr 0x00000000 rid 23 GPUVA 0x10002090000 cpu 10762c000
[mtlr]   out: 0000010002090000 000000010762c000 0000000102a85140 0000000000000000
[mtlr]   out: 0000001700000000 0000000000004000 00000000493a1cfb 000000000001f179
[mtlr] resource2 sel8 flags 470 sz 0x1000 -> kr 0x00000000 rid 23 GPUVA 0x10002090000 cpu 10762c000
[mtlr]   out: 0000010002090000 000000010762c000 0000000102a85140 0000000000000000
[mtlr]   out: 0000001700000000 0000000000004000 00000000493a1cfc 000000000001f17a
[uatrec] S4 r4 (+0s): nvv 8 ncb 8 vsz 0x100000 fill 0x0 destroy0 kr 0x00000000 nj 40
[uatrec] S4 r4 blit[0] slots 10 ridp 1
[uatrec] S4 r4 blit[1] slots 10 ridp 1
[uatrec] S4 r4 blit[2] slots 10 ridp 1
[uatrec] S4 r4 blit[3] slots 10 ridp 1
[uatrec] S4 r4 blit[4] slots 10 ridp 1
[uatrec] S4 r4 blit[5] slots 10 ridp 1
[uatrec] S4 r4 blit[6] slots 10 ridp 1
[uatrec] S4 r4 blit[7] slots 10 ridp 1
[mtlr] resource2 sel8 flags 470 sz 0x100000 -> kr 0x00000000 rid 23 GPUVA 0x10002090000 cpu 10752c000
[mtlr]   out: 0000010002090000 000000010752c000 0000000102a85140 0000000000000000
[mtlr]   out: 0000001700000000 0000000000100000 00000000493a1d92 000000000001f17d
[uatrec] S4 r5 victim[0] rid 23 gpuva 0x10002090000 cpu 0x10752c000 (top-of-stack)
[mtlr] resource2 sel8 flags 470 sz 0x100000 -> kr 0x00000000 rid 24 GPUVA 0x10002198000 cpu 10d550000
[mtlr]   out: 0000010002198000 000000010d550000 0000000102a85200 0000000000000000
[mtlr]   out: 0000001800000000 0000000000100000 00000000493a1d93 000000000001f17e
[uatrec] S4 r5 victim[1] rid 24 gpuva 0x10002198000 cpu 0x10d550000 (top-of-stack)
[mtlr] resource2 sel8 flags 470 sz 0x100000 -> kr 0x00000000 rid 25 GPUVA 0x100022a0000 cpu 10d650000
[mtlr]   out: 00000100022a0000 000000010d650000 0000000102a852c0 0000000000000000
[mtlr]   out: 0000001900000000 0000000000100000 00000000493a1d94 000000000001f17f
[uatrec] S4 r5 victim[2] rid 25 gpuva 0x100022a0000 cpu 0x10d650000 (top-of-stack)
[mtlr] resource2 sel8 flags 470 sz 0x100000 -> kr 0x00000000 rid 26 GPUVA 0x100023a8000 cpu 10d750000
[mtlr]   out: 00000100023a8000 000000010d750000 0000000102a85380 0000000000000000
[mtlr]   out: 0000001a00000000 0000000000100000 00000000493a1d95 000000000001f180
[uatrec] S4 r5 victim[3] rid 26 gpuva 0x100023a8000 cpu 0x10d750000 (top-of-stack)
[mtlr] resource2 sel8 flags 470 sz 0x100000 -> kr 0x00000000 rid 27 GPUVA 0x100024b0000 cpu 10d850000
[mtlr]   out: 00000100024b0000 000000010d850000 0000000102a85440 0000000000000000
[mtlr]   out: 0000001b00000000 0000000000100000 00000000493a1d96 000000000001f181
[uatrec] S4 r5 victim[4] rid 27 gpuva 0x100024b0000 cpu 0x10d850000 (top-of-stack)
[mtlr] resource2 sel8 flags 470 sz 0x100000 -> kr 0x00000000 rid 28 GPUVA 0x100025b8000 cpu 10d950000
[mtlr]   out: 00000100025b8000 000000010d950000 0000000102a85500 0000000000000000
[mtlr]   out: 0000001c00000000 0000000000100000 00000000493a1d97 000000000001f182
[uatrec] S4 r5 victim[5] rid 28 gpuva 0x100025b8000 cpu 0x10d950000 (top-of-stack)
[mtlr] resource2 sel8 flags 470 sz 0x100000 -> kr 0x00000000 rid 29 GPUVA 0x100026c0000 cpu 10da50000
[mtlr]   out: 00000100026c0000 000000010da50000 0000000102a855c0 0000000000000000
[mtlr]   out: 0000001d00000000 0000000000100000 00000000493a1d98 000000000001f183
[uatrec] S4 r5 victim[6] rid 29 gpuva 0x100026c0000 cpu 0x10da50000 (top-of-stack)
[mtlr] resource2 sel8 flags 470 sz 0x100000 -> kr 0x00000000 rid 30 GPUVA 0x100027c8000 cpu 10db50000
[mtlr]   out: 00000100027c8000 000000010db50000 0000000102a85680 0000000000000000
[mtlr]   out: 0000001e00000000 0000000000100000 00000000493a1d9e 000000000001f184
[uatrec] S4 r5 victim[7] rid 30 gpuva 0x100027c8000 cpu 0x10db50000 (top-of-stack)
[mtlr] resource2 sel8 flags 470 sz 0x1000 -> kr 0x00000000 rid 23 GPUVA 0x10002090000 cpu 10762c000
[mtlr]   out: 0000010002090000 000000010762c000 0000000102a85140 0000000000000000
[mtlr]   out: 0000001700000000 0000000000004000 00000000493a1db9 000000000001f18e
[mtlr] resource2 sel8 flags 470 sz 0x1000 -> kr 0x00000000 rid 23 GPUVA 0x10002090000 cpu 10762c000
[mtlr]   out: 0000010002090000 000000010762c000 0000000102a85140 0000000000000000
[mtlr]   out: 0000001700000000 0000000000004000 00000000493a1dba 000000000001f18f
[mtlr] resource2 sel8 flags 470 sz 0x1000 -> kr 0x00000000 rid 23 GPUVA 0x10002090000 cpu 10762c000
[mtlr]   out: 0000010002090000 000000010762c000 0000000102a85140 0000000000000000
[mtlr]   out: 0000001700000000 0000000000004000 00000000493a1dbb 000000000001f190
[mtlr] resource2 sel8 flags 470 sz 0x1000 -> kr 0x00000000 rid 23 GPUVA 0x10002090000 cpu 10762c000
[mtlr]   out: 0000010002090000 000000010762c000 0000000102a85140 0000000000000000
[mtlr]   out: 0000001700000000 0000000000004000 00000000493a1dbc 000000000001f191
[mtlr] resource2 sel8 flags 470 sz 0x1000 -> kr 0x00000000 rid 23 GPUVA 0x10002090000 cpu 10762c000
[mtlr]   out: 0000010002090000 000000010762c000 0000000102a85140 0000000000000000
[mtlr]   out: 0000001700000000 0000000000004000 00000000493a1dbd 000000000001f192
[mtlr] resource2 sel8 flags 470 sz 0x1000 -> kr 0x00000000 rid 23 GPUVA 0x10002090000 cpu 10762c000
[mtlr]   out: 0000010002090000 000000010762c000 0000000102a85140 0000000000000000
[mtlr]   out: 0000001700000000 0000000000004000 00000000493a1dbe 000000000001f193
[mtlr] resource2 sel8 flags 470 sz 0x1000 -> kr 0x00000000 rid 23 GPUVA 0x10002090000 cpu 10762c000
[mtlr]   out: 0000010002090000 000000010762c000 0000000102a85140 0000000000000000
[mtlr]   out: 0000001700000000 0000000000004000 00000000493a1dbf 000000000001f194
[mtlr] resource2 sel8 flags 470 sz 0x1000 -> kr 0x00000000 rid 23 GPUVA 0x10002090000 cpu 10762c000
[mtlr]   out: 0000010002090000 000000010762c000 0000000102a85140 0000000000000000
[mtlr]   out: 0000001700000000 0000000000004000 00000000493a1dc0 000000000001f195
[mtlr] resource2 sel8 flags 470 sz 0x1000 -> kr 0x00000000 rid 23 GPUVA 0x10002090000 cpu 10762c000
[mtlr]   out: 0000010002090000 000000010762c000 0000000102a85140 0000000000000000
[mtlr]   out: 0000001700000000 0000000000004000 00000000493a1dc1 000000000001f196
[mtlr] resource2 sel8 flags 470 sz 0x1000 -> kr 0x00000000 rid 23 GPUVA 0x10002090000 cpu 10762c000
[mtlr]   out: 0000010002090000 000000010762c000 0000000102a85140 0000000000000000
[mtlr]   out: 0000001700000000 0000000000004000 00000000493a1dc2 000000000001f197
[mtlr] resource2 sel8 flags 470 sz 0x1000 -> kr 0x00000000 rid 23 GPUVA 0x10002090000 cpu 10762c000
[mtlr]   out: 0000010002090000 000000010762c000 0000000102a85140 0000000000000000
[mtlr]   out: 0000001700000000 0000000000004000 00000000493a1dc3 000000000001f198
[mtlr] resource2 sel8 flags 470 sz 0x1000 -> kr 0x00000000 rid 23 GPUVA 0x10002090000 cpu 10762c000
[mtlr]   out: 0000010002090000 000000010762c000 0000000102a85140 0000000000000000
[mtlr]   out: 0000001700000000 0000000000004000 00000000493a1dc4 000000000001f199
[mtlr] resource2 sel8 flags 470 sz 0x1000 -> kr 0x00000000 rid 23 GPUVA 0x10002090000 cpu 10762c000
[mtlr]   out: 0000010002090000 000000010762c000 0000000102a85140 0000000000000000
[mtlr]   out: 0000001700000000 0000000000004000 00000000493a1dc5 000000000001f19a
[mtlr] resource2 sel8 flags 470 sz 0x1000 -> kr 0x00000000 rid 23 GPUVA 0x10002090000 cpu 10762c000
[mtlr]   out: 0000010002090000 000000010762c000 0000000102a85140 0000000000000000
[mtlr]   out: 0000001700000000 0000000000004000 00000000493a1dc6 000000000001f19b
[mtlr] resource2 sel8 flags 470 sz 0x1000 -> kr 0x00000000 rid 23 GPUVA 0x10002090000 cpu 10762c000
[mtlr]   out: 0000010002090000 000000010762c000 0000000102a85140 0000000000000000
[mtlr]   out: 0000001700000000 0000000000004000 00000000493a1dc7 000000000001f19c
[mtlr] resource2 sel8 flags 470 sz 0x1000 -> kr 0x00000000 rid 23 GPUVA 0x10002090000 cpu 10762c000
[mtlr]   out: 0000010002090000 000000010762c000 0000000102a85140 0000000000000000
[mtlr]   out: 0000001700000000 0000000000004000 00000000493a1dc8 000000000001f19d
[mtlr] resource2 sel8 flags 470 sz 0x1000 -> kr 0x00000000 rid 23 GPUVA 0x10002090000 cpu 10762c000
[mtlr]   out: 0000010002090000 000000010762c000 0000000102a85140 0000000000000000
[mtlr]   out: 0000001700000000 0000000000004000 00000000493a1dc9 000000000001f19e
[mtlr] resource2 sel8 flags 470 sz 0x1000 -> kr 0x00000000 rid 23 GPUVA 0x10002090000 cpu 10762c000
[mtlr]   out: 0000010002090000 000000010762c000 0000000102a85140 0000000000000000
[mtlr]   out: 0000001700000000 0000000000004000 00000000493a1dca 000000000001f19f
[mtlr] resource2 sel8 flags 470 sz 0x1000 -> kr 0x00000000 rid 23 GPUVA 0x10002090000 cpu 10762c000
[mtlr]   out: 0000010002090000 000000010762c000 0000000102a85140 0000000000000000
[mtlr]   out: 0000001700000000 0000000000004000 00000000493a1dcb 000000000001f1a0
[mtlr] resource2 sel8 flags 470 sz 0x1000 -> kr 0x00000000 rid 23 GPUVA 0x10002090000 cpu 10762c000
[mtlr]   out: 0000010002090000 000000010762c000 0000000102a85140 0000000000000000
[mtlr]   out: 0000001700000000 0000000000004000 00000000493a1dcc 000000000001f1a1
[mtlr] resource2 sel8 flags 470 sz 0x1000 -> kr 0x00000000 rid 23 GPUVA 0x10002090000 cpu 10762c000
[mtlr]   out: 0000010002090000 000000010762c000 0000000102a85140 0000000000000000
[mtlr]   out: 0000001700000000 0000000000004000 00000000493a1dcd 000000000001f1a2
[mtlr] resource2 sel8 flags 470 sz 0x1000 -> kr 0x00000000 rid 23 GPUVA 0x10002090000 cpu 10762c000
[mtlr]   out: 0000010002090000 000000010762c000 0000000102a85140 0000000000000000
[mtlr]   out: 0000001700000000 0000000000004000 00000000493a1dce 000000000001f1a3
[mtlr] resource2 sel8 flags 470 sz 0x1000 -> kr 0x00000000 rid 23 GPUVA 0x10002090000 cpu 10762c000
[mtlr]   out: 0000010002090000 000000010762c000 0000000102a85140 0000000000000000
[mtlr]   out: 0000001700000000 0000000000004000 00000000493a1dcf 000000000001f1a4
[mtlr] resource2 sel8 flags 470 sz 0x1000 -> kr 0x00000000 rid 23 GPUVA 0x10002090000 cpu 10762c000
[mtlr]   out: 0000010002090000 000000010762c000 0000000102a85140 0000000000000000
[mtlr]   out: 0000001700000000 0000000000004000 00000000493a1dd0 000000000001f1a5
[mtlr] resource2 sel8 flags 470 sz 0x1000 -> kr 0x00000000 rid 23 GPUVA 0x10002090000 cpu 10762c000
[mtlr]   out: 0000010002090000 000000010762c000 0000000102a85140 0000000000000000
[mtlr]   out: 0000001700000000 0000000000004000 00000000493a1dd1 000000000001f1a6
[mtlr] resource2 sel8 flags 470 sz 0x1000 -> kr 0x00000000 rid 23 GPUVA 0x10002090000 cpu 10762c000
[mtlr]   out: 0000010002090000 000000010762c000 0000000102a85140 0000000000000000
[mtlr]   out: 0000001700000000 0000000000004000 00000000493a1dd2 000000000001f1a7
[mtlr] resource2 sel8 flags 470 sz 0x1000 -> kr 0x00000000 rid 23 GPUVA 0x10002090000 cpu 10762c000
[mtlr]   out: 0000010002090000 000000010762c000 0000000102a85140 0000000000000000
[mtlr]   out: 0000001700000000 0000000000004000 00000000493a1dd3 000000000001f1a8
[mtlr] resource2 sel8 flags 470 sz 0x1000 -> kr 0x00000000 rid 23 GPUVA 0x10002090000 cpu 10762c000
[mtlr]   out: 0000010002090000 000000010762c000 0000000102a85140 0000000000000000
[mtlr]   out: 0000001700000000 0000000000004000 00000000493a1dd4 000000000001f1a9
[mtlr] resource2 sel8 flags 470 sz 0x1000 -> kr 0x00000000 rid 23 GPUVA 0x10002090000 cpu 10762c000
[mtlr]   out: 0000010002090000 000000010762c000 0000000102a85140 0000000000000000
[mtlr]   out: 0000001700000000 0000000000004000 00000000493a1dd5 000000000001f1aa
[mtlr] resource2 sel8 flags 470 sz 0x1000 -> kr 0x00000000 rid 23 GPUVA 0x10002090000 cpu 10762c000
[mtlr]   out: 0000010002090000 000000010762c000 0000000102a85140 0000000000000000
[mtlr]   out: 0000001700000000 0000000000004000 00000000493a1dd6 000000000001f1ab
[mtlr] resource2 sel8 flags 470 sz 0x1000 -> kr 0x00000000 rid 23 GPUVA 0x10002090000 cpu 10762c000
[mtlr]   out: 0000010002090000 000000010762c000 0000000102a85140 0000000000000000
[mtlr]   out: 0000001700000000 0000000000004000 00000000493a1dd7 000000000001f1ac
[mtlr] resource2 sel8 flags 470 sz 0x1000 -> kr 0x00000000 rid 23 GPUVA 0x10002090000 cpu 10762c000
[mtlr]   out: 0000010002090000 000000010762c000 0000000102a85140 0000000000000000
[mtlr]   out: 0000001700000000 0000000000004000 00000000493a1dd8 000000000001f1ad
[mtlr] resource2 sel8 flags 470 sz 0x1000 -> kr 0x00000000 rid 23 GPUVA 0x10002090000 cpu 10762c000
[mtlr]   out: 0000010002090000 000000010762c000 0000000102a85140 0000000000000000
[mtlr]   out: 0000001700000000 0000000000004000 00000000493a1dd9 000000000001f1ae
[mtlr] resource2 sel8 flags 470 sz 0x1000 -> kr 0x00000000 rid 23 GPUVA 0x10002090000 cpu 10762c000
[mtlr]   out: 0000010002090000 000000010762c000 0000000102a85140 0000000000000000
[mtlr]   out: 0000001700000000 0000000000004000 00000000493a1dda 000000000001f1af
[mtlr] resource2 sel8 flags 470 sz 0x1000 -> kr 0x00000000 rid 23 GPUVA 0x10002090000 cpu 10762c000
[mtlr]   out: 0000010002090000 000000010762c000 0000000102a85140 0000000000000000
[mtlr]   out: 0000001700000000 0000000000004000 00000000493a1ddb 000000000001f1b0
[mtlr] resource2 sel8 flags 470 sz 0x1000 -> kr 0x00000000 rid 23 GPUVA 0x10002090000 cpu 10762c000
[mtlr]   out: 0000010002090000 000000010762c000 0000000102a85140 0000000000000000
[mtlr]   out: 0000001700000000 0000000000004000 00000000493a1ddc 000000000001f1b1
[mtlr] resource2 sel8 flags 470 sz 0x1000 -> kr 0x00000000 rid 23 GPUVA 0x10002090000 cpu 10762c000
[mtlr]   out: 0000010002090000 000000010762c000 0000000102a85140 0000000000000000
[mtlr]   out: 0000001700000000 0000000000004000 00000000493a1ddd 000000000001f1b2
[mtlr] resource2 sel8 flags 470 sz 0x1000 -> kr 0x00000000 rid 23 GPUVA 0x10002090000 cpu 10762c000
[mtlr]   out: 0000010002090000 000000010762c000 0000000102a85140 0000000000000000
[mtlr]   out: 0000001700000000 0000000000004000 00000000493a1dde 000000000001f1b3
[mtlr] resource2 sel8 flags 470 sz 0x1000 -> kr 0x00000000 rid 23 GPUVA 0x10002090000 cpu 10762c000
[mtlr]   out: 0000010002090000 000000010762c000 0000000102a85140 0000000000000000
[mtlr]   out: 0000001700000000 0000000000004000 00000000493a1ddf 000000000001f1b4
[mtlr] resource2 sel8 flags 470 sz 0x1000 -> kr 0x00000000 rid 23 GPUVA 0x10002090000 cpu 10762c000
[mtlr]   out: 0000010002090000 000000010762c000 0000000102a85140 0000000000000000
[mtlr]   out: 0000001700000000 0000000000004000 00000000493a1de0 000000000001f1b5
[uatrec] S4 r5 (+0s): nvv 8 ncb 8 vsz 0x100000 fill 0x0 destroy0 kr 0x00000000 nj 40
[uatrec] S4 r5 blit[0] slots 10 ridp 1
[uatrec] S4 r5 blit[1] slots 10 ridp 1
[uatrec] S4 r5 blit[2] slots 10 ridp 1
[uatrec] S4 r5 blit[3] slots 10 ridp 1
[uatrec] S4 r5 blit[4] slots 10 ridp 1
[uatrec] S4 r5 blit[5] slots 10 ridp 1
[uatrec] S4 r5 blit[6] slots 10 ridp 1
[uatrec] S4 r5 blit[7] slots 10 ridp 1
[mtlr] resource2 sel8 flags 470 sz 0x100000 -> kr 0x00000000 rid 23 GPUVA 0x10002090000 cpu 10dd50000
[mtlr]   out: 0000010002090000 000000010dd50000 0000000102a85140 0000000000000000
[mtlr]   out: 0000001700000000 0000000000100000 00000000493a1e0a 000000000001f1b8
[uatrec] S4 r6 victim[0] rid 23 gpuva 0x10002090000 cpu 0x10dd50000 (top-of-stack)
[mtlr] resource2 sel8 flags 470 sz 0x100000 -> kr 0x00000000 rid 24 GPUVA 0x10002198000 cpu 10de50000
[mtlr]   out: 0000010002198000 000000010de50000 0000000102a85200 0000000000000000
[mtlr]   out: 0000001800000000 0000000000100000 00000000493a1e0b 000000000001f1b9
[uatrec] S4 r6 victim[1] rid 24 gpuva 0x10002198000 cpu 0x10de50000 (top-of-stack)
[mtlr] resource2 sel8 flags 470 sz 0x100000 -> kr 0x00000000 rid 25 GPUVA 0x100022a0000 cpu 10e400000
[mtlr]   out: 00000100022a0000 000000010e400000 0000000102a852c0 0000000000000000
[mtlr]   out: 0000001900000000 0000000000100000 00000000493a1e0c 000000000001f1ba
[uatrec] S4 r6 victim[2] rid 25 gpuva 0x100022a0000 cpu 0x10e400000 (top-of-stack)
[mtlr] resource2 sel8 flags 470 sz 0x100000 -> kr 0x00000000 rid 26 GPUVA 0x100023a8000 cpu 10e500000
[mtlr]   out: 00000100023a8000 000000010e500000 0000000102a85380 0000000000000000
[mtlr]   out: 0000001a00000000 0000000000100000 00000000493a1e0d 000000000001f1bb
[uatrec] S4 r6 victim[3] rid 26 gpuva 0x100023a8000 cpu 0x10e500000 (top-of-stack)
[mtlr] resource2 sel8 flags 470 sz 0x100000 -> kr 0x00000000 rid 27 GPUVA 0x100024b0000 cpu 10e600000
[mtlr]   out: 00000100024b0000 000000010e600000 0000000102a85440 0000000000000000
[mtlr]   out: 0000001b00000000 0000000000100000 00000000493a1e0e 000000000001f1bc
[uatrec] S4 r6 victim[4] rid 27 gpuva 0x100024b0000 cpu 0x10e600000 (top-of-stack)
[mtlr] resource2 sel8 flags 470 sz 0x100000 -> kr 0x00000000 rid 28 GPUVA 0x100025b8000 cpu 10e700000
[mtlr]   out: 00000100025b8000 000000010e700000 0000000102a85500 0000000000000000
[mtlr]   out: 0000001c00000000 0000000000100000 00000000493a1e0f 000000000001f1bd
[uatrec] S4 r6 victim[5] rid 28 gpuva 0x100025b8000 cpu 0x10e700000 (top-of-stack)
[mtlr] resource2 sel8 flags 470 sz 0x100000 -> kr 0x00000000 rid 29 GPUVA 0x100026c0000 cpu 10e800000
[mtlr]   out: 00000100026c0000 000000010e800000 0000000102a855c0 0000000000000000
[mtlr]   out: 0000001d00000000 0000000000100000 00000000493a1e10 000000000001f1be
[uatrec] S4 r6 victim[6] rid 29 gpuva 0x100026c0000 cpu 0x10e800000 (top-of-stack)
[mtlr] resource2 sel8 flags 470 sz 0x100000 -> kr 0x00000000 rid 30 GPUVA 0x100027c8000 cpu 10e900000
[mtlr]   out: 00000100027c8000 000000010e900000 0000000102a85680 0000000000000000
[mtlr]   out: 0000001e00000000 0000000000100000 00000000493a1e11 000000000001f1bf
[uatrec] S4 r6 victim[7] rid 30 gpuva 0x100027c8000 cpu 0x10e900000 (top-of-stack)
[mtlr] resource2 sel8 flags 470 sz 0x1000 -> kr 0x00000000 rid 23 GPUVA 0x10002090000 cpu 10762c000
[mtlr]   out: 0000010002090000 000000010762c000 0000000102a85140 0000000000000000
[mtlr]   out: 0000001700000000 0000000000004000 00000000493a1e30 000000000001f1c9
[mtlr] resource2 sel8 flags 470 sz 0x1000 -> kr 0x00000000 rid 23 GPUVA 0x10002090000 cpu 10762c000
[mtlr]   out: 0000010002090000 000000010762c000 0000000102a85140 0000000000000000
[mtlr]   out: 0000001700000000 0000000000004000 00000000493a1e31 000000000001f1ca
[mtlr] resource2 sel8 flags 470 sz 0x1000 -> kr 0x00000000 rid 23 GPUVA 0x10002090000 cpu 10762c000
[mtlr]   out: 0000010002090000 000000010762c000 0000000102a85140 0000000000000000
[mtlr]   out: 0000001700000000 0000000000004000 00000000493a1e32 000000000001f1cb
[mtlr] resource2 sel8 flags 470 sz 0x1000 -> kr 0x00000000 rid 23 GPUVA 0x10002090000 cpu 10762c000
[mtlr]   out: 0000010002090000 000000010762c000 0000000102a85140 0000000000000000
[mtlr]   out: 0000001700000000 0000000000004000 00000000493a1e33 000000000001f1cc
[mtlr] resource2 sel8 flags 470 sz 0x1000 -> kr 0x00000000 rid 23 GPUVA 0x10002090000 cpu 10762c000
[mtlr]   out: 0000010002090000 000000010762c000 0000000102a85140 0000000000000000
[mtlr]   out: 0000001700000000 0000000000004000 00000000493a1e34 000000000001f1cd
[mtlr] resource2 sel8 flags 470 sz 0x1000 -> kr 0x00000000 rid 23 GPUVA 0x10002090000 cpu 10762c000
[mtlr]   out: 0000010002090000 000000010762c000 0000000102a85140 0000000000000000
[mtlr]   out: 0000001700000000 0000000000004000 00000000493a1e35 000000000001f1ce
[mtlr] resource2 sel8 flags 470 sz 0x1000 -> kr 0x00000000 rid 23 GPUVA 0x10002090000 cpu 10762c000
[mtlr]   out: 0000010002090000 000000010762c000 0000000102a85140 0000000000000000
[mtlr]   out: 0000001700000000 0000000000004000 00000000493a1e36 000000000001f1cf
[mtlr] resource2 sel8 flags 470 sz 0x1000 -> kr 0x00000000 rid 23 GPUVA 0x10002090000 cpu 10762c000
[mtlr]   out: 0000010002090000 000000010762c000 0000000102a85140 0000000000000000
[mtlr]   out: 0000001700000000 0000000000004000 00000000493a1e37 000000000001f1d0
[mtlr] resource2 sel8 flags 470 sz 0x1000 -> kr 0x00000000 rid 23 GPUVA 0x10002090000 cpu 10762c000
[mtlr]   out: 0000010002090000 000000010762c000 0000000102a85140 0000000000000000
[mtlr]   out: 0000001700000000 0000000000004000 00000000493a1e38 000000000001f1d1
[mtlr] resource2 sel8 flags 470 sz 0x1000 -> kr 0x00000000 rid 23 GPUVA 0x10002090000 cpu 10762c000
[mtlr]   out: 0000010002090000 000000010762c000 0000000102a85140 0000000000000000
[mtlr]   out: 0000001700000000 0000000000004000 00000000493a1e39 000000000001f1d2
[mtlr] resource2 sel8 flags 470 sz 0x1000 -> kr 0x00000000 rid 23 GPUVA 0x10002090000 cpu 10762c000
[mtlr]   out: 0000010002090000 000000010762c000 0000000102a85140 0000000000000000
[mtlr]   out: 0000001700000000 0000000000004000 00000000493a1e3a 000000000001f1d3
[mtlr] resource2 sel8 flags 470 sz 0x1000 -> kr 0x00000000 rid 23 GPUVA 0x10002090000 cpu 10762c000
[mtlr]   out: 0000010002090000 000000010762c000 0000000102a85140 0000000000000000
[mtlr]   out: 0000001700000000 0000000000004000 00000000493a1e3b 000000000001f1d4
[mtlr] resource2 sel8 flags 470 sz 0x1000 -> kr 0x00000000 rid 23 GPUVA 0x10002090000 cpu 10762c000
[mtlr]   out: 0000010002090000 000000010762c000 0000000102a85140 0000000000000000
[mtlr]   out: 0000001700000000 0000000000004000 00000000493a1e3c 000000000001f1d5
[mtlr] resource2 sel8 flags 470 sz 0x1000 -> kr 0x00000000 rid 23 GPUVA 0x10002090000 cpu 10762c000
[mtlr]   out: 0000010002090000 000000010762c000 0000000102a85140 0000000000000000
[mtlr]   out: 0000001700000000 0000000000004000 00000000493a1e3d 000000000001f1d6
[mtlr] resource2 sel8 flags 470 sz 0x1000 -> kr 0x00000000 rid 23 GPUVA 0x10002090000 cpu 10762c000
[mtlr]   out: 0000010002090000 000000010762c000 0000000102a85140 0000000000000000
[mtlr]   out: 0000001700000000 0000000000004000 00000000493a1e3e 000000000001f1d7
[mtlr] resource2 sel8 flags 470 sz 0x1000 -> kr 0x00000000 rid 23 GPUVA 0x10002090000 cpu 10762c000
[mtlr]   out: 0000010002090000 000000010762c000 0000000102a85140 0000000000000000
[mtlr]   out: 0000001700000000 0000000000004000 00000000493a1e3f 000000000001f1d8
[mtlr] resource2 sel8 flags 470 sz 0x1000 -> kr 0x00000000 rid 23 GPUVA 0x10002090000 cpu 10762c000
[mtlr]   out: 0000010002090000 000000010762c000 0000000102a85140 0000000000000000
[mtlr]   out: 0000001700000000 0000000000004000 00000000493a1e40 000000000001f1d9
[mtlr] resource2 sel8 flags 470 sz 0x1000 -> kr 0x00000000 rid 23 GPUVA 0x10002090000 cpu 10762c000
[mtlr]   out: 0000010002090000 000000010762c000 0000000102a85140 0000000000000000
[mtlr]   out: 0000001700000000 0000000000004000 00000000493a1e41 000000000001f1da
[mtlr] resource2 sel8 flags 470 sz 0x1000 -> kr 0x00000000 rid 23 GPUVA 0x10002090000 cpu 10762c000
[mtlr]   out: 0000010002090000 000000010762c000 0000000102a85140 0000000000000000
[mtlr]   out: 0000001700000000 0000000000004000 00000000493a1e42 000000000001f1db
[mtlr] resource2 sel8 flags 470 sz 0x1000 -> kr 0x00000000 rid 23 GPUVA 0x10002090000 cpu 10762c000
[mtlr]   out: 0000010002090000 000000010762c000 0000000102a85140 0000000000000000
[mtlr]   out: 0000001700000000 0000000000004000 00000000493a1e43 000000000001f1dc
[mtlr] resource2 sel8 flags 470 sz 0x1000 -> kr 0x00000000 rid 23 GPUVA 0x10002090000 cpu 10762c000
[mtlr]   out: 0000010002090000 000000010762c000 0000000102a85140 0000000000000000
[mtlr]   out: 0000001700000000 0000000000004000 00000000493a1e44 000000000001f1dd
[mtlr] resource2 sel8 flags 470 sz 0x1000 -> kr 0x00000000 rid 23 GPUVA 0x10002090000 cpu 10762c000
[mtlr]   out: 0000010002090000 000000010762c000 0000000102a85140 0000000000000000
[mtlr]   out: 0000001700000000 0000000000004000 00000000493a1e45 000000000001f1de
[mtlr] resource2 sel8 flags 470 sz 0x1000 -> kr 0x00000000 rid 23 GPUVA 0x10002090000 cpu 10762c000
[mtlr]   out: 0000010002090000 000000010762c000 0000000102a85140 0000000000000000
[mtlr]   out: 0000001700000000 0000000000004000 00000000493a1e46 000000000001f1df
[mtlr] resource2 sel8 flags 470 sz 0x1000 -> kr 0x00000000 rid 23 GPUVA 0x10002090000 cpu 10762c000
[mtlr]   out: 0000010002090000 000000010762c000 0000000102a85140 0000000000000000
[mtlr]   out: 0000001700000000 0000000000004000 00000000493a1e47 000000000001f1e0
[mtlr] resource2 sel8 flags 470 sz 0x1000 -> kr 0x00000000 rid 23 GPUVA 0x10002090000 cpu 10762c000
[mtlr]   out: 0000010002090000 000000010762c000 0000000102a85140 0000000000000000
[mtlr]   out: 0000001700000000 0000000000004000 00000000493a1e48 000000000001f1e1
[mtlr] resource2 sel8 flags 470 sz 0x1000 -> kr 0x00000000 rid 23 GPUVA 0x10002090000 cpu 10762c000
[mtlr]   out: 0000010002090000 000000010762c000 0000000102a85140 0000000000000000
[mtlr]   out: 0000001700000000 0000000000004000 00000000493a1e49 000000000001f1e2
[mtlr] resource2 sel8 flags 470 sz 0x1000 -> kr 0x00000000 rid 23 GPUVA 0x10002090000 cpu 10762c000
[mtlr]   out: 0000010002090000 000000010762c000 0000000102a85140 0000000000000000
[mtlr]   out: 0000001700000000 0000000000004000 00000000493a1e4a 000000000001f1e3
[mtlr] resource2 sel8 flags 470 sz 0x1000 -> kr 0x00000000 rid 23 GPUVA 0x10002090000 cpu 10762c000
[mtlr]   out: 0000010002090000 000000010762c000 0000000102a85140 0000000000000000
[mtlr]   out: 0000001700000000 0000000000004000 00000000493a1e4b 000000000001f1e4
[mtlr] resource2 sel8 flags 470 sz 0x1000 -> kr 0x00000000 rid 23 GPUVA 0x10002090000 cpu 10762c000
[mtlr]   out: 0000010002090000 000000010762c000 0000000102a85140 0000000000000000
[mtlr]   out: 0000001700000000 0000000000004000 00000000493a1e4c 000000000001f1e5
[mtlr] resource2 sel8 flags 470 sz 0x1000 -> kr 0x00000000 rid 23 GPUVA 0x10002090000 cpu 10762c000
[mtlr]   out: 0000010002090000 000000010762c000 0000000102a85140 0000000000000000
[mtlr]   out: 0000001700000000 0000000000004000 00000000493a1e4d 000000000001f1e6
[mtlr] resource2 sel8 flags 470 sz 0x1000 -> kr 0x00000000 rid 23 GPUVA 0x10002090000 cpu 10762c000
[mtlr]   out: 0000010002090000 000000010762c000 0000000102a85140 0000000000000000
[mtlr]   out: 0000001700000000 0000000000004000 00000000493a1e4e 000000000001f1e7
[mtlr] resource2 sel8 flags 470 sz 0x1000 -> kr 0x00000000 rid 23 GPUVA 0x10002090000 cpu 10762c000
[mtlr]   out: 0000010002090000 000000010762c000 0000000102a85140 0000000000000000
[mtlr]   out: 0000001700000000 0000000000004000 00000000493a1e4f 000000000001f1e8
[mtlr] resource2 sel8 flags 470 sz 0x1000 -> kr 0x00000000 rid 23 GPUVA 0x10002090000 cpu 10762c000
[mtlr]   out: 0000010002090000 000000010762c000 0000000102a85140 0000000000000000
[mtlr]   out: 0000001700000000 0000000000004000 00000000493a1e50 000000000001f1e9
[mtlr] resource2 sel8 flags 470 sz 0x1000 -> kr 0x00000000 rid 23 GPUVA 0x10002090000 cpu 10762c000
[mtlr]   out: 0000010002090000 000000010762c000 0000000102a85140 0000000000000000
[mtlr]   out: 0000001700000000 0000000000004000 00000000493a1e51 000000000001f1ea
[mtlr] resource2 sel8 flags 470 sz 0x1000 -> kr 0x00000000 rid 23 GPUVA 0x10002090000 cpu 10762c000
[mtlr]   out: 0000010002090000 000000010762c000 0000000102a85140 0000000000000000
[mtlr]   out: 0000001700000000 0000000000004000 00000000493a1e52 000000000001f1eb
[mtlr] resource2 sel8 flags 470 sz 0x1000 -> kr 0x00000000 rid 23 GPUVA 0x10002090000 cpu 10762c000
[mtlr]   out: 0000010002090000 000000010762c000 0000000102a85140 0000000000000000
[mtlr]   out: 0000001700000000 0000000000004000 00000000493a1e53 000000000001f1ec
[mtlr] resource2 sel8 flags 470 sz 0x1000 -> kr 0x00000000 rid 23 GPUVA 0x10002090000 cpu 10762c000
[mtlr]   out: 0000010002090000 000000010762c000 0000000102a85140 0000000000000000
[mtlr]   out: 0000001700000000 0000000000004000 00000000493a1e54 000000000001f1ed
[mtlr] resource2 sel8 flags 470 sz 0x1000 -> kr 0x00000000 rid 23 GPUVA 0x10002090000 cpu 10762c000
[mtlr]   out: 0000010002090000 000000010762c000 0000000102a85140 0000000000000000
[mtlr]   out: 0000001700000000 0000000000004000 00000000493a1e55 000000000001f1ee
[mtlr] resource2 sel8 flags 470 sz 0x1000 -> kr 0x00000000 rid 23 GPUVA 0x10002090000 cpu 10762c000
[mtlr]   out: 0000010002090000 000000010762c000 0000000102a85140 0000000000000000
[mtlr]   out: 0000001700000000 0000000000004000 00000000493a1e56 000000000001f1ef
[mtlr] resource2 sel8 flags 470 sz 0x1000 -> kr 0x00000000 rid 23 GPUVA 0x10002090000 cpu 10762c000
[mtlr]   out: 0000010002090000 000000010762c000 0000000102a85140 0000000000000000
[mtlr]   out: 0000001700000000 0000000000004000 00000000493a1e57 000000000001f1f0
[uatrec] S4 r6 (+0s): nvv 8 ncb 8 vsz 0x100000 fill 0x0 destroy0 kr 0x00000000 nj 40
[uatrec] S4 r6 blit[0] slots 10 ridp 1
[uatrec] S4 r6 blit[1] slots 10 ridp 1
[uatrec] S4 r6 blit[2] slots 10 ridp 1
[uatrec] S4 r6 blit[3] slots 11 ridp 1
[uatrec] S4 r6 blit[4] slots 10 ridp 1
[uatrec] S4 r6 blit[5] slots 10 ridp 1
[uatrec] S4 r6 blit[6] slots 10 ridp 1
[uatrec] S4 r6 blit[7] slots 10 ridp 1
[mtlr] resource2 sel8 flags 470 sz 0x100000 -> kr 0x00000000 rid 23 GPUVA 0x10002090000 cpu 10752c000
[mtlr]   out: 0000010002090000 000000010752c000 0000000102a85140 0000000000000000
[mtlr]   out: 0000001700000000 0000000000100000 00000000493a1e81 000000000001f1f3
[uatrec] S4 r7 victim[0] rid 23 gpuva 0x10002090000 cpu 0x10752c000 (top-of-stack)
[mtlr] resource2 sel8 flags 470 sz 0x100000 -> kr 0x00000000 rid 24 GPUVA 0x10002198000 cpu 10d550000
[mtlr]   out: 0000010002198000 000000010d550000 0000000102a85200 0000000000000000
[mtlr]   out: 0000001800000000 0000000000100000 00000000493a1e82 000000000001f1f4
[uatrec] S4 r7 victim[1] rid 24 gpuva 0x10002198000 cpu 0x10d550000 (top-of-stack)
[mtlr] resource2 sel8 flags 470 sz 0x100000 -> kr 0x00000000 rid 25 GPUVA 0x100022a0000 cpu 10d650000
[mtlr]   out: 00000100022a0000 000000010d650000 0000000102a852c0 0000000000000000
[mtlr]   out: 0000001900000000 0000000000100000 00000000493a1e83 000000000001f1f5
[uatrec] S4 r7 victim[2] rid 25 gpuva 0x100022a0000 cpu 0x10d650000 (top-of-stack)
[mtlr] resource2 sel8 flags 470 sz 0x100000 -> kr 0x00000000 rid 26 GPUVA 0x100023a8000 cpu 10d750000
[mtlr]   out: 00000100023a8000 000000010d750000 0000000102a85380 0000000000000000
[mtlr]   out: 0000001a00000000 0000000000100000 00000000493a1e84 000000000001f1f6
[uatrec] S4 r7 victim[3] rid 26 gpuva 0x100023a8000 cpu 0x10d750000 (top-of-stack)
[mtlr] resource2 sel8 flags 470 sz 0x100000 -> kr 0x00000000 rid 27 GPUVA 0x100024b0000 cpu 10d850000
[mtlr]   out: 00000100024b0000 000000010d850000 0000000102a85440 0000000000000000
[mtlr]   out: 0000001b00000000 0000000000100000 00000000493a1e92 000000000001f1f7
[uatrec] S4 r7 victim[4] rid 27 gpuva 0x100024b0000 cpu 0x10d850000 (top-of-stack)
[mtlr] resource2 sel8 flags 470 sz 0x100000 -> kr 0x00000000 rid 28 GPUVA 0x100025b8000 cpu 10d950000
[mtlr]   out: 00000100025b8000 000000010d950000 0000000102a85500 0000000000000000
[mtlr]   out: 0000001c00000000 0000000000100000 00000000493a1e93 000000000001f1f8
[uatrec] S4 r7 victim[5] rid 28 gpuva 0x100025b8000 cpu 0x10d950000 (top-of-stack)
[mtlr] resource2 sel8 flags 470 sz 0x100000 -> kr 0x00000000 rid 29 GPUVA 0x100026c0000 cpu 10da50000
[mtlr]   out: 00000100026c0000 000000010da50000 0000000102a855c0 0000000000000000
[mtlr]   out: 0000001d00000000 0000000000100000 00000000493a1e94 000000000001f1f9
[uatrec] S4 r7 victim[6] rid 29 gpuva 0x100026c0000 cpu 0x10da50000 (top-of-stack)
[mtlr] resource2 sel8 flags 470 sz 0x100000 -> kr 0x00000000 rid 30 GPUVA 0x100027c8000 cpu 10db50000
[mtlr]   out: 00000100027c8000 000000010db50000 0000000102a85680 0000000000000000
[mtlr]   out: 0000001e00000000 0000000000100000 00000000493a1e95 000000000001f1fa
[uatrec] S4 r7 victim[7] rid 30 gpuva 0x100027c8000 cpu 0x10db50000 (top-of-stack)
[mtlr] resource2 sel8 flags 470 sz 0x1000 -> kr 0x00000000 rid 23 GPUVA 0x10002090000 cpu 10762c000
[mtlr]   out: 0000010002090000 000000010762c000 0000000102a85140 0000000000000000
[mtlr]   out: 0000001700000000 0000000000004000 00000000493a1ea7 000000000001f204
[mtlr] resource2 sel8 flags 470 sz 0x1000 -> kr 0x00000000 rid 23 GPUVA 0x10002090000 cpu 10762c000
[mtlr]   out: 0000010002090000 000000010762c000 0000000102a85140 0000000000000000
[mtlr]   out: 0000001700000000 0000000000004000 00000000493a1ea8 000000000001f205
[mtlr] resource2 sel8 flags 470 sz 0x1000 -> kr 0x00000000 rid 23 GPUVA 0x10002090000 cpu 10762c000
[mtlr]   out: 0000010002090000 000000010762c000 0000000102a85140 0000000000000000
[mtlr]   out: 0000001700000000 0000000000004000 00000000493a1ea9 000000000001f206
[mtlr] resource2 sel8 flags 470 sz 0x1000 -> kr 0x00000000 rid 23 GPUVA 0x10002090000 cpu 10762c000
[mtlr]   out: 0000010002090000 000000010762c000 0000000102a85140 0000000000000000
[mtlr]   out: 0000001700000000 0000000000004000 00000000493a1eaa 000000000001f207
[mtlr] resource2 sel8 flags 470 sz 0x1000 -> kr 0x00000000 rid 23 GPUVA 0x10002090000 cpu 10762c000
[mtlr]   out: 0000010002090000 000000010762c000 0000000102a85140 0000000000000000
[mtlr]   out: 0000001700000000 0000000000004000 00000000493a1eab 000000000001f208
[mtlr] resource2 sel8 flags 470 sz 0x1000 -> kr 0x00000000 rid 23 GPUVA 0x10002090000 cpu 10762c000
[mtlr]   out: 0000010002090000 000000010762c000 0000000102a85140 0000000000000000
[mtlr]   out: 0000001700000000 0000000000004000 00000000493a1eac 000000000001f209
[mtlr] resource2 sel8 flags 470 sz 0x1000 -> kr 0x00000000 rid 23 GPUVA 0x10002090000 cpu 10762c000
[mtlr]   out: 0000010002090000 000000010762c000 0000000102a85140 0000000000000000
[mtlr]   out: 0000001700000000 0000000000004000 00000000493a1ead 000000000001f20a
[mtlr] resource2 sel8 flags 470 sz 0x1000 -> kr 0x00000000 rid 23 GPUVA 0x10002090000 cpu 10762c000
[mtlr]   out: 0000010002090000 000000010762c000 0000000102a85140 0000000000000000
[mtlr]   out: 0000001700000000 0000000000004000 00000000493a1eae 000000000001f20b
[mtlr] resource2 sel8 flags 470 sz 0x1000 -> kr 0x00000000 rid 23 GPUVA 0x10002090000 cpu 10762c000
[mtlr]   out: 0000010002090000 000000010762c000 0000000102a85140 0000000000000000
[mtlr]   out: 0000001700000000 0000000000004000 00000000493a1eaf 000000000001f20c
[mtlr] resource2 sel8 flags 470 sz 0x1000 -> kr 0x00000000 rid 23 GPUVA 0x10002090000 cpu 10762c000
[mtlr]   out: 0000010002090000 000000010762c000 0000000102a85140 0000000000000000
[mtlr]   out: 0000001700000000 0000000000004000 00000000493a1eb0 000000000001f20d
[mtlr] resource2 sel8 flags 470 sz 0x1000 -> kr 0x00000000 rid 23 GPUVA 0x10002090000 cpu 10762c000
[mtlr]   out: 0000010002090000 000000010762c000 0000000102a85140 0000000000000000
[mtlr]   out: 0000001700000000 0000000000004000 00000000493a1eb1 000000000001f20e
[mtlr] resource2 sel8 flags 470 sz 0x1000 -> kr 0x00000000 rid 23 GPUVA 0x10002090000 cpu 10762c000
[mtlr]   out: 0000010002090000 000000010762c000 0000000102a85140 0000000000000000
[mtlr]   out: 0000001700000000 0000000000004000 00000000493a1eb2 000000000001f20f
[mtlr] resource2 sel8 flags 470 sz 0x1000 -> kr 0x00000000 rid 23 GPUVA 0x10002090000 cpu 10762c000
[mtlr]   out: 0000010002090000 000000010762c000 0000000102a85140 0000000000000000
[mtlr]   out: 0000001700000000 0000000000004000 00000000493a1eb3 000000000001f210
[mtlr] resource2 sel8 flags 470 sz 0x1000 -> kr 0x00000000 rid 23 GPUVA 0x10002090000 cpu 10762c000
[mtlr]   out: 0000010002090000 000000010762c000 0000000102a85140 0000000000000000
[mtlr]   out: 0000001700000000 0000000000004000 00000000493a1eb4 000000000001f211
[mtlr] resource2 sel8 flags 470 sz 0x1000 -> kr 0x00000000 rid 23 GPUVA 0x10002090000 cpu 10762c000
[mtlr]   out: 0000010002090000 000000010762c000 0000000102a85140 0000000000000000
[mtlr]   out: 0000001700000000 0000000000004000 00000000493a1eb5 000000000001f212
[mtlr] resource2 sel8 flags 470 sz 0x1000 -> kr 0x00000000 rid 23 GPUVA 0x10002090000 cpu 10762c000
[mtlr]   out: 0000010002090000 000000010762c000 0000000102a85140 0000000000000000
[mtlr]   out: 0000001700000000 0000000000004000 00000000493a1eb6 000000000001f213
[mtlr] resource2 sel8 flags 470 sz 0x1000 -> kr 0x00000000 rid 23 GPUVA 0x10002090000 cpu 10762c000
[mtlr]   out: 0000010002090000 000000010762c000 0000000102a85140 0000000000000000
[mtlr]   out: 0000001700000000 0000000000004000 00000000493a1eb7 000000000001f214
[mtlr] resource2 sel8 flags 470 sz 0x1000 -> kr 0x00000000 rid 23 GPUVA 0x10002090000 cpu 10762c000
[mtlr]   out: 0000010002090000 000000010762c000 0000000102a85140 0000000000000000
[mtlr]   out: 0000001700000000 0000000000004000 00000000493a1eb8 000000000001f215
[mtlr] resource2 sel8 flags 470 sz 0x1000 -> kr 0x00000000 rid 23 GPUVA 0x10002090000 cpu 10762c000
[mtlr]   out: 0000010002090000 000000010762c000 0000000102a85140 0000000000000000
[mtlr]   out: 0000001700000000 0000000000004000 00000000493a1eb9 000000000001f216
[mtlr] resource2 sel8 flags 470 sz 0x1000 -> kr 0x00000000 rid 23 GPUVA 0x10002090000 cpu 10762c000
[mtlr]   out: 0000010002090000 000000010762c000 0000000102a85140 0000000000000000
[mtlr]   out: 0000001700000000 0000000000004000 00000000493a1eba 000000000001f217
[mtlr] resource2 sel8 flags 470 sz 0x1000 -> kr 0x00000000 rid 23 GPUVA 0x10002090000 cpu 10762c000
[mtlr]   out: 0000010002090000 000000010762c000 0000000102a85140 0000000000000000
[mtlr]   out: 0000001700000000 0000000000004000 00000000493a1ebb 000000000001f218
[mtlr] resource2 sel8 flags 470 sz 0x1000 -> kr 0x00000000 rid 23 GPUVA 0x10002090000 cpu 10762c000
[mtlr]   out: 0000010002090000 000000010762c000 0000000102a85140 0000000000000000
[mtlr]   out: 0000001700000000 0000000000004000 00000000493a1ebc 000000000001f219
[mtlr] resource2 sel8 flags 470 sz 0x1000 -> kr 0x00000000 rid 23 GPUVA 0x10002090000 cpu 10762c000
[mtlr]   out: 0000010002090000 000000010762c000 0000000102a85140 0000000000000000
[mtlr]   out: 0000001700000000 0000000000004000 00000000493a1ebd 000000000001f21a
[mtlr] resource2 sel8 flags 470 sz 0x1000 -> kr 0x00000000 rid 23 GPUVA 0x10002090000 cpu 10762c000
[mtlr]   out: 0000010002090000 000000010762c000 0000000102a85140 0000000000000000
[mtlr]   out: 0000001700000000 0000000000004000 00000000493a1ebe 000000000001f21b
[mtlr] resource2 sel8 flags 470 sz 0x1000 -> kr 0x00000000 rid 23 GPUVA 0x10002090000 cpu 10762c000
[mtlr]   out: 0000010002090000 000000010762c000 0000000102a85140 0000000000000000
[mtlr]   out: 0000001700000000 0000000000004000 00000000493a1ebf 000000000001f21c
[mtlr] resource2 sel8 flags 470 sz 0x1000 -> kr 0x00000000 rid 23 GPUVA 0x10002090000 cpu 10762c000
[mtlr]   out: 0000010002090000 000000010762c000 0000000102a85140 0000000000000000
[mtlr]   out: 0000001700000000 0000000000004000 00000000493a1ec0 000000000001f21d
[mtlr] resource2 sel8 flags 470 sz 0x1000 -> kr 0x00000000 rid 23 GPUVA 0x10002090000 cpu 10762c000
[mtlr]   out: 0000010002090000 000000010762c000 0000000102a85140 0000000000000000
[mtlr]   out: 0000001700000000 0000000000004000 00000000493a1ec1 000000000001f21e
[mtlr] resource2 sel8 flags 470 sz 0x1000 -> kr 0x00000000 rid 23 GPUVA 0x10002090000 cpu 10762c000
[mtlr]   out: 0000010002090000 000000010762c000 0000000102a85140 0000000000000000
[mtlr]   out: 0000001700000000 0000000000004000 00000000493a1ec2 000000000001f21f
[mtlr] resource2 sel8 flags 470 sz 0x1000 -> kr 0x00000000 rid 23 GPUVA 0x10002090000 cpu 10762c000
[mtlr]   out: 0000010002090000 000000010762c000 0000000102a85140 0000000000000000
[mtlr]   out: 0000001700000000 0000000000004000 00000000493a1ec3 000000000001f220
[mtlr] resource2 sel8 flags 470 sz 0x1000 -> kr 0x00000000 rid 23 GPUVA 0x10002090000 cpu 10762c000
[mtlr]   out: 0000010002090000 000000010762c000 0000000102a85140 0000000000000000
[mtlr]   out: 0000001700000000 0000000000004000 00000000493a1ec4 000000000001f221
[mtlr] resource2 sel8 flags 470 sz 0x1000 -> kr 0x00000000 rid 23 GPUVA 0x10002090000 cpu 10762c000
[mtlr]   out: 0000010002090000 000000010762c000 0000000102a85140 0000000000000000
[mtlr]   out: 0000001700000000 0000000000004000 00000000493a1ec5 000000000001f222
[mtlr] resource2 sel8 flags 470 sz 0x1000 -> kr 0x00000000 rid 23 GPUVA 0x10002090000 cpu 10762c000
[mtlr]   out: 0000010002090000 000000010762c000 0000000102a85140 0000000000000000
[mtlr]   out: 0000001700000000 0000000000004000 00000000493a1ec6 000000000001f223
[mtlr] resource2 sel8 flags 470 sz 0x1000 -> kr 0x00000000 rid 23 GPUVA 0x10002090000 cpu 10762c000
[mtlr]   out: 0000010002090000 000000010762c000 0000000102a85140 0000000000000000
[mtlr]   out: 0000001700000000 0000000000004000 00000000493a1ec7 000000000001f224
[mtlr] resource2 sel8 flags 470 sz 0x1000 -> kr 0x00000000 rid 23 GPUVA 0x10002090000 cpu 10762c000
[mtlr]   out: 0000010002090000 000000010762c000 0000000102a85140 0000000000000000
[mtlr]   out: 0000001700000000 0000000000004000 00000000493a1ec8 000000000001f225
[mtlr] resource2 sel8 flags 470 sz 0x1000 -> kr 0x00000000 rid 23 GPUVA 0x10002090000 cpu 10762c000
[mtlr]   out: 0000010002090000 000000010762c000 0000000102a85140 0000000000000000
[mtlr]   out: 0000001700000000 0000000000004000 00000000493a1ec9 000000000001f226
[mtlr] resource2 sel8 flags 470 sz 0x1000 -> kr 0x00000000 rid 23 GPUVA 0x10002090000 cpu 10762c000
[mtlr]   out: 0000010002090000 000000010762c000 0000000102a85140 0000000000000000
[mtlr]   out: 0000001700000000 0000000000004000 00000000493a1eca 000000000001f227
[mtlr] resource2 sel8 flags 470 sz 0x1000 -> kr 0x00000000 rid 23 GPUVA 0x10002090000 cpu 10762c000
[mtlr]   out: 0000010002090000 000000010762c000 0000000102a85140 0000000000000000
[mtlr]   out: 0000001700000000 0000000000004000 00000000493a1ecb 000000000001f228
[mtlr] resource2 sel8 flags 470 sz 0x1000 -> kr 0x00000000 rid 23 GPUVA 0x10002090000 cpu 10762c000
[mtlr]   out: 0000010002090000 000000010762c000 0000000102a85140 0000000000000000
[mtlr]   out: 0000001700000000 0000000000004000 00000000493a1ecc 000000000001f229
[mtlr] resource2 sel8 flags 470 sz 0x1000 -> kr 0x00000000 rid 23 GPUVA 0x10002090000 cpu 10762c000
[mtlr]   out: 0000010002090000 000000010762c000 0000000102a85140 0000000000000000
[mtlr]   out: 0000001700000000 0000000000004000 00000000493a1ecd 000000000001f22a
[mtlr] resource2 sel8 flags 470 sz 0x1000 -> kr 0x00000000 rid 23 GPUVA 0x10002090000 cpu 10762c000
[mtlr]   out: 0000010002090000 000000010762c000 0000000102a85140 0000000000000000
[mtlr]   out: 0000001700000000 0000000000004000 00000000493a1ece 000000000001f22b
[uatrec] S4 r7 (+0s): nvv 8 ncb 8 vsz 0x100000 fill 0x0 destroy0 kr 0x00000000 nj 40
[uatrec] S4 r7 blit[0] slots 10 ridp 1
[uatrec] S4 r7 blit[1] slots 10 ridp 1
[uatrec] S4 r7 blit[2] slots 10 ridp 1
[uatrec] S4 r7 blit[3] slots 10 ridp 1
[uatrec] S4 r7 blit[4] slots 10 ridp 1
[uatrec] S4 r7 blit[5] slots 10 ridp 1
[uatrec] S4 r7 blit[6] slots 10 ridp 1
[uatrec] S4 r7 blit[7] slots 10 ridp 1
[mtlr] resource2 sel8 flags 470 sz 0x100000 -> kr 0x00000000 rid 23 GPUVA 0x10002090000 cpu 10dd50000
[mtlr]   out: 0000010002090000 000000010dd50000 0000000102a85140 0000000000000000
[mtlr]   out: 0000001700000000 0000000000100000 00000000493a1f05 000000000001f22e
[uatrec] S4 r8 victim[0] rid 23 gpuva 0x10002090000 cpu 0x10dd50000 (top-of-stack)
[mtlr] resource2 sel8 flags 470 sz 0x100000 -> kr 0x00000000 rid 24 GPUVA 0x10002198000 cpu 10de50000
[mtlr]   out: 0000010002198000 000000010de50000 0000000102a85200 0000000000000000
[mtlr]   out: 0000001800000000 0000000000100000 00000000493a1f06 000000000001f22f
[uatrec] S4 r8 victim[1] rid 24 gpuva 0x10002198000 cpu 0x10de50000 (top-of-stack)
[mtlr] resource2 sel8 flags 470 sz 0x100000 -> kr 0x00000000 rid 25 GPUVA 0x100022a0000 cpu 10e400000
[mtlr]   out: 00000100022a0000 000000010e400000 0000000102a852c0 0000000000000000
[mtlr]   out: 0000001900000000 0000000000100000 00000000493a1f07 000000000001f230
[uatrec] S4 r8 victim[2] rid 25 gpuva 0x100022a0000 cpu 0x10e400000 (top-of-stack)
[mtlr] resource2 sel8 flags 470 sz 0x100000 -> kr 0x00000000 rid 26 GPUVA 0x100023a8000 cpu 10e500000
[mtlr]   out: 00000100023a8000 000000010e500000 0000000102a85380 0000000000000000
[mtlr]   out: 0000001a00000000 0000000000100000 00000000493a1f08 000000000001f231
[uatrec] S4 r8 victim[3] rid 26 gpuva 0x100023a8000 cpu 0x10e500000 (top-of-stack)
[mtlr] resource2 sel8 flags 470 sz 0x100000 -> kr 0x00000000 rid 27 GPUVA 0x100024b0000 cpu 10e600000
[mtlr]   out: 00000100024b0000 000000010e600000 0000000102a85440 0000000000000000
[mtlr]   out: 0000001b00000000 0000000000100000 00000000493a1f09 000000000001f232
[uatrec] S4 r8 victim[4] rid 27 gpuva 0x100024b0000 cpu 0x10e600000 (top-of-stack)
[mtlr] resource2 sel8 flags 470 sz 0x100000 -> kr 0x00000000 rid 28 GPUVA 0x100025b8000 cpu 10e700000
[mtlr]   out: 00000100025b8000 000000010e700000 0000000102a85500 0000000000000000
[mtlr]   out: 0000001c00000000 0000000000100000 00000000493a1f0a 000000000001f233
[uatrec] S4 r8 victim[5] rid 28 gpuva 0x100025b8000 cpu 0x10e700000 (top-of-stack)
[mtlr] resource2 sel8 flags 470 sz 0x100000 -> kr 0x00000000 rid 29 GPUVA 0x100026c0000 cpu 10e800000
[mtlr]   out: 00000100026c0000 000000010e800000 0000000102a855c0 0000000000000000
[mtlr]   out: 0000001d00000000 0000000000100000 00000000493a1f0b 000000000001f234
[uatrec] S4 r8 victim[6] rid 29 gpuva 0x100026c0000 cpu 0x10e800000 (top-of-stack)
[mtlr] resource2 sel8 flags 470 sz 0x100000 -> kr 0x00000000 rid 30 GPUVA 0x100027c8000 cpu 10e900000
[mtlr]   out: 00000100027c8000 000000010e900000 0000000102a85680 0000000000000000
[mtlr]   out: 0000001e00000000 0000000000100000 00000000493a1f0c 000000000001f235
[uatrec] S4 r8 victim[7] rid 30 gpuva 0x100027c8000 cpu 0x10e900000 (top-of-stack)
[mtlr] resource2 sel8 flags 470 sz 0x1000 -> kr 0x00000000 rid 23 GPUVA 0x10002090000 cpu 10762c000
[mtlr]   out: 0000010002090000 000000010762c000 0000000102a85140 0000000000000000
[mtlr]   out: 0000001700000000 0000000000004000 00000000493a1f2b 000000000001f23f
[mtlr] resource2 sel8 flags 470 sz 0x1000 -> kr 0x00000000 rid 23 GPUVA 0x10002090000 cpu 10762c000
[mtlr]   out: 0000010002090000 000000010762c000 0000000102a85140 0000000000000000
[mtlr]   out: 0000001700000000 0000000000004000 00000000493a1f2c 000000000001f240
[mtlr] resource2 sel8 flags 470 sz 0x1000 -> kr 0x00000000 rid 23 GPUVA 0x10002090000 cpu 10762c000
[mtlr]   out: 0000010002090000 000000010762c000 0000000102a85140 0000000000000000
[mtlr]   out: 0000001700000000 0000000000004000 00000000493a1f2d 000000000001f241
[mtlr] resource2 sel8 flags 470 sz 0x1000 -> kr 0x00000000 rid 23 GPUVA 0x10002090000 cpu 10762c000
[mtlr]   out: 0000010002090000 000000010762c000 0000000102a85140 0000000000000000
[mtlr]   out: 0000001700000000 0000000000004000 00000000493a1f2e 000000000001f242
[mtlr] resource2 sel8 flags 470 sz 0x1000 -> kr 0x00000000 rid 23 GPUVA 0x10002090000 cpu 10762c000
[mtlr]   out: 0000010002090000 000000010762c000 0000000102a85140 0000000000000000
[mtlr]   out: 0000001700000000 0000000000004000 00000000493a1f2f 000000000001f243
[mtlr] resource2 sel8 flags 470 sz 0x1000 -> kr 0x00000000 rid 23 GPUVA 0x10002090000 cpu 10762c000
[mtlr]   out: 0000010002090000 000000010762c000 0000000102a85140 0000000000000000
[mtlr]   out: 0000001700000000 0000000000004000 00000000493a1f30 000000000001f244
[mtlr] resource2 sel8 flags 470 sz 0x1000 -> kr 0x00000000 rid 23 GPUVA 0x10002090000 cpu 10762c000
[mtlr]   out: 0000010002090000 000000010762c000 0000000102a85140 0000000000000000
[mtlr]   out: 0000001700000000 0000000000004000 00000000493a1f31 000000000001f245
[mtlr] resource2 sel8 flags 470 sz 0x1000 -> kr 0x00000000 rid 23 GPUVA 0x10002090000 cpu 10762c000
[mtlr]   out: 0000010002090000 000000010762c000 0000000102a85140 0000000000000000
[mtlr]   out: 0000001700000000 0000000000004000 00000000493a1f32 000000000001f246
[mtlr] resource2 sel8 flags 470 sz 0x1000 -> kr 0x00000000 rid 23 GPUVA 0x10002090000 cpu 10762c000
[mtlr]   out: 0000010002090000 000000010762c000 0000000102a85140 0000000000000000
[mtlr]   out: 0000001700000000 0000000000004000 00000000493a1f33 000000000001f247
[mtlr] resource2 sel8 flags 470 sz 0x1000 -> kr 0x00000000 rid 23 GPUVA 0x10002090000 cpu 10762c000
[mtlr]   out: 0000010002090000 000000010762c000 0000000102a85140 0000000000000000
[mtlr]   out: 0000001700000000 0000000000004000 00000000493a1f34 000000000001f248
[mtlr] resource2 sel8 flags 470 sz 0x1000 -> kr 0x00000000 rid 23 GPUVA 0x10002090000 cpu 10762c000
[mtlr]   out: 0000010002090000 000000010762c000 0000000102a85140 0000000000000000
[mtlr]   out: 0000001700000000 0000000000004000 00000000493a1f35 000000000001f249
[mtlr] resource2 sel8 flags 470 sz 0x1000 -> kr 0x00000000 rid 23 GPUVA 0x10002090000 cpu 10762c000
[mtlr]   out: 0000010002090000 000000010762c000 0000000102a85140 0000000000000000
[mtlr]   out: 0000001700000000 0000000000004000 00000000493a1f36 000000000001f24a
[mtlr] resource2 sel8 flags 470 sz 0x1000 -> kr 0x00000000 rid 23 GPUVA 0x10002090000 cpu 10762c000
[mtlr]   out: 0000010002090000 000000010762c000 0000000102a85140 0000000000000000
[mtlr]   out: 0000001700000000 0000000000004000 00000000493a1f37 000000000001f24b
[mtlr] resource2 sel8 flags 470 sz 0x1000 -> kr 0x00000000 rid 23 GPUVA 0x10002090000 cpu 10762c000
[mtlr]   out: 0000010002090000 000000010762c000 0000000102a85140 0000000000000000
[mtlr]   out: 0000001700000000 0000000000004000 00000000493a1f38 000000000001f24c
[mtlr] resource2 sel8 flags 470 sz 0x1000 -> kr 0x00000000 rid 23 GPUVA 0x10002090000 cpu 10762c000
[mtlr]   out: 0000010002090000 000000010762c000 0000000102a85140 0000000000000000
[mtlr]   out: 0000001700000000 0000000000004000 00000000493a1f39 000000000001f24d
[mtlr] resource2 sel8 flags 470 sz 0x1000 -> kr 0x00000000 rid 23 GPUVA 0x10002090000 cpu 10762c000
[mtlr]   out: 0000010002090000 000000010762c000 0000000102a85140 0000000000000000
[mtlr]   out: 0000001700000000 0000000000004000 00000000493a1f3a 000000000001f24e
[mtlr] resource2 sel8 flags 470 sz 0x1000 -> kr 0x00000000 rid 23 GPUVA 0x10002090000 cpu 10762c000
[mtlr]   out: 0000010002090000 000000010762c000 0000000102a85140 0000000000000000
[mtlr]   out: 0000001700000000 0000000000004000 00000000493a1f3b 000000000001f24f
[mtlr] resource2 sel8 flags 470 sz 0x1000 -> kr 0x00000000 rid 23 GPUVA 0x10002090000 cpu 10762c000
[mtlr]   out: 0000010002090000 000000010762c000 0000000102a85140 0000000000000000
[mtlr]   out: 0000001700000000 0000000000004000 00000000493a1f3c 000000000001f250
[mtlr] resource2 sel8 flags 470 sz 0x1000 -> kr 0x00000000 rid 23 GPUVA 0x10002090000 cpu 10762c000
[mtlr]   out: 0000010002090000 000000010762c000 0000000102a85140 0000000000000000
[mtlr]   out: 0000001700000000 0000000000004000 00000000493a1f3d 000000000001f251
[mtlr] resource2 sel8 flags 470 sz 0x1000 -> kr 0x00000000 rid 23 GPUVA 0x10002090000 cpu 10762c000
[mtlr]   out: 0000010002090000 000000010762c000 0000000102a85140 0000000000000000
[mtlr]   out: 0000001700000000 0000000000004000 00000000493a1f3e 000000000001f252
[mtlr] resource2 sel8 flags 470 sz 0x1000 -> kr 0x00000000 rid 23 GPUVA 0x10002090000 cpu 10762c000
[mtlr]   out: 0000010002090000 000000010762c000 0000000102a85140 0000000000000000
[mtlr]   out: 0000001700000000 0000000000004000 00000000493a1f3f 000000000001f253
[mtlr] resource2 sel8 flags 470 sz 0x1000 -> kr 0x00000000 rid 23 GPUVA 0x10002090000 cpu 10762c000
[mtlr]   out: 0000010002090000 000000010762c000 0000000102a85140 0000000000000000
[mtlr]   out: 0000001700000000 0000000000004000 00000000493a1f40 000000000001f254
[mtlr] resource2 sel8 flags 470 sz 0x1000 -> kr 0x00000000 rid 23 GPUVA 0x10002090000 cpu 10762c000
[mtlr]   out: 0000010002090000 000000010762c000 0000000102a85140 0000000000000000
[mtlr]   out: 0000001700000000 0000000000004000 00000000493a1f41 000000000001f255
[mtlr] resource2 sel8 flags 470 sz 0x1000 -> kr 0x00000000 rid 23 GPUVA 0x10002090000 cpu 10762c000
[mtlr]   out: 0000010002090000 000000010762c000 0000000102a85140 0000000000000000
[mtlr]   out: 0000001700000000 0000000000004000 00000000493a1f42 000000000001f256
[mtlr] resource2 sel8 flags 470 sz 0x1000 -> kr 0x00000000 rid 23 GPUVA 0x10002090000 cpu 10762c000
[mtlr]   out: 0000010002090000 000000010762c000 0000000102a85140 0000000000000000
[mtlr]   out: 0000001700000000 0000000000004000 00000000493a1f43 000000000001f257
[mtlr] resource2 sel8 flags 470 sz 0x1000 -> kr 0x00000000 rid 23 GPUVA 0x10002090000 cpu 10762c000
[mtlr]   out: 0000010002090000 000000010762c000 0000000102a85140 0000000000000000
[mtlr]   out: 0000001700000000 0000000000004000 00000000493a1f44 000000000001f258
[mtlr] resource2 sel8 flags 470 sz 0x1000 -> kr 0x00000000 rid 23 GPUVA 0x10002090000 cpu 10762c000
[mtlr]   out: 0000010002090000 000000010762c000 0000000102a85140 0000000000000000
[mtlr]   out: 0000001700000000 0000000000004000 00000000493a1f45 000000000001f259
[mtlr] resource2 sel8 flags 470 sz 0x1000 -> kr 0x00000000 rid 23 GPUVA 0x10002090000 cpu 10762c000
[mtlr]   out: 0000010002090000 000000010762c000 0000000102a85140 0000000000000000
[mtlr]   out: 0000001700000000 0000000000004000 00000000493a1f46 000000000001f25a
[mtlr] resource2 sel8 flags 470 sz 0x1000 -> kr 0x00000000 rid 23 GPUVA 0x10002090000 cpu 10762c000
[mtlr]   out: 0000010002090000 000000010762c000 0000000102a85140 0000000000000000
[mtlr]   out: 0000001700000000 0000000000004000 00000000493a1f47 000000000001f25b
[mtlr] resource2 sel8 flags 470 sz 0x1000 -> kr 0x00000000 rid 23 GPUVA 0x10002090000 cpu 10762c000
[mtlr]   out: 0000010002090000 000000010762c000 0000000102a85140 0000000000000000
[mtlr]   out: 0000001700000000 0000000000004000 00000000493a1f48 000000000001f25c
[mtlr] resource2 sel8 flags 470 sz 0x1000 -> kr 0x00000000 rid 23 GPUVA 0x10002090000 cpu 10762c000
[mtlr]   out: 0000010002090000 000000010762c000 0000000102a85140 0000000000000000
[mtlr]   out: 0000001700000000 0000000000004000 00000000493a1f49 000000000001f25d
[mtlr] resource2 sel8 flags 470 sz 0x1000 -> kr 0x00000000 rid 23 GPUVA 0x10002090000 cpu 10762c000
[mtlr]   out: 0000010002090000 000000010762c000 0000000102a85140 0000000000000000
[mtlr]   out: 0000001700000000 0000000000004000 00000000493a1f4a 000000000001f25e
[mtlr] resource2 sel8 flags 470 sz 0x1000 -> kr 0x00000000 rid 23 GPUVA 0x10002090000 cpu 10762c000
[mtlr]   out: 0000010002090000 000000010762c000 0000000102a85140 0000000000000000
[mtlr]   out: 0000001700000000 0000000000004000 00000000493a1f4b 000000000001f25f
[mtlr] resource2 sel8 flags 470 sz 0x1000 -> kr 0x00000000 rid 23 GPUVA 0x10002090000 cpu 10762c000
[mtlr]   out: 0000010002090000 000000010762c000 0000000102a85140 0000000000000000
[mtlr]   out: 0000001700000000 0000000000004000 00000000493a1f4c 000000000001f260
[mtlr] resource2 sel8 flags 470 sz 0x1000 -> kr 0x00000000 rid 23 GPUVA 0x10002090000 cpu 10762c000
[mtlr]   out: 0000010002090000 000000010762c000 0000000102a85140 0000000000000000
[mtlr]   out: 0000001700000000 0000000000004000 00000000493a1f4d 000000000001f261
[mtlr] resource2 sel8 flags 470 sz 0x1000 -> kr 0x00000000 rid 23 GPUVA 0x10002090000 cpu 10762c000
[mtlr]   out: 0000010002090000 000000010762c000 0000000102a85140 0000000000000000
[mtlr]   out: 0000001700000000 0000000000004000 00000000493a1f4e 000000000001f262
[mtlr] resource2 sel8 flags 470 sz 0x1000 -> kr 0x00000000 rid 23 GPUVA 0x10002090000 cpu 10762c000
[mtlr]   out: 0000010002090000 000000010762c000 0000000102a85140 0000000000000000
[mtlr]   out: 0000001700000000 0000000000004000 00000000493a1f4f 000000000001f263
[mtlr] resource2 sel8 flags 470 sz 0x1000 -> kr 0x00000000 rid 23 GPUVA 0x10002090000 cpu 10762c000
[mtlr]   out: 0000010002090000 000000010762c000 0000000102a85140 0000000000000000
[mtlr]   out: 0000001700000000 0000000000004000 00000000493a1f50 000000000001f264
[mtlr] resource2 sel8 flags 470 sz 0x1000 -> kr 0x00000000 rid 23 GPUVA 0x10002090000 cpu 10762c000
[mtlr]   out: 0000010002090000 000000010762c000 0000000102a85140 0000000000000000
[mtlr]   out: 0000001700000000 0000000000004000 00000000493a1f51 000000000001f265
[mtlr] resource2 sel8 flags 470 sz 0x1000 -> kr 0x00000000 rid 23 GPUVA 0x10002090000 cpu 10762c000
[mtlr]   out: 0000010002090000 000000010762c000 0000000102a85140 0000000000000000
[mtlr]   out: 0000001700000000 0000000000004000 00000000493a1f52 000000000001f266
[uatrec] S4 r8 (+0s): nvv 8 ncb 8 vsz 0x100000 fill 0x0 destroy0 kr 0x00000000 nj 40
[uatrec] S4 r8 blit[0] slots 10 ridp 1
[uatrec] S4 r8 blit[1] slots 10 ridp 1
[uatrec] S4 r8 blit[2] slots 10 ridp 1
[uatrec] S4 r8 blit[3] slots 10 ridp 1
[uatrec] S4 r8 blit[4] slots 10 ridp 1
[uatrec] S4 r8 blit[5] slots 11 ridp 1
[uatrec] S4 r8 blit[6] slots 10 ridp 1
[uatrec] S4 r8 blit[7] slots 11 ridp 1
[mtlr] resource2 sel8 flags 470 sz 0x100000 -> kr 0x00000000 rid 23 GPUVA 0x10002090000 cpu 10752c000
[mtlr]   out: 0000010002090000 000000010752c000 0000000102a85140 0000000000000000
[mtlr]   out: 0000001700000000 0000000000100000 00000000493a1f75 000000000001f269
[uatrec] S4 r9 victim[0] rid 23 gpuva 0x10002090000 cpu 0x10752c000 (top-of-stack)
[mtlr] resource2 sel8 flags 470 sz 0x100000 -> kr 0x00000000 rid 24 GPUVA 0x10002198000 cpu 10d550000
[mtlr]   out: 0000010002198000 000000010d550000 0000000102a85200 0000000000000000
[mtlr]   out: 0000001800000000 0000000000100000 00000000493a1f76 000000000001f26a
[uatrec] S4 r9 victim[1] rid 24 gpuva 0x10002198000 cpu 0x10d550000 (top-of-stack)
[mtlr] resource2 sel8 flags 470 sz 0x100000 -> kr 0x00000000 rid 25 GPUVA 0x100022a0000 cpu 10d650000
[mtlr]   out: 00000100022a0000 000000010d650000 0000000102a852c0 0000000000000000
[mtlr]   out: 0000001900000000 0000000000100000 00000000493a1f77 000000000001f26b
[uatrec] S4 r9 victim[2] rid 25 gpuva 0x100022a0000 cpu 0x10d650000 (top-of-stack)
[mtlr] resource2 sel8 flags 470 sz 0x100000 -> kr 0x00000000 rid 26 GPUVA 0x100023a8000 cpu 10d750000
[mtlr]   out: 00000100023a8000 000000010d750000 0000000102a85380 0000000000000000
[mtlr]   out: 0000001a00000000 0000000000100000 00000000493a1f7d 000000000001f26c
[uatrec] S4 r9 victim[3] rid 26 gpuva 0x100023a8000 cpu 0x10d750000 (top-of-stack)
[mtlr] resource2 sel8 flags 470 sz 0x100000 -> kr 0x00000000 rid 27 GPUVA 0x100024b0000 cpu 10d850000
[mtlr]   out: 00000100024b0000 000000010d850000 0000000102a85440 0000000000000000
[mtlr]   out: 0000001b00000000 0000000000100000 00000000493a1f7e 000000000001f26d
[uatrec] S4 r9 victim[4] rid 27 gpuva 0x100024b0000 cpu 0x10d850000 (top-of-stack)
[mtlr] resource2 sel8 flags 470 sz 0x100000 -> kr 0x00000000 rid 28 GPUVA 0x100025b8000 cpu 10d950000
[mtlr]   out: 00000100025b8000 000000010d950000 0000000102a85500 0000000000000000
[mtlr]   out: 0000001c00000000 0000000000100000 00000000493a1f7f 000000000001f26e
[uatrec] S4 r9 victim[5] rid 28 gpuva 0x100025b8000 cpu 0x10d950000 (top-of-stack)
[mtlr] resource2 sel8 flags 470 sz 0x100000 -> kr 0x00000000 rid 29 GPUVA 0x100026c0000 cpu 10da50000
[mtlr]   out: 00000100026c0000 000000010da50000 0000000102a855c0 0000000000000000
[mtlr]   out: 0000001d00000000 0000000000100000 00000000493a1f80 000000000001f26f
[uatrec] S4 r9 victim[6] rid 29 gpuva 0x100026c0000 cpu 0x10da50000 (top-of-stack)
[mtlr] resource2 sel8 flags 470 sz 0x100000 -> kr 0x00000000 rid 30 GPUVA 0x100027c8000 cpu 10db50000
[mtlr]   out: 00000100027c8000 000000010db50000 0000000102a85680 0000000000000000
[mtlr]   out: 0000001e00000000 0000000000100000 00000000493a1f81 000000000001f270
[uatrec] S4 r9 victim[7] rid 30 gpuva 0x100027c8000 cpu 0x10db50000 (top-of-stack)
[mtlr] resource2 sel8 flags 470 sz 0x1000 -> kr 0x00000000 rid 23 GPUVA 0x10002090000 cpu 10762c000
[mtlr]   out: 0000010002090000 000000010762c000 0000000102a85140 0000000000000000
[mtlr]   out: 0000001700000000 0000000000004000 00000000493a1f93 000000000001f27a
[mtlr] resource2 sel8 flags 470 sz 0x1000 -> kr 0x00000000 rid 23 GPUVA 0x10002090000 cpu 10762c000
[mtlr]   out: 0000010002090000 000000010762c000 0000000102a85140 0000000000000000
[mtlr]   out: 0000001700000000 0000000000004000 00000000493a1f94 000000000001f27b
[mtlr] resource2 sel8 flags 470 sz 0x1000 -> kr 0x00000000 rid 23 GPUVA 0x10002090000 cpu 10762c000
[mtlr]   out: 0000010002090000 000000010762c000 0000000102a85140 0000000000000000
[mtlr]   out: 0000001700000000 0000000000004000 00000000493a1f95 000000000001f27c
[mtlr] resource2 sel8 flags 470 sz 0x1000 -> kr 0x00000000 rid 23 GPUVA 0x10002090000 cpu 10762c000
[mtlr]   out: 0000010002090000 000000010762c000 0000000102a85140 0000000000000000
[mtlr]   out: 0000001700000000 0000000000004000 00000000493a1f96 000000000001f27d
[mtlr] resource2 sel8 flags 470 sz 0x1000 -> kr 0x00000000 rid 23 GPUVA 0x10002090000 cpu 10762c000
[mtlr]   out: 0000010002090000 000000010762c000 0000000102a85140 0000000000000000
[mtlr]   out: 0000001700000000 0000000000004000 00000000493a1f97 000000000001f27e
[mtlr] resource2 sel8 flags 470 sz 0x1000 -> kr 0x00000000 rid 23 GPUVA 0x10002090000 cpu 10762c000
[mtlr]   out: 0000010002090000 000000010762c000 0000000102a85140 0000000000000000
[mtlr]   out: 0000001700000000 0000000000004000 00000000493a1f98 000000000001f27f
[mtlr] resource2 sel8 flags 470 sz 0x1000 -> kr 0x00000000 rid 23 GPUVA 0x10002090000 cpu 10762c000
[mtlr]   out: 0000010002090000 000000010762c000 0000000102a85140 0000000000000000
[mtlr]   out: 0000001700000000 0000000000004000 00000000493a1f99 000000000001f280
[mtlr] resource2 sel8 flags 470 sz 0x1000 -> kr 0x00000000 rid 23 GPUVA 0x10002090000 cpu 10762c000
[mtlr]   out: 0000010002090000 000000010762c000 0000000102a85140 0000000000000000
[mtlr]   out: 0000001700000000 0000000000004000 00000000493a1f9c 000000000001f281
[mtlr] resource2 sel8 flags 470 sz 0x1000 -> kr 0x00000000 rid 23 GPUVA 0x10002090000 cpu 10762c000
[mtlr]   out: 0000010002090000 000000010762c000 0000000102a85140 0000000000000000
[mtlr]   out: 0000001700000000 0000000000004000 00000000493a1fa0 000000000001f282
[mtlr] resource2 sel8 flags 470 sz 0x1000 -> kr 0x00000000 rid 23 GPUVA 0x10002090000 cpu 10762c000
[mtlr]   out: 0000010002090000 000000010762c000 0000000102a85140 0000000000000000
[mtlr]   out: 0000001700000000 0000000000004000 00000000493a1fa1 000000000001f283
[mtlr] resource2 sel8 flags 470 sz 0x1000 -> kr 0x00000000 rid 23 GPUVA 0x10002090000 cpu 10762c000
[mtlr]   out: 0000010002090000 000000010762c000 0000000102a85140 0000000000000000
[mtlr]   out: 0000001700000000 0000000000004000 00000000493a1fa2 000000000001f284
[mtlr] resource2 sel8 flags 470 sz 0x1000 -> kr 0x00000000 rid 23 GPUVA 0x10002090000 cpu 10762c000
[mtlr]   out: 0000010002090000 000000010762c000 0000000102a85140 0000000000000000
[mtlr]   out: 0000001700000000 0000000000004000 00000000493a1fa3 000000000001f285
[mtlr] resource2 sel8 flags 470 sz 0x1000 -> kr 0x00000000 rid 23 GPUVA 0x10002090000 cpu 10762c000
[mtlr]   out: 0000010002090000 000000010762c000 0000000102a85140 0000000000000000
[mtlr]   out: 0000001700000000 0000000000004000 00000000493a1fa4 000000000001f286
[mtlr] resource2 sel8 flags 470 sz 0x1000 -> kr 0x00000000 rid 23 GPUVA 0x10002090000 cpu 10762c000
[mtlr]   out: 0000010002090000 000000010762c000 0000000102a85140 0000000000000000
[mtlr]   out: 0000001700000000 0000000000004000 00000000493a1fa5 000000000001f287
[mtlr] resource2 sel8 flags 470 sz 0x1000 -> kr 0x00000000 rid 23 GPUVA 0x10002090000 cpu 10762c000
[mtlr]   out: 0000010002090000 000000010762c000 0000000102a85140 0000000000000000
[mtlr]   out: 0000001700000000 0000000000004000 00000000493a1fa6 000000000001f288
[mtlr] resource2 sel8 flags 470 sz 0x1000 -> kr 0x00000000 rid 23 GPUVA 0x10002090000 cpu 10762c000
[mtlr]   out: 0000010002090000 000000010762c000 0000000102a85140 0000000000000000
[mtlr]   out: 0000001700000000 0000000000004000 00000000493a1fa7 000000000001f289
[mtlr] resource2 sel8 flags 470 sz 0x1000 -> kr 0x00000000 rid 23 GPUVA 0x10002090000 cpu 10762c000
[mtlr]   out: 0000010002090000 000000010762c000 0000000102a85140 0000000000000000
[mtlr]   out: 0000001700000000 0000000000004000 00000000493a1fa8 000000000001f28a
[mtlr] resource2 sel8 flags 470 sz 0x1000 -> kr 0x00000000 rid 23 GPUVA 0x10002090000 cpu 10762c000
[mtlr]   out: 0000010002090000 000000010762c000 0000000102a85140 0000000000000000
[mtlr]   out: 0000001700000000 0000000000004000 00000000493a1fa9 000000000001f28b
[mtlr] resource2 sel8 flags 470 sz 0x1000 -> kr 0x00000000 rid 23 GPUVA 0x10002090000 cpu 10762c000
[mtlr]   out: 0000010002090000 000000010762c000 0000000102a85140 0000000000000000
[mtlr]   out: 0000001700000000 0000000000004000 00000000493a1faa 000000000001f28c
[mtlr] resource2 sel8 flags 470 sz 0x1000 -> kr 0x00000000 rid 23 GPUVA 0x10002090000 cpu 10762c000
[mtlr]   out: 0000010002090000 000000010762c000 0000000102a85140 0000000000000000
[mtlr]   out: 0000001700000000 0000000000004000 00000000493a1fab 000000000001f28d
[mtlr] resource2 sel8 flags 470 sz 0x1000 -> kr 0x00000000 rid 23 GPUVA 0x10002090000 cpu 10762c000
[mtlr]   out: 0000010002090000 000000010762c000 0000000102a85140 0000000000000000
[mtlr]   out: 0000001700000000 0000000000004000 00000000493a1fac 000000000001f28e
[mtlr] resource2 sel8 flags 470 sz 0x1000 -> kr 0x00000000 rid 23 GPUVA 0x10002090000 cpu 10762c000
[mtlr]   out: 0000010002090000 000000010762c000 0000000102a85140 0000000000000000
[mtlr]   out: 0000001700000000 0000000000004000 00000000493a1fad 000000000001f28f
[mtlr] resource2 sel8 flags 470 sz 0x1000 -> kr 0x00000000 rid 23 GPUVA 0x10002090000 cpu 10762c000
[mtlr]   out: 0000010002090000 000000010762c000 0000000102a85140 0000000000000000
[mtlr]   out: 0000001700000000 0000000000004000 00000000493a1fae 000000000001f290
[mtlr] resource2 sel8 flags 470 sz 0x1000 -> kr 0x00000000 rid 23 GPUVA 0x10002090000 cpu 10762c000
[mtlr]   out: 0000010002090000 000000010762c000 0000000102a85140 0000000000000000
[mtlr]   out: 0000001700000000 0000000000004000 00000000493a1faf 000000000001f291
[mtlr] resource2 sel8 flags 470 sz 0x1000 -> kr 0x00000000 rid 23 GPUVA 0x10002090000 cpu 10762c000
[mtlr]   out: 0000010002090000 000000010762c000 0000000102a85140 0000000000000000
[mtlr]   out: 0000001700000000 0000000000004000 00000000493a1fb0 000000000001f292
[mtlr] resource2 sel8 flags 470 sz 0x1000 -> kr 0x00000000 rid 23 GPUVA 0x10002090000 cpu 10762c000
[mtlr]   out: 0000010002090000 000000010762c000 0000000102a85140 0000000000000000
[mtlr]   out: 0000001700000000 0000000000004000 00000000493a1fb1 000000000001f293
[mtlr] resource2 sel8 flags 470 sz 0x1000 -> kr 0x00000000 rid 23 GPUVA 0x10002090000 cpu 10762c000
[mtlr]   out: 0000010002090000 000000010762c000 0000000102a85140 0000000000000000
[mtlr]   out: 0000001700000000 0000000000004000 00000000493a1fb2 000000000001f294
[mtlr] resource2 sel8 flags 470 sz 0x1000 -> kr 0x00000000 rid 23 GPUVA 0x10002090000 cpu 10762c000
[mtlr]   out: 0000010002090000 000000010762c000 0000000102a85140 0000000000000000
[mtlr]   out: 0000001700000000 0000000000004000 00000000493a1fb3 000000000001f295
[mtlr] resource2 sel8 flags 470 sz 0x1000 -> kr 0x00000000 rid 23 GPUVA 0x10002090000 cpu 10762c000
[mtlr]   out: 0000010002090000 000000010762c000 0000000102a85140 0000000000000000
[mtlr]   out: 0000001700000000 0000000000004000 00000000493a1fb4 000000000001f296
[mtlr] resource2 sel8 flags 470 sz 0x1000 -> kr 0x00000000 rid 23 GPUVA 0x10002090000 cpu 10762c000
[mtlr]   out: 0000010002090000 000000010762c000 0000000102a85140 0000000000000000
[mtlr]   out: 0000001700000000 0000000000004000 00000000493a1fb5 000000000001f297
[mtlr] resource2 sel8 flags 470 sz 0x1000 -> kr 0x00000000 rid 23 GPUVA 0x10002090000 cpu 10762c000
[mtlr]   out: 0000010002090000 000000010762c000 0000000102a85140 0000000000000000
[mtlr]   out: 0000001700000000 0000000000004000 00000000493a1fb6 000000000001f298
[mtlr] resource2 sel8 flags 470 sz 0x1000 -> kr 0x00000000 rid 23 GPUVA 0x10002090000 cpu 10762c000
[mtlr]   out: 0000010002090000 000000010762c000 0000000102a85140 0000000000000000
[mtlr]   out: 0000001700000000 0000000000004000 00000000493a1fb7 000000000001f299
[mtlr] resource2 sel8 flags 470 sz 0x1000 -> kr 0x00000000 rid 23 GPUVA 0x10002090000 cpu 10762c000
[mtlr]   out: 0000010002090000 000000010762c000 0000000102a85140 0000000000000000
[mtlr]   out: 0000001700000000 0000000000004000 00000000493a1fb8 000000000001f29a
[mtlr] resource2 sel8 flags 470 sz 0x1000 -> kr 0x00000000 rid 23 GPUVA 0x10002090000 cpu 10762c000
[mtlr]   out: 0000010002090000 000000010762c000 0000000102a85140 0000000000000000
[mtlr]   out: 0000001700000000 0000000000004000 00000000493a1fb9 000000000001f29b
[mtlr] resource2 sel8 flags 470 sz 0x1000 -> kr 0x00000000 rid 23 GPUVA 0x10002090000 cpu 10762c000
[mtlr]   out: 0000010002090000 000000010762c000 0000000102a85140 0000000000000000
[mtlr]   out: 0000001700000000 0000000000004000 00000000493a1fba 000000000001f29c
[mtlr] resource2 sel8 flags 470 sz 0x1000 -> kr 0x00000000 rid 23 GPUVA 0x10002090000 cpu 10762c000
[mtlr]   out: 0000010002090000 000000010762c000 0000000102a85140 0000000000000000
[mtlr]   out: 0000001700000000 0000000000004000 00000000493a1fbb 000000000001f29d
[mtlr] resource2 sel8 flags 470 sz 0x1000 -> kr 0x00000000 rid 23 GPUVA 0x10002090000 cpu 10762c000
[mtlr]   out: 0000010002090000 000000010762c000 0000000102a85140 0000000000000000
[mtlr]   out: 0000001700000000 0000000000004000 00000000493a1fbc 000000000001f29e
[mtlr] resource2 sel8 flags 470 sz 0x1000 -> kr 0x00000000 rid 23 GPUVA 0x10002090000 cpu 10762c000
[mtlr]   out: 0000010002090000 000000010762c000 0000000102a85140 0000000000000000
[mtlr]   out: 0000001700000000 0000000000004000 00000000493a1fbd 000000000001f29f
[mtlr] resource2 sel8 flags 470 sz 0x1000 -> kr 0x00000000 rid 23 GPUVA 0x10002090000 cpu 10762c000
[mtlr]   out: 0000010002090000 000000010762c000 0000000102a85140 0000000000000000
[mtlr]   out: 0000001700000000 0000000000004000 00000000493a1fbe 000000000001f2a0
[mtlr] resource2 sel8 flags 470 sz 0x1000 -> kr 0x00000000 rid 23 GPUVA 0x10002090000 cpu 10762c000
[mtlr]   out: 0000010002090000 000000010762c000 0000000102a85140 0000000000000000
[mtlr]   out: 0000001700000000 0000000000004000 00000000493a1fbf 000000000001f2a1
[uatrec] S4 r9 (+0s): nvv 8 ncb 8 vsz 0x100000 fill 0x0 destroy0 kr 0x00000000 nj 40
[uatrec] S4 r9 blit[0] slots 11 ridp 1
[uatrec] S4 r9 blit[1] slots 10 ridp 1
[uatrec] S4 r9 blit[2] slots 11 ridp 1
[uatrec] S4 r9 blit[3] slots 10 ridp 1
[uatrec] S4 r9 blit[4] slots 11 ridp 1
[uatrec] S4 r9 blit[5] slots 10 ridp 1
[uatrec] S4 r9 blit[6] slots 11 ridp 1
[uatrec] S4 r9 blit[7] slots 10 ridp 1
[uatrec] S4 heartbeat: round 10 done, t=0s (alive)
[mtlr] resource2 sel8 flags 470 sz 0x100000 -> kr 0x00000000 rid 23 GPUVA 0x10002090000 cpu 10dd50000
[mtlr]   out: 0000010002090000 000000010dd50000 0000000102a85140 0000000000000000
[mtlr]   out: 0000001700000000 0000000000100000 00000000493a1fd1 000000000001f2a4
[uatrec] S4 r10 victim[0] rid 23 gpuva 0x10002090000 cpu 0x10dd50000 (top-of-stack)
[mtlr] resource2 sel8 flags 470 sz 0x100000 -> kr 0x00000000 rid 24 GPUVA 0x10002198000 cpu 10de50000
[mtlr]   out: 0000010002198000 000000010de50000 0000000102a85200 0000000000000000
[mtlr]   out: 0000001800000000 0000000000100000 00000000493a1fd2 000000000001f2a5
[uatrec] S4 r10 victim[1] rid 24 gpuva 0x10002198000 cpu 0x10de50000 (top-of-stack)
[mtlr] resource2 sel8 flags 470 sz 0x100000 -> kr 0x00000000 rid 25 GPUVA 0x100022a0000 cpu 10e400000
[mtlr]   out: 00000100022a0000 000000010e400000 0000000102a852c0 0000000000000000
[mtlr]   out: 0000001900000000 0000000000100000 00000000493a1fd3 000000000001f2a6
[uatrec] S4 r10 victim[2] rid 25 gpuva 0x100022a0000 cpu 0x10e400000 (top-of-stack)
[mtlr] resource2 sel8 flags 470 sz 0x100000 -> kr 0x00000000 rid 26 GPUVA 0x100023a8000 cpu 10e500000
[mtlr]   out: 00000100023a8000 000000010e500000 0000000102a85380 0000000000000000
[mtlr]   out: 0000001a00000000 0000000000100000 00000000493a1fd4 000000000001f2a7
[uatrec] S4 r10 victim[3] rid 26 gpuva 0x100023a8000 cpu 0x10e500000 (top-of-stack)
[mtlr] resource2 sel8 flags 470 sz 0x100000 -> kr 0x00000000 rid 27 GPUVA 0x100024b0000 cpu 10e600000
[mtlr]   out: 00000100024b0000 000000010e600000 0000000102a85440 0000000000000000
[mtlr]   out: 0000001b00000000 0000000000100000 00000000493a1fd5 000000000001f2a8
[uatrec] S4 r10 victim[4] rid 27 gpuva 0x100024b0000 cpu 0x10e600000 (top-of-stack)
[mtlr] resource2 sel8 flags 470 sz 0x100000 -> kr 0x00000000 rid 28 GPUVA 0x100025b8000 cpu 10e700000
[mtlr]   out: 00000100025b8000 000000010e700000 0000000102a85500 0000000000000000
[mtlr]   out: 0000001c00000000 0000000000100000 00000000493a1fd6 000000000001f2a9
[uatrec] S4 r10 victim[5] rid 28 gpuva 0x100025b8000 cpu 0x10e700000 (top-of-stack)
[mtlr] resource2 sel8 flags 470 sz 0x100000 -> kr 0x00000000 rid 29 GPUVA 0x100026c0000 cpu 10e800000
[mtlr]   out: 00000100026c0000 000000010e800000 0000000102a855c0 0000000000000000
[mtlr]   out: 0000001d00000000 0000000000100000 00000000493a1fd7 000000000001f2aa
[uatrec] S4 r10 victim[6] rid 29 gpuva 0x100026c0000 cpu 0x10e800000 (top-of-stack)
[mtlr] resource2 sel8 flags 470 sz 0x100000 -> kr 0x00000000 rid 30 GPUVA 0x100027c8000 cpu 10e900000
[mtlr]   out: 00000100027c8000 000000010e900000 0000000102a85680 0000000000000000
[mtlr]   out: 0000001e00000000 0000000000100000 00000000493a1fd8 000000000001f2ab
[uatrec] S4 r10 victim[7] rid 30 gpuva 0x100027c8000 cpu 0x10e900000 (top-of-stack)
[mtlr] resource2 sel8 flags 470 sz 0x1000 -> kr 0x00000000 rid 23 GPUVA 0x10002090000 cpu 10762c000
[mtlr]   out: 0000010002090000 000000010762c000 0000000102a85140 0000000000000000
[mtlr]   out: 0000001700000000 0000000000004000 00000000493a1fef 000000000001f2b5
[mtlr] resource2 sel8 flags 470 sz 0x1000 -> kr 0x00000000 rid 23 GPUVA 0x10002090000 cpu 10762c000
[mtlr]   out: 0000010002090000 000000010762c000 0000000102a85140 0000000000000000
[mtlr]   out: 0000001700000000 0000000000004000 00000000493a1ff0 000000000001f2b6
[mtlr] resource2 sel8 flags 470 sz 0x1000 -> kr 0x00000000 rid 23 GPUVA 0x10002090000 cpu 10762c000
[mtlr]   out: 0000010002090000 000000010762c000 0000000102a85140 0000000000000000
[mtlr]   out: 0000001700000000 0000000000004000 00000000493a1ff1 000000000001f2b7
[mtlr] resource2 sel8 flags 470 sz 0x1000 -> kr 0x00000000 rid 23 GPUVA 0x10002090000 cpu 10762c000
[mtlr]   out: 0000010002090000 000000010762c000 0000000102a85140 0000000000000000
[mtlr]   out: 0000001700000000 0000000000004000 00000000493a1ff2 000000000001f2b8
[mtlr] resource2 sel8 flags 470 sz 0x1000 -> kr 0x00000000 rid 23 GPUVA 0x10002090000 cpu 10762c000
[mtlr]   out: 0000010002090000 000000010762c000 0000000102a85140 0000000000000000
[mtlr]   out: 0000001700000000 0000000000004000 00000000493a1ff3 000000000001f2b9
[mtlr] resource2 sel8 flags 470 sz 0x1000 -> kr 0x00000000 rid 23 GPUVA 0x10002090000 cpu 10762c000
[mtlr]   out: 0000010002090000 000000010762c000 0000000102a85140 0000000000000000
[mtlr]   out: 0000001700000000 0000000000004000 00000000493a1ff4 000000000001f2ba
[mtlr] resource2 sel8 flags 470 sz 0x1000 -> kr 0x00000000 rid 23 GPUVA 0x10002090000 cpu 10762c000
[mtlr]   out: 0000010002090000 000000010762c000 0000000102a85140 0000000000000000
[mtlr]   out: 0000001700000000 0000000000004000 00000000493a1ff5 000000000001f2bb
[mtlr] resource2 sel8 flags 470 sz 0x1000 -> kr 0x00000000 rid 23 GPUVA 0x10002090000 cpu 10762c000
[mtlr]   out: 0000010002090000 000000010762c000 0000000102a85140 0000000000000000
[mtlr]   out: 0000001700000000 0000000000004000 00000000493a1ff6 000000000001f2bc
[mtlr] resource2 sel8 flags 470 sz 0x1000 -> kr 0x00000000 rid 23 GPUVA 0x10002090000 cpu 10762c000
[mtlr]   out: 0000010002090000 000000010762c000 0000000102a85140 0000000000000000
[mtlr]   out: 0000001700000000 0000000000004000 00000000493a1ff7 000000000001f2bd
[mtlr] resource2 sel8 flags 470 sz 0x1000 -> kr 0x00000000 rid 23 GPUVA 0x10002090000 cpu 10762c000
[mtlr]   out: 0000010002090000 000000010762c000 0000000102a85140 0000000000000000
[mtlr]   out: 0000001700000000 0000000000004000 00000000493a1ff8 000000000001f2be
[mtlr] resource2 sel8 flags 470 sz 0x1000 -> kr 0x00000000 rid 23 GPUVA 0x10002090000 cpu 10762c000
[mtlr]   out: 0000010002090000 000000010762c000 0000000102a85140 0000000000000000
[mtlr]   out: 0000001700000000 0000000000004000 00000000493a1ff9 000000000001f2bf
[mtlr] resource2 sel8 flags 470 sz 0x1000 -> kr 0x00000000 rid 23 GPUVA 0x10002090000 cpu 10762c000
[mtlr]   out: 0000010002090000 000000010762c000 0000000102a85140 0000000000000000
[mtlr]   out: 0000001700000000 0000000000004000 00000000493a1ffa 000000000001f2c0
[mtlr] resource2 sel8 flags 470 sz 0x1000 -> kr 0x00000000 rid 23 GPUVA 0x10002090000 cpu 10762c000
[mtlr]   out: 0000010002090000 000000010762c000 0000000102a85140 0000000000000000
[mtlr]   out: 0000001700000000 0000000000004000 00000000493a1ffb 000000000001f2c1
[mtlr] resource2 sel8 flags 470 sz 0x1000 -> kr 0x00000000 rid 23 GPUVA 0x10002090000 cpu 10762c000
[mtlr]   out: 0000010002090000 000000010762c000 0000000102a85140 0000000000000000
[mtlr]   out: 0000001700000000 0000000000004000 00000000493a1ffc 000000000001f2c2
[mtlr] resource2 sel8 flags 470 sz 0x1000 -> kr 0x00000000 rid 23 GPUVA 0x10002090000 cpu 10762c000
[mtlr]   out: 0000010002090000 000000010762c000 0000000102a85140 0000000000000000
[mtlr]   out: 0000001700000000 0000000000004000 00000000493a1ffd 000000000001f2c3
[mtlr] resource2 sel8 flags 470 sz 0x1000 -> kr 0x00000000 rid 23 GPUVA 0x10002090000 cpu 10762c000
[mtlr]   out: 0000010002090000 000000010762c000 0000000102a85140 0000000000000000
[mtlr]   out: 0000001700000000 0000000000004000 00000000493a1ffe 000000000001f2c4
[mtlr] resource2 sel8 flags 470 sz 0x1000 -> kr 0x00000000 rid 23 GPUVA 0x10002090000 cpu 10762c000
[mtlr]   out: 0000010002090000 000000010762c000 0000000102a85140 0000000000000000
[mtlr]   out: 0000001700000000 0000000000004000 00000000493a1fff 000000000001f2c5
[mtlr] resource2 sel8 flags 470 sz 0x1000 -> kr 0x00000000 rid 23 GPUVA 0x10002090000 cpu 10762c000
[mtlr]   out: 0000010002090000 000000010762c000 0000000102a85140 0000000000000000
[mtlr]   out: 0000001700000000 0000000000004000 00000000493a2000 000000000001f2c6
[mtlr] resource2 sel8 flags 470 sz 0x1000 -> kr 0x00000000 rid 23 GPUVA 0x10002090000 cpu 10762c000
[mtlr]   out: 0000010002090000 000000010762c000 0000000102a85140 0000000000000000
[mtlr]   out: 0000001700000000 0000000000004000 00000000493a2001 000000000001f2c7
[mtlr] resource2 sel8 flags 470 sz 0x1000 -> kr 0x00000000 rid 23 GPUVA 0x10002090000 cpu 10762c000
[mtlr]   out: 0000010002090000 000000010762c000 0000000102a85140 0000000000000000
[mtlr]   out: 0000001700000000 0000000000004000 00000000493a2002 000000000001f2c8
[mtlr] resource2 sel8 flags 470 sz 0x1000 -> kr 0x00000000 rid 23 GPUVA 0x10002090000 cpu 10762c000
[mtlr]   out: 0000010002090000 000000010762c000 0000000102a85140 0000000000000000
[mtlr]   out: 0000001700000000 0000000000004000 00000000493a2003 000000000001f2c9
[mtlr] resource2 sel8 flags 470 sz 0x1000 -> kr 0x00000000 rid 23 GPUVA 0x10002090000 cpu 10762c000
[mtlr]   out: 0000010002090000 000000010762c000 0000000102a85140 0000000000000000
[mtlr]   out: 0000001700000000 0000000000004000 00000000493a2004 000000000001f2ca
[mtlr] resource2 sel8 flags 470 sz 0x1000 -> kr 0x00000000 rid 23 GPUVA 0x10002090000 cpu 10762c000
[mtlr]   out: 0000010002090000 000000010762c000 0000000102a85140 0000000000000000
[mtlr]   out: 0000001700000000 0000000000004000 00000000493a2005 000000000001f2cb
[mtlr] resource2 sel8 flags 470 sz 0x1000 -> kr 0x00000000 rid 23 GPUVA 0x10002090000 cpu 10762c000
[mtlr]   out: 0000010002090000 000000010762c000 0000000102a85140 0000000000000000
[mtlr]   out: 0000001700000000 0000000000004000 00000000493a2006 000000000001f2cc
[mtlr] resource2 sel8 flags 470 sz 0x1000 -> kr 0x00000000 rid 23 GPUVA 0x10002090000 cpu 10762c000
[mtlr]   out: 0000010002090000 000000010762c000 0000000102a85140 0000000000000000
[mtlr]   out: 0000001700000000 0000000000004000 00000000493a2007 000000000001f2cd
[mtlr] resource2 sel8 flags 470 sz 0x1000 -> kr 0x00000000 rid 23 GPUVA 0x10002090000 cpu 10762c000
[mtlr]   out: 0000010002090000 000000010762c000 0000000102a85140 0000000000000000
[mtlr]   out: 0000001700000000 0000000000004000 00000000493a2008 000000000001f2ce
[mtlr] resource2 sel8 flags 470 sz 0x1000 -> kr 0x00000000 rid 23 GPUVA 0x10002090000 cpu 10762c000
[mtlr]   out: 0000010002090000 000000010762c000 0000000102a85140 0000000000000000
[mtlr]   out: 0000001700000000 0000000000004000 00000000493a2009 000000000001f2cf
[mtlr] resource2 sel8 flags 470 sz 0x1000 -> kr 0x00000000 rid 23 GPUVA 0x10002090000 cpu 10762c000
[mtlr]   out: 0000010002090000 000000010762c000 0000000102a85140 0000000000000000
[mtlr]   out: 0000001700000000 0000000000004000 00000000493a200a 000000000001f2d0
[mtlr] resource2 sel8 flags 470 sz 0x1000 -> kr 0x00000000 rid 23 GPUVA 0x10002090000 cpu 10762c000
[mtlr]   out: 0000010002090000 000000010762c000 0000000102a85140 0000000000000000
[mtlr]   out: 0000001700000000 0000000000004000 00000000493a200b 000000000001f2d1
[mtlr] resource2 sel8 flags 470 sz 0x1000 -> kr 0x00000000 rid 23 GPUVA 0x10002090000 cpu 10762c000
[mtlr]   out: 0000010002090000 000000010762c000 0000000102a85140 0000000000000000
[mtlr]   out: 0000001700000000 0000000000004000 00000000493a200c 000000000001f2d2
[mtlr] resource2 sel8 flags 470 sz 0x1000 -> kr 0x00000000 rid 23 GPUVA 0x10002090000 cpu 10762c000
[mtlr]   out: 0000010002090000 000000010762c000 0000000102a85140 0000000000000000
[mtlr]   out: 0000001700000000 0000000000004000 00000000493a200d 000000000001f2d3
[mtlr] resource2 sel8 flags 470 sz 0x1000 -> kr 0x00000000 rid 23 GPUVA 0x10002090000 cpu 10762c000
[mtlr]   out: 0000010002090000 000000010762c000 0000000102a85140 0000000000000000
[mtlr]   out: 0000001700000000 0000000000004000 00000000493a200e 000000000001f2d4
[mtlr] resource2 sel8 flags 470 sz 0x1000 -> kr 0x00000000 rid 23 GPUVA 0x10002090000 cpu 10762c000
[mtlr]   out: 0000010002090000 000000010762c000 0000000102a85140 0000000000000000
[mtlr]   out: 0000001700000000 0000000000004000 00000000493a200f 000000000001f2d5
[mtlr] resource2 sel8 flags 470 sz 0x1000 -> kr 0x00000000 rid 23 GPUVA 0x10002090000 cpu 10762c000
[mtlr]   out: 0000010002090000 000000010762c000 0000000102a85140 0000000000000000
[mtlr]   out: 0000001700000000 0000000000004000 00000000493a2010 000000000001f2d6
[mtlr] resource2 sel8 flags 470 sz 0x1000 -> kr 0x00000000 rid 23 GPUVA 0x10002090000 cpu 10762c000
[mtlr]   out: 0000010002090000 000000010762c000 0000000102a85140 0000000000000000
[mtlr]   out: 0000001700000000 0000000000004000 00000000493a2011 000000000001f2d7
[mtlr] resource2 sel8 flags 470 sz 0x1000 -> kr 0x00000000 rid 23 GPUVA 0x10002090000 cpu 10762c000
[mtlr]   out: 0000010002090000 000000010762c000 0000000102a85140 0000000000000000
[mtlr]   out: 0000001700000000 0000000000004000 00000000493a2012 000000000001f2d8
[mtlr] resource2 sel8 flags 470 sz 0x1000 -> kr 0x00000000 rid 23 GPUVA 0x10002090000 cpu 10762c000
[mtlr]   out: 0000010002090000 000000010762c000 0000000102a85140 0000000000000000
[mtlr]   out: 0000001700000000 0000000000004000 00000000493a2013 000000000001f2d9
[mtlr] resource2 sel8 flags 470 sz 0x1000 -> kr 0x00000000 rid 23 GPUVA 0x10002090000 cpu 10762c000
[mtlr]   out: 0000010002090000 000000010762c000 0000000102a85140 0000000000000000
[mtlr]   out: 0000001700000000 0000000000004000 00000000493a2014 000000000001f2da
[mtlr] resource2 sel8 flags 470 sz 0x1000 -> kr 0x00000000 rid 23 GPUVA 0x10002090000 cpu 10762c000
[mtlr]   out: 0000010002090000 000000010762c000 0000000102a85140 0000000000000000
[mtlr]   out: 0000001700000000 0000000000004000 00000000493a2015 000000000001f2db
[mtlr] resource2 sel8 flags 470 sz 0x1000 -> kr 0x00000000 rid 23 GPUVA 0x10002090000 cpu 10762c000
[mtlr]   out: 0000010002090000 000000010762c000 0000000102a85140 0000000000000000
[mtlr]   out: 0000001700000000 0000000000004000 00000000493a2016 000000000001f2dc
[uatrec] S4 r10 (+0s): nvv 8 ncb 8 vsz 0x100000 fill 0x0 destroy0 kr 0x00000000 nj 40
[uatrec] S4 r10 blit[0] slots 10 ridp 1
[uatrec] S4 r10 blit[1] slots 11 ridp 1
[uatrec] S4 r10 blit[2] slots 10 ridp 1
[uatrec] S4 r10 blit[3] slots 11 ridp 1
[uatrec] S4 r10 blit[4] slots 10 ridp 1
[uatrec] S4 r10 blit[5] slots 11 ridp 1
[uatrec] S4 r10 blit[6] slots 10 ridp 1
[uatrec] S4 r10 blit[7] slots 11 ridp 1
[mtlr] resource2 sel8 flags 470 sz 0x100000 -> kr 0x00000000 rid 23 GPUVA 0x10002090000 cpu 10752c000
[mtlr]   out: 0000010002090000 000000010752c000 0000000102a85140 0000000000000000
[mtlr]   out: 0000001700000000 0000000000100000 00000000493a202d 000000000001f2df
[uatrec] S4 r11 victim[0] rid 23 gpuva 0x10002090000 cpu 0x10752c000 (top-of-stack)
[mtlr] resource2 sel8 flags 470 sz 0x100000 -> kr 0x00000000 rid 24 GPUVA 0x10002198000 cpu 10d550000
[mtlr]   out: 0000010002198000 000000010d550000 0000000102a85200 0000000000000000
[mtlr]   out: 0000001800000000 0000000000100000 00000000493a202e 000000000001f2e0
[uatrec] S4 r11 victim[1] rid 24 gpuva 0x10002198000 cpu 0x10d550000 (top-of-stack)
[mtlr] resource2 sel8 flags 470 sz 0x100000 -> kr 0x00000000 rid 25 GPUVA 0x100022a0000 cpu 10d650000
[mtlr]   out: 00000100022a0000 000000010d650000 0000000102a852c0 0000000000000000
[mtlr]   out: 0000001900000000 0000000000100000 00000000493a202f 000000000001f2e1
[uatrec] S4 r11 victim[2] rid 25 gpuva 0x100022a0000 cpu 0x10d650000 (top-of-stack)
[mtlr] resource2 sel8 flags 470 sz 0x100000 -> kr 0x00000000 rid 26 GPUVA 0x100023a8000 cpu 10d750000
[mtlr]   out: 00000100023a8000 000000010d750000 0000000102a85380 0000000000000000
[mtlr]   out: 0000001a00000000 0000000000100000 00000000493a2030 000000000001f2e2
[uatrec] S4 r11 victim[3] rid 26 gpuva 0x100023a8000 cpu 0x10d750000 (top-of-stack)
[mtlr] resource2 sel8 flags 470 sz 0x100000 -> kr 0x00000000 rid 27 GPUVA 0x100024b0000 cpu 10d850000
[mtlr]   out: 00000100024b0000 000000010d850000 0000000102a85440 0000000000000000
[mtlr]   out: 0000001b00000000 0000000000100000 00000000493a2031 000000000001f2e3
[uatrec] S4 r11 victim[4] rid 27 gpuva 0x100024b0000 cpu 0x10d850000 (top-of-stack)
[mtlr] resource2 sel8 flags 470 sz 0x100000 -> kr 0x00000000 rid 28 GPUVA 0x100025b8000 cpu 10d950000
[mtlr]   out: 00000100025b8000 000000010d950000 0000000102a85500 0000000000000000
[mtlr]   out: 0000001c00000000 0000000000100000 00000000493a2032 000000000001f2e4
[uatrec] S4 r11 victim[5] rid 28 gpuva 0x100025b8000 cpu 0x10d950000 (top-of-stack)
[mtlr] resource2 sel8 flags 470 sz 0x100000 -> kr 0x00000000 rid 29 GPUVA 0x100026c0000 cpu 10da50000
[mtlr]   out: 00000100026c0000 000000010da50000 0000000102a855c0 0000000000000000
[mtlr]   out: 0000001d00000000 0000000000100000 00000000493a2033 000000000001f2e5
[uatrec] S4 r11 victim[6] rid 29 gpuva 0x100026c0000 cpu 0x10da50000 (top-of-stack)
[mtlr] resource2 sel8 flags 470 sz 0x100000 -> kr 0x00000000 rid 30 GPUVA 0x100027c8000 cpu 10db50000
[mtlr]   out: 00000100027c8000 000000010db50000 0000000102a85680 0000000000000000
[mtlr]   out: 0000001e00000000 0000000000100000 00000000493a2034 000000000001f2e6
[uatrec] S4 r11 victim[7] rid 30 gpuva 0x100027c8000 cpu 0x10db50000 (top-of-stack)
[mtlr] resource2 sel8 flags 470 sz 0x1000 -> kr 0x00000000 rid 23 GPUVA 0x10002090000 cpu 10762c000
[mtlr]   out: 0000010002090000 000000010762c000 0000000102a85140 0000000000000000
[mtlr]   out: 0000001700000000 0000000000004000 00000000493a204b 000000000001f2f0
[mtlr] resource2 sel8 flags 470 sz 0x1000 -> kr 0x00000000 rid 23 GPUVA 0x10002090000 cpu 10762c000
[mtlr]   out: 0000010002090000 000000010762c000 0000000102a85140 0000000000000000
[mtlr]   out: 0000001700000000 0000000000004000 00000000493a204c 000000000001f2f1
[mtlr] resource2 sel8 flags 470 sz 0x1000 -> kr 0x00000000 rid 23 GPUVA 0x10002090000 cpu 10762c000
[mtlr]   out: 0000010002090000 000000010762c000 0000000102a85140 0000000000000000
[mtlr]   out: 0000001700000000 0000000000004000 00000000493a204d 000000000001f2f2
[mtlr] resource2 sel8 flags 470 sz 0x1000 -> kr 0x00000000 rid 23 GPUVA 0x10002090000 cpu 10762c000
[mtlr]   out: 0000010002090000 000000010762c000 0000000102a85140 0000000000000000
[mtlr]   out: 0000001700000000 0000000000004000 00000000493a204e 000000000001f2f3
[mtlr] resource2 sel8 flags 470 sz 0x1000 -> kr 0x00000000 rid 23 GPUVA 0x10002090000 cpu 10762c000
[mtlr]   out: 0000010002090000 000000010762c000 0000000102a85140 0000000000000000
[mtlr]   out: 0000001700000000 0000000000004000 00000000493a204f 000000000001f2f4
[mtlr] resource2 sel8 flags 470 sz 0x1000 -> kr 0x00000000 rid 23 GPUVA 0x10002090000 cpu 10762c000
[mtlr]   out: 0000010002090000 000000010762c000 0000000102a85140 0000000000000000
[mtlr]   out: 0000001700000000 0000000000004000 00000000493a2050 000000000001f2f5
[mtlr] resource2 sel8 flags 470 sz 0x1000 -> kr 0x00000000 rid 23 GPUVA 0x10002090000 cpu 10762c000
[mtlr]   out: 0000010002090000 000000010762c000 0000000102a85140 0000000000000000
[mtlr]   out: 0000001700000000 0000000000004000 00000000493a2051 000000000001f2f6
[mtlr] resource2 sel8 flags 470 sz 0x1000 -> kr 0x00000000 rid 23 GPUVA 0x10002090000 cpu 10762c000
[mtlr]   out: 0000010002090000 000000010762c000 0000000102a85140 0000000000000000
[mtlr]   out: 0000001700000000 0000000000004000 00000000493a2052 000000000001f2f7
[mtlr] resource2 sel8 flags 470 sz 0x1000 -> kr 0x00000000 rid 23 GPUVA 0x10002090000 cpu 10762c000
[mtlr]   out: 0000010002090000 000000010762c000 0000000102a85140 0000000000000000
[mtlr]   out: 0000001700000000 0000000000004000 00000000493a2053 000000000001f2f8
[mtlr] resource2 sel8 flags 470 sz 0x1000 -> kr 0x00000000 rid 23 GPUVA 0x10002090000 cpu 10762c000
[mtlr]   out: 0000010002090000 000000010762c000 0000000102a85140 0000000000000000
[mtlr]   out: 0000001700000000 0000000000004000 00000000493a2054 000000000001f2f9
[mtlr] resource2 sel8 flags 470 sz 0x1000 -> kr 0x00000000 rid 23 GPUVA 0x10002090000 cpu 10762c000
[mtlr]   out: 0000010002090000 000000010762c000 0000000102a85140 0000000000000000
[mtlr]   out: 0000001700000000 0000000000004000 00000000493a2055 000000000001f2fa
[mtlr] resource2 sel8 flags 470 sz 0x1000 -> kr 0x00000000 rid 23 GPUVA 0x10002090000 cpu 10762c000
[mtlr]   out: 0000010002090000 000000010762c000 0000000102a85140 0000000000000000
[mtlr]   out: 0000001700000000 0000000000004000 00000000493a2056 000000000001f2fb
[mtlr] resource2 sel8 flags 470 sz 0x1000 -> kr 0x00000000 rid 23 GPUVA 0x10002090000 cpu 10762c000
[mtlr]   out: 0000010002090000 000000010762c000 0000000102a85140 0000000000000000
[mtlr]   out: 0000001700000000 0000000000004000 00000000493a2057 000000000001f2fc
[mtlr] resource2 sel8 flags 470 sz 0x1000 -> kr 0x00000000 rid 23 GPUVA 0x10002090000 cpu 10762c000
[mtlr]   out: 0000010002090000 000000010762c000 0000000102a85140 0000000000000000
[mtlr]   out: 0000001700000000 0000000000004000 00000000493a2058 000000000001f2fd
[mtlr] resource2 sel8 flags 470 sz 0x1000 -> kr 0x00000000 rid 23 GPUVA 0x10002090000 cpu 10762c000
[mtlr]   out: 0000010002090000 000000010762c000 0000000102a85140 0000000000000000
[mtlr]   out: 0000001700000000 0000000000004000 00000000493a2059 000000000001f2fe
[mtlr] resource2 sel8 flags 470 sz 0x1000 -> kr 0x00000000 rid 23 GPUVA 0x10002090000 cpu 10762c000
[mtlr]   out: 0000010002090000 000000010762c000 0000000102a85140 0000000000000000
[mtlr]   out: 0000001700000000 0000000000004000 00000000493a205a 000000000001f2ff
[mtlr] resource2 sel8 flags 470 sz 0x1000 -> kr 0x00000000 rid 23 GPUVA 0x10002090000 cpu 10762c000
[mtlr]   out: 0000010002090000 000000010762c000 0000000102a85140 0000000000000000
[mtlr]   out: 0000001700000000 0000000000004000 00000000493a205b 000000000001f300
[mtlr] resource2 sel8 flags 470 sz 0x1000 -> kr 0x00000000 rid 23 GPUVA 0x10002090000 cpu 10762c000
[mtlr]   out: 0000010002090000 000000010762c000 0000000102a85140 0000000000000000
[mtlr]   out: 0000001700000000 0000000000004000 00000000493a205c 000000000001f301
[mtlr] resource2 sel8 flags 470 sz 0x1000 -> kr 0x00000000 rid 23 GPUVA 0x10002090000 cpu 10762c000
[mtlr]   out: 0000010002090000 000000010762c000 0000000102a85140 0000000000000000
[mtlr]   out: 0000001700000000 0000000000004000 00000000493a205d 000000000001f302
[mtlr] resource2 sel8 flags 470 sz 0x1000 -> kr 0x00000000 rid 23 GPUVA 0x10002090000 cpu 10762c000
[mtlr]   out: 0000010002090000 000000010762c000 0000000102a85140 0000000000000000
[mtlr]   out: 0000001700000000 0000000000004000 00000000493a205e 000000000001f303
[mtlr] resource2 sel8 flags 470 sz 0x1000 -> kr 0x00000000 rid 23 GPUVA 0x10002090000 cpu 10762c000
[mtlr]   out: 0000010002090000 000000010762c000 0000000102a85140 0000000000000000
[mtlr]   out: 0000001700000000 0000000000004000 00000000493a205f 000000000001f304
[mtlr] resource2 sel8 flags 470 sz 0x1000 -> kr 0x00000000 rid 23 GPUVA 0x10002090000 cpu 10762c000
[mtlr]   out: 0000010002090000 000000010762c000 0000000102a85140 0000000000000000
[mtlr]   out: 0000001700000000 0000000000004000 00000000493a2060 000000000001f305
[mtlr] resource2 sel8 flags 470 sz 0x1000 -> kr 0x00000000 rid 23 GPUVA 0x10002090000 cpu 10762c000
[mtlr]   out: 0000010002090000 000000010762c000 0000000102a85140 0000000000000000
[mtlr]   out: 0000001700000000 0000000000004000 00000000493a2061 000000000001f306
[mtlr] resource2 sel8 flags 470 sz 0x1000 -> kr 0x00000000 rid 23 GPUVA 0x10002090000 cpu 10762c000
[mtlr]   out: 0000010002090000 000000010762c000 0000000102a85140 0000000000000000
[mtlr]   out: 0000001700000000 0000000000004000 00000000493a2062 000000000001f307
[mtlr] resource2 sel8 flags 470 sz 0x1000 -> kr 0x00000000 rid 23 GPUVA 0x10002090000 cpu 10762c000
[mtlr]   out: 0000010002090000 000000010762c000 0000000102a85140 0000000000000000
[mtlr]   out: 0000001700000000 0000000000004000 00000000493a2063 000000000001f308
[mtlr] resource2 sel8 flags 470 sz 0x1000 -> kr 0x00000000 rid 23 GPUVA 0x10002090000 cpu 10762c000
[mtlr]   out: 0000010002090000 000000010762c000 0000000102a85140 0000000000000000
[mtlr]   out: 0000001700000000 0000000000004000 00000000493a2064 000000000001f309
[mtlr] resource2 sel8 flags 470 sz 0x1000 -> kr 0x00000000 rid 23 GPUVA 0x10002090000 cpu 10762c000
[mtlr]   out: 0000010002090000 000000010762c000 0000000102a85140 0000000000000000
[mtlr]   out: 0000001700000000 0000000000004000 00000000493a2065 000000000001f30a
[mtlr] resource2 sel8 flags 470 sz 0x1000 -> kr 0x00000000 rid 23 GPUVA 0x10002090000 cpu 10762c000
[mtlr]   out: 0000010002090000 000000010762c000 0000000102a85140 0000000000000000
[mtlr]   out: 0000001700000000 0000000000004000 00000000493a2066 000000000001f30b
[mtlr] resource2 sel8 flags 470 sz 0x1000 -> kr 0x00000000 rid 23 GPUVA 0x10002090000 cpu 10762c000
[mtlr]   out: 0000010002090000 000000010762c000 0000000102a85140 0000000000000000
[mtlr]   out: 0000001700000000 0000000000004000 00000000493a2067 000000000001f30c
[mtlr] resource2 sel8 flags 470 sz 0x1000 -> kr 0x00000000 rid 23 GPUVA 0x10002090000 cpu 10762c000
[mtlr]   out: 0000010002090000 000000010762c000 0000000102a85140 0000000000000000
[mtlr]   out: 0000001700000000 0000000000004000 00000000493a2068 000000000001f30d
[mtlr] resource2 sel8 flags 470 sz 0x1000 -> kr 0x00000000 rid 23 GPUVA 0x10002090000 cpu 10762c000
[mtlr]   out: 0000010002090000 000000010762c000 0000000102a85140 0000000000000000
[mtlr]   out: 0000001700000000 0000000000004000 00000000493a2069 000000000001f30e
[mtlr] resource2 sel8 flags 470 sz 0x1000 -> kr 0x00000000 rid 23 GPUVA 0x10002090000 cpu 10762c000
[mtlr]   out: 0000010002090000 000000010762c000 0000000102a85140 0000000000000000
[mtlr]   out: 0000001700000000 0000000000004000 00000000493a206a 000000000001f30f
[mtlr] resource2 sel8 flags 470 sz 0x1000 -> kr 0x00000000 rid 23 GPUVA 0x10002090000 cpu 10762c000
[mtlr]   out: 0000010002090000 000000010762c000 0000000102a85140 0000000000000000
[mtlr]   out: 0000001700000000 0000000000004000 00000000493a206b 000000000001f310
[mtlr] resource2 sel8 flags 470 sz 0x1000 -> kr 0x00000000 rid 23 GPUVA 0x10002090000 cpu 10762c000
[mtlr]   out: 0000010002090000 000000010762c000 0000000102a85140 0000000000000000
[mtlr]   out: 0000001700000000 0000000000004000 00000000493a206c 000000000001f311
[mtlr] resource2 sel8 flags 470 sz 0x1000 -> kr 0x00000000 rid 23 GPUVA 0x10002090000 cpu 10762c000
[mtlr]   out: 0000010002090000 000000010762c000 0000000102a85140 0000000000000000
[mtlr]   out: 0000001700000000 0000000000004000 00000000493a206d 000000000001f312
[mtlr] resource2 sel8 flags 470 sz 0x1000 -> kr 0x00000000 rid 23 GPUVA 0x10002090000 cpu 10762c000
[mtlr]   out: 0000010002090000 000000010762c000 0000000102a85140 0000000000000000
[mtlr]   out: 0000001700000000 0000000000004000 00000000493a206e 000000000001f313
[mtlr] resource2 sel8 flags 470 sz 0x1000 -> kr 0x00000000 rid 23 GPUVA 0x10002090000 cpu 10762c000
[mtlr]   out: 0000010002090000 000000010762c000 0000000102a85140 0000000000000000
[mtlr]   out: 0000001700000000 0000000000004000 00000000493a206f 000000000001f314
[mtlr] resource2 sel8 flags 470 sz 0x1000 -> kr 0x00000000 rid 23 GPUVA 0x10002090000 cpu 10762c000
[mtlr]   out: 0000010002090000 000000010762c000 0000000102a85140 0000000000000000
[mtlr]   out: 0000001700000000 0000000000004000 00000000493a2070 000000000001f315
[mtlr] resource2 sel8 flags 470 sz 0x1000 -> kr 0x00000000 rid 23 GPUVA 0x10002090000 cpu 10762c000
[mtlr]   out: 0000010002090000 000000010762c000 0000000102a85140 0000000000000000
[mtlr]   out: 0000001700000000 0000000000004000 00000000493a2071 000000000001f316
[mtlr] resource2 sel8 flags 470 sz 0x1000 -> kr 0x00000000 rid 23 GPUVA 0x10002090000 cpu 10762c000
[mtlr]   out: 0000010002090000 000000010762c000 0000000102a85140 0000000000000000
[mtlr]   out: 0000001700000000 0000000000004000 00000000493a2072 000000000001f317
[uatrec] S4 r11 (+0s): nvv 8 ncb 8 vsz 0x100000 fill 0x0 destroy0 kr 0x00000000 nj 40
[uatrec] S4 r11 blit[0] slots 11 ridp 1
[uatrec] S4 r11 blit[1] slots 10 ridp 1
[uatrec] S4 r11 blit[2] slots 11 ridp 1
[uatrec] S4 r11 blit[3] slots 10 ridp 1
[uatrec] S4 r11 blit[4] slots 11 ridp 1
[uatrec] S4 r11 blit[5] slots 10 ridp 1
[uatrec] S4 r11 blit[6] slots 11 ridp 1
[uatrec] S4 r11 blit[7] slots 10 ridp 1
[mtlr] resource2 sel8 flags 470 sz 0x100000 -> kr 0x00000000 rid 23 GPUVA 0x10002090000 cpu 10752c000
[mtlr]   out: 0000010002090000 000000010752c000 0000000102a85140 0000000000000000
[mtlr]   out: 0000001700000000 0000000000100000 00000000493a2085 000000000001f31a
[uatrec] S4 r12 victim[0] rid 23 gpuva 0x10002090000 cpu 0x10752c000 (top-of-stack)
[mtlr] resource2 sel8 flags 470 sz 0x100000 -> kr 0x00000000 rid 24 GPUVA 0x10002198000 cpu 10d550000
[mtlr]   out: 0000010002198000 000000010d550000 0000000102a85200 0000000000000000
[mtlr]   out: 0000001800000000 0000000000100000 00000000493a2086 000000000001f31b
[uatrec] S4 r12 victim[1] rid 24 gpuva 0x10002198000 cpu 0x10d550000 (top-of-stack)
[mtlr] resource2 sel8 flags 470 sz 0x100000 -> kr 0x00000000 rid 25 GPUVA 0x100022a0000 cpu 10d650000
[mtlr]   out: 00000100022a0000 000000010d650000 0000000102a852c0 0000000000000000
[mtlr]   out: 0000001900000000 0000000000100000 00000000493a2087 000000000001f31c
[uatrec] S4 r12 victim[2] rid 25 gpuva 0x100022a0000 cpu 0x10d650000 (top-of-stack)
[mtlr] resource2 sel8 flags 470 sz 0x100000 -> kr 0x00000000 rid 26 GPUVA 0x100023a8000 cpu 10d750000
[mtlr]   out: 00000100023a8000 000000010d750000 0000000102a85380 0000000000000000
[mtlr]   out: 0000001a00000000 0000000000100000 00000000493a2088 000000000001f31d
[uatrec] S4 r12 victim[3] rid 26 gpuva 0x100023a8000 cpu 0x10d750000 (top-of-stack)
[mtlr] resource2 sel8 flags 470 sz 0x100000 -> kr 0x00000000 rid 27 GPUVA 0x100024b0000 cpu 10d850000
[mtlr]   out: 00000100024b0000 000000010d850000 0000000102a85440 0000000000000000
[mtlr]   out: 0000001b00000000 0000000000100000 00000000493a2089 000000000001f31e
[uatrec] S4 r12 victim[4] rid 27 gpuva 0x100024b0000 cpu 0x10d850000 (top-of-stack)
[mtlr] resource2 sel8 flags 470 sz 0x100000 -> kr 0x00000000 rid 28 GPUVA 0x100025b8000 cpu 10d950000
[mtlr]   out: 00000100025b8000 000000010d950000 0000000102a85500 0000000000000000
[mtlr]   out: 0000001c00000000 0000000000100000 00000000493a208a 000000000001f31f
[uatrec] S4 r12 victim[5] rid 28 gpuva 0x100025b8000 cpu 0x10d950000 (top-of-stack)
[mtlr] resource2 sel8 flags 470 sz 0x100000 -> kr 0x00000000 rid 29 GPUVA 0x100026c0000 cpu 10da50000
[mtlr]   out: 00000100026c0000 000000010da50000 0000000102a855c0 0000000000000000
[mtlr]   out: 0000001d00000000 0000000000100000 00000000493a208b 000000000001f320
[uatrec] S4 r12 victim[6] rid 29 gpuva 0x100026c0000 cpu 0x10da50000 (top-of-stack)
[mtlr] resource2 sel8 flags 470 sz 0x100000 -> kr 0x00000000 rid 30 GPUVA 0x100027c8000 cpu 10db50000
[mtlr]   out: 00000100027c8000 000000010db50000 0000000102a85680 0000000000000000
[mtlr]   out: 0000001e00000000 0000000000100000 00000000493a208c 000000000001f321
[uatrec] S4 r12 victim[7] rid 30 gpuva 0x100027c8000 cpu 0x10db50000 (top-of-stack)
[mtlr] resource2 sel8 flags 470 sz 0x1000 -> kr 0x00000000 rid 23 GPUVA 0x10002090000 cpu 10762c000
[mtlr]   out: 0000010002090000 000000010762c000 0000000102a85140 0000000000000000
[mtlr]   out: 0000001700000000 0000000000004000 00000000493a20a8 000000000001f32b
[mtlr] resource2 sel8 flags 470 sz 0x1000 -> kr 0x00000000 rid 23 GPUVA 0x10002090000 cpu 10762c000
[mtlr]   out: 0000010002090000 000000010762c000 0000000102a85140 0000000000000000
[mtlr]   out: 0000001700000000 0000000000004000 00000000493a20a9 000000000001f32c
[mtlr] resource2 sel8 flags 470 sz 0x1000 -> kr 0x00000000 rid 23 GPUVA 0x10002090000 cpu 10762c000
[mtlr]   out: 0000010002090000 000000010762c000 0000000102a85140 0000000000000000
[mtlr]   out: 0000001700000000 0000000000004000 00000000493a20aa 000000000001f32d
[mtlr] resource2 sel8 flags 470 sz 0x1000 -> kr 0x00000000 rid 23 GPUVA 0x10002090000 cpu 10762c000
[mtlr]   out: 0000010002090000 000000010762c000 0000000102a85140 0000000000000000
[mtlr]   out: 0000001700000000 0000000000004000 00000000493a20ab 000000000001f32e
[mtlr] resource2 sel8 flags 470 sz 0x1000 -> kr 0x00000000 rid 23 GPUVA 0x10002090000 cpu 10762c000
[mtlr]   out: 0000010002090000 000000010762c000 0000000102a85140 0000000000000000
[mtlr]   out: 0000001700000000 0000000000004000 00000000493a20ac 000000000001f32f
[mtlr] resource2 sel8 flags 470 sz 0x1000 -> kr 0x00000000 rid 23 GPUVA 0x10002090000 cpu 10762c000
[mtlr]   out: 0000010002090000 000000010762c000 0000000102a85140 0000000000000000
[mtlr]   out: 0000001700000000 0000000000004000 00000000493a20ad 000000000001f330
[mtlr] resource2 sel8 flags 470 sz 0x1000 -> kr 0x00000000 rid 23 GPUVA 0x10002090000 cpu 10762c000
[mtlr]   out: 0000010002090000 000000010762c000 0000000102a85140 0000000000000000
[mtlr]   out: 0000001700000000 0000000000004000 00000000493a20ae 000000000001f331
[mtlr] resource2 sel8 flags 470 sz 0x1000 -> kr 0x00000000 rid 23 GPUVA 0x10002090000 cpu 10762c000
[mtlr]   out: 0000010002090000 000000010762c000 0000000102a85140 0000000000000000
[mtlr]   out: 0000001700000000 0000000000004000 00000000493a20af 000000000001f332
[mtlr] resource2 sel8 flags 470 sz 0x1000 -> kr 0x00000000 rid 23 GPUVA 0x10002090000 cpu 10762c000
[mtlr]   out: 0000010002090000 000000010762c000 0000000102a85140 0000000000000000
[mtlr]   out: 0000001700000000 0000000000004000 00000000493a20b0 000000000001f333
[mtlr] resource2 sel8 flags 470 sz 0x1000 -> kr 0x00000000 rid 23 GPUVA 0x10002090000 cpu 10762c000
[mtlr]   out: 0000010002090000 000000010762c000 0000000102a85140 0000000000000000
[mtlr]   out: 0000001700000000 0000000000004000 00000000493a20b1 000000000001f334
[mtlr] resource2 sel8 flags 470 sz 0x1000 -> kr 0x00000000 rid 23 GPUVA 0x10002090000 cpu 10762c000
[mtlr]   out: 0000010002090000 000000010762c000 0000000102a85140 0000000000000000
[mtlr]   out: 0000001700000000 0000000000004000 00000000493a20b2 000000000001f335
[mtlr] resource2 sel8 flags 470 sz 0x1000 -> kr 0x00000000 rid 23 GPUVA 0x10002090000 cpu 10762c000
[mtlr]   out: 0000010002090000 000000010762c000 0000000102a85140 0000000000000000
[mtlr]   out: 0000001700000000 0000000000004000 00000000493a20b3 000000000001f336
[mtlr] resource2 sel8 flags 470 sz 0x1000 -> kr 0x00000000 rid 23 GPUVA 0x10002090000 cpu 10762c000
[mtlr]   out: 0000010002090000 000000010762c000 0000000102a85140 0000000000000000
[mtlr]   out: 0000001700000000 0000000000004000 00000000493a20b4 000000000001f337
[mtlr] resource2 sel8 flags 470 sz 0x1000 -> kr 0x00000000 rid 23 GPUVA 0x10002090000 cpu 10762c000
[mtlr]   out: 0000010002090000 000000010762c000 0000000102a85140 0000000000000000
[mtlr]   out: 0000001700000000 0000000000004000 00000000493a20b5 000000000001f338
[mtlr] resource2 sel8 flags 470 sz 0x1000 -> kr 0x00000000 rid 23 GPUVA 0x10002090000 cpu 10762c000
[mtlr]   out: 0000010002090000 000000010762c000 0000000102a85140 0000000000000000
[mtlr]   out: 0000001700000000 0000000000004000 00000000493a20b6 000000000001f339
[mtlr] resource2 sel8 flags 470 sz 0x1000 -> kr 0x00000000 rid 23 GPUVA 0x10002090000 cpu 10762c000
[mtlr]   out: 0000010002090000 000000010762c000 0000000102a85140 0000000000000000
[mtlr]   out: 0000001700000000 0000000000004000 00000000493a20b7 000000000001f33a
[mtlr] resource2 sel8 flags 470 sz 0x1000 -> kr 0x00000000 rid 23 GPUVA 0x10002090000 cpu 10762c000
[mtlr]   out: 0000010002090000 000000010762c000 0000000102a85140 0000000000000000
[mtlr]   out: 0000001700000000 0000000000004000 00000000493a20b8 000000000001f33b
[mtlr] resource2 sel8 flags 470 sz 0x1000 -> kr 0x00000000 rid 23 GPUVA 0x10002090000 cpu 10762c000
[mtlr]   out: 0000010002090000 000000010762c000 0000000102a85140 0000000000000000
[mtlr]   out: 0000001700000000 0000000000004000 00000000493a20b9 000000000001f33c
[mtlr] resource2 sel8 flags 470 sz 0x1000 -> kr 0x00000000 rid 23 GPUVA 0x10002090000 cpu 10762c000
[mtlr]   out: 0000010002090000 000000010762c000 0000000102a85140 0000000000000000
[mtlr]   out: 0000001700000000 0000000000004000 00000000493a20ba 000000000001f33d
[mtlr] resource2 sel8 flags 470 sz 0x1000 -> kr 0x00000000 rid 23 GPUVA 0x10002090000 cpu 10762c000
[mtlr]   out: 0000010002090000 000000010762c000 0000000102a85140 0000000000000000
[mtlr]   out: 0000001700000000 0000000000004000 00000000493a20bb 000000000001f33e
[mtlr] resource2 sel8 flags 470 sz 0x1000 -> kr 0x00000000 rid 23 GPUVA 0x10002090000 cpu 10762c000
[mtlr]   out: 0000010002090000 000000010762c000 0000000102a85140 0000000000000000
[mtlr]   out: 0000001700000000 0000000000004000 00000000493a20bc 000000000001f33f
[mtlr] resource2 sel8 flags 470 sz 0x1000 -> kr 0x00000000 rid 23 GPUVA 0x10002090000 cpu 10762c000
[mtlr]   out: 0000010002090000 000000010762c000 0000000102a85140 0000000000000000
[mtlr]   out: 0000001700000000 0000000000004000 00000000493a20bd 000000000001f340
[mtlr] resource2 sel8 flags 470 sz 0x1000 -> kr 0x00000000 rid 23 GPUVA 0x10002090000 cpu 10762c000
[mtlr]   out: 0000010002090000 000000010762c000 0000000102a85140 0000000000000000
[mtlr]   out: 0000001700000000 0000000000004000 00000000493a20be 000000000001f341
[mtlr] resource2 sel8 flags 470 sz 0x1000 -> kr 0x00000000 rid 23 GPUVA 0x10002090000 cpu 10762c000
[mtlr]   out: 0000010002090000 000000010762c000 0000000102a85140 0000000000000000
[mtlr]   out: 0000001700000000 0000000000004000 00000000493a20bf 000000000001f342
[mtlr] resource2 sel8 flags 470 sz 0x1000 -> kr 0x00000000 rid 23 GPUVA 0x10002090000 cpu 10762c000
[mtlr]   out: 0000010002090000 000000010762c000 0000000102a85140 0000000000000000
[mtlr]   out: 0000001700000000 0000000000004000 00000000493a20c0 000000000001f343
[mtlr] resource2 sel8 flags 470 sz 0x1000 -> kr 0x00000000 rid 23 GPUVA 0x10002090000 cpu 10762c000
[mtlr]   out: 0000010002090000 000000010762c000 0000000102a85140 0000000000000000
[mtlr]   out: 0000001700000000 0000000000004000 00000000493a20c1 000000000001f344
[mtlr] resource2 sel8 flags 470 sz 0x1000 -> kr 0x00000000 rid 23 GPUVA 0x10002090000 cpu 10762c000
[mtlr]   out: 0000010002090000 000000010762c000 0000000102a85140 0000000000000000
[mtlr]   out: 0000001700000000 0000000000004000 00000000493a20c2 000000000001f345
[mtlr] resource2 sel8 flags 470 sz 0x1000 -> kr 0x00000000 rid 23 GPUVA 0x10002090000 cpu 10762c000
[mtlr]   out: 0000010002090000 000000010762c000 0000000102a85140 0000000000000000
[mtlr]   out: 0000001700000000 0000000000004000 00000000493a20c3 000000000001f346
[mtlr] resource2 sel8 flags 470 sz 0x1000 -> kr 0x00000000 rid 23 GPUVA 0x10002090000 cpu 10762c000
[mtlr]   out: 0000010002090000 000000010762c000 0000000102a85140 0000000000000000
[mtlr]   out: 0000001700000000 0000000000004000 00000000493a20c4 000000000001f347
[mtlr] resource2 sel8 flags 470 sz 0x1000 -> kr 0x00000000 rid 23 GPUVA 0x10002090000 cpu 10762c000
[mtlr]   out: 0000010002090000 000000010762c000 0000000102a85140 0000000000000000
[mtlr]   out: 0000001700000000 0000000000004000 00000000493a20c5 000000000001f348
[mtlr] resource2 sel8 flags 470 sz 0x1000 -> kr 0x00000000 rid 23 GPUVA 0x10002090000 cpu 10762c000
[mtlr]   out: 0000010002090000 000000010762c000 0000000102a85140 0000000000000000
[mtlr]   out: 0000001700000000 0000000000004000 00000000493a20c6 000000000001f349
[mtlr] resource2 sel8 flags 470 sz 0x1000 -> kr 0x00000000 rid 23 GPUVA 0x10002090000 cpu 10762c000
[mtlr]   out: 0000010002090000 000000010762c000 0000000102a85140 0000000000000000
[mtlr]   out: 0000001700000000 0000000000004000 00000000493a20c7 000000000001f34a
[mtlr] resource2 sel8 flags 470 sz 0x1000 -> kr 0x00000000 rid 23 GPUVA 0x10002090000 cpu 10762c000
[mtlr]   out: 0000010002090000 000000010762c000 0000000102a85140 0000000000000000
[mtlr]   out: 0000001700000000 0000000000004000 00000000493a20c8 000000000001f34b
[mtlr] resource2 sel8 flags 470 sz 0x1000 -> kr 0x00000000 rid 23 GPUVA 0x10002090000 cpu 10762c000
[mtlr]   out: 0000010002090000 000000010762c000 0000000102a85140 0000000000000000
[mtlr]   out: 0000001700000000 0000000000004000 00000000493a20c9 000000000001f34c
[mtlr] resource2 sel8 flags 470 sz 0x1000 -> kr 0x00000000 rid 23 GPUVA 0x10002090000 cpu 10762c000
[mtlr]   out: 0000010002090000 000000010762c000 0000000102a85140 0000000000000000
[mtlr]   out: 0000001700000000 0000000000004000 00000000493a20ca 000000000001f34d
[mtlr] resource2 sel8 flags 470 sz 0x1000 -> kr 0x00000000 rid 23 GPUVA 0x10002090000 cpu 10762c000
[mtlr]   out: 0000010002090000 000000010762c000 0000000102a85140 0000000000000000
[mtlr]   out: 0000001700000000 0000000000004000 00000000493a20cb 000000000001f34e
[mtlr] resource2 sel8 flags 470 sz 0x1000 -> kr 0x00000000 rid 23 GPUVA 0x10002090000 cpu 10762c000
[mtlr]   out: 0000010002090000 000000010762c000 0000000102a85140 0000000000000000
[mtlr]   out: 0000001700000000 0000000000004000 00000000493a20cc 000000000001f34f
[mtlr] resource2 sel8 flags 470 sz 0x1000 -> kr 0x00000000 rid 23 GPUVA 0x10002090000 cpu 10762c000
[mtlr]   out: 0000010002090000 000000010762c000 0000000102a85140 0000000000000000
[mtlr]   out: 0000001700000000 0000000000004000 00000000493a20cd 000000000001f350
[mtlr] resource2 sel8 flags 470 sz 0x1000 -> kr 0x00000000 rid 23 GPUVA 0x10002090000 cpu 10762c000
[mtlr]   out: 0000010002090000 000000010762c000 0000000102a85140 0000000000000000
[mtlr]   out: 0000001700000000 0000000000004000 00000000493a20ce 000000000001f351
[mtlr] resource2 sel8 flags 470 sz 0x1000 -> kr 0x00000000 rid 23 GPUVA 0x10002090000 cpu 10762c000
[mtlr]   out: 0000010002090000 000000010762c000 0000000102a85140 0000000000000000
[mtlr]   out: 0000001700000000 0000000000004000 00000000493a20cf 000000000001f352
[uatrec] S4 r12 (+0s): nvv 8 ncb 8 vsz 0x100000 fill 0x0 destroy0 kr 0x00000000 nj 40
[uatrec] S4 r12 blit[0] slots 10 ridp 1
[uatrec] S4 r12 blit[1] slots 11 ridp 1
[uatrec] S4 r12 blit[2] slots 10 ridp 1
[uatrec] S4 r12 blit[3] slots 11 ridp 1
[uatrec] S4 r12 blit[4] slots 10 ridp 1
[uatrec] S4 r12 blit[5] slots 11 ridp 1
[uatrec] S4 r12 blit[6] slots 10 ridp 1
[uatrec] S4 r12 blit[7] slots 11 ridp 1
[mtlr] resource2 sel8 flags 470 sz 0x100000 -> kr 0x00000000 rid 23 GPUVA 0x10002090000 cpu 10dd50000
[mtlr]   out: 0000010002090000 000000010dd50000 0000000102a85140 0000000000000000
[mtlr]   out: 0000001700000000 0000000000100000 00000000493a20e1 000000000001f355
[uatrec] S4 r13 victim[0] rid 23 gpuva 0x10002090000 cpu 0x10dd50000 (top-of-stack)
[mtlr] resource2 sel8 flags 470 sz 0x100000 -> kr 0x00000000 rid 24 GPUVA 0x10002198000 cpu 10de50000
[mtlr]   out: 0000010002198000 000000010de50000 0000000102a85200 0000000000000000
[mtlr]   out: 0000001800000000 0000000000100000 00000000493a20e2 000000000001f356
[uatrec] S4 r13 victim[1] rid 24 gpuva 0x10002198000 cpu 0x10de50000 (top-of-stack)
[mtlr] resource2 sel8 flags 470 sz 0x100000 -> kr 0x00000000 rid 25 GPUVA 0x100022a0000 cpu 10e400000
[mtlr]   out: 00000100022a0000 000000010e400000 0000000102a852c0 0000000000000000
[mtlr]   out: 0000001900000000 0000000000100000 00000000493a20e3 000000000001f357
[uatrec] S4 r13 victim[2] rid 25 gpuva 0x100022a0000 cpu 0x10e400000 (top-of-stack)
[mtlr] resource2 sel8 flags 470 sz 0x100000 -> kr 0x00000000 rid 26 GPUVA 0x100023a8000 cpu 10e500000
[mtlr]   out: 00000100023a8000 000000010e500000 0000000102a85380 0000000000000000
[mtlr]   out: 0000001a00000000 0000000000100000 00000000493a20e4 000000000001f358
[uatrec] S4 r13 victim[3] rid 26 gpuva 0x100023a8000 cpu 0x10e500000 (top-of-stack)
[mtlr] resource2 sel8 flags 470 sz 0x100000 -> kr 0x00000000 rid 27 GPUVA 0x100024b0000 cpu 10e600000
[mtlr]   out: 00000100024b0000 000000010e600000 0000000102a85440 0000000000000000
[mtlr]   out: 0000001b00000000 0000000000100000 00000000493a20e5 000000000001f359
[uatrec] S4 r13 victim[4] rid 27 gpuva 0x100024b0000 cpu 0x10e600000 (top-of-stack)
[mtlr] resource2 sel8 flags 470 sz 0x100000 -> kr 0x00000000 rid 28 GPUVA 0x100025b8000 cpu 10e700000
[mtlr]   out: 00000100025b8000 000000010e700000 0000000102a85500 0000000000000000
[mtlr]   out: 0000001c00000000 0000000000100000 00000000493a20e6 000000000001f35a
[uatrec] S4 r13 victim[5] rid 28 gpuva 0x100025b8000 cpu 0x10e700000 (top-of-stack)
[mtlr] resource2 sel8 flags 470 sz 0x100000 -> kr 0x00000000 rid 29 GPUVA 0x100026c0000 cpu 10e800000
[mtlr]   out: 00000100026c0000 000000010e800000 0000000102a855c0 0000000000000000
[mtlr]   out: 0000001d00000000 0000000000100000 00000000493a20e7 000000000001f35b
[uatrec] S4 r13 victim[6] rid 29 gpuva 0x100026c0000 cpu 0x10e800000 (top-of-stack)
[mtlr] resource2 sel8 flags 470 sz 0x100000 -> kr 0x00000000 rid 30 GPUVA 0x100027c8000 cpu 10e900000
[mtlr]   out: 00000100027c8000 000000010e900000 0000000102a85680 0000000000000000
[mtlr]   out: 0000001e00000000 0000000000100000 00000000493a20e8 000000000001f35c
[uatrec] S4 r13 victim[7] rid 30 gpuva 0x100027c8000 cpu 0x10e900000 (top-of-stack)
[mtlr] resource2 sel8 flags 470 sz 0x1000 -> kr 0x00000000 rid 23 GPUVA 0x10002090000 cpu 10762c000
[mtlr]   out: 0000010002090000 000000010762c000 0000000102a85140 0000000000000000
[mtlr]   out: 0000001700000000 0000000000004000 00000000493a20ff 000000000001f366
[mtlr] resource2 sel8 flags 470 sz 0x1000 -> kr 0x00000000 rid 23 GPUVA 0x10002090000 cpu 10762c000
[mtlr]   out: 0000010002090000 000000010762c000 0000000102a85140 0000000000000000
[mtlr]   out: 0000001700000000 0000000000004000 00000000493a2100 000000000001f367
[mtlr] resource2 sel8 flags 470 sz 0x1000 -> kr 0x00000000 rid 23 GPUVA 0x10002090000 cpu 10762c000
[mtlr]   out: 0000010002090000 000000010762c000 0000000102a85140 0000000000000000
[mtlr]   out: 0000001700000000 0000000000004000 00000000493a2101 000000000001f368
[mtlr] resource2 sel8 flags 470 sz 0x1000 -> kr 0x00000000 rid 23 GPUVA 0x10002090000 cpu 10762c000
[mtlr]   out: 0000010002090000 000000010762c000 0000000102a85140 0000000000000000
[mtlr]   out: 0000001700000000 0000000000004000 00000000493a2102 000000000001f369
[mtlr] resource2 sel8 flags 470 sz 0x1000 -> kr 0x00000000 rid 23 GPUVA 0x10002090000 cpu 10762c000
[mtlr]   out: 0000010002090000 000000010762c000 0000000102a85140 0000000000000000
[mtlr]   out: 0000001700000000 0000000000004000 00000000493a2103 000000000001f36a
[mtlr] resource2 sel8 flags 470 sz 0x1000 -> kr 0x00000000 rid 23 GPUVA 0x10002090000 cpu 10762c000
[mtlr]   out: 0000010002090000 000000010762c000 0000000102a85140 0000000000000000
[mtlr]   out: 0000001700000000 0000000000004000 00000000493a2104 000000000001f36b
[mtlr] resource2 sel8 flags 470 sz 0x1000 -> kr 0x00000000 rid 23 GPUVA 0x10002090000 cpu 10762c000
[mtlr]   out: 0000010002090000 000000010762c000 0000000102a85140 0000000000000000
[mtlr]   out: 0000001700000000 0000000000004000 00000000493a2105 000000000001f36c
[mtlr] resource2 sel8 flags 470 sz 0x1000 -> kr 0x00000000 rid 23 GPUVA 0x10002090000 cpu 10762c000
[mtlr]   out: 0000010002090000 000000010762c000 0000000102a85140 0000000000000000
[mtlr]   out: 0000001700000000 0000000000004000 00000000493a2106 000000000001f36d
[mtlr] resource2 sel8 flags 470 sz 0x1000 -> kr 0x00000000 rid 23 GPUVA 0x10002090000 cpu 10762c000
[mtlr]   out: 0000010002090000 000000010762c000 0000000102a85140 0000000000000000
[mtlr]   out: 0000001700000000 0000000000004000 00000000493a2107 000000000001f36e
[mtlr] resource2 sel8 flags 470 sz 0x1000 -> kr 0x00000000 rid 23 GPUVA 0x10002090000 cpu 10762c000
[mtlr]   out: 0000010002090000 000000010762c000 0000000102a85140 0000000000000000
[mtlr]   out: 0000001700000000 0000000000004000 00000000493a2108 000000000001f36f
[mtlr] resource2 sel8 flags 470 sz 0x1000 -> kr 0x00000000 rid 23 GPUVA 0x10002090000 cpu 10762c000
[mtlr]   out: 0000010002090000 000000010762c000 0000000102a85140 0000000000000000
[mtlr]   out: 0000001700000000 0000000000004000 00000000493a2109 000000000001f370
[mtlr] resource2 sel8 flags 470 sz 0x1000 -> kr 0x00000000 rid 23 GPUVA 0x10002090000 cpu 10762c000
[mtlr]   out: 0000010002090000 000000010762c000 0000000102a85140 0000000000000000
[mtlr]   out: 0000001700000000 0000000000004000 00000000493a210a 000000000001f371
[mtlr] resource2 sel8 flags 470 sz 0x1000 -> kr 0x00000000 rid 23 GPUVA 0x10002090000 cpu 10762c000
[mtlr]   out: 0000010002090000 000000010762c000 0000000102a85140 0000000000000000
[mtlr]   out: 0000001700000000 0000000000004000 00000000493a210b 000000000001f372
[mtlr] resource2 sel8 flags 470 sz 0x1000 -> kr 0x00000000 rid 23 GPUVA 0x10002090000 cpu 10762c000
[mtlr]   out: 0000010002090000 000000010762c000 0000000102a85140 0000000000000000
[mtlr]   out: 0000001700000000 0000000000004000 00000000493a210c 000000000001f373
[mtlr] resource2 sel8 flags 470 sz 0x1000 -> kr 0x00000000 rid 23 GPUVA 0x10002090000 cpu 10762c000
[mtlr]   out: 0000010002090000 000000010762c000 0000000102a85140 0000000000000000
[mtlr]   out: 0000001700000000 0000000000004000 00000000493a210d 000000000001f374
[mtlr] resource2 sel8 flags 470 sz 0x1000 -> kr 0x00000000 rid 23 GPUVA 0x10002090000 cpu 10762c000
[mtlr]   out: 0000010002090000 000000010762c000 0000000102a85140 0000000000000000
[mtlr]   out: 0000001700000000 0000000000004000 00000000493a210e 000000000001f375
[mtlr] resource2 sel8 flags 470 sz 0x1000 -> kr 0x00000000 rid 23 GPUVA 0x10002090000 cpu 10762c000
[mtlr]   out: 0000010002090000 000000010762c000 0000000102a85140 0000000000000000
[mtlr]   out: 0000001700000000 0000000000004000 00000000493a210f 000000000001f376
[mtlr] resource2 sel8 flags 470 sz 0x1000 -> kr 0x00000000 rid 23 GPUVA 0x10002090000 cpu 10762c000
[mtlr]   out: 0000010002090000 000000010762c000 0000000102a85140 0000000000000000
[mtlr]   out: 0000001700000000 0000000000004000 00000000493a2110 000000000001f377
[mtlr] resource2 sel8 flags 470 sz 0x1000 -> kr 0x00000000 rid 23 GPUVA 0x10002090000 cpu 10762c000
[mtlr]   out: 0000010002090000 000000010762c000 0000000102a85140 0000000000000000
[mtlr]   out: 0000001700000000 0000000000004000 00000000493a2111 000000000001f378
[mtlr] resource2 sel8 flags 470 sz 0x1000 -> kr 0x00000000 rid 23 GPUVA 0x10002090000 cpu 10762c000
[mtlr]   out: 0000010002090000 000000010762c000 0000000102a85140 0000000000000000
[mtlr]   out: 0000001700000000 0000000000004000 00000000493a2112 000000000001f379
[mtlr] resource2 sel8 flags 470 sz 0x1000 -> kr 0x00000000 rid 23 GPUVA 0x10002090000 cpu 10762c000
[mtlr]   out: 0000010002090000 000000010762c000 0000000102a85140 0000000000000000
[mtlr]   out: 0000001700000000 0000000000004000 00000000493a2113 000000000001f37a
[mtlr] resource2 sel8 flags 470 sz 0x1000 -> kr 0x00000000 rid 23 GPUVA 0x10002090000 cpu 10762c000
[mtlr]   out: 0000010002090000 000000010762c000 0000000102a85140 0000000000000000
[mtlr]   out: 0000001700000000 0000000000004000 00000000493a2114 000000000001f37b
[mtlr] resource2 sel8 flags 470 sz 0x1000 -> kr 0x00000000 rid 23 GPUVA 0x10002090000 cpu 10762c000
[mtlr]   out: 0000010002090000 000000010762c000 0000000102a85140 0000000000000000
[mtlr]   out: 0000001700000000 0000000000004000 00000000493a2115 000000000001f37c
[mtlr] resource2 sel8 flags 470 sz 0x1000 -> kr 0x00000000 rid 23 GPUVA 0x10002090000 cpu 10762c000
[mtlr]   out: 0000010002090000 000000010762c000 0000000102a85140 0000000000000000
[mtlr]   out: 0000001700000000 0000000000004000 00000000493a2116 000000000001f37d
[mtlr] resource2 sel8 flags 470 sz 0x1000 -> kr 0x00000000 rid 23 GPUVA 0x10002090000 cpu 10762c000
[mtlr]   out: 0000010002090000 000000010762c000 0000000102a85140 0000000000000000
[mtlr]   out: 0000001700000000 0000000000004000 00000000493a2117 000000000001f37e
[mtlr] resource2 sel8 flags 470 sz 0x1000 -> kr 0x00000000 rid 23 GPUVA 0x10002090000 cpu 10762c000
[mtlr]   out: 0000010002090000 000000010762c000 0000000102a85140 0000000000000000
[mtlr]   out: 0000001700000000 0000000000004000 00000000493a2118 000000000001f37f
[mtlr] resource2 sel8 flags 470 sz 0x1000 -> kr 0x00000000 rid 23 GPUVA 0x10002090000 cpu 10762c000
[mtlr]   out: 0000010002090000 000000010762c000 0000000102a85140 0000000000000000
[mtlr]   out: 0000001700000000 0000000000004000 00000000493a2119 000000000001f380
[mtlr] resource2 sel8 flags 470 sz 0x1000 -> kr 0x00000000 rid 23 GPUVA 0x10002090000 cpu 10762c000
[mtlr]   out: 0000010002090000 000000010762c000 0000000102a85140 0000000000000000
[mtlr]   out: 0000001700000000 0000000000004000 00000000493a211a 000000000001f381
[mtlr] resource2 sel8 flags 470 sz 0x1000 -> kr 0x00000000 rid 23 GPUVA 0x10002090000 cpu 10762c000
[mtlr]   out: 0000010002090000 000000010762c000 0000000102a85140 0000000000000000
[mtlr]   out: 0000001700000000 0000000000004000 00000000493a211b 000000000001f382
[mtlr] resource2 sel8 flags 470 sz 0x1000 -> kr 0x00000000 rid 23 GPUVA 0x10002090000 cpu 10762c000
[mtlr]   out: 0000010002090000 000000010762c000 0000000102a85140 0000000000000000
[mtlr]   out: 0000001700000000 0000000000004000 00000000493a211c 000000000001f383
[mtlr] resource2 sel8 flags 470 sz 0x1000 -> kr 0x00000000 rid 23 GPUVA 0x10002090000 cpu 10762c000
[mtlr]   out: 0000010002090000 000000010762c000 0000000102a85140 0000000000000000
[mtlr]   out: 0000001700000000 0000000000004000 00000000493a211d 000000000001f384
[mtlr] resource2 sel8 flags 470 sz 0x1000 -> kr 0x00000000 rid 23 GPUVA 0x10002090000 cpu 10762c000
[mtlr]   out: 0000010002090000 000000010762c000 0000000102a85140 0000000000000000
[mtlr]   out: 0000001700000000 0000000000004000 00000000493a211e 000000000001f385
[mtlr] resource2 sel8 flags 470 sz 0x1000 -> kr 0x00000000 rid 23 GPUVA 0x10002090000 cpu 10762c000
[mtlr]   out: 0000010002090000 000000010762c000 0000000102a85140 0000000000000000
[mtlr]   out: 0000001700000000 0000000000004000 00000000493a211f 000000000001f386
[mtlr] resource2 sel8 flags 470 sz 0x1000 -> kr 0x00000000 rid 23 GPUVA 0x10002090000 cpu 10762c000
[mtlr]   out: 0000010002090000 000000010762c000 0000000102a85140 0000000000000000
[mtlr]   out: 0000001700000000 0000000000004000 00000000493a2120 000000000001f387
[mtlr] resource2 sel8 flags 470 sz 0x1000 -> kr 0x00000000 rid 23 GPUVA 0x10002090000 cpu 10762c000
[mtlr]   out: 0000010002090000 000000010762c000 0000000102a85140 0000000000000000
[mtlr]   out: 0000001700000000 0000000000004000 00000000493a2121 000000000001f388
[mtlr] resource2 sel8 flags 470 sz 0x1000 -> kr 0x00000000 rid 23 GPUVA 0x10002090000 cpu 10762c000
[mtlr]   out: 0000010002090000 000000010762c000 0000000102a85140 0000000000000000
[mtlr]   out: 0000001700000000 0000000000004000 00000000493a2122 000000000001f389
[mtlr] resource2 sel8 flags 470 sz 0x1000 -> kr 0x00000000 rid 23 GPUVA 0x10002090000 cpu 10762c000
[mtlr]   out: 0000010002090000 000000010762c000 0000000102a85140 0000000000000000
[mtlr]   out: 0000001700000000 0000000000004000 00000000493a2123 000000000001f38a
[mtlr] resource2 sel8 flags 470 sz 0x1000 -> kr 0x00000000 rid 23 GPUVA 0x10002090000 cpu 10762c000
[mtlr]   out: 0000010002090000 000000010762c000 0000000102a85140 0000000000000000
[mtlr]   out: 0000001700000000 0000000000004000 00000000493a2124 000000000001f38b
[mtlr] resource2 sel8 flags 470 sz 0x1000 -> kr 0x00000000 rid 23 GPUVA 0x10002090000 cpu 10762c000
[mtlr]   out: 0000010002090000 000000010762c000 0000000102a85140 0000000000000000
[mtlr]   out: 0000001700000000 0000000000004000 00000000493a2125 000000000001f38c
[mtlr] resource2 sel8 flags 470 sz 0x1000 -> kr 0x00000000 rid 23 GPUVA 0x10002090000 cpu 10762c000
[mtlr]   out: 0000010002090000 000000010762c000 0000000102a85140 0000000000000000
[mtlr]   out: 0000001700000000 0000000000004000 00000000493a2126 000000000001f38d
[uatrec] S4 r13 (+0s): nvv 8 ncb 8 vsz 0x100000 fill 0x0 destroy0 kr 0x00000000 nj 40
[uatrec] S4 r13 blit[0] slots 11 ridp 1
[uatrec] S4 r13 blit[1] slots 10 ridp 1
[uatrec] S4 r13 blit[2] slots 11 ridp 1
[uatrec] S4 r13 blit[3] slots 10 ridp 1
[uatrec] S4 r13 blit[4] slots 11 ridp 1
[uatrec] S4 r13 blit[5] slots 10 ridp 1
[uatrec] S4 r13 blit[6] slots 11 ridp 1
[uatrec] S4 r13 blit[7] slots 10 ridp 1
[mtlr] resource2 sel8 flags 470 sz 0x100000 -> kr 0x00000000 rid 23 GPUVA 0x10002090000 cpu 10752c000
[mtlr]   out: 0000010002090000 000000010752c000 0000000102a85140 0000000000000000
[mtlr]   out: 0000001700000000 0000000000100000 00000000493a2138 000000000001f390
[uatrec] S4 r14 victim[0] rid 23 gpuva 0x10002090000 cpu 0x10752c000 (top-of-stack)
[mtlr] resource2 sel8 flags 470 sz 0x100000 -> kr 0x00000000 rid 24 GPUVA 0x10002198000 cpu 10d550000
[mtlr]   out: 0000010002198000 000000010d550000 0000000102a85200 0000000000000000
[mtlr]   out: 0000001800000000 0000000000100000 00000000493a2139 000000000001f391
[uatrec] S4 r14 victim[1] rid 24 gpuva 0x10002198000 cpu 0x10d550000 (top-of-stack)
[mtlr] resource2 sel8 flags 470 sz 0x100000 -> kr 0x00000000 rid 25 GPUVA 0x100022a0000 cpu 10d650000
[mtlr]   out: 00000100022a0000 000000010d650000 0000000102a852c0 0000000000000000
[mtlr]   out: 0000001900000000 0000000000100000 00000000493a213a 000000000001f392
[uatrec] S4 r14 victim[2] rid 25 gpuva 0x100022a0000 cpu 0x10d650000 (top-of-stack)
[mtlr] resource2 sel8 flags 470 sz 0x100000 -> kr 0x00000000 rid 26 GPUVA 0x100023a8000 cpu 10d750000
[mtlr]   out: 00000100023a8000 000000010d750000 0000000102a85380 0000000000000000
[mtlr]   out: 0000001a00000000 0000000000100000 00000000493a213b 000000000001f393
[uatrec] S4 r14 victim[3] rid 26 gpuva 0x100023a8000 cpu 0x10d750000 (top-of-stack)
[mtlr] resource2 sel8 flags 470 sz 0x100000 -> kr 0x00000000 rid 27 GPUVA 0x100024b0000 cpu 10d850000
[mtlr]   out: 00000100024b0000 000000010d850000 0000000102a85440 0000000000000000
[mtlr]   out: 0000001b00000000 0000000000100000 00000000493a213c 000000000001f394
[uatrec] S4 r14 victim[4] rid 27 gpuva 0x100024b0000 cpu 0x10d850000 (top-of-stack)
[mtlr] resource2 sel8 flags 470 sz 0x100000 -> kr 0x00000000 rid 28 GPUVA 0x100025b8000 cpu 10d950000
[mtlr]   out: 00000100025b8000 000000010d950000 0000000102a85500 0000000000000000
[mtlr]   out: 0000001c00000000 0000000000100000 00000000493a213d 000000000001f395
[uatrec] S4 r14 victim[5] rid 28 gpuva 0x100025b8000 cpu 0x10d950000 (top-of-stack)
[mtlr] resource2 sel8 flags 470 sz 0x100000 -> kr 0x00000000 rid 29 GPUVA 0x100026c0000 cpu 10da50000
[mtlr]   out: 00000100026c0000 000000010da50000 0000000102a855c0 0000000000000000
[mtlr]   out: 0000001d00000000 0000000000100000 00000000493a2142 000000000001f396
[uatrec] S4 r14 victim[6] rid 29 gpuva 0x100026c0000 cpu 0x10da50000 (top-of-stack)
[mtlr] resource2 sel8 flags 470 sz 0x100000 -> kr 0x00000000 rid 30 GPUVA 0x100027c8000 cpu 10db50000
[mtlr]   out: 00000100027c8000 000000010db50000 0000000102a85680 0000000000000000
[mtlr]   out: 0000001e00000000 0000000000100000 00000000493a2144 000000000001f397
[uatrec] S4 r14 victim[7] rid 30 gpuva 0x100027c8000 cpu 0x10db50000 (top-of-stack)
[mtlr] resource2 sel8 flags 470 sz 0x1000 -> kr 0x00000000 rid 23 GPUVA 0x10002090000 cpu 10762c000
[mtlr]   out: 0000010002090000 000000010762c000 0000000102a85140 0000000000000000
[mtlr]   out: 0000001700000000 0000000000004000 00000000493a2156 000000000001f3a1
[mtlr] resource2 sel8 flags 470 sz 0x1000 -> kr 0x00000000 rid 23 GPUVA 0x10002090000 cpu 10762c000
[mtlr]   out: 0000010002090000 000000010762c000 0000000102a85140 0000000000000000
[mtlr]   out: 0000001700000000 0000000000004000 00000000493a2157 000000000001f3a2
[mtlr] resource2 sel8 flags 470 sz 0x1000 -> kr 0x00000000 rid 23 GPUVA 0x10002090000 cpu 10762c000
[mtlr]   out: 0000010002090000 000000010762c000 0000000102a85140 0000000000000000
[mtlr]   out: 0000001700000000 0000000000004000 00000000493a2158 000000000001f3a3
[mtlr] resource2 sel8 flags 470 sz 0x1000 -> kr 0x00000000 rid 23 GPUVA 0x10002090000 cpu 10762c000
[mtlr]   out: 0000010002090000 000000010762c000 0000000102a85140 0000000000000000
[mtlr]   out: 0000001700000000 0000000000004000 00000000493a2159 000000000001f3a4
[mtlr] resource2 sel8 flags 470 sz 0x1000 -> kr 0x00000000 rid 23 GPUVA 0x10002090000 cpu 10762c000
[mtlr]   out: 0000010002090000 000000010762c000 0000000102a85140 0000000000000000
[mtlr]   out: 0000001700000000 0000000000004000 00000000493a215a 000000000001f3a5
[mtlr] resource2 sel8 flags 470 sz 0x1000 -> kr 0x00000000 rid 23 GPUVA 0x10002090000 cpu 10762c000
[mtlr]   out: 0000010002090000 000000010762c000 0000000102a85140 0000000000000000
[mtlr]   out: 0000001700000000 0000000000004000 00000000493a215b 000000000001f3a6
[mtlr] resource2 sel8 flags 470 sz 0x1000 -> kr 0x00000000 rid 23 GPUVA 0x10002090000 cpu 10762c000
[mtlr]   out: 0000010002090000 000000010762c000 0000000102a85140 0000000000000000
[mtlr]   out: 0000001700000000 0000000000004000 00000000493a215e 000000000001f3a7
[mtlr] resource2 sel8 flags 470 sz 0x1000 -> kr 0x00000000 rid 23 GPUVA 0x10002090000 cpu 10762c000
[mtlr]   out: 0000010002090000 000000010762c000 0000000102a85140 0000000000000000
[mtlr]   out: 0000001700000000 0000000000004000 00000000493a2162 000000000001f3a8
[mtlr] resource2 sel8 flags 470 sz 0x1000 -> kr 0x00000000 rid 23 GPUVA 0x10002090000 cpu 10762c000
[mtlr]   out: 0000010002090000 000000010762c000 0000000102a85140 0000000000000000
[mtlr]   out: 0000001700000000 0000000000004000 00000000493a2163 000000000001f3a9
[mtlr] resource2 sel8 flags 470 sz 0x1000 -> kr 0x00000000 rid 23 GPUVA 0x10002090000 cpu 10762c000
[mtlr]   out: 0000010002090000 000000010762c000 0000000102a85140 0000000000000000
[mtlr]   out: 0000001700000000 0000000000004000 00000000493a2164 000000000001f3aa
[mtlr] resource2 sel8 flags 470 sz 0x1000 -> kr 0x00000000 rid 23 GPUVA 0x10002090000 cpu 10762c000
[mtlr]   out: 0000010002090000 000000010762c000 0000000102a85140 0000000000000000
[mtlr]   out: 0000001700000000 0000000000004000 00000000493a2165 000000000001f3ab
[mtlr] resource2 sel8 flags 470 sz 0x1000 -> kr 0x00000000 rid 23 GPUVA 0x10002090000 cpu 10762c000
[mtlr]   out: 0000010002090000 000000010762c000 0000000102a85140 0000000000000000
[mtlr]   out: 0000001700000000 0000000000004000 00000000493a2166 000000000001f3ac
[mtlr] resource2 sel8 flags 470 sz 0x1000 -> kr 0x00000000 rid 23 GPUVA 0x10002090000 cpu 10762c000
[mtlr]   out: 0000010002090000 000000010762c000 0000000102a85140 0000000000000000
[mtlr]   out: 0000001700000000 0000000000004000 00000000493a2167 000000000001f3ad
[mtlr] resource2 sel8 flags 470 sz 0x1000 -> kr 0x00000000 rid 23 GPUVA 0x10002090000 cpu 10762c000
[mtlr]   out: 0000010002090000 000000010762c000 0000000102a85140 0000000000000000
[mtlr]   out: 0000001700000000 0000000000004000 00000000493a2168 000000000001f3ae
[mtlr] resource2 sel8 flags 470 sz 0x1000 -> kr 0x00000000 rid 23 GPUVA 0x10002090000 cpu 10762c000
[mtlr]   out: 0000010002090000 000000010762c000 0000000102a85140 0000000000000000
[mtlr]   out: 0000001700000000 0000000000004000 00000000493a2169 000000000001f3af
[mtlr] resource2 sel8 flags 470 sz 0x1000 -> kr 0x00000000 rid 23 GPUVA 0x10002090000 cpu 10762c000
[mtlr]   out: 0000010002090000 000000010762c000 0000000102a85140 0000000000000000
[mtlr]   out: 0000001700000000 0000000000004000 00000000493a216a 000000000001f3b0
[mtlr] resource2 sel8 flags 470 sz 0x1000 -> kr 0x00000000 rid 23 GPUVA 0x10002090000 cpu 10762c000
[mtlr]   out: 0000010002090000 000000010762c000 0000000102a85140 0000000000000000
[mtlr]   out: 0000001700000000 0000000000004000 00000000493a216b 000000000001f3b1
[mtlr] resource2 sel8 flags 470 sz 0x1000 -> kr 0x00000000 rid 23 GPUVA 0x10002090000 cpu 10762c000
[mtlr]   out: 0000010002090000 000000010762c000 0000000102a85140 0000000000000000
[mtlr]   out: 0000001700000000 0000000000004000 00000000493a216c 000000000001f3b2
[mtlr] resource2 sel8 flags 470 sz 0x1000 -> kr 0x00000000 rid 23 GPUVA 0x10002090000 cpu 10762c000
[mtlr]   out: 0000010002090000 000000010762c000 0000000102a85140 0000000000000000
[mtlr]   out: 0000001700000000 0000000000004000 00000000493a216d 000000000001f3b3
[mtlr] resource2 sel8 flags 470 sz 0x1000 -> kr 0x00000000 rid 23 GPUVA 0x10002090000 cpu 10762c000
[mtlr]   out: 0000010002090000 000000010762c000 0000000102a85140 0000000000000000
[mtlr]   out: 0000001700000000 0000000000004000 00000000493a216e 000000000001f3b4
[mtlr] resource2 sel8 flags 470 sz 0x1000 -> kr 0x00000000 rid 23 GPUVA 0x10002090000 cpu 10762c000
[mtlr]   out: 0000010002090000 000000010762c000 0000000102a85140 0000000000000000
[mtlr]   out: 0000001700000000 0000000000004000 00000000493a216f 000000000001f3b5
[mtlr] resource2 sel8 flags 470 sz 0x1000 -> kr 0x00000000 rid 23 GPUVA 0x10002090000 cpu 10762c000
[mtlr]   out: 0000010002090000 000000010762c000 0000000102a85140 0000000000000000
[mtlr]   out: 0000001700000000 0000000000004000 00000000493a2170 000000000001f3b6
[mtlr] resource2 sel8 flags 470 sz 0x1000 -> kr 0x00000000 rid 23 GPUVA 0x10002090000 cpu 10762c000
[mtlr]   out: 0000010002090000 000000010762c000 0000000102a85140 0000000000000000
[mtlr]   out: 0000001700000000 0000000000004000 00000000493a2171 000000000001f3b7
[mtlr] resource2 sel8 flags 470 sz 0x1000 -> kr 0x00000000 rid 23 GPUVA 0x10002090000 cpu 10762c000
[mtlr]   out: 0000010002090000 000000010762c000 0000000102a85140 0000000000000000
[mtlr]   out: 0000001700000000 0000000000004000 00000000493a2172 000000000001f3b8
[mtlr] resource2 sel8 flags 470 sz 0x1000 -> kr 0x00000000 rid 23 GPUVA 0x10002090000 cpu 10762c000
[mtlr]   out: 0000010002090000 000000010762c000 0000000102a85140 0000000000000000
[mtlr]   out: 0000001700000000 0000000000004000 00000000493a2173 000000000001f3b9
[mtlr] resource2 sel8 flags 470 sz 0x1000 -> kr 0x00000000 rid 23 GPUVA 0x10002090000 cpu 10762c000
[mtlr]   out: 0000010002090000 000000010762c000 0000000102a85140 0000000000000000
[mtlr]   out: 0000001700000000 0000000000004000 00000000493a2174 000000000001f3ba
[mtlr] resource2 sel8 flags 470 sz 0x1000 -> kr 0x00000000 rid 23 GPUVA 0x10002090000 cpu 10762c000
[mtlr]   out: 0000010002090000 000000010762c000 0000000102a85140 0000000000000000
[mtlr]   out: 0000001700000000 0000000000004000 00000000493a2175 000000000001f3bb
[mtlr] resource2 sel8 flags 470 sz 0x1000 -> kr 0x00000000 rid 23 GPUVA 0x10002090000 cpu 10762c000
[mtlr]   out: 0000010002090000 000000010762c000 0000000102a85140 0000000000000000
[mtlr]   out: 0000001700000000 0000000000004000 00000000493a2176 000000000001f3bc
[mtlr] resource2 sel8 flags 470 sz 0x1000 -> kr 0x00000000 rid 23 GPUVA 0x10002090000 cpu 10762c000
[mtlr]   out: 0000010002090000 000000010762c000 0000000102a85140 0000000000000000
[mtlr]   out: 0000001700000000 0000000000004000 00000000493a2177 000000000001f3bd
[mtlr] resource2 sel8 flags 470 sz 0x1000 -> kr 0x00000000 rid 23 GPUVA 0x10002090000 cpu 10762c000
[mtlr]   out: 0000010002090000 000000010762c000 0000000102a85140 0000000000000000
[mtlr]   out: 0000001700000000 0000000000004000 00000000493a2178 000000000001f3be
[mtlr] resource2 sel8 flags 470 sz 0x1000 -> kr 0x00000000 rid 23 GPUVA 0x10002090000 cpu 10762c000
[mtlr]   out: 0000010002090000 000000010762c000 0000000102a85140 0000000000000000
[mtlr]   out: 0000001700000000 0000000000004000 00000000493a2179 000000000001f3bf
[mtlr] resource2 sel8 flags 470 sz 0x1000 -> kr 0x00000000 rid 23 GPUVA 0x10002090000 cpu 10762c000
[mtlr]   out: 0000010002090000 000000010762c000 0000000102a85140 0000000000000000
[mtlr]   out: 0000001700000000 0000000000004000 00000000493a217a 000000000001f3c0
[mtlr] resource2 sel8 flags 470 sz 0x1000 -> kr 0x00000000 rid 23 GPUVA 0x10002090000 cpu 10762c000
[mtlr]   out: 0000010002090000 000000010762c000 0000000102a85140 0000000000000000
[mtlr]   out: 0000001700000000 0000000000004000 00000000493a217b 000000000001f3c1
[mtlr] resource2 sel8 flags 470 sz 0x1000 -> kr 0x00000000 rid 23 GPUVA 0x10002090000 cpu 10762c000
[mtlr]   out: 0000010002090000 000000010762c000 0000000102a85140 0000000000000000
[mtlr]   out: 0000001700000000 0000000000004000 00000000493a217c 000000000001f3c2
[mtlr] resource2 sel8 flags 470 sz 0x1000 -> kr 0x00000000 rid 23 GPUVA 0x10002090000 cpu 10762c000
[mtlr]   out: 0000010002090000 000000010762c000 0000000102a85140 0000000000000000
[mtlr]   out: 0000001700000000 0000000000004000 00000000493a217d 000000000001f3c3
[mtlr] resource2 sel8 flags 470 sz 0x1000 -> kr 0x00000000 rid 23 GPUVA 0x10002090000 cpu 10762c000
[mtlr]   out: 0000010002090000 000000010762c000 0000000102a85140 0000000000000000
[mtlr]   out: 0000001700000000 0000000000004000 00000000493a217e 000000000001f3c4
[mtlr] resource2 sel8 flags 470 sz 0x1000 -> kr 0x00000000 rid 23 GPUVA 0x10002090000 cpu 10762c000
[mtlr]   out: 0000010002090000 000000010762c000 0000000102a85140 0000000000000000
[mtlr]   out: 0000001700000000 0000000000004000 00000000493a217f 000000000001f3c5
[mtlr] resource2 sel8 flags 470 sz 0x1000 -> kr 0x00000000 rid 23 GPUVA 0x10002090000 cpu 10762c000
[mtlr]   out: 0000010002090000 000000010762c000 0000000102a85140 0000000000000000
[mtlr]   out: 0000001700000000 0000000000004000 00000000493a2180 000000000001f3c6
[mtlr] resource2 sel8 flags 470 sz 0x1000 -> kr 0x00000000 rid 23 GPUVA 0x10002090000 cpu 10762c000
[mtlr]   out: 0000010002090000 000000010762c000 0000000102a85140 0000000000000000
[mtlr]   out: 0000001700000000 0000000000004000 00000000493a2181 000000000001f3c7
[mtlr] resource2 sel8 flags 470 sz 0x1000 -> kr 0x00000000 rid 23 GPUVA 0x10002090000 cpu 10762c000
[mtlr]   out: 0000010002090000 000000010762c000 0000000102a85140 0000000000000000
[mtlr]   out: 0000001700000000 0000000000004000 00000000493a2182 000000000001f3c8
[uatrec] S4 r14 (+1s): nvv 8 ncb 8 vsz 0x100000 fill 0x0 destroy0 kr 0x00000000 nj 40
[uatrec] S4 r14 blit[0] slots 10 ridp 1
[uatrec] S4 r14 blit[1] slots 11 ridp 1
[uatrec] S4 r14 blit[2] slots 10 ridp 1
[uatrec] S4 r14 blit[3] slots 11 ridp 1
[uatrec] S4 r14 blit[4] slots 10 ridp 1
[uatrec] S4 r14 blit[5] slots 11 ridp 1
[uatrec] S4 r14 blit[6] slots 10 ridp 1
[uatrec] S4 r14 blit[7] slots 11 ridp 1
[mtlr] resource2 sel8 flags 470 sz 0x100000 -> kr 0x00000000 rid 23 GPUVA 0x10002090000 cpu 10752c000
[mtlr]   out: 0000010002090000 000000010752c000 0000000102a85140 0000000000000000
[mtlr]   out: 0000001700000000 0000000000100000 00000000493a2194 000000000001f3cb
[uatrec] S4 r15 victim[0] rid 23 gpuva 0x10002090000 cpu 0x10752c000 (top-of-stack)
[mtlr] resource2 sel8 flags 470 sz 0x100000 -> kr 0x00000000 rid 24 GPUVA 0x10002198000 cpu 10d550000
[mtlr]   out: 0000010002198000 000000010d550000 0000000102a85200 0000000000000000
[mtlr]   out: 0000001800000000 0000000000100000 00000000493a2195 000000000001f3cc
[uatrec] S4 r15 victim[1] rid 24 gpuva 0x10002198000 cpu 0x10d550000 (top-of-stack)
[mtlr] resource2 sel8 flags 470 sz 0x100000 -> kr 0x00000000 rid 25 GPUVA 0x100022a0000 cpu 10d650000
[mtlr]   out: 00000100022a0000 000000010d650000 0000000102a852c0 0000000000000000
[mtlr]   out: 0000001900000000 0000000000100000 00000000493a2196 000000000001f3cd
[uatrec] S4 r15 victim[2] rid 25 gpuva 0x100022a0000 cpu 0x10d650000 (top-of-stack)
[mtlr] resource2 sel8 flags 470 sz 0x100000 -> kr 0x00000000 rid 26 GPUVA 0x100023a8000 cpu 10d750000
[mtlr]   out: 00000100023a8000 000000010d750000 0000000102a85380 0000000000000000
[mtlr]   out: 0000001a00000000 0000000000100000 00000000493a2197 000000000001f3ce
[uatrec] S4 r15 victim[3] rid 26 gpuva 0x100023a8000 cpu 0x10d750000 (top-of-stack)
[mtlr] resource2 sel8 flags 470 sz 0x100000 -> kr 0x00000000 rid 27 GPUVA 0x100024b0000 cpu 10d850000
[mtlr]   out: 00000100024b0000 000000010d850000 0000000102a85440 0000000000000000
[mtlr]   out: 0000001b00000000 0000000000100000 00000000493a2198 000000000001f3cf
[uatrec] S4 r15 victim[4] rid 27 gpuva 0x100024b0000 cpu 0x10d850000 (top-of-stack)
[mtlr] resource2 sel8 flags 470 sz 0x100000 -> kr 0x00000000 rid 28 GPUVA 0x100025b8000 cpu 10d950000
[mtlr]   out: 00000100025b8000 000000010d950000 0000000102a85500 0000000000000000
[mtlr]   out: 0000001c00000000 0000000000100000 00000000493a2199 000000000001f3d0
[uatrec] S4 r15 victim[5] rid 28 gpuva 0x100025b8000 cpu 0x10d950000 (top-of-stack)
[mtlr] resource2 sel8 flags 470 sz 0x100000 -> kr 0x00000000 rid 29 GPUVA 0x100026c0000 cpu 10da50000
[mtlr]   out: 00000100026c0000 000000010da50000 0000000102a855c0 0000000000000000
[mtlr]   out: 0000001d00000000 0000000000100000 00000000493a219a 000000000001f3d1
[uatrec] S4 r15 victim[6] rid 29 gpuva 0x100026c0000 cpu 0x10da50000 (top-of-stack)
[mtlr] resource2 sel8 flags 470 sz 0x100000 -> kr 0x00000000 rid 30 GPUVA 0x100027c8000 cpu 10db50000
[mtlr]   out: 00000100027c8000 000000010db50000 0000000102a85680 0000000000000000
[mtlr]   out: 0000001e00000000 0000000000100000 00000000493a219b 000000000001f3d2
[uatrec] S4 r15 victim[7] rid 30 gpuva 0x100027c8000 cpu 0x10db50000 (top-of-stack)
[mtlr] resource2 sel8 flags 470 sz 0x1000 -> kr 0x00000000 rid 23 GPUVA 0x10002090000 cpu 10762c000
[mtlr]   out: 0000010002090000 000000010762c000 0000000102a85140 0000000000000000
[mtlr]   out: 0000001700000000 0000000000004000 00000000493a21b2 000000000001f3dc
[mtlr] resource2 sel8 flags 470 sz 0x1000 -> kr 0x00000000 rid 23 GPUVA 0x10002090000 cpu 10762c000
[mtlr]   out: 0000010002090000 000000010762c000 0000000102a85140 0000000000000000
[mtlr]   out: 0000001700000000 0000000000004000 00000000493a21b3 000000000001f3dd
[mtlr] resource2 sel8 flags 470 sz 0x1000 -> kr 0x00000000 rid 23 GPUVA 0x10002090000 cpu 10762c000
[mtlr]   out: 0000010002090000 000000010762c000 0000000102a85140 0000000000000000
[mtlr]   out: 0000001700000000 0000000000004000 00000000493a21b4 000000000001f3de
[mtlr] resource2 sel8 flags 470 sz 0x1000 -> kr 0x00000000 rid 23 GPUVA 0x10002090000 cpu 10762c000
[mtlr]   out: 0000010002090000 000000010762c000 0000000102a85140 0000000000000000
[mtlr]   out: 0000001700000000 0000000000004000 00000000493a21b5 000000000001f3df
[mtlr] resource2 sel8 flags 470 sz 0x1000 -> kr 0x00000000 rid 23 GPUVA 0x10002090000 cpu 10762c000
[mtlr]   out: 0000010002090000 000000010762c000 0000000102a85140 0000000000000000
[mtlr]   out: 0000001700000000 0000000000004000 00000000493a21b6 000000000001f3e0
[mtlr] resource2 sel8 flags 470 sz 0x1000 -> kr 0x00000000 rid 23 GPUVA 0x10002090000 cpu 10762c000
[mtlr]   out: 0000010002090000 000000010762c000 0000000102a85140 0000000000000000
[mtlr]   out: 0000001700000000 0000000000004000 00000000493a21b7 000000000001f3e1
[mtlr] resource2 sel8 flags 470 sz 0x1000 -> kr 0x00000000 rid 23 GPUVA 0x10002090000 cpu 10762c000
[mtlr]   out: 0000010002090000 000000010762c000 0000000102a85140 0000000000000000
[mtlr]   out: 0000001700000000 0000000000004000 00000000493a21b8 000000000001f3e2
[mtlr] resource2 sel8 flags 470 sz 0x1000 -> kr 0x00000000 rid 23 GPUVA 0x10002090000 cpu 10762c000
[mtlr]   out: 0000010002090000 000000010762c000 0000000102a85140 0000000000000000
[mtlr]   out: 0000001700000000 0000000000004000 00000000493a21b9 000000000001f3e3
[mtlr] resource2 sel8 flags 470 sz 0x1000 -> kr 0x00000000 rid 23 GPUVA 0x10002090000 cpu 10762c000
[mtlr]   out: 0000010002090000 000000010762c000 0000000102a85140 0000000000000000
[mtlr]   out: 0000001700000000 0000000000004000 00000000493a21ba 000000000001f3e4
[mtlr] resource2 sel8 flags 470 sz 0x1000 -> kr 0x00000000 rid 23 GPUVA 0x10002090000 cpu 10762c000
[mtlr]   out: 0000010002090000 000000010762c000 0000000102a85140 0000000000000000
[mtlr]   out: 0000001700000000 0000000000004000 00000000493a21bb 000000000001f3e5
[mtlr] resource2 sel8 flags 470 sz 0x1000 -> kr 0x00000000 rid 23 GPUVA 0x10002090000 cpu 10762c000
[mtlr]   out: 0000010002090000 000000010762c000 0000000102a85140 0000000000000000
[mtlr]   out: 0000001700000000 0000000000004000 00000000493a21bc 000000000001f3e6
[mtlr] resource2 sel8 flags 470 sz 0x1000 -> kr 0x00000000 rid 23 GPUVA 0x10002090000 cpu 10762c000
[mtlr]   out: 0000010002090000 000000010762c000 0000000102a85140 0000000000000000
[mtlr]   out: 0000001700000000 0000000000004000 00000000493a21bd 000000000001f3e7
[mtlr] resource2 sel8 flags 470 sz 0x1000 -> kr 0x00000000 rid 23 GPUVA 0x10002090000 cpu 10762c000
[mtlr]   out: 0000010002090000 000000010762c000 0000000102a85140 0000000000000000
[mtlr]   out: 0000001700000000 0000000000004000 00000000493a21be 000000000001f3e8
[mtlr] resource2 sel8 flags 470 sz 0x1000 -> kr 0x00000000 rid 23 GPUVA 0x10002090000 cpu 10762c000
[mtlr]   out: 0000010002090000 000000010762c000 0000000102a85140 0000000000000000
[mtlr]   out: 0000001700000000 0000000000004000 00000000493a21bf 000000000001f3e9
[mtlr] resource2 sel8 flags 470 sz 0x1000 -> kr 0x00000000 rid 23 GPUVA 0x10002090000 cpu 10762c000
[mtlr]   out: 0000010002090000 000000010762c000 0000000102a85140 0000000000000000
[mtlr]   out: 0000001700000000 0000000000004000 00000000493a21c0 000000000001f3ea
[mtlr] resource2 sel8 flags 470 sz 0x1000 -> kr 0x00000000 rid 23 GPUVA 0x10002090000 cpu 10762c000
[mtlr]   out: 0000010002090000 000000010762c000 0000000102a85140 0000000000000000
[mtlr]   out: 0000001700000000 0000000000004000 00000000493a21c1 000000000001f3eb
[mtlr] resource2 sel8 flags 470 sz 0x1000 -> kr 0x00000000 rid 23 GPUVA 0x10002090000 cpu 10762c000
[mtlr]   out: 0000010002090000 000000010762c000 0000000102a85140 0000000000000000
[mtlr]   out: 0000001700000000 0000000000004000 00000000493a21c2 000000000001f3ec
[mtlr] resource2 sel8 flags 470 sz 0x1000 -> kr 0x00000000 rid 23 GPUVA 0x10002090000 cpu 10762c000
[mtlr]   out: 0000010002090000 000000010762c000 0000000102a85140 0000000000000000
[mtlr]   out: 0000001700000000 0000000000004000 00000000493a21c3 000000000001f3ed
[mtlr] resource2 sel8 flags 470 sz 0x1000 -> kr 0x00000000 rid 23 GPUVA 0x10002090000 cpu 10762c000
[mtlr]   out: 0000010002090000 000000010762c000 0000000102a85140 0000000000000000
[mtlr]   out: 0000001700000000 0000000000004000 00000000493a21c4 000000000001f3ee
[mtlr] resource2 sel8 flags 470 sz 0x1000 -> kr 0x00000000 rid 23 GPUVA 0x10002090000 cpu 10762c000
[mtlr]   out: 0000010002090000 000000010762c000 0000000102a85140 0000000000000000
[mtlr]   out: 0000001700000000 0000000000004000 00000000493a21c5 000000000001f3ef
[mtlr] resource2 sel8 flags 470 sz 0x1000 -> kr 0x00000000 rid 23 GPUVA 0x10002090000 cpu 10762c000
[mtlr]   out: 0000010002090000 000000010762c000 0000000102a85140 0000000000000000
[mtlr]   out: 0000001700000000 0000000000004000 00000000493a21c6 000000000001f3f0
[mtlr] resource2 sel8 flags 470 sz 0x1000 -> kr 0x00000000 rid 23 GPUVA 0x10002090000 cpu 10762c000
[mtlr]   out: 0000010002090000 000000010762c000 0000000102a85140 0000000000000000
[mtlr]   out: 0000001700000000 0000000000004000 00000000493a21c7 000000000001f3f1
[mtlr] resource2 sel8 flags 470 sz 0x1000 -> kr 0x00000000 rid 23 GPUVA 0x10002090000 cpu 10762c000
[mtlr]   out: 0000010002090000 000000010762c000 0000000102a85140 0000000000000000
[mtlr]   out: 0000001700000000 0000000000004000 00000000493a21c8 000000000001f3f2
[mtlr] resource2 sel8 flags 470 sz 0x1000 -> kr 0x00000000 rid 23 GPUVA 0x10002090000 cpu 10762c000
[mtlr]   out: 0000010002090000 000000010762c000 0000000102a85140 0000000000000000
[mtlr]   out: 0000001700000000 0000000000004000 00000000493a21c9 000000000001f3f3
[mtlr] resource2 sel8 flags 470 sz 0x1000 -> kr 0x00000000 rid 23 GPUVA 0x10002090000 cpu 10762c000
[mtlr]   out: 0000010002090000 000000010762c000 0000000102a85140 0000000000000000
[mtlr]   out: 0000001700000000 0000000000004000 00000000493a21ca 000000000001f3f4
[mtlr] resource2 sel8 flags 470 sz 0x1000 -> kr 0x00000000 rid 23 GPUVA 0x10002090000 cpu 10762c000
[mtlr]   out: 0000010002090000 000000010762c000 0000000102a85140 0000000000000000
[mtlr]   out: 0000001700000000 0000000000004000 00000000493a21cb 000000000001f3f5
[mtlr] resource2 sel8 flags 470 sz 0x1000 -> kr 0x00000000 rid 23 GPUVA 0x10002090000 cpu 10762c000
[mtlr]   out: 0000010002090000 000000010762c000 0000000102a85140 0000000000000000
[mtlr]   out: 0000001700000000 0000000000004000 00000000493a21cc 000000000001f3f6
[mtlr] resource2 sel8 flags 470 sz 0x1000 -> kr 0x00000000 rid 23 GPUVA 0x10002090000 cpu 10762c000
[mtlr]   out: 0000010002090000 000000010762c000 0000000102a85140 0000000000000000
[mtlr]   out: 0000001700000000 0000000000004000 00000000493a21cd 000000000001f3f7
[mtlr] resource2 sel8 flags 470 sz 0x1000 -> kr 0x00000000 rid 23 GPUVA 0x10002090000 cpu 10762c000
[mtlr]   out: 0000010002090000 000000010762c000 0000000102a85140 0000000000000000
[mtlr]   out: 0000001700000000 0000000000004000 00000000493a21ce 000000000001f3f8
[mtlr] resource2 sel8 flags 470 sz 0x1000 -> kr 0x00000000 rid 23 GPUVA 0x10002090000 cpu 10762c000
[mtlr]   out: 0000010002090000 000000010762c000 0000000102a85140 0000000000000000
[mtlr]   out: 0000001700000000 0000000000004000 00000000493a21cf 000000000001f3f9
[mtlr] resource2 sel8 flags 470 sz 0x1000 -> kr 0x00000000 rid 23 GPUVA 0x10002090000 cpu 10762c000
[mtlr]   out: 0000010002090000 000000010762c000 0000000102a85140 0000000000000000
[mtlr]   out: 0000001700000000 0000000000004000 00000000493a21d0 000000000001f3fa
[mtlr] resource2 sel8 flags 470 sz 0x1000 -> kr 0x00000000 rid 23 GPUVA 0x10002090000 cpu 10762c000
[mtlr]   out: 0000010002090000 000000010762c000 0000000102a85140 0000000000000000
[mtlr]   out: 0000001700000000 0000000000004000 00000000493a21d1 000000000001f3fb
[mtlr] resource2 sel8 flags 470 sz 0x1000 -> kr 0x00000000 rid 23 GPUVA 0x10002090000 cpu 10762c000
[mtlr]   out: 0000010002090000 000000010762c000 0000000102a85140 0000000000000000
[mtlr]   out: 0000001700000000 0000000000004000 00000000493a21d2 000000000001f3fc
[mtlr] resource2 sel8 flags 470 sz 0x1000 -> kr 0x00000000 rid 23 GPUVA 0x10002090000 cpu 10762c000
[mtlr]   out: 0000010002090000 000000010762c000 0000000102a85140 0000000000000000
[mtlr]   out: 0000001700000000 0000000000004000 00000000493a21d3 000000000001f3fd
[mtlr] resource2 sel8 flags 470 sz 0x1000 -> kr 0x00000000 rid 23 GPUVA 0x10002090000 cpu 10762c000
[mtlr]   out: 0000010002090000 000000010762c000 0000000102a85140 0000000000000000
[mtlr]   out: 0000001700000000 0000000000004000 00000000493a21d4 000000000001f3fe
[mtlr] resource2 sel8 flags 470 sz 0x1000 -> kr 0x00000000 rid 23 GPUVA 0x10002090000 cpu 10762c000
[mtlr]   out: 0000010002090000 000000010762c000 0000000102a85140 0000000000000000
[mtlr]   out: 0000001700000000 0000000000004000 00000000493a21d5 000000000001f3ff
[mtlr] resource2 sel8 flags 470 sz 0x1000 -> kr 0x00000000 rid 23 GPUVA 0x10002090000 cpu 10762c000
[mtlr]   out: 0000010002090000 000000010762c000 0000000102a85140 0000000000000000
[mtlr]   out: 0000001700000000 0000000000004000 00000000493a21d6 000000000001f400
[mtlr] resource2 sel8 flags 470 sz 0x1000 -> kr 0x00000000 rid 23 GPUVA 0x10002090000 cpu 10762c000
[mtlr]   out: 0000010002090000 000000010762c000 0000000102a85140 0000000000000000
[mtlr]   out: 0000001700000000 0000000000004000 00000000493a21d7 000000000001f401
[mtlr] resource2 sel8 flags 470 sz 0x1000 -> kr 0x00000000 rid 23 GPUVA 0x10002090000 cpu 10762c000
[mtlr]   out: 0000010002090000 000000010762c000 0000000102a85140 0000000000000000
[mtlr]   out: 0000001700000000 0000000000004000 00000000493a21d8 000000000001f402
[mtlr] resource2 sel8 flags 470 sz 0x1000 -> kr 0x00000000 rid 23 GPUVA 0x10002090000 cpu 10762c000
[mtlr]   out: 0000010002090000 000000010762c000 0000000102a85140 0000000000000000
[mtlr]   out: 0000001700000000 0000000000004000 00000000493a21d9 000000000001f403
[uatrec] S4 r15 (+1s): nvv 8 ncb 8 vsz 0x100000 fill 0x0 destroy0 kr 0x00000000 nj 40
[uatrec] S4 r15 blit[0] slots 11 ridp 1
[uatrec] S4 r15 blit[1] slots 10 ridp 1
[uatrec] S4 r15 blit[2] slots 11 ridp 1
[uatrec] S4 r15 blit[3] slots 10 ridp 1
[uatrec] S4 r15 blit[4] slots 11 ridp 1
[uatrec] S4 r15 blit[5] slots 10 ridp 1
[uatrec] S4 r15 blit[6] slots 11 ridp 1
[uatrec] S4 r15 blit[7] slots 10 ridp 1
[mtlr] resource2 sel8 flags 470 sz 0x100000 -> kr 0x00000000 rid 23 GPUVA 0x10002090000 cpu 10dd50000
[mtlr]   out: 0000010002090000 000000010dd50000 0000000102a85140 0000000000000000
[mtlr]   out: 0000001700000000 0000000000100000 00000000493a21eb 000000000001f406
[uatrec] S4 r16 victim[0] rid 23 gpuva 0x10002090000 cpu 0x10dd50000 (top-of-stack)
[mtlr] resource2 sel8 flags 470 sz 0x100000 -> kr 0x00000000 rid 24 GPUVA 0x10002198000 cpu 10de50000
[mtlr]   out: 0000010002198000 000000010de50000 0000000102a85200 0000000000000000
[mtlr]   out: 0000001800000000 0000000000100000 00000000493a21ee 000000000001f407
[uatrec] S4 r16 victim[1] rid 24 gpuva 0x10002198000 cpu 0x10de50000 (top-of-stack)
[mtlr] resource2 sel8 flags 470 sz 0x100000 -> kr 0x00000000 rid 25 GPUVA 0x100022a0000 cpu 10e400000
[mtlr]   out: 00000100022a0000 000000010e400000 0000000102a852c0 0000000000000000
[mtlr]   out: 0000001900000000 0000000000100000 00000000493a21f2 000000000001f408
[uatrec] S4 r16 victim[2] rid 25 gpuva 0x100022a0000 cpu 0x10e400000 (top-of-stack)
[mtlr] resource2 sel8 flags 470 sz 0x100000 -> kr 0x00000000 rid 26 GPUVA 0x100023a8000 cpu 10e500000
[mtlr]   out: 00000100023a8000 000000010e500000 0000000102a85380 0000000000000000
[mtlr]   out: 0000001a00000000 0000000000100000 00000000493a21f3 000000000001f409
[uatrec] S4 r16 victim[3] rid 26 gpuva 0x100023a8000 cpu 0x10e500000 (top-of-stack)
[mtlr] resource2 sel8 flags 470 sz 0x100000 -> kr 0x00000000 rid 27 GPUVA 0x100024b0000 cpu 10e600000
[mtlr]   out: 00000100024b0000 000000010e600000 0000000102a85440 0000000000000000
[mtlr]   out: 0000001b00000000 0000000000100000 00000000493a21f4 000000000001f40a
[uatrec] S4 r16 victim[4] rid 27 gpuva 0x100024b0000 cpu 0x10e600000 (top-of-stack)
[mtlr] resource2 sel8 flags 470 sz 0x100000 -> kr 0x00000000 rid 28 GPUVA 0x100025b8000 cpu 10e700000
[mtlr]   out: 00000100025b8000 000000010e700000 0000000102a85500 0000000000000000
[mtlr]   out: 0000001c00000000 0000000000100000 00000000493a21f5 000000000001f40b
[uatrec] S4 r16 victim[5] rid 28 gpuva 0x100025b8000 cpu 0x10e700000 (top-of-stack)
[mtlr] resource2 sel8 flags 470 sz 0x100000 -> kr 0x00000000 rid 29 GPUVA 0x100026c0000 cpu 10e800000
[mtlr]   out: 00000100026c0000 000000010e800000 0000000102a855c0 0000000000000000
[mtlr]   out: 0000001d00000000 0000000000100000 00000000493a21f6 000000000001f40c
[uatrec] S4 r16 victim[6] rid 29 gpuva 0x100026c0000 cpu 0x10e800000 (top-of-stack)
[mtlr] resource2 sel8 flags 470 sz 0x100000 -> kr 0x00000000 rid 30 GPUVA 0x100027c8000 cpu 10e900000
[mtlr]   out: 00000100027c8000 000000010e900000 0000000102a85680 0000000000000000
[mtlr]   out: 0000001e00000000 0000000000100000 00000000493a21f7 000000000001f40d
[uatrec] S4 r16 victim[7] rid 30 gpuva 0x100027c8000 cpu 0x10e900000 (top-of-stack)
[mtlr] resource2 sel8 flags 470 sz 0x1000 -> kr 0x00000000 rid 23 GPUVA 0x10002090000 cpu 10762c000
[mtlr]   out: 0000010002090000 000000010762c000 0000000102a85140 0000000000000000
[mtlr]   out: 0000001700000000 0000000000004000 00000000493a2209 000000000001f417
[mtlr] resource2 sel8 flags 470 sz 0x1000 -> kr 0x00000000 rid 23 GPUVA 0x10002090000 cpu 10762c000
[mtlr]   out: 0000010002090000 000000010762c000 0000000102a85140 0000000000000000
[mtlr]   out: 0000001700000000 0000000000004000 00000000493a220a 000000000001f418
[mtlr] resource2 sel8 flags 470 sz 0x1000 -> kr 0x00000000 rid 23 GPUVA 0x10002090000 cpu 10762c000
[mtlr]   out: 0000010002090000 000000010762c000 0000000102a85140 0000000000000000
[mtlr]   out: 0000001700000000 0000000000004000 00000000493a220b 000000000001f419
[mtlr] resource2 sel8 flags 470 sz 0x1000 -> kr 0x00000000 rid 23 GPUVA 0x10002090000 cpu 10762c000
[mtlr]   out: 0000010002090000 000000010762c000 0000000102a85140 0000000000000000
[mtlr]   out: 0000001700000000 0000000000004000 00000000493a220c 000000000001f41a
[mtlr] resource2 sel8 flags 470 sz 0x1000 -> kr 0x00000000 rid 23 GPUVA 0x10002090000 cpu 10762c000
[mtlr]   out: 0000010002090000 000000010762c000 0000000102a85140 0000000000000000
[mtlr]   out: 0000001700000000 0000000000004000 00000000493a220d 000000000001f41b
[mtlr] resource2 sel8 flags 470 sz 0x1000 -> kr 0x00000000 rid 23 GPUVA 0x10002090000 cpu 10762c000
[mtlr]   out: 0000010002090000 000000010762c000 0000000102a85140 0000000000000000
[mtlr]   out: 0000001700000000 0000000000004000 00000000493a220e 000000000001f41c
[mtlr] resource2 sel8 flags 470 sz 0x1000 -> kr 0x00000000 rid 23 GPUVA 0x10002090000 cpu 10762c000
[mtlr]   out: 0000010002090000 000000010762c000 0000000102a85140 0000000000000000
[mtlr]   out: 0000001700000000 0000000000004000 00000000493a220f 000000000001f41d
[mtlr] resource2 sel8 flags 470 sz 0x1000 -> kr 0x00000000 rid 23 GPUVA 0x10002090000 cpu 10762c000
[mtlr]   out: 0000010002090000 000000010762c000 0000000102a85140 0000000000000000
[mtlr]   out: 0000001700000000 0000000000004000 00000000493a2210 000000000001f41e
[mtlr] resource2 sel8 flags 470 sz 0x1000 -> kr 0x00000000 rid 23 GPUVA 0x10002090000 cpu 10762c000
[mtlr]   out: 0000010002090000 000000010762c000 0000000102a85140 0000000000000000
[mtlr]   out: 0000001700000000 0000000000004000 00000000493a2211 000000000001f41f
[mtlr] resource2 sel8 flags 470 sz 0x1000 -> kr 0x00000000 rid 23 GPUVA 0x10002090000 cpu 10762c000
[mtlr]   out: 0000010002090000 000000010762c000 0000000102a85140 0000000000000000
[mtlr]   out: 0000001700000000 0000000000004000 00000000493a2216 000000000001f420
[mtlr] resource2 sel8 flags 470 sz 0x1000 -> kr 0x00000000 rid 23 GPUVA 0x10002090000 cpu 10762c000
[mtlr]   out: 0000010002090000 000000010762c000 0000000102a85140 0000000000000000
[mtlr]   out: 0000001700000000 0000000000004000 00000000493a2218 000000000001f421
[mtlr] resource2 sel8 flags 470 sz 0x1000 -> kr 0x00000000 rid 23 GPUVA 0x10002090000 cpu 10762c000
[mtlr]   out: 0000010002090000 000000010762c000 0000000102a85140 0000000000000000
[mtlr]   out: 0000001700000000 0000000000004000 00000000493a2219 000000000001f422
[mtlr] resource2 sel8 flags 470 sz 0x1000 -> kr 0x00000000 rid 23 GPUVA 0x10002090000 cpu 10762c000
[mtlr]   out: 0000010002090000 000000010762c000 0000000102a85140 0000000000000000
[mtlr]   out: 0000001700000000 0000000000004000 00000000493a221a 000000000001f423
[mtlr] resource2 sel8 flags 470 sz 0x1000 -> kr 0x00000000 rid 23 GPUVA 0x10002090000 cpu 10762c000
[mtlr]   out: 0000010002090000 000000010762c000 0000000102a85140 0000000000000000
[mtlr]   out: 0000001700000000 0000000000004000 00000000493a221b 000000000001f424
[mtlr] resource2 sel8 flags 470 sz 0x1000 -> kr 0x00000000 rid 23 GPUVA 0x10002090000 cpu 10762c000
[mtlr]   out: 0000010002090000 000000010762c000 0000000102a85140 0000000000000000
[mtlr]   out: 0000001700000000 0000000000004000 00000000493a221c 000000000001f425
[mtlr] resource2 sel8 flags 470 sz 0x1000 -> kr 0x00000000 rid 23 GPUVA 0x10002090000 cpu 10762c000
[mtlr]   out: 0000010002090000 000000010762c000 0000000102a85140 0000000000000000
[mtlr]   out: 0000001700000000 0000000000004000 00000000493a221d 000000000001f426
[mtlr] resource2 sel8 flags 470 sz 0x1000 -> kr 0x00000000 rid 23 GPUVA 0x10002090000 cpu 10762c000
[mtlr]   out: 0000010002090000 000000010762c000 0000000102a85140 0000000000000000
[mtlr]   out: 0000001700000000 0000000000004000 00000000493a221e 000000000001f427
[mtlr] resource2 sel8 flags 470 sz 0x1000 -> kr 0x00000000 rid 23 GPUVA 0x10002090000 cpu 10762c000
[mtlr]   out: 0000010002090000 000000010762c000 0000000102a85140 0000000000000000
[mtlr]   out: 0000001700000000 0000000000004000 00000000493a221f 000000000001f428
[mtlr] resource2 sel8 flags 470 sz 0x1000 -> kr 0x00000000 rid 23 GPUVA 0x10002090000 cpu 10762c000
[mtlr]   out: 0000010002090000 000000010762c000 0000000102a85140 0000000000000000
[mtlr]   out: 0000001700000000 0000000000004000 00000000493a2220 000000000001f429
[mtlr] resource2 sel8 flags 470 sz 0x1000 -> kr 0x00000000 rid 23 GPUVA 0x10002090000 cpu 10762c000
[mtlr]   out: 0000010002090000 000000010762c000 0000000102a85140 0000000000000000
[mtlr]   out: 0000001700000000 0000000000004000 00000000493a2221 000000000001f42a
[mtlr] resource2 sel8 flags 470 sz 0x1000 -> kr 0x00000000 rid 23 GPUVA 0x10002090000 cpu 10762c000
[mtlr]   out: 0000010002090000 000000010762c000 0000000102a85140 0000000000000000
[mtlr]   out: 0000001700000000 0000000000004000 00000000493a2222 000000000001f42b
[mtlr] resource2 sel8 flags 470 sz 0x1000 -> kr 0x00000000 rid 23 GPUVA 0x10002090000 cpu 10762c000
[mtlr]   out: 0000010002090000 000000010762c000 0000000102a85140 0000000000000000
[mtlr]   out: 0000001700000000 0000000000004000 00000000493a2223 000000000001f42c
[mtlr] resource2 sel8 flags 470 sz 0x1000 -> kr 0x00000000 rid 23 GPUVA 0x10002090000 cpu 10762c000
[mtlr]   out: 0000010002090000 000000010762c000 0000000102a85140 0000000000000000
[mtlr]   out: 0000001700000000 0000000000004000 00000000493a2224 000000000001f42d
[mtlr] resource2 sel8 flags 470 sz 0x1000 -> kr 0x00000000 rid 23 GPUVA 0x10002090000 cpu 10762c000
[mtlr]   out: 0000010002090000 000000010762c000 0000000102a85140 0000000000000000
[mtlr]   out: 0000001700000000 0000000000004000 00000000493a2225 000000000001f42e
[mtlr] resource2 sel8 flags 470 sz 0x1000 -> kr 0x00000000 rid 23 GPUVA 0x10002090000 cpu 10762c000
[mtlr]   out: 0000010002090000 000000010762c000 0000000102a85140 0000000000000000
[mtlr]   out: 0000001700000000 0000000000004000 00000000493a2226 000000000001f42f
[mtlr] resource2 sel8 flags 470 sz 0x1000 -> kr 0x00000000 rid 23 GPUVA 0x10002090000 cpu 10762c000
[mtlr]   out: 0000010002090000 000000010762c000 0000000102a85140 0000000000000000
[mtlr]   out: 0000001700000000 0000000000004000 00000000493a2227 000000000001f430
[mtlr] resource2 sel8 flags 470 sz 0x1000 -> kr 0x00000000 rid 23 GPUVA 0x10002090000 cpu 10762c000
[mtlr]   out: 0000010002090000 000000010762c000 0000000102a85140 0000000000000000
[mtlr]   out: 0000001700000000 0000000000004000 00000000493a2228 000000000001f431
[mtlr] resource2 sel8 flags 470 sz 0x1000 -> kr 0x00000000 rid 23 GPUVA 0x10002090000 cpu 10762c000
[mtlr]   out: 0000010002090000 000000010762c000 0000000102a85140 0000000000000000
[mtlr]   out: 0000001700000000 0000000000004000 00000000493a2229 000000000001f432
[mtlr] resource2 sel8 flags 470 sz 0x1000 -> kr 0x00000000 rid 23 GPUVA 0x10002090000 cpu 10762c000
[mtlr]   out: 0000010002090000 000000010762c000 0000000102a85140 0000000000000000
[mtlr]   out: 0000001700000000 0000000000004000 00000000493a222a 000000000001f433
[mtlr] resource2 sel8 flags 470 sz 0x1000 -> kr 0x00000000 rid 23 GPUVA 0x10002090000 cpu 10762c000
[mtlr]   out: 0000010002090000 000000010762c000 0000000102a85140 0000000000000000
[mtlr]   out: 0000001700000000 0000000000004000 00000000493a222b 000000000001f434
[mtlr] resource2 sel8 flags 470 sz 0x1000 -> kr 0x00000000 rid 23 GPUVA 0x10002090000 cpu 10762c000
[mtlr]   out: 0000010002090000 000000010762c000 0000000102a85140 0000000000000000
[mtlr]   out: 0000001700000000 0000000000004000 00000000493a222c 000000000001f435
[mtlr] resource2 sel8 flags 470 sz 0x1000 -> kr 0x00000000 rid 23 GPUVA 0x10002090000 cpu 10762c000
[mtlr]   out: 0000010002090000 000000010762c000 0000000102a85140 0000000000000000
[mtlr]   out: 0000001700000000 0000000000004000 00000000493a222d 000000000001f436
[mtlr] resource2 sel8 flags 470 sz 0x1000 -> kr 0x00000000 rid 23 GPUVA 0x10002090000 cpu 10762c000
[mtlr]   out: 0000010002090000 000000010762c000 0000000102a85140 0000000000000000
[mtlr]   out: 0000001700000000 0000000000004000 00000000493a222e 000000000001f437
[mtlr] resource2 sel8 flags 470 sz 0x1000 -> kr 0x00000000 rid 23 GPUVA 0x10002090000 cpu 10762c000
[mtlr]   out: 0000010002090000 000000010762c000 0000000102a85140 0000000000000000
[mtlr]   out: 0000001700000000 0000000000004000 00000000493a222f 000000000001f438
[mtlr] resource2 sel8 flags 470 sz 0x1000 -> kr 0x00000000 rid 23 GPUVA 0x10002090000 cpu 10762c000
[mtlr]   out: 0000010002090000 000000010762c000 0000000102a85140 0000000000000000
[mtlr]   out: 0000001700000000 0000000000004000 00000000493a2230 000000000001f439
[mtlr] resource2 sel8 flags 470 sz 0x1000 -> kr 0x00000000 rid 23 GPUVA 0x10002090000 cpu 10762c000
[mtlr]   out: 0000010002090000 000000010762c000 0000000102a85140 0000000000000000
[mtlr]   out: 0000001700000000 0000000000004000 00000000493a2231 000000000001f43a
[mtlr] resource2 sel8 flags 470 sz 0x1000 -> kr 0x00000000 rid 23 GPUVA 0x10002090000 cpu 10762c000
[mtlr]   out: 0000010002090000 000000010762c000 0000000102a85140 0000000000000000
[mtlr]   out: 0000001700000000 0000000000004000 00000000493a2232 000000000001f43b
[mtlr] resource2 sel8 flags 470 sz 0x1000 -> kr 0x00000000 rid 23 GPUVA 0x10002090000 cpu 10762c000
[mtlr]   out: 0000010002090000 000000010762c000 0000000102a85140 0000000000000000
[mtlr]   out: 0000001700000000 0000000000004000 00000000493a2233 000000000001f43c
[mtlr] resource2 sel8 flags 470 sz 0x1000 -> kr 0x00000000 rid 23 GPUVA 0x10002090000 cpu 10762c000
[mtlr]   out: 0000010002090000 000000010762c000 0000000102a85140 0000000000000000
[mtlr]   out: 0000001700000000 0000000000004000 00000000493a2234 000000000001f43d
[mtlr] resource2 sel8 flags 470 sz 0x1000 -> kr 0x00000000 rid 23 GPUVA 0x10002090000 cpu 10762c000
[mtlr]   out: 0000010002090000 000000010762c000 0000000102a85140 0000000000000000
[mtlr]   out: 0000001700000000 0000000000004000 00000000493a2235 000000000001f43e
[uatrec] S4 r16 (+1s): nvv 8 ncb 8 vsz 0x100000 fill 0x0 destroy0 kr 0x00000000 nj 40
[uatrec] S4 r16 blit[0] slots 10 ridp 1
[uatrec] S4 r16 blit[1] slots 11 ridp 1
[uatrec] S4 r16 blit[2] slots 10 ridp 1
[uatrec] S4 r16 blit[3] slots 11 ridp 1
[uatrec] S4 r16 blit[4] slots 10 ridp 1
[uatrec] S4 r16 blit[5] slots 11 ridp 1
[uatrec] S4 r16 blit[6] slots 10 ridp 1
[uatrec] S4 r16 blit[7] slots 11 ridp 1
[mtlr] resource2 sel8 flags 470 sz 0x100000 -> kr 0x00000000 rid 23 GPUVA 0x10002090000 cpu 10752c000
[mtlr]   out: 0000010002090000 000000010752c000 0000000102a85140 0000000000000000
[mtlr]   out: 0000001700000000 0000000000100000 00000000493a2247 000000000001f441
[uatrec] S4 r17 victim[0] rid 23 gpuva 0x10002090000 cpu 0x10752c000 (top-of-stack)
[mtlr] resource2 sel8 flags 470 sz 0x100000 -> kr 0x00000000 rid 24 GPUVA 0x10002198000 cpu 10d550000
[mtlr]   out: 0000010002198000 000000010d550000 0000000102a85200 0000000000000000
[mtlr]   out: 0000001800000000 0000000000100000 00000000493a2248 000000000001f442
[uatrec] S4 r17 victim[1] rid 24 gpuva 0x10002198000 cpu 0x10d550000 (top-of-stack)
[mtlr] resource2 sel8 flags 470 sz 0x100000 -> kr 0x00000000 rid 25 GPUVA 0x100022a0000 cpu 10d650000
[mtlr]   out: 00000100022a0000 000000010d650000 0000000102a852c0 0000000000000000
[mtlr]   out: 0000001900000000 0000000000100000 00000000493a2249 000000000001f443
[uatrec] S4 r17 victim[2] rid 25 gpuva 0x100022a0000 cpu 0x10d650000 (top-of-stack)
[mtlr] resource2 sel8 flags 470 sz 0x100000 -> kr 0x00000000 rid 26 GPUVA 0x100023a8000 cpu 10d750000
[mtlr]   out: 00000100023a8000 000000010d750000 0000000102a85380 0000000000000000
[mtlr]   out: 0000001a00000000 0000000000100000 00000000493a224a 000000000001f444
[uatrec] S4 r17 victim[3] rid 26 gpuva 0x100023a8000 cpu 0x10d750000 (top-of-stack)
[mtlr] resource2 sel8 flags 470 sz 0x100000 -> kr 0x00000000 rid 27 GPUVA 0x100024b0000 cpu 10d850000
[mtlr]   out: 00000100024b0000 000000010d850000 0000000102a85440 0000000000000000
[mtlr]   out: 0000001b00000000 0000000000100000 00000000493a224b 000000000001f445
[uatrec] S4 r17 victim[4] rid 27 gpuva 0x100024b0000 cpu 0x10d850000 (top-of-stack)
[mtlr] resource2 sel8 flags 470 sz 0x100000 -> kr 0x00000000 rid 28 GPUVA 0x100025b8000 cpu 10d950000
[mtlr]   out: 00000100025b8000 000000010d950000 0000000102a85500 0000000000000000
[mtlr]   out: 0000001c00000000 0000000000100000 00000000493a224c 000000000001f446
[uatrec] S4 r17 victim[5] rid 28 gpuva 0x100025b8000 cpu 0x10d950000 (top-of-stack)
[mtlr] resource2 sel8 flags 470 sz 0x100000 -> kr 0x00000000 rid 29 GPUVA 0x100026c0000 cpu 10da50000
[mtlr]   out: 00000100026c0000 000000010da50000 0000000102a855c0 0000000000000000
[mtlr]   out: 0000001d00000000 0000000000100000 00000000493a224d 000000000001f447
[uatrec] S4 r17 victim[6] rid 29 gpuva 0x100026c0000 cpu 0x10da50000 (top-of-stack)
[mtlr] resource2 sel8 flags 470 sz 0x100000 -> kr 0x00000000 rid 30 GPUVA 0x100027c8000 cpu 10db50000
[mtlr]   out: 00000100027c8000 000000010db50000 0000000102a85680 0000000000000000
[mtlr]   out: 0000001e00000000 0000000000100000 00000000493a224e 000000000001f448
[uatrec] S4 r17 victim[7] rid 30 gpuva 0x100027c8000 cpu 0x10db50000 (top-of-stack)
[mtlr] resource2 sel8 flags 470 sz 0x1000 -> kr 0x00000000 rid 23 GPUVA 0x10002090000 cpu 10762c000
[mtlr]   out: 0000010002090000 000000010762c000 0000000102a85140 0000000000000000
[mtlr]   out: 0000001700000000 0000000000004000 00000000493a2265 000000000001f452
[mtlr] resource2 sel8 flags 470 sz 0x1000 -> kr 0x00000000 rid 23 GPUVA 0x10002090000 cpu 10762c000
[mtlr]   out: 0000010002090000 000000010762c000 0000000102a85140 0000000000000000
[mtlr]   out: 0000001700000000 0000000000004000 00000000493a2266 000000000001f453
[mtlr] resource2 sel8 flags 470 sz 0x1000 -> kr 0x00000000 rid 23 GPUVA 0x10002090000 cpu 10762c000
[mtlr]   out: 0000010002090000 000000010762c000 0000000102a85140 0000000000000000
[mtlr]   out: 0000001700000000 0000000000004000 00000000493a2267 000000000001f454
[mtlr] resource2 sel8 flags 470 sz 0x1000 -> kr 0x00000000 rid 23 GPUVA 0x10002090000 cpu 10762c000
[mtlr]   out: 0000010002090000 000000010762c000 0000000102a85140 0000000000000000
[mtlr]   out: 0000001700000000 0000000000004000 00000000493a2268 000000000001f455
[mtlr] resource2 sel8 flags 470 sz 0x1000 -> kr 0x00000000 rid 23 GPUVA 0x10002090000 cpu 10762c000
[mtlr]   out: 0000010002090000 000000010762c000 0000000102a85140 0000000000000000
[mtlr]   out: 0000001700000000 0000000000004000 00000000493a2269 000000000001f456
[mtlr] resource2 sel8 flags 470 sz 0x1000 -> kr 0x00000000 rid 23 GPUVA 0x10002090000 cpu 10762c000
[mtlr]   out: 0000010002090000 000000010762c000 0000000102a85140 0000000000000000
[mtlr]   out: 0000001700000000 0000000000004000 00000000493a226a 000000000001f457
[mtlr] resource2 sel8 flags 470 sz 0x1000 -> kr 0x00000000 rid 23 GPUVA 0x10002090000 cpu 10762c000
[mtlr]   out: 0000010002090000 000000010762c000 0000000102a85140 0000000000000000
[mtlr]   out: 0000001700000000 0000000000004000 00000000493a226b 000000000001f458
[mtlr] resource2 sel8 flags 470 sz 0x1000 -> kr 0x00000000 rid 23 GPUVA 0x10002090000 cpu 10762c000
[mtlr]   out: 0000010002090000 000000010762c000 0000000102a85140 0000000000000000
[mtlr]   out: 0000001700000000 0000000000004000 00000000493a226c 000000000001f459
[mtlr] resource2 sel8 flags 470 sz 0x1000 -> kr 0x00000000 rid 23 GPUVA 0x10002090000 cpu 10762c000
[mtlr]   out: 0000010002090000 000000010762c000 0000000102a85140 0000000000000000
[mtlr]   out: 0000001700000000 0000000000004000 00000000493a226d 000000000001f45a
[mtlr] resource2 sel8 flags 470 sz 0x1000 -> kr 0x00000000 rid 23 GPUVA 0x10002090000 cpu 10762c000
[mtlr]   out: 0000010002090000 000000010762c000 0000000102a85140 0000000000000000
[mtlr]   out: 0000001700000000 0000000000004000 00000000493a226e 000000000001f45b
[mtlr] resource2 sel8 flags 470 sz 0x1000 -> kr 0x00000000 rid 23 GPUVA 0x10002090000 cpu 10762c000
[mtlr]   out: 0000010002090000 000000010762c000 0000000102a85140 0000000000000000
[mtlr]   out: 0000001700000000 0000000000004000 00000000493a226f 000000000001f45c
[mtlr] resource2 sel8 flags 470 sz 0x1000 -> kr 0x00000000 rid 23 GPUVA 0x10002090000 cpu 10762c000
[mtlr]   out: 0000010002090000 000000010762c000 0000000102a85140 0000000000000000
[mtlr]   out: 0000001700000000 0000000000004000 00000000493a2270 000000000001f45d
[mtlr] resource2 sel8 flags 470 sz 0x1000 -> kr 0x00000000 rid 23 GPUVA 0x10002090000 cpu 10762c000
[mtlr]   out: 0000010002090000 000000010762c000 0000000102a85140 0000000000000000
[mtlr]   out: 0000001700000000 0000000000004000 00000000493a2271 000000000001f45e
[mtlr] resource2 sel8 flags 470 sz 0x1000 -> kr 0x00000000 rid 23 GPUVA 0x10002090000 cpu 10762c000
[mtlr]   out: 0000010002090000 000000010762c000 0000000102a85140 0000000000000000
[mtlr]   out: 0000001700000000 0000000000004000 00000000493a2272 000000000001f45f
[mtlr] resource2 sel8 flags 470 sz 0x1000 -> kr 0x00000000 rid 23 GPUVA 0x10002090000 cpu 10762c000
[mtlr]   out: 0000010002090000 000000010762c000 0000000102a85140 0000000000000000
[mtlr]   out: 0000001700000000 0000000000004000 00000000493a2273 000000000001f460
[mtlr] resource2 sel8 flags 470 sz 0x1000 -> kr 0x00000000 rid 23 GPUVA 0x10002090000 cpu 10762c000
[mtlr]   out: 0000010002090000 000000010762c000 0000000102a85140 0000000000000000
[mtlr]   out: 0000001700000000 0000000000004000 00000000493a2274 000000000001f461
[mtlr] resource2 sel8 flags 470 sz 0x1000 -> kr 0x00000000 rid 23 GPUVA 0x10002090000 cpu 10762c000
[mtlr]   out: 0000010002090000 000000010762c000 0000000102a85140 0000000000000000
[mtlr]   out: 0000001700000000 0000000000004000 00000000493a2275 000000000001f462
[mtlr] resource2 sel8 flags 470 sz 0x1000 -> kr 0x00000000 rid 23 GPUVA 0x10002090000 cpu 10762c000
[mtlr]   out: 0000010002090000 000000010762c000 0000000102a85140 0000000000000000
[mtlr]   out: 0000001700000000 0000000000004000 00000000493a2276 000000000001f463
[mtlr] resource2 sel8 flags 470 sz 0x1000 -> kr 0x00000000 rid 23 GPUVA 0x10002090000 cpu 10762c000
[mtlr]   out: 0000010002090000 000000010762c000 0000000102a85140 0000000000000000
[mtlr]   out: 0000001700000000 0000000000004000 00000000493a2277 000000000001f464
[mtlr] resource2 sel8 flags 470 sz 0x1000 -> kr 0x00000000 rid 23 GPUVA 0x10002090000 cpu 10762c000
[mtlr]   out: 0000010002090000 000000010762c000 0000000102a85140 0000000000000000
[mtlr]   out: 0000001700000000 0000000000004000 00000000493a2278 000000000001f465
[mtlr] resource2 sel8 flags 470 sz 0x1000 -> kr 0x00000000 rid 23 GPUVA 0x10002090000 cpu 10762c000
[mtlr]   out: 0000010002090000 000000010762c000 0000000102a85140 0000000000000000
[mtlr]   out: 0000001700000000 0000000000004000 00000000493a2279 000000000001f466
[mtlr] resource2 sel8 flags 470 sz 0x1000 -> kr 0x00000000 rid 23 GPUVA 0x10002090000 cpu 10762c000
[mtlr]   out: 0000010002090000 000000010762c000 0000000102a85140 0000000000000000
[mtlr]   out: 0000001700000000 0000000000004000 00000000493a227a 000000000001f467
[mtlr] resource2 sel8 flags 470 sz 0x1000 -> kr 0x00000000 rid 23 GPUVA 0x10002090000 cpu 10762c000
[mtlr]   out: 0000010002090000 000000010762c000 0000000102a85140 0000000000000000
[mtlr]   out: 0000001700000000 0000000000004000 00000000493a227b 000000000001f468
[mtlr] resource2 sel8 flags 470 sz 0x1000 -> kr 0x00000000 rid 23 GPUVA 0x10002090000 cpu 10762c000
[mtlr]   out: 0000010002090000 000000010762c000 0000000102a85140 0000000000000000
[mtlr]   out: 0000001700000000 0000000000004000 00000000493a227c 000000000001f469
[mtlr] resource2 sel8 flags 470 sz 0x1000 -> kr 0x00000000 rid 23 GPUVA 0x10002090000 cpu 10762c000
[mtlr]   out: 0000010002090000 000000010762c000 0000000102a85140 0000000000000000
[mtlr]   out: 0000001700000000 0000000000004000 00000000493a227d 000000000001f46a
[mtlr] resource2 sel8 flags 470 sz 0x1000 -> kr 0x00000000 rid 23 GPUVA 0x10002090000 cpu 10762c000
[mtlr]   out: 0000010002090000 000000010762c000 0000000102a85140 0000000000000000
[mtlr]   out: 0000001700000000 0000000000004000 00000000493a227e 000000000001f46b
[mtlr] resource2 sel8 flags 470 sz 0x1000 -> kr 0x00000000 rid 23 GPUVA 0x10002090000 cpu 10762c000
[mtlr]   out: 0000010002090000 000000010762c000 0000000102a85140 0000000000000000
[mtlr]   out: 0000001700000000 0000000000004000 00000000493a227f 000000000001f46c
[mtlr] resource2 sel8 flags 470 sz 0x1000 -> kr 0x00000000 rid 23 GPUVA 0x10002090000 cpu 10762c000
[mtlr]   out: 0000010002090000 000000010762c000 0000000102a85140 0000000000000000
[mtlr]   out: 0000001700000000 0000000000004000 00000000493a2280 000000000001f46d
[mtlr] resource2 sel8 flags 470 sz 0x1000 -> kr 0x00000000 rid 23 GPUVA 0x10002090000 cpu 10762c000
[mtlr]   out: 0000010002090000 000000010762c000 0000000102a85140 0000000000000000
[mtlr]   out: 0000001700000000 0000000000004000 00000000493a2281 000000000001f46e
[mtlr] resource2 sel8 flags 470 sz 0x1000 -> kr 0x00000000 rid 23 GPUVA 0x10002090000 cpu 10762c000
[mtlr]   out: 0000010002090000 000000010762c000 0000000102a85140 0000000000000000
[mtlr]   out: 0000001700000000 0000000000004000 00000000493a2282 000000000001f46f
[mtlr] resource2 sel8 flags 470 sz 0x1000 -> kr 0x00000000 rid 23 GPUVA 0x10002090000 cpu 10762c000
[mtlr]   out: 0000010002090000 000000010762c000 0000000102a85140 0000000000000000
[mtlr]   out: 0000001700000000 0000000000004000 00000000493a2283 000000000001f470
[mtlr] resource2 sel8 flags 470 sz 0x1000 -> kr 0x00000000 rid 23 GPUVA 0x10002090000 cpu 10762c000
[mtlr]   out: 0000010002090000 000000010762c000 0000000102a85140 0000000000000000
[mtlr]   out: 0000001700000000 0000000000004000 00000000493a2284 000000000001f471
[mtlr] resource2 sel8 flags 470 sz 0x1000 -> kr 0x00000000 rid 23 GPUVA 0x10002090000 cpu 10762c000
[mtlr]   out: 0000010002090000 000000010762c000 0000000102a85140 0000000000000000
[mtlr]   out: 0000001700000000 0000000000004000 00000000493a2285 000000000001f472
[mtlr] resource2 sel8 flags 470 sz 0x1000 -> kr 0x00000000 rid 23 GPUVA 0x10002090000 cpu 10762c000
[mtlr]   out: 0000010002090000 000000010762c000 0000000102a85140 0000000000000000
[mtlr]   out: 0000001700000000 0000000000004000 00000000493a2286 000000000001f473
[mtlr] resource2 sel8 flags 470 sz 0x1000 -> kr 0x00000000 rid 23 GPUVA 0x10002090000 cpu 10762c000
[mtlr]   out: 0000010002090000 000000010762c000 0000000102a85140 0000000000000000
[mtlr]   out: 0000001700000000 0000000000004000 00000000493a2287 000000000001f474
[mtlr] resource2 sel8 flags 470 sz 0x1000 -> kr 0x00000000 rid 23 GPUVA 0x10002090000 cpu 10762c000
[mtlr]   out: 0000010002090000 000000010762c000 0000000102a85140 0000000000000000
[mtlr]   out: 0000001700000000 0000000000004000 00000000493a2288 000000000001f475
[mtlr] resource2 sel8 flags 470 sz 0x1000 -> kr 0x00000000 rid 23 GPUVA 0x10002090000 cpu 10762c000
[mtlr]   out: 0000010002090000 000000010762c000 0000000102a85140 0000000000000000
[mtlr]   out: 0000001700000000 0000000000004000 00000000493a228e 000000000001f476
[mtlr] resource2 sel8 flags 470 sz 0x1000 -> kr 0x00000000 rid 23 GPUVA 0x10002090000 cpu 10762c000
[mtlr]   out: 0000010002090000 000000010762c000 0000000102a85140 0000000000000000
[mtlr]   out: 0000001700000000 0000000000004000 00000000493a228f 000000000001f477
[mtlr] resource2 sel8 flags 470 sz 0x1000 -> kr 0x00000000 rid 23 GPUVA 0x10002090000 cpu 10762c000
[mtlr]   out: 0000010002090000 000000010762c000 0000000102a85140 0000000000000000
[mtlr]   out: 0000001700000000 0000000000004000 00000000493a2290 000000000001f478
[mtlr] resource2 sel8 flags 470 sz 0x1000 -> kr 0x00000000 rid 23 GPUVA 0x10002090000 cpu 10762c000
[mtlr]   out: 0000010002090000 000000010762c000 0000000102a85140 0000000000000000
[mtlr]   out: 0000001700000000 0000000000004000 00000000493a2291 000000000001f479
[uatrec] S4 r17 (+1s): nvv 8 ncb 8 vsz 0x100000 fill 0x0 destroy0 kr 0x00000000 nj 40
[uatrec] S4 r17 blit[0] slots 11 ridp 1
[uatrec] S4 r17 blit[1] slots 10 ridp 1
[uatrec] S4 r17 blit[2] slots 11 ridp 1
[uatrec] S4 r17 blit[3] slots 10 ridp 1
[uatrec] S4 r17 blit[4] slots 11 ridp 1
[uatrec] S4 r17 blit[5] slots 10 ridp 1
[uatrec] S4 r17 blit[6] slots 11 ridp 1
[uatrec] S4 r17 blit[7] slots 10 ridp 1
[mtlr] resource2 sel8 flags 470 sz 0x100000 -> kr 0x00000000 rid 23 GPUVA 0x10002090000 cpu 10dd50000
[mtlr]   out: 0000010002090000 000000010dd50000 0000000102a85140 0000000000000000
[mtlr]   out: 0000001700000000 0000000000100000 00000000493a22a3 000000000001f47c
[uatrec] S4 r18 victim[0] rid 23 gpuva 0x10002090000 cpu 0x10dd50000 (top-of-stack)
[mtlr] resource2 sel8 flags 470 sz 0x100000 -> kr 0x00000000 rid 24 GPUVA 0x10002198000 cpu 10de50000
[mtlr]   out: 0000010002198000 000000010de50000 0000000102a85200 0000000000000000
[mtlr]   out: 0000001800000000 0000000000100000 00000000493a22a4 000000000001f47d
[uatrec] S4 r18 victim[1] rid 24 gpuva 0x10002198000 cpu 0x10de50000 (top-of-stack)
[mtlr] resource2 sel8 flags 470 sz 0x100000 -> kr 0x00000000 rid 25 GPUVA 0x100022a0000 cpu 10e400000
[mtlr]   out: 00000100022a0000 000000010e400000 0000000102a852c0 0000000000000000
[mtlr]   out: 0000001900000000 0000000000100000 00000000493a22a5 000000000001f47e
[uatrec] S4 r18 victim[2] rid 25 gpuva 0x100022a0000 cpu 0x10e400000 (top-of-stack)
[mtlr] resource2 sel8 flags 470 sz 0x100000 -> kr 0x00000000 rid 26 GPUVA 0x100023a8000 cpu 10e500000
[mtlr]   out: 00000100023a8000 000000010e500000 0000000102a85380 0000000000000000
[mtlr]   out: 0000001a00000000 0000000000100000 00000000493a22a6 000000000001f47f
[uatrec] S4 r18 victim[3] rid 26 gpuva 0x100023a8000 cpu 0x10e500000 (top-of-stack)
[mtlr] resource2 sel8 flags 470 sz 0x100000 -> kr 0x00000000 rid 27 GPUVA 0x100024b0000 cpu 10e600000
[mtlr]   out: 00000100024b0000 000000010e600000 0000000102a85440 0000000000000000
[mtlr]   out: 0000001b00000000 0000000000100000 00000000493a22a7 000000000001f480
[uatrec] S4 r18 victim[4] rid 27 gpuva 0x100024b0000 cpu 0x10e600000 (top-of-stack)
[mtlr] resource2 sel8 flags 470 sz 0x100000 -> kr 0x00000000 rid 28 GPUVA 0x100025b8000 cpu 10e700000
[mtlr]   out: 00000100025b8000 000000010e700000 0000000102a85500 0000000000000000
[mtlr]   out: 0000001c00000000 0000000000100000 00000000493a22a8 000000000001f481
[uatrec] S4 r18 victim[5] rid 28 gpuva 0x100025b8000 cpu 0x10e700000 (top-of-stack)
[mtlr] resource2 sel8 flags 470 sz 0x100000 -> kr 0x00000000 rid 29 GPUVA 0x100026c0000 cpu 10e800000
[mtlr]   out: 00000100026c0000 000000010e800000 0000000102a855c0 0000000000000000
[mtlr]   out: 0000001d00000000 0000000000100000 00000000493a22a9 000000000001f482
[uatrec] S4 r18 victim[6] rid 29 gpuva 0x100026c0000 cpu 0x10e800000 (top-of-stack)
[mtlr] resource2 sel8 flags 470 sz 0x100000 -> kr 0x00000000 rid 30 GPUVA 0x100027c8000 cpu 10e900000
[mtlr]   out: 00000100027c8000 000000010e900000 0000000102a85680 0000000000000000
[mtlr]   out: 0000001e00000000 0000000000100000 00000000493a22aa 000000000001f483
[uatrec] S4 r18 victim[7] rid 30 gpuva 0x100027c8000 cpu 0x10e900000 (top-of-stack)
[mtlr] resource2 sel8 flags 470 sz 0x1000 -> kr 0x00000000 rid 23 GPUVA 0x10002090000 cpu 10762c000
[mtlr]   out: 0000010002090000 000000010762c000 0000000102a85140 0000000000000000
[mtlr]   out: 0000001700000000 0000000000004000 00000000493a22c1 000000000001f48d
[mtlr] resource2 sel8 flags 470 sz 0x1000 -> kr 0x00000000 rid 23 GPUVA 0x10002090000 cpu 10762c000
[mtlr]   out: 0000010002090000 000000010762c000 0000000102a85140 0000000000000000
[mtlr]   out: 0000001700000000 0000000000004000 00000000493a22c2 000000000001f48e
[mtlr] resource2 sel8 flags 470 sz 0x1000 -> kr 0x00000000 rid 23 GPUVA 0x10002090000 cpu 10762c000
[mtlr]   out: 0000010002090000 000000010762c000 0000000102a85140 0000000000000000
[mtlr]   out: 0000001700000000 0000000000004000 00000000493a22c3 000000000001f48f
[mtlr] resource2 sel8 flags 470 sz 0x1000 -> kr 0x00000000 rid 23 GPUVA 0x10002090000 cpu 10762c000
[mtlr]   out: 0000010002090000 000000010762c000 0000000102a85140 0000000000000000
[mtlr]   out: 0000001700000000 0000000000004000 00000000493a22c4 000000000001f490
[mtlr] resource2 sel8 flags 470 sz 0x1000 -> kr 0x00000000 rid 23 GPUVA 0x10002090000 cpu 10762c000
[mtlr]   out: 0000010002090000 000000010762c000 0000000102a85140 0000000000000000
[mtlr]   out: 0000001700000000 0000000000004000 00000000493a22c5 000000000001f491
[mtlr] resource2 sel8 flags 470 sz 0x1000 -> kr 0x00000000 rid 23 GPUVA 0x10002090000 cpu 10762c000
[mtlr]   out: 0000010002090000 000000010762c000 0000000102a85140 0000000000000000
[mtlr]   out: 0000001700000000 0000000000004000 00000000493a22c6 000000000001f492
[mtlr] resource2 sel8 flags 470 sz 0x1000 -> kr 0x00000000 rid 23 GPUVA 0x10002090000 cpu 10762c000
[mtlr]   out: 0000010002090000 000000010762c000 0000000102a85140 0000000000000000
[mtlr]   out: 0000001700000000 0000000000004000 00000000493a22c7 000000000001f493
[mtlr] resource2 sel8 flags 470 sz 0x1000 -> kr 0x00000000 rid 23 GPUVA 0x10002090000 cpu 10762c000
[mtlr]   out: 0000010002090000 000000010762c000 0000000102a85140 0000000000000000
[mtlr]   out: 0000001700000000 0000000000004000 00000000493a22c8 000000000001f494
[mtlr] resource2 sel8 flags 470 sz 0x1000 -> kr 0x00000000 rid 23 GPUVA 0x10002090000 cpu 10762c000
[mtlr]   out: 0000010002090000 000000010762c000 0000000102a85140 0000000000000000
[mtlr]   out: 0000001700000000 0000000000004000 00000000493a22c9 000000000001f495
[mtlr] resource2 sel8 flags 470 sz 0x1000 -> kr 0x00000000 rid 23 GPUVA 0x10002090000 cpu 10762c000
[mtlr]   out: 0000010002090000 000000010762c000 0000000102a85140 0000000000000000
[mtlr]   out: 0000001700000000 0000000000004000 00000000493a22ca 000000000001f496
[mtlr] resource2 sel8 flags 470 sz 0x1000 -> kr 0x00000000 rid 23 GPUVA 0x10002090000 cpu 10762c000
[mtlr]   out: 0000010002090000 000000010762c000 0000000102a85140 0000000000000000
[mtlr]   out: 0000001700000000 0000000000004000 00000000493a22cb 000000000001f497
[mtlr] resource2 sel8 flags 470 sz 0x1000 -> kr 0x00000000 rid 23 GPUVA 0x10002090000 cpu 10762c000
[mtlr]   out: 0000010002090000 000000010762c000 0000000102a85140 0000000000000000
[mtlr]   out: 0000001700000000 0000000000004000 00000000493a22cc 000000000001f498
[mtlr] resource2 sel8 flags 470 sz 0x1000 -> kr 0x00000000 rid 23 GPUVA 0x10002090000 cpu 10762c000
[mtlr]   out: 0000010002090000 000000010762c000 0000000102a85140 0000000000000000
[mtlr]   out: 0000001700000000 0000000000004000 00000000493a22cd 000000000001f499
[mtlr] resource2 sel8 flags 470 sz 0x1000 -> kr 0x00000000 rid 23 GPUVA 0x10002090000 cpu 10762c000
[mtlr]   out: 0000010002090000 000000010762c000 0000000102a85140 0000000000000000
[mtlr]   out: 0000001700000000 0000000000004000 00000000493a22ce 000000000001f49a
[mtlr] resource2 sel8 flags 470 sz 0x1000 -> kr 0x00000000 rid 23 GPUVA 0x10002090000 cpu 10762c000
[mtlr]   out: 0000010002090000 000000010762c000 0000000102a85140 0000000000000000
[mtlr]   out: 0000001700000000 0000000000004000 00000000493a22cf 000000000001f49b
[mtlr] resource2 sel8 flags 470 sz 0x1000 -> kr 0x00000000 rid 23 GPUVA 0x10002090000 cpu 10762c000
[mtlr]   out: 0000010002090000 000000010762c000 0000000102a85140 0000000000000000
[mtlr]   out: 0000001700000000 0000000000004000 00000000493a22d0 000000000001f49c
[mtlr] resource2 sel8 flags 470 sz 0x1000 -> kr 0x00000000 rid 23 GPUVA 0x10002090000 cpu 10762c000
[mtlr]   out: 0000010002090000 000000010762c000 0000000102a85140 0000000000000000
[mtlr]   out: 0000001700000000 0000000000004000 00000000493a22d1 000000000001f49d
[mtlr] resource2 sel8 flags 470 sz 0x1000 -> kr 0x00000000 rid 23 GPUVA 0x10002090000 cpu 10762c000
[mtlr]   out: 0000010002090000 000000010762c000 0000000102a85140 0000000000000000
[mtlr]   out: 0000001700000000 0000000000004000 00000000493a22d2 000000000001f49e
[mtlr] resource2 sel8 flags 470 sz 0x1000 -> kr 0x00000000 rid 23 GPUVA 0x10002090000 cpu 10762c000
[mtlr]   out: 0000010002090000 000000010762c000 0000000102a85140 0000000000000000
[mtlr]   out: 0000001700000000 0000000000004000 00000000493a22d3 000000000001f49f
[mtlr] resource2 sel8 flags 470 sz 0x1000 -> kr 0x00000000 rid 23 GPUVA 0x10002090000 cpu 10762c000
[mtlr]   out: 0000010002090000 000000010762c000 0000000102a85140 0000000000000000
[mtlr]   out: 0000001700000000 0000000000004000 00000000493a22d4 000000000001f4a0
[mtlr] resource2 sel8 flags 470 sz 0x1000 -> kr 0x00000000 rid 23 GPUVA 0x10002090000 cpu 10762c000
[mtlr]   out: 0000010002090000 000000010762c000 0000000102a85140 0000000000000000
[mtlr]   out: 0000001700000000 0000000000004000 00000000493a22d5 000000000001f4a1
[mtlr] resource2 sel8 flags 470 sz 0x1000 -> kr 0x00000000 rid 23 GPUVA 0x10002090000 cpu 10762c000
[mtlr]   out: 0000010002090000 000000010762c000 0000000102a85140 0000000000000000
[mtlr]   out: 0000001700000000 0000000000004000 00000000493a22d6 000000000001f4a2
[mtlr] resource2 sel8 flags 470 sz 0x1000 -> kr 0x00000000 rid 23 GPUVA 0x10002090000 cpu 10762c000
[mtlr]   out: 0000010002090000 000000010762c000 0000000102a85140 0000000000000000
[mtlr]   out: 0000001700000000 0000000000004000 00000000493a22d7 000000000001f4a3
[mtlr] resource2 sel8 flags 470 sz 0x1000 -> kr 0x00000000 rid 23 GPUVA 0x10002090000 cpu 10762c000
[mtlr]   out: 0000010002090000 000000010762c000 0000000102a85140 0000000000000000
[mtlr]   out: 0000001700000000 0000000000004000 00000000493a22d8 000000000001f4a4
[mtlr] resource2 sel8 flags 470 sz 0x1000 -> kr 0x00000000 rid 23 GPUVA 0x10002090000 cpu 10762c000
[mtlr]   out: 0000010002090000 000000010762c000 0000000102a85140 0000000000000000
[mtlr]   out: 0000001700000000 0000000000004000 00000000493a22d9 000000000001f4a5
[mtlr] resource2 sel8 flags 470 sz 0x1000 -> kr 0x00000000 rid 23 GPUVA 0x10002090000 cpu 10762c000
[mtlr]   out: 0000010002090000 000000010762c000 0000000102a85140 0000000000000000
[mtlr]   out: 0000001700000000 0000000000004000 00000000493a22da 000000000001f4a6
[mtlr] resource2 sel8 flags 470 sz 0x1000 -> kr 0x00000000 rid 23 GPUVA 0x10002090000 cpu 10762c000
[mtlr]   out: 0000010002090000 000000010762c000 0000000102a85140 0000000000000000
[mtlr]   out: 0000001700000000 0000000000004000 00000000493a22db 000000000001f4a7
[mtlr] resource2 sel8 flags 470 sz 0x1000 -> kr 0x00000000 rid 23 GPUVA 0x10002090000 cpu 10762c000
[mtlr]   out: 0000010002090000 000000010762c000 0000000102a85140 0000000000000000
[mtlr]   out: 0000001700000000 0000000000004000 00000000493a22dc 000000000001f4a8
[mtlr] resource2 sel8 flags 470 sz 0x1000 -> kr 0x00000000 rid 23 GPUVA 0x10002090000 cpu 10762c000
[mtlr]   out: 0000010002090000 000000010762c000 0000000102a85140 0000000000000000
[mtlr]   out: 0000001700000000 0000000000004000 00000000493a22dd 000000000001f4a9
[mtlr] resource2 sel8 flags 470 sz 0x1000 -> kr 0x00000000 rid 23 GPUVA 0x10002090000 cpu 10762c000
[mtlr]   out: 0000010002090000 000000010762c000 0000000102a85140 0000000000000000
[mtlr]   out: 0000001700000000 0000000000004000 00000000493a22de 000000000001f4aa
[mtlr] resource2 sel8 flags 470 sz 0x1000 -> kr 0x00000000 rid 23 GPUVA 0x10002090000 cpu 10762c000
[mtlr]   out: 0000010002090000 000000010762c000 0000000102a85140 0000000000000000
[mtlr]   out: 0000001700000000 0000000000004000 00000000493a22df 000000000001f4ab
[mtlr] resource2 sel8 flags 470 sz 0x1000 -> kr 0x00000000 rid 23 GPUVA 0x10002090000 cpu 10762c000
[mtlr]   out: 0000010002090000 000000010762c000 0000000102a85140 0000000000000000
[mtlr]   out: 0000001700000000 0000000000004000 00000000493a22e0 000000000001f4ac
[mtlr] resource2 sel8 flags 470 sz 0x1000 -> kr 0x00000000 rid 23 GPUVA 0x10002090000 cpu 10762c000
[mtlr]   out: 0000010002090000 000000010762c000 0000000102a85140 0000000000000000
[mtlr]   out: 0000001700000000 0000000000004000 00000000493a22e1 000000000001f4ad
[mtlr] resource2 sel8 flags 470 sz 0x1000 -> kr 0x00000000 rid 23 GPUVA 0x10002090000 cpu 10762c000
[mtlr]   out: 0000010002090000 000000010762c000 0000000102a85140 0000000000000000
[mtlr]   out: 0000001700000000 0000000000004000 00000000493a22e2 000000000001f4ae
[mtlr] resource2 sel8 flags 470 sz 0x1000 -> kr 0x00000000 rid 23 GPUVA 0x10002090000 cpu 10762c000
[mtlr]   out: 0000010002090000 000000010762c000 0000000102a85140 0000000000000000
[mtlr]   out: 0000001700000000 0000000000004000 00000000493a22e3 000000000001f4af
[mtlr] resource2 sel8 flags 470 sz 0x1000 -> kr 0x00000000 rid 23 GPUVA 0x10002090000 cpu 10762c000
[mtlr]   out: 0000010002090000 000000010762c000 0000000102a85140 0000000000000000
[mtlr]   out: 0000001700000000 0000000000004000 00000000493a22e4 000000000001f4b0
[mtlr] resource2 sel8 flags 470 sz 0x1000 -> kr 0x00000000 rid 23 GPUVA 0x10002090000 cpu 10762c000
[mtlr]   out: 0000010002090000 000000010762c000 0000000102a85140 0000000000000000
[mtlr]   out: 0000001700000000 0000000000004000 00000000493a22e5 000000000001f4b1
[mtlr] resource2 sel8 flags 470 sz 0x1000 -> kr 0x00000000 rid 23 GPUVA 0x10002090000 cpu 10762c000
[mtlr]   out: 0000010002090000 000000010762c000 0000000102a85140 0000000000000000
[mtlr]   out: 0000001700000000 0000000000004000 00000000493a22e6 000000000001f4b2
[mtlr] resource2 sel8 flags 470 sz 0x1000 -> kr 0x00000000 rid 23 GPUVA 0x10002090000 cpu 10762c000
[mtlr]   out: 0000010002090000 000000010762c000 0000000102a85140 0000000000000000
[mtlr]   out: 0000001700000000 0000000000004000 00000000493a22e7 000000000001f4b3
[mtlr] resource2 sel8 flags 470 sz 0x1000 -> kr 0x00000000 rid 23 GPUVA 0x10002090000 cpu 10762c000
[mtlr]   out: 0000010002090000 000000010762c000 0000000102a85140 0000000000000000
[mtlr]   out: 0000001700000000 0000000000004000 00000000493a22e8 000000000001f4b4
[uatrec] S4 r18 (+1s): nvv 8 ncb 8 vsz 0x100000 fill 0x0 destroy0 kr 0x00000000 nj 40
[uatrec] S4 r18 blit[0] slots 10 ridp 1
[uatrec] S4 r18 blit[1] slots 11 ridp 1
[uatrec] S4 r18 blit[2] slots 10 ridp 1
[uatrec] S4 r18 blit[3] slots 11 ridp 1
[uatrec] S4 r18 blit[4] slots 10 ridp 1
[uatrec] S4 r18 blit[5] slots 10 ridp 1
[uatrec] S4 r18 blit[6] slots 10 ridp 1
[uatrec] S4 r18 blit[7] slots 10 ridp 1
[mtlr] resource2 sel8 flags 470 sz 0x100000 -> kr 0x00000000 rid 23 GPUVA 0x10002090000 cpu 10752c000
[mtlr]   out: 0000010002090000 000000010752c000 0000000102a85140 0000000000000000
[mtlr]   out: 0000001700000000 0000000000100000 00000000493a22ff 000000000001f4b7
[uatrec] S4 r19 victim[0] rid 23 gpuva 0x10002090000 cpu 0x10752c000 (top-of-stack)
[mtlr] resource2 sel8 flags 470 sz 0x100000 -> kr 0x00000000 rid 24 GPUVA 0x10002198000 cpu 10d550000
[mtlr]   out: 0000010002198000 000000010d550000 0000000102a85200 0000000000000000
[mtlr]   out: 0000001800000000 0000000000100000 00000000493a2300 000000000001f4b8
[uatrec] S4 r19 victim[1] rid 24 gpuva 0x10002198000 cpu 0x10d550000 (top-of-stack)
[mtlr] resource2 sel8 flags 470 sz 0x100000 -> kr 0x00000000 rid 25 GPUVA 0x100022a0000 cpu 10d650000
[mtlr]   out: 00000100022a0000 000000010d650000 0000000102a852c0 0000000000000000
[mtlr]   out: 0000001900000000 0000000000100000 00000000493a2301 000000000001f4b9
[uatrec] S4 r19 victim[2] rid 25 gpuva 0x100022a0000 cpu 0x10d650000 (top-of-stack)
[mtlr] resource2 sel8 flags 470 sz 0x100000 -> kr 0x00000000 rid 26 GPUVA 0x100023a8000 cpu 10d750000
[mtlr]   out: 00000100023a8000 000000010d750000 0000000102a85380 0000000000000000
[mtlr]   out: 0000001a00000000 0000000000100000 00000000493a2302 000000000001f4ba
[uatrec] S4 r19 victim[3] rid 26 gpuva 0x100023a8000 cpu 0x10d750000 (top-of-stack)
[mtlr] resource2 sel8 flags 470 sz 0x100000 -> kr 0x00000000 rid 27 GPUVA 0x100024b0000 cpu 10d850000
[mtlr]   out: 00000100024b0000 000000010d850000 0000000102a85440 0000000000000000
[mtlr]   out: 0000001b00000000 0000000000100000 00000000493a2303 000000000001f4bb
[uatrec] S4 r19 victim[4] rid 27 gpuva 0x100024b0000 cpu 0x10d850000 (top-of-stack)
[mtlr] resource2 sel8 flags 470 sz 0x100000 -> kr 0x00000000 rid 28 GPUVA 0x100025b8000 cpu 10d950000
[mtlr]   out: 00000100025b8000 000000010d950000 0000000102a85500 0000000000000000
[mtlr]   out: 0000001c00000000 0000000000100000 00000000493a2304 000000000001f4bc
[uatrec] S4 r19 victim[5] rid 28 gpuva 0x100025b8000 cpu 0x10d950000 (top-of-stack)
[mtlr] resource2 sel8 flags 470 sz 0x100000 -> kr 0x00000000 rid 29 GPUVA 0x100026c0000 cpu 10da50000
[mtlr]   out: 00000100026c0000 000000010da50000 0000000102a855c0 0000000000000000
[mtlr]   out: 0000001d00000000 0000000000100000 00000000493a2305 000000000001f4bd
[uatrec] S4 r19 victim[6] rid 29 gpuva 0x100026c0000 cpu 0x10da50000 (top-of-stack)
[mtlr] resource2 sel8 flags 470 sz 0x100000 -> kr 0x00000000 rid 30 GPUVA 0x100027c8000 cpu 10db50000
[mtlr]   out: 00000100027c8000 000000010db50000 0000000102a85680 0000000000000000
[mtlr]   out: 0000001e00000000 0000000000100000 00000000493a2306 000000000001f4be
[uatrec] S4 r19 victim[7] rid 30 gpuva 0x100027c8000 cpu 0x10db50000 (top-of-stack)
[mtlr] resource2 sel8 flags 470 sz 0x1000 -> kr 0x00000000 rid 23 GPUVA 0x10002090000 cpu 10762c000
[mtlr]   out: 0000010002090000 000000010762c000 0000000102a85140 0000000000000000
[mtlr]   out: 0000001700000000 0000000000004000 00000000493a2326 000000000001f4c8
[mtlr] resource2 sel8 flags 470 sz 0x1000 -> kr 0x00000000 rid 23 GPUVA 0x10002090000 cpu 10762c000
[mtlr]   out: 0000010002090000 000000010762c000 0000000102a85140 0000000000000000
[mtlr]   out: 0000001700000000 0000000000004000 00000000493a2327 000000000001f4c9
[mtlr] resource2 sel8 flags 470 sz 0x1000 -> kr 0x00000000 rid 23 GPUVA 0x10002090000 cpu 10762c000
[mtlr]   out: 0000010002090000 000000010762c000 0000000102a85140 0000000000000000
[mtlr]   out: 0000001700000000 0000000000004000 00000000493a2328 000000000001f4ca
[mtlr] resource2 sel8 flags 470 sz 0x1000 -> kr 0x00000000 rid 23 GPUVA 0x10002090000 cpu 10762c000
[mtlr]   out: 0000010002090000 000000010762c000 0000000102a85140 0000000000000000
[mtlr]   out: 0000001700000000 0000000000004000 00000000493a2329 000000000001f4cb
[mtlr] resource2 sel8 flags 470 sz 0x1000 -> kr 0x00000000 rid 23 GPUVA 0x10002090000 cpu 10762c000
[mtlr]   out: 0000010002090000 000000010762c000 0000000102a85140 0000000000000000
[mtlr]   out: 0000001700000000 0000000000004000 00000000493a232a 000000000001f4cc
[mtlr] resource2 sel8 flags 470 sz 0x1000 -> kr 0x00000000 rid 23 GPUVA 0x10002090000 cpu 10762c000
[mtlr]   out: 0000010002090000 000000010762c000 0000000102a85140 0000000000000000
[mtlr]   out: 0000001700000000 0000000000004000 00000000493a232b 000000000001f4cd
[mtlr] resource2 sel8 flags 470 sz 0x1000 -> kr 0x00000000 rid 23 GPUVA 0x10002090000 cpu 10762c000
[mtlr]   out: 0000010002090000 000000010762c000 0000000102a85140 0000000000000000
[mtlr]   out: 0000001700000000 0000000000004000 00000000493a232c 000000000001f4ce
[mtlr] resource2 sel8 flags 470 sz 0x1000 -> kr 0x00000000 rid 23 GPUVA 0x10002090000 cpu 10762c000
[mtlr]   out: 0000010002090000 000000010762c000 0000000102a85140 0000000000000000
[mtlr]   out: 0000001700000000 0000000000004000 00000000493a232d 000000000001f4cf
[mtlr] resource2 sel8 flags 470 sz 0x1000 -> kr 0x00000000 rid 23 GPUVA 0x10002090000 cpu 10762c000
[mtlr]   out: 0000010002090000 000000010762c000 0000000102a85140 0000000000000000
[mtlr]   out: 0000001700000000 0000000000004000 00000000493a232e 000000000001f4d0
[mtlr] resource2 sel8 flags 470 sz 0x1000 -> kr 0x00000000 rid 23 GPUVA 0x10002090000 cpu 10762c000
[mtlr]   out: 0000010002090000 000000010762c000 0000000102a85140 0000000000000000
[mtlr]   out: 0000001700000000 0000000000004000 00000000493a232f 000000000001f4d1
[mtlr] resource2 sel8 flags 470 sz 0x1000 -> kr 0x00000000 rid 23 GPUVA 0x10002090000 cpu 10762c000
[mtlr]   out: 0000010002090000 000000010762c000 0000000102a85140 0000000000000000
[mtlr]   out: 0000001700000000 0000000000004000 00000000493a2330 000000000001f4d2
[mtlr] resource2 sel8 flags 470 sz 0x1000 -> kr 0x00000000 rid 23 GPUVA 0x10002090000 cpu 10762c000
[mtlr]   out: 0000010002090000 000000010762c000 0000000102a85140 0000000000000000
[mtlr]   out: 0000001700000000 0000000000004000 00000000493a2331 000000000001f4d3
[mtlr] resource2 sel8 flags 470 sz 0x1000 -> kr 0x00000000 rid 23 GPUVA 0x10002090000 cpu 10762c000
[mtlr]   out: 0000010002090000 000000010762c000 0000000102a85140 0000000000000000
[mtlr]   out: 0000001700000000 0000000000004000 00000000493a2332 000000000001f4d4
[mtlr] resource2 sel8 flags 470 sz 0x1000 -> kr 0x00000000 rid 23 GPUVA 0x10002090000 cpu 10762c000
[mtlr]   out: 0000010002090000 000000010762c000 0000000102a85140 0000000000000000
[mtlr]   out: 0000001700000000 0000000000004000 00000000493a2333 000000000001f4d5
[mtlr] resource2 sel8 flags 470 sz 0x1000 -> kr 0x00000000 rid 23 GPUVA 0x10002090000 cpu 10762c000
[mtlr]   out: 0000010002090000 000000010762c000 0000000102a85140 0000000000000000
[mtlr]   out: 0000001700000000 0000000000004000 00000000493a2334 000000000001f4d6
[mtlr] resource2 sel8 flags 470 sz 0x1000 -> kr 0x00000000 rid 23 GPUVA 0x10002090000 cpu 10762c000
[mtlr]   out: 0000010002090000 000000010762c000 0000000102a85140 0000000000000000
[mtlr]   out: 0000001700000000 0000000000004000 00000000493a2335 000000000001f4d7
[mtlr] resource2 sel8 flags 470 sz 0x1000 -> kr 0x00000000 rid 23 GPUVA 0x10002090000 cpu 10762c000
[mtlr]   out: 0000010002090000 000000010762c000 0000000102a85140 0000000000000000
[mtlr]   out: 0000001700000000 0000000000004000 00000000493a2336 000000000001f4d8
[mtlr] resource2 sel8 flags 470 sz 0x1000 -> kr 0x00000000 rid 23 GPUVA 0x10002090000 cpu 10762c000
[mtlr]   out: 0000010002090000 000000010762c000 0000000102a85140 0000000000000000
[mtlr]   out: 0000001700000000 0000000000004000 00000000493a2337 000000000001f4d9
[mtlr] resource2 sel8 flags 470 sz 0x1000 -> kr 0x00000000 rid 23 GPUVA 0x10002090000 cpu 10762c000
[mtlr]   out: 0000010002090000 000000010762c000 0000000102a85140 0000000000000000
[mtlr]   out: 0000001700000000 0000000000004000 00000000493a2338 000000000001f4da
[mtlr] resource2 sel8 flags 470 sz 0x1000 -> kr 0x00000000 rid 23 GPUVA 0x10002090000 cpu 10762c000
[mtlr]   out: 0000010002090000 000000010762c000 0000000102a85140 0000000000000000
[mtlr]   out: 0000001700000000 0000000000004000 00000000493a2339 000000000001f4db
[mtlr] resource2 sel8 flags 470 sz 0x1000 -> kr 0x00000000 rid 23 GPUVA 0x10002090000 cpu 10762c000
[mtlr]   out: 0000010002090000 000000010762c000 0000000102a85140 0000000000000000
[mtlr]   out: 0000001700000000 0000000000004000 00000000493a233a 000000000001f4dc
[mtlr] resource2 sel8 flags 470 sz 0x1000 -> kr 0x00000000 rid 23 GPUVA 0x10002090000 cpu 10762c000
[mtlr]   out: 0000010002090000 000000010762c000 0000000102a85140 0000000000000000
[mtlr]   out: 0000001700000000 0000000000004000 00000000493a233b 000000000001f4dd
[mtlr] resource2 sel8 flags 470 sz 0x1000 -> kr 0x00000000 rid 23 GPUVA 0x10002090000 cpu 10762c000
[mtlr]   out: 0000010002090000 000000010762c000 0000000102a85140 0000000000000000
[mtlr]   out: 0000001700000000 0000000000004000 00000000493a233c 000000000001f4de
[mtlr] resource2 sel8 flags 470 sz 0x1000 -> kr 0x00000000 rid 23 GPUVA 0x10002090000 cpu 10762c000
[mtlr]   out: 0000010002090000 000000010762c000 0000000102a85140 0000000000000000
[mtlr]   out: 0000001700000000 0000000000004000 00000000493a233d 000000000001f4df
[mtlr] resource2 sel8 flags 470 sz 0x1000 -> kr 0x00000000 rid 23 GPUVA 0x10002090000 cpu 10762c000
[mtlr]   out: 0000010002090000 000000010762c000 0000000102a85140 0000000000000000
[mtlr]   out: 0000001700000000 0000000000004000 00000000493a233e 000000000001f4e0
[mtlr] resource2 sel8 flags 470 sz 0x1000 -> kr 0x00000000 rid 23 GPUVA 0x10002090000 cpu 10762c000
[mtlr]   out: 0000010002090000 000000010762c000 0000000102a85140 0000000000000000
[mtlr]   out: 0000001700000000 0000000000004000 00000000493a233f 000000000001f4e1
[mtlr] resource2 sel8 flags 470 sz 0x1000 -> kr 0x00000000 rid 23 GPUVA 0x10002090000 cpu 10762c000
[mtlr]   out: 0000010002090000 000000010762c000 0000000102a85140 0000000000000000
[mtlr]   out: 0000001700000000 0000000000004000 00000000493a2340 000000000001f4e2
[mtlr] resource2 sel8 flags 470 sz 0x1000 -> kr 0x00000000 rid 23 GPUVA 0x10002090000 cpu 10762c000
[mtlr]   out: 0000010002090000 000000010762c000 0000000102a85140 0000000000000000
[mtlr]   out: 0000001700000000 0000000000004000 00000000493a2341 000000000001f4e3
[mtlr] resource2 sel8 flags 470 sz 0x1000 -> kr 0x00000000 rid 23 GPUVA 0x10002090000 cpu 10762c000
[mtlr]   out: 0000010002090000 000000010762c000 0000000102a85140 0000000000000000
[mtlr]   out: 0000001700000000 0000000000004000 00000000493a2342 000000000001f4e4
[mtlr] resource2 sel8 flags 470 sz 0x1000 -> kr 0x00000000 rid 23 GPUVA 0x10002090000 cpu 10762c000
[mtlr]   out: 0000010002090000 000000010762c000 0000000102a85140 0000000000000000
[mtlr]   out: 0000001700000000 0000000000004000 00000000493a2343 000000000001f4e5
[mtlr] resource2 sel8 flags 470 sz 0x1000 -> kr 0x00000000 rid 23 GPUVA 0x10002090000 cpu 10762c000
[mtlr]   out: 0000010002090000 000000010762c000 0000000102a85140 0000000000000000
[mtlr]   out: 0000001700000000 0000000000004000 00000000493a2344 000000000001f4e6
[mtlr] resource2 sel8 flags 470 sz 0x1000 -> kr 0x00000000 rid 23 GPUVA 0x10002090000 cpu 10762c000
[mtlr]   out: 0000010002090000 000000010762c000 0000000102a85140 0000000000000000
[mtlr]   out: 0000001700000000 0000000000004000 00000000493a2345 000000000001f4e7
[mtlr] resource2 sel8 flags 470 sz 0x1000 -> kr 0x00000000 rid 23 GPUVA 0x10002090000 cpu 10762c000
[mtlr]   out: 0000010002090000 000000010762c000 0000000102a85140 0000000000000000
[mtlr]   out: 0000001700000000 0000000000004000 00000000493a2346 000000000001f4e8
[mtlr] resource2 sel8 flags 470 sz 0x1000 -> kr 0x00000000 rid 23 GPUVA 0x10002090000 cpu 10762c000
[mtlr]   out: 0000010002090000 000000010762c000 0000000102a85140 0000000000000000
[mtlr]   out: 0000001700000000 0000000000004000 00000000493a2347 000000000001f4e9
[mtlr] resource2 sel8 flags 470 sz 0x1000 -> kr 0x00000000 rid 23 GPUVA 0x10002090000 cpu 10762c000
[mtlr]   out: 0000010002090000 000000010762c000 0000000102a85140 0000000000000000
[mtlr]   out: 0000001700000000 0000000000004000 00000000493a2348 000000000001f4ea
[mtlr] resource2 sel8 flags 470 sz 0x1000 -> kr 0x00000000 rid 23 GPUVA 0x10002090000 cpu 10762c000
[mtlr]   out: 0000010002090000 000000010762c000 0000000102a85140 0000000000000000
[mtlr]   out: 0000001700000000 0000000000004000 00000000493a2349 000000000001f4eb
[mtlr] resource2 sel8 flags 470 sz 0x1000 -> kr 0x00000000 rid 23 GPUVA 0x10002090000 cpu 10762c000
[mtlr]   out: 0000010002090000 000000010762c000 0000000102a85140 0000000000000000
[mtlr]   out: 0000001700000000 0000000000004000 00000000493a234a 000000000001f4ec
[mtlr] resource2 sel8 flags 470 sz 0x1000 -> kr 0x00000000 rid 23 GPUVA 0x10002090000 cpu 10762c000
[mtlr]   out: 0000010002090000 000000010762c000 0000000102a85140 0000000000000000
[mtlr]   out: 0000001700000000 0000000000004000 00000000493a234b 000000000001f4ed
[mtlr] resource2 sel8 flags 470 sz 0x1000 -> kr 0x00000000 rid 23 GPUVA 0x10002090000 cpu 10762c000
[mtlr]   out: 0000010002090000 000000010762c000 0000000102a85140 0000000000000000
[mtlr]   out: 0000001700000000 0000000000004000 00000000493a234c 000000000001f4ee
[mtlr] resource2 sel8 flags 470 sz 0x1000 -> kr 0x00000000 rid 23 GPUVA 0x10002090000 cpu 10762c000
[mtlr]   out: 0000010002090000 000000010762c000 0000000102a85140 0000000000000000
[mtlr]   out: 0000001700000000 0000000000004000 00000000493a234d 000000000001f4ef
[uatrec] S4 r19 (+1s): nvv 8 ncb 8 vsz 0x100000 fill 0x0 destroy0 kr 0x00000000 nj 40
[uatrec] S4 r19 blit[0] slots 10 ridp 1
[uatrec] S4 r19 blit[1] slots 10 ridp 1
[uatrec] S4 r19 blit[2] slots 10 ridp 1
[uatrec] S4 r19 blit[3] slots 10 ridp 1
[uatrec] S4 r19 blit[4] slots 10 ridp 1
[uatrec] S4 r19 blit[5] slots 10 ridp 1
[uatrec] S4 r19 blit[6] slots 10 ridp 1
[uatrec] S4 r19 blit[7] slots 11 ridp 1
[uatrec] S4 heartbeat: round 20 done, t=1s (alive)
[mtlr] resource2 sel8 flags 470 sz 0x100000 -> kr 0x00000000 rid 23 GPUVA 0x10002090000 cpu 10dd50000
[mtlr]   out: 0000010002090000 000000010dd50000 0000000102a85140 0000000000000000
[mtlr]   out: 0000001700000000 0000000000100000 00000000493a2378 000000000001f4f2
[uatrec] S4 r20 victim[0] rid 23 gpuva 0x10002090000 cpu 0x10dd50000 (top-of-stack)
[mtlr] resource2 sel8 flags 470 sz 0x100000 -> kr 0x00000000 rid 24 GPUVA 0x10002198000 cpu 10de50000
[mtlr]   out: 0000010002198000 000000010de50000 0000000102a85200 0000000000000000
[mtlr]   out: 0000001800000000 0000000000100000 00000000493a2379 000000000001f4f3
[uatrec] S4 r20 victim[1] rid 24 gpuva 0x10002198000 cpu 0x10de50000 (top-of-stack)
[mtlr] resource2 sel8 flags 470 sz 0x100000 -> kr 0x00000000 rid 25 GPUVA 0x100022a0000 cpu 10e400000
[mtlr]   out: 00000100022a0000 000000010e400000 0000000102a852c0 0000000000000000
[mtlr]   out: 0000001900000000 0000000000100000 00000000493a237c 000000000001f4f4
[uatrec] S4 r20 victim[2] rid 25 gpuva 0x100022a0000 cpu 0x10e400000 (top-of-stack)
[mtlr] resource2 sel8 flags 470 sz 0x100000 -> kr 0x00000000 rid 26 GPUVA 0x100023a8000 cpu 10e500000
[mtlr]   out: 00000100023a8000 000000010e500000 0000000102a85380 0000000000000000
[mtlr]   out: 0000001a00000000 0000000000100000 00000000493a2388 000000000001f4f5
[uatrec] S4 r20 victim[3] rid 26 gpuva 0x100023a8000 cpu 0x10e500000 (top-of-stack)
[mtlr] resource2 sel8 flags 470 sz 0x100000 -> kr 0x00000000 rid 27 GPUVA 0x100024b0000 cpu 10e600000
[mtlr]   out: 00000100024b0000 000000010e600000 0000000102a85440 0000000000000000
[mtlr]   out: 0000001b00000000 0000000000100000 00000000493a2389 000000000001f4f6
[uatrec] S4 r20 victim[4] rid 27 gpuva 0x100024b0000 cpu 0x10e600000 (top-of-stack)
[mtlr] resource2 sel8 flags 470 sz 0x100000 -> kr 0x00000000 rid 28 GPUVA 0x100025b8000 cpu 10e700000
[mtlr]   out: 00000100025b8000 000000010e700000 0000000102a85500 0000000000000000
[mtlr]   out: 0000001c00000000 0000000000100000 00000000493a238a 000000000001f4f7
[uatrec] S4 r20 victim[5] rid 28 gpuva 0x100025b8000 cpu 0x10e700000 (top-of-stack)
[mtlr] resource2 sel8 flags 470 sz 0x100000 -> kr 0x00000000 rid 29 GPUVA 0x100026c0000 cpu 10e800000
[mtlr]   out: 00000100026c0000 000000010e800000 0000000102a855c0 0000000000000000
[mtlr]   out: 0000001d00000000 0000000000100000 00000000493a238b 000000000001f4f8
[uatrec] S4 r20 victim[6] rid 29 gpuva 0x100026c0000 cpu 0x10e800000 (top-of-stack)
[mtlr] resource2 sel8 flags 470 sz 0x100000 -> kr 0x00000000 rid 30 GPUVA 0x100027c8000 cpu 10e900000
[mtlr]   out: 00000100027c8000 000000010e900000 0000000102a85680 0000000000000000
[mtlr]   out: 0000001e00000000 0000000000100000 00000000493a238c 000000000001f4f9
[uatrec] S4 r20 victim[7] rid 30 gpuva 0x100027c8000 cpu 0x10e900000 (top-of-stack)
[mtlr] resource2 sel8 flags 470 sz 0x1000 -> kr 0x00000000 rid 23 GPUVA 0x10002090000 cpu 10762c000
[mtlr]   out: 0000010002090000 000000010762c000 0000000102a85140 0000000000000000
[mtlr]   out: 0000001700000000 0000000000004000 00000000493a239e 000000000001f503
[mtlr] resource2 sel8 flags 470 sz 0x1000 -> kr 0x00000000 rid 23 GPUVA 0x10002090000 cpu 10762c000
[mtlr]   out: 0000010002090000 000000010762c000 0000000102a85140 0000000000000000
[mtlr]   out: 0000001700000000 0000000000004000 00000000493a239f 000000000001f504
[mtlr] resource2 sel8 flags 470 sz 0x1000 -> kr 0x00000000 rid 23 GPUVA 0x10002090000 cpu 10762c000
[mtlr]   out: 0000010002090000 000000010762c000 0000000102a85140 0000000000000000
[mtlr]   out: 0000001700000000 0000000000004000 00000000493a23a0 000000000001f505
[mtlr] resource2 sel8 flags 470 sz 0x1000 -> kr 0x00000000 rid 23 GPUVA 0x10002090000 cpu 10762c000
[mtlr]   out: 0000010002090000 000000010762c000 0000000102a85140 0000000000000000
[mtlr]   out: 0000001700000000 0000000000004000 00000000493a23a1 000000000001f506
[mtlr] resource2 sel8 flags 470 sz 0x1000 -> kr 0x00000000 rid 23 GPUVA 0x10002090000 cpu 10762c000
[mtlr]   out: 0000010002090000 000000010762c000 0000000102a85140 0000000000000000
[mtlr]   out: 0000001700000000 0000000000004000 00000000493a23a4 000000000001f507
[mtlr] resource2 sel8 flags 470 sz 0x1000 -> kr 0x00000000 rid 23 GPUVA 0x10002090000 cpu 10762c000
[mtlr]   out: 0000010002090000 000000010762c000 0000000102a85140 0000000000000000
[mtlr]   out: 0000001700000000 0000000000004000 00000000493a23a7 000000000001f508
[mtlr] resource2 sel8 flags 470 sz 0x1000 -> kr 0x00000000 rid 23 GPUVA 0x10002090000 cpu 10762c000
[mtlr]   out: 0000010002090000 000000010762c000 0000000102a85140 0000000000000000
[mtlr]   out: 0000001700000000 0000000000004000 00000000493a23ad 000000000001f509
[mtlr] resource2 sel8 flags 470 sz 0x1000 -> kr 0x00000000 rid 23 GPUVA 0x10002090000 cpu 10762c000
[mtlr]   out: 0000010002090000 000000010762c000 0000000102a85140 0000000000000000
[mtlr]   out: 0000001700000000 0000000000004000 00000000493a23b2 000000000001f50a
[mtlr] resource2 sel8 flags 470 sz 0x1000 -> kr 0x00000000 rid 23 GPUVA 0x10002090000 cpu 10762c000
[mtlr]   out: 0000010002090000 000000010762c000 0000000102a85140 0000000000000000
[mtlr]   out: 0000001700000000 0000000000004000 00000000493a23b3 000000000001f50b
[mtlr] resource2 sel8 flags 470 sz 0x1000 -> kr 0x00000000 rid 23 GPUVA 0x10002090000 cpu 10762c000
[mtlr]   out: 0000010002090000 000000010762c000 0000000102a85140 0000000000000000
[mtlr]   out: 0000001700000000 0000000000004000 00000000493a23b4 000000000001f50c
[mtlr] resource2 sel8 flags 470 sz 0x1000 -> kr 0x00000000 rid 23 GPUVA 0x10002090000 cpu 10762c000
[mtlr]   out: 0000010002090000 000000010762c000 0000000102a85140 0000000000000000
[mtlr]   out: 0000001700000000 0000000000004000 00000000493a23b5 000000000001f50d
[mtlr] resource2 sel8 flags 470 sz 0x1000 -> kr 0x00000000 rid 23 GPUVA 0x10002090000 cpu 10762c000
[mtlr]   out: 0000010002090000 000000010762c000 0000000102a85140 0000000000000000
[mtlr]   out: 0000001700000000 0000000000004000 00000000493a23b6 000000000001f50e
[mtlr] resource2 sel8 flags 470 sz 0x1000 -> kr 0x00000000 rid 23 GPUVA 0x10002090000 cpu 10762c000
[mtlr]   out: 0000010002090000 000000010762c000 0000000102a85140 0000000000000000
[mtlr]   out: 0000001700000000 0000000000004000 00000000493a23b7 000000000001f50f
[mtlr] resource2 sel8 flags 470 sz 0x1000 -> kr 0x00000000 rid 23 GPUVA 0x10002090000 cpu 10762c000
[mtlr]   out: 0000010002090000 000000010762c000 0000000102a85140 0000000000000000
[mtlr]   out: 0000001700000000 0000000000004000 00000000493a23b8 000000000001f510
[mtlr] resource2 sel8 flags 470 sz 0x1000 -> kr 0x00000000 rid 23 GPUVA 0x10002090000 cpu 10762c000
[mtlr]   out: 0000010002090000 000000010762c000 0000000102a85140 0000000000000000
[mtlr]   out: 0000001700000000 0000000000004000 00000000493a23b9 000000000001f511
[mtlr] resource2 sel8 flags 470 sz 0x1000 -> kr 0x00000000 rid 23 GPUVA 0x10002090000 cpu 10762c000
[mtlr]   out: 0000010002090000 000000010762c000 0000000102a85140 0000000000000000
[mtlr]   out: 0000001700000000 0000000000004000 00000000493a23ba 000000000001f512
[mtlr] resource2 sel8 flags 470 sz 0x1000 -> kr 0x00000000 rid 23 GPUVA 0x10002090000 cpu 10762c000
[mtlr]   out: 0000010002090000 000000010762c000 0000000102a85140 0000000000000000
[mtlr]   out: 0000001700000000 0000000000004000 00000000493a23bb 000000000001f513
[mtlr] resource2 sel8 flags 470 sz 0x1000 -> kr 0x00000000 rid 23 GPUVA 0x10002090000 cpu 10762c000
[mtlr]   out: 0000010002090000 000000010762c000 0000000102a85140 0000000000000000
[mtlr]   out: 0000001700000000 0000000000004000 00000000493a23bc 000000000001f514
[mtlr] resource2 sel8 flags 470 sz 0x1000 -> kr 0x00000000 rid 23 GPUVA 0x10002090000 cpu 10762c000
[mtlr]   out: 0000010002090000 000000010762c000 0000000102a85140 0000000000000000
[mtlr]   out: 0000001700000000 0000000000004000 00000000493a23bd 000000000001f515
[mtlr] resource2 sel8 flags 470 sz 0x1000 -> kr 0x00000000 rid 23 GPUVA 0x10002090000 cpu 10762c000
[mtlr]   out: 0000010002090000 000000010762c000 0000000102a85140 0000000000000000
[mtlr]   out: 0000001700000000 0000000000004000 00000000493a23be 000000000001f516
[mtlr] resource2 sel8 flags 470 sz 0x1000 -> kr 0x00000000 rid 23 GPUVA 0x10002090000 cpu 10762c000
[mtlr]   out: 0000010002090000 000000010762c000 0000000102a85140 0000000000000000
[mtlr]   out: 0000001700000000 0000000000004000 00000000493a23bf 000000000001f517
[mtlr] resource2 sel8 flags 470 sz 0x1000 -> kr 0x00000000 rid 23 GPUVA 0x10002090000 cpu 10762c000
[mtlr]   out: 0000010002090000 000000010762c000 0000000102a85140 0000000000000000
[mtlr]   out: 0000001700000000 0000000000004000 00000000493a23c0 000000000001f518
[mtlr] resource2 sel8 flags 470 sz 0x1000 -> kr 0x00000000 rid 23 GPUVA 0x10002090000 cpu 10762c000
[mtlr]   out: 0000010002090000 000000010762c000 0000000102a85140 0000000000000000
[mtlr]   out: 0000001700000000 0000000000004000 00000000493a23c1 000000000001f519
[mtlr] resource2 sel8 flags 470 sz 0x1000 -> kr 0x00000000 rid 23 GPUVA 0x10002090000 cpu 10762c000
[mtlr]   out: 0000010002090000 000000010762c000 0000000102a85140 0000000000000000
[mtlr]   out: 0000001700000000 0000000000004000 00000000493a23c2 000000000001f51a
[mtlr] resource2 sel8 flags 470 sz 0x1000 -> kr 0x00000000 rid 23 GPUVA 0x10002090000 cpu 10762c000
[mtlr]   out: 0000010002090000 000000010762c000 0000000102a85140 0000000000000000
[mtlr]   out: 0000001700000000 0000000000004000 00000000493a23c3 000000000001f51b
[mtlr] resource2 sel8 flags 470 sz 0x1000 -> kr 0x00000000 rid 23 GPUVA 0x10002090000 cpu 10762c000
[mtlr]   out: 0000010002090000 000000010762c000 0000000102a85140 0000000000000000
[mtlr]   out: 0000001700000000 0000000000004000 00000000493a23c4 000000000001f51c
[mtlr] resource2 sel8 flags 470 sz 0x1000 -> kr 0x00000000 rid 23 GPUVA 0x10002090000 cpu 10762c000
[mtlr]   out: 0000010002090000 000000010762c000 0000000102a85140 0000000000000000
[mtlr]   out: 0000001700000000 0000000000004000 00000000493a23c5 000000000001f51d
[mtlr] resource2 sel8 flags 470 sz 0x1000 -> kr 0x00000000 rid 23 GPUVA 0x10002090000 cpu 10762c000
[mtlr]   out: 0000010002090000 000000010762c000 0000000102a85140 0000000000000000
[mtlr]   out: 0000001700000000 0000000000004000 00000000493a23c6 000000000001f51e
[mtlr] resource2 sel8 flags 470 sz 0x1000 -> kr 0x00000000 rid 23 GPUVA 0x10002090000 cpu 10762c000
[mtlr]   out: 0000010002090000 000000010762c000 0000000102a85140 0000000000000000
[mtlr]   out: 0000001700000000 0000000000004000 00000000493a23c7 000000000001f51f
[mtlr] resource2 sel8 flags 470 sz 0x1000 -> kr 0x00000000 rid 23 GPUVA 0x10002090000 cpu 10762c000
[mtlr]   out: 0000010002090000 000000010762c000 0000000102a85140 0000000000000000
[mtlr]   out: 0000001700000000 0000000000004000 00000000493a23c8 000000000001f520
[mtlr] resource2 sel8 flags 470 sz 0x1000 -> kr 0x00000000 rid 23 GPUVA 0x10002090000 cpu 10762c000
[mtlr]   out: 0000010002090000 000000010762c000 0000000102a85140 0000000000000000
[mtlr]   out: 0000001700000000 0000000000004000 00000000493a23c9 000000000001f521
[mtlr] resource2 sel8 flags 470 sz 0x1000 -> kr 0x00000000 rid 23 GPUVA 0x10002090000 cpu 10762c000
[mtlr]   out: 0000010002090000 000000010762c000 0000000102a85140 0000000000000000
[mtlr]   out: 0000001700000000 0000000000004000 00000000493a23ca 000000000001f522
[mtlr] resource2 sel8 flags 470 sz 0x1000 -> kr 0x00000000 rid 23 GPUVA 0x10002090000 cpu 10762c000
[mtlr]   out: 0000010002090000 000000010762c000 0000000102a85140 0000000000000000
[mtlr]   out: 0000001700000000 0000000000004000 00000000493a23cb 000000000001f523
[mtlr] resource2 sel8 flags 470 sz 0x1000 -> kr 0x00000000 rid 23 GPUVA 0x10002090000 cpu 10762c000
[mtlr]   out: 0000010002090000 000000010762c000 0000000102a85140 0000000000000000
[mtlr]   out: 0000001700000000 0000000000004000 00000000493a23cc 000000000001f524
[mtlr] resource2 sel8 flags 470 sz 0x1000 -> kr 0x00000000 rid 23 GPUVA 0x10002090000 cpu 10762c000
[mtlr]   out: 0000010002090000 000000010762c000 0000000102a85140 0000000000000000
[mtlr]   out: 0000001700000000 0000000000004000 00000000493a23cd 000000000001f525
[mtlr] resource2 sel8 flags 470 sz 0x1000 -> kr 0x00000000 rid 23 GPUVA 0x10002090000 cpu 10762c000
[mtlr]   out: 0000010002090000 000000010762c000 0000000102a85140 0000000000000000
[mtlr]   out: 0000001700000000 0000000000004000 00000000493a23ce 000000000001f526
[mtlr] resource2 sel8 flags 470 sz 0x1000 -> kr 0x00000000 rid 23 GPUVA 0x10002090000 cpu 10762c000
[mtlr]   out: 0000010002090000 000000010762c000 0000000102a85140 0000000000000000
[mtlr]   out: 0000001700000000 0000000000004000 00000000493a23cf 000000000001f527
[mtlr] resource2 sel8 flags 470 sz 0x1000 -> kr 0x00000000 rid 23 GPUVA 0x10002090000 cpu 10762c000
[mtlr]   out: 0000010002090000 000000010762c000 0000000102a85140 0000000000000000
[mtlr]   out: 0000001700000000 0000000000004000 00000000493a23d0 000000000001f528
[mtlr] resource2 sel8 flags 470 sz 0x1000 -> kr 0x00000000 rid 23 GPUVA 0x10002090000 cpu 10762c000
[mtlr]   out: 0000010002090000 000000010762c000 0000000102a85140 0000000000000000
[mtlr]   out: 0000001700000000 0000000000004000 00000000493a23d1 000000000001f529
[mtlr] resource2 sel8 flags 470 sz 0x1000 -> kr 0x00000000 rid 23 GPUVA 0x10002090000 cpu 10762c000
[mtlr]   out: 0000010002090000 000000010762c000 0000000102a85140 0000000000000000
[mtlr]   out: 0000001700000000 0000000000004000 00000000493a23d2 000000000001f52a
[uatrec] S4 r20 (+1s): nvv 8 ncb 8 vsz 0x100000 fill 0x0 destroy0 kr 0x00000000 nj 40
[uatrec] S4 r20 blit[0] slots 11 ridp 1
[uatrec] S4 r20 blit[1] slots 10 ridp 1
[uatrec] S4 r20 blit[2] slots 11 ridp 1
[uatrec] S4 r20 blit[3] slots 10 ridp 1
[uatrec] S4 r20 blit[4] slots 11 ridp 1
[uatrec] S4 r20 blit[5] slots 10 ridp 1
[uatrec] S4 r20 blit[6] slots 11 ridp 1
[uatrec] S4 r20 blit[7] slots 10 ridp 1
[mtlr] resource2 sel8 flags 470 sz 0x100000 -> kr 0x00000000 rid 23 GPUVA 0x10002090000 cpu 10752c000
[mtlr]   out: 0000010002090000 000000010752c000 0000000102a85140 0000000000000000
[mtlr]   out: 0000001700000000 0000000000100000 00000000493a23fc 000000000001f52d
[uatrec] S4 r21 victim[0] rid 23 gpuva 0x10002090000 cpu 0x10752c000 (top-of-stack)
[mtlr] resource2 sel8 flags 470 sz 0x100000 -> kr 0x00000000 rid 24 GPUVA 0x10002198000 cpu 10d550000
[mtlr]   out: 0000010002198000 000000010d550000 0000000102a85200 0000000000000000
[mtlr]   out: 0000001800000000 0000000000100000 00000000493a23fd 000000000001f52e
[uatrec] S4 r21 victim[1] rid 24 gpuva 0x10002198000 cpu 0x10d550000 (top-of-stack)
[mtlr] resource2 sel8 flags 470 sz 0x100000 -> kr 0x00000000 rid 25 GPUVA 0x100022a0000 cpu 10d650000
[mtlr]   out: 00000100022a0000 000000010d650000 0000000102a852c0 0000000000000000
[mtlr]   out: 0000001900000000 0000000000100000 00000000493a23fe 000000000001f52f
[uatrec] S4 r21 victim[2] rid 25 gpuva 0x100022a0000 cpu 0x10d650000 (top-of-stack)
[mtlr] resource2 sel8 flags 470 sz 0x100000 -> kr 0x00000000 rid 26 GPUVA 0x100023a8000 cpu 10d750000
[mtlr]   out: 00000100023a8000 000000010d750000 0000000102a85380 0000000000000000
[mtlr]   out: 0000001a00000000 0000000000100000 00000000493a23ff 000000000001f530
[uatrec] S4 r21 victim[3] rid 26 gpuva 0x100023a8000 cpu 0x10d750000 (top-of-stack)
[mtlr] resource2 sel8 flags 470 sz 0x100000 -> kr 0x00000000 rid 27 GPUVA 0x100024b0000 cpu 10d850000
[mtlr]   out: 00000100024b0000 000000010d850000 0000000102a85440 0000000000000000
[mtlr]   out: 0000001b00000000 0000000000100000 00000000493a2400 000000000001f531
[uatrec] S4 r21 victim[4] rid 27 gpuva 0x100024b0000 cpu 0x10d850000 (top-of-stack)
[mtlr] resource2 sel8 flags 470 sz 0x100000 -> kr 0x00000000 rid 28 GPUVA 0x100025b8000 cpu 10d950000
[mtlr]   out: 00000100025b8000 000000010d950000 0000000102a85500 0000000000000000
[mtlr]   out: 0000001c00000000 0000000000100000 00000000493a2401 000000000001f532
[uatrec] S4 r21 victim[5] rid 28 gpuva 0x100025b8000 cpu 0x10d950000 (top-of-stack)
[mtlr] resource2 sel8 flags 470 sz 0x100000 -> kr 0x00000000 rid 29 GPUVA 0x100026c0000 cpu 10da50000
[mtlr]   out: 00000100026c0000 000000010da50000 0000000102a855c0 0000000000000000
[mtlr]   out: 0000001d00000000 0000000000100000 00000000493a2402 000000000001f533
[uatrec] S4 r21 victim[6] rid 29 gpuva 0x100026c0000 cpu 0x10da50000 (top-of-stack)
[mtlr] resource2 sel8 flags 470 sz 0x100000 -> kr 0x00000000 rid 30 GPUVA 0x100027c8000 cpu 10db50000
[mtlr]   out: 00000100027c8000 000000010db50000 0000000102a85680 0000000000000000
[mtlr]   out: 0000001e00000000 0000000000100000 00000000493a2403 000000000001f534
[uatrec] S4 r21 victim[7] rid 30 gpuva 0x100027c8000 cpu 0x10db50000 (top-of-stack)
[mtlr] resource2 sel8 flags 470 sz 0x1000 -> kr 0x00000000 rid 23 GPUVA 0x10002090000 cpu 10762c000
[mtlr]   out: 0000010002090000 000000010762c000 0000000102a85140 0000000000000000
[mtlr]   out: 0000001700000000 0000000000004000 00000000493a2422 000000000001f53e
[mtlr] resource2 sel8 flags 470 sz 0x1000 -> kr 0x00000000 rid 23 GPUVA 0x10002090000 cpu 10762c000
[mtlr]   out: 0000010002090000 000000010762c000 0000000102a85140 0000000000000000
[mtlr]   out: 0000001700000000 0000000000004000 00000000493a2423 000000000001f53f
[mtlr] resource2 sel8 flags 470 sz 0x1000 -> kr 0x00000000 rid 23 GPUVA 0x10002090000 cpu 10762c000
[mtlr]   out: 0000010002090000 000000010762c000 0000000102a85140 0000000000000000
[mtlr]   out: 0000001700000000 0000000000004000 00000000493a2424 000000000001f540
[mtlr] resource2 sel8 flags 470 sz 0x1000 -> kr 0x00000000 rid 23 GPUVA 0x10002090000 cpu 10762c000
[mtlr]   out: 0000010002090000 000000010762c000 0000000102a85140 0000000000000000
[mtlr]   out: 0000001700000000 0000000000004000 00000000493a2425 000000000001f541
[mtlr] resource2 sel8 flags 470 sz 0x1000 -> kr 0x00000000 rid 23 GPUVA 0x10002090000 cpu 10762c000
[mtlr]   out: 0000010002090000 000000010762c000 0000000102a85140 0000000000000000
[mtlr]   out: 0000001700000000 0000000000004000 00000000493a2426 000000000001f542
[mtlr] resource2 sel8 flags 470 sz 0x1000 -> kr 0x00000000 rid 23 GPUVA 0x10002090000 cpu 10762c000
[mtlr]   out: 0000010002090000 000000010762c000 0000000102a85140 0000000000000000
[mtlr]   out: 0000001700000000 0000000000004000 00000000493a2427 000000000001f543
[mtlr] resource2 sel8 flags 470 sz 0x1000 -> kr 0x00000000 rid 23 GPUVA 0x10002090000 cpu 10762c000
[mtlr]   out: 0000010002090000 000000010762c000 0000000102a85140 0000000000000000
[mtlr]   out: 0000001700000000 0000000000004000 00000000493a2428 000000000001f544
[mtlr] resource2 sel8 flags 470 sz 0x1000 -> kr 0x00000000 rid 23 GPUVA 0x10002090000 cpu 10762c000
[mtlr]   out: 0000010002090000 000000010762c000 0000000102a85140 0000000000000000
[mtlr]   out: 0000001700000000 0000000000004000 00000000493a2429 000000000001f545
[mtlr] resource2 sel8 flags 470 sz 0x1000 -> kr 0x00000000 rid 23 GPUVA 0x10002090000 cpu 10762c000
[mtlr]   out: 0000010002090000 000000010762c000 0000000102a85140 0000000000000000
[mtlr]   out: 0000001700000000 0000000000004000 00000000493a242a 000000000001f546
[mtlr] resource2 sel8 flags 470 sz 0x1000 -> kr 0x00000000 rid 23 GPUVA 0x10002090000 cpu 10762c000
[mtlr]   out: 0000010002090000 000000010762c000 0000000102a85140 0000000000000000
[mtlr]   out: 0000001700000000 0000000000004000 00000000493a242b 000000000001f547
[mtlr] resource2 sel8 flags 470 sz 0x1000 -> kr 0x00000000 rid 23 GPUVA 0x10002090000 cpu 10762c000
[mtlr]   out: 0000010002090000 000000010762c000 0000000102a85140 0000000000000000
[mtlr]   out: 0000001700000000 0000000000004000 00000000493a242c 000000000001f548
[mtlr] resource2 sel8 flags 470 sz 0x1000 -> kr 0x00000000 rid 23 GPUVA 0x10002090000 cpu 10762c000
[mtlr]   out: 0000010002090000 000000010762c000 0000000102a85140 0000000000000000
[mtlr]   out: 0000001700000000 0000000000004000 00000000493a242d 000000000001f549
[mtlr] resource2 sel8 flags 470 sz 0x1000 -> kr 0x00000000 rid 23 GPUVA 0x10002090000 cpu 10762c000
[mtlr]   out: 0000010002090000 000000010762c000 0000000102a85140 0000000000000000
[mtlr]   out: 0000001700000000 0000000000004000 00000000493a242e 000000000001f54a
[mtlr] resource2 sel8 flags 470 sz 0x1000 -> kr 0x00000000 rid 23 GPUVA 0x10002090000 cpu 10762c000
[mtlr]   out: 0000010002090000 000000010762c000 0000000102a85140 0000000000000000
[mtlr]   out: 0000001700000000 0000000000004000 00000000493a242f 000000000001f54b
[mtlr] resource2 sel8 flags 470 sz 0x1000 -> kr 0x00000000 rid 23 GPUVA 0x10002090000 cpu 10762c000
[mtlr]   out: 0000010002090000 000000010762c000 0000000102a85140 0000000000000000
[mtlr]   out: 0000001700000000 0000000000004000 00000000493a2430 000000000001f54c
[mtlr] resource2 sel8 flags 470 sz 0x1000 -> kr 0x00000000 rid 23 GPUVA 0x10002090000 cpu 10762c000
[mtlr]   out: 0000010002090000 000000010762c000 0000000102a85140 0000000000000000
[mtlr]   out: 0000001700000000 0000000000004000 00000000493a2431 000000000001f54d
[mtlr] resource2 sel8 flags 470 sz 0x1000 -> kr 0x00000000 rid 23 GPUVA 0x10002090000 cpu 10762c000
[mtlr]   out: 0000010002090000 000000010762c000 0000000102a85140 0000000000000000
[mtlr]   out: 0000001700000000 0000000000004000 00000000493a2432 000000000001f54e
[mtlr] resource2 sel8 flags 470 sz 0x1000 -> kr 0x00000000 rid 23 GPUVA 0x10002090000 cpu 10762c000
[mtlr]   out: 0000010002090000 000000010762c000 0000000102a85140 0000000000000000
[mtlr]   out: 0000001700000000 0000000000004000 00000000493a2433 000000000001f54f
[mtlr] resource2 sel8 flags 470 sz 0x1000 -> kr 0x00000000 rid 23 GPUVA 0x10002090000 cpu 10762c000
[mtlr]   out: 0000010002090000 000000010762c000 0000000102a85140 0000000000000000
[mtlr]   out: 0000001700000000 0000000000004000 00000000493a2434 000000000001f550
[mtlr] resource2 sel8 flags 470 sz 0x1000 -> kr 0x00000000 rid 23 GPUVA 0x10002090000 cpu 10762c000
[mtlr]   out: 0000010002090000 000000010762c000 0000000102a85140 0000000000000000
[mtlr]   out: 0000001700000000 0000000000004000 00000000493a2435 000000000001f551
[mtlr] resource2 sel8 flags 470 sz 0x1000 -> kr 0x00000000 rid 23 GPUVA 0x10002090000 cpu 10762c000
[mtlr]   out: 0000010002090000 000000010762c000 0000000102a85140 0000000000000000
[mtlr]   out: 0000001700000000 0000000000004000 00000000493a2436 000000000001f552
[mtlr] resource2 sel8 flags 470 sz 0x1000 -> kr 0x00000000 rid 23 GPUVA 0x10002090000 cpu 10762c000
[mtlr]   out: 0000010002090000 000000010762c000 0000000102a85140 0000000000000000
[mtlr]   out: 0000001700000000 0000000000004000 00000000493a2437 000000000001f553
[mtlr] resource2 sel8 flags 470 sz 0x1000 -> kr 0x00000000 rid 23 GPUVA 0x10002090000 cpu 10762c000
[mtlr]   out: 0000010002090000 000000010762c000 0000000102a85140 0000000000000000
[mtlr]   out: 0000001700000000 0000000000004000 00000000493a2438 000000000001f554
[mtlr] resource2 sel8 flags 470 sz 0x1000 -> kr 0x00000000 rid 23 GPUVA 0x10002090000 cpu 10762c000
[mtlr]   out: 0000010002090000 000000010762c000 0000000102a85140 0000000000000000
[mtlr]   out: 0000001700000000 0000000000004000 00000000493a2439 000000000001f555
[mtlr] resource2 sel8 flags 470 sz 0x1000 -> kr 0x00000000 rid 23 GPUVA 0x10002090000 cpu 10762c000
[mtlr]   out: 0000010002090000 000000010762c000 0000000102a85140 0000000000000000
[mtlr]   out: 0000001700000000 0000000000004000 00000000493a243a 000000000001f556
[mtlr] resource2 sel8 flags 470 sz 0x1000 -> kr 0x00000000 rid 23 GPUVA 0x10002090000 cpu 10762c000
[mtlr]   out: 0000010002090000 000000010762c000 0000000102a85140 0000000000000000
[mtlr]   out: 0000001700000000 0000000000004000 00000000493a243b 000000000001f557
[mtlr] resource2 sel8 flags 470 sz 0x1000 -> kr 0x00000000 rid 23 GPUVA 0x10002090000 cpu 10762c000
[mtlr]   out: 0000010002090000 000000010762c000 0000000102a85140 0000000000000000
[mtlr]   out: 0000001700000000 0000000000004000 00000000493a243c 000000000001f558
[mtlr] resource2 sel8 flags 470 sz 0x1000 -> kr 0x00000000 rid 23 GPUVA 0x10002090000 cpu 10762c000
[mtlr]   out: 0000010002090000 000000010762c000 0000000102a85140 0000000000000000
[mtlr]   out: 0000001700000000 0000000000004000 00000000493a243d 000000000001f559
[mtlr] resource2 sel8 flags 470 sz 0x1000 -> kr 0x00000000 rid 23 GPUVA 0x10002090000 cpu 10762c000
[mtlr]   out: 0000010002090000 000000010762c000 0000000102a85140 0000000000000000
[mtlr]   out: 0000001700000000 0000000000004000 00000000493a243e 000000000001f55a
[mtlr] resource2 sel8 flags 470 sz 0x1000 -> kr 0x00000000 rid 23 GPUVA 0x10002090000 cpu 10762c000
[mtlr]   out: 0000010002090000 000000010762c000 0000000102a85140 0000000000000000
[mtlr]   out: 0000001700000000 0000000000004000 00000000493a243f 000000000001f55b
[mtlr] resource2 sel8 flags 470 sz 0x1000 -> kr 0x00000000 rid 23 GPUVA 0x10002090000 cpu 10762c000
[mtlr]   out: 0000010002090000 000000010762c000 0000000102a85140 0000000000000000
[mtlr]   out: 0000001700000000 0000000000004000 00000000493a2440 000000000001f55c
[mtlr] resource2 sel8 flags 470 sz 0x1000 -> kr 0x00000000 rid 23 GPUVA 0x10002090000 cpu 10762c000
[mtlr]   out: 0000010002090000 000000010762c000 0000000102a85140 0000000000000000
[mtlr]   out: 0000001700000000 0000000000004000 00000000493a2441 000000000001f55d
[mtlr] resource2 sel8 flags 470 sz 0x1000 -> kr 0x00000000 rid 23 GPUVA 0x10002090000 cpu 10762c000
[mtlr]   out: 0000010002090000 000000010762c000 0000000102a85140 0000000000000000
[mtlr]   out: 0000001700000000 0000000000004000 00000000493a2442 000000000001f55e
[mtlr] resource2 sel8 flags 470 sz 0x1000 -> kr 0x00000000 rid 23 GPUVA 0x10002090000 cpu 10762c000
[mtlr]   out: 0000010002090000 000000010762c000 0000000102a85140 0000000000000000
[mtlr]   out: 0000001700000000 0000000000004000 00000000493a2443 000000000001f55f
[mtlr] resource2 sel8 flags 470 sz 0x1000 -> kr 0x00000000 rid 23 GPUVA 0x10002090000 cpu 10762c000
[mtlr]   out: 0000010002090000 000000010762c000 0000000102a85140 0000000000000000
[mtlr]   out: 0000001700000000 0000000000004000 00000000493a2444 000000000001f560
[mtlr] resource2 sel8 flags 470 sz 0x1000 -> kr 0x00000000 rid 23 GPUVA 0x10002090000 cpu 10762c000
[mtlr]   out: 0000010002090000 000000010762c000 0000000102a85140 0000000000000000
[mtlr]   out: 0000001700000000 0000000000004000 00000000493a2445 000000000001f561
[mtlr] resource2 sel8 flags 470 sz 0x1000 -> kr 0x00000000 rid 23 GPUVA 0x10002090000 cpu 10762c000
[mtlr]   out: 0000010002090000 000000010762c000 0000000102a85140 0000000000000000
[mtlr]   out: 0000001700000000 0000000000004000 00000000493a2446 000000000001f562
[mtlr] resource2 sel8 flags 470 sz 0x1000 -> kr 0x00000000 rid 23 GPUVA 0x10002090000 cpu 10762c000
[mtlr]   out: 0000010002090000 000000010762c000 0000000102a85140 0000000000000000
[mtlr]   out: 0000001700000000 0000000000004000 00000000493a2447 000000000001f563
[mtlr] resource2 sel8 flags 470 sz 0x1000 -> kr 0x00000000 rid 23 GPUVA 0x10002090000 cpu 10762c000
[mtlr]   out: 0000010002090000 000000010762c000 0000000102a85140 0000000000000000
[mtlr]   out: 0000001700000000 0000000000004000 00000000493a2448 000000000001f564
[mtlr] resource2 sel8 flags 470 sz 0x1000 -> kr 0x00000000 rid 23 GPUVA 0x10002090000 cpu 10762c000
[mtlr]   out: 0000010002090000 000000010762c000 0000000102a85140 0000000000000000
[mtlr]   out: 0000001700000000 0000000000004000 00000000493a2449 000000000001f565
[uatrec] S4 r21 (+1s): nvv 8 ncb 8 vsz 0x100000 fill 0x0 destroy0 kr 0x00000000 nj 40
[uatrec] S4 r21 blit[0] slots 10 ridp 1
[uatrec] S4 r21 blit[1] slots 11 ridp 1
[uatrec] S4 r21 blit[2] slots 10 ridp 1
[uatrec] S4 r21 blit[3] slots 11 ridp 1
[uatrec] S4 r21 blit[4] slots 10 ridp 1
[uatrec] S4 r21 blit[5] slots 11 ridp 1
[uatrec] S4 r21 blit[6] slots 10 ridp 1
[uatrec] S4 r21 blit[7] slots 11 ridp 1
[mtlr] resource2 sel8 flags 470 sz 0x100000 -> kr 0x00000000 rid 23 GPUVA 0x10002090000 cpu 10752c000
[mtlr]   out: 0000010002090000 000000010752c000 0000000102a85140 0000000000000000
[mtlr]   out: 0000001700000000 0000000000100000 00000000493a2481 000000000001f568
[uatrec] S4 r22 victim[0] rid 23 gpuva 0x10002090000 cpu 0x10752c000 (top-of-stack)
[mtlr] resource2 sel8 flags 470 sz 0x100000 -> kr 0x00000000 rid 24 GPUVA 0x10002198000 cpu 10d550000
[mtlr]   out: 0000010002198000 000000010d550000 0000000102a85200 0000000000000000
[mtlr]   out: 0000001800000000 0000000000100000 00000000493a2482 000000000001f569
[uatrec] S4 r22 victim[1] rid 24 gpuva 0x10002198000 cpu 0x10d550000 (top-of-stack)
[mtlr] resource2 sel8 flags 470 sz 0x100000 -> kr 0x00000000 rid 25 GPUVA 0x100022a0000 cpu 10d650000
[mtlr]   out: 00000100022a0000 000000010d650000 0000000102a852c0 0000000000000000
[mtlr]   out: 0000001900000000 0000000000100000 00000000493a2483 000000000001f56a
[uatrec] S4 r22 victim[2] rid 25 gpuva 0x100022a0000 cpu 0x10d650000 (top-of-stack)
[mtlr] resource2 sel8 flags 470 sz 0x100000 -> kr 0x00000000 rid 26 GPUVA 0x100023a8000 cpu 10d750000
[mtlr]   out: 00000100023a8000 000000010d750000 0000000102a85380 0000000000000000
[mtlr]   out: 0000001a00000000 0000000000100000 00000000493a2484 000000000001f56b
[uatrec] S4 r22 victim[3] rid 26 gpuva 0x100023a8000 cpu 0x10d750000 (top-of-stack)
[mtlr] resource2 sel8 flags 470 sz 0x100000 -> kr 0x00000000 rid 27 GPUVA 0x100024b0000 cpu 10d850000
[mtlr]   out: 00000100024b0000 000000010d850000 0000000102a85440 0000000000000000
[mtlr]   out: 0000001b00000000 0000000000100000 00000000493a2485 000000000001f56c
[uatrec] S4 r22 victim[4] rid 27 gpuva 0x100024b0000 cpu 0x10d850000 (top-of-stack)
[mtlr] resource2 sel8 flags 470 sz 0x100000 -> kr 0x00000000 rid 28 GPUVA 0x100025b8000 cpu 10d950000
[mtlr]   out: 00000100025b8000 000000010d950000 0000000102a85500 0000000000000000
[mtlr]   out: 0000001c00000000 0000000000100000 00000000493a2486 000000000001f56d
[uatrec] S4 r22 victim[5] rid 28 gpuva 0x100025b8000 cpu 0x10d950000 (top-of-stack)
[mtlr] resource2 sel8 flags 470 sz 0x100000 -> kr 0x00000000 rid 29 GPUVA 0x100026c0000 cpu 10da50000
[mtlr]   out: 00000100026c0000 000000010da50000 0000000102a855c0 0000000000000000
[mtlr]   out: 0000001d00000000 0000000000100000 00000000493a2487 000000000001f56e
[uatrec] S4 r22 victim[6] rid 29 gpuva 0x100026c0000 cpu 0x10da50000 (top-of-stack)
[mtlr] resource2 sel8 flags 470 sz 0x100000 -> kr 0x00000000 rid 30 GPUVA 0x100027c8000 cpu 10db50000
[mtlr]   out: 00000100027c8000 000000010db50000 0000000102a85680 0000000000000000
[mtlr]   out: 0000001e00000000 0000000000100000 00000000493a2488 000000000001f56f
[uatrec] S4 r22 victim[7] rid 30 gpuva 0x100027c8000 cpu 0x10db50000 (top-of-stack)
[mtlr] resource2 sel8 flags 470 sz 0x1000 -> kr 0x00000000 rid 23 GPUVA 0x10002090000 cpu 10762c000
[mtlr]   out: 0000010002090000 000000010762c000 0000000102a85140 0000000000000000
[mtlr]   out: 0000001700000000 0000000000004000 00000000493a249a 000000000001f579
[mtlr] resource2 sel8 flags 470 sz 0x1000 -> kr 0x00000000 rid 23 GPUVA 0x10002090000 cpu 10762c000
[mtlr]   out: 0000010002090000 000000010762c000 0000000102a85140 0000000000000000
[mtlr]   out: 0000001700000000 0000000000004000 00000000493a249b 000000000001f57a
[mtlr] resource2 sel8 flags 470 sz 0x1000 -> kr 0x00000000 rid 23 GPUVA 0x10002090000 cpu 10762c000
[mtlr]   out: 0000010002090000 000000010762c000 0000000102a85140 0000000000000000
[mtlr]   out: 0000001700000000 0000000000004000 00000000493a249c 000000000001f57b
[mtlr] resource2 sel8 flags 470 sz 0x1000 -> kr 0x00000000 rid 23 GPUVA 0x10002090000 cpu 10762c000
[mtlr]   out: 0000010002090000 000000010762c000 0000000102a85140 0000000000000000
[mtlr]   out: 0000001700000000 0000000000004000 00000000493a249d 000000000001f57c
[mtlr] resource2 sel8 flags 470 sz 0x1000 -> kr 0x00000000 rid 23 GPUVA 0x10002090000 cpu 10762c000
[mtlr]   out: 0000010002090000 000000010762c000 0000000102a85140 0000000000000000
[mtlr]   out: 0000001700000000 0000000000004000 00000000493a249e 000000000001f57d
[mtlr] resource2 sel8 flags 470 sz 0x1000 -> kr 0x00000000 rid 23 GPUVA 0x10002090000 cpu 10762c000
[mtlr]   out: 0000010002090000 000000010762c000 0000000102a85140 0000000000000000
[mtlr]   out: 0000001700000000 0000000000004000 00000000493a24a1 000000000001f57e
[mtlr] resource2 sel8 flags 470 sz 0x1000 -> kr 0x00000000 rid 23 GPUVA 0x10002090000 cpu 10762c000
[mtlr]   out: 0000010002090000 000000010762c000 0000000102a85140 0000000000000000
[mtlr]   out: 0000001700000000 0000000000004000 00000000493a24a7 000000000001f57f
[mtlr] resource2 sel8 flags 470 sz 0x1000 -> kr 0x00000000 rid 23 GPUVA 0x10002090000 cpu 10762c000
[mtlr]   out: 0000010002090000 000000010762c000 0000000102a85140 0000000000000000
[mtlr]   out: 0000001700000000 0000000000004000 00000000493a24ae 000000000001f580
[mtlr] resource2 sel8 flags 470 sz 0x1000 -> kr 0x00000000 rid 23 GPUVA 0x10002090000 cpu 10762c000
[mtlr]   out: 0000010002090000 000000010762c000 0000000102a85140 0000000000000000
[mtlr]   out: 0000001700000000 0000000000004000 00000000493a24af 000000000001f581
[mtlr] resource2 sel8 flags 470 sz 0x1000 -> kr 0x00000000 rid 23 GPUVA 0x10002090000 cpu 10762c000
[mtlr]   out: 0000010002090000 000000010762c000 0000000102a85140 0000000000000000
[mtlr]   out: 0000001700000000 0000000000004000 00000000493a24b0 000000000001f582
[mtlr] resource2 sel8 flags 470 sz 0x1000 -> kr 0x00000000 rid 23 GPUVA 0x10002090000 cpu 10762c000
[mtlr]   out: 0000010002090000 000000010762c000 0000000102a85140 0000000000000000
[mtlr]   out: 0000001700000000 0000000000004000 00000000493a24b1 000000000001f583
[mtlr] resource2 sel8 flags 470 sz 0x1000 -> kr 0x00000000 rid 23 GPUVA 0x10002090000 cpu 10762c000
[mtlr]   out: 0000010002090000 000000010762c000 0000000102a85140 0000000000000000
[mtlr]   out: 0000001700000000 0000000000004000 00000000493a24b2 000000000001f584
[mtlr] resource2 sel8 flags 470 sz 0x1000 -> kr 0x00000000 rid 23 GPUVA 0x10002090000 cpu 10762c000
[mtlr]   out: 0000010002090000 000000010762c000 0000000102a85140 0000000000000000
[mtlr]   out: 0000001700000000 0000000000004000 00000000493a24b3 000000000001f585
[mtlr] resource2 sel8 flags 470 sz 0x1000 -> kr 0x00000000 rid 23 GPUVA 0x10002090000 cpu 10762c000
[mtlr]   out: 0000010002090000 000000010762c000 0000000102a85140 0000000000000000
[mtlr]   out: 0000001700000000 0000000000004000 00000000493a24b4 000000000001f586
[mtlr] resource2 sel8 flags 470 sz 0x1000 -> kr 0x00000000 rid 23 GPUVA 0x10002090000 cpu 10762c000
[mtlr]   out: 0000010002090000 000000010762c000 0000000102a85140 0000000000000000
[mtlr]   out: 0000001700000000 0000000000004000 00000000493a24b5 000000000001f587
[mtlr] resource2 sel8 flags 470 sz 0x1000 -> kr 0x00000000 rid 23 GPUVA 0x10002090000 cpu 10762c000
[mtlr]   out: 0000010002090000 000000010762c000 0000000102a85140 0000000000000000
[mtlr]   out: 0000001700000000 0000000000004000 00000000493a24b6 000000000001f588
[mtlr] resource2 sel8 flags 470 sz 0x1000 -> kr 0x00000000 rid 23 GPUVA 0x10002090000 cpu 10762c000
[mtlr]   out: 0000010002090000 000000010762c000 0000000102a85140 0000000000000000
[mtlr]   out: 0000001700000000 0000000000004000 00000000493a24b7 000000000001f589
[mtlr] resource2 sel8 flags 470 sz 0x1000 -> kr 0x00000000 rid 23 GPUVA 0x10002090000 cpu 10762c000
[mtlr]   out: 0000010002090000 000000010762c000 0000000102a85140 0000000000000000
[mtlr]   out: 0000001700000000 0000000000004000 00000000493a24b8 000000000001f58a
[mtlr] resource2 sel8 flags 470 sz 0x1000 -> kr 0x00000000 rid 23 GPUVA 0x10002090000 cpu 10762c000
[mtlr]   out: 0000010002090000 000000010762c000 0000000102a85140 0000000000000000
[mtlr]   out: 0000001700000000 0000000000004000 00000000493a24b9 000000000001f58b
[mtlr] resource2 sel8 flags 470 sz 0x1000 -> kr 0x00000000 rid 23 GPUVA 0x10002090000 cpu 10762c000
[mtlr]   out: 0000010002090000 000000010762c000 0000000102a85140 0000000000000000
[mtlr]   out: 0000001700000000 0000000000004000 00000000493a24ba 000000000001f58c
[mtlr] resource2 sel8 flags 470 sz 0x1000 -> kr 0x00000000 rid 23 GPUVA 0x10002090000 cpu 10762c000
[mtlr]   out: 0000010002090000 000000010762c000 0000000102a85140 0000000000000000
[mtlr]   out: 0000001700000000 0000000000004000 00000000493a24bb 000000000001f58d
[mtlr] resource2 sel8 flags 470 sz 0x1000 -> kr 0x00000000 rid 23 GPUVA 0x10002090000 cpu 10762c000
[mtlr]   out: 0000010002090000 000000010762c000 0000000102a85140 0000000000000000
[mtlr]   out: 0000001700000000 0000000000004000 00000000493a24bc 000000000001f58e
[mtlr] resource2 sel8 flags 470 sz 0x1000 -> kr 0x00000000 rid 23 GPUVA 0x10002090000 cpu 10762c000
[mtlr]   out: 0000010002090000 000000010762c000 0000000102a85140 0000000000000000
[mtlr]   out: 0000001700000000 0000000000004000 00000000493a24bd 000000000001f58f
[mtlr] resource2 sel8 flags 470 sz 0x1000 -> kr 0x00000000 rid 23 GPUVA 0x10002090000 cpu 10762c000
[mtlr]   out: 0000010002090000 000000010762c000 0000000102a85140 0000000000000000
[mtlr]   out: 0000001700000000 0000000000004000 00000000493a24be 000000000001f590
[mtlr] resource2 sel8 flags 470 sz 0x1000 -> kr 0x00000000 rid 23 GPUVA 0x10002090000 cpu 10762c000
[mtlr]   out: 0000010002090000 000000010762c000 0000000102a85140 0000000000000000
[mtlr]   out: 0000001700000000 0000000000004000 00000000493a24bf 000000000001f591
[mtlr] resource2 sel8 flags 470 sz 0x1000 -> kr 0x00000000 rid 23 GPUVA 0x10002090000 cpu 10762c000
[mtlr]   out: 0000010002090000 000000010762c000 0000000102a85140 0000000000000000
[mtlr]   out: 0000001700000000 0000000000004000 00000000493a24c0 000000000001f592
[mtlr] resource2 sel8 flags 470 sz 0x1000 -> kr 0x00000000 rid 23 GPUVA 0x10002090000 cpu 10762c000
[mtlr]   out: 0000010002090000 000000010762c000 0000000102a85140 0000000000000000
[mtlr]   out: 0000001700000000 0000000000004000 00000000493a24c1 000000000001f593
[mtlr] resource2 sel8 flags 470 sz 0x1000 -> kr 0x00000000 rid 23 GPUVA 0x10002090000 cpu 10762c000
[mtlr]   out: 0000010002090000 000000010762c000 0000000102a85140 0000000000000000
[mtlr]   out: 0000001700000000 0000000000004000 00000000493a24c2 000000000001f594
[mtlr] resource2 sel8 flags 470 sz 0x1000 -> kr 0x00000000 rid 23 GPUVA 0x10002090000 cpu 10762c000
[mtlr]   out: 0000010002090000 000000010762c000 0000000102a85140 0000000000000000
[mtlr]   out: 0000001700000000 0000000000004000 00000000493a24c3 000000000001f595
[mtlr] resource2 sel8 flags 470 sz 0x1000 -> kr 0x00000000 rid 23 GPUVA 0x10002090000 cpu 10762c000
[mtlr]   out: 0000010002090000 000000010762c000 0000000102a85140 0000000000000000
[mtlr]   out: 0000001700000000 0000000000004000 00000000493a24c4 000000000001f596
[mtlr] resource2 sel8 flags 470 sz 0x1000 -> kr 0x00000000 rid 23 GPUVA 0x10002090000 cpu 10762c000
[mtlr]   out: 0000010002090000 000000010762c000 0000000102a85140 0000000000000000
[mtlr]   out: 0000001700000000 0000000000004000 00000000493a24c5 000000000001f597
[mtlr] resource2 sel8 flags 470 sz 0x1000 -> kr 0x00000000 rid 23 GPUVA 0x10002090000 cpu 10762c000
[mtlr]   out: 0000010002090000 000000010762c000 0000000102a85140 0000000000000000
[mtlr]   out: 0000001700000000 0000000000004000 00000000493a24c6 000000000001f598
[mtlr] resource2 sel8 flags 470 sz 0x1000 -> kr 0x00000000 rid 23 GPUVA 0x10002090000 cpu 10762c000
[mtlr]   out: 0000010002090000 000000010762c000 0000000102a85140 0000000000000000
[mtlr]   out: 0000001700000000 0000000000004000 00000000493a24c7 000000000001f599
[mtlr] resource2 sel8 flags 470 sz 0x1000 -> kr 0x00000000 rid 23 GPUVA 0x10002090000 cpu 10762c000
[mtlr]   out: 0000010002090000 000000010762c000 0000000102a85140 0000000000000000
[mtlr]   out: 0000001700000000 0000000000004000 00000000493a24c8 000000000001f59a
[mtlr] resource2 sel8 flags 470 sz 0x1000 -> kr 0x00000000 rid 23 GPUVA 0x10002090000 cpu 10762c000
[mtlr]   out: 0000010002090000 000000010762c000 0000000102a85140 0000000000000000
[mtlr]   out: 0000001700000000 0000000000004000 00000000493a24c9 000000000001f59b
[mtlr] resource2 sel8 flags 470 sz 0x1000 -> kr 0x00000000 rid 23 GPUVA 0x10002090000 cpu 10762c000
[mtlr]   out: 0000010002090000 000000010762c000 0000000102a85140 0000000000000000
[mtlr]   out: 0000001700000000 0000000000004000 00000000493a24ca 000000000001f59c
[mtlr] resource2 sel8 flags 470 sz 0x1000 -> kr 0x00000000 rid 23 GPUVA 0x10002090000 cpu 10762c000
[mtlr]   out: 0000010002090000 000000010762c000 0000000102a85140 0000000000000000
[mtlr]   out: 0000001700000000 0000000000004000 00000000493a24cb 000000000001f59d
[mtlr] resource2 sel8 flags 470 sz 0x1000 -> kr 0x00000000 rid 23 GPUVA 0x10002090000 cpu 10762c000
[mtlr]   out: 0000010002090000 000000010762c000 0000000102a85140 0000000000000000
[mtlr]   out: 0000001700000000 0000000000004000 00000000493a24cc 000000000001f59e
[mtlr] resource2 sel8 flags 470 sz 0x1000 -> kr 0x00000000 rid 23 GPUVA 0x10002090000 cpu 10762c000
[mtlr]   out: 0000010002090000 000000010762c000 0000000102a85140 0000000000000000
[mtlr]   out: 0000001700000000 0000000000004000 00000000493a24cd 000000000001f59f
[mtlr] resource2 sel8 flags 470 sz 0x1000 -> kr 0x00000000 rid 23 GPUVA 0x10002090000 cpu 10762c000
[mtlr]   out: 0000010002090000 000000010762c000 0000000102a85140 0000000000000000
[mtlr]   out: 0000001700000000 0000000000004000 00000000493a24ce 000000000001f5a0
[uatrec] S4 r22 (+1s): nvv 8 ncb 8 vsz 0x100000 fill 0x0 destroy0 kr 0x00000000 nj 40
[uatrec] S4 r22 blit[0] slots 11 ridp 1
[uatrec] S4 r22 blit[1] slots 10 ridp 1
[uatrec] S4 r22 blit[2] slots 11 ridp 1
[uatrec] S4 r22 blit[3] slots 10 ridp 1
[uatrec] S4 r22 blit[4] slots 11 ridp 1
[uatrec] S4 r22 blit[5] slots 10 ridp 1
[uatrec] S4 r22 blit[6] slots 11 ridp 1
[uatrec] S4 r22 blit[7] slots 10 ridp 1
[mtlr] resource2 sel8 flags 470 sz 0x100000 -> kr 0x00000000 rid 23 GPUVA 0x10002090000 cpu 10dd50000
[mtlr]   out: 0000010002090000 000000010dd50000 0000000102a85140 0000000000000000
[mtlr]   out: 0000001700000000 0000000000100000 00000000493a24e0 000000000001f5a3
[uatrec] S4 r23 victim[0] rid 23 gpuva 0x10002090000 cpu 0x10dd50000 (top-of-stack)
[mtlr] resource2 sel8 flags 470 sz 0x100000 -> kr 0x00000000 rid 24 GPUVA 0x10002198000 cpu 10de50000
[mtlr]   out: 0000010002198000 000000010de50000 0000000102a85200 0000000000000000
[mtlr]   out: 0000001800000000 0000000000100000 00000000493a24e1 000000000001f5a4
[uatrec] S4 r23 victim[1] rid 24 gpuva 0x10002198000 cpu 0x10de50000 (top-of-stack)
[mtlr] resource2 sel8 flags 470 sz 0x100000 -> kr 0x00000000 rid 25 GPUVA 0x100022a0000 cpu 10e400000
[mtlr]   out: 00000100022a0000 000000010e400000 0000000102a852c0 0000000000000000
[mtlr]   out: 0000001900000000 0000000000100000 00000000493a24e2 000000000001f5a5
[uatrec] S4 r23 victim[2] rid 25 gpuva 0x100022a0000 cpu 0x10e400000 (top-of-stack)
[mtlr] resource2 sel8 flags 470 sz 0x100000 -> kr 0x00000000 rid 26 GPUVA 0x100023a8000 cpu 10e500000
[mtlr]   out: 00000100023a8000 000000010e500000 0000000102a85380 0000000000000000
[mtlr]   out: 0000001a00000000 0000000000100000 00000000493a24e3 000000000001f5a6
[uatrec] S4 r23 victim[3] rid 26 gpuva 0x100023a8000 cpu 0x10e500000 (top-of-stack)
[mtlr] resource2 sel8 flags 470 sz 0x100000 -> kr 0x00000000 rid 27 GPUVA 0x100024b0000 cpu 10e600000
[mtlr]   out: 00000100024b0000 000000010e600000 0000000102a85440 0000000000000000
[mtlr]   out: 0000001b00000000 0000000000100000 00000000493a24e4 000000000001f5a7
[uatrec] S4 r23 victim[4] rid 27 gpuva 0x100024b0000 cpu 0x10e600000 (top-of-stack)
[mtlr] resource2 sel8 flags 470 sz 0x100000 -> kr 0x00000000 rid 28 GPUVA 0x100025b8000 cpu 10e700000
[mtlr]   out: 00000100025b8000 000000010e700000 0000000102a85500 0000000000000000
[mtlr]   out: 0000001c00000000 0000000000100000 00000000493a24e5 000000000001f5a8
[uatrec] S4 r23 victim[5] rid 28 gpuva 0x100025b8000 cpu 0x10e700000 (top-of-stack)
[mtlr] resource2 sel8 flags 470 sz 0x100000 -> kr 0x00000000 rid 29 GPUVA 0x100026c0000 cpu 10e800000
[mtlr]   out: 00000100026c0000 000000010e800000 0000000102a855c0 0000000000000000
[mtlr]   out: 0000001d00000000 0000000000100000 00000000493a24e6 000000000001f5a9
[uatrec] S4 r23 victim[6] rid 29 gpuva 0x100026c0000 cpu 0x10e800000 (top-of-stack)
[mtlr] resource2 sel8 flags 470 sz 0x100000 -> kr 0x00000000 rid 30 GPUVA 0x100027c8000 cpu 10e900000
[mtlr]   out: 00000100027c8000 000000010e900000 0000000102a85680 0000000000000000
[mtlr]   out: 0000001e00000000 0000000000100000 00000000493a24e7 000000000001f5aa
[uatrec] S4 r23 victim[7] rid 30 gpuva 0x100027c8000 cpu 0x10e900000 (top-of-stack)
[mtlr] resource2 sel8 flags 470 sz 0x1000 -> kr 0x00000000 rid 23 GPUVA 0x10002090000 cpu 10762c000
[mtlr]   out: 0000010002090000 000000010762c000 0000000102a85140 0000000000000000
[mtlr]   out: 0000001700000000 0000000000004000 00000000493a24fe 000000000001f5b4
[mtlr] resource2 sel8 flags 470 sz 0x1000 -> kr 0x00000000 rid 23 GPUVA 0x10002090000 cpu 10762c000
[mtlr]   out: 0000010002090000 000000010762c000 0000000102a85140 0000000000000000
[mtlr]   out: 0000001700000000 0000000000004000 00000000493a24ff 000000000001f5b5
[mtlr] resource2 sel8 flags 470 sz 0x1000 -> kr 0x00000000 rid 23 GPUVA 0x10002090000 cpu 10762c000
[mtlr]   out: 0000010002090000 000000010762c000 0000000102a85140 0000000000000000
[mtlr]   out: 0000001700000000 0000000000004000 00000000493a2500 000000000001f5b6
[mtlr] resource2 sel8 flags 470 sz 0x1000 -> kr 0x00000000 rid 23 GPUVA 0x10002090000 cpu 10762c000
[mtlr]   out: 0000010002090000 000000010762c000 0000000102a85140 0000000000000000
[mtlr]   out: 0000001700000000 0000000000004000 00000000493a2501 000000000001f5b7
[mtlr] resource2 sel8 flags 470 sz 0x1000 -> kr 0x00000000 rid 23 GPUVA 0x10002090000 cpu 10762c000
[mtlr]   out: 0000010002090000 000000010762c000 0000000102a85140 0000000000000000
[mtlr]   out: 0000001700000000 0000000000004000 00000000493a2502 000000000001f5b8
[mtlr] resource2 sel8 flags 470 sz 0x1000 -> kr 0x00000000 rid 23 GPUVA 0x10002090000 cpu 10762c000
[mtlr]   out: 0000010002090000 000000010762c000 0000000102a85140 0000000000000000
[mtlr]   out: 0000001700000000 0000000000004000 00000000493a2503 000000000001f5b9
[mtlr] resource2 sel8 flags 470 sz 0x1000 -> kr 0x00000000 rid 23 GPUVA 0x10002090000 cpu 10762c000
[mtlr]   out: 0000010002090000 000000010762c000 0000000102a85140 0000000000000000
[mtlr]   out: 0000001700000000 0000000000004000 00000000493a2504 000000000001f5ba
[mtlr] resource2 sel8 flags 470 sz 0x1000 -> kr 0x00000000 rid 23 GPUVA 0x10002090000 cpu 10762c000
[mtlr]   out: 0000010002090000 000000010762c000 0000000102a85140 0000000000000000
[mtlr]   out: 0000001700000000 0000000000004000 00000000493a2505 000000000001f5bb
[mtlr] resource2 sel8 flags 470 sz 0x1000 -> kr 0x00000000 rid 23 GPUVA 0x10002090000 cpu 10762c000
[mtlr]   out: 0000010002090000 000000010762c000 0000000102a85140 0000000000000000
[mtlr]   out: 0000001700000000 0000000000004000 00000000493a2506 000000000001f5bc
[mtlr] resource2 sel8 flags 470 sz 0x1000 -> kr 0x00000000 rid 23 GPUVA 0x10002090000 cpu 10762c000
[mtlr]   out: 0000010002090000 000000010762c000 0000000102a85140 0000000000000000
[mtlr]   out: 0000001700000000 0000000000004000 00000000493a2507 000000000001f5bd
[mtlr] resource2 sel8 flags 470 sz 0x1000 -> kr 0x00000000 rid 23 GPUVA 0x10002090000 cpu 10762c000
[mtlr]   out: 0000010002090000 000000010762c000 0000000102a85140 0000000000000000
[mtlr]   out: 0000001700000000 0000000000004000 00000000493a2508 000000000001f5be
[mtlr] resource2 sel8 flags 470 sz 0x1000 -> kr 0x00000000 rid 23 GPUVA 0x10002090000 cpu 10762c000
[mtlr]   out: 0000010002090000 000000010762c000 0000000102a85140 0000000000000000
[mtlr]   out: 0000001700000000 0000000000004000 00000000493a2509 000000000001f5bf
[mtlr] resource2 sel8 flags 470 sz 0x1000 -> kr 0x00000000 rid 23 GPUVA 0x10002090000 cpu 10762c000
[mtlr]   out: 0000010002090000 000000010762c000 0000000102a85140 0000000000000000
[mtlr]   out: 0000001700000000 0000000000004000 00000000493a250a 000000000001f5c0
[mtlr] resource2 sel8 flags 470 sz 0x1000 -> kr 0x00000000 rid 23 GPUVA 0x10002090000 cpu 10762c000
[mtlr]   out: 0000010002090000 000000010762c000 0000000102a85140 0000000000000000
[mtlr]   out: 0000001700000000 0000000000004000 00000000493a250b 000000000001f5c1
[mtlr] resource2 sel8 flags 470 sz 0x1000 -> kr 0x00000000 rid 23 GPUVA 0x10002090000 cpu 10762c000
[mtlr]   out: 0000010002090000 000000010762c000 0000000102a85140 0000000000000000
[mtlr]   out: 0000001700000000 0000000000004000 00000000493a250c 000000000001f5c2
[mtlr] resource2 sel8 flags 470 sz 0x1000 -> kr 0x00000000 rid 23 GPUVA 0x10002090000 cpu 10762c000
[mtlr]   out: 0000010002090000 000000010762c000 0000000102a85140 0000000000000000
[mtlr]   out: 0000001700000000 0000000000004000 00000000493a250d 000000000001f5c3
[mtlr] resource2 sel8 flags 470 sz 0x1000 -> kr 0x00000000 rid 23 GPUVA 0x10002090000 cpu 10762c000
[mtlr]   out: 0000010002090000 000000010762c000 0000000102a85140 0000000000000000
[mtlr]   out: 0000001700000000 0000000000004000 00000000493a250e 000000000001f5c4
[mtlr] resource2 sel8 flags 470 sz 0x1000 -> kr 0x00000000 rid 23 GPUVA 0x10002090000 cpu 10762c000
[mtlr]   out: 0000010002090000 000000010762c000 0000000102a85140 0000000000000000
[mtlr]   out: 0000001700000000 0000000000004000 00000000493a250f 000000000001f5c5
[mtlr] resource2 sel8 flags 470 sz 0x1000 -> kr 0x00000000 rid 23 GPUVA 0x10002090000 cpu 10762c000
[mtlr]   out: 0000010002090000 000000010762c000 0000000102a85140 0000000000000000
[mtlr]   out: 0000001700000000 0000000000004000 00000000493a2510 000000000001f5c6
[mtlr] resource2 sel8 flags 470 sz 0x1000 -> kr 0x00000000 rid 23 GPUVA 0x10002090000 cpu 10762c000
[mtlr]   out: 0000010002090000 000000010762c000 0000000102a85140 0000000000000000
[mtlr]   out: 0000001700000000 0000000000004000 00000000493a2511 000000000001f5c7
[mtlr] resource2 sel8 flags 470 sz 0x1000 -> kr 0x00000000 rid 23 GPUVA 0x10002090000 cpu 10762c000
[mtlr]   out: 0000010002090000 000000010762c000 0000000102a85140 0000000000000000
[mtlr]   out: 0000001700000000 0000000000004000 00000000493a2512 000000000001f5c8
[mtlr] resource2 sel8 flags 470 sz 0x1000 -> kr 0x00000000 rid 23 GPUVA 0x10002090000 cpu 10762c000
[mtlr]   out: 0000010002090000 000000010762c000 0000000102a85140 0000000000000000
[mtlr]   out: 0000001700000000 0000000000004000 00000000493a2513 000000000001f5c9
[mtlr] resource2 sel8 flags 470 sz 0x1000 -> kr 0x00000000 rid 23 GPUVA 0x10002090000 cpu 10762c000
[mtlr]   out: 0000010002090000 000000010762c000 0000000102a85140 0000000000000000
[mtlr]   out: 0000001700000000 0000000000004000 00000000493a2514 000000000001f5ca
[mtlr] resource2 sel8 flags 470 sz 0x1000 -> kr 0x00000000 rid 23 GPUVA 0x10002090000 cpu 10762c000
[mtlr]   out: 0000010002090000 000000010762c000 0000000102a85140 0000000000000000
[mtlr]   out: 0000001700000000 0000000000004000 00000000493a2515 000000000001f5cb
[mtlr] resource2 sel8 flags 470 sz 0x1000 -> kr 0x00000000 rid 23 GPUVA 0x10002090000 cpu 10762c000
[mtlr]   out: 0000010002090000 000000010762c000 0000000102a85140 0000000000000000
[mtlr]   out: 0000001700000000 0000000000004000 00000000493a2516 000000000001f5cc
[mtlr] resource2 sel8 flags 470 sz 0x1000 -> kr 0x00000000 rid 23 GPUVA 0x10002090000 cpu 10762c000
[mtlr]   out: 0000010002090000 000000010762c000 0000000102a85140 0000000000000000
[mtlr]   out: 0000001700000000 0000000000004000 00000000493a2517 000000000001f5cd
[mtlr] resource2 sel8 flags 470 sz 0x1000 -> kr 0x00000000 rid 23 GPUVA 0x10002090000 cpu 10762c000
[mtlr]   out: 0000010002090000 000000010762c000 0000000102a85140 0000000000000000
[mtlr]   out: 0000001700000000 0000000000004000 00000000493a2518 000000000001f5ce
[mtlr] resource2 sel8 flags 470 sz 0x1000 -> kr 0x00000000 rid 23 GPUVA 0x10002090000 cpu 10762c000
[mtlr]   out: 0000010002090000 000000010762c000 0000000102a85140 0000000000000000
[mtlr]   out: 0000001700000000 0000000000004000 00000000493a2519 000000000001f5cf
[mtlr] resource2 sel8 flags 470 sz 0x1000 -> kr 0x00000000 rid 23 GPUVA 0x10002090000 cpu 10762c000
[mtlr]   out: 0000010002090000 000000010762c000 0000000102a85140 0000000000000000
[mtlr]   out: 0000001700000000 0000000000004000 00000000493a251a 000000000001f5d0
[mtlr] resource2 sel8 flags 470 sz 0x1000 -> kr 0x00000000 rid 23 GPUVA 0x10002090000 cpu 10762c000
[mtlr]   out: 0000010002090000 000000010762c000 0000000102a85140 0000000000000000
[mtlr]   out: 0000001700000000 0000000000004000 00000000493a251b 000000000001f5d1
[mtlr] resource2 sel8 flags 470 sz 0x1000 -> kr 0x00000000 rid 23 GPUVA 0x10002090000 cpu 10762c000
[mtlr]   out: 0000010002090000 000000010762c000 0000000102a85140 0000000000000000
[mtlr]   out: 0000001700000000 0000000000004000 00000000493a251c 000000000001f5d2
[mtlr] resource2 sel8 flags 470 sz 0x1000 -> kr 0x00000000 rid 23 GPUVA 0x10002090000 cpu 10762c000
[mtlr]   out: 0000010002090000 000000010762c000 0000000102a85140 0000000000000000
[mtlr]   out: 0000001700000000 0000000000004000 00000000493a251d 000000000001f5d3
[mtlr] resource2 sel8 flags 470 sz 0x1000 -> kr 0x00000000 rid 23 GPUVA 0x10002090000 cpu 10762c000
[mtlr]   out: 0000010002090000 000000010762c000 0000000102a85140 0000000000000000
[mtlr]   out: 0000001700000000 0000000000004000 00000000493a251e 000000000001f5d4
[mtlr] resource2 sel8 flags 470 sz 0x1000 -> kr 0x00000000 rid 23 GPUVA 0x10002090000 cpu 10762c000
[mtlr]   out: 0000010002090000 000000010762c000 0000000102a85140 0000000000000000
[mtlr]   out: 0000001700000000 0000000000004000 00000000493a251f 000000000001f5d5
[mtlr] resource2 sel8 flags 470 sz 0x1000 -> kr 0x00000000 rid 23 GPUVA 0x10002090000 cpu 10762c000
[mtlr]   out: 0000010002090000 000000010762c000 0000000102a85140 0000000000000000
[mtlr]   out: 0000001700000000 0000000000004000 00000000493a2520 000000000001f5d6
[mtlr] resource2 sel8 flags 470 sz 0x1000 -> kr 0x00000000 rid 23 GPUVA 0x10002090000 cpu 10762c000
[mtlr]   out: 0000010002090000 000000010762c000 0000000102a85140 0000000000000000
[mtlr]   out: 0000001700000000 0000000000004000 00000000493a2521 000000000001f5d7
[mtlr] resource2 sel8 flags 470 sz 0x1000 -> kr 0x00000000 rid 23 GPUVA 0x10002090000 cpu 10762c000
[mtlr]   out: 0000010002090000 000000010762c000 0000000102a85140 0000000000000000
[mtlr]   out: 0000001700000000 0000000000004000 00000000493a2522 000000000001f5d8
[mtlr] resource2 sel8 flags 470 sz 0x1000 -> kr 0x00000000 rid 23 GPUVA 0x10002090000 cpu 10762c000
[mtlr]   out: 0000010002090000 000000010762c000 0000000102a85140 0000000000000000
[mtlr]   out: 0000001700000000 0000000000004000 00000000493a2523 000000000001f5d9
[mtlr] resource2 sel8 flags 470 sz 0x1000 -> kr 0x00000000 rid 23 GPUVA 0x10002090000 cpu 10762c000
[mtlr]   out: 0000010002090000 000000010762c000 0000000102a85140 0000000000000000
[mtlr]   out: 0000001700000000 0000000000004000 00000000493a2524 000000000001f5da
[mtlr] resource2 sel8 flags 470 sz 0x1000 -> kr 0x00000000 rid 23 GPUVA 0x10002090000 cpu 10762c000
[mtlr]   out: 0000010002090000 000000010762c000 0000000102a85140 0000000000000000
[mtlr]   out: 0000001700000000 0000000000004000 00000000493a2525 000000000001f5db
[uatrec] S4 r23 (+1s): nvv 8 ncb 8 vsz 0x100000 fill 0x0 destroy0 kr 0x00000000 nj 40
[uatrec] S4 r23 blit[0] slots 10 ridp 1
[uatrec] S4 r23 blit[1] slots 11 ridp 1
[uatrec] S4 r23 blit[2] slots 10 ridp 1
[uatrec] S4 r23 blit[3] slots 11 ridp 1
[uatrec] S4 r23 blit[4] slots 10 ridp 1
[uatrec] S4 r23 blit[5] slots 11 ridp 1
[uatrec] S4 r23 blit[6] slots 10 ridp 1
[uatrec] S4 r23 blit[7] slots 11 ridp 1
[mtlr] resource2 sel8 flags 470 sz 0x100000 -> kr 0x00000000 rid 23 GPUVA 0x10002090000 cpu 10752c000
[mtlr]   out: 0000010002090000 000000010752c000 0000000102a85140 0000000000000000
[mtlr]   out: 0000001700000000 0000000000100000 00000000493a2540 000000000001f5e2
[uatrec] S4 r24 victim[0] rid 23 gpuva 0x10002090000 cpu 0x10752c000 (top-of-stack)
[mtlr] resource2 sel8 flags 470 sz 0x100000 -> kr 0x00000000 rid 24 GPUVA 0x10002198000 cpu 10d550000
[mtlr]   out: 0000010002198000 000000010d550000 0000000102a85200 0000000000000000
[mtlr]   out: 0000001800000000 0000000000100000 00000000493a2541 000000000001f5e3
[uatrec] S4 r24 victim[1] rid 24 gpuva 0x10002198000 cpu 0x10d550000 (top-of-stack)
[mtlr] resource2 sel8 flags 470 sz 0x100000 -> kr 0x00000000 rid 25 GPUVA 0x100022a0000 cpu 10d650000
[mtlr]   out: 00000100022a0000 000000010d650000 0000000102a852c0 0000000000000000
[mtlr]   out: 0000001900000000 0000000000100000 00000000493a2542 000000000001f5e4
[uatrec] S4 r24 victim[2] rid 25 gpuva 0x100022a0000 cpu 0x10d650000 (top-of-stack)
[mtlr] resource2 sel8 flags 470 sz 0x100000 -> kr 0x00000000 rid 26 GPUVA 0x100023a8000 cpu 10d750000
[mtlr]   out: 00000100023a8000 000000010d750000 0000000102a85380 0000000000000000
[mtlr]   out: 0000001a00000000 0000000000100000 00000000493a2543 000000000001f5e5
[uatrec] S4 r24 victim[3] rid 26 gpuva 0x100023a8000 cpu 0x10d750000 (top-of-stack)
[mtlr] resource2 sel8 flags 470 sz 0x100000 -> kr 0x00000000 rid 27 GPUVA 0x100024b0000 cpu 10d850000
[mtlr]   out: 00000100024b0000 000000010d850000 0000000102a85440 0000000000000000
[mtlr]   out: 0000001b00000000 0000000000100000 00000000493a2544 000000000001f5e6
[uatrec] S4 r24 victim[4] rid 27 gpuva 0x100024b0000 cpu 0x10d850000 (top-of-stack)
[mtlr] resource2 sel8 flags 470 sz 0x100000 -> kr 0x00000000 rid 28 GPUVA 0x100025b8000 cpu 10d950000
[mtlr]   out: 00000100025b8000 000000010d950000 0000000102a85500 0000000000000000
[mtlr]   out: 0000001c00000000 0000000000100000 00000000493a2545 000000000001f5e7
[uatrec] S4 r24 victim[5] rid 28 gpuva 0x100025b8000 cpu 0x10d950000 (top-of-stack)
[mtlr] resource2 sel8 flags 470 sz 0x100000 -> kr 0x00000000 rid 29 GPUVA 0x100026c0000 cpu 10da50000
[mtlr]   out: 00000100026c0000 000000010da50000 0000000102a855c0 0000000000000000
[mtlr]   out: 0000001d00000000 0000000000100000 00000000493a2546 000000000001f5e8
[uatrec] S4 r24 victim[6] rid 29 gpuva 0x100026c0000 cpu 0x10da50000 (top-of-stack)
[mtlr] resource2 sel8 flags 470 sz 0x100000 -> kr 0x00000000 rid 30 GPUVA 0x100027c8000 cpu 10db50000
[mtlr]   out: 00000100027c8000 000000010db50000 0000000102a85680 0000000000000000
[mtlr]   out: 0000001e00000000 0000000000100000 00000000493a2547 000000000001f5e9
[uatrec] S4 r24 victim[7] rid 30 gpuva 0x100027c8000 cpu 0x10db50000 (top-of-stack)
[mtlr] resource2 sel8 flags 470 sz 0x1000 -> kr 0x00000000 rid 23 GPUVA 0x10002090000 cpu 10762c000
[mtlr]   out: 0000010002090000 000000010762c000 0000000102a85140 0000000000000000
[mtlr]   out: 0000001700000000 0000000000004000 00000000493a255e 000000000001f5f3
[mtlr] resource2 sel8 flags 470 sz 0x1000 -> kr 0x00000000 rid 23 GPUVA 0x10002090000 cpu 10762c000
[mtlr]   out: 0000010002090000 000000010762c000 0000000102a85140 0000000000000000
[mtlr]   out: 0000001700000000 0000000000004000 00000000493a255f 000000000001f5f4
[mtlr] resource2 sel8 flags 470 sz 0x1000 -> kr 0x00000000 rid 23 GPUVA 0x10002090000 cpu 10762c000
[mtlr]   out: 0000010002090000 000000010762c000 0000000102a85140 0000000000000000
[mtlr]   out: 0000001700000000 0000000000004000 00000000493a2560 000000000001f5f5
[mtlr] resource2 sel8 flags 470 sz 0x1000 -> kr 0x00000000 rid 23 GPUVA 0x10002090000 cpu 10762c000
[mtlr]   out: 0000010002090000 000000010762c000 0000000102a85140 0000000000000000
[mtlr]   out: 0000001700000000 0000000000004000 00000000493a2561 000000000001f5f6
[mtlr] resource2 sel8 flags 470 sz 0x1000 -> kr 0x00000000 rid 23 GPUVA 0x10002090000 cpu 10762c000
[mtlr]   out: 0000010002090000 000000010762c000 0000000102a85140 0000000000000000
[mtlr]   out: 0000001700000000 0000000000004000 00000000493a2562 000000000001f5f7
[mtlr] resource2 sel8 flags 470 sz 0x1000 -> kr 0x00000000 rid 23 GPUVA 0x10002090000 cpu 10762c000
[mtlr]   out: 0000010002090000 000000010762c000 0000000102a85140 0000000000000000
[mtlr]   out: 0000001700000000 0000000000004000 00000000493a2563 000000000001f5f8
[mtlr] resource2 sel8 flags 470 sz 0x1000 -> kr 0x00000000 rid 23 GPUVA 0x10002090000 cpu 10762c000
[mtlr]   out: 0000010002090000 000000010762c000 0000000102a85140 0000000000000000
[mtlr]   out: 0000001700000000 0000000000004000 00000000493a2564 000000000001f5f9
[mtlr] resource2 sel8 flags 470 sz 0x1000 -> kr 0x00000000 rid 23 GPUVA 0x10002090000 cpu 10762c000
[mtlr]   out: 0000010002090000 000000010762c000 0000000102a85140 0000000000000000
[mtlr]   out: 0000001700000000 0000000000004000 00000000493a2565 000000000001f5fa
[mtlr] resource2 sel8 flags 470 sz 0x1000 -> kr 0x00000000 rid 23 GPUVA 0x10002090000 cpu 10762c000
[mtlr]   out: 0000010002090000 000000010762c000 0000000102a85140 0000000000000000
[mtlr]   out: 0000001700000000 0000000000004000 00000000493a2566 000000000001f5fb
[mtlr] resource2 sel8 flags 470 sz 0x1000 -> kr 0x00000000 rid 23 GPUVA 0x10002090000 cpu 10762c000
[mtlr]   out: 0000010002090000 000000010762c000 0000000102a85140 0000000000000000
[mtlr]   out: 0000001700000000 0000000000004000 00000000493a2567 000000000001f5fc
[mtlr] resource2 sel8 flags 470 sz 0x1000 -> kr 0x00000000 rid 23 GPUVA 0x10002090000 cpu 10762c000
[mtlr]   out: 0000010002090000 000000010762c000 0000000102a85140 0000000000000000
[mtlr]   out: 0000001700000000 0000000000004000 00000000493a2568 000000000001f5fd
[mtlr] resource2 sel8 flags 470 sz 0x1000 -> kr 0x00000000 rid 23 GPUVA 0x10002090000 cpu 10762c000
[mtlr]   out: 0000010002090000 000000010762c000 0000000102a85140 0000000000000000
[mtlr]   out: 0000001700000000 0000000000004000 00000000493a2569 000000000001f5fe
[mtlr] resource2 sel8 flags 470 sz 0x1000 -> kr 0x00000000 rid 23 GPUVA 0x10002090000 cpu 10762c000
[mtlr]   out: 0000010002090000 000000010762c000 0000000102a85140 0000000000000000
[mtlr]   out: 0000001700000000 0000000000004000 00000000493a256a 000000000001f5ff
[mtlr] resource2 sel8 flags 470 sz 0x1000 -> kr 0x00000000 rid 23 GPUVA 0x10002090000 cpu 10762c000
[mtlr]   out: 0000010002090000 000000010762c000 0000000102a85140 0000000000000000
[mtlr]   out: 0000001700000000 0000000000004000 00000000493a256b 000000000001f600
[mtlr] resource2 sel8 flags 470 sz 0x1000 -> kr 0x00000000 rid 23 GPUVA 0x10002090000 cpu 10762c000
[mtlr]   out: 0000010002090000 000000010762c000 0000000102a85140 0000000000000000
[mtlr]   out: 0000001700000000 0000000000004000 00000000493a256c 000000000001f601
[mtlr] resource2 sel8 flags 470 sz 0x1000 -> kr 0x00000000 rid 23 GPUVA 0x10002090000 cpu 10762c000
[mtlr]   out: 0000010002090000 000000010762c000 0000000102a85140 0000000000000000
[mtlr]   out: 0000001700000000 0000000000004000 00000000493a256d 000000000001f602
[mtlr] resource2 sel8 flags 470 sz 0x1000 -> kr 0x00000000 rid 23 GPUVA 0x10002090000 cpu 10762c000
[mtlr]   out: 0000010002090000 000000010762c000 0000000102a85140 0000000000000000
[mtlr]   out: 0000001700000000 0000000000004000 00000000493a256e 000000000001f603
[mtlr] resource2 sel8 flags 470 sz 0x1000 -> kr 0x00000000 rid 23 GPUVA 0x10002090000 cpu 10762c000
[mtlr]   out: 0000010002090000 000000010762c000 0000000102a85140 0000000000000000
[mtlr]   out: 0000001700000000 0000000000004000 00000000493a256f 000000000001f604
[mtlr] resource2 sel8 flags 470 sz 0x1000 -> kr 0x00000000 rid 23 GPUVA 0x10002090000 cpu 10762c000
[mtlr]   out: 0000010002090000 000000010762c000 0000000102a85140 0000000000000000
[mtlr]   out: 0000001700000000 0000000000004000 00000000493a2570 000000000001f605
[mtlr] resource2 sel8 flags 470 sz 0x1000 -> kr 0x00000000 rid 23 GPUVA 0x10002090000 cpu 10762c000
[mtlr]   out: 0000010002090000 000000010762c000 0000000102a85140 0000000000000000
[mtlr]   out: 0000001700000000 0000000000004000 00000000493a2571 000000000001f606
[mtlr] resource2 sel8 flags 470 sz 0x1000 -> kr 0x00000000 rid 23 GPUVA 0x10002090000 cpu 10762c000
[mtlr]   out: 0000010002090000 000000010762c000 0000000102a85140 0000000000000000
[mtlr]   out: 0000001700000000 0000000000004000 00000000493a2572 000000000001f607
[mtlr] resource2 sel8 flags 470 sz 0x1000 -> kr 0x00000000 rid 23 GPUVA 0x10002090000 cpu 10762c000
[mtlr]   out: 0000010002090000 000000010762c000 0000000102a85140 0000000000000000
[mtlr]   out: 0000001700000000 0000000000004000 00000000493a2573 000000000001f608
[mtlr] resource2 sel8 flags 470 sz 0x1000 -> kr 0x00000000 rid 23 GPUVA 0x10002090000 cpu 10762c000
[mtlr]   out: 0000010002090000 000000010762c000 0000000102a85140 0000000000000000
[mtlr]   out: 0000001700000000 0000000000004000 00000000493a2574 000000000001f609
[mtlr] resource2 sel8 flags 470 sz 0x1000 -> kr 0x00000000 rid 23 GPUVA 0x10002090000 cpu 10762c000
[mtlr]   out: 0000010002090000 000000010762c000 0000000102a85140 0000000000000000
[mtlr]   out: 0000001700000000 0000000000004000 00000000493a2575 000000000001f60a
[mtlr] resource2 sel8 flags 470 sz 0x1000 -> kr 0x00000000 rid 23 GPUVA 0x10002090000 cpu 10762c000
[mtlr]   out: 0000010002090000 000000010762c000 0000000102a85140 0000000000000000
[mtlr]   out: 0000001700000000 0000000000004000 00000000493a2576 000000000001f60b
[mtlr] resource2 sel8 flags 470 sz 0x1000 -> kr 0x00000000 rid 23 GPUVA 0x10002090000 cpu 10762c000
[mtlr]   out: 0000010002090000 000000010762c000 0000000102a85140 0000000000000000
[mtlr]   out: 0000001700000000 0000000000004000 00000000493a2577 000000000001f60c
[mtlr] resource2 sel8 flags 470 sz 0x1000 -> kr 0x00000000 rid 23 GPUVA 0x10002090000 cpu 10762c000
[mtlr]   out: 0000010002090000 000000010762c000 0000000102a85140 0000000000000000
[mtlr]   out: 0000001700000000 0000000000004000 00000000493a2578 000000000001f60d
[mtlr] resource2 sel8 flags 470 sz 0x1000 -> kr 0x00000000 rid 23 GPUVA 0x10002090000 cpu 10762c000
[mtlr]   out: 0000010002090000 000000010762c000 0000000102a85140 0000000000000000
[mtlr]   out: 0000001700000000 0000000000004000 00000000493a2579 000000000001f60e
[mtlr] resource2 sel8 flags 470 sz 0x1000 -> kr 0x00000000 rid 23 GPUVA 0x10002090000 cpu 10762c000
[mtlr]   out: 0000010002090000 000000010762c000 0000000102a85140 0000000000000000
[mtlr]   out: 0000001700000000 0000000000004000 00000000493a257a 000000000001f60f
[mtlr] resource2 sel8 flags 470 sz 0x1000 -> kr 0x00000000 rid 23 GPUVA 0x10002090000 cpu 10762c000
[mtlr]   out: 0000010002090000 000000010762c000 0000000102a85140 0000000000000000
[mtlr]   out: 0000001700000000 0000000000004000 00000000493a257b 000000000001f610
[mtlr] resource2 sel8 flags 470 sz 0x1000 -> kr 0x00000000 rid 23 GPUVA 0x10002090000 cpu 10762c000
[mtlr]   out: 0000010002090000 000000010762c000 0000000102a85140 0000000000000000
[mtlr]   out: 0000001700000000 0000000000004000 00000000493a257c 000000000001f611
[mtlr] resource2 sel8 flags 470 sz 0x1000 -> kr 0x00000000 rid 23 GPUVA 0x10002090000 cpu 10762c000
[mtlr]   out: 0000010002090000 000000010762c000 0000000102a85140 0000000000000000
[mtlr]   out: 0000001700000000 0000000000004000 00000000493a257d 000000000001f612
[mtlr] resource2 sel8 flags 470 sz 0x1000 -> kr 0x00000000 rid 23 GPUVA 0x10002090000 cpu 10762c000
[mtlr]   out: 0000010002090000 000000010762c000 0000000102a85140 0000000000000000
[mtlr]   out: 0000001700000000 0000000000004000 00000000493a257e 000000000001f613
[mtlr] resource2 sel8 flags 470 sz 0x1000 -> kr 0x00000000 rid 23 GPUVA 0x10002090000 cpu 10762c000
[mtlr]   out: 0000010002090000 000000010762c000 0000000102a85140 0000000000000000
[mtlr]   out: 0000001700000000 0000000000004000 00000000493a257f 000000000001f614
[mtlr] resource2 sel8 flags 470 sz 0x1000 -> kr 0x00000000 rid 23 GPUVA 0x10002090000 cpu 10762c000
[mtlr]   out: 0000010002090000 000000010762c000 0000000102a85140 0000000000000000
[mtlr]   out: 0000001700000000 0000000000004000 00000000493a2580 000000000001f615
[mtlr] resource2 sel8 flags 470 sz 0x1000 -> kr 0x00000000 rid 23 GPUVA 0x10002090000 cpu 10762c000
[mtlr]   out: 0000010002090000 000000010762c000 0000000102a85140 0000000000000000
[mtlr]   out: 0000001700000000 0000000000004000 00000000493a2581 000000000001f616
[mtlr] resource2 sel8 flags 470 sz 0x1000 -> kr 0x00000000 rid 23 GPUVA 0x10002090000 cpu 10762c000
[mtlr]   out: 0000010002090000 000000010762c000 0000000102a85140 0000000000000000
[mtlr]   out: 0000001700000000 0000000000004000 00000000493a2582 000000000001f617
[mtlr] resource2 sel8 flags 470 sz 0x1000 -> kr 0x00000000 rid 23 GPUVA 0x10002090000 cpu 10762c000
[mtlr]   out: 0000010002090000 000000010762c000 0000000102a85140 0000000000000000
[mtlr]   out: 0000001700000000 0000000000004000 00000000493a2583 000000000001f618
[mtlr] resource2 sel8 flags 470 sz 0x1000 -> kr 0x00000000 rid 23 GPUVA 0x10002090000 cpu 10762c000
[mtlr]   out: 0000010002090000 000000010762c000 0000000102a85140 0000000000000000
[mtlr]   out: 0000001700000000 0000000000004000 00000000493a2584 000000000001f619
[mtlr] resource2 sel8 flags 470 sz 0x1000 -> kr 0x00000000 rid 23 GPUVA 0x10002090000 cpu 10762c000
[mtlr]   out: 0000010002090000 000000010762c000 0000000102a85140 0000000000000000
[mtlr]   out: 0000001700000000 0000000000004000 00000000493a2585 000000000001f61a
[uatrec] S4 r24 (+1s): nvv 8 ncb 8 vsz 0x100000 fill 0x0 destroy0 kr 0x00000000 nj 40
[uatrec] S4 r24 blit[0] slots 11 ridp 1
[uatrec] S4 r24 blit[1] slots 10 ridp 1
[uatrec] S4 r24 blit[2] slots 11 ridp 1
[uatrec] S4 r24 blit[3] slots 10 ridp 1
[uatrec] S4 r24 blit[4] slots 11 ridp 1
[uatrec] S4 r24 blit[5] slots 10 ridp 1
[uatrec] S4 r24 blit[6] slots 11 ridp 1
[uatrec] S4 r24 blit[7] slots 10 ridp 1
[uatrec] S4: deliberate crash now (round 24, blits in flight)
