[main] fuzz harness up, mode=scaler
[main] sandbox note: VCPDRM open is MACF-denied (iokit-open-user-client VCPDRMUserClient); mach-lookup com.apple.sprr / com.apple.jitbox exist but are sandbox-gated (seen in kernel log)
[open] AppleM2ScalerCSCDriver -> conn 0x6103
[scaler] conn 0x6103, s1 12 s2 22
[probe12] SetNotificationPort -> 0x00000000
[uatrec] v111 step 4 delay 0ms
[open] IOGPU -> conn 0x6603
[uatrec] mconn 0x6023 ourc 0x6603
[uatrec] S4 stale-TLB cross-client spray: 25 rounds, cong 8, 50ms/round, secs 0, nv 8, vsz 0x100000
[uatrec] S4: no key window — system load degraded
[mtlr] resource2 sel8 flags 470 sz 0x100000 -> kr 0x00000000 rid 119 GPUVA 0x10002490000 cpu 109178000
[mtlr]   out: 0000010002490000 0000000109178000 0000000101365940 0000000000000000
[mtlr]   out: 0000007700000000 0000000000100000 00000002bab7ab6d 000000000036513a
[uatrec] S4 r0 victim[0] rid 119 gpuva 0x10002490000 cpu 0x109178000 (top-of-stack)
[mtlr] resource2 sel8 flags 470 sz 0x100000 -> kr 0x00000000 rid 120 GPUVA 0x10002598000 cpu 109278000
[mtlr]   out: 0000010002598000 0000000109278000 0000000101365a00 0000000000000000
[mtlr]   out: 0000007800000000 0000000000100000 00000002bab7ab6e 000000000036513b
[uatrec] S4 r0 victim[1] rid 120 gpuva 0x10002598000 cpu 0x109278000 (top-of-stack)
[mtlr] resource2 sel8 flags 470 sz 0x100000 -> kr 0x00000000 rid 121 GPUVA 0x100026a0000 cpu 109378000
[mtlr]   out: 00000100026a0000 0000000109378000 0000000101365ac0 0000000000000000
[mtlr]   out: 0000007900000000 0000000000100000 00000002bab7ab6f 000000000036513c
[uatrec] S4 r0 victim[2] rid 121 gpuva 0x100026a0000 cpu 0x109378000 (top-of-stack)
[mtlr] resource2 sel8 flags 470 sz 0x100000 -> kr 0x00000000 rid 122 GPUVA 0x100027a8000 cpu 109478000
[mtlr]   out: 00000100027a8000 0000000109478000 0000000101365b80 0000000000000000
[mtlr]   out: 0000007a00000000 0000000000100000 00000002bab7ab70 000000000036513d
[uatrec] S4 r0 victim[3] rid 122 gpuva 0x100027a8000 cpu 0x109478000 (top-of-stack)
[mtlr] resource2 sel8 flags 470 sz 0x100000 -> kr 0x00000000 rid 123 GPUVA 0x100028b0000 cpu 109578000
[mtlr]   out: 00000100028b0000 0000000109578000 0000000101365c40 0000000000000000
[mtlr]   out: 0000007b00000000 0000000000100000 00000002bab7ab71 000000000036513e
[uatrec] S4 r0 victim[4] rid 123 gpuva 0x100028b0000 cpu 0x109578000 (top-of-stack)
[mtlr] resource2 sel8 flags 470 sz 0x100000 -> kr 0x00000000 rid 124 GPUVA 0x100029b8000 cpu 109678000
[mtlr]   out: 00000100029b8000 0000000109678000 0000000101365d00 0000000000000000
[mtlr]   out: 0000007c00000000 0000000000100000 00000002bab7ab72 000000000036513f
[uatrec] S4 r0 victim[5] rid 124 gpuva 0x100029b8000 cpu 0x109678000 (top-of-stack)
[mtlr] resource2 sel8 flags 470 sz 0x100000 -> kr 0x00000000 rid 125 GPUVA 0x10002ac0000 cpu 109778000
[mtlr]   out: 0000010002ac0000 0000000109778000 0000000101365dc0 0000000000000000
[mtlr]   out: 0000007d00000000 0000000000100000 00000002bab7ab73 0000000000365140
[uatrec] S4 r0 victim[6] rid 125 gpuva 0x10002ac0000 cpu 0x109778000 (top-of-stack)
[mtlr] resource2 sel8 flags 470 sz 0x100000 -> kr 0x00000000 rid 126 GPUVA 0x10002bc8000 cpu 109878000
[mtlr]   out: 0000010002bc8000 0000000109878000 0000000101365e80 0000000000000000
[mtlr]   out: 0000007e00000000 0000000000100000 00000002bab7ab75 0000000000365141
[uatrec] S4 r0 victim[7] rid 126 gpuva 0x10002bc8000 cpu 0x109878000 (top-of-stack)
[mtlr] resource2 sel8 flags 470 sz 0x1000 -> kr 0x00000000 rid 119 GPUVA 0x10002490000 cpu 109ce8000
[mtlr]   out: 0000010002490000 0000000109ce8000 0000000101365940 0000000000000000
[mtlr]   out: 0000007700000000 0000000000004000 00000002bab7ad00 000000000036515b
[mtlr] resource2 sel8 flags 470 sz 0x1000 -> kr 0x00000000 rid 119 GPUVA 0x10002490000 cpu 109ce8000
[mtlr]   out: 0000010002490000 0000000109ce8000 0000000101365940 0000000000000000
[mtlr]   out: 0000007700000000 0000000000004000 00000002bab7ad01 000000000036515c
[mtlr] resource2 sel8 flags 470 sz 0x1000 -> kr 0x00000000 rid 119 GPUVA 0x10002490000 cpu 109ce8000
[mtlr]   out: 0000010002490000 0000000109ce8000 0000000101365940 0000000000000000
[mtlr]   out: 0000007700000000 0000000000004000 00000002bab7ad02 000000000036515d
[mtlr] resource2 sel8 flags 470 sz 0x1000 -> kr 0x00000000 rid 119 GPUVA 0x10002490000 cpu 109ce8000
[mtlr]   out: 0000010002490000 0000000109ce8000 0000000101365940 0000000000000000
[mtlr]   out: 0000007700000000 0000000000004000 00000002bab7ad03 000000000036515e
[mtlr] resource2 sel8 flags 470 sz 0x1000 -> kr 0x00000000 rid 119 GPUVA 0x10002490000 cpu 109ce8000
[mtlr]   out: 0000010002490000 0000000109ce8000 0000000101365940 0000000000000000
[mtlr]   out: 0000007700000000 0000000000004000 00000002bab7ad04 000000000036515f
[mtlr] resource2 sel8 flags 470 sz 0x1000 -> kr 0x00000000 rid 119 GPUVA 0x10002490000 cpu 109ce8000
[mtlr]   out: 0000010002490000 0000000109ce8000 0000000101365940 0000000000000000
[mtlr]   out: 0000007700000000 0000000000004000 00000002bab7ad05 0000000000365160
[mtlr] resource2 sel8 flags 470 sz 0x1000 -> kr 0x00000000 rid 119 GPUVA 0x10002490000 cpu 109ce8000
[mtlr]   out: 0000010002490000 0000000109ce8000 0000000101365940 0000000000000000
[mtlr]   out: 0000007700000000 0000000000004000 00000002bab7ad06 0000000000365161
[mtlr] resource2 sel8 flags 470 sz 0x1000 -> kr 0x00000000 rid 119 GPUVA 0x10002490000 cpu 109ce8000
[mtlr]   out: 0000010002490000 0000000109ce8000 0000000101365940 0000000000000000
[mtlr]   out: 0000007700000000 0000000000004000 00000002bab7ad07 0000000000365162
[mtlr] resource2 sel8 flags 470 sz 0x1000 -> kr 0x00000000 rid 119 GPUVA 0x10002490000 cpu 109ce8000
[mtlr]   out: 0000010002490000 0000000109ce8000 0000000101365940 0000000000000000
[mtlr]   out: 0000007700000000 0000000000004000 00000002bab7ad08 0000000000365163
[mtlr] resource2 sel8 flags 470 sz 0x1000 -> kr 0x00000000 rid 119 GPUVA 0x10002490000 cpu 109ce8000
[mtlr]   out: 0000010002490000 0000000109ce8000 0000000101365940 0000000000000000
[mtlr]   out: 0000007700000000 0000000000004000 00000002bab7ad09 0000000000365164
[mtlr] resource2 sel8 flags 470 sz 0x1000 -> kr 0x00000000 rid 119 GPUVA 0x10002490000 cpu 109ce8000
[mtlr]   out: 0000010002490000 0000000109ce8000 0000000101365940 0000000000000000
[mtlr]   out: 0000007700000000 0000000000004000 00000002bab7ad0a 0000000000365165
[mtlr] resource2 sel8 flags 470 sz 0x1000 -> kr 0x00000000 rid 119 GPUVA 0x10002490000 cpu 109ce8000
[mtlr]   out: 0000010002490000 0000000109ce8000 0000000101365940 0000000000000000
[mtlr]   out: 0000007700000000 0000000000004000 00000002bab7ad0b 0000000000365166
[mtlr] resource2 sel8 flags 470 sz 0x1000 -> kr 0x00000000 rid 119 GPUVA 0x10002490000 cpu 109ce8000
[mtlr]   out: 0000010002490000 0000000109ce8000 0000000101365940 0000000000000000
[mtlr]   out: 0000007700000000 0000000000004000 00000002bab7ad0c 0000000000365167
[mtlr] resource2 sel8 flags 470 sz 0x1000 -> kr 0x00000000 rid 119 GPUVA 0x10002490000 cpu 109ce8000
[mtlr]   out: 0000010002490000 0000000109ce8000 0000000101365940 0000000000000000
[mtlr]   out: 0000007700000000 0000000000004000 00000002bab7ad0d 0000000000365168
[mtlr] resource2 sel8 flags 470 sz 0x1000 -> kr 0x00000000 rid 119 GPUVA 0x10002490000 cpu 109ce8000
[mtlr]   out: 0000010002490000 0000000109ce8000 0000000101365940 0000000000000000
[mtlr]   out: 0000007700000000 0000000000004000 00000002bab7ad0e 0000000000365169
[mtlr] resource2 sel8 flags 470 sz 0x1000 -> kr 0x00000000 rid 119 GPUVA 0x10002490000 cpu 109ce8000
[mtlr]   out: 0000010002490000 0000000109ce8000 0000000101365940 0000000000000000
[mtlr]   out: 0000007700000000 0000000000004000 00000002bab7ad0f 000000000036516a
[mtlr] resource2 sel8 flags 470 sz 0x1000 -> kr 0x00000000 rid 119 GPUVA 0x10002490000 cpu 109ce8000
[mtlr]   out: 0000010002490000 0000000109ce8000 0000000101365940 0000000000000000
[mtlr]   out: 0000007700000000 0000000000004000 00000002bab7ad10 000000000036516b
[mtlr] resource2 sel8 flags 470 sz 0x1000 -> kr 0x00000000 rid 119 GPUVA 0x10002490000 cpu 109ce8000
[mtlr]   out: 0000010002490000 0000000109ce8000 0000000101365940 0000000000000000
[mtlr]   out: 0000007700000000 0000000000004000 00000002bab7ad11 000000000036516c
[mtlr] resource2 sel8 flags 470 sz 0x1000 -> kr 0x00000000 rid 119 GPUVA 0x10002490000 cpu 109ce8000
[mtlr]   out: 0000010002490000 0000000109ce8000 0000000101365940 0000000000000000
[mtlr]   out: 0000007700000000 0000000000004000 00000002bab7ad12 000000000036516d
[mtlr] resource2 sel8 flags 470 sz 0x1000 -> kr 0x00000000 rid 119 GPUVA 0x10002490000 cpu 109ce8000
[mtlr]   out: 0000010002490000 0000000109ce8000 0000000101365940 0000000000000000
[mtlr]   out: 0000007700000000 0000000000004000 00000002bab7ad13 000000000036516e
[mtlr] resource2 sel8 flags 470 sz 0x1000 -> kr 0x00000000 rid 119 GPUVA 0x10002490000 cpu 109ce8000
[mtlr]   out: 0000010002490000 0000000109ce8000 0000000101365940 0000000000000000
[mtlr]   out: 0000007700000000 0000000000004000 00000002bab7ad14 000000000036516f
[mtlr] resource2 sel8 flags 470 sz 0x1000 -> kr 0x00000000 rid 119 GPUVA 0x10002490000 cpu 109ce8000
[mtlr]   out: 0000010002490000 0000000109ce8000 0000000101365940 0000000000000000
[mtlr]   out: 0000007700000000 0000000000004000 00000002bab7ad15 0000000000365170
[mtlr] resource2 sel8 flags 470 sz 0x1000 -> kr 0x00000000 rid 119 GPUVA 0x10002490000 cpu 109ce8000
[mtlr]   out: 0000010002490000 0000000109ce8000 0000000101365940 0000000000000000
[mtlr]   out: 0000007700000000 0000000000004000 00000002bab7ad16 0000000000365171
[mtlr] resource2 sel8 flags 470 sz 0x1000 -> kr 0x00000000 rid 119 GPUVA 0x10002490000 cpu 109ce8000
[mtlr]   out: 0000010002490000 0000000109ce8000 0000000101365940 0000000000000000
[mtlr]   out: 0000007700000000 0000000000004000 00000002bab7ad17 0000000000365172
[mtlr] resource2 sel8 flags 470 sz 0x1000 -> kr 0x00000000 rid 119 GPUVA 0x10002490000 cpu 109ce8000
[mtlr]   out: 0000010002490000 0000000109ce8000 0000000101365940 0000000000000000
[mtlr]   out: 0000007700000000 0000000000004000 00000002bab7ad18 0000000000365173
[mtlr] resource2 sel8 flags 470 sz 0x1000 -> kr 0x00000000 rid 119 GPUVA 0x10002490000 cpu 109ce8000
[mtlr]   out: 0000010002490000 0000000109ce8000 0000000101365940 0000000000000000
[mtlr]   out: 0000007700000000 0000000000004000 00000002bab7ad19 0000000000365174
[mtlr] resource2 sel8 flags 470 sz 0x1000 -> kr 0x00000000 rid 119 GPUVA 0x10002490000 cpu 109ce8000
[mtlr]   out: 0000010002490000 0000000109ce8000 0000000101365940 0000000000000000
[mtlr]   out: 0000007700000000 0000000000004000 00000002bab7ad1a 0000000000365175
[mtlr] resource2 sel8 flags 470 sz 0x1000 -> kr 0x00000000 rid 119 GPUVA 0x10002490000 cpu 109ce8000
[mtlr]   out: 0000010002490000 0000000109ce8000 0000000101365940 0000000000000000
[mtlr]   out: 0000007700000000 0000000000004000 00000002bab7ad1b 0000000000365176
[mtlr] resource2 sel8 flags 470 sz 0x1000 -> kr 0x00000000 rid 119 GPUVA 0x10002490000 cpu 109ce8000
[mtlr]   out: 0000010002490000 0000000109ce8000 0000000101365940 0000000000000000
[mtlr]   out: 0000007700000000 0000000000004000 00000002bab7ad1c 0000000000365177
[mtlr] resource2 sel8 flags 470 sz 0x1000 -> kr 0x00000000 rid 119 GPUVA 0x10002490000 cpu 109ce8000
[mtlr]   out: 0000010002490000 0000000109ce8000 0000000101365940 0000000000000000
[mtlr]   out: 0000007700000000 0000000000004000 00000002bab7ad1d 0000000000365178
[mtlr] resource2 sel8 flags 470 sz 0x1000 -> kr 0x00000000 rid 119 GPUVA 0x10002490000 cpu 109ce8000
[mtlr]   out: 0000010002490000 0000000109ce8000 0000000101365940 0000000000000000
[mtlr]   out: 0000007700000000 0000000000004000 00000002bab7ad1e 0000000000365179
[mtlr] resource2 sel8 flags 470 sz 0x1000 -> kr 0x00000000 rid 119 GPUVA 0x10002490000 cpu 109ce8000
[mtlr]   out: 0000010002490000 0000000109ce8000 0000000101365940 0000000000000000
[mtlr]   out: 0000007700000000 0000000000004000 00000002bab7ad1f 000000000036517a
[mtlr] resource2 sel8 flags 470 sz 0x1000 -> kr 0x00000000 rid 119 GPUVA 0x10002490000 cpu 109ce8000
[mtlr]   out: 0000010002490000 0000000109ce8000 0000000101365940 0000000000000000
[mtlr]   out: 0000007700000000 0000000000004000 00000002bab7ad20 000000000036517b
[mtlr] resource2 sel8 flags 470 sz 0x1000 -> kr 0x00000000 rid 119 GPUVA 0x10002490000 cpu 109ce8000
[mtlr]   out: 0000010002490000 0000000109ce8000 0000000101365940 0000000000000000
[mtlr]   out: 0000007700000000 0000000000004000 00000002bab7ad21 000000000036517c
[mtlr] resource2 sel8 flags 470 sz 0x1000 -> kr 0x00000000 rid 119 GPUVA 0x10002490000 cpu 109ce8000
[mtlr]   out: 0000010002490000 0000000109ce8000 0000000101365940 0000000000000000
[mtlr]   out: 0000007700000000 0000000000004000 00000002bab7ad22 000000000036517d
[mtlr] resource2 sel8 flags 470 sz 0x1000 -> kr 0x00000000 rid 119 GPUVA 0x10002490000 cpu 109ce8000
[mtlr]   out: 0000010002490000 0000000109ce8000 0000000101365940 0000000000000000
[mtlr]   out: 0000007700000000 0000000000004000 00000002bab7ad23 000000000036517e
[mtlr] resource2 sel8 flags 470 sz 0x1000 -> kr 0x00000000 rid 119 GPUVA 0x10002490000 cpu 109ce8000
[mtlr]   out: 0000010002490000 0000000109ce8000 0000000101365940 0000000000000000
[mtlr]   out: 0000007700000000 0000000000004000 00000002bab7ad24 000000000036517f
[mtlr] resource2 sel8 flags 470 sz 0x1000 -> kr 0x00000000 rid 119 GPUVA 0x10002490000 cpu 109ce8000
[mtlr]   out: 0000010002490000 0000000109ce8000 0000000101365940 0000000000000000
[mtlr]   out: 0000007700000000 0000000000004000 00000002bab7ad25 0000000000365180
[mtlr] resource2 sel8 flags 470 sz 0x1000 -> kr 0x00000000 rid 119 GPUVA 0x10002490000 cpu 109ce8000
[mtlr]   out: 0000010002490000 0000000109ce8000 0000000101365940 0000000000000000
[mtlr]   out: 0000007700000000 0000000000004000 00000002bab7ad26 0000000000365181
[mtlr] resource2 sel8 flags 470 sz 0x1000 -> kr 0x00000000 rid 119 GPUVA 0x10002490000 cpu 109ce8000
[mtlr]   out: 0000010002490000 0000000109ce8000 0000000101365940 0000000000000000
[mtlr]   out: 0000007700000000 0000000000004000 00000002bab7ad27 0000000000365182
[uatrec] S4 r0 (+0s): nvv 8 ncb 8 vsz 0x100000 destroy0 kr 0x00000000 nj 40
[uatrec] S4 r0 blit[0] slots 12 ridp 1
[uatrec] S4 r0 blit[1] slots 10 ridp 1
[uatrec] S4 r0 blit[2] slots 10 ridp 1
[uatrec] S4 r0 blit[3] slots 10 ridp 1
[uatrec] S4 r0 blit[4] slots 10 ridp 1
[uatrec] S4 r0 blit[5] slots 10 ridp 1
[uatrec] S4 r0 blit[6] slots 10 ridp 1
[uatrec] S4 r0 blit[7] slots 11 ridp 1
[mtlr] resource2 sel8 flags 470 sz 0x100000 -> kr 0x00000000 rid 119 GPUVA 0x10002490000 cpu 109be0000
[mtlr]   out: 0000010002490000 0000000109be0000 0000000101365940 0000000000000000
[mtlr]   out: 0000007700000000 0000000000100000 00000002bab7ae89 0000000000365185
[uatrec] S4 r1 victim[0] rid 119 gpuva 0x10002490000 cpu 0x109be0000 (top-of-stack)
[mtlr] resource2 sel8 flags 470 sz 0x100000 -> kr 0x00000000 rid 120 GPUVA 0x10002598000 cpu 109d04000
[mtlr]   out: 0000010002598000 0000000109d04000 0000000101365a00 0000000000000000
[mtlr]   out: 0000007800000000 0000000000100000 00000002bab7ae8a 0000000000365186
[uatrec] S4 r1 victim[1] rid 120 gpuva 0x10002598000 cpu 0x109d04000 (top-of-stack)
[mtlr] resource2 sel8 flags 470 sz 0x100000 -> kr 0x00000000 rid 121 GPUVA 0x100026a0000 cpu 109e04000
[mtlr]   out: 00000100026a0000 0000000109e04000 0000000101365ac0 0000000000000000
[mtlr]   out: 0000007900000000 0000000000100000 00000002bab7ae8b 0000000000365187
[uatrec] S4 r1 victim[2] rid 121 gpuva 0x100026a0000 cpu 0x109e04000 (top-of-stack)
[mtlr] resource2 sel8 flags 470 sz 0x100000 -> kr 0x00000000 rid 122 GPUVA 0x100027a8000 cpu 109180000
[mtlr]   out: 00000100027a8000 0000000109180000 0000000101365b80 0000000000000000
[mtlr]   out: 0000007a00000000 0000000000100000 00000002bab7ae8c 0000000000365188
[uatrec] S4 r1 victim[3] rid 122 gpuva 0x100027a8000 cpu 0x109180000 (top-of-stack)
[mtlr] resource2 sel8 flags 470 sz 0x100000 -> kr 0x00000000 rid 123 GPUVA 0x100028b0000 cpu 109280000
[mtlr]   out: 00000100028b0000 0000000109280000 0000000101365c40 0000000000000000
[mtlr]   out: 0000007b00000000 0000000000100000 00000002bab7ae94 0000000000365189
[uatrec] S4 r1 victim[4] rid 123 gpuva 0x100028b0000 cpu 0x109280000 (top-of-stack)
[mtlr] resource2 sel8 flags 470 sz 0x100000 -> kr 0x00000000 rid 124 GPUVA 0x100029b8000 cpu 109380000
[mtlr]   out: 00000100029b8000 0000000109380000 0000000101365d00 0000000000000000
[mtlr]   out: 0000007c00000000 0000000000100000 00000002bab7ae95 000000000036518a
[uatrec] S4 r1 victim[5] rid 124 gpuva 0x100029b8000 cpu 0x109380000 (top-of-stack)
[mtlr] resource2 sel8 flags 470 sz 0x100000 -> kr 0x00000000 rid 125 GPUVA 0x10002ac0000 cpu 109480000
[mtlr]   out: 0000010002ac0000 0000000109480000 0000000101365dc0 0000000000000000
[mtlr]   out: 0000007d00000000 0000000000100000 00000002bab7ae96 000000000036518b
[uatrec] S4 r1 victim[6] rid 125 gpuva 0x10002ac0000 cpu 0x109480000 (top-of-stack)
[mtlr] resource2 sel8 flags 470 sz 0x100000 -> kr 0x00000000 rid 126 GPUVA 0x10002bc8000 cpu 109580000
[mtlr]   out: 0000010002bc8000 0000000109580000 0000000101365e80 0000000000000000
[mtlr]   out: 0000007e00000000 0000000000100000 00000002bab7ae97 000000000036518c
[uatrec] S4 r1 victim[7] rid 126 gpuva 0x10002bc8000 cpu 0x109580000 (top-of-stack)
[mtlr] resource2 sel8 flags 470 sz 0x1000 -> kr 0x00000000 rid 119 GPUVA 0x10003818000 cpu 109b48000
[mtlr]   out: 0000010003818000 0000000109b48000 0000000101368a00 0000000000000000
[mtlr]   out: 0000007700000000 0000000000004000 00000002bab7aeff 00000000003651ba
[mtlr] resource2 sel8 flags 470 sz 0x1000 -> kr 0x00000000 rid 119 GPUVA 0x10003818000 cpu 109b48000
[mtlr]   out: 0000010003818000 0000000109b48000 0000000101368a00 0000000000000000
[mtlr]   out: 0000007700000000 0000000000004000 00000002bab7af00 00000000003651bb
[mtlr] resource2 sel8 flags 470 sz 0x1000 -> kr 0x00000000 rid 119 GPUVA 0x10003818000 cpu 109b48000
[mtlr]   out: 0000010003818000 0000000109b48000 0000000101368a00 0000000000000000
[mtlr]   out: 0000007700000000 0000000000004000 00000002bab7af01 00000000003651bc
[mtlr] resource2 sel8 flags 470 sz 0x1000 -> kr 0x00000000 rid 119 GPUVA 0x10003818000 cpu 109b48000
[mtlr]   out: 0000010003818000 0000000109b48000 0000000101368a00 0000000000000000
[mtlr]   out: 0000007700000000 0000000000004000 00000002bab7af02 00000000003651bd
[mtlr] resource2 sel8 flags 470 sz 0x1000 -> kr 0x00000000 rid 119 GPUVA 0x10003818000 cpu 109b48000
[mtlr]   out: 0000010003818000 0000000109b48000 0000000101368a00 0000000000000000
[mtlr]   out: 0000007700000000 0000000000004000 00000002bab7af03 00000000003651be
[mtlr] resource2 sel8 flags 470 sz 0x1000 -> kr 0x00000000 rid 119 GPUVA 0x10003818000 cpu 109b48000
[mtlr]   out: 0000010003818000 0000000109b48000 0000000101368a00 0000000000000000
[mtlr]   out: 0000007700000000 0000000000004000 00000002bab7af04 00000000003651bf
[mtlr] resource2 sel8 flags 470 sz 0x1000 -> kr 0x00000000 rid 119 GPUVA 0x10003818000 cpu 109b48000
[mtlr]   out: 0000010003818000 0000000109b48000 0000000101368a00 0000000000000000
[mtlr]   out: 0000007700000000 0000000000004000 00000002bab7af05 00000000003651c0
[mtlr] resource2 sel8 flags 470 sz 0x1000 -> kr 0x00000000 rid 119 GPUVA 0x10003818000 cpu 109b48000
[mtlr]   out: 0000010003818000 0000000109b48000 0000000101368a00 0000000000000000
[mtlr]   out: 0000007700000000 0000000000004000 00000002bab7af06 00000000003651c1
[mtlr] resource2 sel8 flags 470 sz 0x1000 -> kr 0x00000000 rid 119 GPUVA 0x10003818000 cpu 109b48000
[mtlr]   out: 0000010003818000 0000000109b48000 0000000101368a00 0000000000000000
[mtlr]   out: 0000007700000000 0000000000004000 00000002bab7af07 00000000003651c2
[mtlr] resource2 sel8 flags 470 sz 0x1000 -> kr 0x00000000 rid 119 GPUVA 0x10003818000 cpu 109b48000
[mtlr]   out: 0000010003818000 0000000109b48000 0000000101368a00 0000000000000000
[mtlr]   out: 0000007700000000 0000000000004000 00000002bab7af08 00000000003651c3
[mtlr] resource2 sel8 flags 470 sz 0x1000 -> kr 0x00000000 rid 119 GPUVA 0x10003818000 cpu 109b48000
[mtlr]   out: 0000010003818000 0000000109b48000 0000000101368a00 0000000000000000
[mtlr]   out: 0000007700000000 0000000000004000 00000002bab7af09 00000000003651c4
[mtlr] resource2 sel8 flags 470 sz 0x1000 -> kr 0x00000000 rid 119 GPUVA 0x10003818000 cpu 109b48000
[mtlr]   out: 0000010003818000 0000000109b48000 0000000101368a00 0000000000000000
[mtlr]   out: 0000007700000000 0000000000004000 00000002bab7af0a 00000000003651c5
[mtlr] resource2 sel8 flags 470 sz 0x1000 -> kr 0x00000000 rid 119 GPUVA 0x10003818000 cpu 109b48000
[mtlr]   out: 0000010003818000 0000000109b48000 0000000101368a00 0000000000000000
[mtlr]   out: 0000007700000000 0000000000004000 00000002bab7af0b 00000000003651c6
[mtlr] resource2 sel8 flags 470 sz 0x1000 -> kr 0x00000000 rid 119 GPUVA 0x10003818000 cpu 109b48000
[mtlr]   out: 0000010003818000 0000000109b48000 0000000101368a00 0000000000000000
[mtlr]   out: 0000007700000000 0000000000004000 00000002bab7af0c 00000000003651c7
[mtlr] resource2 sel8 flags 470 sz 0x1000 -> kr 0x00000000 rid 119 GPUVA 0x10003818000 cpu 109b48000
[mtlr]   out: 0000010003818000 0000000109b48000 0000000101368a00 0000000000000000
[mtlr]   out: 0000007700000000 0000000000004000 00000002bab7af0d 00000000003651c8
[mtlr] resource2 sel8 flags 470 sz 0x1000 -> kr 0x00000000 rid 119 GPUVA 0x10003818000 cpu 109b48000
[mtlr]   out: 0000010003818000 0000000109b48000 0000000101368a00 0000000000000000
[mtlr]   out: 0000007700000000 0000000000004000 00000002bab7af0e 00000000003651c9
[mtlr] resource2 sel8 flags 470 sz 0x1000 -> kr 0x00000000 rid 119 GPUVA 0x10003818000 cpu 109b48000
[mtlr]   out: 0000010003818000 0000000109b48000 0000000101368a00 0000000000000000
[mtlr]   out: 0000007700000000 0000000000004000 00000002bab7af0f 00000000003651ca
[mtlr] resource2 sel8 flags 470 sz 0x1000 -> kr 0x00000000 rid 119 GPUVA 0x10003818000 cpu 109b48000
[mtlr]   out: 0000010003818000 0000000109b48000 0000000101368a00 0000000000000000
[mtlr]   out: 0000007700000000 0000000000004000 00000002bab7af10 00000000003651cb
[mtlr] resource2 sel8 flags 470 sz 0x1000 -> kr 0x00000000 rid 119 GPUVA 0x10003818000 cpu 109b48000
[mtlr]   out: 0000010003818000 0000000109b48000 0000000101368a00 0000000000000000
[mtlr]   out: 0000007700000000 0000000000004000 00000002bab7af11 00000000003651cc
[mtlr] resource2 sel8 flags 470 sz 0x1000 -> kr 0x00000000 rid 119 GPUVA 0x10003818000 cpu 109b48000
[mtlr]   out: 0000010003818000 0000000109b48000 0000000101368a00 0000000000000000
[mtlr]   out: 0000007700000000 0000000000004000 00000002bab7af12 00000000003651cd
[mtlr] resource2 sel8 flags 470 sz 0x1000 -> kr 0x00000000 rid 119 GPUVA 0x10003818000 cpu 109b48000
[mtlr]   out: 0000010003818000 0000000109b48000 0000000101368a00 0000000000000000
[mtlr]   out: 0000007700000000 0000000000004000 00000002bab7af13 00000000003651ce
[mtlr] resource2 sel8 flags 470 sz 0x1000 -> kr 0x00000000 rid 119 GPUVA 0x10003818000 cpu 109b48000
[mtlr]   out: 0000010003818000 0000000109b48000 0000000101368a00 0000000000000000
[mtlr]   out: 0000007700000000 0000000000004000 00000002bab7af14 00000000003651cf
[mtlr] resource2 sel8 flags 470 sz 0x1000 -> kr 0x00000000 rid 119 GPUVA 0x10003818000 cpu 109b48000
[mtlr]   out: 0000010003818000 0000000109b48000 0000000101368a00 0000000000000000
[mtlr]   out: 0000007700000000 0000000000004000 00000002bab7af15 00000000003651d0
[mtlr] resource2 sel8 flags 470 sz 0x1000 -> kr 0x00000000 rid 119 GPUVA 0x10003818000 cpu 109b48000
[mtlr]   out: 0000010003818000 0000000109b48000 0000000101368a00 0000000000000000
[mtlr]   out: 0000007700000000 0000000000004000 00000002bab7af16 00000000003651d1
[mtlr] resource2 sel8 flags 470 sz 0x1000 -> kr 0x00000000 rid 119 GPUVA 0x10003818000 cpu 109b48000
[mtlr]   out: 0000010003818000 0000000109b48000 0000000101368a00 0000000000000000
[mtlr]   out: 0000007700000000 0000000000004000 00000002bab7af17 00000000003651d2
[mtlr] resource2 sel8 flags 470 sz 0x1000 -> kr 0x00000000 rid 119 GPUVA 0x10003818000 cpu 109b48000
[mtlr]   out: 0000010003818000 0000000109b48000 0000000101368a00 0000000000000000
[mtlr]   out: 0000007700000000 0000000000004000 00000002bab7af18 00000000003651d3
[mtlr] resource2 sel8 flags 470 sz 0x1000 -> kr 0x00000000 rid 119 GPUVA 0x10003818000 cpu 109b48000
[mtlr]   out: 0000010003818000 0000000109b48000 0000000101368a00 0000000000000000
[mtlr]   out: 0000007700000000 0000000000004000 00000002bab7af19 00000000003651d4
[mtlr] resource2 sel8 flags 470 sz 0x1000 -> kr 0x00000000 rid 119 GPUVA 0x10003818000 cpu 109b48000
[mtlr]   out: 0000010003818000 0000000109b48000 0000000101368a00 0000000000000000
[mtlr]   out: 0000007700000000 0000000000004000 00000002bab7af1a 00000000003651d5
[mtlr] resource2 sel8 flags 470 sz 0x1000 -> kr 0x00000000 rid 119 GPUVA 0x10003818000 cpu 109b48000
[mtlr]   out: 0000010003818000 0000000109b48000 0000000101368a00 0000000000000000
[mtlr]   out: 0000007700000000 0000000000004000 00000002bab7af1b 00000000003651d6
[mtlr] resource2 sel8 flags 470 sz 0x1000 -> kr 0x00000000 rid 119 GPUVA 0x10003818000 cpu 109b48000
[mtlr]   out: 0000010003818000 0000000109b48000 0000000101368a00 0000000000000000
[mtlr]   out: 0000007700000000 0000000000004000 00000002bab7af1c 00000000003651d7
[mtlr] resource2 sel8 flags 470 sz 0x1000 -> kr 0x00000000 rid 119 GPUVA 0x10003818000 cpu 109b48000
[mtlr]   out: 0000010003818000 0000000109b48000 0000000101368a00 0000000000000000
[mtlr]   out: 0000007700000000 0000000000004000 00000002bab7af1d 00000000003651d8
[mtlr] resource2 sel8 flags 470 sz 0x1000 -> kr 0x00000000 rid 119 GPUVA 0x10003818000 cpu 109b48000
[mtlr]   out: 0000010003818000 0000000109b48000 0000000101368a00 0000000000000000
[mtlr]   out: 0000007700000000 0000000000004000 00000002bab7af1e 00000000003651d9
[mtlr] resource2 sel8 flags 470 sz 0x1000 -> kr 0x00000000 rid 119 GPUVA 0x10003818000 cpu 109b48000
[mtlr]   out: 0000010003818000 0000000109b48000 0000000101368a00 0000000000000000
[mtlr]   out: 0000007700000000 0000000000004000 00000002bab7af1f 00000000003651da
[mtlr] resource2 sel8 flags 470 sz 0x1000 -> kr 0x00000000 rid 119 GPUVA 0x10003818000 cpu 109b48000
[mtlr]   out: 0000010003818000 0000000109b48000 0000000101368a00 0000000000000000
[mtlr]   out: 0000007700000000 0000000000004000 00000002bab7af20 00000000003651db
[mtlr] resource2 sel8 flags 470 sz 0x1000 -> kr 0x00000000 rid 119 GPUVA 0x10003818000 cpu 109b48000
[mtlr]   out: 0000010003818000 0000000109b48000 0000000101368a00 0000000000000000
[mtlr]   out: 0000007700000000 0000000000004000 00000002bab7af21 00000000003651dc
[mtlr] resource2 sel8 flags 470 sz 0x1000 -> kr 0x00000000 rid 119 GPUVA 0x10003818000 cpu 109b48000
[mtlr]   out: 0000010003818000 0000000109b48000 0000000101368a00 0000000000000000
[mtlr]   out: 0000007700000000 0000000000004000 00000002bab7af22 00000000003651dd
[mtlr] resource2 sel8 flags 470 sz 0x1000 -> kr 0x00000000 rid 119 GPUVA 0x10003818000 cpu 109b48000
[mtlr]   out: 0000010003818000 0000000109b48000 0000000101368a00 0000000000000000
[mtlr]   out: 0000007700000000 0000000000004000 00000002bab7af23 00000000003651de
[mtlr] resource2 sel8 flags 470 sz 0x1000 -> kr 0x00000000 rid 119 GPUVA 0x10003818000 cpu 109b48000
[mtlr]   out: 0000010003818000 0000000109b48000 0000000101368a00 0000000000000000
[mtlr]   out: 0000007700000000 0000000000004000 00000002bab7af24 00000000003651df
[mtlr] resource2 sel8 flags 470 sz 0x1000 -> kr 0x00000000 rid 119 GPUVA 0x10003818000 cpu 109b48000
[mtlr]   out: 0000010003818000 0000000109b48000 0000000101368a00 0000000000000000
[mtlr]   out: 0000007700000000 0000000000004000 00000002bab7af25 00000000003651e0
[mtlr] resource2 sel8 flags 470 sz 0x1000 -> kr 0x00000000 rid 119 GPUVA 0x10003818000 cpu 109b48000
[mtlr]   out: 0000010003818000 0000000109b48000 0000000101368a00 0000000000000000
[mtlr]   out: 0000007700000000 0000000000004000 00000002bab7af26 00000000003651e1
[uatrec] S4 r1 (+0s): nvv 8 ncb 8 vsz 0x100000 destroy0 kr 0x00000000 nj 40
[uatrec] S4 r1 blit[0] slots 10 ridp 1
[uatrec] S4 r1 blit[1] slots 9 ridp 1
[uatrec] S4 r1 blit[2] slots 9 ridp 1
[uatrec] S4 r1 blit[3] slots 10 ridp 1
[uatrec] S4 r1 blit[4] slots 10 ridp 1
[uatrec] S4 r1 blit[5] slots 10 ridp 1
[uatrec] S4 r1 blit[6] slots 10 ridp 1
[uatrec] S4 r1 blit[7] slots 9 ridp 1
[mtlr] resource2 sel8 flags 470 sz 0x100000 -> kr 0x00000000 rid 119 GPUVA 0x10002490000 cpu 10978c000
[mtlr]   out: 0000010002490000 000000010978c000 0000000101365940 0000000000000000
[mtlr]   out: 0000007700000000 0000000000100000 00000002bab7b086 00000000003651e4
[uatrec] S4 r2 victim[0] rid 119 gpuva 0x10002490000 cpu 0x10978c000 (top-of-stack)
[mtlr] resource2 sel8 flags 470 sz 0x100000 -> kr 0x00000000 rid 120 GPUVA 0x10002598000 cpu 10bc00000
[mtlr]   out: 0000010002598000 000000010bc00000 0000000101365a00 0000000000000000
[mtlr]   out: 0000007800000000 0000000000100000 00000002bab7b087 00000000003651e5
[uatrec] S4 r2 victim[1] rid 120 gpuva 0x10002598000 cpu 0x10bc00000 (top-of-stack)
[mtlr] resource2 sel8 flags 470 sz 0x100000 -> kr 0x00000000 rid 121 GPUVA 0x100026a0000 cpu 10bd00000
[mtlr]   out: 00000100026a0000 000000010bd00000 0000000101365ac0 0000000000000000
[mtlr]   out: 0000007900000000 0000000000100000 00000002bab7b088 00000000003651e6
[uatrec] S4 r2 victim[2] rid 121 gpuva 0x100026a0000 cpu 0x10bd00000 (top-of-stack)
[mtlr] resource2 sel8 flags 470 sz 0x100000 -> kr 0x00000000 rid 122 GPUVA 0x100027a8000 cpu 109188000
[mtlr]   out: 00000100027a8000 0000000109188000 0000000101365b80 0000000000000000
[mtlr]   out: 0000007a00000000 0000000000100000 00000002bab7b089 00000000003651e7
[uatrec] S4 r2 victim[3] rid 122 gpuva 0x100027a8000 cpu 0x109188000 (top-of-stack)
[mtlr] resource2 sel8 flags 470 sz 0x100000 -> kr 0x00000000 rid 123 GPUVA 0x100028b0000 cpu 109288000
[mtlr]   out: 00000100028b0000 0000000109288000 0000000101365c40 0000000000000000
[mtlr]   out: 0000007b00000000 0000000000100000 00000002bab7b091 00000000003651e8
[uatrec] S4 r2 victim[4] rid 123 gpuva 0x100028b0000 cpu 0x109288000 (top-of-stack)
[mtlr] resource2 sel8 flags 470 sz 0x100000 -> kr 0x00000000 rid 124 GPUVA 0x100029b8000 cpu 109388000
[mtlr]   out: 00000100029b8000 0000000109388000 0000000101365d00 0000000000000000
[mtlr]   out: 0000007c00000000 0000000000100000 00000002bab7b092 00000000003651e9
[uatrec] S4 r2 victim[5] rid 124 gpuva 0x100029b8000 cpu 0x109388000 (top-of-stack)
[mtlr] resource2 sel8 flags 470 sz 0x100000 -> kr 0x00000000 rid 125 GPUVA 0x10002ac0000 cpu 109488000
[mtlr]   out: 0000010002ac0000 0000000109488000 0000000101365dc0 0000000000000000
[mtlr]   out: 0000007d00000000 0000000000100000 00000002bab7b093 00000000003651ea
[uatrec] S4 r2 victim[6] rid 125 gpuva 0x10002ac0000 cpu 0x109488000 (top-of-stack)
[mtlr] resource2 sel8 flags 470 sz 0x100000 -> kr 0x00000000 rid 126 GPUVA 0x10002bc8000 cpu 109588000
[mtlr]   out: 0000010002bc8000 0000000109588000 0000000101365e80 0000000000000000
[mtlr]   out: 0000007e00000000 0000000000100000 00000002bab7b094 00000000003651eb
[uatrec] S4 r2 victim[7] rid 126 gpuva 0x10002bc8000 cpu 0x109588000 (top-of-stack)
[mtlr] resource2 sel8 flags 470 sz 0x1000 -> kr 0x00000000 rid 119 GPUVA 0x10003818000 cpu 109688000
[mtlr]   out: 0000010003818000 0000000109688000 0000000101368a00 0000000000000000
[mtlr]   out: 0000007700000000 0000000000004000 00000002bab7b0d7 00000000003651f5
[mtlr] resource2 sel8 flags 470 sz 0x1000 -> kr 0x00000000 rid 119 GPUVA 0x10003818000 cpu 109688000
[mtlr]   out: 0000010003818000 0000000109688000 0000000101368a00 0000000000000000
[mtlr]   out: 0000007700000000 0000000000004000 00000002bab7b0d8 00000000003651f6
[mtlr] resource2 sel8 flags 470 sz 0x1000 -> kr 0x00000000 rid 119 GPUVA 0x10003818000 cpu 109688000
[mtlr]   out: 0000010003818000 0000000109688000 0000000101368a00 0000000000000000
[mtlr]   out: 0000007700000000 0000000000004000 00000002bab7b0d9 00000000003651f7
[mtlr] resource2 sel8 flags 470 sz 0x1000 -> kr 0x00000000 rid 119 GPUVA 0x10003818000 cpu 109688000
[mtlr]   out: 0000010003818000 0000000109688000 0000000101368a00 0000000000000000
[mtlr]   out: 0000007700000000 0000000000004000 00000002bab7b0da 00000000003651f8
[mtlr] resource2 sel8 flags 470 sz 0x1000 -> kr 0x00000000 rid 119 GPUVA 0x10003818000 cpu 109688000
[mtlr]   out: 0000010003818000 0000000109688000 0000000101368a00 0000000000000000
[mtlr]   out: 0000007700000000 0000000000004000 00000002bab7b0db 00000000003651f9
[mtlr] resource2 sel8 flags 470 sz 0x1000 -> kr 0x00000000 rid 119 GPUVA 0x10003818000 cpu 109688000
[mtlr]   out: 0000010003818000 0000000109688000 0000000101368a00 0000000000000000
[mtlr]   out: 0000007700000000 0000000000004000 00000002bab7b0dc 00000000003651fa
[mtlr] resource2 sel8 flags 470 sz 0x1000 -> kr 0x00000000 rid 119 GPUVA 0x10003818000 cpu 109688000
[mtlr]   out: 0000010003818000 0000000109688000 0000000101368a00 0000000000000000
[mtlr]   out: 0000007700000000 0000000000004000 00000002bab7b0dd 00000000003651fb
[mtlr] resource2 sel8 flags 470 sz 0x1000 -> kr 0x00000000 rid 119 GPUVA 0x10003818000 cpu 109688000
[mtlr]   out: 0000010003818000 0000000109688000 0000000101368a00 0000000000000000
[mtlr]   out: 0000007700000000 0000000000004000 00000002bab7b0de 00000000003651fc
[mtlr] resource2 sel8 flags 470 sz 0x1000 -> kr 0x00000000 rid 119 GPUVA 0x10003818000 cpu 109688000
[mtlr]   out: 0000010003818000 0000000109688000 0000000101368a00 0000000000000000
[mtlr]   out: 0000007700000000 0000000000004000 00000002bab7b0df 00000000003651fd
[mtlr] resource2 sel8 flags 470 sz 0x1000 -> kr 0x00000000 rid 119 GPUVA 0x10003818000 cpu 109688000
[mtlr]   out: 0000010003818000 0000000109688000 0000000101368a00 0000000000000000
[mtlr]   out: 0000007700000000 0000000000004000 00000002bab7b0e0 00000000003651fe
[mtlr] resource2 sel8 flags 470 sz 0x1000 -> kr 0x00000000 rid 119 GPUVA 0x10003818000 cpu 109688000
[mtlr]   out: 0000010003818000 0000000109688000 0000000101368a00 0000000000000000
[mtlr]   out: 0000007700000000 0000000000004000 00000002bab7b0e1 00000000003651ff
[mtlr] resource2 sel8 flags 470 sz 0x1000 -> kr 0x00000000 rid 119 GPUVA 0x10003818000 cpu 109688000
[mtlr]   out: 0000010003818000 0000000109688000 0000000101368a00 0000000000000000
[mtlr]   out: 0000007700000000 0000000000004000 00000002bab7b0e2 0000000000365200
[mtlr] resource2 sel8 flags 470 sz 0x1000 -> kr 0x00000000 rid 119 GPUVA 0x10003818000 cpu 109688000
[mtlr]   out: 0000010003818000 0000000109688000 0000000101368a00 0000000000000000
[mtlr]   out: 0000007700000000 0000000000004000 00000002bab7b0e3 0000000000365201
[mtlr] resource2 sel8 flags 470 sz 0x1000 -> kr 0x00000000 rid 119 GPUVA 0x10003818000 cpu 109688000
[mtlr]   out: 0000010003818000 0000000109688000 0000000101368a00 0000000000000000
[mtlr]   out: 0000007700000000 0000000000004000 00000002bab7b0e4 0000000000365202
[mtlr] resource2 sel8 flags 470 sz 0x1000 -> kr 0x00000000 rid 119 GPUVA 0x10003818000 cpu 109688000
[mtlr]   out: 0000010003818000 0000000109688000 0000000101368a00 0000000000000000
[mtlr]   out: 0000007700000000 0000000000004000 00000002bab7b0e5 0000000000365203
[mtlr] resource2 sel8 flags 470 sz 0x1000 -> kr 0x00000000 rid 119 GPUVA 0x10003818000 cpu 109688000
[mtlr]   out: 0000010003818000 0000000109688000 0000000101368a00 0000000000000000
[mtlr]   out: 0000007700000000 0000000000004000 00000002bab7b0e6 0000000000365204
[mtlr] resource2 sel8 flags 470 sz 0x1000 -> kr 0x00000000 rid 119 GPUVA 0x10003818000 cpu 109688000
[mtlr]   out: 0000010003818000 0000000109688000 0000000101368a00 0000000000000000
[mtlr]   out: 0000007700000000 0000000000004000 00000002bab7b0e7 0000000000365205
[mtlr] resource2 sel8 flags 470 sz 0x1000 -> kr 0x00000000 rid 119 GPUVA 0x10003818000 cpu 109688000
[mtlr]   out: 0000010003818000 0000000109688000 0000000101368a00 0000000000000000
[mtlr]   out: 0000007700000000 0000000000004000 00000002bab7b0e8 0000000000365206
[mtlr] resource2 sel8 flags 470 sz 0x1000 -> kr 0x00000000 rid 119 GPUVA 0x10003818000 cpu 109688000
[mtlr]   out: 0000010003818000 0000000109688000 0000000101368a00 0000000000000000
[mtlr]   out: 0000007700000000 0000000000004000 00000002bab7b0e9 0000000000365207
[mtlr] resource2 sel8 flags 470 sz 0x1000 -> kr 0x00000000 rid 119 GPUVA 0x10003818000 cpu 109688000
[mtlr]   out: 0000010003818000 0000000109688000 0000000101368a00 0000000000000000
[mtlr]   out: 0000007700000000 0000000000004000 00000002bab7b0ea 0000000000365208
[mtlr] resource2 sel8 flags 470 sz 0x1000 -> kr 0x00000000 rid 119 GPUVA 0x10003818000 cpu 109688000
[mtlr]   out: 0000010003818000 0000000109688000 0000000101368a00 0000000000000000
[mtlr]   out: 0000007700000000 0000000000004000 00000002bab7b0eb 0000000000365209
[mtlr] resource2 sel8 flags 470 sz 0x1000 -> kr 0x00000000 rid 119 GPUVA 0x10003818000 cpu 109688000
[mtlr]   out: 0000010003818000 0000000109688000 0000000101368a00 0000000000000000
[mtlr]   out: 0000007700000000 0000000000004000 00000002bab7b0ec 000000000036520a
[mtlr] resource2 sel8 flags 470 sz 0x1000 -> kr 0x00000000 rid 119 GPUVA 0x10003818000 cpu 109688000
[mtlr]   out: 0000010003818000 0000000109688000 0000000101368a00 0000000000000000
[mtlr]   out: 0000007700000000 0000000000004000 00000002bab7b0ed 000000000036520b
[mtlr] resource2 sel8 flags 470 sz 0x1000 -> kr 0x00000000 rid 119 GPUVA 0x10003818000 cpu 109688000
[mtlr]   out: 0000010003818000 0000000109688000 0000000101368a00 0000000000000000
[mtlr]   out: 0000007700000000 0000000000004000 00000002bab7b0ee 000000000036520c
[mtlr] resource2 sel8 flags 470 sz 0x1000 -> kr 0x00000000 rid 119 GPUVA 0x10003818000 cpu 109688000
[mtlr]   out: 0000010003818000 0000000109688000 0000000101368a00 0000000000000000
[mtlr]   out: 0000007700000000 0000000000004000 00000002bab7b0ef 000000000036520d
[mtlr] resource2 sel8 flags 470 sz 0x1000 -> kr 0x00000000 rid 119 GPUVA 0x10003818000 cpu 109688000
[mtlr]   out: 0000010003818000 0000000109688000 0000000101368a00 0000000000000000
[mtlr]   out: 0000007700000000 0000000000004000 00000002bab7b0f0 000000000036520e
[mtlr] resource2 sel8 flags 470 sz 0x1000 -> kr 0x00000000 rid 119 GPUVA 0x10003818000 cpu 109688000
[mtlr]   out: 0000010003818000 0000000109688000 0000000101368a00 0000000000000000
[mtlr]   out: 0000007700000000 0000000000004000 00000002bab7b0f1 000000000036520f
[mtlr] resource2 sel8 flags 470 sz 0x1000 -> kr 0x00000000 rid 119 GPUVA 0x10003818000 cpu 109688000
[mtlr]   out: 0000010003818000 0000000109688000 0000000101368a00 0000000000000000
[mtlr]   out: 0000007700000000 0000000000004000 00000002bab7b0f2 0000000000365210
[mtlr] resource2 sel8 flags 470 sz 0x1000 -> kr 0x00000000 rid 119 GPUVA 0x10003818000 cpu 109688000
[mtlr]   out: 0000010003818000 0000000109688000 0000000101368a00 0000000000000000
[mtlr]   out: 0000007700000000 0000000000004000 00000002bab7b0f3 0000000000365211
[mtlr] resource2 sel8 flags 470 sz 0x1000 -> kr 0x00000000 rid 119 GPUVA 0x10003818000 cpu 109688000
[mtlr]   out: 0000010003818000 0000000109688000 0000000101368a00 0000000000000000
[mtlr]   out: 0000007700000000 0000000000004000 00000002bab7b0f4 0000000000365212
[mtlr] resource2 sel8 flags 470 sz 0x1000 -> kr 0x00000000 rid 119 GPUVA 0x10003818000 cpu 109688000
[mtlr]   out: 0000010003818000 0000000109688000 0000000101368a00 0000000000000000
[mtlr]   out: 0000007700000000 0000000000004000 00000002bab7b0f5 0000000000365213
[mtlr] resource2 sel8 flags 470 sz 0x1000 -> kr 0x00000000 rid 119 GPUVA 0x10003818000 cpu 109688000
[mtlr]   out: 0000010003818000 0000000109688000 0000000101368a00 0000000000000000
[mtlr]   out: 0000007700000000 0000000000004000 00000002bab7b0f6 0000000000365214
[mtlr] resource2 sel8 flags 470 sz 0x1000 -> kr 0x00000000 rid 119 GPUVA 0x10003818000 cpu 109688000
[mtlr]   out: 0000010003818000 0000000109688000 0000000101368a00 0000000000000000
[mtlr]   out: 0000007700000000 0000000000004000 00000002bab7b0f7 0000000000365215
[mtlr] resource2 sel8 flags 470 sz 0x1000 -> kr 0x00000000 rid 119 GPUVA 0x10003818000 cpu 109688000
[mtlr]   out: 0000010003818000 0000000109688000 0000000101368a00 0000000000000000
[mtlr]   out: 0000007700000000 0000000000004000 00000002bab7b0f8 0000000000365216
[mtlr] resource2 sel8 flags 470 sz 0x1000 -> kr 0x00000000 rid 119 GPUVA 0x10003818000 cpu 109688000
[mtlr]   out: 0000010003818000 0000000109688000 0000000101368a00 0000000000000000
[mtlr]   out: 0000007700000000 0000000000004000 00000002bab7b0f9 0000000000365217
[mtlr] resource2 sel8 flags 470 sz 0x1000 -> kr 0x00000000 rid 119 GPUVA 0x10003818000 cpu 109688000
[mtlr]   out: 0000010003818000 0000000109688000 0000000101368a00 0000000000000000
[mtlr]   out: 0000007700000000 0000000000004000 00000002bab7b0fa 0000000000365218
[mtlr] resource2 sel8 flags 470 sz 0x1000 -> kr 0x00000000 rid 119 GPUVA 0x10003818000 cpu 109688000
[mtlr]   out: 0000010003818000 0000000109688000 0000000101368a00 0000000000000000
[mtlr]   out: 0000007700000000 0000000000004000 00000002bab7b0fb 0000000000365219
[mtlr] resource2 sel8 flags 470 sz 0x1000 -> kr 0x00000000 rid 119 GPUVA 0x10003818000 cpu 109688000
[mtlr]   out: 0000010003818000 0000000109688000 0000000101368a00 0000000000000000
[mtlr]   out: 0000007700000000 0000000000004000 00000002bab7b0fc 000000000036521a
[mtlr] resource2 sel8 flags 470 sz 0x1000 -> kr 0x00000000 rid 119 GPUVA 0x10003818000 cpu 109688000
[mtlr]   out: 0000010003818000 0000000109688000 0000000101368a00 0000000000000000
[mtlr]   out: 0000007700000000 0000000000004000 00000002bab7b0fd 000000000036521b
[mtlr] resource2 sel8 flags 470 sz 0x1000 -> kr 0x00000000 rid 119 GPUVA 0x10003818000 cpu 109688000
[mtlr]   out: 0000010003818000 0000000109688000 0000000101368a00 0000000000000000
[mtlr]   out: 0000007700000000 0000000000004000 00000002bab7b0fe 000000000036521c
[uatrec] S4 r2 (+0s): nvv 8 ncb 8 vsz 0x100000 destroy0 kr 0x00000000 nj 40
[uatrec] S4 r2 blit[0] slots 10 ridp 1
[uatrec] S4 r2 blit[1] slots 10 ridp 1
[uatrec] S4 r2 blit[2] slots 10 ridp 1
[uatrec] S4 r2 blit[3] slots 10 ridp 1
[uatrec] S4 r2 blit[4] slots 10 ridp 1
[uatrec] S4 r2 blit[5] slots 10 ridp 1
[uatrec] S4 r2 blit[6] slots 10 ridp 1
[uatrec] S4 r2 blit[7] slots 10 ridp 1
[mtlr] resource2 sel8 flags 470 sz 0x100000 -> kr 0x00000000 rid 119 GPUVA 0x10002490000 cpu 109d04000
[mtlr]   out: 0000010002490000 0000000109d04000 0000000101365940 0000000000000000
[mtlr]   out: 0000007700000000 0000000000100000 00000002bab7b1c7 000000000036521f
[uatrec] S4 r3 victim[0] rid 119 gpuva 0x10002490000 cpu 0x109d04000 (top-of-stack)
[mtlr] resource2 sel8 flags 470 sz 0x100000 -> kr 0x00000000 rid 120 GPUVA 0x10002598000 cpu 109e04000
[mtlr]   out: 0000010002598000 0000000109e04000 0000000101365a00 0000000000000000
[mtlr]   out: 0000007800000000 0000000000100000 00000002bab7b1c8 0000000000365220
[uatrec] S4 r3 victim[1] rid 120 gpuva 0x10002598000 cpu 0x109e04000 (top-of-stack)
[mtlr] resource2 sel8 flags 470 sz 0x100000 -> kr 0x00000000 rid 121 GPUVA 0x100026a0000 cpu 10ac00000
[mtlr]   out: 00000100026a0000 000000010ac00000 0000000101365ac0 0000000000000000
[mtlr]   out: 0000007900000000 0000000000100000 00000002bab7b1c9 0000000000365221
[uatrec] S4 r3 victim[2] rid 121 gpuva 0x100026a0000 cpu 0x10ac00000 (top-of-stack)
[mtlr] resource2 sel8 flags 470 sz 0x100000 -> kr 0x00000000 rid 122 GPUVA 0x100027a8000 cpu 10ad00000
[mtlr]   out: 00000100027a8000 000000010ad00000 0000000101365b80 0000000000000000
[mtlr]   out: 0000007a00000000 0000000000100000 00000002bab7b1ca 0000000000365222
[uatrec] S4 r3 victim[3] rid 122 gpuva 0x100027a8000 cpu 0x10ad00000 (top-of-stack)
[mtlr] resource2 sel8 flags 470 sz 0x100000 -> kr 0x00000000 rid 123 GPUVA 0x100028b0000 cpu 109784000
[mtlr]   out: 00000100028b0000 0000000109784000 0000000101365c40 0000000000000000
[mtlr]   out: 0000007b00000000 0000000000100000 00000002bab7b1cb 0000000000365223
[uatrec] S4 r3 victim[4] rid 123 gpuva 0x100028b0000 cpu 0x109784000 (top-of-stack)
[mtlr] resource2 sel8 flags 470 sz 0x100000 -> kr 0x00000000 rid 124 GPUVA 0x100029b8000 cpu 109188000
[mtlr]   out: 00000100029b8000 0000000109188000 0000000101365d00 0000000000000000
[mtlr]   out: 0000007c00000000 0000000000100000 00000002bab7b1cc 0000000000365224
[uatrec] S4 r3 victim[5] rid 124 gpuva 0x100029b8000 cpu 0x109188000 (top-of-stack)
[mtlr] resource2 sel8 flags 470 sz 0x100000 -> kr 0x00000000 rid 125 GPUVA 0x10002ac0000 cpu 109288000
[mtlr]   out: 0000010002ac0000 0000000109288000 0000000101365dc0 0000000000000000
[mtlr]   out: 0000007d00000000 0000000000100000 00000002bab7b1cd 0000000000365225
[uatrec] S4 r3 victim[6] rid 125 gpuva 0x10002ac0000 cpu 0x109288000 (top-of-stack)
[mtlr] resource2 sel8 flags 470 sz 0x100000 -> kr 0x00000000 rid 126 GPUVA 0x10002bc8000 cpu 109388000
[mtlr]   out: 0000010002bc8000 0000000109388000 0000000101365e80 0000000000000000
[mtlr]   out: 0000007e00000000 0000000000100000 00000002bab7b1ce 0000000000365226
[uatrec] S4 r3 victim[7] rid 126 gpuva 0x10002bc8000 cpu 0x109388000 (top-of-stack)
[mtlr] resource2 sel8 flags 470 sz 0x1000 -> kr 0x00000000 rid 119 GPUVA 0x10002490000 cpu 109688000
[mtlr]   out: 0000010002490000 0000000109688000 0000000101365940 0000000000000000
[mtlr]   out: 0000007700000000 0000000000004000 00000002bab7b218 0000000000365230
[mtlr] resource2 sel8 flags 470 sz 0x1000 -> kr 0x00000000 rid 119 GPUVA 0x10002490000 cpu 109688000
[mtlr]   out: 0000010002490000 0000000109688000 0000000101365940 0000000000000000
[mtlr]   out: 0000007700000000 0000000000004000 00000002bab7b219 0000000000365231
[mtlr] resource2 sel8 flags 470 sz 0x1000 -> kr 0x00000000 rid 119 GPUVA 0x10002490000 cpu 109688000
[mtlr]   out: 0000010002490000 0000000109688000 0000000101365940 0000000000000000
[mtlr]   out: 0000007700000000 0000000000004000 00000002bab7b21a 0000000000365232
[mtlr] resource2 sel8 flags 470 sz 0x1000 -> kr 0x00000000 rid 119 GPUVA 0x10002490000 cpu 109688000
[mtlr]   out: 0000010002490000 0000000109688000 0000000101365940 0000000000000000
[mtlr]   out: 0000007700000000 0000000000004000 00000002bab7b21b 0000000000365233
[mtlr] resource2 sel8 flags 470 sz 0x1000 -> kr 0x00000000 rid 119 GPUVA 0x10002490000 cpu 109688000
[mtlr]   out: 0000010002490000 0000000109688000 0000000101365940 0000000000000000
[mtlr]   out: 0000007700000000 0000000000004000 00000002bab7b21c 0000000000365234
[mtlr] resource2 sel8 flags 470 sz 0x1000 -> kr 0x00000000 rid 119 GPUVA 0x10002490000 cpu 109688000
[mtlr]   out: 0000010002490000 0000000109688000 0000000101365940 0000000000000000
[mtlr]   out: 0000007700000000 0000000000004000 00000002bab7b21d 0000000000365235
[mtlr] resource2 sel8 flags 470 sz 0x1000 -> kr 0x00000000 rid 119 GPUVA 0x10002490000 cpu 109688000
[mtlr]   out: 0000010002490000 0000000109688000 0000000101365940 0000000000000000
[mtlr]   out: 0000007700000000 0000000000004000 00000002bab7b21e 0000000000365236
[mtlr] resource2 sel8 flags 470 sz 0x1000 -> kr 0x00000000 rid 119 GPUVA 0x10002490000 cpu 109688000
[mtlr]   out: 0000010002490000 0000000109688000 0000000101365940 0000000000000000
[mtlr]   out: 0000007700000000 0000000000004000 00000002bab7b21f 0000000000365237
[mtlr] resource2 sel8 flags 470 sz 0x1000 -> kr 0x00000000 rid 119 GPUVA 0x10002490000 cpu 109688000
[mtlr]   out: 0000010002490000 0000000109688000 0000000101365940 0000000000000000
[mtlr]   out: 0000007700000000 0000000000004000 00000002bab7b220 0000000000365238
[mtlr] resource2 sel8 flags 470 sz 0x1000 -> kr 0x00000000 rid 119 GPUVA 0x10002490000 cpu 109688000
[mtlr]   out: 0000010002490000 0000000109688000 0000000101365940 0000000000000000
[mtlr]   out: 0000007700000000 0000000000004000 00000002bab7b221 0000000000365239
[mtlr] resource2 sel8 flags 470 sz 0x1000 -> kr 0x00000000 rid 119 GPUVA 0x10002490000 cpu 109688000
[mtlr]   out: 0000010002490000 0000000109688000 0000000101365940 0000000000000000
[mtlr]   out: 0000007700000000 0000000000004000 00000002bab7b222 000000000036523a
[mtlr] resource2 sel8 flags 470 sz 0x1000 -> kr 0x00000000 rid 119 GPUVA 0x10002490000 cpu 109688000
[mtlr]   out: 0000010002490000 0000000109688000 0000000101365940 0000000000000000
[mtlr]   out: 0000007700000000 0000000000004000 00000002bab7b223 000000000036523b
[mtlr] resource2 sel8 flags 470 sz 0x1000 -> kr 0x00000000 rid 119 GPUVA 0x10002490000 cpu 109688000
[mtlr]   out: 0000010002490000 0000000109688000 0000000101365940 0000000000000000
[mtlr]   out: 0000007700000000 0000000000004000 00000002bab7b224 000000000036523c
[mtlr] resource2 sel8 flags 470 sz 0x1000 -> kr 0x00000000 rid 119 GPUVA 0x10002490000 cpu 109688000
[mtlr]   out: 0000010002490000 0000000109688000 0000000101365940 0000000000000000
[mtlr]   out: 0000007700000000 0000000000004000 00000002bab7b225 000000000036523d
[mtlr] resource2 sel8 flags 470 sz 0x1000 -> kr 0x00000000 rid 119 GPUVA 0x10002490000 cpu 109688000
[mtlr]   out: 0000010002490000 0000000109688000 0000000101365940 0000000000000000
[mtlr]   out: 0000007700000000 0000000000004000 00000002bab7b226 000000000036523e
[mtlr] resource2 sel8 flags 470 sz 0x1000 -> kr 0x00000000 rid 119 GPUVA 0x10002490000 cpu 109688000
[mtlr]   out: 0000010002490000 0000000109688000 0000000101365940 0000000000000000
[mtlr]   out: 0000007700000000 0000000000004000 00000002bab7b227 000000000036523f
[mtlr] resource2 sel8 flags 470 sz 0x1000 -> kr 0x00000000 rid 119 GPUVA 0x10002490000 cpu 109688000
[mtlr]   out: 0000010002490000 0000000109688000 0000000101365940 0000000000000000
[mtlr]   out: 0000007700000000 0000000000004000 00000002bab7b228 0000000000365240
[mtlr] resource2 sel8 flags 470 sz 0x1000 -> kr 0x00000000 rid 119 GPUVA 0x10002490000 cpu 109688000
[mtlr]   out: 0000010002490000 0000000109688000 0000000101365940 0000000000000000
[mtlr]   out: 0000007700000000 0000000000004000 00000002bab7b229 0000000000365241
[mtlr] resource2 sel8 flags 470 sz 0x1000 -> kr 0x00000000 rid 119 GPUVA 0x10002490000 cpu 109688000
[mtlr]   out: 0000010002490000 0000000109688000 0000000101365940 0000000000000000
[mtlr]   out: 0000007700000000 0000000000004000 00000002bab7b22a 0000000000365242
[mtlr] resource2 sel8 flags 470 sz 0x1000 -> kr 0x00000000 rid 119 GPUVA 0x10002490000 cpu 109688000
[mtlr]   out: 0000010002490000 0000000109688000 0000000101365940 0000000000000000
[mtlr]   out: 0000007700000000 0000000000004000 00000002bab7b22b 0000000000365243
[mtlr] resource2 sel8 flags 470 sz 0x1000 -> kr 0x00000000 rid 119 GPUVA 0x10002490000 cpu 109688000
[mtlr]   out: 0000010002490000 0000000109688000 0000000101365940 0000000000000000
[mtlr]   out: 0000007700000000 0000000000004000 00000002bab7b22c 0000000000365244
[mtlr] resource2 sel8 flags 470 sz 0x1000 -> kr 0x00000000 rid 119 GPUVA 0x10002490000 cpu 109688000
[mtlr]   out: 0000010002490000 0000000109688000 0000000101365940 0000000000000000
[mtlr]   out: 0000007700000000 0000000000004000 00000002bab7b22d 0000000000365245
[mtlr] resource2 sel8 flags 470 sz 0x1000 -> kr 0x00000000 rid 119 GPUVA 0x10002490000 cpu 109688000
[mtlr]   out: 0000010002490000 0000000109688000 0000000101365940 0000000000000000
[mtlr]   out: 0000007700000000 0000000000004000 00000002bab7b22e 0000000000365246
[mtlr] resource2 sel8 flags 470 sz 0x1000 -> kr 0x00000000 rid 119 GPUVA 0x10002490000 cpu 109688000
[mtlr]   out: 0000010002490000 0000000109688000 0000000101365940 0000000000000000
[mtlr]   out: 0000007700000000 0000000000004000 00000002bab7b22f 0000000000365247
[mtlr] resource2 sel8 flags 470 sz 0x1000 -> kr 0x00000000 rid 119 GPUVA 0x10002490000 cpu 109688000
[mtlr]   out: 0000010002490000 0000000109688000 0000000101365940 0000000000000000
[mtlr]   out: 0000007700000000 0000000000004000 00000002bab7b230 0000000000365248
[mtlr] resource2 sel8 flags 470 sz 0x1000 -> kr 0x00000000 rid 119 GPUVA 0x10002490000 cpu 109688000
[mtlr]   out: 0000010002490000 0000000109688000 0000000101365940 0000000000000000
[mtlr]   out: 0000007700000000 0000000000004000 00000002bab7b231 0000000000365249
[mtlr] resource2 sel8 flags 470 sz 0x1000 -> kr 0x00000000 rid 119 GPUVA 0x10002490000 cpu 109688000
[mtlr]   out: 0000010002490000 0000000109688000 0000000101365940 0000000000000000
[mtlr]   out: 0000007700000000 0000000000004000 00000002bab7b232 000000000036524a
[mtlr] resource2 sel8 flags 470 sz 0x1000 -> kr 0x00000000 rid 119 GPUVA 0x10002490000 cpu 109688000
[mtlr]   out: 0000010002490000 0000000109688000 0000000101365940 0000000000000000
[mtlr]   out: 0000007700000000 0000000000004000 00000002bab7b233 000000000036524b
[mtlr] resource2 sel8 flags 470 sz 0x1000 -> kr 0x00000000 rid 119 GPUVA 0x10002490000 cpu 109688000
[mtlr]   out: 0000010002490000 0000000109688000 0000000101365940 0000000000000000
[mtlr]   out: 0000007700000000 0000000000004000 00000002bab7b234 000000000036524c
[mtlr] resource2 sel8 flags 470 sz 0x1000 -> kr 0x00000000 rid 119 GPUVA 0x10002490000 cpu 109688000
[mtlr]   out: 0000010002490000 0000000109688000 0000000101365940 0000000000000000
[mtlr]   out: 0000007700000000 0000000000004000 00000002bab7b235 000000000036524d
[mtlr] resource2 sel8 flags 470 sz 0x1000 -> kr 0x00000000 rid 119 GPUVA 0x10002490000 cpu 109688000
[mtlr]   out: 0000010002490000 0000000109688000 0000000101365940 0000000000000000
[mtlr]   out: 0000007700000000 0000000000004000 00000002bab7b236 000000000036524e
[mtlr] resource2 sel8 flags 470 sz 0x1000 -> kr 0x00000000 rid 119 GPUVA 0x10002490000 cpu 109688000
[mtlr]   out: 0000010002490000 0000000109688000 0000000101365940 0000000000000000
[mtlr]   out: 0000007700000000 0000000000004000 00000002bab7b237 000000000036524f
[mtlr] resource2 sel8 flags 470 sz 0x1000 -> kr 0x00000000 rid 119 GPUVA 0x10002490000 cpu 109688000
[mtlr]   out: 0000010002490000 0000000109688000 0000000101365940 0000000000000000
[mtlr]   out: 0000007700000000 0000000000004000 00000002bab7b238 0000000000365250
[mtlr] resource2 sel8 flags 470 sz 0x1000 -> kr 0x00000000 rid 119 GPUVA 0x10002490000 cpu 109688000
[mtlr]   out: 0000010002490000 0000000109688000 0000000101365940 0000000000000000
[mtlr]   out: 0000007700000000 0000000000004000 00000002bab7b239 0000000000365251
[mtlr] resource2 sel8 flags 470 sz 0x1000 -> kr 0x00000000 rid 119 GPUVA 0x10002490000 cpu 109688000
[mtlr]   out: 0000010002490000 0000000109688000 0000000101365940 0000000000000000
[mtlr]   out: 0000007700000000 0000000000004000 00000002bab7b23a 0000000000365252
[mtlr] resource2 sel8 flags 470 sz 0x1000 -> kr 0x00000000 rid 119 GPUVA 0x10002490000 cpu 109688000
[mtlr]   out: 0000010002490000 0000000109688000 0000000101365940 0000000000000000
[mtlr]   out: 0000007700000000 0000000000004000 00000002bab7b23b 0000000000365253
[mtlr] resource2 sel8 flags 470 sz 0x1000 -> kr 0x00000000 rid 119 GPUVA 0x10002490000 cpu 109688000
[mtlr]   out: 0000010002490000 0000000109688000 0000000101365940 0000000000000000
[mtlr]   out: 0000007700000000 0000000000004000 00000002bab7b23c 0000000000365254
[mtlr] resource2 sel8 flags 470 sz 0x1000 -> kr 0x00000000 rid 119 GPUVA 0x10002490000 cpu 109688000
[mtlr]   out: 0000010002490000 0000000109688000 0000000101365940 0000000000000000
[mtlr]   out: 0000007700000000 0000000000004000 00000002bab7b23d 0000000000365255
[mtlr] resource2 sel8 flags 470 sz 0x1000 -> kr 0x00000000 rid 119 GPUVA 0x10002490000 cpu 109688000
[mtlr]   out: 0000010002490000 0000000109688000 0000000101365940 0000000000000000
[mtlr]   out: 0000007700000000 0000000000004000 00000002bab7b23e 0000000000365256
[mtlr] resource2 sel8 flags 470 sz 0x1000 -> kr 0x00000000 rid 119 GPUVA 0x10002490000 cpu 109688000
[mtlr]   out: 0000010002490000 0000000109688000 0000000101365940 0000000000000000
[mtlr]   out: 0000007700000000 0000000000004000 00000002bab7b23f 0000000000365257
[uatrec] S4 r3 (+0s): nvv 8 ncb 8 vsz 0x100000 destroy0 kr 0x00000000 nj 40
[uatrec] S4 r3 blit[0] slots 10 ridp 1
[uatrec] S4 r3 blit[1] slots 10 ridp 1
[uatrec] S4 r3 blit[2] slots 10 ridp 1
[uatrec] S4 r3 blit[3] slots 10 ridp 1
[uatrec] S4 r3 blit[4] slots 10 ridp 1
[uatrec] S4 r3 blit[5] slots 10 ridp 1
[uatrec] S4 r3 blit[6] slots 10 ridp 1
[uatrec] S4 r3 blit[7] slots 10 ridp 1
[mtlr] resource2 sel8 flags 470 sz 0x100000 -> kr 0x00000000 rid 119 GPUVA 0x10002490000 cpu 109588000
[mtlr]   out: 0000010002490000 0000000109588000 0000000101365940 0000000000000000
[mtlr]   out: 0000007700000000 0000000000100000 00000002bab7b2d6 000000000036525a
[uatrec] S4 r4 victim[0] rid 119 gpuva 0x10002490000 cpu 0x109588000 (top-of-stack)
[mtlr] resource2 sel8 flags 470 sz 0x100000 -> kr 0x00000000 rid 120 GPUVA 0x10002598000 cpu 109be0000
[mtlr]   out: 0000010002598000 0000000109be0000 0000000101365a00 0000000000000000
[mtlr]   out: 0000007800000000 0000000000100000 00000002bab7b2d7 000000000036525b
[uatrec] S4 r4 victim[1] rid 120 gpuva 0x10002598000 cpu 0x109be0000 (top-of-stack)
[mtlr] resource2 sel8 flags 470 sz 0x100000 -> kr 0x00000000 rid 121 GPUVA 0x100026a0000 cpu 109188000
[mtlr]   out: 00000100026a0000 0000000109188000 0000000101365ac0 0000000000000000
[mtlr]   out: 0000007900000000 0000000000100000 00000002bab7b2d8 000000000036525c
[uatrec] S4 r4 victim[2] rid 121 gpuva 0x100026a0000 cpu 0x109188000 (top-of-stack)
[mtlr] resource2 sel8 flags 470 sz 0x100000 -> kr 0x00000000 rid 122 GPUVA 0x100027a8000 cpu 109288000
[mtlr]   out: 00000100027a8000 0000000109288000 0000000101365b80 0000000000000000
[mtlr]   out: 0000007a00000000 0000000000100000 00000002bab7b2d9 000000000036525d
[uatrec] S4 r4 victim[3] rid 122 gpuva 0x100027a8000 cpu 0x109288000 (top-of-stack)
[mtlr] resource2 sel8 flags 470 sz 0x100000 -> kr 0x00000000 rid 123 GPUVA 0x100028b0000 cpu 109388000
[mtlr]   out: 00000100028b0000 0000000109388000 0000000101365c40 0000000000000000
[mtlr]   out: 0000007b00000000 0000000000100000 00000002bab7b2e1 000000000036525e
[uatrec] S4 r4 victim[4] rid 123 gpuva 0x100028b0000 cpu 0x109388000 (top-of-stack)
[mtlr] resource2 sel8 flags 470 sz 0x100000 -> kr 0x00000000 rid 124 GPUVA 0x100029b8000 cpu 109488000
[mtlr]   out: 00000100029b8000 0000000109488000 0000000101365d00 0000000000000000
[mtlr]   out: 0000007c00000000 0000000000100000 00000002bab7b2e2 000000000036525f
[uatrec] S4 r4 victim[5] rid 124 gpuva 0x100029b8000 cpu 0x109488000 (top-of-stack)
[mtlr] resource2 sel8 flags 470 sz 0x100000 -> kr 0x00000000 rid 125 GPUVA 0x10002ac0000 cpu 109784000
[mtlr]   out: 0000010002ac0000 0000000109784000 0000000101365dc0 0000000000000000
[mtlr]   out: 0000007d00000000 0000000000100000 00000002bab7b2e3 0000000000365260
[uatrec] S4 r4 victim[6] rid 125 gpuva 0x10002ac0000 cpu 0x109784000 (top-of-stack)
[mtlr] resource2 sel8 flags 470 sz 0x100000 -> kr 0x00000000 rid 126 GPUVA 0x10002bc8000 cpu 109d04000
[mtlr]   out: 0000010002bc8000 0000000109d04000 0000000101365e80 0000000000000000
[mtlr]   out: 0000007e00000000 0000000000100000 00000002bab7b2e4 0000000000365261
[uatrec] S4 r4 victim[7] rid 126 gpuva 0x10002bc8000 cpu 0x109d04000 (top-of-stack)
[mtlr] resource2 sel8 flags 470 sz 0x1000 -> kr 0x00000000 rid 119 GPUVA 0x10003818000 cpu 109688000
[mtlr]   out: 0000010003818000 0000000109688000 0000000101368a00 0000000000000000
[mtlr]   out: 0000007700000000 0000000000004000 00000002bab7b329 000000000036526b
[mtlr] resource2 sel8 flags 470 sz 0x1000 -> kr 0x00000000 rid 119 GPUVA 0x10003818000 cpu 109688000
[mtlr]   out: 0000010003818000 0000000109688000 0000000101368a00 0000000000000000
[mtlr]   out: 0000007700000000 0000000000004000 00000002bab7b32a 000000000036526c
[mtlr] resource2 sel8 flags 470 sz 0x1000 -> kr 0x00000000 rid 119 GPUVA 0x10003818000 cpu 109688000
[mtlr]   out: 0000010003818000 0000000109688000 0000000101368a00 0000000000000000
[mtlr]   out: 0000007700000000 0000000000004000 00000002bab7b32b 000000000036526d
[mtlr] resource2 sel8 flags 470 sz 0x1000 -> kr 0x00000000 rid 119 GPUVA 0x10003818000 cpu 109688000
[mtlr]   out: 0000010003818000 0000000109688000 0000000101368a00 0000000000000000
[mtlr]   out: 0000007700000000 0000000000004000 00000002bab7b32c 000000000036526e
[mtlr] resource2 sel8 flags 470 sz 0x1000 -> kr 0x00000000 rid 119 GPUVA 0x10003818000 cpu 109688000
[mtlr]   out: 0000010003818000 0000000109688000 0000000101368a00 0000000000000000
[mtlr]   out: 0000007700000000 0000000000004000 00000002bab7b32d 000000000036526f
[mtlr] resource2 sel8 flags 470 sz 0x1000 -> kr 0x00000000 rid 119 GPUVA 0x10003818000 cpu 109688000
[mtlr]   out: 0000010003818000 0000000109688000 0000000101368a00 0000000000000000
[mtlr]   out: 0000007700000000 0000000000004000 00000002bab7b32e 0000000000365270
[mtlr] resource2 sel8 flags 470 sz 0x1000 -> kr 0x00000000 rid 119 GPUVA 0x10003818000 cpu 109688000
[mtlr]   out: 0000010003818000 0000000109688000 0000000101368a00 0000000000000000
[mtlr]   out: 0000007700000000 0000000000004000 00000002bab7b32f 0000000000365271
[mtlr] resource2 sel8 flags 470 sz 0x1000 -> kr 0x00000000 rid 119 GPUVA 0x10003818000 cpu 109688000
[mtlr]   out: 0000010003818000 0000000109688000 0000000101368a00 0000000000000000
[mtlr]   out: 0000007700000000 0000000000004000 00000002bab7b330 0000000000365272
[mtlr] resource2 sel8 flags 470 sz 0x1000 -> kr 0x00000000 rid 119 GPUVA 0x10003818000 cpu 109688000
[mtlr]   out: 0000010003818000 0000000109688000 0000000101368a00 0000000000000000
[mtlr]   out: 0000007700000000 0000000000004000 00000002bab7b331 0000000000365273
[mtlr] resource2 sel8 flags 470 sz 0x1000 -> kr 0x00000000 rid 119 GPUVA 0x10003818000 cpu 109688000
[mtlr]   out: 0000010003818000 0000000109688000 0000000101368a00 0000000000000000
[mtlr]   out: 0000007700000000 0000000000004000 00000002bab7b332 0000000000365274
[mtlr] resource2 sel8 flags 470 sz 0x1000 -> kr 0x00000000 rid 119 GPUVA 0x10003818000 cpu 109688000
[mtlr]   out: 0000010003818000 0000000109688000 0000000101368a00 0000000000000000
[mtlr]   out: 0000007700000000 0000000000004000 00000002bab7b333 0000000000365275
[mtlr] resource2 sel8 flags 470 sz 0x1000 -> kr 0x00000000 rid 119 GPUVA 0x10003818000 cpu 109688000
[mtlr]   out: 0000010003818000 0000000109688000 0000000101368a00 0000000000000000
[mtlr]   out: 0000007700000000 0000000000004000 00000002bab7b334 0000000000365276
[mtlr] resource2 sel8 flags 470 sz 0x1000 -> kr 0x00000000 rid 119 GPUVA 0x10003818000 cpu 109688000
[mtlr]   out: 0000010003818000 0000000109688000 0000000101368a00 0000000000000000
[mtlr]   out: 0000007700000000 0000000000004000 00000002bab7b335 0000000000365277
[mtlr] resource2 sel8 flags 470 sz 0x1000 -> kr 0x00000000 rid 119 GPUVA 0x10003818000 cpu 109688000
[mtlr]   out: 0000010003818000 0000000109688000 0000000101368a00 0000000000000000
[mtlr]   out: 0000007700000000 0000000000004000 00000002bab7b336 0000000000365278
[mtlr] resource2 sel8 flags 470 sz 0x1000 -> kr 0x00000000 rid 119 GPUVA 0x10003818000 cpu 109688000
[mtlr]   out: 0000010003818000 0000000109688000 0000000101368a00 0000000000000000
[mtlr]   out: 0000007700000000 0000000000004000 00000002bab7b337 0000000000365279
[mtlr] resource2 sel8 flags 470 sz 0x1000 -> kr 0x00000000 rid 119 GPUVA 0x10003818000 cpu 109688000
[mtlr]   out: 0000010003818000 0000000109688000 0000000101368a00 0000000000000000
[mtlr]   out: 0000007700000000 0000000000004000 00000002bab7b338 000000000036527a
[mtlr] resource2 sel8 flags 470 sz 0x1000 -> kr 0x00000000 rid 119 GPUVA 0x10003818000 cpu 109688000
[mtlr]   out: 0000010003818000 0000000109688000 0000000101368a00 0000000000000000
[mtlr]   out: 0000007700000000 0000000000004000 00000002bab7b339 000000000036527b
[mtlr] resource2 sel8 flags 470 sz 0x1000 -> kr 0x00000000 rid 119 GPUVA 0x10003818000 cpu 109688000
[mtlr]   out: 0000010003818000 0000000109688000 0000000101368a00 0000000000000000
[mtlr]   out: 0000007700000000 0000000000004000 00000002bab7b33a 000000000036527c
[mtlr] resource2 sel8 flags 470 sz 0x1000 -> kr 0x00000000 rid 119 GPUVA 0x10003818000 cpu 109688000
[mtlr]   out: 0000010003818000 0000000109688000 0000000101368a00 0000000000000000
[mtlr]   out: 0000007700000000 0000000000004000 00000002bab7b33b 000000000036527d
[mtlr] resource2 sel8 flags 470 sz 0x1000 -> kr 0x00000000 rid 119 GPUVA 0x10003818000 cpu 109688000
[mtlr]   out: 0000010003818000 0000000109688000 0000000101368a00 0000000000000000
[mtlr]   out: 0000007700000000 0000000000004000 00000002bab7b33c 000000000036527e
[mtlr] resource2 sel8 flags 470 sz 0x1000 -> kr 0x00000000 rid 119 GPUVA 0x10003818000 cpu 109688000
[mtlr]   out: 0000010003818000 0000000109688000 0000000101368a00 0000000000000000
[mtlr]   out: 0000007700000000 0000000000004000 00000002bab7b33d 000000000036527f
[mtlr] resource2 sel8 flags 470 sz 0x1000 -> kr 0x00000000 rid 119 GPUVA 0x10003818000 cpu 109688000
[mtlr]   out: 0000010003818000 0000000109688000 0000000101368a00 0000000000000000
[mtlr]   out: 0000007700000000 0000000000004000 00000002bab7b33e 0000000000365280
[mtlr] resource2 sel8 flags 470 sz 0x1000 -> kr 0x00000000 rid 119 GPUVA 0x10003818000 cpu 109688000
[mtlr]   out: 0000010003818000 0000000109688000 0000000101368a00 0000000000000000
[mtlr]   out: 0000007700000000 0000000000004000 00000002bab7b33f 0000000000365281
[mtlr] resource2 sel8 flags 470 sz 0x1000 -> kr 0x00000000 rid 119 GPUVA 0x10003818000 cpu 109688000
[mtlr]   out: 0000010003818000 0000000109688000 0000000101368a00 0000000000000000
[mtlr]   out: 0000007700000000 0000000000004000 00000002bab7b340 0000000000365282
[mtlr] resource2 sel8 flags 470 sz 0x1000 -> kr 0x00000000 rid 119 GPUVA 0x10003818000 cpu 109688000
[mtlr]   out: 0000010003818000 0000000109688000 0000000101368a00 0000000000000000
[mtlr]   out: 0000007700000000 0000000000004000 00000002bab7b341 0000000000365283
[mtlr] resource2 sel8 flags 470 sz 0x1000 -> kr 0x00000000 rid 119 GPUVA 0x10003818000 cpu 109688000
[mtlr]   out: 0000010003818000 0000000109688000 0000000101368a00 0000000000000000
[mtlr]   out: 0000007700000000 0000000000004000 00000002bab7b342 0000000000365284
[mtlr] resource2 sel8 flags 470 sz 0x1000 -> kr 0x00000000 rid 119 GPUVA 0x10003818000 cpu 109688000
[mtlr]   out: 0000010003818000 0000000109688000 0000000101368a00 0000000000000000
[mtlr]   out: 0000007700000000 0000000000004000 00000002bab7b343 0000000000365285
[mtlr] resource2 sel8 flags 470 sz 0x1000 -> kr 0x00000000 rid 119 GPUVA 0x10003818000 cpu 109688000
[mtlr]   out: 0000010003818000 0000000109688000 0000000101368a00 0000000000000000
[mtlr]   out: 0000007700000000 0000000000004000 00000002bab7b344 0000000000365286
[mtlr] resource2 sel8 flags 470 sz 0x1000 -> kr 0x00000000 rid 119 GPUVA 0x10003818000 cpu 109688000
[mtlr]   out: 0000010003818000 0000000109688000 0000000101368a00 0000000000000000
[mtlr]   out: 0000007700000000 0000000000004000 00000002bab7b345 0000000000365287
[mtlr] resource2 sel8 flags 470 sz 0x1000 -> kr 0x00000000 rid 119 GPUVA 0x10003818000 cpu 109688000
[mtlr]   out: 0000010003818000 0000000109688000 0000000101368a00 0000000000000000
[mtlr]   out: 0000007700000000 0000000000004000 00000002bab7b346 0000000000365288
[mtlr] resource2 sel8 flags 470 sz 0x1000 -> kr 0x00000000 rid 119 GPUVA 0x10003818000 cpu 109688000
[mtlr]   out: 0000010003818000 0000000109688000 0000000101368a00 0000000000000000
[mtlr]   out: 0000007700000000 0000000000004000 00000002bab7b347 0000000000365289
[mtlr] resource2 sel8 flags 470 sz 0x1000 -> kr 0x00000000 rid 119 GPUVA 0x10003818000 cpu 109688000
[mtlr]   out: 0000010003818000 0000000109688000 0000000101368a00 0000000000000000
[mtlr]   out: 0000007700000000 0000000000004000 00000002bab7b348 000000000036528a
[mtlr] resource2 sel8 flags 470 sz 0x1000 -> kr 0x00000000 rid 119 GPUVA 0x10003818000 cpu 109688000
[mtlr]   out: 0000010003818000 0000000109688000 0000000101368a00 0000000000000000
[mtlr]   out: 0000007700000000 0000000000004000 00000002bab7b349 000000000036528b
[mtlr] resource2 sel8 flags 470 sz 0x1000 -> kr 0x00000000 rid 119 GPUVA 0x10003818000 cpu 109688000
[mtlr]   out: 0000010003818000 0000000109688000 0000000101368a00 0000000000000000
[mtlr]   out: 0000007700000000 0000000000004000 00000002bab7b34a 000000000036528c
[mtlr] resource2 sel8 flags 470 sz 0x1000 -> kr 0x00000000 rid 119 GPUVA 0x10003818000 cpu 109688000
[mtlr]   out: 0000010003818000 0000000109688000 0000000101368a00 0000000000000000
[mtlr]   out: 0000007700000000 0000000000004000 00000002bab7b34b 000000000036528d
[mtlr] resource2 sel8 flags 470 sz 0x1000 -> kr 0x00000000 rid 119 GPUVA 0x10003818000 cpu 109688000
[mtlr]   out: 0000010003818000 0000000109688000 0000000101368a00 0000000000000000
[mtlr]   out: 0000007700000000 0000000000004000 00000002bab7b34c 000000000036528e
[mtlr] resource2 sel8 flags 470 sz 0x1000 -> kr 0x00000000 rid 119 GPUVA 0x10003818000 cpu 109688000
[mtlr]   out: 0000010003818000 0000000109688000 0000000101368a00 0000000000000000
[mtlr]   out: 0000007700000000 0000000000004000 00000002bab7b34d 000000000036528f
[mtlr] resource2 sel8 flags 470 sz 0x1000 -> kr 0x00000000 rid 119 GPUVA 0x10003818000 cpu 109688000
[mtlr]   out: 0000010003818000 0000000109688000 0000000101368a00 0000000000000000
[mtlr]   out: 0000007700000000 0000000000004000 00000002bab7b34e 0000000000365290
[mtlr] resource2 sel8 flags 470 sz 0x1000 -> kr 0x00000000 rid 119 GPUVA 0x10003818000 cpu 109688000
[mtlr]   out: 0000010003818000 0000000109688000 0000000101368a00 0000000000000000
[mtlr]   out: 0000007700000000 0000000000004000 00000002bab7b34f 0000000000365291
[mtlr] resource2 sel8 flags 470 sz 0x1000 -> kr 0x00000000 rid 119 GPUVA 0x10003818000 cpu 109688000
[mtlr]   out: 0000010003818000 0000000109688000 0000000101368a00 0000000000000000
[mtlr]   out: 0000007700000000 0000000000004000 00000002bab7b350 0000000000365292
[uatrec] S4 r4 (+0s): nvv 8 ncb 8 vsz 0x100000 destroy0 kr 0x00000000 nj 40
[uatrec] S4 r4 blit[0] slots 10 ridp 1
[uatrec] S4 r4 blit[1] slots 10 ridp 1
[uatrec] S4 r4 blit[2] slots 10 ridp 1
[uatrec] S4 r4 blit[3] slots 10 ridp 1
[uatrec] S4 r4 blit[4] slots 10 ridp 1
[uatrec] S4 r4 blit[5] slots 10 ridp 1
[uatrec] S4 r4 blit[6] slots 10 ridp 1
[uatrec] S4 r4 blit[7] slots 10 ridp 1
[mtlr] resource2 sel8 flags 470 sz 0x100000 -> kr 0x00000000 rid 119 GPUVA 0x10002490000 cpu 109188000
[mtlr]   out: 0000010002490000 0000000109188000 0000000101365940 0000000000000000
[mtlr]   out: 0000007700000000 0000000000100000 00000002bab7b3c8 0000000000365295
[uatrec] S4 r5 victim[0] rid 119 gpuva 0x10002490000 cpu 0x109188000 (top-of-stack)
[mtlr] resource2 sel8 flags 470 sz 0x100000 -> kr 0x00000000 rid 120 GPUVA 0x10002598000 cpu 109288000
[mtlr]   out: 0000010002598000 0000000109288000 0000000101365a00 0000000000000000
[mtlr]   out: 0000007800000000 0000000000100000 00000002bab7b3c9 0000000000365296
[uatrec] S4 r5 victim[1] rid 120 gpuva 0x10002598000 cpu 0x109288000 (top-of-stack)
[mtlr] resource2 sel8 flags 470 sz 0x100000 -> kr 0x00000000 rid 121 GPUVA 0x100026a0000 cpu 109388000
[mtlr]   out: 00000100026a0000 0000000109388000 0000000101365ac0 0000000000000000
[mtlr]   out: 0000007900000000 0000000000100000 00000002bab7b3ca 0000000000365297
[uatrec] S4 r5 victim[2] rid 121 gpuva 0x100026a0000 cpu 0x109388000 (top-of-stack)
[mtlr] resource2 sel8 flags 470 sz 0x100000 -> kr 0x00000000 rid 122 GPUVA 0x100027a8000 cpu 109488000
[mtlr]   out: 00000100027a8000 0000000109488000 0000000101365b80 0000000000000000
[mtlr]   out: 0000007a00000000 0000000000100000 00000002bab7b3cb 0000000000365298
[uatrec] S4 r5 victim[3] rid 122 gpuva 0x100027a8000 cpu 0x109488000 (top-of-stack)
[mtlr] resource2 sel8 flags 470 sz 0x100000 -> kr 0x00000000 rid 123 GPUVA 0x100028b0000 cpu 109588000
[mtlr]   out: 00000100028b0000 0000000109588000 0000000101365c40 0000000000000000
[mtlr]   out: 0000007b00000000 0000000000100000 00000002bab7b3cc 0000000000365299
[uatrec] S4 r5 victim[4] rid 123 gpuva 0x100028b0000 cpu 0x109588000 (top-of-stack)
[mtlr] resource2 sel8 flags 470 sz 0x100000 -> kr 0x00000000 rid 124 GPUVA 0x100029b8000 cpu 109784000
[mtlr]   out: 00000100029b8000 0000000109784000 0000000101365d00 0000000000000000
[mtlr]   out: 0000007c00000000 0000000000100000 00000002bab7b3cd 000000000036529a
[uatrec] S4 r5 victim[5] rid 124 gpuva 0x100029b8000 cpu 0x109784000 (top-of-stack)
[mtlr] resource2 sel8 flags 470 sz 0x100000 -> kr 0x00000000 rid 125 GPUVA 0x10002ac0000 cpu 109be0000
[mtlr]   out: 0000010002ac0000 0000000109be0000 0000000101365dc0 0000000000000000
[mtlr]   out: 0000007d00000000 0000000000100000 00000002bab7b3d5 000000000036529b
[uatrec] S4 r5 victim[6] rid 125 gpuva 0x10002ac0000 cpu 0x109be0000 (top-of-stack)
[mtlr] resource2 sel8 flags 470 sz 0x100000 -> kr 0x00000000 rid 126 GPUVA 0x10002bc8000 cpu 109d04000
[mtlr]   out: 0000010002bc8000 0000000109d04000 0000000101365e80 0000000000000000
[mtlr]   out: 0000007e00000000 0000000000100000 00000002bab7b3d6 000000000036529c
[uatrec] S4 r5 victim[7] rid 126 gpuva 0x10002bc8000 cpu 0x109d04000 (top-of-stack)
[mtlr] resource2 sel8 flags 470 sz 0x1000 -> kr 0x00000000 rid 119 GPUVA 0x10003818000 cpu 109688000
[mtlr]   out: 0000010003818000 0000000109688000 0000000101368a00 0000000000000000
[mtlr]   out: 0000007700000000 0000000000004000 00000002bab7b3fa 00000000003652a6
[mtlr] resource2 sel8 flags 470 sz 0x1000 -> kr 0x00000000 rid 119 GPUVA 0x10003818000 cpu 109688000
[mtlr]   out: 0000010003818000 0000000109688000 0000000101368a00 0000000000000000
[mtlr]   out: 0000007700000000 0000000000004000 00000002bab7b3fb 00000000003652a7
[mtlr] resource2 sel8 flags 470 sz 0x1000 -> kr 0x00000000 rid 119 GPUVA 0x10002490000 cpu 109688000
[mtlr]   out: 0000010002490000 0000000109688000 0000000101368a00 0000000000000000
[mtlr]   out: 0000007700000000 0000000000004000 00000002bab7b3fc 00000000003652a8
[mtlr] resource2 sel8 flags 470 sz 0x1000 -> kr 0x00000000 rid 119 GPUVA 0x10002490000 cpu 109688000
[mtlr]   out: 0000010002490000 0000000109688000 0000000101365940 0000000000000000
[mtlr]   out: 0000007700000000 0000000000004000 00000002bab7b3fd 00000000003652a9
[mtlr] resource2 sel8 flags 470 sz 0x1000 -> kr 0x00000000 rid 119 GPUVA 0x10002490000 cpu 109688000
[mtlr]   out: 0000010002490000 0000000109688000 0000000101365940 0000000000000000
[mtlr]   out: 0000007700000000 0000000000004000 00000002bab7b3fe 00000000003652aa
[mtlr] resource2 sel8 flags 470 sz 0x1000 -> kr 0x00000000 rid 119 GPUVA 0x10002490000 cpu 109688000
[mtlr]   out: 0000010002490000 0000000109688000 0000000101365940 0000000000000000
[mtlr]   out: 0000007700000000 0000000000004000 00000002bab7b3ff 00000000003652ab
[mtlr] resource2 sel8 flags 470 sz 0x1000 -> kr 0x00000000 rid 119 GPUVA 0x10002490000 cpu 109688000
[mtlr]   out: 0000010002490000 0000000109688000 0000000101365940 0000000000000000
[mtlr]   out: 0000007700000000 0000000000004000 00000002bab7b400 00000000003652ac
[mtlr] resource2 sel8 flags 470 sz 0x1000 -> kr 0x00000000 rid 119 GPUVA 0x10002490000 cpu 109688000
[mtlr]   out: 0000010002490000 0000000109688000 0000000101365940 0000000000000000
[mtlr]   out: 0000007700000000 0000000000004000 00000002bab7b401 00000000003652ad
[mtlr] resource2 sel8 flags 470 sz 0x1000 -> kr 0x00000000 rid 119 GPUVA 0x10002490000 cpu 109688000
[mtlr]   out: 0000010002490000 0000000109688000 0000000101365940 0000000000000000
[mtlr]   out: 0000007700000000 0000000000004000 00000002bab7b402 00000000003652ae
[mtlr] resource2 sel8 flags 470 sz 0x1000 -> kr 0x00000000 rid 119 GPUVA 0x10002490000 cpu 109688000
[mtlr]   out: 0000010002490000 0000000109688000 0000000101365940 0000000000000000
[mtlr]   out: 0000007700000000 0000000000004000 00000002bab7b403 00000000003652af
[mtlr] resource2 sel8 flags 470 sz 0x1000 -> kr 0x00000000 rid 119 GPUVA 0x10002490000 cpu 109688000
[mtlr]   out: 0000010002490000 0000000109688000 0000000101365940 0000000000000000
[mtlr]   out: 0000007700000000 0000000000004000 00000002bab7b404 00000000003652b0
[mtlr] resource2 sel8 flags 470 sz 0x1000 -> kr 0x00000000 rid 119 GPUVA 0x10002490000 cpu 109688000
[mtlr]   out: 0000010002490000 0000000109688000 0000000101365940 0000000000000000
[mtlr]   out: 0000007700000000 0000000000004000 00000002bab7b405 00000000003652b1
[mtlr] resource2 sel8 flags 470 sz 0x1000 -> kr 0x00000000 rid 119 GPUVA 0x10002490000 cpu 109688000
[mtlr]   out: 0000010002490000 0000000109688000 0000000101365940 0000000000000000
[mtlr]   out: 0000007700000000 0000000000004000 00000002bab7b406 00000000003652b2
[mtlr] resource2 sel8 flags 470 sz 0x1000 -> kr 0x00000000 rid 119 GPUVA 0x10002490000 cpu 109688000
[mtlr]   out: 0000010002490000 0000000109688000 0000000101365940 0000000000000000
[mtlr]   out: 0000007700000000 0000000000004000 00000002bab7b407 00000000003652b3
[mtlr] resource2 sel8 flags 470 sz 0x1000 -> kr 0x00000000 rid 119 GPUVA 0x10002490000 cpu 109688000
[mtlr]   out: 0000010002490000 0000000109688000 0000000101365940 0000000000000000
[mtlr]   out: 0000007700000000 0000000000004000 00000002bab7b408 00000000003652b4
[mtlr] resource2 sel8 flags 470 sz 0x1000 -> kr 0x00000000 rid 119 GPUVA 0x10002490000 cpu 109688000
[mtlr]   out: 0000010002490000 0000000109688000 0000000101365940 0000000000000000
[mtlr]   out: 0000007700000000 0000000000004000 00000002bab7b409 00000000003652b5
[mtlr] resource2 sel8 flags 470 sz 0x1000 -> kr 0x00000000 rid 119 GPUVA 0x10002490000 cpu 109688000
[mtlr]   out: 0000010002490000 0000000109688000 0000000101365940 0000000000000000
[mtlr]   out: 0000007700000000 0000000000004000 00000002bab7b40a 00000000003652b6
[mtlr] resource2 sel8 flags 470 sz 0x1000 -> kr 0x00000000 rid 119 GPUVA 0x10002490000 cpu 109688000
[mtlr]   out: 0000010002490000 0000000109688000 0000000101365940 0000000000000000
[mtlr]   out: 0000007700000000 0000000000004000 00000002bab7b40b 00000000003652b7
[mtlr] resource2 sel8 flags 470 sz 0x1000 -> kr 0x00000000 rid 119 GPUVA 0x10002490000 cpu 109688000
[mtlr]   out: 0000010002490000 0000000109688000 0000000101365940 0000000000000000
[mtlr]   out: 0000007700000000 0000000000004000 00000002bab7b40c 00000000003652b8
[mtlr] resource2 sel8 flags 470 sz 0x1000 -> kr 0x00000000 rid 119 GPUVA 0x10002490000 cpu 109688000
[mtlr]   out: 0000010002490000 0000000109688000 0000000101365940 0000000000000000
[mtlr]   out: 0000007700000000 0000000000004000 00000002bab7b40d 00000000003652b9
[mtlr] resource2 sel8 flags 470 sz 0x1000 -> kr 0x00000000 rid 119 GPUVA 0x10002490000 cpu 109688000
[mtlr]   out: 0000010002490000 0000000109688000 0000000101365940 0000000000000000
[mtlr]   out: 0000007700000000 0000000000004000 00000002bab7b40e 00000000003652ba
[mtlr] resource2 sel8 flags 470 sz 0x1000 -> kr 0x00000000 rid 119 GPUVA 0x10002490000 cpu 109688000
[mtlr]   out: 0000010002490000 0000000109688000 0000000101365940 0000000000000000
[mtlr]   out: 0000007700000000 0000000000004000 00000002bab7b40f 00000000003652bb
[mtlr] resource2 sel8 flags 470 sz 0x1000 -> kr 0x00000000 rid 119 GPUVA 0x10002490000 cpu 109688000
[mtlr]   out: 0000010002490000 0000000109688000 0000000101365940 0000000000000000
[mtlr]   out: 0000007700000000 0000000000004000 00000002bab7b410 00000000003652bc
[mtlr] resource2 sel8 flags 470 sz 0x1000 -> kr 0x00000000 rid 119 GPUVA 0x10002490000 cpu 109688000
[mtlr]   out: 0000010002490000 0000000109688000 0000000101365940 0000000000000000
[mtlr]   out: 0000007700000000 0000000000004000 00000002bab7b411 00000000003652bd
[mtlr] resource2 sel8 flags 470 sz 0x1000 -> kr 0x00000000 rid 119 GPUVA 0x10002490000 cpu 109688000
[mtlr]   out: 0000010002490000 0000000109688000 0000000101365940 0000000000000000
[mtlr]   out: 0000007700000000 0000000000004000 00000002bab7b412 00000000003652be
[mtlr] resource2 sel8 flags 470 sz 0x1000 -> kr 0x00000000 rid 119 GPUVA 0x10002490000 cpu 109688000
[mtlr]   out: 0000010002490000 0000000109688000 0000000101365940 0000000000000000
[mtlr]   out: 0000007700000000 0000000000004000 00000002bab7b413 00000000003652bf
[mtlr] resource2 sel8 flags 470 sz 0x1000 -> kr 0x00000000 rid 119 GPUVA 0x10002490000 cpu 109688000
[mtlr]   out: 0000010002490000 0000000109688000 0000000101365940 0000000000000000
[mtlr]   out: 0000007700000000 0000000000004000 00000002bab7b414 00000000003652c0
[mtlr] resource2 sel8 flags 470 sz 0x1000 -> kr 0x00000000 rid 119 GPUVA 0x10002490000 cpu 109688000
[mtlr]   out: 0000010002490000 0000000109688000 0000000101365940 0000000000000000
[mtlr]   out: 0000007700000000 0000000000004000 00000002bab7b415 00000000003652c1
[mtlr] resource2 sel8 flags 470 sz 0x1000 -> kr 0x00000000 rid 119 GPUVA 0x10002490000 cpu 109688000
[mtlr]   out: 0000010002490000 0000000109688000 0000000101365940 0000000000000000
[mtlr]   out: 0000007700000000 0000000000004000 00000002bab7b416 00000000003652c2
[mtlr] resource2 sel8 flags 470 sz 0x1000 -> kr 0x00000000 rid 119 GPUVA 0x10002490000 cpu 109688000
[mtlr]   out: 0000010002490000 0000000109688000 0000000101365940 0000000000000000
[mtlr]   out: 0000007700000000 0000000000004000 00000002bab7b417 00000000003652c3
[mtlr] resource2 sel8 flags 470 sz 0x1000 -> kr 0x00000000 rid 119 GPUVA 0x10002490000 cpu 109688000
[mtlr]   out: 0000010002490000 0000000109688000 0000000101365940 0000000000000000
[mtlr]   out: 0000007700000000 0000000000004000 00000002bab7b418 00000000003652c4
[mtlr] resource2 sel8 flags 470 sz 0x1000 -> kr 0x00000000 rid 119 GPUVA 0x10002490000 cpu 109688000
[mtlr]   out: 0000010002490000 0000000109688000 0000000101365940 0000000000000000
[mtlr]   out: 0000007700000000 0000000000004000 00000002bab7b419 00000000003652c5
[mtlr] resource2 sel8 flags 470 sz 0x1000 -> kr 0x00000000 rid 119 GPUVA 0x10002490000 cpu 109688000
[mtlr]   out: 0000010002490000 0000000109688000 0000000101365940 0000000000000000
[mtlr]   out: 0000007700000000 0000000000004000 00000002bab7b41a 00000000003652c6
[mtlr] resource2 sel8 flags 470 sz 0x1000 -> kr 0x00000000 rid 119 GPUVA 0x10002490000 cpu 109688000
[mtlr]   out: 0000010002490000 0000000109688000 0000000101365940 0000000000000000
[mtlr]   out: 0000007700000000 0000000000004000 00000002bab7b41b 00000000003652c7
[mtlr] resource2 sel8 flags 470 sz 0x1000 -> kr 0x00000000 rid 119 GPUVA 0x10002490000 cpu 109688000
[mtlr]   out: 0000010002490000 0000000109688000 0000000101365940 0000000000000000
[mtlr]   out: 0000007700000000 0000000000004000 00000002bab7b41c 00000000003652c8
[mtlr] resource2 sel8 flags 470 sz 0x1000 -> kr 0x00000000 rid 119 GPUVA 0x10002490000 cpu 109688000
[mtlr]   out: 0000010002490000 0000000109688000 0000000101365940 0000000000000000
[mtlr]   out: 0000007700000000 0000000000004000 00000002bab7b41d 00000000003652c9
[mtlr] resource2 sel8 flags 470 sz 0x1000 -> kr 0x00000000 rid 119 GPUVA 0x10002490000 cpu 109688000
[mtlr]   out: 0000010002490000 0000000109688000 0000000101365940 0000000000000000
[mtlr]   out: 0000007700000000 0000000000004000 00000002bab7b41e 00000000003652ca
[mtlr] resource2 sel8 flags 470 sz 0x1000 -> kr 0x00000000 rid 119 GPUVA 0x10002490000 cpu 109688000
[mtlr]   out: 0000010002490000 0000000109688000 0000000101365940 0000000000000000
[mtlr]   out: 0000007700000000 0000000000004000 00000002bab7b41f 00000000003652cb
[mtlr] resource2 sel8 flags 470 sz 0x1000 -> kr 0x00000000 rid 119 GPUVA 0x10002490000 cpu 109688000
[mtlr]   out: 0000010002490000 0000000109688000 0000000101365940 0000000000000000
[mtlr]   out: 0000007700000000 0000000000004000 00000002bab7b420 00000000003652cc
[mtlr] resource2 sel8 flags 470 sz 0x1000 -> kr 0x00000000 rid 119 GPUVA 0x10002490000 cpu 109688000
[mtlr]   out: 0000010002490000 0000000109688000 0000000101365940 0000000000000000
[mtlr]   out: 0000007700000000 0000000000004000 00000002bab7b421 00000000003652cd
[uatrec] S4 r5 (+0s): nvv 8 ncb 8 vsz 0x100000 destroy0 kr 0x00000000 nj 40
[uatrec] S4 r5 blit[0] slots 10 ridp 1
[uatrec] S4 r5 blit[1] slots 10 ridp 1
[uatrec] S4 r5 blit[2] slots 10 ridp 1
[uatrec] S4 r5 blit[3] slots 10 ridp 1
[uatrec] S4 r5 blit[4] slots 10 ridp 1
[uatrec] S4 r5 blit[5] slots 10 ridp 1
[uatrec] S4 r5 blit[6] slots 10 ridp 1
[uatrec] S4 r5 blit[7] slots 10 ridp 1
[mtlr] resource2 sel8 flags 470 sz 0x100000 -> kr 0x00000000 rid 119 GPUVA 0x10002490000 cpu 10bc00000
[mtlr]   out: 0000010002490000 000000010bc00000 0000000101365940 0000000000000000
[mtlr]   out: 0000007700000000 0000000000100000 00000002bab7b45b 00000000003652d0
[uatrec] S4 r6 victim[0] rid 119 gpuva 0x10002490000 cpu 0x10bc00000 (top-of-stack)
[mtlr] resource2 sel8 flags 470 sz 0x100000 -> kr 0x00000000 rid 120 GPUVA 0x10002598000 cpu 10bd00000
[mtlr]   out: 0000010002598000 000000010bd00000 0000000101365a00 0000000000000000
[mtlr]   out: 0000007800000000 0000000000100000 00000002bab7b45c 00000000003652d1
[uatrec] S4 r6 victim[1] rid 120 gpuva 0x10002598000 cpu 0x10bd00000 (top-of-stack)
[mtlr] resource2 sel8 flags 470 sz 0x100000 -> kr 0x00000000 rid 121 GPUVA 0x100026a0000 cpu 109188000
[mtlr]   out: 00000100026a0000 0000000109188000 0000000101365ac0 0000000000000000
[mtlr]   out: 0000007900000000 0000000000100000 00000002bab7b45d 00000000003652d2
[uatrec] S4 r6 victim[2] rid 121 gpuva 0x100026a0000 cpu 0x109188000 (top-of-stack)
[mtlr] resource2 sel8 flags 470 sz 0x100000 -> kr 0x00000000 rid 122 GPUVA 0x100027a8000 cpu 109288000
[mtlr]   out: 00000100027a8000 0000000109288000 0000000101365b80 0000000000000000
[mtlr]   out: 0000007a00000000 0000000000100000 00000002bab7b45e 00000000003652d3
[uatrec] S4 r6 victim[3] rid 122 gpuva 0x100027a8000 cpu 0x109288000 (top-of-stack)
[mtlr] resource2 sel8 flags 470 sz 0x100000 -> kr 0x00000000 rid 123 GPUVA 0x100028b0000 cpu 109388000
[mtlr]   out: 00000100028b0000 0000000109388000 0000000101365c40 0000000000000000
[mtlr]   out: 0000007b00000000 0000000000100000 00000002bab7b466 00000000003652d4
[uatrec] S4 r6 victim[4] rid 123 gpuva 0x100028b0000 cpu 0x109388000 (top-of-stack)
[mtlr] resource2 sel8 flags 470 sz 0x100000 -> kr 0x00000000 rid 124 GPUVA 0x100029b8000 cpu 109488000
[mtlr]   out: 00000100029b8000 0000000109488000 0000000101365d00 0000000000000000
[mtlr]   out: 0000007c00000000 0000000000100000 00000002bab7b467 00000000003652d5
[uatrec] S4 r6 victim[5] rid 124 gpuva 0x100029b8000 cpu 0x109488000 (top-of-stack)
[mtlr] resource2 sel8 flags 470 sz 0x100000 -> kr 0x00000000 rid 125 GPUVA 0x10002ac0000 cpu 109588000
[mtlr]   out: 0000010002ac0000 0000000109588000 0000000101365dc0 0000000000000000
[mtlr]   out: 0000007d00000000 0000000000100000 00000002bab7b468 00000000003652d6
[uatrec] S4 r6 victim[6] rid 125 gpuva 0x10002ac0000 cpu 0x109588000 (top-of-stack)
[mtlr] resource2 sel8 flags 470 sz 0x100000 -> kr 0x00000000 rid 126 GPUVA 0x10002bc8000 cpu 109784000
[mtlr]   out: 0000010002bc8000 0000000109784000 0000000101365e80 0000000000000000
[mtlr]   out: 0000007e00000000 0000000000100000 00000002bab7b469 00000000003652d7
[uatrec] S4 r6 victim[7] rid 126 gpuva 0x10002bc8000 cpu 0x109784000 (top-of-stack)
[mtlr] resource2 sel8 flags 470 sz 0x1000 -> kr 0x00000000 rid 119 GPUVA 0x10002490000 cpu 109688000
[mtlr]   out: 0000010002490000 0000000109688000 0000000101365940 0000000000000000
[mtlr]   out: 0000007700000000 0000000000004000 00000002bab7b48d 00000000003652e1
[mtlr] resource2 sel8 flags 470 sz 0x1000 -> kr 0x00000000 rid 119 GPUVA 0x10002490000 cpu 109688000
[mtlr]   out: 0000010002490000 0000000109688000 0000000101365940 0000000000000000
[mtlr]   out: 0000007700000000 0000000000004000 00000002bab7b48e 00000000003652e2
[mtlr] resource2 sel8 flags 470 sz 0x1000 -> kr 0x00000000 rid 119 GPUVA 0x10002490000 cpu 109688000
[mtlr]   out: 0000010002490000 0000000109688000 0000000101365940 0000000000000000
[mtlr]   out: 0000007700000000 0000000000004000 00000002bab7b48f 00000000003652e3
[mtlr] resource2 sel8 flags 470 sz 0x1000 -> kr 0x00000000 rid 119 GPUVA 0x10002490000 cpu 109688000
[mtlr]   out: 0000010002490000 0000000109688000 0000000101365940 0000000000000000
[mtlr]   out: 0000007700000000 0000000000004000 00000002bab7b490 00000000003652e4
[mtlr] resource2 sel8 flags 470 sz 0x1000 -> kr 0x00000000 rid 119 GPUVA 0x10002490000 cpu 109688000
[mtlr]   out: 0000010002490000 0000000109688000 0000000101365940 0000000000000000
[mtlr]   out: 0000007700000000 0000000000004000 00000002bab7b491 00000000003652e5
[mtlr] resource2 sel8 flags 470 sz 0x1000 -> kr 0x00000000 rid 119 GPUVA 0x10002490000 cpu 109688000
[mtlr]   out: 0000010002490000 0000000109688000 0000000101365940 0000000000000000
[mtlr]   out: 0000007700000000 0000000000004000 00000002bab7b492 00000000003652e6
[mtlr] resource2 sel8 flags 470 sz 0x1000 -> kr 0x00000000 rid 119 GPUVA 0x10002490000 cpu 109688000
[mtlr]   out: 0000010002490000 0000000109688000 0000000101365940 0000000000000000
[mtlr]   out: 0000007700000000 0000000000004000 00000002bab7b493 00000000003652e7
[mtlr] resource2 sel8 flags 470 sz 0x1000 -> kr 0x00000000 rid 119 GPUVA 0x10002490000 cpu 109688000
[mtlr]   out: 0000010002490000 0000000109688000 0000000101365940 0000000000000000
[mtlr]   out: 0000007700000000 0000000000004000 00000002bab7b494 00000000003652e8
[mtlr] resource2 sel8 flags 470 sz 0x1000 -> kr 0x00000000 rid 119 GPUVA 0x10002490000 cpu 109688000
[mtlr]   out: 0000010002490000 0000000109688000 0000000101365940 0000000000000000
[mtlr]   out: 0000007700000000 0000000000004000 00000002bab7b495 00000000003652e9
[mtlr] resource2 sel8 flags 470 sz 0x1000 -> kr 0x00000000 rid 119 GPUVA 0x10002490000 cpu 109688000
[mtlr]   out: 0000010002490000 0000000109688000 0000000101365940 0000000000000000
[mtlr]   out: 0000007700000000 0000000000004000 00000002bab7b496 00000000003652ea
[mtlr] resource2 sel8 flags 470 sz 0x1000 -> kr 0x00000000 rid 119 GPUVA 0x10002490000 cpu 109688000
[mtlr]   out: 0000010002490000 0000000109688000 0000000101365940 0000000000000000
[mtlr]   out: 0000007700000000 0000000000004000 00000002bab7b497 00000000003652eb
[mtlr] resource2 sel8 flags 470 sz 0x1000 -> kr 0x00000000 rid 119 GPUVA 0x10002490000 cpu 109688000
[mtlr]   out: 0000010002490000 0000000109688000 0000000101365940 0000000000000000
[mtlr]   out: 0000007700000000 0000000000004000 00000002bab7b498 00000000003652ec
[mtlr] resource2 sel8 flags 470 sz 0x1000 -> kr 0x00000000 rid 119 GPUVA 0x10002490000 cpu 109688000
[mtlr]   out: 0000010002490000 0000000109688000 0000000101365940 0000000000000000
[mtlr]   out: 0000007700000000 0000000000004000 00000002bab7b499 00000000003652ed
[mtlr] resource2 sel8 flags 470 sz 0x1000 -> kr 0x00000000 rid 119 GPUVA 0x10002490000 cpu 109688000
[mtlr]   out: 0000010002490000 0000000109688000 0000000101365940 0000000000000000
[mtlr]   out: 0000007700000000 0000000000004000 00000002bab7b49a 00000000003652ee
[mtlr] resource2 sel8 flags 470 sz 0x1000 -> kr 0x00000000 rid 119 GPUVA 0x10002490000 cpu 109688000
[mtlr]   out: 0000010002490000 0000000109688000 0000000101365940 0000000000000000
[mtlr]   out: 0000007700000000 0000000000004000 00000002bab7b49b 00000000003652ef
[mtlr] resource2 sel8 flags 470 sz 0x1000 -> kr 0x00000000 rid 119 GPUVA 0x10002490000 cpu 109688000
[mtlr]   out: 0000010002490000 0000000109688000 0000000101365940 0000000000000000
[mtlr]   out: 0000007700000000 0000000000004000 00000002bab7b49c 00000000003652f0
[mtlr] resource2 sel8 flags 470 sz 0x1000 -> kr 0x00000000 rid 119 GPUVA 0x10002490000 cpu 109688000
[mtlr]   out: 0000010002490000 0000000109688000 0000000101365940 0000000000000000
[mtlr]   out: 0000007700000000 0000000000004000 00000002bab7b49d 00000000003652f1
[mtlr] resource2 sel8 flags 470 sz 0x1000 -> kr 0x00000000 rid 119 GPUVA 0x10002490000 cpu 109688000
[mtlr]   out: 0000010002490000 0000000109688000 0000000101365940 0000000000000000
[mtlr]   out: 0000007700000000 0000000000004000 00000002bab7b49e 00000000003652f2
[mtlr] resource2 sel8 flags 470 sz 0x1000 -> kr 0x00000000 rid 119 GPUVA 0x10002490000 cpu 109688000
[mtlr]   out: 0000010002490000 0000000109688000 0000000101365940 0000000000000000
[mtlr]   out: 0000007700000000 0000000000004000 00000002bab7b49f 00000000003652f3
[mtlr] resource2 sel8 flags 470 sz 0x1000 -> kr 0x00000000 rid 119 GPUVA 0x10002490000 cpu 109688000
[mtlr]   out: 0000010002490000 0000000109688000 0000000101365940 0000000000000000
[mtlr]   out: 0000007700000000 0000000000004000 00000002bab7b4a0 00000000003652f4
[mtlr] resource2 sel8 flags 470 sz 0x1000 -> kr 0x00000000 rid 119 GPUVA 0x10002490000 cpu 109688000
[mtlr]   out: 0000010002490000 0000000109688000 0000000101365940 0000000000000000
[mtlr]   out: 0000007700000000 0000000000004000 00000002bab7b4a1 00000000003652f5
[mtlr] resource2 sel8 flags 470 sz 0x1000 -> kr 0x00000000 rid 119 GPUVA 0x10002490000 cpu 109688000
[mtlr]   out: 0000010002490000 0000000109688000 0000000101365940 0000000000000000
[mtlr]   out: 0000007700000000 0000000000004000 00000002bab7b4a2 00000000003652f6
[mtlr] resource2 sel8 flags 470 sz 0x1000 -> kr 0x00000000 rid 119 GPUVA 0x10002490000 cpu 109688000
[mtlr]   out: 0000010002490000 0000000109688000 0000000101365940 0000000000000000
[mtlr]   out: 0000007700000000 0000000000004000 00000002bab7b4a3 00000000003652f7
[mtlr] resource2 sel8 flags 470 sz 0x1000 -> kr 0x00000000 rid 119 GPUVA 0x10002490000 cpu 109688000
[mtlr]   out: 0000010002490000 0000000109688000 0000000101365940 0000000000000000
[mtlr]   out: 0000007700000000 0000000000004000 00000002bab7b4a4 00000000003652f8
[mtlr] resource2 sel8 flags 470 sz 0x1000 -> kr 0x00000000 rid 119 GPUVA 0x10002490000 cpu 109688000
[mtlr]   out: 0000010002490000 0000000109688000 0000000101365940 0000000000000000
[mtlr]   out: 0000007700000000 0000000000004000 00000002bab7b4a5 00000000003652f9
[mtlr] resource2 sel8 flags 470 sz 0x1000 -> kr 0x00000000 rid 119 GPUVA 0x10002490000 cpu 109688000
[mtlr]   out: 0000010002490000 0000000109688000 0000000101365940 0000000000000000
[mtlr]   out: 0000007700000000 0000000000004000 00000002bab7b4a6 00000000003652fa
[mtlr] resource2 sel8 flags 470 sz 0x1000 -> kr 0x00000000 rid 119 GPUVA 0x10002490000 cpu 109688000
[mtlr]   out: 0000010002490000 0000000109688000 0000000101365940 0000000000000000
[mtlr]   out: 0000007700000000 0000000000004000 00000002bab7b4a7 00000000003652fb
[mtlr] resource2 sel8 flags 470 sz 0x1000 -> kr 0x00000000 rid 119 GPUVA 0x10002490000 cpu 109688000
[mtlr]   out: 0000010002490000 0000000109688000 0000000101365940 0000000000000000
[mtlr]   out: 0000007700000000 0000000000004000 00000002bab7b4a8 00000000003652fc
[mtlr] resource2 sel8 flags 470 sz 0x1000 -> kr 0x00000000 rid 119 GPUVA 0x10002490000 cpu 109688000
[mtlr]   out: 0000010002490000 0000000109688000 0000000101365940 0000000000000000
[mtlr]   out: 0000007700000000 0000000000004000 00000002bab7b4a9 00000000003652fd
[mtlr] resource2 sel8 flags 470 sz 0x1000 -> kr 0x00000000 rid 119 GPUVA 0x10002490000 cpu 109688000
[mtlr]   out: 0000010002490000 0000000109688000 0000000101365940 0000000000000000
[mtlr]   out: 0000007700000000 0000000000004000 00000002bab7b4aa 00000000003652fe
[mtlr] resource2 sel8 flags 470 sz 0x1000 -> kr 0x00000000 rid 119 GPUVA 0x10002490000 cpu 109688000
[mtlr]   out: 0000010002490000 0000000109688000 0000000101365940 0000000000000000
[mtlr]   out: 0000007700000000 0000000000004000 00000002bab7b4ab 00000000003652ff
[mtlr] resource2 sel8 flags 470 sz 0x1000 -> kr 0x00000000 rid 119 GPUVA 0x10002490000 cpu 109688000
[mtlr]   out: 0000010002490000 0000000109688000 0000000101365940 0000000000000000
[mtlr]   out: 0000007700000000 0000000000004000 00000002bab7b4ac 0000000000365300
[mtlr] resource2 sel8 flags 470 sz 0x1000 -> kr 0x00000000 rid 119 GPUVA 0x10002490000 cpu 109688000
[mtlr]   out: 0000010002490000 0000000109688000 0000000101365940 0000000000000000
[mtlr]   out: 0000007700000000 0000000000004000 00000002bab7b4ad 0000000000365301
[mtlr] resource2 sel8 flags 470 sz 0x1000 -> kr 0x00000000 rid 119 GPUVA 0x10002490000 cpu 109688000
[mtlr]   out: 0000010002490000 0000000109688000 0000000101365940 0000000000000000
[mtlr]   out: 0000007700000000 0000000000004000 00000002bab7b4ae 0000000000365302
[mtlr] resource2 sel8 flags 470 sz 0x1000 -> kr 0x00000000 rid 119 GPUVA 0x10002490000 cpu 109688000
[mtlr]   out: 0000010002490000 0000000109688000 0000000101365940 0000000000000000
[mtlr]   out: 0000007700000000 0000000000004000 00000002bab7b4af 0000000000365303
[mtlr] resource2 sel8 flags 470 sz 0x1000 -> kr 0x00000000 rid 119 GPUVA 0x10002490000 cpu 109688000
[mtlr]   out: 0000010002490000 0000000109688000 0000000101365940 0000000000000000
[mtlr]   out: 0000007700000000 0000000000004000 00000002bab7b4b0 0000000000365304
[mtlr] resource2 sel8 flags 470 sz 0x1000 -> kr 0x00000000 rid 119 GPUVA 0x10002490000 cpu 109688000
[mtlr]   out: 0000010002490000 0000000109688000 0000000101365940 0000000000000000
[mtlr]   out: 0000007700000000 0000000000004000 00000002bab7b4b1 0000000000365305
[mtlr] resource2 sel8 flags 470 sz 0x1000 -> kr 0x00000000 rid 119 GPUVA 0x10002490000 cpu 109688000
[mtlr]   out: 0000010002490000 0000000109688000 0000000101365940 0000000000000000
[mtlr]   out: 0000007700000000 0000000000004000 00000002bab7b4b2 0000000000365306
[mtlr] resource2 sel8 flags 470 sz 0x1000 -> kr 0x00000000 rid 119 GPUVA 0x10002490000 cpu 109688000
[mtlr]   out: 0000010002490000 0000000109688000 0000000101365940 0000000000000000
[mtlr]   out: 0000007700000000 0000000000004000 00000002bab7b4b3 0000000000365307
[mtlr] resource2 sel8 flags 470 sz 0x1000 -> kr 0x00000000 rid 119 GPUVA 0x10002490000 cpu 109688000
[mtlr]   out: 0000010002490000 0000000109688000 0000000101365940 0000000000000000
[mtlr]   out: 0000007700000000 0000000000004000 00000002bab7b4b4 0000000000365308
[uatrec] S4 r6 (+0s): nvv 8 ncb 8 vsz 0x100000 destroy0 kr 0x00000000 nj 40
[uatrec] S4 r6 blit[0] slots 10 ridp 1
[uatrec] S4 r6 blit[1] slots 10 ridp 1
[uatrec] S4 r6 blit[2] slots 10 ridp 1
[uatrec] S4 r6 blit[3] slots 10 ridp 1
[uatrec] S4 r6 blit[4] slots 10 ridp 1
[uatrec] S4 r6 blit[5] slots 10 ridp 1
[uatrec] S4 r6 blit[6] slots 10 ridp 1
[uatrec] S4 r6 blit[7] slots 10 ridp 1
[mtlr] resource2 sel8 flags 470 sz 0x100000 -> kr 0x00000000 rid 119 GPUVA 0x10002490000 cpu 109d04000
[mtlr]   out: 0000010002490000 0000000109d04000 0000000101365940 0000000000000000
[mtlr]   out: 0000007700000000 0000000000100000 00000002bab7b501 000000000036530b
[uatrec] S4 r7 victim[0] rid 119 gpuva 0x10002490000 cpu 0x109d04000 (top-of-stack)
[mtlr] resource2 sel8 flags 470 sz 0x100000 -> kr 0x00000000 rid 120 GPUVA 0x10002598000 cpu 109e04000
[mtlr]   out: 0000010002598000 0000000109e04000 0000000101365a00 0000000000000000
[mtlr]   out: 0000007800000000 0000000000100000 00000002bab7b502 000000000036530c
[uatrec] S4 r7 victim[1] rid 120 gpuva 0x10002598000 cpu 0x109e04000 (top-of-stack)
[mtlr] resource2 sel8 flags 470 sz 0x100000 -> kr 0x00000000 rid 121 GPUVA 0x100026a0000 cpu 10be00000
[mtlr]   out: 00000100026a0000 000000010be00000 0000000101365ac0 0000000000000000
[mtlr]   out: 0000007900000000 0000000000100000 00000002bab7b503 000000000036530d
[uatrec] S4 r7 victim[2] rid 121 gpuva 0x100026a0000 cpu 0x10be00000 (top-of-stack)
[mtlr] resource2 sel8 flags 470 sz 0x100000 -> kr 0x00000000 rid 122 GPUVA 0x100027a8000 cpu 109188000
[mtlr]   out: 00000100027a8000 0000000109188000 0000000101365b80 0000000000000000
[mtlr]   out: 0000007a00000000 0000000000100000 00000002bab7b504 000000000036530e
[uatrec] S4 r7 victim[3] rid 122 gpuva 0x100027a8000 cpu 0x109188000 (top-of-stack)
[mtlr] resource2 sel8 flags 470 sz 0x100000 -> kr 0x00000000 rid 123 GPUVA 0x100028b0000 cpu 109288000
[mtlr]   out: 00000100028b0000 0000000109288000 0000000101365c40 0000000000000000
[mtlr]   out: 0000007b00000000 0000000000100000 00000002bab7b505 000000000036530f
[uatrec] S4 r7 victim[4] rid 123 gpuva 0x100028b0000 cpu 0x109288000 (top-of-stack)
[mtlr] resource2 sel8 flags 470 sz 0x100000 -> kr 0x00000000 rid 124 GPUVA 0x100029b8000 cpu 109388000
[mtlr]   out: 00000100029b8000 0000000109388000 0000000101365d00 0000000000000000
[mtlr]   out: 0000007c00000000 0000000000100000 00000002bab7b50d 0000000000365310
[uatrec] S4 r7 victim[5] rid 124 gpuva 0x100029b8000 cpu 0x109388000 (top-of-stack)
[mtlr] resource2 sel8 flags 470 sz 0x100000 -> kr 0x00000000 rid 125 GPUVA 0x10002ac0000 cpu 109488000
[mtlr]   out: 0000010002ac0000 0000000109488000 0000000101365dc0 0000000000000000
[mtlr]   out: 0000007d00000000 0000000000100000 00000002bab7b50e 0000000000365311
[uatrec] S4 r7 victim[6] rid 125 gpuva 0x10002ac0000 cpu 0x109488000 (top-of-stack)
[mtlr] resource2 sel8 flags 470 sz 0x100000 -> kr 0x00000000 rid 126 GPUVA 0x10002bc8000 cpu 109588000
[mtlr]   out: 0000010002bc8000 0000000109588000 0000000101365e80 0000000000000000
[mtlr]   out: 0000007e00000000 0000000000100000 00000002bab7b50f 0000000000365312
[uatrec] S4 r7 victim[7] rid 126 gpuva 0x10002bc8000 cpu 0x109588000 (top-of-stack)
[mtlr] resource2 sel8 flags 470 sz 0x1000 -> kr 0x00000000 rid 119 GPUVA 0x10002490000 cpu 109688000
[mtlr]   out: 0000010002490000 0000000109688000 0000000101365940 0000000000000000
[mtlr]   out: 0000007700000000 0000000000004000 00000002bab7b521 000000000036531c
[mtlr] resource2 sel8 flags 470 sz 0x1000 -> kr 0x00000000 rid 119 GPUVA 0x10002490000 cpu 109688000
[mtlr]   out: 0000010002490000 0000000109688000 0000000101365940 0000000000000000
[mtlr]   out: 0000007700000000 0000000000004000 00000002bab7b522 000000000036531d
[mtlr] resource2 sel8 flags 470 sz 0x1000 -> kr 0x00000000 rid 119 GPUVA 0x10002490000 cpu 109688000
[mtlr]   out: 0000010002490000 0000000109688000 0000000101365940 0000000000000000
[mtlr]   out: 0000007700000000 0000000000004000 00000002bab7b523 000000000036531e
[mtlr] resource2 sel8 flags 470 sz 0x1000 -> kr 0x00000000 rid 119 GPUVA 0x10002490000 cpu 109688000
[mtlr]   out: 0000010002490000 0000000109688000 0000000101365940 0000000000000000
[mtlr]   out: 0000007700000000 0000000000004000 00000002bab7b524 000000000036531f
[mtlr] resource2 sel8 flags 470 sz 0x1000 -> kr 0x00000000 rid 119 GPUVA 0x10002490000 cpu 109688000
[mtlr]   out: 0000010002490000 0000000109688000 0000000101365940 0000000000000000
[mtlr]   out: 0000007700000000 0000000000004000 00000002bab7b525 0000000000365320
[mtlr] resource2 sel8 flags 470 sz 0x1000 -> kr 0x00000000 rid 119 GPUVA 0x10002490000 cpu 109688000
[mtlr]   out: 0000010002490000 0000000109688000 0000000101365940 0000000000000000
[mtlr]   out: 0000007700000000 0000000000004000 00000002bab7b526 0000000000365321
[mtlr] resource2 sel8 flags 470 sz 0x1000 -> kr 0x00000000 rid 119 GPUVA 0x10002490000 cpu 109688000
[mtlr]   out: 0000010002490000 0000000109688000 0000000101365940 0000000000000000
[mtlr]   out: 0000007700000000 0000000000004000 00000002bab7b527 0000000000365322
[mtlr] resource2 sel8 flags 470 sz 0x1000 -> kr 0x00000000 rid 119 GPUVA 0x10002490000 cpu 109688000
[mtlr]   out: 0000010002490000 0000000109688000 0000000101365940 0000000000000000
[mtlr]   out: 0000007700000000 0000000000004000 00000002bab7b528 0000000000365323
[mtlr] resource2 sel8 flags 470 sz 0x1000 -> kr 0x00000000 rid 119 GPUVA 0x10002490000 cpu 109688000
[mtlr]   out: 0000010002490000 0000000109688000 0000000101365940 0000000000000000
[mtlr]   out: 0000007700000000 0000000000004000 00000002bab7b529 0000000000365324
[mtlr] resource2 sel8 flags 470 sz 0x1000 -> kr 0x00000000 rid 119 GPUVA 0x10002490000 cpu 109688000
[mtlr]   out: 0000010002490000 0000000109688000 0000000101365940 0000000000000000
[mtlr]   out: 0000007700000000 0000000000004000 00000002bab7b52a 0000000000365325
[mtlr] resource2 sel8 flags 470 sz 0x1000 -> kr 0x00000000 rid 119 GPUVA 0x10002490000 cpu 109688000
[mtlr]   out: 0000010002490000 0000000109688000 0000000101365940 0000000000000000
[mtlr]   out: 0000007700000000 0000000000004000 00000002bab7b52b 0000000000365326
[mtlr] resource2 sel8 flags 470 sz 0x1000 -> kr 0x00000000 rid 119 GPUVA 0x10002490000 cpu 109688000
[mtlr]   out: 0000010002490000 0000000109688000 0000000101365940 0000000000000000
[mtlr]   out: 0000007700000000 0000000000004000 00000002bab7b52c 0000000000365327
[mtlr] resource2 sel8 flags 470 sz 0x1000 -> kr 0x00000000 rid 119 GPUVA 0x10002490000 cpu 109688000
[mtlr]   out: 0000010002490000 0000000109688000 0000000101365940 0000000000000000
[mtlr]   out: 0000007700000000 0000000000004000 00000002bab7b52d 0000000000365328
[mtlr] resource2 sel8 flags 470 sz 0x1000 -> kr 0x00000000 rid 119 GPUVA 0x10002490000 cpu 109688000
[mtlr]   out: 0000010002490000 0000000109688000 0000000101365940 0000000000000000
[mtlr]   out: 0000007700000000 0000000000004000 00000002bab7b52e 0000000000365329
[mtlr] resource2 sel8 flags 470 sz 0x1000 -> kr 0x00000000 rid 119 GPUVA 0x10002490000 cpu 109688000
[mtlr]   out: 0000010002490000 0000000109688000 0000000101365940 0000000000000000
[mtlr]   out: 0000007700000000 0000000000004000 00000002bab7b52f 000000000036532a
[mtlr] resource2 sel8 flags 470 sz 0x1000 -> kr 0x00000000 rid 119 GPUVA 0x10002490000 cpu 109688000
[mtlr]   out: 0000010002490000 0000000109688000 0000000101365940 0000000000000000
[mtlr]   out: 0000007700000000 0000000000004000 00000002bab7b530 000000000036532b
[mtlr] resource2 sel8 flags 470 sz 0x1000 -> kr 0x00000000 rid 119 GPUVA 0x10002490000 cpu 109688000
[mtlr]   out: 0000010002490000 0000000109688000 0000000101365940 0000000000000000
[mtlr]   out: 0000007700000000 0000000000004000 00000002bab7b531 000000000036532c
[mtlr] resource2 sel8 flags 470 sz 0x1000 -> kr 0x00000000 rid 119 GPUVA 0x10002490000 cpu 109688000
[mtlr]   out: 0000010002490000 0000000109688000 0000000101365940 0000000000000000
[mtlr]   out: 0000007700000000 0000000000004000 00000002bab7b532 000000000036532d
[mtlr] resource2 sel8 flags 470 sz 0x1000 -> kr 0x00000000 rid 119 GPUVA 0x10002490000 cpu 109688000
[mtlr]   out: 0000010002490000 0000000109688000 0000000101365940 0000000000000000
[mtlr]   out: 0000007700000000 0000000000004000 00000002bab7b533 000000000036532e
[mtlr] resource2 sel8 flags 470 sz 0x1000 -> kr 0x00000000 rid 119 GPUVA 0x10002490000 cpu 109688000
[mtlr]   out: 0000010002490000 0000000109688000 0000000101365940 0000000000000000
[mtlr]   out: 0000007700000000 0000000000004000 00000002bab7b534 000000000036532f
[mtlr] resource2 sel8 flags 470 sz 0x1000 -> kr 0x00000000 rid 119 GPUVA 0x10002490000 cpu 109688000
[mtlr]   out: 0000010002490000 0000000109688000 0000000101365940 0000000000000000
[mtlr]   out: 0000007700000000 0000000000004000 00000002bab7b535 0000000000365330
[mtlr] resource2 sel8 flags 470 sz 0x1000 -> kr 0x00000000 rid 119 GPUVA 0x10002490000 cpu 109688000
[mtlr]   out: 0000010002490000 0000000109688000 0000000101365940 0000000000000000
[mtlr]   out: 0000007700000000 0000000000004000 00000002bab7b536 0000000000365331
[mtlr] resource2 sel8 flags 470 sz 0x1000 -> kr 0x00000000 rid 119 GPUVA 0x10002490000 cpu 109688000
[mtlr]   out: 0000010002490000 0000000109688000 0000000101365940 0000000000000000
[mtlr]   out: 0000007700000000 0000000000004000 00000002bab7b537 0000000000365332
[mtlr] resource2 sel8 flags 470 sz 0x1000 -> kr 0x00000000 rid 119 GPUVA 0x10002490000 cpu 109688000
[mtlr]   out: 0000010002490000 0000000109688000 0000000101365940 0000000000000000
[mtlr]   out: 0000007700000000 0000000000004000 00000002bab7b538 0000000000365333
[mtlr] resource2 sel8 flags 470 sz 0x1000 -> kr 0x00000000 rid 119 GPUVA 0x10002490000 cpu 109688000
[mtlr]   out: 0000010002490000 0000000109688000 0000000101365940 0000000000000000
[mtlr]   out: 0000007700000000 0000000000004000 00000002bab7b539 0000000000365334
[mtlr] resource2 sel8 flags 470 sz 0x1000 -> kr 0x00000000 rid 119 GPUVA 0x10002490000 cpu 109688000
[mtlr]   out: 0000010002490000 0000000109688000 0000000101365940 0000000000000000
[mtlr]   out: 0000007700000000 0000000000004000 00000002bab7b53a 0000000000365335
[mtlr] resource2 sel8 flags 470 sz 0x1000 -> kr 0x00000000 rid 119 GPUVA 0x10002490000 cpu 109688000
[mtlr]   out: 0000010002490000 0000000109688000 0000000101365940 0000000000000000
[mtlr]   out: 0000007700000000 0000000000004000 00000002bab7b53b 0000000000365336
[mtlr] resource2 sel8 flags 470 sz 0x1000 -> kr 0x00000000 rid 119 GPUVA 0x10002490000 cpu 109688000
[mtlr]   out: 0000010002490000 0000000109688000 0000000101365940 0000000000000000
[mtlr]   out: 0000007700000000 0000000000004000 00000002bab7b53c 0000000000365337
[mtlr] resource2 sel8 flags 470 sz 0x1000 -> kr 0x00000000 rid 119 GPUVA 0x10002490000 cpu 109688000
[mtlr]   out: 0000010002490000 0000000109688000 0000000101365940 0000000000000000
[mtlr]   out: 0000007700000000 0000000000004000 00000002bab7b53d 0000000000365338
[mtlr] resource2 sel8 flags 470 sz 0x1000 -> kr 0x00000000 rid 119 GPUVA 0x10002490000 cpu 109688000
[mtlr]   out: 0000010002490000 0000000109688000 0000000101365940 0000000000000000
[mtlr]   out: 0000007700000000 0000000000004000 00000002bab7b53e 0000000000365339
[mtlr] resource2 sel8 flags 470 sz 0x1000 -> kr 0x00000000 rid 119 GPUVA 0x10002490000 cpu 109688000
[mtlr]   out: 0000010002490000 0000000109688000 0000000101365940 0000000000000000
[mtlr]   out: 0000007700000000 0000000000004000 00000002bab7b53f 000000000036533a
[mtlr] resource2 sel8 flags 470 sz 0x1000 -> kr 0x00000000 rid 119 GPUVA 0x10002490000 cpu 109688000
[mtlr]   out: 0000010002490000 0000000109688000 0000000101365940 0000000000000000
[mtlr]   out: 0000007700000000 0000000000004000 00000002bab7b540 000000000036533b
[mtlr] resource2 sel8 flags 470 sz 0x1000 -> kr 0x00000000 rid 119 GPUVA 0x10002490000 cpu 109688000
[mtlr]   out: 0000010002490000 0000000109688000 0000000101365940 0000000000000000
[mtlr]   out: 0000007700000000 0000000000004000 00000002bab7b547 000000000036533c
[mtlr] resource2 sel8 flags 470 sz 0x1000 -> kr 0x00000000 rid 119 GPUVA 0x10002490000 cpu 109688000
[mtlr]   out: 0000010002490000 0000000109688000 0000000101365940 0000000000000000
[mtlr]   out: 0000007700000000 0000000000004000 00000002bab7b54c 000000000036533d
[mtlr] resource2 sel8 flags 470 sz 0x1000 -> kr 0x00000000 rid 119 GPUVA 0x10002490000 cpu 109688000
[mtlr]   out: 0000010002490000 0000000109688000 0000000101365940 0000000000000000
[mtlr]   out: 0000007700000000 0000000000004000 00000002bab7b54d 000000000036533e
[mtlr] resource2 sel8 flags 470 sz 0x1000 -> kr 0x00000000 rid 119 GPUVA 0x10002490000 cpu 109688000
[mtlr]   out: 0000010002490000 0000000109688000 0000000101365940 0000000000000000
[mtlr]   out: 0000007700000000 0000000000004000 00000002bab7b54e 000000000036533f
[mtlr] resource2 sel8 flags 470 sz 0x1000 -> kr 0x00000000 rid 119 GPUVA 0x10002490000 cpu 109688000
[mtlr]   out: 0000010002490000 0000000109688000 0000000101365940 0000000000000000
[mtlr]   out: 0000007700000000 0000000000004000 00000002bab7b54f 0000000000365340
[mtlr] resource2 sel8 flags 470 sz 0x1000 -> kr 0x00000000 rid 119 GPUVA 0x10002490000 cpu 109688000
[mtlr]   out: 0000010002490000 0000000109688000 0000000101365940 0000000000000000
[mtlr]   out: 0000007700000000 0000000000004000 00000002bab7b550 0000000000365341
[mtlr] resource2 sel8 flags 470 sz 0x1000 -> kr 0x00000000 rid 119 GPUVA 0x10002490000 cpu 109688000
[mtlr]   out: 0000010002490000 0000000109688000 0000000101365940 0000000000000000
[mtlr]   out: 0000007700000000 0000000000004000 00000002bab7b551 0000000000365342
[mtlr] resource2 sel8 flags 470 sz 0x1000 -> kr 0x00000000 rid 119 GPUVA 0x10002490000 cpu 109688000
[mtlr]   out: 0000010002490000 0000000109688000 0000000101365940 0000000000000000
[mtlr]   out: 0000007700000000 0000000000004000 00000002bab7b552 0000000000365343
[uatrec] S4 r7 (+0s): nvv 8 ncb 8 vsz 0x100000 destroy0 kr 0x00000000 nj 40
[uatrec] S4 r7 blit[0] slots 10 ridp 1
[uatrec] S4 r7 blit[1] slots 10 ridp 1
[uatrec] S4 r7 blit[2] slots 10 ridp 1
[uatrec] S4 r7 blit[3] slots 10 ridp 1
[uatrec] S4 r7 blit[4] slots 10 ridp 1
[uatrec] S4 r7 blit[5] slots 10 ridp 1
[uatrec] S4 r7 blit[6] slots 10 ridp 1
[uatrec] S4 r7 blit[7] slots 10 ridp 1
[mtlr] resource2 sel8 flags 470 sz 0x100000 -> kr 0x00000000 rid 119 GPUVA 0x10002490000 cpu 109be0000
[mtlr]   out: 0000010002490000 0000000109be0000 0000000101365940 0000000000000000
[mtlr]   out: 0000007700000000 0000000000100000 00000002bab7b574 0000000000365346
[uatrec] S4 r8 victim[0] rid 119 gpuva 0x10002490000 cpu 0x109be0000 (top-of-stack)
[mtlr] resource2 sel8 flags 470 sz 0x100000 -> kr 0x00000000 rid 120 GPUVA 0x10002598000 cpu 10bc00000
[mtlr]   out: 0000010002598000 000000010bc00000 0000000101365a00 0000000000000000
[mtlr]   out: 0000007800000000 0000000000100000 00000002bab7b575 0000000000365347
[uatrec] S4 r8 victim[1] rid 120 gpuva 0x10002598000 cpu 0x10bc00000 (top-of-stack)
[mtlr] resource2 sel8 flags 470 sz 0x100000 -> kr 0x00000000 rid 121 GPUVA 0x100026a0000 cpu 10bd00000
[mtlr]   out: 00000100026a0000 000000010bd00000 0000000101365ac0 0000000000000000
[mtlr]   out: 0000007900000000 0000000000100000 00000002bab7b576 0000000000365348
[uatrec] S4 r8 victim[2] rid 121 gpuva 0x100026a0000 cpu 0x10bd00000 (top-of-stack)
[mtlr] resource2 sel8 flags 470 sz 0x100000 -> kr 0x00000000 rid 122 GPUVA 0x100027a8000 cpu 10bf00000
[mtlr]   out: 00000100027a8000 000000010bf00000 0000000101365b80 0000000000000000
[mtlr]   out: 0000007a00000000 0000000000100000 00000002bab7b577 0000000000365349
[uatrec] S4 r8 victim[3] rid 122 gpuva 0x100027a8000 cpu 0x10bf00000 (top-of-stack)
[mtlr] resource2 sel8 flags 470 sz 0x100000 -> kr 0x00000000 rid 123 GPUVA 0x100028b0000 cpu 10ac00000
[mtlr]   out: 00000100028b0000 000000010ac00000 0000000101365c40 0000000000000000
[mtlr]   out: 0000007b00000000 0000000000100000 00000002bab7b578 000000000036534a
[uatrec] S4 r8 victim[4] rid 123 gpuva 0x100028b0000 cpu 0x10ac00000 (top-of-stack)
[mtlr] resource2 sel8 flags 470 sz 0x100000 -> kr 0x00000000 rid 124 GPUVA 0x100029b8000 cpu 109d04000
[mtlr]   out: 00000100029b8000 0000000109d04000 0000000101365d00 0000000000000000
[mtlr]   out: 0000007c00000000 0000000000100000 00000002bab7b579 000000000036534b
[uatrec] S4 r8 victim[5] rid 124 gpuva 0x100029b8000 cpu 0x109d04000 (top-of-stack)
[mtlr] resource2 sel8 flags 470 sz 0x100000 -> kr 0x00000000 rid 125 GPUVA 0x10002ac0000 cpu 109188000
[mtlr]   out: 0000010002ac0000 0000000109188000 0000000101365dc0 0000000000000000
[mtlr]   out: 0000007d00000000 0000000000100000 00000002bab7b57a 000000000036534c
[uatrec] S4 r8 victim[6] rid 125 gpuva 0x10002ac0000 cpu 0x109188000 (top-of-stack)
[mtlr] resource2 sel8 flags 470 sz 0x100000 -> kr 0x00000000 rid 126 GPUVA 0x10002bc8000 cpu 109288000
[mtlr]   out: 0000010002bc8000 0000000109288000 0000000101365e80 0000000000000000
[mtlr]   out: 0000007e00000000 0000000000100000 00000002bab7b582 000000000036534d
[uatrec] S4 r8 victim[7] rid 126 gpuva 0x10002bc8000 cpu 0x109288000 (top-of-stack)
[mtlr] resource2 sel8 flags 470 sz 0x1000 -> kr 0x00000000 rid 119 GPUVA 0x10002490000 cpu 109688000
[mtlr]   out: 0000010002490000 0000000109688000 0000000101365940 0000000000000000
[mtlr]   out: 0000007700000000 0000000000004000 00000002bab7b59e 0000000000365357
[mtlr] resource2 sel8 flags 470 sz 0x1000 -> kr 0x00000000 rid 119 GPUVA 0x10002490000 cpu 109688000
[mtlr]   out: 0000010002490000 0000000109688000 0000000101365940 0000000000000000
[mtlr]   out: 0000007700000000 0000000000004000 00000002bab7b59f 0000000000365358
[mtlr] resource2 sel8 flags 470 sz 0x1000 -> kr 0x00000000 rid 119 GPUVA 0x10002490000 cpu 109688000
[mtlr]   out: 0000010002490000 0000000109688000 0000000101365940 0000000000000000
[mtlr]   out: 0000007700000000 0000000000004000 00000002bab7b5a0 0000000000365359
[mtlr] resource2 sel8 flags 470 sz 0x1000 -> kr 0x00000000 rid 119 GPUVA 0x10002490000 cpu 109688000
[mtlr]   out: 0000010002490000 0000000109688000 0000000101365940 0000000000000000
[mtlr]   out: 0000007700000000 0000000000004000 00000002bab7b5a1 000000000036535a
[mtlr] resource2 sel8 flags 470 sz 0x1000 -> kr 0x00000000 rid 119 GPUVA 0x10002490000 cpu 109688000
[mtlr]   out: 0000010002490000 0000000109688000 0000000101365940 0000000000000000
[mtlr]   out: 0000007700000000 0000000000004000 00000002bab7b5a2 000000000036535b
[mtlr] resource2 sel8 flags 470 sz 0x1000 -> kr 0x00000000 rid 119 GPUVA 0x10002490000 cpu 109688000
[mtlr]   out: 0000010002490000 0000000109688000 0000000101365940 0000000000000000
[mtlr]   out: 0000007700000000 0000000000004000 00000002bab7b5a3 000000000036535c
[mtlr] resource2 sel8 flags 470 sz 0x1000 -> kr 0x00000000 rid 119 GPUVA 0x10002490000 cpu 109688000
[mtlr]   out: 0000010002490000 0000000109688000 0000000101365940 0000000000000000
[mtlr]   out: 0000007700000000 0000000000004000 00000002bab7b5a4 000000000036535d
[mtlr] resource2 sel8 flags 470 sz 0x1000 -> kr 0x00000000 rid 119 GPUVA 0x10002490000 cpu 109688000
[mtlr]   out: 0000010002490000 0000000109688000 0000000101365940 0000000000000000
[mtlr]   out: 0000007700000000 0000000000004000 00000002bab7b5a5 000000000036535e
[mtlr] resource2 sel8 flags 470 sz 0x1000 -> kr 0x00000000 rid 119 GPUVA 0x10002490000 cpu 109688000
[mtlr]   out: 0000010002490000 0000000109688000 0000000101365940 0000000000000000
[mtlr]   out: 0000007700000000 0000000000004000 00000002bab7b5a6 000000000036535f
[mtlr] resource2 sel8 flags 470 sz 0x1000 -> kr 0x00000000 rid 119 GPUVA 0x10002490000 cpu 109688000
[mtlr]   out: 0000010002490000 0000000109688000 0000000101365940 0000000000000000
[mtlr]   out: 0000007700000000 0000000000004000 00000002bab7b5a7 0000000000365360
[mtlr] resource2 sel8 flags 470 sz 0x1000 -> kr 0x00000000 rid 119 GPUVA 0x10002490000 cpu 109688000
[mtlr]   out: 0000010002490000 0000000109688000 0000000101365940 0000000000000000
[mtlr]   out: 0000007700000000 0000000000004000 00000002bab7b5a8 0000000000365361
[mtlr] resource2 sel8 flags 470 sz 0x1000 -> kr 0x00000000 rid 119 GPUVA 0x10002490000 cpu 109688000
[mtlr]   out: 0000010002490000 0000000109688000 0000000101365940 0000000000000000
[mtlr]   out: 0000007700000000 0000000000004000 00000002bab7b5a9 0000000000365362
[mtlr] resource2 sel8 flags 470 sz 0x1000 -> kr 0x00000000 rid 119 GPUVA 0x10002490000 cpu 109688000
[mtlr]   out: 0000010002490000 0000000109688000 0000000101365940 0000000000000000
[mtlr]   out: 0000007700000000 0000000000004000 00000002bab7b5aa 0000000000365363
[mtlr] resource2 sel8 flags 470 sz 0x1000 -> kr 0x00000000 rid 119 GPUVA 0x10002490000 cpu 109688000
[mtlr]   out: 0000010002490000 0000000109688000 0000000101365940 0000000000000000
[mtlr]   out: 0000007700000000 0000000000004000 00000002bab7b5ab 0000000000365364
[mtlr] resource2 sel8 flags 470 sz 0x1000 -> kr 0x00000000 rid 119 GPUVA 0x10002490000 cpu 109688000
[mtlr]   out: 0000010002490000 0000000109688000 0000000101365940 0000000000000000
[mtlr]   out: 0000007700000000 0000000000004000 00000002bab7b5ac 0000000000365365
[mtlr] resource2 sel8 flags 470 sz 0x1000 -> kr 0x00000000 rid 119 GPUVA 0x10002490000 cpu 109688000
[mtlr]   out: 0000010002490000 0000000109688000 0000000101365940 0000000000000000
[mtlr]   out: 0000007700000000 0000000000004000 00000002bab7b5ad 0000000000365366
[mtlr] resource2 sel8 flags 470 sz 0x1000 -> kr 0x00000000 rid 119 GPUVA 0x10002490000 cpu 109688000
[mtlr]   out: 0000010002490000 0000000109688000 0000000101365940 0000000000000000
[mtlr]   out: 0000007700000000 0000000000004000 00000002bab7b5ae 0000000000365367
[mtlr] resource2 sel8 flags 470 sz 0x1000 -> kr 0x00000000 rid 119 GPUVA 0x10002490000 cpu 109688000
[mtlr]   out: 0000010002490000 0000000109688000 0000000101365940 0000000000000000
[mtlr]   out: 0000007700000000 0000000000004000 00000002bab7b5af 0000000000365368
[mtlr] resource2 sel8 flags 470 sz 0x1000 -> kr 0x00000000 rid 119 GPUVA 0x10002490000 cpu 109688000
[mtlr]   out: 0000010002490000 0000000109688000 0000000101365940 0000000000000000
[mtlr]   out: 0000007700000000 0000000000004000 00000002bab7b5b0 0000000000365369
[mtlr] resource2 sel8 flags 470 sz 0x1000 -> kr 0x00000000 rid 119 GPUVA 0x10002490000 cpu 109688000
[mtlr]   out: 0000010002490000 0000000109688000 0000000101365940 0000000000000000
[mtlr]   out: 0000007700000000 0000000000004000 00000002bab7b5b1 000000000036536a
[mtlr] resource2 sel8 flags 470 sz 0x1000 -> kr 0x00000000 rid 119 GPUVA 0x10002490000 cpu 109688000
[mtlr]   out: 0000010002490000 0000000109688000 0000000101365940 0000000000000000
[mtlr]   out: 0000007700000000 0000000000004000 00000002bab7b5b2 000000000036536b
[mtlr] resource2 sel8 flags 470 sz 0x1000 -> kr 0x00000000 rid 119 GPUVA 0x10002490000 cpu 109688000
[mtlr]   out: 0000010002490000 0000000109688000 0000000101365940 0000000000000000
[mtlr]   out: 0000007700000000 0000000000004000 00000002bab7b5b3 000000000036536c
[mtlr] resource2 sel8 flags 470 sz 0x1000 -> kr 0x00000000 rid 119 GPUVA 0x10002490000 cpu 109688000
[mtlr]   out: 0000010002490000 0000000109688000 0000000101365940 0000000000000000
[mtlr]   out: 0000007700000000 0000000000004000 00000002bab7b5b4 000000000036536d
[mtlr] resource2 sel8 flags 470 sz 0x1000 -> kr 0x00000000 rid 119 GPUVA 0x10002490000 cpu 109688000
[mtlr]   out: 0000010002490000 0000000109688000 0000000101365940 0000000000000000
[mtlr]   out: 0000007700000000 0000000000004000 00000002bab7b5b5 000000000036536e
[mtlr] resource2 sel8 flags 470 sz 0x1000 -> kr 0x00000000 rid 119 GPUVA 0x10002490000 cpu 109688000
[mtlr]   out: 0000010002490000 0000000109688000 0000000101365940 0000000000000000
[mtlr]   out: 0000007700000000 0000000000004000 00000002bab7b5b6 000000000036536f
[mtlr] resource2 sel8 flags 470 sz 0x1000 -> kr 0x00000000 rid 119 GPUVA 0x10002490000 cpu 109688000
[mtlr]   out: 0000010002490000 0000000109688000 0000000101365940 0000000000000000
[mtlr]   out: 0000007700000000 0000000000004000 00000002bab7b5b7 0000000000365370
[mtlr] resource2 sel8 flags 470 sz 0x1000 -> kr 0x00000000 rid 119 GPUVA 0x10002490000 cpu 109688000
[mtlr]   out: 0000010002490000 0000000109688000 0000000101365940 0000000000000000
[mtlr]   out: 0000007700000000 0000000000004000 00000002bab7b5b8 0000000000365371
[mtlr] resource2 sel8 flags 470 sz 0x1000 -> kr 0x00000000 rid 119 GPUVA 0x10002490000 cpu 109688000
[mtlr]   out: 0000010002490000 0000000109688000 0000000101365940 0000000000000000
[mtlr]   out: 0000007700000000 0000000000004000 00000002bab7b5b9 0000000000365372
[mtlr] resource2 sel8 flags 470 sz 0x1000 -> kr 0x00000000 rid 119 GPUVA 0x10002490000 cpu 109688000
[mtlr]   out: 0000010002490000 0000000109688000 0000000101365940 0000000000000000
[mtlr]   out: 0000007700000000 0000000000004000 00000002bab7b5ba 0000000000365373
[mtlr] resource2 sel8 flags 470 sz 0x1000 -> kr 0x00000000 rid 119 GPUVA 0x10002490000 cpu 109688000
[mtlr]   out: 0000010002490000 0000000109688000 0000000101365940 0000000000000000
[mtlr]   out: 0000007700000000 0000000000004000 00000002bab7b5bb 0000000000365374
[mtlr] resource2 sel8 flags 470 sz 0x1000 -> kr 0x00000000 rid 119 GPUVA 0x10002490000 cpu 109688000
[mtlr]   out: 0000010002490000 0000000109688000 0000000101365940 0000000000000000
[mtlr]   out: 0000007700000000 0000000000004000 00000002bab7b5bc 0000000000365375
[mtlr] resource2 sel8 flags 470 sz 0x1000 -> kr 0x00000000 rid 119 GPUVA 0x10002490000 cpu 109688000
[mtlr]   out: 0000010002490000 0000000109688000 0000000101365940 0000000000000000
[mtlr]   out: 0000007700000000 0000000000004000 00000002bab7b5bd 0000000000365376
[mtlr] resource2 sel8 flags 470 sz 0x1000 -> kr 0x00000000 rid 119 GPUVA 0x10002490000 cpu 109688000
[mtlr]   out: 0000010002490000 0000000109688000 0000000101365940 0000000000000000
[mtlr]   out: 0000007700000000 0000000000004000 00000002bab7b5be 0000000000365377
[mtlr] resource2 sel8 flags 470 sz 0x1000 -> kr 0x00000000 rid 119 GPUVA 0x10002490000 cpu 109688000
[mtlr]   out: 0000010002490000 0000000109688000 0000000101365940 0000000000000000
[mtlr]   out: 0000007700000000 0000000000004000 00000002bab7b5bf 0000000000365378
[mtlr] resource2 sel8 flags 470 sz 0x1000 -> kr 0x00000000 rid 119 GPUVA 0x10002490000 cpu 109688000
[mtlr]   out: 0000010002490000 0000000109688000 0000000101365940 0000000000000000
[mtlr]   out: 0000007700000000 0000000000004000 00000002bab7b5c0 0000000000365379
[mtlr] resource2 sel8 flags 470 sz 0x1000 -> kr 0x00000000 rid 119 GPUVA 0x10002490000 cpu 109688000
[mtlr]   out: 0000010002490000 0000000109688000 0000000101365940 0000000000000000
[mtlr]   out: 0000007700000000 0000000000004000 00000002bab7b5c1 000000000036537a
[mtlr] resource2 sel8 flags 470 sz 0x1000 -> kr 0x00000000 rid 119 GPUVA 0x10002490000 cpu 109688000
[mtlr]   out: 0000010002490000 0000000109688000 0000000101365940 0000000000000000
[mtlr]   out: 0000007700000000 0000000000004000 00000002bab7b5c2 000000000036537b
[mtlr] resource2 sel8 flags 470 sz 0x1000 -> kr 0x00000000 rid 119 GPUVA 0x10002490000 cpu 109688000
[mtlr]   out: 0000010002490000 0000000109688000 0000000101365940 0000000000000000
[mtlr]   out: 0000007700000000 0000000000004000 00000002bab7b5c3 000000000036537c
[mtlr] resource2 sel8 flags 470 sz 0x1000 -> kr 0x00000000 rid 119 GPUVA 0x10002490000 cpu 109688000
[mtlr]   out: 0000010002490000 0000000109688000 0000000101365940 0000000000000000
[mtlr]   out: 0000007700000000 0000000000004000 00000002bab7b5c4 000000000036537d
[mtlr] resource2 sel8 flags 470 sz 0x1000 -> kr 0x00000000 rid 119 GPUVA 0x10002490000 cpu 109688000
[mtlr]   out: 0000010002490000 0000000109688000 0000000101365940 0000000000000000
[mtlr]   out: 0000007700000000 0000000000004000 00000002bab7b5c5 000000000036537e
[uatrec] S4 r8 (+0s): nvv 8 ncb 8 vsz 0x100000 destroy0 kr 0x00000000 nj 40
[uatrec] S4 r8 blit[0] slots 10 ridp 1
[uatrec] S4 r8 blit[1] slots 10 ridp 1
[uatrec] S4 r8 blit[2] slots 10 ridp 1
[uatrec] S4 r8 blit[3] slots 10 ridp 1
[uatrec] S4 r8 blit[4] slots 10 ridp 1
[uatrec] S4 r8 blit[5] slots 10 ridp 1
[uatrec] S4 r8 blit[6] slots 10 ridp 1
[uatrec] S4 r8 blit[7] slots 10 ridp 1
[mtlr] resource2 sel8 flags 470 sz 0x100000 -> kr 0x00000000 rid 119 GPUVA 0x10002490000 cpu 109188000
[mtlr]   out: 0000010002490000 0000000109188000 0000000101365940 0000000000000000
[mtlr]   out: 0000007700000000 0000000000100000 00000002bab7b5f1 0000000000365381
[uatrec] S4 r9 victim[0] rid 119 gpuva 0x10002490000 cpu 0x109188000 (top-of-stack)
[mtlr] resource2 sel8 flags 470 sz 0x100000 -> kr 0x00000000 rid 120 GPUVA 0x10002598000 cpu 109288000
[mtlr]   out: 0000010002598000 0000000109288000 0000000101365a00 0000000000000000
[mtlr]   out: 0000007800000000 0000000000100000 00000002bab7b5f2 0000000000365382
[uatrec] S4 r9 victim[1] rid 120 gpuva 0x10002598000 cpu 0x109288000 (top-of-stack)
[mtlr] resource2 sel8 flags 470 sz 0x100000 -> kr 0x00000000 rid 121 GPUVA 0x100026a0000 cpu 109388000
[mtlr]   out: 00000100026a0000 0000000109388000 0000000101365ac0 0000000000000000
[mtlr]   out: 0000007900000000 0000000000100000 00000002bab7b5f3 0000000000365383
[uatrec] S4 r9 victim[2] rid 121 gpuva 0x100026a0000 cpu 0x109388000 (top-of-stack)
[mtlr] resource2 sel8 flags 470 sz 0x100000 -> kr 0x00000000 rid 122 GPUVA 0x100027a8000 cpu 109488000
[mtlr]   out: 00000100027a8000 0000000109488000 0000000101365b80 0000000000000000
[mtlr]   out: 0000007a00000000 0000000000100000 00000002bab7b5f4 0000000000365384
[uatrec] S4 r9 victim[3] rid 122 gpuva 0x100027a8000 cpu 0x109488000 (top-of-stack)
[mtlr] resource2 sel8 flags 470 sz 0x100000 -> kr 0x00000000 rid 123 GPUVA 0x100028b0000 cpu 109588000
[mtlr]   out: 00000100028b0000 0000000109588000 0000000101365c40 0000000000000000
[mtlr]   out: 0000007b00000000 0000000000100000 00000002bab7b5f5 0000000000365385
[uatrec] S4 r9 victim[4] rid 123 gpuva 0x100028b0000 cpu 0x109588000 (top-of-stack)
[mtlr] resource2 sel8 flags 470 sz 0x100000 -> kr 0x00000000 rid 124 GPUVA 0x100029b8000 cpu 109784000
[mtlr]   out: 00000100029b8000 0000000109784000 0000000101365d00 0000000000000000
[mtlr]   out: 0000007c00000000 0000000000100000 00000002bab7b5f7 0000000000365386
[uatrec] S4 r9 victim[5] rid 124 gpuva 0x100029b8000 cpu 0x109784000 (top-of-stack)
[mtlr] resource2 sel8 flags 470 sz 0x100000 -> kr 0x00000000 rid 125 GPUVA 0x10002ac0000 cpu 109be0000
[mtlr]   out: 0000010002ac0000 0000000109be0000 0000000101365dc0 0000000000000000
[mtlr]   out: 0000007d00000000 0000000000100000 00000002bab7b5fe 0000000000365387
[uatrec] S4 r9 victim[6] rid 125 gpuva 0x10002ac0000 cpu 0x109be0000 (top-of-stack)
[mtlr] resource2 sel8 flags 470 sz 0x100000 -> kr 0x00000000 rid 126 GPUVA 0x10002bc8000 cpu 109d04000
[mtlr]   out: 0000010002bc8000 0000000109d04000 0000000101365e80 0000000000000000
[mtlr]   out: 0000007e00000000 0000000000100000 00000002bab7b5ff 0000000000365388
[uatrec] S4 r9 victim[7] rid 126 gpuva 0x10002bc8000 cpu 0x109d04000 (top-of-stack)
[mtlr] resource2 sel8 flags 470 sz 0x1000 -> kr 0x00000000 rid 119 GPUVA 0x10002490000 cpu 109688000
[mtlr]   out: 0000010002490000 0000000109688000 0000000101365940 0000000000000000
[mtlr]   out: 0000007700000000 0000000000004000 00000002bab7b61b 0000000000365392
[mtlr] resource2 sel8 flags 470 sz 0x1000 -> kr 0x00000000 rid 119 GPUVA 0x10002490000 cpu 109688000
[mtlr]   out: 0000010002490000 0000000109688000 0000000101365940 0000000000000000
[mtlr]   out: 0000007700000000 0000000000004000 00000002bab7b61c 0000000000365393
[mtlr] resource2 sel8 flags 470 sz 0x1000 -> kr 0x00000000 rid 119 GPUVA 0x10002490000 cpu 109688000
[mtlr]   out: 0000010002490000 0000000109688000 0000000101365940 0000000000000000
[mtlr]   out: 0000007700000000 0000000000004000 00000002bab7b61d 0000000000365394
[mtlr] resource2 sel8 flags 470 sz 0x1000 -> kr 0x00000000 rid 119 GPUVA 0x10002490000 cpu 109688000
[mtlr]   out: 0000010002490000 0000000109688000 0000000101365940 0000000000000000
[mtlr]   out: 0000007700000000 0000000000004000 00000002bab7b61e 0000000000365395
[mtlr] resource2 sel8 flags 470 sz 0x1000 -> kr 0x00000000 rid 119 GPUVA 0x10002490000 cpu 109688000
[mtlr]   out: 0000010002490000 0000000109688000 0000000101365940 0000000000000000
[mtlr]   out: 0000007700000000 0000000000004000 00000002bab7b61f 0000000000365396
[mtlr] resource2 sel8 flags 470 sz 0x1000 -> kr 0x00000000 rid 119 GPUVA 0x10002490000 cpu 109688000
[mtlr]   out: 0000010002490000 0000000109688000 0000000101365940 0000000000000000
[mtlr]   out: 0000007700000000 0000000000004000 00000002bab7b620 0000000000365397
[mtlr] resource2 sel8 flags 470 sz 0x1000 -> kr 0x00000000 rid 119 GPUVA 0x10002490000 cpu 109688000
[mtlr]   out: 0000010002490000 0000000109688000 0000000101365940 0000000000000000
[mtlr]   out: 0000007700000000 0000000000004000 00000002bab7b621 0000000000365398
[mtlr] resource2 sel8 flags 470 sz 0x1000 -> kr 0x00000000 rid 119 GPUVA 0x10002490000 cpu 109688000
[mtlr]   out: 0000010002490000 0000000109688000 0000000101365940 0000000000000000
[mtlr]   out: 0000007700000000 0000000000004000 00000002bab7b622 0000000000365399
[mtlr] resource2 sel8 flags 470 sz 0x1000 -> kr 0x00000000 rid 119 GPUVA 0x10002490000 cpu 109688000
[mtlr]   out: 0000010002490000 0000000109688000 0000000101365940 0000000000000000
[mtlr]   out: 0000007700000000 0000000000004000 00000002bab7b623 000000000036539a
[mtlr] resource2 sel8 flags 470 sz 0x1000 -> kr 0x00000000 rid 119 GPUVA 0x10002490000 cpu 109688000
[mtlr]   out: 0000010002490000 0000000109688000 0000000101365940 0000000000000000
[mtlr]   out: 0000007700000000 0000000000004000 00000002bab7b624 000000000036539b
[mtlr] resource2 sel8 flags 470 sz 0x1000 -> kr 0x00000000 rid 119 GPUVA 0x10002490000 cpu 109688000
[mtlr]   out: 0000010002490000 0000000109688000 0000000101365940 0000000000000000
[mtlr]   out: 0000007700000000 0000000000004000 00000002bab7b625 000000000036539c
[mtlr] resource2 sel8 flags 470 sz 0x1000 -> kr 0x00000000 rid 119 GPUVA 0x10002490000 cpu 109688000
[mtlr]   out: 0000010002490000 0000000109688000 0000000101365940 0000000000000000
[mtlr]   out: 0000007700000000 0000000000004000 00000002bab7b626 000000000036539d
[mtlr] resource2 sel8 flags 470 sz 0x1000 -> kr 0x00000000 rid 119 GPUVA 0x10002490000 cpu 109688000
[mtlr]   out: 0000010002490000 0000000109688000 0000000101365940 0000000000000000
[mtlr]   out: 0000007700000000 0000000000004000 00000002bab7b627 000000000036539e
[mtlr] resource2 sel8 flags 470 sz 0x1000 -> kr 0x00000000 rid 119 GPUVA 0x10002490000 cpu 109688000
[mtlr]   out: 0000010002490000 0000000109688000 0000000101365940 0000000000000000
[mtlr]   out: 0000007700000000 0000000000004000 00000002bab7b628 000000000036539f
[mtlr] resource2 sel8 flags 470 sz 0x1000 -> kr 0x00000000 rid 119 GPUVA 0x10002490000 cpu 109688000
[mtlr]   out: 0000010002490000 0000000109688000 0000000101365940 0000000000000000
[mtlr]   out: 0000007700000000 0000000000004000 00000002bab7b629 00000000003653a0
[mtlr] resource2 sel8 flags 470 sz 0x1000 -> kr 0x00000000 rid 119 GPUVA 0x10002490000 cpu 109688000
[mtlr]   out: 0000010002490000 0000000109688000 0000000101365940 0000000000000000
[mtlr]   out: 0000007700000000 0000000000004000 00000002bab7b62a 00000000003653a1
[mtlr] resource2 sel8 flags 470 sz 0x1000 -> kr 0x00000000 rid 119 GPUVA 0x10002490000 cpu 109688000
[mtlr]   out: 0000010002490000 0000000109688000 0000000101365940 0000000000000000
[mtlr]   out: 0000007700000000 0000000000004000 00000002bab7b62b 00000000003653a2
[mtlr] resource2 sel8 flags 470 sz 0x1000 -> kr 0x00000000 rid 119 GPUVA 0x10002490000 cpu 109688000
[mtlr]   out: 0000010002490000 0000000109688000 0000000101365940 0000000000000000
[mtlr]   out: 0000007700000000 0000000000004000 00000002bab7b62c 00000000003653a3
[mtlr] resource2 sel8 flags 470 sz 0x1000 -> kr 0x00000000 rid 119 GPUVA 0x10002490000 cpu 109688000
[mtlr]   out: 0000010002490000 0000000109688000 0000000101365940 0000000000000000
[mtlr]   out: 0000007700000000 0000000000004000 00000002bab7b62d 00000000003653a4
[mtlr] resource2 sel8 flags 470 sz 0x1000 -> kr 0x00000000 rid 119 GPUVA 0x10002490000 cpu 109688000
[mtlr]   out: 0000010002490000 0000000109688000 0000000101365940 0000000000000000
[mtlr]   out: 0000007700000000 0000000000004000 00000002bab7b62e 00000000003653a5
[mtlr] resource2 sel8 flags 470 sz 0x1000 -> kr 0x00000000 rid 119 GPUVA 0x10002490000 cpu 109688000
[mtlr]   out: 0000010002490000 0000000109688000 0000000101365940 0000000000000000
[mtlr]   out: 0000007700000000 0000000000004000 00000002bab7b62f 00000000003653a6
[mtlr] resource2 sel8 flags 470 sz 0x1000 -> kr 0x00000000 rid 119 GPUVA 0x10002490000 cpu 109688000
[mtlr]   out: 0000010002490000 0000000109688000 0000000101365940 0000000000000000
[mtlr]   out: 0000007700000000 0000000000004000 00000002bab7b630 00000000003653a7
[mtlr] resource2 sel8 flags 470 sz 0x1000 -> kr 0x00000000 rid 119 GPUVA 0x10002490000 cpu 109688000
[mtlr]   out: 0000010002490000 0000000109688000 0000000101365940 0000000000000000
[mtlr]   out: 0000007700000000 0000000000004000 00000002bab7b631 00000000003653a8
[mtlr] resource2 sel8 flags 470 sz 0x1000 -> kr 0x00000000 rid 119 GPUVA 0x10002490000 cpu 109688000
[mtlr]   out: 0000010002490000 0000000109688000 0000000101365940 0000000000000000
[mtlr]   out: 0000007700000000 0000000000004000 00000002bab7b632 00000000003653a9
[mtlr] resource2 sel8 flags 470 sz 0x1000 -> kr 0x00000000 rid 119 GPUVA 0x10002490000 cpu 109688000
[mtlr]   out: 0000010002490000 0000000109688000 0000000101365940 0000000000000000
[mtlr]   out: 0000007700000000 0000000000004000 00000002bab7b633 00000000003653aa
[mtlr] resource2 sel8 flags 470 sz 0x1000 -> kr 0x00000000 rid 119 GPUVA 0x10002490000 cpu 109688000
[mtlr]   out: 0000010002490000 0000000109688000 0000000101365940 0000000000000000
[mtlr]   out: 0000007700000000 0000000000004000 00000002bab7b634 00000000003653ab
[mtlr] resource2 sel8 flags 470 sz 0x1000 -> kr 0x00000000 rid 119 GPUVA 0x10002490000 cpu 109688000
[mtlr]   out: 0000010002490000 0000000109688000 0000000101365940 0000000000000000
[mtlr]   out: 0000007700000000 0000000000004000 00000002bab7b635 00000000003653ac
[mtlr] resource2 sel8 flags 470 sz 0x1000 -> kr 0x00000000 rid 119 GPUVA 0x10002490000 cpu 109688000
[mtlr]   out: 0000010002490000 0000000109688000 0000000101365940 0000000000000000
[mtlr]   out: 0000007700000000 0000000000004000 00000002bab7b636 00000000003653ad
[mtlr] resource2 sel8 flags 470 sz 0x1000 -> kr 0x00000000 rid 119 GPUVA 0x10002490000 cpu 109688000
[mtlr]   out: 0000010002490000 0000000109688000 0000000101365940 0000000000000000
[mtlr]   out: 0000007700000000 0000000000004000 00000002bab7b637 00000000003653ae
[mtlr] resource2 sel8 flags 470 sz 0x1000 -> kr 0x00000000 rid 119 GPUVA 0x10002490000 cpu 109688000
[mtlr]   out: 0000010002490000 0000000109688000 0000000101365940 0000000000000000
[mtlr]   out: 0000007700000000 0000000000004000 00000002bab7b638 00000000003653af
[mtlr] resource2 sel8 flags 470 sz 0x1000 -> kr 0x00000000 rid 119 GPUVA 0x10002490000 cpu 109688000
[mtlr]   out: 0000010002490000 0000000109688000 0000000101365940 0000000000000000
[mtlr]   out: 0000007700000000 0000000000004000 00000002bab7b639 00000000003653b0
[mtlr] resource2 sel8 flags 470 sz 0x1000 -> kr 0x00000000 rid 119 GPUVA 0x10002490000 cpu 109688000
[mtlr]   out: 0000010002490000 0000000109688000 0000000101365940 0000000000000000
[mtlr]   out: 0000007700000000 0000000000004000 00000002bab7b63a 00000000003653b1
[mtlr] resource2 sel8 flags 470 sz 0x1000 -> kr 0x00000000 rid 119 GPUVA 0x10002490000 cpu 109688000
[mtlr]   out: 0000010002490000 0000000109688000 0000000101365940 0000000000000000
[mtlr]   out: 0000007700000000 0000000000004000 00000002bab7b63b 00000000003653b2
[mtlr] resource2 sel8 flags 470 sz 0x1000 -> kr 0x00000000 rid 119 GPUVA 0x10002490000 cpu 109688000
[mtlr]   out: 0000010002490000 0000000109688000 0000000101365940 0000000000000000
[mtlr]   out: 0000007700000000 0000000000004000 00000002bab7b63c 00000000003653b3
[mtlr] resource2 sel8 flags 470 sz 0x1000 -> kr 0x00000000 rid 119 GPUVA 0x10002490000 cpu 109688000
[mtlr]   out: 0000010002490000 0000000109688000 0000000101365940 0000000000000000
[mtlr]   out: 0000007700000000 0000000000004000 00000002bab7b63d 00000000003653b4
[mtlr] resource2 sel8 flags 470 sz 0x1000 -> kr 0x00000000 rid 119 GPUVA 0x10002490000 cpu 109688000
[mtlr]   out: 0000010002490000 0000000109688000 0000000101365940 0000000000000000
[mtlr]   out: 0000007700000000 0000000000004000 00000002bab7b63e 00000000003653b5
[mtlr] resource2 sel8 flags 470 sz 0x1000 -> kr 0x00000000 rid 119 GPUVA 0x10002490000 cpu 109688000
[mtlr]   out: 0000010002490000 0000000109688000 0000000101365940 0000000000000000
[mtlr]   out: 0000007700000000 0000000000004000 00000002bab7b63f 00000000003653b6
[mtlr] resource2 sel8 flags 470 sz 0x1000 -> kr 0x00000000 rid 119 GPUVA 0x10002490000 cpu 109688000
[mtlr]   out: 0000010002490000 0000000109688000 0000000101365940 0000000000000000
[mtlr]   out: 0000007700000000 0000000000004000 00000002bab7b640 00000000003653b7
[mtlr] resource2 sel8 flags 470 sz 0x1000 -> kr 0x00000000 rid 119 GPUVA 0x10002490000 cpu 109688000
[mtlr]   out: 0000010002490000 0000000109688000 0000000101365940 0000000000000000
[mtlr]   out: 0000007700000000 0000000000004000 00000002bab7b641 00000000003653b8
[mtlr] resource2 sel8 flags 470 sz 0x1000 -> kr 0x00000000 rid 119 GPUVA 0x10002490000 cpu 109688000
[mtlr]   out: 0000010002490000 0000000109688000 0000000101365940 0000000000000000
[mtlr]   out: 0000007700000000 0000000000004000 00000002bab7b642 00000000003653b9
[uatrec] S4 r9 (+0s): nvv 8 ncb 8 vsz 0x100000 destroy0 kr 0x00000000 nj 40
[uatrec] S4 r9 blit[0] slots 10 ridp 1
[uatrec] S4 r9 blit[1] slots 10 ridp 1
[uatrec] S4 r9 blit[2] slots 10 ridp 1
[uatrec] S4 r9 blit[3] slots 10 ridp 1
[uatrec] S4 r9 blit[4] slots 10 ridp 1
[uatrec] S4 r9 blit[5] slots 10 ridp 1
[uatrec] S4 r9 blit[6] slots 10 ridp 1
[uatrec] S4 r9 blit[7] slots 10 ridp 1
[uatrec] S4 heartbeat: round 10 done, t=0s (alive)
[mtlr] resource2 sel8 flags 470 sz 0x100000 -> kr 0x00000000 rid 119 GPUVA 0x10002490000 cpu 10bc00000
[mtlr]   out: 0000010002490000 000000010bc00000 0000000101365940 0000000000000000
[mtlr]   out: 0000007700000000 0000000000100000 00000002bab7b66f 00000000003653bc
[uatrec] S4 r10 victim[0] rid 119 gpuva 0x10002490000 cpu 0x10bc00000 (top-of-stack)
[mtlr] resource2 sel8 flags 470 sz 0x100000 -> kr 0x00000000 rid 120 GPUVA 0x10002598000 cpu 10bd00000
[mtlr]   out: 0000010002598000 000000010bd00000 0000000101365a00 0000000000000000
[mtlr]   out: 0000007800000000 0000000000100000 00000002bab7b670 00000000003653bd
[uatrec] S4 r10 victim[1] rid 120 gpuva 0x10002598000 cpu 0x10bd00000 (top-of-stack)
[mtlr] resource2 sel8 flags 470 sz 0x100000 -> kr 0x00000000 rid 121 GPUVA 0x100026a0000 cpu 10be00000
[mtlr]   out: 00000100026a0000 000000010be00000 0000000101365ac0 0000000000000000
[mtlr]   out: 0000007900000000 0000000000100000 00000002bab7b671 00000000003653be
[uatrec] S4 r10 victim[2] rid 121 gpuva 0x100026a0000 cpu 0x10be00000 (top-of-stack)
[mtlr] resource2 sel8 flags 470 sz 0x100000 -> kr 0x00000000 rid 122 GPUVA 0x100027a8000 cpu 10bf00000
[mtlr]   out: 00000100027a8000 000000010bf00000 0000000101365b80 0000000000000000
[mtlr]   out: 0000007a00000000 0000000000100000 00000002bab7b672 00000000003653bf
[uatrec] S4 r10 victim[3] rid 122 gpuva 0x100027a8000 cpu 0x10bf00000 (top-of-stack)
[mtlr] resource2 sel8 flags 470 sz 0x100000 -> kr 0x00000000 rid 123 GPUVA 0x100028b0000 cpu 10ac00000
[mtlr]   out: 00000100028b0000 000000010ac00000 0000000101365c40 0000000000000000
[mtlr]   out: 0000007b00000000 0000000000100000 00000002bab7b673 00000000003653c0
[uatrec] S4 r10 victim[4] rid 123 gpuva 0x100028b0000 cpu 0x10ac00000 (top-of-stack)
[mtlr] resource2 sel8 flags 470 sz 0x100000 -> kr 0x00000000 rid 124 GPUVA 0x100029b8000 cpu 10ad00000
[mtlr]   out: 00000100029b8000 000000010ad00000 0000000101365d00 0000000000000000
[mtlr]   out: 0000007c00000000 0000000000100000 00000002bab7b674 00000000003653c1
[uatrec] S4 r10 victim[5] rid 124 gpuva 0x100029b8000 cpu 0x10ad00000 (top-of-stack)
[mtlr] resource2 sel8 flags 470 sz 0x100000 -> kr 0x00000000 rid 125 GPUVA 0x10002ac0000 cpu 109188000
[mtlr]   out: 0000010002ac0000 0000000109188000 0000000101365dc0 0000000000000000
[mtlr]   out: 0000007d00000000 0000000000100000 00000002bab7b675 00000000003653c2
[uatrec] S4 r10 victim[6] rid 125 gpuva 0x10002ac0000 cpu 0x109188000 (top-of-stack)
[mtlr] resource2 sel8 flags 470 sz 0x100000 -> kr 0x00000000 rid 126 GPUVA 0x10002bc8000 cpu 109288000
[mtlr]   out: 0000010002bc8000 0000000109288000 0000000101365e80 0000000000000000
[mtlr]   out: 0000007e00000000 0000000000100000 00000002bab7b677 00000000003653c3
[uatrec] S4 r10 victim[7] rid 126 gpuva 0x10002bc8000 cpu 0x109288000 (top-of-stack)
[mtlr] resource2 sel8 flags 470 sz 0x1000 -> kr 0x00000000 rid 119 GPUVA 0x10002490000 cpu 109688000
[mtlr]   out: 0000010002490000 0000000109688000 0000000101365940 0000000000000000
[mtlr]   out: 0000007700000000 0000000000004000 00000002bab7b699 00000000003653cd
[mtlr] resource2 sel8 flags 470 sz 0x1000 -> kr 0x00000000 rid 119 GPUVA 0x10002490000 cpu 109688000
[mtlr]   out: 0000010002490000 0000000109688000 0000000101365940 0000000000000000
[mtlr]   out: 0000007700000000 0000000000004000 00000002bab7b69a 00000000003653ce
[mtlr] resource2 sel8 flags 470 sz 0x1000 -> kr 0x00000000 rid 119 GPUVA 0x10002490000 cpu 109688000
[mtlr]   out: 0000010002490000 0000000109688000 0000000101365940 0000000000000000
[mtlr]   out: 0000007700000000 0000000000004000 00000002bab7b69b 00000000003653cf
[mtlr] resource2 sel8 flags 470 sz 0x1000 -> kr 0x00000000 rid 119 GPUVA 0x10002490000 cpu 109688000
[mtlr]   out: 0000010002490000 0000000109688000 0000000101365940 0000000000000000
[mtlr]   out: 0000007700000000 0000000000004000 00000002bab7b69c 00000000003653d0
[mtlr] resource2 sel8 flags 470 sz 0x1000 -> kr 0x00000000 rid 119 GPUVA 0x10002490000 cpu 109688000
[mtlr]   out: 0000010002490000 0000000109688000 0000000101365940 0000000000000000
[mtlr]   out: 0000007700000000 0000000000004000 00000002bab7b69d 00000000003653d1
[mtlr] resource2 sel8 flags 470 sz 0x1000 -> kr 0x00000000 rid 119 GPUVA 0x10002490000 cpu 109688000
[mtlr]   out: 0000010002490000 0000000109688000 0000000101365940 0000000000000000
[mtlr]   out: 0000007700000000 0000000000004000 00000002bab7b69e 00000000003653d2
[mtlr] resource2 sel8 flags 470 sz 0x1000 -> kr 0x00000000 rid 119 GPUVA 0x10002490000 cpu 109688000
[mtlr]   out: 0000010002490000 0000000109688000 0000000101365940 0000000000000000
[mtlr]   out: 0000007700000000 0000000000004000 00000002bab7b69f 00000000003653d3
[mtlr] resource2 sel8 flags 470 sz 0x1000 -> kr 0x00000000 rid 119 GPUVA 0x10002490000 cpu 109688000
[mtlr]   out: 0000010002490000 0000000109688000 0000000101365940 0000000000000000
[mtlr]   out: 0000007700000000 0000000000004000 00000002bab7b6a0 00000000003653d4
[mtlr] resource2 sel8 flags 470 sz 0x1000 -> kr 0x00000000 rid 119 GPUVA 0x10002490000 cpu 109688000
[mtlr]   out: 0000010002490000 0000000109688000 0000000101365940 0000000000000000
[mtlr]   out: 0000007700000000 0000000000004000 00000002bab7b6a1 00000000003653d5
[mtlr] resource2 sel8 flags 470 sz 0x1000 -> kr 0x00000000 rid 119 GPUVA 0x10002490000 cpu 109688000
[mtlr]   out: 0000010002490000 0000000109688000 0000000101365940 0000000000000000
[mtlr]   out: 0000007700000000 0000000000004000 00000002bab7b6a2 00000000003653d6
[mtlr] resource2 sel8 flags 470 sz 0x1000 -> kr 0x00000000 rid 119 GPUVA 0x10002490000 cpu 109688000
[mtlr]   out: 0000010002490000 0000000109688000 0000000101365940 0000000000000000
[mtlr]   out: 0000007700000000 0000000000004000 00000002bab7b6a3 00000000003653d7
[mtlr] resource2 sel8 flags 470 sz 0x1000 -> kr 0x00000000 rid 119 GPUVA 0x10002490000 cpu 109688000
[mtlr]   out: 0000010002490000 0000000109688000 0000000101365940 0000000000000000
[mtlr]   out: 0000007700000000 0000000000004000 00000002bab7b6a4 00000000003653d8
[mtlr] resource2 sel8 flags 470 sz 0x1000 -> kr 0x00000000 rid 119 GPUVA 0x10002490000 cpu 109688000
[mtlr]   out: 0000010002490000 0000000109688000 0000000101365940 0000000000000000
[mtlr]   out: 0000007700000000 0000000000004000 00000002bab7b6a5 00000000003653d9
[mtlr] resource2 sel8 flags 470 sz 0x1000 -> kr 0x00000000 rid 119 GPUVA 0x10002490000 cpu 109688000
[mtlr]   out: 0000010002490000 0000000109688000 0000000101365940 0000000000000000
[mtlr]   out: 0000007700000000 0000000000004000 00000002bab7b6a6 00000000003653da
[mtlr] resource2 sel8 flags 470 sz 0x1000 -> kr 0x00000000 rid 119 GPUVA 0x10002490000 cpu 109688000
[mtlr]   out: 0000010002490000 0000000109688000 0000000101365940 0000000000000000
[mtlr]   out: 0000007700000000 0000000000004000 00000002bab7b6a7 00000000003653db
[mtlr] resource2 sel8 flags 470 sz 0x1000 -> kr 0x00000000 rid 119 GPUVA 0x10002490000 cpu 109688000
[mtlr]   out: 0000010002490000 0000000109688000 0000000101365940 0000000000000000
[mtlr]   out: 0000007700000000 0000000000004000 00000002bab7b6a8 00000000003653dc
[mtlr] resource2 sel8 flags 470 sz 0x1000 -> kr 0x00000000 rid 119 GPUVA 0x10002490000 cpu 109688000
[mtlr]   out: 0000010002490000 0000000109688000 0000000101365940 0000000000000000
[mtlr]   out: 0000007700000000 0000000000004000 00000002bab7b6a9 00000000003653dd
[mtlr] resource2 sel8 flags 470 sz 0x1000 -> kr 0x00000000 rid 119 GPUVA 0x10002490000 cpu 109688000
[mtlr]   out: 0000010002490000 0000000109688000 0000000101365940 0000000000000000
[mtlr]   out: 0000007700000000 0000000000004000 00000002bab7b6aa 00000000003653de
[mtlr] resource2 sel8 flags 470 sz 0x1000 -> kr 0x00000000 rid 119 GPUVA 0x10002490000 cpu 109688000
[mtlr]   out: 0000010002490000 0000000109688000 0000000101365940 0000000000000000
[mtlr]   out: 0000007700000000 0000000000004000 00000002bab7b6ab 00000000003653df
[mtlr] resource2 sel8 flags 470 sz 0x1000 -> kr 0x00000000 rid 119 GPUVA 0x10002490000 cpu 109688000
[mtlr]   out: 0000010002490000 0000000109688000 0000000101365940 0000000000000000
[mtlr]   out: 0000007700000000 0000000000004000 00000002bab7b6ac 00000000003653e0
[mtlr] resource2 sel8 flags 470 sz 0x1000 -> kr 0x00000000 rid 119 GPUVA 0x10002490000 cpu 109688000
[mtlr]   out: 0000010002490000 0000000109688000 0000000101365940 0000000000000000
[mtlr]   out: 0000007700000000 0000000000004000 00000002bab7b6ad 00000000003653e1
[mtlr] resource2 sel8 flags 470 sz 0x1000 -> kr 0x00000000 rid 119 GPUVA 0x10002490000 cpu 109688000
[mtlr]   out: 0000010002490000 0000000109688000 0000000101365940 0000000000000000
[mtlr]   out: 0000007700000000 0000000000004000 00000002bab7b6ae 00000000003653e2
[mtlr] resource2 sel8 flags 470 sz 0x1000 -> kr 0x00000000 rid 119 GPUVA 0x10002490000 cpu 109688000
[mtlr]   out: 0000010002490000 0000000109688000 0000000101365940 0000000000000000
[mtlr]   out: 0000007700000000 0000000000004000 00000002bab7b6af 00000000003653e3
[mtlr] resource2 sel8 flags 470 sz 0x1000 -> kr 0x00000000 rid 119 GPUVA 0x10002490000 cpu 109688000
[mtlr]   out: 0000010002490000 0000000109688000 0000000101365940 0000000000000000
[mtlr]   out: 0000007700000000 0000000000004000 00000002bab7b6b0 00000000003653e4
[mtlr] resource2 sel8 flags 470 sz 0x1000 -> kr 0x00000000 rid 119 GPUVA 0x10002490000 cpu 109688000
[mtlr]   out: 0000010002490000 0000000109688000 0000000101365940 0000000000000000
[mtlr]   out: 0000007700000000 0000000000004000 00000002bab7b6b1 00000000003653e5
[mtlr] resource2 sel8 flags 470 sz 0x1000 -> kr 0x00000000 rid 119 GPUVA 0x10002490000 cpu 109688000
[mtlr]   out: 0000010002490000 0000000109688000 0000000101365940 0000000000000000
[mtlr]   out: 0000007700000000 0000000000004000 00000002bab7b6b2 00000000003653e6
[mtlr] resource2 sel8 flags 470 sz 0x1000 -> kr 0x00000000 rid 119 GPUVA 0x10002490000 cpu 109688000
[mtlr]   out: 0000010002490000 0000000109688000 0000000101365940 0000000000000000
[mtlr]   out: 0000007700000000 0000000000004000 00000002bab7b6b3 00000000003653e7
[mtlr] resource2 sel8 flags 470 sz 0x1000 -> kr 0x00000000 rid 119 GPUVA 0x10002490000 cpu 109688000
[mtlr]   out: 0000010002490000 0000000109688000 0000000101365940 0000000000000000
[mtlr]   out: 0000007700000000 0000000000004000 00000002bab7b6b4 00000000003653e8
[mtlr] resource2 sel8 flags 470 sz 0x1000 -> kr 0x00000000 rid 119 GPUVA 0x10002490000 cpu 109688000
[mtlr]   out: 0000010002490000 0000000109688000 0000000101365940 0000000000000000
[mtlr]   out: 0000007700000000 0000000000004000 00000002bab7b6b5 00000000003653e9
[mtlr] resource2 sel8 flags 470 sz 0x1000 -> kr 0x00000000 rid 119 GPUVA 0x10002490000 cpu 109688000
[mtlr]   out: 0000010002490000 0000000109688000 0000000101365940 0000000000000000
[mtlr]   out: 0000007700000000 0000000000004000 00000002bab7b6b6 00000000003653ea
[mtlr] resource2 sel8 flags 470 sz 0x1000 -> kr 0x00000000 rid 119 GPUVA 0x10002490000 cpu 109688000
[mtlr]   out: 0000010002490000 0000000109688000 0000000101365940 0000000000000000
[mtlr]   out: 0000007700000000 0000000000004000 00000002bab7b6b7 00000000003653eb
[mtlr] resource2 sel8 flags 470 sz 0x1000 -> kr 0x00000000 rid 119 GPUVA 0x10002490000 cpu 109688000
[mtlr]   out: 0000010002490000 0000000109688000 0000000101365940 0000000000000000
[mtlr]   out: 0000007700000000 0000000000004000 00000002bab7b6b8 00000000003653ec
[mtlr] resource2 sel8 flags 470 sz 0x1000 -> kr 0x00000000 rid 119 GPUVA 0x10002490000 cpu 109688000
[mtlr]   out: 0000010002490000 0000000109688000 0000000101365940 0000000000000000
[mtlr]   out: 0000007700000000 0000000000004000 00000002bab7b6b9 00000000003653ed
[mtlr] resource2 sel8 flags 470 sz 0x1000 -> kr 0x00000000 rid 119 GPUVA 0x10002490000 cpu 109688000
[mtlr]   out: 0000010002490000 0000000109688000 0000000101365940 0000000000000000
[mtlr]   out: 0000007700000000 0000000000004000 00000002bab7b6ba 00000000003653ee
[mtlr] resource2 sel8 flags 470 sz 0x1000 -> kr 0x00000000 rid 119 GPUVA 0x10002490000 cpu 109688000
[mtlr]   out: 0000010002490000 0000000109688000 0000000101365940 0000000000000000
[mtlr]   out: 0000007700000000 0000000000004000 00000002bab7b6bb 00000000003653ef
[mtlr] resource2 sel8 flags 470 sz 0x1000 -> kr 0x00000000 rid 119 GPUVA 0x10002490000 cpu 109688000
[mtlr]   out: 0000010002490000 0000000109688000 0000000101365940 0000000000000000
[mtlr]   out: 0000007700000000 0000000000004000 00000002bab7b6bc 00000000003653f0
[mtlr] resource2 sel8 flags 470 sz 0x1000 -> kr 0x00000000 rid 119 GPUVA 0x10002490000 cpu 109688000
[mtlr]   out: 0000010002490000 0000000109688000 0000000101365940 0000000000000000
[mtlr]   out: 0000007700000000 0000000000004000 00000002bab7b6bd 00000000003653f1
[mtlr] resource2 sel8 flags 470 sz 0x1000 -> kr 0x00000000 rid 119 GPUVA 0x10002490000 cpu 109688000
[mtlr]   out: 0000010002490000 0000000109688000 0000000101365940 0000000000000000
[mtlr]   out: 0000007700000000 0000000000004000 00000002bab7b6be 00000000003653f2
[mtlr] resource2 sel8 flags 470 sz 0x1000 -> kr 0x00000000 rid 119 GPUVA 0x10002490000 cpu 109688000
[mtlr]   out: 0000010002490000 0000000109688000 0000000101365940 0000000000000000
[mtlr]   out: 0000007700000000 0000000000004000 00000002bab7b6bf 00000000003653f3
[mtlr] resource2 sel8 flags 470 sz 0x1000 -> kr 0x00000000 rid 119 GPUVA 0x10002490000 cpu 109688000
[mtlr]   out: 0000010002490000 0000000109688000 0000000101365940 0000000000000000
[mtlr]   out: 0000007700000000 0000000000004000 00000002bab7b6c0 00000000003653f4
[uatrec] S4 r10 (+0s): nvv 8 ncb 8 vsz 0x100000 destroy0 kr 0x00000000 nj 40
[uatrec] S4 r10 blit[0] slots 10 ridp 1
[uatrec] S4 r10 blit[1] slots 10 ridp 1
[uatrec] S4 r10 blit[2] slots 10 ridp 1
[uatrec] S4 r10 blit[3] slots 10 ridp 1
[uatrec] S4 r10 blit[4] slots 10 ridp 1
[uatrec] S4 r10 blit[5] slots 10 ridp 1
[uatrec] S4 r10 blit[6] slots 10 ridp 1
[uatrec] S4 r10 blit[7] slots 10 ridp 1
[mtlr] resource2 sel8 flags 470 sz 0x100000 -> kr 0x00000000 rid 119 GPUVA 0x10002490000 cpu 109488000
[mtlr]   out: 0000010002490000 0000000109488000 0000000101365940 0000000000000000
[mtlr]   out: 0000007700000000 0000000000100000 00000002bab7b6ec 00000000003653f7
[uatrec] S4 r11 victim[0] rid 119 gpuva 0x10002490000 cpu 0x109488000 (top-of-stack)
[mtlr] resource2 sel8 flags 470 sz 0x100000 -> kr 0x00000000 rid 120 GPUVA 0x10002598000 cpu 109588000
[mtlr]   out: 0000010002598000 0000000109588000 0000000101365a00 0000000000000000
[mtlr]   out: 0000007800000000 0000000000100000 00000002bab7b6ed 00000000003653f8
[uatrec] S4 r11 victim[1] rid 120 gpuva 0x10002598000 cpu 0x109588000 (top-of-stack)
[mtlr] resource2 sel8 flags 470 sz 0x100000 -> kr 0x00000000 rid 121 GPUVA 0x100026a0000 cpu 109784000
[mtlr]   out: 00000100026a0000 0000000109784000 0000000101365ac0 0000000000000000
[mtlr]   out: 0000007900000000 0000000000100000 00000002bab7b6ee 00000000003653f9
[uatrec] S4 r11 victim[2] rid 121 gpuva 0x100026a0000 cpu 0x109784000 (top-of-stack)
[mtlr] resource2 sel8 flags 470 sz 0x100000 -> kr 0x00000000 rid 122 GPUVA 0x100027a8000 cpu 109be0000
[mtlr]   out: 00000100027a8000 0000000109be0000 0000000101365b80 0000000000000000
[mtlr]   out: 0000007a00000000 0000000000100000 00000002bab7b6ef 00000000003653fa
[uatrec] S4 r11 victim[3] rid 122 gpuva 0x100027a8000 cpu 0x109be0000 (top-of-stack)
[mtlr] resource2 sel8 flags 470 sz 0x100000 -> kr 0x00000000 rid 123 GPUVA 0x100028b0000 cpu 109d04000
[mtlr]   out: 00000100028b0000 0000000109d04000 0000000101365c40 0000000000000000
[mtlr]   out: 0000007b00000000 0000000000100000 00000002bab7b6f0 00000000003653fb
[uatrec] S4 r11 victim[4] rid 123 gpuva 0x100028b0000 cpu 0x109d04000 (top-of-stack)
[mtlr] resource2 sel8 flags 470 sz 0x100000 -> kr 0x00000000 rid 124 GPUVA 0x100029b8000 cpu 109188000
[mtlr]   out: 00000100029b8000 0000000109188000 0000000101365d00 0000000000000000
[mtlr]   out: 0000007c00000000 0000000000100000 00000002bab7b6f1 00000000003653fc
[uatrec] S4 r11 victim[5] rid 124 gpuva 0x100029b8000 cpu 0x109188000 (top-of-stack)
[mtlr] resource2 sel8 flags 470 sz 0x100000 -> kr 0x00000000 rid 125 GPUVA 0x10002ac0000 cpu 109288000
[mtlr]   out: 0000010002ac0000 0000000109288000 0000000101365dc0 0000000000000000
[mtlr]   out: 0000007d00000000 0000000000100000 00000002bab7b6f6 00000000003653fd
[uatrec] S4 r11 victim[6] rid 125 gpuva 0x10002ac0000 cpu 0x109288000 (top-of-stack)
[mtlr] resource2 sel8 flags 470 sz 0x100000 -> kr 0x00000000 rid 126 GPUVA 0x10002bc8000 cpu 109388000
[mtlr]   out: 0000010002bc8000 0000000109388000 0000000101365e80 0000000000000000
[mtlr]   out: 0000007e00000000 0000000000100000 00000002bab7b6fa 00000000003653fe
[uatrec] S4 r11 victim[7] rid 126 gpuva 0x10002bc8000 cpu 0x109388000 (top-of-stack)
[mtlr] resource2 sel8 flags 470 sz 0x1000 -> kr 0x00000000 rid 119 GPUVA 0x10002490000 cpu 109688000
[mtlr]   out: 0000010002490000 0000000109688000 0000000101365940 0000000000000000
[mtlr]   out: 0000007700000000 0000000000004000 00000002bab7b716 0000000000365408
[mtlr] resource2 sel8 flags 470 sz 0x1000 -> kr 0x00000000 rid 119 GPUVA 0x10002490000 cpu 109688000
[mtlr]   out: 0000010002490000 0000000109688000 0000000101365940 0000000000000000
[mtlr]   out: 0000007700000000 0000000000004000 00000002bab7b717 0000000000365409
[mtlr] resource2 sel8 flags 470 sz 0x1000 -> kr 0x00000000 rid 119 GPUVA 0x10002490000 cpu 109688000
[mtlr]   out: 0000010002490000 0000000109688000 0000000101365940 0000000000000000
[mtlr]   out: 0000007700000000 0000000000004000 00000002bab7b718 000000000036540a
[mtlr] resource2 sel8 flags 470 sz 0x1000 -> kr 0x00000000 rid 119 GPUVA 0x10002490000 cpu 109688000
[mtlr]   out: 0000010002490000 0000000109688000 0000000101365940 0000000000000000
[mtlr]   out: 0000007700000000 0000000000004000 00000002bab7b719 000000000036540b
[mtlr] resource2 sel8 flags 470 sz 0x1000 -> kr 0x00000000 rid 119 GPUVA 0x10002490000 cpu 109688000
[mtlr]   out: 0000010002490000 0000000109688000 0000000101365940 0000000000000000
[mtlr]   out: 0000007700000000 0000000000004000 00000002bab7b71a 000000000036540c
[mtlr] resource2 sel8 flags 470 sz 0x1000 -> kr 0x00000000 rid 119 GPUVA 0x10002490000 cpu 109688000
[mtlr]   out: 0000010002490000 0000000109688000 0000000101365940 0000000000000000
[mtlr]   out: 0000007700000000 0000000000004000 00000002bab7b71b 000000000036540d
[mtlr] resource2 sel8 flags 470 sz 0x1000 -> kr 0x00000000 rid 119 GPUVA 0x10002490000 cpu 109688000
[mtlr]   out: 0000010002490000 0000000109688000 0000000101365940 0000000000000000
[mtlr]   out: 0000007700000000 0000000000004000 00000002bab7b71c 000000000036540e
[mtlr] resource2 sel8 flags 470 sz 0x1000 -> kr 0x00000000 rid 119 GPUVA 0x10002490000 cpu 109688000
[mtlr]   out: 0000010002490000 0000000109688000 0000000101365940 0000000000000000
[mtlr]   out: 0000007700000000 0000000000004000 00000002bab7b71d 000000000036540f
[mtlr] resource2 sel8 flags 470 sz 0x1000 -> kr 0x00000000 rid 119 GPUVA 0x10002490000 cpu 109688000
[mtlr]   out: 0000010002490000 0000000109688000 0000000101365940 0000000000000000
[mtlr]   out: 0000007700000000 0000000000004000 00000002bab7b71e 0000000000365410
[mtlr] resource2 sel8 flags 470 sz 0x1000 -> kr 0x00000000 rid 119 GPUVA 0x10002490000 cpu 109688000
[mtlr]   out: 0000010002490000 0000000109688000 0000000101365940 0000000000000000
[mtlr]   out: 0000007700000000 0000000000004000 00000002bab7b71f 0000000000365411
[mtlr] resource2 sel8 flags 470 sz 0x1000 -> kr 0x00000000 rid 119 GPUVA 0x10002490000 cpu 109688000
[mtlr]   out: 0000010002490000 0000000109688000 0000000101365940 0000000000000000
[mtlr]   out: 0000007700000000 0000000000004000 00000002bab7b720 0000000000365412
[mtlr] resource2 sel8 flags 470 sz 0x1000 -> kr 0x00000000 rid 119 GPUVA 0x10002490000 cpu 109688000
[mtlr]   out: 0000010002490000 0000000109688000 0000000101365940 0000000000000000
[mtlr]   out: 0000007700000000 0000000000004000 00000002bab7b721 0000000000365413
[mtlr] resource2 sel8 flags 470 sz 0x1000 -> kr 0x00000000 rid 119 GPUVA 0x10002490000 cpu 109688000
[mtlr]   out: 0000010002490000 0000000109688000 0000000101365940 0000000000000000
[mtlr]   out: 0000007700000000 0000000000004000 00000002bab7b722 0000000000365414
[mtlr] resource2 sel8 flags 470 sz 0x1000 -> kr 0x00000000 rid 119 GPUVA 0x10002490000 cpu 109688000
[mtlr]   out: 0000010002490000 0000000109688000 0000000101365940 0000000000000000
[mtlr]   out: 0000007700000000 0000000000004000 00000002bab7b723 0000000000365415
[mtlr] resource2 sel8 flags 470 sz 0x1000 -> kr 0x00000000 rid 119 GPUVA 0x10002490000 cpu 109688000
[mtlr]   out: 0000010002490000 0000000109688000 0000000101365940 0000000000000000
[mtlr]   out: 0000007700000000 0000000000004000 00000002bab7b724 0000000000365416
[mtlr] resource2 sel8 flags 470 sz 0x1000 -> kr 0x00000000 rid 119 GPUVA 0x10002490000 cpu 109688000
[mtlr]   out: 0000010002490000 0000000109688000 0000000101365940 0000000000000000
[mtlr]   out: 0000007700000000 0000000000004000 00000002bab7b725 0000000000365417
[mtlr] resource2 sel8 flags 470 sz 0x1000 -> kr 0x00000000 rid 119 GPUVA 0x10002490000 cpu 109688000
[mtlr]   out: 0000010002490000 0000000109688000 0000000101365940 0000000000000000
[mtlr]   out: 0000007700000000 0000000000004000 00000002bab7b726 0000000000365418
[mtlr] resource2 sel8 flags 470 sz 0x1000 -> kr 0x00000000 rid 119 GPUVA 0x10002490000 cpu 109688000
[mtlr]   out: 0000010002490000 0000000109688000 0000000101365940 0000000000000000
[mtlr]   out: 0000007700000000 0000000000004000 00000002bab7b727 0000000000365419
[mtlr] resource2 sel8 flags 470 sz 0x1000 -> kr 0x00000000 rid 119 GPUVA 0x10002490000 cpu 109688000
[mtlr]   out: 0000010002490000 0000000109688000 0000000101365940 0000000000000000
[mtlr]   out: 0000007700000000 0000000000004000 00000002bab7b728 000000000036541a
[mtlr] resource2 sel8 flags 470 sz 0x1000 -> kr 0x00000000 rid 119 GPUVA 0x10002490000 cpu 109688000
[mtlr]   out: 0000010002490000 0000000109688000 0000000101365940 0000000000000000
[mtlr]   out: 0000007700000000 0000000000004000 00000002bab7b729 000000000036541b
[mtlr] resource2 sel8 flags 470 sz 0x1000 -> kr 0x00000000 rid 119 GPUVA 0x10002490000 cpu 109688000
[mtlr]   out: 0000010002490000 0000000109688000 0000000101365940 0000000000000000
[mtlr]   out: 0000007700000000 0000000000004000 00000002bab7b72a 000000000036541c
[mtlr] resource2 sel8 flags 470 sz 0x1000 -> kr 0x00000000 rid 119 GPUVA 0x10002490000 cpu 109688000
[mtlr]   out: 0000010002490000 0000000109688000 0000000101365940 0000000000000000
[mtlr]   out: 0000007700000000 0000000000004000 00000002bab7b72b 000000000036541d
[mtlr] resource2 sel8 flags 470 sz 0x1000 -> kr 0x00000000 rid 119 GPUVA 0x10002490000 cpu 109688000
[mtlr]   out: 0000010002490000 0000000109688000 0000000101365940 0000000000000000
[mtlr]   out: 0000007700000000 0000000000004000 00000002bab7b72c 000000000036541e
[mtlr] resource2 sel8 flags 470 sz 0x1000 -> kr 0x00000000 rid 119 GPUVA 0x10002490000 cpu 109688000
[mtlr]   out: 0000010002490000 0000000109688000 0000000101365940 0000000000000000
[mtlr]   out: 0000007700000000 0000000000004000 00000002bab7b72d 000000000036541f
[mtlr] resource2 sel8 flags 470 sz 0x1000 -> kr 0x00000000 rid 119 GPUVA 0x10002490000 cpu 109688000
[mtlr]   out: 0000010002490000 0000000109688000 0000000101365940 0000000000000000
[mtlr]   out: 0000007700000000 0000000000004000 00000002bab7b72e 0000000000365420
[mtlr] resource2 sel8 flags 470 sz 0x1000 -> kr 0x00000000 rid 119 GPUVA 0x10002490000 cpu 109688000
[mtlr]   out: 0000010002490000 0000000109688000 0000000101365940 0000000000000000
[mtlr]   out: 0000007700000000 0000000000004000 00000002bab7b72f 0000000000365421
[mtlr] resource2 sel8 flags 470 sz 0x1000 -> kr 0x00000000 rid 119 GPUVA 0x10002490000 cpu 109688000
[mtlr]   out: 0000010002490000 0000000109688000 0000000101365940 0000000000000000
[mtlr]   out: 0000007700000000 0000000000004000 00000002bab7b730 0000000000365422
[mtlr] resource2 sel8 flags 470 sz 0x1000 -> kr 0x00000000 rid 119 GPUVA 0x10002490000 cpu 109688000
[mtlr]   out: 0000010002490000 0000000109688000 0000000101365940 0000000000000000
[mtlr]   out: 0000007700000000 0000000000004000 00000002bab7b731 0000000000365423
[mtlr] resource2 sel8 flags 470 sz 0x1000 -> kr 0x00000000 rid 119 GPUVA 0x10002490000 cpu 109688000
[mtlr]   out: 0000010002490000 0000000109688000 0000000101365940 0000000000000000
[mtlr]   out: 0000007700000000 0000000000004000 00000002bab7b732 0000000000365424
[mtlr] resource2 sel8 flags 470 sz 0x1000 -> kr 0x00000000 rid 119 GPUVA 0x10002490000 cpu 109688000
[mtlr]   out: 0000010002490000 0000000109688000 0000000101365940 0000000000000000
[mtlr]   out: 0000007700000000 0000000000004000 00000002bab7b733 0000000000365425
[mtlr] resource2 sel8 flags 470 sz 0x1000 -> kr 0x00000000 rid 119 GPUVA 0x10002490000 cpu 109688000
[mtlr]   out: 0000010002490000 0000000109688000 0000000101365940 0000000000000000
[mtlr]   out: 0000007700000000 0000000000004000 00000002bab7b734 0000000000365426
[mtlr] resource2 sel8 flags 470 sz 0x1000 -> kr 0x00000000 rid 119 GPUVA 0x10002490000 cpu 109688000
[mtlr]   out: 0000010002490000 0000000109688000 0000000101365940 0000000000000000
[mtlr]   out: 0000007700000000 0000000000004000 00000002bab7b735 0000000000365427
[mtlr] resource2 sel8 flags 470 sz 0x1000 -> kr 0x00000000 rid 119 GPUVA 0x10002490000 cpu 109688000
[mtlr]   out: 0000010002490000 0000000109688000 0000000101365940 0000000000000000
[mtlr]   out: 0000007700000000 0000000000004000 00000002bab7b736 0000000000365428
[mtlr] resource2 sel8 flags 470 sz 0x1000 -> kr 0x00000000 rid 119 GPUVA 0x10002490000 cpu 109688000
[mtlr]   out: 0000010002490000 0000000109688000 0000000101365940 0000000000000000
[mtlr]   out: 0000007700000000 0000000000004000 00000002bab7b737 0000000000365429
[mtlr] resource2 sel8 flags 470 sz 0x1000 -> kr 0x00000000 rid 119 GPUVA 0x10002490000 cpu 109688000
[mtlr]   out: 0000010002490000 0000000109688000 0000000101365940 0000000000000000
[mtlr]   out: 0000007700000000 0000000000004000 00000002bab7b738 000000000036542a
[mtlr] resource2 sel8 flags 470 sz 0x1000 -> kr 0x00000000 rid 119 GPUVA 0x10002490000 cpu 109688000
[mtlr]   out: 0000010002490000 0000000109688000 0000000101365940 0000000000000000
[mtlr]   out: 0000007700000000 0000000000004000 00000002bab7b739 000000000036542b
[mtlr] resource2 sel8 flags 470 sz 0x1000 -> kr 0x00000000 rid 119 GPUVA 0x10002490000 cpu 109688000
[mtlr]   out: 0000010002490000 0000000109688000 0000000101365940 0000000000000000
[mtlr]   out: 0000007700000000 0000000000004000 00000002bab7b73a 000000000036542c
[mtlr] resource2 sel8 flags 470 sz 0x1000 -> kr 0x00000000 rid 119 GPUVA 0x10002490000 cpu 109688000
[mtlr]   out: 0000010002490000 0000000109688000 0000000101365940 0000000000000000
[mtlr]   out: 0000007700000000 0000000000004000 00000002bab7b73b 000000000036542d
[mtlr] resource2 sel8 flags 470 sz 0x1000 -> kr 0x00000000 rid 119 GPUVA 0x10002490000 cpu 109688000
[mtlr]   out: 0000010002490000 0000000109688000 0000000101365940 0000000000000000
[mtlr]   out: 0000007700000000 0000000000004000 00000002bab7b73c 000000000036542e
[mtlr] resource2 sel8 flags 470 sz 0x1000 -> kr 0x00000000 rid 119 GPUVA 0x10002490000 cpu 109688000
[mtlr]   out: 0000010002490000 0000000109688000 0000000101365940 0000000000000000
[mtlr]   out: 0000007700000000 0000000000004000 00000002bab7b73d 000000000036542f
[uatrec] S4 r11 (+0s): nvv 8 ncb 8 vsz 0x100000 destroy0 kr 0x00000000 nj 40
[uatrec] S4 r11 blit[0] slots 10 ridp 1
[uatrec] S4 r11 blit[1] slots 10 ridp 1
[uatrec] S4 r11 blit[2] slots 10 ridp 1
[uatrec] S4 r11 blit[3] slots 10 ridp 1
[uatrec] S4 r11 blit[4] slots 10 ridp 1
[uatrec] S4 r11 blit[5] slots 10 ridp 1
[uatrec] S4 r11 blit[6] slots 10 ridp 1
[uatrec] S4 r11 blit[7] slots 10 ridp 1
[mtlr] resource2 sel8 flags 470 sz 0x100000 -> kr 0x00000000 rid 119 GPUVA 0x10002490000 cpu 109188000
[mtlr]   out: 0000010002490000 0000000109188000 0000000101365940 0000000000000000
[mtlr]   out: 0000007700000000 0000000000100000 00000002bab7b76d 0000000000365432
[uatrec] S4 r12 victim[0] rid 119 gpuva 0x10002490000 cpu 0x109188000 (top-of-stack)
[mtlr] resource2 sel8 flags 470 sz 0x100000 -> kr 0x00000000 rid 120 GPUVA 0x10002598000 cpu 109288000
[mtlr]   out: 0000010002598000 0000000109288000 0000000101365a00 0000000000000000
[mtlr]   out: 0000007800000000 0000000000100000 00000002bab7b771 0000000000365433
[uatrec] S4 r12 victim[1] rid 120 gpuva 0x10002598000 cpu 0x109288000 (top-of-stack)
[mtlr] resource2 sel8 flags 470 sz 0x100000 -> kr 0x00000000 rid 121 GPUVA 0x100026a0000 cpu 109388000
[mtlr]   out: 00000100026a0000 0000000109388000 0000000101365ac0 0000000000000000
[mtlr]   out: 0000007900000000 0000000000100000 00000002bab7b772 0000000000365434
[uatrec] S4 r12 victim[2] rid 121 gpuva 0x100026a0000 cpu 0x109388000 (top-of-stack)
[mtlr] resource2 sel8 flags 470 sz 0x100000 -> kr 0x00000000 rid 122 GPUVA 0x100027a8000 cpu 109488000
[mtlr]   out: 00000100027a8000 0000000109488000 0000000101365b80 0000000000000000
[mtlr]   out: 0000007a00000000 0000000000100000 00000002bab7b773 0000000000365435
[uatrec] S4 r12 victim[3] rid 122 gpuva 0x100027a8000 cpu 0x109488000 (top-of-stack)
[mtlr] resource2 sel8 flags 470 sz 0x100000 -> kr 0x00000000 rid 123 GPUVA 0x100028b0000 cpu 109588000
[mtlr]   out: 00000100028b0000 0000000109588000 0000000101365c40 0000000000000000
[mtlr]   out: 0000007b00000000 0000000000100000 00000002bab7b774 0000000000365436
[uatrec] S4 r12 victim[4] rid 123 gpuva 0x100028b0000 cpu 0x109588000 (top-of-stack)
[mtlr] resource2 sel8 flags 470 sz 0x100000 -> kr 0x00000000 rid 124 GPUVA 0x100029b8000 cpu 109784000
[mtlr]   out: 00000100029b8000 0000000109784000 0000000101365d00 0000000000000000
[mtlr]   out: 0000007c00000000 0000000000100000 00000002bab7b775 0000000000365437
[uatrec] S4 r12 victim[5] rid 124 gpuva 0x100029b8000 cpu 0x109784000 (top-of-stack)
[mtlr] resource2 sel8 flags 470 sz 0x100000 -> kr 0x00000000 rid 125 GPUVA 0x10002ac0000 cpu 109be0000
[mtlr]   out: 0000010002ac0000 0000000109be0000 0000000101365dc0 0000000000000000
[mtlr]   out: 0000007d00000000 0000000000100000 00000002bab7b776 0000000000365438
[uatrec] S4 r12 victim[6] rid 125 gpuva 0x10002ac0000 cpu 0x109be0000 (top-of-stack)
[mtlr] resource2 sel8 flags 470 sz 0x100000 -> kr 0x00000000 rid 126 GPUVA 0x10002bc8000 cpu 109d04000
[mtlr]   out: 0000010002bc8000 0000000109d04000 0000000101365e80 0000000000000000
[mtlr]   out: 0000007e00000000 0000000000100000 00000002bab7b777 0000000000365439
[uatrec] S4 r12 victim[7] rid 126 gpuva 0x10002bc8000 cpu 0x109d04000 (top-of-stack)
[mtlr] resource2 sel8 flags 470 sz 0x1000 -> kr 0x00000000 rid 119 GPUVA 0x10002490000 cpu 109688000
[mtlr]   out: 0000010002490000 0000000109688000 0000000101365940 0000000000000000
[mtlr]   out: 0000007700000000 0000000000004000 00000002bab7b793 0000000000365443
[mtlr] resource2 sel8 flags 470 sz 0x1000 -> kr 0x00000000 rid 119 GPUVA 0x10002490000 cpu 109688000
[mtlr]   out: 0000010002490000 0000000109688000 0000000101365940 0000000000000000
[mtlr]   out: 0000007700000000 0000000000004000 00000002bab7b794 0000000000365444
[mtlr] resource2 sel8 flags 470 sz 0x1000 -> kr 0x00000000 rid 119 GPUVA 0x10002490000 cpu 109688000
[mtlr]   out: 0000010002490000 0000000109688000 0000000101365940 0000000000000000
[mtlr]   out: 0000007700000000 0000000000004000 00000002bab7b795 0000000000365445
[mtlr] resource2 sel8 flags 470 sz 0x1000 -> kr 0x00000000 rid 119 GPUVA 0x10002490000 cpu 109688000
[mtlr]   out: 0000010002490000 0000000109688000 0000000101365940 0000000000000000
[mtlr]   out: 0000007700000000 0000000000004000 00000002bab7b796 0000000000365446
[mtlr] resource2 sel8 flags 470 sz 0x1000 -> kr 0x00000000 rid 119 GPUVA 0x10002490000 cpu 109688000
[mtlr]   out: 0000010002490000 0000000109688000 0000000101365940 0000000000000000
[mtlr]   out: 0000007700000000 0000000000004000 00000002bab7b797 0000000000365447
[mtlr] resource2 sel8 flags 470 sz 0x1000 -> kr 0x00000000 rid 119 GPUVA 0x10002490000 cpu 109688000
[mtlr]   out: 0000010002490000 0000000109688000 0000000101365940 0000000000000000
[mtlr]   out: 0000007700000000 0000000000004000 00000002bab7b798 0000000000365448
[mtlr] resource2 sel8 flags 470 sz 0x1000 -> kr 0x00000000 rid 119 GPUVA 0x10002490000 cpu 109688000
[mtlr]   out: 0000010002490000 0000000109688000 0000000101365940 0000000000000000
[mtlr]   out: 0000007700000000 0000000000004000 00000002bab7b799 0000000000365449
[mtlr] resource2 sel8 flags 470 sz 0x1000 -> kr 0x00000000 rid 119 GPUVA 0x10002490000 cpu 109688000
[mtlr]   out: 0000010002490000 0000000109688000 0000000101365940 0000000000000000
[mtlr]   out: 0000007700000000 0000000000004000 00000002bab7b79a 000000000036544a
[mtlr] resource2 sel8 flags 470 sz 0x1000 -> kr 0x00000000 rid 119 GPUVA 0x10002490000 cpu 109688000
[mtlr]   out: 0000010002490000 0000000109688000 0000000101365940 0000000000000000
[mtlr]   out: 0000007700000000 0000000000004000 00000002bab7b79b 000000000036544b
[mtlr] resource2 sel8 flags 470 sz 0x1000 -> kr 0x00000000 rid 119 GPUVA 0x10002490000 cpu 109688000
[mtlr]   out: 0000010002490000 0000000109688000 0000000101365940 0000000000000000
[mtlr]   out: 0000007700000000 0000000000004000 00000002bab7b79c 000000000036544c
[mtlr] resource2 sel8 flags 470 sz 0x1000 -> kr 0x00000000 rid 119 GPUVA 0x10002490000 cpu 109688000
[mtlr]   out: 0000010002490000 0000000109688000 0000000101365940 0000000000000000
[mtlr]   out: 0000007700000000 0000000000004000 00000002bab7b79d 000000000036544d
[mtlr] resource2 sel8 flags 470 sz 0x1000 -> kr 0x00000000 rid 119 GPUVA 0x10002490000 cpu 109688000
[mtlr]   out: 0000010002490000 0000000109688000 0000000101365940 0000000000000000
[mtlr]   out: 0000007700000000 0000000000004000 00000002bab7b79e 000000000036544e
[mtlr] resource2 sel8 flags 470 sz 0x1000 -> kr 0x00000000 rid 119 GPUVA 0x10002490000 cpu 109688000
[mtlr]   out: 0000010002490000 0000000109688000 0000000101365940 0000000000000000
[mtlr]   out: 0000007700000000 0000000000004000 00000002bab7b79f 000000000036544f
[mtlr] resource2 sel8 flags 470 sz 0x1000 -> kr 0x00000000 rid 119 GPUVA 0x10002490000 cpu 109688000
[mtlr]   out: 0000010002490000 0000000109688000 0000000101365940 0000000000000000
[mtlr]   out: 0000007700000000 0000000000004000 00000002bab7b7a0 0000000000365450
[mtlr] resource2 sel8 flags 470 sz 0x1000 -> kr 0x00000000 rid 119 GPUVA 0x10002490000 cpu 109688000
[mtlr]   out: 0000010002490000 0000000109688000 0000000101365940 0000000000000000
[mtlr]   out: 0000007700000000 0000000000004000 00000002bab7b7a1 0000000000365451
[mtlr] resource2 sel8 flags 470 sz 0x1000 -> kr 0x00000000 rid 119 GPUVA 0x10002490000 cpu 109688000
[mtlr]   out: 0000010002490000 0000000109688000 0000000101365940 0000000000000000
[mtlr]   out: 0000007700000000 0000000000004000 00000002bab7b7a2 0000000000365452
[mtlr] resource2 sel8 flags 470 sz 0x1000 -> kr 0x00000000 rid 119 GPUVA 0x10002490000 cpu 109688000
[mtlr]   out: 0000010002490000 0000000109688000 0000000101365940 0000000000000000
[mtlr]   out: 0000007700000000 0000000000004000 00000002bab7b7a3 0000000000365453
[mtlr] resource2 sel8 flags 470 sz 0x1000 -> kr 0x00000000 rid 119 GPUVA 0x10002490000 cpu 109688000
[mtlr]   out: 0000010002490000 0000000109688000 0000000101365940 0000000000000000
[mtlr]   out: 0000007700000000 0000000000004000 00000002bab7b7a4 0000000000365454
[mtlr] resource2 sel8 flags 470 sz 0x1000 -> kr 0x00000000 rid 119 GPUVA 0x10002490000 cpu 109688000
[mtlr]   out: 0000010002490000 0000000109688000 0000000101365940 0000000000000000
[mtlr]   out: 0000007700000000 0000000000004000 00000002bab7b7a5 0000000000365455
[mtlr] resource2 sel8 flags 470 sz 0x1000 -> kr 0x00000000 rid 119 GPUVA 0x10002490000 cpu 109688000
[mtlr]   out: 0000010002490000 0000000109688000 0000000101365940 0000000000000000
[mtlr]   out: 0000007700000000 0000000000004000 00000002bab7b7a6 0000000000365456
[mtlr] resource2 sel8 flags 470 sz 0x1000 -> kr 0x00000000 rid 119 GPUVA 0x10002490000 cpu 109688000
[mtlr]   out: 0000010002490000 0000000109688000 0000000101365940 0000000000000000
[mtlr]   out: 0000007700000000 0000000000004000 00000002bab7b7a7 0000000000365457
[mtlr] resource2 sel8 flags 470 sz 0x1000 -> kr 0x00000000 rid 119 GPUVA 0x10002490000 cpu 109688000
[mtlr]   out: 0000010002490000 0000000109688000 0000000101365940 0000000000000000
[mtlr]   out: 0000007700000000 0000000000004000 00000002bab7b7a8 0000000000365458
[mtlr] resource2 sel8 flags 470 sz 0x1000 -> kr 0x00000000 rid 119 GPUVA 0x10002490000 cpu 109688000
[mtlr]   out: 0000010002490000 0000000109688000 0000000101365940 0000000000000000
[mtlr]   out: 0000007700000000 0000000000004000 00000002bab7b7a9 0000000000365459
[mtlr] resource2 sel8 flags 470 sz 0x1000 -> kr 0x00000000 rid 119 GPUVA 0x10002490000 cpu 109688000
[mtlr]   out: 0000010002490000 0000000109688000 0000000101365940 0000000000000000
[mtlr]   out: 0000007700000000 0000000000004000 00000002bab7b7aa 000000000036545a
[mtlr] resource2 sel8 flags 470 sz 0x1000 -> kr 0x00000000 rid 119 GPUVA 0x10002490000 cpu 109688000
[mtlr]   out: 0000010002490000 0000000109688000 0000000101365940 0000000000000000
[mtlr]   out: 0000007700000000 0000000000004000 00000002bab7b7ab 000000000036545b
[mtlr] resource2 sel8 flags 470 sz 0x1000 -> kr 0x00000000 rid 119 GPUVA 0x10002490000 cpu 109688000
[mtlr]   out: 0000010002490000 0000000109688000 0000000101365940 0000000000000000
[mtlr]   out: 0000007700000000 0000000000004000 00000002bab7b7ac 000000000036545c
[mtlr] resource2 sel8 flags 470 sz 0x1000 -> kr 0x00000000 rid 119 GPUVA 0x10002490000 cpu 109688000
[mtlr]   out: 0000010002490000 0000000109688000 0000000101365940 0000000000000000
[mtlr]   out: 0000007700000000 0000000000004000 00000002bab7b7ad 000000000036545d
[mtlr] resource2 sel8 flags 470 sz 0x1000 -> kr 0x00000000 rid 119 GPUVA 0x10002490000 cpu 109688000
[mtlr]   out: 0000010002490000 0000000109688000 0000000101365940 0000000000000000
[mtlr]   out: 0000007700000000 0000000000004000 00000002bab7b7ae 000000000036545e
[mtlr] resource2 sel8 flags 470 sz 0x1000 -> kr 0x00000000 rid 119 GPUVA 0x10002490000 cpu 109688000
[mtlr]   out: 0000010002490000 0000000109688000 0000000101365940 0000000000000000
[mtlr]   out: 0000007700000000 0000000000004000 00000002bab7b7af 000000000036545f
[mtlr] resource2 sel8 flags 470 sz 0x1000 -> kr 0x00000000 rid 119 GPUVA 0x10002490000 cpu 109688000
[mtlr]   out: 0000010002490000 0000000109688000 0000000101365940 0000000000000000
[mtlr]   out: 0000007700000000 0000000000004000 00000002bab7b7b0 0000000000365460
[mtlr] resource2 sel8 flags 470 sz 0x1000 -> kr 0x00000000 rid 119 GPUVA 0x10002490000 cpu 109688000
[mtlr]   out: 0000010002490000 0000000109688000 0000000101365940 0000000000000000
[mtlr]   out: 0000007700000000 0000000000004000 00000002bab7b7b1 0000000000365461
[mtlr] resource2 sel8 flags 470 sz 0x1000 -> kr 0x00000000 rid 119 GPUVA 0x10002490000 cpu 109688000
[mtlr]   out: 0000010002490000 0000000109688000 0000000101365940 0000000000000000
[mtlr]   out: 0000007700000000 0000000000004000 00000002bab7b7b2 0000000000365462
[mtlr] resource2 sel8 flags 470 sz 0x1000 -> kr 0x00000000 rid 119 GPUVA 0x10002490000 cpu 109688000
[mtlr]   out: 0000010002490000 0000000109688000 0000000101365940 0000000000000000
[mtlr]   out: 0000007700000000 0000000000004000 00000002bab7b7b3 0000000000365463
[mtlr] resource2 sel8 flags 470 sz 0x1000 -> kr 0x00000000 rid 119 GPUVA 0x10002490000 cpu 109688000
[mtlr]   out: 0000010002490000 0000000109688000 0000000101365940 0000000000000000
[mtlr]   out: 0000007700000000 0000000000004000 00000002bab7b7b4 0000000000365464
[mtlr] resource2 sel8 flags 470 sz 0x1000 -> kr 0x00000000 rid 119 GPUVA 0x10002490000 cpu 109688000
[mtlr]   out: 0000010002490000 0000000109688000 0000000101365940 0000000000000000
[mtlr]   out: 0000007700000000 0000000000004000 00000002bab7b7b5 0000000000365465
[mtlr] resource2 sel8 flags 470 sz 0x1000 -> kr 0x00000000 rid 119 GPUVA 0x10002490000 cpu 109688000
[mtlr]   out: 0000010002490000 0000000109688000 0000000101365940 0000000000000000
[mtlr]   out: 0000007700000000 0000000000004000 00000002bab7b7b6 0000000000365466
[mtlr] resource2 sel8 flags 470 sz 0x1000 -> kr 0x00000000 rid 119 GPUVA 0x10002490000 cpu 109688000
[mtlr]   out: 0000010002490000 0000000109688000 0000000101365940 0000000000000000
[mtlr]   out: 0000007700000000 0000000000004000 00000002bab7b7b7 0000000000365467
[mtlr] resource2 sel8 flags 470 sz 0x1000 -> kr 0x00000000 rid 119 GPUVA 0x10002490000 cpu 109688000
[mtlr]   out: 0000010002490000 0000000109688000 0000000101365940 0000000000000000
[mtlr]   out: 0000007700000000 0000000000004000 00000002bab7b7b8 0000000000365468
[mtlr] resource2 sel8 flags 470 sz 0x1000 -> kr 0x00000000 rid 119 GPUVA 0x10002490000 cpu 109688000
[mtlr]   out: 0000010002490000 0000000109688000 0000000101365940 0000000000000000
[mtlr]   out: 0000007700000000 0000000000004000 00000002bab7b7b9 0000000000365469
[mtlr] resource2 sel8 flags 470 sz 0x1000 -> kr 0x00000000 rid 119 GPUVA 0x10002490000 cpu 109688000
[mtlr]   out: 0000010002490000 0000000109688000 0000000101365940 0000000000000000
[mtlr]   out: 0000007700000000 0000000000004000 00000002bab7b7ba 000000000036546a
[uatrec] S4 r12 (+0s): nvv 8 ncb 8 vsz 0x100000 destroy0 kr 0x00000000 nj 40
[uatrec] S4 r12 blit[0] slots 10 ridp 1
[uatrec] S4 r12 blit[1] slots 10 ridp 1
[uatrec] S4 r12 blit[2] slots 10 ridp 1
[uatrec] S4 r12 blit[3] slots 10 ridp 1
[uatrec] S4 r12 blit[4] slots 10 ridp 1
[uatrec] S4 r12 blit[5] slots 10 ridp 1
[uatrec] S4 r12 blit[6] slots 10 ridp 1
[uatrec] S4 r12 blit[7] slots 10 ridp 1
[mtlr] resource2 sel8 flags 470 sz 0x100000 -> kr 0x00000000 rid 119 GPUVA 0x10002490000 cpu 10bc00000
[mtlr]   out: 0000010002490000 000000010bc00000 0000000101365940 0000000000000000
[mtlr]   out: 0000007700000000 0000000000100000 00000002bab7b7e7 000000000036546d
[uatrec] S4 r13 victim[0] rid 119 gpuva 0x10002490000 cpu 0x10bc00000 (top-of-stack)
[mtlr] resource2 sel8 flags 470 sz 0x100000 -> kr 0x00000000 rid 120 GPUVA 0x10002598000 cpu 10ac00000
[mtlr]   out: 0000010002598000 000000010ac00000 0000000101365a00 0000000000000000
[mtlr]   out: 0000007800000000 0000000000100000 00000002bab7b7e8 000000000036546e
[uatrec] S4 r13 victim[1] rid 120 gpuva 0x10002598000 cpu 0x10ac00000 (top-of-stack)
[mtlr] resource2 sel8 flags 470 sz 0x100000 -> kr 0x00000000 rid 121 GPUVA 0x100026a0000 cpu 109188000
[mtlr]   out: 00000100026a0000 0000000109188000 0000000101365ac0 0000000000000000
[mtlr]   out: 0000007900000000 0000000000100000 00000002bab7b7e9 000000000036546f
[uatrec] S4 r13 victim[2] rid 121 gpuva 0x100026a0000 cpu 0x109188000 (top-of-stack)
[mtlr] resource2 sel8 flags 470 sz 0x100000 -> kr 0x00000000 rid 122 GPUVA 0x100027a8000 cpu 109288000
[mtlr]   out: 00000100027a8000 0000000109288000 0000000101365b80 0000000000000000
[mtlr]   out: 0000007a00000000 0000000000100000 00000002bab7b7f0 0000000000365470
[uatrec] S4 r13 victim[3] rid 122 gpuva 0x100027a8000 cpu 0x109288000 (top-of-stack)
[mtlr] resource2 sel8 flags 470 sz 0x100000 -> kr 0x00000000 rid 123 GPUVA 0x100028b0000 cpu 109388000
[mtlr]   out: 00000100028b0000 0000000109388000 0000000101365c40 0000000000000000
[mtlr]   out: 0000007b00000000 0000000000100000 00000002bab7b7f2 0000000000365471
[uatrec] S4 r13 victim[4] rid 123 gpuva 0x100028b0000 cpu 0x109388000 (top-of-stack)
[mtlr] resource2 sel8 flags 470 sz 0x100000 -> kr 0x00000000 rid 124 GPUVA 0x100029b8000 cpu 109488000
[mtlr]   out: 00000100029b8000 0000000109488000 0000000101365d00 0000000000000000
[mtlr]   out: 0000007c00000000 0000000000100000 00000002bab7b7f3 0000000000365472
[uatrec] S4 r13 victim[5] rid 124 gpuva 0x100029b8000 cpu 0x109488000 (top-of-stack)
[mtlr] resource2 sel8 flags 470 sz 0x100000 -> kr 0x00000000 rid 125 GPUVA 0x10002ac0000 cpu 109588000
[mtlr]   out: 0000010002ac0000 0000000109588000 0000000101365dc0 0000000000000000
[mtlr]   out: 0000007d00000000 0000000000100000 00000002bab7b7f4 0000000000365473
[uatrec] S4 r13 victim[6] rid 125 gpuva 0x10002ac0000 cpu 0x109588000 (top-of-stack)
[mtlr] resource2 sel8 flags 470 sz 0x100000 -> kr 0x00000000 rid 126 GPUVA 0x10002bc8000 cpu 109784000
[mtlr]   out: 0000010002bc8000 0000000109784000 0000000101365e80 0000000000000000
[mtlr]   out: 0000007e00000000 0000000000100000 00000002bab7b7f5 0000000000365474
[uatrec] S4 r13 victim[7] rid 126 gpuva 0x10002bc8000 cpu 0x109784000 (top-of-stack)
[mtlr] resource2 sel8 flags 470 sz 0x1000 -> kr 0x00000000 rid 119 GPUVA 0x10002490000 cpu 109688000
[mtlr]   out: 0000010002490000 0000000109688000 0000000101365940 0000000000000000
[mtlr]   out: 0000007700000000 0000000000004000 00000002bab7b811 000000000036547e
[mtlr] resource2 sel8 flags 470 sz 0x1000 -> kr 0x00000000 rid 119 GPUVA 0x10002490000 cpu 109688000
[mtlr]   out: 0000010002490000 0000000109688000 0000000101365940 0000000000000000
[mtlr]   out: 0000007700000000 0000000000004000 00000002bab7b812 000000000036547f
[mtlr] resource2 sel8 flags 470 sz 0x1000 -> kr 0x00000000 rid 119 GPUVA 0x10002490000 cpu 109688000
[mtlr]   out: 0000010002490000 0000000109688000 0000000101365940 0000000000000000
[mtlr]   out: 0000007700000000 0000000000004000 00000002bab7b813 0000000000365480
[mtlr] resource2 sel8 flags 470 sz 0x1000 -> kr 0x00000000 rid 119 GPUVA 0x10002490000 cpu 109688000
[mtlr]   out: 0000010002490000 0000000109688000 0000000101365940 0000000000000000
[mtlr]   out: 0000007700000000 0000000000004000 00000002bab7b814 0000000000365481
[mtlr] resource2 sel8 flags 470 sz 0x1000 -> kr 0x00000000 rid 119 GPUVA 0x10002490000 cpu 109688000
[mtlr]   out: 0000010002490000 0000000109688000 0000000101365940 0000000000000000
[mtlr]   out: 0000007700000000 0000000000004000 00000002bab7b815 0000000000365482
[mtlr] resource2 sel8 flags 470 sz 0x1000 -> kr 0x00000000 rid 119 GPUVA 0x10002490000 cpu 109688000
[mtlr]   out: 0000010002490000 0000000109688000 0000000101365940 0000000000000000
[mtlr]   out: 0000007700000000 0000000000004000 00000002bab7b816 0000000000365483
[mtlr] resource2 sel8 flags 470 sz 0x1000 -> kr 0x00000000 rid 119 GPUVA 0x10002490000 cpu 109688000
[mtlr]   out: 0000010002490000 0000000109688000 0000000101365940 0000000000000000
[mtlr]   out: 0000007700000000 0000000000004000 00000002bab7b817 0000000000365484
[mtlr] resource2 sel8 flags 470 sz 0x1000 -> kr 0x00000000 rid 119 GPUVA 0x10002490000 cpu 109688000
[mtlr]   out: 0000010002490000 0000000109688000 0000000101365940 0000000000000000
[mtlr]   out: 0000007700000000 0000000000004000 00000002bab7b818 0000000000365485
[mtlr] resource2 sel8 flags 470 sz 0x1000 -> kr 0x00000000 rid 119 GPUVA 0x10002490000 cpu 109688000
[mtlr]   out: 0000010002490000 0000000109688000 0000000101365940 0000000000000000
[mtlr]   out: 0000007700000000 0000000000004000 00000002bab7b819 0000000000365486
[mtlr] resource2 sel8 flags 470 sz 0x1000 -> kr 0x00000000 rid 119 GPUVA 0x10002490000 cpu 109688000
[mtlr]   out: 0000010002490000 0000000109688000 0000000101365940 0000000000000000
[mtlr]   out: 0000007700000000 0000000000004000 00000002bab7b81a 0000000000365487
[mtlr] resource2 sel8 flags 470 sz 0x1000 -> kr 0x00000000 rid 119 GPUVA 0x10002490000 cpu 109688000
[mtlr]   out: 0000010002490000 0000000109688000 0000000101365940 0000000000000000
[mtlr]   out: 0000007700000000 0000000000004000 00000002bab7b81b 0000000000365488
[mtlr] resource2 sel8 flags 470 sz 0x1000 -> kr 0x00000000 rid 119 GPUVA 0x10002490000 cpu 109688000
[mtlr]   out: 0000010002490000 0000000109688000 0000000101365940 0000000000000000
[mtlr]   out: 0000007700000000 0000000000004000 00000002bab7b81c 0000000000365489
[mtlr] resource2 sel8 flags 470 sz 0x1000 -> kr 0x00000000 rid 119 GPUVA 0x10002490000 cpu 109688000
[mtlr]   out: 0000010002490000 0000000109688000 0000000101365940 0000000000000000
[mtlr]   out: 0000007700000000 0000000000004000 00000002bab7b81d 000000000036548a
[mtlr] resource2 sel8 flags 470 sz 0x1000 -> kr 0x00000000 rid 119 GPUVA 0x10002490000 cpu 109688000
[mtlr]   out: 0000010002490000 0000000109688000 0000000101365940 0000000000000000
[mtlr]   out: 0000007700000000 0000000000004000 00000002bab7b81e 000000000036548b
[mtlr] resource2 sel8 flags 470 sz 0x1000 -> kr 0x00000000 rid 119 GPUVA 0x10002490000 cpu 109688000
[mtlr]   out: 0000010002490000 0000000109688000 0000000101365940 0000000000000000
[mtlr]   out: 0000007700000000 0000000000004000 00000002bab7b81f 000000000036548c
[mtlr] resource2 sel8 flags 470 sz 0x1000 -> kr 0x00000000 rid 119 GPUVA 0x10002490000 cpu 109688000
[mtlr]   out: 0000010002490000 0000000109688000 0000000101365940 0000000000000000
[mtlr]   out: 0000007700000000 0000000000004000 00000002bab7b820 000000000036548d
[mtlr] resource2 sel8 flags 470 sz 0x1000 -> kr 0x00000000 rid 119 GPUVA 0x10002490000 cpu 109688000
[mtlr]   out: 0000010002490000 0000000109688000 0000000101365940 0000000000000000
[mtlr]   out: 0000007700000000 0000000000004000 00000002bab7b821 000000000036548e
[mtlr] resource2 sel8 flags 470 sz 0x1000 -> kr 0x00000000 rid 119 GPUVA 0x10002490000 cpu 109688000
[mtlr]   out: 0000010002490000 0000000109688000 0000000101365940 0000000000000000
[mtlr]   out: 0000007700000000 0000000000004000 00000002bab7b822 000000000036548f
[mtlr] resource2 sel8 flags 470 sz 0x1000 -> kr 0x00000000 rid 119 GPUVA 0x10002490000 cpu 109688000
[mtlr]   out: 0000010002490000 0000000109688000 0000000101365940 0000000000000000
[mtlr]   out: 0000007700000000 0000000000004000 00000002bab7b823 0000000000365490
[mtlr] resource2 sel8 flags 470 sz 0x1000 -> kr 0x00000000 rid 119 GPUVA 0x10002490000 cpu 109688000
[mtlr]   out: 0000010002490000 0000000109688000 0000000101365940 0000000000000000
[mtlr]   out: 0000007700000000 0000000000004000 00000002bab7b824 0000000000365491
[mtlr] resource2 sel8 flags 470 sz 0x1000 -> kr 0x00000000 rid 119 GPUVA 0x10002490000 cpu 109688000
[mtlr]   out: 0000010002490000 0000000109688000 0000000101365940 0000000000000000
[mtlr]   out: 0000007700000000 0000000000004000 00000002bab7b825 0000000000365492
[mtlr] resource2 sel8 flags 470 sz 0x1000 -> kr 0x00000000 rid 119 GPUVA 0x10002490000 cpu 109688000
[mtlr]   out: 0000010002490000 0000000109688000 0000000101365940 0000000000000000
[mtlr]   out: 0000007700000000 0000000000004000 00000002bab7b826 0000000000365493
[mtlr] resource2 sel8 flags 470 sz 0x1000 -> kr 0x00000000 rid 119 GPUVA 0x10002490000 cpu 109688000
[mtlr]   out: 0000010002490000 0000000109688000 0000000101365940 0000000000000000
[mtlr]   out: 0000007700000000 0000000000004000 00000002bab7b827 0000000000365494
[mtlr] resource2 sel8 flags 470 sz 0x1000 -> kr 0x00000000 rid 119 GPUVA 0x10002490000 cpu 109688000
[mtlr]   out: 0000010002490000 0000000109688000 0000000101365940 0000000000000000
[mtlr]   out: 0000007700000000 0000000000004000 00000002bab7b828 0000000000365495
[mtlr] resource2 sel8 flags 470 sz 0x1000 -> kr 0x00000000 rid 119 GPUVA 0x10002490000 cpu 109688000
[mtlr]   out: 0000010002490000 0000000109688000 0000000101365940 0000000000000000
[mtlr]   out: 0000007700000000 0000000000004000 00000002bab7b829 0000000000365496
[mtlr] resource2 sel8 flags 470 sz 0x1000 -> kr 0x00000000 rid 119 GPUVA 0x10002490000 cpu 109688000
[mtlr]   out: 0000010002490000 0000000109688000 0000000101365940 0000000000000000
[mtlr]   out: 0000007700000000 0000000000004000 00000002bab7b82a 0000000000365497
[mtlr] resource2 sel8 flags 470 sz 0x1000 -> kr 0x00000000 rid 119 GPUVA 0x10002490000 cpu 109688000
[mtlr]   out: 0000010002490000 0000000109688000 0000000101365940 0000000000000000
[mtlr]   out: 0000007700000000 0000000000004000 00000002bab7b82b 0000000000365498
[mtlr] resource2 sel8 flags 470 sz 0x1000 -> kr 0x00000000 rid 119 GPUVA 0x10002490000 cpu 109688000
[mtlr]   out: 0000010002490000 0000000109688000 0000000101365940 0000000000000000
[mtlr]   out: 0000007700000000 0000000000004000 00000002bab7b82c 0000000000365499
[mtlr] resource2 sel8 flags 470 sz 0x1000 -> kr 0x00000000 rid 119 GPUVA 0x10002490000 cpu 109688000
[mtlr]   out: 0000010002490000 0000000109688000 0000000101365940 0000000000000000
[mtlr]   out: 0000007700000000 0000000000004000 00000002bab7b82d 000000000036549a
[mtlr] resource2 sel8 flags 470 sz 0x1000 -> kr 0x00000000 rid 119 GPUVA 0x10002490000 cpu 109688000
[mtlr]   out: 0000010002490000 0000000109688000 0000000101365940 0000000000000000
[mtlr]   out: 0000007700000000 0000000000004000 00000002bab7b82e 000000000036549b
[mtlr] resource2 sel8 flags 470 sz 0x1000 -> kr 0x00000000 rid 119 GPUVA 0x10002490000 cpu 109688000
[mtlr]   out: 0000010002490000 0000000109688000 0000000101365940 0000000000000000
[mtlr]   out: 0000007700000000 0000000000004000 00000002bab7b82f 000000000036549c
[mtlr] resource2 sel8 flags 470 sz 0x1000 -> kr 0x00000000 rid 119 GPUVA 0x10002490000 cpu 109688000
[mtlr]   out: 0000010002490000 0000000109688000 0000000101365940 0000000000000000
[mtlr]   out: 0000007700000000 0000000000004000 00000002bab7b830 000000000036549d
[mtlr] resource2 sel8 flags 470 sz 0x1000 -> kr 0x00000000 rid 119 GPUVA 0x10002490000 cpu 109688000
[mtlr]   out: 0000010002490000 0000000109688000 0000000101365940 0000000000000000
[mtlr]   out: 0000007700000000 0000000000004000 00000002bab7b831 000000000036549e
[mtlr] resource2 sel8 flags 470 sz 0x1000 -> kr 0x00000000 rid 119 GPUVA 0x10002490000 cpu 109688000
[mtlr]   out: 0000010002490000 0000000109688000 0000000101365940 0000000000000000
[mtlr]   out: 0000007700000000 0000000000004000 00000002bab7b832 000000000036549f
[mtlr] resource2 sel8 flags 470 sz 0x1000 -> kr 0x00000000 rid 119 GPUVA 0x10002490000 cpu 109688000
[mtlr]   out: 0000010002490000 0000000109688000 0000000101365940 0000000000000000
[mtlr]   out: 0000007700000000 0000000000004000 00000002bab7b833 00000000003654a0
[mtlr] resource2 sel8 flags 470 sz 0x1000 -> kr 0x00000000 rid 119 GPUVA 0x10002490000 cpu 109688000
[mtlr]   out: 0000010002490000 0000000109688000 0000000101365940 0000000000000000
[mtlr]   out: 0000007700000000 0000000000004000 00000002bab7b834 00000000003654a1
[mtlr] resource2 sel8 flags 470 sz 0x1000 -> kr 0x00000000 rid 119 GPUVA 0x10002490000 cpu 109688000
[mtlr]   out: 0000010002490000 0000000109688000 0000000101365940 0000000000000000
[mtlr]   out: 0000007700000000 0000000000004000 00000002bab7b835 00000000003654a2
[mtlr] resource2 sel8 flags 470 sz 0x1000 -> kr 0x00000000 rid 119 GPUVA 0x10002490000 cpu 109688000
[mtlr]   out: 0000010002490000 0000000109688000 0000000101365940 0000000000000000
[mtlr]   out: 0000007700000000 0000000000004000 00000002bab7b836 00000000003654a3
[mtlr] resource2 sel8 flags 470 sz 0x1000 -> kr 0x00000000 rid 119 GPUVA 0x10002490000 cpu 109688000
[mtlr]   out: 0000010002490000 0000000109688000 0000000101365940 0000000000000000
[mtlr]   out: 0000007700000000 0000000000004000 00000002bab7b837 00000000003654a4
[mtlr] resource2 sel8 flags 470 sz 0x1000 -> kr 0x00000000 rid 119 GPUVA 0x10002490000 cpu 109688000
[mtlr]   out: 0000010002490000 0000000109688000 0000000101365940 0000000000000000
[mtlr]   out: 0000007700000000 0000000000004000 00000002bab7b838 00000000003654a5
[uatrec] S4 r13 (+1s): nvv 8 ncb 8 vsz 0x100000 destroy0 kr 0x00000000 nj 40
[uatrec] S4 r13 blit[0] slots 10 ridp 1
[uatrec] S4 r13 blit[1] slots 10 ridp 1
[uatrec] S4 r13 blit[2] slots 10 ridp 1
[uatrec] S4 r13 blit[3] slots 10 ridp 1
[uatrec] S4 r13 blit[4] slots 10 ridp 1
[uatrec] S4 r13 blit[5] slots 10 ridp 1
[uatrec] S4 r13 blit[6] slots 10 ridp 1
[uatrec] S4 r13 blit[7] slots 10 ridp 1
[mtlr] resource2 sel8 flags 470 sz 0x100000 -> kr 0x00000000 rid 119 GPUVA 0x10002490000 cpu 109d04000
[mtlr]   out: 0000010002490000 0000000109d04000 0000000101365940 0000000000000000
[mtlr]   out: 0000007700000000 0000000000100000 00000002bab7b864 00000000003654a8
[uatrec] S4 r14 victim[0] rid 119 gpuva 0x10002490000 cpu 0x109d04000 (top-of-stack)
[mtlr] resource2 sel8 flags 470 sz 0x100000 -> kr 0x00000000 rid 120 GPUVA 0x10002598000 cpu 109e04000
[mtlr]   out: 0000010002598000 0000000109e04000 0000000101365a00 0000000000000000
[mtlr]   out: 0000007800000000 0000000000100000 00000002bab7b865 00000000003654a9
[uatrec] S4 r14 victim[1] rid 120 gpuva 0x10002598000 cpu 0x109e04000 (top-of-stack)
[mtlr] resource2 sel8 flags 470 sz 0x100000 -> kr 0x00000000 rid 121 GPUVA 0x100026a0000 cpu 10ad00000
[mtlr]   out: 00000100026a0000 000000010ad00000 0000000101365ac0 0000000000000000
[mtlr]   out: 0000007900000000 0000000000100000 00000002bab7b866 00000000003654aa
[uatrec] S4 r14 victim[2] rid 121 gpuva 0x100026a0000 cpu 0x10ad00000 (top-of-stack)
[mtlr] resource2 sel8 flags 470 sz 0x100000 -> kr 0x00000000 rid 122 GPUVA 0x100027a8000 cpu 10ae00000
[mtlr]   out: 00000100027a8000 000000010ae00000 0000000101365b80 0000000000000000
[mtlr]   out: 0000007a00000000 0000000000100000 00000002bab7b867 00000000003654ab
[uatrec] S4 r14 victim[3] rid 122 gpuva 0x100027a8000 cpu 0x10ae00000 (top-of-stack)
[mtlr] resource2 sel8 flags 470 sz 0x100000 -> kr 0x00000000 rid 123 GPUVA 0x100028b0000 cpu 109188000
[mtlr]   out: 00000100028b0000 0000000109188000 0000000101365c40 0000000000000000
[mtlr]   out: 0000007b00000000 0000000000100000 00000002bab7b86e 00000000003654ac
[uatrec] S4 r14 victim[4] rid 123 gpuva 0x100028b0000 cpu 0x109188000 (top-of-stack)
[mtlr] resource2 sel8 flags 470 sz 0x100000 -> kr 0x00000000 rid 124 GPUVA 0x100029b8000 cpu 109288000
[mtlr]   out: 00000100029b8000 0000000109288000 0000000101365d00 0000000000000000
[mtlr]   out: 0000007c00000000 0000000000100000 00000002bab7b870 00000000003654ad
[uatrec] S4 r14 victim[5] rid 124 gpuva 0x100029b8000 cpu 0x109288000 (top-of-stack)
[mtlr] resource2 sel8 flags 470 sz 0x100000 -> kr 0x00000000 rid 125 GPUVA 0x10002ac0000 cpu 109388000
[mtlr]   out: 0000010002ac0000 0000000109388000 0000000101365dc0 0000000000000000
[mtlr]   out: 0000007d00000000 0000000000100000 00000002bab7b871 00000000003654ae
[uatrec] S4 r14 victim[6] rid 125 gpuva 0x10002ac0000 cpu 0x109388000 (top-of-stack)
[mtlr] resource2 sel8 flags 470 sz 0x100000 -> kr 0x00000000 rid 126 GPUVA 0x10002bc8000 cpu 109488000
[mtlr]   out: 0000010002bc8000 0000000109488000 0000000101365e80 0000000000000000
[mtlr]   out: 0000007e00000000 0000000000100000 00000002bab7b872 00000000003654af
[uatrec] S4 r14 victim[7] rid 126 gpuva 0x10002bc8000 cpu 0x109488000 (top-of-stack)
[mtlr] resource2 sel8 flags 470 sz 0x1000 -> kr 0x00000000 rid 119 GPUVA 0x10002490000 cpu 109688000
[mtlr]   out: 0000010002490000 0000000109688000 0000000101365940 0000000000000000
[mtlr]   out: 0000007700000000 0000000000004000 00000002bab7b88e 00000000003654b9
[mtlr] resource2 sel8 flags 470 sz 0x1000 -> kr 0x00000000 rid 119 GPUVA 0x10002490000 cpu 109688000
[mtlr]   out: 0000010002490000 0000000109688000 0000000101365940 0000000000000000
[mtlr]   out: 0000007700000000 0000000000004000 00000002bab7b88f 00000000003654ba
[mtlr] resource2 sel8 flags 470 sz 0x1000 -> kr 0x00000000 rid 119 GPUVA 0x10002490000 cpu 109688000
[mtlr]   out: 0000010002490000 0000000109688000 0000000101365940 0000000000000000
[mtlr]   out: 0000007700000000 0000000000004000 00000002bab7b890 00000000003654bb
[mtlr] resource2 sel8 flags 470 sz 0x1000 -> kr 0x00000000 rid 119 GPUVA 0x10002490000 cpu 109688000
[mtlr]   out: 0000010002490000 0000000109688000 0000000101365940 0000000000000000
[mtlr]   out: 0000007700000000 0000000000004000 00000002bab7b891 00000000003654bc
[mtlr] resource2 sel8 flags 470 sz 0x1000 -> kr 0x00000000 rid 119 GPUVA 0x10002490000 cpu 109688000
[mtlr]   out: 0000010002490000 0000000109688000 0000000101365940 0000000000000000
[mtlr]   out: 0000007700000000 0000000000004000 00000002bab7b892 00000000003654bd
[mtlr] resource2 sel8 flags 470 sz 0x1000 -> kr 0x00000000 rid 119 GPUVA 0x10002490000 cpu 109688000
[mtlr]   out: 0000010002490000 0000000109688000 0000000101365940 0000000000000000
[mtlr]   out: 0000007700000000 0000000000004000 00000002bab7b893 00000000003654be
[mtlr] resource2 sel8 flags 470 sz 0x1000 -> kr 0x00000000 rid 119 GPUVA 0x10002490000 cpu 109688000
[mtlr]   out: 0000010002490000 0000000109688000 0000000101365940 0000000000000000
[mtlr]   out: 0000007700000000 0000000000004000 00000002bab7b894 00000000003654bf
[mtlr] resource2 sel8 flags 470 sz 0x1000 -> kr 0x00000000 rid 119 GPUVA 0x10002490000 cpu 109688000
[mtlr]   out: 0000010002490000 0000000109688000 0000000101365940 0000000000000000
[mtlr]   out: 0000007700000000 0000000000004000 00000002bab7b895 00000000003654c0
[mtlr] resource2 sel8 flags 470 sz 0x1000 -> kr 0x00000000 rid 119 GPUVA 0x10002490000 cpu 109688000
[mtlr]   out: 0000010002490000 0000000109688000 0000000101365940 0000000000000000
[mtlr]   out: 0000007700000000 0000000000004000 00000002bab7b896 00000000003654c1
[mtlr] resource2 sel8 flags 470 sz 0x1000 -> kr 0x00000000 rid 119 GPUVA 0x10002490000 cpu 109688000
[mtlr]   out: 0000010002490000 0000000109688000 0000000101365940 0000000000000000
[mtlr]   out: 0000007700000000 0000000000004000 00000002bab7b897 00000000003654c2
[mtlr] resource2 sel8 flags 470 sz 0x1000 -> kr 0x00000000 rid 119 GPUVA 0x10002490000 cpu 109688000
[mtlr]   out: 0000010002490000 0000000109688000 0000000101365940 0000000000000000
[mtlr]   out: 0000007700000000 0000000000004000 00000002bab7b898 00000000003654c3
[mtlr] resource2 sel8 flags 470 sz 0x1000 -> kr 0x00000000 rid 119 GPUVA 0x10002490000 cpu 109688000
[mtlr]   out: 0000010002490000 0000000109688000 0000000101365940 0000000000000000
[mtlr]   out: 0000007700000000 0000000000004000 00000002bab7b899 00000000003654c4
[mtlr] resource2 sel8 flags 470 sz 0x1000 -> kr 0x00000000 rid 119 GPUVA 0x10002490000 cpu 109688000
[mtlr]   out: 0000010002490000 0000000109688000 0000000101365940 0000000000000000
[mtlr]   out: 0000007700000000 0000000000004000 00000002bab7b89a 00000000003654c5
[mtlr] resource2 sel8 flags 470 sz 0x1000 -> kr 0x00000000 rid 119 GPUVA 0x10002490000 cpu 109688000
[mtlr]   out: 0000010002490000 0000000109688000 0000000101365940 0000000000000000
[mtlr]   out: 0000007700000000 0000000000004000 00000002bab7b89b 00000000003654c6
[mtlr] resource2 sel8 flags 470 sz 0x1000 -> kr 0x00000000 rid 119 GPUVA 0x10002490000 cpu 109688000
[mtlr]   out: 0000010002490000 0000000109688000 0000000101365940 0000000000000000
[mtlr]   out: 0000007700000000 0000000000004000 00000002bab7b89c 00000000003654c7
[mtlr] resource2 sel8 flags 470 sz 0x1000 -> kr 0x00000000 rid 119 GPUVA 0x10002490000 cpu 109688000
[mtlr]   out: 0000010002490000 0000000109688000 0000000101365940 0000000000000000
[mtlr]   out: 0000007700000000 0000000000004000 00000002bab7b89d 00000000003654c8
[mtlr] resource2 sel8 flags 470 sz 0x1000 -> kr 0x00000000 rid 119 GPUVA 0x10002490000 cpu 109688000
[mtlr]   out: 0000010002490000 0000000109688000 0000000101365940 0000000000000000
[mtlr]   out: 0000007700000000 0000000000004000 00000002bab7b89e 00000000003654c9
[mtlr] resource2 sel8 flags 470 sz 0x1000 -> kr 0x00000000 rid 119 GPUVA 0x10002490000 cpu 109688000
[mtlr]   out: 0000010002490000 0000000109688000 0000000101365940 0000000000000000
[mtlr]   out: 0000007700000000 0000000000004000 00000002bab7b89f 00000000003654ca
[mtlr] resource2 sel8 flags 470 sz 0x1000 -> kr 0x00000000 rid 119 GPUVA 0x10002490000 cpu 109688000
[mtlr]   out: 0000010002490000 0000000109688000 0000000101365940 0000000000000000
[mtlr]   out: 0000007700000000 0000000000004000 00000002bab7b8a0 00000000003654cb
[mtlr] resource2 sel8 flags 470 sz 0x1000 -> kr 0x00000000 rid 119 GPUVA 0x10002490000 cpu 109688000
[mtlr]   out: 0000010002490000 0000000109688000 0000000101365940 0000000000000000
[mtlr]   out: 0000007700000000 0000000000004000 00000002bab7b8a1 00000000003654cc
[mtlr] resource2 sel8 flags 470 sz 0x1000 -> kr 0x00000000 rid 119 GPUVA 0x10002490000 cpu 109688000
[mtlr]   out: 0000010002490000 0000000109688000 0000000101365940 0000000000000000
[mtlr]   out: 0000007700000000 0000000000004000 00000002bab7b8a2 00000000003654cd
[mtlr] resource2 sel8 flags 470 sz 0x1000 -> kr 0x00000000 rid 119 GPUVA 0x10002490000 cpu 109688000
[mtlr]   out: 0000010002490000 0000000109688000 0000000101365940 0000000000000000
[mtlr]   out: 0000007700000000 0000000000004000 00000002bab7b8a3 00000000003654ce
[mtlr] resource2 sel8 flags 470 sz 0x1000 -> kr 0x00000000 rid 119 GPUVA 0x10002490000 cpu 109688000
[mtlr]   out: 0000010002490000 0000000109688000 0000000101365940 0000000000000000
[mtlr]   out: 0000007700000000 0000000000004000 00000002bab7b8a4 00000000003654cf
[mtlr] resource2 sel8 flags 470 sz 0x1000 -> kr 0x00000000 rid 119 GPUVA 0x10002490000 cpu 109688000
[mtlr]   out: 0000010002490000 0000000109688000 0000000101365940 0000000000000000
[mtlr]   out: 0000007700000000 0000000000004000 00000002bab7b8a5 00000000003654d0
[mtlr] resource2 sel8 flags 470 sz 0x1000 -> kr 0x00000000 rid 119 GPUVA 0x10002490000 cpu 109688000
[mtlr]   out: 0000010002490000 0000000109688000 0000000101365940 0000000000000000
[mtlr]   out: 0000007700000000 0000000000004000 00000002bab7b8a6 00000000003654d1
[mtlr] resource2 sel8 flags 470 sz 0x1000 -> kr 0x00000000 rid 119 GPUVA 0x10002490000 cpu 109688000
[mtlr]   out: 0000010002490000 0000000109688000 0000000101365940 0000000000000000
[mtlr]   out: 0000007700000000 0000000000004000 00000002bab7b8a7 00000000003654d2
[mtlr] resource2 sel8 flags 470 sz 0x1000 -> kr 0x00000000 rid 119 GPUVA 0x10002490000 cpu 109688000
[mtlr]   out: 0000010002490000 0000000109688000 0000000101365940 0000000000000000
[mtlr]   out: 0000007700000000 0000000000004000 00000002bab7b8a8 00000000003654d3
[mtlr] resource2 sel8 flags 470 sz 0x1000 -> kr 0x00000000 rid 119 GPUVA 0x10002490000 cpu 109688000
[mtlr]   out: 0000010002490000 0000000109688000 0000000101365940 0000000000000000
[mtlr]   out: 0000007700000000 0000000000004000 00000002bab7b8a9 00000000003654d4
[mtlr] resource2 sel8 flags 470 sz 0x1000 -> kr 0x00000000 rid 119 GPUVA 0x10002490000 cpu 109688000
[mtlr]   out: 0000010002490000 0000000109688000 0000000101365940 0000000000000000
[mtlr]   out: 0000007700000000 0000000000004000 00000002bab7b8aa 00000000003654d5
[mtlr] resource2 sel8 flags 470 sz 0x1000 -> kr 0x00000000 rid 119 GPUVA 0x10002490000 cpu 109688000
[mtlr]   out: 0000010002490000 0000000109688000 0000000101365940 0000000000000000
[mtlr]   out: 0000007700000000 0000000000004000 00000002bab7b8ab 00000000003654d6
[mtlr] resource2 sel8 flags 470 sz 0x1000 -> kr 0x00000000 rid 119 GPUVA 0x10002490000 cpu 109688000
[mtlr]   out: 0000010002490000 0000000109688000 0000000101365940 0000000000000000
[mtlr]   out: 0000007700000000 0000000000004000 00000002bab7b8ac 00000000003654d7
[mtlr] resource2 sel8 flags 470 sz 0x1000 -> kr 0x00000000 rid 119 GPUVA 0x10002490000 cpu 109688000
[mtlr]   out: 0000010002490000 0000000109688000 0000000101365940 0000000000000000
[mtlr]   out: 0000007700000000 0000000000004000 00000002bab7b8ad 00000000003654d8
[mtlr] resource2 sel8 flags 470 sz 0x1000 -> kr 0x00000000 rid 119 GPUVA 0x10002490000 cpu 109688000
[mtlr]   out: 0000010002490000 0000000109688000 0000000101365940 0000000000000000
[mtlr]   out: 0000007700000000 0000000000004000 00000002bab7b8ae 00000000003654d9
[mtlr] resource2 sel8 flags 470 sz 0x1000 -> kr 0x00000000 rid 119 GPUVA 0x10002490000 cpu 109688000
[mtlr]   out: 0000010002490000 0000000109688000 0000000101365940 0000000000000000
[mtlr]   out: 0000007700000000 0000000000004000 00000002bab7b8af 00000000003654da
[mtlr] resource2 sel8 flags 470 sz 0x1000 -> kr 0x00000000 rid 119 GPUVA 0x10002490000 cpu 109688000
[mtlr]   out: 0000010002490000 0000000109688000 0000000101365940 0000000000000000
[mtlr]   out: 0000007700000000 0000000000004000 00000002bab7b8b0 00000000003654db
[mtlr] resource2 sel8 flags 470 sz 0x1000 -> kr 0x00000000 rid 119 GPUVA 0x10002490000 cpu 109688000
[mtlr]   out: 0000010002490000 0000000109688000 0000000101365940 0000000000000000
[mtlr]   out: 0000007700000000 0000000000004000 00000002bab7b8b1 00000000003654dc
[mtlr] resource2 sel8 flags 470 sz 0x1000 -> kr 0x00000000 rid 119 GPUVA 0x10002490000 cpu 109688000
[mtlr]   out: 0000010002490000 0000000109688000 0000000101365940 0000000000000000
[mtlr]   out: 0000007700000000 0000000000004000 00000002bab7b8b2 00000000003654dd
[mtlr] resource2 sel8 flags 470 sz 0x1000 -> kr 0x00000000 rid 119 GPUVA 0x10002490000 cpu 109688000
[mtlr]   out: 0000010002490000 0000000109688000 0000000101365940 0000000000000000
[mtlr]   out: 0000007700000000 0000000000004000 00000002bab7b8b3 00000000003654de
[mtlr] resource2 sel8 flags 470 sz 0x1000 -> kr 0x00000000 rid 119 GPUVA 0x10002490000 cpu 109688000
[mtlr]   out: 0000010002490000 0000000109688000 0000000101365940 0000000000000000
[mtlr]   out: 0000007700000000 0000000000004000 00000002bab7b8b4 00000000003654df
[mtlr] resource2 sel8 flags 470 sz 0x1000 -> kr 0x00000000 rid 119 GPUVA 0x10002490000 cpu 109688000
[mtlr]   out: 0000010002490000 0000000109688000 0000000101365940 0000000000000000
[mtlr]   out: 0000007700000000 0000000000004000 00000002bab7b8b5 00000000003654e0
[uatrec] S4 r14 (+1s): nvv 8 ncb 8 vsz 0x100000 destroy0 kr 0x00000000 nj 40
[uatrec] S4 r14 blit[0] slots 10 ridp 1
[uatrec] S4 r14 blit[1] slots 10 ridp 1
[uatrec] S4 r14 blit[2] slots 10 ridp 1
[uatrec] S4 r14 blit[3] slots 10 ridp 1
[uatrec] S4 r14 blit[4] slots 10 ridp 1
[uatrec] S4 r14 blit[5] slots 10 ridp 1
[uatrec] S4 r14 blit[6] slots 10 ridp 1
[uatrec] S4 r14 blit[7] slots 10 ridp 1
[mtlr] resource2 sel8 flags 470 sz 0x100000 -> kr 0x00000000 rid 119 GPUVA 0x10002490000 cpu 109188000
[mtlr]   out: 0000010002490000 0000000109188000 0000000101365940 0000000000000000
[mtlr]   out: 0000007700000000 0000000000100000 00000002bab7b8dd 00000000003654e7
[uatrec] S4 r15 victim[0] rid 119 gpuva 0x10002490000 cpu 0x109188000 (top-of-stack)
[mtlr] resource2 sel8 flags 470 sz 0x100000 -> kr 0x00000000 rid 120 GPUVA 0x10002598000 cpu 109288000
[mtlr]   out: 0000010002598000 0000000109288000 0000000101365a00 0000000000000000
[mtlr]   out: 0000007800000000 0000000000100000 00000002bab7b8e6 00000000003654e8
[uatrec] S4 r15 victim[1] rid 120 gpuva 0x10002598000 cpu 0x109288000 (top-of-stack)
[mtlr] resource2 sel8 flags 470 sz 0x100000 -> kr 0x00000000 rid 121 GPUVA 0x100026a0000 cpu 109388000
[mtlr]   out: 00000100026a0000 0000000109388000 0000000101365ac0 0000000000000000
[mtlr]   out: 0000007900000000 0000000000100000 00000002bab7b8e7 00000000003654e9
[uatrec] S4 r15 victim[2] rid 121 gpuva 0x100026a0000 cpu 0x109388000 (top-of-stack)
[mtlr] resource2 sel8 flags 470 sz 0x100000 -> kr 0x00000000 rid 122 GPUVA 0x100027a8000 cpu 109488000
[mtlr]   out: 00000100027a8000 0000000109488000 0000000101365b80 0000000000000000
[mtlr]   out: 0000007a00000000 0000000000100000 00000002bab7b8e8 00000000003654ea
[uatrec] S4 r15 victim[3] rid 122 gpuva 0x100027a8000 cpu 0x109488000 (top-of-stack)
[mtlr] resource2 sel8 flags 470 sz 0x100000 -> kr 0x00000000 rid 123 GPUVA 0x100028b0000 cpu 109588000
[mtlr]   out: 00000100028b0000 0000000109588000 0000000101365c40 0000000000000000
[mtlr]   out: 0000007b00000000 0000000000100000 00000002bab7b8f0 00000000003654eb
[uatrec] S4 r15 victim[4] rid 123 gpuva 0x100028b0000 cpu 0x109588000 (top-of-stack)
[mtlr] resource2 sel8 flags 470 sz 0x100000 -> kr 0x00000000 rid 124 GPUVA 0x100029b8000 cpu 109784000
[mtlr]   out: 00000100029b8000 0000000109784000 0000000101365d00 0000000000000000
[mtlr]   out: 0000007c00000000 0000000000100000 00000002bab7b8f1 00000000003654ec
[uatrec] S4 r15 victim[5] rid 124 gpuva 0x100029b8000 cpu 0x109784000 (top-of-stack)
[mtlr] resource2 sel8 flags 470 sz 0x100000 -> kr 0x00000000 rid 125 GPUVA 0x10002ac0000 cpu 109be0000
[mtlr]   out: 0000010002ac0000 0000000109be0000 0000000101365dc0 0000000000000000
[mtlr]   out: 0000007d00000000 0000000000100000 00000002bab7b8f2 00000000003654ed
[uatrec] S4 r15 victim[6] rid 125 gpuva 0x10002ac0000 cpu 0x109be0000 (top-of-stack)
[mtlr] resource2 sel8 flags 470 sz 0x100000 -> kr 0x00000000 rid 126 GPUVA 0x10002bc8000 cpu 109d04000
[mtlr]   out: 0000010002bc8000 0000000109d04000 0000000101365e80 0000000000000000
[mtlr]   out: 0000007e00000000 0000000000100000 00000002bab7b8f3 00000000003654ee
[uatrec] S4 r15 victim[7] rid 126 gpuva 0x10002bc8000 cpu 0x109d04000 (top-of-stack)
[mtlr] resource2 sel8 flags 470 sz 0x1000 -> kr 0x00000000 rid 119 GPUVA 0x10002490000 cpu 109688000
[mtlr]   out: 0000010002490000 0000000109688000 0000000101365940 0000000000000000
[mtlr]   out: 0000007700000000 0000000000004000 00000002bab7b90f 00000000003654f8
[mtlr] resource2 sel8 flags 470 sz 0x1000 -> kr 0x00000000 rid 119 GPUVA 0x10002490000 cpu 109688000
[mtlr]   out: 0000010002490000 0000000109688000 0000000101365940 0000000000000000
[mtlr]   out: 0000007700000000 0000000000004000 00000002bab7b910 00000000003654f9
[mtlr] resource2 sel8 flags 470 sz 0x1000 -> kr 0x00000000 rid 119 GPUVA 0x10002490000 cpu 109688000
[mtlr]   out: 0000010002490000 0000000109688000 0000000101365940 0000000000000000
[mtlr]   out: 0000007700000000 0000000000004000 00000002bab7b911 00000000003654fa
[mtlr] resource2 sel8 flags 470 sz 0x1000 -> kr 0x00000000 rid 119 GPUVA 0x10002490000 cpu 109688000
[mtlr]   out: 0000010002490000 0000000109688000 0000000101365940 0000000000000000
[mtlr]   out: 0000007700000000 0000000000004000 00000002bab7b912 00000000003654fb
[mtlr] resource2 sel8 flags 470 sz 0x1000 -> kr 0x00000000 rid 119 GPUVA 0x10002490000 cpu 109688000
[mtlr]   out: 0000010002490000 0000000109688000 0000000101365940 0000000000000000
[mtlr]   out: 0000007700000000 0000000000004000 00000002bab7b913 00000000003654fc
[mtlr] resource2 sel8 flags 470 sz 0x1000 -> kr 0x00000000 rid 119 GPUVA 0x10002490000 cpu 109688000
[mtlr]   out: 0000010002490000 0000000109688000 0000000101365940 0000000000000000
[mtlr]   out: 0000007700000000 0000000000004000 00000002bab7b914 00000000003654fd
[mtlr] resource2 sel8 flags 470 sz 0x1000 -> kr 0x00000000 rid 119 GPUVA 0x10002490000 cpu 109688000
[mtlr]   out: 0000010002490000 0000000109688000 0000000101365940 0000000000000000
[mtlr]   out: 0000007700000000 0000000000004000 00000002bab7b915 00000000003654fe
[mtlr] resource2 sel8 flags 470 sz 0x1000 -> kr 0x00000000 rid 119 GPUVA 0x10002490000 cpu 109688000
[mtlr]   out: 0000010002490000 0000000109688000 0000000101365940 0000000000000000
[mtlr]   out: 0000007700000000 0000000000004000 00000002bab7b916 00000000003654ff
[mtlr] resource2 sel8 flags 470 sz 0x1000 -> kr 0x00000000 rid 119 GPUVA 0x10002490000 cpu 109688000
[mtlr]   out: 0000010002490000 0000000109688000 0000000101365940 0000000000000000
[mtlr]   out: 0000007700000000 0000000000004000 00000002bab7b917 0000000000365500
[mtlr] resource2 sel8 flags 470 sz 0x1000 -> kr 0x00000000 rid 119 GPUVA 0x10002490000 cpu 109688000
[mtlr]   out: 0000010002490000 0000000109688000 0000000101365940 0000000000000000
[mtlr]   out: 0000007700000000 0000000000004000 00000002bab7b918 0000000000365501
[mtlr] resource2 sel8 flags 470 sz 0x1000 -> kr 0x00000000 rid 119 GPUVA 0x10002490000 cpu 109688000
[mtlr]   out: 0000010002490000 0000000109688000 0000000101365940 0000000000000000
[mtlr]   out: 0000007700000000 0000000000004000 00000002bab7b919 0000000000365502
[mtlr] resource2 sel8 flags 470 sz 0x1000 -> kr 0x00000000 rid 119 GPUVA 0x10002490000 cpu 109688000
[mtlr]   out: 0000010002490000 0000000109688000 0000000101365940 0000000000000000
[mtlr]   out: 0000007700000000 0000000000004000 00000002bab7b91a 0000000000365503
[mtlr] resource2 sel8 flags 470 sz 0x1000 -> kr 0x00000000 rid 119 GPUVA 0x10002490000 cpu 109688000
[mtlr]   out: 0000010002490000 0000000109688000 0000000101365940 0000000000000000
[mtlr]   out: 0000007700000000 0000000000004000 00000002bab7b91b 0000000000365504
[mtlr] resource2 sel8 flags 470 sz 0x1000 -> kr 0x00000000 rid 119 GPUVA 0x10002490000 cpu 109688000
[mtlr]   out: 0000010002490000 0000000109688000 0000000101365940 0000000000000000
[mtlr]   out: 0000007700000000 0000000000004000 00000002bab7b91c 0000000000365505
[mtlr] resource2 sel8 flags 470 sz 0x1000 -> kr 0x00000000 rid 119 GPUVA 0x10002490000 cpu 109688000
[mtlr]   out: 0000010002490000 0000000109688000 0000000101365940 0000000000000000
[mtlr]   out: 0000007700000000 0000000000004000 00000002bab7b91d 0000000000365506
[mtlr] resource2 sel8 flags 470 sz 0x1000 -> kr 0x00000000 rid 119 GPUVA 0x10002490000 cpu 109688000
[mtlr]   out: 0000010002490000 0000000109688000 0000000101365940 0000000000000000
[mtlr]   out: 0000007700000000 0000000000004000 00000002bab7b91e 0000000000365507
[mtlr] resource2 sel8 flags 470 sz 0x1000 -> kr 0x00000000 rid 119 GPUVA 0x10002490000 cpu 109688000
[mtlr]   out: 0000010002490000 0000000109688000 0000000101365940 0000000000000000
[mtlr]   out: 0000007700000000 0000000000004000 00000002bab7b91f 0000000000365508
[mtlr] resource2 sel8 flags 470 sz 0x1000 -> kr 0x00000000 rid 119 GPUVA 0x10002490000 cpu 109688000
[mtlr]   out: 0000010002490000 0000000109688000 0000000101365940 0000000000000000
[mtlr]   out: 0000007700000000 0000000000004000 00000002bab7b920 0000000000365509
[mtlr] resource2 sel8 flags 470 sz 0x1000 -> kr 0x00000000 rid 119 GPUVA 0x10002490000 cpu 109688000
[mtlr]   out: 0000010002490000 0000000109688000 0000000101365940 0000000000000000
[mtlr]   out: 0000007700000000 0000000000004000 00000002bab7b921 000000000036550a
[mtlr] resource2 sel8 flags 470 sz 0x1000 -> kr 0x00000000 rid 119 GPUVA 0x10002490000 cpu 109688000
[mtlr]   out: 0000010002490000 0000000109688000 0000000101365940 0000000000000000
[mtlr]   out: 0000007700000000 0000000000004000 00000002bab7b922 000000000036550b
[mtlr] resource2 sel8 flags 470 sz 0x1000 -> kr 0x00000000 rid 119 GPUVA 0x10002490000 cpu 109688000
[mtlr]   out: 0000010002490000 0000000109688000 0000000101365940 0000000000000000
[mtlr]   out: 0000007700000000 0000000000004000 00000002bab7b923 000000000036550c
[mtlr] resource2 sel8 flags 470 sz 0x1000 -> kr 0x00000000 rid 119 GPUVA 0x10002490000 cpu 109688000
[mtlr]   out: 0000010002490000 0000000109688000 0000000101365940 0000000000000000
[mtlr]   out: 0000007700000000 0000000000004000 00000002bab7b924 000000000036550d
[mtlr] resource2 sel8 flags 470 sz 0x1000 -> kr 0x00000000 rid 119 GPUVA 0x10002490000 cpu 109688000
[mtlr]   out: 0000010002490000 0000000109688000 0000000101365940 0000000000000000
[mtlr]   out: 0000007700000000 0000000000004000 00000002bab7b925 000000000036550e
[mtlr] resource2 sel8 flags 470 sz 0x1000 -> kr 0x00000000 rid 119 GPUVA 0x10002490000 cpu 109688000
[mtlr]   out: 0000010002490000 0000000109688000 0000000101365940 0000000000000000
[mtlr]   out: 0000007700000000 0000000000004000 00000002bab7b926 000000000036550f
[mtlr] resource2 sel8 flags 470 sz 0x1000 -> kr 0x00000000 rid 119 GPUVA 0x10002490000 cpu 109688000
[mtlr]   out: 0000010002490000 0000000109688000 0000000101365940 0000000000000000
[mtlr]   out: 0000007700000000 0000000000004000 00000002bab7b927 0000000000365510
[mtlr] resource2 sel8 flags 470 sz 0x1000 -> kr 0x00000000 rid 119 GPUVA 0x10002490000 cpu 109688000
[mtlr]   out: 0000010002490000 0000000109688000 0000000101365940 0000000000000000
[mtlr]   out: 0000007700000000 0000000000004000 00000002bab7b928 0000000000365511
[mtlr] resource2 sel8 flags 470 sz 0x1000 -> kr 0x00000000 rid 119 GPUVA 0x10002490000 cpu 109688000
[mtlr]   out: 0000010002490000 0000000109688000 0000000101365940 0000000000000000
[mtlr]   out: 0000007700000000 0000000000004000 00000002bab7b929 0000000000365512
[mtlr] resource2 sel8 flags 470 sz 0x1000 -> kr 0x00000000 rid 119 GPUVA 0x10002490000 cpu 109688000
[mtlr]   out: 0000010002490000 0000000109688000 0000000101365940 0000000000000000
[mtlr]   out: 0000007700000000 0000000000004000 00000002bab7b92a 0000000000365513
[mtlr] resource2 sel8 flags 470 sz 0x1000 -> kr 0x00000000 rid 119 GPUVA 0x10002490000 cpu 109688000
[mtlr]   out: 0000010002490000 0000000109688000 0000000101365940 0000000000000000
[mtlr]   out: 0000007700000000 0000000000004000 00000002bab7b92b 0000000000365514
[mtlr] resource2 sel8 flags 470 sz 0x1000 -> kr 0x00000000 rid 119 GPUVA 0x10002490000 cpu 109688000
[mtlr]   out: 0000010002490000 0000000109688000 0000000101365940 0000000000000000
[mtlr]   out: 0000007700000000 0000000000004000 00000002bab7b92c 0000000000365515
[mtlr] resource2 sel8 flags 470 sz 0x1000 -> kr 0x00000000 rid 119 GPUVA 0x10002490000 cpu 109688000
[mtlr]   out: 0000010002490000 0000000109688000 0000000101365940 0000000000000000
[mtlr]   out: 0000007700000000 0000000000004000 00000002bab7b92d 0000000000365516
[mtlr] resource2 sel8 flags 470 sz 0x1000 -> kr 0x00000000 rid 119 GPUVA 0x10002490000 cpu 109688000
[mtlr]   out: 0000010002490000 0000000109688000 0000000101365940 0000000000000000
[mtlr]   out: 0000007700000000 0000000000004000 00000002bab7b92e 0000000000365517
[mtlr] resource2 sel8 flags 470 sz 0x1000 -> kr 0x00000000 rid 119 GPUVA 0x10002490000 cpu 109688000
[mtlr]   out: 0000010002490000 0000000109688000 0000000101365940 0000000000000000
[mtlr]   out: 0000007700000000 0000000000004000 00000002bab7b92f 0000000000365518
[mtlr] resource2 sel8 flags 470 sz 0x1000 -> kr 0x00000000 rid 119 GPUVA 0x10002490000 cpu 109688000
[mtlr]   out: 0000010002490000 0000000109688000 0000000101365940 0000000000000000
[mtlr]   out: 0000007700000000 0000000000004000 00000002bab7b930 0000000000365519
[mtlr] resource2 sel8 flags 470 sz 0x1000 -> kr 0x00000000 rid 119 GPUVA 0x10002490000 cpu 109688000
[mtlr]   out: 0000010002490000 0000000109688000 0000000101365940 0000000000000000
[mtlr]   out: 0000007700000000 0000000000004000 00000002bab7b931 000000000036551a
[mtlr] resource2 sel8 flags 470 sz 0x1000 -> kr 0x00000000 rid 119 GPUVA 0x10002490000 cpu 109688000
[mtlr]   out: 0000010002490000 0000000109688000 0000000101365940 0000000000000000
[mtlr]   out: 0000007700000000 0000000000004000 00000002bab7b932 000000000036551b
[mtlr] resource2 sel8 flags 470 sz 0x1000 -> kr 0x00000000 rid 119 GPUVA 0x10002490000 cpu 109688000
[mtlr]   out: 0000010002490000 0000000109688000 0000000101365940 0000000000000000
[mtlr]   out: 0000007700000000 0000000000004000 00000002bab7b933 000000000036551c
[mtlr] resource2 sel8 flags 470 sz 0x1000 -> kr 0x00000000 rid 119 GPUVA 0x10002490000 cpu 109688000
[mtlr]   out: 0000010002490000 0000000109688000 0000000101365940 0000000000000000
[mtlr]   out: 0000007700000000 0000000000004000 00000002bab7b934 000000000036551d
[mtlr] resource2 sel8 flags 470 sz 0x1000 -> kr 0x00000000 rid 119 GPUVA 0x10002490000 cpu 109688000
[mtlr]   out: 0000010002490000 0000000109688000 0000000101365940 0000000000000000
[mtlr]   out: 0000007700000000 0000000000004000 00000002bab7b935 000000000036551e
[mtlr] resource2 sel8 flags 470 sz 0x1000 -> kr 0x00000000 rid 119 GPUVA 0x10002490000 cpu 109688000
[mtlr]   out: 0000010002490000 0000000109688000 0000000101365940 0000000000000000
[mtlr]   out: 0000007700000000 0000000000004000 00000002bab7b936 000000000036551f
[uatrec] S4 r15 (+1s): nvv 8 ncb 8 vsz 0x100000 destroy0 kr 0x00000000 nj 40
[uatrec] S4 r15 blit[0] slots 10 ridp 1
[uatrec] S4 r15 blit[1] slots 10 ridp 1
[uatrec] S4 r15 blit[2] slots 10 ridp 1
[uatrec] S4 r15 blit[3] slots 10 ridp 1
[uatrec] S4 r15 blit[4] slots 10 ridp 1
[uatrec] S4 r15 blit[5] slots 10 ridp 1
[uatrec] S4 r15 blit[6] slots 10 ridp 1
[uatrec] S4 r15 blit[7] slots 10 ridp 1
[mtlr] resource2 sel8 flags 470 sz 0x100000 -> kr 0x00000000 rid 119 GPUVA 0x10002490000 cpu 10bc00000
[mtlr]   out: 0000010002490000 000000010bc00000 0000000101365940 0000000000000000
[mtlr]   out: 0000007700000000 0000000000100000 00000002bab7b959 0000000000365522
[uatrec] S4 r16 victim[0] rid 119 gpuva 0x10002490000 cpu 0x10bc00000 (top-of-stack)
[mtlr] resource2 sel8 flags 470 sz 0x100000 -> kr 0x00000000 rid 120 GPUVA 0x10002598000 cpu 109188000
[mtlr]   out: 0000010002598000 0000000109188000 0000000101365a00 0000000000000000
[mtlr]   out: 0000007800000000 0000000000100000 00000002bab7b96b 0000000000365523
[uatrec] S4 r16 victim[1] rid 120 gpuva 0x10002598000 cpu 0x109188000 (top-of-stack)
[mtlr] resource2 sel8 flags 470 sz 0x100000 -> kr 0x00000000 rid 121 GPUVA 0x100026a0000 cpu 109288000
[mtlr]   out: 00000100026a0000 0000000109288000 0000000101365ac0 0000000000000000
[mtlr]   out: 0000007900000000 0000000000100000 00000002bab7b96c 0000000000365524
[uatrec] S4 r16 victim[2] rid 121 gpuva 0x100026a0000 cpu 0x109288000 (top-of-stack)
[mtlr] resource2 sel8 flags 470 sz 0x100000 -> kr 0x00000000 rid 122 GPUVA 0x100027a8000 cpu 109388000
[mtlr]   out: 00000100027a8000 0000000109388000 0000000101365b80 0000000000000000
[mtlr]   out: 0000007a00000000 0000000000100000 00000002bab7b96d 0000000000365525
[uatrec] S4 r16 victim[3] rid 122 gpuva 0x100027a8000 cpu 0x109388000 (top-of-stack)
[mtlr] resource2 sel8 flags 470 sz 0x100000 -> kr 0x00000000 rid 123 GPUVA 0x100028b0000 cpu 109488000
[mtlr]   out: 00000100028b0000 0000000109488000 0000000101365c40 0000000000000000
[mtlr]   out: 0000007b00000000 0000000000100000 00000002bab7b96e 0000000000365526
[uatrec] S4 r16 victim[4] rid 123 gpuva 0x100028b0000 cpu 0x109488000 (top-of-stack)
[mtlr] resource2 sel8 flags 470 sz 0x100000 -> kr 0x00000000 rid 124 GPUVA 0x100029b8000 cpu 109588000
[mtlr]   out: 00000100029b8000 0000000109588000 0000000101365d00 0000000000000000
[mtlr]   out: 0000007c00000000 0000000000100000 00000002bab7b96f 0000000000365527
[uatrec] S4 r16 victim[5] rid 124 gpuva 0x100029b8000 cpu 0x109588000 (top-of-stack)
[mtlr] resource2 sel8 flags 470 sz 0x100000 -> kr 0x00000000 rid 125 GPUVA 0x10002ac0000 cpu 109784000
[mtlr]   out: 0000010002ac0000 0000000109784000 0000000101365dc0 0000000000000000
[mtlr]   out: 0000007d00000000 0000000000100000 00000002bab7b970 0000000000365528
[uatrec] S4 r16 victim[6] rid 125 gpuva 0x10002ac0000 cpu 0x109784000 (top-of-stack)
[mtlr] resource2 sel8 flags 470 sz 0x100000 -> kr 0x00000000 rid 126 GPUVA 0x10002bc8000 cpu 109be0000
[mtlr]   out: 0000010002bc8000 0000000109be0000 0000000101365e80 0000000000000000
[mtlr]   out: 0000007e00000000 0000000000100000 00000002bab7b971 0000000000365529
[uatrec] S4 r16 victim[7] rid 126 gpuva 0x10002bc8000 cpu 0x109be0000 (top-of-stack)
[mtlr] resource2 sel8 flags 470 sz 0x1000 -> kr 0x00000000 rid 119 GPUVA 0x10002490000 cpu 109688000
[mtlr]   out: 0000010002490000 0000000109688000 0000000101365940 0000000000000000
[mtlr]   out: 0000007700000000 0000000000004000 00000002bab7b98d 0000000000365533
[mtlr] resource2 sel8 flags 470 sz 0x1000 -> kr 0x00000000 rid 119 GPUVA 0x10002490000 cpu 109688000
[mtlr]   out: 0000010002490000 0000000109688000 0000000101365940 0000000000000000
[mtlr]   out: 0000007700000000 0000000000004000 00000002bab7b98e 0000000000365534
[mtlr] resource2 sel8 flags 470 sz 0x1000 -> kr 0x00000000 rid 119 GPUVA 0x10002490000 cpu 109688000
[mtlr]   out: 0000010002490000 0000000109688000 0000000101365940 0000000000000000
[mtlr]   out: 0000007700000000 0000000000004000 00000002bab7b98f 0000000000365535
[mtlr] resource2 sel8 flags 470 sz 0x1000 -> kr 0x00000000 rid 119 GPUVA 0x10002490000 cpu 109688000
[mtlr]   out: 0000010002490000 0000000109688000 0000000101365940 0000000000000000
[mtlr]   out: 0000007700000000 0000000000004000 00000002bab7b990 0000000000365536
[mtlr] resource2 sel8 flags 470 sz 0x1000 -> kr 0x00000000 rid 119 GPUVA 0x10002490000 cpu 109688000
[mtlr]   out: 0000010002490000 0000000109688000 0000000101365940 0000000000000000
[mtlr]   out: 0000007700000000 0000000000004000 00000002bab7b991 0000000000365537
[mtlr] resource2 sel8 flags 470 sz 0x1000 -> kr 0x00000000 rid 119 GPUVA 0x10002490000 cpu 109688000
[mtlr]   out: 0000010002490000 0000000109688000 0000000101365940 0000000000000000
[mtlr]   out: 0000007700000000 0000000000004000 00000002bab7b992 0000000000365538
[mtlr] resource2 sel8 flags 470 sz 0x1000 -> kr 0x00000000 rid 119 GPUVA 0x10002490000 cpu 109688000
[mtlr]   out: 0000010002490000 0000000109688000 0000000101365940 0000000000000000
[mtlr]   out: 0000007700000000 0000000000004000 00000002bab7b993 0000000000365539
[mtlr] resource2 sel8 flags 470 sz 0x1000 -> kr 0x00000000 rid 119 GPUVA 0x10002490000 cpu 109688000
[mtlr]   out: 0000010002490000 0000000109688000 0000000101365940 0000000000000000
[mtlr]   out: 0000007700000000 0000000000004000 00000002bab7b994 000000000036553a
[mtlr] resource2 sel8 flags 470 sz 0x1000 -> kr 0x00000000 rid 119 GPUVA 0x10002490000 cpu 109688000
[mtlr]   out: 0000010002490000 0000000109688000 0000000101365940 0000000000000000
[mtlr]   out: 0000007700000000 0000000000004000 00000002bab7b995 000000000036553b
[mtlr] resource2 sel8 flags 470 sz 0x1000 -> kr 0x00000000 rid 119 GPUVA 0x10002490000 cpu 109688000
[mtlr]   out: 0000010002490000 0000000109688000 0000000101365940 0000000000000000
[mtlr]   out: 0000007700000000 0000000000004000 00000002bab7b996 000000000036553c
[mtlr] resource2 sel8 flags 470 sz 0x1000 -> kr 0x00000000 rid 119 GPUVA 0x10002490000 cpu 109688000
[mtlr]   out: 0000010002490000 0000000109688000 0000000101365940 0000000000000000
[mtlr]   out: 0000007700000000 0000000000004000 00000002bab7b997 000000000036553d
[mtlr] resource2 sel8 flags 470 sz 0x1000 -> kr 0x00000000 rid 119 GPUVA 0x10002490000 cpu 109688000
[mtlr]   out: 0000010002490000 0000000109688000 0000000101365940 0000000000000000
[mtlr]   out: 0000007700000000 0000000000004000 00000002bab7b998 000000000036553e
[mtlr] resource2 sel8 flags 470 sz 0x1000 -> kr 0x00000000 rid 119 GPUVA 0x10002490000 cpu 109688000
[mtlr]   out: 0000010002490000 0000000109688000 0000000101365940 0000000000000000
[mtlr]   out: 0000007700000000 0000000000004000 00000002bab7b999 000000000036553f
[mtlr] resource2 sel8 flags 470 sz 0x1000 -> kr 0x00000000 rid 119 GPUVA 0x10002490000 cpu 109688000
[mtlr]   out: 0000010002490000 0000000109688000 0000000101365940 0000000000000000
[mtlr]   out: 0000007700000000 0000000000004000 00000002bab7b99a 0000000000365540
[mtlr] resource2 sel8 flags 470 sz 0x1000 -> kr 0x00000000 rid 119 GPUVA 0x10002490000 cpu 109688000
[mtlr]   out: 0000010002490000 0000000109688000 0000000101365940 0000000000000000
[mtlr]   out: 0000007700000000 0000000000004000 00000002bab7b99b 0000000000365541
[mtlr] resource2 sel8 flags 470 sz 0x1000 -> kr 0x00000000 rid 119 GPUVA 0x10002490000 cpu 109688000
[mtlr]   out: 0000010002490000 0000000109688000 0000000101365940 0000000000000000
[mtlr]   out: 0000007700000000 0000000000004000 00000002bab7b99c 0000000000365542
[mtlr] resource2 sel8 flags 470 sz 0x1000 -> kr 0x00000000 rid 119 GPUVA 0x10002490000 cpu 109688000
[mtlr]   out: 0000010002490000 0000000109688000 0000000101365940 0000000000000000
[mtlr]   out: 0000007700000000 0000000000004000 00000002bab7b99d 0000000000365543
[mtlr] resource2 sel8 flags 470 sz 0x1000 -> kr 0x00000000 rid 119 GPUVA 0x10002490000 cpu 109688000
[mtlr]   out: 0000010002490000 0000000109688000 0000000101365940 0000000000000000
[mtlr]   out: 0000007700000000 0000000000004000 00000002bab7b99e 0000000000365544
[mtlr] resource2 sel8 flags 470 sz 0x1000 -> kr 0x00000000 rid 119 GPUVA 0x10002490000 cpu 109688000
[mtlr]   out: 0000010002490000 0000000109688000 0000000101365940 0000000000000000
[mtlr]   out: 0000007700000000 0000000000004000 00000002bab7b99f 0000000000365545
[mtlr] resource2 sel8 flags 470 sz 0x1000 -> kr 0x00000000 rid 119 GPUVA 0x10002490000 cpu 109688000
[mtlr]   out: 0000010002490000 0000000109688000 0000000101365940 0000000000000000
[mtlr]   out: 0000007700000000 0000000000004000 00000002bab7b9a0 0000000000365546
[mtlr] resource2 sel8 flags 470 sz 0x1000 -> kr 0x00000000 rid 119 GPUVA 0x10002490000 cpu 109688000
[mtlr]   out: 0000010002490000 0000000109688000 0000000101365940 0000000000000000
[mtlr]   out: 0000007700000000 0000000000004000 00000002bab7b9a1 0000000000365547
[mtlr] resource2 sel8 flags 470 sz 0x1000 -> kr 0x00000000 rid 119 GPUVA 0x10002490000 cpu 109688000
[mtlr]   out: 0000010002490000 0000000109688000 0000000101365940 0000000000000000
[mtlr]   out: 0000007700000000 0000000000004000 00000002bab7b9a2 0000000000365548
[mtlr] resource2 sel8 flags 470 sz 0x1000 -> kr 0x00000000 rid 119 GPUVA 0x10002490000 cpu 109688000
[mtlr]   out: 0000010002490000 0000000109688000 0000000101365940 0000000000000000
[mtlr]   out: 0000007700000000 0000000000004000 00000002bab7b9a3 0000000000365549
[mtlr] resource2 sel8 flags 470 sz 0x1000 -> kr 0x00000000 rid 119 GPUVA 0x10002490000 cpu 109688000
[mtlr]   out: 0000010002490000 0000000109688000 0000000101365940 0000000000000000
[mtlr]   out: 0000007700000000 0000000000004000 00000002bab7b9a4 000000000036554a
[mtlr] resource2 sel8 flags 470 sz 0x1000 -> kr 0x00000000 rid 119 GPUVA 0x10002490000 cpu 109688000
[mtlr]   out: 0000010002490000 0000000109688000 0000000101365940 0000000000000000
[mtlr]   out: 0000007700000000 0000000000004000 00000002bab7b9a5 000000000036554b
[mtlr] resource2 sel8 flags 470 sz 0x1000 -> kr 0x00000000 rid 119 GPUVA 0x10002490000 cpu 109688000
[mtlr]   out: 0000010002490000 0000000109688000 0000000101365940 0000000000000000
[mtlr]   out: 0000007700000000 0000000000004000 00000002bab7b9a6 000000000036554c
[mtlr] resource2 sel8 flags 470 sz 0x1000 -> kr 0x00000000 rid 119 GPUVA 0x10002490000 cpu 109688000
[mtlr]   out: 0000010002490000 0000000109688000 0000000101365940 0000000000000000
[mtlr]   out: 0000007700000000 0000000000004000 00000002bab7b9a7 000000000036554d
[mtlr] resource2 sel8 flags 470 sz 0x1000 -> kr 0x00000000 rid 119 GPUVA 0x10002490000 cpu 109688000
[mtlr]   out: 0000010002490000 0000000109688000 0000000101365940 0000000000000000
[mtlr]   out: 0000007700000000 0000000000004000 00000002bab7b9a8 000000000036554e
[mtlr] resource2 sel8 flags 470 sz 0x1000 -> kr 0x00000000 rid 119 GPUVA 0x10002490000 cpu 109688000
[mtlr]   out: 0000010002490000 0000000109688000 0000000101365940 0000000000000000
[mtlr]   out: 0000007700000000 0000000000004000 00000002bab7b9a9 000000000036554f
[mtlr] resource2 sel8 flags 470 sz 0x1000 -> kr 0x00000000 rid 119 GPUVA 0x10002490000 cpu 109688000
[mtlr]   out: 0000010002490000 0000000109688000 0000000101365940 0000000000000000
[mtlr]   out: 0000007700000000 0000000000004000 00000002bab7b9aa 0000000000365550
[mtlr] resource2 sel8 flags 470 sz 0x1000 -> kr 0x00000000 rid 119 GPUVA 0x10002490000 cpu 109688000
[mtlr]   out: 0000010002490000 0000000109688000 0000000101365940 0000000000000000
[mtlr]   out: 0000007700000000 0000000000004000 00000002bab7b9ab 0000000000365551
[mtlr] resource2 sel8 flags 470 sz 0x1000 -> kr 0x00000000 rid 119 GPUVA 0x10002490000 cpu 109688000
[mtlr]   out: 0000010002490000 0000000109688000 0000000101365940 0000000000000000
[mtlr]   out: 0000007700000000 0000000000004000 00000002bab7b9ac 0000000000365552
[mtlr] resource2 sel8 flags 470 sz 0x1000 -> kr 0x00000000 rid 119 GPUVA 0x10002490000 cpu 109688000
[mtlr]   out: 0000010002490000 0000000109688000 0000000101365940 0000000000000000
[mtlr]   out: 0000007700000000 0000000000004000 00000002bab7b9ad 0000000000365553
[mtlr] resource2 sel8 flags 470 sz 0x1000 -> kr 0x00000000 rid 119 GPUVA 0x10002490000 cpu 109688000
[mtlr]   out: 0000010002490000 0000000109688000 0000000101365940 0000000000000000
[mtlr]   out: 0000007700000000 0000000000004000 00000002bab7b9ae 0000000000365554
[mtlr] resource2 sel8 flags 470 sz 0x1000 -> kr 0x00000000 rid 119 GPUVA 0x10002490000 cpu 109688000
[mtlr]   out: 0000010002490000 0000000109688000 0000000101365940 0000000000000000
[mtlr]   out: 0000007700000000 0000000000004000 00000002bab7b9af 0000000000365555
[mtlr] resource2 sel8 flags 470 sz 0x1000 -> kr 0x00000000 rid 119 GPUVA 0x10002490000 cpu 109688000
[mtlr]   out: 0000010002490000 0000000109688000 0000000101365940 0000000000000000
[mtlr]   out: 0000007700000000 0000000000004000 00000002bab7b9b0 0000000000365556
[mtlr] resource2 sel8 flags 470 sz 0x1000 -> kr 0x00000000 rid 119 GPUVA 0x10002490000 cpu 109688000
[mtlr]   out: 0000010002490000 0000000109688000 0000000101365940 0000000000000000
[mtlr]   out: 0000007700000000 0000000000004000 00000002bab7b9b1 0000000000365557
[mtlr] resource2 sel8 flags 470 sz 0x1000 -> kr 0x00000000 rid 119 GPUVA 0x10002490000 cpu 109688000
[mtlr]   out: 0000010002490000 0000000109688000 0000000101365940 0000000000000000
[mtlr]   out: 0000007700000000 0000000000004000 00000002bab7b9b2 0000000000365558
[mtlr] resource2 sel8 flags 470 sz 0x1000 -> kr 0x00000000 rid 119 GPUVA 0x10002490000 cpu 109688000
[mtlr]   out: 0000010002490000 0000000109688000 0000000101365940 0000000000000000
[mtlr]   out: 0000007700000000 0000000000004000 00000002bab7b9b3 0000000000365559
[mtlr] resource2 sel8 flags 470 sz 0x1000 -> kr 0x00000000 rid 119 GPUVA 0x10002490000 cpu 109688000
[mtlr]   out: 0000010002490000 0000000109688000 0000000101365940 0000000000000000
[mtlr]   out: 0000007700000000 0000000000004000 00000002bab7b9b4 000000000036555a
[uatrec] S4 r16 (+1s): nvv 8 ncb 8 vsz 0x100000 destroy0 kr 0x00000000 nj 40
[uatrec] S4 r16 blit[0] slots 10 ridp 1
[uatrec] S4 r16 blit[1] slots 10 ridp 1
[uatrec] S4 r16 blit[2] slots 10 ridp 1
[uatrec] S4 r16 blit[3] slots 10 ridp 1
[uatrec] S4 r16 blit[4] slots 10 ridp 1
[uatrec] S4 r16 blit[5] slots 10 ridp 1
[uatrec] S4 r16 blit[6] slots 10 ridp 1
[uatrec] S4 r16 blit[7] slots 10 ridp 1
[mtlr] resource2 sel8 flags 470 sz 0x100000 -> kr 0x00000000 rid 119 GPUVA 0x10002490000 cpu 109e04000
[mtlr]   out: 0000010002490000 0000000109e04000 0000000101365940 0000000000000000
[mtlr]   out: 0000007700000000 0000000000100000 00000002bab7b9e0 000000000036555d
[uatrec] S4 r17 victim[0] rid 119 gpuva 0x10002490000 cpu 0x109e04000 (top-of-stack)
[mtlr] resource2 sel8 flags 470 sz 0x100000 -> kr 0x00000000 rid 120 GPUVA 0x10002598000 cpu 10bd00000
[mtlr]   out: 0000010002598000 000000010bd00000 0000000101365a00 0000000000000000
[mtlr]   out: 0000007800000000 0000000000100000 00000002bab7b9e1 000000000036555e
[uatrec] S4 r17 victim[1] rid 120 gpuva 0x10002598000 cpu 0x10bd00000 (top-of-stack)
[mtlr] resource2 sel8 flags 470 sz 0x100000 -> kr 0x00000000 rid 121 GPUVA 0x100026a0000 cpu 10be00000
[mtlr]   out: 00000100026a0000 000000010be00000 0000000101365ac0 0000000000000000
[mtlr]   out: 0000007900000000 0000000000100000 00000002bab7b9e2 000000000036555f
[uatrec] S4 r17 victim[2] rid 121 gpuva 0x100026a0000 cpu 0x10be00000 (top-of-stack)
[mtlr] resource2 sel8 flags 470 sz 0x100000 -> kr 0x00000000 rid 122 GPUVA 0x100027a8000 cpu 109188000
[mtlr]   out: 00000100027a8000 0000000109188000 0000000101365b80 0000000000000000
[mtlr]   out: 0000007a00000000 0000000000100000 00000002bab7b9e5 0000000000365560
[uatrec] S4 r17 victim[3] rid 122 gpuva 0x100027a8000 cpu 0x109188000 (top-of-stack)
[mtlr] resource2 sel8 flags 470 sz 0x100000 -> kr 0x00000000 rid 123 GPUVA 0x100028b0000 cpu 109288000
[mtlr]   out: 00000100028b0000 0000000109288000 0000000101365c40 0000000000000000
[mtlr]   out: 0000007b00000000 0000000000100000 00000002bab7b9eb 0000000000365561
[uatrec] S4 r17 victim[4] rid 123 gpuva 0x100028b0000 cpu 0x109288000 (top-of-stack)
[mtlr] resource2 sel8 flags 470 sz 0x100000 -> kr 0x00000000 rid 124 GPUVA 0x100029b8000 cpu 109388000
[mtlr]   out: 00000100029b8000 0000000109388000 0000000101365d00 0000000000000000
[mtlr]   out: 0000007c00000000 0000000000100000 00000002bab7b9ec 0000000000365562
[uatrec] S4 r17 victim[5] rid 124 gpuva 0x100029b8000 cpu 0x109388000 (top-of-stack)
[mtlr] resource2 sel8 flags 470 sz 0x100000 -> kr 0x00000000 rid 125 GPUVA 0x10002ac0000 cpu 109488000
[mtlr]   out: 0000010002ac0000 0000000109488000 0000000101365dc0 0000000000000000
[mtlr]   out: 0000007d00000000 0000000000100000 00000002bab7b9ed 0000000000365563
[uatrec] S4 r17 victim[6] rid 125 gpuva 0x10002ac0000 cpu 0x109488000 (top-of-stack)
[mtlr] resource2 sel8 flags 470 sz 0x100000 -> kr 0x00000000 rid 126 GPUVA 0x10002bc8000 cpu 109588000
[mtlr]   out: 0000010002bc8000 0000000109588000 0000000101365e80 0000000000000000
[mtlr]   out: 0000007e00000000 0000000000100000 00000002bab7b9ee 0000000000365564
[uatrec] S4 r17 victim[7] rid 126 gpuva 0x10002bc8000 cpu 0x109588000 (top-of-stack)
[mtlr] resource2 sel8 flags 470 sz 0x1000 -> kr 0x00000000 rid 119 GPUVA 0x10002490000 cpu 109688000
[mtlr]   out: 0000010002490000 0000000109688000 0000000101365940 0000000000000000
[mtlr]   out: 0000007700000000 0000000000004000 00000002bab7ba0a 000000000036556e
[mtlr] resource2 sel8 flags 470 sz 0x1000 -> kr 0x00000000 rid 119 GPUVA 0x10002490000 cpu 109688000
[mtlr]   out: 0000010002490000 0000000109688000 0000000101365940 0000000000000000
[mtlr]   out: 0000007700000000 0000000000004000 00000002bab7ba0b 000000000036556f
[mtlr] resource2 sel8 flags 470 sz 0x1000 -> kr 0x00000000 rid 119 GPUVA 0x10002490000 cpu 109688000
[mtlr]   out: 0000010002490000 0000000109688000 0000000101365940 0000000000000000
[mtlr]   out: 0000007700000000 0000000000004000 00000002bab7ba0c 0000000000365570
[mtlr] resource2 sel8 flags 470 sz 0x1000 -> kr 0x00000000 rid 119 GPUVA 0x10002490000 cpu 109688000
[mtlr]   out: 0000010002490000 0000000109688000 0000000101365940 0000000000000000
[mtlr]   out: 0000007700000000 0000000000004000 00000002bab7ba0d 0000000000365571
[mtlr] resource2 sel8 flags 470 sz 0x1000 -> kr 0x00000000 rid 119 GPUVA 0x10002490000 cpu 109688000
[mtlr]   out: 0000010002490000 0000000109688000 0000000101365940 0000000000000000
[mtlr]   out: 0000007700000000 0000000000004000 00000002bab7ba0e 0000000000365572
[mtlr] resource2 sel8 flags 470 sz 0x1000 -> kr 0x00000000 rid 119 GPUVA 0x10002490000 cpu 109688000
[mtlr]   out: 0000010002490000 0000000109688000 0000000101365940 0000000000000000
[mtlr]   out: 0000007700000000 0000000000004000 00000002bab7ba0f 0000000000365573
[mtlr] resource2 sel8 flags 470 sz 0x1000 -> kr 0x00000000 rid 119 GPUVA 0x10002490000 cpu 109688000
[mtlr]   out: 0000010002490000 0000000109688000 0000000101365940 0000000000000000
[mtlr]   out: 0000007700000000 0000000000004000 00000002bab7ba10 0000000000365574
[mtlr] resource2 sel8 flags 470 sz 0x1000 -> kr 0x00000000 rid 119 GPUVA 0x10002490000 cpu 109688000
[mtlr]   out: 0000010002490000 0000000109688000 0000000101365940 0000000000000000
[mtlr]   out: 0000007700000000 0000000000004000 00000002bab7ba11 0000000000365575
[mtlr] resource2 sel8 flags 470 sz 0x1000 -> kr 0x00000000 rid 119 GPUVA 0x10002490000 cpu 109688000
[mtlr]   out: 0000010002490000 0000000109688000 0000000101365940 0000000000000000
[mtlr]   out: 0000007700000000 0000000000004000 00000002bab7ba12 0000000000365576
[mtlr] resource2 sel8 flags 470 sz 0x1000 -> kr 0x00000000 rid 119 GPUVA 0x10002490000 cpu 109688000
[mtlr]   out: 0000010002490000 0000000109688000 0000000101365940 0000000000000000
[mtlr]   out: 0000007700000000 0000000000004000 00000002bab7ba13 0000000000365577
[mtlr] resource2 sel8 flags 470 sz 0x1000 -> kr 0x00000000 rid 119 GPUVA 0x10002490000 cpu 109688000
[mtlr]   out: 0000010002490000 0000000109688000 0000000101365940 0000000000000000
[mtlr]   out: 0000007700000000 0000000000004000 00000002bab7ba14 0000000000365578
[mtlr] resource2 sel8 flags 470 sz 0x1000 -> kr 0x00000000 rid 119 GPUVA 0x10002490000 cpu 109688000
[mtlr]   out: 0000010002490000 0000000109688000 0000000101365940 0000000000000000
[mtlr]   out: 0000007700000000 0000000000004000 00000002bab7ba15 0000000000365579
[mtlr] resource2 sel8 flags 470 sz 0x1000 -> kr 0x00000000 rid 119 GPUVA 0x10002490000 cpu 109688000
[mtlr]   out: 0000010002490000 0000000109688000 0000000101365940 0000000000000000
[mtlr]   out: 0000007700000000 0000000000004000 00000002bab7ba16 000000000036557a
[mtlr] resource2 sel8 flags 470 sz 0x1000 -> kr 0x00000000 rid 119 GPUVA 0x10002490000 cpu 109688000
[mtlr]   out: 0000010002490000 0000000109688000 0000000101365940 0000000000000000
[mtlr]   out: 0000007700000000 0000000000004000 00000002bab7ba17 000000000036557b
[mtlr] resource2 sel8 flags 470 sz 0x1000 -> kr 0x00000000 rid 119 GPUVA 0x10002490000 cpu 109688000
[mtlr]   out: 0000010002490000 0000000109688000 0000000101365940 0000000000000000
[mtlr]   out: 0000007700000000 0000000000004000 00000002bab7ba18 000000000036557c
[mtlr] resource2 sel8 flags 470 sz 0x1000 -> kr 0x00000000 rid 119 GPUVA 0x10002490000 cpu 109688000
[mtlr]   out: 0000010002490000 0000000109688000 0000000101365940 0000000000000000
[mtlr]   out: 0000007700000000 0000000000004000 00000002bab7ba19 000000000036557d
[mtlr] resource2 sel8 flags 470 sz 0x1000 -> kr 0x00000000 rid 119 GPUVA 0x10002490000 cpu 109688000
[mtlr]   out: 0000010002490000 0000000109688000 0000000101365940 0000000000000000
[mtlr]   out: 0000007700000000 0000000000004000 00000002bab7ba1a 000000000036557e
[mtlr] resource2 sel8 flags 470 sz 0x1000 -> kr 0x00000000 rid 119 GPUVA 0x10002490000 cpu 109688000
[mtlr]   out: 0000010002490000 0000000109688000 0000000101365940 0000000000000000
[mtlr]   out: 0000007700000000 0000000000004000 00000002bab7ba1b 000000000036557f
[mtlr] resource2 sel8 flags 470 sz 0x1000 -> kr 0x00000000 rid 119 GPUVA 0x10002490000 cpu 109688000
[mtlr]   out: 0000010002490000 0000000109688000 0000000101365940 0000000000000000
[mtlr]   out: 0000007700000000 0000000000004000 00000002bab7ba1c 0000000000365580
[mtlr] resource2 sel8 flags 470 sz 0x1000 -> kr 0x00000000 rid 119 GPUVA 0x10002490000 cpu 109688000
[mtlr]   out: 0000010002490000 0000000109688000 0000000101365940 0000000000000000
[mtlr]   out: 0000007700000000 0000000000004000 00000002bab7ba1d 0000000000365581
[mtlr] resource2 sel8 flags 470 sz 0x1000 -> kr 0x00000000 rid 119 GPUVA 0x10002490000 cpu 109688000
[mtlr]   out: 0000010002490000 0000000109688000 0000000101365940 0000000000000000
[mtlr]   out: 0000007700000000 0000000000004000 00000002bab7ba1e 0000000000365582
[mtlr] resource2 sel8 flags 470 sz 0x1000 -> kr 0x00000000 rid 119 GPUVA 0x10002490000 cpu 109688000
[mtlr]   out: 0000010002490000 0000000109688000 0000000101365940 0000000000000000
[mtlr]   out: 0000007700000000 0000000000004000 00000002bab7ba1f 0000000000365583
[mtlr] resource2 sel8 flags 470 sz 0x1000 -> kr 0x00000000 rid 119 GPUVA 0x10002490000 cpu 109688000
[mtlr]   out: 0000010002490000 0000000109688000 0000000101365940 0000000000000000
[mtlr]   out: 0000007700000000 0000000000004000 00000002bab7ba20 0000000000365584
[mtlr] resource2 sel8 flags 470 sz 0x1000 -> kr 0x00000000 rid 119 GPUVA 0x10002490000 cpu 109688000
[mtlr]   out: 0000010002490000 0000000109688000 0000000101365940 0000000000000000
[mtlr]   out: 0000007700000000 0000000000004000 00000002bab7ba21 0000000000365585
[mtlr] resource2 sel8 flags 470 sz 0x1000 -> kr 0x00000000 rid 119 GPUVA 0x10002490000 cpu 109688000
[mtlr]   out: 0000010002490000 0000000109688000 0000000101365940 0000000000000000
[mtlr]   out: 0000007700000000 0000000000004000 00000002bab7ba22 0000000000365586
[mtlr] resource2 sel8 flags 470 sz 0x1000 -> kr 0x00000000 rid 119 GPUVA 0x10002490000 cpu 109688000
[mtlr]   out: 0000010002490000 0000000109688000 0000000101365940 0000000000000000
[mtlr]   out: 0000007700000000 0000000000004000 00000002bab7ba23 0000000000365587
[mtlr] resource2 sel8 flags 470 sz 0x1000 -> kr 0x00000000 rid 119 GPUVA 0x10002490000 cpu 109688000
[mtlr]   out: 0000010002490000 0000000109688000 0000000101365940 0000000000000000
[mtlr]   out: 0000007700000000 0000000000004000 00000002bab7ba24 0000000000365588
[mtlr] resource2 sel8 flags 470 sz 0x1000 -> kr 0x00000000 rid 119 GPUVA 0x10002490000 cpu 109688000
[mtlr]   out: 0000010002490000 0000000109688000 0000000101365940 0000000000000000
[mtlr]   out: 0000007700000000 0000000000004000 00000002bab7ba25 0000000000365589
[mtlr] resource2 sel8 flags 470 sz 0x1000 -> kr 0x00000000 rid 119 GPUVA 0x10002490000 cpu 109688000
[mtlr]   out: 0000010002490000 0000000109688000 0000000101365940 0000000000000000
[mtlr]   out: 0000007700000000 0000000000004000 00000002bab7ba26 000000000036558a
[mtlr] resource2 sel8 flags 470 sz 0x1000 -> kr 0x00000000 rid 119 GPUVA 0x10002490000 cpu 109688000
[mtlr]   out: 0000010002490000 0000000109688000 0000000101365940 0000000000000000
[mtlr]   out: 0000007700000000 0000000000004000 00000002bab7ba27 000000000036558b
[mtlr] resource2 sel8 flags 470 sz 0x1000 -> kr 0x00000000 rid 119 GPUVA 0x10002490000 cpu 109688000
[mtlr]   out: 0000010002490000 0000000109688000 0000000101365940 0000000000000000
[mtlr]   out: 0000007700000000 0000000000004000 00000002bab7ba28 000000000036558c
[mtlr] resource2 sel8 flags 470 sz 0x1000 -> kr 0x00000000 rid 119 GPUVA 0x10002490000 cpu 109688000
[mtlr]   out: 0000010002490000 0000000109688000 0000000101365940 0000000000000000
[mtlr]   out: 0000007700000000 0000000000004000 00000002bab7ba29 000000000036558d
[mtlr] resource2 sel8 flags 470 sz 0x1000 -> kr 0x00000000 rid 119 GPUVA 0x10002490000 cpu 109688000
[mtlr]   out: 0000010002490000 0000000109688000 0000000101365940 0000000000000000
[mtlr]   out: 0000007700000000 0000000000004000 00000002bab7ba2a 000000000036558e
[mtlr] resource2 sel8 flags 470 sz 0x1000 -> kr 0x00000000 rid 119 GPUVA 0x10002490000 cpu 109688000
[mtlr]   out: 0000010002490000 0000000109688000 0000000101365940 0000000000000000
[mtlr]   out: 0000007700000000 0000000000004000 00000002bab7ba2b 000000000036558f
[mtlr] resource2 sel8 flags 470 sz 0x1000 -> kr 0x00000000 rid 119 GPUVA 0x10002490000 cpu 109688000
[mtlr]   out: 0000010002490000 0000000109688000 0000000101365940 0000000000000000
[mtlr]   out: 0000007700000000 0000000000004000 00000002bab7ba2c 0000000000365590
[mtlr] resource2 sel8 flags 470 sz 0x1000 -> kr 0x00000000 rid 119 GPUVA 0x10002490000 cpu 109688000
[mtlr]   out: 0000010002490000 0000000109688000 0000000101365940 0000000000000000
[mtlr]   out: 0000007700000000 0000000000004000 00000002bab7ba2d 0000000000365591
[mtlr] resource2 sel8 flags 470 sz 0x1000 -> kr 0x00000000 rid 119 GPUVA 0x10002490000 cpu 109688000
[mtlr]   out: 0000010002490000 0000000109688000 0000000101365940 0000000000000000
[mtlr]   out: 0000007700000000 0000000000004000 00000002bab7ba2e 0000000000365592
[mtlr] resource2 sel8 flags 470 sz 0x1000 -> kr 0x00000000 rid 119 GPUVA 0x10002490000 cpu 109688000
[mtlr]   out: 0000010002490000 0000000109688000 0000000101365940 0000000000000000
[mtlr]   out: 0000007700000000 0000000000004000 00000002bab7ba2f 0000000000365593
[mtlr] resource2 sel8 flags 470 sz 0x1000 -> kr 0x00000000 rid 119 GPUVA 0x10002490000 cpu 109688000
[mtlr]   out: 0000010002490000 0000000109688000 0000000101365940 0000000000000000
[mtlr]   out: 0000007700000000 0000000000004000 00000002bab7ba30 0000000000365594
[mtlr] resource2 sel8 flags 470 sz 0x1000 -> kr 0x00000000 rid 119 GPUVA 0x10002490000 cpu 109688000
[mtlr]   out: 0000010002490000 0000000109688000 0000000101365940 0000000000000000
[mtlr]   out: 0000007700000000 0000000000004000 00000002bab7ba31 0000000000365595
[uatrec] S4 r17 (+1s): nvv 8 ncb 8 vsz 0x100000 destroy0 kr 0x00000000 nj 40
[uatrec] S4 r17 blit[0] slots 10 ridp 1
[uatrec] S4 r17 blit[1] slots 10 ridp 1
[uatrec] S4 r17 blit[2] slots 10 ridp 1
[uatrec] S4 r17 blit[3] slots 10 ridp 1
[uatrec] S4 r17 blit[4] slots 10 ridp 1
[uatrec] S4 r17 blit[5] slots 10 ridp 1
[uatrec] S4 r17 blit[6] slots 10 ridp 1
[uatrec] S4 r17 blit[7] slots 10 ridp 1
[mtlr] resource2 sel8 flags 470 sz 0x100000 -> kr 0x00000000 rid 119 GPUVA 0x10002490000 cpu 109188000
[mtlr]   out: 0000010002490000 0000000109188000 0000000101365940 0000000000000000
[mtlr]   out: 0000007700000000 0000000000100000 00000002bab7ba5d 0000000000365598
[uatrec] S4 r18 victim[0] rid 119 gpuva 0x10002490000 cpu 0x109188000 (top-of-stack)
[mtlr] resource2 sel8 flags 470 sz 0x100000 -> kr 0x00000000 rid 120 GPUVA 0x10002598000 cpu 109288000
[mtlr]   out: 0000010002598000 0000000109288000 0000000101365a00 0000000000000000
[mtlr]   out: 0000007800000000 0000000000100000 00000002bab7ba5e 0000000000365599
[uatrec] S4 r18 victim[1] rid 120 gpuva 0x10002598000 cpu 0x109288000 (top-of-stack)
[mtlr] resource2 sel8 flags 470 sz 0x100000 -> kr 0x00000000 rid 121 GPUVA 0x100026a0000 cpu 109388000
[mtlr]   out: 00000100026a0000 0000000109388000 0000000101365ac0 0000000000000000
[mtlr]   out: 0000007900000000 0000000000100000 00000002bab7ba5f 000000000036559a
[uatrec] S4 r18 victim[2] rid 121 gpuva 0x100026a0000 cpu 0x109388000 (top-of-stack)
[mtlr] resource2 sel8 flags 470 sz 0x100000 -> kr 0x00000000 rid 122 GPUVA 0x100027a8000 cpu 109488000
[mtlr]   out: 00000100027a8000 0000000109488000 0000000101365b80 0000000000000000
[mtlr]   out: 0000007a00000000 0000000000100000 00000002bab7ba60 000000000036559b
[uatrec] S4 r18 victim[3] rid 122 gpuva 0x100027a8000 cpu 0x109488000 (top-of-stack)
[mtlr] resource2 sel8 flags 470 sz 0x100000 -> kr 0x00000000 rid 123 GPUVA 0x100028b0000 cpu 109588000
[mtlr]   out: 00000100028b0000 0000000109588000 0000000101365c40 0000000000000000
[mtlr]   out: 0000007b00000000 0000000000100000 00000002bab7ba61 000000000036559c
[uatrec] S4 r18 victim[4] rid 123 gpuva 0x100028b0000 cpu 0x109588000 (top-of-stack)
[mtlr] resource2 sel8 flags 470 sz 0x100000 -> kr 0x00000000 rid 124 GPUVA 0x100029b8000 cpu 109784000
[mtlr]   out: 00000100029b8000 0000000109784000 0000000101365d00 0000000000000000
[mtlr]   out: 0000007c00000000 0000000000100000 00000002bab7ba69 000000000036559d
[uatrec] S4 r18 victim[5] rid 124 gpuva 0x100029b8000 cpu 0x109784000 (top-of-stack)
[mtlr] resource2 sel8 flags 470 sz 0x100000 -> kr 0x00000000 rid 125 GPUVA 0x10002ac0000 cpu 109be0000
[mtlr]   out: 0000010002ac0000 0000000109be0000 0000000101365dc0 0000000000000000
[mtlr]   out: 0000007d00000000 0000000000100000 00000002bab7ba6a 000000000036559e
[uatrec] S4 r18 victim[6] rid 125 gpuva 0x10002ac0000 cpu 0x109be0000 (top-of-stack)
[mtlr] resource2 sel8 flags 470 sz 0x100000 -> kr 0x00000000 rid 126 GPUVA 0x10002bc8000 cpu 109d04000
[mtlr]   out: 0000010002bc8000 0000000109d04000 0000000101365e80 0000000000000000
[mtlr]   out: 0000007e00000000 0000000000100000 00000002bab7ba6b 000000000036559f
[uatrec] S4 r18 victim[7] rid 126 gpuva 0x10002bc8000 cpu 0x109d04000 (top-of-stack)
[mtlr] resource2 sel8 flags 470 sz 0x1000 -> kr 0x00000000 rid 119 GPUVA 0x10002490000 cpu 109688000
[mtlr]   out: 0000010002490000 0000000109688000 0000000101365940 0000000000000000
[mtlr]   out: 0000007700000000 0000000000004000 00000002bab7ba87 00000000003655a9
[mtlr] resource2 sel8 flags 470 sz 0x1000 -> kr 0x00000000 rid 119 GPUVA 0x10002490000 cpu 109688000
[mtlr]   out: 0000010002490000 0000000109688000 0000000101365940 0000000000000000
[mtlr]   out: 0000007700000000 0000000000004000 00000002bab7ba88 00000000003655aa
[mtlr] resource2 sel8 flags 470 sz 0x1000 -> kr 0x00000000 rid 119 GPUVA 0x10002490000 cpu 109688000
[mtlr]   out: 0000010002490000 0000000109688000 0000000101365940 0000000000000000
[mtlr]   out: 0000007700000000 0000000000004000 00000002bab7ba89 00000000003655ab
[mtlr] resource2 sel8 flags 470 sz 0x1000 -> kr 0x00000000 rid 119 GPUVA 0x10002490000 cpu 109688000
[mtlr]   out: 0000010002490000 0000000109688000 0000000101365940 0000000000000000
[mtlr]   out: 0000007700000000 0000000000004000 00000002bab7ba8a 00000000003655ac
[mtlr] resource2 sel8 flags 470 sz 0x1000 -> kr 0x00000000 rid 119 GPUVA 0x10002490000 cpu 109688000
[mtlr]   out: 0000010002490000 0000000109688000 0000000101365940 0000000000000000
[mtlr]   out: 0000007700000000 0000000000004000 00000002bab7ba8b 00000000003655ad
[mtlr] resource2 sel8 flags 470 sz 0x1000 -> kr 0x00000000 rid 119 GPUVA 0x10002490000 cpu 109688000
[mtlr]   out: 0000010002490000 0000000109688000 0000000101365940 0000000000000000
[mtlr]   out: 0000007700000000 0000000000004000 00000002bab7ba8c 00000000003655ae
[mtlr] resource2 sel8 flags 470 sz 0x1000 -> kr 0x00000000 rid 119 GPUVA 0x10002490000 cpu 109688000
[mtlr]   out: 0000010002490000 0000000109688000 0000000101365940 0000000000000000
[mtlr]   out: 0000007700000000 0000000000004000 00000002bab7ba8d 00000000003655af
[mtlr] resource2 sel8 flags 470 sz 0x1000 -> kr 0x00000000 rid 119 GPUVA 0x10002490000 cpu 109688000
[mtlr]   out: 0000010002490000 0000000109688000 0000000101365940 0000000000000000
[mtlr]   out: 0000007700000000 0000000000004000 00000002bab7ba8e 00000000003655b0
[mtlr] resource2 sel8 flags 470 sz 0x1000 -> kr 0x00000000 rid 119 GPUVA 0x10002490000 cpu 109688000
[mtlr]   out: 0000010002490000 0000000109688000 0000000101365940 0000000000000000
[mtlr]   out: 0000007700000000 0000000000004000 00000002bab7ba8f 00000000003655b1
[mtlr] resource2 sel8 flags 470 sz 0x1000 -> kr 0x00000000 rid 119 GPUVA 0x10002490000 cpu 109688000
[mtlr]   out: 0000010002490000 0000000109688000 0000000101365940 0000000000000000
[mtlr]   out: 0000007700000000 0000000000004000 00000002bab7ba90 00000000003655b2
[mtlr] resource2 sel8 flags 470 sz 0x1000 -> kr 0x00000000 rid 119 GPUVA 0x10002490000 cpu 109688000
[mtlr]   out: 0000010002490000 0000000109688000 0000000101365940 0000000000000000
[mtlr]   out: 0000007700000000 0000000000004000 00000002bab7ba91 00000000003655b3
[mtlr] resource2 sel8 flags 470 sz 0x1000 -> kr 0x00000000 rid 119 GPUVA 0x10002490000 cpu 109688000
[mtlr]   out: 0000010002490000 0000000109688000 0000000101365940 0000000000000000
[mtlr]   out: 0000007700000000 0000000000004000 00000002bab7ba92 00000000003655b4
[mtlr] resource2 sel8 flags 470 sz 0x1000 -> kr 0x00000000 rid 119 GPUVA 0x10002490000 cpu 109688000
[mtlr]   out: 0000010002490000 0000000109688000 0000000101365940 0000000000000000
[mtlr]   out: 0000007700000000 0000000000004000 00000002bab7ba93 00000000003655b5
[mtlr] resource2 sel8 flags 470 sz 0x1000 -> kr 0x00000000 rid 119 GPUVA 0x10002490000 cpu 109688000
[mtlr]   out: 0000010002490000 0000000109688000 0000000101365940 0000000000000000
[mtlr]   out: 0000007700000000 0000000000004000 00000002bab7ba94 00000000003655b6
[mtlr] resource2 sel8 flags 470 sz 0x1000 -> kr 0x00000000 rid 119 GPUVA 0x10002490000 cpu 109688000
[mtlr]   out: 0000010002490000 0000000109688000 0000000101365940 0000000000000000
[mtlr]   out: 0000007700000000 0000000000004000 00000002bab7ba95 00000000003655b7
[mtlr] resource2 sel8 flags 470 sz 0x1000 -> kr 0x00000000 rid 119 GPUVA 0x10002490000 cpu 109688000
[mtlr]   out: 0000010002490000 0000000109688000 0000000101365940 0000000000000000
[mtlr]   out: 0000007700000000 0000000000004000 00000002bab7ba96 00000000003655b8
[mtlr] resource2 sel8 flags 470 sz 0x1000 -> kr 0x00000000 rid 119 GPUVA 0x10002490000 cpu 109688000
[mtlr]   out: 0000010002490000 0000000109688000 0000000101365940 0000000000000000
[mtlr]   out: 0000007700000000 0000000000004000 00000002bab7ba97 00000000003655b9
[mtlr] resource2 sel8 flags 470 sz 0x1000 -> kr 0x00000000 rid 119 GPUVA 0x10002490000 cpu 109688000
[mtlr]   out: 0000010002490000 0000000109688000 0000000101365940 0000000000000000
[mtlr]   out: 0000007700000000 0000000000004000 00000002bab7ba98 00000000003655ba
[mtlr] resource2 sel8 flags 470 sz 0x1000 -> kr 0x00000000 rid 119 GPUVA 0x10002490000 cpu 109688000
[mtlr]   out: 0000010002490000 0000000109688000 0000000101365940 0000000000000000
[mtlr]   out: 0000007700000000 0000000000004000 00000002bab7ba99 00000000003655bb
[mtlr] resource2 sel8 flags 470 sz 0x1000 -> kr 0x00000000 rid 119 GPUVA 0x10002490000 cpu 109688000
[mtlr]   out: 0000010002490000 0000000109688000 0000000101365940 0000000000000000
[mtlr]   out: 0000007700000000 0000000000004000 00000002bab7ba9a 00000000003655bc
[mtlr] resource2 sel8 flags 470 sz 0x1000 -> kr 0x00000000 rid 119 GPUVA 0x10002490000 cpu 109688000
[mtlr]   out: 0000010002490000 0000000109688000 0000000101365940 0000000000000000
[mtlr]   out: 0000007700000000 0000000000004000 00000002bab7ba9b 00000000003655bd
[mtlr] resource2 sel8 flags 470 sz 0x1000 -> kr 0x00000000 rid 119 GPUVA 0x10002490000 cpu 109688000
[mtlr]   out: 0000010002490000 0000000109688000 0000000101365940 0000000000000000
[mtlr]   out: 0000007700000000 0000000000004000 00000002bab7ba9c 00000000003655be
[mtlr] resource2 sel8 flags 470 sz 0x1000 -> kr 0x00000000 rid 119 GPUVA 0x10002490000 cpu 109688000
[mtlr]   out: 0000010002490000 0000000109688000 0000000101365940 0000000000000000
[mtlr]   out: 0000007700000000 0000000000004000 00000002bab7ba9d 00000000003655bf
[mtlr] resource2 sel8 flags 470 sz 0x1000 -> kr 0x00000000 rid 119 GPUVA 0x10002490000 cpu 109688000
[mtlr]   out: 0000010002490000 0000000109688000 0000000101365940 0000000000000000
[mtlr]   out: 0000007700000000 0000000000004000 00000002bab7ba9e 00000000003655c0
[mtlr] resource2 sel8 flags 470 sz 0x1000 -> kr 0x00000000 rid 119 GPUVA 0x10002490000 cpu 109688000
[mtlr]   out: 0000010002490000 0000000109688000 0000000101365940 0000000000000000
[mtlr]   out: 0000007700000000 0000000000004000 00000002bab7ba9f 00000000003655c1
[mtlr] resource2 sel8 flags 470 sz 0x1000 -> kr 0x00000000 rid 119 GPUVA 0x10002490000 cpu 109688000
[mtlr]   out: 0000010002490000 0000000109688000 0000000101365940 0000000000000000
[mtlr]   out: 0000007700000000 0000000000004000 00000002bab7baa0 00000000003655c2
[mtlr] resource2 sel8 flags 470 sz 0x1000 -> kr 0x00000000 rid 119 GPUVA 0x10002490000 cpu 109688000
[mtlr]   out: 0000010002490000 0000000109688000 0000000101365940 0000000000000000
[mtlr]   out: 0000007700000000 0000000000004000 00000002bab7baa1 00000000003655c3
[mtlr] resource2 sel8 flags 470 sz 0x1000 -> kr 0x00000000 rid 119 GPUVA 0x10002490000 cpu 109688000
[mtlr]   out: 0000010002490000 0000000109688000 0000000101365940 0000000000000000
[mtlr]   out: 0000007700000000 0000000000004000 00000002bab7baa2 00000000003655c4
[mtlr] resource2 sel8 flags 470 sz 0x1000 -> kr 0x00000000 rid 119 GPUVA 0x10002490000 cpu 109688000
[mtlr]   out: 0000010002490000 0000000109688000 0000000101365940 0000000000000000
[mtlr]   out: 0000007700000000 0000000000004000 00000002bab7baa3 00000000003655c5
[mtlr] resource2 sel8 flags 470 sz 0x1000 -> kr 0x00000000 rid 119 GPUVA 0x10002490000 cpu 109688000
[mtlr]   out: 0000010002490000 0000000109688000 0000000101365940 0000000000000000
[mtlr]   out: 0000007700000000 0000000000004000 00000002bab7baa4 00000000003655c6
[mtlr] resource2 sel8 flags 470 sz 0x1000 -> kr 0x00000000 rid 119 GPUVA 0x10002490000 cpu 109688000
[mtlr]   out: 0000010002490000 0000000109688000 0000000101365940 0000000000000000
[mtlr]   out: 0000007700000000 0000000000004000 00000002bab7baa5 00000000003655c7
[mtlr] resource2 sel8 flags 470 sz 0x1000 -> kr 0x00000000 rid 119 GPUVA 0x10002490000 cpu 109688000
[mtlr]   out: 0000010002490000 0000000109688000 0000000101365940 0000000000000000
[mtlr]   out: 0000007700000000 0000000000004000 00000002bab7baa6 00000000003655c8
[mtlr] resource2 sel8 flags 470 sz 0x1000 -> kr 0x00000000 rid 119 GPUVA 0x10002490000 cpu 109688000
[mtlr]   out: 0000010002490000 0000000109688000 0000000101365940 0000000000000000
[mtlr]   out: 0000007700000000 0000000000004000 00000002bab7baa7 00000000003655c9
[mtlr] resource2 sel8 flags 470 sz 0x1000 -> kr 0x00000000 rid 119 GPUVA 0x10002490000 cpu 109688000
[mtlr]   out: 0000010002490000 0000000109688000 0000000101365940 0000000000000000
[mtlr]   out: 0000007700000000 0000000000004000 00000002bab7baa8 00000000003655ca
[mtlr] resource2 sel8 flags 470 sz 0x1000 -> kr 0x00000000 rid 119 GPUVA 0x10002490000 cpu 109688000
[mtlr]   out: 0000010002490000 0000000109688000 0000000101365940 0000000000000000
[mtlr]   out: 0000007700000000 0000000000004000 00000002bab7baa9 00000000003655cb
[mtlr] resource2 sel8 flags 470 sz 0x1000 -> kr 0x00000000 rid 119 GPUVA 0x10002490000 cpu 109688000
[mtlr]   out: 0000010002490000 0000000109688000 0000000101365940 0000000000000000
[mtlr]   out: 0000007700000000 0000000000004000 00000002bab7baaa 00000000003655cc
[mtlr] resource2 sel8 flags 470 sz 0x1000 -> kr 0x00000000 rid 119 GPUVA 0x10002490000 cpu 109688000
[mtlr]   out: 0000010002490000 0000000109688000 0000000101365940 0000000000000000
[mtlr]   out: 0000007700000000 0000000000004000 00000002bab7baab 00000000003655cd
[mtlr] resource2 sel8 flags 470 sz 0x1000 -> kr 0x00000000 rid 119 GPUVA 0x10002490000 cpu 109688000
[mtlr]   out: 0000010002490000 0000000109688000 0000000101365940 0000000000000000
[mtlr]   out: 0000007700000000 0000000000004000 00000002bab7baac 00000000003655ce
[mtlr] resource2 sel8 flags 470 sz 0x1000 -> kr 0x00000000 rid 119 GPUVA 0x10002490000 cpu 109688000
[mtlr]   out: 0000010002490000 0000000109688000 0000000101365940 0000000000000000
[mtlr]   out: 0000007700000000 0000000000004000 00000002bab7baad 00000000003655cf
[mtlr] resource2 sel8 flags 470 sz 0x1000 -> kr 0x00000000 rid 119 GPUVA 0x10002490000 cpu 109688000
[mtlr]   out: 0000010002490000 0000000109688000 0000000101365940 0000000000000000
[mtlr]   out: 0000007700000000 0000000000004000 00000002bab7baae 00000000003655d0
[uatrec] S4 r18 (+1s): nvv 8 ncb 8 vsz 0x100000 destroy0 kr 0x00000000 nj 40
[uatrec] S4 r18 blit[0] slots 10 ridp 1
[uatrec] S4 r18 blit[1] slots 10 ridp 1
[uatrec] S4 r18 blit[2] slots 10 ridp 1
[uatrec] S4 r18 blit[3] slots 10 ridp 1
[uatrec] S4 r18 blit[4] slots 10 ridp 1
[uatrec] S4 r18 blit[5] slots 10 ridp 1
[uatrec] S4 r18 blit[6] slots 10 ridp 1
[uatrec] S4 r18 blit[7] slots 10 ridp 1
[mtlr] resource2 sel8 flags 470 sz 0x100000 -> kr 0x00000000 rid 119 GPUVA 0x10002490000 cpu 10bc00000
[mtlr]   out: 0000010002490000 000000010bc00000 0000000101365940 0000000000000000
[mtlr]   out: 0000007700000000 0000000000100000 00000002bab7baeb 00000000003655d3
[uatrec] S4 r19 victim[0] rid 119 gpuva 0x10002490000 cpu 0x10bc00000 (top-of-stack)
[mtlr] resource2 sel8 flags 470 sz 0x100000 -> kr 0x00000000 rid 120 GPUVA 0x10002598000 cpu 10bd00000
[mtlr]   out: 0000010002598000 000000010bd00000 0000000101365a00 0000000000000000
[mtlr]   out: 0000007800000000 0000000000100000 00000002bab7baec 00000000003655d4
[uatrec] S4 r19 victim[1] rid 120 gpuva 0x10002598000 cpu 0x10bd00000 (top-of-stack)
[mtlr] resource2 sel8 flags 470 sz 0x100000 -> kr 0x00000000 rid 121 GPUVA 0x100026a0000 cpu 10be00000
[mtlr]   out: 00000100026a0000 000000010be00000 0000000101365ac0 0000000000000000
[mtlr]   out: 0000007900000000 0000000000100000 00000002bab7baf1 00000000003655d5
[uatrec] S4 r19 victim[2] rid 121 gpuva 0x100026a0000 cpu 0x10be00000 (top-of-stack)
[mtlr] resource2 sel8 flags 470 sz 0x100000 -> kr 0x00000000 rid 122 GPUVA 0x100027a8000 cpu 109188000
[mtlr]   out: 00000100027a8000 0000000109188000 0000000101365b80 0000000000000000
[mtlr]   out: 0000007a00000000 0000000000100000 00000002bab7bb00 00000000003655d6
[uatrec] S4 r19 victim[3] rid 122 gpuva 0x100027a8000 cpu 0x109188000 (top-of-stack)
[mtlr] resource2 sel8 flags 470 sz 0x100000 -> kr 0x00000000 rid 123 GPUVA 0x100028b0000 cpu 109288000
[mtlr]   out: 00000100028b0000 0000000109288000 0000000101365c40 0000000000000000
[mtlr]   out: 0000007b00000000 0000000000100000 00000002bab7bb01 00000000003655d7
[uatrec] S4 r19 victim[4] rid 123 gpuva 0x100028b0000 cpu 0x109288000 (top-of-stack)
[mtlr] resource2 sel8 flags 470 sz 0x100000 -> kr 0x00000000 rid 124 GPUVA 0x100029b8000 cpu 109388000
[mtlr]   out: 00000100029b8000 0000000109388000 0000000101365d00 0000000000000000
[mtlr]   out: 0000007c00000000 0000000000100000 00000002bab7bb09 00000000003655d8
[uatrec] S4 r19 victim[5] rid 124 gpuva 0x100029b8000 cpu 0x109388000 (top-of-stack)
[mtlr] resource2 sel8 flags 470 sz 0x100000 -> kr 0x00000000 rid 125 GPUVA 0x10002ac0000 cpu 109488000
[mtlr]   out: 0000010002ac0000 0000000109488000 0000000101365dc0 0000000000000000
[mtlr]   out: 0000007d00000000 0000000000100000 00000002bab7bb0a 00000000003655d9
[uatrec] S4 r19 victim[6] rid 125 gpuva 0x10002ac0000 cpu 0x109488000 (top-of-stack)
[mtlr] resource2 sel8 flags 470 sz 0x100000 -> kr 0x00000000 rid 126 GPUVA 0x10002bc8000 cpu 109588000
[mtlr]   out: 0000010002bc8000 0000000109588000 0000000101365e80 0000000000000000
[mtlr]   out: 0000007e00000000 0000000000100000 00000002bab7bb0b 00000000003655da
[uatrec] S4 r19 victim[7] rid 126 gpuva 0x10002bc8000 cpu 0x109588000 (top-of-stack)
[mtlr] resource2 sel8 flags 470 sz 0x1000 -> kr 0x00000000 rid 119 GPUVA 0x10002490000 cpu 109688000
[mtlr]   out: 0000010002490000 0000000109688000 0000000101365940 0000000000000000
[mtlr]   out: 0000007700000000 0000000000004000 00000002bab7bb2f 00000000003655e4
[mtlr] resource2 sel8 flags 470 sz 0x1000 -> kr 0x00000000 rid 119 GPUVA 0x10002490000 cpu 109688000
[mtlr]   out: 0000010002490000 0000000109688000 0000000101365940 0000000000000000
[mtlr]   out: 0000007700000000 0000000000004000 00000002bab7bb30 00000000003655e5
[mtlr] resource2 sel8 flags 470 sz 0x1000 -> kr 0x00000000 rid 119 GPUVA 0x10002490000 cpu 109688000
[mtlr]   out: 0000010002490000 0000000109688000 0000000101365940 0000000000000000
[mtlr]   out: 0000007700000000 0000000000004000 00000002bab7bb31 00000000003655e6
[mtlr] resource2 sel8 flags 470 sz 0x1000 -> kr 0x00000000 rid 119 GPUVA 0x10002490000 cpu 109688000
[mtlr]   out: 0000010002490000 0000000109688000 0000000101365940 0000000000000000
[mtlr]   out: 0000007700000000 0000000000004000 00000002bab7bb32 00000000003655e7
[mtlr] resource2 sel8 flags 470 sz 0x1000 -> kr 0x00000000 rid 119 GPUVA 0x10002490000 cpu 109688000
[mtlr]   out: 0000010002490000 0000000109688000 0000000101365940 0000000000000000
[mtlr]   out: 0000007700000000 0000000000004000 00000002bab7bb33 00000000003655e8
[mtlr] resource2 sel8 flags 470 sz 0x1000 -> kr 0x00000000 rid 119 GPUVA 0x10002490000 cpu 109688000
[mtlr]   out: 0000010002490000 0000000109688000 0000000101365940 0000000000000000
[mtlr]   out: 0000007700000000 0000000000004000 00000002bab7bb34 00000000003655e9
[mtlr] resource2 sel8 flags 470 sz 0x1000 -> kr 0x00000000 rid 119 GPUVA 0x10002490000 cpu 109688000
[mtlr]   out: 0000010002490000 0000000109688000 0000000101365940 0000000000000000
[mtlr]   out: 0000007700000000 0000000000004000 00000002bab7bb35 00000000003655ea
[mtlr] resource2 sel8 flags 470 sz 0x1000 -> kr 0x00000000 rid 119 GPUVA 0x10002490000 cpu 109688000
[mtlr]   out: 0000010002490000 0000000109688000 0000000101365940 0000000000000000
[mtlr]   out: 0000007700000000 0000000000004000 00000002bab7bb36 00000000003655eb
[mtlr] resource2 sel8 flags 470 sz 0x1000 -> kr 0x00000000 rid 119 GPUVA 0x10002490000 cpu 109688000
[mtlr]   out: 0000010002490000 0000000109688000 0000000101365940 0000000000000000
[mtlr]   out: 0000007700000000 0000000000004000 00000002bab7bb37 00000000003655ec
[mtlr] resource2 sel8 flags 470 sz 0x1000 -> kr 0x00000000 rid 119 GPUVA 0x10002490000 cpu 109688000
[mtlr]   out: 0000010002490000 0000000109688000 0000000101365940 0000000000000000
[mtlr]   out: 0000007700000000 0000000000004000 00000002bab7bb38 00000000003655ed
[mtlr] resource2 sel8 flags 470 sz 0x1000 -> kr 0x00000000 rid 119 GPUVA 0x10002490000 cpu 109688000
[mtlr]   out: 0000010002490000 0000000109688000 0000000101365940 0000000000000000
[mtlr]   out: 0000007700000000 0000000000004000 00000002bab7bb39 00000000003655ee
[mtlr] resource2 sel8 flags 470 sz 0x1000 -> kr 0x00000000 rid 119 GPUVA 0x10002490000 cpu 109688000
[mtlr]   out: 0000010002490000 0000000109688000 0000000101365940 0000000000000000
[mtlr]   out: 0000007700000000 0000000000004000 00000002bab7bb3a 00000000003655ef
[mtlr] resource2 sel8 flags 470 sz 0x1000 -> kr 0x00000000 rid 119 GPUVA 0x10002490000 cpu 109688000
[mtlr]   out: 0000010002490000 0000000109688000 0000000101365940 0000000000000000
[mtlr]   out: 0000007700000000 0000000000004000 00000002bab7bb3b 00000000003655f0
[mtlr] resource2 sel8 flags 470 sz 0x1000 -> kr 0x00000000 rid 119 GPUVA 0x10002490000 cpu 109688000
[mtlr]   out: 0000010002490000 0000000109688000 0000000101365940 0000000000000000
[mtlr]   out: 0000007700000000 0000000000004000 00000002bab7bb3c 00000000003655f1
[mtlr] resource2 sel8 flags 470 sz 0x1000 -> kr 0x00000000 rid 119 GPUVA 0x10002490000 cpu 109688000
[mtlr]   out: 0000010002490000 0000000109688000 0000000101365940 0000000000000000
[mtlr]   out: 0000007700000000 0000000000004000 00000002bab7bb3d 00000000003655f2
[mtlr] resource2 sel8 flags 470 sz 0x1000 -> kr 0x00000000 rid 119 GPUVA 0x10002490000 cpu 109688000
[mtlr]   out: 0000010002490000 0000000109688000 0000000101365940 0000000000000000
[mtlr]   out: 0000007700000000 0000000000004000 00000002bab7bb3e 00000000003655f3
[mtlr] resource2 sel8 flags 470 sz 0x1000 -> kr 0x00000000 rid 119 GPUVA 0x10002490000 cpu 109688000
[mtlr]   out: 0000010002490000 0000000109688000 0000000101365940 0000000000000000
[mtlr]   out: 0000007700000000 0000000000004000 00000002bab7bb3f 00000000003655f4
[mtlr] resource2 sel8 flags 470 sz 0x1000 -> kr 0x00000000 rid 119 GPUVA 0x10002490000 cpu 109688000
[mtlr]   out: 0000010002490000 0000000109688000 0000000101365940 0000000000000000
[mtlr]   out: 0000007700000000 0000000000004000 00000002bab7bb40 00000000003655f5
[mtlr] resource2 sel8 flags 470 sz 0x1000 -> kr 0x00000000 rid 119 GPUVA 0x10002490000 cpu 109688000
[mtlr]   out: 0000010002490000 0000000109688000 0000000101365940 0000000000000000
[mtlr]   out: 0000007700000000 0000000000004000 00000002bab7bb41 00000000003655f6
[mtlr] resource2 sel8 flags 470 sz 0x1000 -> kr 0x00000000 rid 119 GPUVA 0x10002490000 cpu 109688000
[mtlr]   out: 0000010002490000 0000000109688000 0000000101365940 0000000000000000
[mtlr]   out: 0000007700000000 0000000000004000 00000002bab7bb42 00000000003655f7
[mtlr] resource2 sel8 flags 470 sz 0x1000 -> kr 0x00000000 rid 119 GPUVA 0x10002490000 cpu 109688000
[mtlr]   out: 0000010002490000 0000000109688000 0000000101365940 0000000000000000
[mtlr]   out: 0000007700000000 0000000000004000 00000002bab7bb43 00000000003655f8
[mtlr] resource2 sel8 flags 470 sz 0x1000 -> kr 0x00000000 rid 119 GPUVA 0x10002490000 cpu 109688000
[mtlr]   out: 0000010002490000 0000000109688000 0000000101365940 0000000000000000
[mtlr]   out: 0000007700000000 0000000000004000 00000002bab7bb44 00000000003655f9
[mtlr] resource2 sel8 flags 470 sz 0x1000 -> kr 0x00000000 rid 119 GPUVA 0x10002490000 cpu 109688000
[mtlr]   out: 0000010002490000 0000000109688000 0000000101365940 0000000000000000
[mtlr]   out: 0000007700000000 0000000000004000 00000002bab7bb45 00000000003655fa
[mtlr] resource2 sel8 flags 470 sz 0x1000 -> kr 0x00000000 rid 119 GPUVA 0x10002490000 cpu 109688000
[mtlr]   out: 0000010002490000 0000000109688000 0000000101365940 0000000000000000
[mtlr]   out: 0000007700000000 0000000000004000 00000002bab7bb46 00000000003655fb
[mtlr] resource2 sel8 flags 470 sz 0x1000 -> kr 0x00000000 rid 119 GPUVA 0x10002490000 cpu 109688000
[mtlr]   out: 0000010002490000 0000000109688000 0000000101365940 0000000000000000
[mtlr]   out: 0000007700000000 0000000000004000 00000002bab7bb47 00000000003655fc
[mtlr] resource2 sel8 flags 470 sz 0x1000 -> kr 0x00000000 rid 119 GPUVA 0x10002490000 cpu 109688000
[mtlr]   out: 0000010002490000 0000000109688000 0000000101365940 0000000000000000
[mtlr]   out: 0000007700000000 0000000000004000 00000002bab7bb48 00000000003655fd
[mtlr] resource2 sel8 flags 470 sz 0x1000 -> kr 0x00000000 rid 119 GPUVA 0x10002490000 cpu 109688000
[mtlr]   out: 0000010002490000 0000000109688000 0000000101365940 0000000000000000
[mtlr]   out: 0000007700000000 0000000000004000 00000002bab7bb49 00000000003655fe
[mtlr] resource2 sel8 flags 470 sz 0x1000 -> kr 0x00000000 rid 119 GPUVA 0x10002490000 cpu 109688000
[mtlr]   out: 0000010002490000 0000000109688000 0000000101365940 0000000000000000
[mtlr]   out: 0000007700000000 0000000000004000 00000002bab7bb4a 00000000003655ff
[mtlr] resource2 sel8 flags 470 sz 0x1000 -> kr 0x00000000 rid 119 GPUVA 0x10002490000 cpu 109688000
[mtlr]   out: 0000010002490000 0000000109688000 0000000101365940 0000000000000000
[mtlr]   out: 0000007700000000 0000000000004000 00000002bab7bb4b 0000000000365600
[mtlr] resource2 sel8 flags 470 sz 0x1000 -> kr 0x00000000 rid 119 GPUVA 0x10002490000 cpu 109688000
[mtlr]   out: 0000010002490000 0000000109688000 0000000101365940 0000000000000000
[mtlr]   out: 0000007700000000 0000000000004000 00000002bab7bb4c 0000000000365601
[mtlr] resource2 sel8 flags 470 sz 0x1000 -> kr 0x00000000 rid 119 GPUVA 0x10002490000 cpu 109688000
[mtlr]   out: 0000010002490000 0000000109688000 0000000101365940 0000000000000000
[mtlr]   out: 0000007700000000 0000000000004000 00000002bab7bb4d 0000000000365602
[mtlr] resource2 sel8 flags 470 sz 0x1000 -> kr 0x00000000 rid 119 GPUVA 0x10002490000 cpu 109688000
[mtlr]   out: 0000010002490000 0000000109688000 0000000101365940 0000000000000000
[mtlr]   out: 0000007700000000 0000000000004000 00000002bab7bb4e 0000000000365603
[mtlr] resource2 sel8 flags 470 sz 0x1000 -> kr 0x00000000 rid 119 GPUVA 0x10002490000 cpu 109688000
[mtlr]   out: 0000010002490000 0000000109688000 0000000101365940 0000000000000000
[mtlr]   out: 0000007700000000 0000000000004000 00000002bab7bb4f 0000000000365604
[mtlr] resource2 sel8 flags 470 sz 0x1000 -> kr 0x00000000 rid 119 GPUVA 0x10002490000 cpu 109688000
[mtlr]   out: 0000010002490000 0000000109688000 0000000101365940 0000000000000000
[mtlr]   out: 0000007700000000 0000000000004000 00000002bab7bb50 0000000000365605
[mtlr] resource2 sel8 flags 470 sz 0x1000 -> kr 0x00000000 rid 119 GPUVA 0x10002490000 cpu 109688000
[mtlr]   out: 0000010002490000 0000000109688000 0000000101365940 0000000000000000
[mtlr]   out: 0000007700000000 0000000000004000 00000002bab7bb51 0000000000365606
[mtlr] resource2 sel8 flags 470 sz 0x1000 -> kr 0x00000000 rid 119 GPUVA 0x10002490000 cpu 109688000
[mtlr]   out: 0000010002490000 0000000109688000 0000000101365940 0000000000000000
[mtlr]   out: 0000007700000000 0000000000004000 00000002bab7bb52 0000000000365607
[mtlr] resource2 sel8 flags 470 sz 0x1000 -> kr 0x00000000 rid 119 GPUVA 0x10002490000 cpu 109688000
[mtlr]   out: 0000010002490000 0000000109688000 0000000101365940 0000000000000000
[mtlr]   out: 0000007700000000 0000000000004000 00000002bab7bb53 0000000000365608
[mtlr] resource2 sel8 flags 470 sz 0x1000 -> kr 0x00000000 rid 119 GPUVA 0x10002490000 cpu 109688000
[mtlr]   out: 0000010002490000 0000000109688000 0000000101365940 0000000000000000
[mtlr]   out: 0000007700000000 0000000000004000 00000002bab7bb54 0000000000365609
[mtlr] resource2 sel8 flags 470 sz 0x1000 -> kr 0x00000000 rid 119 GPUVA 0x10002490000 cpu 109688000
[mtlr]   out: 0000010002490000 0000000109688000 0000000101365940 0000000000000000
[mtlr]   out: 0000007700000000 0000000000004000 00000002bab7bb55 000000000036560a
[mtlr] resource2 sel8 flags 470 sz 0x1000 -> kr 0x00000000 rid 119 GPUVA 0x10002490000 cpu 109688000
[mtlr]   out: 0000010002490000 0000000109688000 0000000101365940 0000000000000000
[mtlr]   out: 0000007700000000 0000000000004000 00000002bab7bb56 000000000036560b
[uatrec] S4 r19 (+1s): nvv 8 ncb 8 vsz 0x100000 destroy0 kr 0x00000000 nj 40
[uatrec] S4 r19 blit[0] slots 10 ridp 1
[uatrec] S4 r19 blit[1] slots 10 ridp 1
[uatrec] S4 r19 blit[2] slots 10 ridp 1
[uatrec] S4 r19 blit[3] slots 10 ridp 1
[uatrec] S4 r19 blit[4] slots 10 ridp 1
[uatrec] S4 r19 blit[5] slots 10 ridp 1
[uatrec] S4 r19 blit[6] slots 10 ridp 1
[uatrec] S4 r19 blit[7] slots 10 ridp 1
[uatrec] S4 heartbeat: round 20 done, t=1s (alive)
[mtlr] resource2 sel8 flags 470 sz 0x100000 -> kr 0x00000000 rid 119 GPUVA 0x10002490000 cpu 109be0000
[mtlr]   out: 0000010002490000 0000000109be0000 0000000101365940 0000000000000000
[mtlr]   out: 0000007700000000 0000000000100000 00000002bab7bba2 000000000036560e
[uatrec] S4 r20 victim[0] rid 119 gpuva 0x10002490000 cpu 0x109be0000 (top-of-stack)
[mtlr] resource2 sel8 flags 470 sz 0x100000 -> kr 0x00000000 rid 120 GPUVA 0x10002598000 cpu 109d04000
[mtlr]   out: 0000010002598000 0000000109d04000 0000000101365a00 0000000000000000
[mtlr]   out: 0000007800000000 0000000000100000 00000002bab7bba3 000000000036560f
[uatrec] S4 r20 victim[1] rid 120 gpuva 0x10002598000 cpu 0x109d04000 (top-of-stack)
[mtlr] resource2 sel8 flags 470 sz 0x100000 -> kr 0x00000000 rid 121 GPUVA 0x100026a0000 cpu 109e04000
[mtlr]   out: 00000100026a0000 0000000109e04000 0000000101365ac0 0000000000000000
[mtlr]   out: 0000007900000000 0000000000100000 00000002bab7bba4 0000000000365610
[uatrec] S4 r20 victim[2] rid 121 gpuva 0x100026a0000 cpu 0x109e04000 (top-of-stack)
[mtlr] resource2 sel8 flags 470 sz 0x100000 -> kr 0x00000000 rid 122 GPUVA 0x100027a8000 cpu 10bf00000
[mtlr]   out: 00000100027a8000 000000010bf00000 0000000101365b80 0000000000000000
[mtlr]   out: 0000007a00000000 0000000000100000 00000002bab7bba5 0000000000365611
[uatrec] S4 r20 victim[3] rid 122 gpuva 0x100027a8000 cpu 0x10bf00000 (top-of-stack)
[mtlr] resource2 sel8 flags 470 sz 0x100000 -> kr 0x00000000 rid 123 GPUVA 0x100028b0000 cpu 10c000000
[mtlr]   out: 00000100028b0000 000000010c000000 0000000101365c40 0000000000000000
[mtlr]   out: 0000007b00000000 0000000000100000 00000002bab7bba6 0000000000365612
[uatrec] S4 r20 victim[4] rid 123 gpuva 0x100028b0000 cpu 0x10c000000 (top-of-stack)
[mtlr] resource2 sel8 flags 470 sz 0x100000 -> kr 0x00000000 rid 124 GPUVA 0x100029b8000 cpu 10c100000
[mtlr]   out: 00000100029b8000 000000010c100000 0000000101365d00 0000000000000000
[mtlr]   out: 0000007c00000000 0000000000100000 00000002bab7bba7 0000000000365613
[uatrec] S4 r20 victim[5] rid 124 gpuva 0x100029b8000 cpu 0x10c100000 (top-of-stack)
[mtlr] resource2 sel8 flags 470 sz 0x100000 -> kr 0x00000000 rid 125 GPUVA 0x10002ac0000 cpu 109188000
[mtlr]   out: 0000010002ac0000 0000000109188000 0000000101365dc0 0000000000000000
[mtlr]   out: 0000007d00000000 0000000000100000 00000002bab7bba8 0000000000365614
[uatrec] S4 r20 victim[6] rid 125 gpuva 0x10002ac0000 cpu 0x109188000 (top-of-stack)
[mtlr] resource2 sel8 flags 470 sz 0x100000 -> kr 0x00000000 rid 126 GPUVA 0x10002bc8000 cpu 109288000
[mtlr]   out: 0000010002bc8000 0000000109288000 0000000101365e80 0000000000000000
[mtlr]   out: 0000007e00000000 0000000000100000 00000002bab7bbad 0000000000365615
[uatrec] S4 r20 victim[7] rid 126 gpuva 0x10002bc8000 cpu 0x109288000 (top-of-stack)
[mtlr] resource2 sel8 flags 470 sz 0x1000 -> kr 0x00000000 rid 119 GPUVA 0x10002490000 cpu 109688000
[mtlr]   out: 0000010002490000 0000000109688000 0000000101365940 0000000000000000
[mtlr]   out: 0000007700000000 0000000000004000 00000002bab7bbd4 000000000036561f
[mtlr] resource2 sel8 flags 470 sz 0x1000 -> kr 0x00000000 rid 119 GPUVA 0x10002490000 cpu 109688000
[mtlr]   out: 0000010002490000 0000000109688000 0000000101365940 0000000000000000
[mtlr]   out: 0000007700000000 0000000000004000 00000002bab7bbd5 0000000000365620
[mtlr] resource2 sel8 flags 470 sz 0x1000 -> kr 0x00000000 rid 119 GPUVA 0x10002490000 cpu 109688000
[mtlr]   out: 0000010002490000 0000000109688000 0000000101365940 0000000000000000
[mtlr]   out: 0000007700000000 0000000000004000 00000002bab7bbd6 0000000000365621
[mtlr] resource2 sel8 flags 470 sz 0x1000 -> kr 0x00000000 rid 119 GPUVA 0x10002490000 cpu 109688000
[mtlr]   out: 0000010002490000 0000000109688000 0000000101365940 0000000000000000
[mtlr]   out: 0000007700000000 0000000000004000 00000002bab7bbd7 0000000000365622
[mtlr] resource2 sel8 flags 470 sz 0x1000 -> kr 0x00000000 rid 119 GPUVA 0x10002490000 cpu 109688000
[mtlr]   out: 0000010002490000 0000000109688000 0000000101365940 0000000000000000
[mtlr]   out: 0000007700000000 0000000000004000 00000002bab7bbd8 0000000000365623
[mtlr] resource2 sel8 flags 470 sz 0x1000 -> kr 0x00000000 rid 119 GPUVA 0x10002490000 cpu 109688000
[mtlr]   out: 0000010002490000 0000000109688000 0000000101365940 0000000000000000
[mtlr]   out: 0000007700000000 0000000000004000 00000002bab7bbd9 0000000000365624
[mtlr] resource2 sel8 flags 470 sz 0x1000 -> kr 0x00000000 rid 119 GPUVA 0x10002490000 cpu 109688000
[mtlr]   out: 0000010002490000 0000000109688000 0000000101365940 0000000000000000
[mtlr]   out: 0000007700000000 0000000000004000 00000002bab7bbda 0000000000365625
[mtlr] resource2 sel8 flags 470 sz 0x1000 -> kr 0x00000000 rid 119 GPUVA 0x10002490000 cpu 109688000
[mtlr]   out: 0000010002490000 0000000109688000 0000000101365940 0000000000000000
[mtlr]   out: 0000007700000000 0000000000004000 00000002bab7bbdb 0000000000365626
[mtlr] resource2 sel8 flags 470 sz 0x1000 -> kr 0x00000000 rid 119 GPUVA 0x10002490000 cpu 109688000
[mtlr]   out: 0000010002490000 0000000109688000 0000000101365940 0000000000000000
[mtlr]   out: 0000007700000000 0000000000004000 00000002bab7bbdc 0000000000365627
[mtlr] resource2 sel8 flags 470 sz 0x1000 -> kr 0x00000000 rid 119 GPUVA 0x10002490000 cpu 109688000
[mtlr]   out: 0000010002490000 0000000109688000 0000000101365940 0000000000000000
[mtlr]   out: 0000007700000000 0000000000004000 00000002bab7bbdd 0000000000365628
[mtlr] resource2 sel8 flags 470 sz 0x1000 -> kr 0x00000000 rid 119 GPUVA 0x10002490000 cpu 109688000
[mtlr]   out: 0000010002490000 0000000109688000 0000000101365940 0000000000000000
[mtlr]   out: 0000007700000000 0000000000004000 00000002bab7bbde 0000000000365629
[mtlr] resource2 sel8 flags 470 sz 0x1000 -> kr 0x00000000 rid 119 GPUVA 0x10002490000 cpu 109688000
[mtlr]   out: 0000010002490000 0000000109688000 0000000101365940 0000000000000000
[mtlr]   out: 0000007700000000 0000000000004000 00000002bab7bbdf 000000000036562a
[mtlr] resource2 sel8 flags 470 sz 0x1000 -> kr 0x00000000 rid 119 GPUVA 0x10002490000 cpu 109688000
[mtlr]   out: 0000010002490000 0000000109688000 0000000101365940 0000000000000000
[mtlr]   out: 0000007700000000 0000000000004000 00000002bab7bbe0 000000000036562b
[mtlr] resource2 sel8 flags 470 sz 0x1000 -> kr 0x00000000 rid 119 GPUVA 0x10002490000 cpu 109688000
[mtlr]   out: 0000010002490000 0000000109688000 0000000101365940 0000000000000000
[mtlr]   out: 0000007700000000 0000000000004000 00000002bab7bbe1 000000000036562c
[mtlr] resource2 sel8 flags 470 sz 0x1000 -> kr 0x00000000 rid 119 GPUVA 0x10002490000 cpu 109688000
[mtlr]   out: 0000010002490000 0000000109688000 0000000101365940 0000000000000000
[mtlr]   out: 0000007700000000 0000000000004000 00000002bab7bbe2 000000000036562d
[mtlr] resource2 sel8 flags 470 sz 0x1000 -> kr 0x00000000 rid 119 GPUVA 0x10002490000 cpu 109688000
[mtlr]   out: 0000010002490000 0000000109688000 0000000101365940 0000000000000000
[mtlr]   out: 0000007700000000 0000000000004000 00000002bab7bbe3 000000000036562e
[mtlr] resource2 sel8 flags 470 sz 0x1000 -> kr 0x00000000 rid 119 GPUVA 0x10002490000 cpu 109688000
[mtlr]   out: 0000010002490000 0000000109688000 0000000101365940 0000000000000000
[mtlr]   out: 0000007700000000 0000000000004000 00000002bab7bbe4 000000000036562f
[mtlr] resource2 sel8 flags 470 sz 0x1000 -> kr 0x00000000 rid 119 GPUVA 0x10002490000 cpu 109688000
[mtlr]   out: 0000010002490000 0000000109688000 0000000101365940 0000000000000000
[mtlr]   out: 0000007700000000 0000000000004000 00000002bab7bbe5 0000000000365630
[mtlr] resource2 sel8 flags 470 sz 0x1000 -> kr 0x00000000 rid 119 GPUVA 0x10002490000 cpu 109688000
[mtlr]   out: 0000010002490000 0000000109688000 0000000101365940 0000000000000000
[mtlr]   out: 0000007700000000 0000000000004000 00000002bab7bbe6 0000000000365631
[mtlr] resource2 sel8 flags 470 sz 0x1000 -> kr 0x00000000 rid 119 GPUVA 0x10002490000 cpu 109688000
[mtlr]   out: 0000010002490000 0000000109688000 0000000101365940 0000000000000000
[mtlr]   out: 0000007700000000 0000000000004000 00000002bab7bbe7 0000000000365632
[mtlr] resource2 sel8 flags 470 sz 0x1000 -> kr 0x00000000 rid 119 GPUVA 0x10002490000 cpu 109688000
[mtlr]   out: 0000010002490000 0000000109688000 0000000101365940 0000000000000000
[mtlr]   out: 0000007700000000 0000000000004000 00000002bab7bbe8 0000000000365633
[mtlr] resource2 sel8 flags 470 sz 0x1000 -> kr 0x00000000 rid 119 GPUVA 0x10002490000 cpu 109688000
[mtlr]   out: 0000010002490000 0000000109688000 0000000101365940 0000000000000000
[mtlr]   out: 0000007700000000 0000000000004000 00000002bab7bbe9 0000000000365634
[mtlr] resource2 sel8 flags 470 sz 0x1000 -> kr 0x00000000 rid 119 GPUVA 0x10002490000 cpu 109688000
[mtlr]   out: 0000010002490000 0000000109688000 0000000101365940 0000000000000000
[mtlr]   out: 0000007700000000 0000000000004000 00000002bab7bbea 0000000000365635
[mtlr] resource2 sel8 flags 470 sz 0x1000 -> kr 0x00000000 rid 119 GPUVA 0x10002490000 cpu 109688000
[mtlr]   out: 0000010002490000 0000000109688000 0000000101365940 0000000000000000
[mtlr]   out: 0000007700000000 0000000000004000 00000002bab7bbeb 0000000000365636
[mtlr] resource2 sel8 flags 470 sz 0x1000 -> kr 0x00000000 rid 119 GPUVA 0x10002490000 cpu 109688000
[mtlr]   out: 0000010002490000 0000000109688000 0000000101365940 0000000000000000
[mtlr]   out: 0000007700000000 0000000000004000 00000002bab7bbec 0000000000365637
[mtlr] resource2 sel8 flags 470 sz 0x1000 -> kr 0x00000000 rid 119 GPUVA 0x10002490000 cpu 109688000
[mtlr]   out: 0000010002490000 0000000109688000 0000000101365940 0000000000000000
[mtlr]   out: 0000007700000000 0000000000004000 00000002bab7bbed 0000000000365638
[mtlr] resource2 sel8 flags 470 sz 0x1000 -> kr 0x00000000 rid 119 GPUVA 0x10002490000 cpu 109688000
[mtlr]   out: 0000010002490000 0000000109688000 0000000101365940 0000000000000000
[mtlr]   out: 0000007700000000 0000000000004000 00000002bab7bbee 0000000000365639
[mtlr] resource2 sel8 flags 470 sz 0x1000 -> kr 0x00000000 rid 119 GPUVA 0x10002490000 cpu 109688000
[mtlr]   out: 0000010002490000 0000000109688000 0000000101365940 0000000000000000
[mtlr]   out: 0000007700000000 0000000000004000 00000002bab7bbef 000000000036563a
[mtlr] resource2 sel8 flags 470 sz 0x1000 -> kr 0x00000000 rid 119 GPUVA 0x10002490000 cpu 109688000
[mtlr]   out: 0000010002490000 0000000109688000 0000000101365940 0000000000000000
[mtlr]   out: 0000007700000000 0000000000004000 00000002bab7bbf0 000000000036563b
[mtlr] resource2 sel8 flags 470 sz 0x1000 -> kr 0x00000000 rid 119 GPUVA 0x10002490000 cpu 109688000
[mtlr]   out: 0000010002490000 0000000109688000 0000000101365940 0000000000000000
[mtlr]   out: 0000007700000000 0000000000004000 00000002bab7bbf1 000000000036563c
[mtlr] resource2 sel8 flags 470 sz 0x1000 -> kr 0x00000000 rid 119 GPUVA 0x10002490000 cpu 109688000
[mtlr]   out: 0000010002490000 0000000109688000 0000000101365940 0000000000000000
[mtlr]   out: 0000007700000000 0000000000004000 00000002bab7bbf2 000000000036563d
[mtlr] resource2 sel8 flags 470 sz 0x1000 -> kr 0x00000000 rid 119 GPUVA 0x10002490000 cpu 109688000
[mtlr]   out: 0000010002490000 0000000109688000 0000000101365940 0000000000000000
[mtlr]   out: 0000007700000000 0000000000004000 00000002bab7bbf3 000000000036563e
[mtlr] resource2 sel8 flags 470 sz 0x1000 -> kr 0x00000000 rid 119 GPUVA 0x10002490000 cpu 109688000
[mtlr]   out: 0000010002490000 0000000109688000 0000000101365940 0000000000000000
[mtlr]   out: 0000007700000000 0000000000004000 00000002bab7bbf4 000000000036563f
[mtlr] resource2 sel8 flags 470 sz 0x1000 -> kr 0x00000000 rid 119 GPUVA 0x10002490000 cpu 109688000
[mtlr]   out: 0000010002490000 0000000109688000 0000000101365940 0000000000000000
[mtlr]   out: 0000007700000000 0000000000004000 00000002bab7bbf5 0000000000365640
[mtlr] resource2 sel8 flags 470 sz 0x1000 -> kr 0x00000000 rid 119 GPUVA 0x10002490000 cpu 109688000
[mtlr]   out: 0000010002490000 0000000109688000 0000000101365940 0000000000000000
[mtlr]   out: 0000007700000000 0000000000004000 00000002bab7bbf6 0000000000365641
[mtlr] resource2 sel8 flags 470 sz 0x1000 -> kr 0x00000000 rid 119 GPUVA 0x10002490000 cpu 109688000
[mtlr]   out: 0000010002490000 0000000109688000 0000000101365940 0000000000000000
[mtlr]   out: 0000007700000000 0000000000004000 00000002bab7bbf7 0000000000365642
[mtlr] resource2 sel8 flags 470 sz 0x1000 -> kr 0x00000000 rid 119 GPUVA 0x10002490000 cpu 109688000
[mtlr]   out: 0000010002490000 0000000109688000 0000000101365940 0000000000000000
[mtlr]   out: 0000007700000000 0000000000004000 00000002bab7bbf8 0000000000365643
[mtlr] resource2 sel8 flags 470 sz 0x1000 -> kr 0x00000000 rid 119 GPUVA 0x10002490000 cpu 109688000
[mtlr]   out: 0000010002490000 0000000109688000 0000000101365940 0000000000000000
[mtlr]   out: 0000007700000000 0000000000004000 00000002bab7bbf9 0000000000365644
[mtlr] resource2 sel8 flags 470 sz 0x1000 -> kr 0x00000000 rid 119 GPUVA 0x10002490000 cpu 109688000
[mtlr]   out: 0000010002490000 0000000109688000 0000000101365940 0000000000000000
[mtlr]   out: 0000007700000000 0000000000004000 00000002bab7bbfa 0000000000365645
[mtlr] resource2 sel8 flags 470 sz 0x1000 -> kr 0x00000000 rid 119 GPUVA 0x10002490000 cpu 109688000
[mtlr]   out: 0000010002490000 0000000109688000 0000000101365940 0000000000000000
[mtlr]   out: 0000007700000000 0000000000004000 00000002bab7bbfb 0000000000365646
[uatrec] S4 r20 (+1s): nvv 8 ncb 8 vsz 0x100000 destroy0 kr 0x00000000 nj 40
[uatrec] S4 r20 blit[0] slots 10 ridp 1
[uatrec] S4 r20 blit[1] slots 10 ridp 1
[uatrec] S4 r20 blit[2] slots 10 ridp 1
[uatrec] S4 r20 blit[3] slots 10 ridp 1
[uatrec] S4 r20 blit[4] slots 10 ridp 1
[uatrec] S4 r20 blit[5] slots 10 ridp 1
[uatrec] S4 r20 blit[6] slots 10 ridp 1
[uatrec] S4 r20 blit[7] slots 10 ridp 1
[mtlr] resource2 sel8 flags 470 sz 0x100000 -> kr 0x00000000 rid 119 GPUVA 0x10002490000 cpu 109188000
[mtlr]   out: 0000010002490000 0000000109188000 0000000101365940 0000000000000000
[mtlr]   out: 0000007700000000 0000000000100000 00000002bab7bc47 0000000000365649
[uatrec] S4 r21 victim[0] rid 119 gpuva 0x10002490000 cpu 0x109188000 (top-of-stack)
[mtlr] resource2 sel8 flags 470 sz 0x100000 -> kr 0x00000000 rid 120 GPUVA 0x10002598000 cpu 109288000
[mtlr]   out: 0000010002598000 0000000109288000 0000000101365a00 0000000000000000
[mtlr]   out: 0000007800000000 0000000000100000 00000002bab7bc48 000000000036564a
[uatrec] S4 r21 victim[1] rid 120 gpuva 0x10002598000 cpu 0x109288000 (top-of-stack)
[mtlr] resource2 sel8 flags 470 sz 0x100000 -> kr 0x00000000 rid 121 GPUVA 0x100026a0000 cpu 109388000
[mtlr]   out: 00000100026a0000 0000000109388000 0000000101365ac0 0000000000000000
[mtlr]   out: 0000007900000000 0000000000100000 00000002bab7bc49 000000000036564b
[uatrec] S4 r21 victim[2] rid 121 gpuva 0x100026a0000 cpu 0x109388000 (top-of-stack)
[mtlr] resource2 sel8 flags 470 sz 0x100000 -> kr 0x00000000 rid 122 GPUVA 0x100027a8000 cpu 109488000
[mtlr]   out: 00000100027a8000 0000000109488000 0000000101365b80 0000000000000000
[mtlr]   out: 0000007a00000000 0000000000100000 00000002bab7bc4a 000000000036564c
[uatrec] S4 r21 victim[3] rid 122 gpuva 0x100027a8000 cpu 0x109488000 (top-of-stack)
[mtlr] resource2 sel8 flags 470 sz 0x100000 -> kr 0x00000000 rid 123 GPUVA 0x100028b0000 cpu 109588000
[mtlr]   out: 00000100028b0000 0000000109588000 0000000101365c40 0000000000000000
[mtlr]   out: 0000007b00000000 0000000000100000 00000002bab7bc52 000000000036564d
[uatrec] S4 r21 victim[4] rid 123 gpuva 0x100028b0000 cpu 0x109588000 (top-of-stack)
[mtlr] resource2 sel8 flags 470 sz 0x100000 -> kr 0x00000000 rid 124 GPUVA 0x100029b8000 cpu 109784000
[mtlr]   out: 00000100029b8000 0000000109784000 0000000101365d00 0000000000000000
[mtlr]   out: 0000007c00000000 0000000000100000 00000002bab7bc53 000000000036564e
[uatrec] S4 r21 victim[5] rid 124 gpuva 0x100029b8000 cpu 0x109784000 (top-of-stack)
[mtlr] resource2 sel8 flags 470 sz 0x100000 -> kr 0x00000000 rid 125 GPUVA 0x10002ac0000 cpu 109be0000
[mtlr]   out: 0000010002ac0000 0000000109be0000 0000000101365dc0 0000000000000000
[mtlr]   out: 0000007d00000000 0000000000100000 00000002bab7bc54 000000000036564f
[uatrec] S4 r21 victim[6] rid 125 gpuva 0x10002ac0000 cpu 0x109be0000 (top-of-stack)
[mtlr] resource2 sel8 flags 470 sz 0x100000 -> kr 0x00000000 rid 126 GPUVA 0x10002bc8000 cpu 109d04000
[mtlr]   out: 0000010002bc8000 0000000109d04000 0000000101365e80 0000000000000000
[mtlr]   out: 0000007e00000000 0000000000100000 00000002bab7bc55 0000000000365650
[uatrec] S4 r21 victim[7] rid 126 gpuva 0x10002bc8000 cpu 0x109d04000 (top-of-stack)
[mtlr] resource2 sel8 flags 470 sz 0x1000 -> kr 0x00000000 rid 119 GPUVA 0x10002490000 cpu 109688000
[mtlr]   out: 0000010002490000 0000000109688000 0000000101365940 0000000000000000
[mtlr]   out: 0000007700000000 0000000000004000 00000002bab7bc79 000000000036565a
[mtlr] resource2 sel8 flags 470 sz 0x1000 -> kr 0x00000000 rid 119 GPUVA 0x10002490000 cpu 109688000
[mtlr]   out: 0000010002490000 0000000109688000 0000000101365940 0000000000000000
[mtlr]   out: 0000007700000000 0000000000004000 00000002bab7bc7a 000000000036565b
[mtlr] resource2 sel8 flags 470 sz 0x1000 -> kr 0x00000000 rid 119 GPUVA 0x10002490000 cpu 109688000
[mtlr]   out: 0000010002490000 0000000109688000 0000000101365940 0000000000000000
[mtlr]   out: 0000007700000000 0000000000004000 00000002bab7bc7b 000000000036565c
[mtlr] resource2 sel8 flags 470 sz 0x1000 -> kr 0x00000000 rid 119 GPUVA 0x10002490000 cpu 109688000
[mtlr]   out: 0000010002490000 0000000109688000 0000000101365940 0000000000000000
[mtlr]   out: 0000007700000000 0000000000004000 00000002bab7bc7c 000000000036565d
[mtlr] resource2 sel8 flags 470 sz 0x1000 -> kr 0x00000000 rid 119 GPUVA 0x10002490000 cpu 109688000
[mtlr]   out: 0000010002490000 0000000109688000 0000000101365940 0000000000000000
[mtlr]   out: 0000007700000000 0000000000004000 00000002bab7bc7d 000000000036565e
[mtlr] resource2 sel8 flags 470 sz 0x1000 -> kr 0x00000000 rid 119 GPUVA 0x10002490000 cpu 109688000
[mtlr]   out: 0000010002490000 0000000109688000 0000000101365940 0000000000000000
[mtlr]   out: 0000007700000000 0000000000004000 00000002bab7bc7e 000000000036565f
[mtlr] resource2 sel8 flags 470 sz 0x1000 -> kr 0x00000000 rid 119 GPUVA 0x10002490000 cpu 109688000
[mtlr]   out: 0000010002490000 0000000109688000 0000000101365940 0000000000000000
[mtlr]   out: 0000007700000000 0000000000004000 00000002bab7bc7f 0000000000365660
[mtlr] resource2 sel8 flags 470 sz 0x1000 -> kr 0x00000000 rid 119 GPUVA 0x10002490000 cpu 109688000
[mtlr]   out: 0000010002490000 0000000109688000 0000000101365940 0000000000000000
[mtlr]   out: 0000007700000000 0000000000004000 00000002bab7bc80 0000000000365661
[mtlr] resource2 sel8 flags 470 sz 0x1000 -> kr 0x00000000 rid 119 GPUVA 0x10002490000 cpu 109688000
[mtlr]   out: 0000010002490000 0000000109688000 0000000101365940 0000000000000000
[mtlr]   out: 0000007700000000 0000000000004000 00000002bab7bc81 0000000000365662
[mtlr] resource2 sel8 flags 470 sz 0x1000 -> kr 0x00000000 rid 119 GPUVA 0x10002490000 cpu 109688000
[mtlr]   out: 0000010002490000 0000000109688000 0000000101365940 0000000000000000
[mtlr]   out: 0000007700000000 0000000000004000 00000002bab7bc82 0000000000365663
[mtlr] resource2 sel8 flags 470 sz 0x1000 -> kr 0x00000000 rid 119 GPUVA 0x10002490000 cpu 109688000
[mtlr]   out: 0000010002490000 0000000109688000 0000000101365940 0000000000000000
[mtlr]   out: 0000007700000000 0000000000004000 00000002bab7bc83 0000000000365664
[mtlr] resource2 sel8 flags 470 sz 0x1000 -> kr 0x00000000 rid 119 GPUVA 0x10002490000 cpu 109688000
[mtlr]   out: 0000010002490000 0000000109688000 0000000101365940 0000000000000000
[mtlr]   out: 0000007700000000 0000000000004000 00000002bab7bc84 0000000000365665
[mtlr] resource2 sel8 flags 470 sz 0x1000 -> kr 0x00000000 rid 119 GPUVA 0x10002490000 cpu 109688000
[mtlr]   out: 0000010002490000 0000000109688000 0000000101365940 0000000000000000
[mtlr]   out: 0000007700000000 0000000000004000 00000002bab7bc85 0000000000365666
[mtlr] resource2 sel8 flags 470 sz 0x1000 -> kr 0x00000000 rid 119 GPUVA 0x10002490000 cpu 109688000
[mtlr]   out: 0000010002490000 0000000109688000 0000000101365940 0000000000000000
[mtlr]   out: 0000007700000000 0000000000004000 00000002bab7bc86 0000000000365667
[mtlr] resource2 sel8 flags 470 sz 0x1000 -> kr 0x00000000 rid 119 GPUVA 0x10002490000 cpu 109688000
[mtlr]   out: 0000010002490000 0000000109688000 0000000101365940 0000000000000000
[mtlr]   out: 0000007700000000 0000000000004000 00000002bab7bc87 0000000000365668
[mtlr] resource2 sel8 flags 470 sz 0x1000 -> kr 0x00000000 rid 119 GPUVA 0x10002490000 cpu 109688000
[mtlr]   out: 0000010002490000 0000000109688000 0000000101365940 0000000000000000
[mtlr]   out: 0000007700000000 0000000000004000 00000002bab7bc88 0000000000365669
[mtlr] resource2 sel8 flags 470 sz 0x1000 -> kr 0x00000000 rid 119 GPUVA 0x10002490000 cpu 109688000
[mtlr]   out: 0000010002490000 0000000109688000 0000000101365940 0000000000000000
[mtlr]   out: 0000007700000000 0000000000004000 00000002bab7bc89 000000000036566a
[mtlr] resource2 sel8 flags 470 sz 0x1000 -> kr 0x00000000 rid 119 GPUVA 0x10002490000 cpu 109688000
[mtlr]   out: 0000010002490000 0000000109688000 0000000101365940 0000000000000000
[mtlr]   out: 0000007700000000 0000000000004000 00000002bab7bc8a 000000000036566b
[mtlr] resource2 sel8 flags 470 sz 0x1000 -> kr 0x00000000 rid 119 GPUVA 0x10002490000 cpu 109688000
[mtlr]   out: 0000010002490000 0000000109688000 0000000101365940 0000000000000000
[mtlr]   out: 0000007700000000 0000000000004000 00000002bab7bc8b 000000000036566c
[mtlr] resource2 sel8 flags 470 sz 0x1000 -> kr 0x00000000 rid 119 GPUVA 0x10002490000 cpu 109688000
[mtlr]   out: 0000010002490000 0000000109688000 0000000101365940 0000000000000000
[mtlr]   out: 0000007700000000 0000000000004000 00000002bab7bc8c 000000000036566d
[mtlr] resource2 sel8 flags 470 sz 0x1000 -> kr 0x00000000 rid 119 GPUVA 0x10002490000 cpu 109688000
[mtlr]   out: 0000010002490000 0000000109688000 0000000101365940 0000000000000000
[mtlr]   out: 0000007700000000 0000000000004000 00000002bab7bc8d 000000000036566e
[mtlr] resource2 sel8 flags 470 sz 0x1000 -> kr 0x00000000 rid 119 GPUVA 0x10002490000 cpu 109688000
[mtlr]   out: 0000010002490000 0000000109688000 0000000101365940 0000000000000000
[mtlr]   out: 0000007700000000 0000000000004000 00000002bab7bc8e 000000000036566f
[mtlr] resource2 sel8 flags 470 sz 0x1000 -> kr 0x00000000 rid 119 GPUVA 0x10002490000 cpu 109688000
[mtlr]   out: 0000010002490000 0000000109688000 0000000101365940 0000000000000000
[mtlr]   out: 0000007700000000 0000000000004000 00000002bab7bc8f 0000000000365670
[mtlr] resource2 sel8 flags 470 sz 0x1000 -> kr 0x00000000 rid 119 GPUVA 0x10002490000 cpu 109688000
[mtlr]   out: 0000010002490000 0000000109688000 0000000101365940 0000000000000000
[mtlr]   out: 0000007700000000 0000000000004000 00000002bab7bc90 0000000000365671
[mtlr] resource2 sel8 flags 470 sz 0x1000 -> kr 0x00000000 rid 119 GPUVA 0x10002490000 cpu 109688000
[mtlr]   out: 0000010002490000 0000000109688000 0000000101365940 0000000000000000
[mtlr]   out: 0000007700000000 0000000000004000 00000002bab7bc91 0000000000365672
[mtlr] resource2 sel8 flags 470 sz 0x1000 -> kr 0x00000000 rid 119 GPUVA 0x10002490000 cpu 109688000
[mtlr]   out: 0000010002490000 0000000109688000 0000000101365940 0000000000000000
[mtlr]   out: 0000007700000000 0000000000004000 00000002bab7bc92 0000000000365673
[mtlr] resource2 sel8 flags 470 sz 0x1000 -> kr 0x00000000 rid 119 GPUVA 0x10002490000 cpu 109688000
[mtlr]   out: 0000010002490000 0000000109688000 0000000101365940 0000000000000000
[mtlr]   out: 0000007700000000 0000000000004000 00000002bab7bc93 0000000000365674
[mtlr] resource2 sel8 flags 470 sz 0x1000 -> kr 0x00000000 rid 119 GPUVA 0x10002490000 cpu 109688000
[mtlr]   out: 0000010002490000 0000000109688000 0000000101365940 0000000000000000
[mtlr]   out: 0000007700000000 0000000000004000 00000002bab7bc94 0000000000365675
[mtlr] resource2 sel8 flags 470 sz 0x1000 -> kr 0x00000000 rid 119 GPUVA 0x10002490000 cpu 109688000
[mtlr]   out: 0000010002490000 0000000109688000 0000000101365940 0000000000000000
[mtlr]   out: 0000007700000000 0000000000004000 00000002bab7bc95 0000000000365676
[mtlr] resource2 sel8 flags 470 sz 0x1000 -> kr 0x00000000 rid 119 GPUVA 0x10002490000 cpu 109688000
[mtlr]   out: 0000010002490000 0000000109688000 0000000101365940 0000000000000000
[mtlr]   out: 0000007700000000 0000000000004000 00000002bab7bc96 0000000000365677
[mtlr] resource2 sel8 flags 470 sz 0x1000 -> kr 0x00000000 rid 119 GPUVA 0x10002490000 cpu 109688000
[mtlr]   out: 0000010002490000 0000000109688000 0000000101365940 0000000000000000
[mtlr]   out: 0000007700000000 0000000000004000 00000002bab7bc97 0000000000365678
[mtlr] resource2 sel8 flags 470 sz 0x1000 -> kr 0x00000000 rid 119 GPUVA 0x10002490000 cpu 109688000
[mtlr]   out: 0000010002490000 0000000109688000 0000000101365940 0000000000000000
[mtlr]   out: 0000007700000000 0000000000004000 00000002bab7bc98 0000000000365679
[mtlr] resource2 sel8 flags 470 sz 0x1000 -> kr 0x00000000 rid 119 GPUVA 0x10002490000 cpu 109688000
[mtlr]   out: 0000010002490000 0000000109688000 0000000101365940 0000000000000000
[mtlr]   out: 0000007700000000 0000000000004000 00000002bab7bc99 000000000036567a
[mtlr] resource2 sel8 flags 470 sz 0x1000 -> kr 0x00000000 rid 119 GPUVA 0x10002490000 cpu 109688000
[mtlr]   out: 0000010002490000 0000000109688000 0000000101365940 0000000000000000
[mtlr]   out: 0000007700000000 0000000000004000 00000002bab7bc9a 000000000036567b
[mtlr] resource2 sel8 flags 470 sz 0x1000 -> kr 0x00000000 rid 119 GPUVA 0x10002490000 cpu 109688000
[mtlr]   out: 0000010002490000 0000000109688000 0000000101365940 0000000000000000
[mtlr]   out: 0000007700000000 0000000000004000 00000002bab7bc9b 000000000036567c
[mtlr] resource2 sel8 flags 470 sz 0x1000 -> kr 0x00000000 rid 119 GPUVA 0x10002490000 cpu 109688000
[mtlr]   out: 0000010002490000 0000000109688000 0000000101365940 0000000000000000
[mtlr]   out: 0000007700000000 0000000000004000 00000002bab7bc9c 000000000036567d
[mtlr] resource2 sel8 flags 470 sz 0x1000 -> kr 0x00000000 rid 119 GPUVA 0x10002490000 cpu 109688000
[mtlr]   out: 0000010002490000 0000000109688000 0000000101365940 0000000000000000
[mtlr]   out: 0000007700000000 0000000000004000 00000002bab7bc9d 000000000036567e
[mtlr] resource2 sel8 flags 470 sz 0x1000 -> kr 0x00000000 rid 119 GPUVA 0x10002490000 cpu 109688000
[mtlr]   out: 0000010002490000 0000000109688000 0000000101365940 0000000000000000
[mtlr]   out: 0000007700000000 0000000000004000 00000002bab7bc9e 000000000036567f
[mtlr] resource2 sel8 flags 470 sz 0x1000 -> kr 0x00000000 rid 119 GPUVA 0x10002490000 cpu 109688000
[mtlr]   out: 0000010002490000 0000000109688000 0000000101365940 0000000000000000
[mtlr]   out: 0000007700000000 0000000000004000 00000002bab7bc9f 0000000000365680
[mtlr] resource2 sel8 flags 470 sz 0x1000 -> kr 0x00000000 rid 119 GPUVA 0x10002490000 cpu 109688000
[mtlr]   out: 0000010002490000 0000000109688000 0000000101365940 0000000000000000
[mtlr]   out: 0000007700000000 0000000000004000 00000002bab7bca0 0000000000365681
[uatrec] S4 r21 (+1s): nvv 8 ncb 8 vsz 0x100000 destroy0 kr 0x00000000 nj 40
[uatrec] S4 r21 blit[0] slots 10 ridp 1
[uatrec] S4 r21 blit[1] slots 10 ridp 1
[uatrec] S4 r21 blit[2] slots 10 ridp 1
[uatrec] S4 r21 blit[3] slots 10 ridp 1
[uatrec] S4 r21 blit[4] slots 10 ridp 1
[uatrec] S4 r21 blit[5] slots 10 ridp 1
[uatrec] S4 r21 blit[6] slots 10 ridp 1
[uatrec] S4 r21 blit[7] slots 10 ridp 1
[mtlr] resource2 sel8 flags 470 sz 0x100000 -> kr 0x00000000 rid 119 GPUVA 0x10002490000 cpu 10bc00000
[mtlr]   out: 0000010002490000 000000010bc00000 0000000101365940 0000000000000000
[mtlr]   out: 0000007700000000 0000000000100000 00000002bab7bccd 0000000000365684
[uatrec] S4 r22 victim[0] rid 119 gpuva 0x10002490000 cpu 0x10bc00000 (top-of-stack)
[mtlr] resource2 sel8 flags 470 sz 0x100000 -> kr 0x00000000 rid 120 GPUVA 0x10002598000 cpu 10bd00000
[mtlr]   out: 0000010002598000 000000010bd00000 0000000101365a00 0000000000000000
[mtlr]   out: 0000007800000000 0000000000100000 00000002bab7bcce 0000000000365685
[uatrec] S4 r22 victim[1] rid 120 gpuva 0x10002598000 cpu 0x10bd00000 (top-of-stack)
[mtlr] resource2 sel8 flags 470 sz 0x100000 -> kr 0x00000000 rid 121 GPUVA 0x100026a0000 cpu 10be00000
[mtlr]   out: 00000100026a0000 000000010be00000 0000000101365ac0 0000000000000000
[mtlr]   out: 0000007900000000 0000000000100000 00000002bab7bccf 0000000000365686
[uatrec] S4 r22 victim[2] rid 121 gpuva 0x100026a0000 cpu 0x10be00000 (top-of-stack)
[mtlr] resource2 sel8 flags 470 sz 0x100000 -> kr 0x00000000 rid 122 GPUVA 0x100027a8000 cpu 10ac00000
[mtlr]   out: 00000100027a8000 000000010ac00000 0000000101365b80 0000000000000000
[mtlr]   out: 0000007a00000000 0000000000100000 00000002bab7bcd0 0000000000365687
[uatrec] S4 r22 victim[3] rid 122 gpuva 0x100027a8000 cpu 0x10ac00000 (top-of-stack)
[mtlr] resource2 sel8 flags 470 sz 0x100000 -> kr 0x00000000 rid 123 GPUVA 0x100028b0000 cpu 10ad00000
[mtlr]   out: 00000100028b0000 000000010ad00000 0000000101365c40 0000000000000000
[mtlr]   out: 0000007b00000000 0000000000100000 00000002bab7bcd1 0000000000365688
[uatrec] S4 r22 victim[4] rid 123 gpuva 0x100028b0000 cpu 0x10ad00000 (top-of-stack)
[mtlr] resource2 sel8 flags 470 sz 0x100000 -> kr 0x00000000 rid 124 GPUVA 0x100029b8000 cpu 10ae00000
[mtlr]   out: 00000100029b8000 000000010ae00000 0000000101365d00 0000000000000000
[mtlr]   out: 0000007c00000000 0000000000100000 00000002bab7bcd2 0000000000365689
[uatrec] S4 r22 victim[5] rid 124 gpuva 0x100029b8000 cpu 0x10ae00000 (top-of-stack)
[mtlr] resource2 sel8 flags 470 sz 0x100000 -> kr 0x00000000 rid 125 GPUVA 0x10002ac0000 cpu 109188000
[mtlr]   out: 0000010002ac0000 0000000109188000 0000000101365dc0 0000000000000000
[mtlr]   out: 0000007d00000000 0000000000100000 00000002bab7bcd3 000000000036568a
[uatrec] S4 r22 victim[6] rid 125 gpuva 0x10002ac0000 cpu 0x109188000 (top-of-stack)
[mtlr] resource2 sel8 flags 470 sz 0x100000 -> kr 0x00000000 rid 126 GPUVA 0x10002bc8000 cpu 109288000
[mtlr]   out: 0000010002bc8000 0000000109288000 0000000101365e80 0000000000000000
[mtlr]   out: 0000007e00000000 0000000000100000 00000002bab7bcdb 000000000036568b
[uatrec] S4 r22 victim[7] rid 126 gpuva 0x10002bc8000 cpu 0x109288000 (top-of-stack)
[mtlr] resource2 sel8 flags 470 sz 0x1000 -> kr 0x00000000 rid 119 GPUVA 0x10002490000 cpu 109688000
[mtlr]   out: 0000010002490000 0000000109688000 0000000101365940 0000000000000000
[mtlr]   out: 0000007700000000 0000000000004000 00000002bab7bcf7 0000000000365695
[mtlr] resource2 sel8 flags 470 sz 0x1000 -> kr 0x00000000 rid 119 GPUVA 0x10002490000 cpu 109688000
[mtlr]   out: 0000010002490000 0000000109688000 0000000101365940 0000000000000000
[mtlr]   out: 0000007700000000 0000000000004000 00000002bab7bcf8 0000000000365696
[mtlr] resource2 sel8 flags 470 sz 0x1000 -> kr 0x00000000 rid 119 GPUVA 0x10002490000 cpu 109688000
[mtlr]   out: 0000010002490000 0000000109688000 0000000101365940 0000000000000000
[mtlr]   out: 0000007700000000 0000000000004000 00000002bab7bcf9 0000000000365697
[mtlr] resource2 sel8 flags 470 sz 0x1000 -> kr 0x00000000 rid 119 GPUVA 0x10002490000 cpu 109688000
[mtlr]   out: 0000010002490000 0000000109688000 0000000101365940 0000000000000000
[mtlr]   out: 0000007700000000 0000000000004000 00000002bab7bcfa 0000000000365698
[mtlr] resource2 sel8 flags 470 sz 0x1000 -> kr 0x00000000 rid 119 GPUVA 0x10002490000 cpu 109688000
[mtlr]   out: 0000010002490000 0000000109688000 0000000101365940 0000000000000000
[mtlr]   out: 0000007700000000 0000000000004000 00000002bab7bcfb 0000000000365699
[mtlr] resource2 sel8 flags 470 sz 0x1000 -> kr 0x00000000 rid 119 GPUVA 0x10002490000 cpu 109688000
[mtlr]   out: 0000010002490000 0000000109688000 0000000101365940 0000000000000000
[mtlr]   out: 0000007700000000 0000000000004000 00000002bab7bcfc 000000000036569a
[mtlr] resource2 sel8 flags 470 sz 0x1000 -> kr 0x00000000 rid 119 GPUVA 0x10002490000 cpu 109688000
[mtlr]   out: 0000010002490000 0000000109688000 0000000101365940 0000000000000000
[mtlr]   out: 0000007700000000 0000000000004000 00000002bab7bcfd 000000000036569b
[mtlr] resource2 sel8 flags 470 sz 0x1000 -> kr 0x00000000 rid 119 GPUVA 0x10002490000 cpu 109688000
[mtlr]   out: 0000010002490000 0000000109688000 0000000101365940 0000000000000000
[mtlr]   out: 0000007700000000 0000000000004000 00000002bab7bcfe 000000000036569c
[mtlr] resource2 sel8 flags 470 sz 0x1000 -> kr 0x00000000 rid 119 GPUVA 0x10002490000 cpu 109688000
[mtlr]   out: 0000010002490000 0000000109688000 0000000101365940 0000000000000000
[mtlr]   out: 0000007700000000 0000000000004000 00000002bab7bcff 000000000036569d
[mtlr] resource2 sel8 flags 470 sz 0x1000 -> kr 0x00000000 rid 119 GPUVA 0x10002490000 cpu 109688000
[mtlr]   out: 0000010002490000 0000000109688000 0000000101365940 0000000000000000
[mtlr]   out: 0000007700000000 0000000000004000 00000002bab7bd00 000000000036569e
[mtlr] resource2 sel8 flags 470 sz 0x1000 -> kr 0x00000000 rid 119 GPUVA 0x10002490000 cpu 109688000
[mtlr]   out: 0000010002490000 0000000109688000 0000000101365940 0000000000000000
[mtlr]   out: 0000007700000000 0000000000004000 00000002bab7bd01 000000000036569f
[mtlr] resource2 sel8 flags 470 sz 0x1000 -> kr 0x00000000 rid 119 GPUVA 0x10002490000 cpu 109688000
[mtlr]   out: 0000010002490000 0000000109688000 0000000101365940 0000000000000000
[mtlr]   out: 0000007700000000 0000000000004000 00000002bab7bd02 00000000003656a0
[mtlr] resource2 sel8 flags 470 sz 0x1000 -> kr 0x00000000 rid 119 GPUVA 0x10002490000 cpu 109688000
[mtlr]   out: 0000010002490000 0000000109688000 0000000101365940 0000000000000000
[mtlr]   out: 0000007700000000 0000000000004000 00000002bab7bd03 00000000003656a1
[mtlr] resource2 sel8 flags 470 sz 0x1000 -> kr 0x00000000 rid 119 GPUVA 0x10002490000 cpu 109688000
[mtlr]   out: 0000010002490000 0000000109688000 0000000101365940 0000000000000000
[mtlr]   out: 0000007700000000 0000000000004000 00000002bab7bd04 00000000003656a2
[mtlr] resource2 sel8 flags 470 sz 0x1000 -> kr 0x00000000 rid 119 GPUVA 0x10002490000 cpu 109688000
[mtlr]   out: 0000010002490000 0000000109688000 0000000101365940 0000000000000000
[mtlr]   out: 0000007700000000 0000000000004000 00000002bab7bd05 00000000003656a3
[mtlr] resource2 sel8 flags 470 sz 0x1000 -> kr 0x00000000 rid 119 GPUVA 0x10002490000 cpu 109688000
[mtlr]   out: 0000010002490000 0000000109688000 0000000101365940 0000000000000000
[mtlr]   out: 0000007700000000 0000000000004000 00000002bab7bd06 00000000003656a4
[mtlr] resource2 sel8 flags 470 sz 0x1000 -> kr 0x00000000 rid 119 GPUVA 0x10002490000 cpu 109688000
[mtlr]   out: 0000010002490000 0000000109688000 0000000101365940 0000000000000000
[mtlr]   out: 0000007700000000 0000000000004000 00000002bab7bd07 00000000003656a5
[mtlr] resource2 sel8 flags 470 sz 0x1000 -> kr 0x00000000 rid 119 GPUVA 0x10002490000 cpu 109688000
[mtlr]   out: 0000010002490000 0000000109688000 0000000101365940 0000000000000000
[mtlr]   out: 0000007700000000 0000000000004000 00000002bab7bd08 00000000003656a6
[mtlr] resource2 sel8 flags 470 sz 0x1000 -> kr 0x00000000 rid 119 GPUVA 0x10002490000 cpu 109688000
[mtlr]   out: 0000010002490000 0000000109688000 0000000101365940 0000000000000000
[mtlr]   out: 0000007700000000 0000000000004000 00000002bab7bd09 00000000003656a7
[mtlr] resource2 sel8 flags 470 sz 0x1000 -> kr 0x00000000 rid 119 GPUVA 0x10002490000 cpu 109688000
[mtlr]   out: 0000010002490000 0000000109688000 0000000101365940 0000000000000000
[mtlr]   out: 0000007700000000 0000000000004000 00000002bab7bd0a 00000000003656a8
[mtlr] resource2 sel8 flags 470 sz 0x1000 -> kr 0x00000000 rid 119 GPUVA 0x10002490000 cpu 109688000
[mtlr]   out: 0000010002490000 0000000109688000 0000000101365940 0000000000000000
[mtlr]   out: 0000007700000000 0000000000004000 00000002bab7bd0b 00000000003656a9
[mtlr] resource2 sel8 flags 470 sz 0x1000 -> kr 0x00000000 rid 119 GPUVA 0x10002490000 cpu 109688000
[mtlr]   out: 0000010002490000 0000000109688000 0000000101365940 0000000000000000
[mtlr]   out: 0000007700000000 0000000000004000 00000002bab7bd0c 00000000003656aa
[mtlr] resource2 sel8 flags 470 sz 0x1000 -> kr 0x00000000 rid 119 GPUVA 0x10002490000 cpu 109688000
[mtlr]   out: 0000010002490000 0000000109688000 0000000101365940 0000000000000000
[mtlr]   out: 0000007700000000 0000000000004000 00000002bab7bd0d 00000000003656ab
[mtlr] resource2 sel8 flags 470 sz 0x1000 -> kr 0x00000000 rid 119 GPUVA 0x10002490000 cpu 109688000
[mtlr]   out: 0000010002490000 0000000109688000 0000000101365940 0000000000000000
[mtlr]   out: 0000007700000000 0000000000004000 00000002bab7bd0e 00000000003656ac
[mtlr] resource2 sel8 flags 470 sz 0x1000 -> kr 0x00000000 rid 119 GPUVA 0x10002490000 cpu 109688000
[mtlr]   out: 0000010002490000 0000000109688000 0000000101365940 0000000000000000
[mtlr]   out: 0000007700000000 0000000000004000 00000002bab7bd0f 00000000003656ad
[mtlr] resource2 sel8 flags 470 sz 0x1000 -> kr 0x00000000 rid 119 GPUVA 0x10002490000 cpu 109688000
[mtlr]   out: 0000010002490000 0000000109688000 0000000101365940 0000000000000000
[mtlr]   out: 0000007700000000 0000000000004000 00000002bab7bd10 00000000003656ae
[mtlr] resource2 sel8 flags 470 sz 0x1000 -> kr 0x00000000 rid 119 GPUVA 0x10002490000 cpu 109688000
[mtlr]   out: 0000010002490000 0000000109688000 0000000101365940 0000000000000000
[mtlr]   out: 0000007700000000 0000000000004000 00000002bab7bd11 00000000003656af
[mtlr] resource2 sel8 flags 470 sz 0x1000 -> kr 0x00000000 rid 119 GPUVA 0x10002490000 cpu 109688000
[mtlr]   out: 0000010002490000 0000000109688000 0000000101365940 0000000000000000
[mtlr]   out: 0000007700000000 0000000000004000 00000002bab7bd12 00000000003656b0
[mtlr] resource2 sel8 flags 470 sz 0x1000 -> kr 0x00000000 rid 119 GPUVA 0x10002490000 cpu 109688000
[mtlr]   out: 0000010002490000 0000000109688000 0000000101365940 0000000000000000
[mtlr]   out: 0000007700000000 0000000000004000 00000002bab7bd13 00000000003656b1
[mtlr] resource2 sel8 flags 470 sz 0x1000 -> kr 0x00000000 rid 119 GPUVA 0x10002490000 cpu 109688000
[mtlr]   out: 0000010002490000 0000000109688000 0000000101365940 0000000000000000
[mtlr]   out: 0000007700000000 0000000000004000 00000002bab7bd14 00000000003656b2
[mtlr] resource2 sel8 flags 470 sz 0x1000 -> kr 0x00000000 rid 119 GPUVA 0x10002490000 cpu 109688000
[mtlr]   out: 0000010002490000 0000000109688000 0000000101365940 0000000000000000
[mtlr]   out: 0000007700000000 0000000000004000 00000002bab7bd15 00000000003656b3
[mtlr] resource2 sel8 flags 470 sz 0x1000 -> kr 0x00000000 rid 119 GPUVA 0x10002490000 cpu 109688000
[mtlr]   out: 0000010002490000 0000000109688000 0000000101365940 0000000000000000
[mtlr]   out: 0000007700000000 0000000000004000 00000002bab7bd16 00000000003656b4
[mtlr] resource2 sel8 flags 470 sz 0x1000 -> kr 0x00000000 rid 119 GPUVA 0x10002490000 cpu 109688000
[mtlr]   out: 0000010002490000 0000000109688000 0000000101365940 0000000000000000
[mtlr]   out: 0000007700000000 0000000000004000 00000002bab7bd17 00000000003656b5
[mtlr] resource2 sel8 flags 470 sz 0x1000 -> kr 0x00000000 rid 119 GPUVA 0x10002490000 cpu 109688000
[mtlr]   out: 0000010002490000 0000000109688000 0000000101365940 0000000000000000
[mtlr]   out: 0000007700000000 0000000000004000 00000002bab7bd18 00000000003656b6
[mtlr] resource2 sel8 flags 470 sz 0x1000 -> kr 0x00000000 rid 119 GPUVA 0x10002490000 cpu 109688000
[mtlr]   out: 0000010002490000 0000000109688000 0000000101365940 0000000000000000
[mtlr]   out: 0000007700000000 0000000000004000 00000002bab7bd19 00000000003656b7
[mtlr] resource2 sel8 flags 470 sz 0x1000 -> kr 0x00000000 rid 119 GPUVA 0x10002490000 cpu 109688000
[mtlr]   out: 0000010002490000 0000000109688000 0000000101365940 0000000000000000
[mtlr]   out: 0000007700000000 0000000000004000 00000002bab7bd1a 00000000003656b8
[mtlr] resource2 sel8 flags 470 sz 0x1000 -> kr 0x00000000 rid 119 GPUVA 0x10002490000 cpu 109688000
[mtlr]   out: 0000010002490000 0000000109688000 0000000101365940 0000000000000000
[mtlr]   out: 0000007700000000 0000000000004000 00000002bab7bd1b 00000000003656b9
[mtlr] resource2 sel8 flags 470 sz 0x1000 -> kr 0x00000000 rid 119 GPUVA 0x10002490000 cpu 109688000
[mtlr]   out: 0000010002490000 0000000109688000 0000000101365940 0000000000000000
[mtlr]   out: 0000007700000000 0000000000004000 00000002bab7bd1c 00000000003656ba
[mtlr] resource2 sel8 flags 470 sz 0x1000 -> kr 0x00000000 rid 119 GPUVA 0x10002490000 cpu 109688000
[mtlr]   out: 0000010002490000 0000000109688000 0000000101365940 0000000000000000
[mtlr]   out: 0000007700000000 0000000000004000 00000002bab7bd1f 00000000003656bb
[mtlr] resource2 sel8 flags 470 sz 0x1000 -> kr 0x00000000 rid 119 GPUVA 0x10002490000 cpu 109688000
[mtlr]   out: 0000010002490000 0000000109688000 0000000101365940 0000000000000000
[mtlr]   out: 0000007700000000 0000000000004000 00000002bab7bd20 00000000003656bc
[uatrec] S4 r22 (+1s): nvv 8 ncb 8 vsz 0x100000 destroy0 kr 0x00000000 nj 40
[uatrec] S4 r22 blit[0] slots 10 ridp 1
[uatrec] S4 r22 blit[1] slots 10 ridp 1
[uatrec] S4 r22 blit[2] slots 10 ridp 1
[uatrec] S4 r22 blit[3] slots 10 ridp 1
[uatrec] S4 r22 blit[4] slots 10 ridp 1
[uatrec] S4 r22 blit[5] slots 10 ridp 1
[uatrec] S4 r22 blit[6] slots 10 ridp 1
[uatrec] S4 r22 blit[7] slots 10 ridp 1
[mtlr] resource2 sel8 flags 470 sz 0x100000 -> kr 0x00000000 rid 119 GPUVA 0x10002490000 cpu 109488000
[mtlr]   out: 0000010002490000 0000000109488000 0000000101365940 0000000000000000
[mtlr]   out: 0000007700000000 0000000000100000 00000002bab7bd4a 00000000003656bf
[uatrec] S4 r23 victim[0] rid 119 gpuva 0x10002490000 cpu 0x109488000 (top-of-stack)
[mtlr] resource2 sel8 flags 470 sz 0x100000 -> kr 0x00000000 rid 120 GPUVA 0x10002598000 cpu 109588000
[mtlr]   out: 0000010002598000 0000000109588000 0000000101365a00 0000000000000000
[mtlr]   out: 0000007800000000 0000000000100000 00000002bab7bd4b 00000000003656c0
[uatrec] S4 r23 victim[1] rid 120 gpuva 0x10002598000 cpu 0x109588000 (top-of-stack)
[mtlr] resource2 sel8 flags 470 sz 0x100000 -> kr 0x00000000 rid 121 GPUVA 0x100026a0000 cpu 109188000
[mtlr]   out: 00000100026a0000 0000000109188000 0000000101365ac0 0000000000000000
[mtlr]   out: 0000007900000000 0000000000100000 00000002bab7bd5d 00000000003656c1
[uatrec] S4 r23 victim[2] rid 121 gpuva 0x100026a0000 cpu 0x109188000 (top-of-stack)
[mtlr] resource2 sel8 flags 470 sz 0x100000 -> kr 0x00000000 rid 122 GPUVA 0x100027a8000 cpu 109288000
[mtlr]   out: 00000100027a8000 0000000109288000 0000000101365b80 0000000000000000
[mtlr]   out: 0000007a00000000 0000000000100000 00000002bab7bd5e 00000000003656c2
[uatrec] S4 r23 victim[3] rid 122 gpuva 0x100027a8000 cpu 0x109288000 (top-of-stack)
[mtlr] resource2 sel8 flags 470 sz 0x100000 -> kr 0x00000000 rid 123 GPUVA 0x100028b0000 cpu 109388000
[mtlr]   out: 00000100028b0000 0000000109388000 0000000101365c40 0000000000000000
[mtlr]   out: 0000007b00000000 0000000000100000 00000002bab7bd5f 00000000003656c3
[uatrec] S4 r23 victim[4] rid 123 gpuva 0x100028b0000 cpu 0x109388000 (top-of-stack)
[mtlr] resource2 sel8 flags 470 sz 0x100000 -> kr 0x00000000 rid 124 GPUVA 0x100029b8000 cpu 109784000
[mtlr]   out: 00000100029b8000 0000000109784000 0000000101365d00 0000000000000000
[mtlr]   out: 0000007c00000000 0000000000100000 00000002bab7bd60 00000000003656c4
[uatrec] S4 r23 victim[5] rid 124 gpuva 0x100029b8000 cpu 0x109784000 (top-of-stack)
[mtlr] resource2 sel8 flags 470 sz 0x100000 -> kr 0x00000000 rid 125 GPUVA 0x10002ac0000 cpu 109be0000
[mtlr]   out: 0000010002ac0000 0000000109be0000 0000000101365dc0 0000000000000000
[mtlr]   out: 0000007d00000000 0000000000100000 00000002bab7bd61 00000000003656c5
[uatrec] S4 r23 victim[6] rid 125 gpuva 0x10002ac0000 cpu 0x109be0000 (top-of-stack)
[mtlr] resource2 sel8 flags 470 sz 0x100000 -> kr 0x00000000 rid 126 GPUVA 0x10002bc8000 cpu 109d04000
[mtlr]   out: 0000010002bc8000 0000000109d04000 0000000101365e80 0000000000000000
[mtlr]   out: 0000007e00000000 0000000000100000 00000002bab7bd62 00000000003656c6
[uatrec] S4 r23 victim[7] rid 126 gpuva 0x10002bc8000 cpu 0x109d04000 (top-of-stack)
[mtlr] resource2 sel8 flags 470 sz 0x1000 -> kr 0x00000000 rid 119 GPUVA 0x10002490000 cpu 109688000
[mtlr]   out: 0000010002490000 0000000109688000 0000000101365940 0000000000000000
[mtlr]   out: 0000007700000000 0000000000004000 00000002bab7bd7e 00000000003656d0
[mtlr] resource2 sel8 flags 470 sz 0x1000 -> kr 0x00000000 rid 119 GPUVA 0x10002490000 cpu 109688000
[mtlr]   out: 0000010002490000 0000000109688000 0000000101365940 0000000000000000
[mtlr]   out: 0000007700000000 0000000000004000 00000002bab7bd7f 00000000003656d1
[mtlr] resource2 sel8 flags 470 sz 0x1000 -> kr 0x00000000 rid 119 GPUVA 0x10002490000 cpu 109688000
[mtlr]   out: 0000010002490000 0000000109688000 0000000101365940 0000000000000000
[mtlr]   out: 0000007700000000 0000000000004000 00000002bab7bd80 00000000003656d2
[mtlr] resource2 sel8 flags 470 sz 0x1000 -> kr 0x00000000 rid 119 GPUVA 0x10002490000 cpu 109688000
[mtlr]   out: 0000010002490000 0000000109688000 0000000101365940 0000000000000000
[mtlr]   out: 0000007700000000 0000000000004000 00000002bab7bd81 00000000003656d3
[mtlr] resource2 sel8 flags 470 sz 0x1000 -> kr 0x00000000 rid 119 GPUVA 0x10002490000 cpu 109688000
[mtlr]   out: 0000010002490000 0000000109688000 0000000101365940 0000000000000000
[mtlr]   out: 0000007700000000 0000000000004000 00000002bab7bd82 00000000003656d4
[mtlr] resource2 sel8 flags 470 sz 0x1000 -> kr 0x00000000 rid 119 GPUVA 0x10002490000 cpu 109688000
[mtlr]   out: 0000010002490000 0000000109688000 0000000101365940 0000000000000000
[mtlr]   out: 0000007700000000 0000000000004000 00000002bab7bd83 00000000003656d5
[mtlr] resource2 sel8 flags 470 sz 0x1000 -> kr 0x00000000 rid 119 GPUVA 0x10002490000 cpu 109688000
[mtlr]   out: 0000010002490000 0000000109688000 0000000101365940 0000000000000000
[mtlr]   out: 0000007700000000 0000000000004000 00000002bab7bd84 00000000003656d6
[mtlr] resource2 sel8 flags 470 sz 0x1000 -> kr 0x00000000 rid 119 GPUVA 0x10002490000 cpu 109688000
[mtlr]   out: 0000010002490000 0000000109688000 0000000101365940 0000000000000000
[mtlr]   out: 0000007700000000 0000000000004000 00000002bab7bd85 00000000003656d7
[mtlr] resource2 sel8 flags 470 sz 0x1000 -> kr 0x00000000 rid 119 GPUVA 0x10002490000 cpu 109688000
[mtlr]   out: 0000010002490000 0000000109688000 0000000101365940 0000000000000000
[mtlr]   out: 0000007700000000 0000000000004000 00000002bab7bd86 00000000003656d8
[mtlr] resource2 sel8 flags 470 sz 0x1000 -> kr 0x00000000 rid 119 GPUVA 0x10002490000 cpu 109688000
[mtlr]   out: 0000010002490000 0000000109688000 0000000101365940 0000000000000000
[mtlr]   out: 0000007700000000 0000000000004000 00000002bab7bd87 00000000003656d9
[mtlr] resource2 sel8 flags 470 sz 0x1000 -> kr 0x00000000 rid 119 GPUVA 0x10002490000 cpu 109688000
[mtlr]   out: 0000010002490000 0000000109688000 0000000101365940 0000000000000000
[mtlr]   out: 0000007700000000 0000000000004000 00000002bab7bd88 00000000003656da
[mtlr] resource2 sel8 flags 470 sz 0x1000 -> kr 0x00000000 rid 119 GPUVA 0x10002490000 cpu 109688000
[mtlr]   out: 0000010002490000 0000000109688000 0000000101365940 0000000000000000
[mtlr]   out: 0000007700000000 0000000000004000 00000002bab7bd89 00000000003656db
[mtlr] resource2 sel8 flags 470 sz 0x1000 -> kr 0x00000000 rid 119 GPUVA 0x10002490000 cpu 109688000
[mtlr]   out: 0000010002490000 0000000109688000 0000000101365940 0000000000000000
[mtlr]   out: 0000007700000000 0000000000004000 00000002bab7bd8a 00000000003656dc
[mtlr] resource2 sel8 flags 470 sz 0x1000 -> kr 0x00000000 rid 119 GPUVA 0x10002490000 cpu 109688000
[mtlr]   out: 0000010002490000 0000000109688000 0000000101365940 0000000000000000
[mtlr]   out: 0000007700000000 0000000000004000 00000002bab7bd8b 00000000003656dd
[mtlr] resource2 sel8 flags 470 sz 0x1000 -> kr 0x00000000 rid 119 GPUVA 0x10002490000 cpu 109688000
[mtlr]   out: 0000010002490000 0000000109688000 0000000101365940 0000000000000000
[mtlr]   out: 0000007700000000 0000000000004000 00000002bab7bd8c 00000000003656de
[mtlr] resource2 sel8 flags 470 sz 0x1000 -> kr 0x00000000 rid 119 GPUVA 0x10002490000 cpu 109688000
[mtlr]   out: 0000010002490000 0000000109688000 0000000101365940 0000000000000000
[mtlr]   out: 0000007700000000 0000000000004000 00000002bab7bd8d 00000000003656df
[mtlr] resource2 sel8 flags 470 sz 0x1000 -> kr 0x00000000 rid 119 GPUVA 0x10002490000 cpu 109688000
[mtlr]   out: 0000010002490000 0000000109688000 0000000101365940 0000000000000000
[mtlr]   out: 0000007700000000 0000000000004000 00000002bab7bd8e 00000000003656e0
[mtlr] resource2 sel8 flags 470 sz 0x1000 -> kr 0x00000000 rid 119 GPUVA 0x10002490000 cpu 109688000
[mtlr]   out: 0000010002490000 0000000109688000 0000000101365940 0000000000000000
[mtlr]   out: 0000007700000000 0000000000004000 00000002bab7bd8f 00000000003656e1
[mtlr] resource2 sel8 flags 470 sz 0x1000 -> kr 0x00000000 rid 119 GPUVA 0x10002490000 cpu 109688000
[mtlr]   out: 0000010002490000 0000000109688000 0000000101365940 0000000000000000
[mtlr]   out: 0000007700000000 0000000000004000 00000002bab7bd90 00000000003656e2
[mtlr] resource2 sel8 flags 470 sz 0x1000 -> kr 0x00000000 rid 119 GPUVA 0x10002490000 cpu 109688000
[mtlr]   out: 0000010002490000 0000000109688000 0000000101365940 0000000000000000
[mtlr]   out: 0000007700000000 0000000000004000 00000002bab7bd91 00000000003656e3
[mtlr] resource2 sel8 flags 470 sz 0x1000 -> kr 0x00000000 rid 119 GPUVA 0x10002490000 cpu 109688000
[mtlr]   out: 0000010002490000 0000000109688000 0000000101365940 0000000000000000
[mtlr]   out: 0000007700000000 0000000000004000 00000002bab7bd92 00000000003656e4
[mtlr] resource2 sel8 flags 470 sz 0x1000 -> kr 0x00000000 rid 119 GPUVA 0x10002490000 cpu 109688000
[mtlr]   out: 0000010002490000 0000000109688000 0000000101365940 0000000000000000
[mtlr]   out: 0000007700000000 0000000000004000 00000002bab7bd93 00000000003656e5
[mtlr] resource2 sel8 flags 470 sz 0x1000 -> kr 0x00000000 rid 119 GPUVA 0x10002490000 cpu 109688000
[mtlr]   out: 0000010002490000 0000000109688000 0000000101365940 0000000000000000
[mtlr]   out: 0000007700000000 0000000000004000 00000002bab7bd94 00000000003656e6
[mtlr] resource2 sel8 flags 470 sz 0x1000 -> kr 0x00000000 rid 119 GPUVA 0x10002490000 cpu 109688000
[mtlr]   out: 0000010002490000 0000000109688000 0000000101365940 0000000000000000
[mtlr]   out: 0000007700000000 0000000000004000 00000002bab7bd95 00000000003656e7
[mtlr] resource2 sel8 flags 470 sz 0x1000 -> kr 0x00000000 rid 119 GPUVA 0x10002490000 cpu 109688000
[mtlr]   out: 0000010002490000 0000000109688000 0000000101365940 0000000000000000
[mtlr]   out: 0000007700000000 0000000000004000 00000002bab7bd96 00000000003656e8
[mtlr] resource2 sel8 flags 470 sz 0x1000 -> kr 0x00000000 rid 119 GPUVA 0x10002490000 cpu 109688000
[mtlr]   out: 0000010002490000 0000000109688000 0000000101365940 0000000000000000
[mtlr]   out: 0000007700000000 0000000000004000 00000002bab7bd97 00000000003656e9
[mtlr] resource2 sel8 flags 470 sz 0x1000 -> kr 0x00000000 rid 119 GPUVA 0x10002490000 cpu 109688000
[mtlr]   out: 0000010002490000 0000000109688000 0000000101365940 0000000000000000
[mtlr]   out: 0000007700000000 0000000000004000 00000002bab7bd98 00000000003656ea
[mtlr] resource2 sel8 flags 470 sz 0x1000 -> kr 0x00000000 rid 119 GPUVA 0x10002490000 cpu 109688000
[mtlr]   out: 0000010002490000 0000000109688000 0000000101365940 0000000000000000
[mtlr]   out: 0000007700000000 0000000000004000 00000002bab7bd99 00000000003656eb
[mtlr] resource2 sel8 flags 470 sz 0x1000 -> kr 0x00000000 rid 119 GPUVA 0x10002490000 cpu 109688000
[mtlr]   out: 0000010002490000 0000000109688000 0000000101365940 0000000000000000
[mtlr]   out: 0000007700000000 0000000000004000 00000002bab7bd9a 00000000003656ec
[mtlr] resource2 sel8 flags 470 sz 0x1000 -> kr 0x00000000 rid 119 GPUVA 0x10002490000 cpu 109688000
[mtlr]   out: 0000010002490000 0000000109688000 0000000101365940 0000000000000000
[mtlr]   out: 0000007700000000 0000000000004000 00000002bab7bd9b 00000000003656ed
[mtlr] resource2 sel8 flags 470 sz 0x1000 -> kr 0x00000000 rid 119 GPUVA 0x10002490000 cpu 109688000
[mtlr]   out: 0000010002490000 0000000109688000 0000000101365940 0000000000000000
[mtlr]   out: 0000007700000000 0000000000004000 00000002bab7bd9c 00000000003656ee
[mtlr] resource2 sel8 flags 470 sz 0x1000 -> kr 0x00000000 rid 119 GPUVA 0x10002490000 cpu 109688000
[mtlr]   out: 0000010002490000 0000000109688000 0000000101365940 0000000000000000
[mtlr]   out: 0000007700000000 0000000000004000 00000002bab7bd9d 00000000003656ef
[mtlr] resource2 sel8 flags 470 sz 0x1000 -> kr 0x00000000 rid 119 GPUVA 0x10002490000 cpu 109688000
[mtlr]   out: 0000010002490000 0000000109688000 0000000101365940 0000000000000000
[mtlr]   out: 0000007700000000 0000000000004000 00000002bab7bd9e 00000000003656f0
[mtlr] resource2 sel8 flags 470 sz 0x1000 -> kr 0x00000000 rid 119 GPUVA 0x10002490000 cpu 109688000
[mtlr]   out: 0000010002490000 0000000109688000 0000000101365940 0000000000000000
[mtlr]   out: 0000007700000000 0000000000004000 00000002bab7bd9f 00000000003656f1
[mtlr] resource2 sel8 flags 470 sz 0x1000 -> kr 0x00000000 rid 119 GPUVA 0x10002490000 cpu 109688000
[mtlr]   out: 0000010002490000 0000000109688000 0000000101365940 0000000000000000
[mtlr]   out: 0000007700000000 0000000000004000 00000002bab7bda0 00000000003656f2
[mtlr] resource2 sel8 flags 470 sz 0x1000 -> kr 0x00000000 rid 119 GPUVA 0x10002490000 cpu 109688000
[mtlr]   out: 0000010002490000 0000000109688000 0000000101365940 0000000000000000
[mtlr]   out: 0000007700000000 0000000000004000 00000002bab7bda1 00000000003656f3
[mtlr] resource2 sel8 flags 470 sz 0x1000 -> kr 0x00000000 rid 119 GPUVA 0x10002490000 cpu 109688000
[mtlr]   out: 0000010002490000 0000000109688000 0000000101365940 0000000000000000
[mtlr]   out: 0000007700000000 0000000000004000 00000002bab7bda2 00000000003656f4
[mtlr] resource2 sel8 flags 470 sz 0x1000 -> kr 0x00000000 rid 119 GPUVA 0x10002490000 cpu 109688000
[mtlr]   out: 0000010002490000 0000000109688000 0000000101365940 0000000000000000
[mtlr]   out: 0000007700000000 0000000000004000 00000002bab7bda3 00000000003656f5
[mtlr] resource2 sel8 flags 470 sz 0x1000 -> kr 0x00000000 rid 119 GPUVA 0x10002490000 cpu 109688000
[mtlr]   out: 0000010002490000 0000000109688000 0000000101365940 0000000000000000
[mtlr]   out: 0000007700000000 0000000000004000 00000002bab7bda4 00000000003656f6
[mtlr] resource2 sel8 flags 470 sz 0x1000 -> kr 0x00000000 rid 119 GPUVA 0x10002490000 cpu 109688000
[mtlr]   out: 0000010002490000 0000000109688000 0000000101365940 0000000000000000
[mtlr]   out: 0000007700000000 0000000000004000 00000002bab7bda5 00000000003656f7
[uatrec] S4 r23 (+1s): nvv 8 ncb 8 vsz 0x100000 destroy0 kr 0x00000000 nj 40
[uatrec] S4 r23 blit[0] slots 10 ridp 1
[uatrec] S4 r23 blit[1] slots 10 ridp 1
[uatrec] S4 r23 blit[2] slots 10 ridp 1
[uatrec] S4 r23 blit[3] slots 10 ridp 1
[uatrec] S4 r23 blit[4] slots 10 ridp 1
[uatrec] S4 r23 blit[5] slots 10 ridp 1
[uatrec] S4 r23 blit[6] slots 10 ridp 1
[uatrec] S4 r23 blit[7] slots 10 ridp 1
[mtlr] resource2 sel8 flags 470 sz 0x100000 -> kr 0x00000000 rid 119 GPUVA 0x10002490000 cpu 109188000
[mtlr]   out: 0000010002490000 0000000109188000 0000000101365940 0000000000000000
[mtlr]   out: 0000007700000000 0000000000100000 00000002bab7bdd1 00000000003656fa
[uatrec] S4 r24 victim[0] rid 119 gpuva 0x10002490000 cpu 0x109188000 (top-of-stack)
[mtlr] resource2 sel8 flags 470 sz 0x100000 -> kr 0x00000000 rid 120 GPUVA 0x10002598000 cpu 109288000
[mtlr]   out: 0000010002598000 0000000109288000 0000000101365a00 0000000000000000
[mtlr]   out: 0000007800000000 0000000000100000 00000002bab7bdd2 00000000003656fb
[uatrec] S4 r24 victim[1] rid 120 gpuva 0x10002598000 cpu 0x109288000 (top-of-stack)
[mtlr] resource2 sel8 flags 470 sz 0x100000 -> kr 0x00000000 rid 121 GPUVA 0x100026a0000 cpu 109388000
[mtlr]   out: 00000100026a0000 0000000109388000 0000000101365ac0 0000000000000000
[mtlr]   out: 0000007900000000 0000000000100000 00000002bab7bdd3 00000000003656fc
[uatrec] S4 r24 victim[2] rid 121 gpuva 0x100026a0000 cpu 0x109388000 (top-of-stack)
[mtlr] resource2 sel8 flags 470 sz 0x100000 -> kr 0x00000000 rid 122 GPUVA 0x100027a8000 cpu 109488000
[mtlr]   out: 00000100027a8000 0000000109488000 0000000101365b80 0000000000000000
[mtlr]   out: 0000007a00000000 0000000000100000 00000002bab7bdd4 00000000003656fd
[uatrec] S4 r24 victim[3] rid 122 gpuva 0x100027a8000 cpu 0x109488000 (top-of-stack)
[mtlr] resource2 sel8 flags 470 sz 0x100000 -> kr 0x00000000 rid 123 GPUVA 0x100028b0000 cpu 109588000
[mtlr]   out: 00000100028b0000 0000000109588000 0000000101365c40 0000000000000000
[mtlr]   out: 0000007b00000000 0000000000100000 00000002bab7bdd5 00000000003656fe
[uatrec] S4 r24 victim[4] rid 123 gpuva 0x100028b0000 cpu 0x109588000 (top-of-stack)
[mtlr] resource2 sel8 flags 470 sz 0x100000 -> kr 0x00000000 rid 124 GPUVA 0x100029b8000 cpu 109784000
[mtlr]   out: 00000100029b8000 0000000109784000 0000000101365d00 0000000000000000
[mtlr]   out: 0000007c00000000 0000000000100000 00000002bab7bdd6 00000000003656ff
[uatrec] S4 r24 victim[5] rid 124 gpuva 0x100029b8000 cpu 0x109784000 (top-of-stack)
[mtlr] resource2 sel8 flags 470 sz 0x100000 -> kr 0x00000000 rid 125 GPUVA 0x10002ac0000 cpu 109be0000
[mtlr]   out: 0000010002ac0000 0000000109be0000 0000000101365dc0 0000000000000000
[mtlr]   out: 0000007d00000000 0000000000100000 00000002bab7bddc 0000000000365700
[uatrec] S4 r24 victim[6] rid 125 gpuva 0x10002ac0000 cpu 0x109be0000 (top-of-stack)
[mtlr] resource2 sel8 flags 470 sz 0x100000 -> kr 0x00000000 rid 126 GPUVA 0x10002bc8000 cpu 109d04000
[mtlr]   out: 0000010002bc8000 0000000109d04000 0000000101365e80 0000000000000000
[mtlr]   out: 0000007e00000000 0000000000100000 00000002bab7bddf 0000000000365701
[uatrec] S4 r24 victim[7] rid 126 gpuva 0x10002bc8000 cpu 0x109d04000 (top-of-stack)
[mtlr] resource2 sel8 flags 470 sz 0x1000 -> kr 0x00000000 rid 119 GPUVA 0x10002490000 cpu 109688000
[mtlr]   out: 0000010002490000 0000000109688000 0000000101365940 0000000000000000
[mtlr]   out: 0000007700000000 0000000000004000 00000002bab7bdfb 000000000036570b
[mtlr] resource2 sel8 flags 470 sz 0x1000 -> kr 0x00000000 rid 119 GPUVA 0x10002490000 cpu 109688000
[mtlr]   out: 0000010002490000 0000000109688000 0000000101365940 0000000000000000
[mtlr]   out: 0000007700000000 0000000000004000 00000002bab7bdfc 000000000036570c
[mtlr] resource2 sel8 flags 470 sz 0x1000 -> kr 0x00000000 rid 119 GPUVA 0x10002490000 cpu 109688000
[mtlr]   out: 0000010002490000 0000000109688000 0000000101365940 0000000000000000
[mtlr]   out: 0000007700000000 0000000000004000 00000002bab7bdfd 000000000036570d
[mtlr] resource2 sel8 flags 470 sz 0x1000 -> kr 0x00000000 rid 119 GPUVA 0x10002490000 cpu 109688000
[mtlr]   out: 0000010002490000 0000000109688000 0000000101365940 0000000000000000
[mtlr]   out: 0000007700000000 0000000000004000 00000002bab7bdfe 000000000036570e
[mtlr] resource2 sel8 flags 470 sz 0x1000 -> kr 0x00000000 rid 119 GPUVA 0x10002490000 cpu 109688000
[mtlr]   out: 0000010002490000 0000000109688000 0000000101365940 0000000000000000
[mtlr]   out: 0000007700000000 0000000000004000 00000002bab7bdff 000000000036570f
[mtlr] resource2 sel8 flags 470 sz 0x1000 -> kr 0x00000000 rid 119 GPUVA 0x10002490000 cpu 109688000
[mtlr]   out: 0000010002490000 0000000109688000 0000000101365940 0000000000000000
[mtlr]   out: 0000007700000000 0000000000004000 00000002bab7be00 0000000000365710
[mtlr] resource2 sel8 flags 470 sz 0x1000 -> kr 0x00000000 rid 119 GPUVA 0x10002490000 cpu 109688000
[mtlr]   out: 0000010002490000 0000000109688000 0000000101365940 0000000000000000
[mtlr]   out: 0000007700000000 0000000000004000 00000002bab7be01 0000000000365711
[mtlr] resource2 sel8 flags 470 sz 0x1000 -> kr 0x00000000 rid 119 GPUVA 0x10002490000 cpu 109688000
[mtlr]   out: 0000010002490000 0000000109688000 0000000101365940 0000000000000000
[mtlr]   out: 0000007700000000 0000000000004000 00000002bab7be02 0000000000365712
[mtlr] resource2 sel8 flags 470 sz 0x1000 -> kr 0x00000000 rid 119 GPUVA 0x10002490000 cpu 109688000
[mtlr]   out: 0000010002490000 0000000109688000 0000000101365940 0000000000000000
[mtlr]   out: 0000007700000000 0000000000004000 00000002bab7be03 0000000000365713
[mtlr] resource2 sel8 flags 470 sz 0x1000 -> kr 0x00000000 rid 119 GPUVA 0x10002490000 cpu 109688000
[mtlr]   out: 0000010002490000 0000000109688000 0000000101365940 0000000000000000
[mtlr]   out: 0000007700000000 0000000000004000 00000002bab7be04 0000000000365714
[mtlr] resource2 sel8 flags 470 sz 0x1000 -> kr 0x00000000 rid 119 GPUVA 0x10002490000 cpu 109688000
[mtlr]   out: 0000010002490000 0000000109688000 0000000101365940 0000000000000000
[mtlr]   out: 0000007700000000 0000000000004000 00000002bab7be05 0000000000365715
[mtlr] resource2 sel8 flags 470 sz 0x1000 -> kr 0x00000000 rid 119 GPUVA 0x10002490000 cpu 109688000
[mtlr]   out: 0000010002490000 0000000109688000 0000000101365940 0000000000000000
[mtlr]   out: 0000007700000000 0000000000004000 00000002bab7be06 0000000000365716
[mtlr] resource2 sel8 flags 470 sz 0x1000 -> kr 0x00000000 rid 119 GPUVA 0x10002490000 cpu 109688000
[mtlr]   out: 0000010002490000 0000000109688000 0000000101365940 0000000000000000
[mtlr]   out: 0000007700000000 0000000000004000 00000002bab7be07 0000000000365717
[mtlr] resource2 sel8 flags 470 sz 0x1000 -> kr 0x00000000 rid 119 GPUVA 0x10002490000 cpu 109688000
[mtlr]   out: 0000010002490000 0000000109688000 0000000101365940 0000000000000000
[mtlr]   out: 0000007700000000 0000000000004000 00000002bab7be08 0000000000365718
[mtlr] resource2 sel8 flags 470 sz 0x1000 -> kr 0x00000000 rid 119 GPUVA 0x10002490000 cpu 109688000
[mtlr]   out: 0000010002490000 0000000109688000 0000000101365940 0000000000000000
[mtlr]   out: 0000007700000000 0000000000004000 00000002bab7be09 0000000000365719
[mtlr] resource2 sel8 flags 470 sz 0x1000 -> kr 0x00000000 rid 119 GPUVA 0x10002490000 cpu 109688000
[mtlr]   out: 0000010002490000 0000000109688000 0000000101365940 0000000000000000
[mtlr]   out: 0000007700000000 0000000000004000 00000002bab7be0a 000000000036571a
[mtlr] resource2 sel8 flags 470 sz 0x1000 -> kr 0x00000000 rid 119 GPUVA 0x10002490000 cpu 109688000
[mtlr]   out: 0000010002490000 0000000109688000 0000000101365940 0000000000000000
[mtlr]   out: 0000007700000000 0000000000004000 00000002bab7be0b 000000000036571b
[mtlr] resource2 sel8 flags 470 sz 0x1000 -> kr 0x00000000 rid 119 GPUVA 0x10002490000 cpu 109688000
[mtlr]   out: 0000010002490000 0000000109688000 0000000101365940 0000000000000000
[mtlr]   out: 0000007700000000 0000000000004000 00000002bab7be0c 000000000036571c
[mtlr] resource2 sel8 flags 470 sz 0x1000 -> kr 0x00000000 rid 119 GPUVA 0x10002490000 cpu 109688000
[mtlr]   out: 0000010002490000 0000000109688000 0000000101365940 0000000000000000
[mtlr]   out: 0000007700000000 0000000000004000 00000002bab7be0d 000000000036571d
[mtlr] resource2 sel8 flags 470 sz 0x1000 -> kr 0x00000000 rid 119 GPUVA 0x10002490000 cpu 109688000
[mtlr]   out: 0000010002490000 0000000109688000 0000000101365940 0000000000000000
[mtlr]   out: 0000007700000000 0000000000004000 00000002bab7be0e 000000000036571e
[mtlr] resource2 sel8 flags 470 sz 0x1000 -> kr 0x00000000 rid 119 GPUVA 0x10002490000 cpu 109688000
[mtlr]   out: 0000010002490000 0000000109688000 0000000101365940 0000000000000000
[mtlr]   out: 0000007700000000 0000000000004000 00000002bab7be0f 000000000036571f
[mtlr] resource2 sel8 flags 470 sz 0x1000 -> kr 0x00000000 rid 119 GPUVA 0x10002490000 cpu 109688000
[mtlr]   out: 0000010002490000 0000000109688000 0000000101365940 0000000000000000
[mtlr]   out: 0000007700000000 0000000000004000 00000002bab7be10 0000000000365720
[mtlr] resource2 sel8 flags 470 sz 0x1000 -> kr 0x00000000 rid 119 GPUVA 0x10002490000 cpu 109688000
[mtlr]   out: 0000010002490000 0000000109688000 0000000101365940 0000000000000000
[mtlr]   out: 0000007700000000 0000000000004000 00000002bab7be11 0000000000365721
[mtlr] resource2 sel8 flags 470 sz 0x1000 -> kr 0x00000000 rid 119 GPUVA 0x10002490000 cpu 109688000
[mtlr]   out: 0000010002490000 0000000109688000 0000000101365940 0000000000000000
[mtlr]   out: 0000007700000000 0000000000004000 00000002bab7be12 0000000000365722
[mtlr] resource2 sel8 flags 470 sz 0x1000 -> kr 0x00000000 rid 119 GPUVA 0x10002490000 cpu 109688000
[mtlr]   out: 0000010002490000 0000000109688000 0000000101365940 0000000000000000
[mtlr]   out: 0000007700000000 0000000000004000 00000002bab7be13 0000000000365723
[mtlr] resource2 sel8 flags 470 sz 0x1000 -> kr 0x00000000 rid 119 GPUVA 0x10002490000 cpu 109688000
[mtlr]   out: 0000010002490000 0000000109688000 0000000101365940 0000000000000000
[mtlr]   out: 0000007700000000 0000000000004000 00000002bab7be14 0000000000365724
[mtlr] resource2 sel8 flags 470 sz 0x1000 -> kr 0x00000000 rid 119 GPUVA 0x10002490000 cpu 109688000
[mtlr]   out: 0000010002490000 0000000109688000 0000000101365940 0000000000000000
[mtlr]   out: 0000007700000000 0000000000004000 00000002bab7be15 0000000000365725
[mtlr] resource2 sel8 flags 470 sz 0x1000 -> kr 0x00000000 rid 119 GPUVA 0x10002490000 cpu 109688000
[mtlr]   out: 0000010002490000 0000000109688000 0000000101365940 0000000000000000
[mtlr]   out: 0000007700000000 0000000000004000 00000002bab7be16 0000000000365726
[mtlr] resource2 sel8 flags 470 sz 0x1000 -> kr 0x00000000 rid 119 GPUVA 0x10002490000 cpu 109688000
[mtlr]   out: 0000010002490000 0000000109688000 0000000101365940 0000000000000000
[mtlr]   out: 0000007700000000 0000000000004000 00000002bab7be17 0000000000365727
[mtlr] resource2 sel8 flags 470 sz 0x1000 -> kr 0x00000000 rid 119 GPUVA 0x10002490000 cpu 109688000
[mtlr]   out: 0000010002490000 0000000109688000 0000000101365940 0000000000000000
[mtlr]   out: 0000007700000000 0000000000004000 00000002bab7be18 0000000000365728
[mtlr] resource2 sel8 flags 470 sz 0x1000 -> kr 0x00000000 rid 119 GPUVA 0x10002490000 cpu 109688000
[mtlr]   out: 0000010002490000 0000000109688000 0000000101365940 0000000000000000
[mtlr]   out: 0000007700000000 0000000000004000 00000002bab7be19 0000000000365729
[mtlr] resource2 sel8 flags 470 sz 0x1000 -> kr 0x00000000 rid 119 GPUVA 0x10002490000 cpu 109688000
[mtlr]   out: 0000010002490000 0000000109688000 0000000101365940 0000000000000000
[mtlr]   out: 0000007700000000 0000000000004000 00000002bab7be1a 000000000036572a
[mtlr] resource2 sel8 flags 470 sz 0x1000 -> kr 0x00000000 rid 119 GPUVA 0x10002490000 cpu 109688000
[mtlr]   out: 0000010002490000 0000000109688000 0000000101365940 0000000000000000
[mtlr]   out: 0000007700000000 0000000000004000 00000002bab7be1b 000000000036572b
[mtlr] resource2 sel8 flags 470 sz 0x1000 -> kr 0x00000000 rid 119 GPUVA 0x10002490000 cpu 109688000
[mtlr]   out: 0000010002490000 0000000109688000 0000000101365940 0000000000000000
[mtlr]   out: 0000007700000000 0000000000004000 00000002bab7be1c 000000000036572c
[mtlr] resource2 sel8 flags 470 sz 0x1000 -> kr 0x00000000 rid 119 GPUVA 0x10002490000 cpu 109688000
[mtlr]   out: 0000010002490000 0000000109688000 0000000101365940 0000000000000000
[mtlr]   out: 0000007700000000 0000000000004000 00000002bab7be1d 000000000036572d
[mtlr] resource2 sel8 flags 470 sz 0x1000 -> kr 0x00000000 rid 119 GPUVA 0x10002490000 cpu 109688000
[mtlr]   out: 0000010002490000 0000000109688000 0000000101365940 0000000000000000
[mtlr]   out: 0000007700000000 0000000000004000 00000002bab7be1e 000000000036572e
[mtlr] resource2 sel8 flags 470 sz 0x1000 -> kr 0x00000000 rid 119 GPUVA 0x10002490000 cpu 109688000
[mtlr]   out: 0000010002490000 0000000109688000 0000000101365940 0000000000000000
[mtlr]   out: 0000007700000000 0000000000004000 00000002bab7be1f 000000000036572f
[mtlr] resource2 sel8 flags 470 sz 0x1000 -> kr 0x00000000 rid 119 GPUVA 0x10002490000 cpu 109688000
[mtlr]   out: 0000010002490000 0000000109688000 0000000101365940 0000000000000000
[mtlr]   out: 0000007700000000 0000000000004000 00000002bab7be20 0000000000365730
[mtlr] resource2 sel8 flags 470 sz 0x1000 -> kr 0x00000000 rid 119 GPUVA 0x10002490000 cpu 109688000
[mtlr]   out: 0000010002490000 0000000109688000 0000000101365940 0000000000000000
[mtlr]   out: 0000007700000000 0000000000004000 00000002bab7be21 0000000000365731
[mtlr] resource2 sel8 flags 470 sz 0x1000 -> kr 0x00000000 rid 119 GPUVA 0x10002490000 cpu 109688000
[mtlr]   out: 0000010002490000 0000000109688000 0000000101365940 0000000000000000
[mtlr]   out: 0000007700000000 0000000000004000 00000002bab7be22 0000000000365732
[uatrec] S4 r24 (+1s): nvv 8 ncb 8 vsz 0x100000 destroy0 kr 0x00000000 nj 40
[uatrec] S4 r24 blit[0] slots 10 ridp 1
[uatrec] S4 r24 blit[1] slots 10 ridp 1
[uatrec] S4 r24 blit[2] slots 10 ridp 1
[uatrec] S4 r24 blit[3] slots 10 ridp 1
[uatrec] S4 r24 blit[4] slots 10 ridp 1
[uatrec] S4 r24 blit[5] slots 10 ridp 1
[uatrec] S4 r24 blit[6] slots 10 ridp 1
[uatrec] S4 r24 blit[7] slots 10 ridp 1
[uatrec] S4: deliberate crash now (round 24, blits in flight)
