[main] fuzz harness up, mode=scaler
[main] sandbox note: VCPDRM open is MACF-denied (iokit-open-user-client VCPDRMUserClient); mach-lookup com.apple.sprr / com.apple.jitbox exist but are sandbox-gated (seen in kernel log)
[open] AppleM2ScalerCSCDriver -> conn 0x7703
[scaler] conn 0x7703, s1 16 s2 77
[probe12] SetNotificationPort -> 0x00000000
[uatrec] v111 step 4 delay 0ms
[open] IOGPU -> conn 0x7403
[uatrec] mconn 0x6b3f ourc 0x7403
[uatrec] S4 stale-TLB cross-client spray: 25 rounds, cong 8, 50ms/round, secs 0, nv 8, vsz 0x100000, fill 0x0 (0x41+markers)
[uatrec] S4: no key window — system load degraded
[mtlr] resource2 sel8 flags 470 sz 0x100000 -> kr 0x00000000 rid 119 GPUVA 0x10002490000 cpu 105ec8000
[mtlr]   out: 0000010002490000 0000000105ec8000 000000010105d940 0000000000000000
[mtlr]   out: 0000007700000000 0000000000100000 0000000011081803 00000000000070f5
[uatrec] S4 r0 victim[0] rid 119 gpuva 0x10002490000 cpu 0x105ec8000 (top-of-stack)
[mtlr] resource2 sel8 flags 470 sz 0x100000 -> kr 0x00000000 rid 120 GPUVA 0x10002598000 cpu 10bd50000
[mtlr]   out: 0000010002598000 000000010bd50000 000000010105da00 0000000000000000
[mtlr]   out: 0000007800000000 0000000000100000 0000000011081805 00000000000070f6
[uatrec] S4 r0 victim[1] rid 120 gpuva 0x10002598000 cpu 0x10bd50000 (top-of-stack)
[mtlr] resource2 sel8 flags 470 sz 0x100000 -> kr 0x00000000 rid 121 GPUVA 0x100026a0000 cpu 10be50000
[mtlr]   out: 00000100026a0000 000000010be50000 000000010105dac0 0000000000000000
[mtlr]   out: 0000007900000000 0000000000100000 000000001108180a 00000000000070f7
[uatrec] S4 r0 victim[2] rid 121 gpuva 0x100026a0000 cpu 0x10be50000 (top-of-stack)
[mtlr] resource2 sel8 flags 470 sz 0x100000 -> kr 0x00000000 rid 122 GPUVA 0x100027a8000 cpu 10c400000
[mtlr]   out: 00000100027a8000 000000010c400000 000000010105db80 0000000000000000
[mtlr]   out: 0000007a00000000 0000000000100000 000000001108180d 00000000000070f8
[uatrec] S4 r0 victim[3] rid 122 gpuva 0x100027a8000 cpu 0x10c400000 (top-of-stack)
[mtlr] resource2 sel8 flags 470 sz 0x100000 -> kr 0x00000000 rid 123 GPUVA 0x100028b0000 cpu 10c500000
[mtlr]   out: 00000100028b0000 000000010c500000 000000010105dc40 0000000000000000
[mtlr]   out: 0000007b00000000 0000000000100000 000000001108180e 00000000000070f9
[uatrec] S4 r0 victim[4] rid 123 gpuva 0x100028b0000 cpu 0x10c500000 (top-of-stack)
[mtlr] resource2 sel8 flags 470 sz 0x100000 -> kr 0x00000000 rid 124 GPUVA 0x100029b8000 cpu 10c600000
[mtlr]   out: 00000100029b8000 000000010c600000 000000010105dd00 0000000000000000
[mtlr]   out: 0000007c00000000 0000000000100000 000000001108180f 00000000000070fa
[uatrec] S4 r0 victim[5] rid 124 gpuva 0x100029b8000 cpu 0x10c600000 (top-of-stack)
[mtlr] resource2 sel8 flags 470 sz 0x100000 -> kr 0x00000000 rid 125 GPUVA 0x10002ac0000 cpu 10c700000
[mtlr]   out: 0000010002ac0000 000000010c700000 000000010105ddc0 0000000000000000
[mtlr]   out: 0000007d00000000 0000000000100000 0000000011081810 00000000000070fb
[uatrec] S4 r0 victim[6] rid 125 gpuva 0x10002ac0000 cpu 0x10c700000 (top-of-stack)
[mtlr] resource2 sel8 flags 470 sz 0x100000 -> kr 0x00000000 rid 126 GPUVA 0x10002bc8000 cpu 10c800000
[mtlr]   out: 0000010002bc8000 000000010c800000 000000010105de80 0000000000000000
[mtlr]   out: 0000007e00000000 0000000000100000 0000000011081811 00000000000070fc
[uatrec] S4 r0 victim[7] rid 126 gpuva 0x10002bc8000 cpu 0x10c800000 (top-of-stack)
[mtlr] resource2 sel8 flags 470 sz 0x1000 -> kr 0x00000000 rid 119 GPUVA 0x10002490000 cpu 10d200000
[mtlr]   out: 0000010002490000 000000010d200000 000000010105d940 0000000000000000
[mtlr]   out: 0000007700000000 0000000000004000 0000000011081998 0000000000007119
[mtlr] resource2 sel8 flags 470 sz 0x1000 -> kr 0x00000000 rid 119 GPUVA 0x10002490000 cpu 10d200000
[mtlr]   out: 0000010002490000 000000010d200000 000000010105d940 0000000000000000
[mtlr]   out: 0000007700000000 0000000000004000 0000000011081999 000000000000711a
[mtlr] resource2 sel8 flags 470 sz 0x1000 -> kr 0x00000000 rid 119 GPUVA 0x10002490000 cpu 10d200000
[mtlr]   out: 0000010002490000 000000010d200000 000000010105d940 0000000000000000
[mtlr]   out: 0000007700000000 0000000000004000 000000001108199a 000000000000711b
[mtlr] resource2 sel8 flags 470 sz 0x1000 -> kr 0x00000000 rid 119 GPUVA 0x10002490000 cpu 10d200000
[mtlr]   out: 0000010002490000 000000010d200000 000000010105d940 0000000000000000
[mtlr]   out: 0000007700000000 0000000000004000 000000001108199b 000000000000711c
[mtlr] resource2 sel8 flags 470 sz 0x1000 -> kr 0x00000000 rid 119 GPUVA 0x10002490000 cpu 10d200000
[mtlr]   out: 0000010002490000 000000010d200000 000000010105d940 0000000000000000
[mtlr]   out: 0000007700000000 0000000000004000 000000001108199c 000000000000711d
[mtlr] resource2 sel8 flags 470 sz 0x1000 -> kr 0x00000000 rid 119 GPUVA 0x10002490000 cpu 10d200000
[mtlr]   out: 0000010002490000 000000010d200000 000000010105d940 0000000000000000
[mtlr]   out: 0000007700000000 0000000000004000 000000001108199d 000000000000711e
[mtlr] resource2 sel8 flags 470 sz 0x1000 -> kr 0x00000000 rid 119 GPUVA 0x10002490000 cpu 10d200000
[mtlr]   out: 0000010002490000 000000010d200000 000000010105d940 0000000000000000
[mtlr]   out: 0000007700000000 0000000000004000 000000001108199e 000000000000711f
[mtlr] resource2 sel8 flags 470 sz 0x1000 -> kr 0x00000000 rid 119 GPUVA 0x10002490000 cpu 10d200000
[mtlr]   out: 0000010002490000 000000010d200000 000000010105d940 0000000000000000
[mtlr]   out: 0000007700000000 0000000000004000 000000001108199f 0000000000007120
[mtlr] resource2 sel8 flags 470 sz 0x1000 -> kr 0x00000000 rid 119 GPUVA 0x10002490000 cpu 10d200000
[mtlr]   out: 0000010002490000 000000010d200000 000000010105d940 0000000000000000
[mtlr]   out: 0000007700000000 0000000000004000 00000000110819a0 0000000000007121
[mtlr] resource2 sel8 flags 470 sz 0x1000 -> kr 0x00000000 rid 119 GPUVA 0x10002490000 cpu 10d200000
[mtlr]   out: 0000010002490000 000000010d200000 000000010105d940 0000000000000000
[mtlr]   out: 0000007700000000 0000000000004000 00000000110819a1 0000000000007122
[mtlr] resource2 sel8 flags 470 sz 0x1000 -> kr 0x00000000 rid 119 GPUVA 0x10002490000 cpu 10d200000
[mtlr]   out: 0000010002490000 000000010d200000 000000010105d940 0000000000000000
[mtlr]   out: 0000007700000000 0000000000004000 00000000110819a2 0000000000007123
[mtlr] resource2 sel8 flags 470 sz 0x1000 -> kr 0x00000000 rid 119 GPUVA 0x10002490000 cpu 10d200000
[mtlr]   out: 0000010002490000 000000010d200000 000000010105d940 0000000000000000
[mtlr]   out: 0000007700000000 0000000000004000 00000000110819a3 0000000000007124
[mtlr] resource2 sel8 flags 470 sz 0x1000 -> kr 0x00000000 rid 119 GPUVA 0x10002490000 cpu 10d200000
[mtlr]   out: 0000010002490000 000000010d200000 000000010105d940 0000000000000000
[mtlr]   out: 0000007700000000 0000000000004000 00000000110819a4 0000000000007125
[mtlr] resource2 sel8 flags 470 sz 0x1000 -> kr 0x00000000 rid 119 GPUVA 0x10002490000 cpu 10d200000
[mtlr]   out: 0000010002490000 000000010d200000 000000010105d940 0000000000000000
[mtlr]   out: 0000007700000000 0000000000004000 00000000110819a5 0000000000007126
[mtlr] resource2 sel8 flags 470 sz 0x1000 -> kr 0x00000000 rid 119 GPUVA 0x10002490000 cpu 10d200000
[mtlr]   out: 0000010002490000 000000010d200000 000000010105d940 0000000000000000
[mtlr]   out: 0000007700000000 0000000000004000 00000000110819a6 0000000000007127
[mtlr] resource2 sel8 flags 470 sz 0x1000 -> kr 0x00000000 rid 119 GPUVA 0x10002490000 cpu 10d200000
[mtlr]   out: 0000010002490000 000000010d200000 000000010105d940 0000000000000000
[mtlr]   out: 0000007700000000 0000000000004000 00000000110819a7 0000000000007128
[mtlr] resource2 sel8 flags 470 sz 0x1000 -> kr 0x00000000 rid 119 GPUVA 0x10002490000 cpu 10d200000
[mtlr]   out: 0000010002490000 000000010d200000 000000010105d940 0000000000000000
[mtlr]   out: 0000007700000000 0000000000004000 00000000110819a8 0000000000007129
[mtlr] resource2 sel8 flags 470 sz 0x1000 -> kr 0x00000000 rid 119 GPUVA 0x10002490000 cpu 10d200000
[mtlr]   out: 0000010002490000 000000010d200000 000000010105d940 0000000000000000
[mtlr]   out: 0000007700000000 0000000000004000 00000000110819a9 000000000000712a
[mtlr] resource2 sel8 flags 470 sz 0x1000 -> kr 0x00000000 rid 119 GPUVA 0x10002490000 cpu 10d200000
[mtlr]   out: 0000010002490000 000000010d200000 000000010105d940 0000000000000000
[mtlr]   out: 0000007700000000 0000000000004000 00000000110819aa 000000000000712b
[mtlr] resource2 sel8 flags 470 sz 0x1000 -> kr 0x00000000 rid 119 GPUVA 0x10002490000 cpu 10d200000
[mtlr]   out: 0000010002490000 000000010d200000 000000010105d940 0000000000000000
[mtlr]   out: 0000007700000000 0000000000004000 00000000110819ab 000000000000712c
[mtlr] resource2 sel8 flags 470 sz 0x1000 -> kr 0x00000000 rid 119 GPUVA 0x10002490000 cpu 10d200000
[mtlr]   out: 0000010002490000 000000010d200000 000000010105d940 0000000000000000
[mtlr]   out: 0000007700000000 0000000000004000 00000000110819ac 000000000000712d
[mtlr] resource2 sel8 flags 470 sz 0x1000 -> kr 0x00000000 rid 119 GPUVA 0x10002490000 cpu 10d200000
[mtlr]   out: 0000010002490000 000000010d200000 000000010105d940 0000000000000000
[mtlr]   out: 0000007700000000 0000000000004000 00000000110819ad 000000000000712e
[mtlr] resource2 sel8 flags 470 sz 0x1000 -> kr 0x00000000 rid 119 GPUVA 0x10002490000 cpu 10d200000
[mtlr]   out: 0000010002490000 000000010d200000 000000010105d940 0000000000000000
[mtlr]   out: 0000007700000000 0000000000004000 00000000110819ae 000000000000712f
[mtlr] resource2 sel8 flags 470 sz 0x1000 -> kr 0x00000000 rid 119 GPUVA 0x10002490000 cpu 10d200000
[mtlr]   out: 0000010002490000 000000010d200000 000000010105d940 0000000000000000
[mtlr]   out: 0000007700000000 0000000000004000 00000000110819af 0000000000007130
[mtlr] resource2 sel8 flags 470 sz 0x1000 -> kr 0x00000000 rid 119 GPUVA 0x10002490000 cpu 10d200000
[mtlr]   out: 0000010002490000 000000010d200000 000000010105d940 0000000000000000
[mtlr]   out: 0000007700000000 0000000000004000 00000000110819b0 0000000000007131
[mtlr] resource2 sel8 flags 470 sz 0x1000 -> kr 0x00000000 rid 119 GPUVA 0x10002490000 cpu 10d200000
[mtlr]   out: 0000010002490000 000000010d200000 000000010105d940 0000000000000000
[mtlr]   out: 0000007700000000 0000000000004000 00000000110819b1 0000000000007132
[mtlr] resource2 sel8 flags 470 sz 0x1000 -> kr 0x00000000 rid 119 GPUVA 0x10002490000 cpu 10d200000
[mtlr]   out: 0000010002490000 000000010d200000 000000010105d940 0000000000000000
[mtlr]   out: 0000007700000000 0000000000004000 00000000110819b2 0000000000007133
[mtlr] resource2 sel8 flags 470 sz 0x1000 -> kr 0x00000000 rid 119 GPUVA 0x10002490000 cpu 10d200000
[mtlr]   out: 0000010002490000 000000010d200000 000000010105d940 0000000000000000
[mtlr]   out: 0000007700000000 0000000000004000 00000000110819b3 0000000000007134
[mtlr] resource2 sel8 flags 470 sz 0x1000 -> kr 0x00000000 rid 119 GPUVA 0x10002490000 cpu 10d200000
[mtlr]   out: 0000010002490000 000000010d200000 000000010105d940 0000000000000000
[mtlr]   out: 0000007700000000 0000000000004000 00000000110819b4 0000000000007135
[mtlr] resource2 sel8 flags 470 sz 0x1000 -> kr 0x00000000 rid 119 GPUVA 0x10002490000 cpu 10d200000
[mtlr]   out: 0000010002490000 000000010d200000 000000010105d940 0000000000000000
[mtlr]   out: 0000007700000000 0000000000004000 00000000110819b5 0000000000007136
[mtlr] resource2 sel8 flags 470 sz 0x1000 -> kr 0x00000000 rid 119 GPUVA 0x10002490000 cpu 10d200000
[mtlr]   out: 0000010002490000 000000010d200000 000000010105d940 0000000000000000
[mtlr]   out: 0000007700000000 0000000000004000 00000000110819b6 0000000000007137
[mtlr] resource2 sel8 flags 470 sz 0x1000 -> kr 0x00000000 rid 119 GPUVA 0x10002490000 cpu 10d200000
[mtlr]   out: 0000010002490000 000000010d200000 000000010105d940 0000000000000000
[mtlr]   out: 0000007700000000 0000000000004000 00000000110819b7 0000000000007138
[mtlr] resource2 sel8 flags 470 sz 0x1000 -> kr 0x00000000 rid 119 GPUVA 0x10002490000 cpu 10d200000
[mtlr]   out: 0000010002490000 000000010d200000 000000010105d940 0000000000000000
[mtlr]   out: 0000007700000000 0000000000004000 00000000110819b8 0000000000007139
[mtlr] resource2 sel8 flags 470 sz 0x1000 -> kr 0x00000000 rid 119 GPUVA 0x10002490000 cpu 10d200000
[mtlr]   out: 0000010002490000 000000010d200000 000000010105d940 0000000000000000
[mtlr]   out: 0000007700000000 0000000000004000 00000000110819ba 000000000000713a
[mtlr] resource2 sel8 flags 470 sz 0x1000 -> kr 0x00000000 rid 119 GPUVA 0x10002490000 cpu 10d200000
[mtlr]   out: 0000010002490000 000000010d200000 000000010105d940 0000000000000000
[mtlr]   out: 0000007700000000 0000000000004000 00000000110819bb 000000000000713b
[mtlr] resource2 sel8 flags 470 sz 0x1000 -> kr 0x00000000 rid 119 GPUVA 0x10002490000 cpu 10d200000
[mtlr]   out: 0000010002490000 000000010d200000 000000010105d940 0000000000000000
[mtlr]   out: 0000007700000000 0000000000004000 00000000110819bc 000000000000713c
[mtlr] resource2 sel8 flags 470 sz 0x1000 -> kr 0x00000000 rid 119 GPUVA 0x10002490000 cpu 10d200000
[mtlr]   out: 0000010002490000 000000010d200000 000000010105d940 0000000000000000
[mtlr]   out: 0000007700000000 0000000000004000 00000000110819bd 000000000000713d
[mtlr] resource2 sel8 flags 470 sz 0x1000 -> kr 0x00000000 rid 119 GPUVA 0x10002490000 cpu 10d200000
[mtlr]   out: 0000010002490000 000000010d200000 000000010105d940 0000000000000000
[mtlr]   out: 0000007700000000 0000000000004000 00000000110819be 000000000000713e
[mtlr] resource2 sel8 flags 470 sz 0x1000 -> kr 0x00000000 rid 119 GPUVA 0x10002490000 cpu 10d200000
[mtlr]   out: 0000010002490000 000000010d200000 000000010105d940 0000000000000000
[mtlr]   out: 0000007700000000 0000000000004000 00000000110819bf 000000000000713f
[mtlr] resource2 sel8 flags 470 sz 0x1000 -> kr 0x00000000 rid 119 GPUVA 0x10002490000 cpu 10d200000
[mtlr]   out: 0000010002490000 000000010d200000 000000010105d940 0000000000000000
[mtlr]   out: 0000007700000000 0000000000004000 00000000110819c2 0000000000007140
[uatrec] S4 r0 (+0s): nvv 8 ncb 8 vsz 0x100000 fill 0x0 destroy0 kr 0x00000000 nj 40
[uatrec] S4 r0 blit[0] slots 12 ridp 1
[uatrec] S4 r0 blit[1] slots 10 ridp 1
[uatrec] S4 r0 blit[2] slots 10 ridp 1
[uatrec] S4 r0 blit[3] slots 10 ridp 1
[uatrec] S4 r0 blit[4] slots 10 ridp 1
[uatrec] S4 r0 blit[5] slots 10 ridp 1
[uatrec] S4 r0 blit[6] slots 10 ridp 1
[uatrec] S4 r0 blit[7] slots 10 ridp 1
[mtlr] resource2 sel8 flags 470 sz 0x100000 -> kr 0x00000000 rid 119 GPUVA 0x10002490000 cpu 10ea00000
[mtlr]   out: 0000010002490000 000000010ea00000 000000010105d940 0000000000000000
[mtlr]   out: 0000007700000000 0000000000100000 0000000011081b21 0000000000007143
[uatrec] S4 r1 victim[0] rid 119 gpuva 0x10002490000 cpu 0x10ea00000 (top-of-stack)
[mtlr] resource2 sel8 flags 470 sz 0x100000 -> kr 0x00000000 rid 120 GPUVA 0x10002598000 cpu 10eb00000
[mtlr]   out: 0000010002598000 000000010eb00000 000000010105da00 0000000000000000
[mtlr]   out: 0000007800000000 0000000000100000 0000000011081b22 0000000000007144
[uatrec] S4 r1 victim[1] rid 120 gpuva 0x10002598000 cpu 0x10eb00000 (top-of-stack)
[mtlr] resource2 sel8 flags 470 sz 0x100000 -> kr 0x00000000 rid 121 GPUVA 0x100026a0000 cpu 10ec00000
[mtlr]   out: 00000100026a0000 000000010ec00000 000000010105dac0 0000000000000000
[mtlr]   out: 0000007900000000 0000000000100000 0000000011081b23 0000000000007145
[uatrec] S4 r1 victim[2] rid 121 gpuva 0x100026a0000 cpu 0x10ec00000 (top-of-stack)
[mtlr] resource2 sel8 flags 470 sz 0x100000 -> kr 0x00000000 rid 122 GPUVA 0x100027a8000 cpu 10ed00000
[mtlr]   out: 00000100027a8000 000000010ed00000 000000010105db80 0000000000000000
[mtlr]   out: 0000007a00000000 0000000000100000 0000000011081b24 0000000000007146
[uatrec] S4 r1 victim[3] rid 122 gpuva 0x100027a8000 cpu 0x10ed00000 (top-of-stack)
[mtlr] resource2 sel8 flags 470 sz 0x100000 -> kr 0x00000000 rid 123 GPUVA 0x100028b0000 cpu 109d58000
[mtlr]   out: 00000100028b0000 0000000109d58000 000000010105dc40 0000000000000000
[mtlr]   out: 0000007b00000000 0000000000100000 0000000011081b25 0000000000007147
[uatrec] S4 r1 victim[4] rid 123 gpuva 0x100028b0000 cpu 0x109d58000 (top-of-stack)
[mtlr] resource2 sel8 flags 470 sz 0x100000 -> kr 0x00000000 rid 124 GPUVA 0x100029b8000 cpu 109e58000
[mtlr]   out: 00000100029b8000 0000000109e58000 000000010105dd00 0000000000000000
[mtlr]   out: 0000007c00000000 0000000000100000 0000000011081b26 0000000000007148
[uatrec] S4 r1 victim[5] rid 124 gpuva 0x100029b8000 cpu 0x109e58000 (top-of-stack)
[mtlr] resource2 sel8 flags 470 sz 0x100000 -> kr 0x00000000 rid 125 GPUVA 0x10002ac0000 cpu 109f58000
[mtlr]   out: 0000010002ac0000 0000000109f58000 000000010105ddc0 0000000000000000
[mtlr]   out: 0000007d00000000 0000000000100000 0000000011081b2e 0000000000007149
[uatrec] S4 r1 victim[6] rid 125 gpuva 0x10002ac0000 cpu 0x109f58000 (top-of-stack)
[mtlr] resource2 sel8 flags 470 sz 0x100000 -> kr 0x00000000 rid 126 GPUVA 0x10002bc8000 cpu 10a058000
[mtlr]   out: 0000010002bc8000 000000010a058000 000000010105de80 0000000000000000
[mtlr]   out: 0000007e00000000 0000000000100000 0000000011081b2f 000000000000714a
[uatrec] S4 r1 victim[7] rid 126 gpuva 0x10002bc8000 cpu 0x10a058000 (top-of-stack)
[mtlr] resource2 sel8 flags 470 sz 0x1000 -> kr 0x00000000 rid 119 GPUVA 0x10003818000 cpu 10aaa8000
[mtlr]   out: 0000010003818000 000000010aaa8000 0000000101060a00 0000000000000000
[mtlr]   out: 0000007700000000 0000000000004000 0000000011081b97 0000000000007178
[mtlr] resource2 sel8 flags 470 sz 0x1000 -> kr 0x00000000 rid 119 GPUVA 0x10003818000 cpu 10aaa8000
[mtlr]   out: 0000010003818000 000000010aaa8000 0000000101060a00 0000000000000000
[mtlr]   out: 0000007700000000 0000000000004000 0000000011081b98 0000000000007179
[mtlr] resource2 sel8 flags 470 sz 0x1000 -> kr 0x00000000 rid 119 GPUVA 0x10003818000 cpu 10aaa8000
[mtlr]   out: 0000010003818000 000000010aaa8000 0000000101060a00 0000000000000000
[mtlr]   out: 0000007700000000 0000000000004000 0000000011081b99 000000000000717a
[mtlr] resource2 sel8 flags 470 sz 0x1000 -> kr 0x00000000 rid 119 GPUVA 0x10003818000 cpu 10aaa8000
[mtlr]   out: 0000010003818000 000000010aaa8000 0000000101060a00 0000000000000000
[mtlr]   out: 0000007700000000 0000000000004000 0000000011081b9a 000000000000717b
[mtlr] resource2 sel8 flags 470 sz 0x1000 -> kr 0x00000000 rid 119 GPUVA 0x10003818000 cpu 10aaa8000
[mtlr]   out: 0000010003818000 000000010aaa8000 0000000101060a00 0000000000000000
[mtlr]   out: 0000007700000000 0000000000004000 0000000011081b9b 000000000000717c
[mtlr] resource2 sel8 flags 470 sz 0x1000 -> kr 0x00000000 rid 119 GPUVA 0x10003818000 cpu 10aaa8000
[mtlr]   out: 0000010003818000 000000010aaa8000 0000000101060a00 0000000000000000
[mtlr]   out: 0000007700000000 0000000000004000 0000000011081b9c 000000000000717d
[mtlr] resource2 sel8 flags 470 sz 0x1000 -> kr 0x00000000 rid 119 GPUVA 0x10003818000 cpu 10aaa8000
[mtlr]   out: 0000010003818000 000000010aaa8000 0000000101060a00 0000000000000000
[mtlr]   out: 0000007700000000 0000000000004000 0000000011081b9d 000000000000717e
[mtlr] resource2 sel8 flags 470 sz 0x1000 -> kr 0x00000000 rid 119 GPUVA 0x10003818000 cpu 10aaa8000
[mtlr]   out: 0000010003818000 000000010aaa8000 0000000101060a00 0000000000000000
[mtlr]   out: 0000007700000000 0000000000004000 0000000011081b9e 000000000000717f
[mtlr] resource2 sel8 flags 470 sz 0x1000 -> kr 0x00000000 rid 119 GPUVA 0x10003818000 cpu 10aaa8000
[mtlr]   out: 0000010003818000 000000010aaa8000 0000000101060a00 0000000000000000
[mtlr]   out: 0000007700000000 0000000000004000 0000000011081b9f 0000000000007180
[mtlr] resource2 sel8 flags 470 sz 0x1000 -> kr 0x00000000 rid 119 GPUVA 0x10003818000 cpu 10aaa8000
[mtlr]   out: 0000010003818000 000000010aaa8000 0000000101060a00 0000000000000000
[mtlr]   out: 0000007700000000 0000000000004000 0000000011081ba0 0000000000007181
[mtlr] resource2 sel8 flags 470 sz 0x1000 -> kr 0x00000000 rid 119 GPUVA 0x10003818000 cpu 10aaa8000
[mtlr]   out: 0000010003818000 000000010aaa8000 0000000101060a00 0000000000000000
[mtlr]   out: 0000007700000000 0000000000004000 0000000011081ba1 0000000000007182
[mtlr] resource2 sel8 flags 470 sz 0x1000 -> kr 0x00000000 rid 119 GPUVA 0x10003818000 cpu 10aaa8000
[mtlr]   out: 0000010003818000 000000010aaa8000 0000000101060a00 0000000000000000
[mtlr]   out: 0000007700000000 0000000000004000 0000000011081ba2 0000000000007183
[mtlr] resource2 sel8 flags 470 sz 0x1000 -> kr 0x00000000 rid 119 GPUVA 0x10003818000 cpu 10aaa8000
[mtlr]   out: 0000010003818000 000000010aaa8000 0000000101060a00 0000000000000000
[mtlr]   out: 0000007700000000 0000000000004000 0000000011081ba3 0000000000007184
[mtlr] resource2 sel8 flags 470 sz 0x1000 -> kr 0x00000000 rid 119 GPUVA 0x10003818000 cpu 10aaa8000
[mtlr]   out: 0000010003818000 000000010aaa8000 0000000101060a00 0000000000000000
[mtlr]   out: 0000007700000000 0000000000004000 0000000011081ba5 0000000000007185
[mtlr] resource2 sel8 flags 470 sz 0x1000 -> kr 0x00000000 rid 119 GPUVA 0x10003818000 cpu 10aaa8000
[mtlr]   out: 0000010003818000 000000010aaa8000 0000000101060a00 0000000000000000
[mtlr]   out: 0000007700000000 0000000000004000 0000000011081ba6 0000000000007186
[mtlr] resource2 sel8 flags 470 sz 0x1000 -> kr 0x00000000 rid 119 GPUVA 0x10003818000 cpu 10aaa8000
[mtlr]   out: 0000010003818000 000000010aaa8000 0000000101060a00 0000000000000000
[mtlr]   out: 0000007700000000 0000000000004000 0000000011081ba7 0000000000007187
[mtlr] resource2 sel8 flags 470 sz 0x1000 -> kr 0x00000000 rid 119 GPUVA 0x10003818000 cpu 10aaa8000
[mtlr]   out: 0000010003818000 000000010aaa8000 0000000101060a00 0000000000000000
[mtlr]   out: 0000007700000000 0000000000004000 0000000011081ba8 0000000000007188
[mtlr] resource2 sel8 flags 470 sz 0x1000 -> kr 0x00000000 rid 119 GPUVA 0x10003818000 cpu 10aaa8000
[mtlr]   out: 0000010003818000 000000010aaa8000 0000000101060a00 0000000000000000
[mtlr]   out: 0000007700000000 0000000000004000 0000000011081ba9 0000000000007189
[mtlr] resource2 sel8 flags 470 sz 0x1000 -> kr 0x00000000 rid 119 GPUVA 0x10003818000 cpu 10aaa8000
[mtlr]   out: 0000010003818000 000000010aaa8000 0000000101060a00 0000000000000000
[mtlr]   out: 0000007700000000 0000000000004000 0000000011081baa 000000000000718a
[mtlr] resource2 sel8 flags 470 sz 0x1000 -> kr 0x00000000 rid 119 GPUVA 0x10003818000 cpu 10aaa8000
[mtlr]   out: 0000010003818000 000000010aaa8000 0000000101060a00 0000000000000000
[mtlr]   out: 0000007700000000 0000000000004000 0000000011081bab 000000000000718b
[mtlr] resource2 sel8 flags 470 sz 0x1000 -> kr 0x00000000 rid 119 GPUVA 0x10003818000 cpu 10aaa8000
[mtlr]   out: 0000010003818000 000000010aaa8000 0000000101060a00 0000000000000000
[mtlr]   out: 0000007700000000 0000000000004000 0000000011081bac 000000000000718c
[mtlr] resource2 sel8 flags 470 sz 0x1000 -> kr 0x00000000 rid 119 GPUVA 0x10003818000 cpu 10aaa8000
[mtlr]   out: 0000010003818000 000000010aaa8000 0000000101060a00 0000000000000000
[mtlr]   out: 0000007700000000 0000000000004000 0000000011081bad 000000000000718d
[mtlr] resource2 sel8 flags 470 sz 0x1000 -> kr 0x00000000 rid 119 GPUVA 0x10003818000 cpu 10aaa8000
[mtlr]   out: 0000010003818000 000000010aaa8000 0000000101060a00 0000000000000000
[mtlr]   out: 0000007700000000 0000000000004000 0000000011081bae 000000000000718e
[mtlr] resource2 sel8 flags 470 sz 0x1000 -> kr 0x00000000 rid 119 GPUVA 0x10003818000 cpu 10aaa8000
[mtlr]   out: 0000010003818000 000000010aaa8000 0000000101060a00 0000000000000000
[mtlr]   out: 0000007700000000 0000000000004000 0000000011081baf 000000000000718f
[mtlr] resource2 sel8 flags 470 sz 0x1000 -> kr 0x00000000 rid 119 GPUVA 0x10003818000 cpu 10aaa8000
[mtlr]   out: 0000010003818000 000000010aaa8000 0000000101060a00 0000000000000000
[mtlr]   out: 0000007700000000 0000000000004000 0000000011081bb0 0000000000007190
[mtlr] resource2 sel8 flags 470 sz 0x1000 -> kr 0x00000000 rid 119 GPUVA 0x10003818000 cpu 10aaa8000
[mtlr]   out: 0000010003818000 000000010aaa8000 0000000101060a00 0000000000000000
[mtlr]   out: 0000007700000000 0000000000004000 0000000011081bb1 0000000000007191
[mtlr] resource2 sel8 flags 470 sz 0x1000 -> kr 0x00000000 rid 119 GPUVA 0x10003818000 cpu 10aaa8000
[mtlr]   out: 0000010003818000 000000010aaa8000 0000000101060a00 0000000000000000
[mtlr]   out: 0000007700000000 0000000000004000 0000000011081bb4 0000000000007192
[mtlr] resource2 sel8 flags 470 sz 0x1000 -> kr 0x00000000 rid 119 GPUVA 0x10003818000 cpu 10aaa8000
[mtlr]   out: 0000010003818000 000000010aaa8000 0000000101060a00 0000000000000000
[mtlr]   out: 0000007700000000 0000000000004000 0000000011081bb5 0000000000007193
[mtlr] resource2 sel8 flags 470 sz 0x1000 -> kr 0x00000000 rid 119 GPUVA 0x10003818000 cpu 10aaa8000
[mtlr]   out: 0000010003818000 000000010aaa8000 0000000101060a00 0000000000000000
[mtlr]   out: 0000007700000000 0000000000004000 0000000011081bba 0000000000007194
[mtlr] resource2 sel8 flags 470 sz 0x1000 -> kr 0x00000000 rid 119 GPUVA 0x10003818000 cpu 10aaa8000
[mtlr]   out: 0000010003818000 000000010aaa8000 0000000101060a00 0000000000000000
[mtlr]   out: 0000007700000000 0000000000004000 0000000011081bc3 0000000000007195
[mtlr] resource2 sel8 flags 470 sz 0x1000 -> kr 0x00000000 rid 119 GPUVA 0x10003818000 cpu 10aaa8000
[mtlr]   out: 0000010003818000 000000010aaa8000 0000000101060a00 0000000000000000
[mtlr]   out: 0000007700000000 0000000000004000 0000000011081bc7 0000000000007196
[mtlr] resource2 sel8 flags 470 sz 0x1000 -> kr 0x00000000 rid 119 GPUVA 0x10003818000 cpu 10aaa8000
[mtlr]   out: 0000010003818000 000000010aaa8000 0000000101060a00 0000000000000000
[mtlr]   out: 0000007700000000 0000000000004000 0000000011081bd0 0000000000007197
[mtlr] resource2 sel8 flags 470 sz 0x1000 -> kr 0x00000000 rid 119 GPUVA 0x10003818000 cpu 10aaa8000
[mtlr]   out: 0000010003818000 000000010aaa8000 0000000101060a00 0000000000000000
[mtlr]   out: 0000007700000000 0000000000004000 0000000011081bd5 0000000000007198
[mtlr] resource2 sel8 flags 470 sz 0x1000 -> kr 0x00000000 rid 119 GPUVA 0x10003818000 cpu 10aaa8000
[mtlr]   out: 0000010003818000 000000010aaa8000 0000000101060a00 0000000000000000
[mtlr]   out: 0000007700000000 0000000000004000 0000000011081bdc 0000000000007199
[mtlr] resource2 sel8 flags 470 sz 0x1000 -> kr 0x00000000 rid 119 GPUVA 0x10003818000 cpu 10aaa8000
[mtlr]   out: 0000010003818000 000000010aaa8000 0000000101060a00 0000000000000000
[mtlr]   out: 0000007700000000 0000000000004000 0000000011081be5 000000000000719a
[mtlr] resource2 sel8 flags 470 sz 0x1000 -> kr 0x00000000 rid 119 GPUVA 0x10003818000 cpu 10aaa8000
[mtlr]   out: 0000010003818000 000000010aaa8000 0000000101060a00 0000000000000000
[mtlr]   out: 0000007700000000 0000000000004000 0000000011081bec 000000000000719b
[mtlr] resource2 sel8 flags 470 sz 0x1000 -> kr 0x00000000 rid 119 GPUVA 0x10003818000 cpu 10aaa8000
[mtlr]   out: 0000010003818000 000000010aaa8000 0000000101060a00 0000000000000000
[mtlr]   out: 0000007700000000 0000000000004000 0000000011081bed 000000000000719c
[mtlr] resource2 sel8 flags 470 sz 0x1000 -> kr 0x00000000 rid 119 GPUVA 0x10003818000 cpu 10aaa8000
[mtlr]   out: 0000010003818000 000000010aaa8000 0000000101060a00 0000000000000000
[mtlr]   out: 0000007700000000 0000000000004000 0000000011081bee 000000000000719d
[mtlr] resource2 sel8 flags 470 sz 0x1000 -> kr 0x00000000 rid 119 GPUVA 0x10003818000 cpu 10aaa8000
[mtlr]   out: 0000010003818000 000000010aaa8000 0000000101060a00 0000000000000000
[mtlr]   out: 0000007700000000 0000000000004000 0000000011081bef 000000000000719e
[mtlr] resource2 sel8 flags 470 sz 0x1000 -> kr 0x00000000 rid 119 GPUVA 0x10003818000 cpu 10aaa8000
[mtlr]   out: 0000010003818000 000000010aaa8000 0000000101060a00 0000000000000000
[mtlr]   out: 0000007700000000 0000000000004000 0000000011081bf0 000000000000719f
[uatrec] S4 r1 (+0s): nvv 8 ncb 8 vsz 0x100000 fill 0x0 destroy0 kr 0x00000000 nj 40
[uatrec] S4 r1 blit[0] slots 10 ridp 1
[uatrec] S4 r1 blit[1] slots 10 ridp 1
[uatrec] S4 r1 blit[2] slots 10 ridp 1
[uatrec] S4 r1 blit[3] slots 9 ridp 1
[uatrec] S4 r1 blit[4] slots 9 ridp 1
[uatrec] S4 r1 blit[5] slots 10 ridp 1
[uatrec] S4 r1 blit[6] slots 9 ridp 1
[uatrec] S4 r1 blit[7] slots 9 ridp 1
[mtlr] resource2 sel8 flags 470 sz 0x100000 -> kr 0x00000000 rid 119 GPUVA 0x10002490000 cpu 10a164000
[mtlr]   out: 0000010002490000 000000010a164000 000000010105d940 0000000000000000
[mtlr]   out: 0000007700000000 0000000000100000 0000000011081d1e 00000000000071a2
[uatrec] S4 r2 victim[0] rid 119 gpuva 0x10002490000 cpu 0x10a164000 (top-of-stack)
[mtlr] resource2 sel8 flags 470 sz 0x100000 -> kr 0x00000000 rid 120 GPUVA 0x10002598000 cpu 10a264000
[mtlr]   out: 0000010002598000 000000010a264000 000000010105da00 0000000000000000
[mtlr]   out: 0000007800000000 0000000000100000 0000000011081d1f 00000000000071a3
[uatrec] S4 r2 victim[1] rid 120 gpuva 0x10002598000 cpu 0x10a264000 (top-of-stack)
[mtlr] resource2 sel8 flags 470 sz 0x100000 -> kr 0x00000000 rid 121 GPUVA 0x100026a0000 cpu 10a364000
[mtlr]   out: 00000100026a0000 000000010a364000 000000010105dac0 0000000000000000
[mtlr]   out: 0000007900000000 0000000000100000 0000000011081d20 00000000000071a4
[uatrec] S4 r2 victim[2] rid 121 gpuva 0x100026a0000 cpu 0x10a364000 (top-of-stack)
[mtlr] resource2 sel8 flags 470 sz 0x100000 -> kr 0x00000000 rid 122 GPUVA 0x100027a8000 cpu 10a5c0000
[mtlr]   out: 00000100027a8000 000000010a5c0000 000000010105db80 0000000000000000
[mtlr]   out: 0000007a00000000 0000000000100000 0000000011081d21 00000000000071a5
[uatrec] S4 r2 victim[3] rid 122 gpuva 0x100027a8000 cpu 0x10a5c0000 (top-of-stack)
[mtlr] resource2 sel8 flags 470 sz 0x100000 -> kr 0x00000000 rid 123 GPUVA 0x100028b0000 cpu 109d58000
[mtlr]   out: 00000100028b0000 0000000109d58000 000000010105dc40 0000000000000000
[mtlr]   out: 0000007b00000000 0000000000100000 0000000011081d29 00000000000071a6
[uatrec] S4 r2 victim[4] rid 123 gpuva 0x100028b0000 cpu 0x109d58000 (top-of-stack)
[mtlr] resource2 sel8 flags 470 sz 0x100000 -> kr 0x00000000 rid 124 GPUVA 0x100029b8000 cpu 109e58000
[mtlr]   out: 00000100029b8000 0000000109e58000 000000010105dd00 0000000000000000
[mtlr]   out: 0000007c00000000 0000000000100000 0000000011081d2a 00000000000071a7
[uatrec] S4 r2 victim[5] rid 124 gpuva 0x100029b8000 cpu 0x109e58000 (top-of-stack)
[mtlr] resource2 sel8 flags 470 sz 0x100000 -> kr 0x00000000 rid 125 GPUVA 0x10002ac0000 cpu 109f58000
[mtlr]   out: 0000010002ac0000 0000000109f58000 000000010105ddc0 0000000000000000
[mtlr]   out: 0000007d00000000 0000000000100000 0000000011081d2b 00000000000071a8
[uatrec] S4 r2 victim[6] rid 125 gpuva 0x10002ac0000 cpu 0x109f58000 (top-of-stack)
[mtlr] resource2 sel8 flags 470 sz 0x100000 -> kr 0x00000000 rid 126 GPUVA 0x10002bc8000 cpu 10a058000
[mtlr]   out: 0000010002bc8000 000000010a058000 000000010105de80 0000000000000000
[mtlr]   out: 0000007e00000000 0000000000100000 0000000011081d2c 00000000000071a9
[uatrec] S4 r2 victim[7] rid 126 gpuva 0x10002bc8000 cpu 0x10a058000 (top-of-stack)
[mtlr] resource2 sel8 flags 470 sz 0x1000 -> kr 0x00000000 rid 119 GPUVA 0x10003608000 cpu 10a4d4000
[mtlr]   out: 0000010003608000 000000010a4d4000 0000000101061300 0000000000000000
[mtlr]   out: 0000007700000000 0000000000004000 0000000011081d4a 00000000000071bf
[mtlr] resource2 sel8 flags 470 sz 0x1000 -> kr 0x00000000 rid 119 GPUVA 0x10003608000 cpu 10a4d4000
[mtlr]   out: 0000010003608000 000000010a4d4000 0000000101061300 0000000000000000
[mtlr]   out: 0000007700000000 0000000000004000 0000000011081d4b 00000000000071c0
[mtlr] resource2 sel8 flags 470 sz 0x1000 -> kr 0x00000000 rid 119 GPUVA 0x10003608000 cpu 10a4d4000
[mtlr]   out: 0000010003608000 000000010a4d4000 0000000101061300 0000000000000000
[mtlr]   out: 0000007700000000 0000000000004000 0000000011081d4c 00000000000071c1
[mtlr] resource2 sel8 flags 470 sz 0x1000 -> kr 0x00000000 rid 119 GPUVA 0x10003608000 cpu 10a4d4000
[mtlr]   out: 0000010003608000 000000010a4d4000 0000000101061300 0000000000000000
[mtlr]   out: 0000007700000000 0000000000004000 0000000011081d4d 00000000000071c2
[mtlr] resource2 sel8 flags 470 sz 0x1000 -> kr 0x00000000 rid 119 GPUVA 0x10003608000 cpu 10a4d4000
[mtlr]   out: 0000010003608000 000000010a4d4000 0000000101061300 0000000000000000
[mtlr]   out: 0000007700000000 0000000000004000 0000000011081d4e 00000000000071c3
[mtlr] resource2 sel8 flags 470 sz 0x1000 -> kr 0x00000000 rid 119 GPUVA 0x10003608000 cpu 10a4d4000
[mtlr]   out: 0000010003608000 000000010a4d4000 0000000101061300 0000000000000000
[mtlr]   out: 0000007700000000 0000000000004000 0000000011081d4f 00000000000071c4
[mtlr] resource2 sel8 flags 470 sz 0x1000 -> kr 0x00000000 rid 119 GPUVA 0x10003608000 cpu 10a4d4000
[mtlr]   out: 0000010003608000 000000010a4d4000 0000000101061300 0000000000000000
[mtlr]   out: 0000007700000000 0000000000004000 0000000011081d50 00000000000071c5
[mtlr] resource2 sel8 flags 470 sz 0x1000 -> kr 0x00000000 rid 119 GPUVA 0x10003608000 cpu 10a4d4000
[mtlr]   out: 0000010003608000 000000010a4d4000 0000000101061300 0000000000000000
[mtlr]   out: 0000007700000000 0000000000004000 0000000011081d51 00000000000071c6
[mtlr] resource2 sel8 flags 470 sz 0x1000 -> kr 0x00000000 rid 119 GPUVA 0x10003608000 cpu 10a4d4000
[mtlr]   out: 0000010003608000 000000010a4d4000 0000000101061300 0000000000000000
[mtlr]   out: 0000007700000000 0000000000004000 0000000011081d52 00000000000071c7
[mtlr] resource2 sel8 flags 470 sz 0x1000 -> kr 0x00000000 rid 119 GPUVA 0x10003608000 cpu 10a4d4000
[mtlr]   out: 0000010003608000 000000010a4d4000 0000000101061300 0000000000000000
[mtlr]   out: 0000007700000000 0000000000004000 0000000011081d53 00000000000071c8
[mtlr] resource2 sel8 flags 470 sz 0x1000 -> kr 0x00000000 rid 119 GPUVA 0x10003608000 cpu 10a4d4000
[mtlr]   out: 0000010003608000 000000010a4d4000 0000000101061300 0000000000000000
[mtlr]   out: 0000007700000000 0000000000004000 0000000011081d54 00000000000071c9
[mtlr] resource2 sel8 flags 470 sz 0x1000 -> kr 0x00000000 rid 119 GPUVA 0x10003608000 cpu 10a4d4000
[mtlr]   out: 0000010003608000 000000010a4d4000 0000000101061300 0000000000000000
[mtlr]   out: 0000007700000000 0000000000004000 0000000011081d55 00000000000071ca
[mtlr] resource2 sel8 flags 470 sz 0x1000 -> kr 0x00000000 rid 119 GPUVA 0x10003608000 cpu 10a4d4000
[mtlr]   out: 0000010003608000 000000010a4d4000 0000000101061300 0000000000000000
[mtlr]   out: 0000007700000000 0000000000004000 0000000011081d56 00000000000071cb
[mtlr] resource2 sel8 flags 470 sz 0x1000 -> kr 0x00000000 rid 119 GPUVA 0x10003608000 cpu 10a4d4000
[mtlr]   out: 0000010003608000 000000010a4d4000 0000000101061300 0000000000000000
[mtlr]   out: 0000007700000000 0000000000004000 0000000011081d57 00000000000071cc
[mtlr] resource2 sel8 flags 470 sz 0x1000 -> kr 0x00000000 rid 119 GPUVA 0x10003608000 cpu 10a4d4000
[mtlr]   out: 0000010003608000 000000010a4d4000 0000000101061300 0000000000000000
[mtlr]   out: 0000007700000000 0000000000004000 0000000011081d58 00000000000071cd
[mtlr] resource2 sel8 flags 470 sz 0x1000 -> kr 0x00000000 rid 119 GPUVA 0x10003608000 cpu 10a4d4000
[mtlr]   out: 0000010003608000 000000010a4d4000 0000000101061300 0000000000000000
[mtlr]   out: 0000007700000000 0000000000004000 0000000011081d59 00000000000071ce
[mtlr] resource2 sel8 flags 470 sz 0x1000 -> kr 0x00000000 rid 119 GPUVA 0x10003608000 cpu 10a4d4000
[mtlr]   out: 0000010003608000 000000010a4d4000 0000000101061300 0000000000000000
[mtlr]   out: 0000007700000000 0000000000004000 0000000011081d5a 00000000000071cf
[mtlr] resource2 sel8 flags 470 sz 0x1000 -> kr 0x00000000 rid 119 GPUVA 0x10003608000 cpu 10a4d4000
[mtlr]   out: 0000010003608000 000000010a4d4000 0000000101061300 0000000000000000
[mtlr]   out: 0000007700000000 0000000000004000 0000000011081d5b 00000000000071d0
[mtlr] resource2 sel8 flags 470 sz 0x1000 -> kr 0x00000000 rid 119 GPUVA 0x10003608000 cpu 10a4d4000
[mtlr]   out: 0000010003608000 000000010a4d4000 0000000101061300 0000000000000000
[mtlr]   out: 0000007700000000 0000000000004000 0000000011081d5c 00000000000071d1
[mtlr] resource2 sel8 flags 470 sz 0x1000 -> kr 0x00000000 rid 119 GPUVA 0x10003608000 cpu 10a4d4000
[mtlr]   out: 0000010003608000 000000010a4d4000 0000000101061300 0000000000000000
[mtlr]   out: 0000007700000000 0000000000004000 0000000011081d5d 00000000000071d2
[mtlr] resource2 sel8 flags 470 sz 0x1000 -> kr 0x00000000 rid 119 GPUVA 0x10003608000 cpu 10a4d4000
[mtlr]   out: 0000010003608000 000000010a4d4000 0000000101061300 0000000000000000
[mtlr]   out: 0000007700000000 0000000000004000 0000000011081d5e 00000000000071d3
[mtlr] resource2 sel8 flags 470 sz 0x1000 -> kr 0x00000000 rid 119 GPUVA 0x10003608000 cpu 10a4d4000
[mtlr]   out: 0000010003608000 000000010a4d4000 0000000101061300 0000000000000000
[mtlr]   out: 0000007700000000 0000000000004000 0000000011081d5f 00000000000071d4
[mtlr] resource2 sel8 flags 470 sz 0x1000 -> kr 0x00000000 rid 119 GPUVA 0x10003608000 cpu 10a4d4000
[mtlr]   out: 0000010003608000 000000010a4d4000 0000000101061300 0000000000000000
[mtlr]   out: 0000007700000000 0000000000004000 0000000011081d60 00000000000071d5
[mtlr] resource2 sel8 flags 470 sz 0x1000 -> kr 0x00000000 rid 119 GPUVA 0x10003608000 cpu 10a4d4000
[mtlr]   out: 0000010003608000 000000010a4d4000 0000000101061300 0000000000000000
[mtlr]   out: 0000007700000000 0000000000004000 0000000011081d61 00000000000071d6
[mtlr] resource2 sel8 flags 470 sz 0x1000 -> kr 0x00000000 rid 119 GPUVA 0x10003608000 cpu 10a4d4000
[mtlr]   out: 0000010003608000 000000010a4d4000 0000000101061300 0000000000000000
[mtlr]   out: 0000007700000000 0000000000004000 0000000011081d62 00000000000071d7
[mtlr] resource2 sel8 flags 470 sz 0x1000 -> kr 0x00000000 rid 119 GPUVA 0x10003608000 cpu 10a4d4000
[mtlr]   out: 0000010003608000 000000010a4d4000 0000000101061300 0000000000000000
[mtlr]   out: 0000007700000000 0000000000004000 0000000011081d63 00000000000071d8
[mtlr] resource2 sel8 flags 470 sz 0x1000 -> kr 0x00000000 rid 119 GPUVA 0x10003608000 cpu 10a4d4000
[mtlr]   out: 0000010003608000 000000010a4d4000 0000000101061300 0000000000000000
[mtlr]   out: 0000007700000000 0000000000004000 0000000011081d64 00000000000071d9
[mtlr] resource2 sel8 flags 470 sz 0x1000 -> kr 0x00000000 rid 119 GPUVA 0x10003608000 cpu 10a4d4000
[mtlr]   out: 0000010003608000 000000010a4d4000 0000000101061300 0000000000000000
[mtlr]   out: 0000007700000000 0000000000004000 0000000011081d65 00000000000071da
[mtlr] resource2 sel8 flags 470 sz 0x1000 -> kr 0x00000000 rid 119 GPUVA 0x10003608000 cpu 10a4d4000
[mtlr]   out: 0000010003608000 000000010a4d4000 0000000101061300 0000000000000000
[mtlr]   out: 0000007700000000 0000000000004000 0000000011081d66 00000000000071db
[mtlr] resource2 sel8 flags 470 sz 0x1000 -> kr 0x00000000 rid 119 GPUVA 0x10003608000 cpu 10a4d4000
[mtlr]   out: 0000010003608000 000000010a4d4000 0000000101061300 0000000000000000
[mtlr]   out: 0000007700000000 0000000000004000 0000000011081d67 00000000000071dc
[mtlr] resource2 sel8 flags 470 sz 0x1000 -> kr 0x00000000 rid 119 GPUVA 0x10003608000 cpu 10a4d4000
[mtlr]   out: 0000010003608000 000000010a4d4000 0000000101061300 0000000000000000
[mtlr]   out: 0000007700000000 0000000000004000 0000000011081d68 00000000000071dd
[mtlr] resource2 sel8 flags 470 sz 0x1000 -> kr 0x00000000 rid 119 GPUVA 0x10003608000 cpu 10a4d4000
[mtlr]   out: 0000010003608000 000000010a4d4000 0000000101061300 0000000000000000
[mtlr]   out: 0000007700000000 0000000000004000 0000000011081d69 00000000000071de
[mtlr] resource2 sel8 flags 470 sz 0x1000 -> kr 0x00000000 rid 119 GPUVA 0x10003608000 cpu 10a4d4000
[mtlr]   out: 0000010003608000 000000010a4d4000 0000000101061300 0000000000000000
[mtlr]   out: 0000007700000000 0000000000004000 0000000011081d6a 00000000000071df
[mtlr] resource2 sel8 flags 470 sz 0x1000 -> kr 0x00000000 rid 119 GPUVA 0x10003608000 cpu 10a4d4000
[mtlr]   out: 0000010003608000 000000010a4d4000 0000000101061300 0000000000000000
[mtlr]   out: 0000007700000000 0000000000004000 0000000011081d6b 00000000000071e0
[mtlr] resource2 sel8 flags 470 sz 0x1000 -> kr 0x00000000 rid 119 GPUVA 0x10003608000 cpu 10a4d4000
[mtlr]   out: 0000010003608000 000000010a4d4000 0000000101061300 0000000000000000
[mtlr]   out: 0000007700000000 0000000000004000 0000000011081d6c 00000000000071e1
[mtlr] resource2 sel8 flags 470 sz 0x1000 -> kr 0x00000000 rid 119 GPUVA 0x10003608000 cpu 10a4d4000
[mtlr]   out: 0000010003608000 000000010a4d4000 0000000101061300 0000000000000000
[mtlr]   out: 0000007700000000 0000000000004000 0000000011081d6d 00000000000071e2
[mtlr] resource2 sel8 flags 470 sz 0x1000 -> kr 0x00000000 rid 119 GPUVA 0x10003608000 cpu 10a4d4000
[mtlr]   out: 0000010003608000 000000010a4d4000 0000000101061300 0000000000000000
[mtlr]   out: 0000007700000000 0000000000004000 0000000011081d6e 00000000000071e3
[mtlr] resource2 sel8 flags 470 sz 0x1000 -> kr 0x00000000 rid 119 GPUVA 0x10003608000 cpu 10a4d4000
[mtlr]   out: 0000010003608000 000000010a4d4000 0000000101061300 0000000000000000
[mtlr]   out: 0000007700000000 0000000000004000 0000000011081d6f 00000000000071e4
[mtlr] resource2 sel8 flags 470 sz 0x1000 -> kr 0x00000000 rid 119 GPUVA 0x10003608000 cpu 10a4d4000
[mtlr]   out: 0000010003608000 000000010a4d4000 0000000101061300 0000000000000000
[mtlr]   out: 0000007700000000 0000000000004000 0000000011081d70 00000000000071e5
[mtlr] resource2 sel8 flags 470 sz 0x1000 -> kr 0x00000000 rid 119 GPUVA 0x10003608000 cpu 10a4d4000
[mtlr]   out: 0000010003608000 000000010a4d4000 0000000101061300 0000000000000000
[mtlr]   out: 0000007700000000 0000000000004000 0000000011081d71 00000000000071e6
[uatrec] S4 r2 (+0s): nvv 8 ncb 8 vsz 0x100000 fill 0x0 destroy0 kr 0x00000000 nj 40
[uatrec] S4 r2 blit[0] slots 8 ridp 1
[uatrec] S4 r2 blit[1] slots 8 ridp 1
[uatrec] S4 r2 blit[2] slots 8 ridp 1
[uatrec] S4 r2 blit[3] slots 8 ridp 1
[uatrec] S4 r2 blit[4] slots 7 ridp 1
[uatrec] S4 r2 blit[5] slots 9 ridp 1
[uatrec] S4 r2 blit[6] slots 7 ridp 1
[uatrec] S4 r2 blit[7] slots 8 ridp 1
[mtlr] resource2 sel8 flags 470 sz 0x100000 -> kr 0x00000000 rid 119 GPUVA 0x10002490000 cpu 109d58000
[mtlr]   out: 0000010002490000 0000000109d58000 000000010105d940 0000000000000000
[mtlr]   out: 0000007700000000 0000000000100000 0000000011081e39 00000000000071e9
[uatrec] S4 r3 victim[0] rid 119 gpuva 0x10002490000 cpu 0x109d58000 (top-of-stack)
[mtlr] resource2 sel8 flags 470 sz 0x100000 -> kr 0x00000000 rid 120 GPUVA 0x10002598000 cpu 109e58000
[mtlr]   out: 0000010002598000 0000000109e58000 000000010105da00 0000000000000000
[mtlr]   out: 0000007800000000 0000000000100000 0000000011081e3a 00000000000071ea
[uatrec] S4 r3 victim[1] rid 120 gpuva 0x10002598000 cpu 0x109e58000 (top-of-stack)
[mtlr] resource2 sel8 flags 470 sz 0x100000 -> kr 0x00000000 rid 121 GPUVA 0x100026a0000 cpu 109f58000
[mtlr]   out: 00000100026a0000 0000000109f58000 000000010105dac0 0000000000000000
[mtlr]   out: 0000007900000000 0000000000100000 0000000011081e3b 00000000000071eb
[uatrec] S4 r3 victim[2] rid 121 gpuva 0x100026a0000 cpu 0x109f58000 (top-of-stack)
[mtlr] resource2 sel8 flags 470 sz 0x100000 -> kr 0x00000000 rid 122 GPUVA 0x100027a8000 cpu 10a058000
[mtlr]   out: 00000100027a8000 000000010a058000 000000010105db80 0000000000000000
[mtlr]   out: 0000007a00000000 0000000000100000 0000000011081e3c 00000000000071ec
[uatrec] S4 r3 victim[3] rid 122 gpuva 0x100027a8000 cpu 0x10a058000 (top-of-stack)
[mtlr] resource2 sel8 flags 470 sz 0x100000 -> kr 0x00000000 rid 123 GPUVA 0x100028b0000 cpu 10a164000
[mtlr]   out: 00000100028b0000 000000010a164000 000000010105dc40 0000000000000000
[mtlr]   out: 0000007b00000000 0000000000100000 0000000011081e3d 00000000000071ed
[uatrec] S4 r3 victim[4] rid 123 gpuva 0x100028b0000 cpu 0x10a164000 (top-of-stack)
[mtlr] resource2 sel8 flags 470 sz 0x100000 -> kr 0x00000000 rid 124 GPUVA 0x100029b8000 cpu 10a264000
[mtlr]   out: 00000100029b8000 000000010a264000 000000010105dd00 0000000000000000
[mtlr]   out: 0000007c00000000 0000000000100000 0000000011081e3e 00000000000071ee
[uatrec] S4 r3 victim[5] rid 124 gpuva 0x100029b8000 cpu 0x10a264000 (top-of-stack)
[mtlr] resource2 sel8 flags 470 sz 0x100000 -> kr 0x00000000 rid 125 GPUVA 0x10002ac0000 cpu 10a364000
[mtlr]   out: 0000010002ac0000 000000010a364000 000000010105ddc0 0000000000000000
[mtlr]   out: 0000007d00000000 0000000000100000 0000000011081e3f 00000000000071ef
[uatrec] S4 r3 victim[6] rid 125 gpuva 0x10002ac0000 cpu 0x10a364000 (top-of-stack)
[mtlr] resource2 sel8 flags 470 sz 0x100000 -> kr 0x00000000 rid 126 GPUVA 0x10002bc8000 cpu 10a5c0000
[mtlr]   out: 0000010002bc8000 000000010a5c0000 000000010105de80 0000000000000000
[mtlr]   out: 0000007e00000000 0000000000100000 0000000011081e47 00000000000071f0
[uatrec] S4 r3 victim[7] rid 126 gpuva 0x10002bc8000 cpu 0x10a5c0000 (top-of-stack)
[mtlr] resource2 sel8 flags 470 sz 0x1000 -> kr 0x00000000 rid 119 GPUVA 0x10003688000 cpu 10a544000
[mtlr]   out: 0000010003688000 000000010a544000 0000000101061c00 0000000000000000
[mtlr]   out: 0000007700000000 0000000000004000 0000000011081e96 0000000000007206
[mtlr] resource2 sel8 flags 470 sz 0x1000 -> kr 0x00000000 rid 119 GPUVA 0x10003688000 cpu 10a544000
[mtlr]   out: 0000010003688000 000000010a544000 0000000101061c00 0000000000000000
[mtlr]   out: 0000007700000000 0000000000004000 0000000011081e97 0000000000007207
[mtlr] resource2 sel8 flags 470 sz 0x1000 -> kr 0x00000000 rid 119 GPUVA 0x10003688000 cpu 10a544000
[mtlr]   out: 0000010003688000 000000010a544000 0000000101061c00 0000000000000000
[mtlr]   out: 0000007700000000 0000000000004000 0000000011081e98 0000000000007208
[mtlr] resource2 sel8 flags 470 sz 0x1000 -> kr 0x00000000 rid 119 GPUVA 0x10003688000 cpu 10a544000
[mtlr]   out: 0000010003688000 000000010a544000 0000000101061c00 0000000000000000
[mtlr]   out: 0000007700000000 0000000000004000 0000000011081e99 0000000000007209
[mtlr] resource2 sel8 flags 470 sz 0x1000 -> kr 0x00000000 rid 119 GPUVA 0x10003688000 cpu 10a544000
[mtlr]   out: 0000010003688000 000000010a544000 0000000101061c00 0000000000000000
[mtlr]   out: 0000007700000000 0000000000004000 0000000011081e9a 000000000000720a
[mtlr] resource2 sel8 flags 470 sz 0x1000 -> kr 0x00000000 rid 119 GPUVA 0x10003688000 cpu 10a544000
[mtlr]   out: 0000010003688000 000000010a544000 0000000101061c00 0000000000000000
[mtlr]   out: 0000007700000000 0000000000004000 0000000011081e9b 000000000000720b
[mtlr] resource2 sel8 flags 470 sz 0x1000 -> kr 0x00000000 rid 119 GPUVA 0x10003688000 cpu 10a544000
[mtlr]   out: 0000010003688000 000000010a544000 0000000101061c00 0000000000000000
[mtlr]   out: 0000007700000000 0000000000004000 0000000011081e9c 000000000000720c
[mtlr] resource2 sel8 flags 470 sz 0x1000 -> kr 0x00000000 rid 119 GPUVA 0x10003688000 cpu 10a544000
[mtlr]   out: 0000010003688000 000000010a544000 0000000101061c00 0000000000000000
[mtlr]   out: 0000007700000000 0000000000004000 0000000011081e9d 000000000000720d
[mtlr] resource2 sel8 flags 470 sz 0x1000 -> kr 0x00000000 rid 119 GPUVA 0x10003688000 cpu 10a544000
[mtlr]   out: 0000010003688000 000000010a544000 0000000101061c00 0000000000000000
[mtlr]   out: 0000007700000000 0000000000004000 0000000011081e9e 000000000000720e
[mtlr] resource2 sel8 flags 470 sz 0x1000 -> kr 0x00000000 rid 119 GPUVA 0x10003688000 cpu 10a544000
[mtlr]   out: 0000010003688000 000000010a544000 0000000101061c00 0000000000000000
[mtlr]   out: 0000007700000000 0000000000004000 0000000011081e9f 000000000000720f
[mtlr] resource2 sel8 flags 470 sz 0x1000 -> kr 0x00000000 rid 119 GPUVA 0x10003688000 cpu 10a544000
[mtlr]   out: 0000010003688000 000000010a544000 0000000101061c00 0000000000000000
[mtlr]   out: 0000007700000000 0000000000004000 0000000011081ea0 0000000000007210
[mtlr] resource2 sel8 flags 470 sz 0x1000 -> kr 0x00000000 rid 119 GPUVA 0x10003688000 cpu 10a544000
[mtlr]   out: 0000010003688000 000000010a544000 0000000101061c00 0000000000000000
[mtlr]   out: 0000007700000000 0000000000004000 0000000011081ea1 0000000000007211
[mtlr] resource2 sel8 flags 470 sz 0x1000 -> kr 0x00000000 rid 119 GPUVA 0x10003688000 cpu 10a544000
[mtlr]   out: 0000010003688000 000000010a544000 0000000101061c00 0000000000000000
[mtlr]   out: 0000007700000000 0000000000004000 0000000011081ea2 0000000000007212
[mtlr] resource2 sel8 flags 470 sz 0x1000 -> kr 0x00000000 rid 119 GPUVA 0x10003688000 cpu 10a544000
[mtlr]   out: 0000010003688000 000000010a544000 0000000101061c00 0000000000000000
[mtlr]   out: 0000007700000000 0000000000004000 0000000011081ea3 0000000000007213
[mtlr] resource2 sel8 flags 470 sz 0x1000 -> kr 0x00000000 rid 119 GPUVA 0x10003688000 cpu 10a544000
[mtlr]   out: 0000010003688000 000000010a544000 0000000101061c00 0000000000000000
[mtlr]   out: 0000007700000000 0000000000004000 0000000011081ea4 0000000000007214
[mtlr] resource2 sel8 flags 470 sz 0x1000 -> kr 0x00000000 rid 119 GPUVA 0x10003688000 cpu 10a544000
[mtlr]   out: 0000010003688000 000000010a544000 0000000101061c00 0000000000000000
[mtlr]   out: 0000007700000000 0000000000004000 0000000011081ea5 0000000000007215
[mtlr] resource2 sel8 flags 470 sz 0x1000 -> kr 0x00000000 rid 119 GPUVA 0x10003688000 cpu 10a544000
[mtlr]   out: 0000010003688000 000000010a544000 0000000101061c00 0000000000000000
[mtlr]   out: 0000007700000000 0000000000004000 0000000011081ea6 0000000000007216
[mtlr] resource2 sel8 flags 470 sz 0x1000 -> kr 0x00000000 rid 119 GPUVA 0x10003688000 cpu 10a544000
[mtlr]   out: 0000010003688000 000000010a544000 0000000101061c00 0000000000000000
[mtlr]   out: 0000007700000000 0000000000004000 0000000011081ea7 0000000000007217
[mtlr] resource2 sel8 flags 470 sz 0x1000 -> kr 0x00000000 rid 119 GPUVA 0x10003688000 cpu 10a544000
[mtlr]   out: 0000010003688000 000000010a544000 0000000101061c00 0000000000000000
[mtlr]   out: 0000007700000000 0000000000004000 0000000011081ea8 0000000000007218
[mtlr] resource2 sel8 flags 470 sz 0x1000 -> kr 0x00000000 rid 119 GPUVA 0x10003688000 cpu 10a544000
[mtlr]   out: 0000010003688000 000000010a544000 0000000101061c00 0000000000000000
[mtlr]   out: 0000007700000000 0000000000004000 0000000011081ea9 0000000000007219
[mtlr] resource2 sel8 flags 470 sz 0x1000 -> kr 0x00000000 rid 119 GPUVA 0x10003688000 cpu 10a544000
[mtlr]   out: 0000010003688000 000000010a544000 0000000101061c00 0000000000000000
[mtlr]   out: 0000007700000000 0000000000004000 0000000011081eaa 000000000000721a
[mtlr] resource2 sel8 flags 470 sz 0x1000 -> kr 0x00000000 rid 119 GPUVA 0x10003688000 cpu 10a544000
[mtlr]   out: 0000010003688000 000000010a544000 0000000101061c00 0000000000000000
[mtlr]   out: 0000007700000000 0000000000004000 0000000011081eab 000000000000721b
[mtlr] resource2 sel8 flags 470 sz 0x1000 -> kr 0x00000000 rid 119 GPUVA 0x10003688000 cpu 10a544000
[mtlr]   out: 0000010003688000 000000010a544000 0000000101061c00 0000000000000000
[mtlr]   out: 0000007700000000 0000000000004000 0000000011081eac 000000000000721c
[mtlr] resource2 sel8 flags 470 sz 0x1000 -> kr 0x00000000 rid 119 GPUVA 0x10003688000 cpu 10a544000
[mtlr]   out: 0000010003688000 000000010a544000 0000000101061c00 0000000000000000
[mtlr]   out: 0000007700000000 0000000000004000 0000000011081ead 000000000000721d
[mtlr] resource2 sel8 flags 470 sz 0x1000 -> kr 0x00000000 rid 119 GPUVA 0x10003688000 cpu 10a544000
[mtlr]   out: 0000010003688000 000000010a544000 0000000101061c00 0000000000000000
[mtlr]   out: 0000007700000000 0000000000004000 0000000011081eae 000000000000721e
[mtlr] resource2 sel8 flags 470 sz 0x1000 -> kr 0x00000000 rid 119 GPUVA 0x10003688000 cpu 10a544000
[mtlr]   out: 0000010003688000 000000010a544000 0000000101061c00 0000000000000000
[mtlr]   out: 0000007700000000 0000000000004000 0000000011081eaf 000000000000721f
[mtlr] resource2 sel8 flags 470 sz 0x1000 -> kr 0x00000000 rid 119 GPUVA 0x10003688000 cpu 10a544000
[mtlr]   out: 0000010003688000 000000010a544000 0000000101061c00 0000000000000000
[mtlr]   out: 0000007700000000 0000000000004000 0000000011081eb0 0000000000007220
[mtlr] resource2 sel8 flags 470 sz 0x1000 -> kr 0x00000000 rid 119 GPUVA 0x10003688000 cpu 10a544000
[mtlr]   out: 0000010003688000 000000010a544000 0000000101061c00 0000000000000000
[mtlr]   out: 0000007700000000 0000000000004000 0000000011081eb1 0000000000007221
[mtlr] resource2 sel8 flags 470 sz 0x1000 -> kr 0x00000000 rid 119 GPUVA 0x10003688000 cpu 10a544000
[mtlr]   out: 0000010003688000 000000010a544000 0000000101061c00 0000000000000000
[mtlr]   out: 0000007700000000 0000000000004000 0000000011081eb2 0000000000007222
[mtlr] resource2 sel8 flags 470 sz 0x1000 -> kr 0x00000000 rid 119 GPUVA 0x10003688000 cpu 10a544000
[mtlr]   out: 0000010003688000 000000010a544000 0000000101061c00 0000000000000000
[mtlr]   out: 0000007700000000 0000000000004000 0000000011081eb3 0000000000007223
[mtlr] resource2 sel8 flags 470 sz 0x1000 -> kr 0x00000000 rid 119 GPUVA 0x10003688000 cpu 10a544000
[mtlr]   out: 0000010003688000 000000010a544000 0000000101061c00 0000000000000000
[mtlr]   out: 0000007700000000 0000000000004000 0000000011081eb4 0000000000007224
[mtlr] resource2 sel8 flags 470 sz 0x1000 -> kr 0x00000000 rid 119 GPUVA 0x10003688000 cpu 10a544000
[mtlr]   out: 0000010003688000 000000010a544000 0000000101061c00 0000000000000000
[mtlr]   out: 0000007700000000 0000000000004000 0000000011081eb5 0000000000007225
[mtlr] resource2 sel8 flags 470 sz 0x1000 -> kr 0x00000000 rid 119 GPUVA 0x10003688000 cpu 10a544000
[mtlr]   out: 0000010003688000 000000010a544000 0000000101061c00 0000000000000000
[mtlr]   out: 0000007700000000 0000000000004000 0000000011081eb6 0000000000007226
[mtlr] resource2 sel8 flags 470 sz 0x1000 -> kr 0x00000000 rid 119 GPUVA 0x10003688000 cpu 10a544000
[mtlr]   out: 0000010003688000 000000010a544000 0000000101061c00 0000000000000000
[mtlr]   out: 0000007700000000 0000000000004000 0000000011081eb7 0000000000007227
[mtlr] resource2 sel8 flags 470 sz 0x1000 -> kr 0x00000000 rid 119 GPUVA 0x10003688000 cpu 10a544000
[mtlr]   out: 0000010003688000 000000010a544000 0000000101061c00 0000000000000000
[mtlr]   out: 0000007700000000 0000000000004000 0000000011081eb8 0000000000007228
[mtlr] resource2 sel8 flags 470 sz 0x1000 -> kr 0x00000000 rid 119 GPUVA 0x10003688000 cpu 10a544000
[mtlr]   out: 0000010003688000 000000010a544000 0000000101061c00 0000000000000000
[mtlr]   out: 0000007700000000 0000000000004000 0000000011081eb9 0000000000007229
[mtlr] resource2 sel8 flags 470 sz 0x1000 -> kr 0x00000000 rid 119 GPUVA 0x10003688000 cpu 10a544000
[mtlr]   out: 0000010003688000 000000010a544000 0000000101061c00 0000000000000000
[mtlr]   out: 0000007700000000 0000000000004000 0000000011081eba 000000000000722a
[mtlr] resource2 sel8 flags 470 sz 0x1000 -> kr 0x00000000 rid 119 GPUVA 0x10003688000 cpu 10a544000
[mtlr]   out: 0000010003688000 000000010a544000 0000000101061c00 0000000000000000
[mtlr]   out: 0000007700000000 0000000000004000 0000000011081ebb 000000000000722b
[mtlr] resource2 sel8 flags 470 sz 0x1000 -> kr 0x00000000 rid 119 GPUVA 0x10003688000 cpu 10a544000
[mtlr]   out: 0000010003688000 000000010a544000 0000000101061c00 0000000000000000
[mtlr]   out: 0000007700000000 0000000000004000 0000000011081ebc 000000000000722c
[mtlr] resource2 sel8 flags 470 sz 0x1000 -> kr 0x00000000 rid 119 GPUVA 0x10003688000 cpu 10a544000
[mtlr]   out: 0000010003688000 000000010a544000 0000000101061c00 0000000000000000
[mtlr]   out: 0000007700000000 0000000000004000 0000000011081ebd 000000000000722d
[uatrec] S4 r3 (+0s): nvv 8 ncb 8 vsz 0x100000 fill 0x0 destroy0 kr 0x00000000 nj 40
[uatrec] S4 r3 blit[0] slots 8 ridp 1
[uatrec] S4 r3 blit[1] slots 8 ridp 1
[uatrec] S4 r3 blit[2] slots 8 ridp 1
[uatrec] S4 r3 blit[3] slots 8 ridp 1
[uatrec] S4 r3 blit[4] slots 8 ridp 1
[uatrec] S4 r3 blit[5] slots 8 ridp 1
[uatrec] S4 r3 blit[6] slots 7 ridp 1
[uatrec] S4 r3 blit[7] slots 6 ridp 1
[mtlr] resource2 sel8 flags 470 sz 0x100000 -> kr 0x00000000 rid 119 GPUVA 0x10002490000 cpu 10a730000
[mtlr]   out: 0000010002490000 000000010a730000 000000010105d940 0000000000000000
[mtlr]   out: 0000007700000000 0000000000100000 0000000011081f56 0000000000007230
[uatrec] S4 r4 victim[0] rid 119 gpuva 0x10002490000 cpu 0x10a730000 (top-of-stack)
[mtlr] resource2 sel8 flags 470 sz 0x100000 -> kr 0x00000000 rid 120 GPUVA 0x10002598000 cpu 10a830000
[mtlr]   out: 0000010002598000 000000010a830000 000000010105da00 0000000000000000
[mtlr]   out: 0000007800000000 0000000000100000 0000000011081f57 0000000000007231
[uatrec] S4 r4 victim[1] rid 120 gpuva 0x10002598000 cpu 0x10a830000 (top-of-stack)
[mtlr] resource2 sel8 flags 470 sz 0x100000 -> kr 0x00000000 rid 121 GPUVA 0x100026a0000 cpu 10a9a0000
[mtlr]   out: 00000100026a0000 000000010a9a0000 000000010105dac0 0000000000000000
[mtlr]   out: 0000007900000000 0000000000100000 0000000011081f58 0000000000007232
[uatrec] S4 r4 victim[2] rid 121 gpuva 0x100026a0000 cpu 0x10a9a0000 (top-of-stack)
[mtlr] resource2 sel8 flags 470 sz 0x100000 -> kr 0x00000000 rid 122 GPUVA 0x100027a8000 cpu 109d5c000
[mtlr]   out: 00000100027a8000 0000000109d5c000 000000010105db80 0000000000000000
[mtlr]   out: 0000007a00000000 0000000000100000 0000000011081f59 0000000000007233
[uatrec] S4 r4 victim[3] rid 122 gpuva 0x100027a8000 cpu 0x109d5c000 (top-of-stack)
[mtlr] resource2 sel8 flags 470 sz 0x100000 -> kr 0x00000000 rid 123 GPUVA 0x100028b0000 cpu 109e5c000
[mtlr]   out: 00000100028b0000 0000000109e5c000 000000010105dc40 0000000000000000
[mtlr]   out: 0000007b00000000 0000000000100000 0000000011081f5a 0000000000007234
[uatrec] S4 r4 victim[4] rid 123 gpuva 0x100028b0000 cpu 0x109e5c000 (top-of-stack)
[mtlr] resource2 sel8 flags 470 sz 0x100000 -> kr 0x00000000 rid 124 GPUVA 0x100029b8000 cpu 109f5c000
[mtlr]   out: 00000100029b8000 0000000109f5c000 000000010105dd00 0000000000000000
[mtlr]   out: 0000007c00000000 0000000000100000 0000000011081f62 0000000000007235
[uatrec] S4 r4 victim[5] rid 124 gpuva 0x100029b8000 cpu 0x109f5c000 (top-of-stack)
[mtlr] resource2 sel8 flags 470 sz 0x100000 -> kr 0x00000000 rid 125 GPUVA 0x10002ac0000 cpu 10a164000
[mtlr]   out: 0000010002ac0000 000000010a164000 000000010105ddc0 0000000000000000
[mtlr]   out: 0000007d00000000 0000000000100000 0000000011081f63 0000000000007236
[uatrec] S4 r4 victim[6] rid 125 gpuva 0x10002ac0000 cpu 0x10a164000 (top-of-stack)
[mtlr] resource2 sel8 flags 470 sz 0x100000 -> kr 0x00000000 rid 126 GPUVA 0x10002bc8000 cpu 10a264000
[mtlr]   out: 0000010002bc8000 000000010a264000 000000010105de80 0000000000000000
[mtlr]   out: 0000007e00000000 0000000000100000 0000000011081f64 0000000000007237
[uatrec] S4 r4 victim[7] rid 126 gpuva 0x10002bc8000 cpu 0x10a264000 (top-of-stack)
[mtlr] resource2 sel8 flags 470 sz 0x1000 -> kr 0x00000000 rid 119 GPUVA 0x10003688000 cpu 10a060000
[mtlr]   out: 0000010003688000 000000010a060000 0000000101061c00 0000000000000000
[mtlr]   out: 0000007700000000 0000000000004000 0000000011081fa9 0000000000007241
[mtlr] resource2 sel8 flags 470 sz 0x1000 -> kr 0x00000000 rid 119 GPUVA 0x10003688000 cpu 10a060000
[mtlr]   out: 0000010003688000 000000010a060000 0000000101061c00 0000000000000000
[mtlr]   out: 0000007700000000 0000000000004000 0000000011081faa 0000000000007242
[mtlr] resource2 sel8 flags 470 sz 0x1000 -> kr 0x00000000 rid 119 GPUVA 0x10003688000 cpu 10a060000
[mtlr]   out: 0000010003688000 000000010a060000 0000000101061c00 0000000000000000
[mtlr]   out: 0000007700000000 0000000000004000 0000000011081fab 0000000000007243
[mtlr] resource2 sel8 flags 470 sz 0x1000 -> kr 0x00000000 rid 119 GPUVA 0x10003688000 cpu 10a060000
[mtlr]   out: 0000010003688000 000000010a060000 0000000101061c00 0000000000000000
[mtlr]   out: 0000007700000000 0000000000004000 0000000011081fac 0000000000007244
[mtlr] resource2 sel8 flags 470 sz 0x1000 -> kr 0x00000000 rid 119 GPUVA 0x10003688000 cpu 10a060000
[mtlr]   out: 0000010003688000 000000010a060000 0000000101061c00 0000000000000000
[mtlr]   out: 0000007700000000 0000000000004000 0000000011081fad 0000000000007245
[mtlr] resource2 sel8 flags 470 sz 0x1000 -> kr 0x00000000 rid 119 GPUVA 0x10003688000 cpu 10a060000
[mtlr]   out: 0000010003688000 000000010a060000 0000000101061c00 0000000000000000
[mtlr]   out: 0000007700000000 0000000000004000 0000000011081fae 0000000000007246
[mtlr] resource2 sel8 flags 470 sz 0x1000 -> kr 0x00000000 rid 119 GPUVA 0x10003688000 cpu 10a060000
[mtlr]   out: 0000010003688000 000000010a060000 0000000101061c00 0000000000000000
[mtlr]   out: 0000007700000000 0000000000004000 0000000011081faf 0000000000007247
[mtlr] resource2 sel8 flags 470 sz 0x1000 -> kr 0x00000000 rid 119 GPUVA 0x10003688000 cpu 10a060000
[mtlr]   out: 0000010003688000 000000010a060000 0000000101061c00 0000000000000000
[mtlr]   out: 0000007700000000 0000000000004000 0000000011081fb0 0000000000007248
[mtlr] resource2 sel8 flags 470 sz 0x1000 -> kr 0x00000000 rid 119 GPUVA 0x10003688000 cpu 10a060000
[mtlr]   out: 0000010003688000 000000010a060000 0000000101061c00 0000000000000000
[mtlr]   out: 0000007700000000 0000000000004000 0000000011081fb1 0000000000007249
[mtlr] resource2 sel8 flags 470 sz 0x1000 -> kr 0x00000000 rid 119 GPUVA 0x10003688000 cpu 10a060000
[mtlr]   out: 0000010003688000 000000010a060000 0000000101061c00 0000000000000000
[mtlr]   out: 0000007700000000 0000000000004000 0000000011081fb2 000000000000724a
[mtlr] resource2 sel8 flags 470 sz 0x1000 -> kr 0x00000000 rid 119 GPUVA 0x10003688000 cpu 10a060000
[mtlr]   out: 0000010003688000 000000010a060000 0000000101061c00 0000000000000000
[mtlr]   out: 0000007700000000 0000000000004000 0000000011081fb3 000000000000724b
[mtlr] resource2 sel8 flags 470 sz 0x1000 -> kr 0x00000000 rid 119 GPUVA 0x10003688000 cpu 10a060000
[mtlr]   out: 0000010003688000 000000010a060000 0000000101061c00 0000000000000000
[mtlr]   out: 0000007700000000 0000000000004000 0000000011081fb4 000000000000724c
[mtlr] resource2 sel8 flags 470 sz 0x1000 -> kr 0x00000000 rid 119 GPUVA 0x10003688000 cpu 10a060000
[mtlr]   out: 0000010003688000 000000010a060000 0000000101061c00 0000000000000000
[mtlr]   out: 0000007700000000 0000000000004000 0000000011081fb5 000000000000724d
[mtlr] resource2 sel8 flags 470 sz 0x1000 -> kr 0x00000000 rid 119 GPUVA 0x10003688000 cpu 10a060000
[mtlr]   out: 0000010003688000 000000010a060000 0000000101061c00 0000000000000000
[mtlr]   out: 0000007700000000 0000000000004000 0000000011081fb6 000000000000724e
[mtlr] resource2 sel8 flags 470 sz 0x1000 -> kr 0x00000000 rid 119 GPUVA 0x10003688000 cpu 10a060000
[mtlr]   out: 0000010003688000 000000010a060000 0000000101061c00 0000000000000000
[mtlr]   out: 0000007700000000 0000000000004000 0000000011081fb7 000000000000724f
[mtlr] resource2 sel8 flags 470 sz 0x1000 -> kr 0x00000000 rid 119 GPUVA 0x10003688000 cpu 10a060000
[mtlr]   out: 0000010003688000 000000010a060000 0000000101061c00 0000000000000000
[mtlr]   out: 0000007700000000 0000000000004000 0000000011081fb8 0000000000007250
[mtlr] resource2 sel8 flags 470 sz 0x1000 -> kr 0x00000000 rid 119 GPUVA 0x10003688000 cpu 10a060000
[mtlr]   out: 0000010003688000 000000010a060000 0000000101061c00 0000000000000000
[mtlr]   out: 0000007700000000 0000000000004000 0000000011081fb9 0000000000007251
[mtlr] resource2 sel8 flags 470 sz 0x1000 -> kr 0x00000000 rid 119 GPUVA 0x10003688000 cpu 10a060000
[mtlr]   out: 0000010003688000 000000010a060000 0000000101061c00 0000000000000000
[mtlr]   out: 0000007700000000 0000000000004000 0000000011081fba 0000000000007252
[mtlr] resource2 sel8 flags 470 sz 0x1000 -> kr 0x00000000 rid 119 GPUVA 0x10003688000 cpu 10a060000
[mtlr]   out: 0000010003688000 000000010a060000 0000000101061c00 0000000000000000
[mtlr]   out: 0000007700000000 0000000000004000 0000000011081fbb 0000000000007253
[mtlr] resource2 sel8 flags 470 sz 0x1000 -> kr 0x00000000 rid 119 GPUVA 0x10003688000 cpu 10a060000
[mtlr]   out: 0000010003688000 000000010a060000 0000000101061c00 0000000000000000
[mtlr]   out: 0000007700000000 0000000000004000 0000000011081fbc 0000000000007254
[mtlr] resource2 sel8 flags 470 sz 0x1000 -> kr 0x00000000 rid 119 GPUVA 0x10003688000 cpu 10a060000
[mtlr]   out: 0000010003688000 000000010a060000 0000000101061c00 0000000000000000
[mtlr]   out: 0000007700000000 0000000000004000 0000000011081fbd 0000000000007255
[mtlr] resource2 sel8 flags 470 sz 0x1000 -> kr 0x00000000 rid 119 GPUVA 0x10003688000 cpu 10a060000
[mtlr]   out: 0000010003688000 000000010a060000 0000000101061c00 0000000000000000
[mtlr]   out: 0000007700000000 0000000000004000 0000000011081fbe 0000000000007256
[mtlr] resource2 sel8 flags 470 sz 0x1000 -> kr 0x00000000 rid 119 GPUVA 0x10003688000 cpu 10a060000
[mtlr]   out: 0000010003688000 000000010a060000 0000000101061c00 0000000000000000
[mtlr]   out: 0000007700000000 0000000000004000 0000000011081fbf 0000000000007257
[mtlr] resource2 sel8 flags 470 sz 0x1000 -> kr 0x00000000 rid 119 GPUVA 0x10003688000 cpu 10a060000
[mtlr]   out: 0000010003688000 000000010a060000 0000000101061c00 0000000000000000
[mtlr]   out: 0000007700000000 0000000000004000 0000000011081fc0 0000000000007258
[mtlr] resource2 sel8 flags 470 sz 0x1000 -> kr 0x00000000 rid 119 GPUVA 0x10003688000 cpu 10a060000
[mtlr]   out: 0000010003688000 000000010a060000 0000000101061c00 0000000000000000
[mtlr]   out: 0000007700000000 0000000000004000 0000000011081fc1 0000000000007259
[mtlr] resource2 sel8 flags 470 sz 0x1000 -> kr 0x00000000 rid 119 GPUVA 0x10003688000 cpu 10a060000
[mtlr]   out: 0000010003688000 000000010a060000 0000000101061c00 0000000000000000
[mtlr]   out: 0000007700000000 0000000000004000 0000000011081fc2 000000000000725a
[mtlr] resource2 sel8 flags 470 sz 0x1000 -> kr 0x00000000 rid 119 GPUVA 0x10003688000 cpu 10a060000
[mtlr]   out: 0000010003688000 000000010a060000 0000000101061c00 0000000000000000
[mtlr]   out: 0000007700000000 0000000000004000 0000000011081fc3 000000000000725b
[mtlr] resource2 sel8 flags 470 sz 0x1000 -> kr 0x00000000 rid 119 GPUVA 0x10003688000 cpu 10a060000
[mtlr]   out: 0000010003688000 000000010a060000 0000000101061c00 0000000000000000
[mtlr]   out: 0000007700000000 0000000000004000 0000000011081fc4 000000000000725c
[mtlr] resource2 sel8 flags 470 sz 0x1000 -> kr 0x00000000 rid 119 GPUVA 0x10003688000 cpu 10a060000
[mtlr]   out: 0000010003688000 000000010a060000 0000000101061c00 0000000000000000
[mtlr]   out: 0000007700000000 0000000000004000 0000000011081fc5 000000000000725d
[mtlr] resource2 sel8 flags 470 sz 0x1000 -> kr 0x00000000 rid 119 GPUVA 0x10003688000 cpu 10a060000
[mtlr]   out: 0000010003688000 000000010a060000 0000000101061c00 0000000000000000
[mtlr]   out: 0000007700000000 0000000000004000 0000000011081fc6 000000000000725e
[mtlr] resource2 sel8 flags 470 sz 0x1000 -> kr 0x00000000 rid 119 GPUVA 0x10003688000 cpu 10a060000
[mtlr]   out: 0000010003688000 000000010a060000 0000000101061c00 0000000000000000
[mtlr]   out: 0000007700000000 0000000000004000 0000000011081fc7 000000000000725f
[mtlr] resource2 sel8 flags 470 sz 0x1000 -> kr 0x00000000 rid 119 GPUVA 0x10003688000 cpu 10a060000
[mtlr]   out: 0000010003688000 000000010a060000 0000000101061c00 0000000000000000
[mtlr]   out: 0000007700000000 0000000000004000 0000000011081fc8 0000000000007260
[mtlr] resource2 sel8 flags 470 sz 0x1000 -> kr 0x00000000 rid 119 GPUVA 0x10003688000 cpu 10a060000
[mtlr]   out: 0000010003688000 000000010a060000 0000000101061c00 0000000000000000
[mtlr]   out: 0000007700000000 0000000000004000 0000000011081fc9 0000000000007261
[mtlr] resource2 sel8 flags 470 sz 0x1000 -> kr 0x00000000 rid 119 GPUVA 0x10003688000 cpu 10a060000
[mtlr]   out: 0000010003688000 000000010a060000 0000000101061c00 0000000000000000
[mtlr]   out: 0000007700000000 0000000000004000 0000000011081fca 0000000000007262
[mtlr] resource2 sel8 flags 470 sz 0x1000 -> kr 0x00000000 rid 119 GPUVA 0x10003688000 cpu 10a060000
[mtlr]   out: 0000010003688000 000000010a060000 0000000101061c00 0000000000000000
[mtlr]   out: 0000007700000000 0000000000004000 0000000011081fcb 0000000000007263
[mtlr] resource2 sel8 flags 470 sz 0x1000 -> kr 0x00000000 rid 119 GPUVA 0x10003688000 cpu 10a060000
[mtlr]   out: 0000010003688000 000000010a060000 0000000101061c00 0000000000000000
[mtlr]   out: 0000007700000000 0000000000004000 0000000011081fcc 0000000000007264
[mtlr] resource2 sel8 flags 470 sz 0x1000 -> kr 0x00000000 rid 119 GPUVA 0x10003688000 cpu 10a060000
[mtlr]   out: 0000010003688000 000000010a060000 0000000101061c00 0000000000000000
[mtlr]   out: 0000007700000000 0000000000004000 0000000011081fcd 0000000000007265
[mtlr] resource2 sel8 flags 470 sz 0x1000 -> kr 0x00000000 rid 119 GPUVA 0x10003688000 cpu 10a060000
[mtlr]   out: 0000010003688000 000000010a060000 0000000101061c00 0000000000000000
[mtlr]   out: 0000007700000000 0000000000004000 0000000011081fce 0000000000007266
[mtlr] resource2 sel8 flags 470 sz 0x1000 -> kr 0x00000000 rid 119 GPUVA 0x10003688000 cpu 10a060000
[mtlr]   out: 0000010003688000 000000010a060000 0000000101061c00 0000000000000000
[mtlr]   out: 0000007700000000 0000000000004000 0000000011081fcf 0000000000007267
[mtlr] resource2 sel8 flags 470 sz 0x1000 -> kr 0x00000000 rid 119 GPUVA 0x10003688000 cpu 10a060000
[mtlr]   out: 0000010003688000 000000010a060000 0000000101061c00 0000000000000000
[mtlr]   out: 0000007700000000 0000000000004000 0000000011081fd0 0000000000007268
[uatrec] S4 r4 (+0s): nvv 8 ncb 8 vsz 0x100000 fill 0x0 destroy0 kr 0x00000000 nj 40
[uatrec] S4 r4 blit[0] slots 9 ridp 1
[uatrec] S4 r4 blit[1] slots 9 ridp 1
[uatrec] S4 r4 blit[2] slots 9 ridp 1
[uatrec] S4 r4 blit[3] slots 9 ridp 1
[uatrec] S4 r4 blit[4] slots 9 ridp 1
[uatrec] S4 r4 blit[5] slots 9 ridp 1
[uatrec] S4 r4 blit[6] slots 7 ridp 1
[uatrec] S4 r4 blit[7] slots 8 ridp 1
[mtlr] resource2 sel8 flags 470 sz 0x100000 -> kr 0x00000000 rid 119 GPUVA 0x10002490000 cpu 10a364000
[mtlr]   out: 0000010002490000 000000010a364000 000000010105d940 0000000000000000
[mtlr]   out: 0000007700000000 0000000000100000 000000001108206b 000000000000726b
[uatrec] S4 r5 victim[0] rid 119 gpuva 0x10002490000 cpu 0x10a364000 (top-of-stack)
[mtlr] resource2 sel8 flags 470 sz 0x100000 -> kr 0x00000000 rid 120 GPUVA 0x10002598000 cpu 10a5c0000
[mtlr]   out: 0000010002598000 000000010a5c0000 000000010105da00 0000000000000000
[mtlr]   out: 0000007800000000 0000000000100000 000000001108206c 000000000000726c
[uatrec] S4 r5 victim[1] rid 120 gpuva 0x10002598000 cpu 0x10a5c0000 (top-of-stack)
[mtlr] resource2 sel8 flags 470 sz 0x100000 -> kr 0x00000000 rid 121 GPUVA 0x100026a0000 cpu 10aaa0000
[mtlr]   out: 00000100026a0000 000000010aaa0000 000000010105dac0 0000000000000000
[mtlr]   out: 0000007900000000 0000000000100000 000000001108206d 000000000000726d
[uatrec] S4 r5 victim[2] rid 121 gpuva 0x100026a0000 cpu 0x10aaa0000 (top-of-stack)
[mtlr] resource2 sel8 flags 470 sz 0x100000 -> kr 0x00000000 rid 122 GPUVA 0x100027a8000 cpu 10b000000
[mtlr]   out: 00000100027a8000 000000010b000000 000000010105db80 0000000000000000
[mtlr]   out: 0000007a00000000 0000000000100000 000000001108206e 000000000000726e
[uatrec] S4 r5 victim[3] rid 122 gpuva 0x100027a8000 cpu 0x10b000000 (top-of-stack)
[mtlr] resource2 sel8 flags 470 sz 0x100000 -> kr 0x00000000 rid 123 GPUVA 0x100028b0000 cpu 109d60000
[mtlr]   out: 00000100028b0000 0000000109d60000 000000010105dc40 0000000000000000
[mtlr]   out: 0000007b00000000 0000000000100000 000000001108206f 000000000000726f
[uatrec] S4 r5 victim[4] rid 123 gpuva 0x100028b0000 cpu 0x109d60000 (top-of-stack)
[mtlr] resource2 sel8 flags 470 sz 0x100000 -> kr 0x00000000 rid 124 GPUVA 0x100029b8000 cpu 109e60000
[mtlr]   out: 00000100029b8000 0000000109e60000 000000010105dd00 0000000000000000
[mtlr]   out: 0000007c00000000 0000000000100000 0000000011082077 0000000000007270
[uatrec] S4 r5 victim[5] rid 124 gpuva 0x100029b8000 cpu 0x109e60000 (top-of-stack)
[mtlr] resource2 sel8 flags 470 sz 0x100000 -> kr 0x00000000 rid 125 GPUVA 0x10002ac0000 cpu 109f60000
[mtlr]   out: 0000010002ac0000 0000000109f60000 000000010105ddc0 0000000000000000
[mtlr]   out: 0000007d00000000 0000000000100000 0000000011082078 0000000000007271
[uatrec] S4 r5 victim[6] rid 125 gpuva 0x10002ac0000 cpu 0x109f60000 (top-of-stack)
[mtlr] resource2 sel8 flags 470 sz 0x100000 -> kr 0x00000000 rid 126 GPUVA 0x10002bc8000 cpu 10a164000
[mtlr]   out: 0000010002bc8000 000000010a164000 000000010105de80 0000000000000000
[mtlr]   out: 0000007e00000000 0000000000100000 0000000011082079 0000000000007272
[uatrec] S4 r5 victim[7] rid 126 gpuva 0x10002bc8000 cpu 0x10a164000 (top-of-stack)
[mtlr] resource2 sel8 flags 470 sz 0x1000 -> kr 0x00000000 rid 119 GPUVA 0x10002490000 cpu 10a060000
[mtlr]   out: 0000010002490000 000000010a060000 000000010105d940 0000000000000000
[mtlr]   out: 0000007700000000 0000000000004000 000000001108209b 000000000000727c
[mtlr] resource2 sel8 flags 470 sz 0x1000 -> kr 0x00000000 rid 119 GPUVA 0x10002490000 cpu 10a060000
[mtlr]   out: 0000010002490000 000000010a060000 000000010105d940 0000000000000000
[mtlr]   out: 0000007700000000 0000000000004000 000000001108209c 000000000000727d
[mtlr] resource2 sel8 flags 470 sz 0x1000 -> kr 0x00000000 rid 119 GPUVA 0x10002490000 cpu 10a060000
[mtlr]   out: 0000010002490000 000000010a060000 000000010105d940 0000000000000000
[mtlr]   out: 0000007700000000 0000000000004000 000000001108209d 000000000000727e
[mtlr] resource2 sel8 flags 470 sz 0x1000 -> kr 0x00000000 rid 119 GPUVA 0x10002490000 cpu 10a060000
[mtlr]   out: 0000010002490000 000000010a060000 000000010105d940 0000000000000000
[mtlr]   out: 0000007700000000 0000000000004000 000000001108209e 000000000000727f
[mtlr] resource2 sel8 flags 470 sz 0x1000 -> kr 0x00000000 rid 119 GPUVA 0x10002490000 cpu 10a060000
[mtlr]   out: 0000010002490000 000000010a060000 000000010105d940 0000000000000000
[mtlr]   out: 0000007700000000 0000000000004000 000000001108209f 0000000000007280
[mtlr] resource2 sel8 flags 470 sz 0x1000 -> kr 0x00000000 rid 119 GPUVA 0x10002490000 cpu 10a060000
[mtlr]   out: 0000010002490000 000000010a060000 000000010105d940 0000000000000000
[mtlr]   out: 0000007700000000 0000000000004000 00000000110820a0 0000000000007281
[mtlr] resource2 sel8 flags 470 sz 0x1000 -> kr 0x00000000 rid 119 GPUVA 0x10002490000 cpu 10a060000
[mtlr]   out: 0000010002490000 000000010a060000 000000010105d940 0000000000000000
[mtlr]   out: 0000007700000000 0000000000004000 00000000110820a1 0000000000007282
[mtlr] resource2 sel8 flags 470 sz 0x1000 -> kr 0x00000000 rid 119 GPUVA 0x10002490000 cpu 10a060000
[mtlr]   out: 0000010002490000 000000010a060000 000000010105d940 0000000000000000
[mtlr]   out: 0000007700000000 0000000000004000 00000000110820a2 0000000000007283
[mtlr] resource2 sel8 flags 470 sz 0x1000 -> kr 0x00000000 rid 119 GPUVA 0x10002490000 cpu 10a060000
[mtlr]   out: 0000010002490000 000000010a060000 000000010105d940 0000000000000000
[mtlr]   out: 0000007700000000 0000000000004000 00000000110820a3 0000000000007284
[mtlr] resource2 sel8 flags 470 sz 0x1000 -> kr 0x00000000 rid 119 GPUVA 0x10002490000 cpu 10a060000
[mtlr]   out: 0000010002490000 000000010a060000 000000010105d940 0000000000000000
[mtlr]   out: 0000007700000000 0000000000004000 00000000110820a4 0000000000007285
[mtlr] resource2 sel8 flags 470 sz 0x1000 -> kr 0x00000000 rid 119 GPUVA 0x10002490000 cpu 10a060000
[mtlr]   out: 0000010002490000 000000010a060000 000000010105d940 0000000000000000
[mtlr]   out: 0000007700000000 0000000000004000 00000000110820a5 0000000000007286
[mtlr] resource2 sel8 flags 470 sz 0x1000 -> kr 0x00000000 rid 119 GPUVA 0x10002490000 cpu 10a060000
[mtlr]   out: 0000010002490000 000000010a060000 000000010105d940 0000000000000000
[mtlr]   out: 0000007700000000 0000000000004000 00000000110820a6 0000000000007287
[mtlr] resource2 sel8 flags 470 sz 0x1000 -> kr 0x00000000 rid 119 GPUVA 0x10002490000 cpu 10a060000
[mtlr]   out: 0000010002490000 000000010a060000 000000010105d940 0000000000000000
[mtlr]   out: 0000007700000000 0000000000004000 00000000110820a7 0000000000007288
[mtlr] resource2 sel8 flags 470 sz 0x1000 -> kr 0x00000000 rid 119 GPUVA 0x10002490000 cpu 10a060000
[mtlr]   out: 0000010002490000 000000010a060000 000000010105d940 0000000000000000
[mtlr]   out: 0000007700000000 0000000000004000 00000000110820a8 0000000000007289
[mtlr] resource2 sel8 flags 470 sz 0x1000 -> kr 0x00000000 rid 119 GPUVA 0x10002490000 cpu 10a060000
[mtlr]   out: 0000010002490000 000000010a060000 000000010105d940 0000000000000000
[mtlr]   out: 0000007700000000 0000000000004000 00000000110820a9 000000000000728a
[mtlr] resource2 sel8 flags 470 sz 0x1000 -> kr 0x00000000 rid 119 GPUVA 0x10002490000 cpu 10a060000
[mtlr]   out: 0000010002490000 000000010a060000 000000010105d940 0000000000000000
[mtlr]   out: 0000007700000000 0000000000004000 00000000110820aa 000000000000728b
[mtlr] resource2 sel8 flags 470 sz 0x1000 -> kr 0x00000000 rid 119 GPUVA 0x10002490000 cpu 10a060000
[mtlr]   out: 0000010002490000 000000010a060000 000000010105d940 0000000000000000
[mtlr]   out: 0000007700000000 0000000000004000 00000000110820ab 000000000000728c
[mtlr] resource2 sel8 flags 470 sz 0x1000 -> kr 0x00000000 rid 119 GPUVA 0x10002490000 cpu 10a060000
[mtlr]   out: 0000010002490000 000000010a060000 000000010105d940 0000000000000000
[mtlr]   out: 0000007700000000 0000000000004000 00000000110820ac 000000000000728d
[mtlr] resource2 sel8 flags 470 sz 0x1000 -> kr 0x00000000 rid 119 GPUVA 0x10002490000 cpu 10a060000
[mtlr]   out: 0000010002490000 000000010a060000 000000010105d940 0000000000000000
[mtlr]   out: 0000007700000000 0000000000004000 00000000110820ad 000000000000728e
[mtlr] resource2 sel8 flags 470 sz 0x1000 -> kr 0x00000000 rid 119 GPUVA 0x10002490000 cpu 10a060000
[mtlr]   out: 0000010002490000 000000010a060000 000000010105d940 0000000000000000
[mtlr]   out: 0000007700000000 0000000000004000 00000000110820ae 000000000000728f
[mtlr] resource2 sel8 flags 470 sz 0x1000 -> kr 0x00000000 rid 119 GPUVA 0x10002490000 cpu 10a060000
[mtlr]   out: 0000010002490000 000000010a060000 000000010105d940 0000000000000000
[mtlr]   out: 0000007700000000 0000000000004000 00000000110820af 0000000000007290
[mtlr] resource2 sel8 flags 470 sz 0x1000 -> kr 0x00000000 rid 119 GPUVA 0x10002490000 cpu 10a060000
[mtlr]   out: 0000010002490000 000000010a060000 000000010105d940 0000000000000000
[mtlr]   out: 0000007700000000 0000000000004000 00000000110820b0 0000000000007291
[mtlr] resource2 sel8 flags 470 sz 0x1000 -> kr 0x00000000 rid 119 GPUVA 0x10002490000 cpu 10a060000
[mtlr]   out: 0000010002490000 000000010a060000 000000010105d940 0000000000000000
[mtlr]   out: 0000007700000000 0000000000004000 00000000110820b1 0000000000007292
[mtlr] resource2 sel8 flags 470 sz 0x1000 -> kr 0x00000000 rid 119 GPUVA 0x10002490000 cpu 10a060000
[mtlr]   out: 0000010002490000 000000010a060000 000000010105d940 0000000000000000
[mtlr]   out: 0000007700000000 0000000000004000 00000000110820b2 0000000000007293
[mtlr] resource2 sel8 flags 470 sz 0x1000 -> kr 0x00000000 rid 119 GPUVA 0x10002490000 cpu 10a060000
[mtlr]   out: 0000010002490000 000000010a060000 000000010105d940 0000000000000000
[mtlr]   out: 0000007700000000 0000000000004000 00000000110820b3 0000000000007294
[mtlr] resource2 sel8 flags 470 sz 0x1000 -> kr 0x00000000 rid 119 GPUVA 0x10002490000 cpu 10a060000
[mtlr]   out: 0000010002490000 000000010a060000 000000010105d940 0000000000000000
[mtlr]   out: 0000007700000000 0000000000004000 00000000110820b4 0000000000007295
[mtlr] resource2 sel8 flags 470 sz 0x1000 -> kr 0x00000000 rid 119 GPUVA 0x10002490000 cpu 10a060000
[mtlr]   out: 0000010002490000 000000010a060000 000000010105d940 0000000000000000
[mtlr]   out: 0000007700000000 0000000000004000 00000000110820b5 0000000000007296
[mtlr] resource2 sel8 flags 470 sz 0x1000 -> kr 0x00000000 rid 119 GPUVA 0x10002490000 cpu 10a060000
[mtlr]   out: 0000010002490000 000000010a060000 000000010105d940 0000000000000000
[mtlr]   out: 0000007700000000 0000000000004000 00000000110820b6 0000000000007297
[mtlr] resource2 sel8 flags 470 sz 0x1000 -> kr 0x00000000 rid 119 GPUVA 0x10002490000 cpu 10a060000
[mtlr]   out: 0000010002490000 000000010a060000 000000010105d940 0000000000000000
[mtlr]   out: 0000007700000000 0000000000004000 00000000110820b7 0000000000007298
[mtlr] resource2 sel8 flags 470 sz 0x1000 -> kr 0x00000000 rid 119 GPUVA 0x10002490000 cpu 10a060000
[mtlr]   out: 0000010002490000 000000010a060000 000000010105d940 0000000000000000
[mtlr]   out: 0000007700000000 0000000000004000 00000000110820b8 0000000000007299
[mtlr] resource2 sel8 flags 470 sz 0x1000 -> kr 0x00000000 rid 119 GPUVA 0x10002490000 cpu 10a060000
[mtlr]   out: 0000010002490000 000000010a060000 000000010105d940 0000000000000000
[mtlr]   out: 0000007700000000 0000000000004000 00000000110820b9 000000000000729a
[mtlr] resource2 sel8 flags 470 sz 0x1000 -> kr 0x00000000 rid 119 GPUVA 0x10002490000 cpu 10a060000
[mtlr]   out: 0000010002490000 000000010a060000 000000010105d940 0000000000000000
[mtlr]   out: 0000007700000000 0000000000004000 00000000110820ba 000000000000729b
[mtlr] resource2 sel8 flags 470 sz 0x1000 -> kr 0x00000000 rid 119 GPUVA 0x10002490000 cpu 10a060000
[mtlr]   out: 0000010002490000 000000010a060000 000000010105d940 0000000000000000
[mtlr]   out: 0000007700000000 0000000000004000 00000000110820bb 000000000000729c
[mtlr] resource2 sel8 flags 470 sz 0x1000 -> kr 0x00000000 rid 119 GPUVA 0x10002490000 cpu 10a060000
[mtlr]   out: 0000010002490000 000000010a060000 000000010105d940 0000000000000000
[mtlr]   out: 0000007700000000 0000000000004000 00000000110820bc 000000000000729d
[mtlr] resource2 sel8 flags 470 sz 0x1000 -> kr 0x00000000 rid 119 GPUVA 0x10002490000 cpu 10a060000
[mtlr]   out: 0000010002490000 000000010a060000 000000010105d940 0000000000000000
[mtlr]   out: 0000007700000000 0000000000004000 00000000110820bd 000000000000729e
[mtlr] resource2 sel8 flags 470 sz 0x1000 -> kr 0x00000000 rid 119 GPUVA 0x10002490000 cpu 10a060000
[mtlr]   out: 0000010002490000 000000010a060000 000000010105d940 0000000000000000
[mtlr]   out: 0000007700000000 0000000000004000 00000000110820be 000000000000729f
[mtlr] resource2 sel8 flags 470 sz 0x1000 -> kr 0x00000000 rid 119 GPUVA 0x10002490000 cpu 10a060000
[mtlr]   out: 0000010002490000 000000010a060000 000000010105d940 0000000000000000
[mtlr]   out: 0000007700000000 0000000000004000 00000000110820bf 00000000000072a0
[mtlr] resource2 sel8 flags 470 sz 0x1000 -> kr 0x00000000 rid 119 GPUVA 0x10002490000 cpu 10a060000
[mtlr]   out: 0000010002490000 000000010a060000 000000010105d940 0000000000000000
[mtlr]   out: 0000007700000000 0000000000004000 00000000110820c0 00000000000072a1
[mtlr] resource2 sel8 flags 470 sz 0x1000 -> kr 0x00000000 rid 119 GPUVA 0x10002490000 cpu 10a060000
[mtlr]   out: 0000010002490000 000000010a060000 000000010105d940 0000000000000000
[mtlr]   out: 0000007700000000 0000000000004000 00000000110820c1 00000000000072a2
[mtlr] resource2 sel8 flags 470 sz 0x1000 -> kr 0x00000000 rid 119 GPUVA 0x10002490000 cpu 10a060000
[mtlr]   out: 0000010002490000 000000010a060000 000000010105d940 0000000000000000
[mtlr]   out: 0000007700000000 0000000000004000 00000000110820c2 00000000000072a3
[uatrec] S4 r5 (+0s): nvv 8 ncb 8 vsz 0x100000 fill 0x0 destroy0 kr 0x00000000 nj 40
[uatrec] S4 r5 blit[0] slots 7 ridp 1
[uatrec] S4 r5 blit[1] slots 8 ridp 1
[uatrec] S4 r5 blit[2] slots 7 ridp 1
[uatrec] S4 r5 blit[3] slots 7 ridp 1
[uatrec] S4 r5 blit[4] slots 7 ridp 1
[uatrec] S4 r5 blit[5] slots 7 ridp 1
[uatrec] S4 r5 blit[6] slots 7 ridp 1
[uatrec] S4 r5 blit[7] slots 7 ridp 1
[mtlr] resource2 sel8 flags 470 sz 0x100000 -> kr 0x00000000 rid 119 GPUVA 0x10002490000 cpu 10a264000
[mtlr]   out: 0000010002490000 000000010a264000 000000010105d940 0000000000000000
[mtlr]   out: 0000007700000000 0000000000100000 000000001108210f 00000000000072a6
[uatrec] S4 r6 victim[0] rid 119 gpuva 0x10002490000 cpu 0x10a264000 (top-of-stack)
[mtlr] resource2 sel8 flags 470 sz 0x100000 -> kr 0x00000000 rid 120 GPUVA 0x10002598000 cpu 10a730000
[mtlr]   out: 0000010002598000 000000010a730000 000000010105da00 0000000000000000
[mtlr]   out: 0000007800000000 0000000000100000 0000000011082110 00000000000072a7
[uatrec] S4 r6 victim[1] rid 120 gpuva 0x10002598000 cpu 0x10a730000 (top-of-stack)
[mtlr] resource2 sel8 flags 470 sz 0x100000 -> kr 0x00000000 rid 121 GPUVA 0x100026a0000 cpu 109d58000
[mtlr]   out: 00000100026a0000 0000000109d58000 000000010105dac0 0000000000000000
[mtlr]   out: 0000007900000000 0000000000100000 0000000011082111 00000000000072a8
[uatrec] S4 r6 victim[2] rid 121 gpuva 0x100026a0000 cpu 0x109d58000 (top-of-stack)
[mtlr] resource2 sel8 flags 470 sz 0x100000 -> kr 0x00000000 rid 122 GPUVA 0x100027a8000 cpu 109e58000
[mtlr]   out: 00000100027a8000 0000000109e58000 000000010105db80 0000000000000000
[mtlr]   out: 0000007a00000000 0000000000100000 0000000011082112 00000000000072a9
[uatrec] S4 r6 victim[3] rid 122 gpuva 0x100027a8000 cpu 0x109e58000 (top-of-stack)
[mtlr] resource2 sel8 flags 470 sz 0x100000 -> kr 0x00000000 rid 123 GPUVA 0x100028b0000 cpu 109f58000
[mtlr]   out: 00000100028b0000 0000000109f58000 000000010105dc40 0000000000000000
[mtlr]   out: 0000007b00000000 0000000000100000 0000000011082113 00000000000072aa
[uatrec] S4 r6 victim[4] rid 123 gpuva 0x100028b0000 cpu 0x109f58000 (top-of-stack)
[mtlr] resource2 sel8 flags 470 sz 0x100000 -> kr 0x00000000 rid 124 GPUVA 0x100029b8000 cpu 10a058000
[mtlr]   out: 00000100029b8000 000000010a058000 000000010105dd00 0000000000000000
[mtlr]   out: 0000007c00000000 0000000000100000 000000001108211b 00000000000072ab
[uatrec] S4 r6 victim[5] rid 124 gpuva 0x100029b8000 cpu 0x10a058000 (top-of-stack)
[mtlr] resource2 sel8 flags 470 sz 0x100000 -> kr 0x00000000 rid 125 GPUVA 0x10002ac0000 cpu 10a164000
[mtlr]   out: 0000010002ac0000 000000010a164000 000000010105ddc0 0000000000000000
[mtlr]   out: 0000007d00000000 0000000000100000 000000001108211c 00000000000072ac
[uatrec] S4 r6 victim[6] rid 125 gpuva 0x10002ac0000 cpu 0x10a164000 (top-of-stack)
[mtlr] resource2 sel8 flags 470 sz 0x100000 -> kr 0x00000000 rid 126 GPUVA 0x10002bc8000 cpu 10a364000
[mtlr]   out: 0000010002bc8000 000000010a364000 000000010105de80 0000000000000000
[mtlr]   out: 0000007e00000000 0000000000100000 000000001108211d 00000000000072ad
[uatrec] S4 r6 victim[7] rid 126 gpuva 0x10002bc8000 cpu 0x10a364000 (top-of-stack)
[mtlr] resource2 sel8 flags 470 sz 0x1000 -> kr 0x00000000 rid 119 GPUVA 0x10002490000 cpu 10a544000
[mtlr]   out: 0000010002490000 000000010a544000 000000010105d940 0000000000000000
[mtlr]   out: 0000007700000000 0000000000004000 000000001108212f 00000000000072b7
[mtlr] resource2 sel8 flags 470 sz 0x1000 -> kr 0x00000000 rid 119 GPUVA 0x10002490000 cpu 10a544000
[mtlr]   out: 0000010002490000 000000010a544000 000000010105d940 0000000000000000
[mtlr]   out: 0000007700000000 0000000000004000 0000000011082130 00000000000072b8
[mtlr] resource2 sel8 flags 470 sz 0x1000 -> kr 0x00000000 rid 119 GPUVA 0x10002490000 cpu 10a544000
[mtlr]   out: 0000010002490000 000000010a544000 000000010105d940 0000000000000000
[mtlr]   out: 0000007700000000 0000000000004000 0000000011082131 00000000000072b9
[mtlr] resource2 sel8 flags 470 sz 0x1000 -> kr 0x00000000 rid 119 GPUVA 0x10002490000 cpu 10a544000
[mtlr]   out: 0000010002490000 000000010a544000 000000010105d940 0000000000000000
[mtlr]   out: 0000007700000000 0000000000004000 0000000011082132 00000000000072ba
[mtlr] resource2 sel8 flags 470 sz 0x1000 -> kr 0x00000000 rid 119 GPUVA 0x10002490000 cpu 10a544000
[mtlr]   out: 0000010002490000 000000010a544000 000000010105d940 0000000000000000
[mtlr]   out: 0000007700000000 0000000000004000 0000000011082133 00000000000072bb
[mtlr] resource2 sel8 flags 470 sz 0x1000 -> kr 0x00000000 rid 119 GPUVA 0x10002490000 cpu 10a544000
[mtlr]   out: 0000010002490000 000000010a544000 000000010105d940 0000000000000000
[mtlr]   out: 0000007700000000 0000000000004000 0000000011082134 00000000000072bc
[mtlr] resource2 sel8 flags 470 sz 0x1000 -> kr 0x00000000 rid 119 GPUVA 0x10002490000 cpu 10a544000
[mtlr]   out: 0000010002490000 000000010a544000 000000010105d940 0000000000000000
[mtlr]   out: 0000007700000000 0000000000004000 0000000011082135 00000000000072bd
[mtlr] resource2 sel8 flags 470 sz 0x1000 -> kr 0x00000000 rid 119 GPUVA 0x10002490000 cpu 10a544000
[mtlr]   out: 0000010002490000 000000010a544000 000000010105d940 0000000000000000
[mtlr]   out: 0000007700000000 0000000000004000 0000000011082136 00000000000072be
[mtlr] resource2 sel8 flags 470 sz 0x1000 -> kr 0x00000000 rid 119 GPUVA 0x10002490000 cpu 10a544000
[mtlr]   out: 0000010002490000 000000010a544000 000000010105d940 0000000000000000
[mtlr]   out: 0000007700000000 0000000000004000 0000000011082137 00000000000072bf
[mtlr] resource2 sel8 flags 470 sz 0x1000 -> kr 0x00000000 rid 119 GPUVA 0x10002490000 cpu 10a544000
[mtlr]   out: 0000010002490000 000000010a544000 000000010105d940 0000000000000000
[mtlr]   out: 0000007700000000 0000000000004000 0000000011082138 00000000000072c0
[mtlr] resource2 sel8 flags 470 sz 0x1000 -> kr 0x00000000 rid 119 GPUVA 0x10002490000 cpu 10a544000
[mtlr]   out: 0000010002490000 000000010a544000 000000010105d940 0000000000000000
[mtlr]   out: 0000007700000000 0000000000004000 0000000011082139 00000000000072c1
[mtlr] resource2 sel8 flags 470 sz 0x1000 -> kr 0x00000000 rid 119 GPUVA 0x10002490000 cpu 10a544000
[mtlr]   out: 0000010002490000 000000010a544000 000000010105d940 0000000000000000
[mtlr]   out: 0000007700000000 0000000000004000 000000001108213a 00000000000072c2
[mtlr] resource2 sel8 flags 470 sz 0x1000 -> kr 0x00000000 rid 119 GPUVA 0x10002490000 cpu 10a544000
[mtlr]   out: 0000010002490000 000000010a544000 000000010105d940 0000000000000000
[mtlr]   out: 0000007700000000 0000000000004000 000000001108213b 00000000000072c3
[mtlr] resource2 sel8 flags 470 sz 0x1000 -> kr 0x00000000 rid 119 GPUVA 0x10002490000 cpu 10a544000
[mtlr]   out: 0000010002490000 000000010a544000 000000010105d940 0000000000000000
[mtlr]   out: 0000007700000000 0000000000004000 000000001108213c 00000000000072c4
[mtlr] resource2 sel8 flags 470 sz 0x1000 -> kr 0x00000000 rid 119 GPUVA 0x10002490000 cpu 10a544000
[mtlr]   out: 0000010002490000 000000010a544000 000000010105d940 0000000000000000
[mtlr]   out: 0000007700000000 0000000000004000 000000001108213d 00000000000072c5
[mtlr] resource2 sel8 flags 470 sz 0x1000 -> kr 0x00000000 rid 119 GPUVA 0x10002490000 cpu 10a544000
[mtlr]   out: 0000010002490000 000000010a544000 000000010105d940 0000000000000000
[mtlr]   out: 0000007700000000 0000000000004000 000000001108213e 00000000000072c6
[mtlr] resource2 sel8 flags 470 sz 0x1000 -> kr 0x00000000 rid 119 GPUVA 0x10002490000 cpu 10a544000
[mtlr]   out: 0000010002490000 000000010a544000 000000010105d940 0000000000000000
[mtlr]   out: 0000007700000000 0000000000004000 000000001108213f 00000000000072c7
[mtlr] resource2 sel8 flags 470 sz 0x1000 -> kr 0x00000000 rid 119 GPUVA 0x10002490000 cpu 10a544000
[mtlr]   out: 0000010002490000 000000010a544000 000000010105d940 0000000000000000
[mtlr]   out: 0000007700000000 0000000000004000 0000000011082140 00000000000072c8
[mtlr] resource2 sel8 flags 470 sz 0x1000 -> kr 0x00000000 rid 119 GPUVA 0x10002490000 cpu 10a544000
[mtlr]   out: 0000010002490000 000000010a544000 000000010105d940 0000000000000000
[mtlr]   out: 0000007700000000 0000000000004000 0000000011082141 00000000000072c9
[mtlr] resource2 sel8 flags 470 sz 0x1000 -> kr 0x00000000 rid 119 GPUVA 0x10002490000 cpu 10a544000
[mtlr]   out: 0000010002490000 000000010a544000 000000010105d940 0000000000000000
[mtlr]   out: 0000007700000000 0000000000004000 0000000011082142 00000000000072ca
[mtlr] resource2 sel8 flags 470 sz 0x1000 -> kr 0x00000000 rid 119 GPUVA 0x10002490000 cpu 10a544000
[mtlr]   out: 0000010002490000 000000010a544000 000000010105d940 0000000000000000
[mtlr]   out: 0000007700000000 0000000000004000 0000000011082143 00000000000072cb
[mtlr] resource2 sel8 flags 470 sz 0x1000 -> kr 0x00000000 rid 119 GPUVA 0x10002490000 cpu 10a544000
[mtlr]   out: 0000010002490000 000000010a544000 000000010105d940 0000000000000000
[mtlr]   out: 0000007700000000 0000000000004000 0000000011082144 00000000000072cc
[mtlr] resource2 sel8 flags 470 sz 0x1000 -> kr 0x00000000 rid 119 GPUVA 0x10002490000 cpu 10a544000
[mtlr]   out: 0000010002490000 000000010a544000 000000010105d940 0000000000000000
[mtlr]   out: 0000007700000000 0000000000004000 0000000011082147 00000000000072cd
[mtlr] resource2 sel8 flags 470 sz 0x1000 -> kr 0x00000000 rid 119 GPUVA 0x10002490000 cpu 10a544000
[mtlr]   out: 0000010002490000 000000010a544000 000000010105d940 0000000000000000
[mtlr]   out: 0000007700000000 0000000000004000 0000000011082148 00000000000072ce
[mtlr] resource2 sel8 flags 470 sz 0x1000 -> kr 0x00000000 rid 119 GPUVA 0x10002490000 cpu 10a544000
[mtlr]   out: 0000010002490000 000000010a544000 000000010105d940 0000000000000000
[mtlr]   out: 0000007700000000 0000000000004000 000000001108214e 00000000000072cf
[mtlr] resource2 sel8 flags 470 sz 0x1000 -> kr 0x00000000 rid 119 GPUVA 0x10002490000 cpu 10a544000
[mtlr]   out: 0000010002490000 000000010a544000 000000010105d940 0000000000000000
[mtlr]   out: 0000007700000000 0000000000004000 0000000011082154 00000000000072d0
[mtlr] resource2 sel8 flags 470 sz 0x1000 -> kr 0x00000000 rid 119 GPUVA 0x10002490000 cpu 10a544000
[mtlr]   out: 0000010002490000 000000010a544000 000000010105d940 0000000000000000
[mtlr]   out: 0000007700000000 0000000000004000 000000001108215a 00000000000072d1
[mtlr] resource2 sel8 flags 470 sz 0x1000 -> kr 0x00000000 rid 119 GPUVA 0x10002490000 cpu 10a544000
[mtlr]   out: 0000010002490000 000000010a544000 000000010105d940 0000000000000000
[mtlr]   out: 0000007700000000 0000000000004000 000000001108215c 00000000000072d2
[mtlr] resource2 sel8 flags 470 sz 0x1000 -> kr 0x00000000 rid 119 GPUVA 0x10002490000 cpu 10a544000
[mtlr]   out: 0000010002490000 000000010a544000 000000010105d940 0000000000000000
[mtlr]   out: 0000007700000000 0000000000004000 000000001108215d 00000000000072d3
[mtlr] resource2 sel8 flags 470 sz 0x1000 -> kr 0x00000000 rid 119 GPUVA 0x10002490000 cpu 10a544000
[mtlr]   out: 0000010002490000 000000010a544000 000000010105d940 0000000000000000
[mtlr]   out: 0000007700000000 0000000000004000 000000001108215e 00000000000072d4
[mtlr] resource2 sel8 flags 470 sz 0x1000 -> kr 0x00000000 rid 119 GPUVA 0x10002490000 cpu 10a544000
[mtlr]   out: 0000010002490000 000000010a544000 000000010105d940 0000000000000000
[mtlr]   out: 0000007700000000 0000000000004000 000000001108215f 00000000000072d5
[mtlr] resource2 sel8 flags 470 sz 0x1000 -> kr 0x00000000 rid 119 GPUVA 0x10002490000 cpu 10a544000
[mtlr]   out: 0000010002490000 000000010a544000 000000010105d940 0000000000000000
[mtlr]   out: 0000007700000000 0000000000004000 0000000011082160 00000000000072d6
[mtlr] resource2 sel8 flags 470 sz 0x1000 -> kr 0x00000000 rid 119 GPUVA 0x10002490000 cpu 10a544000
[mtlr]   out: 0000010002490000 000000010a544000 000000010105d940 0000000000000000
[mtlr]   out: 0000007700000000 0000000000004000 0000000011082161 00000000000072d7
[mtlr] resource2 sel8 flags 470 sz 0x1000 -> kr 0x00000000 rid 119 GPUVA 0x10002490000 cpu 10a544000
[mtlr]   out: 0000010002490000 000000010a544000 000000010105d940 0000000000000000
[mtlr]   out: 0000007700000000 0000000000004000 0000000011082162 00000000000072d8
[mtlr] resource2 sel8 flags 470 sz 0x1000 -> kr 0x00000000 rid 119 GPUVA 0x10002490000 cpu 10a544000
[mtlr]   out: 0000010002490000 000000010a544000 000000010105d940 0000000000000000
[mtlr]   out: 0000007700000000 0000000000004000 0000000011082163 00000000000072d9
[mtlr] resource2 sel8 flags 470 sz 0x1000 -> kr 0x00000000 rid 119 GPUVA 0x10002490000 cpu 10a544000
[mtlr]   out: 0000010002490000 000000010a544000 000000010105d940 0000000000000000
[mtlr]   out: 0000007700000000 0000000000004000 0000000011082164 00000000000072da
[mtlr] resource2 sel8 flags 470 sz 0x1000 -> kr 0x00000000 rid 119 GPUVA 0x10002490000 cpu 10a544000
[mtlr]   out: 0000010002490000 000000010a544000 000000010105d940 0000000000000000
[mtlr]   out: 0000007700000000 0000000000004000 0000000011082165 00000000000072db
[mtlr] resource2 sel8 flags 470 sz 0x1000 -> kr 0x00000000 rid 119 GPUVA 0x10002490000 cpu 10a544000
[mtlr]   out: 0000010002490000 000000010a544000 000000010105d940 0000000000000000
[mtlr]   out: 0000007700000000 0000000000004000 0000000011082166 00000000000072dc
[mtlr] resource2 sel8 flags 470 sz 0x1000 -> kr 0x00000000 rid 119 GPUVA 0x10002490000 cpu 10a544000
[mtlr]   out: 0000010002490000 000000010a544000 000000010105d940 0000000000000000
[mtlr]   out: 0000007700000000 0000000000004000 0000000011082167 00000000000072dd
[mtlr] resource2 sel8 flags 470 sz 0x1000 -> kr 0x00000000 rid 119 GPUVA 0x10002490000 cpu 10a544000
[mtlr]   out: 0000010002490000 000000010a544000 000000010105d940 0000000000000000
[mtlr]   out: 0000007700000000 0000000000004000 0000000011082168 00000000000072de
[uatrec] S4 r6 (+0s): nvv 8 ncb 8 vsz 0x100000 fill 0x0 destroy0 kr 0x00000000 nj 40
[uatrec] S4 r6 blit[0] slots 7 ridp 1
[uatrec] S4 r6 blit[1] slots 7 ridp 1
[uatrec] S4 r6 blit[2] slots 7 ridp 1
[uatrec] S4 r6 blit[3] slots 7 ridp 1
[uatrec] S4 r6 blit[4] slots 7 ridp 1
[uatrec] S4 r6 blit[5] slots 8 ridp 1
[uatrec] S4 r6 blit[6] slots 7 ridp 1
[uatrec] S4 r6 blit[7] slots 8 ridp 1
[mtlr] resource2 sel8 flags 470 sz 0x100000 -> kr 0x00000000 rid 119 GPUVA 0x10002490000 cpu 109d58000
[mtlr]   out: 0000010002490000 0000000109d58000 000000010105d940 0000000000000000
[mtlr]   out: 0000007700000000 0000000000100000 00000000110821a2 00000000000072e1
[uatrec] S4 r7 victim[0] rid 119 gpuva 0x10002490000 cpu 0x109d58000 (top-of-stack)
[mtlr] resource2 sel8 flags 470 sz 0x100000 -> kr 0x00000000 rid 120 GPUVA 0x10002598000 cpu 109e58000
[mtlr]   out: 0000010002598000 0000000109e58000 000000010105da00 0000000000000000
[mtlr]   out: 0000007800000000 0000000000100000 00000000110821a3 00000000000072e2
[uatrec] S4 r7 victim[1] rid 120 gpuva 0x10002598000 cpu 0x109e58000 (top-of-stack)
[mtlr] resource2 sel8 flags 470 sz 0x100000 -> kr 0x00000000 rid 121 GPUVA 0x100026a0000 cpu 109f58000
[mtlr]   out: 00000100026a0000 0000000109f58000 000000010105dac0 0000000000000000
[mtlr]   out: 0000007900000000 0000000000100000 00000000110821a4 00000000000072e3
[uatrec] S4 r7 victim[2] rid 121 gpuva 0x100026a0000 cpu 0x109f58000 (top-of-stack)
[mtlr] resource2 sel8 flags 470 sz 0x100000 -> kr 0x00000000 rid 122 GPUVA 0x100027a8000 cpu 10a058000
[mtlr]   out: 00000100027a8000 000000010a058000 000000010105db80 0000000000000000
[mtlr]   out: 0000007a00000000 0000000000100000 00000000110821a5 00000000000072e4
[uatrec] S4 r7 victim[3] rid 122 gpuva 0x100027a8000 cpu 0x10a058000 (top-of-stack)
[mtlr] resource2 sel8 flags 470 sz 0x100000 -> kr 0x00000000 rid 123 GPUVA 0x100028b0000 cpu 10a164000
[mtlr]   out: 00000100028b0000 000000010a164000 000000010105dc40 0000000000000000
[mtlr]   out: 0000007b00000000 0000000000100000 00000000110821a6 00000000000072e5
[uatrec] S4 r7 victim[4] rid 123 gpuva 0x100028b0000 cpu 0x10a164000 (top-of-stack)
[mtlr] resource2 sel8 flags 470 sz 0x100000 -> kr 0x00000000 rid 124 GPUVA 0x100029b8000 cpu 10a264000
[mtlr]   out: 00000100029b8000 000000010a264000 000000010105dd00 0000000000000000
[mtlr]   out: 0000007c00000000 0000000000100000 00000000110821ae 00000000000072e6
[uatrec] S4 r7 victim[5] rid 124 gpuva 0x100029b8000 cpu 0x10a264000 (top-of-stack)
[mtlr] resource2 sel8 flags 470 sz 0x100000 -> kr 0x00000000 rid 125 GPUVA 0x10002ac0000 cpu 10a364000
[mtlr]   out: 0000010002ac0000 000000010a364000 000000010105ddc0 0000000000000000
[mtlr]   out: 0000007d00000000 0000000000100000 00000000110821af 00000000000072e7
[uatrec] S4 r7 victim[6] rid 125 gpuva 0x10002ac0000 cpu 0x10a364000 (top-of-stack)
[mtlr] resource2 sel8 flags 470 sz 0x100000 -> kr 0x00000000 rid 126 GPUVA 0x10002bc8000 cpu 10a5c0000
[mtlr]   out: 0000010002bc8000 000000010a5c0000 000000010105de80 0000000000000000
[mtlr]   out: 0000007e00000000 0000000000100000 00000000110821b0 00000000000072e8
[uatrec] S4 r7 victim[7] rid 126 gpuva 0x10002bc8000 cpu 0x10a5c0000 (top-of-stack)
[mtlr] resource2 sel8 flags 470 sz 0x1000 -> kr 0x00000000 rid 119 GPUVA 0x10002490000 cpu 10a544000
[mtlr]   out: 0000010002490000 000000010a544000 000000010105d940 0000000000000000
[mtlr]   out: 0000007700000000 0000000000004000 00000000110821d4 00000000000072f2
[mtlr] resource2 sel8 flags 470 sz 0x1000 -> kr 0x00000000 rid 119 GPUVA 0x10002490000 cpu 10a544000
[mtlr]   out: 0000010002490000 000000010a544000 000000010105d940 0000000000000000
[mtlr]   out: 0000007700000000 0000000000004000 00000000110821d5 00000000000072f3
[mtlr] resource2 sel8 flags 470 sz 0x1000 -> kr 0x00000000 rid 119 GPUVA 0x10002490000 cpu 10a544000
[mtlr]   out: 0000010002490000 000000010a544000 000000010105d940 0000000000000000
[mtlr]   out: 0000007700000000 0000000000004000 00000000110821d6 00000000000072f4
[mtlr] resource2 sel8 flags 470 sz 0x1000 -> kr 0x00000000 rid 119 GPUVA 0x10002490000 cpu 10a544000
[mtlr]   out: 0000010002490000 000000010a544000 000000010105d940 0000000000000000
[mtlr]   out: 0000007700000000 0000000000004000 00000000110821d7 00000000000072f5
[mtlr] resource2 sel8 flags 470 sz 0x1000 -> kr 0x00000000 rid 119 GPUVA 0x10002490000 cpu 10a544000
[mtlr]   out: 0000010002490000 000000010a544000 000000010105d940 0000000000000000
[mtlr]   out: 0000007700000000 0000000000004000 00000000110821d8 00000000000072f6
[mtlr] resource2 sel8 flags 470 sz 0x1000 -> kr 0x00000000 rid 119 GPUVA 0x10002490000 cpu 10a544000
[mtlr]   out: 0000010002490000 000000010a544000 000000010105d940 0000000000000000
[mtlr]   out: 0000007700000000 0000000000004000 00000000110821d9 00000000000072f7
[mtlr] resource2 sel8 flags 470 sz 0x1000 -> kr 0x00000000 rid 119 GPUVA 0x10002490000 cpu 10a544000
[mtlr]   out: 0000010002490000 000000010a544000 000000010105d940 0000000000000000
[mtlr]   out: 0000007700000000 0000000000004000 00000000110821da 00000000000072f8
[mtlr] resource2 sel8 flags 470 sz 0x1000 -> kr 0x00000000 rid 119 GPUVA 0x10002490000 cpu 10a544000
[mtlr]   out: 0000010002490000 000000010a544000 000000010105d940 0000000000000000
[mtlr]   out: 0000007700000000 0000000000004000 00000000110821db 00000000000072f9
[mtlr] resource2 sel8 flags 470 sz 0x1000 -> kr 0x00000000 rid 119 GPUVA 0x10002490000 cpu 10a544000
[mtlr]   out: 0000010002490000 000000010a544000 000000010105d940 0000000000000000
[mtlr]   out: 0000007700000000 0000000000004000 00000000110821dc 00000000000072fa
[mtlr] resource2 sel8 flags 470 sz 0x1000 -> kr 0x00000000 rid 119 GPUVA 0x10002490000 cpu 10a544000
[mtlr]   out: 0000010002490000 000000010a544000 000000010105d940 0000000000000000
[mtlr]   out: 0000007700000000 0000000000004000 00000000110821dd 00000000000072fb
[mtlr] resource2 sel8 flags 470 sz 0x1000 -> kr 0x00000000 rid 119 GPUVA 0x10002490000 cpu 10a544000
[mtlr]   out: 0000010002490000 000000010a544000 000000010105d940 0000000000000000
[mtlr]   out: 0000007700000000 0000000000004000 00000000110821de 00000000000072fc
[mtlr] resource2 sel8 flags 470 sz 0x1000 -> kr 0x00000000 rid 119 GPUVA 0x10002490000 cpu 10a544000
[mtlr]   out: 0000010002490000 000000010a544000 000000010105d940 0000000000000000
[mtlr]   out: 0000007700000000 0000000000004000 00000000110821df 00000000000072fd
[mtlr] resource2 sel8 flags 470 sz 0x1000 -> kr 0x00000000 rid 119 GPUVA 0x10002490000 cpu 10a544000
[mtlr]   out: 0000010002490000 000000010a544000 000000010105d940 0000000000000000
[mtlr]   out: 0000007700000000 0000000000004000 00000000110821e0 00000000000072fe
[mtlr] resource2 sel8 flags 470 sz 0x1000 -> kr 0x00000000 rid 119 GPUVA 0x10002490000 cpu 10a544000
[mtlr]   out: 0000010002490000 000000010a544000 000000010105d940 0000000000000000
[mtlr]   out: 0000007700000000 0000000000004000 00000000110821e1 00000000000072ff
[mtlr] resource2 sel8 flags 470 sz 0x1000 -> kr 0x00000000 rid 119 GPUVA 0x10002490000 cpu 10a544000
[mtlr]   out: 0000010002490000 000000010a544000 000000010105d940 0000000000000000
[mtlr]   out: 0000007700000000 0000000000004000 00000000110821e2 0000000000007300
[mtlr] resource2 sel8 flags 470 sz 0x1000 -> kr 0x00000000 rid 119 GPUVA 0x10002490000 cpu 10a544000
[mtlr]   out: 0000010002490000 000000010a544000 000000010105d940 0000000000000000
[mtlr]   out: 0000007700000000 0000000000004000 00000000110821e3 0000000000007301
[mtlr] resource2 sel8 flags 470 sz 0x1000 -> kr 0x00000000 rid 119 GPUVA 0x10002490000 cpu 10a544000
[mtlr]   out: 0000010002490000 000000010a544000 000000010105d940 0000000000000000
[mtlr]   out: 0000007700000000 0000000000004000 00000000110821e4 0000000000007302
[mtlr] resource2 sel8 flags 470 sz 0x1000 -> kr 0x00000000 rid 119 GPUVA 0x10002490000 cpu 10a544000
[mtlr]   out: 0000010002490000 000000010a544000 000000010105d940 0000000000000000
[mtlr]   out: 0000007700000000 0000000000004000 00000000110821e5 0000000000007303
[mtlr] resource2 sel8 flags 470 sz 0x1000 -> kr 0x00000000 rid 119 GPUVA 0x10002490000 cpu 10a544000
[mtlr]   out: 0000010002490000 000000010a544000 000000010105d940 0000000000000000
[mtlr]   out: 0000007700000000 0000000000004000 00000000110821e6 0000000000007304
[mtlr] resource2 sel8 flags 470 sz 0x1000 -> kr 0x00000000 rid 119 GPUVA 0x10002490000 cpu 10a544000
[mtlr]   out: 0000010002490000 000000010a544000 000000010105d940 0000000000000000
[mtlr]   out: 0000007700000000 0000000000004000 00000000110821e7 0000000000007305
[mtlr] resource2 sel8 flags 470 sz 0x1000 -> kr 0x00000000 rid 119 GPUVA 0x10002490000 cpu 10a544000
[mtlr]   out: 0000010002490000 000000010a544000 000000010105d940 0000000000000000
[mtlr]   out: 0000007700000000 0000000000004000 00000000110821e8 0000000000007306
[mtlr] resource2 sel8 flags 470 sz 0x1000 -> kr 0x00000000 rid 119 GPUVA 0x10002490000 cpu 10a544000
[mtlr]   out: 0000010002490000 000000010a544000 000000010105d940 0000000000000000
[mtlr]   out: 0000007700000000 0000000000004000 00000000110821e9 0000000000007307
[mtlr] resource2 sel8 flags 470 sz 0x1000 -> kr 0x00000000 rid 119 GPUVA 0x10002490000 cpu 10a544000
[mtlr]   out: 0000010002490000 000000010a544000 000000010105d940 0000000000000000
[mtlr]   out: 0000007700000000 0000000000004000 00000000110821ea 0000000000007308
[mtlr] resource2 sel8 flags 470 sz 0x1000 -> kr 0x00000000 rid 119 GPUVA 0x10002490000 cpu 10a544000
[mtlr]   out: 0000010002490000 000000010a544000 000000010105d940 0000000000000000
[mtlr]   out: 0000007700000000 0000000000004000 00000000110821eb 0000000000007309
[mtlr] resource2 sel8 flags 470 sz 0x1000 -> kr 0x00000000 rid 119 GPUVA 0x10002490000 cpu 10a544000
[mtlr]   out: 0000010002490000 000000010a544000 000000010105d940 0000000000000000
[mtlr]   out: 0000007700000000 0000000000004000 00000000110821ec 000000000000730a
[mtlr] resource2 sel8 flags 470 sz 0x1000 -> kr 0x00000000 rid 119 GPUVA 0x10002490000 cpu 10a544000
[mtlr]   out: 0000010002490000 000000010a544000 000000010105d940 0000000000000000
[mtlr]   out: 0000007700000000 0000000000004000 00000000110821ed 000000000000730b
[mtlr] resource2 sel8 flags 470 sz 0x1000 -> kr 0x00000000 rid 119 GPUVA 0x10002490000 cpu 10a544000
[mtlr]   out: 0000010002490000 000000010a544000 000000010105d940 0000000000000000
[mtlr]   out: 0000007700000000 0000000000004000 00000000110821ee 000000000000730c
[mtlr] resource2 sel8 flags 470 sz 0x1000 -> kr 0x00000000 rid 119 GPUVA 0x10002490000 cpu 10a544000
[mtlr]   out: 0000010002490000 000000010a544000 000000010105d940 0000000000000000
[mtlr]   out: 0000007700000000 0000000000004000 00000000110821ef 000000000000730d
[mtlr] resource2 sel8 flags 470 sz 0x1000 -> kr 0x00000000 rid 119 GPUVA 0x10002490000 cpu 10a544000
[mtlr]   out: 0000010002490000 000000010a544000 000000010105d940 0000000000000000
[mtlr]   out: 0000007700000000 0000000000004000 00000000110821f0 000000000000730e
[mtlr] resource2 sel8 flags 470 sz 0x1000 -> kr 0x00000000 rid 119 GPUVA 0x10002490000 cpu 10a544000
[mtlr]   out: 0000010002490000 000000010a544000 000000010105d940 0000000000000000
[mtlr]   out: 0000007700000000 0000000000004000 00000000110821f1 000000000000730f
[mtlr] resource2 sel8 flags 470 sz 0x1000 -> kr 0x00000000 rid 119 GPUVA 0x10002490000 cpu 10a544000
[mtlr]   out: 0000010002490000 000000010a544000 000000010105d940 0000000000000000
[mtlr]   out: 0000007700000000 0000000000004000 00000000110821f2 0000000000007310
[mtlr] resource2 sel8 flags 470 sz 0x1000 -> kr 0x00000000 rid 119 GPUVA 0x10002490000 cpu 10a544000
[mtlr]   out: 0000010002490000 000000010a544000 000000010105d940 0000000000000000
[mtlr]   out: 0000007700000000 0000000000004000 00000000110821f3 0000000000007311
[mtlr] resource2 sel8 flags 470 sz 0x1000 -> kr 0x00000000 rid 119 GPUVA 0x10002490000 cpu 10a544000
[mtlr]   out: 0000010002490000 000000010a544000 000000010105d940 0000000000000000
[mtlr]   out: 0000007700000000 0000000000004000 00000000110821f4 0000000000007312
[mtlr] resource2 sel8 flags 470 sz 0x1000 -> kr 0x00000000 rid 119 GPUVA 0x10002490000 cpu 10a544000
[mtlr]   out: 0000010002490000 000000010a544000 000000010105d940 0000000000000000
[mtlr]   out: 0000007700000000 0000000000004000 00000000110821f5 0000000000007313
[mtlr] resource2 sel8 flags 470 sz 0x1000 -> kr 0x00000000 rid 119 GPUVA 0x10002490000 cpu 10a544000
[mtlr]   out: 0000010002490000 000000010a544000 000000010105d940 0000000000000000
[mtlr]   out: 0000007700000000 0000000000004000 00000000110821f6 0000000000007314
[mtlr] resource2 sel8 flags 470 sz 0x1000 -> kr 0x00000000 rid 119 GPUVA 0x10002490000 cpu 10a544000
[mtlr]   out: 0000010002490000 000000010a544000 000000010105d940 0000000000000000
[mtlr]   out: 0000007700000000 0000000000004000 00000000110821f7 0000000000007315
[mtlr] resource2 sel8 flags 470 sz 0x1000 -> kr 0x00000000 rid 119 GPUVA 0x10002490000 cpu 10a544000
[mtlr]   out: 0000010002490000 000000010a544000 000000010105d940 0000000000000000
[mtlr]   out: 0000007700000000 0000000000004000 00000000110821f8 0000000000007316
[mtlr] resource2 sel8 flags 470 sz 0x1000 -> kr 0x00000000 rid 119 GPUVA 0x10002490000 cpu 10a544000
[mtlr]   out: 0000010002490000 000000010a544000 000000010105d940 0000000000000000
[mtlr]   out: 0000007700000000 0000000000004000 00000000110821f9 0000000000007317
[mtlr] resource2 sel8 flags 470 sz 0x1000 -> kr 0x00000000 rid 119 GPUVA 0x10002490000 cpu 10a544000
[mtlr]   out: 0000010002490000 000000010a544000 000000010105d940 0000000000000000
[mtlr]   out: 0000007700000000 0000000000004000 00000000110821fa 0000000000007318
[mtlr] resource2 sel8 flags 470 sz 0x1000 -> kr 0x00000000 rid 119 GPUVA 0x10002490000 cpu 10a544000
[mtlr]   out: 0000010002490000 000000010a544000 000000010105d940 0000000000000000
[mtlr]   out: 0000007700000000 0000000000004000 00000000110821fb 0000000000007319
[uatrec] S4 r7 (+0s): nvv 8 ncb 8 vsz 0x100000 fill 0x0 destroy0 kr 0x00000000 nj 40
[uatrec] S4 r7 blit[0] slots 7 ridp 1
[uatrec] S4 r7 blit[1] slots 8 ridp 1
[uatrec] S4 r7 blit[2] slots 7 ridp 1
[uatrec] S4 r7 blit[3] slots 7 ridp 1
[uatrec] S4 r7 blit[4] slots 7 ridp 1
[uatrec] S4 r7 blit[5] slots 7 ridp 1
[uatrec] S4 r7 blit[6] slots 7 ridp 1
[uatrec] S4 r7 blit[7] slots 7 ridp 1
[mtlr] resource2 sel8 flags 470 sz 0x100000 -> kr 0x00000000 rid 119 GPUVA 0x10002490000 cpu 10a730000
[mtlr]   out: 0000010002490000 000000010a730000 000000010105d940 0000000000000000
[mtlr]   out: 0000007700000000 0000000000100000 0000000011082247 000000000000731c
[uatrec] S4 r8 victim[0] rid 119 gpuva 0x10002490000 cpu 0x10a730000 (top-of-stack)
[mtlr] resource2 sel8 flags 470 sz 0x100000 -> kr 0x00000000 rid 120 GPUVA 0x10002598000 cpu 10a830000
[mtlr]   out: 0000010002598000 000000010a830000 000000010105da00 0000000000000000
[mtlr]   out: 0000007800000000 0000000000100000 0000000011082248 000000000000731d
[uatrec] S4 r8 victim[1] rid 120 gpuva 0x10002598000 cpu 0x10a830000 (top-of-stack)
[mtlr] resource2 sel8 flags 470 sz 0x100000 -> kr 0x00000000 rid 121 GPUVA 0x100026a0000 cpu 10a9a0000
[mtlr]   out: 00000100026a0000 000000010a9a0000 000000010105dac0 0000000000000000
[mtlr]   out: 0000007900000000 0000000000100000 0000000011082249 000000000000731e
[uatrec] S4 r8 victim[2] rid 121 gpuva 0x100026a0000 cpu 0x10a9a0000 (top-of-stack)
[mtlr] resource2 sel8 flags 470 sz 0x100000 -> kr 0x00000000 rid 122 GPUVA 0x100027a8000 cpu 10aaa0000
[mtlr]   out: 00000100027a8000 000000010aaa0000 000000010105db80 0000000000000000
[mtlr]   out: 0000007a00000000 0000000000100000 000000001108224a 000000000000731f
[uatrec] S4 r8 victim[3] rid 122 gpuva 0x100027a8000 cpu 0x10aaa0000 (top-of-stack)
[mtlr] resource2 sel8 flags 470 sz 0x100000 -> kr 0x00000000 rid 123 GPUVA 0x100028b0000 cpu 10b000000
[mtlr]   out: 00000100028b0000 000000010b000000 000000010105dc40 0000000000000000
[mtlr]   out: 0000007b00000000 0000000000100000 000000001108224b 0000000000007320
[uatrec] S4 r8 victim[4] rid 123 gpuva 0x100028b0000 cpu 0x10b000000 (top-of-stack)
[mtlr] resource2 sel8 flags 470 sz 0x100000 -> kr 0x00000000 rid 124 GPUVA 0x100029b8000 cpu 109d60000
[mtlr]   out: 00000100029b8000 0000000109d60000 000000010105dd00 0000000000000000
[mtlr]   out: 0000007c00000000 0000000000100000 000000001108224c 0000000000007321
[uatrec] S4 r8 victim[5] rid 124 gpuva 0x100029b8000 cpu 0x109d60000 (top-of-stack)
[mtlr] resource2 sel8 flags 470 sz 0x100000 -> kr 0x00000000 rid 125 GPUVA 0x10002ac0000 cpu 109e60000
[mtlr]   out: 0000010002ac0000 0000000109e60000 000000010105ddc0 0000000000000000
[mtlr]   out: 0000007d00000000 0000000000100000 000000001108224d 0000000000007322
[uatrec] S4 r8 victim[6] rid 125 gpuva 0x10002ac0000 cpu 0x109e60000 (top-of-stack)
[mtlr] resource2 sel8 flags 470 sz 0x100000 -> kr 0x00000000 rid 126 GPUVA 0x10002bc8000 cpu 109f60000
[mtlr]   out: 0000010002bc8000 0000000109f60000 000000010105de80 0000000000000000
[mtlr]   out: 0000007e00000000 0000000000100000 000000001108224e 0000000000007323
[uatrec] S4 r8 victim[7] rid 126 gpuva 0x10002bc8000 cpu 0x109f60000 (top-of-stack)
[mtlr] resource2 sel8 flags 470 sz 0x1000 -> kr 0x00000000 rid 119 GPUVA 0x10002490000 cpu 10a060000
[mtlr]   out: 0000010002490000 000000010a060000 000000010105d940 0000000000000000
[mtlr]   out: 0000007700000000 0000000000004000 0000000011082279 000000000000732d
[mtlr] resource2 sel8 flags 470 sz 0x1000 -> kr 0x00000000 rid 119 GPUVA 0x10002490000 cpu 10a060000
[mtlr]   out: 0000010002490000 000000010a060000 000000010105d940 0000000000000000
[mtlr]   out: 0000007700000000 0000000000004000 000000001108227a 000000000000732e
[mtlr] resource2 sel8 flags 470 sz 0x1000 -> kr 0x00000000 rid 119 GPUVA 0x10002490000 cpu 10a060000
[mtlr]   out: 0000010002490000 000000010a060000 000000010105d940 0000000000000000
[mtlr]   out: 0000007700000000 0000000000004000 000000001108227b 000000000000732f
[mtlr] resource2 sel8 flags 470 sz 0x1000 -> kr 0x00000000 rid 119 GPUVA 0x10002490000 cpu 10a060000
[mtlr]   out: 0000010002490000 000000010a060000 000000010105d940 0000000000000000
[mtlr]   out: 0000007700000000 0000000000004000 000000001108227c 0000000000007330
[mtlr] resource2 sel8 flags 470 sz 0x1000 -> kr 0x00000000 rid 119 GPUVA 0x10002490000 cpu 10a060000
[mtlr]   out: 0000010002490000 000000010a060000 000000010105d940 0000000000000000
[mtlr]   out: 0000007700000000 0000000000004000 000000001108227d 0000000000007331
[mtlr] resource2 sel8 flags 470 sz 0x1000 -> kr 0x00000000 rid 119 GPUVA 0x10002490000 cpu 10a060000
[mtlr]   out: 0000010002490000 000000010a060000 000000010105d940 0000000000000000
[mtlr]   out: 0000007700000000 0000000000004000 000000001108227e 0000000000007332
[mtlr] resource2 sel8 flags 470 sz 0x1000 -> kr 0x00000000 rid 119 GPUVA 0x10002490000 cpu 10a060000
[mtlr]   out: 0000010002490000 000000010a060000 000000010105d940 0000000000000000
[mtlr]   out: 0000007700000000 0000000000004000 000000001108227f 0000000000007333
[mtlr] resource2 sel8 flags 470 sz 0x1000 -> kr 0x00000000 rid 119 GPUVA 0x10002490000 cpu 10a060000
[mtlr]   out: 0000010002490000 000000010a060000 000000010105d940 0000000000000000
[mtlr]   out: 0000007700000000 0000000000004000 0000000011082280 0000000000007334
[mtlr] resource2 sel8 flags 470 sz 0x1000 -> kr 0x00000000 rid 119 GPUVA 0x10002490000 cpu 10a060000
[mtlr]   out: 0000010002490000 000000010a060000 000000010105d940 0000000000000000
[mtlr]   out: 0000007700000000 0000000000004000 0000000011082281 0000000000007335
[mtlr] resource2 sel8 flags 470 sz 0x1000 -> kr 0x00000000 rid 119 GPUVA 0x10002490000 cpu 10a060000
[mtlr]   out: 0000010002490000 000000010a060000 000000010105d940 0000000000000000
[mtlr]   out: 0000007700000000 0000000000004000 0000000011082282 0000000000007336
[mtlr] resource2 sel8 flags 470 sz 0x1000 -> kr 0x00000000 rid 119 GPUVA 0x10002490000 cpu 10a060000
[mtlr]   out: 0000010002490000 000000010a060000 000000010105d940 0000000000000000
[mtlr]   out: 0000007700000000 0000000000004000 0000000011082283 0000000000007337
[mtlr] resource2 sel8 flags 470 sz 0x1000 -> kr 0x00000000 rid 119 GPUVA 0x10002490000 cpu 10a060000
[mtlr]   out: 0000010002490000 000000010a060000 000000010105d940 0000000000000000
[mtlr]   out: 0000007700000000 0000000000004000 0000000011082284 0000000000007338
[mtlr] resource2 sel8 flags 470 sz 0x1000 -> kr 0x00000000 rid 119 GPUVA 0x10002490000 cpu 10a060000
[mtlr]   out: 0000010002490000 000000010a060000 000000010105d940 0000000000000000
[mtlr]   out: 0000007700000000 0000000000004000 0000000011082285 0000000000007339
[mtlr] resource2 sel8 flags 470 sz 0x1000 -> kr 0x00000000 rid 119 GPUVA 0x10002490000 cpu 10a060000
[mtlr]   out: 0000010002490000 000000010a060000 000000010105d940 0000000000000000
[mtlr]   out: 0000007700000000 0000000000004000 0000000011082286 000000000000733a
[mtlr] resource2 sel8 flags 470 sz 0x1000 -> kr 0x00000000 rid 119 GPUVA 0x10002490000 cpu 10a060000
[mtlr]   out: 0000010002490000 000000010a060000 000000010105d940 0000000000000000
[mtlr]   out: 0000007700000000 0000000000004000 0000000011082287 000000000000733b
[mtlr] resource2 sel8 flags 470 sz 0x1000 -> kr 0x00000000 rid 119 GPUVA 0x10002490000 cpu 10a060000
[mtlr]   out: 0000010002490000 000000010a060000 000000010105d940 0000000000000000
[mtlr]   out: 0000007700000000 0000000000004000 0000000011082288 000000000000733c
[mtlr] resource2 sel8 flags 470 sz 0x1000 -> kr 0x00000000 rid 119 GPUVA 0x10002490000 cpu 10a060000
[mtlr]   out: 0000010002490000 000000010a060000 000000010105d940 0000000000000000
[mtlr]   out: 0000007700000000 0000000000004000 0000000011082289 000000000000733d
[mtlr] resource2 sel8 flags 470 sz 0x1000 -> kr 0x00000000 rid 119 GPUVA 0x10002490000 cpu 10a060000
[mtlr]   out: 0000010002490000 000000010a060000 000000010105d940 0000000000000000
[mtlr]   out: 0000007700000000 0000000000004000 000000001108228a 000000000000733e
[mtlr] resource2 sel8 flags 470 sz 0x1000 -> kr 0x00000000 rid 119 GPUVA 0x10002490000 cpu 10a060000
[mtlr]   out: 0000010002490000 000000010a060000 000000010105d940 0000000000000000
[mtlr]   out: 0000007700000000 0000000000004000 000000001108228b 000000000000733f
[mtlr] resource2 sel8 flags 470 sz 0x1000 -> kr 0x00000000 rid 119 GPUVA 0x10002490000 cpu 10a060000
[mtlr]   out: 0000010002490000 000000010a060000 000000010105d940 0000000000000000
[mtlr]   out: 0000007700000000 0000000000004000 000000001108228c 0000000000007340
[mtlr] resource2 sel8 flags 470 sz 0x1000 -> kr 0x00000000 rid 119 GPUVA 0x10002490000 cpu 10a060000
[mtlr]   out: 0000010002490000 000000010a060000 000000010105d940 0000000000000000
[mtlr]   out: 0000007700000000 0000000000004000 000000001108228d 0000000000007341
[mtlr] resource2 sel8 flags 470 sz 0x1000 -> kr 0x00000000 rid 119 GPUVA 0x10002490000 cpu 10a060000
[mtlr]   out: 0000010002490000 000000010a060000 000000010105d940 0000000000000000
[mtlr]   out: 0000007700000000 0000000000004000 000000001108228e 0000000000007342
[mtlr] resource2 sel8 flags 470 sz 0x1000 -> kr 0x00000000 rid 119 GPUVA 0x10002490000 cpu 10a060000
[mtlr]   out: 0000010002490000 000000010a060000 000000010105d940 0000000000000000
[mtlr]   out: 0000007700000000 0000000000004000 000000001108228f 0000000000007343
[mtlr] resource2 sel8 flags 470 sz 0x1000 -> kr 0x00000000 rid 119 GPUVA 0x10002490000 cpu 10a060000
[mtlr]   out: 0000010002490000 000000010a060000 000000010105d940 0000000000000000
[mtlr]   out: 0000007700000000 0000000000004000 0000000011082290 0000000000007344
[mtlr] resource2 sel8 flags 470 sz 0x1000 -> kr 0x00000000 rid 119 GPUVA 0x10002490000 cpu 10a060000
[mtlr]   out: 0000010002490000 000000010a060000 000000010105d940 0000000000000000
[mtlr]   out: 0000007700000000 0000000000004000 0000000011082291 0000000000007345
[mtlr] resource2 sel8 flags 470 sz 0x1000 -> kr 0x00000000 rid 119 GPUVA 0x10002490000 cpu 10a060000
[mtlr]   out: 0000010002490000 000000010a060000 000000010105d940 0000000000000000
[mtlr]   out: 0000007700000000 0000000000004000 0000000011082292 0000000000007346
[mtlr] resource2 sel8 flags 470 sz 0x1000 -> kr 0x00000000 rid 119 GPUVA 0x10002490000 cpu 10a060000
[mtlr]   out: 0000010002490000 000000010a060000 000000010105d940 0000000000000000
[mtlr]   out: 0000007700000000 0000000000004000 0000000011082293 0000000000007347
[mtlr] resource2 sel8 flags 470 sz 0x1000 -> kr 0x00000000 rid 119 GPUVA 0x10002490000 cpu 10a060000
[mtlr]   out: 0000010002490000 000000010a060000 000000010105d940 0000000000000000
[mtlr]   out: 0000007700000000 0000000000004000 0000000011082294 0000000000007348
[mtlr] resource2 sel8 flags 470 sz 0x1000 -> kr 0x00000000 rid 119 GPUVA 0x10002490000 cpu 10a060000
[mtlr]   out: 0000010002490000 000000010a060000 000000010105d940 0000000000000000
[mtlr]   out: 0000007700000000 0000000000004000 0000000011082295 0000000000007349
[mtlr] resource2 sel8 flags 470 sz 0x1000 -> kr 0x00000000 rid 119 GPUVA 0x10002490000 cpu 10a060000
[mtlr]   out: 0000010002490000 000000010a060000 000000010105d940 0000000000000000
[mtlr]   out: 0000007700000000 0000000000004000 0000000011082296 000000000000734a
[mtlr] resource2 sel8 flags 470 sz 0x1000 -> kr 0x00000000 rid 119 GPUVA 0x10002490000 cpu 10a060000
[mtlr]   out: 0000010002490000 000000010a060000 000000010105d940 0000000000000000
[mtlr]   out: 0000007700000000 0000000000004000 0000000011082297 000000000000734b
[mtlr] resource2 sel8 flags 470 sz 0x1000 -> kr 0x00000000 rid 119 GPUVA 0x10002490000 cpu 10a060000
[mtlr]   out: 0000010002490000 000000010a060000 000000010105d940 0000000000000000
[mtlr]   out: 0000007700000000 0000000000004000 0000000011082298 000000000000734c
[mtlr] resource2 sel8 flags 470 sz 0x1000 -> kr 0x00000000 rid 119 GPUVA 0x10002490000 cpu 10a060000
[mtlr]   out: 0000010002490000 000000010a060000 000000010105d940 0000000000000000
[mtlr]   out: 0000007700000000 0000000000004000 0000000011082299 000000000000734d
[mtlr] resource2 sel8 flags 470 sz 0x1000 -> kr 0x00000000 rid 119 GPUVA 0x10002490000 cpu 10a060000
[mtlr]   out: 0000010002490000 000000010a060000 000000010105d940 0000000000000000
[mtlr]   out: 0000007700000000 0000000000004000 000000001108229a 000000000000734e
[mtlr] resource2 sel8 flags 470 sz 0x1000 -> kr 0x00000000 rid 119 GPUVA 0x10002490000 cpu 10a060000
[mtlr]   out: 0000010002490000 000000010a060000 000000010105d940 0000000000000000
[mtlr]   out: 0000007700000000 0000000000004000 000000001108229b 000000000000734f
[mtlr] resource2 sel8 flags 470 sz 0x1000 -> kr 0x00000000 rid 119 GPUVA 0x10002490000 cpu 10a060000
[mtlr]   out: 0000010002490000 000000010a060000 000000010105d940 0000000000000000
[mtlr]   out: 0000007700000000 0000000000004000 000000001108229c 0000000000007350
[mtlr] resource2 sel8 flags 470 sz 0x1000 -> kr 0x00000000 rid 119 GPUVA 0x10002490000 cpu 10a060000
[mtlr]   out: 0000010002490000 000000010a060000 000000010105d940 0000000000000000
[mtlr]   out: 0000007700000000 0000000000004000 000000001108229d 0000000000007351
[mtlr] resource2 sel8 flags 470 sz 0x1000 -> kr 0x00000000 rid 119 GPUVA 0x10002490000 cpu 10a060000
[mtlr]   out: 0000010002490000 000000010a060000 000000010105d940 0000000000000000
[mtlr]   out: 0000007700000000 0000000000004000 000000001108229e 0000000000007352
[mtlr] resource2 sel8 flags 470 sz 0x1000 -> kr 0x00000000 rid 119 GPUVA 0x10002490000 cpu 10a060000
[mtlr]   out: 0000010002490000 000000010a060000 000000010105d940 0000000000000000
[mtlr]   out: 0000007700000000 0000000000004000 000000001108229f 0000000000007353
[mtlr] resource2 sel8 flags 470 sz 0x1000 -> kr 0x00000000 rid 119 GPUVA 0x10002490000 cpu 10a060000
[mtlr]   out: 0000010002490000 000000010a060000 000000010105d940 0000000000000000
[mtlr]   out: 0000007700000000 0000000000004000 00000000110822a0 0000000000007354
[uatrec] S4 r8 (+0s): nvv 8 ncb 8 vsz 0x100000 fill 0x0 destroy0 kr 0x00000000 nj 40
[uatrec] S4 r8 blit[0] slots 7 ridp 1
[uatrec] S4 r8 blit[1] slots 7 ridp 1
[uatrec] S4 r8 blit[2] slots 7 ridp 1
[uatrec] S4 r8 blit[3] slots 8 ridp 1
[uatrec] S4 r8 blit[4] slots 7 ridp 1
[uatrec] S4 r8 blit[5] slots 8 ridp 1
[uatrec] S4 r8 blit[6] slots 7 ridp 1
[uatrec] S4 r8 blit[7] slots 8 ridp 1
[mtlr] resource2 sel8 flags 470 sz 0x100000 -> kr 0x00000000 rid 119 GPUVA 0x10002490000 cpu 10a164000
[mtlr]   out: 0000010002490000 000000010a164000 000000010105d940 0000000000000000
[mtlr]   out: 0000007700000000 0000000000100000 00000000110822db 0000000000007357
[uatrec] S4 r9 victim[0] rid 119 gpuva 0x10002490000 cpu 0x10a164000 (top-of-stack)
[mtlr] resource2 sel8 flags 470 sz 0x100000 -> kr 0x00000000 rid 120 GPUVA 0x10002598000 cpu 10a264000
[mtlr]   out: 0000010002598000 000000010a264000 000000010105da00 0000000000000000
[mtlr]   out: 0000007800000000 0000000000100000 00000000110822e6 0000000000007358
[uatrec] S4 r9 victim[1] rid 120 gpuva 0x10002598000 cpu 0x10a264000 (top-of-stack)
[mtlr] resource2 sel8 flags 470 sz 0x100000 -> kr 0x00000000 rid 121 GPUVA 0x100026a0000 cpu 10a364000
[mtlr]   out: 00000100026a0000 000000010a364000 000000010105dac0 0000000000000000
[mtlr]   out: 0000007900000000 0000000000100000 00000000110822e7 0000000000007359
[uatrec] S4 r9 victim[2] rid 121 gpuva 0x100026a0000 cpu 0x10a364000 (top-of-stack)
[mtlr] resource2 sel8 flags 470 sz 0x100000 -> kr 0x00000000 rid 122 GPUVA 0x100027a8000 cpu 10a5c0000
[mtlr]   out: 00000100027a8000 000000010a5c0000 000000010105db80 0000000000000000
[mtlr]   out: 0000007a00000000 0000000000100000 00000000110822e8 000000000000735a
[uatrec] S4 r9 victim[3] rid 122 gpuva 0x100027a8000 cpu 0x10a5c0000 (top-of-stack)
[mtlr] resource2 sel8 flags 470 sz 0x100000 -> kr 0x00000000 rid 123 GPUVA 0x100028b0000 cpu 10b100000
[mtlr]   out: 00000100028b0000 000000010b100000 000000010105dc40 0000000000000000
[mtlr]   out: 0000007b00000000 0000000000100000 00000000110822e9 000000000000735b
[uatrec] S4 r9 victim[4] rid 123 gpuva 0x100028b0000 cpu 0x10b100000 (top-of-stack)
[mtlr] resource2 sel8 flags 470 sz 0x100000 -> kr 0x00000000 rid 124 GPUVA 0x100029b8000 cpu 109d60000
[mtlr]   out: 00000100029b8000 0000000109d60000 000000010105dd00 0000000000000000
[mtlr]   out: 0000007c00000000 0000000000100000 00000000110822ea 000000000000735c
[uatrec] S4 r9 victim[5] rid 124 gpuva 0x100029b8000 cpu 0x109d60000 (top-of-stack)
[mtlr] resource2 sel8 flags 470 sz 0x100000 -> kr 0x00000000 rid 125 GPUVA 0x10002ac0000 cpu 109e60000
[mtlr]   out: 0000010002ac0000 0000000109e60000 000000010105ddc0 0000000000000000
[mtlr]   out: 0000007d00000000 0000000000100000 00000000110822ec 000000000000735d
[uatrec] S4 r9 victim[6] rid 125 gpuva 0x10002ac0000 cpu 0x109e60000 (top-of-stack)
[mtlr] resource2 sel8 flags 470 sz 0x100000 -> kr 0x00000000 rid 126 GPUVA 0x10002bc8000 cpu 109f60000
[mtlr]   out: 0000010002bc8000 0000000109f60000 000000010105de80 0000000000000000
[mtlr]   out: 0000007e00000000 0000000000100000 00000000110822f3 000000000000735e
[uatrec] S4 r9 victim[7] rid 126 gpuva 0x10002bc8000 cpu 0x109f60000 (top-of-stack)
[mtlr] resource2 sel8 flags 470 sz 0x1000 -> kr 0x00000000 rid 119 GPUVA 0x10002490000 cpu 10a060000
[mtlr]   out: 0000010002490000 000000010a060000 000000010105d940 0000000000000000
[mtlr]   out: 0000007700000000 0000000000004000 000000001108230f 0000000000007368
[mtlr] resource2 sel8 flags 470 sz 0x1000 -> kr 0x00000000 rid 119 GPUVA 0x10002490000 cpu 10a060000
[mtlr]   out: 0000010002490000 000000010a060000 000000010105d940 0000000000000000
[mtlr]   out: 0000007700000000 0000000000004000 0000000011082310 0000000000007369
[mtlr] resource2 sel8 flags 470 sz 0x1000 -> kr 0x00000000 rid 119 GPUVA 0x10002490000 cpu 10a060000
[mtlr]   out: 0000010002490000 000000010a060000 000000010105d940 0000000000000000
[mtlr]   out: 0000007700000000 0000000000004000 0000000011082311 000000000000736a
[mtlr] resource2 sel8 flags 470 sz 0x1000 -> kr 0x00000000 rid 119 GPUVA 0x10002490000 cpu 10a060000
[mtlr]   out: 0000010002490000 000000010a060000 000000010105d940 0000000000000000
[mtlr]   out: 0000007700000000 0000000000004000 0000000011082312 000000000000736b
[mtlr] resource2 sel8 flags 470 sz 0x1000 -> kr 0x00000000 rid 119 GPUVA 0x10002490000 cpu 10a060000
[mtlr]   out: 0000010002490000 000000010a060000 000000010105d940 0000000000000000
[mtlr]   out: 0000007700000000 0000000000004000 0000000011082313 000000000000736c
[mtlr] resource2 sel8 flags 470 sz 0x1000 -> kr 0x00000000 rid 119 GPUVA 0x10002490000 cpu 10a060000
[mtlr]   out: 0000010002490000 000000010a060000 000000010105d940 0000000000000000
[mtlr]   out: 0000007700000000 0000000000004000 0000000011082314 000000000000736d
[mtlr] resource2 sel8 flags 470 sz 0x1000 -> kr 0x00000000 rid 119 GPUVA 0x10002490000 cpu 10a060000
[mtlr]   out: 0000010002490000 000000010a060000 000000010105d940 0000000000000000
[mtlr]   out: 0000007700000000 0000000000004000 0000000011082315 000000000000736e
[mtlr] resource2 sel8 flags 470 sz 0x1000 -> kr 0x00000000 rid 119 GPUVA 0x10002490000 cpu 10a060000
[mtlr]   out: 0000010002490000 000000010a060000 000000010105d940 0000000000000000
[mtlr]   out: 0000007700000000 0000000000004000 0000000011082316 000000000000736f
[mtlr] resource2 sel8 flags 470 sz 0x1000 -> kr 0x00000000 rid 119 GPUVA 0x10002490000 cpu 10a060000
[mtlr]   out: 0000010002490000 000000010a060000 000000010105d940 0000000000000000
[mtlr]   out: 0000007700000000 0000000000004000 0000000011082317 0000000000007370
[mtlr] resource2 sel8 flags 470 sz 0x1000 -> kr 0x00000000 rid 119 GPUVA 0x10002490000 cpu 10a060000
[mtlr]   out: 0000010002490000 000000010a060000 000000010105d940 0000000000000000
[mtlr]   out: 0000007700000000 0000000000004000 0000000011082318 0000000000007371
[mtlr] resource2 sel8 flags 470 sz 0x1000 -> kr 0x00000000 rid 119 GPUVA 0x10002490000 cpu 10a060000
[mtlr]   out: 0000010002490000 000000010a060000 000000010105d940 0000000000000000
[mtlr]   out: 0000007700000000 0000000000004000 0000000011082319 0000000000007372
[mtlr] resource2 sel8 flags 470 sz 0x1000 -> kr 0x00000000 rid 119 GPUVA 0x10002490000 cpu 10a060000
[mtlr]   out: 0000010002490000 000000010a060000 000000010105d940 0000000000000000
[mtlr]   out: 0000007700000000 0000000000004000 000000001108231a 0000000000007373
[mtlr] resource2 sel8 flags 470 sz 0x1000 -> kr 0x00000000 rid 119 GPUVA 0x10002490000 cpu 10a060000
[mtlr]   out: 0000010002490000 000000010a060000 000000010105d940 0000000000000000
[mtlr]   out: 0000007700000000 0000000000004000 000000001108231b 0000000000007374
[mtlr] resource2 sel8 flags 470 sz 0x1000 -> kr 0x00000000 rid 119 GPUVA 0x10002490000 cpu 10a060000
[mtlr]   out: 0000010002490000 000000010a060000 000000010105d940 0000000000000000
[mtlr]   out: 0000007700000000 0000000000004000 000000001108231c 0000000000007375
[mtlr] resource2 sel8 flags 470 sz 0x1000 -> kr 0x00000000 rid 119 GPUVA 0x10002490000 cpu 10a060000
[mtlr]   out: 0000010002490000 000000010a060000 000000010105d940 0000000000000000
[mtlr]   out: 0000007700000000 0000000000004000 000000001108231d 0000000000007376
[mtlr] resource2 sel8 flags 470 sz 0x1000 -> kr 0x00000000 rid 119 GPUVA 0x10002490000 cpu 10a060000
[mtlr]   out: 0000010002490000 000000010a060000 000000010105d940 0000000000000000
[mtlr]   out: 0000007700000000 0000000000004000 000000001108231e 0000000000007377
[mtlr] resource2 sel8 flags 470 sz 0x1000 -> kr 0x00000000 rid 119 GPUVA 0x10002490000 cpu 10a060000
[mtlr]   out: 0000010002490000 000000010a060000 000000010105d940 0000000000000000
[mtlr]   out: 0000007700000000 0000000000004000 000000001108231f 0000000000007378
[mtlr] resource2 sel8 flags 470 sz 0x1000 -> kr 0x00000000 rid 119 GPUVA 0x10002490000 cpu 10a060000
[mtlr]   out: 0000010002490000 000000010a060000 000000010105d940 0000000000000000
[mtlr]   out: 0000007700000000 0000000000004000 0000000011082320 0000000000007379
[mtlr] resource2 sel8 flags 470 sz 0x1000 -> kr 0x00000000 rid 119 GPUVA 0x10002490000 cpu 10a060000
[mtlr]   out: 0000010002490000 000000010a060000 000000010105d940 0000000000000000
[mtlr]   out: 0000007700000000 0000000000004000 0000000011082321 000000000000737a
[mtlr] resource2 sel8 flags 470 sz 0x1000 -> kr 0x00000000 rid 119 GPUVA 0x10002490000 cpu 10a060000
[mtlr]   out: 0000010002490000 000000010a060000 000000010105d940 0000000000000000
[mtlr]   out: 0000007700000000 0000000000004000 0000000011082322 000000000000737b
[mtlr] resource2 sel8 flags 470 sz 0x1000 -> kr 0x00000000 rid 119 GPUVA 0x10002490000 cpu 10a060000
[mtlr]   out: 0000010002490000 000000010a060000 000000010105d940 0000000000000000
[mtlr]   out: 0000007700000000 0000000000004000 0000000011082323 000000000000737c
[mtlr] resource2 sel8 flags 470 sz 0x1000 -> kr 0x00000000 rid 119 GPUVA 0x10002490000 cpu 10a060000
[mtlr]   out: 0000010002490000 000000010a060000 000000010105d940 0000000000000000
[mtlr]   out: 0000007700000000 0000000000004000 0000000011082324 000000000000737d
[mtlr] resource2 sel8 flags 470 sz 0x1000 -> kr 0x00000000 rid 119 GPUVA 0x10002490000 cpu 10a060000
[mtlr]   out: 0000010002490000 000000010a060000 000000010105d940 0000000000000000
[mtlr]   out: 0000007700000000 0000000000004000 0000000011082325 000000000000737e
[mtlr] resource2 sel8 flags 470 sz 0x1000 -> kr 0x00000000 rid 119 GPUVA 0x10002490000 cpu 10a060000
[mtlr]   out: 0000010002490000 000000010a060000 000000010105d940 0000000000000000
[mtlr]   out: 0000007700000000 0000000000004000 0000000011082326 000000000000737f
[mtlr] resource2 sel8 flags 470 sz 0x1000 -> kr 0x00000000 rid 119 GPUVA 0x10002490000 cpu 10a060000
[mtlr]   out: 0000010002490000 000000010a060000 000000010105d940 0000000000000000
[mtlr]   out: 0000007700000000 0000000000004000 0000000011082327 0000000000007380
[mtlr] resource2 sel8 flags 470 sz 0x1000 -> kr 0x00000000 rid 119 GPUVA 0x10002490000 cpu 10a060000
[mtlr]   out: 0000010002490000 000000010a060000 000000010105d940 0000000000000000
[mtlr]   out: 0000007700000000 0000000000004000 0000000011082328 0000000000007381
[mtlr] resource2 sel8 flags 470 sz 0x1000 -> kr 0x00000000 rid 119 GPUVA 0x10002490000 cpu 10a060000
[mtlr]   out: 0000010002490000 000000010a060000 000000010105d940 0000000000000000
[mtlr]   out: 0000007700000000 0000000000004000 0000000011082329 0000000000007382
[mtlr] resource2 sel8 flags 470 sz 0x1000 -> kr 0x00000000 rid 119 GPUVA 0x10002490000 cpu 10a060000
[mtlr]   out: 0000010002490000 000000010a060000 000000010105d940 0000000000000000
[mtlr]   out: 0000007700000000 0000000000004000 000000001108232a 0000000000007383
[mtlr] resource2 sel8 flags 470 sz 0x1000 -> kr 0x00000000 rid 119 GPUVA 0x10002490000 cpu 10a060000
[mtlr]   out: 0000010002490000 000000010a060000 000000010105d940 0000000000000000
[mtlr]   out: 0000007700000000 0000000000004000 000000001108232b 0000000000007384
[mtlr] resource2 sel8 flags 470 sz 0x1000 -> kr 0x00000000 rid 119 GPUVA 0x10002490000 cpu 10a060000
[mtlr]   out: 0000010002490000 000000010a060000 000000010105d940 0000000000000000
[mtlr]   out: 0000007700000000 0000000000004000 000000001108232c 0000000000007385
[mtlr] resource2 sel8 flags 470 sz 0x1000 -> kr 0x00000000 rid 119 GPUVA 0x10002490000 cpu 10a060000
[mtlr]   out: 0000010002490000 000000010a060000 000000010105d940 0000000000000000
[mtlr]   out: 0000007700000000 0000000000004000 000000001108232d 0000000000007386
[mtlr] resource2 sel8 flags 470 sz 0x1000 -> kr 0x00000000 rid 119 GPUVA 0x10002490000 cpu 10a060000
[mtlr]   out: 0000010002490000 000000010a060000 000000010105d940 0000000000000000
[mtlr]   out: 0000007700000000 0000000000004000 000000001108232e 0000000000007387
[mtlr] resource2 sel8 flags 470 sz 0x1000 -> kr 0x00000000 rid 119 GPUVA 0x10002490000 cpu 10a060000
[mtlr]   out: 0000010002490000 000000010a060000 000000010105d940 0000000000000000
[mtlr]   out: 0000007700000000 0000000000004000 000000001108232f 0000000000007388
[mtlr] resource2 sel8 flags 470 sz 0x1000 -> kr 0x00000000 rid 119 GPUVA 0x10002490000 cpu 10a060000
[mtlr]   out: 0000010002490000 000000010a060000 000000010105d940 0000000000000000
[mtlr]   out: 0000007700000000 0000000000004000 0000000011082330 0000000000007389
[mtlr] resource2 sel8 flags 470 sz 0x1000 -> kr 0x00000000 rid 119 GPUVA 0x10002490000 cpu 10a060000
[mtlr]   out: 0000010002490000 000000010a060000 000000010105d940 0000000000000000
[mtlr]   out: 0000007700000000 0000000000004000 0000000011082331 000000000000738a
[mtlr] resource2 sel8 flags 470 sz 0x1000 -> kr 0x00000000 rid 119 GPUVA 0x10002490000 cpu 10a060000
[mtlr]   out: 0000010002490000 000000010a060000 000000010105d940 0000000000000000
[mtlr]   out: 0000007700000000 0000000000004000 0000000011082332 000000000000738b
[mtlr] resource2 sel8 flags 470 sz 0x1000 -> kr 0x00000000 rid 119 GPUVA 0x10002490000 cpu 10a060000
[mtlr]   out: 0000010002490000 000000010a060000 000000010105d940 0000000000000000
[mtlr]   out: 0000007700000000 0000000000004000 0000000011082333 000000000000738c
[mtlr] resource2 sel8 flags 470 sz 0x1000 -> kr 0x00000000 rid 119 GPUVA 0x10002490000 cpu 10a060000
[mtlr]   out: 0000010002490000 000000010a060000 000000010105d940 0000000000000000
[mtlr]   out: 0000007700000000 0000000000004000 0000000011082334 000000000000738d
[mtlr] resource2 sel8 flags 470 sz 0x1000 -> kr 0x00000000 rid 119 GPUVA 0x10002490000 cpu 10a060000
[mtlr]   out: 0000010002490000 000000010a060000 000000010105d940 0000000000000000
[mtlr]   out: 0000007700000000 0000000000004000 0000000011082335 000000000000738e
[mtlr] resource2 sel8 flags 470 sz 0x1000 -> kr 0x00000000 rid 119 GPUVA 0x10002490000 cpu 10a060000
[mtlr]   out: 0000010002490000 000000010a060000 000000010105d940 0000000000000000
[mtlr]   out: 0000007700000000 0000000000004000 0000000011082336 000000000000738f
[uatrec] S4 r9 (+0s): nvv 8 ncb 8 vsz 0x100000 fill 0x0 destroy0 kr 0x00000000 nj 40
[uatrec] S4 r9 blit[0] slots 7 ridp 1
[uatrec] S4 r9 blit[1] slots 8 ridp 1
[uatrec] S4 r9 blit[2] slots 7 ridp 1
[uatrec] S4 r9 blit[3] slots 7 ridp 1
[uatrec] S4 r9 blit[4] slots 7 ridp 1
[uatrec] S4 r9 blit[5] slots 7 ridp 1
[uatrec] S4 r9 blit[6] slots 7 ridp 1
[uatrec] S4 r9 blit[7] slots 7 ridp 1
[uatrec] S4 heartbeat: round 10 done, t=0s (alive)
[mtlr] resource2 sel8 flags 470 sz 0x100000 -> kr 0x00000000 rid 119 GPUVA 0x10002490000 cpu 109d58000
[mtlr]   out: 0000010002490000 0000000109d58000 000000010105d940 0000000000000000
[mtlr]   out: 0000007700000000 0000000000100000 000000001108235f 0000000000007392
[uatrec] S4 r10 victim[0] rid 119 gpuva 0x10002490000 cpu 0x109d58000 (top-of-stack)
[mtlr] resource2 sel8 flags 470 sz 0x100000 -> kr 0x00000000 rid 120 GPUVA 0x10002598000 cpu 109e58000
[mtlr]   out: 0000010002598000 0000000109e58000 000000010105da00 0000000000000000
[mtlr]   out: 0000007800000000 0000000000100000 0000000011082363 0000000000007393
[uatrec] S4 r10 victim[1] rid 120 gpuva 0x10002598000 cpu 0x109e58000 (top-of-stack)
[mtlr] resource2 sel8 flags 470 sz 0x100000 -> kr 0x00000000 rid 121 GPUVA 0x100026a0000 cpu 109f58000
[mtlr]   out: 00000100026a0000 0000000109f58000 000000010105dac0 0000000000000000
[mtlr]   out: 0000007900000000 0000000000100000 0000000011082364 0000000000007394
[uatrec] S4 r10 victim[2] rid 121 gpuva 0x100026a0000 cpu 0x109f58000 (top-of-stack)
[mtlr] resource2 sel8 flags 470 sz 0x100000 -> kr 0x00000000 rid 122 GPUVA 0x100027a8000 cpu 10a058000
[mtlr]   out: 00000100027a8000 000000010a058000 000000010105db80 0000000000000000
[mtlr]   out: 0000007a00000000 0000000000100000 0000000011082365 0000000000007395
[uatrec] S4 r10 victim[3] rid 122 gpuva 0x100027a8000 cpu 0x10a058000 (top-of-stack)
[mtlr] resource2 sel8 flags 470 sz 0x100000 -> kr 0x00000000 rid 123 GPUVA 0x100028b0000 cpu 10a164000
[mtlr]   out: 00000100028b0000 000000010a164000 000000010105dc40 0000000000000000
[mtlr]   out: 0000007b00000000 0000000000100000 000000001108236a 0000000000007396
[uatrec] S4 r10 victim[4] rid 123 gpuva 0x100028b0000 cpu 0x10a164000 (top-of-stack)
[mtlr] resource2 sel8 flags 470 sz 0x100000 -> kr 0x00000000 rid 124 GPUVA 0x100029b8000 cpu 10a264000
[mtlr]   out: 00000100029b8000 000000010a264000 000000010105dd00 0000000000000000
[mtlr]   out: 0000007c00000000 0000000000100000 000000001108236e 0000000000007397
[uatrec] S4 r10 victim[5] rid 124 gpuva 0x100029b8000 cpu 0x10a264000 (top-of-stack)
[mtlr] resource2 sel8 flags 470 sz 0x100000 -> kr 0x00000000 rid 125 GPUVA 0x10002ac0000 cpu 10a364000
[mtlr]   out: 0000010002ac0000 000000010a364000 000000010105ddc0 0000000000000000
[mtlr]   out: 0000007d00000000 0000000000100000 000000001108236f 0000000000007398
[uatrec] S4 r10 victim[6] rid 125 gpuva 0x10002ac0000 cpu 0x10a364000 (top-of-stack)
[mtlr] resource2 sel8 flags 470 sz 0x100000 -> kr 0x00000000 rid 126 GPUVA 0x10002bc8000 cpu 10a5c0000
[mtlr]   out: 0000010002bc8000 000000010a5c0000 000000010105de80 0000000000000000
[mtlr]   out: 0000007e00000000 0000000000100000 0000000011082370 0000000000007399
[uatrec] S4 r10 victim[7] rid 126 gpuva 0x10002bc8000 cpu 0x10a5c0000 (top-of-stack)
[mtlr] resource2 sel8 flags 470 sz 0x1000 -> kr 0x00000000 rid 119 GPUVA 0x10002490000 cpu 10a544000
[mtlr]   out: 0000010002490000 000000010a544000 000000010105d940 0000000000000000
[mtlr]   out: 0000007700000000 0000000000004000 000000001108238c 00000000000073a3
[mtlr] resource2 sel8 flags 470 sz 0x1000 -> kr 0x00000000 rid 119 GPUVA 0x10002490000 cpu 10a544000
[mtlr]   out: 0000010002490000 000000010a544000 000000010105d940 0000000000000000
[mtlr]   out: 0000007700000000 0000000000004000 000000001108238d 00000000000073a4
[mtlr] resource2 sel8 flags 470 sz 0x1000 -> kr 0x00000000 rid 119 GPUVA 0x10002490000 cpu 10a544000
[mtlr]   out: 0000010002490000 000000010a544000 000000010105d940 0000000000000000
[mtlr]   out: 0000007700000000 0000000000004000 000000001108238e 00000000000073a5
[mtlr] resource2 sel8 flags 470 sz 0x1000 -> kr 0x00000000 rid 119 GPUVA 0x10002490000 cpu 10a544000
[mtlr]   out: 0000010002490000 000000010a544000 000000010105d940 0000000000000000
[mtlr]   out: 0000007700000000 0000000000004000 000000001108238f 00000000000073a6
[mtlr] resource2 sel8 flags 470 sz 0x1000 -> kr 0x00000000 rid 119 GPUVA 0x10002490000 cpu 10a544000
[mtlr]   out: 0000010002490000 000000010a544000 000000010105d940 0000000000000000
[mtlr]   out: 0000007700000000 0000000000004000 0000000011082390 00000000000073a7
[mtlr] resource2 sel8 flags 470 sz 0x1000 -> kr 0x00000000 rid 119 GPUVA 0x10002490000 cpu 10a544000
[mtlr]   out: 0000010002490000 000000010a544000 000000010105d940 0000000000000000
[mtlr]   out: 0000007700000000 0000000000004000 0000000011082391 00000000000073a8
[mtlr] resource2 sel8 flags 470 sz 0x1000 -> kr 0x00000000 rid 119 GPUVA 0x10002490000 cpu 10a544000
[mtlr]   out: 0000010002490000 000000010a544000 000000010105d940 0000000000000000
[mtlr]   out: 0000007700000000 0000000000004000 0000000011082392 00000000000073a9
[mtlr] resource2 sel8 flags 470 sz 0x1000 -> kr 0x00000000 rid 119 GPUVA 0x10002490000 cpu 10a544000
[mtlr]   out: 0000010002490000 000000010a544000 000000010105d940 0000000000000000
[mtlr]   out: 0000007700000000 0000000000004000 0000000011082393 00000000000073aa
[mtlr] resource2 sel8 flags 470 sz 0x1000 -> kr 0x00000000 rid 119 GPUVA 0x10002490000 cpu 10a544000
[mtlr]   out: 0000010002490000 000000010a544000 000000010105d940 0000000000000000
[mtlr]   out: 0000007700000000 0000000000004000 0000000011082394 00000000000073ab
[mtlr] resource2 sel8 flags 470 sz 0x1000 -> kr 0x00000000 rid 119 GPUVA 0x10002490000 cpu 10a544000
[mtlr]   out: 0000010002490000 000000010a544000 000000010105d940 0000000000000000
[mtlr]   out: 0000007700000000 0000000000004000 0000000011082395 00000000000073ac
[mtlr] resource2 sel8 flags 470 sz 0x1000 -> kr 0x00000000 rid 119 GPUVA 0x10002490000 cpu 10a544000
[mtlr]   out: 0000010002490000 000000010a544000 000000010105d940 0000000000000000
[mtlr]   out: 0000007700000000 0000000000004000 0000000011082396 00000000000073ad
[mtlr] resource2 sel8 flags 470 sz 0x1000 -> kr 0x00000000 rid 119 GPUVA 0x10002490000 cpu 10a544000
[mtlr]   out: 0000010002490000 000000010a544000 000000010105d940 0000000000000000
[mtlr]   out: 0000007700000000 0000000000004000 0000000011082397 00000000000073ae
[mtlr] resource2 sel8 flags 470 sz 0x1000 -> kr 0x00000000 rid 119 GPUVA 0x10002490000 cpu 10a544000
[mtlr]   out: 0000010002490000 000000010a544000 000000010105d940 0000000000000000
[mtlr]   out: 0000007700000000 0000000000004000 0000000011082398 00000000000073af
[mtlr] resource2 sel8 flags 470 sz 0x1000 -> kr 0x00000000 rid 119 GPUVA 0x10002490000 cpu 10a544000
[mtlr]   out: 0000010002490000 000000010a544000 000000010105d940 0000000000000000
[mtlr]   out: 0000007700000000 0000000000004000 0000000011082399 00000000000073b0
[mtlr] resource2 sel8 flags 470 sz 0x1000 -> kr 0x00000000 rid 119 GPUVA 0x10002490000 cpu 10a544000
[mtlr]   out: 0000010002490000 000000010a544000 000000010105d940 0000000000000000
[mtlr]   out: 0000007700000000 0000000000004000 000000001108239a 00000000000073b1
[mtlr] resource2 sel8 flags 470 sz 0x1000 -> kr 0x00000000 rid 119 GPUVA 0x10002490000 cpu 10a544000
[mtlr]   out: 0000010002490000 000000010a544000 000000010105d940 0000000000000000
[mtlr]   out: 0000007700000000 0000000000004000 000000001108239b 00000000000073b2
[mtlr] resource2 sel8 flags 470 sz 0x1000 -> kr 0x00000000 rid 119 GPUVA 0x10002490000 cpu 10a544000
[mtlr]   out: 0000010002490000 000000010a544000 000000010105d940 0000000000000000
[mtlr]   out: 0000007700000000 0000000000004000 000000001108239c 00000000000073b3
[mtlr] resource2 sel8 flags 470 sz 0x1000 -> kr 0x00000000 rid 119 GPUVA 0x10002490000 cpu 10a544000
[mtlr]   out: 0000010002490000 000000010a544000 000000010105d940 0000000000000000
[mtlr]   out: 0000007700000000 0000000000004000 000000001108239d 00000000000073b4
[mtlr] resource2 sel8 flags 470 sz 0x1000 -> kr 0x00000000 rid 119 GPUVA 0x10002490000 cpu 10a544000
[mtlr]   out: 0000010002490000 000000010a544000 000000010105d940 0000000000000000
[mtlr]   out: 0000007700000000 0000000000004000 000000001108239e 00000000000073b5
[mtlr] resource2 sel8 flags 470 sz 0x1000 -> kr 0x00000000 rid 119 GPUVA 0x10002490000 cpu 10a544000
[mtlr]   out: 0000010002490000 000000010a544000 000000010105d940 0000000000000000
[mtlr]   out: 0000007700000000 0000000000004000 000000001108239f 00000000000073b6
[mtlr] resource2 sel8 flags 470 sz 0x1000 -> kr 0x00000000 rid 119 GPUVA 0x10002490000 cpu 10a544000
[mtlr]   out: 0000010002490000 000000010a544000 000000010105d940 0000000000000000
[mtlr]   out: 0000007700000000 0000000000004000 00000000110823a0 00000000000073b7
[mtlr] resource2 sel8 flags 470 sz 0x1000 -> kr 0x00000000 rid 119 GPUVA 0x10002490000 cpu 10a544000
[mtlr]   out: 0000010002490000 000000010a544000 000000010105d940 0000000000000000
[mtlr]   out: 0000007700000000 0000000000004000 00000000110823a1 00000000000073b8
[mtlr] resource2 sel8 flags 470 sz 0x1000 -> kr 0x00000000 rid 119 GPUVA 0x10002490000 cpu 10a544000
[mtlr]   out: 0000010002490000 000000010a544000 000000010105d940 0000000000000000
[mtlr]   out: 0000007700000000 0000000000004000 00000000110823a2 00000000000073b9
[mtlr] resource2 sel8 flags 470 sz 0x1000 -> kr 0x00000000 rid 119 GPUVA 0x10002490000 cpu 10a544000
[mtlr]   out: 0000010002490000 000000010a544000 000000010105d940 0000000000000000
[mtlr]   out: 0000007700000000 0000000000004000 00000000110823a3 00000000000073ba
[mtlr] resource2 sel8 flags 470 sz 0x1000 -> kr 0x00000000 rid 119 GPUVA 0x10002490000 cpu 10a544000
[mtlr]   out: 0000010002490000 000000010a544000 000000010105d940 0000000000000000
[mtlr]   out: 0000007700000000 0000000000004000 00000000110823a4 00000000000073bb
[mtlr] resource2 sel8 flags 470 sz 0x1000 -> kr 0x00000000 rid 119 GPUVA 0x10002490000 cpu 10a544000
[mtlr]   out: 0000010002490000 000000010a544000 000000010105d940 0000000000000000
[mtlr]   out: 0000007700000000 0000000000004000 00000000110823a5 00000000000073bc
[mtlr] resource2 sel8 flags 470 sz 0x1000 -> kr 0x00000000 rid 119 GPUVA 0x10002490000 cpu 10a544000
[mtlr]   out: 0000010002490000 000000010a544000 000000010105d940 0000000000000000
[mtlr]   out: 0000007700000000 0000000000004000 00000000110823a6 00000000000073bd
[mtlr] resource2 sel8 flags 470 sz 0x1000 -> kr 0x00000000 rid 119 GPUVA 0x10002490000 cpu 10a544000
[mtlr]   out: 0000010002490000 000000010a544000 000000010105d940 0000000000000000
[mtlr]   out: 0000007700000000 0000000000004000 00000000110823a7 00000000000073be
[mtlr] resource2 sel8 flags 470 sz 0x1000 -> kr 0x00000000 rid 119 GPUVA 0x10002490000 cpu 10a544000
[mtlr]   out: 0000010002490000 000000010a544000 000000010105d940 0000000000000000
[mtlr]   out: 0000007700000000 0000000000004000 00000000110823a8 00000000000073bf
[mtlr] resource2 sel8 flags 470 sz 0x1000 -> kr 0x00000000 rid 119 GPUVA 0x10002490000 cpu 10a544000
[mtlr]   out: 0000010002490000 000000010a544000 000000010105d940 0000000000000000
[mtlr]   out: 0000007700000000 0000000000004000 00000000110823a9 00000000000073c0
[mtlr] resource2 sel8 flags 470 sz 0x1000 -> kr 0x00000000 rid 119 GPUVA 0x10002490000 cpu 10a544000
[mtlr]   out: 0000010002490000 000000010a544000 000000010105d940 0000000000000000
[mtlr]   out: 0000007700000000 0000000000004000 00000000110823aa 00000000000073c1
[mtlr] resource2 sel8 flags 470 sz 0x1000 -> kr 0x00000000 rid 119 GPUVA 0x10002490000 cpu 10a544000
[mtlr]   out: 0000010002490000 000000010a544000 000000010105d940 0000000000000000
[mtlr]   out: 0000007700000000 0000000000004000 00000000110823ab 00000000000073c2
[mtlr] resource2 sel8 flags 470 sz 0x1000 -> kr 0x00000000 rid 119 GPUVA 0x10002490000 cpu 10a544000
[mtlr]   out: 0000010002490000 000000010a544000 000000010105d940 0000000000000000
[mtlr]   out: 0000007700000000 0000000000004000 00000000110823ac 00000000000073c3
[mtlr] resource2 sel8 flags 470 sz 0x1000 -> kr 0x00000000 rid 119 GPUVA 0x10002490000 cpu 10a544000
[mtlr]   out: 0000010002490000 000000010a544000 000000010105d940 0000000000000000
[mtlr]   out: 0000007700000000 0000000000004000 00000000110823ad 00000000000073c4
[mtlr] resource2 sel8 flags 470 sz 0x1000 -> kr 0x00000000 rid 119 GPUVA 0x10002490000 cpu 10a544000
[mtlr]   out: 0000010002490000 000000010a544000 000000010105d940 0000000000000000
[mtlr]   out: 0000007700000000 0000000000004000 00000000110823ae 00000000000073c5
[mtlr] resource2 sel8 flags 470 sz 0x1000 -> kr 0x00000000 rid 119 GPUVA 0x10002490000 cpu 10a544000
[mtlr]   out: 0000010002490000 000000010a544000 000000010105d940 0000000000000000
[mtlr]   out: 0000007700000000 0000000000004000 00000000110823af 00000000000073c6
[mtlr] resource2 sel8 flags 470 sz 0x1000 -> kr 0x00000000 rid 119 GPUVA 0x10002490000 cpu 10a544000
[mtlr]   out: 0000010002490000 000000010a544000 000000010105d940 0000000000000000
[mtlr]   out: 0000007700000000 0000000000004000 00000000110823b0 00000000000073c7
[mtlr] resource2 sel8 flags 470 sz 0x1000 -> kr 0x00000000 rid 119 GPUVA 0x10002490000 cpu 10a544000
[mtlr]   out: 0000010002490000 000000010a544000 000000010105d940 0000000000000000
[mtlr]   out: 0000007700000000 0000000000004000 00000000110823b1 00000000000073c8
[mtlr] resource2 sel8 flags 470 sz 0x1000 -> kr 0x00000000 rid 119 GPUVA 0x10002490000 cpu 10a544000
[mtlr]   out: 0000010002490000 000000010a544000 000000010105d940 0000000000000000
[mtlr]   out: 0000007700000000 0000000000004000 00000000110823b2 00000000000073c9
[mtlr] resource2 sel8 flags 470 sz 0x1000 -> kr 0x00000000 rid 119 GPUVA 0x10002490000 cpu 10a544000
[mtlr]   out: 0000010002490000 000000010a544000 000000010105d940 0000000000000000
[mtlr]   out: 0000007700000000 0000000000004000 00000000110823b3 00000000000073ca
[uatrec] S4 r10 (+0s): nvv 8 ncb 8 vsz 0x100000 fill 0x0 destroy0 kr 0x00000000 nj 40
[uatrec] S4 r10 blit[0] slots 7 ridp 1
[uatrec] S4 r10 blit[1] slots 8 ridp 1
[uatrec] S4 r10 blit[2] slots 7 ridp 1
[uatrec] S4 r10 blit[3] slots 8 ridp 1
[uatrec] S4 r10 blit[4] slots 7 ridp 1
[uatrec] S4 r10 blit[5] slots 8 ridp 1
[uatrec] S4 r10 blit[6] slots 7 ridp 1
[uatrec] S4 r10 blit[7] slots 7 ridp 1
[mtlr] resource2 sel8 flags 470 sz 0x100000 -> kr 0x00000000 rid 119 GPUVA 0x10002490000 cpu 10a730000
[mtlr]   out: 0000010002490000 000000010a730000 000000010105d940 0000000000000000
[mtlr]   out: 0000007700000000 0000000000100000 00000000110823dd 00000000000073cd
[uatrec] S4 r11 victim[0] rid 119 gpuva 0x10002490000 cpu 0x10a730000 (top-of-stack)
[mtlr] resource2 sel8 flags 470 sz 0x100000 -> kr 0x00000000 rid 120 GPUVA 0x10002598000 cpu 10a830000
[mtlr]   out: 0000010002598000 000000010a830000 000000010105da00 0000000000000000
[mtlr]   out: 0000007800000000 0000000000100000 00000000110823e0 00000000000073ce
[uatrec] S4 r11 victim[1] rid 120 gpuva 0x10002598000 cpu 0x10a830000 (top-of-stack)
[mtlr] resource2 sel8 flags 470 sz 0x100000 -> kr 0x00000000 rid 121 GPUVA 0x100026a0000 cpu 109d58000
[mtlr]   out: 00000100026a0000 0000000109d58000 000000010105dac0 0000000000000000
[mtlr]   out: 0000007900000000 0000000000100000 00000000110823e8 00000000000073cf
[uatrec] S4 r11 victim[2] rid 121 gpuva 0x100026a0000 cpu 0x109d58000 (top-of-stack)
[mtlr] resource2 sel8 flags 470 sz 0x100000 -> kr 0x00000000 rid 122 GPUVA 0x100027a8000 cpu 109e58000
[mtlr]   out: 00000100027a8000 0000000109e58000 000000010105db80 0000000000000000
[mtlr]   out: 0000007a00000000 0000000000100000 00000000110823e9 00000000000073d0
[uatrec] S4 r11 victim[3] rid 122 gpuva 0x100027a8000 cpu 0x109e58000 (top-of-stack)
[mtlr] resource2 sel8 flags 470 sz 0x100000 -> kr 0x00000000 rid 123 GPUVA 0x100028b0000 cpu 109f58000
[mtlr]   out: 00000100028b0000 0000000109f58000 000000010105dc40 0000000000000000
[mtlr]   out: 0000007b00000000 0000000000100000 00000000110823ea 00000000000073d1
[uatrec] S4 r11 victim[4] rid 123 gpuva 0x100028b0000 cpu 0x109f58000 (top-of-stack)
[mtlr] resource2 sel8 flags 470 sz 0x100000 -> kr 0x00000000 rid 124 GPUVA 0x100029b8000 cpu 10a058000
[mtlr]   out: 00000100029b8000 000000010a058000 000000010105dd00 0000000000000000
[mtlr]   out: 0000007c00000000 0000000000100000 00000000110823eb 00000000000073d2
[uatrec] S4 r11 victim[5] rid 124 gpuva 0x100029b8000 cpu 0x10a058000 (top-of-stack)
[mtlr] resource2 sel8 flags 470 sz 0x100000 -> kr 0x00000000 rid 125 GPUVA 0x10002ac0000 cpu 10a164000
[mtlr]   out: 0000010002ac0000 000000010a164000 000000010105ddc0 0000000000000000
[mtlr]   out: 0000007d00000000 0000000000100000 00000000110823ec 00000000000073d3
[uatrec] S4 r11 victim[6] rid 125 gpuva 0x10002ac0000 cpu 0x10a164000 (top-of-stack)
[mtlr] resource2 sel8 flags 470 sz 0x100000 -> kr 0x00000000 rid 126 GPUVA 0x10002bc8000 cpu 10a264000
[mtlr]   out: 0000010002bc8000 000000010a264000 000000010105de80 0000000000000000
[mtlr]   out: 0000007e00000000 0000000000100000 00000000110823ed 00000000000073d4
[uatrec] S4 r11 victim[7] rid 126 gpuva 0x10002bc8000 cpu 0x10a264000 (top-of-stack)
[mtlr] resource2 sel8 flags 470 sz 0x1000 -> kr 0x00000000 rid 119 GPUVA 0x10002490000 cpu 10a544000
[mtlr]   out: 0000010002490000 000000010a544000 000000010105d940 0000000000000000
[mtlr]   out: 0000007700000000 0000000000004000 0000000011082409 00000000000073de
[mtlr] resource2 sel8 flags 470 sz 0x1000 -> kr 0x00000000 rid 119 GPUVA 0x10002490000 cpu 10a544000
[mtlr]   out: 0000010002490000 000000010a544000 000000010105d940 0000000000000000
[mtlr]   out: 0000007700000000 0000000000004000 000000001108240a 00000000000073df
[mtlr] resource2 sel8 flags 470 sz 0x1000 -> kr 0x00000000 rid 119 GPUVA 0x10002490000 cpu 10a544000
[mtlr]   out: 0000010002490000 000000010a544000 000000010105d940 0000000000000000
[mtlr]   out: 0000007700000000 0000000000004000 000000001108240b 00000000000073e0
[mtlr] resource2 sel8 flags 470 sz 0x1000 -> kr 0x00000000 rid 119 GPUVA 0x10002490000 cpu 10a544000
[mtlr]   out: 0000010002490000 000000010a544000 000000010105d940 0000000000000000
[mtlr]   out: 0000007700000000 0000000000004000 000000001108240c 00000000000073e1
[mtlr] resource2 sel8 flags 470 sz 0x1000 -> kr 0x00000000 rid 119 GPUVA 0x10002490000 cpu 10a544000
[mtlr]   out: 0000010002490000 000000010a544000 000000010105d940 0000000000000000
[mtlr]   out: 0000007700000000 0000000000004000 000000001108240d 00000000000073e2
[mtlr] resource2 sel8 flags 470 sz 0x1000 -> kr 0x00000000 rid 119 GPUVA 0x10002490000 cpu 10a544000
[mtlr]   out: 0000010002490000 000000010a544000 000000010105d940 0000000000000000
[mtlr]   out: 0000007700000000 0000000000004000 000000001108240e 00000000000073e3
[mtlr] resource2 sel8 flags 470 sz 0x1000 -> kr 0x00000000 rid 119 GPUVA 0x10002490000 cpu 10a544000
[mtlr]   out: 0000010002490000 000000010a544000 000000010105d940 0000000000000000
[mtlr]   out: 0000007700000000 0000000000004000 000000001108240f 00000000000073e4
[mtlr] resource2 sel8 flags 470 sz 0x1000 -> kr 0x00000000 rid 119 GPUVA 0x10002490000 cpu 10a544000
[mtlr]   out: 0000010002490000 000000010a544000 000000010105d940 0000000000000000
[mtlr]   out: 0000007700000000 0000000000004000 0000000011082410 00000000000073e5
[mtlr] resource2 sel8 flags 470 sz 0x1000 -> kr 0x00000000 rid 119 GPUVA 0x10002490000 cpu 10a544000
[mtlr]   out: 0000010002490000 000000010a544000 000000010105d940 0000000000000000
[mtlr]   out: 0000007700000000 0000000000004000 0000000011082411 00000000000073e6
[mtlr] resource2 sel8 flags 470 sz 0x1000 -> kr 0x00000000 rid 119 GPUVA 0x10002490000 cpu 10a544000
[mtlr]   out: 0000010002490000 000000010a544000 000000010105d940 0000000000000000
[mtlr]   out: 0000007700000000 0000000000004000 0000000011082412 00000000000073e7
[mtlr] resource2 sel8 flags 470 sz 0x1000 -> kr 0x00000000 rid 119 GPUVA 0x10002490000 cpu 10a544000
[mtlr]   out: 0000010002490000 000000010a544000 000000010105d940 0000000000000000
[mtlr]   out: 0000007700000000 0000000000004000 0000000011082413 00000000000073e8
[mtlr] resource2 sel8 flags 470 sz 0x1000 -> kr 0x00000000 rid 119 GPUVA 0x10002490000 cpu 10a544000
[mtlr]   out: 0000010002490000 000000010a544000 000000010105d940 0000000000000000
[mtlr]   out: 0000007700000000 0000000000004000 0000000011082414 00000000000073e9
[mtlr] resource2 sel8 flags 470 sz 0x1000 -> kr 0x00000000 rid 119 GPUVA 0x10002490000 cpu 10a544000
[mtlr]   out: 0000010002490000 000000010a544000 000000010105d940 0000000000000000
[mtlr]   out: 0000007700000000 0000000000004000 0000000011082415 00000000000073ea
[mtlr] resource2 sel8 flags 470 sz 0x1000 -> kr 0x00000000 rid 119 GPUVA 0x10002490000 cpu 10a544000
[mtlr]   out: 0000010002490000 000000010a544000 000000010105d940 0000000000000000
[mtlr]   out: 0000007700000000 0000000000004000 0000000011082416 00000000000073eb
[mtlr] resource2 sel8 flags 470 sz 0x1000 -> kr 0x00000000 rid 119 GPUVA 0x10002490000 cpu 10a544000
[mtlr]   out: 0000010002490000 000000010a544000 000000010105d940 0000000000000000
[mtlr]   out: 0000007700000000 0000000000004000 0000000011082417 00000000000073ec
[mtlr] resource2 sel8 flags 470 sz 0x1000 -> kr 0x00000000 rid 119 GPUVA 0x10002490000 cpu 10a544000
[mtlr]   out: 0000010002490000 000000010a544000 000000010105d940 0000000000000000
[mtlr]   out: 0000007700000000 0000000000004000 0000000011082418 00000000000073ed
[mtlr] resource2 sel8 flags 470 sz 0x1000 -> kr 0x00000000 rid 119 GPUVA 0x10002490000 cpu 10a544000
[mtlr]   out: 0000010002490000 000000010a544000 000000010105d940 0000000000000000
[mtlr]   out: 0000007700000000 0000000000004000 0000000011082419 00000000000073ee
[mtlr] resource2 sel8 flags 470 sz 0x1000 -> kr 0x00000000 rid 119 GPUVA 0x10002490000 cpu 10a544000
[mtlr]   out: 0000010002490000 000000010a544000 000000010105d940 0000000000000000
[mtlr]   out: 0000007700000000 0000000000004000 000000001108241a 00000000000073ef
[mtlr] resource2 sel8 flags 470 sz 0x1000 -> kr 0x00000000 rid 119 GPUVA 0x10002490000 cpu 10a544000
[mtlr]   out: 0000010002490000 000000010a544000 000000010105d940 0000000000000000
[mtlr]   out: 0000007700000000 0000000000004000 000000001108241b 00000000000073f0
[mtlr] resource2 sel8 flags 470 sz 0x1000 -> kr 0x00000000 rid 119 GPUVA 0x10002490000 cpu 10a544000
[mtlr]   out: 0000010002490000 000000010a544000 000000010105d940 0000000000000000
[mtlr]   out: 0000007700000000 0000000000004000 000000001108241c 00000000000073f1
[mtlr] resource2 sel8 flags 470 sz 0x1000 -> kr 0x00000000 rid 119 GPUVA 0x10002490000 cpu 10a544000
[mtlr]   out: 0000010002490000 000000010a544000 000000010105d940 0000000000000000
[mtlr]   out: 0000007700000000 0000000000004000 000000001108241d 00000000000073f2
[mtlr] resource2 sel8 flags 470 sz 0x1000 -> kr 0x00000000 rid 119 GPUVA 0x10002490000 cpu 10a544000
[mtlr]   out: 0000010002490000 000000010a544000 000000010105d940 0000000000000000
[mtlr]   out: 0000007700000000 0000000000004000 000000001108241e 00000000000073f3
[mtlr] resource2 sel8 flags 470 sz 0x1000 -> kr 0x00000000 rid 119 GPUVA 0x10002490000 cpu 10a544000
[mtlr]   out: 0000010002490000 000000010a544000 000000010105d940 0000000000000000
[mtlr]   out: 0000007700000000 0000000000004000 000000001108241f 00000000000073f4
[mtlr] resource2 sel8 flags 470 sz 0x1000 -> kr 0x00000000 rid 119 GPUVA 0x10002490000 cpu 10a544000
[mtlr]   out: 0000010002490000 000000010a544000 000000010105d940 0000000000000000
[mtlr]   out: 0000007700000000 0000000000004000 0000000011082420 00000000000073f5
[mtlr] resource2 sel8 flags 470 sz 0x1000 -> kr 0x00000000 rid 119 GPUVA 0x10002490000 cpu 10a544000
[mtlr]   out: 0000010002490000 000000010a544000 000000010105d940 0000000000000000
[mtlr]   out: 0000007700000000 0000000000004000 0000000011082421 00000000000073f6
[mtlr] resource2 sel8 flags 470 sz 0x1000 -> kr 0x00000000 rid 119 GPUVA 0x10002490000 cpu 10a544000
[mtlr]   out: 0000010002490000 000000010a544000 000000010105d940 0000000000000000
[mtlr]   out: 0000007700000000 0000000000004000 0000000011082422 00000000000073f7
[mtlr] resource2 sel8 flags 470 sz 0x1000 -> kr 0x00000000 rid 119 GPUVA 0x10002490000 cpu 10a544000
[mtlr]   out: 0000010002490000 000000010a544000 000000010105d940 0000000000000000
[mtlr]   out: 0000007700000000 0000000000004000 0000000011082423 00000000000073f8
[mtlr] resource2 sel8 flags 470 sz 0x1000 -> kr 0x00000000 rid 119 GPUVA 0x10002490000 cpu 10a544000
[mtlr]   out: 0000010002490000 000000010a544000 000000010105d940 0000000000000000
[mtlr]   out: 0000007700000000 0000000000004000 0000000011082424 00000000000073f9
[mtlr] resource2 sel8 flags 470 sz 0x1000 -> kr 0x00000000 rid 119 GPUVA 0x10002490000 cpu 10a544000
[mtlr]   out: 0000010002490000 000000010a544000 000000010105d940 0000000000000000
[mtlr]   out: 0000007700000000 0000000000004000 0000000011082425 00000000000073fa
[mtlr] resource2 sel8 flags 470 sz 0x1000 -> kr 0x00000000 rid 119 GPUVA 0x10002490000 cpu 10a544000
[mtlr]   out: 0000010002490000 000000010a544000 000000010105d940 0000000000000000
[mtlr]   out: 0000007700000000 0000000000004000 0000000011082426 00000000000073fb
[mtlr] resource2 sel8 flags 470 sz 0x1000 -> kr 0x00000000 rid 119 GPUVA 0x10002490000 cpu 10a544000
[mtlr]   out: 0000010002490000 000000010a544000 000000010105d940 0000000000000000
[mtlr]   out: 0000007700000000 0000000000004000 0000000011082427 00000000000073fc
[mtlr] resource2 sel8 flags 470 sz 0x1000 -> kr 0x00000000 rid 119 GPUVA 0x10002490000 cpu 10a544000
[mtlr]   out: 0000010002490000 000000010a544000 000000010105d940 0000000000000000
[mtlr]   out: 0000007700000000 0000000000004000 0000000011082428 00000000000073fd
[mtlr] resource2 sel8 flags 470 sz 0x1000 -> kr 0x00000000 rid 119 GPUVA 0x10002490000 cpu 10a544000
[mtlr]   out: 0000010002490000 000000010a544000 000000010105d940 0000000000000000
[mtlr]   out: 0000007700000000 0000000000004000 0000000011082429 00000000000073fe
[mtlr] resource2 sel8 flags 470 sz 0x1000 -> kr 0x00000000 rid 119 GPUVA 0x10002490000 cpu 10a544000
[mtlr]   out: 0000010002490000 000000010a544000 000000010105d940 0000000000000000
[mtlr]   out: 0000007700000000 0000000000004000 000000001108242a 00000000000073ff
[mtlr] resource2 sel8 flags 470 sz 0x1000 -> kr 0x00000000 rid 119 GPUVA 0x10002490000 cpu 10a544000
[mtlr]   out: 0000010002490000 000000010a544000 000000010105d940 0000000000000000
[mtlr]   out: 0000007700000000 0000000000004000 000000001108242b 0000000000007400
[mtlr] resource2 sel8 flags 470 sz 0x1000 -> kr 0x00000000 rid 119 GPUVA 0x10002490000 cpu 10a544000
[mtlr]   out: 0000010002490000 000000010a544000 000000010105d940 0000000000000000
[mtlr]   out: 0000007700000000 0000000000004000 000000001108242c 0000000000007401
[mtlr] resource2 sel8 flags 470 sz 0x1000 -> kr 0x00000000 rid 119 GPUVA 0x10002490000 cpu 10a544000
[mtlr]   out: 0000010002490000 000000010a544000 000000010105d940 0000000000000000
[mtlr]   out: 0000007700000000 0000000000004000 000000001108242d 0000000000007402
[mtlr] resource2 sel8 flags 470 sz 0x1000 -> kr 0x00000000 rid 119 GPUVA 0x10002490000 cpu 10a544000
[mtlr]   out: 0000010002490000 000000010a544000 000000010105d940 0000000000000000
[mtlr]   out: 0000007700000000 0000000000004000 000000001108242e 0000000000007403
[mtlr] resource2 sel8 flags 470 sz 0x1000 -> kr 0x00000000 rid 119 GPUVA 0x10002490000 cpu 10a544000
[mtlr]   out: 0000010002490000 000000010a544000 000000010105d940 0000000000000000
[mtlr]   out: 0000007700000000 0000000000004000 000000001108242f 0000000000007404
[mtlr] resource2 sel8 flags 470 sz 0x1000 -> kr 0x00000000 rid 119 GPUVA 0x10002490000 cpu 10a544000
[mtlr]   out: 0000010002490000 000000010a544000 000000010105d940 0000000000000000
[mtlr]   out: 0000007700000000 0000000000004000 0000000011082430 0000000000007405
[uatrec] S4 r11 (+0s): nvv 8 ncb 8 vsz 0x100000 fill 0x0 destroy0 kr 0x00000000 nj 40
[uatrec] S4 r11 blit[0] slots 8 ridp 1
[uatrec] S4 r11 blit[1] slots 7 ridp 1
[uatrec] S4 r11 blit[2] slots 8 ridp 1
[uatrec] S4 r11 blit[3] slots 7 ridp 1
[uatrec] S4 r11 blit[4] slots 8 ridp 1
[uatrec] S4 r11 blit[5] slots 7 ridp 1
[uatrec] S4 r11 blit[6] slots 8 ridp 1
[uatrec] S4 r11 blit[7] slots 7 ridp 1
[mtlr] resource2 sel8 flags 470 sz 0x100000 -> kr 0x00000000 rid 119 GPUVA 0x10002490000 cpu 10a5c0000
[mtlr]   out: 0000010002490000 000000010a5c0000 000000010105d940 0000000000000000
[mtlr]   out: 0000007700000000 0000000000100000 000000001108245d 0000000000007408
[uatrec] S4 r12 victim[0] rid 119 gpuva 0x10002490000 cpu 0x10a5c0000 (top-of-stack)
[mtlr] resource2 sel8 flags 470 sz 0x100000 -> kr 0x00000000 rid 120 GPUVA 0x10002598000 cpu 10a9a0000
[mtlr]   out: 0000010002598000 000000010a9a0000 000000010105da00 0000000000000000
[mtlr]   out: 0000007800000000 0000000000100000 000000001108245e 0000000000007409
[uatrec] S4 r12 victim[1] rid 120 gpuva 0x10002598000 cpu 0x10a9a0000 (top-of-stack)
[mtlr] resource2 sel8 flags 470 sz 0x100000 -> kr 0x00000000 rid 121 GPUVA 0x100026a0000 cpu 10aaa0000
[mtlr]   out: 00000100026a0000 000000010aaa0000 000000010105dac0 0000000000000000
[mtlr]   out: 0000007900000000 0000000000100000 000000001108245f 000000000000740a
[uatrec] S4 r12 victim[2] rid 121 gpuva 0x100026a0000 cpu 0x10aaa0000 (top-of-stack)
[mtlr] resource2 sel8 flags 470 sz 0x100000 -> kr 0x00000000 rid 122 GPUVA 0x100027a8000 cpu 10b000000
[mtlr]   out: 00000100027a8000 000000010b000000 000000010105db80 0000000000000000
[mtlr]   out: 0000007a00000000 0000000000100000 0000000011082460 000000000000740b
[uatrec] S4 r12 victim[3] rid 122 gpuva 0x100027a8000 cpu 0x10b000000 (top-of-stack)
[mtlr] resource2 sel8 flags 470 sz 0x100000 -> kr 0x00000000 rid 123 GPUVA 0x100028b0000 cpu 10b100000
[mtlr]   out: 00000100028b0000 000000010b100000 000000010105dc40 0000000000000000
[mtlr]   out: 0000007b00000000 0000000000100000 0000000011082461 000000000000740c
[uatrec] S4 r12 victim[4] rid 123 gpuva 0x100028b0000 cpu 0x10b100000 (top-of-stack)
[mtlr] resource2 sel8 flags 470 sz 0x100000 -> kr 0x00000000 rid 124 GPUVA 0x100029b8000 cpu 10b200000
[mtlr]   out: 00000100029b8000 000000010b200000 000000010105dd00 0000000000000000
[mtlr]   out: 0000007c00000000 0000000000100000 0000000011082462 000000000000740d
[uatrec] S4 r12 victim[5] rid 124 gpuva 0x100029b8000 cpu 0x10b200000 (top-of-stack)
[mtlr] resource2 sel8 flags 470 sz 0x100000 -> kr 0x00000000 rid 125 GPUVA 0x10002ac0000 cpu 109d58000
[mtlr]   out: 0000010002ac0000 0000000109d58000 000000010105ddc0 0000000000000000
[mtlr]   out: 0000007d00000000 0000000000100000 0000000011082463 000000000000740e
[uatrec] S4 r12 victim[6] rid 125 gpuva 0x10002ac0000 cpu 0x109d58000 (top-of-stack)
[mtlr] resource2 sel8 flags 470 sz 0x100000 -> kr 0x00000000 rid 126 GPUVA 0x10002bc8000 cpu 109e58000
[mtlr]   out: 0000010002bc8000 0000000109e58000 000000010105de80 0000000000000000
[mtlr]   out: 0000007e00000000 0000000000100000 0000000011082464 000000000000740f
[uatrec] S4 r12 victim[7] rid 126 gpuva 0x10002bc8000 cpu 0x109e58000 (top-of-stack)
[mtlr] resource2 sel8 flags 470 sz 0x1000 -> kr 0x00000000 rid 119 GPUVA 0x10002490000 cpu 10a544000
[mtlr]   out: 0000010002490000 000000010a544000 000000010105d940 0000000000000000
[mtlr]   out: 0000007700000000 0000000000004000 0000000011082487 0000000000007419
[mtlr] resource2 sel8 flags 470 sz 0x1000 -> kr 0x00000000 rid 119 GPUVA 0x10002490000 cpu 10a544000
[mtlr]   out: 0000010002490000 000000010a544000 000000010105d940 0000000000000000
[mtlr]   out: 0000007700000000 0000000000004000 0000000011082488 000000000000741a
[mtlr] resource2 sel8 flags 470 sz 0x1000 -> kr 0x00000000 rid 119 GPUVA 0x10002490000 cpu 10a544000
[mtlr]   out: 0000010002490000 000000010a544000 000000010105d940 0000000000000000
[mtlr]   out: 0000007700000000 0000000000004000 0000000011082489 000000000000741b
[mtlr] resource2 sel8 flags 470 sz 0x1000 -> kr 0x00000000 rid 119 GPUVA 0x10002490000 cpu 10a544000
[mtlr]   out: 0000010002490000 000000010a544000 000000010105d940 0000000000000000
[mtlr]   out: 0000007700000000 0000000000004000 000000001108248a 000000000000741c
[mtlr] resource2 sel8 flags 470 sz 0x1000 -> kr 0x00000000 rid 119 GPUVA 0x10002490000 cpu 10a544000
[mtlr]   out: 0000010002490000 000000010a544000 000000010105d940 0000000000000000
[mtlr]   out: 0000007700000000 0000000000004000 000000001108248b 000000000000741d
[mtlr] resource2 sel8 flags 470 sz 0x1000 -> kr 0x00000000 rid 119 GPUVA 0x10002490000 cpu 10a544000
[mtlr]   out: 0000010002490000 000000010a544000 000000010105d940 0000000000000000
[mtlr]   out: 0000007700000000 0000000000004000 000000001108248c 000000000000741e
[mtlr] resource2 sel8 flags 470 sz 0x1000 -> kr 0x00000000 rid 119 GPUVA 0x10002490000 cpu 10a544000
[mtlr]   out: 0000010002490000 000000010a544000 000000010105d940 0000000000000000
[mtlr]   out: 0000007700000000 0000000000004000 000000001108248d 000000000000741f
[mtlr] resource2 sel8 flags 470 sz 0x1000 -> kr 0x00000000 rid 119 GPUVA 0x10002490000 cpu 10a544000
[mtlr]   out: 0000010002490000 000000010a544000 000000010105d940 0000000000000000
[mtlr]   out: 0000007700000000 0000000000004000 000000001108248e 0000000000007420
[mtlr] resource2 sel8 flags 470 sz 0x1000 -> kr 0x00000000 rid 119 GPUVA 0x10002490000 cpu 10a544000
[mtlr]   out: 0000010002490000 000000010a544000 000000010105d940 0000000000000000
[mtlr]   out: 0000007700000000 0000000000004000 000000001108248f 0000000000007421
[mtlr] resource2 sel8 flags 470 sz 0x1000 -> kr 0x00000000 rid 119 GPUVA 0x10002490000 cpu 10a544000
[mtlr]   out: 0000010002490000 000000010a544000 000000010105d940 0000000000000000
[mtlr]   out: 0000007700000000 0000000000004000 0000000011082490 0000000000007422
[mtlr] resource2 sel8 flags 470 sz 0x1000 -> kr 0x00000000 rid 119 GPUVA 0x10002490000 cpu 10a544000
[mtlr]   out: 0000010002490000 000000010a544000 000000010105d940 0000000000000000
[mtlr]   out: 0000007700000000 0000000000004000 0000000011082491 0000000000007423
[mtlr] resource2 sel8 flags 470 sz 0x1000 -> kr 0x00000000 rid 119 GPUVA 0x10002490000 cpu 10a544000
[mtlr]   out: 0000010002490000 000000010a544000 000000010105d940 0000000000000000
[mtlr]   out: 0000007700000000 0000000000004000 0000000011082492 0000000000007424
[mtlr] resource2 sel8 flags 470 sz 0x1000 -> kr 0x00000000 rid 119 GPUVA 0x10002490000 cpu 10a544000
[mtlr]   out: 0000010002490000 000000010a544000 000000010105d940 0000000000000000
[mtlr]   out: 0000007700000000 0000000000004000 0000000011082493 0000000000007425
[mtlr] resource2 sel8 flags 470 sz 0x1000 -> kr 0x00000000 rid 119 GPUVA 0x10002490000 cpu 10a544000
[mtlr]   out: 0000010002490000 000000010a544000 000000010105d940 0000000000000000
[mtlr]   out: 0000007700000000 0000000000004000 0000000011082494 0000000000007426
[mtlr] resource2 sel8 flags 470 sz 0x1000 -> kr 0x00000000 rid 119 GPUVA 0x10002490000 cpu 10a544000
[mtlr]   out: 0000010002490000 000000010a544000 000000010105d940 0000000000000000
[mtlr]   out: 0000007700000000 0000000000004000 0000000011082495 0000000000007427
[mtlr] resource2 sel8 flags 470 sz 0x1000 -> kr 0x00000000 rid 119 GPUVA 0x10002490000 cpu 10a544000
[mtlr]   out: 0000010002490000 000000010a544000 000000010105d940 0000000000000000
[mtlr]   out: 0000007700000000 0000000000004000 0000000011082496 0000000000007428
[mtlr] resource2 sel8 flags 470 sz 0x1000 -> kr 0x00000000 rid 119 GPUVA 0x10002490000 cpu 10a544000
[mtlr]   out: 0000010002490000 000000010a544000 000000010105d940 0000000000000000
[mtlr]   out: 0000007700000000 0000000000004000 0000000011082497 0000000000007429
[mtlr] resource2 sel8 flags 470 sz 0x1000 -> kr 0x00000000 rid 119 GPUVA 0x10002490000 cpu 10a544000
[mtlr]   out: 0000010002490000 000000010a544000 000000010105d940 0000000000000000
[mtlr]   out: 0000007700000000 0000000000004000 0000000011082498 000000000000742a
[mtlr] resource2 sel8 flags 470 sz 0x1000 -> kr 0x00000000 rid 119 GPUVA 0x10002490000 cpu 10a544000
[mtlr]   out: 0000010002490000 000000010a544000 000000010105d940 0000000000000000
[mtlr]   out: 0000007700000000 0000000000004000 0000000011082499 000000000000742b
[mtlr] resource2 sel8 flags 470 sz 0x1000 -> kr 0x00000000 rid 119 GPUVA 0x10002490000 cpu 10a544000
[mtlr]   out: 0000010002490000 000000010a544000 000000010105d940 0000000000000000
[mtlr]   out: 0000007700000000 0000000000004000 000000001108249a 000000000000742c
[mtlr] resource2 sel8 flags 470 sz 0x1000 -> kr 0x00000000 rid 119 GPUVA 0x10002490000 cpu 10a544000
[mtlr]   out: 0000010002490000 000000010a544000 000000010105d940 0000000000000000
[mtlr]   out: 0000007700000000 0000000000004000 000000001108249b 000000000000742d
[mtlr] resource2 sel8 flags 470 sz 0x1000 -> kr 0x00000000 rid 119 GPUVA 0x10002490000 cpu 10a544000
[mtlr]   out: 0000010002490000 000000010a544000 000000010105d940 0000000000000000
[mtlr]   out: 0000007700000000 0000000000004000 000000001108249c 000000000000742e
[mtlr] resource2 sel8 flags 470 sz 0x1000 -> kr 0x00000000 rid 119 GPUVA 0x10002490000 cpu 10a544000
[mtlr]   out: 0000010002490000 000000010a544000 000000010105d940 0000000000000000
[mtlr]   out: 0000007700000000 0000000000004000 000000001108249d 000000000000742f
[mtlr] resource2 sel8 flags 470 sz 0x1000 -> kr 0x00000000 rid 119 GPUVA 0x10002490000 cpu 10a544000
[mtlr]   out: 0000010002490000 000000010a544000 000000010105d940 0000000000000000
[mtlr]   out: 0000007700000000 0000000000004000 000000001108249e 0000000000007430
[mtlr] resource2 sel8 flags 470 sz 0x1000 -> kr 0x00000000 rid 119 GPUVA 0x10002490000 cpu 10a544000
[mtlr]   out: 0000010002490000 000000010a544000 000000010105d940 0000000000000000
[mtlr]   out: 0000007700000000 0000000000004000 000000001108249f 0000000000007431
[mtlr] resource2 sel8 flags 470 sz 0x1000 -> kr 0x00000000 rid 119 GPUVA 0x10002490000 cpu 10a544000
[mtlr]   out: 0000010002490000 000000010a544000 000000010105d940 0000000000000000
[mtlr]   out: 0000007700000000 0000000000004000 00000000110824a0 0000000000007432
[mtlr] resource2 sel8 flags 470 sz 0x1000 -> kr 0x00000000 rid 119 GPUVA 0x10002490000 cpu 10a544000
[mtlr]   out: 0000010002490000 000000010a544000 000000010105d940 0000000000000000
[mtlr]   out: 0000007700000000 0000000000004000 00000000110824a1 0000000000007433
[mtlr] resource2 sel8 flags 470 sz 0x1000 -> kr 0x00000000 rid 119 GPUVA 0x10002490000 cpu 10a544000
[mtlr]   out: 0000010002490000 000000010a544000 000000010105d940 0000000000000000
[mtlr]   out: 0000007700000000 0000000000004000 00000000110824a2 0000000000007434
[mtlr] resource2 sel8 flags 470 sz 0x1000 -> kr 0x00000000 rid 119 GPUVA 0x10002490000 cpu 10a544000
[mtlr]   out: 0000010002490000 000000010a544000 000000010105d940 0000000000000000
[mtlr]   out: 0000007700000000 0000000000004000 00000000110824a3 0000000000007435
[mtlr] resource2 sel8 flags 470 sz 0x1000 -> kr 0x00000000 rid 119 GPUVA 0x10002490000 cpu 10a544000
[mtlr]   out: 0000010002490000 000000010a544000 000000010105d940 0000000000000000
[mtlr]   out: 0000007700000000 0000000000004000 00000000110824a4 0000000000007436
[mtlr] resource2 sel8 flags 470 sz 0x1000 -> kr 0x00000000 rid 119 GPUVA 0x10002490000 cpu 10a544000
[mtlr]   out: 0000010002490000 000000010a544000 000000010105d940 0000000000000000
[mtlr]   out: 0000007700000000 0000000000004000 00000000110824a5 0000000000007437
[mtlr] resource2 sel8 flags 470 sz 0x1000 -> kr 0x00000000 rid 119 GPUVA 0x10002490000 cpu 10a544000
[mtlr]   out: 0000010002490000 000000010a544000 000000010105d940 0000000000000000
[mtlr]   out: 0000007700000000 0000000000004000 00000000110824a6 0000000000007438
[mtlr] resource2 sel8 flags 470 sz 0x1000 -> kr 0x00000000 rid 119 GPUVA 0x10002490000 cpu 10a544000
[mtlr]   out: 0000010002490000 000000010a544000 000000010105d940 0000000000000000
[mtlr]   out: 0000007700000000 0000000000004000 00000000110824a7 0000000000007439
[mtlr] resource2 sel8 flags 470 sz 0x1000 -> kr 0x00000000 rid 119 GPUVA 0x10002490000 cpu 10a544000
[mtlr]   out: 0000010002490000 000000010a544000 000000010105d940 0000000000000000
[mtlr]   out: 0000007700000000 0000000000004000 00000000110824a8 000000000000743a
[mtlr] resource2 sel8 flags 470 sz 0x1000 -> kr 0x00000000 rid 119 GPUVA 0x10002490000 cpu 10a544000
[mtlr]   out: 0000010002490000 000000010a544000 000000010105d940 0000000000000000
[mtlr]   out: 0000007700000000 0000000000004000 00000000110824a9 000000000000743b
[mtlr] resource2 sel8 flags 470 sz 0x1000 -> kr 0x00000000 rid 119 GPUVA 0x10002490000 cpu 10a544000
[mtlr]   out: 0000010002490000 000000010a544000 000000010105d940 0000000000000000
[mtlr]   out: 0000007700000000 0000000000004000 00000000110824aa 000000000000743c
[mtlr] resource2 sel8 flags 470 sz 0x1000 -> kr 0x00000000 rid 119 GPUVA 0x10002490000 cpu 10a544000
[mtlr]   out: 0000010002490000 000000010a544000 000000010105d940 0000000000000000
[mtlr]   out: 0000007700000000 0000000000004000 00000000110824ab 000000000000743d
[mtlr] resource2 sel8 flags 470 sz 0x1000 -> kr 0x00000000 rid 119 GPUVA 0x10002490000 cpu 10a544000
[mtlr]   out: 0000010002490000 000000010a544000 000000010105d940 0000000000000000
[mtlr]   out: 0000007700000000 0000000000004000 00000000110824ac 000000000000743e
[mtlr] resource2 sel8 flags 470 sz 0x1000 -> kr 0x00000000 rid 119 GPUVA 0x10002490000 cpu 10a544000
[mtlr]   out: 0000010002490000 000000010a544000 000000010105d940 0000000000000000
[mtlr]   out: 0000007700000000 0000000000004000 00000000110824ad 000000000000743f
[mtlr] resource2 sel8 flags 470 sz 0x1000 -> kr 0x00000000 rid 119 GPUVA 0x10002490000 cpu 10a544000
[mtlr]   out: 0000010002490000 000000010a544000 000000010105d940 0000000000000000
[mtlr]   out: 0000007700000000 0000000000004000 00000000110824ae 0000000000007440
[uatrec] S4 r12 (+0s): nvv 8 ncb 8 vsz 0x100000 fill 0x0 destroy0 kr 0x00000000 nj 40
[uatrec] S4 r12 blit[0] slots 7 ridp 1
[uatrec] S4 r12 blit[1] slots 8 ridp 1
[uatrec] S4 r12 blit[2] slots 7 ridp 1
[uatrec] S4 r12 blit[3] slots 7 ridp 1
[uatrec] S4 r12 blit[4] slots 7 ridp 1
[uatrec] S4 r12 blit[5] slots 8 ridp 1
[uatrec] S4 r12 blit[6] slots 7 ridp 1
[uatrec] S4 r12 blit[7] slots 8 ridp 1
[mtlr] resource2 sel8 flags 470 sz 0x100000 -> kr 0x00000000 rid 119 GPUVA 0x10002490000 cpu 109d58000
[mtlr]   out: 0000010002490000 0000000109d58000 000000010105d940 0000000000000000
[mtlr]   out: 0000007700000000 0000000000100000 00000000110824da 0000000000007443
[uatrec] S4 r13 victim[0] rid 119 gpuva 0x10002490000 cpu 0x109d58000 (top-of-stack)
[mtlr] resource2 sel8 flags 470 sz 0x100000 -> kr 0x00000000 rid 120 GPUVA 0x10002598000 cpu 109e58000
[mtlr]   out: 0000010002598000 0000000109e58000 000000010105da00 0000000000000000
[mtlr]   out: 0000007800000000 0000000000100000 00000000110824db 0000000000007444
[uatrec] S4 r13 victim[1] rid 120 gpuva 0x10002598000 cpu 0x109e58000 (top-of-stack)
[mtlr] resource2 sel8 flags 470 sz 0x100000 -> kr 0x00000000 rid 121 GPUVA 0x100026a0000 cpu 109f58000
[mtlr]   out: 00000100026a0000 0000000109f58000 000000010105dac0 0000000000000000
[mtlr]   out: 0000007900000000 0000000000100000 00000000110824dc 0000000000007445
[uatrec] S4 r13 victim[2] rid 121 gpuva 0x100026a0000 cpu 0x109f58000 (top-of-stack)
[mtlr] resource2 sel8 flags 470 sz 0x100000 -> kr 0x00000000 rid 122 GPUVA 0x100027a8000 cpu 10a058000
[mtlr]   out: 00000100027a8000 000000010a058000 000000010105db80 0000000000000000
[mtlr]   out: 0000007a00000000 0000000000100000 00000000110824dd 0000000000007446
[uatrec] S4 r13 victim[3] rid 122 gpuva 0x100027a8000 cpu 0x10a058000 (top-of-stack)
[mtlr] resource2 sel8 flags 470 sz 0x100000 -> kr 0x00000000 rid 123 GPUVA 0x100028b0000 cpu 10a164000
[mtlr]   out: 00000100028b0000 000000010a164000 000000010105dc40 0000000000000000
[mtlr]   out: 0000007b00000000 0000000000100000 00000000110824de 0000000000007447
[uatrec] S4 r13 victim[4] rid 123 gpuva 0x100028b0000 cpu 0x10a164000 (top-of-stack)
[mtlr] resource2 sel8 flags 470 sz 0x100000 -> kr 0x00000000 rid 124 GPUVA 0x100029b8000 cpu 10a264000
[mtlr]   out: 00000100029b8000 000000010a264000 000000010105dd00 0000000000000000
[mtlr]   out: 0000007c00000000 0000000000100000 00000000110824e5 0000000000007448
[uatrec] S4 r13 victim[5] rid 124 gpuva 0x100029b8000 cpu 0x10a264000 (top-of-stack)
[mtlr] resource2 sel8 flags 470 sz 0x100000 -> kr 0x00000000 rid 125 GPUVA 0x10002ac0000 cpu 10a364000
[mtlr]   out: 0000010002ac0000 000000010a364000 000000010105ddc0 0000000000000000
[mtlr]   out: 0000007d00000000 0000000000100000 00000000110824e7 0000000000007449
[uatrec] S4 r13 victim[6] rid 125 gpuva 0x10002ac0000 cpu 0x10a364000 (top-of-stack)
[mtlr] resource2 sel8 flags 470 sz 0x100000 -> kr 0x00000000 rid 126 GPUVA 0x10002bc8000 cpu 10a5c0000
[mtlr]   out: 0000010002bc8000 000000010a5c0000 000000010105de80 0000000000000000
[mtlr]   out: 0000007e00000000 0000000000100000 00000000110824e8 000000000000744a
[uatrec] S4 r13 victim[7] rid 126 gpuva 0x10002bc8000 cpu 0x10a5c0000 (top-of-stack)
[mtlr] resource2 sel8 flags 470 sz 0x1000 -> kr 0x00000000 rid 119 GPUVA 0x10002490000 cpu 10a544000
[mtlr]   out: 0000010002490000 000000010a544000 000000010105d940 0000000000000000
[mtlr]   out: 0000007700000000 0000000000004000 0000000011082504 0000000000007454
[mtlr] resource2 sel8 flags 470 sz 0x1000 -> kr 0x00000000 rid 119 GPUVA 0x10002490000 cpu 10a544000
[mtlr]   out: 0000010002490000 000000010a544000 000000010105d940 0000000000000000
[mtlr]   out: 0000007700000000 0000000000004000 0000000011082505 0000000000007455
[mtlr] resource2 sel8 flags 470 sz 0x1000 -> kr 0x00000000 rid 119 GPUVA 0x10002490000 cpu 10a544000
[mtlr]   out: 0000010002490000 000000010a544000 000000010105d940 0000000000000000
[mtlr]   out: 0000007700000000 0000000000004000 0000000011082506 0000000000007456
[mtlr] resource2 sel8 flags 470 sz 0x1000 -> kr 0x00000000 rid 119 GPUVA 0x10002490000 cpu 10a544000
[mtlr]   out: 0000010002490000 000000010a544000 000000010105d940 0000000000000000
[mtlr]   out: 0000007700000000 0000000000004000 0000000011082507 0000000000007457
[mtlr] resource2 sel8 flags 470 sz 0x1000 -> kr 0x00000000 rid 119 GPUVA 0x10002490000 cpu 10a544000
[mtlr]   out: 0000010002490000 000000010a544000 000000010105d940 0000000000000000
[mtlr]   out: 0000007700000000 0000000000004000 0000000011082508 0000000000007458
[mtlr] resource2 sel8 flags 470 sz 0x1000 -> kr 0x00000000 rid 119 GPUVA 0x10002490000 cpu 10a544000
[mtlr]   out: 0000010002490000 000000010a544000 000000010105d940 0000000000000000
[mtlr]   out: 0000007700000000 0000000000004000 0000000011082509 0000000000007459
[mtlr] resource2 sel8 flags 470 sz 0x1000 -> kr 0x00000000 rid 119 GPUVA 0x10002490000 cpu 10a544000
[mtlr]   out: 0000010002490000 000000010a544000 000000010105d940 0000000000000000
[mtlr]   out: 0000007700000000 0000000000004000 000000001108250a 000000000000745a
[mtlr] resource2 sel8 flags 470 sz 0x1000 -> kr 0x00000000 rid 119 GPUVA 0x10002490000 cpu 10a544000
[mtlr]   out: 0000010002490000 000000010a544000 000000010105d940 0000000000000000
[mtlr]   out: 0000007700000000 0000000000004000 000000001108250b 000000000000745b
[mtlr] resource2 sel8 flags 470 sz 0x1000 -> kr 0x00000000 rid 119 GPUVA 0x10002490000 cpu 10a544000
[mtlr]   out: 0000010002490000 000000010a544000 000000010105d940 0000000000000000
[mtlr]   out: 0000007700000000 0000000000004000 000000001108250c 000000000000745c
[mtlr] resource2 sel8 flags 470 sz 0x1000 -> kr 0x00000000 rid 119 GPUVA 0x10002490000 cpu 10a544000
[mtlr]   out: 0000010002490000 000000010a544000 000000010105d940 0000000000000000
[mtlr]   out: 0000007700000000 0000000000004000 000000001108250d 000000000000745d
[mtlr] resource2 sel8 flags 470 sz 0x1000 -> kr 0x00000000 rid 119 GPUVA 0x10002490000 cpu 10a544000
[mtlr]   out: 0000010002490000 000000010a544000 000000010105d940 0000000000000000
[mtlr]   out: 0000007700000000 0000000000004000 000000001108250e 000000000000745e
[mtlr] resource2 sel8 flags 470 sz 0x1000 -> kr 0x00000000 rid 119 GPUVA 0x10002490000 cpu 10a544000
[mtlr]   out: 0000010002490000 000000010a544000 000000010105d940 0000000000000000
[mtlr]   out: 0000007700000000 0000000000004000 000000001108250f 000000000000745f
[mtlr] resource2 sel8 flags 470 sz 0x1000 -> kr 0x00000000 rid 119 GPUVA 0x10002490000 cpu 10a544000
[mtlr]   out: 0000010002490000 000000010a544000 000000010105d940 0000000000000000
[mtlr]   out: 0000007700000000 0000000000004000 0000000011082510 0000000000007460
[mtlr] resource2 sel8 flags 470 sz 0x1000 -> kr 0x00000000 rid 119 GPUVA 0x10002490000 cpu 10a544000
[mtlr]   out: 0000010002490000 000000010a544000 000000010105d940 0000000000000000
[mtlr]   out: 0000007700000000 0000000000004000 0000000011082511 0000000000007461
[mtlr] resource2 sel8 flags 470 sz 0x1000 -> kr 0x00000000 rid 119 GPUVA 0x10002490000 cpu 10a544000
[mtlr]   out: 0000010002490000 000000010a544000 000000010105d940 0000000000000000
[mtlr]   out: 0000007700000000 0000000000004000 0000000011082512 0000000000007462
[mtlr] resource2 sel8 flags 470 sz 0x1000 -> kr 0x00000000 rid 119 GPUVA 0x10002490000 cpu 10a544000
[mtlr]   out: 0000010002490000 000000010a544000 000000010105d940 0000000000000000
[mtlr]   out: 0000007700000000 0000000000004000 0000000011082513 0000000000007463
[mtlr] resource2 sel8 flags 470 sz 0x1000 -> kr 0x00000000 rid 119 GPUVA 0x10002490000 cpu 10a544000
[mtlr]   out: 0000010002490000 000000010a544000 000000010105d940 0000000000000000
[mtlr]   out: 0000007700000000 0000000000004000 0000000011082514 0000000000007464
[mtlr] resource2 sel8 flags 470 sz 0x1000 -> kr 0x00000000 rid 119 GPUVA 0x10002490000 cpu 10a544000
[mtlr]   out: 0000010002490000 000000010a544000 000000010105d940 0000000000000000
[mtlr]   out: 0000007700000000 0000000000004000 0000000011082515 0000000000007465
[mtlr] resource2 sel8 flags 470 sz 0x1000 -> kr 0x00000000 rid 119 GPUVA 0x10002490000 cpu 10a544000
[mtlr]   out: 0000010002490000 000000010a544000 000000010105d940 0000000000000000
[mtlr]   out: 0000007700000000 0000000000004000 0000000011082516 0000000000007466
[mtlr] resource2 sel8 flags 470 sz 0x1000 -> kr 0x00000000 rid 119 GPUVA 0x10002490000 cpu 10a544000
[mtlr]   out: 0000010002490000 000000010a544000 000000010105d940 0000000000000000
[mtlr]   out: 0000007700000000 0000000000004000 0000000011082517 0000000000007467
[mtlr] resource2 sel8 flags 470 sz 0x1000 -> kr 0x00000000 rid 119 GPUVA 0x10002490000 cpu 10a544000
[mtlr]   out: 0000010002490000 000000010a544000 000000010105d940 0000000000000000
[mtlr]   out: 0000007700000000 0000000000004000 0000000011082518 0000000000007468
[mtlr] resource2 sel8 flags 470 sz 0x1000 -> kr 0x00000000 rid 119 GPUVA 0x10002490000 cpu 10a544000
[mtlr]   out: 0000010002490000 000000010a544000 000000010105d940 0000000000000000
[mtlr]   out: 0000007700000000 0000000000004000 0000000011082519 0000000000007469
[mtlr] resource2 sel8 flags 470 sz 0x1000 -> kr 0x00000000 rid 119 GPUVA 0x10002490000 cpu 10a544000
[mtlr]   out: 0000010002490000 000000010a544000 000000010105d940 0000000000000000
[mtlr]   out: 0000007700000000 0000000000004000 000000001108251a 000000000000746a
[mtlr] resource2 sel8 flags 470 sz 0x1000 -> kr 0x00000000 rid 119 GPUVA 0x10002490000 cpu 10a544000
[mtlr]   out: 0000010002490000 000000010a544000 000000010105d940 0000000000000000
[mtlr]   out: 0000007700000000 0000000000004000 000000001108251b 000000000000746b
[mtlr] resource2 sel8 flags 470 sz 0x1000 -> kr 0x00000000 rid 119 GPUVA 0x10002490000 cpu 10a544000
[mtlr]   out: 0000010002490000 000000010a544000 000000010105d940 0000000000000000
[mtlr]   out: 0000007700000000 0000000000004000 000000001108251c 000000000000746c
[mtlr] resource2 sel8 flags 470 sz 0x1000 -> kr 0x00000000 rid 119 GPUVA 0x10002490000 cpu 10a544000
[mtlr]   out: 0000010002490000 000000010a544000 000000010105d940 0000000000000000
[mtlr]   out: 0000007700000000 0000000000004000 000000001108251d 000000000000746d
[mtlr] resource2 sel8 flags 470 sz 0x1000 -> kr 0x00000000 rid 119 GPUVA 0x10002490000 cpu 10a544000
[mtlr]   out: 0000010002490000 000000010a544000 000000010105d940 0000000000000000
[mtlr]   out: 0000007700000000 0000000000004000 000000001108251e 000000000000746e
[mtlr] resource2 sel8 flags 470 sz 0x1000 -> kr 0x00000000 rid 119 GPUVA 0x10002490000 cpu 10a544000
[mtlr]   out: 0000010002490000 000000010a544000 000000010105d940 0000000000000000
[mtlr]   out: 0000007700000000 0000000000004000 000000001108251f 000000000000746f
[mtlr] resource2 sel8 flags 470 sz 0x1000 -> kr 0x00000000 rid 119 GPUVA 0x10002490000 cpu 10a544000
[mtlr]   out: 0000010002490000 000000010a544000 000000010105d940 0000000000000000
[mtlr]   out: 0000007700000000 0000000000004000 0000000011082520 0000000000007470
[mtlr] resource2 sel8 flags 470 sz 0x1000 -> kr 0x00000000 rid 119 GPUVA 0x10002490000 cpu 10a544000
[mtlr]   out: 0000010002490000 000000010a544000 000000010105d940 0000000000000000
[mtlr]   out: 0000007700000000 0000000000004000 0000000011082521 0000000000007471
[mtlr] resource2 sel8 flags 470 sz 0x1000 -> kr 0x00000000 rid 119 GPUVA 0x10002490000 cpu 10a544000
[mtlr]   out: 0000010002490000 000000010a544000 000000010105d940 0000000000000000
[mtlr]   out: 0000007700000000 0000000000004000 0000000011082522 0000000000007472
[mtlr] resource2 sel8 flags 470 sz 0x1000 -> kr 0x00000000 rid 119 GPUVA 0x10002490000 cpu 10a544000
[mtlr]   out: 0000010002490000 000000010a544000 000000010105d940 0000000000000000
[mtlr]   out: 0000007700000000 0000000000004000 0000000011082523 0000000000007473
[mtlr] resource2 sel8 flags 470 sz 0x1000 -> kr 0x00000000 rid 119 GPUVA 0x10002490000 cpu 10a544000
[mtlr]   out: 0000010002490000 000000010a544000 000000010105d940 0000000000000000
[mtlr]   out: 0000007700000000 0000000000004000 0000000011082524 0000000000007474
[mtlr] resource2 sel8 flags 470 sz 0x1000 -> kr 0x00000000 rid 119 GPUVA 0x10002490000 cpu 10a544000
[mtlr]   out: 0000010002490000 000000010a544000 000000010105d940 0000000000000000
[mtlr]   out: 0000007700000000 0000000000004000 0000000011082525 0000000000007475
[mtlr] resource2 sel8 flags 470 sz 0x1000 -> kr 0x00000000 rid 119 GPUVA 0x10002490000 cpu 10a544000
[mtlr]   out: 0000010002490000 000000010a544000 000000010105d940 0000000000000000
[mtlr]   out: 0000007700000000 0000000000004000 0000000011082526 0000000000007476
[mtlr] resource2 sel8 flags 470 sz 0x1000 -> kr 0x00000000 rid 119 GPUVA 0x10002490000 cpu 10a544000
[mtlr]   out: 0000010002490000 000000010a544000 000000010105d940 0000000000000000
[mtlr]   out: 0000007700000000 0000000000004000 0000000011082527 0000000000007477
[mtlr] resource2 sel8 flags 470 sz 0x1000 -> kr 0x00000000 rid 119 GPUVA 0x10002490000 cpu 10a544000
[mtlr]   out: 0000010002490000 000000010a544000 000000010105d940 0000000000000000
[mtlr]   out: 0000007700000000 0000000000004000 0000000011082528 0000000000007478
[mtlr] resource2 sel8 flags 470 sz 0x1000 -> kr 0x00000000 rid 119 GPUVA 0x10002490000 cpu 10a544000
[mtlr]   out: 0000010002490000 000000010a544000 000000010105d940 0000000000000000
[mtlr]   out: 0000007700000000 0000000000004000 0000000011082529 0000000000007479
[mtlr] resource2 sel8 flags 470 sz 0x1000 -> kr 0x00000000 rid 119 GPUVA 0x10002490000 cpu 10a544000
[mtlr]   out: 0000010002490000 000000010a544000 000000010105d940 0000000000000000
[mtlr]   out: 0000007700000000 0000000000004000 000000001108252a 000000000000747a
[mtlr] resource2 sel8 flags 470 sz 0x1000 -> kr 0x00000000 rid 119 GPUVA 0x10002490000 cpu 10a544000
[mtlr]   out: 0000010002490000 000000010a544000 000000010105d940 0000000000000000
[mtlr]   out: 0000007700000000 0000000000004000 000000001108252b 000000000000747b
[uatrec] S4 r13 (+1s): nvv 8 ncb 8 vsz 0x100000 fill 0x0 destroy0 kr 0x00000000 nj 40
[uatrec] S4 r13 blit[0] slots 7 ridp 1
[uatrec] S4 r13 blit[1] slots 7 ridp 1
[uatrec] S4 r13 blit[2] slots 7 ridp 1
[uatrec] S4 r13 blit[3] slots 7 ridp 1
[uatrec] S4 r13 blit[4] slots 7 ridp 1
[uatrec] S4 r13 blit[5] slots 7 ridp 1
[uatrec] S4 r13 blit[6] slots 7 ridp 1
[uatrec] S4 r13 blit[7] slots 7 ridp 1
[mtlr] resource2 sel8 flags 470 sz 0x100000 -> kr 0x00000000 rid 119 GPUVA 0x10002490000 cpu 10a730000
[mtlr]   out: 0000010002490000 000000010a730000 000000010105d940 0000000000000000
[mtlr]   out: 0000007700000000 0000000000100000 0000000011082557 000000000000747e
[uatrec] S4 r14 victim[0] rid 119 gpuva 0x10002490000 cpu 0x10a730000 (top-of-stack)
[mtlr] resource2 sel8 flags 470 sz 0x100000 -> kr 0x00000000 rid 120 GPUVA 0x10002598000 cpu 10a830000
[mtlr]   out: 0000010002598000 000000010a830000 000000010105da00 0000000000000000
[mtlr]   out: 0000007800000000 0000000000100000 0000000011082558 000000000000747f
[uatrec] S4 r14 victim[1] rid 120 gpuva 0x10002598000 cpu 0x10a830000 (top-of-stack)
[mtlr] resource2 sel8 flags 470 sz 0x100000 -> kr 0x00000000 rid 121 GPUVA 0x100026a0000 cpu 10a9a0000
[mtlr]   out: 00000100026a0000 000000010a9a0000 000000010105dac0 0000000000000000
[mtlr]   out: 0000007900000000 0000000000100000 0000000011082559 0000000000007480
[uatrec] S4 r14 victim[2] rid 121 gpuva 0x100026a0000 cpu 0x10a9a0000 (top-of-stack)
[mtlr] resource2 sel8 flags 470 sz 0x100000 -> kr 0x00000000 rid 122 GPUVA 0x100027a8000 cpu 10aaa0000
[mtlr]   out: 00000100027a8000 000000010aaa0000 000000010105db80 0000000000000000
[mtlr]   out: 0000007a00000000 0000000000100000 000000001108255a 0000000000007481
[uatrec] S4 r14 victim[3] rid 122 gpuva 0x100027a8000 cpu 0x10aaa0000 (top-of-stack)
[mtlr] resource2 sel8 flags 470 sz 0x100000 -> kr 0x00000000 rid 123 GPUVA 0x100028b0000 cpu 10b000000
[mtlr]   out: 00000100028b0000 000000010b000000 000000010105dc40 0000000000000000
[mtlr]   out: 0000007b00000000 0000000000100000 000000001108255b 0000000000007482
[uatrec] S4 r14 victim[4] rid 123 gpuva 0x100028b0000 cpu 0x10b000000 (top-of-stack)
[mtlr] resource2 sel8 flags 470 sz 0x100000 -> kr 0x00000000 rid 124 GPUVA 0x100029b8000 cpu 105ec8000
[mtlr]   out: 00000100029b8000 0000000105ec8000 000000010105dd00 0000000000000000
[mtlr]   out: 0000007c00000000 0000000000100000 000000001108255c 0000000000007483
[uatrec] S4 r14 victim[5] rid 124 gpuva 0x100029b8000 cpu 0x105ec8000 (top-of-stack)
[mtlr] resource2 sel8 flags 470 sz 0x100000 -> kr 0x00000000 rid 125 GPUVA 0x10002ac0000 cpu 109d60000
[mtlr]   out: 0000010002ac0000 0000000109d60000 000000010105ddc0 0000000000000000
[mtlr]   out: 0000007d00000000 0000000000100000 000000001108255f 0000000000007484
[uatrec] S4 r14 victim[6] rid 125 gpuva 0x10002ac0000 cpu 0x109d60000 (top-of-stack)
[mtlr] resource2 sel8 flags 470 sz 0x100000 -> kr 0x00000000 rid 126 GPUVA 0x10002bc8000 cpu 109e60000
[mtlr]   out: 0000010002bc8000 0000000109e60000 000000010105de80 0000000000000000
[mtlr]   out: 0000007e00000000 0000000000100000 0000000011082565 0000000000007485
[uatrec] S4 r14 victim[7] rid 126 gpuva 0x10002bc8000 cpu 0x109e60000 (top-of-stack)
[mtlr] resource2 sel8 flags 470 sz 0x1000 -> kr 0x00000000 rid 119 GPUVA 0x10002490000 cpu 10a060000
[mtlr]   out: 0000010002490000 000000010a060000 000000010105d940 0000000000000000
[mtlr]   out: 0000007700000000 0000000000004000 0000000011082581 000000000000748f
[mtlr] resource2 sel8 flags 470 sz 0x1000 -> kr 0x00000000 rid 119 GPUVA 0x10002490000 cpu 10a060000
[mtlr]   out: 0000010002490000 000000010a060000 000000010105d940 0000000000000000
[mtlr]   out: 0000007700000000 0000000000004000 0000000011082582 0000000000007490
[mtlr] resource2 sel8 flags 470 sz 0x1000 -> kr 0x00000000 rid 119 GPUVA 0x10002490000 cpu 10a060000
[mtlr]   out: 0000010002490000 000000010a060000 000000010105d940 0000000000000000
[mtlr]   out: 0000007700000000 0000000000004000 0000000011082583 0000000000007491
[mtlr] resource2 sel8 flags 470 sz 0x1000 -> kr 0x00000000 rid 119 GPUVA 0x10002490000 cpu 10a060000
[mtlr]   out: 0000010002490000 000000010a060000 000000010105d940 0000000000000000
[mtlr]   out: 0000007700000000 0000000000004000 0000000011082584 0000000000007492
[mtlr] resource2 sel8 flags 470 sz 0x1000 -> kr 0x00000000 rid 119 GPUVA 0x10002490000 cpu 10a060000
[mtlr]   out: 0000010002490000 000000010a060000 000000010105d940 0000000000000000
[mtlr]   out: 0000007700000000 0000000000004000 0000000011082585 0000000000007493
[mtlr] resource2 sel8 flags 470 sz 0x1000 -> kr 0x00000000 rid 119 GPUVA 0x10002490000 cpu 10a060000
[mtlr]   out: 0000010002490000 000000010a060000 000000010105d940 0000000000000000
[mtlr]   out: 0000007700000000 0000000000004000 0000000011082586 0000000000007494
[mtlr] resource2 sel8 flags 470 sz 0x1000 -> kr 0x00000000 rid 119 GPUVA 0x10002490000 cpu 10a060000
[mtlr]   out: 0000010002490000 000000010a060000 000000010105d940 0000000000000000
[mtlr]   out: 0000007700000000 0000000000004000 0000000011082587 0000000000007495
[mtlr] resource2 sel8 flags 470 sz 0x1000 -> kr 0x00000000 rid 119 GPUVA 0x10002490000 cpu 10a060000
[mtlr]   out: 0000010002490000 000000010a060000 000000010105d940 0000000000000000
[mtlr]   out: 0000007700000000 0000000000004000 0000000011082588 0000000000007496
[mtlr] resource2 sel8 flags 470 sz 0x1000 -> kr 0x00000000 rid 119 GPUVA 0x10002490000 cpu 10a060000
[mtlr]   out: 0000010002490000 000000010a060000 000000010105d940 0000000000000000
[mtlr]   out: 0000007700000000 0000000000004000 0000000011082589 0000000000007497
[mtlr] resource2 sel8 flags 470 sz 0x1000 -> kr 0x00000000 rid 119 GPUVA 0x10002490000 cpu 10a060000
[mtlr]   out: 0000010002490000 000000010a060000 000000010105d940 0000000000000000
[mtlr]   out: 0000007700000000 0000000000004000 000000001108258a 0000000000007498
[mtlr] resource2 sel8 flags 470 sz 0x1000 -> kr 0x00000000 rid 119 GPUVA 0x10002490000 cpu 10a060000
[mtlr]   out: 0000010002490000 000000010a060000 000000010105d940 0000000000000000
[mtlr]   out: 0000007700000000 0000000000004000 000000001108258b 0000000000007499
[mtlr] resource2 sel8 flags 470 sz 0x1000 -> kr 0x00000000 rid 119 GPUVA 0x10002490000 cpu 10a060000
[mtlr]   out: 0000010002490000 000000010a060000 000000010105d940 0000000000000000
[mtlr]   out: 0000007700000000 0000000000004000 000000001108258c 000000000000749a
[mtlr] resource2 sel8 flags 470 sz 0x1000 -> kr 0x00000000 rid 119 GPUVA 0x10002490000 cpu 10a060000
[mtlr]   out: 0000010002490000 000000010a060000 000000010105d940 0000000000000000
[mtlr]   out: 0000007700000000 0000000000004000 000000001108258d 000000000000749b
[mtlr] resource2 sel8 flags 470 sz 0x1000 -> kr 0x00000000 rid 119 GPUVA 0x10002490000 cpu 10a060000
[mtlr]   out: 0000010002490000 000000010a060000 000000010105d940 0000000000000000
[mtlr]   out: 0000007700000000 0000000000004000 000000001108258e 000000000000749c
[mtlr] resource2 sel8 flags 470 sz 0x1000 -> kr 0x00000000 rid 119 GPUVA 0x10002490000 cpu 10a060000
[mtlr]   out: 0000010002490000 000000010a060000 000000010105d940 0000000000000000
[mtlr]   out: 0000007700000000 0000000000004000 000000001108258f 000000000000749d
[mtlr] resource2 sel8 flags 470 sz 0x1000 -> kr 0x00000000 rid 119 GPUVA 0x10002490000 cpu 10a060000
[mtlr]   out: 0000010002490000 000000010a060000 000000010105d940 0000000000000000
[mtlr]   out: 0000007700000000 0000000000004000 0000000011082590 000000000000749e
[mtlr] resource2 sel8 flags 470 sz 0x1000 -> kr 0x00000000 rid 119 GPUVA 0x10002490000 cpu 10a060000
[mtlr]   out: 0000010002490000 000000010a060000 000000010105d940 0000000000000000
[mtlr]   out: 0000007700000000 0000000000004000 0000000011082591 000000000000749f
[mtlr] resource2 sel8 flags 470 sz 0x1000 -> kr 0x00000000 rid 119 GPUVA 0x10002490000 cpu 10a060000
[mtlr]   out: 0000010002490000 000000010a060000 000000010105d940 0000000000000000
[mtlr]   out: 0000007700000000 0000000000004000 0000000011082592 00000000000074a0
[mtlr] resource2 sel8 flags 470 sz 0x1000 -> kr 0x00000000 rid 119 GPUVA 0x10002490000 cpu 10a060000
[mtlr]   out: 0000010002490000 000000010a060000 000000010105d940 0000000000000000
[mtlr]   out: 0000007700000000 0000000000004000 0000000011082593 00000000000074a1
[mtlr] resource2 sel8 flags 470 sz 0x1000 -> kr 0x00000000 rid 119 GPUVA 0x10002490000 cpu 10a060000
[mtlr]   out: 0000010002490000 000000010a060000 000000010105d940 0000000000000000
[mtlr]   out: 0000007700000000 0000000000004000 0000000011082594 00000000000074a2
[mtlr] resource2 sel8 flags 470 sz 0x1000 -> kr 0x00000000 rid 119 GPUVA 0x10002490000 cpu 10a060000
[mtlr]   out: 0000010002490000 000000010a060000 000000010105d940 0000000000000000
[mtlr]   out: 0000007700000000 0000000000004000 0000000011082595 00000000000074a3
[mtlr] resource2 sel8 flags 470 sz 0x1000 -> kr 0x00000000 rid 119 GPUVA 0x10002490000 cpu 10a060000
[mtlr]   out: 0000010002490000 000000010a060000 000000010105d940 0000000000000000
[mtlr]   out: 0000007700000000 0000000000004000 0000000011082596 00000000000074a4
[mtlr] resource2 sel8 flags 470 sz 0x1000 -> kr 0x00000000 rid 119 GPUVA 0x10002490000 cpu 10a060000
[mtlr]   out: 0000010002490000 000000010a060000 000000010105d940 0000000000000000
[mtlr]   out: 0000007700000000 0000000000004000 0000000011082597 00000000000074a5
[mtlr] resource2 sel8 flags 470 sz 0x1000 -> kr 0x00000000 rid 119 GPUVA 0x10002490000 cpu 10a060000
[mtlr]   out: 0000010002490000 000000010a060000 000000010105d940 0000000000000000
[mtlr]   out: 0000007700000000 0000000000004000 0000000011082598 00000000000074a6
[mtlr] resource2 sel8 flags 470 sz 0x1000 -> kr 0x00000000 rid 119 GPUVA 0x10002490000 cpu 10a060000
[mtlr]   out: 0000010002490000 000000010a060000 000000010105d940 0000000000000000
[mtlr]   out: 0000007700000000 0000000000004000 0000000011082599 00000000000074a7
[mtlr] resource2 sel8 flags 470 sz 0x1000 -> kr 0x00000000 rid 119 GPUVA 0x10002490000 cpu 10a060000
[mtlr]   out: 0000010002490000 000000010a060000 000000010105d940 0000000000000000
[mtlr]   out: 0000007700000000 0000000000004000 000000001108259a 00000000000074a8
[mtlr] resource2 sel8 flags 470 sz 0x1000 -> kr 0x00000000 rid 119 GPUVA 0x10002490000 cpu 10a060000
[mtlr]   out: 0000010002490000 000000010a060000 000000010105d940 0000000000000000
[mtlr]   out: 0000007700000000 0000000000004000 000000001108259b 00000000000074a9
[mtlr] resource2 sel8 flags 470 sz 0x1000 -> kr 0x00000000 rid 119 GPUVA 0x10002490000 cpu 10a060000
[mtlr]   out: 0000010002490000 000000010a060000 000000010105d940 0000000000000000
[mtlr]   out: 0000007700000000 0000000000004000 000000001108259c 00000000000074aa
[mtlr] resource2 sel8 flags 470 sz 0x1000 -> kr 0x00000000 rid 119 GPUVA 0x10002490000 cpu 10a060000
[mtlr]   out: 0000010002490000 000000010a060000 000000010105d940 0000000000000000
[mtlr]   out: 0000007700000000 0000000000004000 000000001108259d 00000000000074ab
[mtlr] resource2 sel8 flags 470 sz 0x1000 -> kr 0x00000000 rid 119 GPUVA 0x10002490000 cpu 10a060000
[mtlr]   out: 0000010002490000 000000010a060000 000000010105d940 0000000000000000
[mtlr]   out: 0000007700000000 0000000000004000 000000001108259e 00000000000074ac
[mtlr] resource2 sel8 flags 470 sz 0x1000 -> kr 0x00000000 rid 119 GPUVA 0x10002490000 cpu 10a060000
[mtlr]   out: 0000010002490000 000000010a060000 000000010105d940 0000000000000000
[mtlr]   out: 0000007700000000 0000000000004000 000000001108259f 00000000000074ad
[mtlr] resource2 sel8 flags 470 sz 0x1000 -> kr 0x00000000 rid 119 GPUVA 0x10002490000 cpu 10a060000
[mtlr]   out: 0000010002490000 000000010a060000 000000010105d940 0000000000000000
[mtlr]   out: 0000007700000000 0000000000004000 00000000110825a0 00000000000074ae
[mtlr] resource2 sel8 flags 470 sz 0x1000 -> kr 0x00000000 rid 119 GPUVA 0x10002490000 cpu 10a060000
[mtlr]   out: 0000010002490000 000000010a060000 000000010105d940 0000000000000000
[mtlr]   out: 0000007700000000 0000000000004000 00000000110825a1 00000000000074af
[mtlr] resource2 sel8 flags 470 sz 0x1000 -> kr 0x00000000 rid 119 GPUVA 0x10002490000 cpu 10a060000
[mtlr]   out: 0000010002490000 000000010a060000 000000010105d940 0000000000000000
[mtlr]   out: 0000007700000000 0000000000004000 00000000110825a2 00000000000074b0
[mtlr] resource2 sel8 flags 470 sz 0x1000 -> kr 0x00000000 rid 119 GPUVA 0x10002490000 cpu 10a060000
[mtlr]   out: 0000010002490000 000000010a060000 000000010105d940 0000000000000000
[mtlr]   out: 0000007700000000 0000000000004000 00000000110825a3 00000000000074b1
[mtlr] resource2 sel8 flags 470 sz 0x1000 -> kr 0x00000000 rid 119 GPUVA 0x10002490000 cpu 10a060000
[mtlr]   out: 0000010002490000 000000010a060000 000000010105d940 0000000000000000
[mtlr]   out: 0000007700000000 0000000000004000 00000000110825a4 00000000000074b2
[mtlr] resource2 sel8 flags 470 sz 0x1000 -> kr 0x00000000 rid 119 GPUVA 0x10002490000 cpu 10a060000
[mtlr]   out: 0000010002490000 000000010a060000 000000010105d940 0000000000000000
[mtlr]   out: 0000007700000000 0000000000004000 00000000110825a5 00000000000074b3
[mtlr] resource2 sel8 flags 470 sz 0x1000 -> kr 0x00000000 rid 119 GPUVA 0x10002490000 cpu 10a060000
[mtlr]   out: 0000010002490000 000000010a060000 000000010105d940 0000000000000000
[mtlr]   out: 0000007700000000 0000000000004000 00000000110825a6 00000000000074b4
[mtlr] resource2 sel8 flags 470 sz 0x1000 -> kr 0x00000000 rid 119 GPUVA 0x10002490000 cpu 10a060000
[mtlr]   out: 0000010002490000 000000010a060000 000000010105d940 0000000000000000
[mtlr]   out: 0000007700000000 0000000000004000 00000000110825a7 00000000000074b5
[mtlr] resource2 sel8 flags 470 sz 0x1000 -> kr 0x00000000 rid 119 GPUVA 0x10002490000 cpu 10a060000
[mtlr]   out: 0000010002490000 000000010a060000 000000010105d940 0000000000000000
[mtlr]   out: 0000007700000000 0000000000004000 00000000110825a8 00000000000074b6
[uatrec] S4 r14 (+1s): nvv 8 ncb 8 vsz 0x100000 fill 0x0 destroy0 kr 0x00000000 nj 40
[uatrec] S4 r14 blit[0] slots 8 ridp 1
[uatrec] S4 r14 blit[1] slots 7 ridp 1
[uatrec] S4 r14 blit[2] slots 7 ridp 1
[uatrec] S4 r14 blit[3] slots 7 ridp 1
[uatrec] S4 r14 blit[4] slots 7 ridp 1
[uatrec] S4 r14 blit[5] slots 7 ridp 1
[uatrec] S4 r14 blit[6] slots 7 ridp 1
[uatrec] S4 r14 blit[7] slots 7 ridp 1
[mtlr] resource2 sel8 flags 470 sz 0x100000 -> kr 0x00000000 rid 119 GPUVA 0x10002490000 cpu 10a164000
[mtlr]   out: 0000010002490000 000000010a164000 000000010105d940 0000000000000000
[mtlr]   out: 0000007700000000 0000000000100000 00000000110825d5 00000000000074b9
[uatrec] S4 r15 victim[0] rid 119 gpuva 0x10002490000 cpu 0x10a164000 (top-of-stack)
[mtlr] resource2 sel8 flags 470 sz 0x100000 -> kr 0x00000000 rid 120 GPUVA 0x10002598000 cpu 10a264000
[mtlr]   out: 0000010002598000 000000010a264000 000000010105da00 0000000000000000
[mtlr]   out: 0000007800000000 0000000000100000 00000000110825d6 00000000000074ba
[uatrec] S4 r15 victim[1] rid 120 gpuva 0x10002598000 cpu 0x10a264000 (top-of-stack)
[mtlr] resource2 sel8 flags 470 sz 0x100000 -> kr 0x00000000 rid 121 GPUVA 0x100026a0000 cpu 109d58000
[mtlr]   out: 00000100026a0000 0000000109d58000 000000010105dac0 0000000000000000
[mtlr]   out: 0000007900000000 0000000000100000 00000000110825d7 00000000000074bb
[uatrec] S4 r15 victim[2] rid 121 gpuva 0x100026a0000 cpu 0x109d58000 (top-of-stack)
[mtlr] resource2 sel8 flags 470 sz 0x100000 -> kr 0x00000000 rid 122 GPUVA 0x100027a8000 cpu 109e58000
[mtlr]   out: 00000100027a8000 0000000109e58000 000000010105db80 0000000000000000
[mtlr]   out: 0000007a00000000 0000000000100000 00000000110825df 00000000000074bc
[uatrec] S4 r15 victim[3] rid 122 gpuva 0x100027a8000 cpu 0x109e58000 (top-of-stack)
[mtlr] resource2 sel8 flags 470 sz 0x100000 -> kr 0x00000000 rid 123 GPUVA 0x100028b0000 cpu 109f58000
[mtlr]   out: 00000100028b0000 0000000109f58000 000000010105dc40 0000000000000000
[mtlr]   out: 0000007b00000000 0000000000100000 00000000110825e0 00000000000074bd
[uatrec] S4 r15 victim[4] rid 123 gpuva 0x100028b0000 cpu 0x109f58000 (top-of-stack)
[mtlr] resource2 sel8 flags 470 sz 0x100000 -> kr 0x00000000 rid 124 GPUVA 0x100029b8000 cpu 10a058000
[mtlr]   out: 00000100029b8000 000000010a058000 000000010105dd00 0000000000000000
[mtlr]   out: 0000007c00000000 0000000000100000 00000000110825e1 00000000000074be
[uatrec] S4 r15 victim[5] rid 124 gpuva 0x100029b8000 cpu 0x10a058000 (top-of-stack)
[mtlr] resource2 sel8 flags 470 sz 0x100000 -> kr 0x00000000 rid 125 GPUVA 0x10002ac0000 cpu 10a364000
[mtlr]   out: 0000010002ac0000 000000010a364000 000000010105ddc0 0000000000000000
[mtlr]   out: 0000007d00000000 0000000000100000 00000000110825e2 00000000000074bf
[uatrec] S4 r15 victim[6] rid 125 gpuva 0x10002ac0000 cpu 0x10a364000 (top-of-stack)
[mtlr] resource2 sel8 flags 470 sz 0x100000 -> kr 0x00000000 rid 126 GPUVA 0x10002bc8000 cpu 10a5c0000
[mtlr]   out: 0000010002bc8000 000000010a5c0000 000000010105de80 0000000000000000
[mtlr]   out: 0000007e00000000 0000000000100000 00000000110825e3 00000000000074c0
[uatrec] S4 r15 victim[7] rid 126 gpuva 0x10002bc8000 cpu 0x10a5c0000 (top-of-stack)
[mtlr] resource2 sel8 flags 470 sz 0x1000 -> kr 0x00000000 rid 119 GPUVA 0x10002490000 cpu 10a544000
[mtlr]   out: 0000010002490000 000000010a544000 000000010105d940 0000000000000000
[mtlr]   out: 0000007700000000 0000000000004000 00000000110825ff 00000000000074ca
[mtlr] resource2 sel8 flags 470 sz 0x1000 -> kr 0x00000000 rid 119 GPUVA 0x10002490000 cpu 10a544000
[mtlr]   out: 0000010002490000 000000010a544000 000000010105d940 0000000000000000
[mtlr]   out: 0000007700000000 0000000000004000 0000000011082600 00000000000074cb
[mtlr] resource2 sel8 flags 470 sz 0x1000 -> kr 0x00000000 rid 119 GPUVA 0x10002490000 cpu 10a544000
[mtlr]   out: 0000010002490000 000000010a544000 000000010105d940 0000000000000000
[mtlr]   out: 0000007700000000 0000000000004000 0000000011082601 00000000000074cc
[mtlr] resource2 sel8 flags 470 sz 0x1000 -> kr 0x00000000 rid 119 GPUVA 0x10002490000 cpu 10a544000
[mtlr]   out: 0000010002490000 000000010a544000 000000010105d940 0000000000000000
[mtlr]   out: 0000007700000000 0000000000004000 0000000011082602 00000000000074cd
[mtlr] resource2 sel8 flags 470 sz 0x1000 -> kr 0x00000000 rid 119 GPUVA 0x10002490000 cpu 10a544000
[mtlr]   out: 0000010002490000 000000010a544000 000000010105d940 0000000000000000
[mtlr]   out: 0000007700000000 0000000000004000 0000000011082603 00000000000074ce
[mtlr] resource2 sel8 flags 470 sz 0x1000 -> kr 0x00000000 rid 119 GPUVA 0x10002490000 cpu 10a544000
[mtlr]   out: 0000010002490000 000000010a544000 000000010105d940 0000000000000000
[mtlr]   out: 0000007700000000 0000000000004000 0000000011082604 00000000000074cf
[mtlr] resource2 sel8 flags 470 sz 0x1000 -> kr 0x00000000 rid 119 GPUVA 0x10002490000 cpu 10a544000
[mtlr]   out: 0000010002490000 000000010a544000 000000010105d940 0000000000000000
[mtlr]   out: 0000007700000000 0000000000004000 0000000011082605 00000000000074d0
[mtlr] resource2 sel8 flags 470 sz 0x1000 -> kr 0x00000000 rid 119 GPUVA 0x10002490000 cpu 10a544000
[mtlr]   out: 0000010002490000 000000010a544000 000000010105d940 0000000000000000
[mtlr]   out: 0000007700000000 0000000000004000 0000000011082606 00000000000074d1
[mtlr] resource2 sel8 flags 470 sz 0x1000 -> kr 0x00000000 rid 119 GPUVA 0x10002490000 cpu 10a544000
[mtlr]   out: 0000010002490000 000000010a544000 000000010105d940 0000000000000000
[mtlr]   out: 0000007700000000 0000000000004000 0000000011082607 00000000000074d2
[mtlr] resource2 sel8 flags 470 sz 0x1000 -> kr 0x00000000 rid 119 GPUVA 0x10002490000 cpu 10a544000
[mtlr]   out: 0000010002490000 000000010a544000 000000010105d940 0000000000000000
[mtlr]   out: 0000007700000000 0000000000004000 0000000011082608 00000000000074d3
[mtlr] resource2 sel8 flags 470 sz 0x1000 -> kr 0x00000000 rid 119 GPUVA 0x10002490000 cpu 10a544000
[mtlr]   out: 0000010002490000 000000010a544000 000000010105d940 0000000000000000
[mtlr]   out: 0000007700000000 0000000000004000 0000000011082609 00000000000074d4
[mtlr] resource2 sel8 flags 470 sz 0x1000 -> kr 0x00000000 rid 119 GPUVA 0x10002490000 cpu 10a544000
[mtlr]   out: 0000010002490000 000000010a544000 000000010105d940 0000000000000000
[mtlr]   out: 0000007700000000 0000000000004000 000000001108260a 00000000000074d5
[mtlr] resource2 sel8 flags 470 sz 0x1000 -> kr 0x00000000 rid 119 GPUVA 0x10002490000 cpu 10a544000
[mtlr]   out: 0000010002490000 000000010a544000 000000010105d940 0000000000000000
[mtlr]   out: 0000007700000000 0000000000004000 000000001108260b 00000000000074d6
[mtlr] resource2 sel8 flags 470 sz 0x1000 -> kr 0x00000000 rid 119 GPUVA 0x10002490000 cpu 10a544000
[mtlr]   out: 0000010002490000 000000010a544000 000000010105d940 0000000000000000
[mtlr]   out: 0000007700000000 0000000000004000 000000001108260c 00000000000074d7
[mtlr] resource2 sel8 flags 470 sz 0x1000 -> kr 0x00000000 rid 119 GPUVA 0x10002490000 cpu 10a544000
[mtlr]   out: 0000010002490000 000000010a544000 000000010105d940 0000000000000000
[mtlr]   out: 0000007700000000 0000000000004000 000000001108260d 00000000000074d8
[mtlr] resource2 sel8 flags 470 sz 0x1000 -> kr 0x00000000 rid 119 GPUVA 0x10002490000 cpu 10a544000
[mtlr]   out: 0000010002490000 000000010a544000 000000010105d940 0000000000000000
[mtlr]   out: 0000007700000000 0000000000004000 000000001108260e 00000000000074d9
[mtlr] resource2 sel8 flags 470 sz 0x1000 -> kr 0x00000000 rid 119 GPUVA 0x10002490000 cpu 10a544000
[mtlr]   out: 0000010002490000 000000010a544000 000000010105d940 0000000000000000
[mtlr]   out: 0000007700000000 0000000000004000 000000001108260f 00000000000074da
[mtlr] resource2 sel8 flags 470 sz 0x1000 -> kr 0x00000000 rid 119 GPUVA 0x10002490000 cpu 10a544000
[mtlr]   out: 0000010002490000 000000010a544000 000000010105d940 0000000000000000
[mtlr]   out: 0000007700000000 0000000000004000 0000000011082610 00000000000074db
[mtlr] resource2 sel8 flags 470 sz 0x1000 -> kr 0x00000000 rid 119 GPUVA 0x10002490000 cpu 10a544000
[mtlr]   out: 0000010002490000 000000010a544000 000000010105d940 0000000000000000
[mtlr]   out: 0000007700000000 0000000000004000 0000000011082611 00000000000074dc
[mtlr] resource2 sel8 flags 470 sz 0x1000 -> kr 0x00000000 rid 119 GPUVA 0x10002490000 cpu 10a544000
[mtlr]   out: 0000010002490000 000000010a544000 000000010105d940 0000000000000000
[mtlr]   out: 0000007700000000 0000000000004000 0000000011082612 00000000000074dd
[mtlr] resource2 sel8 flags 470 sz 0x1000 -> kr 0x00000000 rid 119 GPUVA 0x10002490000 cpu 10a544000
[mtlr]   out: 0000010002490000 000000010a544000 000000010105d940 0000000000000000
[mtlr]   out: 0000007700000000 0000000000004000 0000000011082613 00000000000074de
[mtlr] resource2 sel8 flags 470 sz 0x1000 -> kr 0x00000000 rid 119 GPUVA 0x10002490000 cpu 10a544000
[mtlr]   out: 0000010002490000 000000010a544000 000000010105d940 0000000000000000
[mtlr]   out: 0000007700000000 0000000000004000 0000000011082614 00000000000074df
[mtlr] resource2 sel8 flags 470 sz 0x1000 -> kr 0x00000000 rid 119 GPUVA 0x10002490000 cpu 10a544000
[mtlr]   out: 0000010002490000 000000010a544000 000000010105d940 0000000000000000
[mtlr]   out: 0000007700000000 0000000000004000 0000000011082615 00000000000074e0
[mtlr] resource2 sel8 flags 470 sz 0x1000 -> kr 0x00000000 rid 119 GPUVA 0x10002490000 cpu 10a544000
[mtlr]   out: 0000010002490000 000000010a544000 000000010105d940 0000000000000000
[mtlr]   out: 0000007700000000 0000000000004000 0000000011082616 00000000000074e1
[mtlr] resource2 sel8 flags 470 sz 0x1000 -> kr 0x00000000 rid 119 GPUVA 0x10002490000 cpu 10a544000
[mtlr]   out: 0000010002490000 000000010a544000 000000010105d940 0000000000000000
[mtlr]   out: 0000007700000000 0000000000004000 0000000011082617 00000000000074e2
[mtlr] resource2 sel8 flags 470 sz 0x1000 -> kr 0x00000000 rid 119 GPUVA 0x10002490000 cpu 10a544000
[mtlr]   out: 0000010002490000 000000010a544000 000000010105d940 0000000000000000
[mtlr]   out: 0000007700000000 0000000000004000 0000000011082618 00000000000074e3
[mtlr] resource2 sel8 flags 470 sz 0x1000 -> kr 0x00000000 rid 119 GPUVA 0x10002490000 cpu 10a544000
[mtlr]   out: 0000010002490000 000000010a544000 000000010105d940 0000000000000000
[mtlr]   out: 0000007700000000 0000000000004000 0000000011082619 00000000000074e4
[mtlr] resource2 sel8 flags 470 sz 0x1000 -> kr 0x00000000 rid 119 GPUVA 0x10002490000 cpu 10a544000
[mtlr]   out: 0000010002490000 000000010a544000 000000010105d940 0000000000000000
[mtlr]   out: 0000007700000000 0000000000004000 000000001108261a 00000000000074e5
[mtlr] resource2 sel8 flags 470 sz 0x1000 -> kr 0x00000000 rid 119 GPUVA 0x10002490000 cpu 10a544000
[mtlr]   out: 0000010002490000 000000010a544000 000000010105d940 0000000000000000
[mtlr]   out: 0000007700000000 0000000000004000 000000001108261b 00000000000074e6
[mtlr] resource2 sel8 flags 470 sz 0x1000 -> kr 0x00000000 rid 119 GPUVA 0x10002490000 cpu 10a544000
[mtlr]   out: 0000010002490000 000000010a544000 000000010105d940 0000000000000000
[mtlr]   out: 0000007700000000 0000000000004000 000000001108261c 00000000000074e7
[mtlr] resource2 sel8 flags 470 sz 0x1000 -> kr 0x00000000 rid 119 GPUVA 0x10002490000 cpu 10a544000
[mtlr]   out: 0000010002490000 000000010a544000 000000010105d940 0000000000000000
[mtlr]   out: 0000007700000000 0000000000004000 000000001108261d 00000000000074e8
[mtlr] resource2 sel8 flags 470 sz 0x1000 -> kr 0x00000000 rid 119 GPUVA 0x10002490000 cpu 10a544000
[mtlr]   out: 0000010002490000 000000010a544000 000000010105d940 0000000000000000
[mtlr]   out: 0000007700000000 0000000000004000 000000001108261e 00000000000074e9
[mtlr] resource2 sel8 flags 470 sz 0x1000 -> kr 0x00000000 rid 119 GPUVA 0x10002490000 cpu 10a544000
[mtlr]   out: 0000010002490000 000000010a544000 000000010105d940 0000000000000000
[mtlr]   out: 0000007700000000 0000000000004000 000000001108261f 00000000000074ea
[mtlr] resource2 sel8 flags 470 sz 0x1000 -> kr 0x00000000 rid 119 GPUVA 0x10002490000 cpu 10a544000
[mtlr]   out: 0000010002490000 000000010a544000 000000010105d940 0000000000000000
[mtlr]   out: 0000007700000000 0000000000004000 0000000011082620 00000000000074eb
[mtlr] resource2 sel8 flags 470 sz 0x1000 -> kr 0x00000000 rid 119 GPUVA 0x10002490000 cpu 10a544000
[mtlr]   out: 0000010002490000 000000010a544000 000000010105d940 0000000000000000
[mtlr]   out: 0000007700000000 0000000000004000 0000000011082621 00000000000074ec
[mtlr] resource2 sel8 flags 470 sz 0x1000 -> kr 0x00000000 rid 119 GPUVA 0x10002490000 cpu 10a544000
[mtlr]   out: 0000010002490000 000000010a544000 000000010105d940 0000000000000000
[mtlr]   out: 0000007700000000 0000000000004000 0000000011082622 00000000000074ed
[mtlr] resource2 sel8 flags 470 sz 0x1000 -> kr 0x00000000 rid 119 GPUVA 0x10002490000 cpu 10a544000
[mtlr]   out: 0000010002490000 000000010a544000 000000010105d940 0000000000000000
[mtlr]   out: 0000007700000000 0000000000004000 0000000011082623 00000000000074ee
[mtlr] resource2 sel8 flags 470 sz 0x1000 -> kr 0x00000000 rid 119 GPUVA 0x10002490000 cpu 10a544000
[mtlr]   out: 0000010002490000 000000010a544000 000000010105d940 0000000000000000
[mtlr]   out: 0000007700000000 0000000000004000 0000000011082624 00000000000074ef
[mtlr] resource2 sel8 flags 470 sz 0x1000 -> kr 0x00000000 rid 119 GPUVA 0x10002490000 cpu 10a544000
[mtlr]   out: 0000010002490000 000000010a544000 000000010105d940 0000000000000000
[mtlr]   out: 0000007700000000 0000000000004000 0000000011082625 00000000000074f0
[mtlr] resource2 sel8 flags 470 sz 0x1000 -> kr 0x00000000 rid 119 GPUVA 0x10002490000 cpu 10a544000
[mtlr]   out: 0000010002490000 000000010a544000 000000010105d940 0000000000000000
[mtlr]   out: 0000007700000000 0000000000004000 0000000011082626 00000000000074f1
[uatrec] S4 r15 (+1s): nvv 8 ncb 8 vsz 0x100000 fill 0x0 destroy0 kr 0x00000000 nj 40
[uatrec] S4 r15 blit[0] slots 7 ridp 1
[uatrec] S4 r15 blit[1] slots 7 ridp 1
[uatrec] S4 r15 blit[2] slots 7 ridp 1
[uatrec] S4 r15 blit[3] slots 7 ridp 1
[uatrec] S4 r15 blit[4] slots 7 ridp 1
[uatrec] S4 r15 blit[5] slots 7 ridp 1
[uatrec] S4 r15 blit[6] slots 7 ridp 1
[uatrec] S4 r15 blit[7] slots 7 ridp 1
[mtlr] resource2 sel8 flags 470 sz 0x100000 -> kr 0x00000000 rid 119 GPUVA 0x10002490000 cpu 109d58000
[mtlr]   out: 0000010002490000 0000000109d58000 000000010105d940 0000000000000000
[mtlr]   out: 0000007700000000 0000000000100000 0000000011082652 00000000000074f4
[uatrec] S4 r16 victim[0] rid 119 gpuva 0x10002490000 cpu 0x109d58000 (top-of-stack)
[mtlr] resource2 sel8 flags 470 sz 0x100000 -> kr 0x00000000 rid 120 GPUVA 0x10002598000 cpu 109e58000
[mtlr]   out: 0000010002598000 0000000109e58000 000000010105da00 0000000000000000
[mtlr]   out: 0000007800000000 0000000000100000 0000000011082653 00000000000074f5
[uatrec] S4 r16 victim[1] rid 120 gpuva 0x10002598000 cpu 0x109e58000 (top-of-stack)
[mtlr] resource2 sel8 flags 470 sz 0x100000 -> kr 0x00000000 rid 121 GPUVA 0x100026a0000 cpu 109f58000
[mtlr]   out: 00000100026a0000 0000000109f58000 000000010105dac0 0000000000000000
[mtlr]   out: 0000007900000000 0000000000100000 0000000011082654 00000000000074f6
[uatrec] S4 r16 victim[2] rid 121 gpuva 0x100026a0000 cpu 0x109f58000 (top-of-stack)
[mtlr] resource2 sel8 flags 470 sz 0x100000 -> kr 0x00000000 rid 122 GPUVA 0x100027a8000 cpu 10a058000
[mtlr]   out: 00000100027a8000 000000010a058000 000000010105db80 0000000000000000
[mtlr]   out: 0000007a00000000 0000000000100000 0000000011082655 00000000000074f7
[uatrec] S4 r16 victim[3] rid 122 gpuva 0x100027a8000 cpu 0x10a058000 (top-of-stack)
[mtlr] resource2 sel8 flags 470 sz 0x100000 -> kr 0x00000000 rid 123 GPUVA 0x100028b0000 cpu 10a164000
[mtlr]   out: 00000100028b0000 000000010a164000 000000010105dc40 0000000000000000
[mtlr]   out: 0000007b00000000 0000000000100000 0000000011082656 00000000000074f8
[uatrec] S4 r16 victim[4] rid 123 gpuva 0x100028b0000 cpu 0x10a164000 (top-of-stack)
[mtlr] resource2 sel8 flags 470 sz 0x100000 -> kr 0x00000000 rid 124 GPUVA 0x100029b8000 cpu 10a264000
[mtlr]   out: 00000100029b8000 000000010a264000 000000010105dd00 0000000000000000
[mtlr]   out: 0000007c00000000 0000000000100000 000000001108265e 00000000000074f9
[uatrec] S4 r16 victim[5] rid 124 gpuva 0x100029b8000 cpu 0x10a264000 (top-of-stack)
[mtlr] resource2 sel8 flags 470 sz 0x100000 -> kr 0x00000000 rid 125 GPUVA 0x10002ac0000 cpu 10a364000
[mtlr]   out: 0000010002ac0000 000000010a364000 000000010105ddc0 0000000000000000
[mtlr]   out: 0000007d00000000 0000000000100000 000000001108265f 00000000000074fa
[uatrec] S4 r16 victim[6] rid 125 gpuva 0x10002ac0000 cpu 0x10a364000 (top-of-stack)
[mtlr] resource2 sel8 flags 470 sz 0x100000 -> kr 0x00000000 rid 126 GPUVA 0x10002bc8000 cpu 10a5c0000
[mtlr]   out: 0000010002bc8000 000000010a5c0000 000000010105de80 0000000000000000
[mtlr]   out: 0000007e00000000 0000000000100000 0000000011082660 00000000000074fb
[uatrec] S4 r16 victim[7] rid 126 gpuva 0x10002bc8000 cpu 0x10a5c0000 (top-of-stack)
[mtlr] resource2 sel8 flags 470 sz 0x1000 -> kr 0x00000000 rid 119 GPUVA 0x10002490000 cpu 10a544000
[mtlr]   out: 0000010002490000 000000010a544000 000000010105d940 0000000000000000
[mtlr]   out: 0000007700000000 0000000000004000 000000001108267c 0000000000007505
[mtlr] resource2 sel8 flags 470 sz 0x1000 -> kr 0x00000000 rid 119 GPUVA 0x10002490000 cpu 10a544000
[mtlr]   out: 0000010002490000 000000010a544000 000000010105d940 0000000000000000
[mtlr]   out: 0000007700000000 0000000000004000 000000001108267d 0000000000007506
[mtlr] resource2 sel8 flags 470 sz 0x1000 -> kr 0x00000000 rid 119 GPUVA 0x10002490000 cpu 10a544000
[mtlr]   out: 0000010002490000 000000010a544000 000000010105d940 0000000000000000
[mtlr]   out: 0000007700000000 0000000000004000 000000001108267e 0000000000007507
[mtlr] resource2 sel8 flags 470 sz 0x1000 -> kr 0x00000000 rid 119 GPUVA 0x10002490000 cpu 10a544000
[mtlr]   out: 0000010002490000 000000010a544000 000000010105d940 0000000000000000
[mtlr]   out: 0000007700000000 0000000000004000 000000001108267f 0000000000007508
[mtlr] resource2 sel8 flags 470 sz 0x1000 -> kr 0x00000000 rid 119 GPUVA 0x10002490000 cpu 10a544000
[mtlr]   out: 0000010002490000 000000010a544000 000000010105d940 0000000000000000
[mtlr]   out: 0000007700000000 0000000000004000 0000000011082680 0000000000007509
[mtlr] resource2 sel8 flags 470 sz 0x1000 -> kr 0x00000000 rid 119 GPUVA 0x10002490000 cpu 10a544000
[mtlr]   out: 0000010002490000 000000010a544000 000000010105d940 0000000000000000
[mtlr]   out: 0000007700000000 0000000000004000 0000000011082681 000000000000750a
[mtlr] resource2 sel8 flags 470 sz 0x1000 -> kr 0x00000000 rid 119 GPUVA 0x10002490000 cpu 10a544000
[mtlr]   out: 0000010002490000 000000010a544000 000000010105d940 0000000000000000
[mtlr]   out: 0000007700000000 0000000000004000 0000000011082682 000000000000750b
[mtlr] resource2 sel8 flags 470 sz 0x1000 -> kr 0x00000000 rid 119 GPUVA 0x10002490000 cpu 10a544000
[mtlr]   out: 0000010002490000 000000010a544000 000000010105d940 0000000000000000
[mtlr]   out: 0000007700000000 0000000000004000 0000000011082683 000000000000750c
[mtlr] resource2 sel8 flags 470 sz 0x1000 -> kr 0x00000000 rid 119 GPUVA 0x10002490000 cpu 10a544000
[mtlr]   out: 0000010002490000 000000010a544000 000000010105d940 0000000000000000
[mtlr]   out: 0000007700000000 0000000000004000 0000000011082684 000000000000750d
[mtlr] resource2 sel8 flags 470 sz 0x1000 -> kr 0x00000000 rid 119 GPUVA 0x10002490000 cpu 10a544000
[mtlr]   out: 0000010002490000 000000010a544000 000000010105d940 0000000000000000
[mtlr]   out: 0000007700000000 0000000000004000 0000000011082685 000000000000750e
[mtlr] resource2 sel8 flags 470 sz 0x1000 -> kr 0x00000000 rid 119 GPUVA 0x10002490000 cpu 10a544000
[mtlr]   out: 0000010002490000 000000010a544000 000000010105d940 0000000000000000
[mtlr]   out: 0000007700000000 0000000000004000 0000000011082686 000000000000750f
[mtlr] resource2 sel8 flags 470 sz 0x1000 -> kr 0x00000000 rid 119 GPUVA 0x10002490000 cpu 10a544000
[mtlr]   out: 0000010002490000 000000010a544000 000000010105d940 0000000000000000
[mtlr]   out: 0000007700000000 0000000000004000 0000000011082687 0000000000007510
[mtlr] resource2 sel8 flags 470 sz 0x1000 -> kr 0x00000000 rid 119 GPUVA 0x10002490000 cpu 10a544000
[mtlr]   out: 0000010002490000 000000010a544000 000000010105d940 0000000000000000
[mtlr]   out: 0000007700000000 0000000000004000 0000000011082688 0000000000007511
[mtlr] resource2 sel8 flags 470 sz 0x1000 -> kr 0x00000000 rid 119 GPUVA 0x10002490000 cpu 10a544000
[mtlr]   out: 0000010002490000 000000010a544000 000000010105d940 0000000000000000
[mtlr]   out: 0000007700000000 0000000000004000 0000000011082689 0000000000007512
[mtlr] resource2 sel8 flags 470 sz 0x1000 -> kr 0x00000000 rid 119 GPUVA 0x10002490000 cpu 10a544000
[mtlr]   out: 0000010002490000 000000010a544000 000000010105d940 0000000000000000
[mtlr]   out: 0000007700000000 0000000000004000 000000001108268a 0000000000007513
[mtlr] resource2 sel8 flags 470 sz 0x1000 -> kr 0x00000000 rid 119 GPUVA 0x10002490000 cpu 10a544000
[mtlr]   out: 0000010002490000 000000010a544000 000000010105d940 0000000000000000
[mtlr]   out: 0000007700000000 0000000000004000 000000001108268b 0000000000007514
[mtlr] resource2 sel8 flags 470 sz 0x1000 -> kr 0x00000000 rid 119 GPUVA 0x10002490000 cpu 10a544000
[mtlr]   out: 0000010002490000 000000010a544000 000000010105d940 0000000000000000
[mtlr]   out: 0000007700000000 0000000000004000 000000001108268c 0000000000007515
[mtlr] resource2 sel8 flags 470 sz 0x1000 -> kr 0x00000000 rid 119 GPUVA 0x10002490000 cpu 10a544000
[mtlr]   out: 0000010002490000 000000010a544000 000000010105d940 0000000000000000
[mtlr]   out: 0000007700000000 0000000000004000 000000001108268d 0000000000007516
[mtlr] resource2 sel8 flags 470 sz 0x1000 -> kr 0x00000000 rid 119 GPUVA 0x10002490000 cpu 10a544000
[mtlr]   out: 0000010002490000 000000010a544000 000000010105d940 0000000000000000
[mtlr]   out: 0000007700000000 0000000000004000 000000001108268e 0000000000007517
[mtlr] resource2 sel8 flags 470 sz 0x1000 -> kr 0x00000000 rid 119 GPUVA 0x10002490000 cpu 10a544000
[mtlr]   out: 0000010002490000 000000010a544000 000000010105d940 0000000000000000
[mtlr]   out: 0000007700000000 0000000000004000 000000001108268f 0000000000007518
[mtlr] resource2 sel8 flags 470 sz 0x1000 -> kr 0x00000000 rid 119 GPUVA 0x10002490000 cpu 10a544000
[mtlr]   out: 0000010002490000 000000010a544000 000000010105d940 0000000000000000
[mtlr]   out: 0000007700000000 0000000000004000 0000000011082690 0000000000007519
[mtlr] resource2 sel8 flags 470 sz 0x1000 -> kr 0x00000000 rid 119 GPUVA 0x10002490000 cpu 10a544000
[mtlr]   out: 0000010002490000 000000010a544000 000000010105d940 0000000000000000
[mtlr]   out: 0000007700000000 0000000000004000 0000000011082691 000000000000751a
[mtlr] resource2 sel8 flags 470 sz 0x1000 -> kr 0x00000000 rid 119 GPUVA 0x10002490000 cpu 10a544000
[mtlr]   out: 0000010002490000 000000010a544000 000000010105d940 0000000000000000
[mtlr]   out: 0000007700000000 0000000000004000 0000000011082692 000000000000751b
[mtlr] resource2 sel8 flags 470 sz 0x1000 -> kr 0x00000000 rid 119 GPUVA 0x10002490000 cpu 10a544000
[mtlr]   out: 0000010002490000 000000010a544000 000000010105d940 0000000000000000
[mtlr]   out: 0000007700000000 0000000000004000 0000000011082693 000000000000751c
[mtlr] resource2 sel8 flags 470 sz 0x1000 -> kr 0x00000000 rid 119 GPUVA 0x10002490000 cpu 10a544000
[mtlr]   out: 0000010002490000 000000010a544000 000000010105d940 0000000000000000
[mtlr]   out: 0000007700000000 0000000000004000 0000000011082694 000000000000751d
[mtlr] resource2 sel8 flags 470 sz 0x1000 -> kr 0x00000000 rid 119 GPUVA 0x10002490000 cpu 10a544000
[mtlr]   out: 0000010002490000 000000010a544000 000000010105d940 0000000000000000
[mtlr]   out: 0000007700000000 0000000000004000 0000000011082695 000000000000751e
[mtlr] resource2 sel8 flags 470 sz 0x1000 -> kr 0x00000000 rid 119 GPUVA 0x10002490000 cpu 10a544000
[mtlr]   out: 0000010002490000 000000010a544000 000000010105d940 0000000000000000
[mtlr]   out: 0000007700000000 0000000000004000 0000000011082696 000000000000751f
[mtlr] resource2 sel8 flags 470 sz 0x1000 -> kr 0x00000000 rid 119 GPUVA 0x10002490000 cpu 10a544000
[mtlr]   out: 0000010002490000 000000010a544000 000000010105d940 0000000000000000
[mtlr]   out: 0000007700000000 0000000000004000 0000000011082697 0000000000007520
[mtlr] resource2 sel8 flags 470 sz 0x1000 -> kr 0x00000000 rid 119 GPUVA 0x10002490000 cpu 10a544000
[mtlr]   out: 0000010002490000 000000010a544000 000000010105d940 0000000000000000
[mtlr]   out: 0000007700000000 0000000000004000 0000000011082698 0000000000007521
[mtlr] resource2 sel8 flags 470 sz 0x1000 -> kr 0x00000000 rid 119 GPUVA 0x10002490000 cpu 10a544000
[mtlr]   out: 0000010002490000 000000010a544000 000000010105d940 0000000000000000
[mtlr]   out: 0000007700000000 0000000000004000 0000000011082699 0000000000007522
[mtlr] resource2 sel8 flags 470 sz 0x1000 -> kr 0x00000000 rid 119 GPUVA 0x10002490000 cpu 10a544000
[mtlr]   out: 0000010002490000 000000010a544000 000000010105d940 0000000000000000
[mtlr]   out: 0000007700000000 0000000000004000 000000001108269a 0000000000007523
[mtlr] resource2 sel8 flags 470 sz 0x1000 -> kr 0x00000000 rid 119 GPUVA 0x10002490000 cpu 10a544000
[mtlr]   out: 0000010002490000 000000010a544000 000000010105d940 0000000000000000
[mtlr]   out: 0000007700000000 0000000000004000 000000001108269b 0000000000007524
[mtlr] resource2 sel8 flags 470 sz 0x1000 -> kr 0x00000000 rid 119 GPUVA 0x10002490000 cpu 10a544000
[mtlr]   out: 0000010002490000 000000010a544000 000000010105d940 0000000000000000
[mtlr]   out: 0000007700000000 0000000000004000 000000001108269c 0000000000007525
[mtlr] resource2 sel8 flags 470 sz 0x1000 -> kr 0x00000000 rid 119 GPUVA 0x10002490000 cpu 10a544000
[mtlr]   out: 0000010002490000 000000010a544000 000000010105d940 0000000000000000
[mtlr]   out: 0000007700000000 0000000000004000 000000001108269d 0000000000007526
[mtlr] resource2 sel8 flags 470 sz 0x1000 -> kr 0x00000000 rid 119 GPUVA 0x10002490000 cpu 10a544000
[mtlr]   out: 0000010002490000 000000010a544000 000000010105d940 0000000000000000
[mtlr]   out: 0000007700000000 0000000000004000 000000001108269e 0000000000007527
[mtlr] resource2 sel8 flags 470 sz 0x1000 -> kr 0x00000000 rid 119 GPUVA 0x10002490000 cpu 10a544000
[mtlr]   out: 0000010002490000 000000010a544000 000000010105d940 0000000000000000
[mtlr]   out: 0000007700000000 0000000000004000 000000001108269f 0000000000007528
[mtlr] resource2 sel8 flags 470 sz 0x1000 -> kr 0x00000000 rid 119 GPUVA 0x10002490000 cpu 10a544000
[mtlr]   out: 0000010002490000 000000010a544000 000000010105d940 0000000000000000
[mtlr]   out: 0000007700000000 0000000000004000 00000000110826a0 0000000000007529
[mtlr] resource2 sel8 flags 470 sz 0x1000 -> kr 0x00000000 rid 119 GPUVA 0x10002490000 cpu 10a544000
[mtlr]   out: 0000010002490000 000000010a544000 000000010105d940 0000000000000000
[mtlr]   out: 0000007700000000 0000000000004000 00000000110826a1 000000000000752a
[mtlr] resource2 sel8 flags 470 sz 0x1000 -> kr 0x00000000 rid 119 GPUVA 0x10002490000 cpu 10a544000
[mtlr]   out: 0000010002490000 000000010a544000 000000010105d940 0000000000000000
[mtlr]   out: 0000007700000000 0000000000004000 00000000110826a2 000000000000752b
[mtlr] resource2 sel8 flags 470 sz 0x1000 -> kr 0x00000000 rid 119 GPUVA 0x10002490000 cpu 10a544000
[mtlr]   out: 0000010002490000 000000010a544000 000000010105d940 0000000000000000
[mtlr]   out: 0000007700000000 0000000000004000 00000000110826a3 000000000000752c
[uatrec] S4 r16 (+1s): nvv 8 ncb 8 vsz 0x100000 fill 0x0 destroy0 kr 0x00000000 nj 40
[uatrec] S4 r16 blit[0] slots 7 ridp 1
[uatrec] S4 r16 blit[1] slots 7 ridp 1
[uatrec] S4 r16 blit[2] slots 8 ridp 1
[uatrec] S4 r16 blit[3] slots 7 ridp 1
[uatrec] S4 r16 blit[4] slots 8 ridp 1
[uatrec] S4 r16 blit[5] slots 7 ridp 1
[uatrec] S4 r16 blit[6] slots 8 ridp 1
[uatrec] S4 r16 blit[7] slots 7 ridp 1
[mtlr] resource2 sel8 flags 470 sz 0x100000 -> kr 0x00000000 rid 119 GPUVA 0x10002490000 cpu 10a730000
[mtlr]   out: 0000010002490000 000000010a730000 000000010105d940 0000000000000000
[mtlr]   out: 0000007700000000 0000000000100000 00000000110826cf 000000000000752f
[uatrec] S4 r17 victim[0] rid 119 gpuva 0x10002490000 cpu 0x10a730000 (top-of-stack)
[mtlr] resource2 sel8 flags 470 sz 0x100000 -> kr 0x00000000 rid 120 GPUVA 0x10002598000 cpu 10a830000
[mtlr]   out: 0000010002598000 000000010a830000 000000010105da00 0000000000000000
[mtlr]   out: 0000007800000000 0000000000100000 00000000110826d0 0000000000007530
[uatrec] S4 r17 victim[1] rid 120 gpuva 0x10002598000 cpu 0x10a830000 (top-of-stack)
[mtlr] resource2 sel8 flags 470 sz 0x100000 -> kr 0x00000000 rid 121 GPUVA 0x100026a0000 cpu 10a9a0000
[mtlr]   out: 00000100026a0000 000000010a9a0000 000000010105dac0 0000000000000000
[mtlr]   out: 0000007900000000 0000000000100000 00000000110826d1 0000000000007531
[uatrec] S4 r17 victim[2] rid 121 gpuva 0x100026a0000 cpu 0x10a9a0000 (top-of-stack)
[mtlr] resource2 sel8 flags 470 sz 0x100000 -> kr 0x00000000 rid 122 GPUVA 0x100027a8000 cpu 10aaa0000
[mtlr]   out: 00000100027a8000 000000010aaa0000 000000010105db80 0000000000000000
[mtlr]   out: 0000007a00000000 0000000000100000 00000000110826d2 0000000000007532
[uatrec] S4 r17 victim[3] rid 122 gpuva 0x100027a8000 cpu 0x10aaa0000 (top-of-stack)
[mtlr] resource2 sel8 flags 470 sz 0x100000 -> kr 0x00000000 rid 123 GPUVA 0x100028b0000 cpu 10b000000
[mtlr]   out: 00000100028b0000 000000010b000000 000000010105dc40 0000000000000000
[mtlr]   out: 0000007b00000000 0000000000100000 00000000110826d3 0000000000007533
[uatrec] S4 r17 victim[4] rid 123 gpuva 0x100028b0000 cpu 0x10b000000 (top-of-stack)
[mtlr] resource2 sel8 flags 470 sz 0x100000 -> kr 0x00000000 rid 124 GPUVA 0x100029b8000 cpu 10b100000
[mtlr]   out: 00000100029b8000 000000010b100000 000000010105dd00 0000000000000000
[mtlr]   out: 0000007c00000000 0000000000100000 00000000110826d4 0000000000007534
[uatrec] S4 r17 victim[5] rid 124 gpuva 0x100029b8000 cpu 0x10b100000 (top-of-stack)
[mtlr] resource2 sel8 flags 470 sz 0x100000 -> kr 0x00000000 rid 125 GPUVA 0x10002ac0000 cpu 109d60000
[mtlr]   out: 0000010002ac0000 0000000109d60000 000000010105ddc0 0000000000000000
[mtlr]   out: 0000007d00000000 0000000000100000 00000000110826d5 0000000000007535
[uatrec] S4 r17 victim[6] rid 125 gpuva 0x10002ac0000 cpu 0x109d60000 (top-of-stack)
[mtlr] resource2 sel8 flags 470 sz 0x100000 -> kr 0x00000000 rid 126 GPUVA 0x10002bc8000 cpu 109e60000
[mtlr]   out: 0000010002bc8000 0000000109e60000 000000010105de80 0000000000000000
[mtlr]   out: 0000007e00000000 0000000000100000 00000000110826d6 0000000000007536
[uatrec] S4 r17 victim[7] rid 126 gpuva 0x10002bc8000 cpu 0x109e60000 (top-of-stack)
[mtlr] resource2 sel8 flags 470 sz 0x1000 -> kr 0x00000000 rid 119 GPUVA 0x10002490000 cpu 10a060000
[mtlr]   out: 0000010002490000 000000010a060000 000000010105d940 0000000000000000
[mtlr]   out: 0000007700000000 0000000000004000 00000000110826f9 0000000000007540
[mtlr] resource2 sel8 flags 470 sz 0x1000 -> kr 0x00000000 rid 119 GPUVA 0x10002490000 cpu 10a060000
[mtlr]   out: 0000010002490000 000000010a060000 000000010105d940 0000000000000000
[mtlr]   out: 0000007700000000 0000000000004000 00000000110826fa 0000000000007541
[mtlr] resource2 sel8 flags 470 sz 0x1000 -> kr 0x00000000 rid 119 GPUVA 0x10002490000 cpu 10a060000
[mtlr]   out: 0000010002490000 000000010a060000 000000010105d940 0000000000000000
[mtlr]   out: 0000007700000000 0000000000004000 00000000110826fb 0000000000007542
[mtlr] resource2 sel8 flags 470 sz 0x1000 -> kr 0x00000000 rid 119 GPUVA 0x10002490000 cpu 10a060000
[mtlr]   out: 0000010002490000 000000010a060000 000000010105d940 0000000000000000
[mtlr]   out: 0000007700000000 0000000000004000 00000000110826fc 0000000000007543
[mtlr] resource2 sel8 flags 470 sz 0x1000 -> kr 0x00000000 rid 119 GPUVA 0x10002490000 cpu 10a060000
[mtlr]   out: 0000010002490000 000000010a060000 000000010105d940 0000000000000000
[mtlr]   out: 0000007700000000 0000000000004000 00000000110826fd 0000000000007544
[mtlr] resource2 sel8 flags 470 sz 0x1000 -> kr 0x00000000 rid 119 GPUVA 0x10002490000 cpu 10a060000
[mtlr]   out: 0000010002490000 000000010a060000 000000010105d940 0000000000000000
[mtlr]   out: 0000007700000000 0000000000004000 00000000110826fe 0000000000007545
[mtlr] resource2 sel8 flags 470 sz 0x1000 -> kr 0x00000000 rid 119 GPUVA 0x10002490000 cpu 10a060000
[mtlr]   out: 0000010002490000 000000010a060000 000000010105d940 0000000000000000
[mtlr]   out: 0000007700000000 0000000000004000 00000000110826ff 0000000000007546
[mtlr] resource2 sel8 flags 470 sz 0x1000 -> kr 0x00000000 rid 119 GPUVA 0x10002490000 cpu 10a060000
[mtlr]   out: 0000010002490000 000000010a060000 000000010105d940 0000000000000000
[mtlr]   out: 0000007700000000 0000000000004000 0000000011082700 0000000000007547
[mtlr] resource2 sel8 flags 470 sz 0x1000 -> kr 0x00000000 rid 119 GPUVA 0x10002490000 cpu 10a060000
[mtlr]   out: 0000010002490000 000000010a060000 000000010105d940 0000000000000000
[mtlr]   out: 0000007700000000 0000000000004000 0000000011082701 0000000000007548
[mtlr] resource2 sel8 flags 470 sz 0x1000 -> kr 0x00000000 rid 119 GPUVA 0x10002490000 cpu 10a060000
[mtlr]   out: 0000010002490000 000000010a060000 000000010105d940 0000000000000000
[mtlr]   out: 0000007700000000 0000000000004000 0000000011082702 0000000000007549
[mtlr] resource2 sel8 flags 470 sz 0x1000 -> kr 0x00000000 rid 119 GPUVA 0x10002490000 cpu 10a060000
[mtlr]   out: 0000010002490000 000000010a060000 000000010105d940 0000000000000000
[mtlr]   out: 0000007700000000 0000000000004000 0000000011082703 000000000000754a
[mtlr] resource2 sel8 flags 470 sz 0x1000 -> kr 0x00000000 rid 119 GPUVA 0x10002490000 cpu 10a060000
[mtlr]   out: 0000010002490000 000000010a060000 000000010105d940 0000000000000000
[mtlr]   out: 0000007700000000 0000000000004000 0000000011082704 000000000000754b
[mtlr] resource2 sel8 flags 470 sz 0x1000 -> kr 0x00000000 rid 119 GPUVA 0x10002490000 cpu 10a060000
[mtlr]   out: 0000010002490000 000000010a060000 000000010105d940 0000000000000000
[mtlr]   out: 0000007700000000 0000000000004000 0000000011082705 000000000000754c
[mtlr] resource2 sel8 flags 470 sz 0x1000 -> kr 0x00000000 rid 119 GPUVA 0x10002490000 cpu 10a060000
[mtlr]   out: 0000010002490000 000000010a060000 000000010105d940 0000000000000000
[mtlr]   out: 0000007700000000 0000000000004000 0000000011082706 000000000000754d
[mtlr] resource2 sel8 flags 470 sz 0x1000 -> kr 0x00000000 rid 119 GPUVA 0x10002490000 cpu 10a060000
[mtlr]   out: 0000010002490000 000000010a060000 000000010105d940 0000000000000000
[mtlr]   out: 0000007700000000 0000000000004000 0000000011082707 000000000000754e
[mtlr] resource2 sel8 flags 470 sz 0x1000 -> kr 0x00000000 rid 119 GPUVA 0x10002490000 cpu 10a060000
[mtlr]   out: 0000010002490000 000000010a060000 000000010105d940 0000000000000000
[mtlr]   out: 0000007700000000 0000000000004000 0000000011082708 000000000000754f
[mtlr] resource2 sel8 flags 470 sz 0x1000 -> kr 0x00000000 rid 119 GPUVA 0x10002490000 cpu 10a060000
[mtlr]   out: 0000010002490000 000000010a060000 000000010105d940 0000000000000000
[mtlr]   out: 0000007700000000 0000000000004000 0000000011082709 0000000000007550
[mtlr] resource2 sel8 flags 470 sz 0x1000 -> kr 0x00000000 rid 119 GPUVA 0x10002490000 cpu 10a060000
[mtlr]   out: 0000010002490000 000000010a060000 000000010105d940 0000000000000000
[mtlr]   out: 0000007700000000 0000000000004000 000000001108270a 0000000000007551
[mtlr] resource2 sel8 flags 470 sz 0x1000 -> kr 0x00000000 rid 119 GPUVA 0x10002490000 cpu 10a060000
[mtlr]   out: 0000010002490000 000000010a060000 000000010105d940 0000000000000000
[mtlr]   out: 0000007700000000 0000000000004000 000000001108270b 0000000000007552
[mtlr] resource2 sel8 flags 470 sz 0x1000 -> kr 0x00000000 rid 119 GPUVA 0x10002490000 cpu 10a060000
[mtlr]   out: 0000010002490000 000000010a060000 000000010105d940 0000000000000000
[mtlr]   out: 0000007700000000 0000000000004000 000000001108270c 0000000000007553
[mtlr] resource2 sel8 flags 470 sz 0x1000 -> kr 0x00000000 rid 119 GPUVA 0x10002490000 cpu 10a060000
[mtlr]   out: 0000010002490000 000000010a060000 000000010105d940 0000000000000000
[mtlr]   out: 0000007700000000 0000000000004000 000000001108270d 0000000000007554
[mtlr] resource2 sel8 flags 470 sz 0x1000 -> kr 0x00000000 rid 119 GPUVA 0x10002490000 cpu 10a060000
[mtlr]   out: 0000010002490000 000000010a060000 000000010105d940 0000000000000000
[mtlr]   out: 0000007700000000 0000000000004000 000000001108270e 0000000000007555
[mtlr] resource2 sel8 flags 470 sz 0x1000 -> kr 0x00000000 rid 119 GPUVA 0x10002490000 cpu 10a060000
[mtlr]   out: 0000010002490000 000000010a060000 000000010105d940 0000000000000000
[mtlr]   out: 0000007700000000 0000000000004000 000000001108270f 0000000000007556
[mtlr] resource2 sel8 flags 470 sz 0x1000 -> kr 0x00000000 rid 119 GPUVA 0x10002490000 cpu 10a060000
[mtlr]   out: 0000010002490000 000000010a060000 000000010105d940 0000000000000000
[mtlr]   out: 0000007700000000 0000000000004000 0000000011082710 0000000000007557
[mtlr] resource2 sel8 flags 470 sz 0x1000 -> kr 0x00000000 rid 119 GPUVA 0x10002490000 cpu 10a060000
[mtlr]   out: 0000010002490000 000000010a060000 000000010105d940 0000000000000000
[mtlr]   out: 0000007700000000 0000000000004000 0000000011082711 0000000000007558
[mtlr] resource2 sel8 flags 470 sz 0x1000 -> kr 0x00000000 rid 119 GPUVA 0x10002490000 cpu 10a060000
[mtlr]   out: 0000010002490000 000000010a060000 000000010105d940 0000000000000000
[mtlr]   out: 0000007700000000 0000000000004000 0000000011082712 0000000000007559
[mtlr] resource2 sel8 flags 470 sz 0x1000 -> kr 0x00000000 rid 119 GPUVA 0x10002490000 cpu 10a060000
[mtlr]   out: 0000010002490000 000000010a060000 000000010105d940 0000000000000000
[mtlr]   out: 0000007700000000 0000000000004000 0000000011082713 000000000000755a
[mtlr] resource2 sel8 flags 470 sz 0x1000 -> kr 0x00000000 rid 119 GPUVA 0x10002490000 cpu 10a060000
[mtlr]   out: 0000010002490000 000000010a060000 000000010105d940 0000000000000000
[mtlr]   out: 0000007700000000 0000000000004000 0000000011082714 000000000000755b
[mtlr] resource2 sel8 flags 470 sz 0x1000 -> kr 0x00000000 rid 119 GPUVA 0x10002490000 cpu 10a060000
[mtlr]   out: 0000010002490000 000000010a060000 000000010105d940 0000000000000000
[mtlr]   out: 0000007700000000 0000000000004000 0000000011082715 000000000000755c
[mtlr] resource2 sel8 flags 470 sz 0x1000 -> kr 0x00000000 rid 119 GPUVA 0x10002490000 cpu 10a060000
[mtlr]   out: 0000010002490000 000000010a060000 000000010105d940 0000000000000000
[mtlr]   out: 0000007700000000 0000000000004000 0000000011082716 000000000000755d
[mtlr] resource2 sel8 flags 470 sz 0x1000 -> kr 0x00000000 rid 119 GPUVA 0x10002490000 cpu 10a060000
[mtlr]   out: 0000010002490000 000000010a060000 000000010105d940 0000000000000000
[mtlr]   out: 0000007700000000 0000000000004000 0000000011082717 000000000000755e
[mtlr] resource2 sel8 flags 470 sz 0x1000 -> kr 0x00000000 rid 119 GPUVA 0x10002490000 cpu 10a060000
[mtlr]   out: 0000010002490000 000000010a060000 000000010105d940 0000000000000000
[mtlr]   out: 0000007700000000 0000000000004000 0000000011082718 000000000000755f
[mtlr] resource2 sel8 flags 470 sz 0x1000 -> kr 0x00000000 rid 119 GPUVA 0x10002490000 cpu 10a060000
[mtlr]   out: 0000010002490000 000000010a060000 000000010105d940 0000000000000000
[mtlr]   out: 0000007700000000 0000000000004000 0000000011082719 0000000000007560
[mtlr] resource2 sel8 flags 470 sz 0x1000 -> kr 0x00000000 rid 119 GPUVA 0x10002490000 cpu 10a060000
[mtlr]   out: 0000010002490000 000000010a060000 000000010105d940 0000000000000000
[mtlr]   out: 0000007700000000 0000000000004000 000000001108271a 0000000000007561
[mtlr] resource2 sel8 flags 470 sz 0x1000 -> kr 0x00000000 rid 119 GPUVA 0x10002490000 cpu 10a060000
[mtlr]   out: 0000010002490000 000000010a060000 000000010105d940 0000000000000000
[mtlr]   out: 0000007700000000 0000000000004000 000000001108271b 0000000000007562
[mtlr] resource2 sel8 flags 470 sz 0x1000 -> kr 0x00000000 rid 119 GPUVA 0x10002490000 cpu 10a060000
[mtlr]   out: 0000010002490000 000000010a060000 000000010105d940 0000000000000000
[mtlr]   out: 0000007700000000 0000000000004000 000000001108271c 0000000000007563
[mtlr] resource2 sel8 flags 470 sz 0x1000 -> kr 0x00000000 rid 119 GPUVA 0x10002490000 cpu 10a060000
[mtlr]   out: 0000010002490000 000000010a060000 000000010105d940 0000000000000000
[mtlr]   out: 0000007700000000 0000000000004000 000000001108271d 0000000000007564
[mtlr] resource2 sel8 flags 470 sz 0x1000 -> kr 0x00000000 rid 119 GPUVA 0x10002490000 cpu 10a060000
[mtlr]   out: 0000010002490000 000000010a060000 000000010105d940 0000000000000000
[mtlr]   out: 0000007700000000 0000000000004000 000000001108271e 0000000000007565
[mtlr] resource2 sel8 flags 470 sz 0x1000 -> kr 0x00000000 rid 119 GPUVA 0x10002490000 cpu 10a060000
[mtlr]   out: 0000010002490000 000000010a060000 000000010105d940 0000000000000000
[mtlr]   out: 0000007700000000 0000000000004000 000000001108271f 0000000000007566
[mtlr] resource2 sel8 flags 470 sz 0x1000 -> kr 0x00000000 rid 119 GPUVA 0x10002490000 cpu 10a060000
[mtlr]   out: 0000010002490000 000000010a060000 000000010105d940 0000000000000000
[mtlr]   out: 0000007700000000 0000000000004000 0000000011082720 0000000000007567
[uatrec] S4 r17 (+1s): nvv 8 ncb 8 vsz 0x100000 fill 0x0 destroy0 kr 0x00000000 nj 40
[uatrec] S4 r17 blit[0] slots 7 ridp 1
[uatrec] S4 r17 blit[1] slots 8 ridp 1
[uatrec] S4 r17 blit[2] slots 7 ridp 1
[uatrec] S4 r17 blit[3] slots 7 ridp 1
[uatrec] S4 r17 blit[4] slots 7 ridp 1
[uatrec] S4 r17 blit[5] slots 7 ridp 1
[uatrec] S4 r17 blit[6] slots 7 ridp 1
[uatrec] S4 r17 blit[7] slots 7 ridp 1
[mtlr] resource2 sel8 flags 470 sz 0x100000 -> kr 0x00000000 rid 119 GPUVA 0x10002490000 cpu 109f60000
[mtlr]   out: 0000010002490000 0000000109f60000 000000010105d940 0000000000000000
[mtlr]   out: 0000007700000000 0000000000100000 000000001108274d 000000000000756a
[uatrec] S4 r18 victim[0] rid 119 gpuva 0x10002490000 cpu 0x109f60000 (top-of-stack)
[mtlr] resource2 sel8 flags 470 sz 0x100000 -> kr 0x00000000 rid 120 GPUVA 0x10002598000 cpu 10a164000
[mtlr]   out: 0000010002598000 000000010a164000 000000010105da00 0000000000000000
[mtlr]   out: 0000007800000000 0000000000100000 000000001108274e 000000000000756b
[uatrec] S4 r18 victim[1] rid 120 gpuva 0x10002598000 cpu 0x10a164000 (top-of-stack)
[mtlr] resource2 sel8 flags 470 sz 0x100000 -> kr 0x00000000 rid 121 GPUVA 0x100026a0000 cpu 10a264000
[mtlr]   out: 00000100026a0000 000000010a264000 000000010105dac0 0000000000000000
[mtlr]   out: 0000007900000000 0000000000100000 000000001108274f 000000000000756c
[uatrec] S4 r18 victim[2] rid 121 gpuva 0x100026a0000 cpu 0x10a264000 (top-of-stack)
[mtlr] resource2 sel8 flags 470 sz 0x100000 -> kr 0x00000000 rid 122 GPUVA 0x100027a8000 cpu 10a364000
[mtlr]   out: 00000100027a8000 000000010a364000 000000010105db80 0000000000000000
[mtlr]   out: 0000007a00000000 0000000000100000 0000000011082750 000000000000756d
[uatrec] S4 r18 victim[3] rid 122 gpuva 0x100027a8000 cpu 0x10a364000 (top-of-stack)
[mtlr] resource2 sel8 flags 470 sz 0x100000 -> kr 0x00000000 rid 123 GPUVA 0x100028b0000 cpu 10a5c0000
[mtlr]   out: 00000100028b0000 000000010a5c0000 000000010105dc40 0000000000000000
[mtlr]   out: 0000007b00000000 0000000000100000 0000000011082751 000000000000756e
[uatrec] S4 r18 victim[4] rid 123 gpuva 0x100028b0000 cpu 0x10a5c0000 (top-of-stack)
[mtlr] resource2 sel8 flags 470 sz 0x100000 -> kr 0x00000000 rid 124 GPUVA 0x100029b8000 cpu 10b200000
[mtlr]   out: 00000100029b8000 000000010b200000 000000010105dd00 0000000000000000
[mtlr]   out: 0000007c00000000 0000000000100000 0000000011082752 000000000000756f
[uatrec] S4 r18 victim[5] rid 124 gpuva 0x100029b8000 cpu 0x10b200000 (top-of-stack)
[mtlr] resource2 sel8 flags 470 sz 0x100000 -> kr 0x00000000 rid 125 GPUVA 0x10002ac0000 cpu 10a730000
[mtlr]   out: 0000010002ac0000 000000010a730000 000000010105ddc0 0000000000000000
[mtlr]   out: 0000007d00000000 0000000000100000 0000000011082753 0000000000007570
[uatrec] S4 r18 victim[6] rid 125 gpuva 0x10002ac0000 cpu 0x10a730000 (top-of-stack)
[mtlr] resource2 sel8 flags 470 sz 0x100000 -> kr 0x00000000 rid 126 GPUVA 0x10002bc8000 cpu 109d58000
[mtlr]   out: 0000010002bc8000 0000000109d58000 000000010105de80 0000000000000000
[mtlr]   out: 0000007e00000000 0000000000100000 0000000011082754 0000000000007571
[uatrec] S4 r18 victim[7] rid 126 gpuva 0x10002bc8000 cpu 0x109d58000 (top-of-stack)
[mtlr] resource2 sel8 flags 470 sz 0x1000 -> kr 0x00000000 rid 119 GPUVA 0x10002490000 cpu 10a060000
[mtlr]   out: 0000010002490000 000000010a060000 000000010105d940 0000000000000000
[mtlr]   out: 0000007700000000 0000000000004000 0000000011082780 000000000000757b
[mtlr] resource2 sel8 flags 470 sz 0x1000 -> kr 0x00000000 rid 119 GPUVA 0x10002490000 cpu 10a060000
[mtlr]   out: 0000010002490000 000000010a060000 000000010105d940 0000000000000000
[mtlr]   out: 0000007700000000 0000000000004000 0000000011082781 000000000000757c
[mtlr] resource2 sel8 flags 470 sz 0x1000 -> kr 0x00000000 rid 119 GPUVA 0x10002490000 cpu 10a060000
[mtlr]   out: 0000010002490000 000000010a060000 000000010105d940 0000000000000000
[mtlr]   out: 0000007700000000 0000000000004000 0000000011082782 000000000000757d
[mtlr] resource2 sel8 flags 470 sz 0x1000 -> kr 0x00000000 rid 119 GPUVA 0x10002490000 cpu 10a060000
[mtlr]   out: 0000010002490000 000000010a060000 000000010105d940 0000000000000000
[mtlr]   out: 0000007700000000 0000000000004000 0000000011082783 000000000000757e
[mtlr] resource2 sel8 flags 470 sz 0x1000 -> kr 0x00000000 rid 119 GPUVA 0x10002490000 cpu 10a060000
[mtlr]   out: 0000010002490000 000000010a060000 000000010105d940 0000000000000000
[mtlr]   out: 0000007700000000 0000000000004000 0000000011082784 000000000000757f
[mtlr] resource2 sel8 flags 470 sz 0x1000 -> kr 0x00000000 rid 119 GPUVA 0x10002490000 cpu 10a060000
[mtlr]   out: 0000010002490000 000000010a060000 000000010105d940 0000000000000000
[mtlr]   out: 0000007700000000 0000000000004000 0000000011082785 0000000000007580
[mtlr] resource2 sel8 flags 470 sz 0x1000 -> kr 0x00000000 rid 119 GPUVA 0x10002490000 cpu 10a060000
[mtlr]   out: 0000010002490000 000000010a060000 000000010105d940 0000000000000000
[mtlr]   out: 0000007700000000 0000000000004000 0000000011082786 0000000000007581
[mtlr] resource2 sel8 flags 470 sz 0x1000 -> kr 0x00000000 rid 119 GPUVA 0x10002490000 cpu 10a060000
[mtlr]   out: 0000010002490000 000000010a060000 000000010105d940 0000000000000000
[mtlr]   out: 0000007700000000 0000000000004000 0000000011082787 0000000000007582
[mtlr] resource2 sel8 flags 470 sz 0x1000 -> kr 0x00000000 rid 119 GPUVA 0x10002490000 cpu 10a060000
[mtlr]   out: 0000010002490000 000000010a060000 000000010105d940 0000000000000000
[mtlr]   out: 0000007700000000 0000000000004000 0000000011082788 0000000000007583
[mtlr] resource2 sel8 flags 470 sz 0x1000 -> kr 0x00000000 rid 119 GPUVA 0x10002490000 cpu 10a060000
[mtlr]   out: 0000010002490000 000000010a060000 000000010105d940 0000000000000000
[mtlr]   out: 0000007700000000 0000000000004000 0000000011082789 0000000000007584
[mtlr] resource2 sel8 flags 470 sz 0x1000 -> kr 0x00000000 rid 119 GPUVA 0x10002490000 cpu 10a060000
[mtlr]   out: 0000010002490000 000000010a060000 000000010105d940 0000000000000000
[mtlr]   out: 0000007700000000 0000000000004000 000000001108278a 0000000000007585
[mtlr] resource2 sel8 flags 470 sz 0x1000 -> kr 0x00000000 rid 119 GPUVA 0x10002490000 cpu 10a060000
[mtlr]   out: 0000010002490000 000000010a060000 000000010105d940 0000000000000000
[mtlr]   out: 0000007700000000 0000000000004000 000000001108278b 0000000000007586
[mtlr] resource2 sel8 flags 470 sz 0x1000 -> kr 0x00000000 rid 119 GPUVA 0x10002490000 cpu 10a060000
[mtlr]   out: 0000010002490000 000000010a060000 000000010105d940 0000000000000000
[mtlr]   out: 0000007700000000 0000000000004000 000000001108278c 0000000000007587
[mtlr] resource2 sel8 flags 470 sz 0x1000 -> kr 0x00000000 rid 119 GPUVA 0x10002490000 cpu 10a060000
[mtlr]   out: 0000010002490000 000000010a060000 000000010105d940 0000000000000000
[mtlr]   out: 0000007700000000 0000000000004000 000000001108278d 0000000000007588
[mtlr] resource2 sel8 flags 470 sz 0x1000 -> kr 0x00000000 rid 119 GPUVA 0x10002490000 cpu 10a060000
[mtlr]   out: 0000010002490000 000000010a060000 000000010105d940 0000000000000000
[mtlr]   out: 0000007700000000 0000000000004000 000000001108278e 0000000000007589
[mtlr] resource2 sel8 flags 470 sz 0x1000 -> kr 0x00000000 rid 119 GPUVA 0x10002490000 cpu 10a060000
[mtlr]   out: 0000010002490000 000000010a060000 000000010105d940 0000000000000000
[mtlr]   out: 0000007700000000 0000000000004000 000000001108278f 000000000000758a
[mtlr] resource2 sel8 flags 470 sz 0x1000 -> kr 0x00000000 rid 119 GPUVA 0x10002490000 cpu 10a060000
[mtlr]   out: 0000010002490000 000000010a060000 000000010105d940 0000000000000000
[mtlr]   out: 0000007700000000 0000000000004000 0000000011082790 000000000000758b
[mtlr] resource2 sel8 flags 470 sz 0x1000 -> kr 0x00000000 rid 119 GPUVA 0x10002490000 cpu 10a060000
[mtlr]   out: 0000010002490000 000000010a060000 000000010105d940 0000000000000000
[mtlr]   out: 0000007700000000 0000000000004000 0000000011082791 000000000000758c
[mtlr] resource2 sel8 flags 470 sz 0x1000 -> kr 0x00000000 rid 119 GPUVA 0x10002490000 cpu 10a060000
[mtlr]   out: 0000010002490000 000000010a060000 000000010105d940 0000000000000000
[mtlr]   out: 0000007700000000 0000000000004000 0000000011082792 000000000000758d
[mtlr] resource2 sel8 flags 470 sz 0x1000 -> kr 0x00000000 rid 119 GPUVA 0x10002490000 cpu 10a060000
[mtlr]   out: 0000010002490000 000000010a060000 000000010105d940 0000000000000000
[mtlr]   out: 0000007700000000 0000000000004000 0000000011082793 000000000000758e
[mtlr] resource2 sel8 flags 470 sz 0x1000 -> kr 0x00000000 rid 119 GPUVA 0x10002490000 cpu 10a060000
[mtlr]   out: 0000010002490000 000000010a060000 000000010105d940 0000000000000000
[mtlr]   out: 0000007700000000 0000000000004000 0000000011082794 000000000000758f
[mtlr] resource2 sel8 flags 470 sz 0x1000 -> kr 0x00000000 rid 119 GPUVA 0x10002490000 cpu 10a060000
[mtlr]   out: 0000010002490000 000000010a060000 000000010105d940 0000000000000000
[mtlr]   out: 0000007700000000 0000000000004000 0000000011082795 0000000000007590
[mtlr] resource2 sel8 flags 470 sz 0x1000 -> kr 0x00000000 rid 119 GPUVA 0x10002490000 cpu 10a060000
[mtlr]   out: 0000010002490000 000000010a060000 000000010105d940 0000000000000000
[mtlr]   out: 0000007700000000 0000000000004000 0000000011082796 0000000000007591
[mtlr] resource2 sel8 flags 470 sz 0x1000 -> kr 0x00000000 rid 119 GPUVA 0x10002490000 cpu 10a060000
[mtlr]   out: 0000010002490000 000000010a060000 000000010105d940 0000000000000000
[mtlr]   out: 0000007700000000 0000000000004000 0000000011082797 0000000000007592
[mtlr] resource2 sel8 flags 470 sz 0x1000 -> kr 0x00000000 rid 119 GPUVA 0x10002490000 cpu 10a060000
[mtlr]   out: 0000010002490000 000000010a060000 000000010105d940 0000000000000000
[mtlr]   out: 0000007700000000 0000000000004000 0000000011082798 0000000000007593
[mtlr] resource2 sel8 flags 470 sz 0x1000 -> kr 0x00000000 rid 119 GPUVA 0x10002490000 cpu 10a060000
[mtlr]   out: 0000010002490000 000000010a060000 000000010105d940 0000000000000000
[mtlr]   out: 0000007700000000 0000000000004000 0000000011082799 0000000000007594
[mtlr] resource2 sel8 flags 470 sz 0x1000 -> kr 0x00000000 rid 119 GPUVA 0x10002490000 cpu 10a060000
[mtlr]   out: 0000010002490000 000000010a060000 000000010105d940 0000000000000000
[mtlr]   out: 0000007700000000 0000000000004000 000000001108279a 0000000000007595
[mtlr] resource2 sel8 flags 470 sz 0x1000 -> kr 0x00000000 rid 119 GPUVA 0x10002490000 cpu 10a060000
[mtlr]   out: 0000010002490000 000000010a060000 000000010105d940 0000000000000000
[mtlr]   out: 0000007700000000 0000000000004000 000000001108279b 0000000000007596
[mtlr] resource2 sel8 flags 470 sz 0x1000 -> kr 0x00000000 rid 119 GPUVA 0x10002490000 cpu 10a060000
[mtlr]   out: 0000010002490000 000000010a060000 000000010105d940 0000000000000000
[mtlr]   out: 0000007700000000 0000000000004000 000000001108279c 0000000000007597
[mtlr] resource2 sel8 flags 470 sz 0x1000 -> kr 0x00000000 rid 119 GPUVA 0x10002490000 cpu 10a060000
[mtlr]   out: 0000010002490000 000000010a060000 000000010105d940 0000000000000000
[mtlr]   out: 0000007700000000 0000000000004000 000000001108279d 0000000000007598
[mtlr] resource2 sel8 flags 470 sz 0x1000 -> kr 0x00000000 rid 119 GPUVA 0x10002490000 cpu 10a060000
[mtlr]   out: 0000010002490000 000000010a060000 000000010105d940 0000000000000000
[mtlr]   out: 0000007700000000 0000000000004000 000000001108279e 0000000000007599
[mtlr] resource2 sel8 flags 470 sz 0x1000 -> kr 0x00000000 rid 119 GPUVA 0x10002490000 cpu 10a060000
[mtlr]   out: 0000010002490000 000000010a060000 000000010105d940 0000000000000000
[mtlr]   out: 0000007700000000 0000000000004000 000000001108279f 000000000000759a
[mtlr] resource2 sel8 flags 470 sz 0x1000 -> kr 0x00000000 rid 119 GPUVA 0x10002490000 cpu 10a060000
[mtlr]   out: 0000010002490000 000000010a060000 000000010105d940 0000000000000000
[mtlr]   out: 0000007700000000 0000000000004000 00000000110827a0 000000000000759b
[mtlr] resource2 sel8 flags 470 sz 0x1000 -> kr 0x00000000 rid 119 GPUVA 0x10002490000 cpu 10a060000
[mtlr]   out: 0000010002490000 000000010a060000 000000010105d940 0000000000000000
[mtlr]   out: 0000007700000000 0000000000004000 00000000110827a1 000000000000759c
[mtlr] resource2 sel8 flags 470 sz 0x1000 -> kr 0x00000000 rid 119 GPUVA 0x10002490000 cpu 10a060000
[mtlr]   out: 0000010002490000 000000010a060000 000000010105d940 0000000000000000
[mtlr]   out: 0000007700000000 0000000000004000 00000000110827a2 000000000000759d
[mtlr] resource2 sel8 flags 470 sz 0x1000 -> kr 0x00000000 rid 119 GPUVA 0x10002490000 cpu 10a060000
[mtlr]   out: 0000010002490000 000000010a060000 000000010105d940 0000000000000000
[mtlr]   out: 0000007700000000 0000000000004000 00000000110827a3 000000000000759e
[mtlr] resource2 sel8 flags 470 sz 0x1000 -> kr 0x00000000 rid 119 GPUVA 0x10002490000 cpu 10a060000
[mtlr]   out: 0000010002490000 000000010a060000 000000010105d940 0000000000000000
[mtlr]   out: 0000007700000000 0000000000004000 00000000110827a4 000000000000759f
[mtlr] resource2 sel8 flags 470 sz 0x1000 -> kr 0x00000000 rid 119 GPUVA 0x10002490000 cpu 10a060000
[mtlr]   out: 0000010002490000 000000010a060000 000000010105d940 0000000000000000
[mtlr]   out: 0000007700000000 0000000000004000 00000000110827a5 00000000000075a0
[mtlr] resource2 sel8 flags 470 sz 0x1000 -> kr 0x00000000 rid 119 GPUVA 0x10002490000 cpu 10a060000
[mtlr]   out: 0000010002490000 000000010a060000 000000010105d940 0000000000000000
[mtlr]   out: 0000007700000000 0000000000004000 00000000110827a6 00000000000075a1
[mtlr] resource2 sel8 flags 470 sz 0x1000 -> kr 0x00000000 rid 119 GPUVA 0x10002490000 cpu 10a060000
[mtlr]   out: 0000010002490000 000000010a060000 000000010105d940 0000000000000000
[mtlr]   out: 0000007700000000 0000000000004000 00000000110827a7 00000000000075a2
[uatrec] S4 r18 (+1s): nvv 8 ncb 8 vsz 0x100000 fill 0x0 destroy0 kr 0x00000000 nj 40
[uatrec] S4 r18 blit[0] slots 7 ridp 1
[uatrec] S4 r18 blit[1] slots 7 ridp 1
[uatrec] S4 r18 blit[2] slots 8 ridp 1
[uatrec] S4 r18 blit[3] slots 7 ridp 1
[uatrec] S4 r18 blit[4] slots 7 ridp 1
[uatrec] S4 r18 blit[5] slots 7 ridp 1
[uatrec] S4 r18 blit[6] slots 7 ridp 1
[uatrec] S4 r18 blit[7] slots 7 ridp 1
[mtlr] resource2 sel8 flags 470 sz 0x100000 -> kr 0x00000000 rid 119 GPUVA 0x10002490000 cpu 109d58000
[mtlr]   out: 0000010002490000 0000000109d58000 000000010105d940 0000000000000000
[mtlr]   out: 0000007700000000 0000000000100000 00000000110827f4 00000000000075a5
[uatrec] S4 r19 victim[0] rid 119 gpuva 0x10002490000 cpu 0x109d58000 (top-of-stack)
[mtlr] resource2 sel8 flags 470 sz 0x100000 -> kr 0x00000000 rid 120 GPUVA 0x10002598000 cpu 109e58000
[mtlr]   out: 0000010002598000 0000000109e58000 000000010105da00 0000000000000000
[mtlr]   out: 0000007800000000 0000000000100000 00000000110827f5 00000000000075a6
[uatrec] S4 r19 victim[1] rid 120 gpuva 0x10002598000 cpu 0x109e58000 (top-of-stack)
[mtlr] resource2 sel8 flags 470 sz 0x100000 -> kr 0x00000000 rid 121 GPUVA 0x100026a0000 cpu 109f58000
[mtlr]   out: 00000100026a0000 0000000109f58000 000000010105dac0 0000000000000000
[mtlr]   out: 0000007900000000 0000000000100000 00000000110827f6 00000000000075a7
[uatrec] S4 r19 victim[2] rid 121 gpuva 0x100026a0000 cpu 0x109f58000 (top-of-stack)
[mtlr] resource2 sel8 flags 470 sz 0x100000 -> kr 0x00000000 rid 122 GPUVA 0x100027a8000 cpu 10a058000
[mtlr]   out: 00000100027a8000 000000010a058000 000000010105db80 0000000000000000
[mtlr]   out: 0000007a00000000 0000000000100000 00000000110827f7 00000000000075a8
[uatrec] S4 r19 victim[3] rid 122 gpuva 0x100027a8000 cpu 0x10a058000 (top-of-stack)
[mtlr] resource2 sel8 flags 470 sz 0x100000 -> kr 0x00000000 rid 123 GPUVA 0x100028b0000 cpu 10a164000
[mtlr]   out: 00000100028b0000 000000010a164000 000000010105dc40 0000000000000000
[mtlr]   out: 0000007b00000000 0000000000100000 00000000110827f8 00000000000075a9
[uatrec] S4 r19 victim[4] rid 123 gpuva 0x100028b0000 cpu 0x10a164000 (top-of-stack)
[mtlr] resource2 sel8 flags 470 sz 0x100000 -> kr 0x00000000 rid 124 GPUVA 0x100029b8000 cpu 10a264000
[mtlr]   out: 00000100029b8000 000000010a264000 000000010105dd00 0000000000000000
[mtlr]   out: 0000007c00000000 0000000000100000 00000000110827fe 00000000000075aa
[uatrec] S4 r19 victim[5] rid 124 gpuva 0x100029b8000 cpu 0x10a264000 (top-of-stack)
[mtlr] resource2 sel8 flags 470 sz 0x100000 -> kr 0x00000000 rid 125 GPUVA 0x10002ac0000 cpu 10a364000
[mtlr]   out: 0000010002ac0000 000000010a364000 000000010105ddc0 0000000000000000
[mtlr]   out: 0000007d00000000 0000000000100000 0000000011082801 00000000000075ab
[uatrec] S4 r19 victim[6] rid 125 gpuva 0x10002ac0000 cpu 0x10a364000 (top-of-stack)
[mtlr] resource2 sel8 flags 470 sz 0x100000 -> kr 0x00000000 rid 126 GPUVA 0x10002bc8000 cpu 10a5c0000
[mtlr]   out: 0000010002bc8000 000000010a5c0000 000000010105de80 0000000000000000
[mtlr]   out: 0000007e00000000 0000000000100000 0000000011082802 00000000000075ac
[uatrec] S4 r19 victim[7] rid 126 gpuva 0x10002bc8000 cpu 0x10a5c0000 (top-of-stack)
[mtlr] resource2 sel8 flags 470 sz 0x1000 -> kr 0x00000000 rid 119 GPUVA 0x10002490000 cpu 10a544000
[mtlr]   out: 0000010002490000 000000010a544000 000000010105d940 0000000000000000
[mtlr]   out: 0000007700000000 0000000000004000 0000000011082826 00000000000075b6
[mtlr] resource2 sel8 flags 470 sz 0x1000 -> kr 0x00000000 rid 119 GPUVA 0x10002490000 cpu 10a544000
[mtlr]   out: 0000010002490000 000000010a544000 000000010105d940 0000000000000000
[mtlr]   out: 0000007700000000 0000000000004000 0000000011082827 00000000000075b7
[mtlr] resource2 sel8 flags 470 sz 0x1000 -> kr 0x00000000 rid 119 GPUVA 0x10002490000 cpu 10a544000
[mtlr]   out: 0000010002490000 000000010a544000 000000010105d940 0000000000000000
[mtlr]   out: 0000007700000000 0000000000004000 0000000011082828 00000000000075b8
[mtlr] resource2 sel8 flags 470 sz 0x1000 -> kr 0x00000000 rid 119 GPUVA 0x10002490000 cpu 10a544000
[mtlr]   out: 0000010002490000 000000010a544000 000000010105d940 0000000000000000
[mtlr]   out: 0000007700000000 0000000000004000 0000000011082829 00000000000075b9
[mtlr] resource2 sel8 flags 470 sz 0x1000 -> kr 0x00000000 rid 119 GPUVA 0x10002490000 cpu 10a544000
[mtlr]   out: 0000010002490000 000000010a544000 000000010105d940 0000000000000000
[mtlr]   out: 0000007700000000 0000000000004000 000000001108282a 00000000000075ba
[mtlr] resource2 sel8 flags 470 sz 0x1000 -> kr 0x00000000 rid 119 GPUVA 0x10002490000 cpu 10a544000
[mtlr]   out: 0000010002490000 000000010a544000 000000010105d940 0000000000000000
[mtlr]   out: 0000007700000000 0000000000004000 000000001108282b 00000000000075bb
[mtlr] resource2 sel8 flags 470 sz 0x1000 -> kr 0x00000000 rid 119 GPUVA 0x10002490000 cpu 10a544000
[mtlr]   out: 0000010002490000 000000010a544000 000000010105d940 0000000000000000
[mtlr]   out: 0000007700000000 0000000000004000 000000001108282c 00000000000075bc
[mtlr] resource2 sel8 flags 470 sz 0x1000 -> kr 0x00000000 rid 119 GPUVA 0x10002490000 cpu 10a544000
[mtlr]   out: 0000010002490000 000000010a544000 000000010105d940 0000000000000000
[mtlr]   out: 0000007700000000 0000000000004000 000000001108282d 00000000000075bd
[mtlr] resource2 sel8 flags 470 sz 0x1000 -> kr 0x00000000 rid 119 GPUVA 0x10002490000 cpu 10a544000
[mtlr]   out: 0000010002490000 000000010a544000 000000010105d940 0000000000000000
[mtlr]   out: 0000007700000000 0000000000004000 000000001108282e 00000000000075be
[mtlr] resource2 sel8 flags 470 sz 0x1000 -> kr 0x00000000 rid 119 GPUVA 0x10002490000 cpu 10a544000
[mtlr]   out: 0000010002490000 000000010a544000 000000010105d940 0000000000000000
[mtlr]   out: 0000007700000000 0000000000004000 000000001108282f 00000000000075bf
[mtlr] resource2 sel8 flags 470 sz 0x1000 -> kr 0x00000000 rid 119 GPUVA 0x10002490000 cpu 10a544000
[mtlr]   out: 0000010002490000 000000010a544000 000000010105d940 0000000000000000
[mtlr]   out: 0000007700000000 0000000000004000 0000000011082830 00000000000075c0
[mtlr] resource2 sel8 flags 470 sz 0x1000 -> kr 0x00000000 rid 119 GPUVA 0x10002490000 cpu 10a544000
[mtlr]   out: 0000010002490000 000000010a544000 000000010105d940 0000000000000000
[mtlr]   out: 0000007700000000 0000000000004000 0000000011082831 00000000000075c1
[mtlr] resource2 sel8 flags 470 sz 0x1000 -> kr 0x00000000 rid 119 GPUVA 0x10002490000 cpu 10a544000
[mtlr]   out: 0000010002490000 000000010a544000 000000010105d940 0000000000000000
[mtlr]   out: 0000007700000000 0000000000004000 0000000011082832 00000000000075c2
[mtlr] resource2 sel8 flags 470 sz 0x1000 -> kr 0x00000000 rid 119 GPUVA 0x10002490000 cpu 10a544000
[mtlr]   out: 0000010002490000 000000010a544000 000000010105d940 0000000000000000
[mtlr]   out: 0000007700000000 0000000000004000 0000000011082833 00000000000075c3
[mtlr] resource2 sel8 flags 470 sz 0x1000 -> kr 0x00000000 rid 119 GPUVA 0x10002490000 cpu 10a544000
[mtlr]   out: 0000010002490000 000000010a544000 000000010105d940 0000000000000000
[mtlr]   out: 0000007700000000 0000000000004000 0000000011082834 00000000000075c4
[mtlr] resource2 sel8 flags 470 sz 0x1000 -> kr 0x00000000 rid 119 GPUVA 0x10002490000 cpu 10a544000
[mtlr]   out: 0000010002490000 000000010a544000 000000010105d940 0000000000000000
[mtlr]   out: 0000007700000000 0000000000004000 0000000011082835 00000000000075c5
[mtlr] resource2 sel8 flags 470 sz 0x1000 -> kr 0x00000000 rid 119 GPUVA 0x10002490000 cpu 10a544000
[mtlr]   out: 0000010002490000 000000010a544000 000000010105d940 0000000000000000
[mtlr]   out: 0000007700000000 0000000000004000 0000000011082836 00000000000075c6
[mtlr] resource2 sel8 flags 470 sz 0x1000 -> kr 0x00000000 rid 119 GPUVA 0x10002490000 cpu 10a544000
[mtlr]   out: 0000010002490000 000000010a544000 000000010105d940 0000000000000000
[mtlr]   out: 0000007700000000 0000000000004000 0000000011082837 00000000000075c7
[mtlr] resource2 sel8 flags 470 sz 0x1000 -> kr 0x00000000 rid 119 GPUVA 0x10002490000 cpu 10a544000
[mtlr]   out: 0000010002490000 000000010a544000 000000010105d940 0000000000000000
[mtlr]   out: 0000007700000000 0000000000004000 0000000011082838 00000000000075c8
[mtlr] resource2 sel8 flags 470 sz 0x1000 -> kr 0x00000000 rid 119 GPUVA 0x10002490000 cpu 10a544000
[mtlr]   out: 0000010002490000 000000010a544000 000000010105d940 0000000000000000
[mtlr]   out: 0000007700000000 0000000000004000 0000000011082839 00000000000075c9
[mtlr] resource2 sel8 flags 470 sz 0x1000 -> kr 0x00000000 rid 119 GPUVA 0x10002490000 cpu 10a544000
[mtlr]   out: 0000010002490000 000000010a544000 000000010105d940 0000000000000000
[mtlr]   out: 0000007700000000 0000000000004000 000000001108283a 00000000000075ca
[mtlr] resource2 sel8 flags 470 sz 0x1000 -> kr 0x00000000 rid 119 GPUVA 0x10002490000 cpu 10a544000
[mtlr]   out: 0000010002490000 000000010a544000 000000010105d940 0000000000000000
[mtlr]   out: 0000007700000000 0000000000004000 000000001108283b 00000000000075cb
[mtlr] resource2 sel8 flags 470 sz 0x1000 -> kr 0x00000000 rid 119 GPUVA 0x10002490000 cpu 10a544000
[mtlr]   out: 0000010002490000 000000010a544000 000000010105d940 0000000000000000
[mtlr]   out: 0000007700000000 0000000000004000 000000001108283c 00000000000075cc
[mtlr] resource2 sel8 flags 470 sz 0x1000 -> kr 0x00000000 rid 119 GPUVA 0x10002490000 cpu 10a544000
[mtlr]   out: 0000010002490000 000000010a544000 000000010105d940 0000000000000000
[mtlr]   out: 0000007700000000 0000000000004000 000000001108283d 00000000000075cd
[mtlr] resource2 sel8 flags 470 sz 0x1000 -> kr 0x00000000 rid 119 GPUVA 0x10002490000 cpu 10a544000
[mtlr]   out: 0000010002490000 000000010a544000 000000010105d940 0000000000000000
[mtlr]   out: 0000007700000000 0000000000004000 000000001108283e 00000000000075ce
[mtlr] resource2 sel8 flags 470 sz 0x1000 -> kr 0x00000000 rid 119 GPUVA 0x10002490000 cpu 10a544000
[mtlr]   out: 0000010002490000 000000010a544000 000000010105d940 0000000000000000
[mtlr]   out: 0000007700000000 0000000000004000 000000001108283f 00000000000075cf
[mtlr] resource2 sel8 flags 470 sz 0x1000 -> kr 0x00000000 rid 119 GPUVA 0x10002490000 cpu 10a544000
[mtlr]   out: 0000010002490000 000000010a544000 000000010105d940 0000000000000000
[mtlr]   out: 0000007700000000 0000000000004000 0000000011082840 00000000000075d0
[mtlr] resource2 sel8 flags 470 sz 0x1000 -> kr 0x00000000 rid 119 GPUVA 0x10002490000 cpu 10a544000
[mtlr]   out: 0000010002490000 000000010a544000 000000010105d940 0000000000000000
[mtlr]   out: 0000007700000000 0000000000004000 0000000011082841 00000000000075d1
[mtlr] resource2 sel8 flags 470 sz 0x1000 -> kr 0x00000000 rid 119 GPUVA 0x10002490000 cpu 10a544000
[mtlr]   out: 0000010002490000 000000010a544000 000000010105d940 0000000000000000
[mtlr]   out: 0000007700000000 0000000000004000 0000000011082842 00000000000075d2
[mtlr] resource2 sel8 flags 470 sz 0x1000 -> kr 0x00000000 rid 119 GPUVA 0x10002490000 cpu 10a544000
[mtlr]   out: 0000010002490000 000000010a544000 000000010105d940 0000000000000000
[mtlr]   out: 0000007700000000 0000000000004000 0000000011082843 00000000000075d3
[mtlr] resource2 sel8 flags 470 sz 0x1000 -> kr 0x00000000 rid 119 GPUVA 0x10002490000 cpu 10a544000
[mtlr]   out: 0000010002490000 000000010a544000 000000010105d940 0000000000000000
[mtlr]   out: 0000007700000000 0000000000004000 0000000011082844 00000000000075d4
[mtlr] resource2 sel8 flags 470 sz 0x1000 -> kr 0x00000000 rid 119 GPUVA 0x10002490000 cpu 10a544000
[mtlr]   out: 0000010002490000 000000010a544000 000000010105d940 0000000000000000
[mtlr]   out: 0000007700000000 0000000000004000 0000000011082845 00000000000075d5
[mtlr] resource2 sel8 flags 470 sz 0x1000 -> kr 0x00000000 rid 119 GPUVA 0x10002490000 cpu 10a544000
[mtlr]   out: 0000010002490000 000000010a544000 000000010105d940 0000000000000000
[mtlr]   out: 0000007700000000 0000000000004000 0000000011082846 00000000000075d6
[mtlr] resource2 sel8 flags 470 sz 0x1000 -> kr 0x00000000 rid 119 GPUVA 0x10002490000 cpu 10a544000
[mtlr]   out: 0000010002490000 000000010a544000 000000010105d940 0000000000000000
[mtlr]   out: 0000007700000000 0000000000004000 0000000011082847 00000000000075d7
[mtlr] resource2 sel8 flags 470 sz 0x1000 -> kr 0x00000000 rid 119 GPUVA 0x10002490000 cpu 10a544000
[mtlr]   out: 0000010002490000 000000010a544000 000000010105d940 0000000000000000
[mtlr]   out: 0000007700000000 0000000000004000 0000000011082848 00000000000075d8
[mtlr] resource2 sel8 flags 470 sz 0x1000 -> kr 0x00000000 rid 119 GPUVA 0x10002490000 cpu 10a544000
[mtlr]   out: 0000010002490000 000000010a544000 000000010105d940 0000000000000000
[mtlr]   out: 0000007700000000 0000000000004000 0000000011082849 00000000000075d9
[mtlr] resource2 sel8 flags 470 sz 0x1000 -> kr 0x00000000 rid 119 GPUVA 0x10002490000 cpu 10a544000
[mtlr]   out: 0000010002490000 000000010a544000 000000010105d940 0000000000000000
[mtlr]   out: 0000007700000000 0000000000004000 000000001108284a 00000000000075da
[mtlr] resource2 sel8 flags 470 sz 0x1000 -> kr 0x00000000 rid 119 GPUVA 0x10002490000 cpu 10a544000
[mtlr]   out: 0000010002490000 000000010a544000 000000010105d940 0000000000000000
[mtlr]   out: 0000007700000000 0000000000004000 000000001108284b 00000000000075db
[mtlr] resource2 sel8 flags 470 sz 0x1000 -> kr 0x00000000 rid 119 GPUVA 0x10002490000 cpu 10a544000
[mtlr]   out: 0000010002490000 000000010a544000 000000010105d940 0000000000000000
[mtlr]   out: 0000007700000000 0000000000004000 000000001108284c 00000000000075dc
[mtlr] resource2 sel8 flags 470 sz 0x1000 -> kr 0x00000000 rid 119 GPUVA 0x10002490000 cpu 10a544000
[mtlr]   out: 0000010002490000 000000010a544000 000000010105d940 0000000000000000
[mtlr]   out: 0000007700000000 0000000000004000 000000001108284d 00000000000075dd
[uatrec] S4 r19 (+1s): nvv 8 ncb 8 vsz 0x100000 fill 0x0 destroy0 kr 0x00000000 nj 40
[uatrec] S4 r19 blit[0] slots 7 ridp 1
[uatrec] S4 r19 blit[1] slots 8 ridp 1
[uatrec] S4 r19 blit[2] slots 7 ridp 1
[uatrec] S4 r19 blit[3] slots 7 ridp 1
[uatrec] S4 r19 blit[4] slots 7 ridp 1
[uatrec] S4 r19 blit[5] slots 7 ridp 1
[uatrec] S4 r19 blit[6] slots 7 ridp 1
[uatrec] S4 r19 blit[7] slots 7 ridp 1
[uatrec] S4 heartbeat: round 20 done, t=1s (alive)
[mtlr] resource2 sel8 flags 470 sz 0x100000 -> kr 0x00000000 rid 119 GPUVA 0x10002490000 cpu 10a730000
[mtlr]   out: 0000010002490000 000000010a730000 000000010105d940 0000000000000000
[mtlr]   out: 0000007700000000 0000000000100000 0000000011082899 00000000000075e0
[uatrec] S4 r20 victim[0] rid 119 gpuva 0x10002490000 cpu 0x10a730000 (top-of-stack)
[mtlr] resource2 sel8 flags 470 sz 0x100000 -> kr 0x00000000 rid 120 GPUVA 0x10002598000 cpu 10a830000
[mtlr]   out: 0000010002598000 000000010a830000 000000010105da00 0000000000000000
[mtlr]   out: 0000007800000000 0000000000100000 000000001108289a 00000000000075e1
[uatrec] S4 r20 victim[1] rid 120 gpuva 0x10002598000 cpu 0x10a830000 (top-of-stack)
[mtlr] resource2 sel8 flags 470 sz 0x100000 -> kr 0x00000000 rid 121 GPUVA 0x100026a0000 cpu 10a9a0000
[mtlr]   out: 00000100026a0000 000000010a9a0000 000000010105dac0 0000000000000000
[mtlr]   out: 0000007900000000 0000000000100000 000000001108289b 00000000000075e2
[uatrec] S4 r20 victim[2] rid 121 gpuva 0x100026a0000 cpu 0x10a9a0000 (top-of-stack)
[mtlr] resource2 sel8 flags 470 sz 0x100000 -> kr 0x00000000 rid 122 GPUVA 0x100027a8000 cpu 10aaa0000
[mtlr]   out: 00000100027a8000 000000010aaa0000 000000010105db80 0000000000000000
[mtlr]   out: 0000007a00000000 0000000000100000 000000001108289c 00000000000075e3
[uatrec] S4 r20 victim[3] rid 122 gpuva 0x100027a8000 cpu 0x10aaa0000 (top-of-stack)
[mtlr] resource2 sel8 flags 470 sz 0x100000 -> kr 0x00000000 rid 123 GPUVA 0x100028b0000 cpu 10b000000
[mtlr]   out: 00000100028b0000 000000010b000000 000000010105dc40 0000000000000000
[mtlr]   out: 0000007b00000000 0000000000100000 000000001108289d 00000000000075e4
[uatrec] S4 r20 victim[4] rid 123 gpuva 0x100028b0000 cpu 0x10b000000 (top-of-stack)
[mtlr] resource2 sel8 flags 470 sz 0x100000 -> kr 0x00000000 rid 124 GPUVA 0x100029b8000 cpu 105ec8000
[mtlr]   out: 00000100029b8000 0000000105ec8000 000000010105dd00 0000000000000000
[mtlr]   out: 0000007c00000000 0000000000100000 000000001108289e 00000000000075e5
[uatrec] S4 r20 victim[5] rid 124 gpuva 0x100029b8000 cpu 0x105ec8000 (top-of-stack)
[mtlr] resource2 sel8 flags 470 sz 0x100000 -> kr 0x00000000 rid 125 GPUVA 0x10002ac0000 cpu 109d60000
[mtlr]   out: 0000010002ac0000 0000000109d60000 000000010105ddc0 0000000000000000
[mtlr]   out: 0000007d00000000 0000000000100000 00000000110828a6 00000000000075e6
[uatrec] S4 r20 victim[6] rid 125 gpuva 0x10002ac0000 cpu 0x109d60000 (top-of-stack)
[mtlr] resource2 sel8 flags 470 sz 0x100000 -> kr 0x00000000 rid 126 GPUVA 0x10002bc8000 cpu 109e60000
[mtlr]   out: 0000010002bc8000 0000000109e60000 000000010105de80 0000000000000000
[mtlr]   out: 0000007e00000000 0000000000100000 00000000110828a7 00000000000075e7
[uatrec] S4 r20 victim[7] rid 126 gpuva 0x10002bc8000 cpu 0x109e60000 (top-of-stack)
[mtlr] resource2 sel8 flags 470 sz 0x1000 -> kr 0x00000000 rid 119 GPUVA 0x10002490000 cpu 10a060000
[mtlr]   out: 0000010002490000 000000010a060000 000000010105d940 0000000000000000
[mtlr]   out: 0000007700000000 0000000000004000 00000000110828cb 00000000000075f1
[mtlr] resource2 sel8 flags 470 sz 0x1000 -> kr 0x00000000 rid 119 GPUVA 0x10002490000 cpu 10a060000
[mtlr]   out: 0000010002490000 000000010a060000 000000010105d940 0000000000000000
[mtlr]   out: 0000007700000000 0000000000004000 00000000110828cc 00000000000075f2
[mtlr] resource2 sel8 flags 470 sz 0x1000 -> kr 0x00000000 rid 119 GPUVA 0x10002490000 cpu 10a060000
[mtlr]   out: 0000010002490000 000000010a060000 000000010105d940 0000000000000000
[mtlr]   out: 0000007700000000 0000000000004000 00000000110828cd 00000000000075f3
[mtlr] resource2 sel8 flags 470 sz 0x1000 -> kr 0x00000000 rid 119 GPUVA 0x10002490000 cpu 10a060000
[mtlr]   out: 0000010002490000 000000010a060000 000000010105d940 0000000000000000
[mtlr]   out: 0000007700000000 0000000000004000 00000000110828ce 00000000000075f4
[mtlr] resource2 sel8 flags 470 sz 0x1000 -> kr 0x00000000 rid 119 GPUVA 0x10002490000 cpu 10a060000
[mtlr]   out: 0000010002490000 000000010a060000 000000010105d940 0000000000000000
[mtlr]   out: 0000007700000000 0000000000004000 00000000110828cf 00000000000075f5
[mtlr] resource2 sel8 flags 470 sz 0x1000 -> kr 0x00000000 rid 119 GPUVA 0x10002490000 cpu 10a060000
[mtlr]   out: 0000010002490000 000000010a060000 000000010105d940 0000000000000000
[mtlr]   out: 0000007700000000 0000000000004000 00000000110828d0 00000000000075f6
[mtlr] resource2 sel8 flags 470 sz 0x1000 -> kr 0x00000000 rid 119 GPUVA 0x10002490000 cpu 10a060000
[mtlr]   out: 0000010002490000 000000010a060000 000000010105d940 0000000000000000
[mtlr]   out: 0000007700000000 0000000000004000 00000000110828d1 00000000000075f7
[mtlr] resource2 sel8 flags 470 sz 0x1000 -> kr 0x00000000 rid 119 GPUVA 0x10002490000 cpu 10a060000
[mtlr]   out: 0000010002490000 000000010a060000 000000010105d940 0000000000000000
[mtlr]   out: 0000007700000000 0000000000004000 00000000110828d2 00000000000075f8
[mtlr] resource2 sel8 flags 470 sz 0x1000 -> kr 0x00000000 rid 119 GPUVA 0x10002490000 cpu 10a060000
[mtlr]   out: 0000010002490000 000000010a060000 000000010105d940 0000000000000000
[mtlr]   out: 0000007700000000 0000000000004000 00000000110828d3 00000000000075f9
[mtlr] resource2 sel8 flags 470 sz 0x1000 -> kr 0x00000000 rid 119 GPUVA 0x10002490000 cpu 10a060000
[mtlr]   out: 0000010002490000 000000010a060000 000000010105d940 0000000000000000
[mtlr]   out: 0000007700000000 0000000000004000 00000000110828d4 00000000000075fa
[mtlr] resource2 sel8 flags 470 sz 0x1000 -> kr 0x00000000 rid 119 GPUVA 0x10002490000 cpu 10a060000
[mtlr]   out: 0000010002490000 000000010a060000 000000010105d940 0000000000000000
[mtlr]   out: 0000007700000000 0000000000004000 00000000110828d5 00000000000075fb
[mtlr] resource2 sel8 flags 470 sz 0x1000 -> kr 0x00000000 rid 119 GPUVA 0x10002490000 cpu 10a060000
[mtlr]   out: 0000010002490000 000000010a060000 000000010105d940 0000000000000000
[mtlr]   out: 0000007700000000 0000000000004000 00000000110828d6 00000000000075fc
[mtlr] resource2 sel8 flags 470 sz 0x1000 -> kr 0x00000000 rid 119 GPUVA 0x10002490000 cpu 10a060000
[mtlr]   out: 0000010002490000 000000010a060000 000000010105d940 0000000000000000
[mtlr]   out: 0000007700000000 0000000000004000 00000000110828d7 00000000000075fd
[mtlr] resource2 sel8 flags 470 sz 0x1000 -> kr 0x00000000 rid 119 GPUVA 0x10002490000 cpu 10a060000
[mtlr]   out: 0000010002490000 000000010a060000 000000010105d940 0000000000000000
[mtlr]   out: 0000007700000000 0000000000004000 00000000110828d8 00000000000075fe
[mtlr] resource2 sel8 flags 470 sz 0x1000 -> kr 0x00000000 rid 119 GPUVA 0x10002490000 cpu 10a060000
[mtlr]   out: 0000010002490000 000000010a060000 000000010105d940 0000000000000000
[mtlr]   out: 0000007700000000 0000000000004000 00000000110828d9 00000000000075ff
[mtlr] resource2 sel8 flags 470 sz 0x1000 -> kr 0x00000000 rid 119 GPUVA 0x10002490000 cpu 10a060000
[mtlr]   out: 0000010002490000 000000010a060000 000000010105d940 0000000000000000
[mtlr]   out: 0000007700000000 0000000000004000 00000000110828da 0000000000007600
[mtlr] resource2 sel8 flags 470 sz 0x1000 -> kr 0x00000000 rid 119 GPUVA 0x10002490000 cpu 10a060000
[mtlr]   out: 0000010002490000 000000010a060000 000000010105d940 0000000000000000
[mtlr]   out: 0000007700000000 0000000000004000 00000000110828db 0000000000007601
[mtlr] resource2 sel8 flags 470 sz 0x1000 -> kr 0x00000000 rid 119 GPUVA 0x10002490000 cpu 10a060000
[mtlr]   out: 0000010002490000 000000010a060000 000000010105d940 0000000000000000
[mtlr]   out: 0000007700000000 0000000000004000 00000000110828dc 0000000000007602
[mtlr] resource2 sel8 flags 470 sz 0x1000 -> kr 0x00000000 rid 119 GPUVA 0x10002490000 cpu 10a060000
[mtlr]   out: 0000010002490000 000000010a060000 000000010105d940 0000000000000000
[mtlr]   out: 0000007700000000 0000000000004000 00000000110828dd 0000000000007603
[mtlr] resource2 sel8 flags 470 sz 0x1000 -> kr 0x00000000 rid 119 GPUVA 0x10002490000 cpu 10a060000
[mtlr]   out: 0000010002490000 000000010a060000 000000010105d940 0000000000000000
[mtlr]   out: 0000007700000000 0000000000004000 00000000110828de 0000000000007604
[mtlr] resource2 sel8 flags 470 sz 0x1000 -> kr 0x00000000 rid 119 GPUVA 0x10002490000 cpu 10a060000
[mtlr]   out: 0000010002490000 000000010a060000 000000010105d940 0000000000000000
[mtlr]   out: 0000007700000000 0000000000004000 00000000110828df 0000000000007605
[mtlr] resource2 sel8 flags 470 sz 0x1000 -> kr 0x00000000 rid 119 GPUVA 0x10002490000 cpu 10a060000
[mtlr]   out: 0000010002490000 000000010a060000 000000010105d940 0000000000000000
[mtlr]   out: 0000007700000000 0000000000004000 00000000110828e0 0000000000007606
[mtlr] resource2 sel8 flags 470 sz 0x1000 -> kr 0x00000000 rid 119 GPUVA 0x10002490000 cpu 10a060000
[mtlr]   out: 0000010002490000 000000010a060000 000000010105d940 0000000000000000
[mtlr]   out: 0000007700000000 0000000000004000 00000000110828e1 0000000000007607
[mtlr] resource2 sel8 flags 470 sz 0x1000 -> kr 0x00000000 rid 119 GPUVA 0x10002490000 cpu 10a060000
[mtlr]   out: 0000010002490000 000000010a060000 000000010105d940 0000000000000000
[mtlr]   out: 0000007700000000 0000000000004000 00000000110828e2 0000000000007608
[mtlr] resource2 sel8 flags 470 sz 0x1000 -> kr 0x00000000 rid 119 GPUVA 0x10002490000 cpu 10a060000
[mtlr]   out: 0000010002490000 000000010a060000 000000010105d940 0000000000000000
[mtlr]   out: 0000007700000000 0000000000004000 00000000110828e3 0000000000007609
[mtlr] resource2 sel8 flags 470 sz 0x1000 -> kr 0x00000000 rid 119 GPUVA 0x10002490000 cpu 10a060000
[mtlr]   out: 0000010002490000 000000010a060000 000000010105d940 0000000000000000
[mtlr]   out: 0000007700000000 0000000000004000 00000000110828e4 000000000000760a
[mtlr] resource2 sel8 flags 470 sz 0x1000 -> kr 0x00000000 rid 119 GPUVA 0x10002490000 cpu 10a060000
[mtlr]   out: 0000010002490000 000000010a060000 000000010105d940 0000000000000000
[mtlr]   out: 0000007700000000 0000000000004000 00000000110828e5 000000000000760b
[mtlr] resource2 sel8 flags 470 sz 0x1000 -> kr 0x00000000 rid 119 GPUVA 0x10002490000 cpu 10a060000
[mtlr]   out: 0000010002490000 000000010a060000 000000010105d940 0000000000000000
[mtlr]   out: 0000007700000000 0000000000004000 00000000110828e6 000000000000760c
[mtlr] resource2 sel8 flags 470 sz 0x1000 -> kr 0x00000000 rid 119 GPUVA 0x10002490000 cpu 10a060000
[mtlr]   out: 0000010002490000 000000010a060000 000000010105d940 0000000000000000
[mtlr]   out: 0000007700000000 0000000000004000 00000000110828e7 000000000000760d
[mtlr] resource2 sel8 flags 470 sz 0x1000 -> kr 0x00000000 rid 119 GPUVA 0x10002490000 cpu 10a060000
[mtlr]   out: 0000010002490000 000000010a060000 000000010105d940 0000000000000000
[mtlr]   out: 0000007700000000 0000000000004000 00000000110828e8 000000000000760e
[mtlr] resource2 sel8 flags 470 sz 0x1000 -> kr 0x00000000 rid 119 GPUVA 0x10002490000 cpu 10a060000
[mtlr]   out: 0000010002490000 000000010a060000 000000010105d940 0000000000000000
[mtlr]   out: 0000007700000000 0000000000004000 00000000110828e9 000000000000760f
[mtlr] resource2 sel8 flags 470 sz 0x1000 -> kr 0x00000000 rid 119 GPUVA 0x10002490000 cpu 10a060000
[mtlr]   out: 0000010002490000 000000010a060000 000000010105d940 0000000000000000
[mtlr]   out: 0000007700000000 0000000000004000 00000000110828ea 0000000000007610
[mtlr] resource2 sel8 flags 470 sz 0x1000 -> kr 0x00000000 rid 119 GPUVA 0x10002490000 cpu 10a060000
[mtlr]   out: 0000010002490000 000000010a060000 000000010105d940 0000000000000000
[mtlr]   out: 0000007700000000 0000000000004000 00000000110828eb 0000000000007611
[mtlr] resource2 sel8 flags 470 sz 0x1000 -> kr 0x00000000 rid 119 GPUVA 0x10002490000 cpu 10a060000
[mtlr]   out: 0000010002490000 000000010a060000 000000010105d940 0000000000000000
[mtlr]   out: 0000007700000000 0000000000004000 00000000110828ec 0000000000007612
[mtlr] resource2 sel8 flags 470 sz 0x1000 -> kr 0x00000000 rid 119 GPUVA 0x10002490000 cpu 10a060000
[mtlr]   out: 0000010002490000 000000010a060000 000000010105d940 0000000000000000
[mtlr]   out: 0000007700000000 0000000000004000 00000000110828ed 0000000000007613
[mtlr] resource2 sel8 flags 470 sz 0x1000 -> kr 0x00000000 rid 119 GPUVA 0x10002490000 cpu 10a060000
[mtlr]   out: 0000010002490000 000000010a060000 000000010105d940 0000000000000000
[mtlr]   out: 0000007700000000 0000000000004000 00000000110828ee 0000000000007614
[mtlr] resource2 sel8 flags 470 sz 0x1000 -> kr 0x00000000 rid 119 GPUVA 0x10002490000 cpu 10a060000
[mtlr]   out: 0000010002490000 000000010a060000 000000010105d940 0000000000000000
[mtlr]   out: 0000007700000000 0000000000004000 00000000110828ef 0000000000007615
[mtlr] resource2 sel8 flags 470 sz 0x1000 -> kr 0x00000000 rid 119 GPUVA 0x10002490000 cpu 10a060000
[mtlr]   out: 0000010002490000 000000010a060000 000000010105d940 0000000000000000
[mtlr]   out: 0000007700000000 0000000000004000 00000000110828f0 0000000000007616
[mtlr] resource2 sel8 flags 470 sz 0x1000 -> kr 0x00000000 rid 119 GPUVA 0x10002490000 cpu 10a060000
[mtlr]   out: 0000010002490000 000000010a060000 000000010105d940 0000000000000000
[mtlr]   out: 0000007700000000 0000000000004000 00000000110828f1 0000000000007617
[mtlr] resource2 sel8 flags 470 sz 0x1000 -> kr 0x00000000 rid 119 GPUVA 0x10002490000 cpu 10a060000
[mtlr]   out: 0000010002490000 000000010a060000 000000010105d940 0000000000000000
[mtlr]   out: 0000007700000000 0000000000004000 00000000110828f2 0000000000007618
[uatrec] S4 r20 (+1s): nvv 8 ncb 8 vsz 0x100000 fill 0x0 destroy0 kr 0x00000000 nj 40
[uatrec] S4 r20 blit[0] slots 7 ridp 1
[uatrec] S4 r20 blit[1] slots 7 ridp 1
[uatrec] S4 r20 blit[2] slots 7 ridp 1
[uatrec] S4 r20 blit[3] slots 7 ridp 1
[uatrec] S4 r20 blit[4] slots 7 ridp 1
[uatrec] S4 r20 blit[5] slots 7 ridp 1
[uatrec] S4 r20 blit[6] slots 7 ridp 1
[uatrec] S4 r20 blit[7] slots 7 ridp 1
[mtlr] resource2 sel8 flags 470 sz 0x100000 -> kr 0x00000000 rid 119 GPUVA 0x10002490000 cpu 10a164000
[mtlr]   out: 0000010002490000 000000010a164000 000000010105d940 0000000000000000
[mtlr]   out: 0000007700000000 0000000000100000 000000001108293f 000000000000761b
[uatrec] S4 r21 victim[0] rid 119 gpuva 0x10002490000 cpu 0x10a164000 (top-of-stack)
[mtlr] resource2 sel8 flags 470 sz 0x100000 -> kr 0x00000000 rid 120 GPUVA 0x10002598000 cpu 10a264000
[mtlr]   out: 0000010002598000 000000010a264000 000000010105da00 0000000000000000
[mtlr]   out: 0000007800000000 0000000000100000 0000000011082942 000000000000761c
[uatrec] S4 r21 victim[1] rid 120 gpuva 0x10002598000 cpu 0x10a264000 (top-of-stack)
[mtlr] resource2 sel8 flags 470 sz 0x100000 -> kr 0x00000000 rid 121 GPUVA 0x100026a0000 cpu 10a364000
[mtlr]   out: 00000100026a0000 000000010a364000 000000010105dac0 0000000000000000
[mtlr]   out: 0000007900000000 0000000000100000 000000001108294b 000000000000761d
[uatrec] S4 r21 victim[2] rid 121 gpuva 0x100026a0000 cpu 0x10a364000 (top-of-stack)
[mtlr] resource2 sel8 flags 470 sz 0x100000 -> kr 0x00000000 rid 122 GPUVA 0x100027a8000 cpu 109d58000
[mtlr]   out: 00000100027a8000 0000000109d58000 000000010105db80 0000000000000000
[mtlr]   out: 0000007a00000000 0000000000100000 000000001108294f 000000000000761e
[uatrec] S4 r21 victim[3] rid 122 gpuva 0x100027a8000 cpu 0x109d58000 (top-of-stack)
[mtlr] resource2 sel8 flags 470 sz 0x100000 -> kr 0x00000000 rid 123 GPUVA 0x100028b0000 cpu 109e58000
[mtlr]   out: 00000100028b0000 0000000109e58000 000000010105dc40 0000000000000000
[mtlr]   out: 0000007b00000000 0000000000100000 0000000011082954 000000000000761f
[uatrec] S4 r21 victim[4] rid 123 gpuva 0x100028b0000 cpu 0x109e58000 (top-of-stack)
[mtlr] resource2 sel8 flags 470 sz 0x100000 -> kr 0x00000000 rid 124 GPUVA 0x100029b8000 cpu 109f58000
[mtlr]   out: 00000100029b8000 0000000109f58000 000000010105dd00 0000000000000000
[mtlr]   out: 0000007c00000000 0000000000100000 0000000011082955 0000000000007620
[uatrec] S4 r21 victim[5] rid 124 gpuva 0x100029b8000 cpu 0x109f58000 (top-of-stack)
[mtlr] resource2 sel8 flags 470 sz 0x100000 -> kr 0x00000000 rid 125 GPUVA 0x10002ac0000 cpu 10a058000
[mtlr]   out: 0000010002ac0000 000000010a058000 000000010105ddc0 0000000000000000
[mtlr]   out: 0000007d00000000 0000000000100000 0000000011082956 0000000000007621
[uatrec] S4 r21 victim[6] rid 125 gpuva 0x10002ac0000 cpu 0x10a058000 (top-of-stack)
[mtlr] resource2 sel8 flags 470 sz 0x100000 -> kr 0x00000000 rid 126 GPUVA 0x10002bc8000 cpu 10a5c0000
[mtlr]   out: 0000010002bc8000 000000010a5c0000 000000010105de80 0000000000000000
[mtlr]   out: 0000007e00000000 0000000000100000 0000000011082957 0000000000007622
[uatrec] S4 r21 victim[7] rid 126 gpuva 0x10002bc8000 cpu 0x10a5c0000 (top-of-stack)
[mtlr] resource2 sel8 flags 470 sz 0x1000 -> kr 0x00000000 rid 119 GPUVA 0x10002490000 cpu 10a544000
[mtlr]   out: 0000010002490000 000000010a544000 000000010105d940 0000000000000000
[mtlr]   out: 0000007700000000 0000000000004000 0000000011082973 000000000000762c
[mtlr] resource2 sel8 flags 470 sz 0x1000 -> kr 0x00000000 rid 119 GPUVA 0x10002490000 cpu 10a544000
[mtlr]   out: 0000010002490000 000000010a544000 000000010105d940 0000000000000000
[mtlr]   out: 0000007700000000 0000000000004000 0000000011082974 000000000000762d
[mtlr] resource2 sel8 flags 470 sz 0x1000 -> kr 0x00000000 rid 119 GPUVA 0x10002490000 cpu 10a544000
[mtlr]   out: 0000010002490000 000000010a544000 000000010105d940 0000000000000000
[mtlr]   out: 0000007700000000 0000000000004000 0000000011082975 000000000000762e
[mtlr] resource2 sel8 flags 470 sz 0x1000 -> kr 0x00000000 rid 119 GPUVA 0x10002490000 cpu 10a544000
[mtlr]   out: 0000010002490000 000000010a544000 000000010105d940 0000000000000000
[mtlr]   out: 0000007700000000 0000000000004000 0000000011082976 000000000000762f
[mtlr] resource2 sel8 flags 470 sz 0x1000 -> kr 0x00000000 rid 119 GPUVA 0x10002490000 cpu 10a544000
[mtlr]   out: 0000010002490000 000000010a544000 000000010105d940 0000000000000000
[mtlr]   out: 0000007700000000 0000000000004000 0000000011082977 0000000000007630
[mtlr] resource2 sel8 flags 470 sz 0x1000 -> kr 0x00000000 rid 119 GPUVA 0x10002490000 cpu 10a544000
[mtlr]   out: 0000010002490000 000000010a544000 000000010105d940 0000000000000000
[mtlr]   out: 0000007700000000 0000000000004000 0000000011082978 0000000000007631
[mtlr] resource2 sel8 flags 470 sz 0x1000 -> kr 0x00000000 rid 119 GPUVA 0x10002490000 cpu 10a544000
[mtlr]   out: 0000010002490000 000000010a544000 000000010105d940 0000000000000000
[mtlr]   out: 0000007700000000 0000000000004000 0000000011082979 0000000000007632
[mtlr] resource2 sel8 flags 470 sz 0x1000 -> kr 0x00000000 rid 119 GPUVA 0x10002490000 cpu 10a544000
[mtlr]   out: 0000010002490000 000000010a544000 000000010105d940 0000000000000000
[mtlr]   out: 0000007700000000 0000000000004000 000000001108297a 0000000000007633
[mtlr] resource2 sel8 flags 470 sz 0x1000 -> kr 0x00000000 rid 119 GPUVA 0x10002490000 cpu 10a544000
[mtlr]   out: 0000010002490000 000000010a544000 000000010105d940 0000000000000000
[mtlr]   out: 0000007700000000 0000000000004000 000000001108297b 0000000000007634
[mtlr] resource2 sel8 flags 470 sz 0x1000 -> kr 0x00000000 rid 119 GPUVA 0x10002490000 cpu 10a544000
[mtlr]   out: 0000010002490000 000000010a544000 000000010105d940 0000000000000000
[mtlr]   out: 0000007700000000 0000000000004000 000000001108297c 0000000000007635
[mtlr] resource2 sel8 flags 470 sz 0x1000 -> kr 0x00000000 rid 119 GPUVA 0x10002490000 cpu 10a544000
[mtlr]   out: 0000010002490000 000000010a544000 000000010105d940 0000000000000000
[mtlr]   out: 0000007700000000 0000000000004000 000000001108297d 0000000000007636
[mtlr] resource2 sel8 flags 470 sz 0x1000 -> kr 0x00000000 rid 119 GPUVA 0x10002490000 cpu 10a544000
[mtlr]   out: 0000010002490000 000000010a544000 000000010105d940 0000000000000000
[mtlr]   out: 0000007700000000 0000000000004000 000000001108297e 0000000000007637
[mtlr] resource2 sel8 flags 470 sz 0x1000 -> kr 0x00000000 rid 119 GPUVA 0x10002490000 cpu 10a544000
[mtlr]   out: 0000010002490000 000000010a544000 000000010105d940 0000000000000000
[mtlr]   out: 0000007700000000 0000000000004000 000000001108297f 0000000000007638
[mtlr] resource2 sel8 flags 470 sz 0x1000 -> kr 0x00000000 rid 119 GPUVA 0x10002490000 cpu 10a544000
[mtlr]   out: 0000010002490000 000000010a544000 000000010105d940 0000000000000000
[mtlr]   out: 0000007700000000 0000000000004000 0000000011082980 0000000000007639
[mtlr] resource2 sel8 flags 470 sz 0x1000 -> kr 0x00000000 rid 119 GPUVA 0x10002490000 cpu 10a544000
[mtlr]   out: 0000010002490000 000000010a544000 000000010105d940 0000000000000000
[mtlr]   out: 0000007700000000 0000000000004000 0000000011082981 000000000000763a
[mtlr] resource2 sel8 flags 470 sz 0x1000 -> kr 0x00000000 rid 119 GPUVA 0x10002490000 cpu 10a544000
[mtlr]   out: 0000010002490000 000000010a544000 000000010105d940 0000000000000000
[mtlr]   out: 0000007700000000 0000000000004000 0000000011082982 000000000000763b
[mtlr] resource2 sel8 flags 470 sz 0x1000 -> kr 0x00000000 rid 119 GPUVA 0x10002490000 cpu 10a544000
[mtlr]   out: 0000010002490000 000000010a544000 000000010105d940 0000000000000000
[mtlr]   out: 0000007700000000 0000000000004000 0000000011082983 000000000000763c
[mtlr] resource2 sel8 flags 470 sz 0x1000 -> kr 0x00000000 rid 119 GPUVA 0x10002490000 cpu 10a544000
[mtlr]   out: 0000010002490000 000000010a544000 000000010105d940 0000000000000000
[mtlr]   out: 0000007700000000 0000000000004000 0000000011082984 000000000000763d
[mtlr] resource2 sel8 flags 470 sz 0x1000 -> kr 0x00000000 rid 119 GPUVA 0x10002490000 cpu 10a544000
[mtlr]   out: 0000010002490000 000000010a544000 000000010105d940 0000000000000000
[mtlr]   out: 0000007700000000 0000000000004000 0000000011082985 000000000000763e
[mtlr] resource2 sel8 flags 470 sz 0x1000 -> kr 0x00000000 rid 119 GPUVA 0x10002490000 cpu 10a544000
[mtlr]   out: 0000010002490000 000000010a544000 000000010105d940 0000000000000000
[mtlr]   out: 0000007700000000 0000000000004000 0000000011082986 000000000000763f
[mtlr] resource2 sel8 flags 470 sz 0x1000 -> kr 0x00000000 rid 119 GPUVA 0x10002490000 cpu 10a544000
[mtlr]   out: 0000010002490000 000000010a544000 000000010105d940 0000000000000000
[mtlr]   out: 0000007700000000 0000000000004000 0000000011082987 0000000000007640
[mtlr] resource2 sel8 flags 470 sz 0x1000 -> kr 0x00000000 rid 119 GPUVA 0x10002490000 cpu 10a544000
[mtlr]   out: 0000010002490000 000000010a544000 000000010105d940 0000000000000000
[mtlr]   out: 0000007700000000 0000000000004000 0000000011082988 0000000000007641
[mtlr] resource2 sel8 flags 470 sz 0x1000 -> kr 0x00000000 rid 119 GPUVA 0x10002490000 cpu 10a544000
[mtlr]   out: 0000010002490000 000000010a544000 000000010105d940 0000000000000000
[mtlr]   out: 0000007700000000 0000000000004000 0000000011082989 0000000000007642
[mtlr] resource2 sel8 flags 470 sz 0x1000 -> kr 0x00000000 rid 119 GPUVA 0x10002490000 cpu 10a544000
[mtlr]   out: 0000010002490000 000000010a544000 000000010105d940 0000000000000000
[mtlr]   out: 0000007700000000 0000000000004000 000000001108298a 0000000000007643
[mtlr] resource2 sel8 flags 470 sz 0x1000 -> kr 0x00000000 rid 119 GPUVA 0x10002490000 cpu 10a544000
[mtlr]   out: 0000010002490000 000000010a544000 000000010105d940 0000000000000000
[mtlr]   out: 0000007700000000 0000000000004000 000000001108298b 0000000000007644
[mtlr] resource2 sel8 flags 470 sz 0x1000 -> kr 0x00000000 rid 119 GPUVA 0x10002490000 cpu 10a544000
[mtlr]   out: 0000010002490000 000000010a544000 000000010105d940 0000000000000000
[mtlr]   out: 0000007700000000 0000000000004000 000000001108298c 0000000000007645
[mtlr] resource2 sel8 flags 470 sz 0x1000 -> kr 0x00000000 rid 119 GPUVA 0x10002490000 cpu 10a544000
[mtlr]   out: 0000010002490000 000000010a544000 000000010105d940 0000000000000000
[mtlr]   out: 0000007700000000 0000000000004000 000000001108298d 0000000000007646
[mtlr] resource2 sel8 flags 470 sz 0x1000 -> kr 0x00000000 rid 119 GPUVA 0x10002490000 cpu 10a544000
[mtlr]   out: 0000010002490000 000000010a544000 000000010105d940 0000000000000000
[mtlr]   out: 0000007700000000 0000000000004000 000000001108298e 0000000000007647
[mtlr] resource2 sel8 flags 470 sz 0x1000 -> kr 0x00000000 rid 119 GPUVA 0x10002490000 cpu 10a544000
[mtlr]   out: 0000010002490000 000000010a544000 000000010105d940 0000000000000000
[mtlr]   out: 0000007700000000 0000000000004000 000000001108298f 0000000000007648
[mtlr] resource2 sel8 flags 470 sz 0x1000 -> kr 0x00000000 rid 119 GPUVA 0x10002490000 cpu 10a544000
[mtlr]   out: 0000010002490000 000000010a544000 000000010105d940 0000000000000000
[mtlr]   out: 0000007700000000 0000000000004000 0000000011082990 0000000000007649
[mtlr] resource2 sel8 flags 470 sz 0x1000 -> kr 0x00000000 rid 119 GPUVA 0x10002490000 cpu 10a544000
[mtlr]   out: 0000010002490000 000000010a544000 000000010105d940 0000000000000000
[mtlr]   out: 0000007700000000 0000000000004000 0000000011082991 000000000000764a
[mtlr] resource2 sel8 flags 470 sz 0x1000 -> kr 0x00000000 rid 119 GPUVA 0x10002490000 cpu 10a544000
[mtlr]   out: 0000010002490000 000000010a544000 000000010105d940 0000000000000000
[mtlr]   out: 0000007700000000 0000000000004000 0000000011082992 000000000000764b
[mtlr] resource2 sel8 flags 470 sz 0x1000 -> kr 0x00000000 rid 119 GPUVA 0x10002490000 cpu 10a544000
[mtlr]   out: 0000010002490000 000000010a544000 000000010105d940 0000000000000000
[mtlr]   out: 0000007700000000 0000000000004000 0000000011082993 000000000000764c
[mtlr] resource2 sel8 flags 470 sz 0x1000 -> kr 0x00000000 rid 119 GPUVA 0x10002490000 cpu 10a544000
[mtlr]   out: 0000010002490000 000000010a544000 000000010105d940 0000000000000000
[mtlr]   out: 0000007700000000 0000000000004000 0000000011082994 000000000000764d
[mtlr] resource2 sel8 flags 470 sz 0x1000 -> kr 0x00000000 rid 119 GPUVA 0x10002490000 cpu 10a544000
[mtlr]   out: 0000010002490000 000000010a544000 000000010105d940 0000000000000000
[mtlr]   out: 0000007700000000 0000000000004000 0000000011082995 000000000000764e
[mtlr] resource2 sel8 flags 470 sz 0x1000 -> kr 0x00000000 rid 119 GPUVA 0x10002490000 cpu 10a544000
[mtlr]   out: 0000010002490000 000000010a544000 000000010105d940 0000000000000000
[mtlr]   out: 0000007700000000 0000000000004000 0000000011082996 000000000000764f
[mtlr] resource2 sel8 flags 470 sz 0x1000 -> kr 0x00000000 rid 119 GPUVA 0x10002490000 cpu 10a544000
[mtlr]   out: 0000010002490000 000000010a544000 000000010105d940 0000000000000000
[mtlr]   out: 0000007700000000 0000000000004000 0000000011082997 0000000000007650
[mtlr] resource2 sel8 flags 470 sz 0x1000 -> kr 0x00000000 rid 119 GPUVA 0x10002490000 cpu 10a544000
[mtlr]   out: 0000010002490000 000000010a544000 000000010105d940 0000000000000000
[mtlr]   out: 0000007700000000 0000000000004000 0000000011082998 0000000000007651
[mtlr] resource2 sel8 flags 470 sz 0x1000 -> kr 0x00000000 rid 119 GPUVA 0x10002490000 cpu 10a544000
[mtlr]   out: 0000010002490000 000000010a544000 000000010105d940 0000000000000000
[mtlr]   out: 0000007700000000 0000000000004000 0000000011082999 0000000000007652
[mtlr] resource2 sel8 flags 470 sz 0x1000 -> kr 0x00000000 rid 119 GPUVA 0x10002490000 cpu 10a544000
[mtlr]   out: 0000010002490000 000000010a544000 000000010105d940 0000000000000000
[mtlr]   out: 0000007700000000 0000000000004000 000000001108299a 0000000000007653
[uatrec] S4 r21 (+1s): nvv 8 ncb 8 vsz 0x100000 fill 0x0 destroy0 kr 0x00000000 nj 40
[uatrec] S4 r21 blit[0] slots 7 ridp 1
[uatrec] S4 r21 blit[1] slots 7 ridp 1
[uatrec] S4 r21 blit[2] slots 7 ridp 1
[uatrec] S4 r21 blit[3] slots 7 ridp 1
[uatrec] S4 r21 blit[4] slots 7 ridp 1
[uatrec] S4 r21 blit[5] slots 7 ridp 1
[uatrec] S4 r21 blit[6] slots 7 ridp 1
[uatrec] S4 r21 blit[7] slots 7 ridp 1
[mtlr] resource2 sel8 flags 470 sz 0x100000 -> kr 0x00000000 rid 119 GPUVA 0x10002490000 cpu 109d58000
[mtlr]   out: 0000010002490000 0000000109d58000 000000010105d940 0000000000000000
[mtlr]   out: 0000007700000000 0000000000100000 00000000110829bc 0000000000007656
[uatrec] S4 r22 victim[0] rid 119 gpuva 0x10002490000 cpu 0x109d58000 (top-of-stack)
[mtlr] resource2 sel8 flags 470 sz 0x100000 -> kr 0x00000000 rid 120 GPUVA 0x10002598000 cpu 109e58000
[mtlr]   out: 0000010002598000 0000000109e58000 000000010105da00 0000000000000000
[mtlr]   out: 0000007800000000 0000000000100000 00000000110829c7 0000000000007657
[uatrec] S4 r22 victim[1] rid 120 gpuva 0x10002598000 cpu 0x109e58000 (top-of-stack)
[mtlr] resource2 sel8 flags 470 sz 0x100000 -> kr 0x00000000 rid 121 GPUVA 0x100026a0000 cpu 109f58000
[mtlr]   out: 00000100026a0000 0000000109f58000 000000010105dac0 0000000000000000
[mtlr]   out: 0000007900000000 0000000000100000 00000000110829c8 0000000000007658
[uatrec] S4 r22 victim[2] rid 121 gpuva 0x100026a0000 cpu 0x109f58000 (top-of-stack)
[mtlr] resource2 sel8 flags 470 sz 0x100000 -> kr 0x00000000 rid 122 GPUVA 0x100027a8000 cpu 10a058000
[mtlr]   out: 00000100027a8000 000000010a058000 000000010105db80 0000000000000000
[mtlr]   out: 0000007a00000000 0000000000100000 00000000110829c9 0000000000007659
[uatrec] S4 r22 victim[3] rid 122 gpuva 0x100027a8000 cpu 0x10a058000 (top-of-stack)
[mtlr] resource2 sel8 flags 470 sz 0x100000 -> kr 0x00000000 rid 123 GPUVA 0x100028b0000 cpu 10a164000
[mtlr]   out: 00000100028b0000 000000010a164000 000000010105dc40 0000000000000000
[mtlr]   out: 0000007b00000000 0000000000100000 00000000110829ca 000000000000765a
[uatrec] S4 r22 victim[4] rid 123 gpuva 0x100028b0000 cpu 0x10a164000 (top-of-stack)
[mtlr] resource2 sel8 flags 470 sz 0x100000 -> kr 0x00000000 rid 124 GPUVA 0x100029b8000 cpu 10a264000
[mtlr]   out: 00000100029b8000 000000010a264000 000000010105dd00 0000000000000000
[mtlr]   out: 0000007c00000000 0000000000100000 00000000110829d2 000000000000765b
[uatrec] S4 r22 victim[5] rid 124 gpuva 0x100029b8000 cpu 0x10a264000 (top-of-stack)
[mtlr] resource2 sel8 flags 470 sz 0x100000 -> kr 0x00000000 rid 125 GPUVA 0x10002ac0000 cpu 10a364000
[mtlr]   out: 0000010002ac0000 000000010a364000 000000010105ddc0 0000000000000000
[mtlr]   out: 0000007d00000000 0000000000100000 00000000110829d3 000000000000765c
[uatrec] S4 r22 victim[6] rid 125 gpuva 0x10002ac0000 cpu 0x10a364000 (top-of-stack)
[mtlr] resource2 sel8 flags 470 sz 0x100000 -> kr 0x00000000 rid 126 GPUVA 0x10002bc8000 cpu 10a5c0000
[mtlr]   out: 0000010002bc8000 000000010a5c0000 000000010105de80 0000000000000000
[mtlr]   out: 0000007e00000000 0000000000100000 00000000110829d4 000000000000765d
[uatrec] S4 r22 victim[7] rid 126 gpuva 0x10002bc8000 cpu 0x10a5c0000 (top-of-stack)
[mtlr] resource2 sel8 flags 470 sz 0x1000 -> kr 0x00000000 rid 119 GPUVA 0x10002490000 cpu 10a544000
[mtlr]   out: 0000010002490000 000000010a544000 000000010105d940 0000000000000000
[mtlr]   out: 0000007700000000 0000000000004000 00000000110829f0 0000000000007667
[mtlr] resource2 sel8 flags 470 sz 0x1000 -> kr 0x00000000 rid 119 GPUVA 0x10002490000 cpu 10a544000
[mtlr]   out: 0000010002490000 000000010a544000 000000010105d940 0000000000000000
[mtlr]   out: 0000007700000000 0000000000004000 00000000110829f1 0000000000007668
[mtlr] resource2 sel8 flags 470 sz 0x1000 -> kr 0x00000000 rid 119 GPUVA 0x10002490000 cpu 10a544000
[mtlr]   out: 0000010002490000 000000010a544000 000000010105d940 0000000000000000
[mtlr]   out: 0000007700000000 0000000000004000 00000000110829f2 0000000000007669
[mtlr] resource2 sel8 flags 470 sz 0x1000 -> kr 0x00000000 rid 119 GPUVA 0x10002490000 cpu 10a544000
[mtlr]   out: 0000010002490000 000000010a544000 000000010105d940 0000000000000000
[mtlr]   out: 0000007700000000 0000000000004000 00000000110829f3 000000000000766a
[mtlr] resource2 sel8 flags 470 sz 0x1000 -> kr 0x00000000 rid 119 GPUVA 0x10002490000 cpu 10a544000
[mtlr]   out: 0000010002490000 000000010a544000 000000010105d940 0000000000000000
[mtlr]   out: 0000007700000000 0000000000004000 00000000110829f4 000000000000766b
[mtlr] resource2 sel8 flags 470 sz 0x1000 -> kr 0x00000000 rid 119 GPUVA 0x10002490000 cpu 10a544000
[mtlr]   out: 0000010002490000 000000010a544000 000000010105d940 0000000000000000
[mtlr]   out: 0000007700000000 0000000000004000 00000000110829f5 000000000000766c
[mtlr] resource2 sel8 flags 470 sz 0x1000 -> kr 0x00000000 rid 119 GPUVA 0x10002490000 cpu 10a544000
[mtlr]   out: 0000010002490000 000000010a544000 000000010105d940 0000000000000000
[mtlr]   out: 0000007700000000 0000000000004000 00000000110829f6 000000000000766d
[mtlr] resource2 sel8 flags 470 sz 0x1000 -> kr 0x00000000 rid 119 GPUVA 0x10002490000 cpu 10a544000
[mtlr]   out: 0000010002490000 000000010a544000 000000010105d940 0000000000000000
[mtlr]   out: 0000007700000000 0000000000004000 00000000110829f7 000000000000766e
[mtlr] resource2 sel8 flags 470 sz 0x1000 -> kr 0x00000000 rid 119 GPUVA 0x10002490000 cpu 10a544000
[mtlr]   out: 0000010002490000 000000010a544000 000000010105d940 0000000000000000
[mtlr]   out: 0000007700000000 0000000000004000 00000000110829f8 000000000000766f
[mtlr] resource2 sel8 flags 470 sz 0x1000 -> kr 0x00000000 rid 119 GPUVA 0x10002490000 cpu 10a544000
[mtlr]   out: 0000010002490000 000000010a544000 000000010105d940 0000000000000000
[mtlr]   out: 0000007700000000 0000000000004000 00000000110829f9 0000000000007670
[mtlr] resource2 sel8 flags 470 sz 0x1000 -> kr 0x00000000 rid 119 GPUVA 0x10002490000 cpu 10a544000
[mtlr]   out: 0000010002490000 000000010a544000 000000010105d940 0000000000000000
[mtlr]   out: 0000007700000000 0000000000004000 00000000110829fa 0000000000007671
[mtlr] resource2 sel8 flags 470 sz 0x1000 -> kr 0x00000000 rid 119 GPUVA 0x10002490000 cpu 10a544000
[mtlr]   out: 0000010002490000 000000010a544000 000000010105d940 0000000000000000
[mtlr]   out: 0000007700000000 0000000000004000 00000000110829fb 0000000000007672
[mtlr] resource2 sel8 flags 470 sz 0x1000 -> kr 0x00000000 rid 119 GPUVA 0x10002490000 cpu 10a544000
[mtlr]   out: 0000010002490000 000000010a544000 000000010105d940 0000000000000000
[mtlr]   out: 0000007700000000 0000000000004000 00000000110829fc 0000000000007673
[mtlr] resource2 sel8 flags 470 sz 0x1000 -> kr 0x00000000 rid 119 GPUVA 0x10002490000 cpu 10a544000
[mtlr]   out: 0000010002490000 000000010a544000 000000010105d940 0000000000000000
[mtlr]   out: 0000007700000000 0000000000004000 00000000110829fd 0000000000007674
[mtlr] resource2 sel8 flags 470 sz 0x1000 -> kr 0x00000000 rid 119 GPUVA 0x10002490000 cpu 10a544000
[mtlr]   out: 0000010002490000 000000010a544000 000000010105d940 0000000000000000
[mtlr]   out: 0000007700000000 0000000000004000 00000000110829fe 0000000000007675
[mtlr] resource2 sel8 flags 470 sz 0x1000 -> kr 0x00000000 rid 119 GPUVA 0x10002490000 cpu 10a544000
[mtlr]   out: 0000010002490000 000000010a544000 000000010105d940 0000000000000000
[mtlr]   out: 0000007700000000 0000000000004000 00000000110829ff 0000000000007676
[mtlr] resource2 sel8 flags 470 sz 0x1000 -> kr 0x00000000 rid 119 GPUVA 0x10002490000 cpu 10a544000
[mtlr]   out: 0000010002490000 000000010a544000 000000010105d940 0000000000000000
[mtlr]   out: 0000007700000000 0000000000004000 0000000011082a00 0000000000007677
[mtlr] resource2 sel8 flags 470 sz 0x1000 -> kr 0x00000000 rid 119 GPUVA 0x10002490000 cpu 10a544000
[mtlr]   out: 0000010002490000 000000010a544000 000000010105d940 0000000000000000
[mtlr]   out: 0000007700000000 0000000000004000 0000000011082a01 0000000000007678
[mtlr] resource2 sel8 flags 470 sz 0x1000 -> kr 0x00000000 rid 119 GPUVA 0x10002490000 cpu 10a544000
[mtlr]   out: 0000010002490000 000000010a544000 000000010105d940 0000000000000000
[mtlr]   out: 0000007700000000 0000000000004000 0000000011082a02 0000000000007679
[mtlr] resource2 sel8 flags 470 sz 0x1000 -> kr 0x00000000 rid 119 GPUVA 0x10002490000 cpu 10a544000
[mtlr]   out: 0000010002490000 000000010a544000 000000010105d940 0000000000000000
[mtlr]   out: 0000007700000000 0000000000004000 0000000011082a03 000000000000767a
[mtlr] resource2 sel8 flags 470 sz 0x1000 -> kr 0x00000000 rid 119 GPUVA 0x10002490000 cpu 10a544000
[mtlr]   out: 0000010002490000 000000010a544000 000000010105d940 0000000000000000
[mtlr]   out: 0000007700000000 0000000000004000 0000000011082a04 000000000000767b
[mtlr] resource2 sel8 flags 470 sz 0x1000 -> kr 0x00000000 rid 119 GPUVA 0x10002490000 cpu 10a544000
[mtlr]   out: 0000010002490000 000000010a544000 000000010105d940 0000000000000000
[mtlr]   out: 0000007700000000 0000000000004000 0000000011082a05 000000000000767c
[mtlr] resource2 sel8 flags 470 sz 0x1000 -> kr 0x00000000 rid 119 GPUVA 0x10002490000 cpu 10a544000
[mtlr]   out: 0000010002490000 000000010a544000 000000010105d940 0000000000000000
[mtlr]   out: 0000007700000000 0000000000004000 0000000011082a06 000000000000767d
[mtlr] resource2 sel8 flags 470 sz 0x1000 -> kr 0x00000000 rid 119 GPUVA 0x10002490000 cpu 10a544000
[mtlr]   out: 0000010002490000 000000010a544000 000000010105d940 0000000000000000
[mtlr]   out: 0000007700000000 0000000000004000 0000000011082a07 000000000000767e
[mtlr] resource2 sel8 flags 470 sz 0x1000 -> kr 0x00000000 rid 119 GPUVA 0x10002490000 cpu 10a544000
[mtlr]   out: 0000010002490000 000000010a544000 000000010105d940 0000000000000000
[mtlr]   out: 0000007700000000 0000000000004000 0000000011082a08 000000000000767f
[mtlr] resource2 sel8 flags 470 sz 0x1000 -> kr 0x00000000 rid 119 GPUVA 0x10002490000 cpu 10a544000
[mtlr]   out: 0000010002490000 000000010a544000 000000010105d940 0000000000000000
[mtlr]   out: 0000007700000000 0000000000004000 0000000011082a09 0000000000007680
[mtlr] resource2 sel8 flags 470 sz 0x1000 -> kr 0x00000000 rid 119 GPUVA 0x10002490000 cpu 10a544000
[mtlr]   out: 0000010002490000 000000010a544000 000000010105d940 0000000000000000
[mtlr]   out: 0000007700000000 0000000000004000 0000000011082a0a 0000000000007681
[mtlr] resource2 sel8 flags 470 sz 0x1000 -> kr 0x00000000 rid 119 GPUVA 0x10002490000 cpu 10a544000
[mtlr]   out: 0000010002490000 000000010a544000 000000010105d940 0000000000000000
[mtlr]   out: 0000007700000000 0000000000004000 0000000011082a0b 0000000000007682
[mtlr] resource2 sel8 flags 470 sz 0x1000 -> kr 0x00000000 rid 119 GPUVA 0x10002490000 cpu 10a544000
[mtlr]   out: 0000010002490000 000000010a544000 000000010105d940 0000000000000000
[mtlr]   out: 0000007700000000 0000000000004000 0000000011082a0c 0000000000007683
[mtlr] resource2 sel8 flags 470 sz 0x1000 -> kr 0x00000000 rid 119 GPUVA 0x10002490000 cpu 10a544000
[mtlr]   out: 0000010002490000 000000010a544000 000000010105d940 0000000000000000
[mtlr]   out: 0000007700000000 0000000000004000 0000000011082a0d 0000000000007684
[mtlr] resource2 sel8 flags 470 sz 0x1000 -> kr 0x00000000 rid 119 GPUVA 0x10002490000 cpu 10a544000
[mtlr]   out: 0000010002490000 000000010a544000 000000010105d940 0000000000000000
[mtlr]   out: 0000007700000000 0000000000004000 0000000011082a0e 0000000000007685
[mtlr] resource2 sel8 flags 470 sz 0x1000 -> kr 0x00000000 rid 119 GPUVA 0x10002490000 cpu 10a544000
[mtlr]   out: 0000010002490000 000000010a544000 000000010105d940 0000000000000000
[mtlr]   out: 0000007700000000 0000000000004000 0000000011082a0f 0000000000007686
[mtlr] resource2 sel8 flags 470 sz 0x1000 -> kr 0x00000000 rid 119 GPUVA 0x10002490000 cpu 10a544000
[mtlr]   out: 0000010002490000 000000010a544000 000000010105d940 0000000000000000
[mtlr]   out: 0000007700000000 0000000000004000 0000000011082a10 0000000000007687
[mtlr] resource2 sel8 flags 470 sz 0x1000 -> kr 0x00000000 rid 119 GPUVA 0x10002490000 cpu 10a544000
[mtlr]   out: 0000010002490000 000000010a544000 000000010105d940 0000000000000000
[mtlr]   out: 0000007700000000 0000000000004000 0000000011082a11 0000000000007688
[mtlr] resource2 sel8 flags 470 sz 0x1000 -> kr 0x00000000 rid 119 GPUVA 0x10002490000 cpu 10a544000
[mtlr]   out: 0000010002490000 000000010a544000 000000010105d940 0000000000000000
[mtlr]   out: 0000007700000000 0000000000004000 0000000011082a12 0000000000007689
[mtlr] resource2 sel8 flags 470 sz 0x1000 -> kr 0x00000000 rid 119 GPUVA 0x10002490000 cpu 10a544000
[mtlr]   out: 0000010002490000 000000010a544000 000000010105d940 0000000000000000
[mtlr]   out: 0000007700000000 0000000000004000 0000000011082a13 000000000000768a
[mtlr] resource2 sel8 flags 470 sz 0x1000 -> kr 0x00000000 rid 119 GPUVA 0x10002490000 cpu 10a544000
[mtlr]   out: 0000010002490000 000000010a544000 000000010105d940 0000000000000000
[mtlr]   out: 0000007700000000 0000000000004000 0000000011082a14 000000000000768b
[mtlr] resource2 sel8 flags 470 sz 0x1000 -> kr 0x00000000 rid 119 GPUVA 0x10002490000 cpu 10a544000
[mtlr]   out: 0000010002490000 000000010a544000 000000010105d940 0000000000000000
[mtlr]   out: 0000007700000000 0000000000004000 0000000011082a15 000000000000768c
[mtlr] resource2 sel8 flags 470 sz 0x1000 -> kr 0x00000000 rid 119 GPUVA 0x10002490000 cpu 10a544000
[mtlr]   out: 0000010002490000 000000010a544000 000000010105d940 0000000000000000
[mtlr]   out: 0000007700000000 0000000000004000 0000000011082a16 000000000000768d
[mtlr] resource2 sel8 flags 470 sz 0x1000 -> kr 0x00000000 rid 119 GPUVA 0x10002490000 cpu 10a544000
[mtlr]   out: 0000010002490000 000000010a544000 000000010105d940 0000000000000000
[mtlr]   out: 0000007700000000 0000000000004000 0000000011082a17 000000000000768e
[uatrec] S4 r22 (+1s): nvv 8 ncb 8 vsz 0x100000 fill 0x0 destroy0 kr 0x00000000 nj 40
[uatrec] S4 r22 blit[0] slots 7 ridp 1
[uatrec] S4 r22 blit[1] slots 7 ridp 1
[uatrec] S4 r22 blit[2] slots 8 ridp 1
[uatrec] S4 r22 blit[3] slots 7 ridp 1
[uatrec] S4 r22 blit[4] slots 8 ridp 1
[uatrec] S4 r22 blit[5] slots 7 ridp 1
[uatrec] S4 r22 blit[6] slots 8 ridp 1
[uatrec] S4 r22 blit[7] slots 7 ridp 1
[mtlr] resource2 sel8 flags 470 sz 0x100000 -> kr 0x00000000 rid 119 GPUVA 0x10002490000 cpu 10a730000
[mtlr]   out: 0000010002490000 000000010a730000 000000010105d940 0000000000000000
[mtlr]   out: 0000007700000000 0000000000100000 0000000011082a39 0000000000007691
[uatrec] S4 r23 victim[0] rid 119 gpuva 0x10002490000 cpu 0x10a730000 (top-of-stack)
[mtlr] resource2 sel8 flags 470 sz 0x100000 -> kr 0x00000000 rid 120 GPUVA 0x10002598000 cpu 10a830000
[mtlr]   out: 0000010002598000 000000010a830000 000000010105da00 0000000000000000
[mtlr]   out: 0000007800000000 0000000000100000 0000000011082a3a 0000000000007692
[uatrec] S4 r23 victim[1] rid 120 gpuva 0x10002598000 cpu 0x10a830000 (top-of-stack)
[mtlr] resource2 sel8 flags 470 sz 0x100000 -> kr 0x00000000 rid 121 GPUVA 0x100026a0000 cpu 10a9a0000
[mtlr]   out: 00000100026a0000 000000010a9a0000 000000010105dac0 0000000000000000
[mtlr]   out: 0000007900000000 0000000000100000 0000000011082a3b 0000000000007693
[uatrec] S4 r23 victim[2] rid 121 gpuva 0x100026a0000 cpu 0x10a9a0000 (top-of-stack)
[mtlr] resource2 sel8 flags 470 sz 0x100000 -> kr 0x00000000 rid 122 GPUVA 0x100027a8000 cpu 10aaa0000
[mtlr]   out: 00000100027a8000 000000010aaa0000 000000010105db80 0000000000000000
[mtlr]   out: 0000007a00000000 0000000000100000 0000000011082a3c 0000000000007694
[uatrec] S4 r23 victim[3] rid 122 gpuva 0x100027a8000 cpu 0x10aaa0000 (top-of-stack)
[mtlr] resource2 sel8 flags 470 sz 0x100000 -> kr 0x00000000 rid 123 GPUVA 0x100028b0000 cpu 10b000000
[mtlr]   out: 00000100028b0000 000000010b000000 000000010105dc40 0000000000000000
[mtlr]   out: 0000007b00000000 0000000000100000 0000000011082a43 0000000000007695
[uatrec] S4 r23 victim[4] rid 123 gpuva 0x100028b0000 cpu 0x10b000000 (top-of-stack)
[mtlr] resource2 sel8 flags 470 sz 0x100000 -> kr 0x00000000 rid 124 GPUVA 0x100029b8000 cpu 10b100000
[mtlr]   out: 00000100029b8000 000000010b100000 000000010105dd00 0000000000000000
[mtlr]   out: 0000007c00000000 0000000000100000 0000000011082a48 0000000000007696
[uatrec] S4 r23 victim[5] rid 124 gpuva 0x100029b8000 cpu 0x10b100000 (top-of-stack)
[mtlr] resource2 sel8 flags 470 sz 0x100000 -> kr 0x00000000 rid 125 GPUVA 0x10002ac0000 cpu 109d60000
[mtlr]   out: 0000010002ac0000 0000000109d60000 000000010105ddc0 0000000000000000
[mtlr]   out: 0000007d00000000 0000000000100000 0000000011082a49 0000000000007697
[uatrec] S4 r23 victim[6] rid 125 gpuva 0x10002ac0000 cpu 0x109d60000 (top-of-stack)
[mtlr] resource2 sel8 flags 470 sz 0x100000 -> kr 0x00000000 rid 126 GPUVA 0x10002bc8000 cpu 109e60000
[mtlr]   out: 0000010002bc8000 0000000109e60000 000000010105de80 0000000000000000
[mtlr]   out: 0000007e00000000 0000000000100000 0000000011082a51 0000000000007698
[uatrec] S4 r23 victim[7] rid 126 gpuva 0x10002bc8000 cpu 0x109e60000 (top-of-stack)
[mtlr] resource2 sel8 flags 470 sz 0x1000 -> kr 0x00000000 rid 119 GPUVA 0x10002490000 cpu 10a060000
[mtlr]   out: 0000010002490000 000000010a060000 000000010105d940 0000000000000000
[mtlr]   out: 0000007700000000 0000000000004000 0000000011082a6d 00000000000076a2
[mtlr] resource2 sel8 flags 470 sz 0x1000 -> kr 0x00000000 rid 119 GPUVA 0x10002490000 cpu 10a060000
[mtlr]   out: 0000010002490000 000000010a060000 000000010105d940 0000000000000000
[mtlr]   out: 0000007700000000 0000000000004000 0000000011082a6e 00000000000076a3
[mtlr] resource2 sel8 flags 470 sz 0x1000 -> kr 0x00000000 rid 119 GPUVA 0x10002490000 cpu 10a060000
[mtlr]   out: 0000010002490000 000000010a060000 000000010105d940 0000000000000000
[mtlr]   out: 0000007700000000 0000000000004000 0000000011082a6f 00000000000076a4
[mtlr] resource2 sel8 flags 470 sz 0x1000 -> kr 0x00000000 rid 119 GPUVA 0x10002490000 cpu 10a060000
[mtlr]   out: 0000010002490000 000000010a060000 000000010105d940 0000000000000000
[mtlr]   out: 0000007700000000 0000000000004000 0000000011082a70 00000000000076a5
[mtlr] resource2 sel8 flags 470 sz 0x1000 -> kr 0x00000000 rid 119 GPUVA 0x10002490000 cpu 10a060000
[mtlr]   out: 0000010002490000 000000010a060000 000000010105d940 0000000000000000
[mtlr]   out: 0000007700000000 0000000000004000 0000000011082a71 00000000000076a6
[mtlr] resource2 sel8 flags 470 sz 0x1000 -> kr 0x00000000 rid 119 GPUVA 0x10002490000 cpu 10a060000
[mtlr]   out: 0000010002490000 000000010a060000 000000010105d940 0000000000000000
[mtlr]   out: 0000007700000000 0000000000004000 0000000011082a72 00000000000076a7
[mtlr] resource2 sel8 flags 470 sz 0x1000 -> kr 0x00000000 rid 119 GPUVA 0x10002490000 cpu 10a060000
[mtlr]   out: 0000010002490000 000000010a060000 000000010105d940 0000000000000000
[mtlr]   out: 0000007700000000 0000000000004000 0000000011082a73 00000000000076a8
[mtlr] resource2 sel8 flags 470 sz 0x1000 -> kr 0x00000000 rid 119 GPUVA 0x10002490000 cpu 10a060000
[mtlr]   out: 0000010002490000 000000010a060000 000000010105d940 0000000000000000
[mtlr]   out: 0000007700000000 0000000000004000 0000000011082a74 00000000000076a9
[mtlr] resource2 sel8 flags 470 sz 0x1000 -> kr 0x00000000 rid 119 GPUVA 0x10002490000 cpu 10a060000
[mtlr]   out: 0000010002490000 000000010a060000 000000010105d940 0000000000000000
[mtlr]   out: 0000007700000000 0000000000004000 0000000011082a75 00000000000076aa
[mtlr] resource2 sel8 flags 470 sz 0x1000 -> kr 0x00000000 rid 119 GPUVA 0x10002490000 cpu 10a060000
[mtlr]   out: 0000010002490000 000000010a060000 000000010105d940 0000000000000000
[mtlr]   out: 0000007700000000 0000000000004000 0000000011082a76 00000000000076ab
[mtlr] resource2 sel8 flags 470 sz 0x1000 -> kr 0x00000000 rid 119 GPUVA 0x10002490000 cpu 10a060000
[mtlr]   out: 0000010002490000 000000010a060000 000000010105d940 0000000000000000
[mtlr]   out: 0000007700000000 0000000000004000 0000000011082a77 00000000000076ac
[mtlr] resource2 sel8 flags 470 sz 0x1000 -> kr 0x00000000 rid 119 GPUVA 0x10002490000 cpu 10a060000
[mtlr]   out: 0000010002490000 000000010a060000 000000010105d940 0000000000000000
[mtlr]   out: 0000007700000000 0000000000004000 0000000011082a78 00000000000076ad
[mtlr] resource2 sel8 flags 470 sz 0x1000 -> kr 0x00000000 rid 119 GPUVA 0x10002490000 cpu 10a060000
[mtlr]   out: 0000010002490000 000000010a060000 000000010105d940 0000000000000000
[mtlr]   out: 0000007700000000 0000000000004000 0000000011082a79 00000000000076ae
[mtlr] resource2 sel8 flags 470 sz 0x1000 -> kr 0x00000000 rid 119 GPUVA 0x10002490000 cpu 10a060000
[mtlr]   out: 0000010002490000 000000010a060000 000000010105d940 0000000000000000
[mtlr]   out: 0000007700000000 0000000000004000 0000000011082a7a 00000000000076af
[mtlr] resource2 sel8 flags 470 sz 0x1000 -> kr 0x00000000 rid 119 GPUVA 0x10002490000 cpu 10a060000
[mtlr]   out: 0000010002490000 000000010a060000 000000010105d940 0000000000000000
[mtlr]   out: 0000007700000000 0000000000004000 0000000011082a7b 00000000000076b0
[mtlr] resource2 sel8 flags 470 sz 0x1000 -> kr 0x00000000 rid 119 GPUVA 0x10002490000 cpu 10a060000
[mtlr]   out: 0000010002490000 000000010a060000 000000010105d940 0000000000000000
[mtlr]   out: 0000007700000000 0000000000004000 0000000011082a7c 00000000000076b1
[mtlr] resource2 sel8 flags 470 sz 0x1000 -> kr 0x00000000 rid 119 GPUVA 0x10002490000 cpu 10a060000
[mtlr]   out: 0000010002490000 000000010a060000 000000010105d940 0000000000000000
[mtlr]   out: 0000007700000000 0000000000004000 0000000011082a7d 00000000000076b2
[mtlr] resource2 sel8 flags 470 sz 0x1000 -> kr 0x00000000 rid 119 GPUVA 0x10002490000 cpu 10a060000
[mtlr]   out: 0000010002490000 000000010a060000 000000010105d940 0000000000000000
[mtlr]   out: 0000007700000000 0000000000004000 0000000011082a7e 00000000000076b3
[mtlr] resource2 sel8 flags 470 sz 0x1000 -> kr 0x00000000 rid 119 GPUVA 0x10002490000 cpu 10a060000
[mtlr]   out: 0000010002490000 000000010a060000 000000010105d940 0000000000000000
[mtlr]   out: 0000007700000000 0000000000004000 0000000011082a7f 00000000000076b4
[mtlr] resource2 sel8 flags 470 sz 0x1000 -> kr 0x00000000 rid 119 GPUVA 0x10002490000 cpu 10a060000
[mtlr]   out: 0000010002490000 000000010a060000 000000010105d940 0000000000000000
[mtlr]   out: 0000007700000000 0000000000004000 0000000011082a80 00000000000076b5
[mtlr] resource2 sel8 flags 470 sz 0x1000 -> kr 0x00000000 rid 119 GPUVA 0x10002490000 cpu 10a060000
[mtlr]   out: 0000010002490000 000000010a060000 000000010105d940 0000000000000000
[mtlr]   out: 0000007700000000 0000000000004000 0000000011082a81 00000000000076b6
[mtlr] resource2 sel8 flags 470 sz 0x1000 -> kr 0x00000000 rid 119 GPUVA 0x10002490000 cpu 10a060000
[mtlr]   out: 0000010002490000 000000010a060000 000000010105d940 0000000000000000
[mtlr]   out: 0000007700000000 0000000000004000 0000000011082a82 00000000000076b7
[mtlr] resource2 sel8 flags 470 sz 0x1000 -> kr 0x00000000 rid 119 GPUVA 0x10002490000 cpu 10a060000
[mtlr]   out: 0000010002490000 000000010a060000 000000010105d940 0000000000000000
[mtlr]   out: 0000007700000000 0000000000004000 0000000011082a83 00000000000076b8
[mtlr] resource2 sel8 flags 470 sz 0x1000 -> kr 0x00000000 rid 119 GPUVA 0x10002490000 cpu 10a060000
[mtlr]   out: 0000010002490000 000000010a060000 000000010105d940 0000000000000000
[mtlr]   out: 0000007700000000 0000000000004000 0000000011082a84 00000000000076b9
[mtlr] resource2 sel8 flags 470 sz 0x1000 -> kr 0x00000000 rid 119 GPUVA 0x10002490000 cpu 10a060000
[mtlr]   out: 0000010002490000 000000010a060000 000000010105d940 0000000000000000
[mtlr]   out: 0000007700000000 0000000000004000 0000000011082a85 00000000000076ba
[mtlr] resource2 sel8 flags 470 sz 0x1000 -> kr 0x00000000 rid 119 GPUVA 0x10002490000 cpu 10a060000
[mtlr]   out: 0000010002490000 000000010a060000 000000010105d940 0000000000000000
[mtlr]   out: 0000007700000000 0000000000004000 0000000011082a86 00000000000076bb
[mtlr] resource2 sel8 flags 470 sz 0x1000 -> kr 0x00000000 rid 119 GPUVA 0x10002490000 cpu 10a060000
[mtlr]   out: 0000010002490000 000000010a060000 000000010105d940 0000000000000000
[mtlr]   out: 0000007700000000 0000000000004000 0000000011082a87 00000000000076bc
[mtlr] resource2 sel8 flags 470 sz 0x1000 -> kr 0x00000000 rid 119 GPUVA 0x10002490000 cpu 10a060000
[mtlr]   out: 0000010002490000 000000010a060000 000000010105d940 0000000000000000
[mtlr]   out: 0000007700000000 0000000000004000 0000000011082a88 00000000000076bd
[mtlr] resource2 sel8 flags 470 sz 0x1000 -> kr 0x00000000 rid 119 GPUVA 0x10002490000 cpu 10a060000
[mtlr]   out: 0000010002490000 000000010a060000 000000010105d940 0000000000000000
[mtlr]   out: 0000007700000000 0000000000004000 0000000011082a89 00000000000076be
[mtlr] resource2 sel8 flags 470 sz 0x1000 -> kr 0x00000000 rid 119 GPUVA 0x10002490000 cpu 10a060000
[mtlr]   out: 0000010002490000 000000010a060000 000000010105d940 0000000000000000
[mtlr]   out: 0000007700000000 0000000000004000 0000000011082a8a 00000000000076bf
[mtlr] resource2 sel8 flags 470 sz 0x1000 -> kr 0x00000000 rid 119 GPUVA 0x10002490000 cpu 10a060000
[mtlr]   out: 0000010002490000 000000010a060000 000000010105d940 0000000000000000
[mtlr]   out: 0000007700000000 0000000000004000 0000000011082a8b 00000000000076c0
[mtlr] resource2 sel8 flags 470 sz 0x1000 -> kr 0x00000000 rid 119 GPUVA 0x10002490000 cpu 10a060000
[mtlr]   out: 0000010002490000 000000010a060000 000000010105d940 0000000000000000
[mtlr]   out: 0000007700000000 0000000000004000 0000000011082a8c 00000000000076c1
[mtlr] resource2 sel8 flags 470 sz 0x1000 -> kr 0x00000000 rid 119 GPUVA 0x10002490000 cpu 10a060000
[mtlr]   out: 0000010002490000 000000010a060000 000000010105d940 0000000000000000
[mtlr]   out: 0000007700000000 0000000000004000 0000000011082a8d 00000000000076c2
[mtlr] resource2 sel8 flags 470 sz 0x1000 -> kr 0x00000000 rid 119 GPUVA 0x10002490000 cpu 10a060000
[mtlr]   out: 0000010002490000 000000010a060000 000000010105d940 0000000000000000
[mtlr]   out: 0000007700000000 0000000000004000 0000000011082a8e 00000000000076c3
[mtlr] resource2 sel8 flags 470 sz 0x1000 -> kr 0x00000000 rid 119 GPUVA 0x10002490000 cpu 10a060000
[mtlr]   out: 0000010002490000 000000010a060000 000000010105d940 0000000000000000
[mtlr]   out: 0000007700000000 0000000000004000 0000000011082a8f 00000000000076c4
[mtlr] resource2 sel8 flags 470 sz 0x1000 -> kr 0x00000000 rid 119 GPUVA 0x10002490000 cpu 10a060000
[mtlr]   out: 0000010002490000 000000010a060000 000000010105d940 0000000000000000
[mtlr]   out: 0000007700000000 0000000000004000 0000000011082a90 00000000000076c5
[mtlr] resource2 sel8 flags 470 sz 0x1000 -> kr 0x00000000 rid 119 GPUVA 0x10002490000 cpu 10a060000
[mtlr]   out: 0000010002490000 000000010a060000 000000010105d940 0000000000000000
[mtlr]   out: 0000007700000000 0000000000004000 0000000011082a91 00000000000076c6
[mtlr] resource2 sel8 flags 470 sz 0x1000 -> kr 0x00000000 rid 119 GPUVA 0x10002490000 cpu 10a060000
[mtlr]   out: 0000010002490000 000000010a060000 000000010105d940 0000000000000000
[mtlr]   out: 0000007700000000 0000000000004000 0000000011082a92 00000000000076c7
[mtlr] resource2 sel8 flags 470 sz 0x1000 -> kr 0x00000000 rid 119 GPUVA 0x10002490000 cpu 10a060000
[mtlr]   out: 0000010002490000 000000010a060000 000000010105d940 0000000000000000
[mtlr]   out: 0000007700000000 0000000000004000 0000000011082a93 00000000000076c8
[mtlr] resource2 sel8 flags 470 sz 0x1000 -> kr 0x00000000 rid 119 GPUVA 0x10002490000 cpu 10a060000
[mtlr]   out: 0000010002490000 000000010a060000 000000010105d940 0000000000000000
[mtlr]   out: 0000007700000000 0000000000004000 0000000011082a94 00000000000076c9
[uatrec] S4 r23 (+1s): nvv 8 ncb 8 vsz 0x100000 fill 0x0 destroy0 kr 0x00000000 nj 40
[uatrec] S4 r23 blit[0] slots 7 ridp 1
[uatrec] S4 r23 blit[1] slots 7 ridp 1
[uatrec] S4 r23 blit[2] slots 7 ridp 1
[uatrec] S4 r23 blit[3] slots 7 ridp 1
[uatrec] S4 r23 blit[4] slots 7 ridp 1
[uatrec] S4 r23 blit[5] slots 7 ridp 1
[uatrec] S4 r23 blit[6] slots 7 ridp 1
[uatrec] S4 r23 blit[7] slots 7 ridp 1
[mtlr] resource2 sel8 flags 470 sz 0x100000 -> kr 0x00000000 rid 119 GPUVA 0x10002490000 cpu 109f60000
[mtlr]   out: 0000010002490000 0000000109f60000 000000010105d940 0000000000000000
[mtlr]   out: 0000007700000000 0000000000100000 0000000011082abb 00000000000076d0
[uatrec] S4 r24 victim[0] rid 119 gpuva 0x10002490000 cpu 0x109f60000 (top-of-stack)
[mtlr] resource2 sel8 flags 470 sz 0x100000 -> kr 0x00000000 rid 120 GPUVA 0x10002598000 cpu 10a164000
[mtlr]   out: 0000010002598000 000000010a164000 000000010105da00 0000000000000000
[mtlr]   out: 0000007800000000 0000000000100000 0000000011082abc 00000000000076d1
[uatrec] S4 r24 victim[1] rid 120 gpuva 0x10002598000 cpu 0x10a164000 (top-of-stack)
[mtlr] resource2 sel8 flags 470 sz 0x100000 -> kr 0x00000000 rid 121 GPUVA 0x100026a0000 cpu 10a264000
[mtlr]   out: 00000100026a0000 000000010a264000 000000010105dac0 0000000000000000
[mtlr]   out: 0000007900000000 0000000000100000 0000000011082abf 00000000000076d2
[uatrec] S4 r24 victim[2] rid 121 gpuva 0x100026a0000 cpu 0x10a264000 (top-of-stack)
[mtlr] resource2 sel8 flags 470 sz 0x100000 -> kr 0x00000000 rid 122 GPUVA 0x100027a8000 cpu 10a364000
[mtlr]   out: 00000100027a8000 000000010a364000 000000010105db80 0000000000000000
[mtlr]   out: 0000007a00000000 0000000000100000 0000000011082ac8 00000000000076d3
[uatrec] S4 r24 victim[3] rid 122 gpuva 0x100027a8000 cpu 0x10a364000 (top-of-stack)
[mtlr] resource2 sel8 flags 470 sz 0x100000 -> kr 0x00000000 rid 123 GPUVA 0x100028b0000 cpu 105ec8000
[mtlr]   out: 00000100028b0000 0000000105ec8000 000000010105dc40 0000000000000000
[mtlr]   out: 0000007b00000000 0000000000100000 0000000011082ac9 00000000000076d4
[uatrec] S4 r24 victim[4] rid 123 gpuva 0x100028b0000 cpu 0x105ec8000 (top-of-stack)
[mtlr] resource2 sel8 flags 470 sz 0x100000 -> kr 0x00000000 rid 124 GPUVA 0x100029b8000 cpu 109d60000
[mtlr]   out: 00000100029b8000 0000000109d60000 000000010105dd00 0000000000000000
[mtlr]   out: 0000007c00000000 0000000000100000 0000000011082aca 00000000000076d5
[uatrec] S4 r24 victim[5] rid 124 gpuva 0x100029b8000 cpu 0x109d60000 (top-of-stack)
[mtlr] resource2 sel8 flags 470 sz 0x100000 -> kr 0x00000000 rid 125 GPUVA 0x10002ac0000 cpu 109e60000
[mtlr]   out: 0000010002ac0000 0000000109e60000 000000010105ddc0 0000000000000000
[mtlr]   out: 0000007d00000000 0000000000100000 0000000011082ad2 00000000000076d6
[uatrec] S4 r24 victim[6] rid 125 gpuva 0x10002ac0000 cpu 0x109e60000 (top-of-stack)
[mtlr] resource2 sel8 flags 470 sz 0x100000 -> kr 0x00000000 rid 126 GPUVA 0x10002bc8000 cpu 10a5c0000
[mtlr]   out: 0000010002bc8000 000000010a5c0000 000000010105de80 0000000000000000
[mtlr]   out: 0000007e00000000 0000000000100000 0000000011082ad3 00000000000076d7
[uatrec] S4 r24 victim[7] rid 126 gpuva 0x10002bc8000 cpu 0x10a5c0000 (top-of-stack)
[mtlr] resource2 sel8 flags 470 sz 0x1000 -> kr 0x00000000 rid 119 GPUVA 0x10002490000 cpu 10a060000
[mtlr]   out: 0000010002490000 000000010a060000 000000010105d940 0000000000000000
[mtlr]   out: 0000007700000000 0000000000004000 0000000011082aef 00000000000076e1
[mtlr] resource2 sel8 flags 470 sz 0x1000 -> kr 0x00000000 rid 119 GPUVA 0x10002490000 cpu 10a060000
[mtlr]   out: 0000010002490000 000000010a060000 000000010105d940 0000000000000000
[mtlr]   out: 0000007700000000 0000000000004000 0000000011082af0 00000000000076e2
[mtlr] resource2 sel8 flags 470 sz 0x1000 -> kr 0x00000000 rid 119 GPUVA 0x10002490000 cpu 10a060000
[mtlr]   out: 0000010002490000 000000010a060000 000000010105d940 0000000000000000
[mtlr]   out: 0000007700000000 0000000000004000 0000000011082af1 00000000000076e3
[mtlr] resource2 sel8 flags 470 sz 0x1000 -> kr 0x00000000 rid 119 GPUVA 0x10002490000 cpu 10a060000
[mtlr]   out: 0000010002490000 000000010a060000 000000010105d940 0000000000000000
[mtlr]   out: 0000007700000000 0000000000004000 0000000011082af2 00000000000076e4
[mtlr] resource2 sel8 flags 470 sz 0x1000 -> kr 0x00000000 rid 119 GPUVA 0x10002490000 cpu 10a060000
[mtlr]   out: 0000010002490000 000000010a060000 000000010105d940 0000000000000000
[mtlr]   out: 0000007700000000 0000000000004000 0000000011082af3 00000000000076e5
[mtlr] resource2 sel8 flags 470 sz 0x1000 -> kr 0x00000000 rid 119 GPUVA 0x10002490000 cpu 10a060000
[mtlr]   out: 0000010002490000 000000010a060000 000000010105d940 0000000000000000
[mtlr]   out: 0000007700000000 0000000000004000 0000000011082af4 00000000000076e6
[mtlr] resource2 sel8 flags 470 sz 0x1000 -> kr 0x00000000 rid 119 GPUVA 0x10002490000 cpu 10a060000
[mtlr]   out: 0000010002490000 000000010a060000 000000010105d940 0000000000000000
[mtlr]   out: 0000007700000000 0000000000004000 0000000011082af5 00000000000076e7
[mtlr] resource2 sel8 flags 470 sz 0x1000 -> kr 0x00000000 rid 119 GPUVA 0x10002490000 cpu 10a060000
[mtlr]   out: 0000010002490000 000000010a060000 000000010105d940 0000000000000000
[mtlr]   out: 0000007700000000 0000000000004000 0000000011082af6 00000000000076e8
[mtlr] resource2 sel8 flags 470 sz 0x1000 -> kr 0x00000000 rid 119 GPUVA 0x10002490000 cpu 10a060000
[mtlr]   out: 0000010002490000 000000010a060000 000000010105d940 0000000000000000
[mtlr]   out: 0000007700000000 0000000000004000 0000000011082af7 00000000000076e9
[mtlr] resource2 sel8 flags 470 sz 0x1000 -> kr 0x00000000 rid 119 GPUVA 0x10002490000 cpu 10a060000
[mtlr]   out: 0000010002490000 000000010a060000 000000010105d940 0000000000000000
[mtlr]   out: 0000007700000000 0000000000004000 0000000011082af8 00000000000076ea
[mtlr] resource2 sel8 flags 470 sz 0x1000 -> kr 0x00000000 rid 119 GPUVA 0x10002490000 cpu 10a060000
[mtlr]   out: 0000010002490000 000000010a060000 000000010105d940 0000000000000000
[mtlr]   out: 0000007700000000 0000000000004000 0000000011082af9 00000000000076eb
[mtlr] resource2 sel8 flags 470 sz 0x1000 -> kr 0x00000000 rid 119 GPUVA 0x10002490000 cpu 10a060000
[mtlr]   out: 0000010002490000 000000010a060000 000000010105d940 0000000000000000
[mtlr]   out: 0000007700000000 0000000000004000 0000000011082afa 00000000000076ec
[mtlr] resource2 sel8 flags 470 sz 0x1000 -> kr 0x00000000 rid 119 GPUVA 0x10002490000 cpu 10a060000
[mtlr]   out: 0000010002490000 000000010a060000 000000010105d940 0000000000000000
[mtlr]   out: 0000007700000000 0000000000004000 0000000011082afb 00000000000076ed
[mtlr] resource2 sel8 flags 470 sz 0x1000 -> kr 0x00000000 rid 119 GPUVA 0x10002490000 cpu 10a060000
[mtlr]   out: 0000010002490000 000000010a060000 000000010105d940 0000000000000000
[mtlr]   out: 0000007700000000 0000000000004000 0000000011082afc 00000000000076ee
[mtlr] resource2 sel8 flags 470 sz 0x1000 -> kr 0x00000000 rid 119 GPUVA 0x10002490000 cpu 10a060000
[mtlr]   out: 0000010002490000 000000010a060000 000000010105d940 0000000000000000
[mtlr]   out: 0000007700000000 0000000000004000 0000000011082afd 00000000000076ef
[mtlr] resource2 sel8 flags 470 sz 0x1000 -> kr 0x00000000 rid 119 GPUVA 0x10002490000 cpu 10a060000
[mtlr]   out: 0000010002490000 000000010a060000 000000010105d940 0000000000000000
[mtlr]   out: 0000007700000000 0000000000004000 0000000011082afe 00000000000076f0
[mtlr] resource2 sel8 flags 470 sz 0x1000 -> kr 0x00000000 rid 119 GPUVA 0x10002490000 cpu 10a060000
[mtlr]   out: 0000010002490000 000000010a060000 000000010105d940 0000000000000000
[mtlr]   out: 0000007700000000 0000000000004000 0000000011082aff 00000000000076f1
[mtlr] resource2 sel8 flags 470 sz 0x1000 -> kr 0x00000000 rid 119 GPUVA 0x10002490000 cpu 10a060000
[mtlr]   out: 0000010002490000 000000010a060000 000000010105d940 0000000000000000
[mtlr]   out: 0000007700000000 0000000000004000 0000000011082b00 00000000000076f2
[mtlr] resource2 sel8 flags 470 sz 0x1000 -> kr 0x00000000 rid 119 GPUVA 0x10002490000 cpu 10a060000
[mtlr]   out: 0000010002490000 000000010a060000 000000010105d940 0000000000000000
[mtlr]   out: 0000007700000000 0000000000004000 0000000011082b01 00000000000076f3
[mtlr] resource2 sel8 flags 470 sz 0x1000 -> kr 0x00000000 rid 119 GPUVA 0x10002490000 cpu 10a060000
[mtlr]   out: 0000010002490000 000000010a060000 000000010105d940 0000000000000000
[mtlr]   out: 0000007700000000 0000000000004000 0000000011082b02 00000000000076f4
[mtlr] resource2 sel8 flags 470 sz 0x1000 -> kr 0x00000000 rid 119 GPUVA 0x10002490000 cpu 10a060000
[mtlr]   out: 0000010002490000 000000010a060000 000000010105d940 0000000000000000
[mtlr]   out: 0000007700000000 0000000000004000 0000000011082b03 00000000000076f5
[mtlr] resource2 sel8 flags 470 sz 0x1000 -> kr 0x00000000 rid 119 GPUVA 0x10002490000 cpu 10a060000
[mtlr]   out: 0000010002490000 000000010a060000 000000010105d940 0000000000000000
[mtlr]   out: 0000007700000000 0000000000004000 0000000011082b04 00000000000076f6
[mtlr] resource2 sel8 flags 470 sz 0x1000 -> kr 0x00000000 rid 119 GPUVA 0x10002490000 cpu 10a060000
[mtlr]   out: 0000010002490000 000000010a060000 000000010105d940 0000000000000000
[mtlr]   out: 0000007700000000 0000000000004000 0000000011082b05 00000000000076f7
[mtlr] resource2 sel8 flags 470 sz 0x1000 -> kr 0x00000000 rid 119 GPUVA 0x10002490000 cpu 10a060000
[mtlr]   out: 0000010002490000 000000010a060000 000000010105d940 0000000000000000
[mtlr]   out: 0000007700000000 0000000000004000 0000000011082b06 00000000000076f8
[mtlr] resource2 sel8 flags 470 sz 0x1000 -> kr 0x00000000 rid 119 GPUVA 0x10002490000 cpu 10a060000
[mtlr]   out: 0000010002490000 000000010a060000 000000010105d940 0000000000000000
[mtlr]   out: 0000007700000000 0000000000004000 0000000011082b07 00000000000076f9
[mtlr] resource2 sel8 flags 470 sz 0x1000 -> kr 0x00000000 rid 119 GPUVA 0x10002490000 cpu 10a060000
[mtlr]   out: 0000010002490000 000000010a060000 000000010105d940 0000000000000000
[mtlr]   out: 0000007700000000 0000000000004000 0000000011082b08 00000000000076fa
[mtlr] resource2 sel8 flags 470 sz 0x1000 -> kr 0x00000000 rid 119 GPUVA 0x10002490000 cpu 10a060000
[mtlr]   out: 0000010002490000 000000010a060000 000000010105d940 0000000000000000
[mtlr]   out: 0000007700000000 0000000000004000 0000000011082b09 00000000000076fb
[mtlr] resource2 sel8 flags 470 sz 0x1000 -> kr 0x00000000 rid 119 GPUVA 0x10002490000 cpu 10a060000
[mtlr]   out: 0000010002490000 000000010a060000 000000010105d940 0000000000000000
[mtlr]   out: 0000007700000000 0000000000004000 0000000011082b0a 00000000000076fc
[mtlr] resource2 sel8 flags 470 sz 0x1000 -> kr 0x00000000 rid 119 GPUVA 0x10002490000 cpu 10a060000
[mtlr]   out: 0000010002490000 000000010a060000 000000010105d940 0000000000000000
[mtlr]   out: 0000007700000000 0000000000004000 0000000011082b0b 00000000000076fd
[mtlr] resource2 sel8 flags 470 sz 0x1000 -> kr 0x00000000 rid 119 GPUVA 0x10002490000 cpu 10a060000
[mtlr]   out: 0000010002490000 000000010a060000 000000010105d940 0000000000000000
[mtlr]   out: 0000007700000000 0000000000004000 0000000011082b0c 00000000000076fe
[mtlr] resource2 sel8 flags 470 sz 0x1000 -> kr 0x00000000 rid 119 GPUVA 0x10002490000 cpu 10a060000
[mtlr]   out: 0000010002490000 000000010a060000 000000010105d940 0000000000000000
[mtlr]   out: 0000007700000000 0000000000004000 0000000011082b0d 00000000000076ff
[mtlr] resource2 sel8 flags 470 sz 0x1000 -> kr 0x00000000 rid 119 GPUVA 0x10002490000 cpu 10a060000
[mtlr]   out: 0000010002490000 000000010a060000 000000010105d940 0000000000000000
[mtlr]   out: 0000007700000000 0000000000004000 0000000011082b0e 0000000000007700
[mtlr] resource2 sel8 flags 470 sz 0x1000 -> kr 0x00000000 rid 119 GPUVA 0x10002490000 cpu 10a060000
[mtlr]   out: 0000010002490000 000000010a060000 000000010105d940 0000000000000000
[mtlr]   out: 0000007700000000 0000000000004000 0000000011082b0f 0000000000007701
[mtlr] resource2 sel8 flags 470 sz 0x1000 -> kr 0x00000000 rid 119 GPUVA 0x10002490000 cpu 10a060000
[mtlr]   out: 0000010002490000 000000010a060000 000000010105d940 0000000000000000
[mtlr]   out: 0000007700000000 0000000000004000 0000000011082b10 0000000000007702
[mtlr] resource2 sel8 flags 470 sz 0x1000 -> kr 0x00000000 rid 119 GPUVA 0x10002490000 cpu 10a060000
[mtlr]   out: 0000010002490000 000000010a060000 000000010105d940 0000000000000000
[mtlr]   out: 0000007700000000 0000000000004000 0000000011082b11 0000000000007703
[mtlr] resource2 sel8 flags 470 sz 0x1000 -> kr 0x00000000 rid 119 GPUVA 0x10002490000 cpu 10a060000
[mtlr]   out: 0000010002490000 000000010a060000 000000010105d940 0000000000000000
[mtlr]   out: 0000007700000000 0000000000004000 0000000011082b12 0000000000007704
[mtlr] resource2 sel8 flags 470 sz 0x1000 -> kr 0x00000000 rid 119 GPUVA 0x10002490000 cpu 10a060000
[mtlr]   out: 0000010002490000 000000010a060000 000000010105d940 0000000000000000
[mtlr]   out: 0000007700000000 0000000000004000 0000000011082b13 0000000000007705
[mtlr] resource2 sel8 flags 470 sz 0x1000 -> kr 0x00000000 rid 119 GPUVA 0x10002490000 cpu 10a060000
[mtlr]   out: 0000010002490000 000000010a060000 000000010105d940 0000000000000000
[mtlr]   out: 0000007700000000 0000000000004000 0000000011082b14 0000000000007706
[mtlr] resource2 sel8 flags 470 sz 0x1000 -> kr 0x00000000 rid 119 GPUVA 0x10002490000 cpu 10a060000
[mtlr]   out: 0000010002490000 000000010a060000 000000010105d940 0000000000000000
[mtlr]   out: 0000007700000000 0000000000004000 0000000011082b15 0000000000007707
[mtlr] resource2 sel8 flags 470 sz 0x1000 -> kr 0x00000000 rid 119 GPUVA 0x10002490000 cpu 10a060000
[mtlr]   out: 0000010002490000 000000010a060000 000000010105d940 0000000000000000
[mtlr]   out: 0000007700000000 0000000000004000 0000000011082b16 0000000000007708
[uatrec] S4 r24 (+1s): nvv 8 ncb 8 vsz 0x100000 fill 0x0 destroy0 kr 0x00000000 nj 40
[uatrec] S4 r24 blit[0] slots 8 ridp 1
[uatrec] S4 r24 blit[1] slots 7 ridp 1
[uatrec] S4 r24 blit[2] slots 7 ridp 1
[uatrec] S4 r24 blit[3] slots 7 ridp 1
[uatrec] S4 r24 blit[4] slots 7 ridp 1
[uatrec] S4 r24 blit[5] slots 7 ridp 1
[uatrec] S4 r24 blit[6] slots 7 ridp 1
[uatrec] S4 r24 blit[7] slots 7 ridp 1
[uatrec] S4: deliberate crash now (round 24, blits in flight)
