[main] fuzz harness up, mode=scaler
[main] sandbox note: VCPDRM open is MACF-denied (iokit-open-user-client VCPDRMUserClient); mach-lookup com.apple.sprr / com.apple.jitbox exist but are sandbox-gated (seen in kernel log)
[open] AppleM2ScalerCSCDriver -> conn 0x5c0f
[scaler] conn 0x5c0f, s1 15 s2 164
[probe12] SetNotificationPort -> 0x00000000
[uatrec] v111 step 4 delay 0ms
[open] IOGPU -> conn 0x6203
[uatrec] mconn 0x6d0b ourc 0x6203
[uatrec] S4 stale-TLB cross-client spray: 25 rounds, cong 8, 50ms/round, secs 0, nv 8, vsz 0x100000, fill 0x0 (0x41+markers)
[uatrec] S4: no key window — system load degraded
[mtlr] resource2 sel8 flags 470 sz 0x100000 -> kr 0x00000000 rid 119 GPUVA 0x10002490000 cpu 10ea1c000
[mtlr]   out: 0000010002490000 000000010ea1c000 0000000104721940 0000000000000000
[mtlr]   out: 0000007700000000 0000000000100000 0000000034120096 0000000000015ee9
[uatrec] S4 r0 victim[0] rid 119 gpuva 0x10002490000 cpu 0x10ea1c000 (top-of-stack)
[mtlr] resource2 sel8 flags 470 sz 0x100000 -> kr 0x00000000 rid 120 GPUVA 0x10002598000 cpu 10eb1c000
[mtlr]   out: 0000010002598000 000000010eb1c000 0000000104721a00 0000000000000000
[mtlr]   out: 0000007800000000 0000000000100000 000000003412009f 0000000000015ef2
[uatrec] S4 r0 victim[1] rid 120 gpuva 0x10002598000 cpu 0x10eb1c000 (top-of-stack)
[mtlr] resource2 sel8 flags 470 sz 0x100000 -> kr 0x00000000 rid 121 GPUVA 0x100026a0000 cpu 10ec1c000
[mtlr]   out: 00000100026a0000 000000010ec1c000 0000000104721ac0 0000000000000000
[mtlr]   out: 0000007900000000 0000000000100000 00000000341200a0 0000000000015ef3
[uatrec] S4 r0 victim[2] rid 121 gpuva 0x100026a0000 cpu 0x10ec1c000 (top-of-stack)
[mtlr] resource2 sel8 flags 470 sz 0x100000 -> kr 0x00000000 rid 122 GPUVA 0x100027a8000 cpu 10ed1c000
[mtlr]   out: 00000100027a8000 000000010ed1c000 0000000104721b80 0000000000000000
[mtlr]   out: 0000007a00000000 0000000000100000 00000000341200a6 0000000000015ef5
[uatrec] S4 r0 victim[3] rid 122 gpuva 0x100027a8000 cpu 0x10ed1c000 (top-of-stack)
[mtlr] resource2 sel8 flags 470 sz 0x100000 -> kr 0x00000000 rid 123 GPUVA 0x100028b0000 cpu 10ee1c000
[mtlr]   out: 00000100028b0000 000000010ee1c000 0000000104721c40 0000000000000000
[mtlr]   out: 0000007b00000000 0000000000100000 00000000341200a9 0000000000015ef6
[uatrec] S4 r0 victim[4] rid 123 gpuva 0x100028b0000 cpu 0x10ee1c000 (top-of-stack)
[mtlr] resource2 sel8 flags 470 sz 0x100000 -> kr 0x00000000 rid 124 GPUVA 0x100029b8000 cpu 10ef1c000
[mtlr]   out: 00000100029b8000 000000010ef1c000 0000000104721d00 0000000000000000
[mtlr]   out: 0000007c00000000 0000000000100000 00000000341200aa 0000000000015ef7
[uatrec] S4 r0 victim[5] rid 124 gpuva 0x100029b8000 cpu 0x10ef1c000 (top-of-stack)
[mtlr] resource2 sel8 flags 470 sz 0x100000 -> kr 0x00000000 rid 125 GPUVA 0x10002ac0000 cpu 10f01c000
[mtlr]   out: 0000010002ac0000 000000010f01c000 0000000104721dc0 0000000000000000
[mtlr]   out: 0000007d00000000 0000000000100000 00000000341200ab 0000000000015ef8
[uatrec] S4 r0 victim[6] rid 125 gpuva 0x10002ac0000 cpu 0x10f01c000 (top-of-stack)
[mtlr] resource2 sel8 flags 470 sz 0x100000 -> kr 0x00000000 rid 126 GPUVA 0x10002bc8000 cpu 10f11c000
[mtlr]   out: 0000010002bc8000 000000010f11c000 0000000104721e80 0000000000000000
[mtlr]   out: 0000007e00000000 0000000000100000 00000000341200ac 0000000000015ef9
[uatrec] S4 r0 victim[7] rid 126 gpuva 0x10002bc8000 cpu 0x10f11c000 (top-of-stack)
[mtlr] resource2 sel8 flags 470 sz 0x1000 -> kr 0x00000000 rid 119 GPUVA 0x10002490000 cpu 10fc04000
[mtlr]   out: 0000010002490000 000000010fc04000 0000000104721940 0000000000000000
[mtlr]   out: 0000007700000000 0000000000004000 0000000034120201 0000000000015f13
[mtlr] resource2 sel8 flags 470 sz 0x1000 -> kr 0x00000000 rid 119 GPUVA 0x10002490000 cpu 10fc04000
[mtlr]   out: 0000010002490000 000000010fc04000 0000000104721940 0000000000000000
[mtlr]   out: 0000007700000000 0000000000004000 0000000034120225 0000000000015f14
[mtlr] resource2 sel8 flags 470 sz 0x1000 -> kr 0x00000000 rid 119 GPUVA 0x10002490000 cpu 10fc04000
[mtlr]   out: 0000010002490000 000000010fc04000 0000000104721940 0000000000000000
[mtlr]   out: 0000007700000000 0000000000004000 0000000034120231 0000000000015f15
[mtlr] resource2 sel8 flags 470 sz 0x1000 -> kr 0x00000000 rid 119 GPUVA 0x10002490000 cpu 10fc04000
[mtlr]   out: 0000010002490000 000000010fc04000 0000000104721940 0000000000000000
[mtlr]   out: 0000007700000000 0000000000004000 0000000034120233 0000000000015f16
[mtlr] resource2 sel8 flags 470 sz 0x1000 -> kr 0x00000000 rid 119 GPUVA 0x10002490000 cpu 10fc04000
[mtlr]   out: 0000010002490000 000000010fc04000 0000000104721940 0000000000000000
[mtlr]   out: 0000007700000000 0000000000004000 0000000034120234 0000000000015f17
[mtlr] resource2 sel8 flags 470 sz 0x1000 -> kr 0x00000000 rid 119 GPUVA 0x10002490000 cpu 10fc04000
[mtlr]   out: 0000010002490000 000000010fc04000 0000000104721940 0000000000000000
[mtlr]   out: 0000007700000000 0000000000004000 0000000034120235 0000000000015f18
[mtlr] resource2 sel8 flags 470 sz 0x1000 -> kr 0x00000000 rid 119 GPUVA 0x10002490000 cpu 10fc04000
[mtlr]   out: 0000010002490000 000000010fc04000 0000000104721940 0000000000000000
[mtlr]   out: 0000007700000000 0000000000004000 0000000034120236 0000000000015f19
[mtlr] resource2 sel8 flags 470 sz 0x1000 -> kr 0x00000000 rid 119 GPUVA 0x10002490000 cpu 10fc04000
[mtlr]   out: 0000010002490000 000000010fc04000 0000000104721940 0000000000000000
[mtlr]   out: 0000007700000000 0000000000004000 0000000034120237 0000000000015f1a
[mtlr] resource2 sel8 flags 470 sz 0x1000 -> kr 0x00000000 rid 119 GPUVA 0x10002490000 cpu 10fc04000
[mtlr]   out: 0000010002490000 000000010fc04000 0000000104721940 0000000000000000
[mtlr]   out: 0000007700000000 0000000000004000 0000000034120238 0000000000015f1b
[mtlr] resource2 sel8 flags 470 sz 0x1000 -> kr 0x00000000 rid 119 GPUVA 0x10002490000 cpu 10fc04000
[mtlr]   out: 0000010002490000 000000010fc04000 0000000104721940 0000000000000000
[mtlr]   out: 0000007700000000 0000000000004000 0000000034120239 0000000000015f1c
[mtlr] resource2 sel8 flags 470 sz 0x1000 -> kr 0x00000000 rid 119 GPUVA 0x10002490000 cpu 10fc04000
[mtlr]   out: 0000010002490000 000000010fc04000 0000000104721940 0000000000000000
[mtlr]   out: 0000007700000000 0000000000004000 000000003412023a 0000000000015f1d
[mtlr] resource2 sel8 flags 470 sz 0x1000 -> kr 0x00000000 rid 119 GPUVA 0x10002490000 cpu 10fc04000
[mtlr]   out: 0000010002490000 000000010fc04000 0000000104721940 0000000000000000
[mtlr]   out: 0000007700000000 0000000000004000 000000003412023b 0000000000015f1e
[mtlr] resource2 sel8 flags 470 sz 0x1000 -> kr 0x00000000 rid 119 GPUVA 0x10002490000 cpu 10fc04000
[mtlr]   out: 0000010002490000 000000010fc04000 0000000104721940 0000000000000000
[mtlr]   out: 0000007700000000 0000000000004000 000000003412023c 0000000000015f1f
[mtlr] resource2 sel8 flags 470 sz 0x1000 -> kr 0x00000000 rid 119 GPUVA 0x10002490000 cpu 10fc04000
[mtlr]   out: 0000010002490000 000000010fc04000 0000000104721940 0000000000000000
[mtlr]   out: 0000007700000000 0000000000004000 000000003412023d 0000000000015f20
[mtlr] resource2 sel8 flags 470 sz 0x1000 -> kr 0x00000000 rid 119 GPUVA 0x10002490000 cpu 10fc04000
[mtlr]   out: 0000010002490000 000000010fc04000 0000000104721940 0000000000000000
[mtlr]   out: 0000007700000000 0000000000004000 000000003412023e 0000000000015f21
[mtlr] resource2 sel8 flags 470 sz 0x1000 -> kr 0x00000000 rid 119 GPUVA 0x10002490000 cpu 10fc04000
[mtlr]   out: 0000010002490000 000000010fc04000 0000000104721940 0000000000000000
[mtlr]   out: 0000007700000000 0000000000004000 000000003412023f 0000000000015f22
[mtlr] resource2 sel8 flags 470 sz 0x1000 -> kr 0x00000000 rid 119 GPUVA 0x10002490000 cpu 10fc04000
[mtlr]   out: 0000010002490000 000000010fc04000 0000000104721940 0000000000000000
[mtlr]   out: 0000007700000000 0000000000004000 0000000034120240 0000000000015f23
[mtlr] resource2 sel8 flags 470 sz 0x1000 -> kr 0x00000000 rid 119 GPUVA 0x10002490000 cpu 10fc04000
[mtlr]   out: 0000010002490000 000000010fc04000 0000000104721940 0000000000000000
[mtlr]   out: 0000007700000000 0000000000004000 0000000034120241 0000000000015f24
[mtlr] resource2 sel8 flags 470 sz 0x1000 -> kr 0x00000000 rid 119 GPUVA 0x10002490000 cpu 10fc04000
[mtlr]   out: 0000010002490000 000000010fc04000 0000000104721940 0000000000000000
[mtlr]   out: 0000007700000000 0000000000004000 0000000034120242 0000000000015f25
[mtlr] resource2 sel8 flags 470 sz 0x1000 -> kr 0x00000000 rid 119 GPUVA 0x10002490000 cpu 10fc04000
[mtlr]   out: 0000010002490000 000000010fc04000 0000000104721940 0000000000000000
[mtlr]   out: 0000007700000000 0000000000004000 0000000034120243 0000000000015f26
[mtlr] resource2 sel8 flags 470 sz 0x1000 -> kr 0x00000000 rid 119 GPUVA 0x10002490000 cpu 10fc04000
[mtlr]   out: 0000010002490000 000000010fc04000 0000000104721940 0000000000000000
[mtlr]   out: 0000007700000000 0000000000004000 0000000034120244 0000000000015f27
[mtlr] resource2 sel8 flags 470 sz 0x1000 -> kr 0x00000000 rid 119 GPUVA 0x10002490000 cpu 10fc04000
[mtlr]   out: 0000010002490000 000000010fc04000 0000000104721940 0000000000000000
[mtlr]   out: 0000007700000000 0000000000004000 0000000034120245 0000000000015f28
[mtlr] resource2 sel8 flags 470 sz 0x1000 -> kr 0x00000000 rid 119 GPUVA 0x10002490000 cpu 10fc04000
[mtlr]   out: 0000010002490000 000000010fc04000 0000000104721940 0000000000000000
[mtlr]   out: 0000007700000000 0000000000004000 0000000034120246 0000000000015f29
[mtlr] resource2 sel8 flags 470 sz 0x1000 -> kr 0x00000000 rid 119 GPUVA 0x10002490000 cpu 10fc04000
[mtlr]   out: 0000010002490000 000000010fc04000 0000000104721940 0000000000000000
[mtlr]   out: 0000007700000000 0000000000004000 0000000034120247 0000000000015f2a
[mtlr] resource2 sel8 flags 470 sz 0x1000 -> kr 0x00000000 rid 119 GPUVA 0x10002490000 cpu 10fc04000
[mtlr]   out: 0000010002490000 000000010fc04000 0000000104721940 0000000000000000
[mtlr]   out: 0000007700000000 0000000000004000 0000000034120248 0000000000015f2b
[mtlr] resource2 sel8 flags 470 sz 0x1000 -> kr 0x00000000 rid 119 GPUVA 0x10002490000 cpu 10fc04000
[mtlr]   out: 0000010002490000 000000010fc04000 0000000104721940 0000000000000000
[mtlr]   out: 0000007700000000 0000000000004000 0000000034120249 0000000000015f2c
[mtlr] resource2 sel8 flags 470 sz 0x1000 -> kr 0x00000000 rid 119 GPUVA 0x10002490000 cpu 10fc04000
[mtlr]   out: 0000010002490000 000000010fc04000 0000000104721940 0000000000000000
[mtlr]   out: 0000007700000000 0000000000004000 000000003412024a 0000000000015f2d
[mtlr] resource2 sel8 flags 470 sz 0x1000 -> kr 0x00000000 rid 119 GPUVA 0x10002490000 cpu 10fc04000
[mtlr]   out: 0000010002490000 000000010fc04000 0000000104721940 0000000000000000
[mtlr]   out: 0000007700000000 0000000000004000 000000003412024b 0000000000015f2e
[mtlr] resource2 sel8 flags 470 sz 0x1000 -> kr 0x00000000 rid 119 GPUVA 0x10002490000 cpu 10fc04000
[mtlr]   out: 0000010002490000 000000010fc04000 0000000104721940 0000000000000000
[mtlr]   out: 0000007700000000 0000000000004000 000000003412024c 0000000000015f2f
[mtlr] resource2 sel8 flags 470 sz 0x1000 -> kr 0x00000000 rid 119 GPUVA 0x10002490000 cpu 10fc04000
[mtlr]   out: 0000010002490000 000000010fc04000 0000000104721940 0000000000000000
[mtlr]   out: 0000007700000000 0000000000004000 000000003412024d 0000000000015f30
[mtlr] resource2 sel8 flags 470 sz 0x1000 -> kr 0x00000000 rid 119 GPUVA 0x10002490000 cpu 10fc04000
[mtlr]   out: 0000010002490000 000000010fc04000 0000000104721940 0000000000000000
[mtlr]   out: 0000007700000000 0000000000004000 000000003412024e 0000000000015f31
[mtlr] resource2 sel8 flags 470 sz 0x1000 -> kr 0x00000000 rid 119 GPUVA 0x10002490000 cpu 10fc04000
[mtlr]   out: 0000010002490000 000000010fc04000 0000000104721940 0000000000000000
[mtlr]   out: 0000007700000000 0000000000004000 000000003412024f 0000000000015f32
[mtlr] resource2 sel8 flags 470 sz 0x1000 -> kr 0x00000000 rid 119 GPUVA 0x10002490000 cpu 10fc04000
[mtlr]   out: 0000010002490000 000000010fc04000 0000000104721940 0000000000000000
[mtlr]   out: 0000007700000000 0000000000004000 0000000034120250 0000000000015f33
[mtlr] resource2 sel8 flags 470 sz 0x1000 -> kr 0x00000000 rid 119 GPUVA 0x10002490000 cpu 10fc04000
[mtlr]   out: 0000010002490000 000000010fc04000 0000000104721940 0000000000000000
[mtlr]   out: 0000007700000000 0000000000004000 0000000034120251 0000000000015f34
[mtlr] resource2 sel8 flags 470 sz 0x1000 -> kr 0x00000000 rid 119 GPUVA 0x10002490000 cpu 10fc04000
[mtlr]   out: 0000010002490000 000000010fc04000 0000000104721940 0000000000000000
[mtlr]   out: 0000007700000000 0000000000004000 0000000034120252 0000000000015f35
[mtlr] resource2 sel8 flags 470 sz 0x1000 -> kr 0x00000000 rid 119 GPUVA 0x10002490000 cpu 10fc04000
[mtlr]   out: 0000010002490000 000000010fc04000 0000000104721940 0000000000000000
[mtlr]   out: 0000007700000000 0000000000004000 0000000034120253 0000000000015f36
[mtlr] resource2 sel8 flags 470 sz 0x1000 -> kr 0x00000000 rid 119 GPUVA 0x10002490000 cpu 10fc04000
[mtlr]   out: 0000010002490000 000000010fc04000 0000000104721940 0000000000000000
[mtlr]   out: 0000007700000000 0000000000004000 0000000034120254 0000000000015f37
[mtlr] resource2 sel8 flags 470 sz 0x1000 -> kr 0x00000000 rid 119 GPUVA 0x10002490000 cpu 10fc04000
[mtlr]   out: 0000010002490000 000000010fc04000 0000000104721940 0000000000000000
[mtlr]   out: 0000007700000000 0000000000004000 0000000034120255 0000000000015f38
[mtlr] resource2 sel8 flags 470 sz 0x1000 -> kr 0x00000000 rid 119 GPUVA 0x10002490000 cpu 10fc04000
[mtlr]   out: 0000010002490000 000000010fc04000 0000000104721940 0000000000000000
[mtlr]   out: 0000007700000000 0000000000004000 0000000034120256 0000000000015f39
[mtlr] resource2 sel8 flags 470 sz 0x1000 -> kr 0x00000000 rid 119 GPUVA 0x10002490000 cpu 10fc04000
[mtlr]   out: 0000010002490000 000000010fc04000 0000000104721940 0000000000000000
[mtlr]   out: 0000007700000000 0000000000004000 0000000034120257 0000000000015f3a
[uatrec] S4 r0 (+0s): nvv 8 ncb 8 vsz 0x100000 fill 0x0 destroy0 kr 0x00000000 nj 40
[uatrec] S4 r0 blit[0] slots 12 ridp 1
[uatrec] S4 r0 blit[1] slots 10 ridp 1
[uatrec] S4 r0 blit[2] slots 10 ridp 1
[uatrec] S4 r0 blit[3] slots 10 ridp 1
[uatrec] S4 r0 blit[4] slots 10 ridp 1
[uatrec] S4 r0 blit[5] slots 10 ridp 1
[uatrec] S4 r0 blit[6] slots 10 ridp 1
[uatrec] S4 r0 blit[7] slots 10 ridp 1
[mtlr] resource2 sel8 flags 470 sz 0x100000 -> kr 0x00000000 rid 119 GPUVA 0x10002490000 cpu 10ea24000
[mtlr]   out: 0000010002490000 000000010ea24000 0000000104721940 0000000000000000
[mtlr]   out: 0000007700000000 0000000000100000 0000000034120387 0000000000015f3d
[uatrec] S4 r1 victim[0] rid 119 gpuva 0x10002490000 cpu 0x10ea24000 (top-of-stack)
[mtlr] resource2 sel8 flags 470 sz 0x100000 -> kr 0x00000000 rid 120 GPUVA 0x10002598000 cpu 10eb24000
[mtlr]   out: 0000010002598000 000000010eb24000 0000000104721a00 0000000000000000
[mtlr]   out: 0000007800000000 0000000000100000 0000000034120388 0000000000015f3e
[uatrec] S4 r1 victim[1] rid 120 gpuva 0x10002598000 cpu 0x10eb24000 (top-of-stack)
[mtlr] resource2 sel8 flags 470 sz 0x100000 -> kr 0x00000000 rid 121 GPUVA 0x100026a0000 cpu 10ec24000
[mtlr]   out: 00000100026a0000 000000010ec24000 0000000104721ac0 0000000000000000
[mtlr]   out: 0000007900000000 0000000000100000 000000003412038a 0000000000015f3f
[uatrec] S4 r1 victim[2] rid 121 gpuva 0x100026a0000 cpu 0x10ec24000 (top-of-stack)
[mtlr] resource2 sel8 flags 470 sz 0x100000 -> kr 0x00000000 rid 122 GPUVA 0x100027a8000 cpu 10ed24000
[mtlr]   out: 00000100027a8000 000000010ed24000 0000000104721b80 0000000000000000
[mtlr]   out: 0000007a00000000 0000000000100000 00000000341203c3 0000000000015f40
[uatrec] S4 r1 victim[3] rid 122 gpuva 0x100027a8000 cpu 0x10ed24000 (top-of-stack)
[mtlr] resource2 sel8 flags 470 sz 0x100000 -> kr 0x00000000 rid 123 GPUVA 0x100028b0000 cpu 10ee24000
[mtlr]   out: 00000100028b0000 000000010ee24000 0000000104721c40 0000000000000000
[mtlr]   out: 0000007b00000000 0000000000100000 00000000341203c4 0000000000015f41
[uatrec] S4 r1 victim[4] rid 123 gpuva 0x100028b0000 cpu 0x10ee24000 (top-of-stack)
[mtlr] resource2 sel8 flags 470 sz 0x100000 -> kr 0x00000000 rid 124 GPUVA 0x100029b8000 cpu 10ef24000
[mtlr]   out: 00000100029b8000 000000010ef24000 0000000104721d00 0000000000000000
[mtlr]   out: 0000007c00000000 0000000000100000 00000000341203c5 0000000000015f42
[uatrec] S4 r1 victim[5] rid 124 gpuva 0x100029b8000 cpu 0x10ef24000 (top-of-stack)
[mtlr] resource2 sel8 flags 470 sz 0x100000 -> kr 0x00000000 rid 125 GPUVA 0x10002ac0000 cpu 10f024000
[mtlr]   out: 0000010002ac0000 000000010f024000 0000000104721dc0 0000000000000000
[mtlr]   out: 0000007d00000000 0000000000100000 00000000341203c6 0000000000015f43
[uatrec] S4 r1 victim[6] rid 125 gpuva 0x10002ac0000 cpu 0x10f024000 (top-of-stack)
[mtlr] resource2 sel8 flags 470 sz 0x100000 -> kr 0x00000000 rid 126 GPUVA 0x10002bc8000 cpu 10f124000
[mtlr]   out: 0000010002bc8000 000000010f124000 0000000104721e80 0000000000000000
[mtlr]   out: 0000007e00000000 0000000000100000 00000000341203c7 0000000000015f44
[uatrec] S4 r1 victim[7] rid 126 gpuva 0x10002bc8000 cpu 0x10f124000 (top-of-stack)
[mtlr] resource2 sel8 flags 470 sz 0x1000 -> kr 0x00000000 rid 119 GPUVA 0x10003988000 cpu 10fe98000
[mtlr]   out: 0000010003988000 000000010fe98000 0000000104726440 0000000000000000
[mtlr]   out: 0000007700000000 0000000000004000 0000000034120420 0000000000015f95
[mtlr] resource2 sel8 flags 470 sz 0x1000 -> kr 0x00000000 rid 119 GPUVA 0x10003988000 cpu 10fe98000
[mtlr]   out: 0000010003988000 000000010fe98000 0000000104726440 0000000000000000
[mtlr]   out: 0000007700000000 0000000000004000 0000000034120421 0000000000015f96
[mtlr] resource2 sel8 flags 470 sz 0x1000 -> kr 0x00000000 rid 119 GPUVA 0x10003988000 cpu 10fe98000
[mtlr]   out: 0000010003988000 000000010fe98000 0000000104726440 0000000000000000
[mtlr]   out: 0000007700000000 0000000000004000 0000000034120422 0000000000015f97
[mtlr] resource2 sel8 flags 470 sz 0x1000 -> kr 0x00000000 rid 119 GPUVA 0x10003988000 cpu 10fe98000
[mtlr]   out: 0000010003988000 000000010fe98000 0000000104726440 0000000000000000
[mtlr]   out: 0000007700000000 0000000000004000 0000000034120423 0000000000015f98
[mtlr] resource2 sel8 flags 470 sz 0x1000 -> kr 0x00000000 rid 119 GPUVA 0x10003988000 cpu 10fe98000
[mtlr]   out: 0000010003988000 000000010fe98000 0000000104726440 0000000000000000
[mtlr]   out: 0000007700000000 0000000000004000 0000000034120424 0000000000015f99
[mtlr] resource2 sel8 flags 470 sz 0x1000 -> kr 0x00000000 rid 119 GPUVA 0x10003988000 cpu 10fe98000
[mtlr]   out: 0000010003988000 000000010fe98000 0000000104726440 0000000000000000
[mtlr]   out: 0000007700000000 0000000000004000 0000000034120425 0000000000015f9a
[mtlr] resource2 sel8 flags 470 sz 0x1000 -> kr 0x00000000 rid 119 GPUVA 0x10003988000 cpu 10fe98000
[mtlr]   out: 0000010003988000 000000010fe98000 0000000104726440 0000000000000000
[mtlr]   out: 0000007700000000 0000000000004000 0000000034120426 0000000000015f9b
[mtlr] resource2 sel8 flags 470 sz 0x1000 -> kr 0x00000000 rid 119 GPUVA 0x10003988000 cpu 10fe98000
[mtlr]   out: 0000010003988000 000000010fe98000 0000000104726440 0000000000000000
[mtlr]   out: 0000007700000000 0000000000004000 0000000034120427 0000000000015f9c
[mtlr] resource2 sel8 flags 470 sz 0x1000 -> kr 0x00000000 rid 119 GPUVA 0x10003988000 cpu 10fe98000
[mtlr]   out: 0000010003988000 000000010fe98000 0000000104726440 0000000000000000
[mtlr]   out: 0000007700000000 0000000000004000 0000000034120428 0000000000015f9d
[mtlr] resource2 sel8 flags 470 sz 0x1000 -> kr 0x00000000 rid 119 GPUVA 0x10003988000 cpu 10fe98000
[mtlr]   out: 0000010003988000 000000010fe98000 0000000104726440 0000000000000000
[mtlr]   out: 0000007700000000 0000000000004000 0000000034120429 0000000000015f9e
[mtlr] resource2 sel8 flags 470 sz 0x1000 -> kr 0x00000000 rid 119 GPUVA 0x10003988000 cpu 10fe98000
[mtlr]   out: 0000010003988000 000000010fe98000 0000000104726440 0000000000000000
[mtlr]   out: 0000007700000000 0000000000004000 000000003412042a 0000000000015f9f
[mtlr] resource2 sel8 flags 470 sz 0x1000 -> kr 0x00000000 rid 119 GPUVA 0x10003988000 cpu 10fe98000
[mtlr]   out: 0000010003988000 000000010fe98000 0000000104726440 0000000000000000
[mtlr]   out: 0000007700000000 0000000000004000 000000003412042b 0000000000015fa0
[mtlr] resource2 sel8 flags 470 sz 0x1000 -> kr 0x00000000 rid 119 GPUVA 0x10003988000 cpu 10fe98000
[mtlr]   out: 0000010003988000 000000010fe98000 0000000104726440 0000000000000000
[mtlr]   out: 0000007700000000 0000000000004000 000000003412042c 0000000000015fa1
[mtlr] resource2 sel8 flags 470 sz 0x1000 -> kr 0x00000000 rid 119 GPUVA 0x10003988000 cpu 10fe98000
[mtlr]   out: 0000010003988000 000000010fe98000 0000000104726440 0000000000000000
[mtlr]   out: 0000007700000000 0000000000004000 000000003412042d 0000000000015fa2
[mtlr] resource2 sel8 flags 470 sz 0x1000 -> kr 0x00000000 rid 119 GPUVA 0x10003988000 cpu 10fe98000
[mtlr]   out: 0000010003988000 000000010fe98000 0000000104726440 0000000000000000
[mtlr]   out: 0000007700000000 0000000000004000 000000003412042e 0000000000015fa3
[mtlr] resource2 sel8 flags 470 sz 0x1000 -> kr 0x00000000 rid 119 GPUVA 0x10003988000 cpu 10fe98000
[mtlr]   out: 0000010003988000 000000010fe98000 0000000104726440 0000000000000000
[mtlr]   out: 0000007700000000 0000000000004000 000000003412042f 0000000000015fa4
[mtlr] resource2 sel8 flags 470 sz 0x1000 -> kr 0x00000000 rid 119 GPUVA 0x10003988000 cpu 10fe98000
[mtlr]   out: 0000010003988000 000000010fe98000 0000000104726440 0000000000000000
[mtlr]   out: 0000007700000000 0000000000004000 0000000034120430 0000000000015fa5
[mtlr] resource2 sel8 flags 470 sz 0x1000 -> kr 0x00000000 rid 119 GPUVA 0x10003988000 cpu 10fe98000
[mtlr]   out: 0000010003988000 000000010fe98000 0000000104726440 0000000000000000
[mtlr]   out: 0000007700000000 0000000000004000 0000000034120431 0000000000015fa6
[mtlr] resource2 sel8 flags 470 sz 0x1000 -> kr 0x00000000 rid 119 GPUVA 0x10003988000 cpu 10fe98000
[mtlr]   out: 0000010003988000 000000010fe98000 0000000104726440 0000000000000000
[mtlr]   out: 0000007700000000 0000000000004000 0000000034120432 0000000000015fa7
[mtlr] resource2 sel8 flags 470 sz 0x1000 -> kr 0x00000000 rid 119 GPUVA 0x10003988000 cpu 10fe98000
[mtlr]   out: 0000010003988000 000000010fe98000 0000000104726440 0000000000000000
[mtlr]   out: 0000007700000000 0000000000004000 0000000034120433 0000000000015fa8
[mtlr] resource2 sel8 flags 470 sz 0x1000 -> kr 0x00000000 rid 119 GPUVA 0x10003988000 cpu 10fe98000
[mtlr]   out: 0000010003988000 000000010fe98000 0000000104726440 0000000000000000
[mtlr]   out: 0000007700000000 0000000000004000 0000000034120434 0000000000015fa9
[mtlr] resource2 sel8 flags 470 sz 0x1000 -> kr 0x00000000 rid 119 GPUVA 0x10003988000 cpu 10fe98000
[mtlr]   out: 0000010003988000 000000010fe98000 0000000104726440 0000000000000000
[mtlr]   out: 0000007700000000 0000000000004000 0000000034120435 0000000000015faa
[mtlr] resource2 sel8 flags 470 sz 0x1000 -> kr 0x00000000 rid 119 GPUVA 0x10003988000 cpu 10fe98000
[mtlr]   out: 0000010003988000 000000010fe98000 0000000104726440 0000000000000000
[mtlr]   out: 0000007700000000 0000000000004000 0000000034120436 0000000000015fab
[mtlr] resource2 sel8 flags 470 sz 0x1000 -> kr 0x00000000 rid 119 GPUVA 0x10003988000 cpu 10fe98000
[mtlr]   out: 0000010003988000 000000010fe98000 0000000104726440 0000000000000000
[mtlr]   out: 0000007700000000 0000000000004000 0000000034120437 0000000000015fac
[mtlr] resource2 sel8 flags 470 sz 0x1000 -> kr 0x00000000 rid 119 GPUVA 0x10003988000 cpu 10fe98000
[mtlr]   out: 0000010003988000 000000010fe98000 0000000104726440 0000000000000000
[mtlr]   out: 0000007700000000 0000000000004000 0000000034120438 0000000000015fad
[mtlr] resource2 sel8 flags 470 sz 0x1000 -> kr 0x00000000 rid 119 GPUVA 0x10003988000 cpu 10fe98000
[mtlr]   out: 0000010003988000 000000010fe98000 0000000104726440 0000000000000000
[mtlr]   out: 0000007700000000 0000000000004000 0000000034120439 0000000000015fae
[mtlr] resource2 sel8 flags 470 sz 0x1000 -> kr 0x00000000 rid 119 GPUVA 0x10003988000 cpu 10fe98000
[mtlr]   out: 0000010003988000 000000010fe98000 0000000104726440 0000000000000000
[mtlr]   out: 0000007700000000 0000000000004000 000000003412043a 0000000000015faf
[mtlr] resource2 sel8 flags 470 sz 0x1000 -> kr 0x00000000 rid 119 GPUVA 0x10003988000 cpu 10fe98000
[mtlr]   out: 0000010003988000 000000010fe98000 0000000104726440 0000000000000000
[mtlr]   out: 0000007700000000 0000000000004000 000000003412043b 0000000000015fb0
[mtlr] resource2 sel8 flags 470 sz 0x1000 -> kr 0x00000000 rid 119 GPUVA 0x10003988000 cpu 10fe98000
[mtlr]   out: 0000010003988000 000000010fe98000 0000000104726440 0000000000000000
[mtlr]   out: 0000007700000000 0000000000004000 000000003412043c 0000000000015fb1
[mtlr] resource2 sel8 flags 470 sz 0x1000 -> kr 0x00000000 rid 119 GPUVA 0x10003988000 cpu 10fe98000
[mtlr]   out: 0000010003988000 000000010fe98000 0000000104726440 0000000000000000
[mtlr]   out: 0000007700000000 0000000000004000 000000003412043d 0000000000015fb2
[mtlr] resource2 sel8 flags 470 sz 0x1000 -> kr 0x00000000 rid 119 GPUVA 0x10003988000 cpu 10fe98000
[mtlr]   out: 0000010003988000 000000010fe98000 0000000104726440 0000000000000000
[mtlr]   out: 0000007700000000 0000000000004000 000000003412043e 0000000000015fb3
[mtlr] resource2 sel8 flags 470 sz 0x1000 -> kr 0x00000000 rid 119 GPUVA 0x10003988000 cpu 10fe98000
[mtlr]   out: 0000010003988000 000000010fe98000 0000000104726440 0000000000000000
[mtlr]   out: 0000007700000000 0000000000004000 000000003412043f 0000000000015fb4
[mtlr] resource2 sel8 flags 470 sz 0x1000 -> kr 0x00000000 rid 119 GPUVA 0x10003988000 cpu 10fe98000
[mtlr]   out: 0000010003988000 000000010fe98000 0000000104726440 0000000000000000
[mtlr]   out: 0000007700000000 0000000000004000 0000000034120440 0000000000015fb5
[mtlr] resource2 sel8 flags 470 sz 0x1000 -> kr 0x00000000 rid 119 GPUVA 0x10003988000 cpu 10fe98000
[mtlr]   out: 0000010003988000 000000010fe98000 0000000104726440 0000000000000000
[mtlr]   out: 0000007700000000 0000000000004000 0000000034120441 0000000000015fb6
[mtlr] resource2 sel8 flags 470 sz 0x1000 -> kr 0x00000000 rid 119 GPUVA 0x10003988000 cpu 10fe98000
[mtlr]   out: 0000010003988000 000000010fe98000 0000000104726440 0000000000000000
[mtlr]   out: 0000007700000000 0000000000004000 0000000034120442 0000000000015fb7
[mtlr] resource2 sel8 flags 470 sz 0x1000 -> kr 0x00000000 rid 119 GPUVA 0x10003988000 cpu 10fe98000
[mtlr]   out: 0000010003988000 000000010fe98000 0000000104726440 0000000000000000
[mtlr]   out: 0000007700000000 0000000000004000 0000000034120444 0000000000015fb8
[mtlr] resource2 sel8 flags 470 sz 0x1000 -> kr 0x00000000 rid 119 GPUVA 0x10003988000 cpu 10fe98000
[mtlr]   out: 0000010003988000 000000010fe98000 0000000104726440 0000000000000000
[mtlr]   out: 0000007700000000 0000000000004000 0000000034120445 0000000000015fb9
[mtlr] resource2 sel8 flags 470 sz 0x1000 -> kr 0x00000000 rid 119 GPUVA 0x10003988000 cpu 10fe98000
[mtlr]   out: 0000010003988000 000000010fe98000 0000000104726440 0000000000000000
[mtlr]   out: 0000007700000000 0000000000004000 0000000034120446 0000000000015fba
[mtlr] resource2 sel8 flags 470 sz 0x1000 -> kr 0x00000000 rid 119 GPUVA 0x10003988000 cpu 10fe98000
[mtlr]   out: 0000010003988000 000000010fe98000 0000000104726440 0000000000000000
[mtlr]   out: 0000007700000000 0000000000004000 0000000034120447 0000000000015fbb
[mtlr] resource2 sel8 flags 470 sz 0x1000 -> kr 0x00000000 rid 119 GPUVA 0x10003988000 cpu 10fe98000
[mtlr]   out: 0000010003988000 000000010fe98000 0000000104726440 0000000000000000
[mtlr]   out: 0000007700000000 0000000000004000 000000003412044a 0000000000015fbc
[uatrec] S4 r1 (+0s): nvv 8 ncb 8 vsz 0x100000 fill 0x0 destroy0 kr 0x00000000 nj 40
[uatrec] S4 r1 blit[0] slots 10 ridp 1
[uatrec] S4 r1 blit[1] slots 9 ridp 1
[uatrec] S4 r1 blit[2] slots 9 ridp 1
[uatrec] S4 r1 blit[3] slots 9 ridp 1
[uatrec] S4 r1 blit[4] slots 7 ridp 1
[uatrec] S4 r1 blit[5] slots 7 ridp 1
[uatrec] S4 r1 blit[6] slots 7 ridp 1
[uatrec] S4 r1 blit[7] slots 6 ridp 1
[mtlr] resource2 sel8 flags 470 sz 0x100000 -> kr 0x00000000 rid 119 GPUVA 0x10002490000 cpu 10f490000
[mtlr]   out: 0000010002490000 000000010f490000 0000000104721940 0000000000000000
[mtlr]   out: 0000007700000000 0000000000100000 00000000341205a9 0000000000015fbf
[uatrec] S4 r2 victim[0] rid 119 gpuva 0x10002490000 cpu 0x10f490000 (top-of-stack)
[mtlr] resource2 sel8 flags 470 sz 0x100000 -> kr 0x00000000 rid 120 GPUVA 0x10002598000 cpu 10c6a0000
[mtlr]   out: 0000010002598000 000000010c6a0000 0000000104721a00 0000000000000000
[mtlr]   out: 0000007800000000 0000000000100000 00000000341205aa 0000000000015fc0
[uatrec] S4 r2 victim[1] rid 120 gpuva 0x10002598000 cpu 0x10c6a0000 (top-of-stack)
[mtlr] resource2 sel8 flags 470 sz 0x100000 -> kr 0x00000000 rid 121 GPUVA 0x100026a0000 cpu 10c7a0000
[mtlr]   out: 00000100026a0000 000000010c7a0000 0000000104721ac0 0000000000000000
[mtlr]   out: 0000007900000000 0000000000100000 00000000341205ab 0000000000015fc1
[uatrec] S4 r2 victim[2] rid 121 gpuva 0x100026a0000 cpu 0x10c7a0000 (top-of-stack)
[mtlr] resource2 sel8 flags 470 sz 0x100000 -> kr 0x00000000 rid 122 GPUVA 0x100027a8000 cpu 10c8a0000
[mtlr]   out: 00000100027a8000 000000010c8a0000 0000000104721b80 0000000000000000
[mtlr]   out: 0000007a00000000 0000000000100000 00000000341205b7 0000000000015fc2
[uatrec] S4 r2 victim[3] rid 122 gpuva 0x100027a8000 cpu 0x10c8a0000 (top-of-stack)
[mtlr] resource2 sel8 flags 470 sz 0x100000 -> kr 0x00000000 rid 123 GPUVA 0x100028b0000 cpu 10c9a0000
[mtlr]   out: 00000100028b0000 000000010c9a0000 0000000104721c40 0000000000000000
[mtlr]   out: 0000007b00000000 0000000000100000 00000000341205d1 0000000000015fc3
[uatrec] S4 r2 victim[4] rid 123 gpuva 0x100028b0000 cpu 0x10c9a0000 (top-of-stack)
[mtlr] resource2 sel8 flags 470 sz 0x100000 -> kr 0x00000000 rid 124 GPUVA 0x100029b8000 cpu 10caa0000
[mtlr]   out: 00000100029b8000 000000010caa0000 0000000104721d00 0000000000000000
[mtlr]   out: 0000007c00000000 0000000000100000 00000000341205e5 0000000000015fc4
[uatrec] S4 r2 victim[5] rid 124 gpuva 0x100029b8000 cpu 0x10caa0000 (top-of-stack)
[mtlr] resource2 sel8 flags 470 sz 0x100000 -> kr 0x00000000 rid 125 GPUVA 0x10002ac0000 cpu 10cba0000
[mtlr]   out: 0000010002ac0000 000000010cba0000 0000000104721dc0 0000000000000000
[mtlr]   out: 0000007d00000000 0000000000100000 00000000341205e7 0000000000015fc5
[uatrec] S4 r2 victim[6] rid 125 gpuva 0x10002ac0000 cpu 0x10cba0000 (top-of-stack)
[mtlr] resource2 sel8 flags 470 sz 0x100000 -> kr 0x00000000 rid 126 GPUVA 0x10002bc8000 cpu 10cca0000
[mtlr]   out: 0000010002bc8000 000000010cca0000 0000000104721e80 0000000000000000
[mtlr]   out: 0000007e00000000 0000000000100000 00000000341205e8 0000000000015fc6
[uatrec] S4 r2 victim[7] rid 126 gpuva 0x10002bc8000 cpu 0x10cca0000 (top-of-stack)
[mtlr] resource2 sel8 flags 470 sz 0x1000 -> kr 0x00000000 rid 119 GPUVA 0x10003998000 cpu 10d6ac000
[mtlr]   out: 0000010003998000 000000010d6ac000 0000000104726500 0000000000000000
[mtlr]   out: 0000007700000000 0000000000004000 00000000341205fb 0000000000015fd1
[mtlr] resource2 sel8 flags 470 sz 0x1000 -> kr 0x00000000 rid 119 GPUVA 0x10003998000 cpu 10d6ac000
[mtlr]   out: 0000010003998000 000000010d6ac000 0000000104726500 0000000000000000
[mtlr]   out: 0000007700000000 0000000000004000 00000000341205fc 0000000000015fd2
[mtlr] resource2 sel8 flags 470 sz 0x1000 -> kr 0x00000000 rid 119 GPUVA 0x10003998000 cpu 10d6ac000
[mtlr]   out: 0000010003998000 000000010d6ac000 0000000104726500 0000000000000000
[mtlr]   out: 0000007700000000 0000000000004000 00000000341205fd 0000000000015fd3
[mtlr] resource2 sel8 flags 470 sz 0x1000 -> kr 0x00000000 rid 119 GPUVA 0x10003998000 cpu 10d6ac000
[mtlr]   out: 0000010003998000 000000010d6ac000 0000000104726500 0000000000000000
[mtlr]   out: 0000007700000000 0000000000004000 00000000341205fe 0000000000015fd4
[mtlr] resource2 sel8 flags 470 sz 0x1000 -> kr 0x00000000 rid 119 GPUVA 0x10003998000 cpu 10d6ac000
[mtlr]   out: 0000010003998000 000000010d6ac000 0000000104726500 0000000000000000
[mtlr]   out: 0000007700000000 0000000000004000 00000000341205ff 0000000000015fd5
[mtlr] resource2 sel8 flags 470 sz 0x1000 -> kr 0x00000000 rid 119 GPUVA 0x10003998000 cpu 10d6ac000
[mtlr]   out: 0000010003998000 000000010d6ac000 0000000104726500 0000000000000000
[mtlr]   out: 0000007700000000 0000000000004000 0000000034120600 0000000000015fd6
[mtlr] resource2 sel8 flags 470 sz 0x1000 -> kr 0x00000000 rid 119 GPUVA 0x10003998000 cpu 10d6ac000
[mtlr]   out: 0000010003998000 000000010d6ac000 0000000104726500 0000000000000000
[mtlr]   out: 0000007700000000 0000000000004000 0000000034120601 0000000000015fd7
[mtlr] resource2 sel8 flags 470 sz 0x1000 -> kr 0x00000000 rid 119 GPUVA 0x10003998000 cpu 10d6ac000
[mtlr]   out: 0000010003998000 000000010d6ac000 0000000104726500 0000000000000000
[mtlr]   out: 0000007700000000 0000000000004000 0000000034120602 0000000000015fd8
[mtlr] resource2 sel8 flags 470 sz 0x1000 -> kr 0x00000000 rid 119 GPUVA 0x10003998000 cpu 10d6ac000
[mtlr]   out: 0000010003998000 000000010d6ac000 0000000104726500 0000000000000000
[mtlr]   out: 0000007700000000 0000000000004000 0000000034120603 0000000000015fd9
[mtlr] resource2 sel8 flags 470 sz 0x1000 -> kr 0x00000000 rid 119 GPUVA 0x10003998000 cpu 10d6ac000
[mtlr]   out: 0000010003998000 000000010d6ac000 0000000104726500 0000000000000000
[mtlr]   out: 0000007700000000 0000000000004000 0000000034120604 0000000000015fda
[mtlr] resource2 sel8 flags 470 sz 0x1000 -> kr 0x00000000 rid 119 GPUVA 0x10003998000 cpu 10d6ac000
[mtlr]   out: 0000010003998000 000000010d6ac000 0000000104726500 0000000000000000
[mtlr]   out: 0000007700000000 0000000000004000 0000000034120605 0000000000015fdb
[mtlr] resource2 sel8 flags 470 sz 0x1000 -> kr 0x00000000 rid 119 GPUVA 0x10003998000 cpu 10d6ac000
[mtlr]   out: 0000010003998000 000000010d6ac000 0000000104726500 0000000000000000
[mtlr]   out: 0000007700000000 0000000000004000 0000000034120606 0000000000015fdc
[mtlr] resource2 sel8 flags 470 sz 0x1000 -> kr 0x00000000 rid 119 GPUVA 0x10003998000 cpu 10d6ac000
[mtlr]   out: 0000010003998000 000000010d6ac000 0000000104726500 0000000000000000
[mtlr]   out: 0000007700000000 0000000000004000 0000000034120607 0000000000015fdd
[mtlr] resource2 sel8 flags 470 sz 0x1000 -> kr 0x00000000 rid 119 GPUVA 0x10003998000 cpu 10d6ac000
[mtlr]   out: 0000010003998000 000000010d6ac000 0000000104726500 0000000000000000
[mtlr]   out: 0000007700000000 0000000000004000 0000000034120608 0000000000015fde
[mtlr] resource2 sel8 flags 470 sz 0x1000 -> kr 0x00000000 rid 119 GPUVA 0x10003998000 cpu 10d6ac000
[mtlr]   out: 0000010003998000 000000010d6ac000 0000000104726500 0000000000000000
[mtlr]   out: 0000007700000000 0000000000004000 0000000034120609 0000000000015fdf
[mtlr] resource2 sel8 flags 470 sz 0x1000 -> kr 0x00000000 rid 119 GPUVA 0x10003998000 cpu 10d6ac000
[mtlr]   out: 0000010003998000 000000010d6ac000 0000000104726500 0000000000000000
[mtlr]   out: 0000007700000000 0000000000004000 000000003412060a 0000000000015fe0
[mtlr] resource2 sel8 flags 470 sz 0x1000 -> kr 0x00000000 rid 119 GPUVA 0x10003998000 cpu 10d6ac000
[mtlr]   out: 0000010003998000 000000010d6ac000 0000000104726500 0000000000000000
[mtlr]   out: 0000007700000000 0000000000004000 000000003412060b 0000000000015fe1
[mtlr] resource2 sel8 flags 470 sz 0x1000 -> kr 0x00000000 rid 119 GPUVA 0x10003998000 cpu 10d6ac000
[mtlr]   out: 0000010003998000 000000010d6ac000 0000000104726500 0000000000000000
[mtlr]   out: 0000007700000000 0000000000004000 000000003412060c 0000000000015fe2
[mtlr] resource2 sel8 flags 470 sz 0x1000 -> kr 0x00000000 rid 119 GPUVA 0x10003998000 cpu 10d6ac000
[mtlr]   out: 0000010003998000 000000010d6ac000 0000000104726500 0000000000000000
[mtlr]   out: 0000007700000000 0000000000004000 000000003412060d 0000000000015fe3
[mtlr] resource2 sel8 flags 470 sz 0x1000 -> kr 0x00000000 rid 119 GPUVA 0x10003998000 cpu 10d6ac000
[mtlr]   out: 0000010003998000 000000010d6ac000 0000000104726500 0000000000000000
[mtlr]   out: 0000007700000000 0000000000004000 000000003412060e 0000000000015fe4
[mtlr] resource2 sel8 flags 470 sz 0x1000 -> kr 0x00000000 rid 119 GPUVA 0x10003998000 cpu 10d6ac000
[mtlr]   out: 0000010003998000 000000010d6ac000 0000000104726500 0000000000000000
[mtlr]   out: 0000007700000000 0000000000004000 000000003412060f 0000000000015fe5
[mtlr] resource2 sel8 flags 470 sz 0x1000 -> kr 0x00000000 rid 119 GPUVA 0x10003998000 cpu 10d6ac000
[mtlr]   out: 0000010003998000 000000010d6ac000 0000000104726500 0000000000000000
[mtlr]   out: 0000007700000000 0000000000004000 0000000034120610 0000000000015fe6
[mtlr] resource2 sel8 flags 470 sz 0x1000 -> kr 0x00000000 rid 119 GPUVA 0x10003998000 cpu 10d6ac000
[mtlr]   out: 0000010003998000 000000010d6ac000 0000000104726500 0000000000000000
[mtlr]   out: 0000007700000000 0000000000004000 0000000034120611 0000000000015fe7
[mtlr] resource2 sel8 flags 470 sz 0x1000 -> kr 0x00000000 rid 119 GPUVA 0x10003998000 cpu 10d6ac000
[mtlr]   out: 0000010003998000 000000010d6ac000 0000000104726500 0000000000000000
[mtlr]   out: 0000007700000000 0000000000004000 0000000034120612 0000000000015fe8
[mtlr] resource2 sel8 flags 470 sz 0x1000 -> kr 0x00000000 rid 119 GPUVA 0x10003998000 cpu 10d6ac000
[mtlr]   out: 0000010003998000 000000010d6ac000 0000000104726500 0000000000000000
[mtlr]   out: 0000007700000000 0000000000004000 0000000034120613 0000000000015fe9
[mtlr] resource2 sel8 flags 470 sz 0x1000 -> kr 0x00000000 rid 119 GPUVA 0x10003998000 cpu 10d6ac000
[mtlr]   out: 0000010003998000 000000010d6ac000 0000000104726500 0000000000000000
[mtlr]   out: 0000007700000000 0000000000004000 0000000034120614 0000000000015fea
[mtlr] resource2 sel8 flags 470 sz 0x1000 -> kr 0x00000000 rid 119 GPUVA 0x10003998000 cpu 10d6ac000
[mtlr]   out: 0000010003998000 000000010d6ac000 0000000104726500 0000000000000000
[mtlr]   out: 0000007700000000 0000000000004000 0000000034120615 0000000000015feb
[mtlr] resource2 sel8 flags 470 sz 0x1000 -> kr 0x00000000 rid 119 GPUVA 0x10003998000 cpu 10d6ac000
[mtlr]   out: 0000010003998000 000000010d6ac000 0000000104726500 0000000000000000
[mtlr]   out: 0000007700000000 0000000000004000 0000000034120616 0000000000015fec
[mtlr] resource2 sel8 flags 470 sz 0x1000 -> kr 0x00000000 rid 119 GPUVA 0x10003998000 cpu 10d6ac000
[mtlr]   out: 0000010003998000 000000010d6ac000 0000000104726500 0000000000000000
[mtlr]   out: 0000007700000000 0000000000004000 0000000034120617 0000000000015fed
[mtlr] resource2 sel8 flags 470 sz 0x1000 -> kr 0x00000000 rid 119 GPUVA 0x10003998000 cpu 10d6ac000
[mtlr]   out: 0000010003998000 000000010d6ac000 0000000104726500 0000000000000000
[mtlr]   out: 0000007700000000 0000000000004000 0000000034120618 0000000000015fee
[mtlr] resource2 sel8 flags 470 sz 0x1000 -> kr 0x00000000 rid 119 GPUVA 0x10003998000 cpu 10d6ac000
[mtlr]   out: 0000010003998000 000000010d6ac000 0000000104726500 0000000000000000
[mtlr]   out: 0000007700000000 0000000000004000 0000000034120619 0000000000015fef
[mtlr] resource2 sel8 flags 470 sz 0x1000 -> kr 0x00000000 rid 119 GPUVA 0x10003998000 cpu 10d6ac000
[mtlr]   out: 0000010003998000 000000010d6ac000 0000000104726500 0000000000000000
[mtlr]   out: 0000007700000000 0000000000004000 000000003412061a 0000000000015ff0
[mtlr] resource2 sel8 flags 470 sz 0x1000 -> kr 0x00000000 rid 119 GPUVA 0x10003998000 cpu 10d6ac000
[mtlr]   out: 0000010003998000 000000010d6ac000 0000000104726500 0000000000000000
[mtlr]   out: 0000007700000000 0000000000004000 000000003412061b 0000000000015ff1
[mtlr] resource2 sel8 flags 470 sz 0x1000 -> kr 0x00000000 rid 119 GPUVA 0x10003998000 cpu 10d6ac000
[mtlr]   out: 0000010003998000 000000010d6ac000 0000000104726500 0000000000000000
[mtlr]   out: 0000007700000000 0000000000004000 000000003412061c 0000000000015ff2
[mtlr] resource2 sel8 flags 470 sz 0x1000 -> kr 0x00000000 rid 119 GPUVA 0x10003998000 cpu 10d6ac000
[mtlr]   out: 0000010003998000 000000010d6ac000 0000000104726500 0000000000000000
[mtlr]   out: 0000007700000000 0000000000004000 000000003412061d 0000000000015ff3
[mtlr] resource2 sel8 flags 470 sz 0x1000 -> kr 0x00000000 rid 119 GPUVA 0x10003998000 cpu 10d6ac000
[mtlr]   out: 0000010003998000 000000010d6ac000 0000000104726500 0000000000000000
[mtlr]   out: 0000007700000000 0000000000004000 000000003412061e 0000000000015ff4
[mtlr] resource2 sel8 flags 470 sz 0x1000 -> kr 0x00000000 rid 119 GPUVA 0x10003998000 cpu 10d6ac000
[mtlr]   out: 0000010003998000 000000010d6ac000 0000000104726500 0000000000000000
[mtlr]   out: 0000007700000000 0000000000004000 000000003412061f 0000000000015ff5
[mtlr] resource2 sel8 flags 470 sz 0x1000 -> kr 0x00000000 rid 119 GPUVA 0x10003998000 cpu 10d6ac000
[mtlr]   out: 0000010003998000 000000010d6ac000 0000000104726500 0000000000000000
[mtlr]   out: 0000007700000000 0000000000004000 0000000034120620 0000000000015ff6
[mtlr] resource2 sel8 flags 470 sz 0x1000 -> kr 0x00000000 rid 119 GPUVA 0x10003998000 cpu 10d6ac000
[mtlr]   out: 0000010003998000 000000010d6ac000 0000000104726500 0000000000000000
[mtlr]   out: 0000007700000000 0000000000004000 0000000034120621 0000000000015ff7
[mtlr] resource2 sel8 flags 470 sz 0x1000 -> kr 0x00000000 rid 119 GPUVA 0x10003998000 cpu 10d6ac000
[mtlr]   out: 0000010003998000 000000010d6ac000 0000000104726500 0000000000000000
[mtlr]   out: 0000007700000000 0000000000004000 0000000034120622 0000000000015ff8
[uatrec] S4 r2 (+0s): nvv 8 ncb 8 vsz 0x100000 fill 0x0 destroy0 kr 0x00000000 nj 40
[uatrec] S4 r2 blit[0] slots 7 ridp 1
[uatrec] S4 r2 blit[1] slots 7 ridp 1
[uatrec] S4 r2 blit[2] slots 7 ridp 1
[uatrec] S4 r2 blit[3] slots 7 ridp 1
[uatrec] S4 r2 blit[4] slots 8 ridp 1
[uatrec] S4 r2 blit[5] slots 7 ridp 1
[uatrec] S4 r2 blit[6] slots 7 ridp 1
[uatrec] S4 r2 blit[7] slots 6 ridp 1
[mtlr] resource2 sel8 flags 470 sz 0x100000 -> kr 0x00000000 rid 119 GPUVA 0x10002490000 cpu 10cea0000
[mtlr]   out: 0000010002490000 000000010cea0000 0000000104721940 0000000000000000
[mtlr]   out: 0000007700000000 0000000000100000 000000003412071b 0000000000015ffb
[uatrec] S4 r3 victim[0] rid 119 gpuva 0x10002490000 cpu 0x10cea0000 (top-of-stack)
[mtlr] resource2 sel8 flags 470 sz 0x100000 -> kr 0x00000000 rid 120 GPUVA 0x10002598000 cpu 10cfa0000
[mtlr]   out: 0000010002598000 000000010cfa0000 0000000104721a00 0000000000000000
[mtlr]   out: 0000007800000000 0000000000100000 000000003412071c 0000000000015ffc
[uatrec] S4 r3 victim[1] rid 120 gpuva 0x10002598000 cpu 0x10cfa0000 (top-of-stack)
[mtlr] resource2 sel8 flags 470 sz 0x100000 -> kr 0x00000000 rid 121 GPUVA 0x100026a0000 cpu 10c6a0000
[mtlr]   out: 00000100026a0000 000000010c6a0000 0000000104721ac0 0000000000000000
[mtlr]   out: 0000007900000000 0000000000100000 000000003412071d 0000000000015ffd
[uatrec] S4 r3 victim[2] rid 121 gpuva 0x100026a0000 cpu 0x10c6a0000 (top-of-stack)
[mtlr] resource2 sel8 flags 470 sz 0x100000 -> kr 0x00000000 rid 122 GPUVA 0x100027a8000 cpu 10c7a0000
[mtlr]   out: 00000100027a8000 000000010c7a0000 0000000104721b80 0000000000000000
[mtlr]   out: 0000007a00000000 0000000000100000 000000003412071e 0000000000015ffe
[uatrec] S4 r3 victim[3] rid 122 gpuva 0x100027a8000 cpu 0x10c7a0000 (top-of-stack)
[mtlr] resource2 sel8 flags 470 sz 0x100000 -> kr 0x00000000 rid 123 GPUVA 0x100028b0000 cpu 10c8a0000
[mtlr]   out: 00000100028b0000 000000010c8a0000 0000000104721c40 0000000000000000
[mtlr]   out: 0000007b00000000 0000000000100000 0000000034120726 0000000000015fff
[uatrec] S4 r3 victim[4] rid 123 gpuva 0x100028b0000 cpu 0x10c8a0000 (top-of-stack)
[mtlr] resource2 sel8 flags 470 sz 0x100000 -> kr 0x00000000 rid 124 GPUVA 0x100029b8000 cpu 10c9a0000
[mtlr]   out: 00000100029b8000 000000010c9a0000 0000000104721d00 0000000000000000
[mtlr]   out: 0000007c00000000 0000000000100000 0000000034120727 0000000000016000
[uatrec] S4 r3 victim[5] rid 124 gpuva 0x100029b8000 cpu 0x10c9a0000 (top-of-stack)
[mtlr] resource2 sel8 flags 470 sz 0x100000 -> kr 0x00000000 rid 125 GPUVA 0x10002ac0000 cpu 10caa0000
[mtlr]   out: 0000010002ac0000 000000010caa0000 0000000104721dc0 0000000000000000
[mtlr]   out: 0000007d00000000 0000000000100000 0000000034120728 0000000000016001
[uatrec] S4 r3 victim[6] rid 125 gpuva 0x10002ac0000 cpu 0x10caa0000 (top-of-stack)
[mtlr] resource2 sel8 flags 470 sz 0x100000 -> kr 0x00000000 rid 126 GPUVA 0x10002bc8000 cpu 10cba0000
[mtlr]   out: 0000010002bc8000 000000010cba0000 0000000104721e80 0000000000000000
[mtlr]   out: 0000007e00000000 0000000000100000 0000000034120729 0000000000016002
[uatrec] S4 r3 victim[7] rid 126 gpuva 0x10002bc8000 cpu 0x10cba0000 (top-of-stack)
[mtlr] resource2 sel8 flags 470 sz 0x1000 -> kr 0x00000000 rid 119 GPUVA 0x10002490000 cpu 10d7ac000
[mtlr]   out: 0000010002490000 000000010d7ac000 0000000104721940 0000000000000000
[mtlr]   out: 0000007700000000 0000000000004000 000000003412073b 000000000001600c
[mtlr] resource2 sel8 flags 470 sz 0x1000 -> kr 0x00000000 rid 119 GPUVA 0x10002490000 cpu 10d7ac000
[mtlr]   out: 0000010002490000 000000010d7ac000 0000000104721940 0000000000000000
[mtlr]   out: 0000007700000000 0000000000004000 000000003412073c 000000000001600d
[mtlr] resource2 sel8 flags 470 sz 0x1000 -> kr 0x00000000 rid 119 GPUVA 0x10002490000 cpu 10d7ac000
[mtlr]   out: 0000010002490000 000000010d7ac000 0000000104721940 0000000000000000
[mtlr]   out: 0000007700000000 0000000000004000 000000003412073d 000000000001600e
[mtlr] resource2 sel8 flags 470 sz 0x1000 -> kr 0x00000000 rid 119 GPUVA 0x10002490000 cpu 10d7ac000
[mtlr]   out: 0000010002490000 000000010d7ac000 0000000104721940 0000000000000000
[mtlr]   out: 0000007700000000 0000000000004000 000000003412073e 000000000001600f
[mtlr] resource2 sel8 flags 470 sz 0x1000 -> kr 0x00000000 rid 119 GPUVA 0x10002490000 cpu 10d7ac000
[mtlr]   out: 0000010002490000 000000010d7ac000 0000000104721940 0000000000000000
[mtlr]   out: 0000007700000000 0000000000004000 000000003412073f 0000000000016010
[mtlr] resource2 sel8 flags 470 sz 0x1000 -> kr 0x00000000 rid 119 GPUVA 0x10002490000 cpu 10d7ac000
[mtlr]   out: 0000010002490000 000000010d7ac000 0000000104721940 0000000000000000
[mtlr]   out: 0000007700000000 0000000000004000 0000000034120740 0000000000016011
[mtlr] resource2 sel8 flags 470 sz 0x1000 -> kr 0x00000000 rid 119 GPUVA 0x10002490000 cpu 10d7ac000
[mtlr]   out: 0000010002490000 000000010d7ac000 0000000104721940 0000000000000000
[mtlr]   out: 0000007700000000 0000000000004000 0000000034120741 0000000000016012
[mtlr] resource2 sel8 flags 470 sz 0x1000 -> kr 0x00000000 rid 119 GPUVA 0x10002490000 cpu 10d7ac000
[mtlr]   out: 0000010002490000 000000010d7ac000 0000000104721940 0000000000000000
[mtlr]   out: 0000007700000000 0000000000004000 0000000034120742 0000000000016013
[mtlr] resource2 sel8 flags 470 sz 0x1000 -> kr 0x00000000 rid 119 GPUVA 0x10002490000 cpu 10d7ac000
[mtlr]   out: 0000010002490000 000000010d7ac000 0000000104721940 0000000000000000
[mtlr]   out: 0000007700000000 0000000000004000 0000000034120743 0000000000016014
[mtlr] resource2 sel8 flags 470 sz 0x1000 -> kr 0x00000000 rid 119 GPUVA 0x10002490000 cpu 10d7ac000
[mtlr]   out: 0000010002490000 000000010d7ac000 0000000104721940 0000000000000000
[mtlr]   out: 0000007700000000 0000000000004000 0000000034120744 0000000000016015
[mtlr] resource2 sel8 flags 470 sz 0x1000 -> kr 0x00000000 rid 119 GPUVA 0x10002490000 cpu 10d7ac000
[mtlr]   out: 0000010002490000 000000010d7ac000 0000000104721940 0000000000000000
[mtlr]   out: 0000007700000000 0000000000004000 0000000034120745 0000000000016016
[mtlr] resource2 sel8 flags 470 sz 0x1000 -> kr 0x00000000 rid 119 GPUVA 0x10002490000 cpu 10d7ac000
[mtlr]   out: 0000010002490000 000000010d7ac000 0000000104721940 0000000000000000
[mtlr]   out: 0000007700000000 0000000000004000 0000000034120746 0000000000016017
[mtlr] resource2 sel8 flags 470 sz 0x1000 -> kr 0x00000000 rid 119 GPUVA 0x10002490000 cpu 10d7ac000
[mtlr]   out: 0000010002490000 000000010d7ac000 0000000104721940 0000000000000000
[mtlr]   out: 0000007700000000 0000000000004000 0000000034120747 0000000000016018
[mtlr] resource2 sel8 flags 470 sz 0x1000 -> kr 0x00000000 rid 119 GPUVA 0x10002490000 cpu 10d7ac000
[mtlr]   out: 0000010002490000 000000010d7ac000 0000000104721940 0000000000000000
[mtlr]   out: 0000007700000000 0000000000004000 0000000034120748 0000000000016019
[mtlr] resource2 sel8 flags 470 sz 0x1000 -> kr 0x00000000 rid 119 GPUVA 0x10002490000 cpu 10d7ac000
[mtlr]   out: 0000010002490000 000000010d7ac000 0000000104721940 0000000000000000
[mtlr]   out: 0000007700000000 0000000000004000 0000000034120749 000000000001601a
[mtlr] resource2 sel8 flags 470 sz 0x1000 -> kr 0x00000000 rid 119 GPUVA 0x10002490000 cpu 10d7ac000
[mtlr]   out: 0000010002490000 000000010d7ac000 0000000104721940 0000000000000000
[mtlr]   out: 0000007700000000 0000000000004000 000000003412074a 000000000001601b
[mtlr] resource2 sel8 flags 470 sz 0x1000 -> kr 0x00000000 rid 119 GPUVA 0x10002490000 cpu 10d7ac000
[mtlr]   out: 0000010002490000 000000010d7ac000 0000000104721940 0000000000000000
[mtlr]   out: 0000007700000000 0000000000004000 000000003412074b 000000000001601c
[mtlr] resource2 sel8 flags 470 sz 0x1000 -> kr 0x00000000 rid 119 GPUVA 0x10002490000 cpu 10d7ac000
[mtlr]   out: 0000010002490000 000000010d7ac000 0000000104721940 0000000000000000
[mtlr]   out: 0000007700000000 0000000000004000 000000003412074c 000000000001601d
[mtlr] resource2 sel8 flags 470 sz 0x1000 -> kr 0x00000000 rid 119 GPUVA 0x10002490000 cpu 10d7ac000
[mtlr]   out: 0000010002490000 000000010d7ac000 0000000104721940 0000000000000000
[mtlr]   out: 0000007700000000 0000000000004000 000000003412074d 000000000001601e
[mtlr] resource2 sel8 flags 470 sz 0x1000 -> kr 0x00000000 rid 119 GPUVA 0x10002490000 cpu 10d7ac000
[mtlr]   out: 0000010002490000 000000010d7ac000 0000000104721940 0000000000000000
[mtlr]   out: 0000007700000000 0000000000004000 000000003412074e 000000000001601f
[mtlr] resource2 sel8 flags 470 sz 0x1000 -> kr 0x00000000 rid 119 GPUVA 0x10002490000 cpu 10d7ac000
[mtlr]   out: 0000010002490000 000000010d7ac000 0000000104721940 0000000000000000
[mtlr]   out: 0000007700000000 0000000000004000 000000003412074f 0000000000016020
[mtlr] resource2 sel8 flags 470 sz 0x1000 -> kr 0x00000000 rid 119 GPUVA 0x10002490000 cpu 10d7ac000
[mtlr]   out: 0000010002490000 000000010d7ac000 0000000104721940 0000000000000000
[mtlr]   out: 0000007700000000 0000000000004000 0000000034120750 0000000000016021
[mtlr] resource2 sel8 flags 470 sz 0x1000 -> kr 0x00000000 rid 119 GPUVA 0x10002490000 cpu 10d7ac000
[mtlr]   out: 0000010002490000 000000010d7ac000 0000000104721940 0000000000000000
[mtlr]   out: 0000007700000000 0000000000004000 0000000034120751 0000000000016022
[mtlr] resource2 sel8 flags 470 sz 0x1000 -> kr 0x00000000 rid 119 GPUVA 0x10002490000 cpu 10d7ac000
[mtlr]   out: 0000010002490000 000000010d7ac000 0000000104721940 0000000000000000
[mtlr]   out: 0000007700000000 0000000000004000 0000000034120752 0000000000016023
[mtlr] resource2 sel8 flags 470 sz 0x1000 -> kr 0x00000000 rid 119 GPUVA 0x10002490000 cpu 10d7ac000
[mtlr]   out: 0000010002490000 000000010d7ac000 0000000104721940 0000000000000000
[mtlr]   out: 0000007700000000 0000000000004000 0000000034120753 0000000000016024
[mtlr] resource2 sel8 flags 470 sz 0x1000 -> kr 0x00000000 rid 119 GPUVA 0x10002490000 cpu 10d7ac000
[mtlr]   out: 0000010002490000 000000010d7ac000 0000000104721940 0000000000000000
[mtlr]   out: 0000007700000000 0000000000004000 0000000034120754 0000000000016025
[mtlr] resource2 sel8 flags 470 sz 0x1000 -> kr 0x00000000 rid 119 GPUVA 0x10002490000 cpu 10d7ac000
[mtlr]   out: 0000010002490000 000000010d7ac000 0000000104721940 0000000000000000
[mtlr]   out: 0000007700000000 0000000000004000 0000000034120755 0000000000016026
[mtlr] resource2 sel8 flags 470 sz 0x1000 -> kr 0x00000000 rid 119 GPUVA 0x10002490000 cpu 10d7ac000
[mtlr]   out: 0000010002490000 000000010d7ac000 0000000104721940 0000000000000000
[mtlr]   out: 0000007700000000 0000000000004000 0000000034120756 0000000000016027
[mtlr] resource2 sel8 flags 470 sz 0x1000 -> kr 0x00000000 rid 119 GPUVA 0x10002490000 cpu 10d7ac000
[mtlr]   out: 0000010002490000 000000010d7ac000 0000000104721940 0000000000000000
[mtlr]   out: 0000007700000000 0000000000004000 0000000034120757 0000000000016028
[mtlr] resource2 sel8 flags 470 sz 0x1000 -> kr 0x00000000 rid 119 GPUVA 0x10002490000 cpu 10d7ac000
[mtlr]   out: 0000010002490000 000000010d7ac000 0000000104721940 0000000000000000
[mtlr]   out: 0000007700000000 0000000000004000 0000000034120758 0000000000016029
[mtlr] resource2 sel8 flags 470 sz 0x1000 -> kr 0x00000000 rid 119 GPUVA 0x10002490000 cpu 10d7ac000
[mtlr]   out: 0000010002490000 000000010d7ac000 0000000104721940 0000000000000000
[mtlr]   out: 0000007700000000 0000000000004000 0000000034120759 000000000001602a
[mtlr] resource2 sel8 flags 470 sz 0x1000 -> kr 0x00000000 rid 119 GPUVA 0x10002490000 cpu 10d7ac000
[mtlr]   out: 0000010002490000 000000010d7ac000 0000000104721940 0000000000000000
[mtlr]   out: 0000007700000000 0000000000004000 000000003412075a 000000000001602b
[mtlr] resource2 sel8 flags 470 sz 0x1000 -> kr 0x00000000 rid 119 GPUVA 0x10002490000 cpu 10d7ac000
[mtlr]   out: 0000010002490000 000000010d7ac000 0000000104721940 0000000000000000
[mtlr]   out: 0000007700000000 0000000000004000 000000003412075b 000000000001602c
[mtlr] resource2 sel8 flags 470 sz 0x1000 -> kr 0x00000000 rid 119 GPUVA 0x10002490000 cpu 10d7ac000
[mtlr]   out: 0000010002490000 000000010d7ac000 0000000104721940 0000000000000000
[mtlr]   out: 0000007700000000 0000000000004000 000000003412075c 000000000001602d
[mtlr] resource2 sel8 flags 470 sz 0x1000 -> kr 0x00000000 rid 119 GPUVA 0x10002490000 cpu 10d7ac000
[mtlr]   out: 0000010002490000 000000010d7ac000 0000000104721940 0000000000000000
[mtlr]   out: 0000007700000000 0000000000004000 000000003412075d 000000000001602e
[mtlr] resource2 sel8 flags 470 sz 0x1000 -> kr 0x00000000 rid 119 GPUVA 0x10002490000 cpu 10d7ac000
[mtlr]   out: 0000010002490000 000000010d7ac000 0000000104721940 0000000000000000
[mtlr]   out: 0000007700000000 0000000000004000 000000003412075e 000000000001602f
[mtlr] resource2 sel8 flags 470 sz 0x1000 -> kr 0x00000000 rid 119 GPUVA 0x10002490000 cpu 10d7ac000
[mtlr]   out: 0000010002490000 000000010d7ac000 0000000104721940 0000000000000000
[mtlr]   out: 0000007700000000 0000000000004000 000000003412075f 0000000000016030
[mtlr] resource2 sel8 flags 470 sz 0x1000 -> kr 0x00000000 rid 119 GPUVA 0x10002490000 cpu 10d7ac000
[mtlr]   out: 0000010002490000 000000010d7ac000 0000000104721940 0000000000000000
[mtlr]   out: 0000007700000000 0000000000004000 0000000034120760 0000000000016031
[mtlr] resource2 sel8 flags 470 sz 0x1000 -> kr 0x00000000 rid 119 GPUVA 0x10002490000 cpu 10d7ac000
[mtlr]   out: 0000010002490000 000000010d7ac000 0000000104721940 0000000000000000
[mtlr]   out: 0000007700000000 0000000000004000 0000000034120761 0000000000016032
[mtlr] resource2 sel8 flags 470 sz 0x1000 -> kr 0x00000000 rid 119 GPUVA 0x10002490000 cpu 10d7ac000
[mtlr]   out: 0000010002490000 000000010d7ac000 0000000104721940 0000000000000000
[mtlr]   out: 0000007700000000 0000000000004000 0000000034120762 0000000000016033
[uatrec] S4 r3 (+0s): nvv 8 ncb 8 vsz 0x100000 fill 0x0 destroy0 kr 0x00000000 nj 40
[uatrec] S4 r3 blit[0] slots 7 ridp 1
[uatrec] S4 r3 blit[1] slots 7 ridp 1
[uatrec] S4 r3 blit[2] slots 7 ridp 1
[uatrec] S4 r3 blit[3] slots 8 ridp 1
[uatrec] S4 r3 blit[4] slots 7 ridp 1
[uatrec] S4 r3 blit[5] slots 7 ridp 1
[uatrec] S4 r3 blit[6] slots 7 ridp 1
[uatrec] S4 r3 blit[7] slots 7 ridp 1
[mtlr] resource2 sel8 flags 470 sz 0x100000 -> kr 0x00000000 rid 119 GPUVA 0x10002490000 cpu 10cda0000
[mtlr]   out: 0000010002490000 000000010cda0000 0000000104721940 0000000000000000
[mtlr]   out: 0000007700000000 0000000000100000 000000003412082c 0000000000016036
[uatrec] S4 r4 victim[0] rid 119 gpuva 0x10002490000 cpu 0x10cda0000 (top-of-stack)
[mtlr] resource2 sel8 flags 470 sz 0x100000 -> kr 0x00000000 rid 120 GPUVA 0x10002598000 cpu 10d0a0000
[mtlr]   out: 0000010002598000 000000010d0a0000 0000000104721a00 0000000000000000
[mtlr]   out: 0000007800000000 0000000000100000 000000003412082d 0000000000016037
[uatrec] S4 r4 victim[1] rid 120 gpuva 0x10002598000 cpu 0x10d0a0000 (top-of-stack)
[mtlr] resource2 sel8 flags 470 sz 0x100000 -> kr 0x00000000 rid 121 GPUVA 0x100026a0000 cpu 10d1a0000
[mtlr]   out: 00000100026a0000 000000010d1a0000 0000000104721ac0 0000000000000000
[mtlr]   out: 0000007900000000 0000000000100000 000000003412082e 0000000000016038
[uatrec] S4 r4 victim[2] rid 121 gpuva 0x100026a0000 cpu 0x10d1a0000 (top-of-stack)
[mtlr] resource2 sel8 flags 470 sz 0x100000 -> kr 0x00000000 rid 122 GPUVA 0x100027a8000 cpu 10c6a0000
[mtlr]   out: 00000100027a8000 000000010c6a0000 0000000104721b80 0000000000000000
[mtlr]   out: 0000007a00000000 0000000000100000 000000003412082f 0000000000016039
[uatrec] S4 r4 victim[3] rid 122 gpuva 0x100027a8000 cpu 0x10c6a0000 (top-of-stack)
[mtlr] resource2 sel8 flags 470 sz 0x100000 -> kr 0x00000000 rid 123 GPUVA 0x100028b0000 cpu 10c7a0000
[mtlr]   out: 00000100028b0000 000000010c7a0000 0000000104721c40 0000000000000000
[mtlr]   out: 0000007b00000000 0000000000100000 0000000034120830 000000000001603a
[uatrec] S4 r4 victim[4] rid 123 gpuva 0x100028b0000 cpu 0x10c7a0000 (top-of-stack)
[mtlr] resource2 sel8 flags 470 sz 0x100000 -> kr 0x00000000 rid 124 GPUVA 0x100029b8000 cpu 10c8a0000
[mtlr]   out: 00000100029b8000 000000010c8a0000 0000000104721d00 0000000000000000
[mtlr]   out: 0000007c00000000 0000000000100000 0000000034120838 000000000001603b
[uatrec] S4 r4 victim[5] rid 124 gpuva 0x100029b8000 cpu 0x10c8a0000 (top-of-stack)
[mtlr] resource2 sel8 flags 470 sz 0x100000 -> kr 0x00000000 rid 125 GPUVA 0x10002ac0000 cpu 10c9a0000
[mtlr]   out: 0000010002ac0000 000000010c9a0000 0000000104721dc0 0000000000000000
[mtlr]   out: 0000007d00000000 0000000000100000 0000000034120839 000000000001603c
[uatrec] S4 r4 victim[6] rid 125 gpuva 0x10002ac0000 cpu 0x10c9a0000 (top-of-stack)
[mtlr] resource2 sel8 flags 470 sz 0x100000 -> kr 0x00000000 rid 126 GPUVA 0x10002bc8000 cpu 10caa0000
[mtlr]   out: 0000010002bc8000 000000010caa0000 0000000104721e80 0000000000000000
[mtlr]   out: 0000007e00000000 0000000000100000 000000003412083a 000000000001603d
[uatrec] S4 r4 victim[7] rid 126 gpuva 0x10002bc8000 cpu 0x10caa0000 (top-of-stack)
[mtlr] resource2 sel8 flags 470 sz 0x1000 -> kr 0x00000000 rid 119 GPUVA 0x10002490000 cpu 10d7ac000
[mtlr]   out: 0000010002490000 000000010d7ac000 0000000104721940 0000000000000000
[mtlr]   out: 0000007700000000 0000000000004000 000000003412084c 0000000000016047
[mtlr] resource2 sel8 flags 470 sz 0x1000 -> kr 0x00000000 rid 119 GPUVA 0x10002490000 cpu 10d7ac000
[mtlr]   out: 0000010002490000 000000010d7ac000 0000000104721940 0000000000000000
[mtlr]   out: 0000007700000000 0000000000004000 000000003412084d 0000000000016048
[mtlr] resource2 sel8 flags 470 sz 0x1000 -> kr 0x00000000 rid 119 GPUVA 0x10002490000 cpu 10d7ac000
[mtlr]   out: 0000010002490000 000000010d7ac000 0000000104721940 0000000000000000
[mtlr]   out: 0000007700000000 0000000000004000 000000003412084e 0000000000016049
[mtlr] resource2 sel8 flags 470 sz 0x1000 -> kr 0x00000000 rid 119 GPUVA 0x10002490000 cpu 10d7ac000
[mtlr]   out: 0000010002490000 000000010d7ac000 0000000104721940 0000000000000000
[mtlr]   out: 0000007700000000 0000000000004000 000000003412084f 000000000001604a
[mtlr] resource2 sel8 flags 470 sz 0x1000 -> kr 0x00000000 rid 119 GPUVA 0x10002490000 cpu 10d7ac000
[mtlr]   out: 0000010002490000 000000010d7ac000 0000000104721940 0000000000000000
[mtlr]   out: 0000007700000000 0000000000004000 0000000034120850 000000000001604b
[mtlr] resource2 sel8 flags 470 sz 0x1000 -> kr 0x00000000 rid 119 GPUVA 0x10002490000 cpu 10d7ac000
[mtlr]   out: 0000010002490000 000000010d7ac000 0000000104721940 0000000000000000
[mtlr]   out: 0000007700000000 0000000000004000 0000000034120851 000000000001604c
[mtlr] resource2 sel8 flags 470 sz 0x1000 -> kr 0x00000000 rid 119 GPUVA 0x10002490000 cpu 10d7ac000
[mtlr]   out: 0000010002490000 000000010d7ac000 0000000104721940 0000000000000000
[mtlr]   out: 0000007700000000 0000000000004000 0000000034120852 000000000001604d
[mtlr] resource2 sel8 flags 470 sz 0x1000 -> kr 0x00000000 rid 119 GPUVA 0x10002490000 cpu 10d7ac000
[mtlr]   out: 0000010002490000 000000010d7ac000 0000000104721940 0000000000000000
[mtlr]   out: 0000007700000000 0000000000004000 0000000034120853 000000000001604e
[mtlr] resource2 sel8 flags 470 sz 0x1000 -> kr 0x00000000 rid 119 GPUVA 0x10002490000 cpu 10d7ac000
[mtlr]   out: 0000010002490000 000000010d7ac000 0000000104721940 0000000000000000
[mtlr]   out: 0000007700000000 0000000000004000 0000000034120854 000000000001604f
[mtlr] resource2 sel8 flags 470 sz 0x1000 -> kr 0x00000000 rid 119 GPUVA 0x10002490000 cpu 10d7ac000
[mtlr]   out: 0000010002490000 000000010d7ac000 0000000104721940 0000000000000000
[mtlr]   out: 0000007700000000 0000000000004000 0000000034120855 0000000000016050
[mtlr] resource2 sel8 flags 470 sz 0x1000 -> kr 0x00000000 rid 119 GPUVA 0x10002490000 cpu 10d7ac000
[mtlr]   out: 0000010002490000 000000010d7ac000 0000000104721940 0000000000000000
[mtlr]   out: 0000007700000000 0000000000004000 0000000034120856 0000000000016051
[mtlr] resource2 sel8 flags 470 sz 0x1000 -> kr 0x00000000 rid 119 GPUVA 0x10002490000 cpu 10d7ac000
[mtlr]   out: 0000010002490000 000000010d7ac000 0000000104721940 0000000000000000
[mtlr]   out: 0000007700000000 0000000000004000 0000000034120857 0000000000016052
[mtlr] resource2 sel8 flags 470 sz 0x1000 -> kr 0x00000000 rid 119 GPUVA 0x10002490000 cpu 10d7ac000
[mtlr]   out: 0000010002490000 000000010d7ac000 0000000104721940 0000000000000000
[mtlr]   out: 0000007700000000 0000000000004000 0000000034120858 0000000000016053
[mtlr] resource2 sel8 flags 470 sz 0x1000 -> kr 0x00000000 rid 119 GPUVA 0x10002490000 cpu 10d7ac000
[mtlr]   out: 0000010002490000 000000010d7ac000 0000000104721940 0000000000000000
[mtlr]   out: 0000007700000000 0000000000004000 0000000034120859 0000000000016054
[mtlr] resource2 sel8 flags 470 sz 0x1000 -> kr 0x00000000 rid 119 GPUVA 0x10002490000 cpu 10d7ac000
[mtlr]   out: 0000010002490000 000000010d7ac000 0000000104721940 0000000000000000
[mtlr]   out: 0000007700000000 0000000000004000 000000003412085a 0000000000016055
[mtlr] resource2 sel8 flags 470 sz 0x1000 -> kr 0x00000000 rid 119 GPUVA 0x10002490000 cpu 10d7ac000
[mtlr]   out: 0000010002490000 000000010d7ac000 0000000104721940 0000000000000000
[mtlr]   out: 0000007700000000 0000000000004000 000000003412085b 0000000000016056
[mtlr] resource2 sel8 flags 470 sz 0x1000 -> kr 0x00000000 rid 119 GPUVA 0x10002490000 cpu 10d7ac000
[mtlr]   out: 0000010002490000 000000010d7ac000 0000000104721940 0000000000000000
[mtlr]   out: 0000007700000000 0000000000004000 000000003412085c 0000000000016057
[mtlr] resource2 sel8 flags 470 sz 0x1000 -> kr 0x00000000 rid 119 GPUVA 0x10002490000 cpu 10d7ac000
[mtlr]   out: 0000010002490000 000000010d7ac000 0000000104721940 0000000000000000
[mtlr]   out: 0000007700000000 0000000000004000 000000003412085d 0000000000016058
[mtlr] resource2 sel8 flags 470 sz 0x1000 -> kr 0x00000000 rid 119 GPUVA 0x10002490000 cpu 10d7ac000
[mtlr]   out: 0000010002490000 000000010d7ac000 0000000104721940 0000000000000000
[mtlr]   out: 0000007700000000 0000000000004000 000000003412085e 0000000000016059
[mtlr] resource2 sel8 flags 470 sz 0x1000 -> kr 0x00000000 rid 119 GPUVA 0x10002490000 cpu 10d7ac000
[mtlr]   out: 0000010002490000 000000010d7ac000 0000000104721940 0000000000000000
[mtlr]   out: 0000007700000000 0000000000004000 000000003412085f 000000000001605a
[mtlr] resource2 sel8 flags 470 sz 0x1000 -> kr 0x00000000 rid 119 GPUVA 0x10002490000 cpu 10d7ac000
[mtlr]   out: 0000010002490000 000000010d7ac000 0000000104721940 0000000000000000
[mtlr]   out: 0000007700000000 0000000000004000 0000000034120860 000000000001605b
[mtlr] resource2 sel8 flags 470 sz 0x1000 -> kr 0x00000000 rid 119 GPUVA 0x10002490000 cpu 10d7ac000
[mtlr]   out: 0000010002490000 000000010d7ac000 0000000104721940 0000000000000000
[mtlr]   out: 0000007700000000 0000000000004000 0000000034120861 000000000001605c
[mtlr] resource2 sel8 flags 470 sz 0x1000 -> kr 0x00000000 rid 119 GPUVA 0x10002490000 cpu 10d7ac000
[mtlr]   out: 0000010002490000 000000010d7ac000 0000000104721940 0000000000000000
[mtlr]   out: 0000007700000000 0000000000004000 0000000034120862 000000000001605d
[mtlr] resource2 sel8 flags 470 sz 0x1000 -> kr 0x00000000 rid 119 GPUVA 0x10002490000 cpu 10d7ac000
[mtlr]   out: 0000010002490000 000000010d7ac000 0000000104721940 0000000000000000
[mtlr]   out: 0000007700000000 0000000000004000 0000000034120863 000000000001605e
[mtlr] resource2 sel8 flags 470 sz 0x1000 -> kr 0x00000000 rid 119 GPUVA 0x10002490000 cpu 10d7ac000
[mtlr]   out: 0000010002490000 000000010d7ac000 0000000104721940 0000000000000000
[mtlr]   out: 0000007700000000 0000000000004000 0000000034120864 000000000001605f
[mtlr] resource2 sel8 flags 470 sz 0x1000 -> kr 0x00000000 rid 119 GPUVA 0x10002490000 cpu 10d7ac000
[mtlr]   out: 0000010002490000 000000010d7ac000 0000000104721940 0000000000000000
[mtlr]   out: 0000007700000000 0000000000004000 0000000034120865 0000000000016060
[mtlr] resource2 sel8 flags 470 sz 0x1000 -> kr 0x00000000 rid 119 GPUVA 0x10002490000 cpu 10d7ac000
[mtlr]   out: 0000010002490000 000000010d7ac000 0000000104721940 0000000000000000
[mtlr]   out: 0000007700000000 0000000000004000 0000000034120866 0000000000016061
[mtlr] resource2 sel8 flags 470 sz 0x1000 -> kr 0x00000000 rid 119 GPUVA 0x10002490000 cpu 10d7ac000
[mtlr]   out: 0000010002490000 000000010d7ac000 0000000104721940 0000000000000000
[mtlr]   out: 0000007700000000 0000000000004000 0000000034120867 0000000000016062
[mtlr] resource2 sel8 flags 470 sz 0x1000 -> kr 0x00000000 rid 119 GPUVA 0x10002490000 cpu 10d7ac000
[mtlr]   out: 0000010002490000 000000010d7ac000 0000000104721940 0000000000000000
[mtlr]   out: 0000007700000000 0000000000004000 000000003412086a 0000000000016063
[mtlr] resource2 sel8 flags 470 sz 0x1000 -> kr 0x00000000 rid 119 GPUVA 0x10002490000 cpu 10d7ac000
[mtlr]   out: 0000010002490000 000000010d7ac000 0000000104721940 0000000000000000
[mtlr]   out: 0000007700000000 0000000000004000 000000003412086b 0000000000016064
[mtlr] resource2 sel8 flags 470 sz 0x1000 -> kr 0x00000000 rid 119 GPUVA 0x10002490000 cpu 10d7ac000
[mtlr]   out: 0000010002490000 000000010d7ac000 0000000104721940 0000000000000000
[mtlr]   out: 0000007700000000 0000000000004000 000000003412086e 0000000000016065
[mtlr] resource2 sel8 flags 470 sz 0x1000 -> kr 0x00000000 rid 119 GPUVA 0x10002490000 cpu 10d7ac000
[mtlr]   out: 0000010002490000 000000010d7ac000 0000000104721940 0000000000000000
[mtlr]   out: 0000007700000000 0000000000004000 0000000034120877 0000000000016066
[mtlr] resource2 sel8 flags 470 sz 0x1000 -> kr 0x00000000 rid 119 GPUVA 0x10002490000 cpu 10d7ac000
[mtlr]   out: 0000010002490000 000000010d7ac000 0000000104721940 0000000000000000
[mtlr]   out: 0000007700000000 0000000000004000 000000003412087c 0000000000016067
[mtlr] resource2 sel8 flags 470 sz 0x1000 -> kr 0x00000000 rid 119 GPUVA 0x10002490000 cpu 10d7ac000
[mtlr]   out: 0000010002490000 000000010d7ac000 0000000104721940 0000000000000000
[mtlr]   out: 0000007700000000 0000000000004000 0000000034120880 0000000000016068
[mtlr] resource2 sel8 flags 470 sz 0x1000 -> kr 0x00000000 rid 119 GPUVA 0x10002490000 cpu 10d7ac000
[mtlr]   out: 0000010002490000 000000010d7ac000 0000000104721940 0000000000000000
[mtlr]   out: 0000007700000000 0000000000004000 0000000034120885 0000000000016069
[mtlr] resource2 sel8 flags 470 sz 0x1000 -> kr 0x00000000 rid 119 GPUVA 0x10002490000 cpu 10d7ac000
[mtlr]   out: 0000010002490000 000000010d7ac000 0000000104721940 0000000000000000
[mtlr]   out: 0000007700000000 0000000000004000 000000003412088a 000000000001606a
[mtlr] resource2 sel8 flags 470 sz 0x1000 -> kr 0x00000000 rid 119 GPUVA 0x10002490000 cpu 10d7ac000
[mtlr]   out: 0000010002490000 000000010d7ac000 0000000104721940 0000000000000000
[mtlr]   out: 0000007700000000 0000000000004000 000000003412088e 000000000001606b
[mtlr] resource2 sel8 flags 470 sz 0x1000 -> kr 0x00000000 rid 119 GPUVA 0x10002490000 cpu 10d7ac000
[mtlr]   out: 0000010002490000 000000010d7ac000 0000000104721940 0000000000000000
[mtlr]   out: 0000007700000000 0000000000004000 0000000034120894 000000000001606c
[mtlr] resource2 sel8 flags 470 sz 0x1000 -> kr 0x00000000 rid 119 GPUVA 0x10002490000 cpu 10d7ac000
[mtlr]   out: 0000010002490000 000000010d7ac000 0000000104721940 0000000000000000
[mtlr]   out: 0000007700000000 0000000000004000 0000000034120897 000000000001606d
[mtlr] resource2 sel8 flags 470 sz 0x1000 -> kr 0x00000000 rid 119 GPUVA 0x10002490000 cpu 10d7ac000
[mtlr]   out: 0000010002490000 000000010d7ac000 0000000104721940 0000000000000000
[mtlr]   out: 0000007700000000 0000000000004000 000000003412089c 000000000001606e
[uatrec] S4 r4 (+0s): nvv 8 ncb 8 vsz 0x100000 fill 0x0 destroy0 kr 0x00000000 nj 40
[uatrec] S4 r4 blit[0] slots 7 ridp 1
[uatrec] S4 r4 blit[1] slots 7 ridp 1
[uatrec] S4 r4 blit[2] slots 7 ridp 1
[uatrec] S4 r4 blit[3] slots 7 ridp 1
[uatrec] S4 r4 blit[4] slots 7 ridp 1
[uatrec] S4 r4 blit[5] slots 8 ridp 1
[uatrec] S4 r4 blit[6] slots 7 ridp 1
[uatrec] S4 r4 blit[7] slots 7 ridp 1
[mtlr] resource2 sel8 flags 470 sz 0x100000 -> kr 0x00000000 rid 119 GPUVA 0x10002490000 cpu 10d6ac000
[mtlr]   out: 0000010002490000 000000010d6ac000 0000000104721940 0000000000000000
[mtlr]   out: 0000007700000000 0000000000100000 000000003412093f 0000000000016071
[uatrec] S4 r5 victim[0] rid 119 gpuva 0x10002490000 cpu 0x10d6ac000 (top-of-stack)
[mtlr] resource2 sel8 flags 470 sz 0x100000 -> kr 0x00000000 rid 120 GPUVA 0x10002598000 cpu 10d7ac000
[mtlr]   out: 0000010002598000 000000010d7ac000 0000000104721a00 0000000000000000
[mtlr]   out: 0000007800000000 0000000000100000 0000000034120940 0000000000016072
[uatrec] S4 r5 victim[1] rid 120 gpuva 0x10002598000 cpu 0x10d7ac000 (top-of-stack)
[mtlr] resource2 sel8 flags 470 sz 0x100000 -> kr 0x00000000 rid 121 GPUVA 0x100026a0000 cpu 10d8ac000
[mtlr]   out: 00000100026a0000 000000010d8ac000 0000000104721ac0 0000000000000000
[mtlr]   out: 0000007900000000 0000000000100000 0000000034120941 0000000000016073
[uatrec] S4 r5 victim[2] rid 121 gpuva 0x100026a0000 cpu 0x10d8ac000 (top-of-stack)
[mtlr] resource2 sel8 flags 470 sz 0x100000 -> kr 0x00000000 rid 122 GPUVA 0x100027a8000 cpu 10d9ac000
[mtlr]   out: 00000100027a8000 000000010d9ac000 0000000104721b80 0000000000000000
[mtlr]   out: 0000007a00000000 0000000000100000 0000000034120942 0000000000016074
[uatrec] S4 r5 victim[3] rid 122 gpuva 0x100027a8000 cpu 0x10d9ac000 (top-of-stack)
[mtlr] resource2 sel8 flags 470 sz 0x100000 -> kr 0x00000000 rid 123 GPUVA 0x100028b0000 cpu 10daac000
[mtlr]   out: 00000100028b0000 000000010daac000 0000000104721c40 0000000000000000
[mtlr]   out: 0000007b00000000 0000000000100000 000000003412094a 0000000000016075
[uatrec] S4 r5 victim[4] rid 123 gpuva 0x100028b0000 cpu 0x10daac000 (top-of-stack)
[mtlr] resource2 sel8 flags 470 sz 0x100000 -> kr 0x00000000 rid 124 GPUVA 0x100029b8000 cpu 10dbac000
[mtlr]   out: 00000100029b8000 000000010dbac000 0000000104721d00 0000000000000000
[mtlr]   out: 0000007c00000000 0000000000100000 000000003412094b 0000000000016076
[uatrec] S4 r5 victim[5] rid 124 gpuva 0x100029b8000 cpu 0x10dbac000 (top-of-stack)
[mtlr] resource2 sel8 flags 470 sz 0x100000 -> kr 0x00000000 rid 125 GPUVA 0x10002ac0000 cpu 10dcac000
[mtlr]   out: 0000010002ac0000 000000010dcac000 0000000104721dc0 0000000000000000
[mtlr]   out: 0000007d00000000 0000000000100000 000000003412094c 0000000000016077
[uatrec] S4 r5 victim[6] rid 125 gpuva 0x10002ac0000 cpu 0x10dcac000 (top-of-stack)
[mtlr] resource2 sel8 flags 470 sz 0x100000 -> kr 0x00000000 rid 126 GPUVA 0x10002bc8000 cpu 10ddac000
[mtlr]   out: 0000010002bc8000 000000010ddac000 0000000104721e80 0000000000000000
[mtlr]   out: 0000007e00000000 0000000000100000 000000003412094d 0000000000016078
[uatrec] S4 r5 victim[7] rid 126 gpuva 0x10002bc8000 cpu 0x10ddac000 (top-of-stack)
[mtlr] resource2 sel8 flags 470 sz 0x1000 -> kr 0x00000000 rid 119 GPUVA 0x10002490000 cpu 10e5ac000
[mtlr]   out: 0000010002490000 000000010e5ac000 0000000104721940 0000000000000000
[mtlr]   out: 0000007700000000 0000000000004000 0000000034120993 0000000000016082
[mtlr] resource2 sel8 flags 470 sz 0x1000 -> kr 0x00000000 rid 119 GPUVA 0x10002490000 cpu 10e5ac000
[mtlr]   out: 0000010002490000 000000010e5ac000 0000000104721940 0000000000000000
[mtlr]   out: 0000007700000000 0000000000004000 0000000034120994 0000000000016083
[mtlr] resource2 sel8 flags 470 sz 0x1000 -> kr 0x00000000 rid 119 GPUVA 0x10002490000 cpu 10e5ac000
[mtlr]   out: 0000010002490000 000000010e5ac000 0000000104721940 0000000000000000
[mtlr]   out: 0000007700000000 0000000000004000 0000000034120995 0000000000016084
[mtlr] resource2 sel8 flags 470 sz 0x1000 -> kr 0x00000000 rid 119 GPUVA 0x10002490000 cpu 10e5ac000
[mtlr]   out: 0000010002490000 000000010e5ac000 0000000104721940 0000000000000000
[mtlr]   out: 0000007700000000 0000000000004000 0000000034120996 0000000000016085
[mtlr] resource2 sel8 flags 470 sz 0x1000 -> kr 0x00000000 rid 119 GPUVA 0x10002490000 cpu 10e5ac000
[mtlr]   out: 0000010002490000 000000010e5ac000 0000000104721940 0000000000000000
[mtlr]   out: 0000007700000000 0000000000004000 0000000034120997 0000000000016086
[mtlr] resource2 sel8 flags 470 sz 0x1000 -> kr 0x00000000 rid 119 GPUVA 0x10002490000 cpu 10e5ac000
[mtlr]   out: 0000010002490000 000000010e5ac000 0000000104721940 0000000000000000
[mtlr]   out: 0000007700000000 0000000000004000 0000000034120998 0000000000016087
[mtlr] resource2 sel8 flags 470 sz 0x1000 -> kr 0x00000000 rid 119 GPUVA 0x10002490000 cpu 10e5ac000
[mtlr]   out: 0000010002490000 000000010e5ac000 0000000104721940 0000000000000000
[mtlr]   out: 0000007700000000 0000000000004000 0000000034120999 0000000000016088
[mtlr] resource2 sel8 flags 470 sz 0x1000 -> kr 0x00000000 rid 119 GPUVA 0x10002490000 cpu 10e5ac000
[mtlr]   out: 0000010002490000 000000010e5ac000 0000000104721940 0000000000000000
[mtlr]   out: 0000007700000000 0000000000004000 000000003412099a 0000000000016089
[mtlr] resource2 sel8 flags 470 sz 0x1000 -> kr 0x00000000 rid 119 GPUVA 0x10002490000 cpu 10e5ac000
[mtlr]   out: 0000010002490000 000000010e5ac000 0000000104721940 0000000000000000
[mtlr]   out: 0000007700000000 0000000000004000 000000003412099b 000000000001608a
[mtlr] resource2 sel8 flags 470 sz 0x1000 -> kr 0x00000000 rid 119 GPUVA 0x10002490000 cpu 10e5ac000
[mtlr]   out: 0000010002490000 000000010e5ac000 0000000104721940 0000000000000000
[mtlr]   out: 0000007700000000 0000000000004000 000000003412099c 000000000001608b
[mtlr] resource2 sel8 flags 470 sz 0x1000 -> kr 0x00000000 rid 119 GPUVA 0x10002490000 cpu 10e5ac000
[mtlr]   out: 0000010002490000 000000010e5ac000 0000000104721940 0000000000000000
[mtlr]   out: 0000007700000000 0000000000004000 000000003412099d 000000000001608c
[mtlr] resource2 sel8 flags 470 sz 0x1000 -> kr 0x00000000 rid 119 GPUVA 0x10002490000 cpu 10e5ac000
[mtlr]   out: 0000010002490000 000000010e5ac000 0000000104721940 0000000000000000
[mtlr]   out: 0000007700000000 0000000000004000 000000003412099e 000000000001608d
[mtlr] resource2 sel8 flags 470 sz 0x1000 -> kr 0x00000000 rid 119 GPUVA 0x10002490000 cpu 10e5ac000
[mtlr]   out: 0000010002490000 000000010e5ac000 0000000104721940 0000000000000000
[mtlr]   out: 0000007700000000 0000000000004000 000000003412099f 000000000001608e
[mtlr] resource2 sel8 flags 470 sz 0x1000 -> kr 0x00000000 rid 119 GPUVA 0x10002490000 cpu 10e5ac000
[mtlr]   out: 0000010002490000 000000010e5ac000 0000000104721940 0000000000000000
[mtlr]   out: 0000007700000000 0000000000004000 00000000341209a0 000000000001608f
[mtlr] resource2 sel8 flags 470 sz 0x1000 -> kr 0x00000000 rid 119 GPUVA 0x10002490000 cpu 10e5ac000
[mtlr]   out: 0000010002490000 000000010e5ac000 0000000104721940 0000000000000000
[mtlr]   out: 0000007700000000 0000000000004000 00000000341209a1 0000000000016090
[mtlr] resource2 sel8 flags 470 sz 0x1000 -> kr 0x00000000 rid 119 GPUVA 0x10002490000 cpu 10e5ac000
[mtlr]   out: 0000010002490000 000000010e5ac000 0000000104721940 0000000000000000
[mtlr]   out: 0000007700000000 0000000000004000 00000000341209a2 0000000000016091
[mtlr] resource2 sel8 flags 470 sz 0x1000 -> kr 0x00000000 rid 119 GPUVA 0x10002490000 cpu 10e5ac000
[mtlr]   out: 0000010002490000 000000010e5ac000 0000000104721940 0000000000000000
[mtlr]   out: 0000007700000000 0000000000004000 00000000341209a3 0000000000016092
[mtlr] resource2 sel8 flags 470 sz 0x1000 -> kr 0x00000000 rid 119 GPUVA 0x10002490000 cpu 10e5ac000
[mtlr]   out: 0000010002490000 000000010e5ac000 0000000104721940 0000000000000000
[mtlr]   out: 0000007700000000 0000000000004000 00000000341209a4 0000000000016093
[mtlr] resource2 sel8 flags 470 sz 0x1000 -> kr 0x00000000 rid 119 GPUVA 0x10002490000 cpu 10e5ac000
[mtlr]   out: 0000010002490000 000000010e5ac000 0000000104721940 0000000000000000
[mtlr]   out: 0000007700000000 0000000000004000 00000000341209a5 0000000000016094
[mtlr] resource2 sel8 flags 470 sz 0x1000 -> kr 0x00000000 rid 119 GPUVA 0x10002490000 cpu 10e5ac000
[mtlr]   out: 0000010002490000 000000010e5ac000 0000000104721940 0000000000000000
[mtlr]   out: 0000007700000000 0000000000004000 00000000341209a6 0000000000016095
[mtlr] resource2 sel8 flags 470 sz 0x1000 -> kr 0x00000000 rid 119 GPUVA 0x10002490000 cpu 10e5ac000
[mtlr]   out: 0000010002490000 000000010e5ac000 0000000104721940 0000000000000000
[mtlr]   out: 0000007700000000 0000000000004000 00000000341209a7 0000000000016096
[mtlr] resource2 sel8 flags 470 sz 0x1000 -> kr 0x00000000 rid 119 GPUVA 0x10002490000 cpu 10e5ac000
[mtlr]   out: 0000010002490000 000000010e5ac000 0000000104721940 0000000000000000
[mtlr]   out: 0000007700000000 0000000000004000 00000000341209a8 0000000000016097
[mtlr] resource2 sel8 flags 470 sz 0x1000 -> kr 0x00000000 rid 119 GPUVA 0x10002490000 cpu 10e5ac000
[mtlr]   out: 0000010002490000 000000010e5ac000 0000000104721940 0000000000000000
[mtlr]   out: 0000007700000000 0000000000004000 00000000341209a9 0000000000016098
[mtlr] resource2 sel8 flags 470 sz 0x1000 -> kr 0x00000000 rid 119 GPUVA 0x10002490000 cpu 10e5ac000
[mtlr]   out: 0000010002490000 000000010e5ac000 0000000104721940 0000000000000000
[mtlr]   out: 0000007700000000 0000000000004000 00000000341209aa 0000000000016099
[mtlr] resource2 sel8 flags 470 sz 0x1000 -> kr 0x00000000 rid 119 GPUVA 0x10002490000 cpu 10e5ac000
[mtlr]   out: 0000010002490000 000000010e5ac000 0000000104721940 0000000000000000
[mtlr]   out: 0000007700000000 0000000000004000 00000000341209ab 000000000001609a
[mtlr] resource2 sel8 flags 470 sz 0x1000 -> kr 0x00000000 rid 119 GPUVA 0x10002490000 cpu 10e5ac000
[mtlr]   out: 0000010002490000 000000010e5ac000 0000000104721940 0000000000000000
[mtlr]   out: 0000007700000000 0000000000004000 00000000341209ac 000000000001609b
[mtlr] resource2 sel8 flags 470 sz 0x1000 -> kr 0x00000000 rid 119 GPUVA 0x10002490000 cpu 10e5ac000
[mtlr]   out: 0000010002490000 000000010e5ac000 0000000104721940 0000000000000000
[mtlr]   out: 0000007700000000 0000000000004000 00000000341209ad 000000000001609c
[mtlr] resource2 sel8 flags 470 sz 0x1000 -> kr 0x00000000 rid 119 GPUVA 0x10002490000 cpu 10e5ac000
[mtlr]   out: 0000010002490000 000000010e5ac000 0000000104721940 0000000000000000
[mtlr]   out: 0000007700000000 0000000000004000 00000000341209ae 000000000001609d
[mtlr] resource2 sel8 flags 470 sz 0x1000 -> kr 0x00000000 rid 119 GPUVA 0x10002490000 cpu 10e5ac000
[mtlr]   out: 0000010002490000 000000010e5ac000 0000000104721940 0000000000000000
[mtlr]   out: 0000007700000000 0000000000004000 00000000341209af 000000000001609e
[mtlr] resource2 sel8 flags 470 sz 0x1000 -> kr 0x00000000 rid 119 GPUVA 0x10002490000 cpu 10e5ac000
[mtlr]   out: 0000010002490000 000000010e5ac000 0000000104721940 0000000000000000
[mtlr]   out: 0000007700000000 0000000000004000 00000000341209b0 000000000001609f
[mtlr] resource2 sel8 flags 470 sz 0x1000 -> kr 0x00000000 rid 119 GPUVA 0x10002490000 cpu 10e5ac000
[mtlr]   out: 0000010002490000 000000010e5ac000 0000000104721940 0000000000000000
[mtlr]   out: 0000007700000000 0000000000004000 00000000341209b1 00000000000160a0
[mtlr] resource2 sel8 flags 470 sz 0x1000 -> kr 0x00000000 rid 119 GPUVA 0x10002490000 cpu 10e5ac000
[mtlr]   out: 0000010002490000 000000010e5ac000 0000000104721940 0000000000000000
[mtlr]   out: 0000007700000000 0000000000004000 00000000341209b2 00000000000160a1
[mtlr] resource2 sel8 flags 470 sz 0x1000 -> kr 0x00000000 rid 119 GPUVA 0x10002490000 cpu 10e5ac000
[mtlr]   out: 0000010002490000 000000010e5ac000 0000000104721940 0000000000000000
[mtlr]   out: 0000007700000000 0000000000004000 00000000341209b3 00000000000160a2
[mtlr] resource2 sel8 flags 470 sz 0x1000 -> kr 0x00000000 rid 119 GPUVA 0x10002490000 cpu 10e5ac000
[mtlr]   out: 0000010002490000 000000010e5ac000 0000000104721940 0000000000000000
[mtlr]   out: 0000007700000000 0000000000004000 00000000341209b4 00000000000160a3
[mtlr] resource2 sel8 flags 470 sz 0x1000 -> kr 0x00000000 rid 119 GPUVA 0x10002490000 cpu 10e5ac000
[mtlr]   out: 0000010002490000 000000010e5ac000 0000000104721940 0000000000000000
[mtlr]   out: 0000007700000000 0000000000004000 00000000341209b5 00000000000160a4
[mtlr] resource2 sel8 flags 470 sz 0x1000 -> kr 0x00000000 rid 119 GPUVA 0x10002490000 cpu 10e5ac000
[mtlr]   out: 0000010002490000 000000010e5ac000 0000000104721940 0000000000000000
[mtlr]   out: 0000007700000000 0000000000004000 00000000341209b6 00000000000160a5
[mtlr] resource2 sel8 flags 470 sz 0x1000 -> kr 0x00000000 rid 119 GPUVA 0x10002490000 cpu 10e5ac000
[mtlr]   out: 0000010002490000 000000010e5ac000 0000000104721940 0000000000000000
[mtlr]   out: 0000007700000000 0000000000004000 00000000341209b7 00000000000160a6
[mtlr] resource2 sel8 flags 470 sz 0x1000 -> kr 0x00000000 rid 119 GPUVA 0x10002490000 cpu 10e5ac000
[mtlr]   out: 0000010002490000 000000010e5ac000 0000000104721940 0000000000000000
[mtlr]   out: 0000007700000000 0000000000004000 00000000341209b8 00000000000160a7
[mtlr] resource2 sel8 flags 470 sz 0x1000 -> kr 0x00000000 rid 119 GPUVA 0x10002490000 cpu 10e5ac000
[mtlr]   out: 0000010002490000 000000010e5ac000 0000000104721940 0000000000000000
[mtlr]   out: 0000007700000000 0000000000004000 00000000341209b9 00000000000160a8
[mtlr] resource2 sel8 flags 470 sz 0x1000 -> kr 0x00000000 rid 119 GPUVA 0x10002490000 cpu 10e5ac000
[mtlr]   out: 0000010002490000 000000010e5ac000 0000000104721940 0000000000000000
[mtlr]   out: 0000007700000000 0000000000004000 00000000341209ba 00000000000160a9
[uatrec] S4 r5 (+0s): nvv 8 ncb 8 vsz 0x100000 fill 0x0 destroy0 kr 0x00000000 nj 40
[uatrec] S4 r5 blit[0] slots 7 ridp 1
[uatrec] S4 r5 blit[1] slots 8 ridp 1
[uatrec] S4 r5 blit[2] slots 7 ridp 1
[uatrec] S4 r5 blit[3] slots 7 ridp 1
[uatrec] S4 r5 blit[4] slots 7 ridp 1
[uatrec] S4 r5 blit[5] slots 8 ridp 1
[uatrec] S4 r5 blit[6] slots 7 ridp 1
[uatrec] S4 r5 blit[7] slots 8 ridp 1
[mtlr] resource2 sel8 flags 470 sz 0x100000 -> kr 0x00000000 rid 119 GPUVA 0x10002490000 cpu 10dfac000
[mtlr]   out: 0000010002490000 000000010dfac000 0000000104721940 0000000000000000
[mtlr]   out: 0000007700000000 0000000000100000 0000000034120a05 00000000000160ac
[uatrec] S4 r6 victim[0] rid 119 gpuva 0x10002490000 cpu 0x10dfac000 (top-of-stack)
[mtlr] resource2 sel8 flags 470 sz 0x100000 -> kr 0x00000000 rid 120 GPUVA 0x10002598000 cpu 10c698000
[mtlr]   out: 0000010002598000 000000010c698000 0000000104721a00 0000000000000000
[mtlr]   out: 0000007800000000 0000000000100000 0000000034120a06 00000000000160ad
[uatrec] S4 r6 victim[1] rid 120 gpuva 0x10002598000 cpu 0x10c698000 (top-of-stack)
[mtlr] resource2 sel8 flags 470 sz 0x100000 -> kr 0x00000000 rid 121 GPUVA 0x100026a0000 cpu 10c7a0000
[mtlr]   out: 00000100026a0000 000000010c7a0000 0000000104721ac0 0000000000000000
[mtlr]   out: 0000007900000000 0000000000100000 0000000034120a07 00000000000160ae
[uatrec] S4 r6 victim[2] rid 121 gpuva 0x100026a0000 cpu 0x10c7a0000 (top-of-stack)
[mtlr] resource2 sel8 flags 470 sz 0x100000 -> kr 0x00000000 rid 122 GPUVA 0x100027a8000 cpu 10c8a0000
[mtlr]   out: 00000100027a8000 000000010c8a0000 0000000104721b80 0000000000000000
[mtlr]   out: 0000007a00000000 0000000000100000 0000000034120a08 00000000000160af
[uatrec] S4 r6 victim[3] rid 122 gpuva 0x100027a8000 cpu 0x10c8a0000 (top-of-stack)
[mtlr] resource2 sel8 flags 470 sz 0x100000 -> kr 0x00000000 rid 123 GPUVA 0x100028b0000 cpu 10c9a0000
[mtlr]   out: 00000100028b0000 000000010c9a0000 0000000104721c40 0000000000000000
[mtlr]   out: 0000007b00000000 0000000000100000 0000000034120a09 00000000000160b0
[uatrec] S4 r6 victim[4] rid 123 gpuva 0x100028b0000 cpu 0x10c9a0000 (top-of-stack)
[mtlr] resource2 sel8 flags 470 sz 0x100000 -> kr 0x00000000 rid 124 GPUVA 0x100029b8000 cpu 10caa0000
[mtlr]   out: 00000100029b8000 000000010caa0000 0000000104721d00 0000000000000000
[mtlr]   out: 0000007c00000000 0000000000100000 0000000034120a11 00000000000160b1
[uatrec] S4 r6 victim[5] rid 124 gpuva 0x100029b8000 cpu 0x10caa0000 (top-of-stack)
[mtlr] resource2 sel8 flags 470 sz 0x100000 -> kr 0x00000000 rid 125 GPUVA 0x10002ac0000 cpu 10cba0000
[mtlr]   out: 0000010002ac0000 000000010cba0000 0000000104721dc0 0000000000000000
[mtlr]   out: 0000007d00000000 0000000000100000 0000000034120a12 00000000000160b2
[uatrec] S4 r6 victim[6] rid 125 gpuva 0x10002ac0000 cpu 0x10cba0000 (top-of-stack)
[mtlr] resource2 sel8 flags 470 sz 0x100000 -> kr 0x00000000 rid 126 GPUVA 0x10002bc8000 cpu 10cca0000
[mtlr]   out: 0000010002bc8000 000000010cca0000 0000000104721e80 0000000000000000
[mtlr]   out: 0000007e00000000 0000000000100000 0000000034120a13 00000000000160b3
[uatrec] S4 r6 victim[7] rid 126 gpuva 0x10002bc8000 cpu 0x10cca0000 (top-of-stack)
[mtlr] resource2 sel8 flags 470 sz 0x1000 -> kr 0x00000000 rid 119 GPUVA 0x10002490000 cpu 10d6ac000
[mtlr]   out: 0000010002490000 000000010d6ac000 0000000104721940 0000000000000000
[mtlr]   out: 0000007700000000 0000000000004000 0000000034120a37 00000000000160bd
[mtlr] resource2 sel8 flags 470 sz 0x1000 -> kr 0x00000000 rid 119 GPUVA 0x10002490000 cpu 10d6ac000
[mtlr]   out: 0000010002490000 000000010d6ac000 0000000104721940 0000000000000000
[mtlr]   out: 0000007700000000 0000000000004000 0000000034120a38 00000000000160be
[mtlr] resource2 sel8 flags 470 sz 0x1000 -> kr 0x00000000 rid 119 GPUVA 0x10002490000 cpu 10d6ac000
[mtlr]   out: 0000010002490000 000000010d6ac000 0000000104721940 0000000000000000
[mtlr]   out: 0000007700000000 0000000000004000 0000000034120a39 00000000000160bf
[mtlr] resource2 sel8 flags 470 sz 0x1000 -> kr 0x00000000 rid 119 GPUVA 0x10002490000 cpu 10d6ac000
[mtlr]   out: 0000010002490000 000000010d6ac000 0000000104721940 0000000000000000
[mtlr]   out: 0000007700000000 0000000000004000 0000000034120a3a 00000000000160c0
[mtlr] resource2 sel8 flags 470 sz 0x1000 -> kr 0x00000000 rid 119 GPUVA 0x10002490000 cpu 10d6ac000
[mtlr]   out: 0000010002490000 000000010d6ac000 0000000104721940 0000000000000000
[mtlr]   out: 0000007700000000 0000000000004000 0000000034120a3b 00000000000160c1
[mtlr] resource2 sel8 flags 470 sz 0x1000 -> kr 0x00000000 rid 119 GPUVA 0x10002490000 cpu 10d6ac000
[mtlr]   out: 0000010002490000 000000010d6ac000 0000000104721940 0000000000000000
[mtlr]   out: 0000007700000000 0000000000004000 0000000034120a3c 00000000000160c2
[mtlr] resource2 sel8 flags 470 sz 0x1000 -> kr 0x00000000 rid 119 GPUVA 0x10002490000 cpu 10d6ac000
[mtlr]   out: 0000010002490000 000000010d6ac000 0000000104721940 0000000000000000
[mtlr]   out: 0000007700000000 0000000000004000 0000000034120a3d 00000000000160c3
[mtlr] resource2 sel8 flags 470 sz 0x1000 -> kr 0x00000000 rid 119 GPUVA 0x10002490000 cpu 10d6ac000
[mtlr]   out: 0000010002490000 000000010d6ac000 0000000104721940 0000000000000000
[mtlr]   out: 0000007700000000 0000000000004000 0000000034120a3e 00000000000160c4
[mtlr] resource2 sel8 flags 470 sz 0x1000 -> kr 0x00000000 rid 119 GPUVA 0x10002490000 cpu 10d6ac000
[mtlr]   out: 0000010002490000 000000010d6ac000 0000000104721940 0000000000000000
[mtlr]   out: 0000007700000000 0000000000004000 0000000034120a3f 00000000000160c5
[mtlr] resource2 sel8 flags 470 sz 0x1000 -> kr 0x00000000 rid 119 GPUVA 0x10002490000 cpu 10d6ac000
[mtlr]   out: 0000010002490000 000000010d6ac000 0000000104721940 0000000000000000
[mtlr]   out: 0000007700000000 0000000000004000 0000000034120a40 00000000000160c6
[mtlr] resource2 sel8 flags 470 sz 0x1000 -> kr 0x00000000 rid 119 GPUVA 0x10002490000 cpu 10d6ac000
[mtlr]   out: 0000010002490000 000000010d6ac000 0000000104721940 0000000000000000
[mtlr]   out: 0000007700000000 0000000000004000 0000000034120a41 00000000000160c7
[mtlr] resource2 sel8 flags 470 sz 0x1000 -> kr 0x00000000 rid 119 GPUVA 0x10002490000 cpu 10d6ac000
[mtlr]   out: 0000010002490000 000000010d6ac000 0000000104721940 0000000000000000
[mtlr]   out: 0000007700000000 0000000000004000 0000000034120a42 00000000000160c8
[mtlr] resource2 sel8 flags 470 sz 0x1000 -> kr 0x00000000 rid 119 GPUVA 0x10002490000 cpu 10d6ac000
[mtlr]   out: 0000010002490000 000000010d6ac000 0000000104721940 0000000000000000
[mtlr]   out: 0000007700000000 0000000000004000 0000000034120a43 00000000000160c9
[mtlr] resource2 sel8 flags 470 sz 0x1000 -> kr 0x00000000 rid 119 GPUVA 0x10002490000 cpu 10d6ac000
[mtlr]   out: 0000010002490000 000000010d6ac000 0000000104721940 0000000000000000
[mtlr]   out: 0000007700000000 0000000000004000 0000000034120a44 00000000000160ca
[mtlr] resource2 sel8 flags 470 sz 0x1000 -> kr 0x00000000 rid 119 GPUVA 0x10002490000 cpu 10d6ac000
[mtlr]   out: 0000010002490000 000000010d6ac000 0000000104721940 0000000000000000
[mtlr]   out: 0000007700000000 0000000000004000 0000000034120a45 00000000000160cb
[mtlr] resource2 sel8 flags 470 sz 0x1000 -> kr 0x00000000 rid 119 GPUVA 0x10002490000 cpu 10d6ac000
[mtlr]   out: 0000010002490000 000000010d6ac000 0000000104721940 0000000000000000
[mtlr]   out: 0000007700000000 0000000000004000 0000000034120a46 00000000000160cc
[mtlr] resource2 sel8 flags 470 sz 0x1000 -> kr 0x00000000 rid 119 GPUVA 0x10002490000 cpu 10d6ac000
[mtlr]   out: 0000010002490000 000000010d6ac000 0000000104721940 0000000000000000
[mtlr]   out: 0000007700000000 0000000000004000 0000000034120a47 00000000000160cd
[mtlr] resource2 sel8 flags 470 sz 0x1000 -> kr 0x00000000 rid 119 GPUVA 0x10002490000 cpu 10d6ac000
[mtlr]   out: 0000010002490000 000000010d6ac000 0000000104721940 0000000000000000
[mtlr]   out: 0000007700000000 0000000000004000 0000000034120a48 00000000000160ce
[mtlr] resource2 sel8 flags 470 sz 0x1000 -> kr 0x00000000 rid 119 GPUVA 0x10002490000 cpu 10d6ac000
[mtlr]   out: 0000010002490000 000000010d6ac000 0000000104721940 0000000000000000
[mtlr]   out: 0000007700000000 0000000000004000 0000000034120a49 00000000000160cf
[mtlr] resource2 sel8 flags 470 sz 0x1000 -> kr 0x00000000 rid 119 GPUVA 0x10002490000 cpu 10d6ac000
[mtlr]   out: 0000010002490000 000000010d6ac000 0000000104721940 0000000000000000
[mtlr]   out: 0000007700000000 0000000000004000 0000000034120a4a 00000000000160d0
[mtlr] resource2 sel8 flags 470 sz 0x1000 -> kr 0x00000000 rid 119 GPUVA 0x10002490000 cpu 10d6ac000
[mtlr]   out: 0000010002490000 000000010d6ac000 0000000104721940 0000000000000000
[mtlr]   out: 0000007700000000 0000000000004000 0000000034120a4b 00000000000160d1
[mtlr] resource2 sel8 flags 470 sz 0x1000 -> kr 0x00000000 rid 119 GPUVA 0x10002490000 cpu 10d6ac000
[mtlr]   out: 0000010002490000 000000010d6ac000 0000000104721940 0000000000000000
[mtlr]   out: 0000007700000000 0000000000004000 0000000034120a4c 00000000000160d2
[mtlr] resource2 sel8 flags 470 sz 0x1000 -> kr 0x00000000 rid 119 GPUVA 0x10002490000 cpu 10d6ac000
[mtlr]   out: 0000010002490000 000000010d6ac000 0000000104721940 0000000000000000
[mtlr]   out: 0000007700000000 0000000000004000 0000000034120a4d 00000000000160d3
[mtlr] resource2 sel8 flags 470 sz 0x1000 -> kr 0x00000000 rid 119 GPUVA 0x10002490000 cpu 10d6ac000
[mtlr]   out: 0000010002490000 000000010d6ac000 0000000104721940 0000000000000000
[mtlr]   out: 0000007700000000 0000000000004000 0000000034120a4e 00000000000160d4
[mtlr] resource2 sel8 flags 470 sz 0x1000 -> kr 0x00000000 rid 119 GPUVA 0x10002490000 cpu 10d6ac000
[mtlr]   out: 0000010002490000 000000010d6ac000 0000000104721940 0000000000000000
[mtlr]   out: 0000007700000000 0000000000004000 0000000034120a4f 00000000000160d5
[mtlr] resource2 sel8 flags 470 sz 0x1000 -> kr 0x00000000 rid 119 GPUVA 0x10002490000 cpu 10d6ac000
[mtlr]   out: 0000010002490000 000000010d6ac000 0000000104721940 0000000000000000
[mtlr]   out: 0000007700000000 0000000000004000 0000000034120a50 00000000000160d6
[mtlr] resource2 sel8 flags 470 sz 0x1000 -> kr 0x00000000 rid 119 GPUVA 0x10002490000 cpu 10d6ac000
[mtlr]   out: 0000010002490000 000000010d6ac000 0000000104721940 0000000000000000
[mtlr]   out: 0000007700000000 0000000000004000 0000000034120a51 00000000000160d7
[mtlr] resource2 sel8 flags 470 sz 0x1000 -> kr 0x00000000 rid 119 GPUVA 0x10002490000 cpu 10d6ac000
[mtlr]   out: 0000010002490000 000000010d6ac000 0000000104721940 0000000000000000
[mtlr]   out: 0000007700000000 0000000000004000 0000000034120a52 00000000000160d8
[mtlr] resource2 sel8 flags 470 sz 0x1000 -> kr 0x00000000 rid 119 GPUVA 0x10002490000 cpu 10d6ac000
[mtlr]   out: 0000010002490000 000000010d6ac000 0000000104721940 0000000000000000
[mtlr]   out: 0000007700000000 0000000000004000 0000000034120a53 00000000000160d9
[mtlr] resource2 sel8 flags 470 sz 0x1000 -> kr 0x00000000 rid 119 GPUVA 0x10002490000 cpu 10d6ac000
[mtlr]   out: 0000010002490000 000000010d6ac000 0000000104721940 0000000000000000
[mtlr]   out: 0000007700000000 0000000000004000 0000000034120a54 00000000000160da
[mtlr] resource2 sel8 flags 470 sz 0x1000 -> kr 0x00000000 rid 119 GPUVA 0x10002490000 cpu 10d6ac000
[mtlr]   out: 0000010002490000 000000010d6ac000 0000000104721940 0000000000000000
[mtlr]   out: 0000007700000000 0000000000004000 0000000034120a55 00000000000160db
[mtlr] resource2 sel8 flags 470 sz 0x1000 -> kr 0x00000000 rid 119 GPUVA 0x10002490000 cpu 10d6ac000
[mtlr]   out: 0000010002490000 000000010d6ac000 0000000104721940 0000000000000000
[mtlr]   out: 0000007700000000 0000000000004000 0000000034120a56 00000000000160dc
[mtlr] resource2 sel8 flags 470 sz 0x1000 -> kr 0x00000000 rid 119 GPUVA 0x10002490000 cpu 10d6ac000
[mtlr]   out: 0000010002490000 000000010d6ac000 0000000104721940 0000000000000000
[mtlr]   out: 0000007700000000 0000000000004000 0000000034120a57 00000000000160dd
[mtlr] resource2 sel8 flags 470 sz 0x1000 -> kr 0x00000000 rid 119 GPUVA 0x10002490000 cpu 10d6ac000
[mtlr]   out: 0000010002490000 000000010d6ac000 0000000104721940 0000000000000000
[mtlr]   out: 0000007700000000 0000000000004000 0000000034120a58 00000000000160de
[mtlr] resource2 sel8 flags 470 sz 0x1000 -> kr 0x00000000 rid 119 GPUVA 0x10002490000 cpu 10d6ac000
[mtlr]   out: 0000010002490000 000000010d6ac000 0000000104721940 0000000000000000
[mtlr]   out: 0000007700000000 0000000000004000 0000000034120a59 00000000000160df
[mtlr] resource2 sel8 flags 470 sz 0x1000 -> kr 0x00000000 rid 119 GPUVA 0x10002490000 cpu 10d6ac000
[mtlr]   out: 0000010002490000 000000010d6ac000 0000000104721940 0000000000000000
[mtlr]   out: 0000007700000000 0000000000004000 0000000034120a5a 00000000000160e0
[mtlr] resource2 sel8 flags 470 sz 0x1000 -> kr 0x00000000 rid 119 GPUVA 0x10002490000 cpu 10d6ac000
[mtlr]   out: 0000010002490000 000000010d6ac000 0000000104721940 0000000000000000
[mtlr]   out: 0000007700000000 0000000000004000 0000000034120a5b 00000000000160e1
[mtlr] resource2 sel8 flags 470 sz 0x1000 -> kr 0x00000000 rid 119 GPUVA 0x10002490000 cpu 10d6ac000
[mtlr]   out: 0000010002490000 000000010d6ac000 0000000104721940 0000000000000000
[mtlr]   out: 0000007700000000 0000000000004000 0000000034120a5c 00000000000160e2
[mtlr] resource2 sel8 flags 470 sz 0x1000 -> kr 0x00000000 rid 119 GPUVA 0x10002490000 cpu 10d6ac000
[mtlr]   out: 0000010002490000 000000010d6ac000 0000000104721940 0000000000000000
[mtlr]   out: 0000007700000000 0000000000004000 0000000034120a5d 00000000000160e3
[mtlr] resource2 sel8 flags 470 sz 0x1000 -> kr 0x00000000 rid 119 GPUVA 0x10002490000 cpu 10d6ac000
[mtlr]   out: 0000010002490000 000000010d6ac000 0000000104721940 0000000000000000
[mtlr]   out: 0000007700000000 0000000000004000 0000000034120a5e 00000000000160e4
[uatrec] S4 r6 (+0s): nvv 8 ncb 8 vsz 0x100000 fill 0x0 destroy0 kr 0x00000000 nj 40
[uatrec] S4 r6 blit[0] slots 8 ridp 1
[uatrec] S4 r6 blit[1] slots 7 ridp 1
[uatrec] S4 r6 blit[2] slots 7 ridp 1
[uatrec] S4 r6 blit[3] slots 7 ridp 1
[uatrec] S4 r6 blit[4] slots 7 ridp 1
[uatrec] S4 r6 blit[5] slots 7 ridp 1
[uatrec] S4 r6 blit[6] slots 7 ridp 1
[uatrec] S4 r6 blit[7] slots 7 ridp 1
[mtlr] resource2 sel8 flags 470 sz 0x100000 -> kr 0x00000000 rid 119 GPUVA 0x10002490000 cpu 10cea0000
[mtlr]   out: 0000010002490000 000000010cea0000 0000000104721940 0000000000000000
[mtlr]   out: 0000007700000000 0000000000100000 0000000034120a98 00000000000160e7
[uatrec] S4 r7 victim[0] rid 119 gpuva 0x10002490000 cpu 0x10cea0000 (top-of-stack)
[mtlr] resource2 sel8 flags 470 sz 0x100000 -> kr 0x00000000 rid 120 GPUVA 0x10002598000 cpu 10cfa0000
[mtlr]   out: 0000010002598000 000000010cfa0000 0000000104721a00 0000000000000000
[mtlr]   out: 0000007800000000 0000000000100000 0000000034120a99 00000000000160e8
[uatrec] S4 r7 victim[1] rid 120 gpuva 0x10002598000 cpu 0x10cfa0000 (top-of-stack)
[mtlr] resource2 sel8 flags 470 sz 0x100000 -> kr 0x00000000 rid 121 GPUVA 0x100026a0000 cpu 10d0a0000
[mtlr]   out: 00000100026a0000 000000010d0a0000 0000000104721ac0 0000000000000000
[mtlr]   out: 0000007900000000 0000000000100000 0000000034120a9a 00000000000160e9
[uatrec] S4 r7 victim[2] rid 121 gpuva 0x100026a0000 cpu 0x10d0a0000 (top-of-stack)
[mtlr] resource2 sel8 flags 470 sz 0x100000 -> kr 0x00000000 rid 122 GPUVA 0x100027a8000 cpu 10d1a0000
[mtlr]   out: 00000100027a8000 000000010d1a0000 0000000104721b80 0000000000000000
[mtlr]   out: 0000007a00000000 0000000000100000 0000000034120a9b 00000000000160ea
[uatrec] S4 r7 victim[3] rid 122 gpuva 0x100027a8000 cpu 0x10d1a0000 (top-of-stack)
[mtlr] resource2 sel8 flags 470 sz 0x100000 -> kr 0x00000000 rid 123 GPUVA 0x100028b0000 cpu 10d2a0000
[mtlr]   out: 00000100028b0000 000000010d2a0000 0000000104721c40 0000000000000000
[mtlr]   out: 0000007b00000000 0000000000100000 0000000034120a9c 00000000000160eb
[uatrec] S4 r7 victim[4] rid 123 gpuva 0x100028b0000 cpu 0x10d2a0000 (top-of-stack)
[mtlr] resource2 sel8 flags 470 sz 0x100000 -> kr 0x00000000 rid 124 GPUVA 0x100029b8000 cpu 10d3a0000
[mtlr]   out: 00000100029b8000 000000010d3a0000 0000000104721d00 0000000000000000
[mtlr]   out: 0000007c00000000 0000000000100000 0000000034120a9d 00000000000160ec
[uatrec] S4 r7 victim[5] rid 124 gpuva 0x100029b8000 cpu 0x10d3a0000 (top-of-stack)
[mtlr] resource2 sel8 flags 470 sz 0x100000 -> kr 0x00000000 rid 125 GPUVA 0x10002ac0000 cpu 10c6a0000
[mtlr]   out: 0000010002ac0000 000000010c6a0000 0000000104721dc0 0000000000000000
[mtlr]   out: 0000007d00000000 0000000000100000 0000000034120aa5 00000000000160ed
[uatrec] S4 r7 victim[6] rid 125 gpuva 0x10002ac0000 cpu 0x10c6a0000 (top-of-stack)
[mtlr] resource2 sel8 flags 470 sz 0x100000 -> kr 0x00000000 rid 126 GPUVA 0x10002bc8000 cpu 10c7a0000
[mtlr]   out: 0000010002bc8000 000000010c7a0000 0000000104721e80 0000000000000000
[mtlr]   out: 0000007e00000000 0000000000100000 0000000034120aa6 00000000000160ee
[uatrec] S4 r7 victim[7] rid 126 gpuva 0x10002bc8000 cpu 0x10c7a0000 (top-of-stack)
[mtlr] resource2 sel8 flags 470 sz 0x1000 -> kr 0x00000000 rid 119 GPUVA 0x10002490000 cpu 10d7ac000
[mtlr]   out: 0000010002490000 000000010d7ac000 0000000104721940 0000000000000000
[mtlr]   out: 0000007700000000 0000000000004000 0000000034120aca 00000000000160f8
[mtlr] resource2 sel8 flags 470 sz 0x1000 -> kr 0x00000000 rid 119 GPUVA 0x10002490000 cpu 10d7ac000
[mtlr]   out: 0000010002490000 000000010d7ac000 0000000104721940 0000000000000000
[mtlr]   out: 0000007700000000 0000000000004000 0000000034120acb 00000000000160f9
[mtlr] resource2 sel8 flags 470 sz 0x1000 -> kr 0x00000000 rid 119 GPUVA 0x10002490000 cpu 10d7ac000
[mtlr]   out: 0000010002490000 000000010d7ac000 0000000104721940 0000000000000000
[mtlr]   out: 0000007700000000 0000000000004000 0000000034120acc 00000000000160fa
[mtlr] resource2 sel8 flags 470 sz 0x1000 -> kr 0x00000000 rid 119 GPUVA 0x10002490000 cpu 10d7ac000
[mtlr]   out: 0000010002490000 000000010d7ac000 0000000104721940 0000000000000000
[mtlr]   out: 0000007700000000 0000000000004000 0000000034120acd 00000000000160fb
[mtlr] resource2 sel8 flags 470 sz 0x1000 -> kr 0x00000000 rid 119 GPUVA 0x10002490000 cpu 10d7ac000
[mtlr]   out: 0000010002490000 000000010d7ac000 0000000104721940 0000000000000000
[mtlr]   out: 0000007700000000 0000000000004000 0000000034120ace 00000000000160fc
[mtlr] resource2 sel8 flags 470 sz 0x1000 -> kr 0x00000000 rid 119 GPUVA 0x10002490000 cpu 10d7ac000
[mtlr]   out: 0000010002490000 000000010d7ac000 0000000104721940 0000000000000000
[mtlr]   out: 0000007700000000 0000000000004000 0000000034120acf 00000000000160fd
[mtlr] resource2 sel8 flags 470 sz 0x1000 -> kr 0x00000000 rid 119 GPUVA 0x10002490000 cpu 10d7ac000
[mtlr]   out: 0000010002490000 000000010d7ac000 0000000104721940 0000000000000000
[mtlr]   out: 0000007700000000 0000000000004000 0000000034120ad0 00000000000160fe
[mtlr] resource2 sel8 flags 470 sz 0x1000 -> kr 0x00000000 rid 119 GPUVA 0x10002490000 cpu 10d7ac000
[mtlr]   out: 0000010002490000 000000010d7ac000 0000000104721940 0000000000000000
[mtlr]   out: 0000007700000000 0000000000004000 0000000034120ad1 00000000000160ff
[mtlr] resource2 sel8 flags 470 sz 0x1000 -> kr 0x00000000 rid 119 GPUVA 0x10002490000 cpu 10d7ac000
[mtlr]   out: 0000010002490000 000000010d7ac000 0000000104721940 0000000000000000
[mtlr]   out: 0000007700000000 0000000000004000 0000000034120ad2 0000000000016100
[mtlr] resource2 sel8 flags 470 sz 0x1000 -> kr 0x00000000 rid 119 GPUVA 0x10002490000 cpu 10d7ac000
[mtlr]   out: 0000010002490000 000000010d7ac000 0000000104721940 0000000000000000
[mtlr]   out: 0000007700000000 0000000000004000 0000000034120ad3 0000000000016101
[mtlr] resource2 sel8 flags 470 sz 0x1000 -> kr 0x00000000 rid 119 GPUVA 0x10002490000 cpu 10d7ac000
[mtlr]   out: 0000010002490000 000000010d7ac000 0000000104721940 0000000000000000
[mtlr]   out: 0000007700000000 0000000000004000 0000000034120ad4 0000000000016102
[mtlr] resource2 sel8 flags 470 sz 0x1000 -> kr 0x00000000 rid 119 GPUVA 0x10002490000 cpu 10d7ac000
[mtlr]   out: 0000010002490000 000000010d7ac000 0000000104721940 0000000000000000
[mtlr]   out: 0000007700000000 0000000000004000 0000000034120ad5 0000000000016103
[mtlr] resource2 sel8 flags 470 sz 0x1000 -> kr 0x00000000 rid 119 GPUVA 0x10002490000 cpu 10d7ac000
[mtlr]   out: 0000010002490000 000000010d7ac000 0000000104721940 0000000000000000
[mtlr]   out: 0000007700000000 0000000000004000 0000000034120ad6 0000000000016104
[mtlr] resource2 sel8 flags 470 sz 0x1000 -> kr 0x00000000 rid 119 GPUVA 0x10002490000 cpu 10d7ac000
[mtlr]   out: 0000010002490000 000000010d7ac000 0000000104721940 0000000000000000
[mtlr]   out: 0000007700000000 0000000000004000 0000000034120ad7 0000000000016105
[mtlr] resource2 sel8 flags 470 sz 0x1000 -> kr 0x00000000 rid 119 GPUVA 0x10002490000 cpu 10d7ac000
[mtlr]   out: 0000010002490000 000000010d7ac000 0000000104721940 0000000000000000
[mtlr]   out: 0000007700000000 0000000000004000 0000000034120ad8 0000000000016106
[mtlr] resource2 sel8 flags 470 sz 0x1000 -> kr 0x00000000 rid 119 GPUVA 0x10002490000 cpu 10d7ac000
[mtlr]   out: 0000010002490000 000000010d7ac000 0000000104721940 0000000000000000
[mtlr]   out: 0000007700000000 0000000000004000 0000000034120ad9 0000000000016107
[mtlr] resource2 sel8 flags 470 sz 0x1000 -> kr 0x00000000 rid 119 GPUVA 0x10002490000 cpu 10d7ac000
[mtlr]   out: 0000010002490000 000000010d7ac000 0000000104721940 0000000000000000
[mtlr]   out: 0000007700000000 0000000000004000 0000000034120ada 0000000000016108
[mtlr] resource2 sel8 flags 470 sz 0x1000 -> kr 0x00000000 rid 119 GPUVA 0x10002490000 cpu 10d7ac000
[mtlr]   out: 0000010002490000 000000010d7ac000 0000000104721940 0000000000000000
[mtlr]   out: 0000007700000000 0000000000004000 0000000034120adb 0000000000016109
[mtlr] resource2 sel8 flags 470 sz 0x1000 -> kr 0x00000000 rid 119 GPUVA 0x10002490000 cpu 10d7ac000
[mtlr]   out: 0000010002490000 000000010d7ac000 0000000104721940 0000000000000000
[mtlr]   out: 0000007700000000 0000000000004000 0000000034120adc 000000000001610a
[mtlr] resource2 sel8 flags 470 sz 0x1000 -> kr 0x00000000 rid 119 GPUVA 0x10002490000 cpu 10d7ac000
[mtlr]   out: 0000010002490000 000000010d7ac000 0000000104721940 0000000000000000
[mtlr]   out: 0000007700000000 0000000000004000 0000000034120add 000000000001610b
[mtlr] resource2 sel8 flags 470 sz 0x1000 -> kr 0x00000000 rid 119 GPUVA 0x10002490000 cpu 10d7ac000
[mtlr]   out: 0000010002490000 000000010d7ac000 0000000104721940 0000000000000000
[mtlr]   out: 0000007700000000 0000000000004000 0000000034120ade 000000000001610c
[mtlr] resource2 sel8 flags 470 sz 0x1000 -> kr 0x00000000 rid 119 GPUVA 0x10002490000 cpu 10d7ac000
[mtlr]   out: 0000010002490000 000000010d7ac000 0000000104721940 0000000000000000
[mtlr]   out: 0000007700000000 0000000000004000 0000000034120adf 000000000001610d
[mtlr] resource2 sel8 flags 470 sz 0x1000 -> kr 0x00000000 rid 119 GPUVA 0x10002490000 cpu 10d7ac000
[mtlr]   out: 0000010002490000 000000010d7ac000 0000000104721940 0000000000000000
[mtlr]   out: 0000007700000000 0000000000004000 0000000034120ae0 000000000001610e
[mtlr] resource2 sel8 flags 470 sz 0x1000 -> kr 0x00000000 rid 119 GPUVA 0x10002490000 cpu 10d7ac000
[mtlr]   out: 0000010002490000 000000010d7ac000 0000000104721940 0000000000000000
[mtlr]   out: 0000007700000000 0000000000004000 0000000034120ae1 000000000001610f
[mtlr] resource2 sel8 flags 470 sz 0x1000 -> kr 0x00000000 rid 119 GPUVA 0x10002490000 cpu 10d7ac000
[mtlr]   out: 0000010002490000 000000010d7ac000 0000000104721940 0000000000000000
[mtlr]   out: 0000007700000000 0000000000004000 0000000034120ae2 0000000000016110
[mtlr] resource2 sel8 flags 470 sz 0x1000 -> kr 0x00000000 rid 119 GPUVA 0x10002490000 cpu 10d7ac000
[mtlr]   out: 0000010002490000 000000010d7ac000 0000000104721940 0000000000000000
[mtlr]   out: 0000007700000000 0000000000004000 0000000034120ae3 0000000000016111
[mtlr] resource2 sel8 flags 470 sz 0x1000 -> kr 0x00000000 rid 119 GPUVA 0x10002490000 cpu 10d7ac000
[mtlr]   out: 0000010002490000 000000010d7ac000 0000000104721940 0000000000000000
[mtlr]   out: 0000007700000000 0000000000004000 0000000034120ae4 0000000000016112
[mtlr] resource2 sel8 flags 470 sz 0x1000 -> kr 0x00000000 rid 119 GPUVA 0x10002490000 cpu 10d7ac000
[mtlr]   out: 0000010002490000 000000010d7ac000 0000000104721940 0000000000000000
[mtlr]   out: 0000007700000000 0000000000004000 0000000034120ae5 0000000000016113
[mtlr] resource2 sel8 flags 470 sz 0x1000 -> kr 0x00000000 rid 119 GPUVA 0x10002490000 cpu 10d7ac000
[mtlr]   out: 0000010002490000 000000010d7ac000 0000000104721940 0000000000000000
[mtlr]   out: 0000007700000000 0000000000004000 0000000034120ae6 0000000000016114
[mtlr] resource2 sel8 flags 470 sz 0x1000 -> kr 0x00000000 rid 119 GPUVA 0x10002490000 cpu 10d7ac000
[mtlr]   out: 0000010002490000 000000010d7ac000 0000000104721940 0000000000000000
[mtlr]   out: 0000007700000000 0000000000004000 0000000034120ae7 0000000000016115
[mtlr] resource2 sel8 flags 470 sz 0x1000 -> kr 0x00000000 rid 119 GPUVA 0x10002490000 cpu 10d7ac000
[mtlr]   out: 0000010002490000 000000010d7ac000 0000000104721940 0000000000000000
[mtlr]   out: 0000007700000000 0000000000004000 0000000034120ae8 0000000000016116
[mtlr] resource2 sel8 flags 470 sz 0x1000 -> kr 0x00000000 rid 119 GPUVA 0x10002490000 cpu 10d7ac000
[mtlr]   out: 0000010002490000 000000010d7ac000 0000000104721940 0000000000000000
[mtlr]   out: 0000007700000000 0000000000004000 0000000034120ae9 0000000000016117
[mtlr] resource2 sel8 flags 470 sz 0x1000 -> kr 0x00000000 rid 119 GPUVA 0x10002490000 cpu 10d7ac000
[mtlr]   out: 0000010002490000 000000010d7ac000 0000000104721940 0000000000000000
[mtlr]   out: 0000007700000000 0000000000004000 0000000034120aea 0000000000016118
[mtlr] resource2 sel8 flags 470 sz 0x1000 -> kr 0x00000000 rid 119 GPUVA 0x10002490000 cpu 10d7ac000
[mtlr]   out: 0000010002490000 000000010d7ac000 0000000104721940 0000000000000000
[mtlr]   out: 0000007700000000 0000000000004000 0000000034120aeb 0000000000016119
[mtlr] resource2 sel8 flags 470 sz 0x1000 -> kr 0x00000000 rid 119 GPUVA 0x10002490000 cpu 10d7ac000
[mtlr]   out: 0000010002490000 000000010d7ac000 0000000104721940 0000000000000000
[mtlr]   out: 0000007700000000 0000000000004000 0000000034120aec 000000000001611a
[mtlr] resource2 sel8 flags 470 sz 0x1000 -> kr 0x00000000 rid 119 GPUVA 0x10002490000 cpu 10d7ac000
[mtlr]   out: 0000010002490000 000000010d7ac000 0000000104721940 0000000000000000
[mtlr]   out: 0000007700000000 0000000000004000 0000000034120aed 000000000001611b
[mtlr] resource2 sel8 flags 470 sz 0x1000 -> kr 0x00000000 rid 119 GPUVA 0x10002490000 cpu 10d7ac000
[mtlr]   out: 0000010002490000 000000010d7ac000 0000000104721940 0000000000000000
[mtlr]   out: 0000007700000000 0000000000004000 0000000034120aee 000000000001611c
[mtlr] resource2 sel8 flags 470 sz 0x1000 -> kr 0x00000000 rid 119 GPUVA 0x10002490000 cpu 10d7ac000
[mtlr]   out: 0000010002490000 000000010d7ac000 0000000104721940 0000000000000000
[mtlr]   out: 0000007700000000 0000000000004000 0000000034120aef 000000000001611d
[mtlr] resource2 sel8 flags 470 sz 0x1000 -> kr 0x00000000 rid 119 GPUVA 0x10002490000 cpu 10d7ac000
[mtlr]   out: 0000010002490000 000000010d7ac000 0000000104721940 0000000000000000
[mtlr]   out: 0000007700000000 0000000000004000 0000000034120af0 000000000001611e
[mtlr] resource2 sel8 flags 470 sz 0x1000 -> kr 0x00000000 rid 119 GPUVA 0x10002490000 cpu 10d7ac000
[mtlr]   out: 0000010002490000 000000010d7ac000 0000000104721940 0000000000000000
[mtlr]   out: 0000007700000000 0000000000004000 0000000034120af1 000000000001611f
[uatrec] S4 r7 (+0s): nvv 8 ncb 8 vsz 0x100000 fill 0x0 destroy0 kr 0x00000000 nj 40
[uatrec] S4 r7 blit[0] slots 7 ridp 1
[uatrec] S4 r7 blit[1] slots 7 ridp 1
[uatrec] S4 r7 blit[2] slots 7 ridp 1
[uatrec] S4 r7 blit[3] slots 7 ridp 1
[uatrec] S4 r7 blit[4] slots 7 ridp 1
[uatrec] S4 r7 blit[5] slots 7 ridp 1
[uatrec] S4 r7 blit[6] slots 7 ridp 1
[uatrec] S4 r7 blit[7] slots 8 ridp 1
[mtlr] resource2 sel8 flags 470 sz 0x100000 -> kr 0x00000000 rid 119 GPUVA 0x10002490000 cpu 10d6ac000
[mtlr]   out: 0000010002490000 000000010d6ac000 0000000104721940 0000000000000000
[mtlr]   out: 0000007700000000 0000000000100000 0000000034120b3d 0000000000016122
[uatrec] S4 r8 victim[0] rid 119 gpuva 0x10002490000 cpu 0x10d6ac000 (top-of-stack)
[mtlr] resource2 sel8 flags 470 sz 0x100000 -> kr 0x00000000 rid 120 GPUVA 0x10002598000 cpu 10d7ac000
[mtlr]   out: 0000010002598000 000000010d7ac000 0000000104721a00 0000000000000000
[mtlr]   out: 0000007800000000 0000000000100000 0000000034120b3e 0000000000016123
[uatrec] S4 r8 victim[1] rid 120 gpuva 0x10002598000 cpu 0x10d7ac000 (top-of-stack)
[mtlr] resource2 sel8 flags 470 sz 0x100000 -> kr 0x00000000 rid 121 GPUVA 0x100026a0000 cpu 10d8ac000
[mtlr]   out: 00000100026a0000 000000010d8ac000 0000000104721ac0 0000000000000000
[mtlr]   out: 0000007900000000 0000000000100000 0000000034120b3f 0000000000016124
[uatrec] S4 r8 victim[2] rid 121 gpuva 0x100026a0000 cpu 0x10d8ac000 (top-of-stack)
[mtlr] resource2 sel8 flags 470 sz 0x100000 -> kr 0x00000000 rid 122 GPUVA 0x100027a8000 cpu 10d9ac000
[mtlr]   out: 00000100027a8000 000000010d9ac000 0000000104721b80 0000000000000000
[mtlr]   out: 0000007a00000000 0000000000100000 0000000034120b40 0000000000016125
[uatrec] S4 r8 victim[3] rid 122 gpuva 0x100027a8000 cpu 0x10d9ac000 (top-of-stack)
[mtlr] resource2 sel8 flags 470 sz 0x100000 -> kr 0x00000000 rid 123 GPUVA 0x100028b0000 cpu 10daac000
[mtlr]   out: 00000100028b0000 000000010daac000 0000000104721c40 0000000000000000
[mtlr]   out: 0000007b00000000 0000000000100000 0000000034120b41 0000000000016126
[uatrec] S4 r8 victim[4] rid 123 gpuva 0x100028b0000 cpu 0x10daac000 (top-of-stack)
[mtlr] resource2 sel8 flags 470 sz 0x100000 -> kr 0x00000000 rid 124 GPUVA 0x100029b8000 cpu 10dbac000
[mtlr]   out: 00000100029b8000 000000010dbac000 0000000104721d00 0000000000000000
[mtlr]   out: 0000007c00000000 0000000000100000 0000000034120b49 0000000000016127
[uatrec] S4 r8 victim[5] rid 124 gpuva 0x100029b8000 cpu 0x10dbac000 (top-of-stack)
[mtlr] resource2 sel8 flags 470 sz 0x100000 -> kr 0x00000000 rid 125 GPUVA 0x10002ac0000 cpu 10dcac000
[mtlr]   out: 0000010002ac0000 000000010dcac000 0000000104721dc0 0000000000000000
[mtlr]   out: 0000007d00000000 0000000000100000 0000000034120b4a 0000000000016128
[uatrec] S4 r8 victim[6] rid 125 gpuva 0x10002ac0000 cpu 0x10dcac000 (top-of-stack)
[mtlr] resource2 sel8 flags 470 sz 0x100000 -> kr 0x00000000 rid 126 GPUVA 0x10002bc8000 cpu 10ddac000
[mtlr]   out: 0000010002bc8000 000000010ddac000 0000000104721e80 0000000000000000
[mtlr]   out: 0000007e00000000 0000000000100000 0000000034120b4b 0000000000016129
[uatrec] S4 r8 victim[7] rid 126 gpuva 0x10002bc8000 cpu 0x10ddac000 (top-of-stack)
[mtlr] resource2 sel8 flags 470 sz 0x1000 -> kr 0x00000000 rid 119 GPUVA 0x10002490000 cpu 10e5ac000
[mtlr]   out: 0000010002490000 000000010e5ac000 0000000104721940 0000000000000000
[mtlr]   out: 0000007700000000 0000000000004000 0000000034120b6f 0000000000016133
[mtlr] resource2 sel8 flags 470 sz 0x1000 -> kr 0x00000000 rid 119 GPUVA 0x10002490000 cpu 10e5ac000
[mtlr]   out: 0000010002490000 000000010e5ac000 0000000104721940 0000000000000000
[mtlr]   out: 0000007700000000 0000000000004000 0000000034120b70 0000000000016134
[mtlr] resource2 sel8 flags 470 sz 0x1000 -> kr 0x00000000 rid 119 GPUVA 0x10002490000 cpu 10e5ac000
[mtlr]   out: 0000010002490000 000000010e5ac000 0000000104721940 0000000000000000
[mtlr]   out: 0000007700000000 0000000000004000 0000000034120b71 0000000000016135
[mtlr] resource2 sel8 flags 470 sz 0x1000 -> kr 0x00000000 rid 119 GPUVA 0x10002490000 cpu 10e5ac000
[mtlr]   out: 0000010002490000 000000010e5ac000 0000000104721940 0000000000000000
[mtlr]   out: 0000007700000000 0000000000004000 0000000034120b72 0000000000016136
[mtlr] resource2 sel8 flags 470 sz 0x1000 -> kr 0x00000000 rid 119 GPUVA 0x10002490000 cpu 10e5ac000
[mtlr]   out: 0000010002490000 000000010e5ac000 0000000104721940 0000000000000000
[mtlr]   out: 0000007700000000 0000000000004000 0000000034120b73 0000000000016137
[mtlr] resource2 sel8 flags 470 sz 0x1000 -> kr 0x00000000 rid 119 GPUVA 0x10002490000 cpu 10e5ac000
[mtlr]   out: 0000010002490000 000000010e5ac000 0000000104721940 0000000000000000
[mtlr]   out: 0000007700000000 0000000000004000 0000000034120b74 0000000000016138
[mtlr] resource2 sel8 flags 470 sz 0x1000 -> kr 0x00000000 rid 119 GPUVA 0x10002490000 cpu 10e5ac000
[mtlr]   out: 0000010002490000 000000010e5ac000 0000000104721940 0000000000000000
[mtlr]   out: 0000007700000000 0000000000004000 0000000034120b75 0000000000016139
[mtlr] resource2 sel8 flags 470 sz 0x1000 -> kr 0x00000000 rid 119 GPUVA 0x10002490000 cpu 10e5ac000
[mtlr]   out: 0000010002490000 000000010e5ac000 0000000104721940 0000000000000000
[mtlr]   out: 0000007700000000 0000000000004000 0000000034120b76 000000000001613a
[mtlr] resource2 sel8 flags 470 sz 0x1000 -> kr 0x00000000 rid 119 GPUVA 0x10002490000 cpu 10e5ac000
[mtlr]   out: 0000010002490000 000000010e5ac000 0000000104721940 0000000000000000
[mtlr]   out: 0000007700000000 0000000000004000 0000000034120b77 000000000001613b
[mtlr] resource2 sel8 flags 470 sz 0x1000 -> kr 0x00000000 rid 119 GPUVA 0x10002490000 cpu 10e5ac000
[mtlr]   out: 0000010002490000 000000010e5ac000 0000000104721940 0000000000000000
[mtlr]   out: 0000007700000000 0000000000004000 0000000034120b78 000000000001613c
[mtlr] resource2 sel8 flags 470 sz 0x1000 -> kr 0x00000000 rid 119 GPUVA 0x10002490000 cpu 10e5ac000
[mtlr]   out: 0000010002490000 000000010e5ac000 0000000104721940 0000000000000000
[mtlr]   out: 0000007700000000 0000000000004000 0000000034120b79 000000000001613d
[mtlr] resource2 sel8 flags 470 sz 0x1000 -> kr 0x00000000 rid 119 GPUVA 0x10002490000 cpu 10e5ac000
[mtlr]   out: 0000010002490000 000000010e5ac000 0000000104721940 0000000000000000
[mtlr]   out: 0000007700000000 0000000000004000 0000000034120b7a 000000000001613e
[mtlr] resource2 sel8 flags 470 sz 0x1000 -> kr 0x00000000 rid 119 GPUVA 0x10002490000 cpu 10e5ac000
[mtlr]   out: 0000010002490000 000000010e5ac000 0000000104721940 0000000000000000
[mtlr]   out: 0000007700000000 0000000000004000 0000000034120b7b 000000000001613f
[mtlr] resource2 sel8 flags 470 sz 0x1000 -> kr 0x00000000 rid 119 GPUVA 0x10002490000 cpu 10e5ac000
[mtlr]   out: 0000010002490000 000000010e5ac000 0000000104721940 0000000000000000
[mtlr]   out: 0000007700000000 0000000000004000 0000000034120b7c 0000000000016140
[mtlr] resource2 sel8 flags 470 sz 0x1000 -> kr 0x00000000 rid 119 GPUVA 0x10002490000 cpu 10e5ac000
[mtlr]   out: 0000010002490000 000000010e5ac000 0000000104721940 0000000000000000
[mtlr]   out: 0000007700000000 0000000000004000 0000000034120b7d 0000000000016141
[mtlr] resource2 sel8 flags 470 sz 0x1000 -> kr 0x00000000 rid 119 GPUVA 0x10002490000 cpu 10e5ac000
[mtlr]   out: 0000010002490000 000000010e5ac000 0000000104721940 0000000000000000
[mtlr]   out: 0000007700000000 0000000000004000 0000000034120b7e 0000000000016142
[mtlr] resource2 sel8 flags 470 sz 0x1000 -> kr 0x00000000 rid 119 GPUVA 0x10002490000 cpu 10e5ac000
[mtlr]   out: 0000010002490000 000000010e5ac000 0000000104721940 0000000000000000
[mtlr]   out: 0000007700000000 0000000000004000 0000000034120b7f 0000000000016143
[mtlr] resource2 sel8 flags 470 sz 0x1000 -> kr 0x00000000 rid 119 GPUVA 0x10002490000 cpu 10e5ac000
[mtlr]   out: 0000010002490000 000000010e5ac000 0000000104721940 0000000000000000
[mtlr]   out: 0000007700000000 0000000000004000 0000000034120b80 0000000000016144
[mtlr] resource2 sel8 flags 470 sz 0x1000 -> kr 0x00000000 rid 119 GPUVA 0x10002490000 cpu 10e5ac000
[mtlr]   out: 0000010002490000 000000010e5ac000 0000000104721940 0000000000000000
[mtlr]   out: 0000007700000000 0000000000004000 0000000034120b81 0000000000016145
[mtlr] resource2 sel8 flags 470 sz 0x1000 -> kr 0x00000000 rid 119 GPUVA 0x10002490000 cpu 10e5ac000
[mtlr]   out: 0000010002490000 000000010e5ac000 0000000104721940 0000000000000000
[mtlr]   out: 0000007700000000 0000000000004000 0000000034120b82 0000000000016146
[mtlr] resource2 sel8 flags 470 sz 0x1000 -> kr 0x00000000 rid 119 GPUVA 0x10002490000 cpu 10e5ac000
[mtlr]   out: 0000010002490000 000000010e5ac000 0000000104721940 0000000000000000
[mtlr]   out: 0000007700000000 0000000000004000 0000000034120b83 0000000000016147
[mtlr] resource2 sel8 flags 470 sz 0x1000 -> kr 0x00000000 rid 119 GPUVA 0x10002490000 cpu 10e5ac000
[mtlr]   out: 0000010002490000 000000010e5ac000 0000000104721940 0000000000000000
[mtlr]   out: 0000007700000000 0000000000004000 0000000034120b84 0000000000016148
[mtlr] resource2 sel8 flags 470 sz 0x1000 -> kr 0x00000000 rid 119 GPUVA 0x10002490000 cpu 10e5ac000
[mtlr]   out: 0000010002490000 000000010e5ac000 0000000104721940 0000000000000000
[mtlr]   out: 0000007700000000 0000000000004000 0000000034120b85 0000000000016149
[mtlr] resource2 sel8 flags 470 sz 0x1000 -> kr 0x00000000 rid 119 GPUVA 0x10002490000 cpu 10e5ac000
[mtlr]   out: 0000010002490000 000000010e5ac000 0000000104721940 0000000000000000
[mtlr]   out: 0000007700000000 0000000000004000 0000000034120b86 000000000001614a
[mtlr] resource2 sel8 flags 470 sz 0x1000 -> kr 0x00000000 rid 119 GPUVA 0x10002490000 cpu 10e5ac000
[mtlr]   out: 0000010002490000 000000010e5ac000 0000000104721940 0000000000000000
[mtlr]   out: 0000007700000000 0000000000004000 0000000034120b87 000000000001614b
[mtlr] resource2 sel8 flags 470 sz 0x1000 -> kr 0x00000000 rid 119 GPUVA 0x10002490000 cpu 10e5ac000
[mtlr]   out: 0000010002490000 000000010e5ac000 0000000104721940 0000000000000000
[mtlr]   out: 0000007700000000 0000000000004000 0000000034120b88 000000000001614c
[mtlr] resource2 sel8 flags 470 sz 0x1000 -> kr 0x00000000 rid 119 GPUVA 0x10002490000 cpu 10e5ac000
[mtlr]   out: 0000010002490000 000000010e5ac000 0000000104721940 0000000000000000
[mtlr]   out: 0000007700000000 0000000000004000 0000000034120b89 000000000001614d
[mtlr] resource2 sel8 flags 470 sz 0x1000 -> kr 0x00000000 rid 119 GPUVA 0x10002490000 cpu 10e5ac000
[mtlr]   out: 0000010002490000 000000010e5ac000 0000000104721940 0000000000000000
[mtlr]   out: 0000007700000000 0000000000004000 0000000034120b8a 000000000001614e
[mtlr] resource2 sel8 flags 470 sz 0x1000 -> kr 0x00000000 rid 119 GPUVA 0x10002490000 cpu 10e5ac000
[mtlr]   out: 0000010002490000 000000010e5ac000 0000000104721940 0000000000000000
[mtlr]   out: 0000007700000000 0000000000004000 0000000034120b8b 000000000001614f
[mtlr] resource2 sel8 flags 470 sz 0x1000 -> kr 0x00000000 rid 119 GPUVA 0x10002490000 cpu 10e5ac000
[mtlr]   out: 0000010002490000 000000010e5ac000 0000000104721940 0000000000000000
[mtlr]   out: 0000007700000000 0000000000004000 0000000034120b8c 0000000000016150
[mtlr] resource2 sel8 flags 470 sz 0x1000 -> kr 0x00000000 rid 119 GPUVA 0x10002490000 cpu 10e5ac000
[mtlr]   out: 0000010002490000 000000010e5ac000 0000000104721940 0000000000000000
[mtlr]   out: 0000007700000000 0000000000004000 0000000034120b8d 0000000000016151
[mtlr] resource2 sel8 flags 470 sz 0x1000 -> kr 0x00000000 rid 119 GPUVA 0x10002490000 cpu 10e5ac000
[mtlr]   out: 0000010002490000 000000010e5ac000 0000000104721940 0000000000000000
[mtlr]   out: 0000007700000000 0000000000004000 0000000034120b8e 0000000000016152
[mtlr] resource2 sel8 flags 470 sz 0x1000 -> kr 0x00000000 rid 119 GPUVA 0x10002490000 cpu 10e5ac000
[mtlr]   out: 0000010002490000 000000010e5ac000 0000000104721940 0000000000000000
[mtlr]   out: 0000007700000000 0000000000004000 0000000034120b8f 0000000000016153
[mtlr] resource2 sel8 flags 470 sz 0x1000 -> kr 0x00000000 rid 119 GPUVA 0x10002490000 cpu 10e5ac000
[mtlr]   out: 0000010002490000 000000010e5ac000 0000000104721940 0000000000000000
[mtlr]   out: 0000007700000000 0000000000004000 0000000034120b90 0000000000016154
[mtlr] resource2 sel8 flags 470 sz 0x1000 -> kr 0x00000000 rid 119 GPUVA 0x10002490000 cpu 10e5ac000
[mtlr]   out: 0000010002490000 000000010e5ac000 0000000104721940 0000000000000000
[mtlr]   out: 0000007700000000 0000000000004000 0000000034120b91 0000000000016155
[mtlr] resource2 sel8 flags 470 sz 0x1000 -> kr 0x00000000 rid 119 GPUVA 0x10002490000 cpu 10e5ac000
[mtlr]   out: 0000010002490000 000000010e5ac000 0000000104721940 0000000000000000
[mtlr]   out: 0000007700000000 0000000000004000 0000000034120b92 0000000000016156
[mtlr] resource2 sel8 flags 470 sz 0x1000 -> kr 0x00000000 rid 119 GPUVA 0x10002490000 cpu 10e5ac000
[mtlr]   out: 0000010002490000 000000010e5ac000 0000000104721940 0000000000000000
[mtlr]   out: 0000007700000000 0000000000004000 0000000034120b93 0000000000016157
[mtlr] resource2 sel8 flags 470 sz 0x1000 -> kr 0x00000000 rid 119 GPUVA 0x10002490000 cpu 10e5ac000
[mtlr]   out: 0000010002490000 000000010e5ac000 0000000104721940 0000000000000000
[mtlr]   out: 0000007700000000 0000000000004000 0000000034120b94 0000000000016158
[mtlr] resource2 sel8 flags 470 sz 0x1000 -> kr 0x00000000 rid 119 GPUVA 0x10002490000 cpu 10e5ac000
[mtlr]   out: 0000010002490000 000000010e5ac000 0000000104721940 0000000000000000
[mtlr]   out: 0000007700000000 0000000000004000 0000000034120b95 0000000000016159
[mtlr] resource2 sel8 flags 470 sz 0x1000 -> kr 0x00000000 rid 119 GPUVA 0x10002490000 cpu 10e5ac000
[mtlr]   out: 0000010002490000 000000010e5ac000 0000000104721940 0000000000000000
[mtlr]   out: 0000007700000000 0000000000004000 0000000034120b96 000000000001615a
[uatrec] S4 r8 (+0s): nvv 8 ncb 8 vsz 0x100000 fill 0x0 destroy0 kr 0x00000000 nj 40
[uatrec] S4 r8 blit[0] slots 7 ridp 1
[uatrec] S4 r8 blit[1] slots 7 ridp 1
[uatrec] S4 r8 blit[2] slots 7 ridp 1
[uatrec] S4 r8 blit[3] slots 7 ridp 1
[uatrec] S4 r8 blit[4] slots 7 ridp 1
[uatrec] S4 r8 blit[5] slots 7 ridp 1
[uatrec] S4 r8 blit[6] slots 7 ridp 1
[uatrec] S4 r8 blit[7] slots 7 ridp 1
[mtlr] resource2 sel8 flags 470 sz 0x100000 -> kr 0x00000000 rid 119 GPUVA 0x10002490000 cpu 10dfac000
[mtlr]   out: 0000010002490000 000000010dfac000 0000000104721940 0000000000000000
[mtlr]   out: 0000007700000000 0000000000100000 0000000034120bc9 000000000001615d
[uatrec] S4 r9 victim[0] rid 119 gpuva 0x10002490000 cpu 0x10dfac000 (top-of-stack)
[mtlr] resource2 sel8 flags 470 sz 0x100000 -> kr 0x00000000 rid 120 GPUVA 0x10002598000 cpu 10e0ac000
[mtlr]   out: 0000010002598000 000000010e0ac000 0000000104721a00 0000000000000000
[mtlr]   out: 0000007800000000 0000000000100000 0000000034120bca 000000000001615e
[uatrec] S4 r9 victim[1] rid 120 gpuva 0x10002598000 cpu 0x10e0ac000 (top-of-stack)
[mtlr] resource2 sel8 flags 470 sz 0x100000 -> kr 0x00000000 rid 121 GPUVA 0x100026a0000 cpu 10c6a0000
[mtlr]   out: 00000100026a0000 000000010c6a0000 0000000104721ac0 0000000000000000
[mtlr]   out: 0000007900000000 0000000000100000 0000000034120bcb 000000000001615f
[uatrec] S4 r9 victim[2] rid 121 gpuva 0x100026a0000 cpu 0x10c6a0000 (top-of-stack)
[mtlr] resource2 sel8 flags 470 sz 0x100000 -> kr 0x00000000 rid 122 GPUVA 0x100027a8000 cpu 10c7a0000
[mtlr]   out: 00000100027a8000 000000010c7a0000 0000000104721b80 0000000000000000
[mtlr]   out: 0000007a00000000 0000000000100000 0000000034120bd3 0000000000016160
[uatrec] S4 r9 victim[3] rid 122 gpuva 0x100027a8000 cpu 0x10c7a0000 (top-of-stack)
[mtlr] resource2 sel8 flags 470 sz 0x100000 -> kr 0x00000000 rid 123 GPUVA 0x100028b0000 cpu 10c8a0000
[mtlr]   out: 00000100028b0000 000000010c8a0000 0000000104721c40 0000000000000000
[mtlr]   out: 0000007b00000000 0000000000100000 0000000034120bd6 0000000000016161
[uatrec] S4 r9 victim[4] rid 123 gpuva 0x100028b0000 cpu 0x10c8a0000 (top-of-stack)
[mtlr] resource2 sel8 flags 470 sz 0x100000 -> kr 0x00000000 rid 124 GPUVA 0x100029b8000 cpu 10c9a0000
[mtlr]   out: 00000100029b8000 000000010c9a0000 0000000104721d00 0000000000000000
[mtlr]   out: 0000007c00000000 0000000000100000 0000000034120bdf 0000000000016162
[uatrec] S4 r9 victim[5] rid 124 gpuva 0x100029b8000 cpu 0x10c9a0000 (top-of-stack)
[mtlr] resource2 sel8 flags 470 sz 0x100000 -> kr 0x00000000 rid 125 GPUVA 0x10002ac0000 cpu 10caa0000
[mtlr]   out: 0000010002ac0000 000000010caa0000 0000000104721dc0 0000000000000000
[mtlr]   out: 0000007d00000000 0000000000100000 0000000034120be0 0000000000016163
[uatrec] S4 r9 victim[6] rid 125 gpuva 0x10002ac0000 cpu 0x10caa0000 (top-of-stack)
[mtlr] resource2 sel8 flags 470 sz 0x100000 -> kr 0x00000000 rid 126 GPUVA 0x10002bc8000 cpu 10cba0000
[mtlr]   out: 0000010002bc8000 000000010cba0000 0000000104721e80 0000000000000000
[mtlr]   out: 0000007e00000000 0000000000100000 0000000034120be1 0000000000016164
[uatrec] S4 r9 victim[7] rid 126 gpuva 0x10002bc8000 cpu 0x10cba0000 (top-of-stack)
[mtlr] resource2 sel8 flags 470 sz 0x1000 -> kr 0x00000000 rid 119 GPUVA 0x10002490000 cpu 10d5a0000
[mtlr]   out: 0000010002490000 000000010d5a0000 0000000104721940 0000000000000000
[mtlr]   out: 0000007700000000 0000000000004000 0000000034120bf3 000000000001616e
[mtlr] resource2 sel8 flags 470 sz 0x1000 -> kr 0x00000000 rid 119 GPUVA 0x10002490000 cpu 10d5a0000
[mtlr]   out: 0000010002490000 000000010d5a0000 0000000104721940 0000000000000000
[mtlr]   out: 0000007700000000 0000000000004000 0000000034120bf4 000000000001616f
[mtlr] resource2 sel8 flags 470 sz 0x1000 -> kr 0x00000000 rid 119 GPUVA 0x10002490000 cpu 10d5a0000
[mtlr]   out: 0000010002490000 000000010d5a0000 0000000104721940 0000000000000000
[mtlr]   out: 0000007700000000 0000000000004000 0000000034120bf5 0000000000016170
[mtlr] resource2 sel8 flags 470 sz 0x1000 -> kr 0x00000000 rid 119 GPUVA 0x10002490000 cpu 10d5a0000
[mtlr]   out: 0000010002490000 000000010d5a0000 0000000104721940 0000000000000000
[mtlr]   out: 0000007700000000 0000000000004000 0000000034120bf6 0000000000016171
[mtlr] resource2 sel8 flags 470 sz 0x1000 -> kr 0x00000000 rid 119 GPUVA 0x10002490000 cpu 10d5a0000
[mtlr]   out: 0000010002490000 000000010d5a0000 0000000104721940 0000000000000000
[mtlr]   out: 0000007700000000 0000000000004000 0000000034120bf7 0000000000016172
[mtlr] resource2 sel8 flags 470 sz 0x1000 -> kr 0x00000000 rid 119 GPUVA 0x10002490000 cpu 10d5a0000
[mtlr]   out: 0000010002490000 000000010d5a0000 0000000104721940 0000000000000000
[mtlr]   out: 0000007700000000 0000000000004000 0000000034120bf8 0000000000016173
[mtlr] resource2 sel8 flags 470 sz 0x1000 -> kr 0x00000000 rid 119 GPUVA 0x10002490000 cpu 10d5a0000
[mtlr]   out: 0000010002490000 000000010d5a0000 0000000104721940 0000000000000000
[mtlr]   out: 0000007700000000 0000000000004000 0000000034120bf9 0000000000016174
[mtlr] resource2 sel8 flags 470 sz 0x1000 -> kr 0x00000000 rid 119 GPUVA 0x10002490000 cpu 10d5a0000
[mtlr]   out: 0000010002490000 000000010d5a0000 0000000104721940 0000000000000000
[mtlr]   out: 0000007700000000 0000000000004000 0000000034120bfa 0000000000016175
[mtlr] resource2 sel8 flags 470 sz 0x1000 -> kr 0x00000000 rid 119 GPUVA 0x10002490000 cpu 10d5a0000
[mtlr]   out: 0000010002490000 000000010d5a0000 0000000104721940 0000000000000000
[mtlr]   out: 0000007700000000 0000000000004000 0000000034120bfb 0000000000016176
[mtlr] resource2 sel8 flags 470 sz 0x1000 -> kr 0x00000000 rid 119 GPUVA 0x10002490000 cpu 10d5a0000
[mtlr]   out: 0000010002490000 000000010d5a0000 0000000104721940 0000000000000000
[mtlr]   out: 0000007700000000 0000000000004000 0000000034120bfc 0000000000016177
[mtlr] resource2 sel8 flags 470 sz 0x1000 -> kr 0x00000000 rid 119 GPUVA 0x10002490000 cpu 10d5a0000
[mtlr]   out: 0000010002490000 000000010d5a0000 0000000104721940 0000000000000000
[mtlr]   out: 0000007700000000 0000000000004000 0000000034120bfd 0000000000016178
[mtlr] resource2 sel8 flags 470 sz 0x1000 -> kr 0x00000000 rid 119 GPUVA 0x10002490000 cpu 10d5a0000
[mtlr]   out: 0000010002490000 000000010d5a0000 0000000104721940 0000000000000000
[mtlr]   out: 0000007700000000 0000000000004000 0000000034120bfe 0000000000016179
[mtlr] resource2 sel8 flags 470 sz 0x1000 -> kr 0x00000000 rid 119 GPUVA 0x10002490000 cpu 10d5a0000
[mtlr]   out: 0000010002490000 000000010d5a0000 0000000104721940 0000000000000000
[mtlr]   out: 0000007700000000 0000000000004000 0000000034120bff 000000000001617a
[mtlr] resource2 sel8 flags 470 sz 0x1000 -> kr 0x00000000 rid 119 GPUVA 0x10002490000 cpu 10d5a0000
[mtlr]   out: 0000010002490000 000000010d5a0000 0000000104721940 0000000000000000
[mtlr]   out: 0000007700000000 0000000000004000 0000000034120c00 000000000001617b
[mtlr] resource2 sel8 flags 470 sz 0x1000 -> kr 0x00000000 rid 119 GPUVA 0x10002490000 cpu 10d5a0000
[mtlr]   out: 0000010002490000 000000010d5a0000 0000000104721940 0000000000000000
[mtlr]   out: 0000007700000000 0000000000004000 0000000034120c01 000000000001617c
[mtlr] resource2 sel8 flags 470 sz 0x1000 -> kr 0x00000000 rid 119 GPUVA 0x10002490000 cpu 10d5a0000
[mtlr]   out: 0000010002490000 000000010d5a0000 0000000104721940 0000000000000000
[mtlr]   out: 0000007700000000 0000000000004000 0000000034120c02 000000000001617d
[mtlr] resource2 sel8 flags 470 sz 0x1000 -> kr 0x00000000 rid 119 GPUVA 0x10002490000 cpu 10d5a0000
[mtlr]   out: 0000010002490000 000000010d5a0000 0000000104721940 0000000000000000
[mtlr]   out: 0000007700000000 0000000000004000 0000000034120c03 000000000001617e
[mtlr] resource2 sel8 flags 470 sz 0x1000 -> kr 0x00000000 rid 119 GPUVA 0x10002490000 cpu 10d5a0000
[mtlr]   out: 0000010002490000 000000010d5a0000 0000000104721940 0000000000000000
[mtlr]   out: 0000007700000000 0000000000004000 0000000034120c04 000000000001617f
[mtlr] resource2 sel8 flags 470 sz 0x1000 -> kr 0x00000000 rid 119 GPUVA 0x10002490000 cpu 10d5a0000
[mtlr]   out: 0000010002490000 000000010d5a0000 0000000104721940 0000000000000000
[mtlr]   out: 0000007700000000 0000000000004000 0000000034120c05 0000000000016180
[mtlr] resource2 sel8 flags 470 sz 0x1000 -> kr 0x00000000 rid 119 GPUVA 0x10002490000 cpu 10d5a0000
[mtlr]   out: 0000010002490000 000000010d5a0000 0000000104721940 0000000000000000
[mtlr]   out: 0000007700000000 0000000000004000 0000000034120c06 0000000000016181
[mtlr] resource2 sel8 flags 470 sz 0x1000 -> kr 0x00000000 rid 119 GPUVA 0x10002490000 cpu 10d5a0000
[mtlr]   out: 0000010002490000 000000010d5a0000 0000000104721940 0000000000000000
[mtlr]   out: 0000007700000000 0000000000004000 0000000034120c07 0000000000016182
[mtlr] resource2 sel8 flags 470 sz 0x1000 -> kr 0x00000000 rid 119 GPUVA 0x10002490000 cpu 10d5a0000
[mtlr]   out: 0000010002490000 000000010d5a0000 0000000104721940 0000000000000000
[mtlr]   out: 0000007700000000 0000000000004000 0000000034120c08 0000000000016183
[mtlr] resource2 sel8 flags 470 sz 0x1000 -> kr 0x00000000 rid 119 GPUVA 0x10002490000 cpu 10d5a0000
[mtlr]   out: 0000010002490000 000000010d5a0000 0000000104721940 0000000000000000
[mtlr]   out: 0000007700000000 0000000000004000 0000000034120c09 0000000000016184
[mtlr] resource2 sel8 flags 470 sz 0x1000 -> kr 0x00000000 rid 119 GPUVA 0x10002490000 cpu 10d5a0000
[mtlr]   out: 0000010002490000 000000010d5a0000 0000000104721940 0000000000000000
[mtlr]   out: 0000007700000000 0000000000004000 0000000034120c0a 0000000000016185
[mtlr] resource2 sel8 flags 470 sz 0x1000 -> kr 0x00000000 rid 119 GPUVA 0x10002490000 cpu 10d5a0000
[mtlr]   out: 0000010002490000 000000010d5a0000 0000000104721940 0000000000000000
[mtlr]   out: 0000007700000000 0000000000004000 0000000034120c0b 0000000000016186
[mtlr] resource2 sel8 flags 470 sz 0x1000 -> kr 0x00000000 rid 119 GPUVA 0x10002490000 cpu 10d5a0000
[mtlr]   out: 0000010002490000 000000010d5a0000 0000000104721940 0000000000000000
[mtlr]   out: 0000007700000000 0000000000004000 0000000034120c0c 0000000000016187
[mtlr] resource2 sel8 flags 470 sz 0x1000 -> kr 0x00000000 rid 119 GPUVA 0x10002490000 cpu 10d5a0000
[mtlr]   out: 0000010002490000 000000010d5a0000 0000000104721940 0000000000000000
[mtlr]   out: 0000007700000000 0000000000004000 0000000034120c0d 0000000000016188
[mtlr] resource2 sel8 flags 470 sz 0x1000 -> kr 0x00000000 rid 119 GPUVA 0x10002490000 cpu 10d5a0000
[mtlr]   out: 0000010002490000 000000010d5a0000 0000000104721940 0000000000000000
[mtlr]   out: 0000007700000000 0000000000004000 0000000034120c0e 0000000000016189
[mtlr] resource2 sel8 flags 470 sz 0x1000 -> kr 0x00000000 rid 119 GPUVA 0x10002490000 cpu 10d5a0000
[mtlr]   out: 0000010002490000 000000010d5a0000 0000000104721940 0000000000000000
[mtlr]   out: 0000007700000000 0000000000004000 0000000034120c0f 000000000001618a
[mtlr] resource2 sel8 flags 470 sz 0x1000 -> kr 0x00000000 rid 119 GPUVA 0x10002490000 cpu 10d5a0000
[mtlr]   out: 0000010002490000 000000010d5a0000 0000000104721940 0000000000000000
[mtlr]   out: 0000007700000000 0000000000004000 0000000034120c10 000000000001618b
[mtlr] resource2 sel8 flags 470 sz 0x1000 -> kr 0x00000000 rid 119 GPUVA 0x10002490000 cpu 10d5a0000
[mtlr]   out: 0000010002490000 000000010d5a0000 0000000104721940 0000000000000000
[mtlr]   out: 0000007700000000 0000000000004000 0000000034120c11 000000000001618c
[mtlr] resource2 sel8 flags 470 sz 0x1000 -> kr 0x00000000 rid 119 GPUVA 0x10002490000 cpu 10d5a0000
[mtlr]   out: 0000010002490000 000000010d5a0000 0000000104721940 0000000000000000
[mtlr]   out: 0000007700000000 0000000000004000 0000000034120c12 000000000001618d
[mtlr] resource2 sel8 flags 470 sz 0x1000 -> kr 0x00000000 rid 119 GPUVA 0x10002490000 cpu 10d5a0000
[mtlr]   out: 0000010002490000 000000010d5a0000 0000000104721940 0000000000000000
[mtlr]   out: 0000007700000000 0000000000004000 0000000034120c13 000000000001618e
[mtlr] resource2 sel8 flags 470 sz 0x1000 -> kr 0x00000000 rid 119 GPUVA 0x10002490000 cpu 10d5a0000
[mtlr]   out: 0000010002490000 000000010d5a0000 0000000104721940 0000000000000000
[mtlr]   out: 0000007700000000 0000000000004000 0000000034120c14 000000000001618f
[mtlr] resource2 sel8 flags 470 sz 0x1000 -> kr 0x00000000 rid 119 GPUVA 0x10002490000 cpu 10d5a0000
[mtlr]   out: 0000010002490000 000000010d5a0000 0000000104721940 0000000000000000
[mtlr]   out: 0000007700000000 0000000000004000 0000000034120c15 0000000000016190
[mtlr] resource2 sel8 flags 470 sz 0x1000 -> kr 0x00000000 rid 119 GPUVA 0x10002490000 cpu 10d5a0000
[mtlr]   out: 0000010002490000 000000010d5a0000 0000000104721940 0000000000000000
[mtlr]   out: 0000007700000000 0000000000004000 0000000034120c16 0000000000016191
[mtlr] resource2 sel8 flags 470 sz 0x1000 -> kr 0x00000000 rid 119 GPUVA 0x10002490000 cpu 10d5a0000
[mtlr]   out: 0000010002490000 000000010d5a0000 0000000104721940 0000000000000000
[mtlr]   out: 0000007700000000 0000000000004000 0000000034120c17 0000000000016192
[mtlr] resource2 sel8 flags 470 sz 0x1000 -> kr 0x00000000 rid 119 GPUVA 0x10002490000 cpu 10d5a0000
[mtlr]   out: 0000010002490000 000000010d5a0000 0000000104721940 0000000000000000
[mtlr]   out: 0000007700000000 0000000000004000 0000000034120c18 0000000000016193
[mtlr] resource2 sel8 flags 470 sz 0x1000 -> kr 0x00000000 rid 119 GPUVA 0x10002490000 cpu 10d5a0000
[mtlr]   out: 0000010002490000 000000010d5a0000 0000000104721940 0000000000000000
[mtlr]   out: 0000007700000000 0000000000004000 0000000034120c19 0000000000016194
[mtlr] resource2 sel8 flags 470 sz 0x1000 -> kr 0x00000000 rid 119 GPUVA 0x10002490000 cpu 10d5a0000
[mtlr]   out: 0000010002490000 000000010d5a0000 0000000104721940 0000000000000000
[mtlr]   out: 0000007700000000 0000000000004000 0000000034120c1c 0000000000016195
[uatrec] S4 r9 (+0s): nvv 8 ncb 8 vsz 0x100000 fill 0x0 destroy0 kr 0x00000000 nj 40
[uatrec] S4 r9 blit[0] slots 8 ridp 1
[uatrec] S4 r9 blit[1] slots 7 ridp 1
[uatrec] S4 r9 blit[2] slots 7 ridp 1
[uatrec] S4 r9 blit[3] slots 7 ridp 1
[uatrec] S4 r9 blit[4] slots 7 ridp 1
[uatrec] S4 r9 blit[5] slots 7 ridp 1
[uatrec] S4 r9 blit[6] slots 7 ridp 1
[uatrec] S4 r9 blit[7] slots 7 ridp 1
[uatrec] S4 heartbeat: round 10 done, t=0s (alive)
[mtlr] resource2 sel8 flags 470 sz 0x100000 -> kr 0x00000000 rid 119 GPUVA 0x10002490000 cpu 10cda0000
[mtlr]   out: 0000010002490000 000000010cda0000 0000000104721940 0000000000000000
[mtlr]   out: 0000007700000000 0000000000100000 0000000034120c46 0000000000016198
[uatrec] S4 r10 victim[0] rid 119 gpuva 0x10002490000 cpu 0x10cda0000 (top-of-stack)
[mtlr] resource2 sel8 flags 470 sz 0x100000 -> kr 0x00000000 rid 120 GPUVA 0x10002598000 cpu 10cea0000
[mtlr]   out: 0000010002598000 000000010cea0000 0000000104721a00 0000000000000000
[mtlr]   out: 0000007800000000 0000000000100000 0000000034120c47 0000000000016199
[uatrec] S4 r10 victim[1] rid 120 gpuva 0x10002598000 cpu 0x10cea0000 (top-of-stack)
[mtlr] resource2 sel8 flags 470 sz 0x100000 -> kr 0x00000000 rid 121 GPUVA 0x100026a0000 cpu 10c6a0000
[mtlr]   out: 00000100026a0000 000000010c6a0000 0000000104721ac0 0000000000000000
[mtlr]   out: 0000007900000000 0000000000100000 0000000034120c48 000000000001619a
[uatrec] S4 r10 victim[2] rid 121 gpuva 0x100026a0000 cpu 0x10c6a0000 (top-of-stack)
[mtlr] resource2 sel8 flags 470 sz 0x100000 -> kr 0x00000000 rid 122 GPUVA 0x100027a8000 cpu 10c7a0000
[mtlr]   out: 00000100027a8000 000000010c7a0000 0000000104721b80 0000000000000000
[mtlr]   out: 0000007a00000000 0000000000100000 0000000034120c50 000000000001619b
[uatrec] S4 r10 victim[3] rid 122 gpuva 0x100027a8000 cpu 0x10c7a0000 (top-of-stack)
[mtlr] resource2 sel8 flags 470 sz 0x100000 -> kr 0x00000000 rid 123 GPUVA 0x100028b0000 cpu 10c8a0000
[mtlr]   out: 00000100028b0000 000000010c8a0000 0000000104721c40 0000000000000000
[mtlr]   out: 0000007b00000000 0000000000100000 0000000034120c51 000000000001619c
[uatrec] S4 r10 victim[4] rid 123 gpuva 0x100028b0000 cpu 0x10c8a0000 (top-of-stack)
[mtlr] resource2 sel8 flags 470 sz 0x100000 -> kr 0x00000000 rid 124 GPUVA 0x100029b8000 cpu 10c9a0000
[mtlr]   out: 00000100029b8000 000000010c9a0000 0000000104721d00 0000000000000000
[mtlr]   out: 0000007c00000000 0000000000100000 0000000034120c52 000000000001619d
[uatrec] S4 r10 victim[5] rid 124 gpuva 0x100029b8000 cpu 0x10c9a0000 (top-of-stack)
[mtlr] resource2 sel8 flags 470 sz 0x100000 -> kr 0x00000000 rid 125 GPUVA 0x10002ac0000 cpu 10caa0000
[mtlr]   out: 0000010002ac0000 000000010caa0000 0000000104721dc0 0000000000000000
[mtlr]   out: 0000007d00000000 0000000000100000 0000000034120c53 000000000001619e
[uatrec] S4 r10 victim[6] rid 125 gpuva 0x10002ac0000 cpu 0x10caa0000 (top-of-stack)
[mtlr] resource2 sel8 flags 470 sz 0x100000 -> kr 0x00000000 rid 126 GPUVA 0x10002bc8000 cpu 10cba0000
[mtlr]   out: 0000010002bc8000 000000010cba0000 0000000104721e80 0000000000000000
[mtlr]   out: 0000007e00000000 0000000000100000 0000000034120c54 000000000001619f
[uatrec] S4 r10 victim[7] rid 126 gpuva 0x10002bc8000 cpu 0x10cba0000 (top-of-stack)
[mtlr] resource2 sel8 flags 470 sz 0x1000 -> kr 0x00000000 rid 119 GPUVA 0x10002490000 cpu 10d7ac000
[mtlr]   out: 0000010002490000 000000010d7ac000 0000000104721940 0000000000000000
[mtlr]   out: 0000007700000000 0000000000004000 0000000034120c70 00000000000161a9
[mtlr] resource2 sel8 flags 470 sz 0x1000 -> kr 0x00000000 rid 119 GPUVA 0x10002490000 cpu 10d7ac000
[mtlr]   out: 0000010002490000 000000010d7ac000 0000000104721940 0000000000000000
[mtlr]   out: 0000007700000000 0000000000004000 0000000034120c71 00000000000161aa
[mtlr] resource2 sel8 flags 470 sz 0x1000 -> kr 0x00000000 rid 119 GPUVA 0x10002490000 cpu 10d7ac000
[mtlr]   out: 0000010002490000 000000010d7ac000 0000000104721940 0000000000000000
[mtlr]   out: 0000007700000000 0000000000004000 0000000034120c72 00000000000161ab
[mtlr] resource2 sel8 flags 470 sz 0x1000 -> kr 0x00000000 rid 119 GPUVA 0x10002490000 cpu 10d7ac000
[mtlr]   out: 0000010002490000 000000010d7ac000 0000000104721940 0000000000000000
[mtlr]   out: 0000007700000000 0000000000004000 0000000034120c73 00000000000161ac
[mtlr] resource2 sel8 flags 470 sz 0x1000 -> kr 0x00000000 rid 119 GPUVA 0x10002490000 cpu 10d7ac000
[mtlr]   out: 0000010002490000 000000010d7ac000 0000000104721940 0000000000000000
[mtlr]   out: 0000007700000000 0000000000004000 0000000034120c74 00000000000161ad
[mtlr] resource2 sel8 flags 470 sz 0x1000 -> kr 0x00000000 rid 119 GPUVA 0x10002490000 cpu 10d7ac000
[mtlr]   out: 0000010002490000 000000010d7ac000 0000000104721940 0000000000000000
[mtlr]   out: 0000007700000000 0000000000004000 0000000034120c75 00000000000161ae
[mtlr] resource2 sel8 flags 470 sz 0x1000 -> kr 0x00000000 rid 119 GPUVA 0x10002490000 cpu 10d7ac000
[mtlr]   out: 0000010002490000 000000010d7ac000 0000000104721940 0000000000000000
[mtlr]   out: 0000007700000000 0000000000004000 0000000034120c76 00000000000161af
[mtlr] resource2 sel8 flags 470 sz 0x1000 -> kr 0x00000000 rid 119 GPUVA 0x10002490000 cpu 10d7ac000
[mtlr]   out: 0000010002490000 000000010d7ac000 0000000104721940 0000000000000000
[mtlr]   out: 0000007700000000 0000000000004000 0000000034120c77 00000000000161b0
[mtlr] resource2 sel8 flags 470 sz 0x1000 -> kr 0x00000000 rid 119 GPUVA 0x10002490000 cpu 10d7ac000
[mtlr]   out: 0000010002490000 000000010d7ac000 0000000104721940 0000000000000000
[mtlr]   out: 0000007700000000 0000000000004000 0000000034120c78 00000000000161b1
[mtlr] resource2 sel8 flags 470 sz 0x1000 -> kr 0x00000000 rid 119 GPUVA 0x10002490000 cpu 10d7ac000
[mtlr]   out: 0000010002490000 000000010d7ac000 0000000104721940 0000000000000000
[mtlr]   out: 0000007700000000 0000000000004000 0000000034120c79 00000000000161b2
[mtlr] resource2 sel8 flags 470 sz 0x1000 -> kr 0x00000000 rid 119 GPUVA 0x10002490000 cpu 10d7ac000
[mtlr]   out: 0000010002490000 000000010d7ac000 0000000104721940 0000000000000000
[mtlr]   out: 0000007700000000 0000000000004000 0000000034120c7a 00000000000161b3
[mtlr] resource2 sel8 flags 470 sz 0x1000 -> kr 0x00000000 rid 119 GPUVA 0x10002490000 cpu 10d7ac000
[mtlr]   out: 0000010002490000 000000010d7ac000 0000000104721940 0000000000000000
[mtlr]   out: 0000007700000000 0000000000004000 0000000034120c7b 00000000000161b4
[mtlr] resource2 sel8 flags 470 sz 0x1000 -> kr 0x00000000 rid 119 GPUVA 0x10002490000 cpu 10d7ac000
[mtlr]   out: 0000010002490000 000000010d7ac000 0000000104721940 0000000000000000
[mtlr]   out: 0000007700000000 0000000000004000 0000000034120c7c 00000000000161b5
[mtlr] resource2 sel8 flags 470 sz 0x1000 -> kr 0x00000000 rid 119 GPUVA 0x10002490000 cpu 10d7ac000
[mtlr]   out: 0000010002490000 000000010d7ac000 0000000104721940 0000000000000000
[mtlr]   out: 0000007700000000 0000000000004000 0000000034120c7d 00000000000161b6
[mtlr] resource2 sel8 flags 470 sz 0x1000 -> kr 0x00000000 rid 119 GPUVA 0x10002490000 cpu 10d7ac000
[mtlr]   out: 0000010002490000 000000010d7ac000 0000000104721940 0000000000000000
[mtlr]   out: 0000007700000000 0000000000004000 0000000034120c7e 00000000000161b7
[mtlr] resource2 sel8 flags 470 sz 0x1000 -> kr 0x00000000 rid 119 GPUVA 0x10002490000 cpu 10d7ac000
[mtlr]   out: 0000010002490000 000000010d7ac000 0000000104721940 0000000000000000
[mtlr]   out: 0000007700000000 0000000000004000 0000000034120c7f 00000000000161b8
[mtlr] resource2 sel8 flags 470 sz 0x1000 -> kr 0x00000000 rid 119 GPUVA 0x10002490000 cpu 10d7ac000
[mtlr]   out: 0000010002490000 000000010d7ac000 0000000104721940 0000000000000000
[mtlr]   out: 0000007700000000 0000000000004000 0000000034120c80 00000000000161b9
[mtlr] resource2 sel8 flags 470 sz 0x1000 -> kr 0x00000000 rid 119 GPUVA 0x10002490000 cpu 10d7ac000
[mtlr]   out: 0000010002490000 000000010d7ac000 0000000104721940 0000000000000000
[mtlr]   out: 0000007700000000 0000000000004000 0000000034120c81 00000000000161ba
[mtlr] resource2 sel8 flags 470 sz 0x1000 -> kr 0x00000000 rid 119 GPUVA 0x10002490000 cpu 10d7ac000
[mtlr]   out: 0000010002490000 000000010d7ac000 0000000104721940 0000000000000000
[mtlr]   out: 0000007700000000 0000000000004000 0000000034120c82 00000000000161bb
[mtlr] resource2 sel8 flags 470 sz 0x1000 -> kr 0x00000000 rid 119 GPUVA 0x10002490000 cpu 10d7ac000
[mtlr]   out: 0000010002490000 000000010d7ac000 0000000104721940 0000000000000000
[mtlr]   out: 0000007700000000 0000000000004000 0000000034120c83 00000000000161bc
[mtlr] resource2 sel8 flags 470 sz 0x1000 -> kr 0x00000000 rid 119 GPUVA 0x10002490000 cpu 10d7ac000
[mtlr]   out: 0000010002490000 000000010d7ac000 0000000104721940 0000000000000000
[mtlr]   out: 0000007700000000 0000000000004000 0000000034120c84 00000000000161bd
[mtlr] resource2 sel8 flags 470 sz 0x1000 -> kr 0x00000000 rid 119 GPUVA 0x10002490000 cpu 10d7ac000
[mtlr]   out: 0000010002490000 000000010d7ac000 0000000104721940 0000000000000000
[mtlr]   out: 0000007700000000 0000000000004000 0000000034120c85 00000000000161be
[mtlr] resource2 sel8 flags 470 sz 0x1000 -> kr 0x00000000 rid 119 GPUVA 0x10002490000 cpu 10d7ac000
[mtlr]   out: 0000010002490000 000000010d7ac000 0000000104721940 0000000000000000
[mtlr]   out: 0000007700000000 0000000000004000 0000000034120c86 00000000000161bf
[mtlr] resource2 sel8 flags 470 sz 0x1000 -> kr 0x00000000 rid 119 GPUVA 0x10002490000 cpu 10d7ac000
[mtlr]   out: 0000010002490000 000000010d7ac000 0000000104721940 0000000000000000
[mtlr]   out: 0000007700000000 0000000000004000 0000000034120c87 00000000000161c0
[mtlr] resource2 sel8 flags 470 sz 0x1000 -> kr 0x00000000 rid 119 GPUVA 0x10002490000 cpu 10d7ac000
[mtlr]   out: 0000010002490000 000000010d7ac000 0000000104721940 0000000000000000
[mtlr]   out: 0000007700000000 0000000000004000 0000000034120c88 00000000000161c1
[mtlr] resource2 sel8 flags 470 sz 0x1000 -> kr 0x00000000 rid 119 GPUVA 0x10002490000 cpu 10d7ac000
[mtlr]   out: 0000010002490000 000000010d7ac000 0000000104721940 0000000000000000
[mtlr]   out: 0000007700000000 0000000000004000 0000000034120c89 00000000000161c2
[mtlr] resource2 sel8 flags 470 sz 0x1000 -> kr 0x00000000 rid 119 GPUVA 0x10002490000 cpu 10d7ac000
[mtlr]   out: 0000010002490000 000000010d7ac000 0000000104721940 0000000000000000
[mtlr]   out: 0000007700000000 0000000000004000 0000000034120c8a 00000000000161c3
[mtlr] resource2 sel8 flags 470 sz 0x1000 -> kr 0x00000000 rid 119 GPUVA 0x10002490000 cpu 10d7ac000
[mtlr]   out: 0000010002490000 000000010d7ac000 0000000104721940 0000000000000000
[mtlr]   out: 0000007700000000 0000000000004000 0000000034120c8b 00000000000161c4
[mtlr] resource2 sel8 flags 470 sz 0x1000 -> kr 0x00000000 rid 119 GPUVA 0x10002490000 cpu 10d7ac000
[mtlr]   out: 0000010002490000 000000010d7ac000 0000000104721940 0000000000000000
[mtlr]   out: 0000007700000000 0000000000004000 0000000034120c8c 00000000000161c5
[mtlr] resource2 sel8 flags 470 sz 0x1000 -> kr 0x00000000 rid 119 GPUVA 0x10002490000 cpu 10d7ac000
[mtlr]   out: 0000010002490000 000000010d7ac000 0000000104721940 0000000000000000
[mtlr]   out: 0000007700000000 0000000000004000 0000000034120c8d 00000000000161c6
[mtlr] resource2 sel8 flags 470 sz 0x1000 -> kr 0x00000000 rid 119 GPUVA 0x10002490000 cpu 10d7ac000
[mtlr]   out: 0000010002490000 000000010d7ac000 0000000104721940 0000000000000000
[mtlr]   out: 0000007700000000 0000000000004000 0000000034120c8e 00000000000161c7
[mtlr] resource2 sel8 flags 470 sz 0x1000 -> kr 0x00000000 rid 119 GPUVA 0x10002490000 cpu 10d7ac000
[mtlr]   out: 0000010002490000 000000010d7ac000 0000000104721940 0000000000000000
[mtlr]   out: 0000007700000000 0000000000004000 0000000034120c8f 00000000000161c8
[mtlr] resource2 sel8 flags 470 sz 0x1000 -> kr 0x00000000 rid 119 GPUVA 0x10002490000 cpu 10d7ac000
[mtlr]   out: 0000010002490000 000000010d7ac000 0000000104721940 0000000000000000
[mtlr]   out: 0000007700000000 0000000000004000 0000000034120c90 00000000000161c9
[mtlr] resource2 sel8 flags 470 sz 0x1000 -> kr 0x00000000 rid 119 GPUVA 0x10002490000 cpu 10d7ac000
[mtlr]   out: 0000010002490000 000000010d7ac000 0000000104721940 0000000000000000
[mtlr]   out: 0000007700000000 0000000000004000 0000000034120c91 00000000000161ca
[mtlr] resource2 sel8 flags 470 sz 0x1000 -> kr 0x00000000 rid 119 GPUVA 0x10002490000 cpu 10d7ac000
[mtlr]   out: 0000010002490000 000000010d7ac000 0000000104721940 0000000000000000
[mtlr]   out: 0000007700000000 0000000000004000 0000000034120c92 00000000000161cb
[mtlr] resource2 sel8 flags 470 sz 0x1000 -> kr 0x00000000 rid 119 GPUVA 0x10002490000 cpu 10d7ac000
[mtlr]   out: 0000010002490000 000000010d7ac000 0000000104721940 0000000000000000
[mtlr]   out: 0000007700000000 0000000000004000 0000000034120c93 00000000000161cc
[mtlr] resource2 sel8 flags 470 sz 0x1000 -> kr 0x00000000 rid 119 GPUVA 0x10002490000 cpu 10d7ac000
[mtlr]   out: 0000010002490000 000000010d7ac000 0000000104721940 0000000000000000
[mtlr]   out: 0000007700000000 0000000000004000 0000000034120c96 00000000000161cd
[mtlr] resource2 sel8 flags 470 sz 0x1000 -> kr 0x00000000 rid 119 GPUVA 0x10002490000 cpu 10d7ac000
[mtlr]   out: 0000010002490000 000000010d7ac000 0000000104721940 0000000000000000
[mtlr]   out: 0000007700000000 0000000000004000 0000000034120c97 00000000000161ce
[mtlr] resource2 sel8 flags 470 sz 0x1000 -> kr 0x00000000 rid 119 GPUVA 0x10002490000 cpu 10d7ac000
[mtlr]   out: 0000010002490000 000000010d7ac000 0000000104721940 0000000000000000
[mtlr]   out: 0000007700000000 0000000000004000 0000000034120c98 00000000000161cf
[mtlr] resource2 sel8 flags 470 sz 0x1000 -> kr 0x00000000 rid 119 GPUVA 0x10002490000 cpu 10d7ac000
[mtlr]   out: 0000010002490000 000000010d7ac000 0000000104721940 0000000000000000
[mtlr]   out: 0000007700000000 0000000000004000 0000000034120c9b 00000000000161d0
[uatrec] S4 r10 (+0s): nvv 8 ncb 8 vsz 0x100000 fill 0x0 destroy0 kr 0x00000000 nj 40
[uatrec] S4 r10 blit[0] slots 7 ridp 1
[uatrec] S4 r10 blit[1] slots 7 ridp 1
[uatrec] S4 r10 blit[2] slots 7 ridp 1
[uatrec] S4 r10 blit[3] slots 7 ridp 1
[uatrec] S4 r10 blit[4] slots 7 ridp 1
[uatrec] S4 r10 blit[5] slots 7 ridp 1
[uatrec] S4 r10 blit[6] slots 7 ridp 1
[uatrec] S4 r10 blit[7] slots 7 ridp 1
[mtlr] resource2 sel8 flags 470 sz 0x100000 -> kr 0x00000000 rid 119 GPUVA 0x10002490000 cpu 10d6ac000
[mtlr]   out: 0000010002490000 000000010d6ac000 0000000104721940 0000000000000000
[mtlr]   out: 0000007700000000 0000000000100000 0000000034120cc3 00000000000161d3
[uatrec] S4 r11 victim[0] rid 119 gpuva 0x10002490000 cpu 0x10d6ac000 (top-of-stack)
[mtlr] resource2 sel8 flags 470 sz 0x100000 -> kr 0x00000000 rid 120 GPUVA 0x10002598000 cpu 10d7ac000
[mtlr]   out: 0000010002598000 000000010d7ac000 0000000104721a00 0000000000000000
[mtlr]   out: 0000007800000000 0000000000100000 0000000034120cc4 00000000000161d4
[uatrec] S4 r11 victim[1] rid 120 gpuva 0x10002598000 cpu 0x10d7ac000 (top-of-stack)
[mtlr] resource2 sel8 flags 470 sz 0x100000 -> kr 0x00000000 rid 121 GPUVA 0x100026a0000 cpu 10d8ac000
[mtlr]   out: 00000100026a0000 000000010d8ac000 0000000104721ac0 0000000000000000
[mtlr]   out: 0000007900000000 0000000000100000 0000000034120cc5 00000000000161d5
[uatrec] S4 r11 victim[2] rid 121 gpuva 0x100026a0000 cpu 0x10d8ac000 (top-of-stack)
[mtlr] resource2 sel8 flags 470 sz 0x100000 -> kr 0x00000000 rid 122 GPUVA 0x100027a8000 cpu 10d9ac000
[mtlr]   out: 00000100027a8000 000000010d9ac000 0000000104721b80 0000000000000000
[mtlr]   out: 0000007a00000000 0000000000100000 0000000034120cc6 00000000000161d6
[uatrec] S4 r11 victim[3] rid 122 gpuva 0x100027a8000 cpu 0x10d9ac000 (top-of-stack)
[mtlr] resource2 sel8 flags 470 sz 0x100000 -> kr 0x00000000 rid 123 GPUVA 0x100028b0000 cpu 10daac000
[mtlr]   out: 00000100028b0000 000000010daac000 0000000104721c40 0000000000000000
[mtlr]   out: 0000007b00000000 0000000000100000 0000000034120cc9 00000000000161d7
[uatrec] S4 r11 victim[4] rid 123 gpuva 0x100028b0000 cpu 0x10daac000 (top-of-stack)
[mtlr] resource2 sel8 flags 470 sz 0x100000 -> kr 0x00000000 rid 124 GPUVA 0x100029b8000 cpu 10dbac000
[mtlr]   out: 00000100029b8000 000000010dbac000 0000000104721d00 0000000000000000
[mtlr]   out: 0000007c00000000 0000000000100000 0000000034120ccf 00000000000161d8
[uatrec] S4 r11 victim[5] rid 124 gpuva 0x100029b8000 cpu 0x10dbac000 (top-of-stack)
[mtlr] resource2 sel8 flags 470 sz 0x100000 -> kr 0x00000000 rid 125 GPUVA 0x10002ac0000 cpu 10dcac000
[mtlr]   out: 0000010002ac0000 000000010dcac000 0000000104721dc0 0000000000000000
[mtlr]   out: 0000007d00000000 0000000000100000 0000000034120cd0 00000000000161d9
[uatrec] S4 r11 victim[6] rid 125 gpuva 0x10002ac0000 cpu 0x10dcac000 (top-of-stack)
[mtlr] resource2 sel8 flags 470 sz 0x100000 -> kr 0x00000000 rid 126 GPUVA 0x10002bc8000 cpu 10ddac000
[mtlr]   out: 0000010002bc8000 000000010ddac000 0000000104721e80 0000000000000000
[mtlr]   out: 0000007e00000000 0000000000100000 0000000034120cd1 00000000000161da
[uatrec] S4 r11 victim[7] rid 126 gpuva 0x10002bc8000 cpu 0x10ddac000 (top-of-stack)
[mtlr] resource2 sel8 flags 470 sz 0x1000 -> kr 0x00000000 rid 119 GPUVA 0x10002490000 cpu 10e5ac000
[mtlr]   out: 0000010002490000 000000010e5ac000 0000000104721940 0000000000000000
[mtlr]   out: 0000007700000000 0000000000004000 0000000034120ced 00000000000161e4
[mtlr] resource2 sel8 flags 470 sz 0x1000 -> kr 0x00000000 rid 119 GPUVA 0x10002490000 cpu 10e5ac000
[mtlr]   out: 0000010002490000 000000010e5ac000 0000000104721940 0000000000000000
[mtlr]   out: 0000007700000000 0000000000004000 0000000034120cee 00000000000161e5
[mtlr] resource2 sel8 flags 470 sz 0x1000 -> kr 0x00000000 rid 119 GPUVA 0x10002490000 cpu 10e5ac000
[mtlr]   out: 0000010002490000 000000010e5ac000 0000000104721940 0000000000000000
[mtlr]   out: 0000007700000000 0000000000004000 0000000034120cef 00000000000161e6
[mtlr] resource2 sel8 flags 470 sz 0x1000 -> kr 0x00000000 rid 119 GPUVA 0x10002490000 cpu 10e5ac000
[mtlr]   out: 0000010002490000 000000010e5ac000 0000000104721940 0000000000000000
[mtlr]   out: 0000007700000000 0000000000004000 0000000034120cf0 00000000000161e7
[mtlr] resource2 sel8 flags 470 sz 0x1000 -> kr 0x00000000 rid 119 GPUVA 0x10002490000 cpu 10e5ac000
[mtlr]   out: 0000010002490000 000000010e5ac000 0000000104721940 0000000000000000
[mtlr]   out: 0000007700000000 0000000000004000 0000000034120cf1 00000000000161e8
[mtlr] resource2 sel8 flags 470 sz 0x1000 -> kr 0x00000000 rid 119 GPUVA 0x10002490000 cpu 10e5ac000
[mtlr]   out: 0000010002490000 000000010e5ac000 0000000104721940 0000000000000000
[mtlr]   out: 0000007700000000 0000000000004000 0000000034120cf2 00000000000161e9
[mtlr] resource2 sel8 flags 470 sz 0x1000 -> kr 0x00000000 rid 119 GPUVA 0x10002490000 cpu 10e5ac000
[mtlr]   out: 0000010002490000 000000010e5ac000 0000000104721940 0000000000000000
[mtlr]   out: 0000007700000000 0000000000004000 0000000034120cf3 00000000000161ea
[mtlr] resource2 sel8 flags 470 sz 0x1000 -> kr 0x00000000 rid 119 GPUVA 0x10002490000 cpu 10e5ac000
[mtlr]   out: 0000010002490000 000000010e5ac000 0000000104721940 0000000000000000
[mtlr]   out: 0000007700000000 0000000000004000 0000000034120cf4 00000000000161eb
[mtlr] resource2 sel8 flags 470 sz 0x1000 -> kr 0x00000000 rid 119 GPUVA 0x10002490000 cpu 10e5ac000
[mtlr]   out: 0000010002490000 000000010e5ac000 0000000104721940 0000000000000000
[mtlr]   out: 0000007700000000 0000000000004000 0000000034120cf5 00000000000161ec
[mtlr] resource2 sel8 flags 470 sz 0x1000 -> kr 0x00000000 rid 119 GPUVA 0x10002490000 cpu 10e5ac000
[mtlr]   out: 0000010002490000 000000010e5ac000 0000000104721940 0000000000000000
[mtlr]   out: 0000007700000000 0000000000004000 0000000034120cf6 00000000000161ed
[mtlr] resource2 sel8 flags 470 sz 0x1000 -> kr 0x00000000 rid 119 GPUVA 0x10002490000 cpu 10e5ac000
[mtlr]   out: 0000010002490000 000000010e5ac000 0000000104721940 0000000000000000
[mtlr]   out: 0000007700000000 0000000000004000 0000000034120cf7 00000000000161ee
[mtlr] resource2 sel8 flags 470 sz 0x1000 -> kr 0x00000000 rid 119 GPUVA 0x10002490000 cpu 10e5ac000
[mtlr]   out: 0000010002490000 000000010e5ac000 0000000104721940 0000000000000000
[mtlr]   out: 0000007700000000 0000000000004000 0000000034120cf8 00000000000161ef
[mtlr] resource2 sel8 flags 470 sz 0x1000 -> kr 0x00000000 rid 119 GPUVA 0x10002490000 cpu 10e5ac000
[mtlr]   out: 0000010002490000 000000010e5ac000 0000000104721940 0000000000000000
[mtlr]   out: 0000007700000000 0000000000004000 0000000034120cf9 00000000000161f0
[mtlr] resource2 sel8 flags 470 sz 0x1000 -> kr 0x00000000 rid 119 GPUVA 0x10002490000 cpu 10e5ac000
[mtlr]   out: 0000010002490000 000000010e5ac000 0000000104721940 0000000000000000
[mtlr]   out: 0000007700000000 0000000000004000 0000000034120cfa 00000000000161f1
[mtlr] resource2 sel8 flags 470 sz 0x1000 -> kr 0x00000000 rid 119 GPUVA 0x10002490000 cpu 10e5ac000
[mtlr]   out: 0000010002490000 000000010e5ac000 0000000104721940 0000000000000000
[mtlr]   out: 0000007700000000 0000000000004000 0000000034120cfb 00000000000161f2
[mtlr] resource2 sel8 flags 470 sz 0x1000 -> kr 0x00000000 rid 119 GPUVA 0x10002490000 cpu 10e5ac000
[mtlr]   out: 0000010002490000 000000010e5ac000 0000000104721940 0000000000000000
[mtlr]   out: 0000007700000000 0000000000004000 0000000034120cfc 00000000000161f3
[mtlr] resource2 sel8 flags 470 sz 0x1000 -> kr 0x00000000 rid 119 GPUVA 0x10002490000 cpu 10e5ac000
[mtlr]   out: 0000010002490000 000000010e5ac000 0000000104721940 0000000000000000
[mtlr]   out: 0000007700000000 0000000000004000 0000000034120cfd 00000000000161f4
[mtlr] resource2 sel8 flags 470 sz 0x1000 -> kr 0x00000000 rid 119 GPUVA 0x10002490000 cpu 10e5ac000
[mtlr]   out: 0000010002490000 000000010e5ac000 0000000104721940 0000000000000000
[mtlr]   out: 0000007700000000 0000000000004000 0000000034120cfe 00000000000161f5
[mtlr] resource2 sel8 flags 470 sz 0x1000 -> kr 0x00000000 rid 119 GPUVA 0x10002490000 cpu 10e5ac000
[mtlr]   out: 0000010002490000 000000010e5ac000 0000000104721940 0000000000000000
[mtlr]   out: 0000007700000000 0000000000004000 0000000034120cff 00000000000161f6
[mtlr] resource2 sel8 flags 470 sz 0x1000 -> kr 0x00000000 rid 119 GPUVA 0x10002490000 cpu 10e5ac000
[mtlr]   out: 0000010002490000 000000010e5ac000 0000000104721940 0000000000000000
[mtlr]   out: 0000007700000000 0000000000004000 0000000034120d00 00000000000161f7
[mtlr] resource2 sel8 flags 470 sz 0x1000 -> kr 0x00000000 rid 119 GPUVA 0x10002490000 cpu 10e5ac000
[mtlr]   out: 0000010002490000 000000010e5ac000 0000000104721940 0000000000000000
[mtlr]   out: 0000007700000000 0000000000004000 0000000034120d01 00000000000161f8
[mtlr] resource2 sel8 flags 470 sz 0x1000 -> kr 0x00000000 rid 119 GPUVA 0x10002490000 cpu 10e5ac000
[mtlr]   out: 0000010002490000 000000010e5ac000 0000000104721940 0000000000000000
[mtlr]   out: 0000007700000000 0000000000004000 0000000034120d02 00000000000161f9
[mtlr] resource2 sel8 flags 470 sz 0x1000 -> kr 0x00000000 rid 119 GPUVA 0x10002490000 cpu 10e5ac000
[mtlr]   out: 0000010002490000 000000010e5ac000 0000000104721940 0000000000000000
[mtlr]   out: 0000007700000000 0000000000004000 0000000034120d03 00000000000161fa
[mtlr] resource2 sel8 flags 470 sz 0x1000 -> kr 0x00000000 rid 119 GPUVA 0x10002490000 cpu 10e5ac000
[mtlr]   out: 0000010002490000 000000010e5ac000 0000000104721940 0000000000000000
[mtlr]   out: 0000007700000000 0000000000004000 0000000034120d04 00000000000161fb
[mtlr] resource2 sel8 flags 470 sz 0x1000 -> kr 0x00000000 rid 119 GPUVA 0x10002490000 cpu 10e5ac000
[mtlr]   out: 0000010002490000 000000010e5ac000 0000000104721940 0000000000000000
[mtlr]   out: 0000007700000000 0000000000004000 0000000034120d05 00000000000161fc
[mtlr] resource2 sel8 flags 470 sz 0x1000 -> kr 0x00000000 rid 119 GPUVA 0x10002490000 cpu 10e5ac000
[mtlr]   out: 0000010002490000 000000010e5ac000 0000000104721940 0000000000000000
[mtlr]   out: 0000007700000000 0000000000004000 0000000034120d06 00000000000161fd
[mtlr] resource2 sel8 flags 470 sz 0x1000 -> kr 0x00000000 rid 119 GPUVA 0x10002490000 cpu 10e5ac000
[mtlr]   out: 0000010002490000 000000010e5ac000 0000000104721940 0000000000000000
[mtlr]   out: 0000007700000000 0000000000004000 0000000034120d07 00000000000161fe
[mtlr] resource2 sel8 flags 470 sz 0x1000 -> kr 0x00000000 rid 119 GPUVA 0x10002490000 cpu 10e5ac000
[mtlr]   out: 0000010002490000 000000010e5ac000 0000000104721940 0000000000000000
[mtlr]   out: 0000007700000000 0000000000004000 0000000034120d08 00000000000161ff
[mtlr] resource2 sel8 flags 470 sz 0x1000 -> kr 0x00000000 rid 119 GPUVA 0x10002490000 cpu 10e5ac000
[mtlr]   out: 0000010002490000 000000010e5ac000 0000000104721940 0000000000000000
[mtlr]   out: 0000007700000000 0000000000004000 0000000034120d09 0000000000016200
[mtlr] resource2 sel8 flags 470 sz 0x1000 -> kr 0x00000000 rid 119 GPUVA 0x10002490000 cpu 10e5ac000
[mtlr]   out: 0000010002490000 000000010e5ac000 0000000104721940 0000000000000000
[mtlr]   out: 0000007700000000 0000000000004000 0000000034120d0a 0000000000016201
[mtlr] resource2 sel8 flags 470 sz 0x1000 -> kr 0x00000000 rid 119 GPUVA 0x10002490000 cpu 10e5ac000
[mtlr]   out: 0000010002490000 000000010e5ac000 0000000104721940 0000000000000000
[mtlr]   out: 0000007700000000 0000000000004000 0000000034120d0b 0000000000016202
[mtlr] resource2 sel8 flags 470 sz 0x1000 -> kr 0x00000000 rid 119 GPUVA 0x10002490000 cpu 10e5ac000
[mtlr]   out: 0000010002490000 000000010e5ac000 0000000104721940 0000000000000000
[mtlr]   out: 0000007700000000 0000000000004000 0000000034120d0c 0000000000016203
[mtlr] resource2 sel8 flags 470 sz 0x1000 -> kr 0x00000000 rid 119 GPUVA 0x10002490000 cpu 10e5ac000
[mtlr]   out: 0000010002490000 000000010e5ac000 0000000104721940 0000000000000000
[mtlr]   out: 0000007700000000 0000000000004000 0000000034120d0d 0000000000016204
[mtlr] resource2 sel8 flags 470 sz 0x1000 -> kr 0x00000000 rid 119 GPUVA 0x10002490000 cpu 10e5ac000
[mtlr]   out: 0000010002490000 000000010e5ac000 0000000104721940 0000000000000000
[mtlr]   out: 0000007700000000 0000000000004000 0000000034120d0e 0000000000016205
[mtlr] resource2 sel8 flags 470 sz 0x1000 -> kr 0x00000000 rid 119 GPUVA 0x10002490000 cpu 10e5ac000
[mtlr]   out: 0000010002490000 000000010e5ac000 0000000104721940 0000000000000000
[mtlr]   out: 0000007700000000 0000000000004000 0000000034120d0f 0000000000016206
[mtlr] resource2 sel8 flags 470 sz 0x1000 -> kr 0x00000000 rid 119 GPUVA 0x10002490000 cpu 10e5ac000
[mtlr]   out: 0000010002490000 000000010e5ac000 0000000104721940 0000000000000000
[mtlr]   out: 0000007700000000 0000000000004000 0000000034120d10 0000000000016207
[mtlr] resource2 sel8 flags 470 sz 0x1000 -> kr 0x00000000 rid 119 GPUVA 0x10002490000 cpu 10e5ac000
[mtlr]   out: 0000010002490000 000000010e5ac000 0000000104721940 0000000000000000
[mtlr]   out: 0000007700000000 0000000000004000 0000000034120d11 0000000000016208
[mtlr] resource2 sel8 flags 470 sz 0x1000 -> kr 0x00000000 rid 119 GPUVA 0x10002490000 cpu 10e5ac000
[mtlr]   out: 0000010002490000 000000010e5ac000 0000000104721940 0000000000000000
[mtlr]   out: 0000007700000000 0000000000004000 0000000034120d12 0000000000016209
[mtlr] resource2 sel8 flags 470 sz 0x1000 -> kr 0x00000000 rid 119 GPUVA 0x10002490000 cpu 10e5ac000
[mtlr]   out: 0000010002490000 000000010e5ac000 0000000104721940 0000000000000000
[mtlr]   out: 0000007700000000 0000000000004000 0000000034120d13 000000000001620a
[mtlr] resource2 sel8 flags 470 sz 0x1000 -> kr 0x00000000 rid 119 GPUVA 0x10002490000 cpu 10e5ac000
[mtlr]   out: 0000010002490000 000000010e5ac000 0000000104721940 0000000000000000
[mtlr]   out: 0000007700000000 0000000000004000 0000000034120d14 000000000001620b
[uatrec] S4 r11 (+0s): nvv 8 ncb 8 vsz 0x100000 fill 0x0 destroy0 kr 0x00000000 nj 40
[uatrec] S4 r11 blit[0] slots 7 ridp 1
[uatrec] S4 r11 blit[1] slots 7 ridp 1
[uatrec] S4 r11 blit[2] slots 8 ridp 1
[uatrec] S4 r11 blit[3] slots 7 ridp 1
[uatrec] S4 r11 blit[4] slots 8 ridp 1
[uatrec] S4 r11 blit[5] slots 7 ridp 1
[uatrec] S4 r11 blit[6] slots 8 ridp 1
[uatrec] S4 r11 blit[7] slots 7 ridp 1
[mtlr] resource2 sel8 flags 470 sz 0x100000 -> kr 0x00000000 rid 119 GPUVA 0x10002490000 cpu 10dfac000
[mtlr]   out: 0000010002490000 000000010dfac000 0000000104721940 0000000000000000
[mtlr]   out: 0000007700000000 0000000000100000 0000000034120d41 000000000001620e
[uatrec] S4 r12 victim[0] rid 119 gpuva 0x10002490000 cpu 0x10dfac000 (top-of-stack)
[mtlr] resource2 sel8 flags 470 sz 0x100000 -> kr 0x00000000 rid 120 GPUVA 0x10002598000 cpu 10e0ac000
[mtlr]   out: 0000010002598000 000000010e0ac000 0000000104721a00 0000000000000000
[mtlr]   out: 0000007800000000 0000000000100000 0000000034120d42 000000000001620f
[uatrec] S4 r12 victim[1] rid 120 gpuva 0x10002598000 cpu 0x10e0ac000 (top-of-stack)
[mtlr] resource2 sel8 flags 470 sz 0x100000 -> kr 0x00000000 rid 121 GPUVA 0x100026a0000 cpu 10e1ac000
[mtlr]   out: 00000100026a0000 000000010e1ac000 0000000104721ac0 0000000000000000
[mtlr]   out: 0000007900000000 0000000000100000 0000000034120d43 0000000000016210
[uatrec] S4 r12 victim[2] rid 121 gpuva 0x100026a0000 cpu 0x10e1ac000 (top-of-stack)
[mtlr] resource2 sel8 flags 470 sz 0x100000 -> kr 0x00000000 rid 122 GPUVA 0x100027a8000 cpu 10c698000
[mtlr]   out: 00000100027a8000 000000010c698000 0000000104721b80 0000000000000000
[mtlr]   out: 0000007a00000000 0000000000100000 0000000034120d44 0000000000016211
[uatrec] S4 r12 victim[3] rid 122 gpuva 0x100027a8000 cpu 0x10c698000 (top-of-stack)
[mtlr] resource2 sel8 flags 470 sz 0x100000 -> kr 0x00000000 rid 123 GPUVA 0x100028b0000 cpu 10c7a0000
[mtlr]   out: 00000100028b0000 000000010c7a0000 0000000104721c40 0000000000000000
[mtlr]   out: 0000007b00000000 0000000000100000 0000000034120d45 0000000000016212
[uatrec] S4 r12 victim[4] rid 123 gpuva 0x100028b0000 cpu 0x10c7a0000 (top-of-stack)
[mtlr] resource2 sel8 flags 470 sz 0x100000 -> kr 0x00000000 rid 124 GPUVA 0x100029b8000 cpu 10c8a0000
[mtlr]   out: 00000100029b8000 000000010c8a0000 0000000104721d00 0000000000000000
[mtlr]   out: 0000007c00000000 0000000000100000 0000000034120d46 0000000000016213
[uatrec] S4 r12 victim[5] rid 124 gpuva 0x100029b8000 cpu 0x10c8a0000 (top-of-stack)
[mtlr] resource2 sel8 flags 470 sz 0x100000 -> kr 0x00000000 rid 125 GPUVA 0x10002ac0000 cpu 10c9a0000
[mtlr]   out: 0000010002ac0000 000000010c9a0000 0000000104721dc0 0000000000000000
[mtlr]   out: 0000007d00000000 0000000000100000 0000000034120d49 0000000000016214
[uatrec] S4 r12 victim[6] rid 125 gpuva 0x10002ac0000 cpu 0x10c9a0000 (top-of-stack)
[mtlr] resource2 sel8 flags 470 sz 0x100000 -> kr 0x00000000 rid 126 GPUVA 0x10002bc8000 cpu 10caa0000
[mtlr]   out: 0000010002bc8000 000000010caa0000 0000000104721e80 0000000000000000
[mtlr]   out: 0000007e00000000 0000000000100000 0000000034120d4f 0000000000016215
[uatrec] S4 r12 victim[7] rid 126 gpuva 0x10002bc8000 cpu 0x10caa0000 (top-of-stack)
[mtlr] resource2 sel8 flags 470 sz 0x1000 -> kr 0x00000000 rid 119 GPUVA 0x10002490000 cpu 10d4a0000
[mtlr]   out: 0000010002490000 000000010d4a0000 0000000104721940 0000000000000000
[mtlr]   out: 0000007700000000 0000000000004000 0000000034120d6b 000000000001621f
[mtlr] resource2 sel8 flags 470 sz 0x1000 -> kr 0x00000000 rid 119 GPUVA 0x10002490000 cpu 10d4a0000
[mtlr]   out: 0000010002490000 000000010d4a0000 0000000104721940 0000000000000000
[mtlr]   out: 0000007700000000 0000000000004000 0000000034120d6c 0000000000016220
[mtlr] resource2 sel8 flags 470 sz 0x1000 -> kr 0x00000000 rid 119 GPUVA 0x10002490000 cpu 10d4a0000
[mtlr]   out: 0000010002490000 000000010d4a0000 0000000104721940 0000000000000000
[mtlr]   out: 0000007700000000 0000000000004000 0000000034120d6d 0000000000016221
[mtlr] resource2 sel8 flags 470 sz 0x1000 -> kr 0x00000000 rid 119 GPUVA 0x10002490000 cpu 10d4a0000
[mtlr]   out: 0000010002490000 000000010d4a0000 0000000104721940 0000000000000000
[mtlr]   out: 0000007700000000 0000000000004000 0000000034120d6e 0000000000016222
[mtlr] resource2 sel8 flags 470 sz 0x1000 -> kr 0x00000000 rid 119 GPUVA 0x10002490000 cpu 10d4a0000
[mtlr]   out: 0000010002490000 000000010d4a0000 0000000104721940 0000000000000000
[mtlr]   out: 0000007700000000 0000000000004000 0000000034120d6f 0000000000016223
[mtlr] resource2 sel8 flags 470 sz 0x1000 -> kr 0x00000000 rid 119 GPUVA 0x10002490000 cpu 10d4a0000
[mtlr]   out: 0000010002490000 000000010d4a0000 0000000104721940 0000000000000000
[mtlr]   out: 0000007700000000 0000000000004000 0000000034120d70 0000000000016224
[mtlr] resource2 sel8 flags 470 sz 0x1000 -> kr 0x00000000 rid 119 GPUVA 0x10002490000 cpu 10d4a0000
[mtlr]   out: 0000010002490000 000000010d4a0000 0000000104721940 0000000000000000
[mtlr]   out: 0000007700000000 0000000000004000 0000000034120d71 0000000000016225
[mtlr] resource2 sel8 flags 470 sz 0x1000 -> kr 0x00000000 rid 119 GPUVA 0x10002490000 cpu 10d4a0000
[mtlr]   out: 0000010002490000 000000010d4a0000 0000000104721940 0000000000000000
[mtlr]   out: 0000007700000000 0000000000004000 0000000034120d72 0000000000016226
[mtlr] resource2 sel8 flags 470 sz 0x1000 -> kr 0x00000000 rid 119 GPUVA 0x10002490000 cpu 10d4a0000
[mtlr]   out: 0000010002490000 000000010d4a0000 0000000104721940 0000000000000000
[mtlr]   out: 0000007700000000 0000000000004000 0000000034120d73 0000000000016227
[mtlr] resource2 sel8 flags 470 sz 0x1000 -> kr 0x00000000 rid 119 GPUVA 0x10002490000 cpu 10d4a0000
[mtlr]   out: 0000010002490000 000000010d4a0000 0000000104721940 0000000000000000
[mtlr]   out: 0000007700000000 0000000000004000 0000000034120d74 0000000000016228
[mtlr] resource2 sel8 flags 470 sz 0x1000 -> kr 0x00000000 rid 119 GPUVA 0x10002490000 cpu 10d4a0000
[mtlr]   out: 0000010002490000 000000010d4a0000 0000000104721940 0000000000000000
[mtlr]   out: 0000007700000000 0000000000004000 0000000034120d75 0000000000016229
[mtlr] resource2 sel8 flags 470 sz 0x1000 -> kr 0x00000000 rid 119 GPUVA 0x10002490000 cpu 10d4a0000
[mtlr]   out: 0000010002490000 000000010d4a0000 0000000104721940 0000000000000000
[mtlr]   out: 0000007700000000 0000000000004000 0000000034120d76 000000000001622a
[mtlr] resource2 sel8 flags 470 sz 0x1000 -> kr 0x00000000 rid 119 GPUVA 0x10002490000 cpu 10d4a0000
[mtlr]   out: 0000010002490000 000000010d4a0000 0000000104721940 0000000000000000
[mtlr]   out: 0000007700000000 0000000000004000 0000000034120d77 000000000001622b
[mtlr] resource2 sel8 flags 470 sz 0x1000 -> kr 0x00000000 rid 119 GPUVA 0x10002490000 cpu 10d4a0000
[mtlr]   out: 0000010002490000 000000010d4a0000 0000000104721940 0000000000000000
[mtlr]   out: 0000007700000000 0000000000004000 0000000034120d78 000000000001622c
[mtlr] resource2 sel8 flags 470 sz 0x1000 -> kr 0x00000000 rid 119 GPUVA 0x10002490000 cpu 10d4a0000
[mtlr]   out: 0000010002490000 000000010d4a0000 0000000104721940 0000000000000000
[mtlr]   out: 0000007700000000 0000000000004000 0000000034120d79 000000000001622d
[mtlr] resource2 sel8 flags 470 sz 0x1000 -> kr 0x00000000 rid 119 GPUVA 0x10002490000 cpu 10d4a0000
[mtlr]   out: 0000010002490000 000000010d4a0000 0000000104721940 0000000000000000
[mtlr]   out: 0000007700000000 0000000000004000 0000000034120d7a 000000000001622e
[mtlr] resource2 sel8 flags 470 sz 0x1000 -> kr 0x00000000 rid 119 GPUVA 0x10002490000 cpu 10d4a0000
[mtlr]   out: 0000010002490000 000000010d4a0000 0000000104721940 0000000000000000
[mtlr]   out: 0000007700000000 0000000000004000 0000000034120d7b 000000000001622f
[mtlr] resource2 sel8 flags 470 sz 0x1000 -> kr 0x00000000 rid 119 GPUVA 0x10002490000 cpu 10d4a0000
[mtlr]   out: 0000010002490000 000000010d4a0000 0000000104721940 0000000000000000
[mtlr]   out: 0000007700000000 0000000000004000 0000000034120d7c 0000000000016230
[mtlr] resource2 sel8 flags 470 sz 0x1000 -> kr 0x00000000 rid 119 GPUVA 0x10002490000 cpu 10d4a0000
[mtlr]   out: 0000010002490000 000000010d4a0000 0000000104721940 0000000000000000
[mtlr]   out: 0000007700000000 0000000000004000 0000000034120d7d 0000000000016231
[mtlr] resource2 sel8 flags 470 sz 0x1000 -> kr 0x00000000 rid 119 GPUVA 0x10002490000 cpu 10d4a0000
[mtlr]   out: 0000010002490000 000000010d4a0000 0000000104721940 0000000000000000
[mtlr]   out: 0000007700000000 0000000000004000 0000000034120d7e 0000000000016232
[mtlr] resource2 sel8 flags 470 sz 0x1000 -> kr 0x00000000 rid 119 GPUVA 0x10002490000 cpu 10d4a0000
[mtlr]   out: 0000010002490000 000000010d4a0000 0000000104721940 0000000000000000
[mtlr]   out: 0000007700000000 0000000000004000 0000000034120d7f 0000000000016233
[mtlr] resource2 sel8 flags 470 sz 0x1000 -> kr 0x00000000 rid 119 GPUVA 0x10002490000 cpu 10d4a0000
[mtlr]   out: 0000010002490000 000000010d4a0000 0000000104721940 0000000000000000
[mtlr]   out: 0000007700000000 0000000000004000 0000000034120d80 0000000000016234
[mtlr] resource2 sel8 flags 470 sz 0x1000 -> kr 0x00000000 rid 119 GPUVA 0x10002490000 cpu 10d4a0000
[mtlr]   out: 0000010002490000 000000010d4a0000 0000000104721940 0000000000000000
[mtlr]   out: 0000007700000000 0000000000004000 0000000034120d81 0000000000016235
[mtlr] resource2 sel8 flags 470 sz 0x1000 -> kr 0x00000000 rid 119 GPUVA 0x10002490000 cpu 10d4a0000
[mtlr]   out: 0000010002490000 000000010d4a0000 0000000104721940 0000000000000000
[mtlr]   out: 0000007700000000 0000000000004000 0000000034120d82 0000000000016236
[mtlr] resource2 sel8 flags 470 sz 0x1000 -> kr 0x00000000 rid 119 GPUVA 0x10002490000 cpu 10d4a0000
[mtlr]   out: 0000010002490000 000000010d4a0000 0000000104721940 0000000000000000
[mtlr]   out: 0000007700000000 0000000000004000 0000000034120d83 0000000000016237
[mtlr] resource2 sel8 flags 470 sz 0x1000 -> kr 0x00000000 rid 119 GPUVA 0x10002490000 cpu 10d4a0000
[mtlr]   out: 0000010002490000 000000010d4a0000 0000000104721940 0000000000000000
[mtlr]   out: 0000007700000000 0000000000004000 0000000034120d84 0000000000016238
[mtlr] resource2 sel8 flags 470 sz 0x1000 -> kr 0x00000000 rid 119 GPUVA 0x10002490000 cpu 10d4a0000
[mtlr]   out: 0000010002490000 000000010d4a0000 0000000104721940 0000000000000000
[mtlr]   out: 0000007700000000 0000000000004000 0000000034120d85 0000000000016239
[mtlr] resource2 sel8 flags 470 sz 0x1000 -> kr 0x00000000 rid 119 GPUVA 0x10002490000 cpu 10d4a0000
[mtlr]   out: 0000010002490000 000000010d4a0000 0000000104721940 0000000000000000
[mtlr]   out: 0000007700000000 0000000000004000 0000000034120d86 000000000001623a
[mtlr] resource2 sel8 flags 470 sz 0x1000 -> kr 0x00000000 rid 119 GPUVA 0x10002490000 cpu 10d4a0000
[mtlr]   out: 0000010002490000 000000010d4a0000 0000000104721940 0000000000000000
[mtlr]   out: 0000007700000000 0000000000004000 0000000034120d87 000000000001623b
[mtlr] resource2 sel8 flags 470 sz 0x1000 -> kr 0x00000000 rid 119 GPUVA 0x10002490000 cpu 10d4a0000
[mtlr]   out: 0000010002490000 000000010d4a0000 0000000104721940 0000000000000000
[mtlr]   out: 0000007700000000 0000000000004000 0000000034120d88 000000000001623c
[mtlr] resource2 sel8 flags 470 sz 0x1000 -> kr 0x00000000 rid 119 GPUVA 0x10002490000 cpu 10d4a0000
[mtlr]   out: 0000010002490000 000000010d4a0000 0000000104721940 0000000000000000
[mtlr]   out: 0000007700000000 0000000000004000 0000000034120d89 000000000001623d
[mtlr] resource2 sel8 flags 470 sz 0x1000 -> kr 0x00000000 rid 119 GPUVA 0x10002490000 cpu 10d4a0000
[mtlr]   out: 0000010002490000 000000010d4a0000 0000000104721940 0000000000000000
[mtlr]   out: 0000007700000000 0000000000004000 0000000034120d8a 000000000001623e
[mtlr] resource2 sel8 flags 470 sz 0x1000 -> kr 0x00000000 rid 119 GPUVA 0x10002490000 cpu 10d4a0000
[mtlr]   out: 0000010002490000 000000010d4a0000 0000000104721940 0000000000000000
[mtlr]   out: 0000007700000000 0000000000004000 0000000034120d8b 000000000001623f
[mtlr] resource2 sel8 flags 470 sz 0x1000 -> kr 0x00000000 rid 119 GPUVA 0x10002490000 cpu 10d4a0000
[mtlr]   out: 0000010002490000 000000010d4a0000 0000000104721940 0000000000000000
[mtlr]   out: 0000007700000000 0000000000004000 0000000034120d8c 0000000000016240
[mtlr] resource2 sel8 flags 470 sz 0x1000 -> kr 0x00000000 rid 119 GPUVA 0x10002490000 cpu 10d4a0000
[mtlr]   out: 0000010002490000 000000010d4a0000 0000000104721940 0000000000000000
[mtlr]   out: 0000007700000000 0000000000004000 0000000034120d8d 0000000000016241
[mtlr] resource2 sel8 flags 470 sz 0x1000 -> kr 0x00000000 rid 119 GPUVA 0x10002490000 cpu 10d4a0000
[mtlr]   out: 0000010002490000 000000010d4a0000 0000000104721940 0000000000000000
[mtlr]   out: 0000007700000000 0000000000004000 0000000034120d8e 0000000000016242
[mtlr] resource2 sel8 flags 470 sz 0x1000 -> kr 0x00000000 rid 119 GPUVA 0x10002490000 cpu 10d4a0000
[mtlr]   out: 0000010002490000 000000010d4a0000 0000000104721940 0000000000000000
[mtlr]   out: 0000007700000000 0000000000004000 0000000034120d8f 0000000000016243
[mtlr] resource2 sel8 flags 470 sz 0x1000 -> kr 0x00000000 rid 119 GPUVA 0x10002490000 cpu 10d4a0000
[mtlr]   out: 0000010002490000 000000010d4a0000 0000000104721940 0000000000000000
[mtlr]   out: 0000007700000000 0000000000004000 0000000034120d90 0000000000016244
[mtlr] resource2 sel8 flags 470 sz 0x1000 -> kr 0x00000000 rid 119 GPUVA 0x10002490000 cpu 10d4a0000
[mtlr]   out: 0000010002490000 000000010d4a0000 0000000104721940 0000000000000000
[mtlr]   out: 0000007700000000 0000000000004000 0000000034120d91 0000000000016245
[mtlr] resource2 sel8 flags 470 sz 0x1000 -> kr 0x00000000 rid 119 GPUVA 0x10002490000 cpu 10d4a0000
[mtlr]   out: 0000010002490000 000000010d4a0000 0000000104721940 0000000000000000
[mtlr]   out: 0000007700000000 0000000000004000 0000000034120d92 0000000000016246
[uatrec] S4 r12 (+0s): nvv 8 ncb 8 vsz 0x100000 fill 0x0 destroy0 kr 0x00000000 nj 40
[uatrec] S4 r12 blit[0] slots 7 ridp 1
[uatrec] S4 r12 blit[1] slots 7 ridp 1
[uatrec] S4 r12 blit[2] slots 7 ridp 1
[uatrec] S4 r12 blit[3] slots 7 ridp 1
[uatrec] S4 r12 blit[4] slots 7 ridp 1
[uatrec] S4 r12 blit[5] slots 7 ridp 1
[uatrec] S4 r12 blit[6] slots 7 ridp 1
[uatrec] S4 r12 blit[7] slots 7 ridp 1
[mtlr] resource2 sel8 flags 470 sz 0x100000 -> kr 0x00000000 rid 119 GPUVA 0x10002490000 cpu 10cca0000
[mtlr]   out: 0000010002490000 000000010cca0000 0000000104721940 0000000000000000
[mtlr]   out: 0000007700000000 0000000000100000 0000000034120dbe 0000000000016249
[uatrec] S4 r13 victim[0] rid 119 gpuva 0x10002490000 cpu 0x10cca0000 (top-of-stack)
[mtlr] resource2 sel8 flags 470 sz 0x100000 -> kr 0x00000000 rid 120 GPUVA 0x10002598000 cpu 10cda0000
[mtlr]   out: 0000010002598000 000000010cda0000 0000000104721a00 0000000000000000
[mtlr]   out: 0000007800000000 0000000000100000 0000000034120dbf 000000000001624a
[uatrec] S4 r13 victim[1] rid 120 gpuva 0x10002598000 cpu 0x10cda0000 (top-of-stack)
[mtlr] resource2 sel8 flags 470 sz 0x100000 -> kr 0x00000000 rid 121 GPUVA 0x100026a0000 cpu 10cea0000
[mtlr]   out: 00000100026a0000 000000010cea0000 0000000104721ac0 0000000000000000
[mtlr]   out: 0000007900000000 0000000000100000 0000000034120dc0 000000000001624b
[uatrec] S4 r13 victim[2] rid 121 gpuva 0x100026a0000 cpu 0x10cea0000 (top-of-stack)
[mtlr] resource2 sel8 flags 470 sz 0x100000 -> kr 0x00000000 rid 122 GPUVA 0x100027a8000 cpu 10cfa0000
[mtlr]   out: 00000100027a8000 000000010cfa0000 0000000104721b80 0000000000000000
[mtlr]   out: 0000007a00000000 0000000000100000 0000000034120dc1 000000000001624c
[uatrec] S4 r13 victim[3] rid 122 gpuva 0x100027a8000 cpu 0x10cfa0000 (top-of-stack)
[mtlr] resource2 sel8 flags 470 sz 0x100000 -> kr 0x00000000 rid 123 GPUVA 0x100028b0000 cpu 10d0a0000
[mtlr]   out: 00000100028b0000 000000010d0a0000 0000000104721c40 0000000000000000
[mtlr]   out: 0000007b00000000 0000000000100000 0000000034120dc2 000000000001624d
[uatrec] S4 r13 victim[4] rid 123 gpuva 0x100028b0000 cpu 0x10d0a0000 (top-of-stack)
[mtlr] resource2 sel8 flags 470 sz 0x100000 -> kr 0x00000000 rid 124 GPUVA 0x100029b8000 cpu 10c6a0000
[mtlr]   out: 00000100029b8000 000000010c6a0000 0000000104721d00 0000000000000000
[mtlr]   out: 0000007c00000000 0000000000100000 0000000034120dc3 000000000001624e
[uatrec] S4 r13 victim[5] rid 124 gpuva 0x100029b8000 cpu 0x10c6a0000 (top-of-stack)
[mtlr] resource2 sel8 flags 470 sz 0x100000 -> kr 0x00000000 rid 125 GPUVA 0x10002ac0000 cpu 10c7a0000
[mtlr]   out: 0000010002ac0000 000000010c7a0000 0000000104721dc0 0000000000000000
[mtlr]   out: 0000007d00000000 0000000000100000 0000000034120dc6 000000000001624f
[uatrec] S4 r13 victim[6] rid 125 gpuva 0x10002ac0000 cpu 0x10c7a0000 (top-of-stack)
[mtlr] resource2 sel8 flags 470 sz 0x100000 -> kr 0x00000000 rid 126 GPUVA 0x10002bc8000 cpu 10c8a0000
[mtlr]   out: 0000010002bc8000 000000010c8a0000 0000000104721e80 0000000000000000
[mtlr]   out: 0000007e00000000 0000000000100000 0000000034120dcc 0000000000016250
[uatrec] S4 r13 victim[7] rid 126 gpuva 0x10002bc8000 cpu 0x10c8a0000 (top-of-stack)
[mtlr] resource2 sel8 flags 470 sz 0x1000 -> kr 0x00000000 rid 119 GPUVA 0x10002490000 cpu 10d7ac000
[mtlr]   out: 0000010002490000 000000010d7ac000 0000000104721940 0000000000000000
[mtlr]   out: 0000007700000000 0000000000004000 0000000034120de8 000000000001625a
[mtlr] resource2 sel8 flags 470 sz 0x1000 -> kr 0x00000000 rid 119 GPUVA 0x10002490000 cpu 10d7ac000
[mtlr]   out: 0000010002490000 000000010d7ac000 0000000104721940 0000000000000000
[mtlr]   out: 0000007700000000 0000000000004000 0000000034120de9 000000000001625b
[mtlr] resource2 sel8 flags 470 sz 0x1000 -> kr 0x00000000 rid 119 GPUVA 0x10002490000 cpu 10d7ac000
[mtlr]   out: 0000010002490000 000000010d7ac000 0000000104721940 0000000000000000
[mtlr]   out: 0000007700000000 0000000000004000 0000000034120dea 000000000001625c
[mtlr] resource2 sel8 flags 470 sz 0x1000 -> kr 0x00000000 rid 119 GPUVA 0x10002490000 cpu 10d7ac000
[mtlr]   out: 0000010002490000 000000010d7ac000 0000000104721940 0000000000000000
[mtlr]   out: 0000007700000000 0000000000004000 0000000034120deb 000000000001625d
[mtlr] resource2 sel8 flags 470 sz 0x1000 -> kr 0x00000000 rid 119 GPUVA 0x10002490000 cpu 10d7ac000
[mtlr]   out: 0000010002490000 000000010d7ac000 0000000104721940 0000000000000000
[mtlr]   out: 0000007700000000 0000000000004000 0000000034120dec 000000000001625e
[mtlr] resource2 sel8 flags 470 sz 0x1000 -> kr 0x00000000 rid 119 GPUVA 0x10002490000 cpu 10d7ac000
[mtlr]   out: 0000010002490000 000000010d7ac000 0000000104721940 0000000000000000
[mtlr]   out: 0000007700000000 0000000000004000 0000000034120ded 000000000001625f
[mtlr] resource2 sel8 flags 470 sz 0x1000 -> kr 0x00000000 rid 119 GPUVA 0x10002490000 cpu 10d7ac000
[mtlr]   out: 0000010002490000 000000010d7ac000 0000000104721940 0000000000000000
[mtlr]   out: 0000007700000000 0000000000004000 0000000034120dee 0000000000016260
[mtlr] resource2 sel8 flags 470 sz 0x1000 -> kr 0x00000000 rid 119 GPUVA 0x10002490000 cpu 10d7ac000
[mtlr]   out: 0000010002490000 000000010d7ac000 0000000104721940 0000000000000000
[mtlr]   out: 0000007700000000 0000000000004000 0000000034120def 0000000000016261
[mtlr] resource2 sel8 flags 470 sz 0x1000 -> kr 0x00000000 rid 119 GPUVA 0x10002490000 cpu 10d7ac000
[mtlr]   out: 0000010002490000 000000010d7ac000 0000000104721940 0000000000000000
[mtlr]   out: 0000007700000000 0000000000004000 0000000034120df0 0000000000016262
[mtlr] resource2 sel8 flags 470 sz 0x1000 -> kr 0x00000000 rid 119 GPUVA 0x10002490000 cpu 10d7ac000
[mtlr]   out: 0000010002490000 000000010d7ac000 0000000104721940 0000000000000000
[mtlr]   out: 0000007700000000 0000000000004000 0000000034120df1 0000000000016263
[mtlr] resource2 sel8 flags 470 sz 0x1000 -> kr 0x00000000 rid 119 GPUVA 0x10002490000 cpu 10d7ac000
[mtlr]   out: 0000010002490000 000000010d7ac000 0000000104721940 0000000000000000
[mtlr]   out: 0000007700000000 0000000000004000 0000000034120df2 0000000000016264
[mtlr] resource2 sel8 flags 470 sz 0x1000 -> kr 0x00000000 rid 119 GPUVA 0x10002490000 cpu 10d7ac000
[mtlr]   out: 0000010002490000 000000010d7ac000 0000000104721940 0000000000000000
[mtlr]   out: 0000007700000000 0000000000004000 0000000034120df3 0000000000016265
[mtlr] resource2 sel8 flags 470 sz 0x1000 -> kr 0x00000000 rid 119 GPUVA 0x10002490000 cpu 10d7ac000
[mtlr]   out: 0000010002490000 000000010d7ac000 0000000104721940 0000000000000000
[mtlr]   out: 0000007700000000 0000000000004000 0000000034120df4 0000000000016266
[mtlr] resource2 sel8 flags 470 sz 0x1000 -> kr 0x00000000 rid 119 GPUVA 0x10002490000 cpu 10d7ac000
[mtlr]   out: 0000010002490000 000000010d7ac000 0000000104721940 0000000000000000
[mtlr]   out: 0000007700000000 0000000000004000 0000000034120df5 0000000000016267
[mtlr] resource2 sel8 flags 470 sz 0x1000 -> kr 0x00000000 rid 119 GPUVA 0x10002490000 cpu 10d7ac000
[mtlr]   out: 0000010002490000 000000010d7ac000 0000000104721940 0000000000000000
[mtlr]   out: 0000007700000000 0000000000004000 0000000034120df6 0000000000016268
[mtlr] resource2 sel8 flags 470 sz 0x1000 -> kr 0x00000000 rid 119 GPUVA 0x10002490000 cpu 10d7ac000
[mtlr]   out: 0000010002490000 000000010d7ac000 0000000104721940 0000000000000000
[mtlr]   out: 0000007700000000 0000000000004000 0000000034120df7 0000000000016269
[mtlr] resource2 sel8 flags 470 sz 0x1000 -> kr 0x00000000 rid 119 GPUVA 0x10002490000 cpu 10d7ac000
[mtlr]   out: 0000010002490000 000000010d7ac000 0000000104721940 0000000000000000
[mtlr]   out: 0000007700000000 0000000000004000 0000000034120df8 000000000001626a
[mtlr] resource2 sel8 flags 470 sz 0x1000 -> kr 0x00000000 rid 119 GPUVA 0x10002490000 cpu 10d7ac000
[mtlr]   out: 0000010002490000 000000010d7ac000 0000000104721940 0000000000000000
[mtlr]   out: 0000007700000000 0000000000004000 0000000034120df9 000000000001626b
[mtlr] resource2 sel8 flags 470 sz 0x1000 -> kr 0x00000000 rid 119 GPUVA 0x10002490000 cpu 10d7ac000
[mtlr]   out: 0000010002490000 000000010d7ac000 0000000104721940 0000000000000000
[mtlr]   out: 0000007700000000 0000000000004000 0000000034120dfa 000000000001626c
[mtlr] resource2 sel8 flags 470 sz 0x1000 -> kr 0x00000000 rid 119 GPUVA 0x10002490000 cpu 10d7ac000
[mtlr]   out: 0000010002490000 000000010d7ac000 0000000104721940 0000000000000000
[mtlr]   out: 0000007700000000 0000000000004000 0000000034120dfb 000000000001626d
[mtlr] resource2 sel8 flags 470 sz 0x1000 -> kr 0x00000000 rid 119 GPUVA 0x10002490000 cpu 10d7ac000
[mtlr]   out: 0000010002490000 000000010d7ac000 0000000104721940 0000000000000000
[mtlr]   out: 0000007700000000 0000000000004000 0000000034120dfc 000000000001626e
[mtlr] resource2 sel8 flags 470 sz 0x1000 -> kr 0x00000000 rid 119 GPUVA 0x10002490000 cpu 10d7ac000
[mtlr]   out: 0000010002490000 000000010d7ac000 0000000104721940 0000000000000000
[mtlr]   out: 0000007700000000 0000000000004000 0000000034120dfd 000000000001626f
[mtlr] resource2 sel8 flags 470 sz 0x1000 -> kr 0x00000000 rid 119 GPUVA 0x10002490000 cpu 10d7ac000
[mtlr]   out: 0000010002490000 000000010d7ac000 0000000104721940 0000000000000000
[mtlr]   out: 0000007700000000 0000000000004000 0000000034120dfe 0000000000016270
[mtlr] resource2 sel8 flags 470 sz 0x1000 -> kr 0x00000000 rid 119 GPUVA 0x10002490000 cpu 10d7ac000
[mtlr]   out: 0000010002490000 000000010d7ac000 0000000104721940 0000000000000000
[mtlr]   out: 0000007700000000 0000000000004000 0000000034120dff 0000000000016271
[mtlr] resource2 sel8 flags 470 sz 0x1000 -> kr 0x00000000 rid 119 GPUVA 0x10002490000 cpu 10d7ac000
[mtlr]   out: 0000010002490000 000000010d7ac000 0000000104721940 0000000000000000
[mtlr]   out: 0000007700000000 0000000000004000 0000000034120e00 0000000000016272
[mtlr] resource2 sel8 flags 470 sz 0x1000 -> kr 0x00000000 rid 119 GPUVA 0x10002490000 cpu 10d7ac000
[mtlr]   out: 0000010002490000 000000010d7ac000 0000000104721940 0000000000000000
[mtlr]   out: 0000007700000000 0000000000004000 0000000034120e01 0000000000016273
[mtlr] resource2 sel8 flags 470 sz 0x1000 -> kr 0x00000000 rid 119 GPUVA 0x10002490000 cpu 10d7ac000
[mtlr]   out: 0000010002490000 000000010d7ac000 0000000104721940 0000000000000000
[mtlr]   out: 0000007700000000 0000000000004000 0000000034120e02 0000000000016274
[mtlr] resource2 sel8 flags 470 sz 0x1000 -> kr 0x00000000 rid 119 GPUVA 0x10002490000 cpu 10d7ac000
[mtlr]   out: 0000010002490000 000000010d7ac000 0000000104721940 0000000000000000
[mtlr]   out: 0000007700000000 0000000000004000 0000000034120e03 0000000000016275
[mtlr] resource2 sel8 flags 470 sz 0x1000 -> kr 0x00000000 rid 119 GPUVA 0x10002490000 cpu 10d7ac000
[mtlr]   out: 0000010002490000 000000010d7ac000 0000000104721940 0000000000000000
[mtlr]   out: 0000007700000000 0000000000004000 0000000034120e04 0000000000016276
[mtlr] resource2 sel8 flags 470 sz 0x1000 -> kr 0x00000000 rid 119 GPUVA 0x10002490000 cpu 10d7ac000
[mtlr]   out: 0000010002490000 000000010d7ac000 0000000104721940 0000000000000000
[mtlr]   out: 0000007700000000 0000000000004000 0000000034120e05 0000000000016277
[mtlr] resource2 sel8 flags 470 sz 0x1000 -> kr 0x00000000 rid 119 GPUVA 0x10002490000 cpu 10d7ac000
[mtlr]   out: 0000010002490000 000000010d7ac000 0000000104721940 0000000000000000
[mtlr]   out: 0000007700000000 0000000000004000 0000000034120e06 0000000000016278
[mtlr] resource2 sel8 flags 470 sz 0x1000 -> kr 0x00000000 rid 119 GPUVA 0x10002490000 cpu 10d7ac000
[mtlr]   out: 0000010002490000 000000010d7ac000 0000000104721940 0000000000000000
[mtlr]   out: 0000007700000000 0000000000004000 0000000034120e07 0000000000016279
[mtlr] resource2 sel8 flags 470 sz 0x1000 -> kr 0x00000000 rid 119 GPUVA 0x10002490000 cpu 10d7ac000
[mtlr]   out: 0000010002490000 000000010d7ac000 0000000104721940 0000000000000000
[mtlr]   out: 0000007700000000 0000000000004000 0000000034120e08 000000000001627a
[mtlr] resource2 sel8 flags 470 sz 0x1000 -> kr 0x00000000 rid 119 GPUVA 0x10002490000 cpu 10d7ac000
[mtlr]   out: 0000010002490000 000000010d7ac000 0000000104721940 0000000000000000
[mtlr]   out: 0000007700000000 0000000000004000 0000000034120e09 000000000001627b
[mtlr] resource2 sel8 flags 470 sz 0x1000 -> kr 0x00000000 rid 119 GPUVA 0x10002490000 cpu 10d7ac000
[mtlr]   out: 0000010002490000 000000010d7ac000 0000000104721940 0000000000000000
[mtlr]   out: 0000007700000000 0000000000004000 0000000034120e0a 000000000001627c
[mtlr] resource2 sel8 flags 470 sz 0x1000 -> kr 0x00000000 rid 119 GPUVA 0x10002490000 cpu 10d7ac000
[mtlr]   out: 0000010002490000 000000010d7ac000 0000000104721940 0000000000000000
[mtlr]   out: 0000007700000000 0000000000004000 0000000034120e0b 000000000001627d
[mtlr] resource2 sel8 flags 470 sz 0x1000 -> kr 0x00000000 rid 119 GPUVA 0x10002490000 cpu 10d7ac000
[mtlr]   out: 0000010002490000 000000010d7ac000 0000000104721940 0000000000000000
[mtlr]   out: 0000007700000000 0000000000004000 0000000034120e0c 000000000001627e
[mtlr] resource2 sel8 flags 470 sz 0x1000 -> kr 0x00000000 rid 119 GPUVA 0x10002490000 cpu 10d7ac000
[mtlr]   out: 0000010002490000 000000010d7ac000 0000000104721940 0000000000000000
[mtlr]   out: 0000007700000000 0000000000004000 0000000034120e0d 000000000001627f
[mtlr] resource2 sel8 flags 470 sz 0x1000 -> kr 0x00000000 rid 119 GPUVA 0x10002490000 cpu 10d7ac000
[mtlr]   out: 0000010002490000 000000010d7ac000 0000000104721940 0000000000000000
[mtlr]   out: 0000007700000000 0000000000004000 0000000034120e0e 0000000000016280
[mtlr] resource2 sel8 flags 470 sz 0x1000 -> kr 0x00000000 rid 119 GPUVA 0x10002490000 cpu 10d7ac000
[mtlr]   out: 0000010002490000 000000010d7ac000 0000000104721940 0000000000000000
[mtlr]   out: 0000007700000000 0000000000004000 0000000034120e0f 0000000000016281
[uatrec] S4 r13 (+1s): nvv 8 ncb 8 vsz 0x100000 fill 0x0 destroy0 kr 0x00000000 nj 40
[uatrec] S4 r13 blit[0] slots 7 ridp 1
[uatrec] S4 r13 blit[1] slots 7 ridp 1
[uatrec] S4 r13 blit[2] slots 7 ridp 1
[uatrec] S4 r13 blit[3] slots 7 ridp 1
[uatrec] S4 r13 blit[4] slots 7 ridp 1
[uatrec] S4 r13 blit[5] slots 7 ridp 1
[uatrec] S4 r13 blit[6] slots 7 ridp 1
[uatrec] S4 r13 blit[7] slots 7 ridp 1
[mtlr] resource2 sel8 flags 470 sz 0x100000 -> kr 0x00000000 rid 119 GPUVA 0x10002490000 cpu 10d6ac000
[mtlr]   out: 0000010002490000 000000010d6ac000 0000000104721940 0000000000000000
[mtlr]   out: 0000007700000000 0000000000100000 0000000034120e3b 0000000000016284
[uatrec] S4 r14 victim[0] rid 119 gpuva 0x10002490000 cpu 0x10d6ac000 (top-of-stack)
[mtlr] resource2 sel8 flags 470 sz 0x100000 -> kr 0x00000000 rid 120 GPUVA 0x10002598000 cpu 10d7ac000
[mtlr]   out: 0000010002598000 000000010d7ac000 0000000104721a00 0000000000000000
[mtlr]   out: 0000007800000000 0000000000100000 0000000034120e3c 0000000000016285
[uatrec] S4 r14 victim[1] rid 120 gpuva 0x10002598000 cpu 0x10d7ac000 (top-of-stack)
[mtlr] resource2 sel8 flags 470 sz 0x100000 -> kr 0x00000000 rid 121 GPUVA 0x100026a0000 cpu 10d8ac000
[mtlr]   out: 00000100026a0000 000000010d8ac000 0000000104721ac0 0000000000000000
[mtlr]   out: 0000007900000000 0000000000100000 0000000034120e3d 0000000000016286
[uatrec] S4 r14 victim[2] rid 121 gpuva 0x100026a0000 cpu 0x10d8ac000 (top-of-stack)
[mtlr] resource2 sel8 flags 470 sz 0x100000 -> kr 0x00000000 rid 122 GPUVA 0x100027a8000 cpu 10d9ac000
[mtlr]   out: 00000100027a8000 000000010d9ac000 0000000104721b80 0000000000000000
[mtlr]   out: 0000007a00000000 0000000000100000 0000000034120e3e 0000000000016287
[uatrec] S4 r14 victim[3] rid 122 gpuva 0x100027a8000 cpu 0x10d9ac000 (top-of-stack)
[mtlr] resource2 sel8 flags 470 sz 0x100000 -> kr 0x00000000 rid 123 GPUVA 0x100028b0000 cpu 10daac000
[mtlr]   out: 00000100028b0000 000000010daac000 0000000104721c40 0000000000000000
[mtlr]   out: 0000007b00000000 0000000000100000 0000000034120e3f 0000000000016288
[uatrec] S4 r14 victim[4] rid 123 gpuva 0x100028b0000 cpu 0x10daac000 (top-of-stack)
[mtlr] resource2 sel8 flags 470 sz 0x100000 -> kr 0x00000000 rid 124 GPUVA 0x100029b8000 cpu 10dbac000
[mtlr]   out: 00000100029b8000 000000010dbac000 0000000104721d00 0000000000000000
[mtlr]   out: 0000007c00000000 0000000000100000 0000000034120e44 0000000000016289
[uatrec] S4 r14 victim[5] rid 124 gpuva 0x100029b8000 cpu 0x10dbac000 (top-of-stack)
[mtlr] resource2 sel8 flags 470 sz 0x100000 -> kr 0x00000000 rid 125 GPUVA 0x10002ac0000 cpu 10dcac000
[mtlr]   out: 0000010002ac0000 000000010dcac000 0000000104721dc0 0000000000000000
[mtlr]   out: 0000007d00000000 0000000000100000 0000000034120e48 000000000001628a
[uatrec] S4 r14 victim[6] rid 125 gpuva 0x10002ac0000 cpu 0x10dcac000 (top-of-stack)
[mtlr] resource2 sel8 flags 470 sz 0x100000 -> kr 0x00000000 rid 126 GPUVA 0x10002bc8000 cpu 10ddac000
[mtlr]   out: 0000010002bc8000 000000010ddac000 0000000104721e80 0000000000000000
[mtlr]   out: 0000007e00000000 0000000000100000 0000000034120e49 000000000001628b
[uatrec] S4 r14 victim[7] rid 126 gpuva 0x10002bc8000 cpu 0x10ddac000 (top-of-stack)
[mtlr] resource2 sel8 flags 470 sz 0x1000 -> kr 0x00000000 rid 119 GPUVA 0x10002490000 cpu 10e5ac000
[mtlr]   out: 0000010002490000 000000010e5ac000 0000000104721940 0000000000000000
[mtlr]   out: 0000007700000000 0000000000004000 0000000034120e65 0000000000016295
[mtlr] resource2 sel8 flags 470 sz 0x1000 -> kr 0x00000000 rid 119 GPUVA 0x10002490000 cpu 10e5ac000
[mtlr]   out: 0000010002490000 000000010e5ac000 0000000104721940 0000000000000000
[mtlr]   out: 0000007700000000 0000000000004000 0000000034120e66 0000000000016296
[mtlr] resource2 sel8 flags 470 sz 0x1000 -> kr 0x00000000 rid 119 GPUVA 0x10002490000 cpu 10e5ac000
[mtlr]   out: 0000010002490000 000000010e5ac000 0000000104721940 0000000000000000
[mtlr]   out: 0000007700000000 0000000000004000 0000000034120e67 0000000000016297
[mtlr] resource2 sel8 flags 470 sz 0x1000 -> kr 0x00000000 rid 119 GPUVA 0x10002490000 cpu 10e5ac000
[mtlr]   out: 0000010002490000 000000010e5ac000 0000000104721940 0000000000000000
[mtlr]   out: 0000007700000000 0000000000004000 0000000034120e68 0000000000016298
[mtlr] resource2 sel8 flags 470 sz 0x1000 -> kr 0x00000000 rid 119 GPUVA 0x10002490000 cpu 10e5ac000
[mtlr]   out: 0000010002490000 000000010e5ac000 0000000104721940 0000000000000000
[mtlr]   out: 0000007700000000 0000000000004000 0000000034120e69 0000000000016299
[mtlr] resource2 sel8 flags 470 sz 0x1000 -> kr 0x00000000 rid 119 GPUVA 0x10002490000 cpu 10e5ac000
[mtlr]   out: 0000010002490000 000000010e5ac000 0000000104721940 0000000000000000
[mtlr]   out: 0000007700000000 0000000000004000 0000000034120e6a 000000000001629a
[mtlr] resource2 sel8 flags 470 sz 0x1000 -> kr 0x00000000 rid 119 GPUVA 0x10002490000 cpu 10e5ac000
[mtlr]   out: 0000010002490000 000000010e5ac000 0000000104721940 0000000000000000
[mtlr]   out: 0000007700000000 0000000000004000 0000000034120e6b 000000000001629b
[mtlr] resource2 sel8 flags 470 sz 0x1000 -> kr 0x00000000 rid 119 GPUVA 0x10002490000 cpu 10e5ac000
[mtlr]   out: 0000010002490000 000000010e5ac000 0000000104721940 0000000000000000
[mtlr]   out: 0000007700000000 0000000000004000 0000000034120e6c 000000000001629c
[mtlr] resource2 sel8 flags 470 sz 0x1000 -> kr 0x00000000 rid 119 GPUVA 0x10002490000 cpu 10e5ac000
[mtlr]   out: 0000010002490000 000000010e5ac000 0000000104721940 0000000000000000
[mtlr]   out: 0000007700000000 0000000000004000 0000000034120e6d 000000000001629d
[mtlr] resource2 sel8 flags 470 sz 0x1000 -> kr 0x00000000 rid 119 GPUVA 0x10002490000 cpu 10e5ac000
[mtlr]   out: 0000010002490000 000000010e5ac000 0000000104721940 0000000000000000
[mtlr]   out: 0000007700000000 0000000000004000 0000000034120e6e 000000000001629e
[mtlr] resource2 sel8 flags 470 sz 0x1000 -> kr 0x00000000 rid 119 GPUVA 0x10002490000 cpu 10e5ac000
[mtlr]   out: 0000010002490000 000000010e5ac000 0000000104721940 0000000000000000
[mtlr]   out: 0000007700000000 0000000000004000 0000000034120e6f 000000000001629f
[mtlr] resource2 sel8 flags 470 sz 0x1000 -> kr 0x00000000 rid 119 GPUVA 0x10002490000 cpu 10e5ac000
[mtlr]   out: 0000010002490000 000000010e5ac000 0000000104721940 0000000000000000
[mtlr]   out: 0000007700000000 0000000000004000 0000000034120e70 00000000000162a0
[mtlr] resource2 sel8 flags 470 sz 0x1000 -> kr 0x00000000 rid 119 GPUVA 0x10002490000 cpu 10e5ac000
[mtlr]   out: 0000010002490000 000000010e5ac000 0000000104721940 0000000000000000
[mtlr]   out: 0000007700000000 0000000000004000 0000000034120e71 00000000000162a1
[mtlr] resource2 sel8 flags 470 sz 0x1000 -> kr 0x00000000 rid 119 GPUVA 0x10002490000 cpu 10e5ac000
[mtlr]   out: 0000010002490000 000000010e5ac000 0000000104721940 0000000000000000
[mtlr]   out: 0000007700000000 0000000000004000 0000000034120e72 00000000000162a2
[mtlr] resource2 sel8 flags 470 sz 0x1000 -> kr 0x00000000 rid 119 GPUVA 0x10002490000 cpu 10e5ac000
[mtlr]   out: 0000010002490000 000000010e5ac000 0000000104721940 0000000000000000
[mtlr]   out: 0000007700000000 0000000000004000 0000000034120e73 00000000000162a3
[mtlr] resource2 sel8 flags 470 sz 0x1000 -> kr 0x00000000 rid 119 GPUVA 0x10002490000 cpu 10e5ac000
[mtlr]   out: 0000010002490000 000000010e5ac000 0000000104721940 0000000000000000
[mtlr]   out: 0000007700000000 0000000000004000 0000000034120e74 00000000000162a4
[mtlr] resource2 sel8 flags 470 sz 0x1000 -> kr 0x00000000 rid 119 GPUVA 0x10002490000 cpu 10e5ac000
[mtlr]   out: 0000010002490000 000000010e5ac000 0000000104721940 0000000000000000
[mtlr]   out: 0000007700000000 0000000000004000 0000000034120e75 00000000000162a5
[mtlr] resource2 sel8 flags 470 sz 0x1000 -> kr 0x00000000 rid 119 GPUVA 0x10002490000 cpu 10e5ac000
[mtlr]   out: 0000010002490000 000000010e5ac000 0000000104721940 0000000000000000
[mtlr]   out: 0000007700000000 0000000000004000 0000000034120e76 00000000000162a6
[mtlr] resource2 sel8 flags 470 sz 0x1000 -> kr 0x00000000 rid 119 GPUVA 0x10002490000 cpu 10e5ac000
[mtlr]   out: 0000010002490000 000000010e5ac000 0000000104721940 0000000000000000
[mtlr]   out: 0000007700000000 0000000000004000 0000000034120e77 00000000000162a7
[mtlr] resource2 sel8 flags 470 sz 0x1000 -> kr 0x00000000 rid 119 GPUVA 0x10002490000 cpu 10e5ac000
[mtlr]   out: 0000010002490000 000000010e5ac000 0000000104721940 0000000000000000
[mtlr]   out: 0000007700000000 0000000000004000 0000000034120e78 00000000000162a8
[mtlr] resource2 sel8 flags 470 sz 0x1000 -> kr 0x00000000 rid 119 GPUVA 0x10002490000 cpu 10e5ac000
[mtlr]   out: 0000010002490000 000000010e5ac000 0000000104721940 0000000000000000
[mtlr]   out: 0000007700000000 0000000000004000 0000000034120e79 00000000000162a9
[mtlr] resource2 sel8 flags 470 sz 0x1000 -> kr 0x00000000 rid 119 GPUVA 0x10002490000 cpu 10e5ac000
[mtlr]   out: 0000010002490000 000000010e5ac000 0000000104721940 0000000000000000
[mtlr]   out: 0000007700000000 0000000000004000 0000000034120e7a 00000000000162aa
[mtlr] resource2 sel8 flags 470 sz 0x1000 -> kr 0x00000000 rid 119 GPUVA 0x10002490000 cpu 10e5ac000
[mtlr]   out: 0000010002490000 000000010e5ac000 0000000104721940 0000000000000000
[mtlr]   out: 0000007700000000 0000000000004000 0000000034120e7b 00000000000162ab
[mtlr] resource2 sel8 flags 470 sz 0x1000 -> kr 0x00000000 rid 119 GPUVA 0x10002490000 cpu 10e5ac000
[mtlr]   out: 0000010002490000 000000010e5ac000 0000000104721940 0000000000000000
[mtlr]   out: 0000007700000000 0000000000004000 0000000034120e7c 00000000000162ac
[mtlr] resource2 sel8 flags 470 sz 0x1000 -> kr 0x00000000 rid 119 GPUVA 0x10002490000 cpu 10e5ac000
[mtlr]   out: 0000010002490000 000000010e5ac000 0000000104721940 0000000000000000
[mtlr]   out: 0000007700000000 0000000000004000 0000000034120e7d 00000000000162ad
[mtlr] resource2 sel8 flags 470 sz 0x1000 -> kr 0x00000000 rid 119 GPUVA 0x10002490000 cpu 10e5ac000
[mtlr]   out: 0000010002490000 000000010e5ac000 0000000104721940 0000000000000000
[mtlr]   out: 0000007700000000 0000000000004000 0000000034120e7e 00000000000162ae
[mtlr] resource2 sel8 flags 470 sz 0x1000 -> kr 0x00000000 rid 119 GPUVA 0x10002490000 cpu 10e5ac000
[mtlr]   out: 0000010002490000 000000010e5ac000 0000000104721940 0000000000000000
[mtlr]   out: 0000007700000000 0000000000004000 0000000034120e7f 00000000000162af
[mtlr] resource2 sel8 flags 470 sz 0x1000 -> kr 0x00000000 rid 119 GPUVA 0x10002490000 cpu 10e5ac000
[mtlr]   out: 0000010002490000 000000010e5ac000 0000000104721940 0000000000000000
[mtlr]   out: 0000007700000000 0000000000004000 0000000034120e80 00000000000162b0
[mtlr] resource2 sel8 flags 470 sz 0x1000 -> kr 0x00000000 rid 119 GPUVA 0x10002490000 cpu 10e5ac000
[mtlr]   out: 0000010002490000 000000010e5ac000 0000000104721940 0000000000000000
[mtlr]   out: 0000007700000000 0000000000004000 0000000034120e81 00000000000162b1
[mtlr] resource2 sel8 flags 470 sz 0x1000 -> kr 0x00000000 rid 119 GPUVA 0x10002490000 cpu 10e5ac000
[mtlr]   out: 0000010002490000 000000010e5ac000 0000000104721940 0000000000000000
[mtlr]   out: 0000007700000000 0000000000004000 0000000034120e82 00000000000162b2
[mtlr] resource2 sel8 flags 470 sz 0x1000 -> kr 0x00000000 rid 119 GPUVA 0x10002490000 cpu 10e5ac000
[mtlr]   out: 0000010002490000 000000010e5ac000 0000000104721940 0000000000000000
[mtlr]   out: 0000007700000000 0000000000004000 0000000034120e83 00000000000162b3
[mtlr] resource2 sel8 flags 470 sz 0x1000 -> kr 0x00000000 rid 119 GPUVA 0x10002490000 cpu 10e5ac000
[mtlr]   out: 0000010002490000 000000010e5ac000 0000000104721940 0000000000000000
[mtlr]   out: 0000007700000000 0000000000004000 0000000034120e84 00000000000162b4
[mtlr] resource2 sel8 flags 470 sz 0x1000 -> kr 0x00000000 rid 119 GPUVA 0x10002490000 cpu 10e5ac000
[mtlr]   out: 0000010002490000 000000010e5ac000 0000000104721940 0000000000000000
[mtlr]   out: 0000007700000000 0000000000004000 0000000034120e85 00000000000162b5
[mtlr] resource2 sel8 flags 470 sz 0x1000 -> kr 0x00000000 rid 119 GPUVA 0x10002490000 cpu 10e5ac000
[mtlr]   out: 0000010002490000 000000010e5ac000 0000000104721940 0000000000000000
[mtlr]   out: 0000007700000000 0000000000004000 0000000034120e86 00000000000162b6
[mtlr] resource2 sel8 flags 470 sz 0x1000 -> kr 0x00000000 rid 119 GPUVA 0x10002490000 cpu 10e5ac000
[mtlr]   out: 0000010002490000 000000010e5ac000 0000000104721940 0000000000000000
[mtlr]   out: 0000007700000000 0000000000004000 0000000034120e87 00000000000162b7
[mtlr] resource2 sel8 flags 470 sz 0x1000 -> kr 0x00000000 rid 119 GPUVA 0x10002490000 cpu 10e5ac000
[mtlr]   out: 0000010002490000 000000010e5ac000 0000000104721940 0000000000000000
[mtlr]   out: 0000007700000000 0000000000004000 0000000034120e88 00000000000162b8
[mtlr] resource2 sel8 flags 470 sz 0x1000 -> kr 0x00000000 rid 119 GPUVA 0x10002490000 cpu 10e5ac000
[mtlr]   out: 0000010002490000 000000010e5ac000 0000000104721940 0000000000000000
[mtlr]   out: 0000007700000000 0000000000004000 0000000034120e89 00000000000162b9
[mtlr] resource2 sel8 flags 470 sz 0x1000 -> kr 0x00000000 rid 119 GPUVA 0x10002490000 cpu 10e5ac000
[mtlr]   out: 0000010002490000 000000010e5ac000 0000000104721940 0000000000000000
[mtlr]   out: 0000007700000000 0000000000004000 0000000034120e8a 00000000000162ba
[mtlr] resource2 sel8 flags 470 sz 0x1000 -> kr 0x00000000 rid 119 GPUVA 0x10002490000 cpu 10e5ac000
[mtlr]   out: 0000010002490000 000000010e5ac000 0000000104721940 0000000000000000
[mtlr]   out: 0000007700000000 0000000000004000 0000000034120e8b 00000000000162bb
[mtlr] resource2 sel8 flags 470 sz 0x1000 -> kr 0x00000000 rid 119 GPUVA 0x10002490000 cpu 10e5ac000
[mtlr]   out: 0000010002490000 000000010e5ac000 0000000104721940 0000000000000000
[mtlr]   out: 0000007700000000 0000000000004000 0000000034120e8c 00000000000162bc
[uatrec] S4 r14 (+1s): nvv 8 ncb 8 vsz 0x100000 fill 0x0 destroy0 kr 0x00000000 nj 40
[uatrec] S4 r14 blit[0] slots 7 ridp 1
[uatrec] S4 r14 blit[1] slots 7 ridp 1
[uatrec] S4 r14 blit[2] slots 7 ridp 1
[uatrec] S4 r14 blit[3] slots 7 ridp 1
[uatrec] S4 r14 blit[4] slots 7 ridp 1
[uatrec] S4 r14 blit[5] slots 7 ridp 1
[uatrec] S4 r14 blit[6] slots 7 ridp 1
[uatrec] S4 r14 blit[7] slots 7 ridp 1
[mtlr] resource2 sel8 flags 470 sz 0x100000 -> kr 0x00000000 rid 119 GPUVA 0x10002490000 cpu 10dfac000
[mtlr]   out: 0000010002490000 000000010dfac000 0000000104721940 0000000000000000
[mtlr]   out: 0000007700000000 0000000000100000 0000000034120eb9 00000000000162bf
[uatrec] S4 r15 victim[0] rid 119 gpuva 0x10002490000 cpu 0x10dfac000 (top-of-stack)
[mtlr] resource2 sel8 flags 470 sz 0x100000 -> kr 0x00000000 rid 120 GPUVA 0x10002598000 cpu 10e0ac000
[mtlr]   out: 0000010002598000 000000010e0ac000 0000000104721a00 0000000000000000
[mtlr]   out: 0000007800000000 0000000000100000 0000000034120eba 00000000000162c0
[uatrec] S4 r15 victim[1] rid 120 gpuva 0x10002598000 cpu 0x10e0ac000 (top-of-stack)
[mtlr] resource2 sel8 flags 470 sz 0x100000 -> kr 0x00000000 rid 121 GPUVA 0x100026a0000 cpu 10e1ac000
[mtlr]   out: 00000100026a0000 000000010e1ac000 0000000104721ac0 0000000000000000
[mtlr]   out: 0000007900000000 0000000000100000 0000000034120ebb 00000000000162c1
[uatrec] S4 r15 victim[2] rid 121 gpuva 0x100026a0000 cpu 0x10e1ac000 (top-of-stack)
[mtlr] resource2 sel8 flags 470 sz 0x100000 -> kr 0x00000000 rid 122 GPUVA 0x100027a8000 cpu 10e2ac000
[mtlr]   out: 00000100027a8000 000000010e2ac000 0000000104721b80 0000000000000000
[mtlr]   out: 0000007a00000000 0000000000100000 0000000034120ebc 00000000000162c2
[uatrec] S4 r15 victim[3] rid 122 gpuva 0x100027a8000 cpu 0x10e2ac000 (top-of-stack)
[mtlr] resource2 sel8 flags 470 sz 0x100000 -> kr 0x00000000 rid 123 GPUVA 0x100028b0000 cpu 10c6a0000
[mtlr]   out: 00000100028b0000 000000010c6a0000 0000000104721c40 0000000000000000
[mtlr]   out: 0000007b00000000 0000000000100000 0000000034120ebd 00000000000162c3
[uatrec] S4 r15 victim[4] rid 123 gpuva 0x100028b0000 cpu 0x10c6a0000 (top-of-stack)
[mtlr] resource2 sel8 flags 470 sz 0x100000 -> kr 0x00000000 rid 124 GPUVA 0x100029b8000 cpu 10c7a0000
[mtlr]   out: 00000100029b8000 000000010c7a0000 0000000104721d00 0000000000000000
[mtlr]   out: 0000007c00000000 0000000000100000 0000000034120ebe 00000000000162c4
[uatrec] S4 r15 victim[5] rid 124 gpuva 0x100029b8000 cpu 0x10c7a0000 (top-of-stack)
[mtlr] resource2 sel8 flags 470 sz 0x100000 -> kr 0x00000000 rid 125 GPUVA 0x10002ac0000 cpu 10c8a0000
[mtlr]   out: 0000010002ac0000 000000010c8a0000 0000000104721dc0 0000000000000000
[mtlr]   out: 0000007d00000000 0000000000100000 0000000034120ebf 00000000000162c5
[uatrec] S4 r15 victim[6] rid 125 gpuva 0x10002ac0000 cpu 0x10c8a0000 (top-of-stack)
[mtlr] resource2 sel8 flags 470 sz 0x100000 -> kr 0x00000000 rid 126 GPUVA 0x10002bc8000 cpu 10c9a0000
[mtlr]   out: 0000010002bc8000 000000010c9a0000 0000000104721e80 0000000000000000
[mtlr]   out: 0000007e00000000 0000000000100000 0000000034120ec0 00000000000162c6
[uatrec] S4 r15 victim[7] rid 126 gpuva 0x10002bc8000 cpu 0x10c9a0000 (top-of-stack)
[mtlr] resource2 sel8 flags 470 sz 0x1000 -> kr 0x00000000 rid 119 GPUVA 0x10002490000 cpu 10d3a0000
[mtlr]   out: 0000010002490000 000000010d3a0000 0000000104721940 0000000000000000
[mtlr]   out: 0000007700000000 0000000000004000 0000000034120ee3 00000000000162d0
[mtlr] resource2 sel8 flags 470 sz 0x1000 -> kr 0x00000000 rid 119 GPUVA 0x10002490000 cpu 10d3a0000
[mtlr]   out: 0000010002490000 000000010d3a0000 0000000104721940 0000000000000000
[mtlr]   out: 0000007700000000 0000000000004000 0000000034120ee4 00000000000162d1
[mtlr] resource2 sel8 flags 470 sz 0x1000 -> kr 0x00000000 rid 119 GPUVA 0x10002490000 cpu 10d3a0000
[mtlr]   out: 0000010002490000 000000010d3a0000 0000000104721940 0000000000000000
[mtlr]   out: 0000007700000000 0000000000004000 0000000034120ee5 00000000000162d2
[mtlr] resource2 sel8 flags 470 sz 0x1000 -> kr 0x00000000 rid 119 GPUVA 0x10002490000 cpu 10d3a0000
[mtlr]   out: 0000010002490000 000000010d3a0000 0000000104721940 0000000000000000
[mtlr]   out: 0000007700000000 0000000000004000 0000000034120ee6 00000000000162d3
[mtlr] resource2 sel8 flags 470 sz 0x1000 -> kr 0x00000000 rid 119 GPUVA 0x10002490000 cpu 10d3a0000
[mtlr]   out: 0000010002490000 000000010d3a0000 0000000104721940 0000000000000000
[mtlr]   out: 0000007700000000 0000000000004000 0000000034120ee7 00000000000162d4
[mtlr] resource2 sel8 flags 470 sz 0x1000 -> kr 0x00000000 rid 119 GPUVA 0x10002490000 cpu 10d3a0000
[mtlr]   out: 0000010002490000 000000010d3a0000 0000000104721940 0000000000000000
[mtlr]   out: 0000007700000000 0000000000004000 0000000034120ee8 00000000000162d5
[mtlr] resource2 sel8 flags 470 sz 0x1000 -> kr 0x00000000 rid 119 GPUVA 0x10002490000 cpu 10d3a0000
[mtlr]   out: 0000010002490000 000000010d3a0000 0000000104721940 0000000000000000
[mtlr]   out: 0000007700000000 0000000000004000 0000000034120ee9 00000000000162d6
[mtlr] resource2 sel8 flags 470 sz 0x1000 -> kr 0x00000000 rid 119 GPUVA 0x10002490000 cpu 10d3a0000
[mtlr]   out: 0000010002490000 000000010d3a0000 0000000104721940 0000000000000000
[mtlr]   out: 0000007700000000 0000000000004000 0000000034120eea 00000000000162d7
[mtlr] resource2 sel8 flags 470 sz 0x1000 -> kr 0x00000000 rid 119 GPUVA 0x10002490000 cpu 10d3a0000
[mtlr]   out: 0000010002490000 000000010d3a0000 0000000104721940 0000000000000000
[mtlr]   out: 0000007700000000 0000000000004000 0000000034120eeb 00000000000162d8
[mtlr] resource2 sel8 flags 470 sz 0x1000 -> kr 0x00000000 rid 119 GPUVA 0x10002490000 cpu 10d3a0000
[mtlr]   out: 0000010002490000 000000010d3a0000 0000000104721940 0000000000000000
[mtlr]   out: 0000007700000000 0000000000004000 0000000034120eec 00000000000162d9
[mtlr] resource2 sel8 flags 470 sz 0x1000 -> kr 0x00000000 rid 119 GPUVA 0x10002490000 cpu 10d3a0000
[mtlr]   out: 0000010002490000 000000010d3a0000 0000000104721940 0000000000000000
[mtlr]   out: 0000007700000000 0000000000004000 0000000034120eed 00000000000162da
[mtlr] resource2 sel8 flags 470 sz 0x1000 -> kr 0x00000000 rid 119 GPUVA 0x10002490000 cpu 10d3a0000
[mtlr]   out: 0000010002490000 000000010d3a0000 0000000104721940 0000000000000000
[mtlr]   out: 0000007700000000 0000000000004000 0000000034120eee 00000000000162db
[mtlr] resource2 sel8 flags 470 sz 0x1000 -> kr 0x00000000 rid 119 GPUVA 0x10002490000 cpu 10d3a0000
[mtlr]   out: 0000010002490000 000000010d3a0000 0000000104721940 0000000000000000
[mtlr]   out: 0000007700000000 0000000000004000 0000000034120eef 00000000000162dc
[mtlr] resource2 sel8 flags 470 sz 0x1000 -> kr 0x00000000 rid 119 GPUVA 0x10002490000 cpu 10d3a0000
[mtlr]   out: 0000010002490000 000000010d3a0000 0000000104721940 0000000000000000
[mtlr]   out: 0000007700000000 0000000000004000 0000000034120ef0 00000000000162dd
[mtlr] resource2 sel8 flags 470 sz 0x1000 -> kr 0x00000000 rid 119 GPUVA 0x10002490000 cpu 10d3a0000
[mtlr]   out: 0000010002490000 000000010d3a0000 0000000104721940 0000000000000000
[mtlr]   out: 0000007700000000 0000000000004000 0000000034120ef1 00000000000162de
[mtlr] resource2 sel8 flags 470 sz 0x1000 -> kr 0x00000000 rid 119 GPUVA 0x10002490000 cpu 10d3a0000
[mtlr]   out: 0000010002490000 000000010d3a0000 0000000104721940 0000000000000000
[mtlr]   out: 0000007700000000 0000000000004000 0000000034120ef2 00000000000162df
[mtlr] resource2 sel8 flags 470 sz 0x1000 -> kr 0x00000000 rid 119 GPUVA 0x10002490000 cpu 10d3a0000
[mtlr]   out: 0000010002490000 000000010d3a0000 0000000104721940 0000000000000000
[mtlr]   out: 0000007700000000 0000000000004000 0000000034120ef3 00000000000162e0
[mtlr] resource2 sel8 flags 470 sz 0x1000 -> kr 0x00000000 rid 119 GPUVA 0x10002490000 cpu 10d3a0000
[mtlr]   out: 0000010002490000 000000010d3a0000 0000000104721940 0000000000000000
[mtlr]   out: 0000007700000000 0000000000004000 0000000034120ef4 00000000000162e1
[mtlr] resource2 sel8 flags 470 sz 0x1000 -> kr 0x00000000 rid 119 GPUVA 0x10002490000 cpu 10d3a0000
[mtlr]   out: 0000010002490000 000000010d3a0000 0000000104721940 0000000000000000
[mtlr]   out: 0000007700000000 0000000000004000 0000000034120ef5 00000000000162e2
[mtlr] resource2 sel8 flags 470 sz 0x1000 -> kr 0x00000000 rid 119 GPUVA 0x10002490000 cpu 10d3a0000
[mtlr]   out: 0000010002490000 000000010d3a0000 0000000104721940 0000000000000000
[mtlr]   out: 0000007700000000 0000000000004000 0000000034120ef6 00000000000162e3
[mtlr] resource2 sel8 flags 470 sz 0x1000 -> kr 0x00000000 rid 119 GPUVA 0x10002490000 cpu 10d3a0000
[mtlr]   out: 0000010002490000 000000010d3a0000 0000000104721940 0000000000000000
[mtlr]   out: 0000007700000000 0000000000004000 0000000034120ef7 00000000000162e4
[mtlr] resource2 sel8 flags 470 sz 0x1000 -> kr 0x00000000 rid 119 GPUVA 0x10002490000 cpu 10d3a0000
[mtlr]   out: 0000010002490000 000000010d3a0000 0000000104721940 0000000000000000
[mtlr]   out: 0000007700000000 0000000000004000 0000000034120ef8 00000000000162e5
[mtlr] resource2 sel8 flags 470 sz 0x1000 -> kr 0x00000000 rid 119 GPUVA 0x10002490000 cpu 10d3a0000
[mtlr]   out: 0000010002490000 000000010d3a0000 0000000104721940 0000000000000000
[mtlr]   out: 0000007700000000 0000000000004000 0000000034120ef9 00000000000162e6
[mtlr] resource2 sel8 flags 470 sz 0x1000 -> kr 0x00000000 rid 119 GPUVA 0x10002490000 cpu 10d3a0000
[mtlr]   out: 0000010002490000 000000010d3a0000 0000000104721940 0000000000000000
[mtlr]   out: 0000007700000000 0000000000004000 0000000034120efa 00000000000162e7
[mtlr] resource2 sel8 flags 470 sz 0x1000 -> kr 0x00000000 rid 119 GPUVA 0x10002490000 cpu 10d3a0000
[mtlr]   out: 0000010002490000 000000010d3a0000 0000000104721940 0000000000000000
[mtlr]   out: 0000007700000000 0000000000004000 0000000034120efb 00000000000162e8
[mtlr] resource2 sel8 flags 470 sz 0x1000 -> kr 0x00000000 rid 119 GPUVA 0x10002490000 cpu 10d3a0000
[mtlr]   out: 0000010002490000 000000010d3a0000 0000000104721940 0000000000000000
[mtlr]   out: 0000007700000000 0000000000004000 0000000034120efc 00000000000162e9
[mtlr] resource2 sel8 flags 470 sz 0x1000 -> kr 0x00000000 rid 119 GPUVA 0x10002490000 cpu 10d3a0000
[mtlr]   out: 0000010002490000 000000010d3a0000 0000000104721940 0000000000000000
[mtlr]   out: 0000007700000000 0000000000004000 0000000034120efd 00000000000162ea
[mtlr] resource2 sel8 flags 470 sz 0x1000 -> kr 0x00000000 rid 119 GPUVA 0x10002490000 cpu 10d3a0000
[mtlr]   out: 0000010002490000 000000010d3a0000 0000000104721940 0000000000000000
[mtlr]   out: 0000007700000000 0000000000004000 0000000034120efe 00000000000162eb
[mtlr] resource2 sel8 flags 470 sz 0x1000 -> kr 0x00000000 rid 119 GPUVA 0x10002490000 cpu 10d3a0000
[mtlr]   out: 0000010002490000 000000010d3a0000 0000000104721940 0000000000000000
[mtlr]   out: 0000007700000000 0000000000004000 0000000034120eff 00000000000162ec
[mtlr] resource2 sel8 flags 470 sz 0x1000 -> kr 0x00000000 rid 119 GPUVA 0x10002490000 cpu 10d3a0000
[mtlr]   out: 0000010002490000 000000010d3a0000 0000000104721940 0000000000000000
[mtlr]   out: 0000007700000000 0000000000004000 0000000034120f00 00000000000162ed
[mtlr] resource2 sel8 flags 470 sz 0x1000 -> kr 0x00000000 rid 119 GPUVA 0x10002490000 cpu 10d3a0000
[mtlr]   out: 0000010002490000 000000010d3a0000 0000000104721940 0000000000000000
[mtlr]   out: 0000007700000000 0000000000004000 0000000034120f01 00000000000162ee
[mtlr] resource2 sel8 flags 470 sz 0x1000 -> kr 0x00000000 rid 119 GPUVA 0x10002490000 cpu 10d3a0000
[mtlr]   out: 0000010002490000 000000010d3a0000 0000000104721940 0000000000000000
[mtlr]   out: 0000007700000000 0000000000004000 0000000034120f02 00000000000162ef
[mtlr] resource2 sel8 flags 470 sz 0x1000 -> kr 0x00000000 rid 119 GPUVA 0x10002490000 cpu 10d3a0000
[mtlr]   out: 0000010002490000 000000010d3a0000 0000000104721940 0000000000000000
[mtlr]   out: 0000007700000000 0000000000004000 0000000034120f03 00000000000162f0
[mtlr] resource2 sel8 flags 470 sz 0x1000 -> kr 0x00000000 rid 119 GPUVA 0x10002490000 cpu 10d3a0000
[mtlr]   out: 0000010002490000 000000010d3a0000 0000000104721940 0000000000000000
[mtlr]   out: 0000007700000000 0000000000004000 0000000034120f04 00000000000162f1
[mtlr] resource2 sel8 flags 470 sz 0x1000 -> kr 0x00000000 rid 119 GPUVA 0x10002490000 cpu 10d3a0000
[mtlr]   out: 0000010002490000 000000010d3a0000 0000000104721940 0000000000000000
[mtlr]   out: 0000007700000000 0000000000004000 0000000034120f05 00000000000162f2
[mtlr] resource2 sel8 flags 470 sz 0x1000 -> kr 0x00000000 rid 119 GPUVA 0x10002490000 cpu 10d3a0000
[mtlr]   out: 0000010002490000 000000010d3a0000 0000000104721940 0000000000000000
[mtlr]   out: 0000007700000000 0000000000004000 0000000034120f06 00000000000162f3
[mtlr] resource2 sel8 flags 470 sz 0x1000 -> kr 0x00000000 rid 119 GPUVA 0x10002490000 cpu 10d3a0000
[mtlr]   out: 0000010002490000 000000010d3a0000 0000000104721940 0000000000000000
[mtlr]   out: 0000007700000000 0000000000004000 0000000034120f07 00000000000162f4
[mtlr] resource2 sel8 flags 470 sz 0x1000 -> kr 0x00000000 rid 119 GPUVA 0x10002490000 cpu 10d3a0000
[mtlr]   out: 0000010002490000 000000010d3a0000 0000000104721940 0000000000000000
[mtlr]   out: 0000007700000000 0000000000004000 0000000034120f08 00000000000162f5
[mtlr] resource2 sel8 flags 470 sz 0x1000 -> kr 0x00000000 rid 119 GPUVA 0x10002490000 cpu 10d3a0000
[mtlr]   out: 0000010002490000 000000010d3a0000 0000000104721940 0000000000000000
[mtlr]   out: 0000007700000000 0000000000004000 0000000034120f09 00000000000162f6
[mtlr] resource2 sel8 flags 470 sz 0x1000 -> kr 0x00000000 rid 119 GPUVA 0x10002490000 cpu 10d3a0000
[mtlr]   out: 0000010002490000 000000010d3a0000 0000000104721940 0000000000000000
[mtlr]   out: 0000007700000000 0000000000004000 0000000034120f0a 00000000000162f7
[uatrec] S4 r15 (+1s): nvv 8 ncb 8 vsz 0x100000 fill 0x0 destroy0 kr 0x00000000 nj 40
[uatrec] S4 r15 blit[0] slots 7 ridp 1
[uatrec] S4 r15 blit[1] slots 7 ridp 1
[uatrec] S4 r15 blit[2] slots 7 ridp 1
[uatrec] S4 r15 blit[3] slots 8 ridp 1
[uatrec] S4 r15 blit[4] slots 7 ridp 1
[uatrec] S4 r15 blit[5] slots 8 ridp 1
[uatrec] S4 r15 blit[6] slots 7 ridp 1
[uatrec] S4 r15 blit[7] slots 8 ridp 1
[mtlr] resource2 sel8 flags 470 sz 0x100000 -> kr 0x00000000 rid 119 GPUVA 0x10002490000 cpu 10cba0000
[mtlr]   out: 0000010002490000 000000010cba0000 0000000104721940 0000000000000000
[mtlr]   out: 0000007700000000 0000000000100000 0000000034120f36 00000000000162fa
[uatrec] S4 r16 victim[0] rid 119 gpuva 0x10002490000 cpu 0x10cba0000 (top-of-stack)
[mtlr] resource2 sel8 flags 470 sz 0x100000 -> kr 0x00000000 rid 120 GPUVA 0x10002598000 cpu 10cca0000
[mtlr]   out: 0000010002598000 000000010cca0000 0000000104721a00 0000000000000000
[mtlr]   out: 0000007800000000 0000000000100000 0000000034120f37 00000000000162fb
[uatrec] S4 r16 victim[1] rid 120 gpuva 0x10002598000 cpu 0x10cca0000 (top-of-stack)
[mtlr] resource2 sel8 flags 470 sz 0x100000 -> kr 0x00000000 rid 121 GPUVA 0x100026a0000 cpu 10cda0000
[mtlr]   out: 00000100026a0000 000000010cda0000 0000000104721ac0 0000000000000000
[mtlr]   out: 0000007900000000 0000000000100000 0000000034120f38 00000000000162fc
[uatrec] S4 r16 victim[2] rid 121 gpuva 0x100026a0000 cpu 0x10cda0000 (top-of-stack)
[mtlr] resource2 sel8 flags 470 sz 0x100000 -> kr 0x00000000 rid 122 GPUVA 0x100027a8000 cpu 10cea0000
[mtlr]   out: 00000100027a8000 000000010cea0000 0000000104721b80 0000000000000000
[mtlr]   out: 0000007a00000000 0000000000100000 0000000034120f39 00000000000162fd
[uatrec] S4 r16 victim[3] rid 122 gpuva 0x100027a8000 cpu 0x10cea0000 (top-of-stack)
[mtlr] resource2 sel8 flags 470 sz 0x100000 -> kr 0x00000000 rid 123 GPUVA 0x100028b0000 cpu 10cfa0000
[mtlr]   out: 00000100028b0000 000000010cfa0000 0000000104721c40 0000000000000000
[mtlr]   out: 0000007b00000000 0000000000100000 0000000034120f3a 00000000000162fe
[uatrec] S4 r16 victim[4] rid 123 gpuva 0x100028b0000 cpu 0x10cfa0000 (top-of-stack)
[mtlr] resource2 sel8 flags 470 sz 0x100000 -> kr 0x00000000 rid 124 GPUVA 0x100029b8000 cpu 10c6a0000
[mtlr]   out: 00000100029b8000 000000010c6a0000 0000000104721d00 0000000000000000
[mtlr]   out: 0000007c00000000 0000000000100000 0000000034120f3b 00000000000162ff
[uatrec] S4 r16 victim[5] rid 124 gpuva 0x100029b8000 cpu 0x10c6a0000 (top-of-stack)
[mtlr] resource2 sel8 flags 470 sz 0x100000 -> kr 0x00000000 rid 125 GPUVA 0x10002ac0000 cpu 10c7a0000
[mtlr]   out: 0000010002ac0000 000000010c7a0000 0000000104721dc0 0000000000000000
[mtlr]   out: 0000007d00000000 0000000000100000 0000000034120f3f 0000000000016300
[uatrec] S4 r16 victim[6] rid 125 gpuva 0x10002ac0000 cpu 0x10c7a0000 (top-of-stack)
[mtlr] resource2 sel8 flags 470 sz 0x100000 -> kr 0x00000000 rid 126 GPUVA 0x10002bc8000 cpu 10c8a0000
[mtlr]   out: 0000010002bc8000 000000010c8a0000 0000000104721e80 0000000000000000
[mtlr]   out: 0000007e00000000 0000000000100000 0000000034120f44 0000000000016301
[uatrec] S4 r16 victim[7] rid 126 gpuva 0x10002bc8000 cpu 0x10c8a0000 (top-of-stack)
[mtlr] resource2 sel8 flags 470 sz 0x1000 -> kr 0x00000000 rid 119 GPUVA 0x10002490000 cpu 10d7ac000
[mtlr]   out: 0000010002490000 000000010d7ac000 0000000104721940 0000000000000000
[mtlr]   out: 0000007700000000 0000000000004000 0000000034120f60 000000000001630b
[mtlr] resource2 sel8 flags 470 sz 0x1000 -> kr 0x00000000 rid 119 GPUVA 0x10002490000 cpu 10d7ac000
[mtlr]   out: 0000010002490000 000000010d7ac000 0000000104721940 0000000000000000
[mtlr]   out: 0000007700000000 0000000000004000 0000000034120f61 000000000001630c
[mtlr] resource2 sel8 flags 470 sz 0x1000 -> kr 0x00000000 rid 119 GPUVA 0x10002490000 cpu 10d7ac000
[mtlr]   out: 0000010002490000 000000010d7ac000 0000000104721940 0000000000000000
[mtlr]   out: 0000007700000000 0000000000004000 0000000034120f62 000000000001630d
[mtlr] resource2 sel8 flags 470 sz 0x1000 -> kr 0x00000000 rid 119 GPUVA 0x10002490000 cpu 10d7ac000
[mtlr]   out: 0000010002490000 000000010d7ac000 0000000104721940 0000000000000000
[mtlr]   out: 0000007700000000 0000000000004000 0000000034120f63 000000000001630e
[mtlr] resource2 sel8 flags 470 sz 0x1000 -> kr 0x00000000 rid 119 GPUVA 0x10002490000 cpu 10d7ac000
[mtlr]   out: 0000010002490000 000000010d7ac000 0000000104721940 0000000000000000
[mtlr]   out: 0000007700000000 0000000000004000 0000000034120f64 000000000001630f
[mtlr] resource2 sel8 flags 470 sz 0x1000 -> kr 0x00000000 rid 119 GPUVA 0x10002490000 cpu 10d7ac000
[mtlr]   out: 0000010002490000 000000010d7ac000 0000000104721940 0000000000000000
[mtlr]   out: 0000007700000000 0000000000004000 0000000034120f65 0000000000016310
[mtlr] resource2 sel8 flags 470 sz 0x1000 -> kr 0x00000000 rid 119 GPUVA 0x10002490000 cpu 10d7ac000
[mtlr]   out: 0000010002490000 000000010d7ac000 0000000104721940 0000000000000000
[mtlr]   out: 0000007700000000 0000000000004000 0000000034120f66 0000000000016311
[mtlr] resource2 sel8 flags 470 sz 0x1000 -> kr 0x00000000 rid 119 GPUVA 0x10002490000 cpu 10d7ac000
[mtlr]   out: 0000010002490000 000000010d7ac000 0000000104721940 0000000000000000
[mtlr]   out: 0000007700000000 0000000000004000 0000000034120f67 0000000000016312
[mtlr] resource2 sel8 flags 470 sz 0x1000 -> kr 0x00000000 rid 119 GPUVA 0x10002490000 cpu 10d7ac000
[mtlr]   out: 0000010002490000 000000010d7ac000 0000000104721940 0000000000000000
[mtlr]   out: 0000007700000000 0000000000004000 0000000034120f68 0000000000016313
[mtlr] resource2 sel8 flags 470 sz 0x1000 -> kr 0x00000000 rid 119 GPUVA 0x10002490000 cpu 10d7ac000
[mtlr]   out: 0000010002490000 000000010d7ac000 0000000104721940 0000000000000000
[mtlr]   out: 0000007700000000 0000000000004000 0000000034120f69 0000000000016314
[mtlr] resource2 sel8 flags 470 sz 0x1000 -> kr 0x00000000 rid 119 GPUVA 0x10002490000 cpu 10d7ac000
[mtlr]   out: 0000010002490000 000000010d7ac000 0000000104721940 0000000000000000
[mtlr]   out: 0000007700000000 0000000000004000 0000000034120f6a 0000000000016315
[mtlr] resource2 sel8 flags 470 sz 0x1000 -> kr 0x00000000 rid 119 GPUVA 0x10002490000 cpu 10d7ac000
[mtlr]   out: 0000010002490000 000000010d7ac000 0000000104721940 0000000000000000
[mtlr]   out: 0000007700000000 0000000000004000 0000000034120f6b 0000000000016316
[mtlr] resource2 sel8 flags 470 sz 0x1000 -> kr 0x00000000 rid 119 GPUVA 0x10002490000 cpu 10d7ac000
[mtlr]   out: 0000010002490000 000000010d7ac000 0000000104721940 0000000000000000
[mtlr]   out: 0000007700000000 0000000000004000 0000000034120f6c 0000000000016317
[mtlr] resource2 sel8 flags 470 sz 0x1000 -> kr 0x00000000 rid 119 GPUVA 0x10002490000 cpu 10d7ac000
[mtlr]   out: 0000010002490000 000000010d7ac000 0000000104721940 0000000000000000
[mtlr]   out: 0000007700000000 0000000000004000 0000000034120f6d 0000000000016318
[mtlr] resource2 sel8 flags 470 sz 0x1000 -> kr 0x00000000 rid 119 GPUVA 0x10002490000 cpu 10d7ac000
[mtlr]   out: 0000010002490000 000000010d7ac000 0000000104721940 0000000000000000
[mtlr]   out: 0000007700000000 0000000000004000 0000000034120f6e 0000000000016319
[mtlr] resource2 sel8 flags 470 sz 0x1000 -> kr 0x00000000 rid 119 GPUVA 0x10002490000 cpu 10d7ac000
[mtlr]   out: 0000010002490000 000000010d7ac000 0000000104721940 0000000000000000
[mtlr]   out: 0000007700000000 0000000000004000 0000000034120f6f 000000000001631a
[mtlr] resource2 sel8 flags 470 sz 0x1000 -> kr 0x00000000 rid 119 GPUVA 0x10002490000 cpu 10d7ac000
[mtlr]   out: 0000010002490000 000000010d7ac000 0000000104721940 0000000000000000
[mtlr]   out: 0000007700000000 0000000000004000 0000000034120f70 000000000001631b
[mtlr] resource2 sel8 flags 470 sz 0x1000 -> kr 0x00000000 rid 119 GPUVA 0x10002490000 cpu 10d7ac000
[mtlr]   out: 0000010002490000 000000010d7ac000 0000000104721940 0000000000000000
[mtlr]   out: 0000007700000000 0000000000004000 0000000034120f71 000000000001631c
[mtlr] resource2 sel8 flags 470 sz 0x1000 -> kr 0x00000000 rid 119 GPUVA 0x10002490000 cpu 10d7ac000
[mtlr]   out: 0000010002490000 000000010d7ac000 0000000104721940 0000000000000000
[mtlr]   out: 0000007700000000 0000000000004000 0000000034120f72 000000000001631d
[mtlr] resource2 sel8 flags 470 sz 0x1000 -> kr 0x00000000 rid 119 GPUVA 0x10002490000 cpu 10d7ac000
[mtlr]   out: 0000010002490000 000000010d7ac000 0000000104721940 0000000000000000
[mtlr]   out: 0000007700000000 0000000000004000 0000000034120f73 000000000001631e
[mtlr] resource2 sel8 flags 470 sz 0x1000 -> kr 0x00000000 rid 119 GPUVA 0x10002490000 cpu 10d7ac000
[mtlr]   out: 0000010002490000 000000010d7ac000 0000000104721940 0000000000000000
[mtlr]   out: 0000007700000000 0000000000004000 0000000034120f74 000000000001631f
[mtlr] resource2 sel8 flags 470 sz 0x1000 -> kr 0x00000000 rid 119 GPUVA 0x10002490000 cpu 10d7ac000
[mtlr]   out: 0000010002490000 000000010d7ac000 0000000104721940 0000000000000000
[mtlr]   out: 0000007700000000 0000000000004000 0000000034120f75 0000000000016320
[mtlr] resource2 sel8 flags 470 sz 0x1000 -> kr 0x00000000 rid 119 GPUVA 0x10002490000 cpu 10d7ac000
[mtlr]   out: 0000010002490000 000000010d7ac000 0000000104721940 0000000000000000
[mtlr]   out: 0000007700000000 0000000000004000 0000000034120f76 0000000000016321
[mtlr] resource2 sel8 flags 470 sz 0x1000 -> kr 0x00000000 rid 119 GPUVA 0x10002490000 cpu 10d7ac000
[mtlr]   out: 0000010002490000 000000010d7ac000 0000000104721940 0000000000000000
[mtlr]   out: 0000007700000000 0000000000004000 0000000034120f77 0000000000016322
[mtlr] resource2 sel8 flags 470 sz 0x1000 -> kr 0x00000000 rid 119 GPUVA 0x10002490000 cpu 10d7ac000
[mtlr]   out: 0000010002490000 000000010d7ac000 0000000104721940 0000000000000000
[mtlr]   out: 0000007700000000 0000000000004000 0000000034120f78 0000000000016323
[mtlr] resource2 sel8 flags 470 sz 0x1000 -> kr 0x00000000 rid 119 GPUVA 0x10002490000 cpu 10d7ac000
[mtlr]   out: 0000010002490000 000000010d7ac000 0000000104721940 0000000000000000
[mtlr]   out: 0000007700000000 0000000000004000 0000000034120f79 0000000000016324
[mtlr] resource2 sel8 flags 470 sz 0x1000 -> kr 0x00000000 rid 119 GPUVA 0x10002490000 cpu 10d7ac000
[mtlr]   out: 0000010002490000 000000010d7ac000 0000000104721940 0000000000000000
[mtlr]   out: 0000007700000000 0000000000004000 0000000034120f7a 0000000000016325
[mtlr] resource2 sel8 flags 470 sz 0x1000 -> kr 0x00000000 rid 119 GPUVA 0x10002490000 cpu 10d7ac000
[mtlr]   out: 0000010002490000 000000010d7ac000 0000000104721940 0000000000000000
[mtlr]   out: 0000007700000000 0000000000004000 0000000034120f7b 0000000000016326
[mtlr] resource2 sel8 flags 470 sz 0x1000 -> kr 0x00000000 rid 119 GPUVA 0x10002490000 cpu 10d7ac000
[mtlr]   out: 0000010002490000 000000010d7ac000 0000000104721940 0000000000000000
[mtlr]   out: 0000007700000000 0000000000004000 0000000034120f7c 0000000000016327
[mtlr] resource2 sel8 flags 470 sz 0x1000 -> kr 0x00000000 rid 119 GPUVA 0x10002490000 cpu 10d7ac000
[mtlr]   out: 0000010002490000 000000010d7ac000 0000000104721940 0000000000000000
[mtlr]   out: 0000007700000000 0000000000004000 0000000034120f7d 0000000000016328
[mtlr] resource2 sel8 flags 470 sz 0x1000 -> kr 0x00000000 rid 119 GPUVA 0x10002490000 cpu 10d7ac000
[mtlr]   out: 0000010002490000 000000010d7ac000 0000000104721940 0000000000000000
[mtlr]   out: 0000007700000000 0000000000004000 0000000034120f7e 0000000000016329
[mtlr] resource2 sel8 flags 470 sz 0x1000 -> kr 0x00000000 rid 119 GPUVA 0x10002490000 cpu 10d7ac000
[mtlr]   out: 0000010002490000 000000010d7ac000 0000000104721940 0000000000000000
[mtlr]   out: 0000007700000000 0000000000004000 0000000034120f7f 000000000001632a
[mtlr] resource2 sel8 flags 470 sz 0x1000 -> kr 0x00000000 rid 119 GPUVA 0x10002490000 cpu 10d7ac000
[mtlr]   out: 0000010002490000 000000010d7ac000 0000000104721940 0000000000000000
[mtlr]   out: 0000007700000000 0000000000004000 0000000034120f80 000000000001632b
[mtlr] resource2 sel8 flags 470 sz 0x1000 -> kr 0x00000000 rid 119 GPUVA 0x10002490000 cpu 10d7ac000
[mtlr]   out: 0000010002490000 000000010d7ac000 0000000104721940 0000000000000000
[mtlr]   out: 0000007700000000 0000000000004000 0000000034120f81 000000000001632c
[mtlr] resource2 sel8 flags 470 sz 0x1000 -> kr 0x00000000 rid 119 GPUVA 0x10002490000 cpu 10d7ac000
[mtlr]   out: 0000010002490000 000000010d7ac000 0000000104721940 0000000000000000
[mtlr]   out: 0000007700000000 0000000000004000 0000000034120f82 000000000001632d
[mtlr] resource2 sel8 flags 470 sz 0x1000 -> kr 0x00000000 rid 119 GPUVA 0x10002490000 cpu 10d7ac000
[mtlr]   out: 0000010002490000 000000010d7ac000 0000000104721940 0000000000000000
[mtlr]   out: 0000007700000000 0000000000004000 0000000034120f83 000000000001632e
[mtlr] resource2 sel8 flags 470 sz 0x1000 -> kr 0x00000000 rid 119 GPUVA 0x10002490000 cpu 10d7ac000
[mtlr]   out: 0000010002490000 000000010d7ac000 0000000104721940 0000000000000000
[mtlr]   out: 0000007700000000 0000000000004000 0000000034120f84 000000000001632f
[mtlr] resource2 sel8 flags 470 sz 0x1000 -> kr 0x00000000 rid 119 GPUVA 0x10002490000 cpu 10d7ac000
[mtlr]   out: 0000010002490000 000000010d7ac000 0000000104721940 0000000000000000
[mtlr]   out: 0000007700000000 0000000000004000 0000000034120f85 0000000000016330
[mtlr] resource2 sel8 flags 470 sz 0x1000 -> kr 0x00000000 rid 119 GPUVA 0x10002490000 cpu 10d7ac000
[mtlr]   out: 0000010002490000 000000010d7ac000 0000000104721940 0000000000000000
[mtlr]   out: 0000007700000000 0000000000004000 0000000034120f86 0000000000016331
[mtlr] resource2 sel8 flags 470 sz 0x1000 -> kr 0x00000000 rid 119 GPUVA 0x10002490000 cpu 10d7ac000
[mtlr]   out: 0000010002490000 000000010d7ac000 0000000104721940 0000000000000000
[mtlr]   out: 0000007700000000 0000000000004000 0000000034120f87 0000000000016332
[uatrec] S4 r16 (+1s): nvv 8 ncb 8 vsz 0x100000 fill 0x0 destroy0 kr 0x00000000 nj 40
[uatrec] S4 r16 blit[0] slots 7 ridp 1
[uatrec] S4 r16 blit[1] slots 7 ridp 1
[uatrec] S4 r16 blit[2] slots 7 ridp 1
[uatrec] S4 r16 blit[3] slots 7 ridp 1
[uatrec] S4 r16 blit[4] slots 7 ridp 1
[uatrec] S4 r16 blit[5] slots 7 ridp 1
[uatrec] S4 r16 blit[6] slots 7 ridp 1
[uatrec] S4 r16 blit[7] slots 7 ridp 1
[mtlr] resource2 sel8 flags 470 sz 0x100000 -> kr 0x00000000 rid 119 GPUVA 0x10002490000 cpu 10d6ac000
[mtlr]   out: 0000010002490000 000000010d6ac000 0000000104721940 0000000000000000
[mtlr]   out: 0000007700000000 0000000000100000 0000000034120fb3 0000000000016335
[uatrec] S4 r17 victim[0] rid 119 gpuva 0x10002490000 cpu 0x10d6ac000 (top-of-stack)
[mtlr] resource2 sel8 flags 470 sz 0x100000 -> kr 0x00000000 rid 120 GPUVA 0x10002598000 cpu 10d7ac000
[mtlr]   out: 0000010002598000 000000010d7ac000 0000000104721a00 0000000000000000
[mtlr]   out: 0000007800000000 0000000000100000 0000000034120fb4 0000000000016336
[uatrec] S4 r17 victim[1] rid 120 gpuva 0x10002598000 cpu 0x10d7ac000 (top-of-stack)
[mtlr] resource2 sel8 flags 470 sz 0x100000 -> kr 0x00000000 rid 121 GPUVA 0x100026a0000 cpu 10d8ac000
[mtlr]   out: 00000100026a0000 000000010d8ac000 0000000104721ac0 0000000000000000
[mtlr]   out: 0000007900000000 0000000000100000 0000000034120fb5 0000000000016337
[uatrec] S4 r17 victim[2] rid 121 gpuva 0x100026a0000 cpu 0x10d8ac000 (top-of-stack)
[mtlr] resource2 sel8 flags 470 sz 0x100000 -> kr 0x00000000 rid 122 GPUVA 0x100027a8000 cpu 10d9ac000
[mtlr]   out: 00000100027a8000 000000010d9ac000 0000000104721b80 0000000000000000
[mtlr]   out: 0000007a00000000 0000000000100000 0000000034120fb6 0000000000016338
[uatrec] S4 r17 victim[3] rid 122 gpuva 0x100027a8000 cpu 0x10d9ac000 (top-of-stack)
[mtlr] resource2 sel8 flags 470 sz 0x100000 -> kr 0x00000000 rid 123 GPUVA 0x100028b0000 cpu 10daac000
[mtlr]   out: 00000100028b0000 000000010daac000 0000000104721c40 0000000000000000
[mtlr]   out: 0000007b00000000 0000000000100000 0000000034120fba 0000000000016339
[uatrec] S4 r17 victim[4] rid 123 gpuva 0x100028b0000 cpu 0x10daac000 (top-of-stack)
[mtlr] resource2 sel8 flags 470 sz 0x100000 -> kr 0x00000000 rid 124 GPUVA 0x100029b8000 cpu 10dbac000
[mtlr]   out: 00000100029b8000 000000010dbac000 0000000104721d00 0000000000000000
[mtlr]   out: 0000007c00000000 0000000000100000 0000000034120fbf 000000000001633a
[uatrec] S4 r17 victim[5] rid 124 gpuva 0x100029b8000 cpu 0x10dbac000 (top-of-stack)
[mtlr] resource2 sel8 flags 470 sz 0x100000 -> kr 0x00000000 rid 125 GPUVA 0x10002ac0000 cpu 10dcac000
[mtlr]   out: 0000010002ac0000 000000010dcac000 0000000104721dc0 0000000000000000
[mtlr]   out: 0000007d00000000 0000000000100000 0000000034120fc0 000000000001633b
[uatrec] S4 r17 victim[6] rid 125 gpuva 0x10002ac0000 cpu 0x10dcac000 (top-of-stack)
[mtlr] resource2 sel8 flags 470 sz 0x100000 -> kr 0x00000000 rid 126 GPUVA 0x10002bc8000 cpu 10ddac000
[mtlr]   out: 0000010002bc8000 000000010ddac000 0000000104721e80 0000000000000000
[mtlr]   out: 0000007e00000000 0000000000100000 0000000034120fc1 000000000001633c
[uatrec] S4 r17 victim[7] rid 126 gpuva 0x10002bc8000 cpu 0x10ddac000 (top-of-stack)
[mtlr] resource2 sel8 flags 470 sz 0x1000 -> kr 0x00000000 rid 119 GPUVA 0x10002490000 cpu 10e5ac000
[mtlr]   out: 0000010002490000 000000010e5ac000 0000000104721940 0000000000000000
[mtlr]   out: 0000007700000000 0000000000004000 0000000034120fdd 0000000000016346
[mtlr] resource2 sel8 flags 470 sz 0x1000 -> kr 0x00000000 rid 119 GPUVA 0x10002490000 cpu 10e5ac000
[mtlr]   out: 0000010002490000 000000010e5ac000 0000000104721940 0000000000000000
[mtlr]   out: 0000007700000000 0000000000004000 0000000034120fde 0000000000016347
[mtlr] resource2 sel8 flags 470 sz 0x1000 -> kr 0x00000000 rid 119 GPUVA 0x10002490000 cpu 10e5ac000
[mtlr]   out: 0000010002490000 000000010e5ac000 0000000104721940 0000000000000000
[mtlr]   out: 0000007700000000 0000000000004000 0000000034120fdf 0000000000016348
[mtlr] resource2 sel8 flags 470 sz 0x1000 -> kr 0x00000000 rid 119 GPUVA 0x10002490000 cpu 10e5ac000
[mtlr]   out: 0000010002490000 000000010e5ac000 0000000104721940 0000000000000000
[mtlr]   out: 0000007700000000 0000000000004000 0000000034120fe0 0000000000016349
[mtlr] resource2 sel8 flags 470 sz 0x1000 -> kr 0x00000000 rid 119 GPUVA 0x10002490000 cpu 10e5ac000
[mtlr]   out: 0000010002490000 000000010e5ac000 0000000104721940 0000000000000000
[mtlr]   out: 0000007700000000 0000000000004000 0000000034120fe1 000000000001634a
[mtlr] resource2 sel8 flags 470 sz 0x1000 -> kr 0x00000000 rid 119 GPUVA 0x10002490000 cpu 10e5ac000
[mtlr]   out: 0000010002490000 000000010e5ac000 0000000104721940 0000000000000000
[mtlr]   out: 0000007700000000 0000000000004000 0000000034120fe2 000000000001634b
[mtlr] resource2 sel8 flags 470 sz 0x1000 -> kr 0x00000000 rid 119 GPUVA 0x10002490000 cpu 10e5ac000
[mtlr]   out: 0000010002490000 000000010e5ac000 0000000104721940 0000000000000000
[mtlr]   out: 0000007700000000 0000000000004000 0000000034120fe3 000000000001634c
[mtlr] resource2 sel8 flags 470 sz 0x1000 -> kr 0x00000000 rid 119 GPUVA 0x10002490000 cpu 10e5ac000
[mtlr]   out: 0000010002490000 000000010e5ac000 0000000104721940 0000000000000000
[mtlr]   out: 0000007700000000 0000000000004000 0000000034120fe4 000000000001634d
[mtlr] resource2 sel8 flags 470 sz 0x1000 -> kr 0x00000000 rid 119 GPUVA 0x10002490000 cpu 10e5ac000
[mtlr]   out: 0000010002490000 000000010e5ac000 0000000104721940 0000000000000000
[mtlr]   out: 0000007700000000 0000000000004000 0000000034120fe5 000000000001634e
[mtlr] resource2 sel8 flags 470 sz 0x1000 -> kr 0x00000000 rid 119 GPUVA 0x10002490000 cpu 10e5ac000
[mtlr]   out: 0000010002490000 000000010e5ac000 0000000104721940 0000000000000000
[mtlr]   out: 0000007700000000 0000000000004000 0000000034120fe6 000000000001634f
[mtlr] resource2 sel8 flags 470 sz 0x1000 -> kr 0x00000000 rid 119 GPUVA 0x10002490000 cpu 10e5ac000
[mtlr]   out: 0000010002490000 000000010e5ac000 0000000104721940 0000000000000000
[mtlr]   out: 0000007700000000 0000000000004000 0000000034120fe7 0000000000016350
[mtlr] resource2 sel8 flags 470 sz 0x1000 -> kr 0x00000000 rid 119 GPUVA 0x10002490000 cpu 10e5ac000
[mtlr]   out: 0000010002490000 000000010e5ac000 0000000104721940 0000000000000000
[mtlr]   out: 0000007700000000 0000000000004000 0000000034120fe8 0000000000016351
[mtlr] resource2 sel8 flags 470 sz 0x1000 -> kr 0x00000000 rid 119 GPUVA 0x10002490000 cpu 10e5ac000
[mtlr]   out: 0000010002490000 000000010e5ac000 0000000104721940 0000000000000000
[mtlr]   out: 0000007700000000 0000000000004000 0000000034120fe9 0000000000016352
[mtlr] resource2 sel8 flags 470 sz 0x1000 -> kr 0x00000000 rid 119 GPUVA 0x10002490000 cpu 10e5ac000
[mtlr]   out: 0000010002490000 000000010e5ac000 0000000104721940 0000000000000000
[mtlr]   out: 0000007700000000 0000000000004000 0000000034120fea 0000000000016353
[mtlr] resource2 sel8 flags 470 sz 0x1000 -> kr 0x00000000 rid 119 GPUVA 0x10002490000 cpu 10e5ac000
[mtlr]   out: 0000010002490000 000000010e5ac000 0000000104721940 0000000000000000
[mtlr]   out: 0000007700000000 0000000000004000 0000000034120feb 0000000000016354
[mtlr] resource2 sel8 flags 470 sz 0x1000 -> kr 0x00000000 rid 119 GPUVA 0x10002490000 cpu 10e5ac000
[mtlr]   out: 0000010002490000 000000010e5ac000 0000000104721940 0000000000000000
[mtlr]   out: 0000007700000000 0000000000004000 0000000034120fec 0000000000016355
[mtlr] resource2 sel8 flags 470 sz 0x1000 -> kr 0x00000000 rid 119 GPUVA 0x10002490000 cpu 10e5ac000
[mtlr]   out: 0000010002490000 000000010e5ac000 0000000104721940 0000000000000000
[mtlr]   out: 0000007700000000 0000000000004000 0000000034120fed 0000000000016356
[mtlr] resource2 sel8 flags 470 sz 0x1000 -> kr 0x00000000 rid 119 GPUVA 0x10002490000 cpu 10e5ac000
[mtlr]   out: 0000010002490000 000000010e5ac000 0000000104721940 0000000000000000
[mtlr]   out: 0000007700000000 0000000000004000 0000000034120fee 0000000000016357
[mtlr] resource2 sel8 flags 470 sz 0x1000 -> kr 0x00000000 rid 119 GPUVA 0x10002490000 cpu 10e5ac000
[mtlr]   out: 0000010002490000 000000010e5ac000 0000000104721940 0000000000000000
[mtlr]   out: 0000007700000000 0000000000004000 0000000034120fef 0000000000016358
[mtlr] resource2 sel8 flags 470 sz 0x1000 -> kr 0x00000000 rid 119 GPUVA 0x10002490000 cpu 10e5ac000
[mtlr]   out: 0000010002490000 000000010e5ac000 0000000104721940 0000000000000000
[mtlr]   out: 0000007700000000 0000000000004000 0000000034120ff0 0000000000016359
[mtlr] resource2 sel8 flags 470 sz 0x1000 -> kr 0x00000000 rid 119 GPUVA 0x10002490000 cpu 10e5ac000
[mtlr]   out: 0000010002490000 000000010e5ac000 0000000104721940 0000000000000000
[mtlr]   out: 0000007700000000 0000000000004000 0000000034120ff1 000000000001635a
[mtlr] resource2 sel8 flags 470 sz 0x1000 -> kr 0x00000000 rid 119 GPUVA 0x10002490000 cpu 10e5ac000
[mtlr]   out: 0000010002490000 000000010e5ac000 0000000104721940 0000000000000000
[mtlr]   out: 0000007700000000 0000000000004000 0000000034120ff2 000000000001635b
[mtlr] resource2 sel8 flags 470 sz 0x1000 -> kr 0x00000000 rid 119 GPUVA 0x10002490000 cpu 10e5ac000
[mtlr]   out: 0000010002490000 000000010e5ac000 0000000104721940 0000000000000000
[mtlr]   out: 0000007700000000 0000000000004000 0000000034120ff3 000000000001635c
[mtlr] resource2 sel8 flags 470 sz 0x1000 -> kr 0x00000000 rid 119 GPUVA 0x10002490000 cpu 10e5ac000
[mtlr]   out: 0000010002490000 000000010e5ac000 0000000104721940 0000000000000000
[mtlr]   out: 0000007700000000 0000000000004000 0000000034120ff4 000000000001635d
[mtlr] resource2 sel8 flags 470 sz 0x1000 -> kr 0x00000000 rid 119 GPUVA 0x10002490000 cpu 10e5ac000
[mtlr]   out: 0000010002490000 000000010e5ac000 0000000104721940 0000000000000000
[mtlr]   out: 0000007700000000 0000000000004000 0000000034120ff5 000000000001635e
[mtlr] resource2 sel8 flags 470 sz 0x1000 -> kr 0x00000000 rid 119 GPUVA 0x10002490000 cpu 10e5ac000
[mtlr]   out: 0000010002490000 000000010e5ac000 0000000104721940 0000000000000000
[mtlr]   out: 0000007700000000 0000000000004000 0000000034120ff6 000000000001635f
[mtlr] resource2 sel8 flags 470 sz 0x1000 -> kr 0x00000000 rid 119 GPUVA 0x10002490000 cpu 10e5ac000
[mtlr]   out: 0000010002490000 000000010e5ac000 0000000104721940 0000000000000000
[mtlr]   out: 0000007700000000 0000000000004000 0000000034120ff7 0000000000016360
[mtlr] resource2 sel8 flags 470 sz 0x1000 -> kr 0x00000000 rid 119 GPUVA 0x10002490000 cpu 10e5ac000
[mtlr]   out: 0000010002490000 000000010e5ac000 0000000104721940 0000000000000000
[mtlr]   out: 0000007700000000 0000000000004000 0000000034120ff8 0000000000016361
[mtlr] resource2 sel8 flags 470 sz 0x1000 -> kr 0x00000000 rid 119 GPUVA 0x10002490000 cpu 10e5ac000
[mtlr]   out: 0000010002490000 000000010e5ac000 0000000104721940 0000000000000000
[mtlr]   out: 0000007700000000 0000000000004000 0000000034120ff9 0000000000016362
[mtlr] resource2 sel8 flags 470 sz 0x1000 -> kr 0x00000000 rid 119 GPUVA 0x10002490000 cpu 10e5ac000
[mtlr]   out: 0000010002490000 000000010e5ac000 0000000104721940 0000000000000000
[mtlr]   out: 0000007700000000 0000000000004000 0000000034120ffa 0000000000016363
[mtlr] resource2 sel8 flags 470 sz 0x1000 -> kr 0x00000000 rid 119 GPUVA 0x10002490000 cpu 10e5ac000
[mtlr]   out: 0000010002490000 000000010e5ac000 0000000104721940 0000000000000000
[mtlr]   out: 0000007700000000 0000000000004000 0000000034120ffb 0000000000016364
[mtlr] resource2 sel8 flags 470 sz 0x1000 -> kr 0x00000000 rid 119 GPUVA 0x10002490000 cpu 10e5ac000
[mtlr]   out: 0000010002490000 000000010e5ac000 0000000104721940 0000000000000000
[mtlr]   out: 0000007700000000 0000000000004000 0000000034120ffc 0000000000016365
[mtlr] resource2 sel8 flags 470 sz 0x1000 -> kr 0x00000000 rid 119 GPUVA 0x10002490000 cpu 10e5ac000
[mtlr]   out: 0000010002490000 000000010e5ac000 0000000104721940 0000000000000000
[mtlr]   out: 0000007700000000 0000000000004000 0000000034120ffd 0000000000016366
[mtlr] resource2 sel8 flags 470 sz 0x1000 -> kr 0x00000000 rid 119 GPUVA 0x10002490000 cpu 10e5ac000
[mtlr]   out: 0000010002490000 000000010e5ac000 0000000104721940 0000000000000000
[mtlr]   out: 0000007700000000 0000000000004000 0000000034120ffe 0000000000016367
[mtlr] resource2 sel8 flags 470 sz 0x1000 -> kr 0x00000000 rid 119 GPUVA 0x10002490000 cpu 10e5ac000
[mtlr]   out: 0000010002490000 000000010e5ac000 0000000104721940 0000000000000000
[mtlr]   out: 0000007700000000 0000000000004000 0000000034120fff 0000000000016368
[mtlr] resource2 sel8 flags 470 sz 0x1000 -> kr 0x00000000 rid 119 GPUVA 0x10002490000 cpu 10e5ac000
[mtlr]   out: 0000010002490000 000000010e5ac000 0000000104721940 0000000000000000
[mtlr]   out: 0000007700000000 0000000000004000 0000000034121000 0000000000016369
[mtlr] resource2 sel8 flags 470 sz 0x1000 -> kr 0x00000000 rid 119 GPUVA 0x10002490000 cpu 10e5ac000
[mtlr]   out: 0000010002490000 000000010e5ac000 0000000104721940 0000000000000000
[mtlr]   out: 0000007700000000 0000000000004000 0000000034121001 000000000001636a
[mtlr] resource2 sel8 flags 470 sz 0x1000 -> kr 0x00000000 rid 119 GPUVA 0x10002490000 cpu 10e5ac000
[mtlr]   out: 0000010002490000 000000010e5ac000 0000000104721940 0000000000000000
[mtlr]   out: 0000007700000000 0000000000004000 0000000034121002 000000000001636b
[mtlr] resource2 sel8 flags 470 sz 0x1000 -> kr 0x00000000 rid 119 GPUVA 0x10002490000 cpu 10e5ac000
[mtlr]   out: 0000010002490000 000000010e5ac000 0000000104721940 0000000000000000
[mtlr]   out: 0000007700000000 0000000000004000 0000000034121003 000000000001636c
[mtlr] resource2 sel8 flags 470 sz 0x1000 -> kr 0x00000000 rid 119 GPUVA 0x10002490000 cpu 10e5ac000
[mtlr]   out: 0000010002490000 000000010e5ac000 0000000104721940 0000000000000000
[mtlr]   out: 0000007700000000 0000000000004000 0000000034121004 000000000001636d
[uatrec] S4 r17 (+1s): nvv 8 ncb 8 vsz 0x100000 fill 0x0 destroy0 kr 0x00000000 nj 40
[uatrec] S4 r17 blit[0] slots 7 ridp 1
[uatrec] S4 r17 blit[1] slots 7 ridp 1
[uatrec] S4 r17 blit[2] slots 7 ridp 1
[uatrec] S4 r17 blit[3] slots 7 ridp 1
[uatrec] S4 r17 blit[4] slots 7 ridp 1
[uatrec] S4 r17 blit[5] slots 7 ridp 1
[uatrec] S4 r17 blit[6] slots 7 ridp 1
[uatrec] S4 r17 blit[7] slots 7 ridp 1
[mtlr] resource2 sel8 flags 470 sz 0x100000 -> kr 0x00000000 rid 119 GPUVA 0x10002490000 cpu 10dfac000
[mtlr]   out: 0000010002490000 000000010dfac000 0000000104721940 0000000000000000
[mtlr]   out: 0000007700000000 0000000000100000 0000000034121031 0000000000016370
[uatrec] S4 r18 victim[0] rid 119 gpuva 0x10002490000 cpu 0x10dfac000 (top-of-stack)
[mtlr] resource2 sel8 flags 470 sz 0x100000 -> kr 0x00000000 rid 120 GPUVA 0x10002598000 cpu 10e0ac000
[mtlr]   out: 0000010002598000 000000010e0ac000 0000000104721a00 0000000000000000
[mtlr]   out: 0000007800000000 0000000000100000 0000000034121032 0000000000016371
[uatrec] S4 r18 victim[1] rid 120 gpuva 0x10002598000 cpu 0x10e0ac000 (top-of-stack)
[mtlr] resource2 sel8 flags 470 sz 0x100000 -> kr 0x00000000 rid 121 GPUVA 0x100026a0000 cpu 10e1ac000
[mtlr]   out: 00000100026a0000 000000010e1ac000 0000000104721ac0 0000000000000000
[mtlr]   out: 0000007900000000 0000000000100000 0000000034121033 0000000000016372
[uatrec] S4 r18 victim[2] rid 121 gpuva 0x100026a0000 cpu 0x10e1ac000 (top-of-stack)
[mtlr] resource2 sel8 flags 470 sz 0x100000 -> kr 0x00000000 rid 122 GPUVA 0x100027a8000 cpu 10c698000
[mtlr]   out: 00000100027a8000 000000010c698000 0000000104721b80 0000000000000000
[mtlr]   out: 0000007a00000000 0000000000100000 0000000034121034 0000000000016373
[uatrec] S4 r18 victim[3] rid 122 gpuva 0x100027a8000 cpu 0x10c698000 (top-of-stack)
[mtlr] resource2 sel8 flags 470 sz 0x100000 -> kr 0x00000000 rid 123 GPUVA 0x100028b0000 cpu 10c7a0000
[mtlr]   out: 00000100028b0000 000000010c7a0000 0000000104721c40 0000000000000000
[mtlr]   out: 0000007b00000000 0000000000100000 000000003412103c 0000000000016374
[uatrec] S4 r18 victim[4] rid 123 gpuva 0x100028b0000 cpu 0x10c7a0000 (top-of-stack)
[mtlr] resource2 sel8 flags 470 sz 0x100000 -> kr 0x00000000 rid 124 GPUVA 0x100029b8000 cpu 10c8a0000
[mtlr]   out: 00000100029b8000 000000010c8a0000 0000000104721d00 0000000000000000
[mtlr]   out: 0000007c00000000 0000000000100000 000000003412103d 0000000000016375
[uatrec] S4 r18 victim[5] rid 124 gpuva 0x100029b8000 cpu 0x10c8a0000 (top-of-stack)
[mtlr] resource2 sel8 flags 470 sz 0x100000 -> kr 0x00000000 rid 125 GPUVA 0x10002ac0000 cpu 10c9a0000
[mtlr]   out: 0000010002ac0000 000000010c9a0000 0000000104721dc0 0000000000000000
[mtlr]   out: 0000007d00000000 0000000000100000 000000003412103e 0000000000016376
[uatrec] S4 r18 victim[6] rid 125 gpuva 0x10002ac0000 cpu 0x10c9a0000 (top-of-stack)
[mtlr] resource2 sel8 flags 470 sz 0x100000 -> kr 0x00000000 rid 126 GPUVA 0x10002bc8000 cpu 10caa0000
[mtlr]   out: 0000010002bc8000 000000010caa0000 0000000104721e80 0000000000000000
[mtlr]   out: 0000007e00000000 0000000000100000 000000003412103f 0000000000016377
[uatrec] S4 r18 victim[7] rid 126 gpuva 0x10002bc8000 cpu 0x10caa0000 (top-of-stack)
[mtlr] resource2 sel8 flags 470 sz 0x1000 -> kr 0x00000000 rid 119 GPUVA 0x10002490000 cpu 10d4a0000
[mtlr]   out: 0000010002490000 000000010d4a0000 0000000104721940 0000000000000000
[mtlr]   out: 0000007700000000 0000000000004000 000000003412105b 0000000000016381
[mtlr] resource2 sel8 flags 470 sz 0x1000 -> kr 0x00000000 rid 119 GPUVA 0x10002490000 cpu 10d4a0000
[mtlr]   out: 0000010002490000 000000010d4a0000 0000000104721940 0000000000000000
[mtlr]   out: 0000007700000000 0000000000004000 000000003412105c 0000000000016382
[mtlr] resource2 sel8 flags 470 sz 0x1000 -> kr 0x00000000 rid 119 GPUVA 0x10002490000 cpu 10d4a0000
[mtlr]   out: 0000010002490000 000000010d4a0000 0000000104721940 0000000000000000
[mtlr]   out: 0000007700000000 0000000000004000 000000003412105d 0000000000016383
[mtlr] resource2 sel8 flags 470 sz 0x1000 -> kr 0x00000000 rid 119 GPUVA 0x10002490000 cpu 10d4a0000
[mtlr]   out: 0000010002490000 000000010d4a0000 0000000104721940 0000000000000000
[mtlr]   out: 0000007700000000 0000000000004000 000000003412105e 0000000000016384
[mtlr] resource2 sel8 flags 470 sz 0x1000 -> kr 0x00000000 rid 119 GPUVA 0x10002490000 cpu 10d4a0000
[mtlr]   out: 0000010002490000 000000010d4a0000 0000000104721940 0000000000000000
[mtlr]   out: 0000007700000000 0000000000004000 000000003412105f 0000000000016385
[mtlr] resource2 sel8 flags 470 sz 0x1000 -> kr 0x00000000 rid 119 GPUVA 0x10002490000 cpu 10d4a0000
[mtlr]   out: 0000010002490000 000000010d4a0000 0000000104721940 0000000000000000
[mtlr]   out: 0000007700000000 0000000000004000 0000000034121060 0000000000016386
[mtlr] resource2 sel8 flags 470 sz 0x1000 -> kr 0x00000000 rid 119 GPUVA 0x10002490000 cpu 10d4a0000
[mtlr]   out: 0000010002490000 000000010d4a0000 0000000104721940 0000000000000000
[mtlr]   out: 0000007700000000 0000000000004000 0000000034121061 0000000000016387
[mtlr] resource2 sel8 flags 470 sz 0x1000 -> kr 0x00000000 rid 119 GPUVA 0x10002490000 cpu 10d4a0000
[mtlr]   out: 0000010002490000 000000010d4a0000 0000000104721940 0000000000000000
[mtlr]   out: 0000007700000000 0000000000004000 0000000034121062 0000000000016388
[mtlr] resource2 sel8 flags 470 sz 0x1000 -> kr 0x00000000 rid 119 GPUVA 0x10002490000 cpu 10d4a0000
[mtlr]   out: 0000010002490000 000000010d4a0000 0000000104721940 0000000000000000
[mtlr]   out: 0000007700000000 0000000000004000 0000000034121063 0000000000016389
[mtlr] resource2 sel8 flags 470 sz 0x1000 -> kr 0x00000000 rid 119 GPUVA 0x10002490000 cpu 10d4a0000
[mtlr]   out: 0000010002490000 000000010d4a0000 0000000104721940 0000000000000000
[mtlr]   out: 0000007700000000 0000000000004000 0000000034121064 000000000001638a
[mtlr] resource2 sel8 flags 470 sz 0x1000 -> kr 0x00000000 rid 119 GPUVA 0x10002490000 cpu 10d4a0000
[mtlr]   out: 0000010002490000 000000010d4a0000 0000000104721940 0000000000000000
[mtlr]   out: 0000007700000000 0000000000004000 0000000034121065 000000000001638b
[mtlr] resource2 sel8 flags 470 sz 0x1000 -> kr 0x00000000 rid 119 GPUVA 0x10002490000 cpu 10d4a0000
[mtlr]   out: 0000010002490000 000000010d4a0000 0000000104721940 0000000000000000
[mtlr]   out: 0000007700000000 0000000000004000 0000000034121066 000000000001638c
[mtlr] resource2 sel8 flags 470 sz 0x1000 -> kr 0x00000000 rid 119 GPUVA 0x10002490000 cpu 10d4a0000
[mtlr]   out: 0000010002490000 000000010d4a0000 0000000104721940 0000000000000000
[mtlr]   out: 0000007700000000 0000000000004000 0000000034121067 000000000001638d
[mtlr] resource2 sel8 flags 470 sz 0x1000 -> kr 0x00000000 rid 119 GPUVA 0x10002490000 cpu 10d4a0000
[mtlr]   out: 0000010002490000 000000010d4a0000 0000000104721940 0000000000000000
[mtlr]   out: 0000007700000000 0000000000004000 0000000034121068 000000000001638e
[mtlr] resource2 sel8 flags 470 sz 0x1000 -> kr 0x00000000 rid 119 GPUVA 0x10002490000 cpu 10d4a0000
[mtlr]   out: 0000010002490000 000000010d4a0000 0000000104721940 0000000000000000
[mtlr]   out: 0000007700000000 0000000000004000 0000000034121069 000000000001638f
[mtlr] resource2 sel8 flags 470 sz 0x1000 -> kr 0x00000000 rid 119 GPUVA 0x10002490000 cpu 10d4a0000
[mtlr]   out: 0000010002490000 000000010d4a0000 0000000104721940 0000000000000000
[mtlr]   out: 0000007700000000 0000000000004000 000000003412106a 0000000000016390
[mtlr] resource2 sel8 flags 470 sz 0x1000 -> kr 0x00000000 rid 119 GPUVA 0x10002490000 cpu 10d4a0000
[mtlr]   out: 0000010002490000 000000010d4a0000 0000000104721940 0000000000000000
[mtlr]   out: 0000007700000000 0000000000004000 000000003412106b 0000000000016391
[mtlr] resource2 sel8 flags 470 sz 0x1000 -> kr 0x00000000 rid 119 GPUVA 0x10002490000 cpu 10d4a0000
[mtlr]   out: 0000010002490000 000000010d4a0000 0000000104721940 0000000000000000
[mtlr]   out: 0000007700000000 0000000000004000 000000003412106c 0000000000016392
[mtlr] resource2 sel8 flags 470 sz 0x1000 -> kr 0x00000000 rid 119 GPUVA 0x10002490000 cpu 10d4a0000
[mtlr]   out: 0000010002490000 000000010d4a0000 0000000104721940 0000000000000000
[mtlr]   out: 0000007700000000 0000000000004000 000000003412106d 0000000000016393
[mtlr] resource2 sel8 flags 470 sz 0x1000 -> kr 0x00000000 rid 119 GPUVA 0x10002490000 cpu 10d4a0000
[mtlr]   out: 0000010002490000 000000010d4a0000 0000000104721940 0000000000000000
[mtlr]   out: 0000007700000000 0000000000004000 000000003412106e 0000000000016394
[mtlr] resource2 sel8 flags 470 sz 0x1000 -> kr 0x00000000 rid 119 GPUVA 0x10002490000 cpu 10d4a0000
[mtlr]   out: 0000010002490000 000000010d4a0000 0000000104721940 0000000000000000
[mtlr]   out: 0000007700000000 0000000000004000 000000003412106f 0000000000016395
[mtlr] resource2 sel8 flags 470 sz 0x1000 -> kr 0x00000000 rid 119 GPUVA 0x10002490000 cpu 10d4a0000
[mtlr]   out: 0000010002490000 000000010d4a0000 0000000104721940 0000000000000000
[mtlr]   out: 0000007700000000 0000000000004000 0000000034121070 0000000000016396
[mtlr] resource2 sel8 flags 470 sz 0x1000 -> kr 0x00000000 rid 119 GPUVA 0x10002490000 cpu 10d4a0000
[mtlr]   out: 0000010002490000 000000010d4a0000 0000000104721940 0000000000000000
[mtlr]   out: 0000007700000000 0000000000004000 0000000034121071 0000000000016397
[mtlr] resource2 sel8 flags 470 sz 0x1000 -> kr 0x00000000 rid 119 GPUVA 0x10002490000 cpu 10d4a0000
[mtlr]   out: 0000010002490000 000000010d4a0000 0000000104721940 0000000000000000
[mtlr]   out: 0000007700000000 0000000000004000 0000000034121072 0000000000016398
[mtlr] resource2 sel8 flags 470 sz 0x1000 -> kr 0x00000000 rid 119 GPUVA 0x10002490000 cpu 10d4a0000
[mtlr]   out: 0000010002490000 000000010d4a0000 0000000104721940 0000000000000000
[mtlr]   out: 0000007700000000 0000000000004000 0000000034121073 0000000000016399
[mtlr] resource2 sel8 flags 470 sz 0x1000 -> kr 0x00000000 rid 119 GPUVA 0x10002490000 cpu 10d4a0000
[mtlr]   out: 0000010002490000 000000010d4a0000 0000000104721940 0000000000000000
[mtlr]   out: 0000007700000000 0000000000004000 0000000034121074 000000000001639a
[mtlr] resource2 sel8 flags 470 sz 0x1000 -> kr 0x00000000 rid 119 GPUVA 0x10002490000 cpu 10d4a0000
[mtlr]   out: 0000010002490000 000000010d4a0000 0000000104721940 0000000000000000
[mtlr]   out: 0000007700000000 0000000000004000 0000000034121075 000000000001639b
[mtlr] resource2 sel8 flags 470 sz 0x1000 -> kr 0x00000000 rid 119 GPUVA 0x10002490000 cpu 10d4a0000
[mtlr]   out: 0000010002490000 000000010d4a0000 0000000104721940 0000000000000000
[mtlr]   out: 0000007700000000 0000000000004000 0000000034121076 000000000001639c
[mtlr] resource2 sel8 flags 470 sz 0x1000 -> kr 0x00000000 rid 119 GPUVA 0x10002490000 cpu 10d4a0000
[mtlr]   out: 0000010002490000 000000010d4a0000 0000000104721940 0000000000000000
[mtlr]   out: 0000007700000000 0000000000004000 0000000034121077 000000000001639d
[mtlr] resource2 sel8 flags 470 sz 0x1000 -> kr 0x00000000 rid 119 GPUVA 0x10002490000 cpu 10d4a0000
[mtlr]   out: 0000010002490000 000000010d4a0000 0000000104721940 0000000000000000
[mtlr]   out: 0000007700000000 0000000000004000 0000000034121078 000000000001639e
[mtlr] resource2 sel8 flags 470 sz 0x1000 -> kr 0x00000000 rid 119 GPUVA 0x10002490000 cpu 10d4a0000
[mtlr]   out: 0000010002490000 000000010d4a0000 0000000104721940 0000000000000000
[mtlr]   out: 0000007700000000 0000000000004000 0000000034121079 000000000001639f
[mtlr] resource2 sel8 flags 470 sz 0x1000 -> kr 0x00000000 rid 119 GPUVA 0x10002490000 cpu 10d4a0000
[mtlr]   out: 0000010002490000 000000010d4a0000 0000000104721940 0000000000000000
[mtlr]   out: 0000007700000000 0000000000004000 000000003412107a 00000000000163a0
[mtlr] resource2 sel8 flags 470 sz 0x1000 -> kr 0x00000000 rid 119 GPUVA 0x10002490000 cpu 10d4a0000
[mtlr]   out: 0000010002490000 000000010d4a0000 0000000104721940 0000000000000000
[mtlr]   out: 0000007700000000 0000000000004000 000000003412107b 00000000000163a1
[mtlr] resource2 sel8 flags 470 sz 0x1000 -> kr 0x00000000 rid 119 GPUVA 0x10002490000 cpu 10d4a0000
[mtlr]   out: 0000010002490000 000000010d4a0000 0000000104721940 0000000000000000
[mtlr]   out: 0000007700000000 0000000000004000 000000003412107c 00000000000163a2
[mtlr] resource2 sel8 flags 470 sz 0x1000 -> kr 0x00000000 rid 119 GPUVA 0x10002490000 cpu 10d4a0000
[mtlr]   out: 0000010002490000 000000010d4a0000 0000000104721940 0000000000000000
[mtlr]   out: 0000007700000000 0000000000004000 000000003412107d 00000000000163a3
[mtlr] resource2 sel8 flags 470 sz 0x1000 -> kr 0x00000000 rid 119 GPUVA 0x10002490000 cpu 10d4a0000
[mtlr]   out: 0000010002490000 000000010d4a0000 0000000104721940 0000000000000000
[mtlr]   out: 0000007700000000 0000000000004000 000000003412107e 00000000000163a4
[mtlr] resource2 sel8 flags 470 sz 0x1000 -> kr 0x00000000 rid 119 GPUVA 0x10002490000 cpu 10d4a0000
[mtlr]   out: 0000010002490000 000000010d4a0000 0000000104721940 0000000000000000
[mtlr]   out: 0000007700000000 0000000000004000 000000003412107f 00000000000163a5
[mtlr] resource2 sel8 flags 470 sz 0x1000 -> kr 0x00000000 rid 119 GPUVA 0x10002490000 cpu 10d4a0000
[mtlr]   out: 0000010002490000 000000010d4a0000 0000000104721940 0000000000000000
[mtlr]   out: 0000007700000000 0000000000004000 0000000034121080 00000000000163a6
[mtlr] resource2 sel8 flags 470 sz 0x1000 -> kr 0x00000000 rid 119 GPUVA 0x10002490000 cpu 10d4a0000
[mtlr]   out: 0000010002490000 000000010d4a0000 0000000104721940 0000000000000000
[mtlr]   out: 0000007700000000 0000000000004000 0000000034121081 00000000000163a7
[mtlr] resource2 sel8 flags 470 sz 0x1000 -> kr 0x00000000 rid 119 GPUVA 0x10002490000 cpu 10d4a0000
[mtlr]   out: 0000010002490000 000000010d4a0000 0000000104721940 0000000000000000
[mtlr]   out: 0000007700000000 0000000000004000 0000000034121082 00000000000163a8
[uatrec] S4 r18 (+1s): nvv 8 ncb 8 vsz 0x100000 fill 0x0 destroy0 kr 0x00000000 nj 40
[uatrec] S4 r18 blit[0] slots 7 ridp 1
[uatrec] S4 r18 blit[1] slots 7 ridp 1
[uatrec] S4 r18 blit[2] slots 7 ridp 1
[uatrec] S4 r18 blit[3] slots 7 ridp 1
[uatrec] S4 r18 blit[4] slots 7 ridp 1
[uatrec] S4 r18 blit[5] slots 7 ridp 1
[uatrec] S4 r18 blit[6] slots 7 ridp 1
[uatrec] S4 r18 blit[7] slots 7 ridp 1
[mtlr] resource2 sel8 flags 470 sz 0x100000 -> kr 0x00000000 rid 119 GPUVA 0x10002490000 cpu 10cca0000
[mtlr]   out: 0000010002490000 000000010cca0000 0000000104721940 0000000000000000
[mtlr]   out: 0000007700000000 0000000000100000 00000000341210d0 00000000000163ab
[uatrec] S4 r19 victim[0] rid 119 gpuva 0x10002490000 cpu 0x10cca0000 (top-of-stack)
[mtlr] resource2 sel8 flags 470 sz 0x100000 -> kr 0x00000000 rid 120 GPUVA 0x10002598000 cpu 10cda0000
[mtlr]   out: 0000010002598000 000000010cda0000 0000000104721a00 0000000000000000
[mtlr]   out: 0000007800000000 0000000000100000 00000000341210d1 00000000000163ac
[uatrec] S4 r19 victim[1] rid 120 gpuva 0x10002598000 cpu 0x10cda0000 (top-of-stack)
[mtlr] resource2 sel8 flags 470 sz 0x100000 -> kr 0x00000000 rid 121 GPUVA 0x100026a0000 cpu 10cea0000
[mtlr]   out: 00000100026a0000 000000010cea0000 0000000104721ac0 0000000000000000
[mtlr]   out: 0000007900000000 0000000000100000 00000000341210d2 00000000000163ad
[uatrec] S4 r19 victim[2] rid 121 gpuva 0x100026a0000 cpu 0x10cea0000 (top-of-stack)
[mtlr] resource2 sel8 flags 470 sz 0x100000 -> kr 0x00000000 rid 122 GPUVA 0x100027a8000 cpu 10cfa0000
[mtlr]   out: 00000100027a8000 000000010cfa0000 0000000104721b80 0000000000000000
[mtlr]   out: 0000007a00000000 0000000000100000 00000000341210d3 00000000000163ae
[uatrec] S4 r19 victim[3] rid 122 gpuva 0x100027a8000 cpu 0x10cfa0000 (top-of-stack)
[mtlr] resource2 sel8 flags 470 sz 0x100000 -> kr 0x00000000 rid 123 GPUVA 0x100028b0000 cpu 10d0a0000
[mtlr]   out: 00000100028b0000 000000010d0a0000 0000000104721c40 0000000000000000
[mtlr]   out: 0000007b00000000 0000000000100000 00000000341210d4 00000000000163af
[uatrec] S4 r19 victim[4] rid 123 gpuva 0x100028b0000 cpu 0x10d0a0000 (top-of-stack)
[mtlr] resource2 sel8 flags 470 sz 0x100000 -> kr 0x00000000 rid 124 GPUVA 0x100029b8000 cpu 10c6a0000
[mtlr]   out: 00000100029b8000 000000010c6a0000 0000000104721d00 0000000000000000
[mtlr]   out: 0000007c00000000 0000000000100000 00000000341210d5 00000000000163b0
[uatrec] S4 r19 victim[5] rid 124 gpuva 0x100029b8000 cpu 0x10c6a0000 (top-of-stack)
[mtlr] resource2 sel8 flags 470 sz 0x100000 -> kr 0x00000000 rid 125 GPUVA 0x10002ac0000 cpu 10c7a0000
[mtlr]   out: 0000010002ac0000 000000010c7a0000 0000000104721dc0 0000000000000000
[mtlr]   out: 0000007d00000000 0000000000100000 00000000341210dc 00000000000163b1
[uatrec] S4 r19 victim[6] rid 125 gpuva 0x10002ac0000 cpu 0x10c7a0000 (top-of-stack)
[mtlr] resource2 sel8 flags 470 sz 0x100000 -> kr 0x00000000 rid 126 GPUVA 0x10002bc8000 cpu 10c8a0000
[mtlr]   out: 0000010002bc8000 000000010c8a0000 0000000104721e80 0000000000000000
[mtlr]   out: 0000007e00000000 0000000000100000 00000000341210de 00000000000163b2
[uatrec] S4 r19 victim[7] rid 126 gpuva 0x10002bc8000 cpu 0x10c8a0000 (top-of-stack)
[mtlr] resource2 sel8 flags 470 sz 0x1000 -> kr 0x00000000 rid 119 GPUVA 0x10002490000 cpu 10d7ac000
[mtlr]   out: 0000010002490000 000000010d7ac000 0000000104721940 0000000000000000
[mtlr]   out: 0000007700000000 0000000000004000 0000000034121102 00000000000163bc
[mtlr] resource2 sel8 flags 470 sz 0x1000 -> kr 0x00000000 rid 119 GPUVA 0x10002490000 cpu 10d7ac000
[mtlr]   out: 0000010002490000 000000010d7ac000 0000000104721940 0000000000000000
[mtlr]   out: 0000007700000000 0000000000004000 0000000034121103 00000000000163bd
[mtlr] resource2 sel8 flags 470 sz 0x1000 -> kr 0x00000000 rid 119 GPUVA 0x10002490000 cpu 10d7ac000
[mtlr]   out: 0000010002490000 000000010d7ac000 0000000104721940 0000000000000000
[mtlr]   out: 0000007700000000 0000000000004000 0000000034121104 00000000000163be
[mtlr] resource2 sel8 flags 470 sz 0x1000 -> kr 0x00000000 rid 119 GPUVA 0x10002490000 cpu 10d7ac000
[mtlr]   out: 0000010002490000 000000010d7ac000 0000000104721940 0000000000000000
[mtlr]   out: 0000007700000000 0000000000004000 0000000034121105 00000000000163bf
[mtlr] resource2 sel8 flags 470 sz 0x1000 -> kr 0x00000000 rid 119 GPUVA 0x10002490000 cpu 10d7ac000
[mtlr]   out: 0000010002490000 000000010d7ac000 0000000104721940 0000000000000000
[mtlr]   out: 0000007700000000 0000000000004000 0000000034121106 00000000000163c0
[mtlr] resource2 sel8 flags 470 sz 0x1000 -> kr 0x00000000 rid 119 GPUVA 0x10002490000 cpu 10d7ac000
[mtlr]   out: 0000010002490000 000000010d7ac000 0000000104721940 0000000000000000
[mtlr]   out: 0000007700000000 0000000000004000 0000000034121107 00000000000163c1
[mtlr] resource2 sel8 flags 470 sz 0x1000 -> kr 0x00000000 rid 119 GPUVA 0x10002490000 cpu 10d7ac000
[mtlr]   out: 0000010002490000 000000010d7ac000 0000000104721940 0000000000000000
[mtlr]   out: 0000007700000000 0000000000004000 0000000034121108 00000000000163c2
[mtlr] resource2 sel8 flags 470 sz 0x1000 -> kr 0x00000000 rid 119 GPUVA 0x10002490000 cpu 10d7ac000
[mtlr]   out: 0000010002490000 000000010d7ac000 0000000104721940 0000000000000000
[mtlr]   out: 0000007700000000 0000000000004000 0000000034121109 00000000000163c3
[mtlr] resource2 sel8 flags 470 sz 0x1000 -> kr 0x00000000 rid 119 GPUVA 0x10002490000 cpu 10d7ac000
[mtlr]   out: 0000010002490000 000000010d7ac000 0000000104721940 0000000000000000
[mtlr]   out: 0000007700000000 0000000000004000 000000003412110a 00000000000163c4
[mtlr] resource2 sel8 flags 470 sz 0x1000 -> kr 0x00000000 rid 119 GPUVA 0x10002490000 cpu 10d7ac000
[mtlr]   out: 0000010002490000 000000010d7ac000 0000000104721940 0000000000000000
[mtlr]   out: 0000007700000000 0000000000004000 000000003412110b 00000000000163c5
[mtlr] resource2 sel8 flags 470 sz 0x1000 -> kr 0x00000000 rid 119 GPUVA 0x10002490000 cpu 10d7ac000
[mtlr]   out: 0000010002490000 000000010d7ac000 0000000104721940 0000000000000000
[mtlr]   out: 0000007700000000 0000000000004000 000000003412110c 00000000000163c6
[mtlr] resource2 sel8 flags 470 sz 0x1000 -> kr 0x00000000 rid 119 GPUVA 0x10002490000 cpu 10d7ac000
[mtlr]   out: 0000010002490000 000000010d7ac000 0000000104721940 0000000000000000
[mtlr]   out: 0000007700000000 0000000000004000 000000003412110d 00000000000163c7
[mtlr] resource2 sel8 flags 470 sz 0x1000 -> kr 0x00000000 rid 119 GPUVA 0x10002490000 cpu 10d7ac000
[mtlr]   out: 0000010002490000 000000010d7ac000 0000000104721940 0000000000000000
[mtlr]   out: 0000007700000000 0000000000004000 000000003412110e 00000000000163c8
[mtlr] resource2 sel8 flags 470 sz 0x1000 -> kr 0x00000000 rid 119 GPUVA 0x10002490000 cpu 10d7ac000
[mtlr]   out: 0000010002490000 000000010d7ac000 0000000104721940 0000000000000000
[mtlr]   out: 0000007700000000 0000000000004000 000000003412110f 00000000000163c9
[mtlr] resource2 sel8 flags 470 sz 0x1000 -> kr 0x00000000 rid 119 GPUVA 0x10002490000 cpu 10d7ac000
[mtlr]   out: 0000010002490000 000000010d7ac000 0000000104721940 0000000000000000
[mtlr]   out: 0000007700000000 0000000000004000 0000000034121110 00000000000163ca
[mtlr] resource2 sel8 flags 470 sz 0x1000 -> kr 0x00000000 rid 119 GPUVA 0x10002490000 cpu 10d7ac000
[mtlr]   out: 0000010002490000 000000010d7ac000 0000000104721940 0000000000000000
[mtlr]   out: 0000007700000000 0000000000004000 0000000034121111 00000000000163cb
[mtlr] resource2 sel8 flags 470 sz 0x1000 -> kr 0x00000000 rid 119 GPUVA 0x10002490000 cpu 10d7ac000
[mtlr]   out: 0000010002490000 000000010d7ac000 0000000104721940 0000000000000000
[mtlr]   out: 0000007700000000 0000000000004000 0000000034121112 00000000000163cc
[mtlr] resource2 sel8 flags 470 sz 0x1000 -> kr 0x00000000 rid 119 GPUVA 0x10002490000 cpu 10d7ac000
[mtlr]   out: 0000010002490000 000000010d7ac000 0000000104721940 0000000000000000
[mtlr]   out: 0000007700000000 0000000000004000 0000000034121113 00000000000163cd
[mtlr] resource2 sel8 flags 470 sz 0x1000 -> kr 0x00000000 rid 119 GPUVA 0x10002490000 cpu 10d7ac000
[mtlr]   out: 0000010002490000 000000010d7ac000 0000000104721940 0000000000000000
[mtlr]   out: 0000007700000000 0000000000004000 0000000034121114 00000000000163ce
[mtlr] resource2 sel8 flags 470 sz 0x1000 -> kr 0x00000000 rid 119 GPUVA 0x10002490000 cpu 10d7ac000
[mtlr]   out: 0000010002490000 000000010d7ac000 0000000104721940 0000000000000000
[mtlr]   out: 0000007700000000 0000000000004000 0000000034121115 00000000000163cf
[mtlr] resource2 sel8 flags 470 sz 0x1000 -> kr 0x00000000 rid 119 GPUVA 0x10002490000 cpu 10d7ac000
[mtlr]   out: 0000010002490000 000000010d7ac000 0000000104721940 0000000000000000
[mtlr]   out: 0000007700000000 0000000000004000 0000000034121116 00000000000163d0
[mtlr] resource2 sel8 flags 470 sz 0x1000 -> kr 0x00000000 rid 119 GPUVA 0x10002490000 cpu 10d7ac000
[mtlr]   out: 0000010002490000 000000010d7ac000 0000000104721940 0000000000000000
[mtlr]   out: 0000007700000000 0000000000004000 0000000034121117 00000000000163d1
[mtlr] resource2 sel8 flags 470 sz 0x1000 -> kr 0x00000000 rid 119 GPUVA 0x10002490000 cpu 10d7ac000
[mtlr]   out: 0000010002490000 000000010d7ac000 0000000104721940 0000000000000000
[mtlr]   out: 0000007700000000 0000000000004000 0000000034121118 00000000000163d2
[mtlr] resource2 sel8 flags 470 sz 0x1000 -> kr 0x00000000 rid 119 GPUVA 0x10002490000 cpu 10d7ac000
[mtlr]   out: 0000010002490000 000000010d7ac000 0000000104721940 0000000000000000
[mtlr]   out: 0000007700000000 0000000000004000 0000000034121119 00000000000163d3
[mtlr] resource2 sel8 flags 470 sz 0x1000 -> kr 0x00000000 rid 119 GPUVA 0x10002490000 cpu 10d7ac000
[mtlr]   out: 0000010002490000 000000010d7ac000 0000000104721940 0000000000000000
[mtlr]   out: 0000007700000000 0000000000004000 000000003412111c 00000000000163d4
[mtlr] resource2 sel8 flags 470 sz 0x1000 -> kr 0x00000000 rid 119 GPUVA 0x10002490000 cpu 10d7ac000
[mtlr]   out: 0000010002490000 000000010d7ac000 0000000104721940 0000000000000000
[mtlr]   out: 0000007700000000 0000000000004000 000000003412111d 00000000000163d5
[mtlr] resource2 sel8 flags 470 sz 0x1000 -> kr 0x00000000 rid 119 GPUVA 0x10002490000 cpu 10d7ac000
[mtlr]   out: 0000010002490000 000000010d7ac000 0000000104721940 0000000000000000
[mtlr]   out: 0000007700000000 0000000000004000 000000003412111e 00000000000163d6
[mtlr] resource2 sel8 flags 470 sz 0x1000 -> kr 0x00000000 rid 119 GPUVA 0x10002490000 cpu 10d7ac000
[mtlr]   out: 0000010002490000 000000010d7ac000 0000000104721940 0000000000000000
[mtlr]   out: 0000007700000000 0000000000004000 0000000034121121 00000000000163d7
[mtlr] resource2 sel8 flags 470 sz 0x1000 -> kr 0x00000000 rid 119 GPUVA 0x10002490000 cpu 10d7ac000
[mtlr]   out: 0000010002490000 000000010d7ac000 0000000104721940 0000000000000000
[mtlr]   out: 0000007700000000 0000000000004000 0000000034121124 00000000000163d8
[mtlr] resource2 sel8 flags 470 sz 0x1000 -> kr 0x00000000 rid 119 GPUVA 0x10002490000 cpu 10d7ac000
[mtlr]   out: 0000010002490000 000000010d7ac000 0000000104721940 0000000000000000
[mtlr]   out: 0000007700000000 0000000000004000 0000000034121126 00000000000163d9
[mtlr] resource2 sel8 flags 470 sz 0x1000 -> kr 0x00000000 rid 119 GPUVA 0x10002490000 cpu 10d7ac000
[mtlr]   out: 0000010002490000 000000010d7ac000 0000000104721940 0000000000000000
[mtlr]   out: 0000007700000000 0000000000004000 0000000034121129 00000000000163da
[mtlr] resource2 sel8 flags 470 sz 0x1000 -> kr 0x00000000 rid 119 GPUVA 0x10002490000 cpu 10d7ac000
[mtlr]   out: 0000010002490000 000000010d7ac000 0000000104721940 0000000000000000
[mtlr]   out: 0000007700000000 0000000000004000 000000003412112f 00000000000163db
[mtlr] resource2 sel8 flags 470 sz 0x1000 -> kr 0x00000000 rid 119 GPUVA 0x10002490000 cpu 10d7ac000
[mtlr]   out: 0000010002490000 000000010d7ac000 0000000104721940 0000000000000000
[mtlr]   out: 0000007700000000 0000000000004000 0000000034121131 00000000000163dc
[mtlr] resource2 sel8 flags 470 sz 0x1000 -> kr 0x00000000 rid 119 GPUVA 0x10002490000 cpu 10d7ac000
[mtlr]   out: 0000010002490000 000000010d7ac000 0000000104721940 0000000000000000
[mtlr]   out: 0000007700000000 0000000000004000 0000000034121135 00000000000163dd
[mtlr] resource2 sel8 flags 470 sz 0x1000 -> kr 0x00000000 rid 119 GPUVA 0x10002490000 cpu 10d7ac000
[mtlr]   out: 0000010002490000 000000010d7ac000 0000000104721940 0000000000000000
[mtlr]   out: 0000007700000000 0000000000004000 0000000034121136 00000000000163de
[mtlr] resource2 sel8 flags 470 sz 0x1000 -> kr 0x00000000 rid 119 GPUVA 0x10002490000 cpu 10d7ac000
[mtlr]   out: 0000010002490000 000000010d7ac000 0000000104721940 0000000000000000
[mtlr]   out: 0000007700000000 0000000000004000 0000000034121137 00000000000163df
[mtlr] resource2 sel8 flags 470 sz 0x1000 -> kr 0x00000000 rid 119 GPUVA 0x10002490000 cpu 10d7ac000
[mtlr]   out: 0000010002490000 000000010d7ac000 0000000104721940 0000000000000000
[mtlr]   out: 0000007700000000 0000000000004000 0000000034121138 00000000000163e0
[mtlr] resource2 sel8 flags 470 sz 0x1000 -> kr 0x00000000 rid 119 GPUVA 0x10002490000 cpu 10d7ac000
[mtlr]   out: 0000010002490000 000000010d7ac000 0000000104721940 0000000000000000
[mtlr]   out: 0000007700000000 0000000000004000 0000000034121139 00000000000163e1
[mtlr] resource2 sel8 flags 470 sz 0x1000 -> kr 0x00000000 rid 119 GPUVA 0x10002490000 cpu 10d7ac000
[mtlr]   out: 0000010002490000 000000010d7ac000 0000000104721940 0000000000000000
[mtlr]   out: 0000007700000000 0000000000004000 000000003412113a 00000000000163e2
[mtlr] resource2 sel8 flags 470 sz 0x1000 -> kr 0x00000000 rid 119 GPUVA 0x10002490000 cpu 10d7ac000
[mtlr]   out: 0000010002490000 000000010d7ac000 0000000104721940 0000000000000000
[mtlr]   out: 0000007700000000 0000000000004000 000000003412113b 00000000000163e3
[uatrec] S4 r19 (+1s): nvv 8 ncb 8 vsz 0x100000 fill 0x0 destroy0 kr 0x00000000 nj 40
[uatrec] S4 r19 blit[0] slots 8 ridp 1
[uatrec] S4 r19 blit[1] slots 7 ridp 1
[uatrec] S4 r19 blit[2] slots 7 ridp 1
[uatrec] S4 r19 blit[3] slots 7 ridp 1
[uatrec] S4 r19 blit[4] slots 7 ridp 1
[uatrec] S4 r19 blit[5] slots 7 ridp 1
[uatrec] S4 r19 blit[6] slots 7 ridp 1
[uatrec] S4 r19 blit[7] slots 7 ridp 1
[uatrec] S4 heartbeat: round 20 done, t=1s (alive)
[mtlr] resource2 sel8 flags 470 sz 0x100000 -> kr 0x00000000 rid 119 GPUVA 0x10002490000 cpu 10d6ac000
[mtlr]   out: 0000010002490000 000000010d6ac000 0000000104721940 0000000000000000
[mtlr]   out: 0000007700000000 0000000000100000 0000000034121179 00000000000163ea
[uatrec] S4 r20 victim[0] rid 119 gpuva 0x10002490000 cpu 0x10d6ac000 (top-of-stack)
[mtlr] resource2 sel8 flags 470 sz 0x100000 -> kr 0x00000000 rid 120 GPUVA 0x10002598000 cpu 10d7ac000
[mtlr]   out: 0000010002598000 000000010d7ac000 0000000104721a00 0000000000000000
[mtlr]   out: 0000007800000000 0000000000100000 000000003412117a 00000000000163eb
[uatrec] S4 r20 victim[1] rid 120 gpuva 0x10002598000 cpu 0x10d7ac000 (top-of-stack)
[mtlr] resource2 sel8 flags 470 sz 0x100000 -> kr 0x00000000 rid 121 GPUVA 0x100026a0000 cpu 10d8ac000
[mtlr]   out: 00000100026a0000 000000010d8ac000 0000000104721ac0 0000000000000000
[mtlr]   out: 0000007900000000 0000000000100000 000000003412117b 00000000000163ec
[uatrec] S4 r20 victim[2] rid 121 gpuva 0x100026a0000 cpu 0x10d8ac000 (top-of-stack)
[mtlr] resource2 sel8 flags 470 sz 0x100000 -> kr 0x00000000 rid 122 GPUVA 0x100027a8000 cpu 10d9ac000
[mtlr]   out: 00000100027a8000 000000010d9ac000 0000000104721b80 0000000000000000
[mtlr]   out: 0000007a00000000 0000000000100000 000000003412117c 00000000000163ed
[uatrec] S4 r20 victim[3] rid 122 gpuva 0x100027a8000 cpu 0x10d9ac000 (top-of-stack)
[mtlr] resource2 sel8 flags 470 sz 0x100000 -> kr 0x00000000 rid 123 GPUVA 0x100028b0000 cpu 10daac000
[mtlr]   out: 00000100028b0000 000000010daac000 0000000104721c40 0000000000000000
[mtlr]   out: 0000007b00000000 0000000000100000 000000003412117d 00000000000163ee
[uatrec] S4 r20 victim[4] rid 123 gpuva 0x100028b0000 cpu 0x10daac000 (top-of-stack)
[mtlr] resource2 sel8 flags 470 sz 0x100000 -> kr 0x00000000 rid 124 GPUVA 0x100029b8000 cpu 10dbac000
[mtlr]   out: 00000100029b8000 000000010dbac000 0000000104721d00 0000000000000000
[mtlr]   out: 0000007c00000000 0000000000100000 0000000034121185 00000000000163ef
[uatrec] S4 r20 victim[5] rid 124 gpuva 0x100029b8000 cpu 0x10dbac000 (top-of-stack)
[mtlr] resource2 sel8 flags 470 sz 0x100000 -> kr 0x00000000 rid 125 GPUVA 0x10002ac0000 cpu 10dcac000
[mtlr]   out: 0000010002ac0000 000000010dcac000 0000000104721dc0 0000000000000000
[mtlr]   out: 0000007d00000000 0000000000100000 0000000034121186 00000000000163f0
[uatrec] S4 r20 victim[6] rid 125 gpuva 0x10002ac0000 cpu 0x10dcac000 (top-of-stack)
[mtlr] resource2 sel8 flags 470 sz 0x100000 -> kr 0x00000000 rid 126 GPUVA 0x10002bc8000 cpu 10ddac000
[mtlr]   out: 0000010002bc8000 000000010ddac000 0000000104721e80 0000000000000000
[mtlr]   out: 0000007e00000000 0000000000100000 0000000034121187 00000000000163f1
[uatrec] S4 r20 victim[7] rid 126 gpuva 0x10002bc8000 cpu 0x10ddac000 (top-of-stack)
[mtlr] resource2 sel8 flags 470 sz 0x1000 -> kr 0x00000000 rid 119 GPUVA 0x10002490000 cpu 10e5ac000
[mtlr]   out: 0000010002490000 000000010e5ac000 0000000104721940 0000000000000000
[mtlr]   out: 0000007700000000 0000000000004000 00000000341211bd 00000000000163fb
[mtlr] resource2 sel8 flags 470 sz 0x1000 -> kr 0x00000000 rid 119 GPUVA 0x10002490000 cpu 10e5ac000
[mtlr]   out: 0000010002490000 000000010e5ac000 0000000104721940 0000000000000000
[mtlr]   out: 0000007700000000 0000000000004000 00000000341211be 00000000000163fc
[mtlr] resource2 sel8 flags 470 sz 0x1000 -> kr 0x00000000 rid 119 GPUVA 0x10002490000 cpu 10e5ac000
[mtlr]   out: 0000010002490000 000000010e5ac000 0000000104721940 0000000000000000
[mtlr]   out: 0000007700000000 0000000000004000 00000000341211bf 00000000000163fd
[mtlr] resource2 sel8 flags 470 sz 0x1000 -> kr 0x00000000 rid 119 GPUVA 0x10002490000 cpu 10e5ac000
[mtlr]   out: 0000010002490000 000000010e5ac000 0000000104721940 0000000000000000
[mtlr]   out: 0000007700000000 0000000000004000 00000000341211c0 00000000000163fe
[mtlr] resource2 sel8 flags 470 sz 0x1000 -> kr 0x00000000 rid 119 GPUVA 0x10002490000 cpu 10e5ac000
[mtlr]   out: 0000010002490000 000000010e5ac000 0000000104721940 0000000000000000
[mtlr]   out: 0000007700000000 0000000000004000 00000000341211c1 00000000000163ff
[mtlr] resource2 sel8 flags 470 sz 0x1000 -> kr 0x00000000 rid 119 GPUVA 0x10002490000 cpu 10e5ac000
[mtlr]   out: 0000010002490000 000000010e5ac000 0000000104721940 0000000000000000
[mtlr]   out: 0000007700000000 0000000000004000 00000000341211c2 0000000000016400
[mtlr] resource2 sel8 flags 470 sz 0x1000 -> kr 0x00000000 rid 119 GPUVA 0x10002490000 cpu 10e5ac000
[mtlr]   out: 0000010002490000 000000010e5ac000 0000000104721940 0000000000000000
[mtlr]   out: 0000007700000000 0000000000004000 00000000341211c3 0000000000016401
[mtlr] resource2 sel8 flags 470 sz 0x1000 -> kr 0x00000000 rid 119 GPUVA 0x10002490000 cpu 10e5ac000
[mtlr]   out: 0000010002490000 000000010e5ac000 0000000104721940 0000000000000000
[mtlr]   out: 0000007700000000 0000000000004000 00000000341211c4 0000000000016402
[mtlr] resource2 sel8 flags 470 sz 0x1000 -> kr 0x00000000 rid 119 GPUVA 0x10002490000 cpu 10e5ac000
[mtlr]   out: 0000010002490000 000000010e5ac000 0000000104721940 0000000000000000
[mtlr]   out: 0000007700000000 0000000000004000 00000000341211c5 0000000000016403
[mtlr] resource2 sel8 flags 470 sz 0x1000 -> kr 0x00000000 rid 119 GPUVA 0x10002490000 cpu 10e5ac000
[mtlr]   out: 0000010002490000 000000010e5ac000 0000000104721940 0000000000000000
[mtlr]   out: 0000007700000000 0000000000004000 00000000341211c6 0000000000016404
[mtlr] resource2 sel8 flags 470 sz 0x1000 -> kr 0x00000000 rid 119 GPUVA 0x10002490000 cpu 10e5ac000
[mtlr]   out: 0000010002490000 000000010e5ac000 0000000104721940 0000000000000000
[mtlr]   out: 0000007700000000 0000000000004000 00000000341211c7 0000000000016405
[mtlr] resource2 sel8 flags 470 sz 0x1000 -> kr 0x00000000 rid 119 GPUVA 0x10002490000 cpu 10e5ac000
[mtlr]   out: 0000010002490000 000000010e5ac000 0000000104721940 0000000000000000
[mtlr]   out: 0000007700000000 0000000000004000 00000000341211c8 0000000000016406
[mtlr] resource2 sel8 flags 470 sz 0x1000 -> kr 0x00000000 rid 119 GPUVA 0x10002490000 cpu 10e5ac000
[mtlr]   out: 0000010002490000 000000010e5ac000 0000000104721940 0000000000000000
[mtlr]   out: 0000007700000000 0000000000004000 00000000341211c9 0000000000016407
[mtlr] resource2 sel8 flags 470 sz 0x1000 -> kr 0x00000000 rid 119 GPUVA 0x10002490000 cpu 10e5ac000
[mtlr]   out: 0000010002490000 000000010e5ac000 0000000104721940 0000000000000000
[mtlr]   out: 0000007700000000 0000000000004000 00000000341211ca 0000000000016408
[mtlr] resource2 sel8 flags 470 sz 0x1000 -> kr 0x00000000 rid 119 GPUVA 0x10002490000 cpu 10e5ac000
[mtlr]   out: 0000010002490000 000000010e5ac000 0000000104721940 0000000000000000
[mtlr]   out: 0000007700000000 0000000000004000 00000000341211cb 0000000000016409
[mtlr] resource2 sel8 flags 470 sz 0x1000 -> kr 0x00000000 rid 119 GPUVA 0x10002490000 cpu 10e5ac000
[mtlr]   out: 0000010002490000 000000010e5ac000 0000000104721940 0000000000000000
[mtlr]   out: 0000007700000000 0000000000004000 00000000341211cc 000000000001640a
[mtlr] resource2 sel8 flags 470 sz 0x1000 -> kr 0x00000000 rid 119 GPUVA 0x10002490000 cpu 10e5ac000
[mtlr]   out: 0000010002490000 000000010e5ac000 0000000104721940 0000000000000000
[mtlr]   out: 0000007700000000 0000000000004000 00000000341211cd 000000000001640b
[mtlr] resource2 sel8 flags 470 sz 0x1000 -> kr 0x00000000 rid 119 GPUVA 0x10002490000 cpu 10e5ac000
[mtlr]   out: 0000010002490000 000000010e5ac000 0000000104721940 0000000000000000
[mtlr]   out: 0000007700000000 0000000000004000 00000000341211ce 000000000001640c
[mtlr] resource2 sel8 flags 470 sz 0x1000 -> kr 0x00000000 rid 119 GPUVA 0x10002490000 cpu 10e5ac000
[mtlr]   out: 0000010002490000 000000010e5ac000 0000000104721940 0000000000000000
[mtlr]   out: 0000007700000000 0000000000004000 00000000341211cf 000000000001640d
[mtlr] resource2 sel8 flags 470 sz 0x1000 -> kr 0x00000000 rid 119 GPUVA 0x10002490000 cpu 10e5ac000
[mtlr]   out: 0000010002490000 000000010e5ac000 0000000104721940 0000000000000000
[mtlr]   out: 0000007700000000 0000000000004000 00000000341211d0 000000000001640e
[mtlr] resource2 sel8 flags 470 sz 0x1000 -> kr 0x00000000 rid 119 GPUVA 0x10002490000 cpu 10e5ac000
[mtlr]   out: 0000010002490000 000000010e5ac000 0000000104721940 0000000000000000
[mtlr]   out: 0000007700000000 0000000000004000 00000000341211d1 000000000001640f
[mtlr] resource2 sel8 flags 470 sz 0x1000 -> kr 0x00000000 rid 119 GPUVA 0x10002490000 cpu 10e5ac000
[mtlr]   out: 0000010002490000 000000010e5ac000 0000000104721940 0000000000000000
[mtlr]   out: 0000007700000000 0000000000004000 00000000341211d2 0000000000016410
[mtlr] resource2 sel8 flags 470 sz 0x1000 -> kr 0x00000000 rid 119 GPUVA 0x10002490000 cpu 10e5ac000
[mtlr]   out: 0000010002490000 000000010e5ac000 0000000104721940 0000000000000000
[mtlr]   out: 0000007700000000 0000000000004000 00000000341211d3 0000000000016411
[mtlr] resource2 sel8 flags 470 sz 0x1000 -> kr 0x00000000 rid 119 GPUVA 0x10002490000 cpu 10e5ac000
[mtlr]   out: 0000010002490000 000000010e5ac000 0000000104721940 0000000000000000
[mtlr]   out: 0000007700000000 0000000000004000 00000000341211d4 0000000000016412
[mtlr] resource2 sel8 flags 470 sz 0x1000 -> kr 0x00000000 rid 119 GPUVA 0x10002490000 cpu 10e5ac000
[mtlr]   out: 0000010002490000 000000010e5ac000 0000000104721940 0000000000000000
[mtlr]   out: 0000007700000000 0000000000004000 00000000341211d5 0000000000016413
[mtlr] resource2 sel8 flags 470 sz 0x1000 -> kr 0x00000000 rid 119 GPUVA 0x10002490000 cpu 10e5ac000
[mtlr]   out: 0000010002490000 000000010e5ac000 0000000104721940 0000000000000000
[mtlr]   out: 0000007700000000 0000000000004000 00000000341211d6 0000000000016414
[mtlr] resource2 sel8 flags 470 sz 0x1000 -> kr 0x00000000 rid 119 GPUVA 0x10002490000 cpu 10e5ac000
[mtlr]   out: 0000010002490000 000000010e5ac000 0000000104721940 0000000000000000
[mtlr]   out: 0000007700000000 0000000000004000 00000000341211d7 0000000000016415
[mtlr] resource2 sel8 flags 470 sz 0x1000 -> kr 0x00000000 rid 119 GPUVA 0x10002490000 cpu 10e5ac000
[mtlr]   out: 0000010002490000 000000010e5ac000 0000000104721940 0000000000000000
[mtlr]   out: 0000007700000000 0000000000004000 00000000341211d8 0000000000016416
[mtlr] resource2 sel8 flags 470 sz 0x1000 -> kr 0x00000000 rid 119 GPUVA 0x10002490000 cpu 10e5ac000
[mtlr]   out: 0000010002490000 000000010e5ac000 0000000104721940 0000000000000000
[mtlr]   out: 0000007700000000 0000000000004000 00000000341211d9 0000000000016417
[mtlr] resource2 sel8 flags 470 sz 0x1000 -> kr 0x00000000 rid 119 GPUVA 0x10002490000 cpu 10e5ac000
[mtlr]   out: 0000010002490000 000000010e5ac000 0000000104721940 0000000000000000
[mtlr]   out: 0000007700000000 0000000000004000 00000000341211da 0000000000016418
[mtlr] resource2 sel8 flags 470 sz 0x1000 -> kr 0x00000000 rid 119 GPUVA 0x10002490000 cpu 10e5ac000
[mtlr]   out: 0000010002490000 000000010e5ac000 0000000104721940 0000000000000000
[mtlr]   out: 0000007700000000 0000000000004000 00000000341211db 0000000000016419
[mtlr] resource2 sel8 flags 470 sz 0x1000 -> kr 0x00000000 rid 119 GPUVA 0x10002490000 cpu 10e5ac000
[mtlr]   out: 0000010002490000 000000010e5ac000 0000000104721940 0000000000000000
[mtlr]   out: 0000007700000000 0000000000004000 00000000341211dc 000000000001641a
[mtlr] resource2 sel8 flags 470 sz 0x1000 -> kr 0x00000000 rid 119 GPUVA 0x10002490000 cpu 10e5ac000
[mtlr]   out: 0000010002490000 000000010e5ac000 0000000104721940 0000000000000000
[mtlr]   out: 0000007700000000 0000000000004000 00000000341211dd 000000000001641b
[mtlr] resource2 sel8 flags 470 sz 0x1000 -> kr 0x00000000 rid 119 GPUVA 0x10002490000 cpu 10e5ac000
[mtlr]   out: 0000010002490000 000000010e5ac000 0000000104721940 0000000000000000
[mtlr]   out: 0000007700000000 0000000000004000 00000000341211de 000000000001641c
[mtlr] resource2 sel8 flags 470 sz 0x1000 -> kr 0x00000000 rid 119 GPUVA 0x10002490000 cpu 10e5ac000
[mtlr]   out: 0000010002490000 000000010e5ac000 0000000104721940 0000000000000000
[mtlr]   out: 0000007700000000 0000000000004000 00000000341211df 000000000001641d
[mtlr] resource2 sel8 flags 470 sz 0x1000 -> kr 0x00000000 rid 119 GPUVA 0x10002490000 cpu 10e5ac000
[mtlr]   out: 0000010002490000 000000010e5ac000 0000000104721940 0000000000000000
[mtlr]   out: 0000007700000000 0000000000004000 00000000341211e0 000000000001641e
[mtlr] resource2 sel8 flags 470 sz 0x1000 -> kr 0x00000000 rid 119 GPUVA 0x10002490000 cpu 10e5ac000
[mtlr]   out: 0000010002490000 000000010e5ac000 0000000104721940 0000000000000000
[mtlr]   out: 0000007700000000 0000000000004000 00000000341211e1 000000000001641f
[mtlr] resource2 sel8 flags 470 sz 0x1000 -> kr 0x00000000 rid 119 GPUVA 0x10002490000 cpu 10e5ac000
[mtlr]   out: 0000010002490000 000000010e5ac000 0000000104721940 0000000000000000
[mtlr]   out: 0000007700000000 0000000000004000 00000000341211e2 0000000000016420
[mtlr] resource2 sel8 flags 470 sz 0x1000 -> kr 0x00000000 rid 119 GPUVA 0x10002490000 cpu 10e5ac000
[mtlr]   out: 0000010002490000 000000010e5ac000 0000000104721940 0000000000000000
[mtlr]   out: 0000007700000000 0000000000004000 00000000341211e3 0000000000016421
[mtlr] resource2 sel8 flags 470 sz 0x1000 -> kr 0x00000000 rid 119 GPUVA 0x10002490000 cpu 10e5ac000
[mtlr]   out: 0000010002490000 000000010e5ac000 0000000104721940 0000000000000000
[mtlr]   out: 0000007700000000 0000000000004000 00000000341211e4 0000000000016422
[uatrec] S4 r20 (+1s): nvv 8 ncb 8 vsz 0x100000 fill 0x0 destroy0 kr 0x00000000 nj 40
[uatrec] S4 r20 blit[0] slots 7 ridp 1
[uatrec] S4 r20 blit[1] slots 7 ridp 1
[uatrec] S4 r20 blit[2] slots 7 ridp 1
[uatrec] S4 r20 blit[3] slots 7 ridp 1
[uatrec] S4 r20 blit[4] slots 7 ridp 1
[uatrec] S4 r20 blit[5] slots 7 ridp 1
[uatrec] S4 r20 blit[6] slots 7 ridp 1
[uatrec] S4 r20 blit[7] slots 7 ridp 1
[mtlr] resource2 sel8 flags 470 sz 0x100000 -> kr 0x00000000 rid 119 GPUVA 0x10002490000 cpu 10dfac000
[mtlr]   out: 0000010002490000 000000010dfac000 0000000104721940 0000000000000000
[mtlr]   out: 0000007700000000 0000000000100000 0000000034121231 0000000000016425
[uatrec] S4 r21 victim[0] rid 119 gpuva 0x10002490000 cpu 0x10dfac000 (top-of-stack)
[mtlr] resource2 sel8 flags 470 sz 0x100000 -> kr 0x00000000 rid 120 GPUVA 0x10002598000 cpu 10e0ac000
[mtlr]   out: 0000010002598000 000000010e0ac000 0000000104721a00 0000000000000000
[mtlr]   out: 0000007800000000 0000000000100000 0000000034121232 0000000000016426
[uatrec] S4 r21 victim[1] rid 120 gpuva 0x10002598000 cpu 0x10e0ac000 (top-of-stack)
[mtlr] resource2 sel8 flags 470 sz 0x100000 -> kr 0x00000000 rid 121 GPUVA 0x100026a0000 cpu 10c698000
[mtlr]   out: 00000100026a0000 000000010c698000 0000000104721ac0 0000000000000000
[mtlr]   out: 0000007900000000 0000000000100000 0000000034121233 0000000000016427
[uatrec] S4 r21 victim[2] rid 121 gpuva 0x100026a0000 cpu 0x10c698000 (top-of-stack)
[mtlr] resource2 sel8 flags 470 sz 0x100000 -> kr 0x00000000 rid 122 GPUVA 0x100027a8000 cpu 10c7a0000
[mtlr]   out: 00000100027a8000 000000010c7a0000 0000000104721b80 0000000000000000
[mtlr]   out: 0000007a00000000 0000000000100000 0000000034121234 0000000000016428
[uatrec] S4 r21 victim[3] rid 122 gpuva 0x100027a8000 cpu 0x10c7a0000 (top-of-stack)
[mtlr] resource2 sel8 flags 470 sz 0x100000 -> kr 0x00000000 rid 123 GPUVA 0x100028b0000 cpu 10c8a0000
[mtlr]   out: 00000100028b0000 000000010c8a0000 0000000104721c40 0000000000000000
[mtlr]   out: 0000007b00000000 0000000000100000 0000000034121235 0000000000016429
[uatrec] S4 r21 victim[4] rid 123 gpuva 0x100028b0000 cpu 0x10c8a0000 (top-of-stack)
[mtlr] resource2 sel8 flags 470 sz 0x100000 -> kr 0x00000000 rid 124 GPUVA 0x100029b8000 cpu 10c9a0000
[mtlr]   out: 00000100029b8000 000000010c9a0000 0000000104721d00 0000000000000000
[mtlr]   out: 0000007c00000000 0000000000100000 000000003412123d 000000000001642a
[uatrec] S4 r21 victim[5] rid 124 gpuva 0x100029b8000 cpu 0x10c9a0000 (top-of-stack)
[mtlr] resource2 sel8 flags 470 sz 0x100000 -> kr 0x00000000 rid 125 GPUVA 0x10002ac0000 cpu 10caa0000
[mtlr]   out: 0000010002ac0000 000000010caa0000 0000000104721dc0 0000000000000000
[mtlr]   out: 0000007d00000000 0000000000100000 000000003412123e 000000000001642b
[uatrec] S4 r21 victim[6] rid 125 gpuva 0x10002ac0000 cpu 0x10caa0000 (top-of-stack)
[mtlr] resource2 sel8 flags 470 sz 0x100000 -> kr 0x00000000 rid 126 GPUVA 0x10002bc8000 cpu 10cba0000
[mtlr]   out: 0000010002bc8000 000000010cba0000 0000000104721e80 0000000000000000
[mtlr]   out: 0000007e00000000 0000000000100000 000000003412123f 000000000001642c
[uatrec] S4 r21 victim[7] rid 126 gpuva 0x10002bc8000 cpu 0x10cba0000 (top-of-stack)
[mtlr] resource2 sel8 flags 470 sz 0x1000 -> kr 0x00000000 rid 119 GPUVA 0x10002490000 cpu 10d5a0000
[mtlr]   out: 0000010002490000 000000010d5a0000 0000000104721940 0000000000000000
[mtlr]   out: 0000007700000000 0000000000004000 000000003412125b 0000000000016436
[mtlr] resource2 sel8 flags 470 sz 0x1000 -> kr 0x00000000 rid 119 GPUVA 0x10002490000 cpu 10d5a0000
[mtlr]   out: 0000010002490000 000000010d5a0000 0000000104721940 0000000000000000
[mtlr]   out: 0000007700000000 0000000000004000 000000003412125c 0000000000016437
[mtlr] resource2 sel8 flags 470 sz 0x1000 -> kr 0x00000000 rid 119 GPUVA 0x10002490000 cpu 10d5a0000
[mtlr]   out: 0000010002490000 000000010d5a0000 0000000104721940 0000000000000000
[mtlr]   out: 0000007700000000 0000000000004000 000000003412125d 0000000000016438
[mtlr] resource2 sel8 flags 470 sz 0x1000 -> kr 0x00000000 rid 119 GPUVA 0x10002490000 cpu 10d5a0000
[mtlr]   out: 0000010002490000 000000010d5a0000 0000000104721940 0000000000000000
[mtlr]   out: 0000007700000000 0000000000004000 000000003412125e 0000000000016439
[mtlr] resource2 sel8 flags 470 sz 0x1000 -> kr 0x00000000 rid 119 GPUVA 0x10002490000 cpu 10d5a0000
[mtlr]   out: 0000010002490000 000000010d5a0000 0000000104721940 0000000000000000
[mtlr]   out: 0000007700000000 0000000000004000 000000003412125f 000000000001643a
[mtlr] resource2 sel8 flags 470 sz 0x1000 -> kr 0x00000000 rid 119 GPUVA 0x10002490000 cpu 10d5a0000
[mtlr]   out: 0000010002490000 000000010d5a0000 0000000104721940 0000000000000000
[mtlr]   out: 0000007700000000 0000000000004000 0000000034121260 000000000001643b
[mtlr] resource2 sel8 flags 470 sz 0x1000 -> kr 0x00000000 rid 119 GPUVA 0x10002490000 cpu 10d5a0000
[mtlr]   out: 0000010002490000 000000010d5a0000 0000000104721940 0000000000000000
[mtlr]   out: 0000007700000000 0000000000004000 0000000034121261 000000000001643c
[mtlr] resource2 sel8 flags 470 sz 0x1000 -> kr 0x00000000 rid 119 GPUVA 0x10002490000 cpu 10d5a0000
[mtlr]   out: 0000010002490000 000000010d5a0000 0000000104721940 0000000000000000
[mtlr]   out: 0000007700000000 0000000000004000 0000000034121262 000000000001643d
[mtlr] resource2 sel8 flags 470 sz 0x1000 -> kr 0x00000000 rid 119 GPUVA 0x10002490000 cpu 10d5a0000
[mtlr]   out: 0000010002490000 000000010d5a0000 0000000104721940 0000000000000000
[mtlr]   out: 0000007700000000 0000000000004000 0000000034121263 000000000001643e
[mtlr] resource2 sel8 flags 470 sz 0x1000 -> kr 0x00000000 rid 119 GPUVA 0x10002490000 cpu 10d5a0000
[mtlr]   out: 0000010002490000 000000010d5a0000 0000000104721940 0000000000000000
[mtlr]   out: 0000007700000000 0000000000004000 0000000034121264 000000000001643f
[mtlr] resource2 sel8 flags 470 sz 0x1000 -> kr 0x00000000 rid 119 GPUVA 0x10002490000 cpu 10d5a0000
[mtlr]   out: 0000010002490000 000000010d5a0000 0000000104721940 0000000000000000
[mtlr]   out: 0000007700000000 0000000000004000 0000000034121265 0000000000016440
[mtlr] resource2 sel8 flags 470 sz 0x1000 -> kr 0x00000000 rid 119 GPUVA 0x10002490000 cpu 10d5a0000
[mtlr]   out: 0000010002490000 000000010d5a0000 0000000104721940 0000000000000000
[mtlr]   out: 0000007700000000 0000000000004000 0000000034121266 0000000000016441
[mtlr] resource2 sel8 flags 470 sz 0x1000 -> kr 0x00000000 rid 119 GPUVA 0x10002490000 cpu 10d5a0000
[mtlr]   out: 0000010002490000 000000010d5a0000 0000000104721940 0000000000000000
[mtlr]   out: 0000007700000000 0000000000004000 0000000034121267 0000000000016442
[mtlr] resource2 sel8 flags 470 sz 0x1000 -> kr 0x00000000 rid 119 GPUVA 0x10002490000 cpu 10d5a0000
[mtlr]   out: 0000010002490000 000000010d5a0000 0000000104721940 0000000000000000
[mtlr]   out: 0000007700000000 0000000000004000 0000000034121268 0000000000016443
[mtlr] resource2 sel8 flags 470 sz 0x1000 -> kr 0x00000000 rid 119 GPUVA 0x10002490000 cpu 10d5a0000
[mtlr]   out: 0000010002490000 000000010d5a0000 0000000104721940 0000000000000000
[mtlr]   out: 0000007700000000 0000000000004000 0000000034121269 0000000000016444
[mtlr] resource2 sel8 flags 470 sz 0x1000 -> kr 0x00000000 rid 119 GPUVA 0x10002490000 cpu 10d5a0000
[mtlr]   out: 0000010002490000 000000010d5a0000 0000000104721940 0000000000000000
[mtlr]   out: 0000007700000000 0000000000004000 000000003412126a 0000000000016445
[mtlr] resource2 sel8 flags 470 sz 0x1000 -> kr 0x00000000 rid 119 GPUVA 0x10002490000 cpu 10d5a0000
[mtlr]   out: 0000010002490000 000000010d5a0000 0000000104721940 0000000000000000
[mtlr]   out: 0000007700000000 0000000000004000 000000003412126b 0000000000016446
[mtlr] resource2 sel8 flags 470 sz 0x1000 -> kr 0x00000000 rid 119 GPUVA 0x10002490000 cpu 10d5a0000
[mtlr]   out: 0000010002490000 000000010d5a0000 0000000104721940 0000000000000000
[mtlr]   out: 0000007700000000 0000000000004000 000000003412126c 0000000000016447
[mtlr] resource2 sel8 flags 470 sz 0x1000 -> kr 0x00000000 rid 119 GPUVA 0x10002490000 cpu 10d5a0000
[mtlr]   out: 0000010002490000 000000010d5a0000 0000000104721940 0000000000000000
[mtlr]   out: 0000007700000000 0000000000004000 000000003412126d 0000000000016448
[mtlr] resource2 sel8 flags 470 sz 0x1000 -> kr 0x00000000 rid 119 GPUVA 0x10002490000 cpu 10d5a0000
[mtlr]   out: 0000010002490000 000000010d5a0000 0000000104721940 0000000000000000
[mtlr]   out: 0000007700000000 0000000000004000 000000003412126e 0000000000016449
[mtlr] resource2 sel8 flags 470 sz 0x1000 -> kr 0x00000000 rid 119 GPUVA 0x10002490000 cpu 10d5a0000
[mtlr]   out: 0000010002490000 000000010d5a0000 0000000104721940 0000000000000000
[mtlr]   out: 0000007700000000 0000000000004000 000000003412126f 000000000001644a
[mtlr] resource2 sel8 flags 470 sz 0x1000 -> kr 0x00000000 rid 119 GPUVA 0x10002490000 cpu 10d5a0000
[mtlr]   out: 0000010002490000 000000010d5a0000 0000000104721940 0000000000000000
[mtlr]   out: 0000007700000000 0000000000004000 0000000034121270 000000000001644b
[mtlr] resource2 sel8 flags 470 sz 0x1000 -> kr 0x00000000 rid 119 GPUVA 0x10002490000 cpu 10d5a0000
[mtlr]   out: 0000010002490000 000000010d5a0000 0000000104721940 0000000000000000
[mtlr]   out: 0000007700000000 0000000000004000 0000000034121271 000000000001644c
[mtlr] resource2 sel8 flags 470 sz 0x1000 -> kr 0x00000000 rid 119 GPUVA 0x10002490000 cpu 10d5a0000
[mtlr]   out: 0000010002490000 000000010d5a0000 0000000104721940 0000000000000000
[mtlr]   out: 0000007700000000 0000000000004000 0000000034121272 000000000001644d
[mtlr] resource2 sel8 flags 470 sz 0x1000 -> kr 0x00000000 rid 119 GPUVA 0x10002490000 cpu 10d5a0000
[mtlr]   out: 0000010002490000 000000010d5a0000 0000000104721940 0000000000000000
[mtlr]   out: 0000007700000000 0000000000004000 0000000034121273 000000000001644e
[mtlr] resource2 sel8 flags 470 sz 0x1000 -> kr 0x00000000 rid 119 GPUVA 0x10002490000 cpu 10d5a0000
[mtlr]   out: 0000010002490000 000000010d5a0000 0000000104721940 0000000000000000
[mtlr]   out: 0000007700000000 0000000000004000 0000000034121274 000000000001644f
[mtlr] resource2 sel8 flags 470 sz 0x1000 -> kr 0x00000000 rid 119 GPUVA 0x10002490000 cpu 10d5a0000
[mtlr]   out: 0000010002490000 000000010d5a0000 0000000104721940 0000000000000000
[mtlr]   out: 0000007700000000 0000000000004000 0000000034121275 0000000000016450
[mtlr] resource2 sel8 flags 470 sz 0x1000 -> kr 0x00000000 rid 119 GPUVA 0x10002490000 cpu 10d5a0000
[mtlr]   out: 0000010002490000 000000010d5a0000 0000000104721940 0000000000000000
[mtlr]   out: 0000007700000000 0000000000004000 0000000034121276 0000000000016451
[mtlr] resource2 sel8 flags 470 sz 0x1000 -> kr 0x00000000 rid 119 GPUVA 0x10002490000 cpu 10d5a0000
[mtlr]   out: 0000010002490000 000000010d5a0000 0000000104721940 0000000000000000
[mtlr]   out: 0000007700000000 0000000000004000 0000000034121277 0000000000016452
[mtlr] resource2 sel8 flags 470 sz 0x1000 -> kr 0x00000000 rid 119 GPUVA 0x10002490000 cpu 10d5a0000
[mtlr]   out: 0000010002490000 000000010d5a0000 0000000104721940 0000000000000000
[mtlr]   out: 0000007700000000 0000000000004000 0000000034121278 0000000000016453
[mtlr] resource2 sel8 flags 470 sz 0x1000 -> kr 0x00000000 rid 119 GPUVA 0x10002490000 cpu 10d5a0000
[mtlr]   out: 0000010002490000 000000010d5a0000 0000000104721940 0000000000000000
[mtlr]   out: 0000007700000000 0000000000004000 0000000034121279 0000000000016454
[mtlr] resource2 sel8 flags 470 sz 0x1000 -> kr 0x00000000 rid 119 GPUVA 0x10002490000 cpu 10d5a0000
[mtlr]   out: 0000010002490000 000000010d5a0000 0000000104721940 0000000000000000
[mtlr]   out: 0000007700000000 0000000000004000 000000003412127a 0000000000016455
[mtlr] resource2 sel8 flags 470 sz 0x1000 -> kr 0x00000000 rid 119 GPUVA 0x10002490000 cpu 10d5a0000
[mtlr]   out: 0000010002490000 000000010d5a0000 0000000104721940 0000000000000000
[mtlr]   out: 0000007700000000 0000000000004000 000000003412127b 0000000000016456
[mtlr] resource2 sel8 flags 470 sz 0x1000 -> kr 0x00000000 rid 119 GPUVA 0x10002490000 cpu 10d5a0000
[mtlr]   out: 0000010002490000 000000010d5a0000 0000000104721940 0000000000000000
[mtlr]   out: 0000007700000000 0000000000004000 000000003412127c 0000000000016457
[mtlr] resource2 sel8 flags 470 sz 0x1000 -> kr 0x00000000 rid 119 GPUVA 0x10002490000 cpu 10d5a0000
[mtlr]   out: 0000010002490000 000000010d5a0000 0000000104721940 0000000000000000
[mtlr]   out: 0000007700000000 0000000000004000 000000003412127d 0000000000016458
[mtlr] resource2 sel8 flags 470 sz 0x1000 -> kr 0x00000000 rid 119 GPUVA 0x10002490000 cpu 10d5a0000
[mtlr]   out: 0000010002490000 000000010d5a0000 0000000104721940 0000000000000000
[mtlr]   out: 0000007700000000 0000000000004000 000000003412127e 0000000000016459
[mtlr] resource2 sel8 flags 470 sz 0x1000 -> kr 0x00000000 rid 119 GPUVA 0x10002490000 cpu 10d5a0000
[mtlr]   out: 0000010002490000 000000010d5a0000 0000000104721940 0000000000000000
[mtlr]   out: 0000007700000000 0000000000004000 000000003412127f 000000000001645a
[mtlr] resource2 sel8 flags 470 sz 0x1000 -> kr 0x00000000 rid 119 GPUVA 0x10002490000 cpu 10d5a0000
[mtlr]   out: 0000010002490000 000000010d5a0000 0000000104721940 0000000000000000
[mtlr]   out: 0000007700000000 0000000000004000 0000000034121280 000000000001645b
[mtlr] resource2 sel8 flags 470 sz 0x1000 -> kr 0x00000000 rid 119 GPUVA 0x10002490000 cpu 10d5a0000
[mtlr]   out: 0000010002490000 000000010d5a0000 0000000104721940 0000000000000000
[mtlr]   out: 0000007700000000 0000000000004000 0000000034121281 000000000001645c
[mtlr] resource2 sel8 flags 470 sz 0x1000 -> kr 0x00000000 rid 119 GPUVA 0x10002490000 cpu 10d5a0000
[mtlr]   out: 0000010002490000 000000010d5a0000 0000000104721940 0000000000000000
[mtlr]   out: 0000007700000000 0000000000004000 0000000034121282 000000000001645d
[uatrec] S4 r21 (+1s): nvv 8 ncb 8 vsz 0x100000 fill 0x0 destroy0 kr 0x00000000 nj 40
[uatrec] S4 r21 blit[0] slots 7 ridp 1
[uatrec] S4 r21 blit[1] slots 7 ridp 1
[uatrec] S4 r21 blit[2] slots 8 ridp 1
[uatrec] S4 r21 blit[3] slots 7 ridp 1
[uatrec] S4 r21 blit[4] slots 8 ridp 1
[uatrec] S4 r21 blit[5] slots 7 ridp 1
[uatrec] S4 r21 blit[6] slots 7 ridp 1
[uatrec] S4 r21 blit[7] slots 7 ridp 1
[mtlr] resource2 sel8 flags 470 sz 0x100000 -> kr 0x00000000 rid 119 GPUVA 0x10002490000 cpu 10cda0000
[mtlr]   out: 0000010002490000 000000010cda0000 0000000104721940 0000000000000000
[mtlr]   out: 0000007700000000 0000000000100000 00000000341212ae 0000000000016460
[uatrec] S4 r22 victim[0] rid 119 gpuva 0x10002490000 cpu 0x10cda0000 (top-of-stack)
[mtlr] resource2 sel8 flags 470 sz 0x100000 -> kr 0x00000000 rid 120 GPUVA 0x10002598000 cpu 10cea0000
[mtlr]   out: 0000010002598000 000000010cea0000 0000000104721a00 0000000000000000
[mtlr]   out: 0000007800000000 0000000000100000 00000000341212af 0000000000016461
[uatrec] S4 r22 victim[1] rid 120 gpuva 0x10002598000 cpu 0x10cea0000 (top-of-stack)
[mtlr] resource2 sel8 flags 470 sz 0x100000 -> kr 0x00000000 rid 121 GPUVA 0x100026a0000 cpu 10c6a0000
[mtlr]   out: 00000100026a0000 000000010c6a0000 0000000104721ac0 0000000000000000
[mtlr]   out: 0000007900000000 0000000000100000 00000000341212b0 0000000000016462
[uatrec] S4 r22 victim[2] rid 121 gpuva 0x100026a0000 cpu 0x10c6a0000 (top-of-stack)
[mtlr] resource2 sel8 flags 470 sz 0x100000 -> kr 0x00000000 rid 122 GPUVA 0x100027a8000 cpu 10c7a0000
[mtlr]   out: 00000100027a8000 000000010c7a0000 0000000104721b80 0000000000000000
[mtlr]   out: 0000007a00000000 0000000000100000 00000000341212b1 0000000000016463
[uatrec] S4 r22 victim[3] rid 122 gpuva 0x100027a8000 cpu 0x10c7a0000 (top-of-stack)
[mtlr] resource2 sel8 flags 470 sz 0x100000 -> kr 0x00000000 rid 123 GPUVA 0x100028b0000 cpu 10c8a0000
[mtlr]   out: 00000100028b0000 000000010c8a0000 0000000104721c40 0000000000000000
[mtlr]   out: 0000007b00000000 0000000000100000 00000000341212b9 0000000000016464
[uatrec] S4 r22 victim[4] rid 123 gpuva 0x100028b0000 cpu 0x10c8a0000 (top-of-stack)
[mtlr] resource2 sel8 flags 470 sz 0x100000 -> kr 0x00000000 rid 124 GPUVA 0x100029b8000 cpu 10c9a0000
[mtlr]   out: 00000100029b8000 000000010c9a0000 0000000104721d00 0000000000000000
[mtlr]   out: 0000007c00000000 0000000000100000 00000000341212ba 0000000000016465
[uatrec] S4 r22 victim[5] rid 124 gpuva 0x100029b8000 cpu 0x10c9a0000 (top-of-stack)
[mtlr] resource2 sel8 flags 470 sz 0x100000 -> kr 0x00000000 rid 125 GPUVA 0x10002ac0000 cpu 10caa0000
[mtlr]   out: 0000010002ac0000 000000010caa0000 0000000104721dc0 0000000000000000
[mtlr]   out: 0000007d00000000 0000000000100000 00000000341212bb 0000000000016466
[uatrec] S4 r22 victim[6] rid 125 gpuva 0x10002ac0000 cpu 0x10caa0000 (top-of-stack)
[mtlr] resource2 sel8 flags 470 sz 0x100000 -> kr 0x00000000 rid 126 GPUVA 0x10002bc8000 cpu 10cba0000
[mtlr]   out: 0000010002bc8000 000000010cba0000 0000000104721e80 0000000000000000
[mtlr]   out: 0000007e00000000 0000000000100000 00000000341212bc 0000000000016467
[uatrec] S4 r22 victim[7] rid 126 gpuva 0x10002bc8000 cpu 0x10cba0000 (top-of-stack)
[mtlr] resource2 sel8 flags 470 sz 0x1000 -> kr 0x00000000 rid 119 GPUVA 0x10002490000 cpu 10d7ac000
[mtlr]   out: 0000010002490000 000000010d7ac000 0000000104721940 0000000000000000
[mtlr]   out: 0000007700000000 0000000000004000 00000000341212d8 0000000000016471
[mtlr] resource2 sel8 flags 470 sz 0x1000 -> kr 0x00000000 rid 119 GPUVA 0x10002490000 cpu 10d7ac000
[mtlr]   out: 0000010002490000 000000010d7ac000 0000000104721940 0000000000000000
[mtlr]   out: 0000007700000000 0000000000004000 00000000341212d9 0000000000016472
[mtlr] resource2 sel8 flags 470 sz 0x1000 -> kr 0x00000000 rid 119 GPUVA 0x10002490000 cpu 10d7ac000
[mtlr]   out: 0000010002490000 000000010d7ac000 0000000104721940 0000000000000000
[mtlr]   out: 0000007700000000 0000000000004000 00000000341212da 0000000000016473
[mtlr] resource2 sel8 flags 470 sz 0x1000 -> kr 0x00000000 rid 119 GPUVA 0x10002490000 cpu 10d7ac000
[mtlr]   out: 0000010002490000 000000010d7ac000 0000000104721940 0000000000000000
[mtlr]   out: 0000007700000000 0000000000004000 00000000341212db 0000000000016474
[mtlr] resource2 sel8 flags 470 sz 0x1000 -> kr 0x00000000 rid 119 GPUVA 0x10002490000 cpu 10d7ac000
[mtlr]   out: 0000010002490000 000000010d7ac000 0000000104721940 0000000000000000
[mtlr]   out: 0000007700000000 0000000000004000 00000000341212dc 0000000000016475
[mtlr] resource2 sel8 flags 470 sz 0x1000 -> kr 0x00000000 rid 119 GPUVA 0x10002490000 cpu 10d7ac000
[mtlr]   out: 0000010002490000 000000010d7ac000 0000000104721940 0000000000000000
[mtlr]   out: 0000007700000000 0000000000004000 00000000341212dd 0000000000016476
[mtlr] resource2 sel8 flags 470 sz 0x1000 -> kr 0x00000000 rid 119 GPUVA 0x10002490000 cpu 10d7ac000
[mtlr]   out: 0000010002490000 000000010d7ac000 0000000104721940 0000000000000000
[mtlr]   out: 0000007700000000 0000000000004000 00000000341212de 0000000000016477
[mtlr] resource2 sel8 flags 470 sz 0x1000 -> kr 0x00000000 rid 119 GPUVA 0x10002490000 cpu 10d7ac000
[mtlr]   out: 0000010002490000 000000010d7ac000 0000000104721940 0000000000000000
[mtlr]   out: 0000007700000000 0000000000004000 00000000341212df 0000000000016478
[mtlr] resource2 sel8 flags 470 sz 0x1000 -> kr 0x00000000 rid 119 GPUVA 0x10002490000 cpu 10d7ac000
[mtlr]   out: 0000010002490000 000000010d7ac000 0000000104721940 0000000000000000
[mtlr]   out: 0000007700000000 0000000000004000 00000000341212e0 0000000000016479
[mtlr] resource2 sel8 flags 470 sz 0x1000 -> kr 0x00000000 rid 119 GPUVA 0x10002490000 cpu 10d7ac000
[mtlr]   out: 0000010002490000 000000010d7ac000 0000000104721940 0000000000000000
[mtlr]   out: 0000007700000000 0000000000004000 00000000341212e1 000000000001647a
[mtlr] resource2 sel8 flags 470 sz 0x1000 -> kr 0x00000000 rid 119 GPUVA 0x10002490000 cpu 10d7ac000
[mtlr]   out: 0000010002490000 000000010d7ac000 0000000104721940 0000000000000000
[mtlr]   out: 0000007700000000 0000000000004000 00000000341212e2 000000000001647b
[mtlr] resource2 sel8 flags 470 sz 0x1000 -> kr 0x00000000 rid 119 GPUVA 0x10002490000 cpu 10d7ac000
[mtlr]   out: 0000010002490000 000000010d7ac000 0000000104721940 0000000000000000
[mtlr]   out: 0000007700000000 0000000000004000 00000000341212e3 000000000001647c
[mtlr] resource2 sel8 flags 470 sz 0x1000 -> kr 0x00000000 rid 119 GPUVA 0x10002490000 cpu 10d7ac000
[mtlr]   out: 0000010002490000 000000010d7ac000 0000000104721940 0000000000000000
[mtlr]   out: 0000007700000000 0000000000004000 00000000341212e4 000000000001647d
[mtlr] resource2 sel8 flags 470 sz 0x1000 -> kr 0x00000000 rid 119 GPUVA 0x10002490000 cpu 10d7ac000
[mtlr]   out: 0000010002490000 000000010d7ac000 0000000104721940 0000000000000000
[mtlr]   out: 0000007700000000 0000000000004000 00000000341212e5 000000000001647e
[mtlr] resource2 sel8 flags 470 sz 0x1000 -> kr 0x00000000 rid 119 GPUVA 0x10002490000 cpu 10d7ac000
[mtlr]   out: 0000010002490000 000000010d7ac000 0000000104721940 0000000000000000
[mtlr]   out: 0000007700000000 0000000000004000 00000000341212e6 000000000001647f
[mtlr] resource2 sel8 flags 470 sz 0x1000 -> kr 0x00000000 rid 119 GPUVA 0x10002490000 cpu 10d7ac000
[mtlr]   out: 0000010002490000 000000010d7ac000 0000000104721940 0000000000000000
[mtlr]   out: 0000007700000000 0000000000004000 00000000341212e7 0000000000016480
[mtlr] resource2 sel8 flags 470 sz 0x1000 -> kr 0x00000000 rid 119 GPUVA 0x10002490000 cpu 10d7ac000
[mtlr]   out: 0000010002490000 000000010d7ac000 0000000104721940 0000000000000000
[mtlr]   out: 0000007700000000 0000000000004000 00000000341212e8 0000000000016481
[mtlr] resource2 sel8 flags 470 sz 0x1000 -> kr 0x00000000 rid 119 GPUVA 0x10002490000 cpu 10d7ac000
[mtlr]   out: 0000010002490000 000000010d7ac000 0000000104721940 0000000000000000
[mtlr]   out: 0000007700000000 0000000000004000 00000000341212e9 0000000000016482
[mtlr] resource2 sel8 flags 470 sz 0x1000 -> kr 0x00000000 rid 119 GPUVA 0x10002490000 cpu 10d7ac000
[mtlr]   out: 0000010002490000 000000010d7ac000 0000000104721940 0000000000000000
[mtlr]   out: 0000007700000000 0000000000004000 00000000341212ea 0000000000016483
[mtlr] resource2 sel8 flags 470 sz 0x1000 -> kr 0x00000000 rid 119 GPUVA 0x10002490000 cpu 10d7ac000
[mtlr]   out: 0000010002490000 000000010d7ac000 0000000104721940 0000000000000000
[mtlr]   out: 0000007700000000 0000000000004000 00000000341212eb 0000000000016484
[mtlr] resource2 sel8 flags 470 sz 0x1000 -> kr 0x00000000 rid 119 GPUVA 0x10002490000 cpu 10d7ac000
[mtlr]   out: 0000010002490000 000000010d7ac000 0000000104721940 0000000000000000
[mtlr]   out: 0000007700000000 0000000000004000 00000000341212ec 0000000000016485
[mtlr] resource2 sel8 flags 470 sz 0x1000 -> kr 0x00000000 rid 119 GPUVA 0x10002490000 cpu 10d7ac000
[mtlr]   out: 0000010002490000 000000010d7ac000 0000000104721940 0000000000000000
[mtlr]   out: 0000007700000000 0000000000004000 00000000341212ed 0000000000016486
[mtlr] resource2 sel8 flags 470 sz 0x1000 -> kr 0x00000000 rid 119 GPUVA 0x10002490000 cpu 10d7ac000
[mtlr]   out: 0000010002490000 000000010d7ac000 0000000104721940 0000000000000000
[mtlr]   out: 0000007700000000 0000000000004000 00000000341212ee 0000000000016487
[mtlr] resource2 sel8 flags 470 sz 0x1000 -> kr 0x00000000 rid 119 GPUVA 0x10002490000 cpu 10d7ac000
[mtlr]   out: 0000010002490000 000000010d7ac000 0000000104721940 0000000000000000
[mtlr]   out: 0000007700000000 0000000000004000 00000000341212ef 0000000000016488
[mtlr] resource2 sel8 flags 470 sz 0x1000 -> kr 0x00000000 rid 119 GPUVA 0x10002490000 cpu 10d7ac000
[mtlr]   out: 0000010002490000 000000010d7ac000 0000000104721940 0000000000000000
[mtlr]   out: 0000007700000000 0000000000004000 00000000341212f0 0000000000016489
[mtlr] resource2 sel8 flags 470 sz 0x1000 -> kr 0x00000000 rid 119 GPUVA 0x10002490000 cpu 10d7ac000
[mtlr]   out: 0000010002490000 000000010d7ac000 0000000104721940 0000000000000000
[mtlr]   out: 0000007700000000 0000000000004000 00000000341212f1 000000000001648a
[mtlr] resource2 sel8 flags 470 sz 0x1000 -> kr 0x00000000 rid 119 GPUVA 0x10002490000 cpu 10d7ac000
[mtlr]   out: 0000010002490000 000000010d7ac000 0000000104721940 0000000000000000
[mtlr]   out: 0000007700000000 0000000000004000 00000000341212f2 000000000001648b
[mtlr] resource2 sel8 flags 470 sz 0x1000 -> kr 0x00000000 rid 119 GPUVA 0x10002490000 cpu 10d7ac000
[mtlr]   out: 0000010002490000 000000010d7ac000 0000000104721940 0000000000000000
[mtlr]   out: 0000007700000000 0000000000004000 00000000341212f3 000000000001648c
[mtlr] resource2 sel8 flags 470 sz 0x1000 -> kr 0x00000000 rid 119 GPUVA 0x10002490000 cpu 10d7ac000
[mtlr]   out: 0000010002490000 000000010d7ac000 0000000104721940 0000000000000000
[mtlr]   out: 0000007700000000 0000000000004000 00000000341212f4 000000000001648d
[mtlr] resource2 sel8 flags 470 sz 0x1000 -> kr 0x00000000 rid 119 GPUVA 0x10002490000 cpu 10d7ac000
[mtlr]   out: 0000010002490000 000000010d7ac000 0000000104721940 0000000000000000
[mtlr]   out: 0000007700000000 0000000000004000 00000000341212f5 000000000001648e
[mtlr] resource2 sel8 flags 470 sz 0x1000 -> kr 0x00000000 rid 119 GPUVA 0x10002490000 cpu 10d7ac000
[mtlr]   out: 0000010002490000 000000010d7ac000 0000000104721940 0000000000000000
[mtlr]   out: 0000007700000000 0000000000004000 00000000341212f6 000000000001648f
[mtlr] resource2 sel8 flags 470 sz 0x1000 -> kr 0x00000000 rid 119 GPUVA 0x10002490000 cpu 10d7ac000
[mtlr]   out: 0000010002490000 000000010d7ac000 0000000104721940 0000000000000000
[mtlr]   out: 0000007700000000 0000000000004000 00000000341212f7 0000000000016490
[mtlr] resource2 sel8 flags 470 sz 0x1000 -> kr 0x00000000 rid 119 GPUVA 0x10002490000 cpu 10d7ac000
[mtlr]   out: 0000010002490000 000000010d7ac000 0000000104721940 0000000000000000
[mtlr]   out: 0000007700000000 0000000000004000 00000000341212f8 0000000000016491
[mtlr] resource2 sel8 flags 470 sz 0x1000 -> kr 0x00000000 rid 119 GPUVA 0x10002490000 cpu 10d7ac000
[mtlr]   out: 0000010002490000 000000010d7ac000 0000000104721940 0000000000000000
[mtlr]   out: 0000007700000000 0000000000004000 00000000341212f9 0000000000016492
[mtlr] resource2 sel8 flags 470 sz 0x1000 -> kr 0x00000000 rid 119 GPUVA 0x10002490000 cpu 10d7ac000
[mtlr]   out: 0000010002490000 000000010d7ac000 0000000104721940 0000000000000000
[mtlr]   out: 0000007700000000 0000000000004000 00000000341212fa 0000000000016493
[mtlr] resource2 sel8 flags 470 sz 0x1000 -> kr 0x00000000 rid 119 GPUVA 0x10002490000 cpu 10d7ac000
[mtlr]   out: 0000010002490000 000000010d7ac000 0000000104721940 0000000000000000
[mtlr]   out: 0000007700000000 0000000000004000 00000000341212fb 0000000000016494
[mtlr] resource2 sel8 flags 470 sz 0x1000 -> kr 0x00000000 rid 119 GPUVA 0x10002490000 cpu 10d7ac000
[mtlr]   out: 0000010002490000 000000010d7ac000 0000000104721940 0000000000000000
[mtlr]   out: 0000007700000000 0000000000004000 00000000341212fc 0000000000016495
[mtlr] resource2 sel8 flags 470 sz 0x1000 -> kr 0x00000000 rid 119 GPUVA 0x10002490000 cpu 10d7ac000
[mtlr]   out: 0000010002490000 000000010d7ac000 0000000104721940 0000000000000000
[mtlr]   out: 0000007700000000 0000000000004000 00000000341212fd 0000000000016496
[mtlr] resource2 sel8 flags 470 sz 0x1000 -> kr 0x00000000 rid 119 GPUVA 0x10002490000 cpu 10d7ac000
[mtlr]   out: 0000010002490000 000000010d7ac000 0000000104721940 0000000000000000
[mtlr]   out: 0000007700000000 0000000000004000 00000000341212fe 0000000000016497
[mtlr] resource2 sel8 flags 470 sz 0x1000 -> kr 0x00000000 rid 119 GPUVA 0x10002490000 cpu 10d7ac000
[mtlr]   out: 0000010002490000 000000010d7ac000 0000000104721940 0000000000000000
[mtlr]   out: 0000007700000000 0000000000004000 00000000341212ff 0000000000016498
[uatrec] S4 r22 (+1s): nvv 8 ncb 8 vsz 0x100000 fill 0x0 destroy0 kr 0x00000000 nj 40
[uatrec] S4 r22 blit[0] slots 7 ridp 1
[uatrec] S4 r22 blit[1] slots 8 ridp 1
[uatrec] S4 r22 blit[2] slots 7 ridp 1
[uatrec] S4 r22 blit[3] slots 8 ridp 1
[uatrec] S4 r22 blit[4] slots 7 ridp 1
[uatrec] S4 r22 blit[5] slots 8 ridp 1
[uatrec] S4 r22 blit[6] slots 7 ridp 1
[uatrec] S4 r22 blit[7] slots 8 ridp 1
[mtlr] resource2 sel8 flags 470 sz 0x100000 -> kr 0x00000000 rid 119 GPUVA 0x10002490000 cpu 10d6ac000
[mtlr]   out: 0000010002490000 000000010d6ac000 0000000104721940 0000000000000000
[mtlr]   out: 0000007700000000 0000000000100000 000000003412132b 000000000001649b
[uatrec] S4 r23 victim[0] rid 119 gpuva 0x10002490000 cpu 0x10d6ac000 (top-of-stack)
[mtlr] resource2 sel8 flags 470 sz 0x100000 -> kr 0x00000000 rid 120 GPUVA 0x10002598000 cpu 10d7ac000
[mtlr]   out: 0000010002598000 000000010d7ac000 0000000104721a00 0000000000000000
[mtlr]   out: 0000007800000000 0000000000100000 000000003412132c 000000000001649c
[uatrec] S4 r23 victim[1] rid 120 gpuva 0x10002598000 cpu 0x10d7ac000 (top-of-stack)
[mtlr] resource2 sel8 flags 470 sz 0x100000 -> kr 0x00000000 rid 121 GPUVA 0x100026a0000 cpu 10d8ac000
[mtlr]   out: 00000100026a0000 000000010d8ac000 0000000104721ac0 0000000000000000
[mtlr]   out: 0000007900000000 0000000000100000 000000003412132d 000000000001649d
[uatrec] S4 r23 victim[2] rid 121 gpuva 0x100026a0000 cpu 0x10d8ac000 (top-of-stack)
[mtlr] resource2 sel8 flags 470 sz 0x100000 -> kr 0x00000000 rid 122 GPUVA 0x100027a8000 cpu 10d9ac000
[mtlr]   out: 00000100027a8000 000000010d9ac000 0000000104721b80 0000000000000000
[mtlr]   out: 0000007a00000000 0000000000100000 000000003412132e 000000000001649e
[uatrec] S4 r23 victim[3] rid 122 gpuva 0x100027a8000 cpu 0x10d9ac000 (top-of-stack)
[mtlr] resource2 sel8 flags 470 sz 0x100000 -> kr 0x00000000 rid 123 GPUVA 0x100028b0000 cpu 10daac000
[mtlr]   out: 00000100028b0000 000000010daac000 0000000104721c40 0000000000000000
[mtlr]   out: 0000007b00000000 0000000000100000 000000003412132f 000000000001649f
[uatrec] S4 r23 victim[4] rid 123 gpuva 0x100028b0000 cpu 0x10daac000 (top-of-stack)
[mtlr] resource2 sel8 flags 470 sz 0x100000 -> kr 0x00000000 rid 124 GPUVA 0x100029b8000 cpu 10dbac000
[mtlr]   out: 00000100029b8000 000000010dbac000 0000000104721d00 0000000000000000
[mtlr]   out: 0000007c00000000 0000000000100000 0000000034121337 00000000000164a0
[uatrec] S4 r23 victim[5] rid 124 gpuva 0x100029b8000 cpu 0x10dbac000 (top-of-stack)
[mtlr] resource2 sel8 flags 470 sz 0x100000 -> kr 0x00000000 rid 125 GPUVA 0x10002ac0000 cpu 10dcac000
[mtlr]   out: 0000010002ac0000 000000010dcac000 0000000104721dc0 0000000000000000
[mtlr]   out: 0000007d00000000 0000000000100000 0000000034121338 00000000000164a1
[uatrec] S4 r23 victim[6] rid 125 gpuva 0x10002ac0000 cpu 0x10dcac000 (top-of-stack)
[mtlr] resource2 sel8 flags 470 sz 0x100000 -> kr 0x00000000 rid 126 GPUVA 0x10002bc8000 cpu 10ddac000
[mtlr]   out: 0000010002bc8000 000000010ddac000 0000000104721e80 0000000000000000
[mtlr]   out: 0000007e00000000 0000000000100000 0000000034121339 00000000000164a2
[uatrec] S4 r23 victim[7] rid 126 gpuva 0x10002bc8000 cpu 0x10ddac000 (top-of-stack)
[mtlr] resource2 sel8 flags 470 sz 0x1000 -> kr 0x00000000 rid 119 GPUVA 0x10002490000 cpu 10e5ac000
[mtlr]   out: 0000010002490000 000000010e5ac000 0000000104721940 0000000000000000
[mtlr]   out: 0000007700000000 0000000000004000 0000000034121355 00000000000164ac
[mtlr] resource2 sel8 flags 470 sz 0x1000 -> kr 0x00000000 rid 119 GPUVA 0x10002490000 cpu 10e5ac000
[mtlr]   out: 0000010002490000 000000010e5ac000 0000000104721940 0000000000000000
[mtlr]   out: 0000007700000000 0000000000004000 0000000034121356 00000000000164ad
[mtlr] resource2 sel8 flags 470 sz 0x1000 -> kr 0x00000000 rid 119 GPUVA 0x10002490000 cpu 10e5ac000
[mtlr]   out: 0000010002490000 000000010e5ac000 0000000104721940 0000000000000000
[mtlr]   out: 0000007700000000 0000000000004000 0000000034121357 00000000000164ae
[mtlr] resource2 sel8 flags 470 sz 0x1000 -> kr 0x00000000 rid 119 GPUVA 0x10002490000 cpu 10e5ac000
[mtlr]   out: 0000010002490000 000000010e5ac000 0000000104721940 0000000000000000
[mtlr]   out: 0000007700000000 0000000000004000 0000000034121358 00000000000164af
[mtlr] resource2 sel8 flags 470 sz 0x1000 -> kr 0x00000000 rid 119 GPUVA 0x10002490000 cpu 10e5ac000
[mtlr]   out: 0000010002490000 000000010e5ac000 0000000104721940 0000000000000000
[mtlr]   out: 0000007700000000 0000000000004000 0000000034121359 00000000000164b0
[mtlr] resource2 sel8 flags 470 sz 0x1000 -> kr 0x00000000 rid 119 GPUVA 0x10002490000 cpu 10e5ac000
[mtlr]   out: 0000010002490000 000000010e5ac000 0000000104721940 0000000000000000
[mtlr]   out: 0000007700000000 0000000000004000 000000003412135a 00000000000164b1
[mtlr] resource2 sel8 flags 470 sz 0x1000 -> kr 0x00000000 rid 119 GPUVA 0x10002490000 cpu 10e5ac000
[mtlr]   out: 0000010002490000 000000010e5ac000 0000000104721940 0000000000000000
[mtlr]   out: 0000007700000000 0000000000004000 000000003412135b 00000000000164b2
[mtlr] resource2 sel8 flags 470 sz 0x1000 -> kr 0x00000000 rid 119 GPUVA 0x10002490000 cpu 10e5ac000
[mtlr]   out: 0000010002490000 000000010e5ac000 0000000104721940 0000000000000000
[mtlr]   out: 0000007700000000 0000000000004000 000000003412135c 00000000000164b3
[mtlr] resource2 sel8 flags 470 sz 0x1000 -> kr 0x00000000 rid 119 GPUVA 0x10002490000 cpu 10e5ac000
[mtlr]   out: 0000010002490000 000000010e5ac000 0000000104721940 0000000000000000
[mtlr]   out: 0000007700000000 0000000000004000 000000003412135d 00000000000164b4
[mtlr] resource2 sel8 flags 470 sz 0x1000 -> kr 0x00000000 rid 119 GPUVA 0x10002490000 cpu 10e5ac000
[mtlr]   out: 0000010002490000 000000010e5ac000 0000000104721940 0000000000000000
[mtlr]   out: 0000007700000000 0000000000004000 000000003412135e 00000000000164b5
[mtlr] resource2 sel8 flags 470 sz 0x1000 -> kr 0x00000000 rid 119 GPUVA 0x10002490000 cpu 10e5ac000
[mtlr]   out: 0000010002490000 000000010e5ac000 0000000104721940 0000000000000000
[mtlr]   out: 0000007700000000 0000000000004000 000000003412135f 00000000000164b6
[mtlr] resource2 sel8 flags 470 sz 0x1000 -> kr 0x00000000 rid 119 GPUVA 0x10002490000 cpu 10e5ac000
[mtlr]   out: 0000010002490000 000000010e5ac000 0000000104721940 0000000000000000
[mtlr]   out: 0000007700000000 0000000000004000 0000000034121360 00000000000164b7
[mtlr] resource2 sel8 flags 470 sz 0x1000 -> kr 0x00000000 rid 119 GPUVA 0x10002490000 cpu 10e5ac000
[mtlr]   out: 0000010002490000 000000010e5ac000 0000000104721940 0000000000000000
[mtlr]   out: 0000007700000000 0000000000004000 0000000034121361 00000000000164b8
[mtlr] resource2 sel8 flags 470 sz 0x1000 -> kr 0x00000000 rid 119 GPUVA 0x10002490000 cpu 10e5ac000
[mtlr]   out: 0000010002490000 000000010e5ac000 0000000104721940 0000000000000000
[mtlr]   out: 0000007700000000 0000000000004000 0000000034121362 00000000000164b9
[mtlr] resource2 sel8 flags 470 sz 0x1000 -> kr 0x00000000 rid 119 GPUVA 0x10002490000 cpu 10e5ac000
[mtlr]   out: 0000010002490000 000000010e5ac000 0000000104721940 0000000000000000
[mtlr]   out: 0000007700000000 0000000000004000 0000000034121363 00000000000164ba
[mtlr] resource2 sel8 flags 470 sz 0x1000 -> kr 0x00000000 rid 119 GPUVA 0x10002490000 cpu 10e5ac000
[mtlr]   out: 0000010002490000 000000010e5ac000 0000000104721940 0000000000000000
[mtlr]   out: 0000007700000000 0000000000004000 0000000034121364 00000000000164bb
[mtlr] resource2 sel8 flags 470 sz 0x1000 -> kr 0x00000000 rid 119 GPUVA 0x10002490000 cpu 10e5ac000
[mtlr]   out: 0000010002490000 000000010e5ac000 0000000104721940 0000000000000000
[mtlr]   out: 0000007700000000 0000000000004000 0000000034121365 00000000000164bc
[mtlr] resource2 sel8 flags 470 sz 0x1000 -> kr 0x00000000 rid 119 GPUVA 0x10002490000 cpu 10e5ac000
[mtlr]   out: 0000010002490000 000000010e5ac000 0000000104721940 0000000000000000
[mtlr]   out: 0000007700000000 0000000000004000 0000000034121366 00000000000164bd
[mtlr] resource2 sel8 flags 470 sz 0x1000 -> kr 0x00000000 rid 119 GPUVA 0x10002490000 cpu 10e5ac000
[mtlr]   out: 0000010002490000 000000010e5ac000 0000000104721940 0000000000000000
[mtlr]   out: 0000007700000000 0000000000004000 0000000034121367 00000000000164be
[mtlr] resource2 sel8 flags 470 sz 0x1000 -> kr 0x00000000 rid 119 GPUVA 0x10002490000 cpu 10e5ac000
[mtlr]   out: 0000010002490000 000000010e5ac000 0000000104721940 0000000000000000
[mtlr]   out: 0000007700000000 0000000000004000 0000000034121368 00000000000164bf
[mtlr] resource2 sel8 flags 470 sz 0x1000 -> kr 0x00000000 rid 119 GPUVA 0x10002490000 cpu 10e5ac000
[mtlr]   out: 0000010002490000 000000010e5ac000 0000000104721940 0000000000000000
[mtlr]   out: 0000007700000000 0000000000004000 0000000034121369 00000000000164c0
[mtlr] resource2 sel8 flags 470 sz 0x1000 -> kr 0x00000000 rid 119 GPUVA 0x10002490000 cpu 10e5ac000
[mtlr]   out: 0000010002490000 000000010e5ac000 0000000104721940 0000000000000000
[mtlr]   out: 0000007700000000 0000000000004000 000000003412136a 00000000000164c1
[mtlr] resource2 sel8 flags 470 sz 0x1000 -> kr 0x00000000 rid 119 GPUVA 0x10002490000 cpu 10e5ac000
[mtlr]   out: 0000010002490000 000000010e5ac000 0000000104721940 0000000000000000
[mtlr]   out: 0000007700000000 0000000000004000 000000003412136b 00000000000164c2
[mtlr] resource2 sel8 flags 470 sz 0x1000 -> kr 0x00000000 rid 119 GPUVA 0x10002490000 cpu 10e5ac000
[mtlr]   out: 0000010002490000 000000010e5ac000 0000000104721940 0000000000000000
[mtlr]   out: 0000007700000000 0000000000004000 000000003412136c 00000000000164c3
[mtlr] resource2 sel8 flags 470 sz 0x1000 -> kr 0x00000000 rid 119 GPUVA 0x10002490000 cpu 10e5ac000
[mtlr]   out: 0000010002490000 000000010e5ac000 0000000104721940 0000000000000000
[mtlr]   out: 0000007700000000 0000000000004000 000000003412136d 00000000000164c4
[mtlr] resource2 sel8 flags 470 sz 0x1000 -> kr 0x00000000 rid 119 GPUVA 0x10002490000 cpu 10e5ac000
[mtlr]   out: 0000010002490000 000000010e5ac000 0000000104721940 0000000000000000
[mtlr]   out: 0000007700000000 0000000000004000 000000003412136e 00000000000164c5
[mtlr] resource2 sel8 flags 470 sz 0x1000 -> kr 0x00000000 rid 119 GPUVA 0x10002490000 cpu 10e5ac000
[mtlr]   out: 0000010002490000 000000010e5ac000 0000000104721940 0000000000000000
[mtlr]   out: 0000007700000000 0000000000004000 000000003412136f 00000000000164c6
[mtlr] resource2 sel8 flags 470 sz 0x1000 -> kr 0x00000000 rid 119 GPUVA 0x10002490000 cpu 10e5ac000
[mtlr]   out: 0000010002490000 000000010e5ac000 0000000104721940 0000000000000000
[mtlr]   out: 0000007700000000 0000000000004000 0000000034121370 00000000000164c7
[mtlr] resource2 sel8 flags 470 sz 0x1000 -> kr 0x00000000 rid 119 GPUVA 0x10002490000 cpu 10e5ac000
[mtlr]   out: 0000010002490000 000000010e5ac000 0000000104721940 0000000000000000
[mtlr]   out: 0000007700000000 0000000000004000 0000000034121371 00000000000164c8
[mtlr] resource2 sel8 flags 470 sz 0x1000 -> kr 0x00000000 rid 119 GPUVA 0x10002490000 cpu 10e5ac000
[mtlr]   out: 0000010002490000 000000010e5ac000 0000000104721940 0000000000000000
[mtlr]   out: 0000007700000000 0000000000004000 0000000034121372 00000000000164c9
[mtlr] resource2 sel8 flags 470 sz 0x1000 -> kr 0x00000000 rid 119 GPUVA 0x10002490000 cpu 10e5ac000
[mtlr]   out: 0000010002490000 000000010e5ac000 0000000104721940 0000000000000000
[mtlr]   out: 0000007700000000 0000000000004000 0000000034121373 00000000000164ca
[mtlr] resource2 sel8 flags 470 sz 0x1000 -> kr 0x00000000 rid 119 GPUVA 0x10002490000 cpu 10e5ac000
[mtlr]   out: 0000010002490000 000000010e5ac000 0000000104721940 0000000000000000
[mtlr]   out: 0000007700000000 0000000000004000 0000000034121374 00000000000164cb
[mtlr] resource2 sel8 flags 470 sz 0x1000 -> kr 0x00000000 rid 119 GPUVA 0x10002490000 cpu 10e5ac000
[mtlr]   out: 0000010002490000 000000010e5ac000 0000000104721940 0000000000000000
[mtlr]   out: 0000007700000000 0000000000004000 0000000034121375 00000000000164cc
[mtlr] resource2 sel8 flags 470 sz 0x1000 -> kr 0x00000000 rid 119 GPUVA 0x10002490000 cpu 10e5ac000
[mtlr]   out: 0000010002490000 000000010e5ac000 0000000104721940 0000000000000000
[mtlr]   out: 0000007700000000 0000000000004000 0000000034121376 00000000000164cd
[mtlr] resource2 sel8 flags 470 sz 0x1000 -> kr 0x00000000 rid 119 GPUVA 0x10002490000 cpu 10e5ac000
[mtlr]   out: 0000010002490000 000000010e5ac000 0000000104721940 0000000000000000
[mtlr]   out: 0000007700000000 0000000000004000 0000000034121377 00000000000164ce
[mtlr] resource2 sel8 flags 470 sz 0x1000 -> kr 0x00000000 rid 119 GPUVA 0x10002490000 cpu 10e5ac000
[mtlr]   out: 0000010002490000 000000010e5ac000 0000000104721940 0000000000000000
[mtlr]   out: 0000007700000000 0000000000004000 0000000034121378 00000000000164cf
[mtlr] resource2 sel8 flags 470 sz 0x1000 -> kr 0x00000000 rid 119 GPUVA 0x10002490000 cpu 10e5ac000
[mtlr]   out: 0000010002490000 000000010e5ac000 0000000104721940 0000000000000000
[mtlr]   out: 0000007700000000 0000000000004000 0000000034121379 00000000000164d0
[mtlr] resource2 sel8 flags 470 sz 0x1000 -> kr 0x00000000 rid 119 GPUVA 0x10002490000 cpu 10e5ac000
[mtlr]   out: 0000010002490000 000000010e5ac000 0000000104721940 0000000000000000
[mtlr]   out: 0000007700000000 0000000000004000 000000003412137a 00000000000164d1
[mtlr] resource2 sel8 flags 470 sz 0x1000 -> kr 0x00000000 rid 119 GPUVA 0x10002490000 cpu 10e5ac000
[mtlr]   out: 0000010002490000 000000010e5ac000 0000000104721940 0000000000000000
[mtlr]   out: 0000007700000000 0000000000004000 000000003412137b 00000000000164d2
[mtlr] resource2 sel8 flags 470 sz 0x1000 -> kr 0x00000000 rid 119 GPUVA 0x10002490000 cpu 10e5ac000
[mtlr]   out: 0000010002490000 000000010e5ac000 0000000104721940 0000000000000000
[mtlr]   out: 0000007700000000 0000000000004000 000000003412137c 00000000000164d3
[uatrec] S4 r23 (+1s): nvv 8 ncb 8 vsz 0x100000 fill 0x0 destroy0 kr 0x00000000 nj 40
[uatrec] S4 r23 blit[0] slots 8 ridp 1
[uatrec] S4 r23 blit[1] slots 7 ridp 1
[uatrec] S4 r23 blit[2] slots 7 ridp 1
[uatrec] S4 r23 blit[3] slots 7 ridp 1
[uatrec] S4 r23 blit[4] slots 8 ridp 1
[uatrec] S4 r23 blit[5] slots 7 ridp 1
[uatrec] S4 r23 blit[6] slots 8 ridp 1
[uatrec] S4 r23 blit[7] slots 7 ridp 1
[mtlr] resource2 sel8 flags 470 sz 0x100000 -> kr 0x00000000 rid 119 GPUVA 0x10002490000 cpu 10dfac000
[mtlr]   out: 0000010002490000 000000010dfac000 0000000104721940 0000000000000000
[mtlr]   out: 0000007700000000 0000000000100000 00000000341213a9 00000000000164d6
[uatrec] S4 r24 victim[0] rid 119 gpuva 0x10002490000 cpu 0x10dfac000 (top-of-stack)
[mtlr] resource2 sel8 flags 470 sz 0x100000 -> kr 0x00000000 rid 120 GPUVA 0x10002598000 cpu 10e0ac000
[mtlr]   out: 0000010002598000 000000010e0ac000 0000000104721a00 0000000000000000
[mtlr]   out: 0000007800000000 0000000000100000 00000000341213aa 00000000000164d7
[uatrec] S4 r24 victim[1] rid 120 gpuva 0x10002598000 cpu 0x10e0ac000 (top-of-stack)
[mtlr] resource2 sel8 flags 470 sz 0x100000 -> kr 0x00000000 rid 121 GPUVA 0x100026a0000 cpu 10c698000
[mtlr]   out: 00000100026a0000 000000010c698000 0000000104721ac0 0000000000000000
[mtlr]   out: 0000007900000000 0000000000100000 00000000341213ab 00000000000164d8
[uatrec] S4 r24 victim[2] rid 121 gpuva 0x100026a0000 cpu 0x10c698000 (top-of-stack)
[mtlr] resource2 sel8 flags 470 sz 0x100000 -> kr 0x00000000 rid 122 GPUVA 0x100027a8000 cpu 10c7a0000
[mtlr]   out: 00000100027a8000 000000010c7a0000 0000000104721b80 0000000000000000
[mtlr]   out: 0000007a00000000 0000000000100000 00000000341213ac 00000000000164d9
[uatrec] S4 r24 victim[3] rid 122 gpuva 0x100027a8000 cpu 0x10c7a0000 (top-of-stack)
[mtlr] resource2 sel8 flags 470 sz 0x100000 -> kr 0x00000000 rid 123 GPUVA 0x100028b0000 cpu 10c8a0000
[mtlr]   out: 00000100028b0000 000000010c8a0000 0000000104721c40 0000000000000000
[mtlr]   out: 0000007b00000000 0000000000100000 00000000341213ad 00000000000164da
[uatrec] S4 r24 victim[4] rid 123 gpuva 0x100028b0000 cpu 0x10c8a0000 (top-of-stack)
[mtlr] resource2 sel8 flags 470 sz 0x100000 -> kr 0x00000000 rid 124 GPUVA 0x100029b8000 cpu 10c9a0000
[mtlr]   out: 00000100029b8000 000000010c9a0000 0000000104721d00 0000000000000000
[mtlr]   out: 0000007c00000000 0000000000100000 00000000341213ae 00000000000164db
[uatrec] S4 r24 victim[5] rid 124 gpuva 0x100029b8000 cpu 0x10c9a0000 (top-of-stack)
[mtlr] resource2 sel8 flags 470 sz 0x100000 -> kr 0x00000000 rid 125 GPUVA 0x10002ac0000 cpu 10caa0000
[mtlr]   out: 0000010002ac0000 000000010caa0000 0000000104721dc0 0000000000000000
[mtlr]   out: 0000007d00000000 0000000000100000 00000000341213b6 00000000000164dc
[uatrec] S4 r24 victim[6] rid 125 gpuva 0x10002ac0000 cpu 0x10caa0000 (top-of-stack)
[mtlr] resource2 sel8 flags 470 sz 0x100000 -> kr 0x00000000 rid 126 GPUVA 0x10002bc8000 cpu 10cba0000
[mtlr]   out: 0000010002bc8000 000000010cba0000 0000000104721e80 0000000000000000
[mtlr]   out: 0000007e00000000 0000000000100000 00000000341213b7 00000000000164dd
[uatrec] S4 r24 victim[7] rid 126 gpuva 0x10002bc8000 cpu 0x10cba0000 (top-of-stack)
[mtlr] resource2 sel8 flags 470 sz 0x1000 -> kr 0x00000000 rid 119 GPUVA 0x10002490000 cpu 10d5a0000
[mtlr]   out: 0000010002490000 000000010d5a0000 0000000104721940 0000000000000000
[mtlr]   out: 0000007700000000 0000000000004000 00000000341213d3 00000000000164e7
[mtlr] resource2 sel8 flags 470 sz 0x1000 -> kr 0x00000000 rid 119 GPUVA 0x10002490000 cpu 10d5a0000
[mtlr]   out: 0000010002490000 000000010d5a0000 0000000104721940 0000000000000000
[mtlr]   out: 0000007700000000 0000000000004000 00000000341213d4 00000000000164e8
[mtlr] resource2 sel8 flags 470 sz 0x1000 -> kr 0x00000000 rid 119 GPUVA 0x10002490000 cpu 10d5a0000
[mtlr]   out: 0000010002490000 000000010d5a0000 0000000104721940 0000000000000000
[mtlr]   out: 0000007700000000 0000000000004000 00000000341213d5 00000000000164e9
[mtlr] resource2 sel8 flags 470 sz 0x1000 -> kr 0x00000000 rid 119 GPUVA 0x10002490000 cpu 10d5a0000
[mtlr]   out: 0000010002490000 000000010d5a0000 0000000104721940 0000000000000000
[mtlr]   out: 0000007700000000 0000000000004000 00000000341213d6 00000000000164ea
[mtlr] resource2 sel8 flags 470 sz 0x1000 -> kr 0x00000000 rid 119 GPUVA 0x10002490000 cpu 10d5a0000
[mtlr]   out: 0000010002490000 000000010d5a0000 0000000104721940 0000000000000000
[mtlr]   out: 0000007700000000 0000000000004000 00000000341213d7 00000000000164eb
[mtlr] resource2 sel8 flags 470 sz 0x1000 -> kr 0x00000000 rid 119 GPUVA 0x10002490000 cpu 10d5a0000
[mtlr]   out: 0000010002490000 000000010d5a0000 0000000104721940 0000000000000000
[mtlr]   out: 0000007700000000 0000000000004000 00000000341213d8 00000000000164ec
[mtlr] resource2 sel8 flags 470 sz 0x1000 -> kr 0x00000000 rid 119 GPUVA 0x10002490000 cpu 10d5a0000
[mtlr]   out: 0000010002490000 000000010d5a0000 0000000104721940 0000000000000000
[mtlr]   out: 0000007700000000 0000000000004000 00000000341213d9 00000000000164ed
[mtlr] resource2 sel8 flags 470 sz 0x1000 -> kr 0x00000000 rid 119 GPUVA 0x10002490000 cpu 10d5a0000
[mtlr]   out: 0000010002490000 000000010d5a0000 0000000104721940 0000000000000000
[mtlr]   out: 0000007700000000 0000000000004000 00000000341213da 00000000000164ee
[mtlr] resource2 sel8 flags 470 sz 0x1000 -> kr 0x00000000 rid 119 GPUVA 0x10002490000 cpu 10d5a0000
[mtlr]   out: 0000010002490000 000000010d5a0000 0000000104721940 0000000000000000
[mtlr]   out: 0000007700000000 0000000000004000 00000000341213db 00000000000164ef
[mtlr] resource2 sel8 flags 470 sz 0x1000 -> kr 0x00000000 rid 119 GPUVA 0x10002490000 cpu 10d5a0000
[mtlr]   out: 0000010002490000 000000010d5a0000 0000000104721940 0000000000000000
[mtlr]   out: 0000007700000000 0000000000004000 00000000341213dc 00000000000164f0
[mtlr] resource2 sel8 flags 470 sz 0x1000 -> kr 0x00000000 rid 119 GPUVA 0x10002490000 cpu 10d5a0000
[mtlr]   out: 0000010002490000 000000010d5a0000 0000000104721940 0000000000000000
[mtlr]   out: 0000007700000000 0000000000004000 00000000341213dd 00000000000164f1
[mtlr] resource2 sel8 flags 470 sz 0x1000 -> kr 0x00000000 rid 119 GPUVA 0x10002490000 cpu 10d5a0000
[mtlr]   out: 0000010002490000 000000010d5a0000 0000000104721940 0000000000000000
[mtlr]   out: 0000007700000000 0000000000004000 00000000341213de 00000000000164f2
[mtlr] resource2 sel8 flags 470 sz 0x1000 -> kr 0x00000000 rid 119 GPUVA 0x10002490000 cpu 10d5a0000
[mtlr]   out: 0000010002490000 000000010d5a0000 0000000104721940 0000000000000000
[mtlr]   out: 0000007700000000 0000000000004000 00000000341213df 00000000000164f3
[mtlr] resource2 sel8 flags 470 sz 0x1000 -> kr 0x00000000 rid 119 GPUVA 0x10002490000 cpu 10d5a0000
[mtlr]   out: 0000010002490000 000000010d5a0000 0000000104721940 0000000000000000
[mtlr]   out: 0000007700000000 0000000000004000 00000000341213e0 00000000000164f4
[mtlr] resource2 sel8 flags 470 sz 0x1000 -> kr 0x00000000 rid 119 GPUVA 0x10002490000 cpu 10d5a0000
[mtlr]   out: 0000010002490000 000000010d5a0000 0000000104721940 0000000000000000
[mtlr]   out: 0000007700000000 0000000000004000 00000000341213e1 00000000000164f5
[mtlr] resource2 sel8 flags 470 sz 0x1000 -> kr 0x00000000 rid 119 GPUVA 0x10002490000 cpu 10d5a0000
[mtlr]   out: 0000010002490000 000000010d5a0000 0000000104721940 0000000000000000
[mtlr]   out: 0000007700000000 0000000000004000 00000000341213e2 00000000000164f6
[mtlr] resource2 sel8 flags 470 sz 0x1000 -> kr 0x00000000 rid 119 GPUVA 0x10002490000 cpu 10d5a0000
[mtlr]   out: 0000010002490000 000000010d5a0000 0000000104721940 0000000000000000
[mtlr]   out: 0000007700000000 0000000000004000 00000000341213e3 00000000000164f7
[mtlr] resource2 sel8 flags 470 sz 0x1000 -> kr 0x00000000 rid 119 GPUVA 0x10002490000 cpu 10d5a0000
[mtlr]   out: 0000010002490000 000000010d5a0000 0000000104721940 0000000000000000
[mtlr]   out: 0000007700000000 0000000000004000 00000000341213e4 00000000000164f8
[mtlr] resource2 sel8 flags 470 sz 0x1000 -> kr 0x00000000 rid 119 GPUVA 0x10002490000 cpu 10d5a0000
[mtlr]   out: 0000010002490000 000000010d5a0000 0000000104721940 0000000000000000
[mtlr]   out: 0000007700000000 0000000000004000 00000000341213e5 00000000000164f9
[mtlr] resource2 sel8 flags 470 sz 0x1000 -> kr 0x00000000 rid 119 GPUVA 0x10002490000 cpu 10d5a0000
[mtlr]   out: 0000010002490000 000000010d5a0000 0000000104721940 0000000000000000
[mtlr]   out: 0000007700000000 0000000000004000 00000000341213e6 00000000000164fa
[mtlr] resource2 sel8 flags 470 sz 0x1000 -> kr 0x00000000 rid 119 GPUVA 0x10002490000 cpu 10d5a0000
[mtlr]   out: 0000010002490000 000000010d5a0000 0000000104721940 0000000000000000
[mtlr]   out: 0000007700000000 0000000000004000 00000000341213e7 00000000000164fb
[mtlr] resource2 sel8 flags 470 sz 0x1000 -> kr 0x00000000 rid 119 GPUVA 0x10002490000 cpu 10d5a0000
[mtlr]   out: 0000010002490000 000000010d5a0000 0000000104721940 0000000000000000
[mtlr]   out: 0000007700000000 0000000000004000 00000000341213e8 00000000000164fc
[mtlr] resource2 sel8 flags 470 sz 0x1000 -> kr 0x00000000 rid 119 GPUVA 0x10002490000 cpu 10d5a0000
[mtlr]   out: 0000010002490000 000000010d5a0000 0000000104721940 0000000000000000
[mtlr]   out: 0000007700000000 0000000000004000 00000000341213e9 00000000000164fd
[mtlr] resource2 sel8 flags 470 sz 0x1000 -> kr 0x00000000 rid 119 GPUVA 0x10002490000 cpu 10d5a0000
[mtlr]   out: 0000010002490000 000000010d5a0000 0000000104721940 0000000000000000
[mtlr]   out: 0000007700000000 0000000000004000 00000000341213ea 00000000000164fe
[mtlr] resource2 sel8 flags 470 sz 0x1000 -> kr 0x00000000 rid 119 GPUVA 0x10002490000 cpu 10d5a0000
[mtlr]   out: 0000010002490000 000000010d5a0000 0000000104721940 0000000000000000
[mtlr]   out: 0000007700000000 0000000000004000 00000000341213eb 00000000000164ff
[mtlr] resource2 sel8 flags 470 sz 0x1000 -> kr 0x00000000 rid 119 GPUVA 0x10002490000 cpu 10d5a0000
[mtlr]   out: 0000010002490000 000000010d5a0000 0000000104721940 0000000000000000
[mtlr]   out: 0000007700000000 0000000000004000 00000000341213ec 0000000000016500
[mtlr] resource2 sel8 flags 470 sz 0x1000 -> kr 0x00000000 rid 119 GPUVA 0x10002490000 cpu 10d5a0000
[mtlr]   out: 0000010002490000 000000010d5a0000 0000000104721940 0000000000000000
[mtlr]   out: 0000007700000000 0000000000004000 00000000341213ed 0000000000016501
[mtlr] resource2 sel8 flags 470 sz 0x1000 -> kr 0x00000000 rid 119 GPUVA 0x10002490000 cpu 10d5a0000
[mtlr]   out: 0000010002490000 000000010d5a0000 0000000104721940 0000000000000000
[mtlr]   out: 0000007700000000 0000000000004000 00000000341213ee 0000000000016502
[mtlr] resource2 sel8 flags 470 sz 0x1000 -> kr 0x00000000 rid 119 GPUVA 0x10002490000 cpu 10d5a0000
[mtlr]   out: 0000010002490000 000000010d5a0000 0000000104721940 0000000000000000
[mtlr]   out: 0000007700000000 0000000000004000 00000000341213ef 0000000000016503
[mtlr] resource2 sel8 flags 470 sz 0x1000 -> kr 0x00000000 rid 119 GPUVA 0x10002490000 cpu 10d5a0000
[mtlr]   out: 0000010002490000 000000010d5a0000 0000000104721940 0000000000000000
[mtlr]   out: 0000007700000000 0000000000004000 00000000341213f0 0000000000016504
[mtlr] resource2 sel8 flags 470 sz 0x1000 -> kr 0x00000000 rid 119 GPUVA 0x10002490000 cpu 10d5a0000
[mtlr]   out: 0000010002490000 000000010d5a0000 0000000104721940 0000000000000000
[mtlr]   out: 0000007700000000 0000000000004000 00000000341213f1 0000000000016505
[mtlr] resource2 sel8 flags 470 sz 0x1000 -> kr 0x00000000 rid 119 GPUVA 0x10002490000 cpu 10d5a0000
[mtlr]   out: 0000010002490000 000000010d5a0000 0000000104721940 0000000000000000
[mtlr]   out: 0000007700000000 0000000000004000 00000000341213f2 0000000000016506
[mtlr] resource2 sel8 flags 470 sz 0x1000 -> kr 0x00000000 rid 119 GPUVA 0x10002490000 cpu 10d5a0000
[mtlr]   out: 0000010002490000 000000010d5a0000 0000000104721940 0000000000000000
[mtlr]   out: 0000007700000000 0000000000004000 00000000341213f3 0000000000016507
[mtlr] resource2 sel8 flags 470 sz 0x1000 -> kr 0x00000000 rid 119 GPUVA 0x10002490000 cpu 10d5a0000
[mtlr]   out: 0000010002490000 000000010d5a0000 0000000104721940 0000000000000000
[mtlr]   out: 0000007700000000 0000000000004000 00000000341213f4 0000000000016508
[mtlr] resource2 sel8 flags 470 sz 0x1000 -> kr 0x00000000 rid 119 GPUVA 0x10002490000 cpu 10d5a0000
[mtlr]   out: 0000010002490000 000000010d5a0000 0000000104721940 0000000000000000
[mtlr]   out: 0000007700000000 0000000000004000 00000000341213f5 0000000000016509
[mtlr] resource2 sel8 flags 470 sz 0x1000 -> kr 0x00000000 rid 119 GPUVA 0x10002490000 cpu 10d5a0000
[mtlr]   out: 0000010002490000 000000010d5a0000 0000000104721940 0000000000000000
[mtlr]   out: 0000007700000000 0000000000004000 00000000341213f6 000000000001650a
[mtlr] resource2 sel8 flags 470 sz 0x1000 -> kr 0x00000000 rid 119 GPUVA 0x10002490000 cpu 10d5a0000
[mtlr]   out: 0000010002490000 000000010d5a0000 0000000104721940 0000000000000000
[mtlr]   out: 0000007700000000 0000000000004000 00000000341213f7 000000000001650b
[mtlr] resource2 sel8 flags 470 sz 0x1000 -> kr 0x00000000 rid 119 GPUVA 0x10002490000 cpu 10d5a0000
[mtlr]   out: 0000010002490000 000000010d5a0000 0000000104721940 0000000000000000
[mtlr]   out: 0000007700000000 0000000000004000 00000000341213f8 000000000001650c
[mtlr] resource2 sel8 flags 470 sz 0x1000 -> kr 0x00000000 rid 119 GPUVA 0x10002490000 cpu 10d5a0000
[mtlr]   out: 0000010002490000 000000010d5a0000 0000000104721940 0000000000000000
[mtlr]   out: 0000007700000000 0000000000004000 00000000341213f9 000000000001650d
[mtlr] resource2 sel8 flags 470 sz 0x1000 -> kr 0x00000000 rid 119 GPUVA 0x10002490000 cpu 10d5a0000
[mtlr]   out: 0000010002490000 000000010d5a0000 0000000104721940 0000000000000000
[mtlr]   out: 0000007700000000 0000000000004000 00000000341213fa 000000000001650e
[uatrec] S4 r24 (+1s): nvv 8 ncb 8 vsz 0x100000 fill 0x0 destroy0 kr 0x00000000 nj 40
[uatrec] S4 r24 blit[0] slots 7 ridp 1
[uatrec] S4 r24 blit[1] slots 7 ridp 1
[uatrec] S4 r24 blit[2] slots 7 ridp 1
[uatrec] S4 r24 blit[3] slots 7 ridp 1
[uatrec] S4 r24 blit[4] slots 7 ridp 1
[uatrec] S4 r24 blit[5] slots 7 ridp 1
[uatrec] S4 r24 blit[6] slots 7 ridp 1
[uatrec] S4 r24 blit[7] slots 7 ridp 1
[uatrec] S4: deliberate crash now (round 24, blits in flight)
