[main] fuzz harness up, mode=scaler
[main] sandbox note: VCPDRM open is MACF-denied (iokit-open-user-client VCPDRMUserClient); mach-lookup com.apple.sprr / com.apple.jitbox exist but are sandbox-gated (seen in kernel log)
[open] AppleM2ScalerCSCDriver -> conn 0x7703
[scaler] conn 0x7703, s1 12 s2 22
[probe12] SetNotificationPort -> 0x00000000
[uatrec] v111 step 4 delay 0ms
[open] IOGPU -> conn 0x7403
[uatrec] mconn 0x6b33 ourc 0x7403
[uatrec] S4 stale-TLB cross-client spray: 25 rounds, cong 8, 50ms/round, secs 0, nv 8, vsz 0x100000, fill 0x0
[uatrec] S4: no key window — system load degraded
[mtlr] resource2 sel8 flags 470 sz 0x100000 -> kr 0x00000000 rid 119 GPUVA 0x10002490000 cpu 10f490000
[mtlr]   out: 0000010002490000 000000010f490000 00000001050d1940 0000000000000000
[mtlr]   out: 0000007700000000 0000000000100000 00000002c8ccb5de 000000000036ad9f
[uatrec] S4 r0 victim[0] rid 119 gpuva 0x10002490000 cpu 0x10f490000 (top-of-stack)
[mtlr] resource2 sel8 flags 470 sz 0x100000 -> kr 0x00000000 rid 120 GPUVA 0x10002598000 cpu 10f590000
[mtlr]   out: 0000010002598000 000000010f590000 00000001050d1a00 0000000000000000
[mtlr]   out: 0000007800000000 0000000000100000 00000002c8ccb5e1 000000000036ada0
[uatrec] S4 r0 victim[1] rid 120 gpuva 0x10002598000 cpu 0x10f590000 (top-of-stack)
[mtlr] resource2 sel8 flags 470 sz 0x100000 -> kr 0x00000000 rid 121 GPUVA 0x100026a0000 cpu 10f690000
[mtlr]   out: 00000100026a0000 000000010f690000 00000001050d1ac0 0000000000000000
[mtlr]   out: 0000007900000000 0000000000100000 00000002c8ccb5e4 000000000036ada1
[uatrec] S4 r0 victim[2] rid 121 gpuva 0x100026a0000 cpu 0x10f690000 (top-of-stack)
[mtlr] resource2 sel8 flags 470 sz 0x100000 -> kr 0x00000000 rid 122 GPUVA 0x100027a8000 cpu 10f790000
[mtlr]   out: 00000100027a8000 000000010f790000 00000001050d1b80 0000000000000000
[mtlr]   out: 0000007a00000000 0000000000100000 00000002c8ccb614 000000000036ada2
[uatrec] S4 r0 victim[3] rid 122 gpuva 0x100027a8000 cpu 0x10f790000 (top-of-stack)
[mtlr] resource2 sel8 flags 470 sz 0x100000 -> kr 0x00000000 rid 123 GPUVA 0x100028b0000 cpu 10f890000
[mtlr]   out: 00000100028b0000 000000010f890000 00000001050d1c40 0000000000000000
[mtlr]   out: 0000007b00000000 0000000000100000 00000002c8ccb615 000000000036ada3
[uatrec] S4 r0 victim[4] rid 123 gpuva 0x100028b0000 cpu 0x10f890000 (top-of-stack)
[mtlr] resource2 sel8 flags 470 sz 0x100000 -> kr 0x00000000 rid 124 GPUVA 0x100029b8000 cpu 10f990000
[mtlr]   out: 00000100029b8000 000000010f990000 00000001050d1d00 0000000000000000
[mtlr]   out: 0000007c00000000 0000000000100000 00000002c8ccb616 000000000036ada4
[uatrec] S4 r0 victim[5] rid 124 gpuva 0x100029b8000 cpu 0x10f990000 (top-of-stack)
[mtlr] resource2 sel8 flags 470 sz 0x100000 -> kr 0x00000000 rid 125 GPUVA 0x10002ac0000 cpu 10fa90000
[mtlr]   out: 0000010002ac0000 000000010fa90000 00000001050d1dc0 0000000000000000
[mtlr]   out: 0000007d00000000 0000000000100000 00000002c8ccb617 000000000036ada5
[uatrec] S4 r0 victim[6] rid 125 gpuva 0x10002ac0000 cpu 0x10fa90000 (top-of-stack)
[mtlr] resource2 sel8 flags 470 sz 0x100000 -> kr 0x00000000 rid 126 GPUVA 0x10002bc8000 cpu 10fb90000
[mtlr]   out: 0000010002bc8000 000000010fb90000 00000001050d1e80 0000000000000000
[mtlr]   out: 0000007e00000000 0000000000100000 00000002c8ccb618 000000000036ada6
[uatrec] S4 r0 victim[7] rid 126 gpuva 0x10002bc8000 cpu 0x10fb90000 (top-of-stack)
[mtlr] resource2 sel8 flags 470 sz 0x1000 -> kr 0x00000000 rid 119 GPUVA 0x10002490000 cpu 110600000
[mtlr]   out: 0000010002490000 0000000110600000 00000001050d1940 0000000000000000
[mtlr]   out: 0000007700000000 0000000000004000 00000002c8ccb7cd 000000000036adc0
[mtlr] resource2 sel8 flags 470 sz 0x1000 -> kr 0x00000000 rid 119 GPUVA 0x10002490000 cpu 110600000
[mtlr]   out: 0000010002490000 0000000110600000 00000001050d1940 0000000000000000
[mtlr]   out: 0000007700000000 0000000000004000 00000002c8ccb7d0 000000000036adc1
[mtlr] resource2 sel8 flags 470 sz 0x1000 -> kr 0x00000000 rid 119 GPUVA 0x10002490000 cpu 110600000
[mtlr]   out: 0000010002490000 0000000110600000 00000001050d1940 0000000000000000
[mtlr]   out: 0000007700000000 0000000000004000 00000002c8ccb7d1 000000000036adc2
[mtlr] resource2 sel8 flags 470 sz 0x1000 -> kr 0x00000000 rid 119 GPUVA 0x10002490000 cpu 110600000
[mtlr]   out: 0000010002490000 0000000110600000 00000001050d1940 0000000000000000
[mtlr]   out: 0000007700000000 0000000000004000 00000002c8ccb7d2 000000000036adc3
[mtlr] resource2 sel8 flags 470 sz 0x1000 -> kr 0x00000000 rid 119 GPUVA 0x10002490000 cpu 110600000
[mtlr]   out: 0000010002490000 0000000110600000 00000001050d1940 0000000000000000
[mtlr]   out: 0000007700000000 0000000000004000 00000002c8ccb7d3 000000000036adc4
[mtlr] resource2 sel8 flags 470 sz 0x1000 -> kr 0x00000000 rid 119 GPUVA 0x10002490000 cpu 110600000
[mtlr]   out: 0000010002490000 0000000110600000 00000001050d1940 0000000000000000
[mtlr]   out: 0000007700000000 0000000000004000 00000002c8ccb7d4 000000000036adc5
[mtlr] resource2 sel8 flags 470 sz 0x1000 -> kr 0x00000000 rid 119 GPUVA 0x10002490000 cpu 110600000
[mtlr]   out: 0000010002490000 0000000110600000 00000001050d1940 0000000000000000
[mtlr]   out: 0000007700000000 0000000000004000 00000002c8ccb7d5 000000000036adc6
[mtlr] resource2 sel8 flags 470 sz 0x1000 -> kr 0x00000000 rid 119 GPUVA 0x10002490000 cpu 110600000
[mtlr]   out: 0000010002490000 0000000110600000 00000001050d1940 0000000000000000
[mtlr]   out: 0000007700000000 0000000000004000 00000002c8ccb7d6 000000000036adc7
[mtlr] resource2 sel8 flags 470 sz 0x1000 -> kr 0x00000000 rid 119 GPUVA 0x10002490000 cpu 110600000
[mtlr]   out: 0000010002490000 0000000110600000 00000001050d1940 0000000000000000
[mtlr]   out: 0000007700000000 0000000000004000 00000002c8ccb7d7 000000000036adc8
[mtlr] resource2 sel8 flags 470 sz 0x1000 -> kr 0x00000000 rid 119 GPUVA 0x10002490000 cpu 110600000
[mtlr]   out: 0000010002490000 0000000110600000 00000001050d1940 0000000000000000
[mtlr]   out: 0000007700000000 0000000000004000 00000002c8ccb7d8 000000000036adc9
[mtlr] resource2 sel8 flags 470 sz 0x1000 -> kr 0x00000000 rid 119 GPUVA 0x10002490000 cpu 110600000
[mtlr]   out: 0000010002490000 0000000110600000 00000001050d1940 0000000000000000
[mtlr]   out: 0000007700000000 0000000000004000 00000002c8ccb7d9 000000000036adca
[mtlr] resource2 sel8 flags 470 sz 0x1000 -> kr 0x00000000 rid 119 GPUVA 0x10002490000 cpu 110600000
[mtlr]   out: 0000010002490000 0000000110600000 00000001050d1940 0000000000000000
[mtlr]   out: 0000007700000000 0000000000004000 00000002c8ccb7da 000000000036adcb
[mtlr] resource2 sel8 flags 470 sz 0x1000 -> kr 0x00000000 rid 119 GPUVA 0x10002490000 cpu 110600000
[mtlr]   out: 0000010002490000 0000000110600000 00000001050d1940 0000000000000000
[mtlr]   out: 0000007700000000 0000000000004000 00000002c8ccb7db 000000000036adcc
[mtlr] resource2 sel8 flags 470 sz 0x1000 -> kr 0x00000000 rid 119 GPUVA 0x10002490000 cpu 110600000
[mtlr]   out: 0000010002490000 0000000110600000 00000001050d1940 0000000000000000
[mtlr]   out: 0000007700000000 0000000000004000 00000002c8ccb7dc 000000000036adcd
[mtlr] resource2 sel8 flags 470 sz 0x1000 -> kr 0x00000000 rid 119 GPUVA 0x10002490000 cpu 110600000
[mtlr]   out: 0000010002490000 0000000110600000 00000001050d1940 0000000000000000
[mtlr]   out: 0000007700000000 0000000000004000 00000002c8ccb7dd 000000000036adce
[mtlr] resource2 sel8 flags 470 sz 0x1000 -> kr 0x00000000 rid 119 GPUVA 0x10002490000 cpu 110600000
[mtlr]   out: 0000010002490000 0000000110600000 00000001050d1940 0000000000000000
[mtlr]   out: 0000007700000000 0000000000004000 00000002c8ccb7de 000000000036adcf
[mtlr] resource2 sel8 flags 470 sz 0x1000 -> kr 0x00000000 rid 119 GPUVA 0x10002490000 cpu 110600000
[mtlr]   out: 0000010002490000 0000000110600000 00000001050d1940 0000000000000000
[mtlr]   out: 0000007700000000 0000000000004000 00000002c8ccb7df 000000000036add0
[mtlr] resource2 sel8 flags 470 sz 0x1000 -> kr 0x00000000 rid 119 GPUVA 0x10002490000 cpu 110600000
[mtlr]   out: 0000010002490000 0000000110600000 00000001050d1940 0000000000000000
[mtlr]   out: 0000007700000000 0000000000004000 00000002c8ccb7e0 000000000036add1
[mtlr] resource2 sel8 flags 470 sz 0x1000 -> kr 0x00000000 rid 119 GPUVA 0x10002490000 cpu 110600000
[mtlr]   out: 0000010002490000 0000000110600000 00000001050d1940 0000000000000000
[mtlr]   out: 0000007700000000 0000000000004000 00000002c8ccb7e1 000000000036add2
[mtlr] resource2 sel8 flags 470 sz 0x1000 -> kr 0x00000000 rid 119 GPUVA 0x10002490000 cpu 110600000
[mtlr]   out: 0000010002490000 0000000110600000 00000001050d1940 0000000000000000
[mtlr]   out: 0000007700000000 0000000000004000 00000002c8ccb7e2 000000000036add3
[mtlr] resource2 sel8 flags 470 sz 0x1000 -> kr 0x00000000 rid 119 GPUVA 0x10002490000 cpu 110600000
[mtlr]   out: 0000010002490000 0000000110600000 00000001050d1940 0000000000000000
[mtlr]   out: 0000007700000000 0000000000004000 00000002c8ccb7e3 000000000036add4
[mtlr] resource2 sel8 flags 470 sz 0x1000 -> kr 0x00000000 rid 119 GPUVA 0x10002490000 cpu 110600000
[mtlr]   out: 0000010002490000 0000000110600000 00000001050d1940 0000000000000000
[mtlr]   out: 0000007700000000 0000000000004000 00000002c8ccb7e4 000000000036add5
[mtlr] resource2 sel8 flags 470 sz 0x1000 -> kr 0x00000000 rid 119 GPUVA 0x10002490000 cpu 110600000
[mtlr]   out: 0000010002490000 0000000110600000 00000001050d1940 0000000000000000
[mtlr]   out: 0000007700000000 0000000000004000 00000002c8ccb7e5 000000000036add6
[mtlr] resource2 sel8 flags 470 sz 0x1000 -> kr 0x00000000 rid 119 GPUVA 0x10002490000 cpu 110600000
[mtlr]   out: 0000010002490000 0000000110600000 00000001050d1940 0000000000000000
[mtlr]   out: 0000007700000000 0000000000004000 00000002c8ccb7e6 000000000036add7
[mtlr] resource2 sel8 flags 470 sz 0x1000 -> kr 0x00000000 rid 119 GPUVA 0x10002490000 cpu 110600000
[mtlr]   out: 0000010002490000 0000000110600000 00000001050d1940 0000000000000000
[mtlr]   out: 0000007700000000 0000000000004000 00000002c8ccb7e7 000000000036add8
[mtlr] resource2 sel8 flags 470 sz 0x1000 -> kr 0x00000000 rid 119 GPUVA 0x10002490000 cpu 110600000
[mtlr]   out: 0000010002490000 0000000110600000 00000001050d1940 0000000000000000
[mtlr]   out: 0000007700000000 0000000000004000 00000002c8ccb7e8 000000000036add9
[mtlr] resource2 sel8 flags 470 sz 0x1000 -> kr 0x00000000 rid 119 GPUVA 0x10002490000 cpu 110600000
[mtlr]   out: 0000010002490000 0000000110600000 00000001050d1940 0000000000000000
[mtlr]   out: 0000007700000000 0000000000004000 00000002c8ccb7e9 000000000036adda
[mtlr] resource2 sel8 flags 470 sz 0x1000 -> kr 0x00000000 rid 119 GPUVA 0x10002490000 cpu 110600000
[mtlr]   out: 0000010002490000 0000000110600000 00000001050d1940 0000000000000000
[mtlr]   out: 0000007700000000 0000000000004000 00000002c8ccb7ea 000000000036addb
[mtlr] resource2 sel8 flags 470 sz 0x1000 -> kr 0x00000000 rid 119 GPUVA 0x10002490000 cpu 110600000
[mtlr]   out: 0000010002490000 0000000110600000 00000001050d1940 0000000000000000
[mtlr]   out: 0000007700000000 0000000000004000 00000002c8ccb7eb 000000000036addc
[mtlr] resource2 sel8 flags 470 sz 0x1000 -> kr 0x00000000 rid 119 GPUVA 0x10002490000 cpu 110600000
[mtlr]   out: 0000010002490000 0000000110600000 00000001050d1940 0000000000000000
[mtlr]   out: 0000007700000000 0000000000004000 00000002c8ccb7ec 000000000036addd
[mtlr] resource2 sel8 flags 470 sz 0x1000 -> kr 0x00000000 rid 119 GPUVA 0x10002490000 cpu 110600000
[mtlr]   out: 0000010002490000 0000000110600000 00000001050d1940 0000000000000000
[mtlr]   out: 0000007700000000 0000000000004000 00000002c8ccb7ed 000000000036adde
[mtlr] resource2 sel8 flags 470 sz 0x1000 -> kr 0x00000000 rid 119 GPUVA 0x10002490000 cpu 110600000
[mtlr]   out: 0000010002490000 0000000110600000 00000001050d1940 0000000000000000
[mtlr]   out: 0000007700000000 0000000000004000 00000002c8ccb7ee 000000000036addf
[mtlr] resource2 sel8 flags 470 sz 0x1000 -> kr 0x00000000 rid 119 GPUVA 0x10002490000 cpu 110600000
[mtlr]   out: 0000010002490000 0000000110600000 00000001050d1940 0000000000000000
[mtlr]   out: 0000007700000000 0000000000004000 00000002c8ccb7ef 000000000036ade0
[mtlr] resource2 sel8 flags 470 sz 0x1000 -> kr 0x00000000 rid 119 GPUVA 0x10002490000 cpu 110600000
[mtlr]   out: 0000010002490000 0000000110600000 00000001050d1940 0000000000000000
[mtlr]   out: 0000007700000000 0000000000004000 00000002c8ccb7f0 000000000036ade1
[mtlr] resource2 sel8 flags 470 sz 0x1000 -> kr 0x00000000 rid 119 GPUVA 0x10002490000 cpu 110600000
[mtlr]   out: 0000010002490000 0000000110600000 00000001050d1940 0000000000000000
[mtlr]   out: 0000007700000000 0000000000004000 00000002c8ccb7f1 000000000036ade2
[mtlr] resource2 sel8 flags 470 sz 0x1000 -> kr 0x00000000 rid 119 GPUVA 0x10002490000 cpu 110600000
[mtlr]   out: 0000010002490000 0000000110600000 00000001050d1940 0000000000000000
[mtlr]   out: 0000007700000000 0000000000004000 00000002c8ccb7f2 000000000036ade3
[mtlr] resource2 sel8 flags 470 sz 0x1000 -> kr 0x00000000 rid 119 GPUVA 0x10002490000 cpu 110600000
[mtlr]   out: 0000010002490000 0000000110600000 00000001050d1940 0000000000000000
[mtlr]   out: 0000007700000000 0000000000004000 00000002c8ccb7f3 000000000036ade4
[mtlr] resource2 sel8 flags 470 sz 0x1000 -> kr 0x00000000 rid 119 GPUVA 0x10002490000 cpu 110600000
[mtlr]   out: 0000010002490000 0000000110600000 00000001050d1940 0000000000000000
[mtlr]   out: 0000007700000000 0000000000004000 00000002c8ccb7f4 000000000036ade5
[mtlr] resource2 sel8 flags 470 sz 0x1000 -> kr 0x00000000 rid 119 GPUVA 0x10002490000 cpu 110600000
[mtlr]   out: 0000010002490000 0000000110600000 00000001050d1940 0000000000000000
[mtlr]   out: 0000007700000000 0000000000004000 00000002c8ccb7f5 000000000036ade6
[mtlr] resource2 sel8 flags 470 sz 0x1000 -> kr 0x00000000 rid 119 GPUVA 0x10002490000 cpu 110600000
[mtlr]   out: 0000010002490000 0000000110600000 00000001050d1940 0000000000000000
[mtlr]   out: 0000007700000000 0000000000004000 00000002c8ccb7f6 000000000036ade7
[uatrec] S4 r0 (+0s): nvv 8 ncb 8 vsz 0x100000 fill 0x0 destroy0 kr 0x00000000 nj 40
[uatrec] S4 r0 blit[0] slots 12 ridp 1
[uatrec] S4 r0 blit[1] slots 10 ridp 1
[uatrec] S4 r0 blit[2] slots 11 ridp 1
[uatrec] S4 r0 blit[3] slots 10 ridp 1
[uatrec] S4 r0 blit[4] slots 10 ridp 1
[uatrec] S4 r0 blit[5] slots 10 ridp 1
[uatrec] S4 r0 blit[6] slots 10 ridp 1
[uatrec] S4 r0 blit[7] slots 10 ridp 1
[mtlr] resource2 sel8 flags 470 sz 0x100000 -> kr 0x00000000 rid 119 GPUVA 0x10002490000 cpu 111ef8000
[mtlr]   out: 0000010002490000 0000000111ef8000 00000001050d1940 0000000000000000
[mtlr]   out: 0000007700000000 0000000000100000 00000002c8ccb926 000000000036adea
[uatrec] S4 r1 victim[0] rid 119 gpuva 0x10002490000 cpu 0x111ef8000 (top-of-stack)
[mtlr] resource2 sel8 flags 470 sz 0x100000 -> kr 0x00000000 rid 120 GPUVA 0x10002598000 cpu 10d238000
[mtlr]   out: 0000010002598000 000000010d238000 00000001050d1a00 0000000000000000
[mtlr]   out: 0000007800000000 0000000000100000 00000002c8ccb927 000000000036adeb
[uatrec] S4 r1 victim[1] rid 120 gpuva 0x10002598000 cpu 0x10d238000 (top-of-stack)
[mtlr] resource2 sel8 flags 470 sz 0x100000 -> kr 0x00000000 rid 121 GPUVA 0x100026a0000 cpu 10d338000
[mtlr]   out: 00000100026a0000 000000010d338000 00000001050d1ac0 0000000000000000
[mtlr]   out: 0000007900000000 0000000000100000 00000002c8ccb929 000000000036adec
[uatrec] S4 r1 victim[2] rid 121 gpuva 0x100026a0000 cpu 0x10d338000 (top-of-stack)
[mtlr] resource2 sel8 flags 470 sz 0x100000 -> kr 0x00000000 rid 122 GPUVA 0x100027a8000 cpu 10d438000
[mtlr]   out: 00000100027a8000 000000010d438000 00000001050d1b80 0000000000000000
[mtlr]   out: 0000007a00000000 0000000000100000 00000002c8ccb93b 000000000036aded
[uatrec] S4 r1 victim[3] rid 122 gpuva 0x100027a8000 cpu 0x10d438000 (top-of-stack)
[mtlr] resource2 sel8 flags 470 sz 0x100000 -> kr 0x00000000 rid 123 GPUVA 0x100028b0000 cpu 10d538000
[mtlr]   out: 00000100028b0000 000000010d538000 00000001050d1c40 0000000000000000
[mtlr]   out: 0000007b00000000 0000000000100000 00000002c8ccb963 000000000036adee
[uatrec] S4 r1 victim[4] rid 123 gpuva 0x100028b0000 cpu 0x10d538000 (top-of-stack)
[mtlr] resource2 sel8 flags 470 sz 0x100000 -> kr 0x00000000 rid 124 GPUVA 0x100029b8000 cpu 10d638000
[mtlr]   out: 00000100029b8000 000000010d638000 00000001050d1d00 0000000000000000
[mtlr]   out: 0000007c00000000 0000000000100000 00000002c8ccb964 000000000036adef
[uatrec] S4 r1 victim[5] rid 124 gpuva 0x100029b8000 cpu 0x10d638000 (top-of-stack)
[mtlr] resource2 sel8 flags 470 sz 0x100000 -> kr 0x00000000 rid 125 GPUVA 0x10002ac0000 cpu 10d738000
[mtlr]   out: 0000010002ac0000 000000010d738000 00000001050d1dc0 0000000000000000
[mtlr]   out: 0000007d00000000 0000000000100000 00000002c8ccb965 000000000036adf0
[uatrec] S4 r1 victim[6] rid 125 gpuva 0x10002ac0000 cpu 0x10d738000 (top-of-stack)
[mtlr] resource2 sel8 flags 470 sz 0x100000 -> kr 0x00000000 rid 126 GPUVA 0x10002bc8000 cpu 10d838000
[mtlr]   out: 0000010002bc8000 000000010d838000 00000001050d1e80 0000000000000000
[mtlr]   out: 0000007e00000000 0000000000100000 00000002c8ccb966 000000000036adf1
[uatrec] S4 r1 victim[7] rid 126 gpuva 0x10002bc8000 cpu 0x10d838000 (top-of-stack)
[mtlr] resource2 sel8 flags 470 sz 0x1000 -> kr 0x00000000 rid 119 GPUVA 0x10003998000 cpu 10e4d8000
[mtlr]   out: 0000010003998000 000000010e4d8000 00000001050d6500 0000000000000000
[mtlr]   out: 0000007700000000 0000000000004000 00000002c8ccb9f2 000000000036ae43
[mtlr] resource2 sel8 flags 470 sz 0x1000 -> kr 0x00000000 rid 119 GPUVA 0x10003998000 cpu 10e4d8000
[mtlr]   out: 0000010003998000 000000010e4d8000 00000001050d6500 0000000000000000
[mtlr]   out: 0000007700000000 0000000000004000 00000002c8ccb9f3 000000000036ae44
[mtlr] resource2 sel8 flags 470 sz 0x1000 -> kr 0x00000000 rid 119 GPUVA 0x10003998000 cpu 10e4d8000
[mtlr]   out: 0000010003998000 000000010e4d8000 00000001050d6500 0000000000000000
[mtlr]   out: 0000007700000000 0000000000004000 00000002c8ccb9f4 000000000036ae45
[mtlr] resource2 sel8 flags 470 sz 0x1000 -> kr 0x00000000 rid 119 GPUVA 0x10003998000 cpu 10e4d8000
[mtlr]   out: 0000010003998000 000000010e4d8000 00000001050d6500 0000000000000000
[mtlr]   out: 0000007700000000 0000000000004000 00000002c8ccb9f5 000000000036ae46
[mtlr] resource2 sel8 flags 470 sz 0x1000 -> kr 0x00000000 rid 119 GPUVA 0x10003998000 cpu 10e4d8000
[mtlr]   out: 0000010003998000 000000010e4d8000 00000001050d6500 0000000000000000
[mtlr]   out: 0000007700000000 0000000000004000 00000002c8ccb9f6 000000000036ae47
[mtlr] resource2 sel8 flags 470 sz 0x1000 -> kr 0x00000000 rid 119 GPUVA 0x10003998000 cpu 10e4d8000
[mtlr]   out: 0000010003998000 000000010e4d8000 00000001050d6500 0000000000000000
[mtlr]   out: 0000007700000000 0000000000004000 00000002c8ccb9f7 000000000036ae48
[mtlr] resource2 sel8 flags 470 sz 0x1000 -> kr 0x00000000 rid 119 GPUVA 0x10003998000 cpu 10e4d8000
[mtlr]   out: 0000010003998000 000000010e4d8000 00000001050d6500 0000000000000000
[mtlr]   out: 0000007700000000 0000000000004000 00000002c8ccb9f8 000000000036ae49
[mtlr] resource2 sel8 flags 470 sz 0x1000 -> kr 0x00000000 rid 119 GPUVA 0x10003998000 cpu 10e4d8000
[mtlr]   out: 0000010003998000 000000010e4d8000 00000001050d6500 0000000000000000
[mtlr]   out: 0000007700000000 0000000000004000 00000002c8ccb9f9 000000000036ae4a
[mtlr] resource2 sel8 flags 470 sz 0x1000 -> kr 0x00000000 rid 119 GPUVA 0x10003998000 cpu 10e4d8000
[mtlr]   out: 0000010003998000 000000010e4d8000 00000001050d6500 0000000000000000
[mtlr]   out: 0000007700000000 0000000000004000 00000002c8ccb9fa 000000000036ae4b
[mtlr] resource2 sel8 flags 470 sz 0x1000 -> kr 0x00000000 rid 119 GPUVA 0x10003998000 cpu 10e4d8000
[mtlr]   out: 0000010003998000 000000010e4d8000 00000001050d6500 0000000000000000
[mtlr]   out: 0000007700000000 0000000000004000 00000002c8ccb9fb 000000000036ae4c
[mtlr] resource2 sel8 flags 470 sz 0x1000 -> kr 0x00000000 rid 119 GPUVA 0x10003998000 cpu 10e4d8000
[mtlr]   out: 0000010003998000 000000010e4d8000 00000001050d6500 0000000000000000
[mtlr]   out: 0000007700000000 0000000000004000 00000002c8ccb9fc 000000000036ae4d
[mtlr] resource2 sel8 flags 470 sz 0x1000 -> kr 0x00000000 rid 119 GPUVA 0x10003998000 cpu 10e4d8000
[mtlr]   out: 0000010003998000 000000010e4d8000 00000001050d6500 0000000000000000
[mtlr]   out: 0000007700000000 0000000000004000 00000002c8ccb9fd 000000000036ae4e
[mtlr] resource2 sel8 flags 470 sz 0x1000 -> kr 0x00000000 rid 119 GPUVA 0x10003998000 cpu 10e4d8000
[mtlr]   out: 0000010003998000 000000010e4d8000 00000001050d6500 0000000000000000
[mtlr]   out: 0000007700000000 0000000000004000 00000002c8ccb9fe 000000000036ae4f
[mtlr] resource2 sel8 flags 470 sz 0x1000 -> kr 0x00000000 rid 119 GPUVA 0x10003998000 cpu 10e4d8000
[mtlr]   out: 0000010003998000 000000010e4d8000 00000001050d6500 0000000000000000
[mtlr]   out: 0000007700000000 0000000000004000 00000002c8ccb9ff 000000000036ae50
[mtlr] resource2 sel8 flags 470 sz 0x1000 -> kr 0x00000000 rid 119 GPUVA 0x10003998000 cpu 10e4d8000
[mtlr]   out: 0000010003998000 000000010e4d8000 00000001050d6500 0000000000000000
[mtlr]   out: 0000007700000000 0000000000004000 00000002c8ccba00 000000000036ae51
[mtlr] resource2 sel8 flags 470 sz 0x1000 -> kr 0x00000000 rid 119 GPUVA 0x10003998000 cpu 10e4d8000
[mtlr]   out: 0000010003998000 000000010e4d8000 00000001050d6500 0000000000000000
[mtlr]   out: 0000007700000000 0000000000004000 00000002c8ccba01 000000000036ae52
[mtlr] resource2 sel8 flags 470 sz 0x1000 -> kr 0x00000000 rid 119 GPUVA 0x10003998000 cpu 10e4d8000
[mtlr]   out: 0000010003998000 000000010e4d8000 00000001050d6500 0000000000000000
[mtlr]   out: 0000007700000000 0000000000004000 00000002c8ccba02 000000000036ae53
[mtlr] resource2 sel8 flags 470 sz 0x1000 -> kr 0x00000000 rid 119 GPUVA 0x10003998000 cpu 10e4d8000
[mtlr]   out: 0000010003998000 000000010e4d8000 00000001050d6500 0000000000000000
[mtlr]   out: 0000007700000000 0000000000004000 00000002c8ccba03 000000000036ae54
[mtlr] resource2 sel8 flags 470 sz 0x1000 -> kr 0x00000000 rid 119 GPUVA 0x10003998000 cpu 10e4d8000
[mtlr]   out: 0000010003998000 000000010e4d8000 00000001050d6500 0000000000000000
[mtlr]   out: 0000007700000000 0000000000004000 00000002c8ccba04 000000000036ae55
[mtlr] resource2 sel8 flags 470 sz 0x1000 -> kr 0x00000000 rid 119 GPUVA 0x10003998000 cpu 10e4d8000
[mtlr]   out: 0000010003998000 000000010e4d8000 00000001050d6500 0000000000000000
[mtlr]   out: 0000007700000000 0000000000004000 00000002c8ccba05 000000000036ae56
[mtlr] resource2 sel8 flags 470 sz 0x1000 -> kr 0x00000000 rid 119 GPUVA 0x10003998000 cpu 10e4d8000
[mtlr]   out: 0000010003998000 000000010e4d8000 00000001050d6500 0000000000000000
[mtlr]   out: 0000007700000000 0000000000004000 00000002c8ccba06 000000000036ae57
[mtlr] resource2 sel8 flags 470 sz 0x1000 -> kr 0x00000000 rid 119 GPUVA 0x10003998000 cpu 10e4d8000
[mtlr]   out: 0000010003998000 000000010e4d8000 00000001050d6500 0000000000000000
[mtlr]   out: 0000007700000000 0000000000004000 00000002c8ccba07 000000000036ae58
[mtlr] resource2 sel8 flags 470 sz 0x1000 -> kr 0x00000000 rid 119 GPUVA 0x10003998000 cpu 10e4d8000
[mtlr]   out: 0000010003998000 000000010e4d8000 00000001050d6500 0000000000000000
[mtlr]   out: 0000007700000000 0000000000004000 00000002c8ccba08 000000000036ae59
[mtlr] resource2 sel8 flags 470 sz 0x1000 -> kr 0x00000000 rid 119 GPUVA 0x10003998000 cpu 10e4d8000
[mtlr]   out: 0000010003998000 000000010e4d8000 00000001050d6500 0000000000000000
[mtlr]   out: 0000007700000000 0000000000004000 00000002c8ccba09 000000000036ae5a
[mtlr] resource2 sel8 flags 470 sz 0x1000 -> kr 0x00000000 rid 119 GPUVA 0x10003998000 cpu 10e4d8000
[mtlr]   out: 0000010003998000 000000010e4d8000 00000001050d6500 0000000000000000
[mtlr]   out: 0000007700000000 0000000000004000 00000002c8ccba0a 000000000036ae5b
[mtlr] resource2 sel8 flags 470 sz 0x1000 -> kr 0x00000000 rid 119 GPUVA 0x10003998000 cpu 10e4d8000
[mtlr]   out: 0000010003998000 000000010e4d8000 00000001050d6500 0000000000000000
[mtlr]   out: 0000007700000000 0000000000004000 00000002c8ccba0b 000000000036ae5c
[mtlr] resource2 sel8 flags 470 sz 0x1000 -> kr 0x00000000 rid 119 GPUVA 0x10003998000 cpu 10e4d8000
[mtlr]   out: 0000010003998000 000000010e4d8000 00000001050d6500 0000000000000000
[mtlr]   out: 0000007700000000 0000000000004000 00000002c8ccba0c 000000000036ae5d
[mtlr] resource2 sel8 flags 470 sz 0x1000 -> kr 0x00000000 rid 119 GPUVA 0x10003998000 cpu 10e4d8000
[mtlr]   out: 0000010003998000 000000010e4d8000 00000001050d6500 0000000000000000
[mtlr]   out: 0000007700000000 0000000000004000 00000002c8ccba0d 000000000036ae5e
[mtlr] resource2 sel8 flags 470 sz 0x1000 -> kr 0x00000000 rid 119 GPUVA 0x10003998000 cpu 10e4d8000
[mtlr]   out: 0000010003998000 000000010e4d8000 00000001050d6500 0000000000000000
[mtlr]   out: 0000007700000000 0000000000004000 00000002c8ccba0e 000000000036ae5f
[mtlr] resource2 sel8 flags 470 sz 0x1000 -> kr 0x00000000 rid 119 GPUVA 0x10003998000 cpu 10e4d8000
[mtlr]   out: 0000010003998000 000000010e4d8000 00000001050d6500 0000000000000000
[mtlr]   out: 0000007700000000 0000000000004000 00000002c8ccba0f 000000000036ae60
[mtlr] resource2 sel8 flags 470 sz 0x1000 -> kr 0x00000000 rid 119 GPUVA 0x10003998000 cpu 10e4d8000
[mtlr]   out: 0000010003998000 000000010e4d8000 00000001050d6500 0000000000000000
[mtlr]   out: 0000007700000000 0000000000004000 00000002c8ccba10 000000000036ae61
[mtlr] resource2 sel8 flags 470 sz 0x1000 -> kr 0x00000000 rid 119 GPUVA 0x10003998000 cpu 10e4d8000
[mtlr]   out: 0000010003998000 000000010e4d8000 00000001050d6500 0000000000000000
[mtlr]   out: 0000007700000000 0000000000004000 00000002c8ccba11 000000000036ae62
[mtlr] resource2 sel8 flags 470 sz 0x1000 -> kr 0x00000000 rid 119 GPUVA 0x10003998000 cpu 10e4d8000
[mtlr]   out: 0000010003998000 000000010e4d8000 00000001050d6500 0000000000000000
[mtlr]   out: 0000007700000000 0000000000004000 00000002c8ccba12 000000000036ae63
[mtlr] resource2 sel8 flags 470 sz 0x1000 -> kr 0x00000000 rid 119 GPUVA 0x10003998000 cpu 10e4d8000
[mtlr]   out: 0000010003998000 000000010e4d8000 00000001050d6500 0000000000000000
[mtlr]   out: 0000007700000000 0000000000004000 00000002c8ccba13 000000000036ae64
[mtlr] resource2 sel8 flags 470 sz 0x1000 -> kr 0x00000000 rid 119 GPUVA 0x10003998000 cpu 10e4d8000
[mtlr]   out: 0000010003998000 000000010e4d8000 00000001050d6500 0000000000000000
[mtlr]   out: 0000007700000000 0000000000004000 00000002c8ccba14 000000000036ae65
[mtlr] resource2 sel8 flags 470 sz 0x1000 -> kr 0x00000000 rid 119 GPUVA 0x10003998000 cpu 10e4d8000
[mtlr]   out: 0000010003998000 000000010e4d8000 00000001050d6500 0000000000000000
[mtlr]   out: 0000007700000000 0000000000004000 00000002c8ccba15 000000000036ae66
[mtlr] resource2 sel8 flags 470 sz 0x1000 -> kr 0x00000000 rid 119 GPUVA 0x10003998000 cpu 10e4d8000
[mtlr]   out: 0000010003998000 000000010e4d8000 00000001050d6500 0000000000000000
[mtlr]   out: 0000007700000000 0000000000004000 00000002c8ccba16 000000000036ae67
[mtlr] resource2 sel8 flags 470 sz 0x1000 -> kr 0x00000000 rid 119 GPUVA 0x10003998000 cpu 10e4d8000
[mtlr]   out: 0000010003998000 000000010e4d8000 00000001050d6500 0000000000000000
[mtlr]   out: 0000007700000000 0000000000004000 00000002c8ccba17 000000000036ae68
[mtlr] resource2 sel8 flags 470 sz 0x1000 -> kr 0x00000000 rid 119 GPUVA 0x10003998000 cpu 10e4d8000
[mtlr]   out: 0000010003998000 000000010e4d8000 00000001050d6500 0000000000000000
[mtlr]   out: 0000007700000000 0000000000004000 00000002c8ccba18 000000000036ae69
[mtlr] resource2 sel8 flags 470 sz 0x1000 -> kr 0x00000000 rid 119 GPUVA 0x10003998000 cpu 10e4d8000
[mtlr]   out: 0000010003998000 000000010e4d8000 00000001050d6500 0000000000000000
[mtlr]   out: 0000007700000000 0000000000004000 00000002c8ccba19 000000000036ae6a
[uatrec] S4 r1 (+0s): nvv 8 ncb 8 vsz 0x100000 fill 0x0 destroy0 kr 0x00000000 nj 40
[uatrec] S4 r1 blit[0] slots 10 ridp 1
[uatrec] S4 r1 blit[1] slots 9 ridp 1
[uatrec] S4 r1 blit[2] slots 9 ridp 1
[uatrec] S4 r1 blit[3] slots 9 ridp 1
[uatrec] S4 r1 blit[4] slots 10 ridp 1
[uatrec] S4 r1 blit[5] slots 9 ridp 1
[uatrec] S4 r1 blit[6] slots 9 ridp 1
[uatrec] S4 r1 blit[7] slots 9 ridp 1
[mtlr] resource2 sel8 flags 470 sz 0x100000 -> kr 0x00000000 rid 119 GPUVA 0x10002490000 cpu 10da44000
[mtlr]   out: 0000010002490000 000000010da44000 00000001050d1940 0000000000000000
[mtlr]   out: 0000007700000000 0000000000100000 00000002c8ccbb78 000000000036ae6d
[uatrec] S4 r2 victim[0] rid 119 gpuva 0x10002490000 cpu 0x10da44000 (top-of-stack)
[mtlr] resource2 sel8 flags 470 sz 0x100000 -> kr 0x00000000 rid 120 GPUVA 0x10002598000 cpu 10dca0000
[mtlr]   out: 0000010002598000 000000010dca0000 00000001050d1a00 0000000000000000
[mtlr]   out: 0000007800000000 0000000000100000 00000002c8ccbb79 000000000036ae6e
[uatrec] S4 r2 victim[1] rid 120 gpuva 0x10002598000 cpu 0x10dca0000 (top-of-stack)
[mtlr] resource2 sel8 flags 470 sz 0x100000 -> kr 0x00000000 rid 121 GPUVA 0x100026a0000 cpu 10de10000
[mtlr]   out: 00000100026a0000 000000010de10000 00000001050d1ac0 0000000000000000
[mtlr]   out: 0000007900000000 0000000000100000 00000002c8ccbb7a 000000000036ae6f
[uatrec] S4 r2 victim[2] rid 121 gpuva 0x100026a0000 cpu 0x10de10000 (top-of-stack)
[mtlr] resource2 sel8 flags 470 sz 0x100000 -> kr 0x00000000 rid 122 GPUVA 0x100027a8000 cpu 10df80000
[mtlr]   out: 00000100027a8000 000000010df80000 00000001050d1b80 0000000000000000
[mtlr]   out: 0000007a00000000 0000000000100000 00000002c8ccbb7b 000000000036ae70
[uatrec] S4 r2 victim[3] rid 122 gpuva 0x100027a8000 cpu 0x10df80000 (top-of-stack)
[mtlr] resource2 sel8 flags 470 sz 0x100000 -> kr 0x00000000 rid 123 GPUVA 0x100028b0000 cpu 10d240000
[mtlr]   out: 00000100028b0000 000000010d240000 00000001050d1c40 0000000000000000
[mtlr]   out: 0000007b00000000 0000000000100000 00000002c8ccbb7c 000000000036ae71
[uatrec] S4 r2 victim[4] rid 123 gpuva 0x100028b0000 cpu 0x10d240000 (top-of-stack)
[mtlr] resource2 sel8 flags 470 sz 0x100000 -> kr 0x00000000 rid 124 GPUVA 0x100029b8000 cpu 10d340000
[mtlr]   out: 00000100029b8000 000000010d340000 00000001050d1d00 0000000000000000
[mtlr]   out: 0000007c00000000 0000000000100000 00000002c8ccbb84 000000000036ae72
[uatrec] S4 r2 victim[5] rid 124 gpuva 0x100029b8000 cpu 0x10d340000 (top-of-stack)
[mtlr] resource2 sel8 flags 470 sz 0x100000 -> kr 0x00000000 rid 125 GPUVA 0x10002ac0000 cpu 10d440000
[mtlr]   out: 0000010002ac0000 000000010d440000 00000001050d1dc0 0000000000000000
[mtlr]   out: 0000007d00000000 0000000000100000 00000002c8ccbb85 000000000036ae73
[uatrec] S4 r2 victim[6] rid 125 gpuva 0x10002ac0000 cpu 0x10d440000 (top-of-stack)
[mtlr] resource2 sel8 flags 470 sz 0x100000 -> kr 0x00000000 rid 126 GPUVA 0x10002bc8000 cpu 10d540000
[mtlr]   out: 0000010002bc8000 000000010d540000 00000001050d1e80 0000000000000000
[mtlr]   out: 0000007e00000000 0000000000100000 00000002c8ccbb86 000000000036ae74
[uatrec] S4 r2 victim[7] rid 126 gpuva 0x10002bc8000 cpu 0x10d540000 (top-of-stack)
[mtlr] resource2 sel8 flags 470 sz 0x1000 -> kr 0x00000000 rid 119 GPUVA 0x10003998000 cpu 10d940000
[mtlr]   out: 0000010003998000 000000010d940000 00000001050d6500 0000000000000000
[mtlr]   out: 0000007700000000 0000000000004000 00000002c8ccbb98 000000000036ae7e
[mtlr] resource2 sel8 flags 470 sz 0x1000 -> kr 0x00000000 rid 119 GPUVA 0x10003998000 cpu 10d940000
[mtlr]   out: 0000010003998000 000000010d940000 00000001050d6500 0000000000000000
[mtlr]   out: 0000007700000000 0000000000004000 00000002c8ccbb99 000000000036ae7f
[mtlr] resource2 sel8 flags 470 sz 0x1000 -> kr 0x00000000 rid 119 GPUVA 0x10003998000 cpu 10d940000
[mtlr]   out: 0000010003998000 000000010d940000 00000001050d6500 0000000000000000
[mtlr]   out: 0000007700000000 0000000000004000 00000002c8ccbb9a 000000000036ae80
[mtlr] resource2 sel8 flags 470 sz 0x1000 -> kr 0x00000000 rid 119 GPUVA 0x10003998000 cpu 10d940000
[mtlr]   out: 0000010003998000 000000010d940000 00000001050d6500 0000000000000000
[mtlr]   out: 0000007700000000 0000000000004000 00000002c8ccbb9b 000000000036ae81
[mtlr] resource2 sel8 flags 470 sz 0x1000 -> kr 0x00000000 rid 119 GPUVA 0x10003998000 cpu 10d940000
[mtlr]   out: 0000010003998000 000000010d940000 00000001050d6500 0000000000000000
[mtlr]   out: 0000007700000000 0000000000004000 00000002c8ccbb9c 000000000036ae82
[mtlr] resource2 sel8 flags 470 sz 0x1000 -> kr 0x00000000 rid 119 GPUVA 0x10003998000 cpu 10d940000
[mtlr]   out: 0000010003998000 000000010d940000 00000001050d6500 0000000000000000
[mtlr]   out: 0000007700000000 0000000000004000 00000002c8ccbb9d 000000000036ae83
[mtlr] resource2 sel8 flags 470 sz 0x1000 -> kr 0x00000000 rid 119 GPUVA 0x10003998000 cpu 10d940000
[mtlr]   out: 0000010003998000 000000010d940000 00000001050d6500 0000000000000000
[mtlr]   out: 0000007700000000 0000000000004000 00000002c8ccbb9e 000000000036ae84
[mtlr] resource2 sel8 flags 470 sz 0x1000 -> kr 0x00000000 rid 119 GPUVA 0x10003998000 cpu 10d940000
[mtlr]   out: 0000010003998000 000000010d940000 00000001050d6500 0000000000000000
[mtlr]   out: 0000007700000000 0000000000004000 00000002c8ccbb9f 000000000036ae85
[mtlr] resource2 sel8 flags 470 sz 0x1000 -> kr 0x00000000 rid 119 GPUVA 0x10003998000 cpu 10d940000
[mtlr]   out: 0000010003998000 000000010d940000 00000001050d6500 0000000000000000
[mtlr]   out: 0000007700000000 0000000000004000 00000002c8ccbba0 000000000036ae86
[mtlr] resource2 sel8 flags 470 sz 0x1000 -> kr 0x00000000 rid 119 GPUVA 0x10003998000 cpu 10d940000
[mtlr]   out: 0000010003998000 000000010d940000 00000001050d6500 0000000000000000
[mtlr]   out: 0000007700000000 0000000000004000 00000002c8ccbba1 000000000036ae87
[mtlr] resource2 sel8 flags 470 sz 0x1000 -> kr 0x00000000 rid 119 GPUVA 0x10003998000 cpu 10d940000
[mtlr]   out: 0000010003998000 000000010d940000 00000001050d6500 0000000000000000
[mtlr]   out: 0000007700000000 0000000000004000 00000002c8ccbba2 000000000036ae88
[mtlr] resource2 sel8 flags 470 sz 0x1000 -> kr 0x00000000 rid 119 GPUVA 0x10003998000 cpu 10d940000
[mtlr]   out: 0000010003998000 000000010d940000 00000001050d6500 0000000000000000
[mtlr]   out: 0000007700000000 0000000000004000 00000002c8ccbba3 000000000036ae89
[mtlr] resource2 sel8 flags 470 sz 0x1000 -> kr 0x00000000 rid 119 GPUVA 0x10003998000 cpu 10d940000
[mtlr]   out: 0000010003998000 000000010d940000 00000001050d6500 0000000000000000
[mtlr]   out: 0000007700000000 0000000000004000 00000002c8ccbba4 000000000036ae8a
[mtlr] resource2 sel8 flags 470 sz 0x1000 -> kr 0x00000000 rid 119 GPUVA 0x10003998000 cpu 10d940000
[mtlr]   out: 0000010003998000 000000010d940000 00000001050d6500 0000000000000000
[mtlr]   out: 0000007700000000 0000000000004000 00000002c8ccbba5 000000000036ae8b
[mtlr] resource2 sel8 flags 470 sz 0x1000 -> kr 0x00000000 rid 119 GPUVA 0x10003998000 cpu 10d940000
[mtlr]   out: 0000010003998000 000000010d940000 00000001050d6500 0000000000000000
[mtlr]   out: 0000007700000000 0000000000004000 00000002c8ccbba6 000000000036ae8c
[mtlr] resource2 sel8 flags 470 sz 0x1000 -> kr 0x00000000 rid 119 GPUVA 0x10003998000 cpu 10d940000
[mtlr]   out: 0000010003998000 000000010d940000 00000001050d6500 0000000000000000
[mtlr]   out: 0000007700000000 0000000000004000 00000002c8ccbba7 000000000036ae8d
[mtlr] resource2 sel8 flags 470 sz 0x1000 -> kr 0x00000000 rid 119 GPUVA 0x10003998000 cpu 10d940000
[mtlr]   out: 0000010003998000 000000010d940000 00000001050d6500 0000000000000000
[mtlr]   out: 0000007700000000 0000000000004000 00000002c8ccbba8 000000000036ae8e
[mtlr] resource2 sel8 flags 470 sz 0x1000 -> kr 0x00000000 rid 119 GPUVA 0x10003998000 cpu 10d940000
[mtlr]   out: 0000010003998000 000000010d940000 00000001050d6500 0000000000000000
[mtlr]   out: 0000007700000000 0000000000004000 00000002c8ccbba9 000000000036ae8f
[mtlr] resource2 sel8 flags 470 sz 0x1000 -> kr 0x00000000 rid 119 GPUVA 0x10003998000 cpu 10d940000
[mtlr]   out: 0000010003998000 000000010d940000 00000001050d6500 0000000000000000
[mtlr]   out: 0000007700000000 0000000000004000 00000002c8ccbbaa 000000000036ae90
[mtlr] resource2 sel8 flags 470 sz 0x1000 -> kr 0x00000000 rid 119 GPUVA 0x10003998000 cpu 10d940000
[mtlr]   out: 0000010003998000 000000010d940000 00000001050d6500 0000000000000000
[mtlr]   out: 0000007700000000 0000000000004000 00000002c8ccbbab 000000000036ae91
[mtlr] resource2 sel8 flags 470 sz 0x1000 -> kr 0x00000000 rid 119 GPUVA 0x10003998000 cpu 10d940000
[mtlr]   out: 0000010003998000 000000010d940000 00000001050d6500 0000000000000000
[mtlr]   out: 0000007700000000 0000000000004000 00000002c8ccbbac 000000000036ae92
[mtlr] resource2 sel8 flags 470 sz 0x1000 -> kr 0x00000000 rid 119 GPUVA 0x10003998000 cpu 10d940000
[mtlr]   out: 0000010003998000 000000010d940000 00000001050d6500 0000000000000000
[mtlr]   out: 0000007700000000 0000000000004000 00000002c8ccbbad 000000000036ae93
[mtlr] resource2 sel8 flags 470 sz 0x1000 -> kr 0x00000000 rid 119 GPUVA 0x10003998000 cpu 10d940000
[mtlr]   out: 0000010003998000 000000010d940000 00000001050d6500 0000000000000000
[mtlr]   out: 0000007700000000 0000000000004000 00000002c8ccbbae 000000000036ae94
[mtlr] resource2 sel8 flags 470 sz 0x1000 -> kr 0x00000000 rid 119 GPUVA 0x10003998000 cpu 10d940000
[mtlr]   out: 0000010003998000 000000010d940000 00000001050d6500 0000000000000000
[mtlr]   out: 0000007700000000 0000000000004000 00000002c8ccbbaf 000000000036ae95
[mtlr] resource2 sel8 flags 470 sz 0x1000 -> kr 0x00000000 rid 119 GPUVA 0x10003998000 cpu 10d940000
[mtlr]   out: 0000010003998000 000000010d940000 00000001050d6500 0000000000000000
[mtlr]   out: 0000007700000000 0000000000004000 00000002c8ccbbb0 000000000036ae96
[mtlr] resource2 sel8 flags 470 sz 0x1000 -> kr 0x00000000 rid 119 GPUVA 0x10003998000 cpu 10d940000
[mtlr]   out: 0000010003998000 000000010d940000 00000001050d6500 0000000000000000
[mtlr]   out: 0000007700000000 0000000000004000 00000002c8ccbbb1 000000000036ae97
[mtlr] resource2 sel8 flags 470 sz 0x1000 -> kr 0x00000000 rid 119 GPUVA 0x10003998000 cpu 10d940000
[mtlr]   out: 0000010003998000 000000010d940000 00000001050d6500 0000000000000000
[mtlr]   out: 0000007700000000 0000000000004000 00000002c8ccbbb2 000000000036ae98
[mtlr] resource2 sel8 flags 470 sz 0x1000 -> kr 0x00000000 rid 119 GPUVA 0x10003998000 cpu 10d940000
[mtlr]   out: 0000010003998000 000000010d940000 00000001050d6500 0000000000000000
[mtlr]   out: 0000007700000000 0000000000004000 00000002c8ccbbb3 000000000036ae99
[mtlr] resource2 sel8 flags 470 sz 0x1000 -> kr 0x00000000 rid 119 GPUVA 0x10003998000 cpu 10d940000
[mtlr]   out: 0000010003998000 000000010d940000 00000001050d6500 0000000000000000
[mtlr]   out: 0000007700000000 0000000000004000 00000002c8ccbbb4 000000000036ae9a
[mtlr] resource2 sel8 flags 470 sz 0x1000 -> kr 0x00000000 rid 119 GPUVA 0x10003998000 cpu 10d940000
[mtlr]   out: 0000010003998000 000000010d940000 00000001050d6500 0000000000000000
[mtlr]   out: 0000007700000000 0000000000004000 00000002c8ccbbb5 000000000036ae9b
[mtlr] resource2 sel8 flags 470 sz 0x1000 -> kr 0x00000000 rid 119 GPUVA 0x10003998000 cpu 10d940000
[mtlr]   out: 0000010003998000 000000010d940000 00000001050d6500 0000000000000000
[mtlr]   out: 0000007700000000 0000000000004000 00000002c8ccbbb6 000000000036ae9c
[mtlr] resource2 sel8 flags 470 sz 0x1000 -> kr 0x00000000 rid 119 GPUVA 0x10003998000 cpu 10d940000
[mtlr]   out: 0000010003998000 000000010d940000 00000001050d6500 0000000000000000
[mtlr]   out: 0000007700000000 0000000000004000 00000002c8ccbbb7 000000000036ae9d
[mtlr] resource2 sel8 flags 470 sz 0x1000 -> kr 0x00000000 rid 119 GPUVA 0x10003998000 cpu 10d940000
[mtlr]   out: 0000010003998000 000000010d940000 00000001050d6500 0000000000000000
[mtlr]   out: 0000007700000000 0000000000004000 00000002c8ccbbb8 000000000036ae9e
[mtlr] resource2 sel8 flags 470 sz 0x1000 -> kr 0x00000000 rid 119 GPUVA 0x10003998000 cpu 10d940000
[mtlr]   out: 0000010003998000 000000010d940000 00000001050d6500 0000000000000000
[mtlr]   out: 0000007700000000 0000000000004000 00000002c8ccbbb9 000000000036ae9f
[mtlr] resource2 sel8 flags 470 sz 0x1000 -> kr 0x00000000 rid 119 GPUVA 0x10003998000 cpu 10d940000
[mtlr]   out: 0000010003998000 000000010d940000 00000001050d6500 0000000000000000
[mtlr]   out: 0000007700000000 0000000000004000 00000002c8ccbbba 000000000036aea0
[mtlr] resource2 sel8 flags 470 sz 0x1000 -> kr 0x00000000 rid 119 GPUVA 0x10003998000 cpu 10d940000
[mtlr]   out: 0000010003998000 000000010d940000 00000001050d6500 0000000000000000
[mtlr]   out: 0000007700000000 0000000000004000 00000002c8ccbbbb 000000000036aea1
[mtlr] resource2 sel8 flags 470 sz 0x1000 -> kr 0x00000000 rid 119 GPUVA 0x10003998000 cpu 10d940000
[mtlr]   out: 0000010003998000 000000010d940000 00000001050d6500 0000000000000000
[mtlr]   out: 0000007700000000 0000000000004000 00000002c8ccbbbc 000000000036aea2
[mtlr] resource2 sel8 flags 470 sz 0x1000 -> kr 0x00000000 rid 119 GPUVA 0x10003998000 cpu 10d940000
[mtlr]   out: 0000010003998000 000000010d940000 00000001050d6500 0000000000000000
[mtlr]   out: 0000007700000000 0000000000004000 00000002c8ccbbbd 000000000036aea3
[mtlr] resource2 sel8 flags 470 sz 0x1000 -> kr 0x00000000 rid 119 GPUVA 0x10003998000 cpu 10d940000
[mtlr]   out: 0000010003998000 000000010d940000 00000001050d6500 0000000000000000
[mtlr]   out: 0000007700000000 0000000000004000 00000002c8ccbbbe 000000000036aea4
[mtlr] resource2 sel8 flags 470 sz 0x1000 -> kr 0x00000000 rid 119 GPUVA 0x10003998000 cpu 10d940000
[mtlr]   out: 0000010003998000 000000010d940000 00000001050d6500 0000000000000000
[mtlr]   out: 0000007700000000 0000000000004000 00000002c8ccbbbf 000000000036aea5
[uatrec] S4 r2 (+0s): nvv 8 ncb 8 vsz 0x100000 fill 0x0 destroy0 kr 0x00000000 nj 40
[uatrec] S4 r2 blit[0] slots 8 ridp 1
[uatrec] S4 r2 blit[1] slots 8 ridp 1
[uatrec] S4 r2 blit[2] slots 8 ridp 1
[uatrec] S4 r2 blit[3] slots 8 ridp 1
[uatrec] S4 r2 blit[4] slots 8 ridp 1
[uatrec] S4 r2 blit[5] slots 8 ridp 1
[uatrec] S4 r2 blit[6] slots 8 ridp 1
[uatrec] S4 r2 blit[7] slots 8 ridp 1
[mtlr] resource2 sel8 flags 470 sz 0x100000 -> kr 0x00000000 rid 119 GPUVA 0x10002490000 cpu 10d740000
[mtlr]   out: 0000010002490000 000000010d740000 00000001050d1940 0000000000000000
[mtlr]   out: 0000007700000000 0000000000100000 00000002c8ccbc87 000000000036aea8
[uatrec] S4 r3 victim[0] rid 119 gpuva 0x10002490000 cpu 0x10d740000 (top-of-stack)
[mtlr] resource2 sel8 flags 470 sz 0x100000 -> kr 0x00000000 rid 120 GPUVA 0x10002598000 cpu 10d840000
[mtlr]   out: 0000010002598000 000000010d840000 00000001050d1a00 0000000000000000
[mtlr]   out: 0000007800000000 0000000000100000 00000002c8ccbc88 000000000036aea9
[uatrec] S4 r3 victim[1] rid 120 gpuva 0x10002598000 cpu 0x10d840000 (top-of-stack)
[mtlr] resource2 sel8 flags 470 sz 0x100000 -> kr 0x00000000 rid 121 GPUVA 0x100026a0000 cpu 10e080000
[mtlr]   out: 00000100026a0000 000000010e080000 00000001050d1ac0 0000000000000000
[mtlr]   out: 0000007900000000 0000000000100000 00000002c8ccbc89 000000000036aeaa
[uatrec] S4 r3 victim[2] rid 121 gpuva 0x100026a0000 cpu 0x10e080000 (top-of-stack)
[mtlr] resource2 sel8 flags 470 sz 0x100000 -> kr 0x00000000 rid 122 GPUVA 0x100027a8000 cpu 10e1f0000
[mtlr]   out: 00000100027a8000 000000010e1f0000 00000001050d1b80 0000000000000000
[mtlr]   out: 0000007a00000000 0000000000100000 00000002c8ccbc8a 000000000036aeab
[uatrec] S4 r3 victim[3] rid 122 gpuva 0x100027a8000 cpu 0x10e1f0000 (top-of-stack)
[mtlr] resource2 sel8 flags 470 sz 0x100000 -> kr 0x00000000 rid 123 GPUVA 0x100028b0000 cpu 10e360000
[mtlr]   out: 00000100028b0000 000000010e360000 00000001050d1c40 0000000000000000
[mtlr]   out: 0000007b00000000 0000000000100000 00000002c8ccbc8b 000000000036aeac
[uatrec] S4 r3 victim[4] rid 123 gpuva 0x100028b0000 cpu 0x10e360000 (top-of-stack)
[mtlr] resource2 sel8 flags 470 sz 0x100000 -> kr 0x00000000 rid 124 GPUVA 0x100029b8000 cpu 10d240000
[mtlr]   out: 00000100029b8000 000000010d240000 00000001050d1d00 0000000000000000
[mtlr]   out: 0000007c00000000 0000000000100000 00000002c8ccbc8c 000000000036aead
[uatrec] S4 r3 victim[5] rid 124 gpuva 0x100029b8000 cpu 0x10d240000 (top-of-stack)
[mtlr] resource2 sel8 flags 470 sz 0x100000 -> kr 0x00000000 rid 125 GPUVA 0x10002ac0000 cpu 10d340000
[mtlr]   out: 0000010002ac0000 000000010d340000 00000001050d1dc0 0000000000000000
[mtlr]   out: 0000007d00000000 0000000000100000 00000002c8ccbc8d 000000000036aeae
[uatrec] S4 r3 victim[6] rid 125 gpuva 0x10002ac0000 cpu 0x10d340000 (top-of-stack)
[mtlr] resource2 sel8 flags 470 sz 0x100000 -> kr 0x00000000 rid 126 GPUVA 0x10002bc8000 cpu 10d440000
[mtlr]   out: 0000010002bc8000 000000010d440000 00000001050d1e80 0000000000000000
[mtlr]   out: 0000007e00000000 0000000000100000 00000002c8ccbc95 000000000036aeaf
[uatrec] S4 r3 victim[7] rid 126 gpuva 0x10002bc8000 cpu 0x10d440000 (top-of-stack)
[mtlr] resource2 sel8 flags 470 sz 0x1000 -> kr 0x00000000 rid 119 GPUVA 0x10003998000 cpu 10d940000
[mtlr]   out: 0000010003998000 000000010d940000 00000001050d6500 0000000000000000
[mtlr]   out: 0000007700000000 0000000000004000 00000002c8ccbcd8 000000000036aeb9
[mtlr] resource2 sel8 flags 470 sz 0x1000 -> kr 0x00000000 rid 119 GPUVA 0x10003998000 cpu 10d940000
[mtlr]   out: 0000010003998000 000000010d940000 00000001050d6500 0000000000000000
[mtlr]   out: 0000007700000000 0000000000004000 00000002c8ccbcd9 000000000036aeba
[mtlr] resource2 sel8 flags 470 sz 0x1000 -> kr 0x00000000 rid 119 GPUVA 0x10003998000 cpu 10d940000
[mtlr]   out: 0000010003998000 000000010d940000 00000001050d6500 0000000000000000
[mtlr]   out: 0000007700000000 0000000000004000 00000002c8ccbcda 000000000036aebb
[mtlr] resource2 sel8 flags 470 sz 0x1000 -> kr 0x00000000 rid 119 GPUVA 0x10003998000 cpu 10d940000
[mtlr]   out: 0000010003998000 000000010d940000 00000001050d6500 0000000000000000
[mtlr]   out: 0000007700000000 0000000000004000 00000002c8ccbcdb 000000000036aebc
[mtlr] resource2 sel8 flags 470 sz 0x1000 -> kr 0x00000000 rid 119 GPUVA 0x10003998000 cpu 10d940000
[mtlr]   out: 0000010003998000 000000010d940000 00000001050d6500 0000000000000000
[mtlr]   out: 0000007700000000 0000000000004000 00000002c8ccbcdc 000000000036aebd
[mtlr] resource2 sel8 flags 470 sz 0x1000 -> kr 0x00000000 rid 119 GPUVA 0x10003998000 cpu 10d940000
[mtlr]   out: 0000010003998000 000000010d940000 00000001050d6500 0000000000000000
[mtlr]   out: 0000007700000000 0000000000004000 00000002c8ccbcdd 000000000036aebe
[mtlr] resource2 sel8 flags 470 sz 0x1000 -> kr 0x00000000 rid 119 GPUVA 0x10003998000 cpu 10d940000
[mtlr]   out: 0000010003998000 000000010d940000 00000001050d6500 0000000000000000
[mtlr]   out: 0000007700000000 0000000000004000 00000002c8ccbcde 000000000036aebf
[mtlr] resource2 sel8 flags 470 sz 0x1000 -> kr 0x00000000 rid 119 GPUVA 0x10003998000 cpu 10d940000
[mtlr]   out: 0000010003998000 000000010d940000 00000001050d6500 0000000000000000
[mtlr]   out: 0000007700000000 0000000000004000 00000002c8ccbcdf 000000000036aec0
[mtlr] resource2 sel8 flags 470 sz 0x1000 -> kr 0x00000000 rid 119 GPUVA 0x10003998000 cpu 10d940000
[mtlr]   out: 0000010003998000 000000010d940000 00000001050d6500 0000000000000000
[mtlr]   out: 0000007700000000 0000000000004000 00000002c8ccbce0 000000000036aec1
[mtlr] resource2 sel8 flags 470 sz 0x1000 -> kr 0x00000000 rid 119 GPUVA 0x10003998000 cpu 10d940000
[mtlr]   out: 0000010003998000 000000010d940000 00000001050d6500 0000000000000000
[mtlr]   out: 0000007700000000 0000000000004000 00000002c8ccbce1 000000000036aec2
[mtlr] resource2 sel8 flags 470 sz 0x1000 -> kr 0x00000000 rid 119 GPUVA 0x10003998000 cpu 10d940000
[mtlr]   out: 0000010003998000 000000010d940000 00000001050d6500 0000000000000000
[mtlr]   out: 0000007700000000 0000000000004000 00000002c8ccbce2 000000000036aec3
[mtlr] resource2 sel8 flags 470 sz 0x1000 -> kr 0x00000000 rid 119 GPUVA 0x10003998000 cpu 10d940000
[mtlr]   out: 0000010003998000 000000010d940000 00000001050d6500 0000000000000000
[mtlr]   out: 0000007700000000 0000000000004000 00000002c8ccbce3 000000000036aec4
[mtlr] resource2 sel8 flags 470 sz 0x1000 -> kr 0x00000000 rid 119 GPUVA 0x10003998000 cpu 10d940000
[mtlr]   out: 0000010003998000 000000010d940000 00000001050d6500 0000000000000000
[mtlr]   out: 0000007700000000 0000000000004000 00000002c8ccbce4 000000000036aec5
[mtlr] resource2 sel8 flags 470 sz 0x1000 -> kr 0x00000000 rid 119 GPUVA 0x10003998000 cpu 10d940000
[mtlr]   out: 0000010003998000 000000010d940000 00000001050d6500 0000000000000000
[mtlr]   out: 0000007700000000 0000000000004000 00000002c8ccbce5 000000000036aec6
[mtlr] resource2 sel8 flags 470 sz 0x1000 -> kr 0x00000000 rid 119 GPUVA 0x10003998000 cpu 10d940000
[mtlr]   out: 0000010003998000 000000010d940000 00000001050d6500 0000000000000000
[mtlr]   out: 0000007700000000 0000000000004000 00000002c8ccbce6 000000000036aec7
[mtlr] resource2 sel8 flags 470 sz 0x1000 -> kr 0x00000000 rid 119 GPUVA 0x10003998000 cpu 10d940000
[mtlr]   out: 0000010003998000 000000010d940000 00000001050d6500 0000000000000000
[mtlr]   out: 0000007700000000 0000000000004000 00000002c8ccbce7 000000000036aec8
[mtlr] resource2 sel8 flags 470 sz 0x1000 -> kr 0x00000000 rid 119 GPUVA 0x10003998000 cpu 10d940000
[mtlr]   out: 0000010003998000 000000010d940000 00000001050d6500 0000000000000000
[mtlr]   out: 0000007700000000 0000000000004000 00000002c8ccbce8 000000000036aec9
[mtlr] resource2 sel8 flags 470 sz 0x1000 -> kr 0x00000000 rid 119 GPUVA 0x10003998000 cpu 10d940000
[mtlr]   out: 0000010003998000 000000010d940000 00000001050d6500 0000000000000000
[mtlr]   out: 0000007700000000 0000000000004000 00000002c8ccbce9 000000000036aeca
[mtlr] resource2 sel8 flags 470 sz 0x1000 -> kr 0x00000000 rid 119 GPUVA 0x10003998000 cpu 10d940000
[mtlr]   out: 0000010003998000 000000010d940000 00000001050d6500 0000000000000000
[mtlr]   out: 0000007700000000 0000000000004000 00000002c8ccbcea 000000000036aecb
[mtlr] resource2 sel8 flags 470 sz 0x1000 -> kr 0x00000000 rid 119 GPUVA 0x10003998000 cpu 10d940000
[mtlr]   out: 0000010003998000 000000010d940000 00000001050d6500 0000000000000000
[mtlr]   out: 0000007700000000 0000000000004000 00000002c8ccbceb 000000000036aecc
[mtlr] resource2 sel8 flags 470 sz 0x1000 -> kr 0x00000000 rid 119 GPUVA 0x10003998000 cpu 10d940000
[mtlr]   out: 0000010003998000 000000010d940000 00000001050d6500 0000000000000000
[mtlr]   out: 0000007700000000 0000000000004000 00000002c8ccbcec 000000000036aecd
[mtlr] resource2 sel8 flags 470 sz 0x1000 -> kr 0x00000000 rid 119 GPUVA 0x10003998000 cpu 10d940000
[mtlr]   out: 0000010003998000 000000010d940000 00000001050d6500 0000000000000000
[mtlr]   out: 0000007700000000 0000000000004000 00000002c8ccbced 000000000036aece
[mtlr] resource2 sel8 flags 470 sz 0x1000 -> kr 0x00000000 rid 119 GPUVA 0x10003998000 cpu 10d940000
[mtlr]   out: 0000010003998000 000000010d940000 00000001050d6500 0000000000000000
[mtlr]   out: 0000007700000000 0000000000004000 00000002c8ccbcee 000000000036aecf
[mtlr] resource2 sel8 flags 470 sz 0x1000 -> kr 0x00000000 rid 119 GPUVA 0x10003998000 cpu 10d940000
[mtlr]   out: 0000010003998000 000000010d940000 00000001050d6500 0000000000000000
[mtlr]   out: 0000007700000000 0000000000004000 00000002c8ccbcef 000000000036aed0
[mtlr] resource2 sel8 flags 470 sz 0x1000 -> kr 0x00000000 rid 119 GPUVA 0x10003998000 cpu 10d940000
[mtlr]   out: 0000010003998000 000000010d940000 00000001050d6500 0000000000000000
[mtlr]   out: 0000007700000000 0000000000004000 00000002c8ccbcf0 000000000036aed1
[mtlr] resource2 sel8 flags 470 sz 0x1000 -> kr 0x00000000 rid 119 GPUVA 0x10003998000 cpu 10d940000
[mtlr]   out: 0000010003998000 000000010d940000 00000001050d6500 0000000000000000
[mtlr]   out: 0000007700000000 0000000000004000 00000002c8ccbcf1 000000000036aed2
[mtlr] resource2 sel8 flags 470 sz 0x1000 -> kr 0x00000000 rid 119 GPUVA 0x10003998000 cpu 10d940000
[mtlr]   out: 0000010003998000 000000010d940000 00000001050d6500 0000000000000000
[mtlr]   out: 0000007700000000 0000000000004000 00000002c8ccbcf2 000000000036aed3
[mtlr] resource2 sel8 flags 470 sz 0x1000 -> kr 0x00000000 rid 119 GPUVA 0x10003998000 cpu 10d940000
[mtlr]   out: 0000010003998000 000000010d940000 00000001050d6500 0000000000000000
[mtlr]   out: 0000007700000000 0000000000004000 00000002c8ccbcf3 000000000036aed4
[mtlr] resource2 sel8 flags 470 sz 0x1000 -> kr 0x00000000 rid 119 GPUVA 0x10003998000 cpu 10d940000
[mtlr]   out: 0000010003998000 000000010d940000 00000001050d6500 0000000000000000
[mtlr]   out: 0000007700000000 0000000000004000 00000002c8ccbcf4 000000000036aed5
[mtlr] resource2 sel8 flags 470 sz 0x1000 -> kr 0x00000000 rid 119 GPUVA 0x10003998000 cpu 10d940000
[mtlr]   out: 0000010003998000 000000010d940000 00000001050d6500 0000000000000000
[mtlr]   out: 0000007700000000 0000000000004000 00000002c8ccbcf5 000000000036aed6
[mtlr] resource2 sel8 flags 470 sz 0x1000 -> kr 0x00000000 rid 119 GPUVA 0x10003998000 cpu 10d940000
[mtlr]   out: 0000010003998000 000000010d940000 00000001050d6500 0000000000000000
[mtlr]   out: 0000007700000000 0000000000004000 00000002c8ccbcf6 000000000036aed7
[mtlr] resource2 sel8 flags 470 sz 0x1000 -> kr 0x00000000 rid 119 GPUVA 0x10003998000 cpu 10d940000
[mtlr]   out: 0000010003998000 000000010d940000 00000001050d6500 0000000000000000
[mtlr]   out: 0000007700000000 0000000000004000 00000002c8ccbcf7 000000000036aed8
[mtlr] resource2 sel8 flags 470 sz 0x1000 -> kr 0x00000000 rid 119 GPUVA 0x10003998000 cpu 10d940000
[mtlr]   out: 0000010003998000 000000010d940000 00000001050d6500 0000000000000000
[mtlr]   out: 0000007700000000 0000000000004000 00000002c8ccbcf8 000000000036aed9
[mtlr] resource2 sel8 flags 470 sz 0x1000 -> kr 0x00000000 rid 119 GPUVA 0x10003998000 cpu 10d940000
[mtlr]   out: 0000010003998000 000000010d940000 00000001050d6500 0000000000000000
[mtlr]   out: 0000007700000000 0000000000004000 00000002c8ccbcf9 000000000036aeda
[mtlr] resource2 sel8 flags 470 sz 0x1000 -> kr 0x00000000 rid 119 GPUVA 0x10003998000 cpu 10d940000
[mtlr]   out: 0000010003998000 000000010d940000 00000001050d6500 0000000000000000
[mtlr]   out: 0000007700000000 0000000000004000 00000002c8ccbcfa 000000000036aedb
[mtlr] resource2 sel8 flags 470 sz 0x1000 -> kr 0x00000000 rid 119 GPUVA 0x10003998000 cpu 10d940000
[mtlr]   out: 0000010003998000 000000010d940000 00000001050d6500 0000000000000000
[mtlr]   out: 0000007700000000 0000000000004000 00000002c8ccbcfb 000000000036aedc
[mtlr] resource2 sel8 flags 470 sz 0x1000 -> kr 0x00000000 rid 119 GPUVA 0x10003998000 cpu 10d940000
[mtlr]   out: 0000010003998000 000000010d940000 00000001050d6500 0000000000000000
[mtlr]   out: 0000007700000000 0000000000004000 00000002c8ccbcfc 000000000036aedd
[mtlr] resource2 sel8 flags 470 sz 0x1000 -> kr 0x00000000 rid 119 GPUVA 0x10003998000 cpu 10d940000
[mtlr]   out: 0000010003998000 000000010d940000 00000001050d6500 0000000000000000
[mtlr]   out: 0000007700000000 0000000000004000 00000002c8ccbcfd 000000000036aede
[mtlr] resource2 sel8 flags 470 sz 0x1000 -> kr 0x00000000 rid 119 GPUVA 0x10003998000 cpu 10d940000
[mtlr]   out: 0000010003998000 000000010d940000 00000001050d6500 0000000000000000
[mtlr]   out: 0000007700000000 0000000000004000 00000002c8ccbcfe 000000000036aedf
[mtlr] resource2 sel8 flags 470 sz 0x1000 -> kr 0x00000000 rid 119 GPUVA 0x10003998000 cpu 10d940000
[mtlr]   out: 0000010003998000 000000010d940000 00000001050d6500 0000000000000000
[mtlr]   out: 0000007700000000 0000000000004000 00000002c8ccbcff 000000000036aee0
[uatrec] S4 r3 (+0s): nvv 8 ncb 8 vsz 0x100000 fill 0x0 destroy0 kr 0x00000000 nj 40
[uatrec] S4 r3 blit[0] slots 8 ridp 1
[uatrec] S4 r3 blit[1] slots 8 ridp 1
[uatrec] S4 r3 blit[2] slots 8 ridp 1
[uatrec] S4 r3 blit[3] slots 8 ridp 1
[uatrec] S4 r3 blit[4] slots 8 ridp 1
[uatrec] S4 r3 blit[5] slots 8 ridp 1
[uatrec] S4 r3 blit[6] slots 8 ridp 1
[uatrec] S4 r3 blit[7] slots 8 ridp 1
[mtlr] resource2 sel8 flags 470 sz 0x100000 -> kr 0x00000000 rid 119 GPUVA 0x10002490000 cpu 10d240000
[mtlr]   out: 0000010002490000 000000010d240000 00000001050d1940 0000000000000000
[mtlr]   out: 0000007700000000 0000000000100000 00000002c8ccbd97 000000000036aee3
[uatrec] S4 r4 victim[0] rid 119 gpuva 0x10002490000 cpu 0x10d240000 (top-of-stack)
[mtlr] resource2 sel8 flags 470 sz 0x100000 -> kr 0x00000000 rid 120 GPUVA 0x10002598000 cpu 10d340000
[mtlr]   out: 0000010002598000 000000010d340000 00000001050d1a00 0000000000000000
[mtlr]   out: 0000007800000000 0000000000100000 00000002c8ccbd98 000000000036aee4
[uatrec] S4 r4 victim[1] rid 120 gpuva 0x10002598000 cpu 0x10d340000 (top-of-stack)
[mtlr] resource2 sel8 flags 470 sz 0x100000 -> kr 0x00000000 rid 121 GPUVA 0x100026a0000 cpu 10d440000
[mtlr]   out: 00000100026a0000 000000010d440000 00000001050d1ac0 0000000000000000
[mtlr]   out: 0000007900000000 0000000000100000 00000002c8ccbd99 000000000036aee5
[uatrec] S4 r4 victim[2] rid 121 gpuva 0x100026a0000 cpu 0x10d440000 (top-of-stack)
[mtlr] resource2 sel8 flags 470 sz 0x100000 -> kr 0x00000000 rid 122 GPUVA 0x100027a8000 cpu 10d540000
[mtlr]   out: 00000100027a8000 000000010d540000 00000001050d1b80 0000000000000000
[mtlr]   out: 0000007a00000000 0000000000100000 00000002c8ccbd9a 000000000036aee6
[uatrec] S4 r4 victim[3] rid 122 gpuva 0x100027a8000 cpu 0x10d540000 (top-of-stack)
[mtlr] resource2 sel8 flags 470 sz 0x100000 -> kr 0x00000000 rid 123 GPUVA 0x100028b0000 cpu 10d640000
[mtlr]   out: 00000100028b0000 000000010d640000 00000001050d1c40 0000000000000000
[mtlr]   out: 0000007b00000000 0000000000100000 00000002c8ccbd9b 000000000036aee7
[uatrec] S4 r4 victim[4] rid 123 gpuva 0x100028b0000 cpu 0x10d640000 (top-of-stack)
[mtlr] resource2 sel8 flags 470 sz 0x100000 -> kr 0x00000000 rid 124 GPUVA 0x100029b8000 cpu 10d740000
[mtlr]   out: 00000100029b8000 000000010d740000 00000001050d1d00 0000000000000000
[mtlr]   out: 0000007c00000000 0000000000100000 00000002c8ccbd9c 000000000036aee8
[uatrec] S4 r4 victim[5] rid 124 gpuva 0x100029b8000 cpu 0x10d740000 (top-of-stack)
[mtlr] resource2 sel8 flags 470 sz 0x100000 -> kr 0x00000000 rid 125 GPUVA 0x10002ac0000 cpu 10d840000
[mtlr]   out: 0000010002ac0000 000000010d840000 00000001050d1dc0 0000000000000000
[mtlr]   out: 0000007d00000000 0000000000100000 00000002c8ccbda4 000000000036aee9
[uatrec] S4 r4 victim[6] rid 125 gpuva 0x10002ac0000 cpu 0x10d840000 (top-of-stack)
[mtlr] resource2 sel8 flags 470 sz 0x100000 -> kr 0x00000000 rid 126 GPUVA 0x10002bc8000 cpu 10da3c000
[mtlr]   out: 0000010002bc8000 000000010da3c000 00000001050d1e80 0000000000000000
[mtlr]   out: 0000007e00000000 0000000000100000 00000002c8ccbda5 000000000036aeea
[uatrec] S4 r4 victim[7] rid 126 gpuva 0x10002bc8000 cpu 0x10da3c000 (top-of-stack)
[mtlr] resource2 sel8 flags 470 sz 0x1000 -> kr 0x00000000 rid 119 GPUVA 0x10003998000 cpu 10d940000
[mtlr]   out: 0000010003998000 000000010d940000 00000001050d6500 0000000000000000
[mtlr]   out: 0000007700000000 0000000000004000 00000002c8ccbddc 000000000036aef4
[mtlr] resource2 sel8 flags 470 sz 0x1000 -> kr 0x00000000 rid 119 GPUVA 0x10003998000 cpu 10d940000
[mtlr]   out: 0000010003998000 000000010d940000 00000001050d6500 0000000000000000
[mtlr]   out: 0000007700000000 0000000000004000 00000002c8ccbde5 000000000036aef5
[mtlr] resource2 sel8 flags 470 sz 0x1000 -> kr 0x00000000 rid 119 GPUVA 0x10003998000 cpu 10d940000
[mtlr]   out: 0000010003998000 000000010d940000 00000001050d6500 0000000000000000
[mtlr]   out: 0000007700000000 0000000000004000 00000002c8ccbdeb 000000000036aef6
[mtlr] resource2 sel8 flags 470 sz 0x1000 -> kr 0x00000000 rid 119 GPUVA 0x10003998000 cpu 10d940000
[mtlr]   out: 0000010003998000 000000010d940000 00000001050d6500 0000000000000000
[mtlr]   out: 0000007700000000 0000000000004000 00000002c8ccbded 000000000036aef7
[mtlr] resource2 sel8 flags 470 sz 0x1000 -> kr 0x00000000 rid 119 GPUVA 0x10003998000 cpu 10d940000
[mtlr]   out: 0000010003998000 000000010d940000 00000001050d6500 0000000000000000
[mtlr]   out: 0000007700000000 0000000000004000 00000002c8ccbdee 000000000036aef8
[mtlr] resource2 sel8 flags 470 sz 0x1000 -> kr 0x00000000 rid 119 GPUVA 0x10003998000 cpu 10d940000
[mtlr]   out: 0000010003998000 000000010d940000 00000001050d6500 0000000000000000
[mtlr]   out: 0000007700000000 0000000000004000 00000002c8ccbdef 000000000036aef9
[mtlr] resource2 sel8 flags 470 sz 0x1000 -> kr 0x00000000 rid 119 GPUVA 0x10003998000 cpu 10d940000
[mtlr]   out: 0000010003998000 000000010d940000 00000001050d6500 0000000000000000
[mtlr]   out: 0000007700000000 0000000000004000 00000002c8ccbdf0 000000000036aefa
[mtlr] resource2 sel8 flags 470 sz 0x1000 -> kr 0x00000000 rid 119 GPUVA 0x10003998000 cpu 10d940000
[mtlr]   out: 0000010003998000 000000010d940000 00000001050d6500 0000000000000000
[mtlr]   out: 0000007700000000 0000000000004000 00000002c8ccbdf1 000000000036aefb
[mtlr] resource2 sel8 flags 470 sz 0x1000 -> kr 0x00000000 rid 119 GPUVA 0x10003998000 cpu 10d940000
[mtlr]   out: 0000010003998000 000000010d940000 00000001050d6500 0000000000000000
[mtlr]   out: 0000007700000000 0000000000004000 00000002c8ccbdf2 000000000036aefc
[mtlr] resource2 sel8 flags 470 sz 0x1000 -> kr 0x00000000 rid 119 GPUVA 0x10003998000 cpu 10d940000
[mtlr]   out: 0000010003998000 000000010d940000 00000001050d6500 0000000000000000
[mtlr]   out: 0000007700000000 0000000000004000 00000002c8ccbdf3 000000000036aefd
[mtlr] resource2 sel8 flags 470 sz 0x1000 -> kr 0x00000000 rid 119 GPUVA 0x10003998000 cpu 10d940000
[mtlr]   out: 0000010003998000 000000010d940000 00000001050d6500 0000000000000000
[mtlr]   out: 0000007700000000 0000000000004000 00000002c8ccbdf4 000000000036aefe
[mtlr] resource2 sel8 flags 470 sz 0x1000 -> kr 0x00000000 rid 119 GPUVA 0x10003998000 cpu 10d940000
[mtlr]   out: 0000010003998000 000000010d940000 00000001050d6500 0000000000000000
[mtlr]   out: 0000007700000000 0000000000004000 00000002c8ccbdf5 000000000036aeff
[mtlr] resource2 sel8 flags 470 sz 0x1000 -> kr 0x00000000 rid 119 GPUVA 0x10003998000 cpu 10d940000
[mtlr]   out: 0000010003998000 000000010d940000 00000001050d6500 0000000000000000
[mtlr]   out: 0000007700000000 0000000000004000 00000002c8ccbdf6 000000000036af00
[mtlr] resource2 sel8 flags 470 sz 0x1000 -> kr 0x00000000 rid 119 GPUVA 0x10003998000 cpu 10d940000
[mtlr]   out: 0000010003998000 000000010d940000 00000001050d6500 0000000000000000
[mtlr]   out: 0000007700000000 0000000000004000 00000002c8ccbdf7 000000000036af01
[mtlr] resource2 sel8 flags 470 sz 0x1000 -> kr 0x00000000 rid 119 GPUVA 0x10003998000 cpu 10d940000
[mtlr]   out: 0000010003998000 000000010d940000 00000001050d6500 0000000000000000
[mtlr]   out: 0000007700000000 0000000000004000 00000002c8ccbdf8 000000000036af02
[mtlr] resource2 sel8 flags 470 sz 0x1000 -> kr 0x00000000 rid 119 GPUVA 0x10003998000 cpu 10d940000
[mtlr]   out: 0000010003998000 000000010d940000 00000001050d6500 0000000000000000
[mtlr]   out: 0000007700000000 0000000000004000 00000002c8ccbdf9 000000000036af03
[mtlr] resource2 sel8 flags 470 sz 0x1000 -> kr 0x00000000 rid 119 GPUVA 0x10003998000 cpu 10d940000
[mtlr]   out: 0000010003998000 000000010d940000 00000001050d6500 0000000000000000
[mtlr]   out: 0000007700000000 0000000000004000 00000002c8ccbdfa 000000000036af04
[mtlr] resource2 sel8 flags 470 sz 0x1000 -> kr 0x00000000 rid 119 GPUVA 0x10003998000 cpu 10d940000
[mtlr]   out: 0000010003998000 000000010d940000 00000001050d6500 0000000000000000
[mtlr]   out: 0000007700000000 0000000000004000 00000002c8ccbdfb 000000000036af05
[mtlr] resource2 sel8 flags 470 sz 0x1000 -> kr 0x00000000 rid 119 GPUVA 0x10003998000 cpu 10d940000
[mtlr]   out: 0000010003998000 000000010d940000 00000001050d6500 0000000000000000
[mtlr]   out: 0000007700000000 0000000000004000 00000002c8ccbdfc 000000000036af06
[mtlr] resource2 sel8 flags 470 sz 0x1000 -> kr 0x00000000 rid 119 GPUVA 0x10003998000 cpu 10d940000
[mtlr]   out: 0000010003998000 000000010d940000 00000001050d6500 0000000000000000
[mtlr]   out: 0000007700000000 0000000000004000 00000002c8ccbdfd 000000000036af07
[mtlr] resource2 sel8 flags 470 sz 0x1000 -> kr 0x00000000 rid 119 GPUVA 0x10003998000 cpu 10d940000
[mtlr]   out: 0000010003998000 000000010d940000 00000001050d6500 0000000000000000
[mtlr]   out: 0000007700000000 0000000000004000 00000002c8ccbdfe 000000000036af08
[mtlr] resource2 sel8 flags 470 sz 0x1000 -> kr 0x00000000 rid 119 GPUVA 0x10003998000 cpu 10d940000
[mtlr]   out: 0000010003998000 000000010d940000 00000001050d6500 0000000000000000
[mtlr]   out: 0000007700000000 0000000000004000 00000002c8ccbdff 000000000036af09
[mtlr] resource2 sel8 flags 470 sz 0x1000 -> kr 0x00000000 rid 119 GPUVA 0x10003998000 cpu 10d940000
[mtlr]   out: 0000010003998000 000000010d940000 00000001050d6500 0000000000000000
[mtlr]   out: 0000007700000000 0000000000004000 00000002c8ccbe00 000000000036af0a
[mtlr] resource2 sel8 flags 470 sz 0x1000 -> kr 0x00000000 rid 119 GPUVA 0x10003998000 cpu 10d940000
[mtlr]   out: 0000010003998000 000000010d940000 00000001050d6500 0000000000000000
[mtlr]   out: 0000007700000000 0000000000004000 00000002c8ccbe01 000000000036af0b
[mtlr] resource2 sel8 flags 470 sz 0x1000 -> kr 0x00000000 rid 119 GPUVA 0x10003998000 cpu 10d940000
[mtlr]   out: 0000010003998000 000000010d940000 00000001050d6500 0000000000000000
[mtlr]   out: 0000007700000000 0000000000004000 00000002c8ccbe02 000000000036af0c
[mtlr] resource2 sel8 flags 470 sz 0x1000 -> kr 0x00000000 rid 119 GPUVA 0x10003998000 cpu 10d940000
[mtlr]   out: 0000010003998000 000000010d940000 00000001050d6500 0000000000000000
[mtlr]   out: 0000007700000000 0000000000004000 00000002c8ccbe03 000000000036af0d
[mtlr] resource2 sel8 flags 470 sz 0x1000 -> kr 0x00000000 rid 119 GPUVA 0x10003998000 cpu 10d940000
[mtlr]   out: 0000010003998000 000000010d940000 00000001050d6500 0000000000000000
[mtlr]   out: 0000007700000000 0000000000004000 00000002c8ccbe04 000000000036af0e
[mtlr] resource2 sel8 flags 470 sz 0x1000 -> kr 0x00000000 rid 119 GPUVA 0x10003998000 cpu 10d940000
[mtlr]   out: 0000010003998000 000000010d940000 00000001050d6500 0000000000000000
[mtlr]   out: 0000007700000000 0000000000004000 00000002c8ccbe05 000000000036af0f
[mtlr] resource2 sel8 flags 470 sz 0x1000 -> kr 0x00000000 rid 119 GPUVA 0x10003998000 cpu 10d940000
[mtlr]   out: 0000010003998000 000000010d940000 00000001050d6500 0000000000000000
[mtlr]   out: 0000007700000000 0000000000004000 00000002c8ccbe06 000000000036af10
[mtlr] resource2 sel8 flags 470 sz 0x1000 -> kr 0x00000000 rid 119 GPUVA 0x10003998000 cpu 10d940000
[mtlr]   out: 0000010003998000 000000010d940000 00000001050d6500 0000000000000000
[mtlr]   out: 0000007700000000 0000000000004000 00000002c8ccbe07 000000000036af11
[mtlr] resource2 sel8 flags 470 sz 0x1000 -> kr 0x00000000 rid 119 GPUVA 0x10003998000 cpu 10d940000
[mtlr]   out: 0000010003998000 000000010d940000 00000001050d6500 0000000000000000
[mtlr]   out: 0000007700000000 0000000000004000 00000002c8ccbe08 000000000036af12
[mtlr] resource2 sel8 flags 470 sz 0x1000 -> kr 0x00000000 rid 119 GPUVA 0x10003998000 cpu 10d940000
[mtlr]   out: 0000010003998000 000000010d940000 00000001050d6500 0000000000000000
[mtlr]   out: 0000007700000000 0000000000004000 00000002c8ccbe09 000000000036af13
[mtlr] resource2 sel8 flags 470 sz 0x1000 -> kr 0x00000000 rid 119 GPUVA 0x10003998000 cpu 10d940000
[mtlr]   out: 0000010003998000 000000010d940000 00000001050d6500 0000000000000000
[mtlr]   out: 0000007700000000 0000000000004000 00000002c8ccbe0a 000000000036af14
[mtlr] resource2 sel8 flags 470 sz 0x1000 -> kr 0x00000000 rid 119 GPUVA 0x10003998000 cpu 10d940000
[mtlr]   out: 0000010003998000 000000010d940000 00000001050d6500 0000000000000000
[mtlr]   out: 0000007700000000 0000000000004000 00000002c8ccbe0b 000000000036af15
[mtlr] resource2 sel8 flags 470 sz 0x1000 -> kr 0x00000000 rid 119 GPUVA 0x10003998000 cpu 10d940000
[mtlr]   out: 0000010003998000 000000010d940000 00000001050d6500 0000000000000000
[mtlr]   out: 0000007700000000 0000000000004000 00000002c8ccbe0c 000000000036af16
[mtlr] resource2 sel8 flags 470 sz 0x1000 -> kr 0x00000000 rid 119 GPUVA 0x10003998000 cpu 10d940000
[mtlr]   out: 0000010003998000 000000010d940000 00000001050d6500 0000000000000000
[mtlr]   out: 0000007700000000 0000000000004000 00000002c8ccbe0d 000000000036af17
[mtlr] resource2 sel8 flags 470 sz 0x1000 -> kr 0x00000000 rid 119 GPUVA 0x10003998000 cpu 10d940000
[mtlr]   out: 0000010003998000 000000010d940000 00000001050d6500 0000000000000000
[mtlr]   out: 0000007700000000 0000000000004000 00000002c8ccbe0e 000000000036af18
[mtlr] resource2 sel8 flags 470 sz 0x1000 -> kr 0x00000000 rid 119 GPUVA 0x10003998000 cpu 10d940000
[mtlr]   out: 0000010003998000 000000010d940000 00000001050d6500 0000000000000000
[mtlr]   out: 0000007700000000 0000000000004000 00000002c8ccbe0f 000000000036af19
[mtlr] resource2 sel8 flags 470 sz 0x1000 -> kr 0x00000000 rid 119 GPUVA 0x10003998000 cpu 10d940000
[mtlr]   out: 0000010003998000 000000010d940000 00000001050d6500 0000000000000000
[mtlr]   out: 0000007700000000 0000000000004000 00000002c8ccbe10 000000000036af1a
[mtlr] resource2 sel8 flags 470 sz 0x1000 -> kr 0x00000000 rid 119 GPUVA 0x10003998000 cpu 10d940000
[mtlr]   out: 0000010003998000 000000010d940000 00000001050d6500 0000000000000000
[mtlr]   out: 0000007700000000 0000000000004000 00000002c8ccbe11 000000000036af1b
[uatrec] S4 r4 (+0s): nvv 8 ncb 8 vsz 0x100000 fill 0x0 destroy0 kr 0x00000000 nj 40
[uatrec] S4 r4 blit[0] slots 8 ridp 1
[uatrec] S4 r4 blit[1] slots 8 ridp 1
[uatrec] S4 r4 blit[2] slots 8 ridp 1
[uatrec] S4 r4 blit[3] slots 8 ridp 1
[uatrec] S4 r4 blit[4] slots 8 ridp 1
[uatrec] S4 r4 blit[5] slots 8 ridp 1
[uatrec] S4 r4 blit[6] slots 8 ridp 1
[uatrec] S4 r4 blit[7] slots 8 ridp 1
[mtlr] resource2 sel8 flags 470 sz 0x100000 -> kr 0x00000000 rid 119 GPUVA 0x10002490000 cpu 10de10000
[mtlr]   out: 0000010002490000 000000010de10000 00000001050d1940 0000000000000000
[mtlr]   out: 0000007700000000 0000000000100000 00000002c8ccbeac 000000000036af1e
[uatrec] S4 r5 victim[0] rid 119 gpuva 0x10002490000 cpu 0x10de10000 (top-of-stack)
[mtlr] resource2 sel8 flags 470 sz 0x100000 -> kr 0x00000000 rid 120 GPUVA 0x10002598000 cpu 10df80000
[mtlr]   out: 0000010002598000 000000010df80000 00000001050d1a00 0000000000000000
[mtlr]   out: 0000007800000000 0000000000100000 00000002c8ccbead 000000000036af1f
[uatrec] S4 r5 victim[1] rid 120 gpuva 0x10002598000 cpu 0x10df80000 (top-of-stack)
[mtlr] resource2 sel8 flags 470 sz 0x100000 -> kr 0x00000000 rid 121 GPUVA 0x100026a0000 cpu 10e080000
[mtlr]   out: 00000100026a0000 000000010e080000 00000001050d1ac0 0000000000000000
[mtlr]   out: 0000007900000000 0000000000100000 00000002c8ccbeae 000000000036af20
[uatrec] S4 r5 victim[2] rid 121 gpuva 0x100026a0000 cpu 0x10e080000 (top-of-stack)
[mtlr] resource2 sel8 flags 470 sz 0x100000 -> kr 0x00000000 rid 122 GPUVA 0x100027a8000 cpu 10e1f0000
[mtlr]   out: 00000100027a8000 000000010e1f0000 00000001050d1b80 0000000000000000
[mtlr]   out: 0000007a00000000 0000000000100000 00000002c8ccbeaf 000000000036af21
[uatrec] S4 r5 victim[3] rid 122 gpuva 0x100027a8000 cpu 0x10e1f0000 (top-of-stack)
[mtlr] resource2 sel8 flags 470 sz 0x100000 -> kr 0x00000000 rid 123 GPUVA 0x100028b0000 cpu 10d240000
[mtlr]   out: 00000100028b0000 000000010d240000 00000001050d1c40 0000000000000000
[mtlr]   out: 0000007b00000000 0000000000100000 00000002c8ccbeb0 000000000036af22
[uatrec] S4 r5 victim[4] rid 123 gpuva 0x100028b0000 cpu 0x10d240000 (top-of-stack)
[mtlr] resource2 sel8 flags 470 sz 0x100000 -> kr 0x00000000 rid 124 GPUVA 0x100029b8000 cpu 10d340000
[mtlr]   out: 00000100029b8000 000000010d340000 00000001050d1d00 0000000000000000
[mtlr]   out: 0000007c00000000 0000000000100000 00000002c8ccbeb8 000000000036af23
[uatrec] S4 r5 victim[5] rid 124 gpuva 0x100029b8000 cpu 0x10d340000 (top-of-stack)
[mtlr] resource2 sel8 flags 470 sz 0x100000 -> kr 0x00000000 rid 125 GPUVA 0x10002ac0000 cpu 10d440000
[mtlr]   out: 0000010002ac0000 000000010d440000 00000001050d1dc0 0000000000000000
[mtlr]   out: 0000007d00000000 0000000000100000 00000002c8ccbeb9 000000000036af24
[uatrec] S4 r5 victim[6] rid 125 gpuva 0x10002ac0000 cpu 0x10d440000 (top-of-stack)
[mtlr] resource2 sel8 flags 470 sz 0x100000 -> kr 0x00000000 rid 126 GPUVA 0x10002bc8000 cpu 10d540000
[mtlr]   out: 0000010002bc8000 000000010d540000 00000001050d1e80 0000000000000000
[mtlr]   out: 0000007e00000000 0000000000100000 00000002c8ccbeba 000000000036af25
[uatrec] S4 r5 victim[7] rid 126 gpuva 0x10002bc8000 cpu 0x10d540000 (top-of-stack)
[mtlr] resource2 sel8 flags 470 sz 0x1000 -> kr 0x00000000 rid 119 GPUVA 0x10002490000 cpu 10d940000
[mtlr]   out: 0000010002490000 000000010d940000 00000001050d1940 0000000000000000
[mtlr]   out: 0000007700000000 0000000000004000 00000002c8ccbedc 000000000036af2f
[mtlr] resource2 sel8 flags 470 sz 0x1000 -> kr 0x00000000 rid 119 GPUVA 0x10002490000 cpu 10d940000
[mtlr]   out: 0000010002490000 000000010d940000 00000001050d1940 0000000000000000
[mtlr]   out: 0000007700000000 0000000000004000 00000002c8ccbedd 000000000036af30
[mtlr] resource2 sel8 flags 470 sz 0x1000 -> kr 0x00000000 rid 119 GPUVA 0x10002490000 cpu 10d940000
[mtlr]   out: 0000010002490000 000000010d940000 00000001050d1940 0000000000000000
[mtlr]   out: 0000007700000000 0000000000004000 00000002c8ccbede 000000000036af31
[mtlr] resource2 sel8 flags 470 sz 0x1000 -> kr 0x00000000 rid 119 GPUVA 0x10002490000 cpu 10d940000
[mtlr]   out: 0000010002490000 000000010d940000 00000001050d1940 0000000000000000
[mtlr]   out: 0000007700000000 0000000000004000 00000002c8ccbedf 000000000036af32
[mtlr] resource2 sel8 flags 470 sz 0x1000 -> kr 0x00000000 rid 119 GPUVA 0x10002490000 cpu 10d940000
[mtlr]   out: 0000010002490000 000000010d940000 00000001050d1940 0000000000000000
[mtlr]   out: 0000007700000000 0000000000004000 00000002c8ccbee0 000000000036af33
[mtlr] resource2 sel8 flags 470 sz 0x1000 -> kr 0x00000000 rid 119 GPUVA 0x10002490000 cpu 10d940000
[mtlr]   out: 0000010002490000 000000010d940000 00000001050d1940 0000000000000000
[mtlr]   out: 0000007700000000 0000000000004000 00000002c8ccbee1 000000000036af34
[mtlr] resource2 sel8 flags 470 sz 0x1000 -> kr 0x00000000 rid 119 GPUVA 0x10002490000 cpu 10d940000
[mtlr]   out: 0000010002490000 000000010d940000 00000001050d1940 0000000000000000
[mtlr]   out: 0000007700000000 0000000000004000 00000002c8ccbee2 000000000036af35
[mtlr] resource2 sel8 flags 470 sz 0x1000 -> kr 0x00000000 rid 119 GPUVA 0x10002490000 cpu 10d940000
[mtlr]   out: 0000010002490000 000000010d940000 00000001050d1940 0000000000000000
[mtlr]   out: 0000007700000000 0000000000004000 00000002c8ccbee3 000000000036af36
[mtlr] resource2 sel8 flags 470 sz 0x1000 -> kr 0x00000000 rid 119 GPUVA 0x10002490000 cpu 10d940000
[mtlr]   out: 0000010002490000 000000010d940000 00000001050d1940 0000000000000000
[mtlr]   out: 0000007700000000 0000000000004000 00000002c8ccbee4 000000000036af37
[mtlr] resource2 sel8 flags 470 sz 0x1000 -> kr 0x00000000 rid 119 GPUVA 0x10002490000 cpu 10d940000
[mtlr]   out: 0000010002490000 000000010d940000 00000001050d1940 0000000000000000
[mtlr]   out: 0000007700000000 0000000000004000 00000002c8ccbee5 000000000036af38
[mtlr] resource2 sel8 flags 470 sz 0x1000 -> kr 0x00000000 rid 119 GPUVA 0x10002490000 cpu 10d940000
[mtlr]   out: 0000010002490000 000000010d940000 00000001050d1940 0000000000000000
[mtlr]   out: 0000007700000000 0000000000004000 00000002c8ccbee6 000000000036af39
[mtlr] resource2 sel8 flags 470 sz 0x1000 -> kr 0x00000000 rid 119 GPUVA 0x10002490000 cpu 10d940000
[mtlr]   out: 0000010002490000 000000010d940000 00000001050d1940 0000000000000000
[mtlr]   out: 0000007700000000 0000000000004000 00000002c8ccbee7 000000000036af3a
[mtlr] resource2 sel8 flags 470 sz 0x1000 -> kr 0x00000000 rid 119 GPUVA 0x10002490000 cpu 10d940000
[mtlr]   out: 0000010002490000 000000010d940000 00000001050d1940 0000000000000000
[mtlr]   out: 0000007700000000 0000000000004000 00000002c8ccbee8 000000000036af3b
[mtlr] resource2 sel8 flags 470 sz 0x1000 -> kr 0x00000000 rid 119 GPUVA 0x10002490000 cpu 10d940000
[mtlr]   out: 0000010002490000 000000010d940000 00000001050d1940 0000000000000000
[mtlr]   out: 0000007700000000 0000000000004000 00000002c8ccbee9 000000000036af3c
[mtlr] resource2 sel8 flags 470 sz 0x1000 -> kr 0x00000000 rid 119 GPUVA 0x10002490000 cpu 10d940000
[mtlr]   out: 0000010002490000 000000010d940000 00000001050d1940 0000000000000000
[mtlr]   out: 0000007700000000 0000000000004000 00000002c8ccbeea 000000000036af3d
[mtlr] resource2 sel8 flags 470 sz 0x1000 -> kr 0x00000000 rid 119 GPUVA 0x10002490000 cpu 10d940000
[mtlr]   out: 0000010002490000 000000010d940000 00000001050d1940 0000000000000000
[mtlr]   out: 0000007700000000 0000000000004000 00000002c8ccbeeb 000000000036af3e
[mtlr] resource2 sel8 flags 470 sz 0x1000 -> kr 0x00000000 rid 119 GPUVA 0x10002490000 cpu 10d940000
[mtlr]   out: 0000010002490000 000000010d940000 00000001050d1940 0000000000000000
[mtlr]   out: 0000007700000000 0000000000004000 00000002c8ccbeec 000000000036af3f
[mtlr] resource2 sel8 flags 470 sz 0x1000 -> kr 0x00000000 rid 119 GPUVA 0x10002490000 cpu 10d940000
[mtlr]   out: 0000010002490000 000000010d940000 00000001050d1940 0000000000000000
[mtlr]   out: 0000007700000000 0000000000004000 00000002c8ccbeed 000000000036af40
[mtlr] resource2 sel8 flags 470 sz 0x1000 -> kr 0x00000000 rid 119 GPUVA 0x10002490000 cpu 10d940000
[mtlr]   out: 0000010002490000 000000010d940000 00000001050d1940 0000000000000000
[mtlr]   out: 0000007700000000 0000000000004000 00000002c8ccbeee 000000000036af41
[mtlr] resource2 sel8 flags 470 sz 0x1000 -> kr 0x00000000 rid 119 GPUVA 0x10002490000 cpu 10d940000
[mtlr]   out: 0000010002490000 000000010d940000 00000001050d1940 0000000000000000
[mtlr]   out: 0000007700000000 0000000000004000 00000002c8ccbeef 000000000036af42
[mtlr] resource2 sel8 flags 470 sz 0x1000 -> kr 0x00000000 rid 119 GPUVA 0x10002490000 cpu 10d940000
[mtlr]   out: 0000010002490000 000000010d940000 00000001050d1940 0000000000000000
[mtlr]   out: 0000007700000000 0000000000004000 00000002c8ccbef0 000000000036af43
[mtlr] resource2 sel8 flags 470 sz 0x1000 -> kr 0x00000000 rid 119 GPUVA 0x10002490000 cpu 10d940000
[mtlr]   out: 0000010002490000 000000010d940000 00000001050d1940 0000000000000000
[mtlr]   out: 0000007700000000 0000000000004000 00000002c8ccbef1 000000000036af44
[mtlr] resource2 sel8 flags 470 sz 0x1000 -> kr 0x00000000 rid 119 GPUVA 0x10002490000 cpu 10d940000
[mtlr]   out: 0000010002490000 000000010d940000 00000001050d1940 0000000000000000
[mtlr]   out: 0000007700000000 0000000000004000 00000002c8ccbef2 000000000036af45
[mtlr] resource2 sel8 flags 470 sz 0x1000 -> kr 0x00000000 rid 119 GPUVA 0x10002490000 cpu 10d940000
[mtlr]   out: 0000010002490000 000000010d940000 00000001050d1940 0000000000000000
[mtlr]   out: 0000007700000000 0000000000004000 00000002c8ccbef3 000000000036af46
[mtlr] resource2 sel8 flags 470 sz 0x1000 -> kr 0x00000000 rid 119 GPUVA 0x10002490000 cpu 10d940000
[mtlr]   out: 0000010002490000 000000010d940000 00000001050d1940 0000000000000000
[mtlr]   out: 0000007700000000 0000000000004000 00000002c8ccbef4 000000000036af47
[mtlr] resource2 sel8 flags 470 sz 0x1000 -> kr 0x00000000 rid 119 GPUVA 0x10002490000 cpu 10d940000
[mtlr]   out: 0000010002490000 000000010d940000 00000001050d1940 0000000000000000
[mtlr]   out: 0000007700000000 0000000000004000 00000002c8ccbef5 000000000036af48
[mtlr] resource2 sel8 flags 470 sz 0x1000 -> kr 0x00000000 rid 119 GPUVA 0x10002490000 cpu 10d940000
[mtlr]   out: 0000010002490000 000000010d940000 00000001050d1940 0000000000000000
[mtlr]   out: 0000007700000000 0000000000004000 00000002c8ccbef6 000000000036af49
[mtlr] resource2 sel8 flags 470 sz 0x1000 -> kr 0x00000000 rid 119 GPUVA 0x10002490000 cpu 10d940000
[mtlr]   out: 0000010002490000 000000010d940000 00000001050d1940 0000000000000000
[mtlr]   out: 0000007700000000 0000000000004000 00000002c8ccbef7 000000000036af4a
[mtlr] resource2 sel8 flags 470 sz 0x1000 -> kr 0x00000000 rid 119 GPUVA 0x10002490000 cpu 10d940000
[mtlr]   out: 0000010002490000 000000010d940000 00000001050d1940 0000000000000000
[mtlr]   out: 0000007700000000 0000000000004000 00000002c8ccbef8 000000000036af4b
[mtlr] resource2 sel8 flags 470 sz 0x1000 -> kr 0x00000000 rid 119 GPUVA 0x10002490000 cpu 10d940000
[mtlr]   out: 0000010002490000 000000010d940000 00000001050d1940 0000000000000000
[mtlr]   out: 0000007700000000 0000000000004000 00000002c8ccbef9 000000000036af4c
[mtlr] resource2 sel8 flags 470 sz 0x1000 -> kr 0x00000000 rid 119 GPUVA 0x10002490000 cpu 10d940000
[mtlr]   out: 0000010002490000 000000010d940000 00000001050d1940 0000000000000000
[mtlr]   out: 0000007700000000 0000000000004000 00000002c8ccbefa 000000000036af4d
[mtlr] resource2 sel8 flags 470 sz 0x1000 -> kr 0x00000000 rid 119 GPUVA 0x10002490000 cpu 10d940000
[mtlr]   out: 0000010002490000 000000010d940000 00000001050d1940 0000000000000000
[mtlr]   out: 0000007700000000 0000000000004000 00000002c8ccbefb 000000000036af4e
[mtlr] resource2 sel8 flags 470 sz 0x1000 -> kr 0x00000000 rid 119 GPUVA 0x10002490000 cpu 10d940000
[mtlr]   out: 0000010002490000 000000010d940000 00000001050d1940 0000000000000000
[mtlr]   out: 0000007700000000 0000000000004000 00000002c8ccbefc 000000000036af4f
[mtlr] resource2 sel8 flags 470 sz 0x1000 -> kr 0x00000000 rid 119 GPUVA 0x10002490000 cpu 10d940000
[mtlr]   out: 0000010002490000 000000010d940000 00000001050d1940 0000000000000000
[mtlr]   out: 0000007700000000 0000000000004000 00000002c8ccbefd 000000000036af50
[mtlr] resource2 sel8 flags 470 sz 0x1000 -> kr 0x00000000 rid 119 GPUVA 0x10002490000 cpu 10d940000
[mtlr]   out: 0000010002490000 000000010d940000 00000001050d1940 0000000000000000
[mtlr]   out: 0000007700000000 0000000000004000 00000002c8ccbefe 000000000036af51
[mtlr] resource2 sel8 flags 470 sz 0x1000 -> kr 0x00000000 rid 119 GPUVA 0x10002490000 cpu 10d940000
[mtlr]   out: 0000010002490000 000000010d940000 00000001050d1940 0000000000000000
[mtlr]   out: 0000007700000000 0000000000004000 00000002c8ccbeff 000000000036af52
[mtlr] resource2 sel8 flags 470 sz 0x1000 -> kr 0x00000000 rid 119 GPUVA 0x10002490000 cpu 10d940000
[mtlr]   out: 0000010002490000 000000010d940000 00000001050d1940 0000000000000000
[mtlr]   out: 0000007700000000 0000000000004000 00000002c8ccbf00 000000000036af53
[mtlr] resource2 sel8 flags 470 sz 0x1000 -> kr 0x00000000 rid 119 GPUVA 0x10002490000 cpu 10d940000
[mtlr]   out: 0000010002490000 000000010d940000 00000001050d1940 0000000000000000
[mtlr]   out: 0000007700000000 0000000000004000 00000002c8ccbf01 000000000036af54
[mtlr] resource2 sel8 flags 470 sz 0x1000 -> kr 0x00000000 rid 119 GPUVA 0x10002490000 cpu 10d940000
[mtlr]   out: 0000010002490000 000000010d940000 00000001050d1940 0000000000000000
[mtlr]   out: 0000007700000000 0000000000004000 00000002c8ccbf02 000000000036af55
[mtlr] resource2 sel8 flags 470 sz 0x1000 -> kr 0x00000000 rid 119 GPUVA 0x10002490000 cpu 10d940000
[mtlr]   out: 0000010002490000 000000010d940000 00000001050d1940 0000000000000000
[mtlr]   out: 0000007700000000 0000000000004000 00000002c8ccbf03 000000000036af56
[uatrec] S4 r5 (+0s): nvv 8 ncb 8 vsz 0x100000 fill 0x0 destroy0 kr 0x00000000 nj 40
[uatrec] S4 r5 blit[0] slots 8 ridp 1
[uatrec] S4 r5 blit[1] slots 8 ridp 1
[uatrec] S4 r5 blit[2] slots 8 ridp 1
[uatrec] S4 r5 blit[3] slots 8 ridp 1
[uatrec] S4 r5 blit[4] slots 8 ridp 1
[uatrec] S4 r5 blit[5] slots 8 ridp 1
[uatrec] S4 r5 blit[6] slots 8 ridp 1
[uatrec] S4 r5 blit[7] slots 8 ridp 1
[mtlr] resource2 sel8 flags 470 sz 0x100000 -> kr 0x00000000 rid 119 GPUVA 0x10002490000 cpu 10d740000
[mtlr]   out: 0000010002490000 000000010d740000 00000001050d1940 0000000000000000
[mtlr]   out: 0000007700000000 0000000000100000 00000002c8ccbf4f 000000000036af59
[uatrec] S4 r6 victim[0] rid 119 gpuva 0x10002490000 cpu 0x10d740000 (top-of-stack)
[mtlr] resource2 sel8 flags 470 sz 0x100000 -> kr 0x00000000 rid 120 GPUVA 0x10002598000 cpu 10d840000
[mtlr]   out: 0000010002598000 000000010d840000 00000001050d1a00 0000000000000000
[mtlr]   out: 0000007800000000 0000000000100000 00000002c8ccbf50 000000000036af5a
[uatrec] S4 r6 victim[1] rid 120 gpuva 0x10002598000 cpu 0x10d840000 (top-of-stack)
[mtlr] resource2 sel8 flags 470 sz 0x100000 -> kr 0x00000000 rid 121 GPUVA 0x100026a0000 cpu 10da3c000
[mtlr]   out: 00000100026a0000 000000010da3c000 00000001050d1ac0 0000000000000000
[mtlr]   out: 0000007900000000 0000000000100000 00000002c8ccbf51 000000000036af5b
[uatrec] S4 r6 victim[2] rid 121 gpuva 0x100026a0000 cpu 0x10da3c000 (top-of-stack)
[mtlr] resource2 sel8 flags 470 sz 0x100000 -> kr 0x00000000 rid 122 GPUVA 0x100027a8000 cpu 10d240000
[mtlr]   out: 00000100027a8000 000000010d240000 00000001050d1b80 0000000000000000
[mtlr]   out: 0000007a00000000 0000000000100000 00000002c8ccbf52 000000000036af5c
[uatrec] S4 r6 victim[3] rid 122 gpuva 0x100027a8000 cpu 0x10d240000 (top-of-stack)
[mtlr] resource2 sel8 flags 470 sz 0x100000 -> kr 0x00000000 rid 123 GPUVA 0x100028b0000 cpu 10d340000
[mtlr]   out: 00000100028b0000 000000010d340000 00000001050d1c40 0000000000000000
[mtlr]   out: 0000007b00000000 0000000000100000 00000002c8ccbf53 000000000036af5d
[uatrec] S4 r6 victim[4] rid 123 gpuva 0x100028b0000 cpu 0x10d340000 (top-of-stack)
[mtlr] resource2 sel8 flags 470 sz 0x100000 -> kr 0x00000000 rid 124 GPUVA 0x100029b8000 cpu 10d440000
[mtlr]   out: 00000100029b8000 000000010d440000 00000001050d1d00 0000000000000000
[mtlr]   out: 0000007c00000000 0000000000100000 00000002c8ccbf5b 000000000036af5e
[uatrec] S4 r6 victim[5] rid 124 gpuva 0x100029b8000 cpu 0x10d440000 (top-of-stack)
[mtlr] resource2 sel8 flags 470 sz 0x100000 -> kr 0x00000000 rid 125 GPUVA 0x10002ac0000 cpu 10d540000
[mtlr]   out: 0000010002ac0000 000000010d540000 00000001050d1dc0 0000000000000000
[mtlr]   out: 0000007d00000000 0000000000100000 00000002c8ccbf5c 000000000036af5f
[uatrec] S4 r6 victim[6] rid 125 gpuva 0x10002ac0000 cpu 0x10d540000 (top-of-stack)
[mtlr] resource2 sel8 flags 470 sz 0x100000 -> kr 0x00000000 rid 126 GPUVA 0x10002bc8000 cpu 10d640000
[mtlr]   out: 0000010002bc8000 000000010d640000 00000001050d1e80 0000000000000000
[mtlr]   out: 0000007e00000000 0000000000100000 00000002c8ccbf5d 000000000036af60
[uatrec] S4 r6 victim[7] rid 126 gpuva 0x10002bc8000 cpu 0x10d640000 (top-of-stack)
[mtlr] resource2 sel8 flags 470 sz 0x1000 -> kr 0x00000000 rid 119 GPUVA 0x10002490000 cpu 10d940000
[mtlr]   out: 0000010002490000 000000010d940000 00000001050d1940 0000000000000000
[mtlr]   out: 0000007700000000 0000000000004000 00000002c8ccbf6f 000000000036af6a
[mtlr] resource2 sel8 flags 470 sz 0x1000 -> kr 0x00000000 rid 119 GPUVA 0x10002490000 cpu 10d940000
[mtlr]   out: 0000010002490000 000000010d940000 00000001050d1940 0000000000000000
[mtlr]   out: 0000007700000000 0000000000004000 00000002c8ccbf70 000000000036af6b
[mtlr] resource2 sel8 flags 470 sz 0x1000 -> kr 0x00000000 rid 119 GPUVA 0x10002490000 cpu 10d940000
[mtlr]   out: 0000010002490000 000000010d940000 00000001050d1940 0000000000000000
[mtlr]   out: 0000007700000000 0000000000004000 00000002c8ccbf71 000000000036af6c
[mtlr] resource2 sel8 flags 470 sz 0x1000 -> kr 0x00000000 rid 119 GPUVA 0x10002490000 cpu 10d940000
[mtlr]   out: 0000010002490000 000000010d940000 00000001050d1940 0000000000000000
[mtlr]   out: 0000007700000000 0000000000004000 00000002c8ccbf72 000000000036af6d
[mtlr] resource2 sel8 flags 470 sz 0x1000 -> kr 0x00000000 rid 119 GPUVA 0x10002490000 cpu 10d940000
[mtlr]   out: 0000010002490000 000000010d940000 00000001050d1940 0000000000000000
[mtlr]   out: 0000007700000000 0000000000004000 00000002c8ccbf73 000000000036af6e
[mtlr] resource2 sel8 flags 470 sz 0x1000 -> kr 0x00000000 rid 119 GPUVA 0x10002490000 cpu 10d940000
[mtlr]   out: 0000010002490000 000000010d940000 00000001050d1940 0000000000000000
[mtlr]   out: 0000007700000000 0000000000004000 00000002c8ccbf74 000000000036af6f
[mtlr] resource2 sel8 flags 470 sz 0x1000 -> kr 0x00000000 rid 119 GPUVA 0x10002490000 cpu 10d940000
[mtlr]   out: 0000010002490000 000000010d940000 00000001050d1940 0000000000000000
[mtlr]   out: 0000007700000000 0000000000004000 00000002c8ccbf75 000000000036af70
[mtlr] resource2 sel8 flags 470 sz 0x1000 -> kr 0x00000000 rid 119 GPUVA 0x10002490000 cpu 10d940000
[mtlr]   out: 0000010002490000 000000010d940000 00000001050d1940 0000000000000000
[mtlr]   out: 0000007700000000 0000000000004000 00000002c8ccbf76 000000000036af71
[mtlr] resource2 sel8 flags 470 sz 0x1000 -> kr 0x00000000 rid 119 GPUVA 0x10002490000 cpu 10d940000
[mtlr]   out: 0000010002490000 000000010d940000 00000001050d1940 0000000000000000
[mtlr]   out: 0000007700000000 0000000000004000 00000002c8ccbf77 000000000036af72
[mtlr] resource2 sel8 flags 470 sz 0x1000 -> kr 0x00000000 rid 119 GPUVA 0x10002490000 cpu 10d940000
[mtlr]   out: 0000010002490000 000000010d940000 00000001050d1940 0000000000000000
[mtlr]   out: 0000007700000000 0000000000004000 00000002c8ccbf78 000000000036af73
[mtlr] resource2 sel8 flags 470 sz 0x1000 -> kr 0x00000000 rid 119 GPUVA 0x10002490000 cpu 10d940000
[mtlr]   out: 0000010002490000 000000010d940000 00000001050d1940 0000000000000000
[mtlr]   out: 0000007700000000 0000000000004000 00000002c8ccbf79 000000000036af74
[mtlr] resource2 sel8 flags 470 sz 0x1000 -> kr 0x00000000 rid 119 GPUVA 0x10002490000 cpu 10d940000
[mtlr]   out: 0000010002490000 000000010d940000 00000001050d1940 0000000000000000
[mtlr]   out: 0000007700000000 0000000000004000 00000002c8ccbf7a 000000000036af75
[mtlr] resource2 sel8 flags 470 sz 0x1000 -> kr 0x00000000 rid 119 GPUVA 0x10002490000 cpu 10d940000
[mtlr]   out: 0000010002490000 000000010d940000 00000001050d1940 0000000000000000
[mtlr]   out: 0000007700000000 0000000000004000 00000002c8ccbf7b 000000000036af76
[mtlr] resource2 sel8 flags 470 sz 0x1000 -> kr 0x00000000 rid 119 GPUVA 0x10002490000 cpu 10d940000
[mtlr]   out: 0000010002490000 000000010d940000 00000001050d1940 0000000000000000
[mtlr]   out: 0000007700000000 0000000000004000 00000002c8ccbf7c 000000000036af77
[mtlr] resource2 sel8 flags 470 sz 0x1000 -> kr 0x00000000 rid 119 GPUVA 0x10002490000 cpu 10d940000
[mtlr]   out: 0000010002490000 000000010d940000 00000001050d1940 0000000000000000
[mtlr]   out: 0000007700000000 0000000000004000 00000002c8ccbf7d 000000000036af78
[mtlr] resource2 sel8 flags 470 sz 0x1000 -> kr 0x00000000 rid 119 GPUVA 0x10002490000 cpu 10d940000
[mtlr]   out: 0000010002490000 000000010d940000 00000001050d1940 0000000000000000
[mtlr]   out: 0000007700000000 0000000000004000 00000002c8ccbf7e 000000000036af79
[mtlr] resource2 sel8 flags 470 sz 0x1000 -> kr 0x00000000 rid 119 GPUVA 0x10002490000 cpu 10d940000
[mtlr]   out: 0000010002490000 000000010d940000 00000001050d1940 0000000000000000
[mtlr]   out: 0000007700000000 0000000000004000 00000002c8ccbf7f 000000000036af7a
[mtlr] resource2 sel8 flags 470 sz 0x1000 -> kr 0x00000000 rid 119 GPUVA 0x10002490000 cpu 10d940000
[mtlr]   out: 0000010002490000 000000010d940000 00000001050d1940 0000000000000000
[mtlr]   out: 0000007700000000 0000000000004000 00000002c8ccbf80 000000000036af7b
[mtlr] resource2 sel8 flags 470 sz 0x1000 -> kr 0x00000000 rid 119 GPUVA 0x10002490000 cpu 10d940000
[mtlr]   out: 0000010002490000 000000010d940000 00000001050d1940 0000000000000000
[mtlr]   out: 0000007700000000 0000000000004000 00000002c8ccbf81 000000000036af7c
[mtlr] resource2 sel8 flags 470 sz 0x1000 -> kr 0x00000000 rid 119 GPUVA 0x10002490000 cpu 10d940000
[mtlr]   out: 0000010002490000 000000010d940000 00000001050d1940 0000000000000000
[mtlr]   out: 0000007700000000 0000000000004000 00000002c8ccbf82 000000000036af7d
[mtlr] resource2 sel8 flags 470 sz 0x1000 -> kr 0x00000000 rid 119 GPUVA 0x10002490000 cpu 10d940000
[mtlr]   out: 0000010002490000 000000010d940000 00000001050d1940 0000000000000000
[mtlr]   out: 0000007700000000 0000000000004000 00000002c8ccbf83 000000000036af7e
[mtlr] resource2 sel8 flags 470 sz 0x1000 -> kr 0x00000000 rid 119 GPUVA 0x10002490000 cpu 10d940000
[mtlr]   out: 0000010002490000 000000010d940000 00000001050d1940 0000000000000000
[mtlr]   out: 0000007700000000 0000000000004000 00000002c8ccbf84 000000000036af7f
[mtlr] resource2 sel8 flags 470 sz 0x1000 -> kr 0x00000000 rid 119 GPUVA 0x10002490000 cpu 10d940000
[mtlr]   out: 0000010002490000 000000010d940000 00000001050d1940 0000000000000000
[mtlr]   out: 0000007700000000 0000000000004000 00000002c8ccbf85 000000000036af80
[mtlr] resource2 sel8 flags 470 sz 0x1000 -> kr 0x00000000 rid 119 GPUVA 0x10002490000 cpu 10d940000
[mtlr]   out: 0000010002490000 000000010d940000 00000001050d1940 0000000000000000
[mtlr]   out: 0000007700000000 0000000000004000 00000002c8ccbf86 000000000036af81
[mtlr] resource2 sel8 flags 470 sz 0x1000 -> kr 0x00000000 rid 119 GPUVA 0x10002490000 cpu 10d940000
[mtlr]   out: 0000010002490000 000000010d940000 00000001050d1940 0000000000000000
[mtlr]   out: 0000007700000000 0000000000004000 00000002c8ccbf87 000000000036af82
[mtlr] resource2 sel8 flags 470 sz 0x1000 -> kr 0x00000000 rid 119 GPUVA 0x10002490000 cpu 10d940000
[mtlr]   out: 0000010002490000 000000010d940000 00000001050d1940 0000000000000000
[mtlr]   out: 0000007700000000 0000000000004000 00000002c8ccbf88 000000000036af83
[mtlr] resource2 sel8 flags 470 sz 0x1000 -> kr 0x00000000 rid 119 GPUVA 0x10002490000 cpu 10d940000
[mtlr]   out: 0000010002490000 000000010d940000 00000001050d1940 0000000000000000
[mtlr]   out: 0000007700000000 0000000000004000 00000002c8ccbf89 000000000036af84
[mtlr] resource2 sel8 flags 470 sz 0x1000 -> kr 0x00000000 rid 119 GPUVA 0x10002490000 cpu 10d940000
[mtlr]   out: 0000010002490000 000000010d940000 00000001050d1940 0000000000000000
[mtlr]   out: 0000007700000000 0000000000004000 00000002c8ccbf8a 000000000036af85
[mtlr] resource2 sel8 flags 470 sz 0x1000 -> kr 0x00000000 rid 119 GPUVA 0x10002490000 cpu 10d940000
[mtlr]   out: 0000010002490000 000000010d940000 00000001050d1940 0000000000000000
[mtlr]   out: 0000007700000000 0000000000004000 00000002c8ccbf8b 000000000036af86
[mtlr] resource2 sel8 flags 470 sz 0x1000 -> kr 0x00000000 rid 119 GPUVA 0x10002490000 cpu 10d940000
[mtlr]   out: 0000010002490000 000000010d940000 00000001050d1940 0000000000000000
[mtlr]   out: 0000007700000000 0000000000004000 00000002c8ccbf8c 000000000036af87
[mtlr] resource2 sel8 flags 470 sz 0x1000 -> kr 0x00000000 rid 119 GPUVA 0x10002490000 cpu 10d940000
[mtlr]   out: 0000010002490000 000000010d940000 00000001050d1940 0000000000000000
[mtlr]   out: 0000007700000000 0000000000004000 00000002c8ccbf8d 000000000036af88
[mtlr] resource2 sel8 flags 470 sz 0x1000 -> kr 0x00000000 rid 119 GPUVA 0x10002490000 cpu 10d940000
[mtlr]   out: 0000010002490000 000000010d940000 00000001050d1940 0000000000000000
[mtlr]   out: 0000007700000000 0000000000004000 00000002c8ccbf8e 000000000036af89
[mtlr] resource2 sel8 flags 470 sz 0x1000 -> kr 0x00000000 rid 119 GPUVA 0x10002490000 cpu 10d940000
[mtlr]   out: 0000010002490000 000000010d940000 00000001050d1940 0000000000000000
[mtlr]   out: 0000007700000000 0000000000004000 00000002c8ccbf8f 000000000036af8a
[mtlr] resource2 sel8 flags 470 sz 0x1000 -> kr 0x00000000 rid 119 GPUVA 0x10002490000 cpu 10d940000
[mtlr]   out: 0000010002490000 000000010d940000 00000001050d1940 0000000000000000
[mtlr]   out: 0000007700000000 0000000000004000 00000002c8ccbf90 000000000036af8b
[mtlr] resource2 sel8 flags 470 sz 0x1000 -> kr 0x00000000 rid 119 GPUVA 0x10002490000 cpu 10d940000
[mtlr]   out: 0000010002490000 000000010d940000 00000001050d1940 0000000000000000
[mtlr]   out: 0000007700000000 0000000000004000 00000002c8ccbf91 000000000036af8c
[mtlr] resource2 sel8 flags 470 sz 0x1000 -> kr 0x00000000 rid 119 GPUVA 0x10002490000 cpu 10d940000
[mtlr]   out: 0000010002490000 000000010d940000 00000001050d1940 0000000000000000
[mtlr]   out: 0000007700000000 0000000000004000 00000002c8ccbf92 000000000036af8d
[mtlr] resource2 sel8 flags 470 sz 0x1000 -> kr 0x00000000 rid 119 GPUVA 0x10002490000 cpu 10d940000
[mtlr]   out: 0000010002490000 000000010d940000 00000001050d1940 0000000000000000
[mtlr]   out: 0000007700000000 0000000000004000 00000002c8ccbf93 000000000036af8e
[mtlr] resource2 sel8 flags 470 sz 0x1000 -> kr 0x00000000 rid 119 GPUVA 0x10002490000 cpu 10d940000
[mtlr]   out: 0000010002490000 000000010d940000 00000001050d1940 0000000000000000
[mtlr]   out: 0000007700000000 0000000000004000 00000002c8ccbf94 000000000036af8f
[mtlr] resource2 sel8 flags 470 sz 0x1000 -> kr 0x00000000 rid 119 GPUVA 0x10002490000 cpu 10d940000
[mtlr]   out: 0000010002490000 000000010d940000 00000001050d1940 0000000000000000
[mtlr]   out: 0000007700000000 0000000000004000 00000002c8ccbf95 000000000036af90
[mtlr] resource2 sel8 flags 470 sz 0x1000 -> kr 0x00000000 rid 119 GPUVA 0x10002490000 cpu 10d940000
[mtlr]   out: 0000010002490000 000000010d940000 00000001050d1940 0000000000000000
[mtlr]   out: 0000007700000000 0000000000004000 00000002c8ccbf96 000000000036af91
[uatrec] S4 r6 (+0s): nvv 8 ncb 8 vsz 0x100000 fill 0x0 destroy0 kr 0x00000000 nj 40
[uatrec] S4 r6 blit[0] slots 8 ridp 1
[uatrec] S4 r6 blit[1] slots 8 ridp 1
[uatrec] S4 r6 blit[2] slots 8 ridp 1
[uatrec] S4 r6 blit[3] slots 8 ridp 1
[uatrec] S4 r6 blit[4] slots 8 ridp 1
[uatrec] S4 r6 blit[5] slots 8 ridp 1
[uatrec] S4 r6 blit[6] slots 8 ridp 1
[uatrec] S4 r6 blit[7] slots 8 ridp 1
[mtlr] resource2 sel8 flags 470 sz 0x100000 -> kr 0x00000000 rid 119 GPUVA 0x10002490000 cpu 10de10000
[mtlr]   out: 0000010002490000 000000010de10000 00000001050d1940 0000000000000000
[mtlr]   out: 0000007700000000 0000000000100000 00000002c8ccbfe2 000000000036af94
[uatrec] S4 r7 victim[0] rid 119 gpuva 0x10002490000 cpu 0x10de10000 (top-of-stack)
[mtlr] resource2 sel8 flags 470 sz 0x100000 -> kr 0x00000000 rid 120 GPUVA 0x10002598000 cpu 10df80000
[mtlr]   out: 0000010002598000 000000010df80000 00000001050d1a00 0000000000000000
[mtlr]   out: 0000007800000000 0000000000100000 00000002c8ccbfe3 000000000036af95
[uatrec] S4 r7 victim[1] rid 120 gpuva 0x10002598000 cpu 0x10df80000 (top-of-stack)
[mtlr] resource2 sel8 flags 470 sz 0x100000 -> kr 0x00000000 rid 121 GPUVA 0x100026a0000 cpu 10e080000
[mtlr]   out: 00000100026a0000 000000010e080000 00000001050d1ac0 0000000000000000
[mtlr]   out: 0000007900000000 0000000000100000 00000002c8ccbfe4 000000000036af96
[uatrec] S4 r7 victim[2] rid 121 gpuva 0x100026a0000 cpu 0x10e080000 (top-of-stack)
[mtlr] resource2 sel8 flags 470 sz 0x100000 -> kr 0x00000000 rid 122 GPUVA 0x100027a8000 cpu 10e1f0000
[mtlr]   out: 00000100027a8000 000000010e1f0000 00000001050d1b80 0000000000000000
[mtlr]   out: 0000007a00000000 0000000000100000 00000002c8ccbfe5 000000000036af97
[uatrec] S4 r7 victim[3] rid 122 gpuva 0x100027a8000 cpu 0x10e1f0000 (top-of-stack)
[mtlr] resource2 sel8 flags 470 sz 0x100000 -> kr 0x00000000 rid 123 GPUVA 0x100028b0000 cpu 10e360000
[mtlr]   out: 00000100028b0000 000000010e360000 00000001050d1c40 0000000000000000
[mtlr]   out: 0000007b00000000 0000000000100000 00000002c8ccbfe6 000000000036af98
[uatrec] S4 r7 victim[4] rid 123 gpuva 0x100028b0000 cpu 0x10e360000 (top-of-stack)
[mtlr] resource2 sel8 flags 470 sz 0x100000 -> kr 0x00000000 rid 124 GPUVA 0x100029b8000 cpu 10e4d0000
[mtlr]   out: 00000100029b8000 000000010e4d0000 00000001050d1d00 0000000000000000
[mtlr]   out: 0000007c00000000 0000000000100000 00000002c8ccbfe7 000000000036af99
[uatrec] S4 r7 victim[5] rid 124 gpuva 0x100029b8000 cpu 0x10e4d0000 (top-of-stack)
[mtlr] resource2 sel8 flags 470 sz 0x100000 -> kr 0x00000000 rid 125 GPUVA 0x10002ac0000 cpu 10d240000
[mtlr]   out: 0000010002ac0000 000000010d240000 00000001050d1dc0 0000000000000000
[mtlr]   out: 0000007d00000000 0000000000100000 00000002c8ccbfef 000000000036af9a
[uatrec] S4 r7 victim[6] rid 125 gpuva 0x10002ac0000 cpu 0x10d240000 (top-of-stack)
[mtlr] resource2 sel8 flags 470 sz 0x100000 -> kr 0x00000000 rid 126 GPUVA 0x10002bc8000 cpu 10d340000
[mtlr]   out: 0000010002bc8000 000000010d340000 00000001050d1e80 0000000000000000
[mtlr]   out: 0000007e00000000 0000000000100000 00000002c8ccbff0 000000000036af9b
[uatrec] S4 r7 victim[7] rid 126 gpuva 0x10002bc8000 cpu 0x10d340000 (top-of-stack)
[mtlr] resource2 sel8 flags 470 sz 0x1000 -> kr 0x00000000 rid 119 GPUVA 0x10002490000 cpu 10d940000
[mtlr]   out: 0000010002490000 000000010d940000 00000001050d1940 0000000000000000
[mtlr]   out: 0000007700000000 0000000000004000 00000002c8ccc015 000000000036afa5
[mtlr] resource2 sel8 flags 470 sz 0x1000 -> kr 0x00000000 rid 119 GPUVA 0x10002490000 cpu 10d940000
[mtlr]   out: 0000010002490000 000000010d940000 00000001050d1940 0000000000000000
[mtlr]   out: 0000007700000000 0000000000004000 00000002c8ccc016 000000000036afa6
[mtlr] resource2 sel8 flags 470 sz 0x1000 -> kr 0x00000000 rid 119 GPUVA 0x10002490000 cpu 10d940000
[mtlr]   out: 0000010002490000 000000010d940000 00000001050d1940 0000000000000000
[mtlr]   out: 0000007700000000 0000000000004000 00000002c8ccc017 000000000036afa7
[mtlr] resource2 sel8 flags 470 sz 0x1000 -> kr 0x00000000 rid 119 GPUVA 0x10002490000 cpu 10d940000
[mtlr]   out: 0000010002490000 000000010d940000 00000001050d1940 0000000000000000
[mtlr]   out: 0000007700000000 0000000000004000 00000002c8ccc018 000000000036afa8
[mtlr] resource2 sel8 flags 470 sz 0x1000 -> kr 0x00000000 rid 119 GPUVA 0x10002490000 cpu 10d940000
[mtlr]   out: 0000010002490000 000000010d940000 00000001050d1940 0000000000000000
[mtlr]   out: 0000007700000000 0000000000004000 00000002c8ccc019 000000000036afa9
[mtlr] resource2 sel8 flags 470 sz 0x1000 -> kr 0x00000000 rid 119 GPUVA 0x10002490000 cpu 10d940000
[mtlr]   out: 0000010002490000 000000010d940000 00000001050d1940 0000000000000000
[mtlr]   out: 0000007700000000 0000000000004000 00000002c8ccc01a 000000000036afaa
[mtlr] resource2 sel8 flags 470 sz 0x1000 -> kr 0x00000000 rid 119 GPUVA 0x10002490000 cpu 10d940000
[mtlr]   out: 0000010002490000 000000010d940000 00000001050d1940 0000000000000000
[mtlr]   out: 0000007700000000 0000000000004000 00000002c8ccc01b 000000000036afab
[mtlr] resource2 sel8 flags 470 sz 0x1000 -> kr 0x00000000 rid 119 GPUVA 0x10002490000 cpu 10d940000
[mtlr]   out: 0000010002490000 000000010d940000 00000001050d1940 0000000000000000
[mtlr]   out: 0000007700000000 0000000000004000 00000002c8ccc01c 000000000036afac
[mtlr] resource2 sel8 flags 470 sz 0x1000 -> kr 0x00000000 rid 119 GPUVA 0x10002490000 cpu 10d940000
[mtlr]   out: 0000010002490000 000000010d940000 00000001050d1940 0000000000000000
[mtlr]   out: 0000007700000000 0000000000004000 00000002c8ccc01d 000000000036afad
[mtlr] resource2 sel8 flags 470 sz 0x1000 -> kr 0x00000000 rid 119 GPUVA 0x10002490000 cpu 10d940000
[mtlr]   out: 0000010002490000 000000010d940000 00000001050d1940 0000000000000000
[mtlr]   out: 0000007700000000 0000000000004000 00000002c8ccc01e 000000000036afae
[mtlr] resource2 sel8 flags 470 sz 0x1000 -> kr 0x00000000 rid 119 GPUVA 0x10002490000 cpu 10d940000
[mtlr]   out: 0000010002490000 000000010d940000 00000001050d1940 0000000000000000
[mtlr]   out: 0000007700000000 0000000000004000 00000002c8ccc01f 000000000036afaf
[mtlr] resource2 sel8 flags 470 sz 0x1000 -> kr 0x00000000 rid 119 GPUVA 0x10002490000 cpu 10d940000
[mtlr]   out: 0000010002490000 000000010d940000 00000001050d1940 0000000000000000
[mtlr]   out: 0000007700000000 0000000000004000 00000002c8ccc020 000000000036afb0
[mtlr] resource2 sel8 flags 470 sz 0x1000 -> kr 0x00000000 rid 119 GPUVA 0x10002490000 cpu 10d940000
[mtlr]   out: 0000010002490000 000000010d940000 00000001050d1940 0000000000000000
[mtlr]   out: 0000007700000000 0000000000004000 00000002c8ccc021 000000000036afb1
[mtlr] resource2 sel8 flags 470 sz 0x1000 -> kr 0x00000000 rid 119 GPUVA 0x10002490000 cpu 10d940000
[mtlr]   out: 0000010002490000 000000010d940000 00000001050d1940 0000000000000000
[mtlr]   out: 0000007700000000 0000000000004000 00000002c8ccc022 000000000036afb2
[mtlr] resource2 sel8 flags 470 sz 0x1000 -> kr 0x00000000 rid 119 GPUVA 0x10002490000 cpu 10d940000
[mtlr]   out: 0000010002490000 000000010d940000 00000001050d1940 0000000000000000
[mtlr]   out: 0000007700000000 0000000000004000 00000002c8ccc023 000000000036afb3
[mtlr] resource2 sel8 flags 470 sz 0x1000 -> kr 0x00000000 rid 119 GPUVA 0x10002490000 cpu 10d940000
[mtlr]   out: 0000010002490000 000000010d940000 00000001050d1940 0000000000000000
[mtlr]   out: 0000007700000000 0000000000004000 00000002c8ccc024 000000000036afb4
[mtlr] resource2 sel8 flags 470 sz 0x1000 -> kr 0x00000000 rid 119 GPUVA 0x10002490000 cpu 10d940000
[mtlr]   out: 0000010002490000 000000010d940000 00000001050d1940 0000000000000000
[mtlr]   out: 0000007700000000 0000000000004000 00000002c8ccc025 000000000036afb5
[mtlr] resource2 sel8 flags 470 sz 0x1000 -> kr 0x00000000 rid 119 GPUVA 0x10002490000 cpu 10d940000
[mtlr]   out: 0000010002490000 000000010d940000 00000001050d1940 0000000000000000
[mtlr]   out: 0000007700000000 0000000000004000 00000002c8ccc026 000000000036afb6
[mtlr] resource2 sel8 flags 470 sz 0x1000 -> kr 0x00000000 rid 119 GPUVA 0x10002490000 cpu 10d940000
[mtlr]   out: 0000010002490000 000000010d940000 00000001050d1940 0000000000000000
[mtlr]   out: 0000007700000000 0000000000004000 00000002c8ccc027 000000000036afb7
[mtlr] resource2 sel8 flags 470 sz 0x1000 -> kr 0x00000000 rid 119 GPUVA 0x10002490000 cpu 10d940000
[mtlr]   out: 0000010002490000 000000010d940000 00000001050d1940 0000000000000000
[mtlr]   out: 0000007700000000 0000000000004000 00000002c8ccc028 000000000036afb8
[mtlr] resource2 sel8 flags 470 sz 0x1000 -> kr 0x00000000 rid 119 GPUVA 0x10002490000 cpu 10d940000
[mtlr]   out: 0000010002490000 000000010d940000 00000001050d1940 0000000000000000
[mtlr]   out: 0000007700000000 0000000000004000 00000002c8ccc029 000000000036afb9
[mtlr] resource2 sel8 flags 470 sz 0x1000 -> kr 0x00000000 rid 119 GPUVA 0x10002490000 cpu 10d940000
[mtlr]   out: 0000010002490000 000000010d940000 00000001050d1940 0000000000000000
[mtlr]   out: 0000007700000000 0000000000004000 00000002c8ccc02a 000000000036afba
[mtlr] resource2 sel8 flags 470 sz 0x1000 -> kr 0x00000000 rid 119 GPUVA 0x10002490000 cpu 10d940000
[mtlr]   out: 0000010002490000 000000010d940000 00000001050d1940 0000000000000000
[mtlr]   out: 0000007700000000 0000000000004000 00000002c8ccc02b 000000000036afbb
[mtlr] resource2 sel8 flags 470 sz 0x1000 -> kr 0x00000000 rid 119 GPUVA 0x10002490000 cpu 10d940000
[mtlr]   out: 0000010002490000 000000010d940000 00000001050d1940 0000000000000000
[mtlr]   out: 0000007700000000 0000000000004000 00000002c8ccc02c 000000000036afbc
[mtlr] resource2 sel8 flags 470 sz 0x1000 -> kr 0x00000000 rid 119 GPUVA 0x10002490000 cpu 10d940000
[mtlr]   out: 0000010002490000 000000010d940000 00000001050d1940 0000000000000000
[mtlr]   out: 0000007700000000 0000000000004000 00000002c8ccc02d 000000000036afbd
[mtlr] resource2 sel8 flags 470 sz 0x1000 -> kr 0x00000000 rid 119 GPUVA 0x10002490000 cpu 10d940000
[mtlr]   out: 0000010002490000 000000010d940000 00000001050d1940 0000000000000000
[mtlr]   out: 0000007700000000 0000000000004000 00000002c8ccc02e 000000000036afbe
[mtlr] resource2 sel8 flags 470 sz 0x1000 -> kr 0x00000000 rid 119 GPUVA 0x10002490000 cpu 10d940000
[mtlr]   out: 0000010002490000 000000010d940000 00000001050d1940 0000000000000000
[mtlr]   out: 0000007700000000 0000000000004000 00000002c8ccc02f 000000000036afbf
[mtlr] resource2 sel8 flags 470 sz 0x1000 -> kr 0x00000000 rid 119 GPUVA 0x10002490000 cpu 10d940000
[mtlr]   out: 0000010002490000 000000010d940000 00000001050d1940 0000000000000000
[mtlr]   out: 0000007700000000 0000000000004000 00000002c8ccc030 000000000036afc0
[mtlr] resource2 sel8 flags 470 sz 0x1000 -> kr 0x00000000 rid 119 GPUVA 0x10002490000 cpu 10d940000
[mtlr]   out: 0000010002490000 000000010d940000 00000001050d1940 0000000000000000
[mtlr]   out: 0000007700000000 0000000000004000 00000002c8ccc031 000000000036afc1
[mtlr] resource2 sel8 flags 470 sz 0x1000 -> kr 0x00000000 rid 119 GPUVA 0x10002490000 cpu 10d940000
[mtlr]   out: 0000010002490000 000000010d940000 00000001050d1940 0000000000000000
[mtlr]   out: 0000007700000000 0000000000004000 00000002c8ccc032 000000000036afc2
[mtlr] resource2 sel8 flags 470 sz 0x1000 -> kr 0x00000000 rid 119 GPUVA 0x10002490000 cpu 10d940000
[mtlr]   out: 0000010002490000 000000010d940000 00000001050d1940 0000000000000000
[mtlr]   out: 0000007700000000 0000000000004000 00000002c8ccc033 000000000036afc3
[mtlr] resource2 sel8 flags 470 sz 0x1000 -> kr 0x00000000 rid 119 GPUVA 0x10002490000 cpu 10d940000
[mtlr]   out: 0000010002490000 000000010d940000 00000001050d1940 0000000000000000
[mtlr]   out: 0000007700000000 0000000000004000 00000002c8ccc034 000000000036afc4
[mtlr] resource2 sel8 flags 470 sz 0x1000 -> kr 0x00000000 rid 119 GPUVA 0x10002490000 cpu 10d940000
[mtlr]   out: 0000010002490000 000000010d940000 00000001050d1940 0000000000000000
[mtlr]   out: 0000007700000000 0000000000004000 00000002c8ccc035 000000000036afc5
[mtlr] resource2 sel8 flags 470 sz 0x1000 -> kr 0x00000000 rid 119 GPUVA 0x10002490000 cpu 10d940000
[mtlr]   out: 0000010002490000 000000010d940000 00000001050d1940 0000000000000000
[mtlr]   out: 0000007700000000 0000000000004000 00000002c8ccc036 000000000036afc6
[mtlr] resource2 sel8 flags 470 sz 0x1000 -> kr 0x00000000 rid 119 GPUVA 0x10002490000 cpu 10d940000
[mtlr]   out: 0000010002490000 000000010d940000 00000001050d1940 0000000000000000
[mtlr]   out: 0000007700000000 0000000000004000 00000002c8ccc037 000000000036afc7
[mtlr] resource2 sel8 flags 470 sz 0x1000 -> kr 0x00000000 rid 119 GPUVA 0x10002490000 cpu 10d940000
[mtlr]   out: 0000010002490000 000000010d940000 00000001050d1940 0000000000000000
[mtlr]   out: 0000007700000000 0000000000004000 00000002c8ccc038 000000000036afc8
[mtlr] resource2 sel8 flags 470 sz 0x1000 -> kr 0x00000000 rid 119 GPUVA 0x10002490000 cpu 10d940000
[mtlr]   out: 0000010002490000 000000010d940000 00000001050d1940 0000000000000000
[mtlr]   out: 0000007700000000 0000000000004000 00000002c8ccc039 000000000036afc9
[mtlr] resource2 sel8 flags 470 sz 0x1000 -> kr 0x00000000 rid 119 GPUVA 0x10002490000 cpu 10d940000
[mtlr]   out: 0000010002490000 000000010d940000 00000001050d1940 0000000000000000
[mtlr]   out: 0000007700000000 0000000000004000 00000002c8ccc03a 000000000036afca
[mtlr] resource2 sel8 flags 470 sz 0x1000 -> kr 0x00000000 rid 119 GPUVA 0x10002490000 cpu 10d940000
[mtlr]   out: 0000010002490000 000000010d940000 00000001050d1940 0000000000000000
[mtlr]   out: 0000007700000000 0000000000004000 00000002c8ccc03b 000000000036afcb
[mtlr] resource2 sel8 flags 470 sz 0x1000 -> kr 0x00000000 rid 119 GPUVA 0x10002490000 cpu 10d940000
[mtlr]   out: 0000010002490000 000000010d940000 00000001050d1940 0000000000000000
[mtlr]   out: 0000007700000000 0000000000004000 00000002c8ccc03c 000000000036afcc
[uatrec] S4 r7 (+0s): nvv 8 ncb 8 vsz 0x100000 fill 0x0 destroy0 kr 0x00000000 nj 40
[uatrec] S4 r7 blit[0] slots 8 ridp 1
[uatrec] S4 r7 blit[1] slots 8 ridp 1
[uatrec] S4 r7 blit[2] slots 8 ridp 1
[uatrec] S4 r7 blit[3] slots 8 ridp 1
[uatrec] S4 r7 blit[4] slots 8 ridp 1
[uatrec] S4 r7 blit[5] slots 8 ridp 1
[uatrec] S4 r7 blit[6] slots 8 ridp 1
[uatrec] S4 r7 blit[7] slots 8 ridp 1
[mtlr] resource2 sel8 flags 470 sz 0x100000 -> kr 0x00000000 rid 119 GPUVA 0x10002490000 cpu 10d240000
[mtlr]   out: 0000010002490000 000000010d240000 00000001050d1940 0000000000000000
[mtlr]   out: 0000007700000000 0000000000100000 00000002c8ccc05e 000000000036afcf
[uatrec] S4 r8 victim[0] rid 119 gpuva 0x10002490000 cpu 0x10d240000 (top-of-stack)
[mtlr] resource2 sel8 flags 470 sz 0x100000 -> kr 0x00000000 rid 120 GPUVA 0x10002598000 cpu 10d340000
[mtlr]   out: 0000010002598000 000000010d340000 00000001050d1a00 0000000000000000
[mtlr]   out: 0000007800000000 0000000000100000 00000002c8ccc05f 000000000036afd0
[uatrec] S4 r8 victim[1] rid 120 gpuva 0x10002598000 cpu 0x10d340000 (top-of-stack)
[mtlr] resource2 sel8 flags 470 sz 0x100000 -> kr 0x00000000 rid 121 GPUVA 0x100026a0000 cpu 10d440000
[mtlr]   out: 00000100026a0000 000000010d440000 00000001050d1ac0 0000000000000000
[mtlr]   out: 0000007900000000 0000000000100000 00000002c8ccc062 000000000036afd1
[uatrec] S4 r8 victim[2] rid 121 gpuva 0x100026a0000 cpu 0x10d440000 (top-of-stack)
[mtlr] resource2 sel8 flags 470 sz 0x100000 -> kr 0x00000000 rid 122 GPUVA 0x100027a8000 cpu 10d540000
[mtlr]   out: 00000100027a8000 000000010d540000 00000001050d1b80 0000000000000000
[mtlr]   out: 0000007a00000000 0000000000100000 00000002c8ccc06b 000000000036afd2
[uatrec] S4 r8 victim[3] rid 122 gpuva 0x100027a8000 cpu 0x10d540000 (top-of-stack)
[mtlr] resource2 sel8 flags 470 sz 0x100000 -> kr 0x00000000 rid 123 GPUVA 0x100028b0000 cpu 10d640000
[mtlr]   out: 00000100028b0000 000000010d640000 00000001050d1c40 0000000000000000
[mtlr]   out: 0000007b00000000 0000000000100000 00000002c8ccc073 000000000036afd3
[uatrec] S4 r8 victim[4] rid 123 gpuva 0x100028b0000 cpu 0x10d640000 (top-of-stack)
[mtlr] resource2 sel8 flags 470 sz 0x100000 -> kr 0x00000000 rid 124 GPUVA 0x100029b8000 cpu 10d740000
[mtlr]   out: 00000100029b8000 000000010d740000 00000001050d1d00 0000000000000000
[mtlr]   out: 0000007c00000000 0000000000100000 00000002c8ccc074 000000000036afd4
[uatrec] S4 r8 victim[5] rid 124 gpuva 0x100029b8000 cpu 0x10d740000 (top-of-stack)
[mtlr] resource2 sel8 flags 470 sz 0x100000 -> kr 0x00000000 rid 125 GPUVA 0x10002ac0000 cpu 10d840000
[mtlr]   out: 0000010002ac0000 000000010d840000 00000001050d1dc0 0000000000000000
[mtlr]   out: 0000007d00000000 0000000000100000 00000002c8ccc075 000000000036afd5
[uatrec] S4 r8 victim[6] rid 125 gpuva 0x10002ac0000 cpu 0x10d840000 (top-of-stack)
[mtlr] resource2 sel8 flags 470 sz 0x100000 -> kr 0x00000000 rid 126 GPUVA 0x10002bc8000 cpu 10da3c000
[mtlr]   out: 0000010002bc8000 000000010da3c000 00000001050d1e80 0000000000000000
[mtlr]   out: 0000007e00000000 0000000000100000 00000002c8ccc076 000000000036afd6
[uatrec] S4 r8 victim[7] rid 126 gpuva 0x10002bc8000 cpu 0x10da3c000 (top-of-stack)
[mtlr] resource2 sel8 flags 470 sz 0x1000 -> kr 0x00000000 rid 119 GPUVA 0x10002490000 cpu 10d940000
[mtlr]   out: 0000010002490000 000000010d940000 00000001050d1940 0000000000000000
[mtlr]   out: 0000007700000000 0000000000004000 00000002c8ccc08a 000000000036afe0
[mtlr] resource2 sel8 flags 470 sz 0x1000 -> kr 0x00000000 rid 119 GPUVA 0x10002490000 cpu 10d940000
[mtlr]   out: 0000010002490000 000000010d940000 00000001050d1940 0000000000000000
[mtlr]   out: 0000007700000000 0000000000004000 00000002c8ccc08d 000000000036afe1
[mtlr] resource2 sel8 flags 470 sz 0x1000 -> kr 0x00000000 rid 119 GPUVA 0x10002490000 cpu 10d940000
[mtlr]   out: 0000010002490000 000000010d940000 00000001050d1940 0000000000000000
[mtlr]   out: 0000007700000000 0000000000004000 00000002c8ccc091 000000000036afe2
[mtlr] resource2 sel8 flags 470 sz 0x1000 -> kr 0x00000000 rid 119 GPUVA 0x10002490000 cpu 10d940000
[mtlr]   out: 0000010002490000 000000010d940000 00000001050d1940 0000000000000000
[mtlr]   out: 0000007700000000 0000000000004000 00000002c8ccc095 000000000036afe3
[mtlr] resource2 sel8 flags 470 sz 0x1000 -> kr 0x00000000 rid 119 GPUVA 0x10002490000 cpu 10d940000
[mtlr]   out: 0000010002490000 000000010d940000 00000001050d1940 0000000000000000
[mtlr]   out: 0000007700000000 0000000000004000 00000002c8ccc096 000000000036afe4
[mtlr] resource2 sel8 flags 470 sz 0x1000 -> kr 0x00000000 rid 119 GPUVA 0x10002490000 cpu 10d940000
[mtlr]   out: 0000010002490000 000000010d940000 00000001050d1940 0000000000000000
[mtlr]   out: 0000007700000000 0000000000004000 00000002c8ccc097 000000000036afe5
[mtlr] resource2 sel8 flags 470 sz 0x1000 -> kr 0x00000000 rid 119 GPUVA 0x10002490000 cpu 10d940000
[mtlr]   out: 0000010002490000 000000010d940000 00000001050d1940 0000000000000000
[mtlr]   out: 0000007700000000 0000000000004000 00000002c8ccc098 000000000036afe6
[mtlr] resource2 sel8 flags 470 sz 0x1000 -> kr 0x00000000 rid 119 GPUVA 0x10002490000 cpu 10d940000
[mtlr]   out: 0000010002490000 000000010d940000 00000001050d1940 0000000000000000
[mtlr]   out: 0000007700000000 0000000000004000 00000002c8ccc099 000000000036afe7
[mtlr] resource2 sel8 flags 470 sz 0x1000 -> kr 0x00000000 rid 119 GPUVA 0x10002490000 cpu 10d940000
[mtlr]   out: 0000010002490000 000000010d940000 00000001050d1940 0000000000000000
[mtlr]   out: 0000007700000000 0000000000004000 00000002c8ccc09a 000000000036afe8
[mtlr] resource2 sel8 flags 470 sz 0x1000 -> kr 0x00000000 rid 119 GPUVA 0x10002490000 cpu 10d940000
[mtlr]   out: 0000010002490000 000000010d940000 00000001050d1940 0000000000000000
[mtlr]   out: 0000007700000000 0000000000004000 00000002c8ccc09b 000000000036afe9
[mtlr] resource2 sel8 flags 470 sz 0x1000 -> kr 0x00000000 rid 119 GPUVA 0x10002490000 cpu 10d940000
[mtlr]   out: 0000010002490000 000000010d940000 00000001050d1940 0000000000000000
[mtlr]   out: 0000007700000000 0000000000004000 00000002c8ccc09c 000000000036afea
[mtlr] resource2 sel8 flags 470 sz 0x1000 -> kr 0x00000000 rid 119 GPUVA 0x10002490000 cpu 10d940000
[mtlr]   out: 0000010002490000 000000010d940000 00000001050d1940 0000000000000000
[mtlr]   out: 0000007700000000 0000000000004000 00000002c8ccc09d 000000000036afeb
[mtlr] resource2 sel8 flags 470 sz 0x1000 -> kr 0x00000000 rid 119 GPUVA 0x10002490000 cpu 10d940000
[mtlr]   out: 0000010002490000 000000010d940000 00000001050d1940 0000000000000000
[mtlr]   out: 0000007700000000 0000000000004000 00000002c8ccc09e 000000000036afec
[mtlr] resource2 sel8 flags 470 sz 0x1000 -> kr 0x00000000 rid 119 GPUVA 0x10002490000 cpu 10d940000
[mtlr]   out: 0000010002490000 000000010d940000 00000001050d1940 0000000000000000
[mtlr]   out: 0000007700000000 0000000000004000 00000002c8ccc09f 000000000036afed
[mtlr] resource2 sel8 flags 470 sz 0x1000 -> kr 0x00000000 rid 119 GPUVA 0x10002490000 cpu 10d940000
[mtlr]   out: 0000010002490000 000000010d940000 00000001050d1940 0000000000000000
[mtlr]   out: 0000007700000000 0000000000004000 00000002c8ccc0a0 000000000036afee
[mtlr] resource2 sel8 flags 470 sz 0x1000 -> kr 0x00000000 rid 119 GPUVA 0x10002490000 cpu 10d940000
[mtlr]   out: 0000010002490000 000000010d940000 00000001050d1940 0000000000000000
[mtlr]   out: 0000007700000000 0000000000004000 00000002c8ccc0a1 000000000036afef
[mtlr] resource2 sel8 flags 470 sz 0x1000 -> kr 0x00000000 rid 119 GPUVA 0x10002490000 cpu 10d940000
[mtlr]   out: 0000010002490000 000000010d940000 00000001050d1940 0000000000000000
[mtlr]   out: 0000007700000000 0000000000004000 00000002c8ccc0a2 000000000036aff0
[mtlr] resource2 sel8 flags 470 sz 0x1000 -> kr 0x00000000 rid 119 GPUVA 0x10002490000 cpu 10d940000
[mtlr]   out: 0000010002490000 000000010d940000 00000001050d1940 0000000000000000
[mtlr]   out: 0000007700000000 0000000000004000 00000002c8ccc0a3 000000000036aff1
[mtlr] resource2 sel8 flags 470 sz 0x1000 -> kr 0x00000000 rid 119 GPUVA 0x10002490000 cpu 10d940000
[mtlr]   out: 0000010002490000 000000010d940000 00000001050d1940 0000000000000000
[mtlr]   out: 0000007700000000 0000000000004000 00000002c8ccc0a4 000000000036aff2
[mtlr] resource2 sel8 flags 470 sz 0x1000 -> kr 0x00000000 rid 119 GPUVA 0x10002490000 cpu 10d940000
[mtlr]   out: 0000010002490000 000000010d940000 00000001050d1940 0000000000000000
[mtlr]   out: 0000007700000000 0000000000004000 00000002c8ccc0a5 000000000036aff3
[mtlr] resource2 sel8 flags 470 sz 0x1000 -> kr 0x00000000 rid 119 GPUVA 0x10002490000 cpu 10d940000
[mtlr]   out: 0000010002490000 000000010d940000 00000001050d1940 0000000000000000
[mtlr]   out: 0000007700000000 0000000000004000 00000002c8ccc0a6 000000000036aff4
[mtlr] resource2 sel8 flags 470 sz 0x1000 -> kr 0x00000000 rid 119 GPUVA 0x10002490000 cpu 10d940000
[mtlr]   out: 0000010002490000 000000010d940000 00000001050d1940 0000000000000000
[mtlr]   out: 0000007700000000 0000000000004000 00000002c8ccc0a7 000000000036aff5
[mtlr] resource2 sel8 flags 470 sz 0x1000 -> kr 0x00000000 rid 119 GPUVA 0x10002490000 cpu 10d940000
[mtlr]   out: 0000010002490000 000000010d940000 00000001050d1940 0000000000000000
[mtlr]   out: 0000007700000000 0000000000004000 00000002c8ccc0a8 000000000036aff6
[mtlr] resource2 sel8 flags 470 sz 0x1000 -> kr 0x00000000 rid 119 GPUVA 0x10002490000 cpu 10d940000
[mtlr]   out: 0000010002490000 000000010d940000 00000001050d1940 0000000000000000
[mtlr]   out: 0000007700000000 0000000000004000 00000002c8ccc0a9 000000000036aff7
[mtlr] resource2 sel8 flags 470 sz 0x1000 -> kr 0x00000000 rid 119 GPUVA 0x10002490000 cpu 10d940000
[mtlr]   out: 0000010002490000 000000010d940000 00000001050d1940 0000000000000000
[mtlr]   out: 0000007700000000 0000000000004000 00000002c8ccc0aa 000000000036aff8
[mtlr] resource2 sel8 flags 470 sz 0x1000 -> kr 0x00000000 rid 119 GPUVA 0x10002490000 cpu 10d940000
[mtlr]   out: 0000010002490000 000000010d940000 00000001050d1940 0000000000000000
[mtlr]   out: 0000007700000000 0000000000004000 00000002c8ccc0ab 000000000036aff9
[mtlr] resource2 sel8 flags 470 sz 0x1000 -> kr 0x00000000 rid 119 GPUVA 0x10002490000 cpu 10d940000
[mtlr]   out: 0000010002490000 000000010d940000 00000001050d1940 0000000000000000
[mtlr]   out: 0000007700000000 0000000000004000 00000002c8ccc0ac 000000000036affa
[mtlr] resource2 sel8 flags 470 sz 0x1000 -> kr 0x00000000 rid 119 GPUVA 0x10002490000 cpu 10d940000
[mtlr]   out: 0000010002490000 000000010d940000 00000001050d1940 0000000000000000
[mtlr]   out: 0000007700000000 0000000000004000 00000002c8ccc0ad 000000000036affb
[mtlr] resource2 sel8 flags 470 sz 0x1000 -> kr 0x00000000 rid 119 GPUVA 0x10002490000 cpu 10d940000
[mtlr]   out: 0000010002490000 000000010d940000 00000001050d1940 0000000000000000
[mtlr]   out: 0000007700000000 0000000000004000 00000002c8ccc0ae 000000000036affc
[mtlr] resource2 sel8 flags 470 sz 0x1000 -> kr 0x00000000 rid 119 GPUVA 0x10002490000 cpu 10d940000
[mtlr]   out: 0000010002490000 000000010d940000 00000001050d1940 0000000000000000
[mtlr]   out: 0000007700000000 0000000000004000 00000002c8ccc0af 000000000036affd
[mtlr] resource2 sel8 flags 470 sz 0x1000 -> kr 0x00000000 rid 119 GPUVA 0x10002490000 cpu 10d940000
[mtlr]   out: 0000010002490000 000000010d940000 00000001050d1940 0000000000000000
[mtlr]   out: 0000007700000000 0000000000004000 00000002c8ccc0b0 000000000036affe
[mtlr] resource2 sel8 flags 470 sz 0x1000 -> kr 0x00000000 rid 119 GPUVA 0x10002490000 cpu 10d940000
[mtlr]   out: 0000010002490000 000000010d940000 00000001050d1940 0000000000000000
[mtlr]   out: 0000007700000000 0000000000004000 00000002c8ccc0b1 000000000036afff
[mtlr] resource2 sel8 flags 470 sz 0x1000 -> kr 0x00000000 rid 119 GPUVA 0x10002490000 cpu 10d940000
[mtlr]   out: 0000010002490000 000000010d940000 00000001050d1940 0000000000000000
[mtlr]   out: 0000007700000000 0000000000004000 00000002c8ccc0b2 000000000036b000
[mtlr] resource2 sel8 flags 470 sz 0x1000 -> kr 0x00000000 rid 119 GPUVA 0x10002490000 cpu 10d940000
[mtlr]   out: 0000010002490000 000000010d940000 00000001050d1940 0000000000000000
[mtlr]   out: 0000007700000000 0000000000004000 00000002c8ccc0b3 000000000036b001
[mtlr] resource2 sel8 flags 470 sz 0x1000 -> kr 0x00000000 rid 119 GPUVA 0x10002490000 cpu 10d940000
[mtlr]   out: 0000010002490000 000000010d940000 00000001050d1940 0000000000000000
[mtlr]   out: 0000007700000000 0000000000004000 00000002c8ccc0b4 000000000036b002
[mtlr] resource2 sel8 flags 470 sz 0x1000 -> kr 0x00000000 rid 119 GPUVA 0x10002490000 cpu 10d940000
[mtlr]   out: 0000010002490000 000000010d940000 00000001050d1940 0000000000000000
[mtlr]   out: 0000007700000000 0000000000004000 00000002c8ccc0b5 000000000036b003
[mtlr] resource2 sel8 flags 470 sz 0x1000 -> kr 0x00000000 rid 119 GPUVA 0x10002490000 cpu 10d940000
[mtlr]   out: 0000010002490000 000000010d940000 00000001050d1940 0000000000000000
[mtlr]   out: 0000007700000000 0000000000004000 00000002c8ccc0b6 000000000036b004
[mtlr] resource2 sel8 flags 470 sz 0x1000 -> kr 0x00000000 rid 119 GPUVA 0x10002490000 cpu 10d940000
[mtlr]   out: 0000010002490000 000000010d940000 00000001050d1940 0000000000000000
[mtlr]   out: 0000007700000000 0000000000004000 00000002c8ccc0b7 000000000036b005
[mtlr] resource2 sel8 flags 470 sz 0x1000 -> kr 0x00000000 rid 119 GPUVA 0x10002490000 cpu 10d940000
[mtlr]   out: 0000010002490000 000000010d940000 00000001050d1940 0000000000000000
[mtlr]   out: 0000007700000000 0000000000004000 00000002c8ccc0b8 000000000036b006
[mtlr] resource2 sel8 flags 470 sz 0x1000 -> kr 0x00000000 rid 119 GPUVA 0x10002490000 cpu 10d940000
[mtlr]   out: 0000010002490000 000000010d940000 00000001050d1940 0000000000000000
[mtlr]   out: 0000007700000000 0000000000004000 00000002c8ccc0b9 000000000036b007
[uatrec] S4 r8 (+0s): nvv 8 ncb 8 vsz 0x100000 fill 0x0 destroy0 kr 0x00000000 nj 40
[uatrec] S4 r8 blit[0] slots 8 ridp 1
[uatrec] S4 r8 blit[1] slots 8 ridp 1
[uatrec] S4 r8 blit[2] slots 8 ridp 1
[uatrec] S4 r8 blit[3] slots 8 ridp 1
[uatrec] S4 r8 blit[4] slots 8 ridp 1
[uatrec] S4 r8 blit[5] slots 8 ridp 1
[uatrec] S4 r8 blit[6] slots 8 ridp 1
[uatrec] S4 r8 blit[7] slots 8 ridp 1
[mtlr] resource2 sel8 flags 470 sz 0x100000 -> kr 0x00000000 rid 119 GPUVA 0x10002490000 cpu 10de10000
[mtlr]   out: 0000010002490000 000000010de10000 00000001050d1940 0000000000000000
[mtlr]   out: 0000007700000000 0000000000100000 00000002c8ccc0db 000000000036b00a
[uatrec] S4 r9 victim[0] rid 119 gpuva 0x10002490000 cpu 0x10de10000 (top-of-stack)
[mtlr] resource2 sel8 flags 470 sz 0x100000 -> kr 0x00000000 rid 120 GPUVA 0x10002598000 cpu 10df80000
[mtlr]   out: 0000010002598000 000000010df80000 00000001050d1a00 0000000000000000
[mtlr]   out: 0000007800000000 0000000000100000 00000002c8ccc0dc 000000000036b00b
[uatrec] S4 r9 victim[1] rid 120 gpuva 0x10002598000 cpu 0x10df80000 (top-of-stack)
[mtlr] resource2 sel8 flags 470 sz 0x100000 -> kr 0x00000000 rid 121 GPUVA 0x100026a0000 cpu 10e080000
[mtlr]   out: 00000100026a0000 000000010e080000 00000001050d1ac0 0000000000000000
[mtlr]   out: 0000007900000000 0000000000100000 00000002c8ccc0dd 000000000036b00c
[uatrec] S4 r9 victim[2] rid 121 gpuva 0x100026a0000 cpu 0x10e080000 (top-of-stack)
[mtlr] resource2 sel8 flags 470 sz 0x100000 -> kr 0x00000000 rid 122 GPUVA 0x100027a8000 cpu 10d240000
[mtlr]   out: 00000100027a8000 000000010d240000 00000001050d1b80 0000000000000000
[mtlr]   out: 0000007a00000000 0000000000100000 00000002c8ccc0e2 000000000036b00d
[uatrec] S4 r9 victim[3] rid 122 gpuva 0x100027a8000 cpu 0x10d240000 (top-of-stack)
[mtlr] resource2 sel8 flags 470 sz 0x100000 -> kr 0x00000000 rid 123 GPUVA 0x100028b0000 cpu 10d340000
[mtlr]   out: 00000100028b0000 000000010d340000 00000001050d1c40 0000000000000000
[mtlr]   out: 0000007b00000000 0000000000100000 00000002c8ccc0e6 000000000036b00e
[uatrec] S4 r9 victim[4] rid 123 gpuva 0x100028b0000 cpu 0x10d340000 (top-of-stack)
[mtlr] resource2 sel8 flags 470 sz 0x100000 -> kr 0x00000000 rid 124 GPUVA 0x100029b8000 cpu 10d440000
[mtlr]   out: 00000100029b8000 000000010d440000 00000001050d1d00 0000000000000000
[mtlr]   out: 0000007c00000000 0000000000100000 00000002c8ccc0e9 000000000036b00f
[uatrec] S4 r9 victim[5] rid 124 gpuva 0x100029b8000 cpu 0x10d440000 (top-of-stack)
[mtlr] resource2 sel8 flags 470 sz 0x100000 -> kr 0x00000000 rid 125 GPUVA 0x10002ac0000 cpu 10d540000
[mtlr]   out: 0000010002ac0000 000000010d540000 00000001050d1dc0 0000000000000000
[mtlr]   out: 0000007d00000000 0000000000100000 00000002c8ccc0f2 000000000036b010
[uatrec] S4 r9 victim[6] rid 125 gpuva 0x10002ac0000 cpu 0x10d540000 (top-of-stack)
[mtlr] resource2 sel8 flags 470 sz 0x100000 -> kr 0x00000000 rid 126 GPUVA 0x10002bc8000 cpu 10d640000
[mtlr]   out: 0000010002bc8000 000000010d640000 00000001050d1e80 0000000000000000
[mtlr]   out: 0000007e00000000 0000000000100000 00000002c8ccc0f3 000000000036b011
[uatrec] S4 r9 victim[7] rid 126 gpuva 0x10002bc8000 cpu 0x10d640000 (top-of-stack)
[mtlr] resource2 sel8 flags 470 sz 0x1000 -> kr 0x00000000 rid 119 GPUVA 0x10002490000 cpu 10d940000
[mtlr]   out: 0000010002490000 000000010d940000 00000001050d1940 0000000000000000
[mtlr]   out: 0000007700000000 0000000000004000 00000002c8ccc105 000000000036b01b
[mtlr] resource2 sel8 flags 470 sz 0x1000 -> kr 0x00000000 rid 119 GPUVA 0x10002490000 cpu 10d940000
[mtlr]   out: 0000010002490000 000000010d940000 00000001050d1940 0000000000000000
[mtlr]   out: 0000007700000000 0000000000004000 00000002c8ccc106 000000000036b01c
[mtlr] resource2 sel8 flags 470 sz 0x1000 -> kr 0x00000000 rid 119 GPUVA 0x10002490000 cpu 10d940000
[mtlr]   out: 0000010002490000 000000010d940000 00000001050d1940 0000000000000000
[mtlr]   out: 0000007700000000 0000000000004000 00000002c8ccc107 000000000036b01d
[mtlr] resource2 sel8 flags 470 sz 0x1000 -> kr 0x00000000 rid 119 GPUVA 0x10002490000 cpu 10d940000
[mtlr]   out: 0000010002490000 000000010d940000 00000001050d1940 0000000000000000
[mtlr]   out: 0000007700000000 0000000000004000 00000002c8ccc108 000000000036b01e
[mtlr] resource2 sel8 flags 470 sz 0x1000 -> kr 0x00000000 rid 119 GPUVA 0x10002490000 cpu 10d940000
[mtlr]   out: 0000010002490000 000000010d940000 00000001050d1940 0000000000000000
[mtlr]   out: 0000007700000000 0000000000004000 00000002c8ccc109 000000000036b01f
[mtlr] resource2 sel8 flags 470 sz 0x1000 -> kr 0x00000000 rid 119 GPUVA 0x10002490000 cpu 10d940000
[mtlr]   out: 0000010002490000 000000010d940000 00000001050d1940 0000000000000000
[mtlr]   out: 0000007700000000 0000000000004000 00000002c8ccc10a 000000000036b020
[mtlr] resource2 sel8 flags 470 sz 0x1000 -> kr 0x00000000 rid 119 GPUVA 0x10002490000 cpu 10d940000
[mtlr]   out: 0000010002490000 000000010d940000 00000001050d1940 0000000000000000
[mtlr]   out: 0000007700000000 0000000000004000 00000002c8ccc10b 000000000036b021
[mtlr] resource2 sel8 flags 470 sz 0x1000 -> kr 0x00000000 rid 119 GPUVA 0x10002490000 cpu 10d940000
[mtlr]   out: 0000010002490000 000000010d940000 00000001050d1940 0000000000000000
[mtlr]   out: 0000007700000000 0000000000004000 00000002c8ccc10e 000000000036b022
[mtlr] resource2 sel8 flags 470 sz 0x1000 -> kr 0x00000000 rid 119 GPUVA 0x10002490000 cpu 10d940000
[mtlr]   out: 0000010002490000 000000010d940000 00000001050d1940 0000000000000000
[mtlr]   out: 0000007700000000 0000000000004000 00000002c8ccc10f 000000000036b023
[mtlr] resource2 sel8 flags 470 sz 0x1000 -> kr 0x00000000 rid 119 GPUVA 0x10002490000 cpu 10d940000
[mtlr]   out: 0000010002490000 000000010d940000 00000001050d1940 0000000000000000
[mtlr]   out: 0000007700000000 0000000000004000 00000002c8ccc112 000000000036b024
[mtlr] resource2 sel8 flags 470 sz 0x1000 -> kr 0x00000000 rid 119 GPUVA 0x10002490000 cpu 10d940000
[mtlr]   out: 0000010002490000 000000010d940000 00000001050d1940 0000000000000000
[mtlr]   out: 0000007700000000 0000000000004000 00000002c8ccc115 000000000036b025
[mtlr] resource2 sel8 flags 470 sz 0x1000 -> kr 0x00000000 rid 119 GPUVA 0x10002490000 cpu 10d940000
[mtlr]   out: 0000010002490000 000000010d940000 00000001050d1940 0000000000000000
[mtlr]   out: 0000007700000000 0000000000004000 00000002c8ccc11a 000000000036b026
[mtlr] resource2 sel8 flags 470 sz 0x1000 -> kr 0x00000000 rid 119 GPUVA 0x10002490000 cpu 10d940000
[mtlr]   out: 0000010002490000 000000010d940000 00000001050d1940 0000000000000000
[mtlr]   out: 0000007700000000 0000000000004000 00000002c8ccc11b 000000000036b027
[mtlr] resource2 sel8 flags 470 sz 0x1000 -> kr 0x00000000 rid 119 GPUVA 0x10002490000 cpu 10d940000
[mtlr]   out: 0000010002490000 000000010d940000 00000001050d1940 0000000000000000
[mtlr]   out: 0000007700000000 0000000000004000 00000002c8ccc11c 000000000036b028
[mtlr] resource2 sel8 flags 470 sz 0x1000 -> kr 0x00000000 rid 119 GPUVA 0x10002490000 cpu 10d940000
[mtlr]   out: 0000010002490000 000000010d940000 00000001050d1940 0000000000000000
[mtlr]   out: 0000007700000000 0000000000004000 00000002c8ccc11d 000000000036b029
[mtlr] resource2 sel8 flags 470 sz 0x1000 -> kr 0x00000000 rid 119 GPUVA 0x10002490000 cpu 10d940000
[mtlr]   out: 0000010002490000 000000010d940000 00000001050d1940 0000000000000000
[mtlr]   out: 0000007700000000 0000000000004000 00000002c8ccc11e 000000000036b02a
[mtlr] resource2 sel8 flags 470 sz 0x1000 -> kr 0x00000000 rid 119 GPUVA 0x10002490000 cpu 10d940000
[mtlr]   out: 0000010002490000 000000010d940000 00000001050d1940 0000000000000000
[mtlr]   out: 0000007700000000 0000000000004000 00000002c8ccc11f 000000000036b02b
[mtlr] resource2 sel8 flags 470 sz 0x1000 -> kr 0x00000000 rid 119 GPUVA 0x10002490000 cpu 10d940000
[mtlr]   out: 0000010002490000 000000010d940000 00000001050d1940 0000000000000000
[mtlr]   out: 0000007700000000 0000000000004000 00000002c8ccc120 000000000036b02c
[mtlr] resource2 sel8 flags 470 sz 0x1000 -> kr 0x00000000 rid 119 GPUVA 0x10002490000 cpu 10d940000
[mtlr]   out: 0000010002490000 000000010d940000 00000001050d1940 0000000000000000
[mtlr]   out: 0000007700000000 0000000000004000 00000002c8ccc121 000000000036b02d
[mtlr] resource2 sel8 flags 470 sz 0x1000 -> kr 0x00000000 rid 119 GPUVA 0x10002490000 cpu 10d940000
[mtlr]   out: 0000010002490000 000000010d940000 00000001050d1940 0000000000000000
[mtlr]   out: 0000007700000000 0000000000004000 00000002c8ccc122 000000000036b02e
[mtlr] resource2 sel8 flags 470 sz 0x1000 -> kr 0x00000000 rid 119 GPUVA 0x10002490000 cpu 10d940000
[mtlr]   out: 0000010002490000 000000010d940000 00000001050d1940 0000000000000000
[mtlr]   out: 0000007700000000 0000000000004000 00000002c8ccc123 000000000036b02f
[mtlr] resource2 sel8 flags 470 sz 0x1000 -> kr 0x00000000 rid 119 GPUVA 0x10002490000 cpu 10d940000
[mtlr]   out: 0000010002490000 000000010d940000 00000001050d1940 0000000000000000
[mtlr]   out: 0000007700000000 0000000000004000 00000002c8ccc124 000000000036b030
[mtlr] resource2 sel8 flags 470 sz 0x1000 -> kr 0x00000000 rid 119 GPUVA 0x10002490000 cpu 10d940000
[mtlr]   out: 0000010002490000 000000010d940000 00000001050d1940 0000000000000000
[mtlr]   out: 0000007700000000 0000000000004000 00000002c8ccc125 000000000036b031
[mtlr] resource2 sel8 flags 470 sz 0x1000 -> kr 0x00000000 rid 119 GPUVA 0x10002490000 cpu 10d940000
[mtlr]   out: 0000010002490000 000000010d940000 00000001050d1940 0000000000000000
[mtlr]   out: 0000007700000000 0000000000004000 00000002c8ccc126 000000000036b032
[mtlr] resource2 sel8 flags 470 sz 0x1000 -> kr 0x00000000 rid 119 GPUVA 0x10002490000 cpu 10d940000
[mtlr]   out: 0000010002490000 000000010d940000 00000001050d1940 0000000000000000
[mtlr]   out: 0000007700000000 0000000000004000 00000002c8ccc127 000000000036b033
[mtlr] resource2 sel8 flags 470 sz 0x1000 -> kr 0x00000000 rid 119 GPUVA 0x10002490000 cpu 10d940000
[mtlr]   out: 0000010002490000 000000010d940000 00000001050d1940 0000000000000000
[mtlr]   out: 0000007700000000 0000000000004000 00000002c8ccc128 000000000036b034
[mtlr] resource2 sel8 flags 470 sz 0x1000 -> kr 0x00000000 rid 119 GPUVA 0x10002490000 cpu 10d940000
[mtlr]   out: 0000010002490000 000000010d940000 00000001050d1940 0000000000000000
[mtlr]   out: 0000007700000000 0000000000004000 00000002c8ccc129 000000000036b035
[mtlr] resource2 sel8 flags 470 sz 0x1000 -> kr 0x00000000 rid 119 GPUVA 0x10002490000 cpu 10d940000
[mtlr]   out: 0000010002490000 000000010d940000 00000001050d1940 0000000000000000
[mtlr]   out: 0000007700000000 0000000000004000 00000002c8ccc12a 000000000036b036
[mtlr] resource2 sel8 flags 470 sz 0x1000 -> kr 0x00000000 rid 119 GPUVA 0x10002490000 cpu 10d940000
[mtlr]   out: 0000010002490000 000000010d940000 00000001050d1940 0000000000000000
[mtlr]   out: 0000007700000000 0000000000004000 00000002c8ccc12b 000000000036b037
[mtlr] resource2 sel8 flags 470 sz 0x1000 -> kr 0x00000000 rid 119 GPUVA 0x10002490000 cpu 10d940000
[mtlr]   out: 0000010002490000 000000010d940000 00000001050d1940 0000000000000000
[mtlr]   out: 0000007700000000 0000000000004000 00000002c8ccc12c 000000000036b038
[mtlr] resource2 sel8 flags 470 sz 0x1000 -> kr 0x00000000 rid 119 GPUVA 0x10002490000 cpu 10d940000
[mtlr]   out: 0000010002490000 000000010d940000 00000001050d1940 0000000000000000
[mtlr]   out: 0000007700000000 0000000000004000 00000002c8ccc12d 000000000036b039
[mtlr] resource2 sel8 flags 470 sz 0x1000 -> kr 0x00000000 rid 119 GPUVA 0x10002490000 cpu 10d940000
[mtlr]   out: 0000010002490000 000000010d940000 00000001050d1940 0000000000000000
[mtlr]   out: 0000007700000000 0000000000004000 00000002c8ccc12e 000000000036b03a
[mtlr] resource2 sel8 flags 470 sz 0x1000 -> kr 0x00000000 rid 119 GPUVA 0x10002490000 cpu 10d940000
[mtlr]   out: 0000010002490000 000000010d940000 00000001050d1940 0000000000000000
[mtlr]   out: 0000007700000000 0000000000004000 00000002c8ccc12f 000000000036b03b
[mtlr] resource2 sel8 flags 470 sz 0x1000 -> kr 0x00000000 rid 119 GPUVA 0x10002490000 cpu 10d940000
[mtlr]   out: 0000010002490000 000000010d940000 00000001050d1940 0000000000000000
[mtlr]   out: 0000007700000000 0000000000004000 00000002c8ccc130 000000000036b03c
[mtlr] resource2 sel8 flags 470 sz 0x1000 -> kr 0x00000000 rid 119 GPUVA 0x10002490000 cpu 10d940000
[mtlr]   out: 0000010002490000 000000010d940000 00000001050d1940 0000000000000000
[mtlr]   out: 0000007700000000 0000000000004000 00000002c8ccc131 000000000036b03d
[mtlr] resource2 sel8 flags 470 sz 0x1000 -> kr 0x00000000 rid 119 GPUVA 0x10002490000 cpu 10d940000
[mtlr]   out: 0000010002490000 000000010d940000 00000001050d1940 0000000000000000
[mtlr]   out: 0000007700000000 0000000000004000 00000002c8ccc132 000000000036b03e
[mtlr] resource2 sel8 flags 470 sz 0x1000 -> kr 0x00000000 rid 119 GPUVA 0x10002490000 cpu 10d940000
[mtlr]   out: 0000010002490000 000000010d940000 00000001050d1940 0000000000000000
[mtlr]   out: 0000007700000000 0000000000004000 00000002c8ccc133 000000000036b03f
[mtlr] resource2 sel8 flags 470 sz 0x1000 -> kr 0x00000000 rid 119 GPUVA 0x10002490000 cpu 10d940000
[mtlr]   out: 0000010002490000 000000010d940000 00000001050d1940 0000000000000000
[mtlr]   out: 0000007700000000 0000000000004000 00000002c8ccc134 000000000036b040
[mtlr] resource2 sel8 flags 470 sz 0x1000 -> kr 0x00000000 rid 119 GPUVA 0x10002490000 cpu 10d940000
[mtlr]   out: 0000010002490000 000000010d940000 00000001050d1940 0000000000000000
[mtlr]   out: 0000007700000000 0000000000004000 00000002c8ccc135 000000000036b041
[mtlr] resource2 sel8 flags 470 sz 0x1000 -> kr 0x00000000 rid 119 GPUVA 0x10002490000 cpu 10d940000
[mtlr]   out: 0000010002490000 000000010d940000 00000001050d1940 0000000000000000
[mtlr]   out: 0000007700000000 0000000000004000 00000002c8ccc136 000000000036b042
[uatrec] S4 r9 (+0s): nvv 8 ncb 8 vsz 0x100000 fill 0x0 destroy0 kr 0x00000000 nj 40
[uatrec] S4 r9 blit[0] slots 8 ridp 1
[uatrec] S4 r9 blit[1] slots 8 ridp 1
[uatrec] S4 r9 blit[2] slots 8 ridp 1
[uatrec] S4 r9 blit[3] slots 8 ridp 1
[uatrec] S4 r9 blit[4] slots 8 ridp 1
[uatrec] S4 r9 blit[5] slots 8 ridp 1
[uatrec] S4 r9 blit[6] slots 8 ridp 1
[uatrec] S4 r9 blit[7] slots 8 ridp 1
[uatrec] S4 heartbeat: round 10 done, t=0s (alive)
[mtlr] resource2 sel8 flags 470 sz 0x100000 -> kr 0x00000000 rid 119 GPUVA 0x10002490000 cpu 10d840000
[mtlr]   out: 0000010002490000 000000010d840000 00000001050d1940 0000000000000000
[mtlr]   out: 0000007700000000 0000000000100000 00000002c8ccc158 000000000036b045
[uatrec] S4 r10 victim[0] rid 119 gpuva 0x10002490000 cpu 0x10d840000 (top-of-stack)
[mtlr] resource2 sel8 flags 470 sz 0x100000 -> kr 0x00000000 rid 120 GPUVA 0x10002598000 cpu 10da3c000
[mtlr]   out: 0000010002598000 000000010da3c000 00000001050d1a00 0000000000000000
[mtlr]   out: 0000007800000000 0000000000100000 00000002c8ccc159 000000000036b046
[uatrec] S4 r10 victim[1] rid 120 gpuva 0x10002598000 cpu 0x10da3c000 (top-of-stack)
[mtlr] resource2 sel8 flags 470 sz 0x100000 -> kr 0x00000000 rid 121 GPUVA 0x100026a0000 cpu 10dca0000
[mtlr]   out: 00000100026a0000 000000010dca0000 00000001050d1ac0 0000000000000000
[mtlr]   out: 0000007900000000 0000000000100000 00000002c8ccc15a 000000000036b047
[uatrec] S4 r10 victim[2] rid 121 gpuva 0x100026a0000 cpu 0x10dca0000 (top-of-stack)
[mtlr] resource2 sel8 flags 470 sz 0x100000 -> kr 0x00000000 rid 122 GPUVA 0x100027a8000 cpu 10d240000
[mtlr]   out: 00000100027a8000 000000010d240000 00000001050d1b80 0000000000000000
[mtlr]   out: 0000007a00000000 0000000000100000 00000002c8ccc15b 000000000036b048
[uatrec] S4 r10 victim[3] rid 122 gpuva 0x100027a8000 cpu 0x10d240000 (top-of-stack)
[mtlr] resource2 sel8 flags 470 sz 0x100000 -> kr 0x00000000 rid 123 GPUVA 0x100028b0000 cpu 10d340000
[mtlr]   out: 00000100028b0000 000000010d340000 00000001050d1c40 0000000000000000
[mtlr]   out: 0000007b00000000 0000000000100000 00000002c8ccc15c 000000000036b049
[uatrec] S4 r10 victim[4] rid 123 gpuva 0x100028b0000 cpu 0x10d340000 (top-of-stack)
[mtlr] resource2 sel8 flags 470 sz 0x100000 -> kr 0x00000000 rid 124 GPUVA 0x100029b8000 cpu 10d440000
[mtlr]   out: 00000100029b8000 000000010d440000 00000001050d1d00 0000000000000000
[mtlr]   out: 0000007c00000000 0000000000100000 00000002c8ccc164 000000000036b04a
[uatrec] S4 r10 victim[5] rid 124 gpuva 0x100029b8000 cpu 0x10d440000 (top-of-stack)
[mtlr] resource2 sel8 flags 470 sz 0x100000 -> kr 0x00000000 rid 125 GPUVA 0x10002ac0000 cpu 10d540000
[mtlr]   out: 0000010002ac0000 000000010d540000 00000001050d1dc0 0000000000000000
[mtlr]   out: 0000007d00000000 0000000000100000 00000002c8ccc165 000000000036b04b
[uatrec] S4 r10 victim[6] rid 125 gpuva 0x10002ac0000 cpu 0x10d540000 (top-of-stack)
[mtlr] resource2 sel8 flags 470 sz 0x100000 -> kr 0x00000000 rid 126 GPUVA 0x10002bc8000 cpu 10d640000
[mtlr]   out: 0000010002bc8000 000000010d640000 00000001050d1e80 0000000000000000
[mtlr]   out: 0000007e00000000 0000000000100000 00000002c8ccc168 000000000036b04c
[uatrec] S4 r10 victim[7] rid 126 gpuva 0x10002bc8000 cpu 0x10d640000 (top-of-stack)
[mtlr] resource2 sel8 flags 470 sz 0x1000 -> kr 0x00000000 rid 119 GPUVA 0x10002490000 cpu 10d940000
[mtlr]   out: 0000010002490000 000000010d940000 00000001050d1940 0000000000000000
[mtlr]   out: 0000007700000000 0000000000004000 00000002c8ccc18d 000000000036b056
[mtlr] resource2 sel8 flags 470 sz 0x1000 -> kr 0x00000000 rid 119 GPUVA 0x10002490000 cpu 10d940000
[mtlr]   out: 0000010002490000 000000010d940000 00000001050d1940 0000000000000000
[mtlr]   out: 0000007700000000 0000000000004000 00000002c8ccc18e 000000000036b057
[mtlr] resource2 sel8 flags 470 sz 0x1000 -> kr 0x00000000 rid 119 GPUVA 0x10002490000 cpu 10d940000
[mtlr]   out: 0000010002490000 000000010d940000 00000001050d1940 0000000000000000
[mtlr]   out: 0000007700000000 0000000000004000 00000002c8ccc18f 000000000036b058
[mtlr] resource2 sel8 flags 470 sz 0x1000 -> kr 0x00000000 rid 119 GPUVA 0x10002490000 cpu 10d940000
[mtlr]   out: 0000010002490000 000000010d940000 00000001050d1940 0000000000000000
[mtlr]   out: 0000007700000000 0000000000004000 00000002c8ccc190 000000000036b059
[mtlr] resource2 sel8 flags 470 sz 0x1000 -> kr 0x00000000 rid 119 GPUVA 0x10002490000 cpu 10d940000
[mtlr]   out: 0000010002490000 000000010d940000 00000001050d1940 0000000000000000
[mtlr]   out: 0000007700000000 0000000000004000 00000002c8ccc191 000000000036b05a
[mtlr] resource2 sel8 flags 470 sz 0x1000 -> kr 0x00000000 rid 119 GPUVA 0x10002490000 cpu 10d940000
[mtlr]   out: 0000010002490000 000000010d940000 00000001050d1940 0000000000000000
[mtlr]   out: 0000007700000000 0000000000004000 00000002c8ccc192 000000000036b05b
[mtlr] resource2 sel8 flags 470 sz 0x1000 -> kr 0x00000000 rid 119 GPUVA 0x10002490000 cpu 10d940000
[mtlr]   out: 0000010002490000 000000010d940000 00000001050d1940 0000000000000000
[mtlr]   out: 0000007700000000 0000000000004000 00000002c8ccc193 000000000036b05c
[mtlr] resource2 sel8 flags 470 sz 0x1000 -> kr 0x00000000 rid 119 GPUVA 0x10002490000 cpu 10d940000
[mtlr]   out: 0000010002490000 000000010d940000 00000001050d1940 0000000000000000
[mtlr]   out: 0000007700000000 0000000000004000 00000002c8ccc194 000000000036b05d
[mtlr] resource2 sel8 flags 470 sz 0x1000 -> kr 0x00000000 rid 119 GPUVA 0x10002490000 cpu 10d940000
[mtlr]   out: 0000010002490000 000000010d940000 00000001050d1940 0000000000000000
[mtlr]   out: 0000007700000000 0000000000004000 00000002c8ccc195 000000000036b05e
[mtlr] resource2 sel8 flags 470 sz 0x1000 -> kr 0x00000000 rid 119 GPUVA 0x10002490000 cpu 10d940000
[mtlr]   out: 0000010002490000 000000010d940000 00000001050d1940 0000000000000000
[mtlr]   out: 0000007700000000 0000000000004000 00000002c8ccc196 000000000036b05f
[mtlr] resource2 sel8 flags 470 sz 0x1000 -> kr 0x00000000 rid 119 GPUVA 0x10002490000 cpu 10d940000
[mtlr]   out: 0000010002490000 000000010d940000 00000001050d1940 0000000000000000
[mtlr]   out: 0000007700000000 0000000000004000 00000002c8ccc197 000000000036b060
[mtlr] resource2 sel8 flags 470 sz 0x1000 -> kr 0x00000000 rid 119 GPUVA 0x10002490000 cpu 10d940000
[mtlr]   out: 0000010002490000 000000010d940000 00000001050d1940 0000000000000000
[mtlr]   out: 0000007700000000 0000000000004000 00000002c8ccc198 000000000036b061
[mtlr] resource2 sel8 flags 470 sz 0x1000 -> kr 0x00000000 rid 119 GPUVA 0x10002490000 cpu 10d940000
[mtlr]   out: 0000010002490000 000000010d940000 00000001050d1940 0000000000000000
[mtlr]   out: 0000007700000000 0000000000004000 00000002c8ccc199 000000000036b062
[mtlr] resource2 sel8 flags 470 sz 0x1000 -> kr 0x00000000 rid 119 GPUVA 0x10002490000 cpu 10d940000
[mtlr]   out: 0000010002490000 000000010d940000 00000001050d1940 0000000000000000
[mtlr]   out: 0000007700000000 0000000000004000 00000002c8ccc19a 000000000036b063
[mtlr] resource2 sel8 flags 470 sz 0x1000 -> kr 0x00000000 rid 119 GPUVA 0x10002490000 cpu 10d940000
[mtlr]   out: 0000010002490000 000000010d940000 00000001050d1940 0000000000000000
[mtlr]   out: 0000007700000000 0000000000004000 00000002c8ccc19b 000000000036b064
[mtlr] resource2 sel8 flags 470 sz 0x1000 -> kr 0x00000000 rid 119 GPUVA 0x10002490000 cpu 10d940000
[mtlr]   out: 0000010002490000 000000010d940000 00000001050d1940 0000000000000000
[mtlr]   out: 0000007700000000 0000000000004000 00000002c8ccc19c 000000000036b065
[mtlr] resource2 sel8 flags 470 sz 0x1000 -> kr 0x00000000 rid 119 GPUVA 0x10002490000 cpu 10d940000
[mtlr]   out: 0000010002490000 000000010d940000 00000001050d1940 0000000000000000
[mtlr]   out: 0000007700000000 0000000000004000 00000002c8ccc19d 000000000036b066
[mtlr] resource2 sel8 flags 470 sz 0x1000 -> kr 0x00000000 rid 119 GPUVA 0x10002490000 cpu 10d940000
[mtlr]   out: 0000010002490000 000000010d940000 00000001050d1940 0000000000000000
[mtlr]   out: 0000007700000000 0000000000004000 00000002c8ccc19e 000000000036b067
[mtlr] resource2 sel8 flags 470 sz 0x1000 -> kr 0x00000000 rid 119 GPUVA 0x10002490000 cpu 10d940000
[mtlr]   out: 0000010002490000 000000010d940000 00000001050d1940 0000000000000000
[mtlr]   out: 0000007700000000 0000000000004000 00000002c8ccc19f 000000000036b068
[mtlr] resource2 sel8 flags 470 sz 0x1000 -> kr 0x00000000 rid 119 GPUVA 0x10002490000 cpu 10d940000
[mtlr]   out: 0000010002490000 000000010d940000 00000001050d1940 0000000000000000
[mtlr]   out: 0000007700000000 0000000000004000 00000002c8ccc1a0 000000000036b069
[mtlr] resource2 sel8 flags 470 sz 0x1000 -> kr 0x00000000 rid 119 GPUVA 0x10002490000 cpu 10d940000
[mtlr]   out: 0000010002490000 000000010d940000 00000001050d1940 0000000000000000
[mtlr]   out: 0000007700000000 0000000000004000 00000002c8ccc1a1 000000000036b06a
[mtlr] resource2 sel8 flags 470 sz 0x1000 -> kr 0x00000000 rid 119 GPUVA 0x10002490000 cpu 10d940000
[mtlr]   out: 0000010002490000 000000010d940000 00000001050d1940 0000000000000000
[mtlr]   out: 0000007700000000 0000000000004000 00000002c8ccc1a2 000000000036b06b
[mtlr] resource2 sel8 flags 470 sz 0x1000 -> kr 0x00000000 rid 119 GPUVA 0x10002490000 cpu 10d940000
[mtlr]   out: 0000010002490000 000000010d940000 00000001050d1940 0000000000000000
[mtlr]   out: 0000007700000000 0000000000004000 00000002c8ccc1a3 000000000036b06c
[mtlr] resource2 sel8 flags 470 sz 0x1000 -> kr 0x00000000 rid 119 GPUVA 0x10002490000 cpu 10d940000
[mtlr]   out: 0000010002490000 000000010d940000 00000001050d1940 0000000000000000
[mtlr]   out: 0000007700000000 0000000000004000 00000002c8ccc1a4 000000000036b06d
[mtlr] resource2 sel8 flags 470 sz 0x1000 -> kr 0x00000000 rid 119 GPUVA 0x10002490000 cpu 10d940000
[mtlr]   out: 0000010002490000 000000010d940000 00000001050d1940 0000000000000000
[mtlr]   out: 0000007700000000 0000000000004000 00000002c8ccc1a5 000000000036b06e
[mtlr] resource2 sel8 flags 470 sz 0x1000 -> kr 0x00000000 rid 119 GPUVA 0x10002490000 cpu 10d940000
[mtlr]   out: 0000010002490000 000000010d940000 00000001050d1940 0000000000000000
[mtlr]   out: 0000007700000000 0000000000004000 00000002c8ccc1a6 000000000036b06f
[mtlr] resource2 sel8 flags 470 sz 0x1000 -> kr 0x00000000 rid 119 GPUVA 0x10002490000 cpu 10d940000
[mtlr]   out: 0000010002490000 000000010d940000 00000001050d1940 0000000000000000
[mtlr]   out: 0000007700000000 0000000000004000 00000002c8ccc1a7 000000000036b070
[mtlr] resource2 sel8 flags 470 sz 0x1000 -> kr 0x00000000 rid 119 GPUVA 0x10002490000 cpu 10d940000
[mtlr]   out: 0000010002490000 000000010d940000 00000001050d1940 0000000000000000
[mtlr]   out: 0000007700000000 0000000000004000 00000002c8ccc1a8 000000000036b071
[mtlr] resource2 sel8 flags 470 sz 0x1000 -> kr 0x00000000 rid 119 GPUVA 0x10002490000 cpu 10d940000
[mtlr]   out: 0000010002490000 000000010d940000 00000001050d1940 0000000000000000
[mtlr]   out: 0000007700000000 0000000000004000 00000002c8ccc1a9 000000000036b072
[mtlr] resource2 sel8 flags 470 sz 0x1000 -> kr 0x00000000 rid 119 GPUVA 0x10002490000 cpu 10d940000
[mtlr]   out: 0000010002490000 000000010d940000 00000001050d1940 0000000000000000
[mtlr]   out: 0000007700000000 0000000000004000 00000002c8ccc1aa 000000000036b073
[mtlr] resource2 sel8 flags 470 sz 0x1000 -> kr 0x00000000 rid 119 GPUVA 0x10002490000 cpu 10d940000
[mtlr]   out: 0000010002490000 000000010d940000 00000001050d1940 0000000000000000
[mtlr]   out: 0000007700000000 0000000000004000 00000002c8ccc1ab 000000000036b074
[mtlr] resource2 sel8 flags 470 sz 0x1000 -> kr 0x00000000 rid 119 GPUVA 0x10002490000 cpu 10d940000
[mtlr]   out: 0000010002490000 000000010d940000 00000001050d1940 0000000000000000
[mtlr]   out: 0000007700000000 0000000000004000 00000002c8ccc1ac 000000000036b075
[mtlr] resource2 sel8 flags 470 sz 0x1000 -> kr 0x00000000 rid 119 GPUVA 0x10002490000 cpu 10d940000
[mtlr]   out: 0000010002490000 000000010d940000 00000001050d1940 0000000000000000
[mtlr]   out: 0000007700000000 0000000000004000 00000002c8ccc1ad 000000000036b076
[mtlr] resource2 sel8 flags 470 sz 0x1000 -> kr 0x00000000 rid 119 GPUVA 0x10002490000 cpu 10d940000
[mtlr]   out: 0000010002490000 000000010d940000 00000001050d1940 0000000000000000
[mtlr]   out: 0000007700000000 0000000000004000 00000002c8ccc1ae 000000000036b077
[mtlr] resource2 sel8 flags 470 sz 0x1000 -> kr 0x00000000 rid 119 GPUVA 0x10002490000 cpu 10d940000
[mtlr]   out: 0000010002490000 000000010d940000 00000001050d1940 0000000000000000
[mtlr]   out: 0000007700000000 0000000000004000 00000002c8ccc1af 000000000036b078
[mtlr] resource2 sel8 flags 470 sz 0x1000 -> kr 0x00000000 rid 119 GPUVA 0x10002490000 cpu 10d940000
[mtlr]   out: 0000010002490000 000000010d940000 00000001050d1940 0000000000000000
[mtlr]   out: 0000007700000000 0000000000004000 00000002c8ccc1b0 000000000036b079
[mtlr] resource2 sel8 flags 470 sz 0x1000 -> kr 0x00000000 rid 119 GPUVA 0x10002490000 cpu 10d940000
[mtlr]   out: 0000010002490000 000000010d940000 00000001050d1940 0000000000000000
[mtlr]   out: 0000007700000000 0000000000004000 00000002c8ccc1b1 000000000036b07a
[mtlr] resource2 sel8 flags 470 sz 0x1000 -> kr 0x00000000 rid 119 GPUVA 0x10002490000 cpu 10d940000
[mtlr]   out: 0000010002490000 000000010d940000 00000001050d1940 0000000000000000
[mtlr]   out: 0000007700000000 0000000000004000 00000002c8ccc1b2 000000000036b07b
[mtlr] resource2 sel8 flags 470 sz 0x1000 -> kr 0x00000000 rid 119 GPUVA 0x10002490000 cpu 10d940000
[mtlr]   out: 0000010002490000 000000010d940000 00000001050d1940 0000000000000000
[mtlr]   out: 0000007700000000 0000000000004000 00000002c8ccc1b3 000000000036b07c
[mtlr] resource2 sel8 flags 470 sz 0x1000 -> kr 0x00000000 rid 119 GPUVA 0x10002490000 cpu 10d940000
[mtlr]   out: 0000010002490000 000000010d940000 00000001050d1940 0000000000000000
[mtlr]   out: 0000007700000000 0000000000004000 00000002c8ccc1b4 000000000036b07d
[uatrec] S4 r10 (+0s): nvv 8 ncb 8 vsz 0x100000 fill 0x0 destroy0 kr 0x00000000 nj 40
[uatrec] S4 r10 blit[0] slots 8 ridp 1
[uatrec] S4 r10 blit[1] slots 8 ridp 1
[uatrec] S4 r10 blit[2] slots 8 ridp 1
[uatrec] S4 r10 blit[3] slots 8 ridp 1
[uatrec] S4 r10 blit[4] slots 8 ridp 1
[uatrec] S4 r10 blit[5] slots 8 ridp 1
[uatrec] S4 r10 blit[6] slots 8 ridp 1
[uatrec] S4 r10 blit[7] slots 8 ridp 1
[mtlr] resource2 sel8 flags 470 sz 0x100000 -> kr 0x00000000 rid 119 GPUVA 0x10002490000 cpu 10d240000
[mtlr]   out: 0000010002490000 000000010d240000 00000001050d1940 0000000000000000
[mtlr]   out: 0000007700000000 0000000000100000 00000002c8ccc1d6 000000000036b080
[uatrec] S4 r11 victim[0] rid 119 gpuva 0x10002490000 cpu 0x10d240000 (top-of-stack)
[mtlr] resource2 sel8 flags 470 sz 0x100000 -> kr 0x00000000 rid 120 GPUVA 0x10002598000 cpu 10d340000
[mtlr]   out: 0000010002598000 000000010d340000 00000001050d1a00 0000000000000000
[mtlr]   out: 0000007800000000 0000000000100000 00000002c8ccc1d7 000000000036b081
[uatrec] S4 r11 victim[1] rid 120 gpuva 0x10002598000 cpu 0x10d340000 (top-of-stack)
[mtlr] resource2 sel8 flags 470 sz 0x100000 -> kr 0x00000000 rid 121 GPUVA 0x100026a0000 cpu 10d440000
[mtlr]   out: 00000100026a0000 000000010d440000 00000001050d1ac0 0000000000000000
[mtlr]   out: 0000007900000000 0000000000100000 00000002c8ccc1d8 000000000036b082
[uatrec] S4 r11 victim[2] rid 121 gpuva 0x100026a0000 cpu 0x10d440000 (top-of-stack)
[mtlr] resource2 sel8 flags 470 sz 0x100000 -> kr 0x00000000 rid 122 GPUVA 0x100027a8000 cpu 10d540000
[mtlr]   out: 00000100027a8000 000000010d540000 00000001050d1b80 0000000000000000
[mtlr]   out: 0000007a00000000 0000000000100000 00000002c8ccc1d9 000000000036b083
[uatrec] S4 r11 victim[3] rid 122 gpuva 0x100027a8000 cpu 0x10d540000 (top-of-stack)
[mtlr] resource2 sel8 flags 470 sz 0x100000 -> kr 0x00000000 rid 123 GPUVA 0x100028b0000 cpu 10d640000
[mtlr]   out: 00000100028b0000 000000010d640000 00000001050d1c40 0000000000000000
[mtlr]   out: 0000007b00000000 0000000000100000 00000002c8ccc1da 000000000036b084
[uatrec] S4 r11 victim[4] rid 123 gpuva 0x100028b0000 cpu 0x10d640000 (top-of-stack)
[mtlr] resource2 sel8 flags 470 sz 0x100000 -> kr 0x00000000 rid 124 GPUVA 0x100029b8000 cpu 10d740000
[mtlr]   out: 00000100029b8000 000000010d740000 00000001050d1d00 0000000000000000
[mtlr]   out: 0000007c00000000 0000000000100000 00000002c8ccc1e2 000000000036b085
[uatrec] S4 r11 victim[5] rid 124 gpuva 0x100029b8000 cpu 0x10d740000 (top-of-stack)
[mtlr] resource2 sel8 flags 470 sz 0x100000 -> kr 0x00000000 rid 125 GPUVA 0x10002ac0000 cpu 10d840000
[mtlr]   out: 0000010002ac0000 000000010d840000 00000001050d1dc0 0000000000000000
[mtlr]   out: 0000007d00000000 0000000000100000 00000002c8ccc1e3 000000000036b086
[uatrec] S4 r11 victim[6] rid 125 gpuva 0x10002ac0000 cpu 0x10d840000 (top-of-stack)
[mtlr] resource2 sel8 flags 470 sz 0x100000 -> kr 0x00000000 rid 126 GPUVA 0x10002bc8000 cpu 10da3c000
[mtlr]   out: 0000010002bc8000 000000010da3c000 00000001050d1e80 0000000000000000
[mtlr]   out: 0000007e00000000 0000000000100000 00000002c8ccc1e4 000000000036b087
[uatrec] S4 r11 victim[7] rid 126 gpuva 0x10002bc8000 cpu 0x10da3c000 (top-of-stack)
[mtlr] resource2 sel8 flags 470 sz 0x1000 -> kr 0x00000000 rid 119 GPUVA 0x10002490000 cpu 10d940000
[mtlr]   out: 0000010002490000 000000010d940000 00000001050d1940 0000000000000000
[mtlr]   out: 0000007700000000 0000000000004000 00000002c8ccc200 000000000036b091
[mtlr] resource2 sel8 flags 470 sz 0x1000 -> kr 0x00000000 rid 119 GPUVA 0x10002490000 cpu 10d940000
[mtlr]   out: 0000010002490000 000000010d940000 00000001050d1940 0000000000000000
[mtlr]   out: 0000007700000000 0000000000004000 00000002c8ccc201 000000000036b092
[mtlr] resource2 sel8 flags 470 sz 0x1000 -> kr 0x00000000 rid 119 GPUVA 0x10002490000 cpu 10d940000
[mtlr]   out: 0000010002490000 000000010d940000 00000001050d1940 0000000000000000
[mtlr]   out: 0000007700000000 0000000000004000 00000002c8ccc202 000000000036b093
[mtlr] resource2 sel8 flags 470 sz 0x1000 -> kr 0x00000000 rid 119 GPUVA 0x10002490000 cpu 10d940000
[mtlr]   out: 0000010002490000 000000010d940000 00000001050d1940 0000000000000000
[mtlr]   out: 0000007700000000 0000000000004000 00000002c8ccc203 000000000036b094
[mtlr] resource2 sel8 flags 470 sz 0x1000 -> kr 0x00000000 rid 119 GPUVA 0x10002490000 cpu 10d940000
[mtlr]   out: 0000010002490000 000000010d940000 00000001050d1940 0000000000000000
[mtlr]   out: 0000007700000000 0000000000004000 00000002c8ccc204 000000000036b095
[mtlr] resource2 sel8 flags 470 sz 0x1000 -> kr 0x00000000 rid 119 GPUVA 0x10002490000 cpu 10d940000
[mtlr]   out: 0000010002490000 000000010d940000 00000001050d1940 0000000000000000
[mtlr]   out: 0000007700000000 0000000000004000 00000002c8ccc205 000000000036b096
[mtlr] resource2 sel8 flags 470 sz 0x1000 -> kr 0x00000000 rid 119 GPUVA 0x10002490000 cpu 10d940000
[mtlr]   out: 0000010002490000 000000010d940000 00000001050d1940 0000000000000000
[mtlr]   out: 0000007700000000 0000000000004000 00000002c8ccc206 000000000036b097
[mtlr] resource2 sel8 flags 470 sz 0x1000 -> kr 0x00000000 rid 119 GPUVA 0x10002490000 cpu 10d940000
[mtlr]   out: 0000010002490000 000000010d940000 00000001050d1940 0000000000000000
[mtlr]   out: 0000007700000000 0000000000004000 00000002c8ccc207 000000000036b098
[mtlr] resource2 sel8 flags 470 sz 0x1000 -> kr 0x00000000 rid 119 GPUVA 0x10002490000 cpu 10d940000
[mtlr]   out: 0000010002490000 000000010d940000 00000001050d1940 0000000000000000
[mtlr]   out: 0000007700000000 0000000000004000 00000002c8ccc208 000000000036b099
[mtlr] resource2 sel8 flags 470 sz 0x1000 -> kr 0x00000000 rid 119 GPUVA 0x10002490000 cpu 10d940000
[mtlr]   out: 0000010002490000 000000010d940000 00000001050d1940 0000000000000000
[mtlr]   out: 0000007700000000 0000000000004000 00000002c8ccc209 000000000036b09a
[mtlr] resource2 sel8 flags 470 sz 0x1000 -> kr 0x00000000 rid 119 GPUVA 0x10002490000 cpu 10d940000
[mtlr]   out: 0000010002490000 000000010d940000 00000001050d1940 0000000000000000
[mtlr]   out: 0000007700000000 0000000000004000 00000002c8ccc20a 000000000036b09b
[mtlr] resource2 sel8 flags 470 sz 0x1000 -> kr 0x00000000 rid 119 GPUVA 0x10002490000 cpu 10d940000
[mtlr]   out: 0000010002490000 000000010d940000 00000001050d1940 0000000000000000
[mtlr]   out: 0000007700000000 0000000000004000 00000002c8ccc20b 000000000036b09c
[mtlr] resource2 sel8 flags 470 sz 0x1000 -> kr 0x00000000 rid 119 GPUVA 0x10002490000 cpu 10d940000
[mtlr]   out: 0000010002490000 000000010d940000 00000001050d1940 0000000000000000
[mtlr]   out: 0000007700000000 0000000000004000 00000002c8ccc20c 000000000036b09d
[mtlr] resource2 sel8 flags 470 sz 0x1000 -> kr 0x00000000 rid 119 GPUVA 0x10002490000 cpu 10d940000
[mtlr]   out: 0000010002490000 000000010d940000 00000001050d1940 0000000000000000
[mtlr]   out: 0000007700000000 0000000000004000 00000002c8ccc20d 000000000036b09e
[mtlr] resource2 sel8 flags 470 sz 0x1000 -> kr 0x00000000 rid 119 GPUVA 0x10002490000 cpu 10d940000
[mtlr]   out: 0000010002490000 000000010d940000 00000001050d1940 0000000000000000
[mtlr]   out: 0000007700000000 0000000000004000 00000002c8ccc20e 000000000036b09f
[mtlr] resource2 sel8 flags 470 sz 0x1000 -> kr 0x00000000 rid 119 GPUVA 0x10002490000 cpu 10d940000
[mtlr]   out: 0000010002490000 000000010d940000 00000001050d1940 0000000000000000
[mtlr]   out: 0000007700000000 0000000000004000 00000002c8ccc211 000000000036b0a0
[mtlr] resource2 sel8 flags 470 sz 0x1000 -> kr 0x00000000 rid 119 GPUVA 0x10002490000 cpu 10d940000
[mtlr]   out: 0000010002490000 000000010d940000 00000001050d1940 0000000000000000
[mtlr]   out: 0000007700000000 0000000000004000 00000002c8ccc214 000000000036b0a1
[mtlr] resource2 sel8 flags 470 sz 0x1000 -> kr 0x00000000 rid 119 GPUVA 0x10002490000 cpu 10d940000
[mtlr]   out: 0000010002490000 000000010d940000 00000001050d1940 0000000000000000
[mtlr]   out: 0000007700000000 0000000000004000 00000002c8ccc218 000000000036b0a2
[mtlr] resource2 sel8 flags 470 sz 0x1000 -> kr 0x00000000 rid 119 GPUVA 0x10002490000 cpu 10d940000
[mtlr]   out: 0000010002490000 000000010d940000 00000001050d1940 0000000000000000
[mtlr]   out: 0000007700000000 0000000000004000 00000002c8ccc21c 000000000036b0a3
[mtlr] resource2 sel8 flags 470 sz 0x1000 -> kr 0x00000000 rid 119 GPUVA 0x10002490000 cpu 10d940000
[mtlr]   out: 0000010002490000 000000010d940000 00000001050d1940 0000000000000000
[mtlr]   out: 0000007700000000 0000000000004000 00000002c8ccc21d 000000000036b0a4
[mtlr] resource2 sel8 flags 470 sz 0x1000 -> kr 0x00000000 rid 119 GPUVA 0x10002490000 cpu 10d940000
[mtlr]   out: 0000010002490000 000000010d940000 00000001050d1940 0000000000000000
[mtlr]   out: 0000007700000000 0000000000004000 00000002c8ccc21e 000000000036b0a5
[mtlr] resource2 sel8 flags 470 sz 0x1000 -> kr 0x00000000 rid 119 GPUVA 0x10002490000 cpu 10d940000
[mtlr]   out: 0000010002490000 000000010d940000 00000001050d1940 0000000000000000
[mtlr]   out: 0000007700000000 0000000000004000 00000002c8ccc21f 000000000036b0a6
[mtlr] resource2 sel8 flags 470 sz 0x1000 -> kr 0x00000000 rid 119 GPUVA 0x10002490000 cpu 10d940000
[mtlr]   out: 0000010002490000 000000010d940000 00000001050d1940 0000000000000000
[mtlr]   out: 0000007700000000 0000000000004000 00000002c8ccc220 000000000036b0a7
[mtlr] resource2 sel8 flags 470 sz 0x1000 -> kr 0x00000000 rid 119 GPUVA 0x10002490000 cpu 10d940000
[mtlr]   out: 0000010002490000 000000010d940000 00000001050d1940 0000000000000000
[mtlr]   out: 0000007700000000 0000000000004000 00000002c8ccc221 000000000036b0a8
[mtlr] resource2 sel8 flags 470 sz 0x1000 -> kr 0x00000000 rid 119 GPUVA 0x10002490000 cpu 10d940000
[mtlr]   out: 0000010002490000 000000010d940000 00000001050d1940 0000000000000000
[mtlr]   out: 0000007700000000 0000000000004000 00000002c8ccc222 000000000036b0a9
[mtlr] resource2 sel8 flags 470 sz 0x1000 -> kr 0x00000000 rid 119 GPUVA 0x10002490000 cpu 10d940000
[mtlr]   out: 0000010002490000 000000010d940000 00000001050d1940 0000000000000000
[mtlr]   out: 0000007700000000 0000000000004000 00000002c8ccc223 000000000036b0aa
[mtlr] resource2 sel8 flags 470 sz 0x1000 -> kr 0x00000000 rid 119 GPUVA 0x10002490000 cpu 10d940000
[mtlr]   out: 0000010002490000 000000010d940000 00000001050d1940 0000000000000000
[mtlr]   out: 0000007700000000 0000000000004000 00000002c8ccc224 000000000036b0ab
[mtlr] resource2 sel8 flags 470 sz 0x1000 -> kr 0x00000000 rid 119 GPUVA 0x10002490000 cpu 10d940000
[mtlr]   out: 0000010002490000 000000010d940000 00000001050d1940 0000000000000000
[mtlr]   out: 0000007700000000 0000000000004000 00000002c8ccc225 000000000036b0ac
[mtlr] resource2 sel8 flags 470 sz 0x1000 -> kr 0x00000000 rid 119 GPUVA 0x10002490000 cpu 10d940000
[mtlr]   out: 0000010002490000 000000010d940000 00000001050d1940 0000000000000000
[mtlr]   out: 0000007700000000 0000000000004000 00000002c8ccc226 000000000036b0ad
[mtlr] resource2 sel8 flags 470 sz 0x1000 -> kr 0x00000000 rid 119 GPUVA 0x10002490000 cpu 10d940000
[mtlr]   out: 0000010002490000 000000010d940000 00000001050d1940 0000000000000000
[mtlr]   out: 0000007700000000 0000000000004000 00000002c8ccc227 000000000036b0ae
[mtlr] resource2 sel8 flags 470 sz 0x1000 -> kr 0x00000000 rid 119 GPUVA 0x10002490000 cpu 10d940000
[mtlr]   out: 0000010002490000 000000010d940000 00000001050d1940 0000000000000000
[mtlr]   out: 0000007700000000 0000000000004000 00000002c8ccc228 000000000036b0af
[mtlr] resource2 sel8 flags 470 sz 0x1000 -> kr 0x00000000 rid 119 GPUVA 0x10002490000 cpu 10d940000
[mtlr]   out: 0000010002490000 000000010d940000 00000001050d1940 0000000000000000
[mtlr]   out: 0000007700000000 0000000000004000 00000002c8ccc229 000000000036b0b0
[mtlr] resource2 sel8 flags 470 sz 0x1000 -> kr 0x00000000 rid 119 GPUVA 0x10002490000 cpu 10d940000
[mtlr]   out: 0000010002490000 000000010d940000 00000001050d1940 0000000000000000
[mtlr]   out: 0000007700000000 0000000000004000 00000002c8ccc22a 000000000036b0b1
[mtlr] resource2 sel8 flags 470 sz 0x1000 -> kr 0x00000000 rid 119 GPUVA 0x10002490000 cpu 10d940000
[mtlr]   out: 0000010002490000 000000010d940000 00000001050d1940 0000000000000000
[mtlr]   out: 0000007700000000 0000000000004000 00000002c8ccc22b 000000000036b0b2
[mtlr] resource2 sel8 flags 470 sz 0x1000 -> kr 0x00000000 rid 119 GPUVA 0x10002490000 cpu 10d940000
[mtlr]   out: 0000010002490000 000000010d940000 00000001050d1940 0000000000000000
[mtlr]   out: 0000007700000000 0000000000004000 00000002c8ccc22c 000000000036b0b3
[mtlr] resource2 sel8 flags 470 sz 0x1000 -> kr 0x00000000 rid 119 GPUVA 0x10002490000 cpu 10d940000
[mtlr]   out: 0000010002490000 000000010d940000 00000001050d1940 0000000000000000
[mtlr]   out: 0000007700000000 0000000000004000 00000002c8ccc22d 000000000036b0b4
[mtlr] resource2 sel8 flags 470 sz 0x1000 -> kr 0x00000000 rid 119 GPUVA 0x10002490000 cpu 10d940000
[mtlr]   out: 0000010002490000 000000010d940000 00000001050d1940 0000000000000000
[mtlr]   out: 0000007700000000 0000000000004000 00000002c8ccc22e 000000000036b0b5
[mtlr] resource2 sel8 flags 470 sz 0x1000 -> kr 0x00000000 rid 119 GPUVA 0x10002490000 cpu 10d940000
[mtlr]   out: 0000010002490000 000000010d940000 00000001050d1940 0000000000000000
[mtlr]   out: 0000007700000000 0000000000004000 00000002c8ccc22f 000000000036b0b6
[mtlr] resource2 sel8 flags 470 sz 0x1000 -> kr 0x00000000 rid 119 GPUVA 0x10002490000 cpu 10d940000
[mtlr]   out: 0000010002490000 000000010d940000 00000001050d1940 0000000000000000
[mtlr]   out: 0000007700000000 0000000000004000 00000002c8ccc230 000000000036b0b7
[mtlr] resource2 sel8 flags 470 sz 0x1000 -> kr 0x00000000 rid 119 GPUVA 0x10002490000 cpu 10d940000
[mtlr]   out: 0000010002490000 000000010d940000 00000001050d1940 0000000000000000
[mtlr]   out: 0000007700000000 0000000000004000 00000002c8ccc231 000000000036b0b8
[uatrec] S4 r11 (+0s): nvv 8 ncb 8 vsz 0x100000 fill 0x0 destroy0 kr 0x00000000 nj 40
[uatrec] S4 r11 blit[0] slots 8 ridp 1
[uatrec] S4 r11 blit[1] slots 8 ridp 1
[uatrec] S4 r11 blit[2] slots 8 ridp 1
[uatrec] S4 r11 blit[3] slots 8 ridp 1
[uatrec] S4 r11 blit[4] slots 8 ridp 1
[uatrec] S4 r11 blit[5] slots 8 ridp 1
[uatrec] S4 r11 blit[6] slots 8 ridp 1
[uatrec] S4 r11 blit[7] slots 8 ridp 1
[mtlr] resource2 sel8 flags 470 sz 0x100000 -> kr 0x00000000 rid 119 GPUVA 0x10002490000 cpu 10de10000
[mtlr]   out: 0000010002490000 000000010de10000 00000001050d1940 0000000000000000
[mtlr]   out: 0000007700000000 0000000000100000 00000002c8ccc253 000000000036b0bb
[uatrec] S4 r12 victim[0] rid 119 gpuva 0x10002490000 cpu 0x10de10000 (top-of-stack)
[mtlr] resource2 sel8 flags 470 sz 0x100000 -> kr 0x00000000 rid 120 GPUVA 0x10002598000 cpu 10df80000
[mtlr]   out: 0000010002598000 000000010df80000 00000001050d1a00 0000000000000000
[mtlr]   out: 0000007800000000 0000000000100000 00000002c8ccc254 000000000036b0bc
[uatrec] S4 r12 victim[1] rid 120 gpuva 0x10002598000 cpu 0x10df80000 (top-of-stack)
[mtlr] resource2 sel8 flags 470 sz 0x100000 -> kr 0x00000000 rid 121 GPUVA 0x100026a0000 cpu 10e080000
[mtlr]   out: 00000100026a0000 000000010e080000 00000001050d1ac0 0000000000000000
[mtlr]   out: 0000007900000000 0000000000100000 00000002c8ccc255 000000000036b0bd
[uatrec] S4 r12 victim[2] rid 121 gpuva 0x100026a0000 cpu 0x10e080000 (top-of-stack)
[mtlr] resource2 sel8 flags 470 sz 0x100000 -> kr 0x00000000 rid 122 GPUVA 0x100027a8000 cpu 10e1f0000
[mtlr]   out: 00000100027a8000 000000010e1f0000 00000001050d1b80 0000000000000000
[mtlr]   out: 0000007a00000000 0000000000100000 00000002c8ccc256 000000000036b0be
[uatrec] S4 r12 victim[3] rid 122 gpuva 0x100027a8000 cpu 0x10e1f0000 (top-of-stack)
[mtlr] resource2 sel8 flags 470 sz 0x100000 -> kr 0x00000000 rid 123 GPUVA 0x100028b0000 cpu 10d240000
[mtlr]   out: 00000100028b0000 000000010d240000 00000001050d1c40 0000000000000000
[mtlr]   out: 0000007b00000000 0000000000100000 00000002c8ccc257 000000000036b0bf
[uatrec] S4 r12 victim[4] rid 123 gpuva 0x100028b0000 cpu 0x10d240000 (top-of-stack)
[mtlr] resource2 sel8 flags 470 sz 0x100000 -> kr 0x00000000 rid 124 GPUVA 0x100029b8000 cpu 10d340000
[mtlr]   out: 00000100029b8000 000000010d340000 00000001050d1d00 0000000000000000
[mtlr]   out: 0000007c00000000 0000000000100000 00000002c8ccc25a 000000000036b0c0
[uatrec] S4 r12 victim[5] rid 124 gpuva 0x100029b8000 cpu 0x10d340000 (top-of-stack)
[mtlr] resource2 sel8 flags 470 sz 0x100000 -> kr 0x00000000 rid 125 GPUVA 0x10002ac0000 cpu 10d440000
[mtlr]   out: 0000010002ac0000 000000010d440000 00000001050d1dc0 0000000000000000
[mtlr]   out: 0000007d00000000 0000000000100000 00000002c8ccc260 000000000036b0c1
[uatrec] S4 r12 victim[6] rid 125 gpuva 0x10002ac0000 cpu 0x10d440000 (top-of-stack)
[mtlr] resource2 sel8 flags 470 sz 0x100000 -> kr 0x00000000 rid 126 GPUVA 0x10002bc8000 cpu 10d540000
[mtlr]   out: 0000010002bc8000 000000010d540000 00000001050d1e80 0000000000000000
[mtlr]   out: 0000007e00000000 0000000000100000 00000002c8ccc263 000000000036b0c2
[uatrec] S4 r12 victim[7] rid 126 gpuva 0x10002bc8000 cpu 0x10d540000 (top-of-stack)
[mtlr] resource2 sel8 flags 470 sz 0x1000 -> kr 0x00000000 rid 119 GPUVA 0x10002490000 cpu 10d940000
[mtlr]   out: 0000010002490000 000000010d940000 00000001050d1940 0000000000000000
[mtlr]   out: 0000007700000000 0000000000004000 00000002c8ccc27d 000000000036b0cc
[mtlr] resource2 sel8 flags 470 sz 0x1000 -> kr 0x00000000 rid 119 GPUVA 0x10002490000 cpu 10d940000
[mtlr]   out: 0000010002490000 000000010d940000 00000001050d1940 0000000000000000
[mtlr]   out: 0000007700000000 0000000000004000 00000002c8ccc27e 000000000036b0cd
[mtlr] resource2 sel8 flags 470 sz 0x1000 -> kr 0x00000000 rid 119 GPUVA 0x10002490000 cpu 10d940000
[mtlr]   out: 0000010002490000 000000010d940000 00000001050d1940 0000000000000000
[mtlr]   out: 0000007700000000 0000000000004000 00000002c8ccc27f 000000000036b0ce
[mtlr] resource2 sel8 flags 470 sz 0x1000 -> kr 0x00000000 rid 119 GPUVA 0x10002490000 cpu 10d940000
[mtlr]   out: 0000010002490000 000000010d940000 00000001050d1940 0000000000000000
[mtlr]   out: 0000007700000000 0000000000004000 00000002c8ccc280 000000000036b0cf
[mtlr] resource2 sel8 flags 470 sz 0x1000 -> kr 0x00000000 rid 119 GPUVA 0x10002490000 cpu 10d940000
[mtlr]   out: 0000010002490000 000000010d940000 00000001050d1940 0000000000000000
[mtlr]   out: 0000007700000000 0000000000004000 00000002c8ccc281 000000000036b0d0
[mtlr] resource2 sel8 flags 470 sz 0x1000 -> kr 0x00000000 rid 119 GPUVA 0x10002490000 cpu 10d940000
[mtlr]   out: 0000010002490000 000000010d940000 00000001050d1940 0000000000000000
[mtlr]   out: 0000007700000000 0000000000004000 00000002c8ccc282 000000000036b0d1
[mtlr] resource2 sel8 flags 470 sz 0x1000 -> kr 0x00000000 rid 119 GPUVA 0x10002490000 cpu 10d940000
[mtlr]   out: 0000010002490000 000000010d940000 00000001050d1940 0000000000000000
[mtlr]   out: 0000007700000000 0000000000004000 00000002c8ccc283 000000000036b0d2
[mtlr] resource2 sel8 flags 470 sz 0x1000 -> kr 0x00000000 rid 119 GPUVA 0x10002490000 cpu 10d940000
[mtlr]   out: 0000010002490000 000000010d940000 00000001050d1940 0000000000000000
[mtlr]   out: 0000007700000000 0000000000004000 00000002c8ccc284 000000000036b0d3
[mtlr] resource2 sel8 flags 470 sz 0x1000 -> kr 0x00000000 rid 119 GPUVA 0x10002490000 cpu 10d940000
[mtlr]   out: 0000010002490000 000000010d940000 00000001050d1940 0000000000000000
[mtlr]   out: 0000007700000000 0000000000004000 00000002c8ccc285 000000000036b0d4
[mtlr] resource2 sel8 flags 470 sz 0x1000 -> kr 0x00000000 rid 119 GPUVA 0x10002490000 cpu 10d940000
[mtlr]   out: 0000010002490000 000000010d940000 00000001050d1940 0000000000000000
[mtlr]   out: 0000007700000000 0000000000004000 00000002c8ccc286 000000000036b0d5
[mtlr] resource2 sel8 flags 470 sz 0x1000 -> kr 0x00000000 rid 119 GPUVA 0x10002490000 cpu 10d940000
[mtlr]   out: 0000010002490000 000000010d940000 00000001050d1940 0000000000000000
[mtlr]   out: 0000007700000000 0000000000004000 00000002c8ccc289 000000000036b0d6
[mtlr] resource2 sel8 flags 470 sz 0x1000 -> kr 0x00000000 rid 119 GPUVA 0x10002490000 cpu 10d940000
[mtlr]   out: 0000010002490000 000000010d940000 00000001050d1940 0000000000000000
[mtlr]   out: 0000007700000000 0000000000004000 00000002c8ccc28a 000000000036b0d7
[mtlr] resource2 sel8 flags 470 sz 0x1000 -> kr 0x00000000 rid 119 GPUVA 0x10002490000 cpu 10d940000
[mtlr]   out: 0000010002490000 000000010d940000 00000001050d1940 0000000000000000
[mtlr]   out: 0000007700000000 0000000000004000 00000002c8ccc28b 000000000036b0d8
[mtlr] resource2 sel8 flags 470 sz 0x1000 -> kr 0x00000000 rid 119 GPUVA 0x10002490000 cpu 10d940000
[mtlr]   out: 0000010002490000 000000010d940000 00000001050d1940 0000000000000000
[mtlr]   out: 0000007700000000 0000000000004000 00000002c8ccc290 000000000036b0d9
[mtlr] resource2 sel8 flags 470 sz 0x1000 -> kr 0x00000000 rid 119 GPUVA 0x10002490000 cpu 10d940000
[mtlr]   out: 0000010002490000 000000010d940000 00000001050d1940 0000000000000000
[mtlr]   out: 0000007700000000 0000000000004000 00000002c8ccc292 000000000036b0da
[mtlr] resource2 sel8 flags 470 sz 0x1000 -> kr 0x00000000 rid 119 GPUVA 0x10002490000 cpu 10d940000
[mtlr]   out: 0000010002490000 000000010d940000 00000001050d1940 0000000000000000
[mtlr]   out: 0000007700000000 0000000000004000 00000002c8ccc295 000000000036b0db
[mtlr] resource2 sel8 flags 470 sz 0x1000 -> kr 0x00000000 rid 119 GPUVA 0x10002490000 cpu 10d940000
[mtlr]   out: 0000010002490000 000000010d940000 00000001050d1940 0000000000000000
[mtlr]   out: 0000007700000000 0000000000004000 00000002c8ccc297 000000000036b0dc
[mtlr] resource2 sel8 flags 470 sz 0x1000 -> kr 0x00000000 rid 119 GPUVA 0x10002490000 cpu 10d940000
[mtlr]   out: 0000010002490000 000000010d940000 00000001050d1940 0000000000000000
[mtlr]   out: 0000007700000000 0000000000004000 00000002c8ccc298 000000000036b0dd
[mtlr] resource2 sel8 flags 470 sz 0x1000 -> kr 0x00000000 rid 119 GPUVA 0x10002490000 cpu 10d940000
[mtlr]   out: 0000010002490000 000000010d940000 00000001050d1940 0000000000000000
[mtlr]   out: 0000007700000000 0000000000004000 00000002c8ccc299 000000000036b0de
[mtlr] resource2 sel8 flags 470 sz 0x1000 -> kr 0x00000000 rid 119 GPUVA 0x10002490000 cpu 10d940000
[mtlr]   out: 0000010002490000 000000010d940000 00000001050d1940 0000000000000000
[mtlr]   out: 0000007700000000 0000000000004000 00000002c8ccc29a 000000000036b0df
[mtlr] resource2 sel8 flags 470 sz 0x1000 -> kr 0x00000000 rid 119 GPUVA 0x10002490000 cpu 10d940000
[mtlr]   out: 0000010002490000 000000010d940000 00000001050d1940 0000000000000000
[mtlr]   out: 0000007700000000 0000000000004000 00000002c8ccc29b 000000000036b0e0
[mtlr] resource2 sel8 flags 470 sz 0x1000 -> kr 0x00000000 rid 119 GPUVA 0x10002490000 cpu 10d940000
[mtlr]   out: 0000010002490000 000000010d940000 00000001050d1940 0000000000000000
[mtlr]   out: 0000007700000000 0000000000004000 00000002c8ccc29c 000000000036b0e1
[mtlr] resource2 sel8 flags 470 sz 0x1000 -> kr 0x00000000 rid 119 GPUVA 0x10002490000 cpu 10d940000
[mtlr]   out: 0000010002490000 000000010d940000 00000001050d1940 0000000000000000
[mtlr]   out: 0000007700000000 0000000000004000 00000002c8ccc29d 000000000036b0e2
[mtlr] resource2 sel8 flags 470 sz 0x1000 -> kr 0x00000000 rid 119 GPUVA 0x10002490000 cpu 10d940000
[mtlr]   out: 0000010002490000 000000010d940000 00000001050d1940 0000000000000000
[mtlr]   out: 0000007700000000 0000000000004000 00000002c8ccc29e 000000000036b0e3
[mtlr] resource2 sel8 flags 470 sz 0x1000 -> kr 0x00000000 rid 119 GPUVA 0x10002490000 cpu 10d940000
[mtlr]   out: 0000010002490000 000000010d940000 00000001050d1940 0000000000000000
[mtlr]   out: 0000007700000000 0000000000004000 00000002c8ccc29f 000000000036b0e4
[mtlr] resource2 sel8 flags 470 sz 0x1000 -> kr 0x00000000 rid 119 GPUVA 0x10002490000 cpu 10d940000
[mtlr]   out: 0000010002490000 000000010d940000 00000001050d1940 0000000000000000
[mtlr]   out: 0000007700000000 0000000000004000 00000002c8ccc2a0 000000000036b0e5
[mtlr] resource2 sel8 flags 470 sz 0x1000 -> kr 0x00000000 rid 119 GPUVA 0x10002490000 cpu 10d940000
[mtlr]   out: 0000010002490000 000000010d940000 00000001050d1940 0000000000000000
[mtlr]   out: 0000007700000000 0000000000004000 00000002c8ccc2a1 000000000036b0e6
[mtlr] resource2 sel8 flags 470 sz 0x1000 -> kr 0x00000000 rid 119 GPUVA 0x10002490000 cpu 10d940000
[mtlr]   out: 0000010002490000 000000010d940000 00000001050d1940 0000000000000000
[mtlr]   out: 0000007700000000 0000000000004000 00000002c8ccc2a2 000000000036b0e7
[mtlr] resource2 sel8 flags 470 sz 0x1000 -> kr 0x00000000 rid 119 GPUVA 0x10002490000 cpu 10d940000
[mtlr]   out: 0000010002490000 000000010d940000 00000001050d1940 0000000000000000
[mtlr]   out: 0000007700000000 0000000000004000 00000002c8ccc2a3 000000000036b0e8
[mtlr] resource2 sel8 flags 470 sz 0x1000 -> kr 0x00000000 rid 119 GPUVA 0x10002490000 cpu 10d940000
[mtlr]   out: 0000010002490000 000000010d940000 00000001050d1940 0000000000000000
[mtlr]   out: 0000007700000000 0000000000004000 00000002c8ccc2a4 000000000036b0e9
[mtlr] resource2 sel8 flags 470 sz 0x1000 -> kr 0x00000000 rid 119 GPUVA 0x10002490000 cpu 10d940000
[mtlr]   out: 0000010002490000 000000010d940000 00000001050d1940 0000000000000000
[mtlr]   out: 0000007700000000 0000000000004000 00000002c8ccc2a5 000000000036b0ea
[mtlr] resource2 sel8 flags 470 sz 0x1000 -> kr 0x00000000 rid 119 GPUVA 0x10002490000 cpu 10d940000
[mtlr]   out: 0000010002490000 000000010d940000 00000001050d1940 0000000000000000
[mtlr]   out: 0000007700000000 0000000000004000 00000002c8ccc2a6 000000000036b0eb
[mtlr] resource2 sel8 flags 470 sz 0x1000 -> kr 0x00000000 rid 119 GPUVA 0x10002490000 cpu 10d940000
[mtlr]   out: 0000010002490000 000000010d940000 00000001050d1940 0000000000000000
[mtlr]   out: 0000007700000000 0000000000004000 00000002c8ccc2a7 000000000036b0ec
[mtlr] resource2 sel8 flags 470 sz 0x1000 -> kr 0x00000000 rid 119 GPUVA 0x10002490000 cpu 10d940000
[mtlr]   out: 0000010002490000 000000010d940000 00000001050d1940 0000000000000000
[mtlr]   out: 0000007700000000 0000000000004000 00000002c8ccc2a8 000000000036b0ed
[mtlr] resource2 sel8 flags 470 sz 0x1000 -> kr 0x00000000 rid 119 GPUVA 0x10002490000 cpu 10d940000
[mtlr]   out: 0000010002490000 000000010d940000 00000001050d1940 0000000000000000
[mtlr]   out: 0000007700000000 0000000000004000 00000002c8ccc2a9 000000000036b0ee
[mtlr] resource2 sel8 flags 470 sz 0x1000 -> kr 0x00000000 rid 119 GPUVA 0x10002490000 cpu 10d940000
[mtlr]   out: 0000010002490000 000000010d940000 00000001050d1940 0000000000000000
[mtlr]   out: 0000007700000000 0000000000004000 00000002c8ccc2aa 000000000036b0ef
[mtlr] resource2 sel8 flags 470 sz 0x1000 -> kr 0x00000000 rid 119 GPUVA 0x10002490000 cpu 10d940000
[mtlr]   out: 0000010002490000 000000010d940000 00000001050d1940 0000000000000000
[mtlr]   out: 0000007700000000 0000000000004000 00000002c8ccc2ab 000000000036b0f0
[mtlr] resource2 sel8 flags 470 sz 0x1000 -> kr 0x00000000 rid 119 GPUVA 0x10002490000 cpu 10d940000
[mtlr]   out: 0000010002490000 000000010d940000 00000001050d1940 0000000000000000
[mtlr]   out: 0000007700000000 0000000000004000 00000002c8ccc2ac 000000000036b0f1
[mtlr] resource2 sel8 flags 470 sz 0x1000 -> kr 0x00000000 rid 119 GPUVA 0x10002490000 cpu 10d940000
[mtlr]   out: 0000010002490000 000000010d940000 00000001050d1940 0000000000000000
[mtlr]   out: 0000007700000000 0000000000004000 00000002c8ccc2ad 000000000036b0f2
[mtlr] resource2 sel8 flags 470 sz 0x1000 -> kr 0x00000000 rid 119 GPUVA 0x10002490000 cpu 10d940000
[mtlr]   out: 0000010002490000 000000010d940000 00000001050d1940 0000000000000000
[mtlr]   out: 0000007700000000 0000000000004000 00000002c8ccc2ae 000000000036b0f3
[uatrec] S4 r12 (+0s): nvv 8 ncb 8 vsz 0x100000 fill 0x0 destroy0 kr 0x00000000 nj 40
[uatrec] S4 r12 blit[0] slots 8 ridp 1
[uatrec] S4 r12 blit[1] slots 8 ridp 1
[uatrec] S4 r12 blit[2] slots 8 ridp 1
[uatrec] S4 r12 blit[3] slots 8 ridp 1
[uatrec] S4 r12 blit[4] slots 8 ridp 1
[uatrec] S4 r12 blit[5] slots 8 ridp 1
[uatrec] S4 r12 blit[6] slots 8 ridp 1
[uatrec] S4 r12 blit[7] slots 8 ridp 1
[mtlr] resource2 sel8 flags 470 sz 0x100000 -> kr 0x00000000 rid 119 GPUVA 0x10002490000 cpu 10d740000
[mtlr]   out: 0000010002490000 000000010d740000 00000001050d1940 0000000000000000
[mtlr]   out: 0000007700000000 0000000000100000 00000002c8ccc2d0 000000000036b0f6
[uatrec] S4 r13 victim[0] rid 119 gpuva 0x10002490000 cpu 0x10d740000 (top-of-stack)
[mtlr] resource2 sel8 flags 470 sz 0x100000 -> kr 0x00000000 rid 120 GPUVA 0x10002598000 cpu 10d840000
[mtlr]   out: 0000010002598000 000000010d840000 00000001050d1a00 0000000000000000
[mtlr]   out: 0000007800000000 0000000000100000 00000002c8ccc2d1 000000000036b0f7
[uatrec] S4 r13 victim[1] rid 120 gpuva 0x10002598000 cpu 0x10d840000 (top-of-stack)
[mtlr] resource2 sel8 flags 470 sz 0x100000 -> kr 0x00000000 rid 121 GPUVA 0x100026a0000 cpu 10da3c000
[mtlr]   out: 00000100026a0000 000000010da3c000 00000001050d1ac0 0000000000000000
[mtlr]   out: 0000007900000000 0000000000100000 00000002c8ccc2d2 000000000036b0f8
[uatrec] S4 r13 victim[2] rid 121 gpuva 0x100026a0000 cpu 0x10da3c000 (top-of-stack)
[mtlr] resource2 sel8 flags 470 sz 0x100000 -> kr 0x00000000 rid 122 GPUVA 0x100027a8000 cpu 10dca0000
[mtlr]   out: 00000100027a8000 000000010dca0000 00000001050d1b80 0000000000000000
[mtlr]   out: 0000007a00000000 0000000000100000 00000002c8ccc2d3 000000000036b0f9
[uatrec] S4 r13 victim[3] rid 122 gpuva 0x100027a8000 cpu 0x10dca0000 (top-of-stack)
[mtlr] resource2 sel8 flags 470 sz 0x100000 -> kr 0x00000000 rid 123 GPUVA 0x100028b0000 cpu 10e360000
[mtlr]   out: 00000100028b0000 000000010e360000 00000001050d1c40 0000000000000000
[mtlr]   out: 0000007b00000000 0000000000100000 00000002c8ccc2d4 000000000036b0fa
[uatrec] S4 r13 victim[4] rid 123 gpuva 0x100028b0000 cpu 0x10e360000 (top-of-stack)
[mtlr] resource2 sel8 flags 470 sz 0x100000 -> kr 0x00000000 rid 124 GPUVA 0x100029b8000 cpu 10d240000
[mtlr]   out: 00000100029b8000 000000010d240000 00000001050d1d00 0000000000000000
[mtlr]   out: 0000007c00000000 0000000000100000 00000002c8ccc2dc 000000000036b0fb
[uatrec] S4 r13 victim[5] rid 124 gpuva 0x100029b8000 cpu 0x10d240000 (top-of-stack)
[mtlr] resource2 sel8 flags 470 sz 0x100000 -> kr 0x00000000 rid 125 GPUVA 0x10002ac0000 cpu 10d340000
[mtlr]   out: 0000010002ac0000 000000010d340000 00000001050d1dc0 0000000000000000
[mtlr]   out: 0000007d00000000 0000000000100000 00000002c8ccc2dd 000000000036b0fc
[uatrec] S4 r13 victim[6] rid 125 gpuva 0x10002ac0000 cpu 0x10d340000 (top-of-stack)
[mtlr] resource2 sel8 flags 470 sz 0x100000 -> kr 0x00000000 rid 126 GPUVA 0x10002bc8000 cpu 10d440000
[mtlr]   out: 0000010002bc8000 000000010d440000 00000001050d1e80 0000000000000000
[mtlr]   out: 0000007e00000000 0000000000100000 00000002c8ccc2e0 000000000036b0fd
[uatrec] S4 r13 victim[7] rid 126 gpuva 0x10002bc8000 cpu 0x10d440000 (top-of-stack)
[mtlr] resource2 sel8 flags 470 sz 0x1000 -> kr 0x00000000 rid 119 GPUVA 0x10002490000 cpu 10d940000
[mtlr]   out: 0000010002490000 000000010d940000 00000001050d1940 0000000000000000
[mtlr]   out: 0000007700000000 0000000000004000 00000002c8ccc305 000000000036b107
[mtlr] resource2 sel8 flags 470 sz 0x1000 -> kr 0x00000000 rid 119 GPUVA 0x10002490000 cpu 10d940000
[mtlr]   out: 0000010002490000 000000010d940000 00000001050d1940 0000000000000000
[mtlr]   out: 0000007700000000 0000000000004000 00000002c8ccc306 000000000036b108
[mtlr] resource2 sel8 flags 470 sz 0x1000 -> kr 0x00000000 rid 119 GPUVA 0x10002490000 cpu 10d940000
[mtlr]   out: 0000010002490000 000000010d940000 00000001050d1940 0000000000000000
[mtlr]   out: 0000007700000000 0000000000004000 00000002c8ccc307 000000000036b109
[mtlr] resource2 sel8 flags 470 sz 0x1000 -> kr 0x00000000 rid 119 GPUVA 0x10002490000 cpu 10d940000
[mtlr]   out: 0000010002490000 000000010d940000 00000001050d1940 0000000000000000
[mtlr]   out: 0000007700000000 0000000000004000 00000002c8ccc308 000000000036b10a
[mtlr] resource2 sel8 flags 470 sz 0x1000 -> kr 0x00000000 rid 119 GPUVA 0x10002490000 cpu 10d940000
[mtlr]   out: 0000010002490000 000000010d940000 00000001050d1940 0000000000000000
[mtlr]   out: 0000007700000000 0000000000004000 00000002c8ccc309 000000000036b10b
[mtlr] resource2 sel8 flags 470 sz 0x1000 -> kr 0x00000000 rid 119 GPUVA 0x10002490000 cpu 10d940000
[mtlr]   out: 0000010002490000 000000010d940000 00000001050d1940 0000000000000000
[mtlr]   out: 0000007700000000 0000000000004000 00000002c8ccc30a 000000000036b10c
[mtlr] resource2 sel8 flags 470 sz 0x1000 -> kr 0x00000000 rid 119 GPUVA 0x10002490000 cpu 10d940000
[mtlr]   out: 0000010002490000 000000010d940000 00000001050d1940 0000000000000000
[mtlr]   out: 0000007700000000 0000000000004000 00000002c8ccc30b 000000000036b10d
[mtlr] resource2 sel8 flags 470 sz 0x1000 -> kr 0x00000000 rid 119 GPUVA 0x10002490000 cpu 10d940000
[mtlr]   out: 0000010002490000 000000010d940000 00000001050d1940 0000000000000000
[mtlr]   out: 0000007700000000 0000000000004000 00000002c8ccc30c 000000000036b10e
[mtlr] resource2 sel8 flags 470 sz 0x1000 -> kr 0x00000000 rid 119 GPUVA 0x10002490000 cpu 10d940000
[mtlr]   out: 0000010002490000 000000010d940000 00000001050d1940 0000000000000000
[mtlr]   out: 0000007700000000 0000000000004000 00000002c8ccc30d 000000000036b10f
[mtlr] resource2 sel8 flags 470 sz 0x1000 -> kr 0x00000000 rid 119 GPUVA 0x10002490000 cpu 10d940000
[mtlr]   out: 0000010002490000 000000010d940000 00000001050d1940 0000000000000000
[mtlr]   out: 0000007700000000 0000000000004000 00000002c8ccc30e 000000000036b110
[mtlr] resource2 sel8 flags 470 sz 0x1000 -> kr 0x00000000 rid 119 GPUVA 0x10002490000 cpu 10d940000
[mtlr]   out: 0000010002490000 000000010d940000 00000001050d1940 0000000000000000
[mtlr]   out: 0000007700000000 0000000000004000 00000002c8ccc30f 000000000036b111
[mtlr] resource2 sel8 flags 470 sz 0x1000 -> kr 0x00000000 rid 119 GPUVA 0x10002490000 cpu 10d940000
[mtlr]   out: 0000010002490000 000000010d940000 00000001050d1940 0000000000000000
[mtlr]   out: 0000007700000000 0000000000004000 00000002c8ccc310 000000000036b112
[mtlr] resource2 sel8 flags 470 sz 0x1000 -> kr 0x00000000 rid 119 GPUVA 0x10002490000 cpu 10d940000
[mtlr]   out: 0000010002490000 000000010d940000 00000001050d1940 0000000000000000
[mtlr]   out: 0000007700000000 0000000000004000 00000002c8ccc311 000000000036b113
[mtlr] resource2 sel8 flags 470 sz 0x1000 -> kr 0x00000000 rid 119 GPUVA 0x10002490000 cpu 10d940000
[mtlr]   out: 0000010002490000 000000010d940000 00000001050d1940 0000000000000000
[mtlr]   out: 0000007700000000 0000000000004000 00000002c8ccc312 000000000036b114
[mtlr] resource2 sel8 flags 470 sz 0x1000 -> kr 0x00000000 rid 119 GPUVA 0x10002490000 cpu 10d940000
[mtlr]   out: 0000010002490000 000000010d940000 00000001050d1940 0000000000000000
[mtlr]   out: 0000007700000000 0000000000004000 00000002c8ccc313 000000000036b115
[mtlr] resource2 sel8 flags 470 sz 0x1000 -> kr 0x00000000 rid 119 GPUVA 0x10002490000 cpu 10d940000
[mtlr]   out: 0000010002490000 000000010d940000 00000001050d1940 0000000000000000
[mtlr]   out: 0000007700000000 0000000000004000 00000002c8ccc314 000000000036b116
[mtlr] resource2 sel8 flags 470 sz 0x1000 -> kr 0x00000000 rid 119 GPUVA 0x10002490000 cpu 10d940000
[mtlr]   out: 0000010002490000 000000010d940000 00000001050d1940 0000000000000000
[mtlr]   out: 0000007700000000 0000000000004000 00000002c8ccc315 000000000036b117
[mtlr] resource2 sel8 flags 470 sz 0x1000 -> kr 0x00000000 rid 119 GPUVA 0x10002490000 cpu 10d940000
[mtlr]   out: 0000010002490000 000000010d940000 00000001050d1940 0000000000000000
[mtlr]   out: 0000007700000000 0000000000004000 00000002c8ccc316 000000000036b118
[mtlr] resource2 sel8 flags 470 sz 0x1000 -> kr 0x00000000 rid 119 GPUVA 0x10002490000 cpu 10d940000
[mtlr]   out: 0000010002490000 000000010d940000 00000001050d1940 0000000000000000
[mtlr]   out: 0000007700000000 0000000000004000 00000002c8ccc317 000000000036b119
[mtlr] resource2 sel8 flags 470 sz 0x1000 -> kr 0x00000000 rid 119 GPUVA 0x10002490000 cpu 10d940000
[mtlr]   out: 0000010002490000 000000010d940000 00000001050d1940 0000000000000000
[mtlr]   out: 0000007700000000 0000000000004000 00000002c8ccc318 000000000036b11a
[mtlr] resource2 sel8 flags 470 sz 0x1000 -> kr 0x00000000 rid 119 GPUVA 0x10002490000 cpu 10d940000
[mtlr]   out: 0000010002490000 000000010d940000 00000001050d1940 0000000000000000
[mtlr]   out: 0000007700000000 0000000000004000 00000002c8ccc319 000000000036b11b
[mtlr] resource2 sel8 flags 470 sz 0x1000 -> kr 0x00000000 rid 119 GPUVA 0x10002490000 cpu 10d940000
[mtlr]   out: 0000010002490000 000000010d940000 00000001050d1940 0000000000000000
[mtlr]   out: 0000007700000000 0000000000004000 00000002c8ccc31a 000000000036b11c
[mtlr] resource2 sel8 flags 470 sz 0x1000 -> kr 0x00000000 rid 119 GPUVA 0x10002490000 cpu 10d940000
[mtlr]   out: 0000010002490000 000000010d940000 00000001050d1940 0000000000000000
[mtlr]   out: 0000007700000000 0000000000004000 00000002c8ccc31b 000000000036b11d
[mtlr] resource2 sel8 flags 470 sz 0x1000 -> kr 0x00000000 rid 119 GPUVA 0x10002490000 cpu 10d940000
[mtlr]   out: 0000010002490000 000000010d940000 00000001050d1940 0000000000000000
[mtlr]   out: 0000007700000000 0000000000004000 00000002c8ccc31c 000000000036b11e
[mtlr] resource2 sel8 flags 470 sz 0x1000 -> kr 0x00000000 rid 119 GPUVA 0x10002490000 cpu 10d940000
[mtlr]   out: 0000010002490000 000000010d940000 00000001050d1940 0000000000000000
[mtlr]   out: 0000007700000000 0000000000004000 00000002c8ccc31d 000000000036b11f
[mtlr] resource2 sel8 flags 470 sz 0x1000 -> kr 0x00000000 rid 119 GPUVA 0x10002490000 cpu 10d940000
[mtlr]   out: 0000010002490000 000000010d940000 00000001050d1940 0000000000000000
[mtlr]   out: 0000007700000000 0000000000004000 00000002c8ccc31e 000000000036b120
[mtlr] resource2 sel8 flags 470 sz 0x1000 -> kr 0x00000000 rid 119 GPUVA 0x10002490000 cpu 10d940000
[mtlr]   out: 0000010002490000 000000010d940000 00000001050d1940 0000000000000000
[mtlr]   out: 0000007700000000 0000000000004000 00000002c8ccc31f 000000000036b121
[mtlr] resource2 sel8 flags 470 sz 0x1000 -> kr 0x00000000 rid 119 GPUVA 0x10002490000 cpu 10d940000
[mtlr]   out: 0000010002490000 000000010d940000 00000001050d1940 0000000000000000
[mtlr]   out: 0000007700000000 0000000000004000 00000002c8ccc320 000000000036b122
[mtlr] resource2 sel8 flags 470 sz 0x1000 -> kr 0x00000000 rid 119 GPUVA 0x10002490000 cpu 10d940000
[mtlr]   out: 0000010002490000 000000010d940000 00000001050d1940 0000000000000000
[mtlr]   out: 0000007700000000 0000000000004000 00000002c8ccc321 000000000036b123
[mtlr] resource2 sel8 flags 470 sz 0x1000 -> kr 0x00000000 rid 119 GPUVA 0x10002490000 cpu 10d940000
[mtlr]   out: 0000010002490000 000000010d940000 00000001050d1940 0000000000000000
[mtlr]   out: 0000007700000000 0000000000004000 00000002c8ccc322 000000000036b124
[mtlr] resource2 sel8 flags 470 sz 0x1000 -> kr 0x00000000 rid 119 GPUVA 0x10002490000 cpu 10d940000
[mtlr]   out: 0000010002490000 000000010d940000 00000001050d1940 0000000000000000
[mtlr]   out: 0000007700000000 0000000000004000 00000002c8ccc323 000000000036b125
[mtlr] resource2 sel8 flags 470 sz 0x1000 -> kr 0x00000000 rid 119 GPUVA 0x10002490000 cpu 10d940000
[mtlr]   out: 0000010002490000 000000010d940000 00000001050d1940 0000000000000000
[mtlr]   out: 0000007700000000 0000000000004000 00000002c8ccc324 000000000036b126
[mtlr] resource2 sel8 flags 470 sz 0x1000 -> kr 0x00000000 rid 119 GPUVA 0x10002490000 cpu 10d940000
[mtlr]   out: 0000010002490000 000000010d940000 00000001050d1940 0000000000000000
[mtlr]   out: 0000007700000000 0000000000004000 00000002c8ccc325 000000000036b127
[mtlr] resource2 sel8 flags 470 sz 0x1000 -> kr 0x00000000 rid 119 GPUVA 0x10002490000 cpu 10d940000
[mtlr]   out: 0000010002490000 000000010d940000 00000001050d1940 0000000000000000
[mtlr]   out: 0000007700000000 0000000000004000 00000002c8ccc326 000000000036b128
[mtlr] resource2 sel8 flags 470 sz 0x1000 -> kr 0x00000000 rid 119 GPUVA 0x10002490000 cpu 10d940000
[mtlr]   out: 0000010002490000 000000010d940000 00000001050d1940 0000000000000000
[mtlr]   out: 0000007700000000 0000000000004000 00000002c8ccc327 000000000036b129
[mtlr] resource2 sel8 flags 470 sz 0x1000 -> kr 0x00000000 rid 119 GPUVA 0x10002490000 cpu 10d940000
[mtlr]   out: 0000010002490000 000000010d940000 00000001050d1940 0000000000000000
[mtlr]   out: 0000007700000000 0000000000004000 00000002c8ccc328 000000000036b12a
[mtlr] resource2 sel8 flags 470 sz 0x1000 -> kr 0x00000000 rid 119 GPUVA 0x10002490000 cpu 10d940000
[mtlr]   out: 0000010002490000 000000010d940000 00000001050d1940 0000000000000000
[mtlr]   out: 0000007700000000 0000000000004000 00000002c8ccc329 000000000036b12b
[mtlr] resource2 sel8 flags 470 sz 0x1000 -> kr 0x00000000 rid 119 GPUVA 0x10002490000 cpu 10d940000
[mtlr]   out: 0000010002490000 000000010d940000 00000001050d1940 0000000000000000
[mtlr]   out: 0000007700000000 0000000000004000 00000002c8ccc32a 000000000036b12c
[mtlr] resource2 sel8 flags 470 sz 0x1000 -> kr 0x00000000 rid 119 GPUVA 0x10002490000 cpu 10d940000
[mtlr]   out: 0000010002490000 000000010d940000 00000001050d1940 0000000000000000
[mtlr]   out: 0000007700000000 0000000000004000 00000002c8ccc32b 000000000036b12d
[mtlr] resource2 sel8 flags 470 sz 0x1000 -> kr 0x00000000 rid 119 GPUVA 0x10002490000 cpu 10d940000
[mtlr]   out: 0000010002490000 000000010d940000 00000001050d1940 0000000000000000
[mtlr]   out: 0000007700000000 0000000000004000 00000002c8ccc32c 000000000036b12e
[uatrec] S4 r13 (+1s): nvv 8 ncb 8 vsz 0x100000 fill 0x0 destroy0 kr 0x00000000 nj 40
[uatrec] S4 r13 blit[0] slots 8 ridp 1
[uatrec] S4 r13 blit[1] slots 8 ridp 1
[uatrec] S4 r13 blit[2] slots 8 ridp 1
[uatrec] S4 r13 blit[3] slots 8 ridp 1
[uatrec] S4 r13 blit[4] slots 8 ridp 1
[uatrec] S4 r13 blit[5] slots 8 ridp 1
[uatrec] S4 r13 blit[6] slots 8 ridp 1
[uatrec] S4 r13 blit[7] slots 8 ridp 1
[mtlr] resource2 sel8 flags 470 sz 0x100000 -> kr 0x00000000 rid 119 GPUVA 0x10002490000 cpu 10d240000
[mtlr]   out: 0000010002490000 000000010d240000 00000001050d1940 0000000000000000
[mtlr]   out: 0000007700000000 0000000000100000 00000002c8ccc34e 000000000036b131
[uatrec] S4 r14 victim[0] rid 119 gpuva 0x10002490000 cpu 0x10d240000 (top-of-stack)
[mtlr] resource2 sel8 flags 470 sz 0x100000 -> kr 0x00000000 rid 120 GPUVA 0x10002598000 cpu 10d340000
[mtlr]   out: 0000010002598000 000000010d340000 00000001050d1a00 0000000000000000
[mtlr]   out: 0000007800000000 0000000000100000 00000002c8ccc34f 000000000036b132
[uatrec] S4 r14 victim[1] rid 120 gpuva 0x10002598000 cpu 0x10d340000 (top-of-stack)
[mtlr] resource2 sel8 flags 470 sz 0x100000 -> kr 0x00000000 rid 121 GPUVA 0x100026a0000 cpu 10d440000
[mtlr]   out: 00000100026a0000 000000010d440000 00000001050d1ac0 0000000000000000
[mtlr]   out: 0000007900000000 0000000000100000 00000002c8ccc350 000000000036b133
[uatrec] S4 r14 victim[2] rid 121 gpuva 0x100026a0000 cpu 0x10d440000 (top-of-stack)
[mtlr] resource2 sel8 flags 470 sz 0x100000 -> kr 0x00000000 rid 122 GPUVA 0x100027a8000 cpu 10d540000
[mtlr]   out: 00000100027a8000 000000010d540000 00000001050d1b80 0000000000000000
[mtlr]   out: 0000007a00000000 0000000000100000 00000002c8ccc351 000000000036b134
[uatrec] S4 r14 victim[3] rid 122 gpuva 0x100027a8000 cpu 0x10d540000 (top-of-stack)
[mtlr] resource2 sel8 flags 470 sz 0x100000 -> kr 0x00000000 rid 123 GPUVA 0x100028b0000 cpu 10d640000
[mtlr]   out: 00000100028b0000 000000010d640000 00000001050d1c40 0000000000000000
[mtlr]   out: 0000007b00000000 0000000000100000 00000002c8ccc360 000000000036b135
[uatrec] S4 r14 victim[4] rid 123 gpuva 0x100028b0000 cpu 0x10d640000 (top-of-stack)
[mtlr] resource2 sel8 flags 470 sz 0x100000 -> kr 0x00000000 rid 124 GPUVA 0x100029b8000 cpu 10d740000
[mtlr]   out: 00000100029b8000 000000010d740000 00000001050d1d00 0000000000000000
[mtlr]   out: 0000007c00000000 0000000000100000 00000002c8ccc364 000000000036b136
[uatrec] S4 r14 victim[5] rid 124 gpuva 0x100029b8000 cpu 0x10d740000 (top-of-stack)
[mtlr] resource2 sel8 flags 470 sz 0x100000 -> kr 0x00000000 rid 125 GPUVA 0x10002ac0000 cpu 10d840000
[mtlr]   out: 0000010002ac0000 000000010d840000 00000001050d1dc0 0000000000000000
[mtlr]   out: 0000007d00000000 0000000000100000 00000002c8ccc365 000000000036b137
[uatrec] S4 r14 victim[6] rid 125 gpuva 0x10002ac0000 cpu 0x10d840000 (top-of-stack)
[mtlr] resource2 sel8 flags 470 sz 0x100000 -> kr 0x00000000 rid 126 GPUVA 0x10002bc8000 cpu 10da3c000
[mtlr]   out: 0000010002bc8000 000000010da3c000 00000001050d1e80 0000000000000000
[mtlr]   out: 0000007e00000000 0000000000100000 00000002c8ccc366 000000000036b138
[uatrec] S4 r14 victim[7] rid 126 gpuva 0x10002bc8000 cpu 0x10da3c000 (top-of-stack)
[mtlr] resource2 sel8 flags 470 sz 0x1000 -> kr 0x00000000 rid 119 GPUVA 0x10002490000 cpu 10d940000
[mtlr]   out: 0000010002490000 000000010d940000 00000001050d1940 0000000000000000
[mtlr]   out: 0000007700000000 0000000000004000 00000002c8ccc382 000000000036b142
[mtlr] resource2 sel8 flags 470 sz 0x1000 -> kr 0x00000000 rid 119 GPUVA 0x10002490000 cpu 10d940000
[mtlr]   out: 0000010002490000 000000010d940000 00000001050d1940 0000000000000000
[mtlr]   out: 0000007700000000 0000000000004000 00000002c8ccc383 000000000036b143
[mtlr] resource2 sel8 flags 470 sz 0x1000 -> kr 0x00000000 rid 119 GPUVA 0x10002490000 cpu 10d940000
[mtlr]   out: 0000010002490000 000000010d940000 00000001050d1940 0000000000000000
[mtlr]   out: 0000007700000000 0000000000004000 00000002c8ccc384 000000000036b144
[mtlr] resource2 sel8 flags 470 sz 0x1000 -> kr 0x00000000 rid 119 GPUVA 0x10002490000 cpu 10d940000
[mtlr]   out: 0000010002490000 000000010d940000 00000001050d1940 0000000000000000
[mtlr]   out: 0000007700000000 0000000000004000 00000002c8ccc385 000000000036b145
[mtlr] resource2 sel8 flags 470 sz 0x1000 -> kr 0x00000000 rid 119 GPUVA 0x10002490000 cpu 10d940000
[mtlr]   out: 0000010002490000 000000010d940000 00000001050d1940 0000000000000000
[mtlr]   out: 0000007700000000 0000000000004000 00000002c8ccc386 000000000036b146
[mtlr] resource2 sel8 flags 470 sz 0x1000 -> kr 0x00000000 rid 119 GPUVA 0x10002490000 cpu 10d940000
[mtlr]   out: 0000010002490000 000000010d940000 00000001050d1940 0000000000000000
[mtlr]   out: 0000007700000000 0000000000004000 00000002c8ccc387 000000000036b147
[mtlr] resource2 sel8 flags 470 sz 0x1000 -> kr 0x00000000 rid 119 GPUVA 0x10002490000 cpu 10d940000
[mtlr]   out: 0000010002490000 000000010d940000 00000001050d1940 0000000000000000
[mtlr]   out: 0000007700000000 0000000000004000 00000002c8ccc388 000000000036b148
[mtlr] resource2 sel8 flags 470 sz 0x1000 -> kr 0x00000000 rid 119 GPUVA 0x10002490000 cpu 10d940000
[mtlr]   out: 0000010002490000 000000010d940000 00000001050d1940 0000000000000000
[mtlr]   out: 0000007700000000 0000000000004000 00000002c8ccc389 000000000036b149
[mtlr] resource2 sel8 flags 470 sz 0x1000 -> kr 0x00000000 rid 119 GPUVA 0x10002490000 cpu 10d940000
[mtlr]   out: 0000010002490000 000000010d940000 00000001050d1940 0000000000000000
[mtlr]   out: 0000007700000000 0000000000004000 00000002c8ccc38a 000000000036b14a
[mtlr] resource2 sel8 flags 470 sz 0x1000 -> kr 0x00000000 rid 119 GPUVA 0x10002490000 cpu 10d940000
[mtlr]   out: 0000010002490000 000000010d940000 00000001050d1940 0000000000000000
[mtlr]   out: 0000007700000000 0000000000004000 00000002c8ccc38b 000000000036b14b
[mtlr] resource2 sel8 flags 470 sz 0x1000 -> kr 0x00000000 rid 119 GPUVA 0x10002490000 cpu 10d940000
[mtlr]   out: 0000010002490000 000000010d940000 00000001050d1940 0000000000000000
[mtlr]   out: 0000007700000000 0000000000004000 00000002c8ccc38c 000000000036b14c
[mtlr] resource2 sel8 flags 470 sz 0x1000 -> kr 0x00000000 rid 119 GPUVA 0x10002490000 cpu 10d940000
[mtlr]   out: 0000010002490000 000000010d940000 00000001050d1940 0000000000000000
[mtlr]   out: 0000007700000000 0000000000004000 00000002c8ccc38d 000000000036b14d
[mtlr] resource2 sel8 flags 470 sz 0x1000 -> kr 0x00000000 rid 119 GPUVA 0x10002490000 cpu 10d940000
[mtlr]   out: 0000010002490000 000000010d940000 00000001050d1940 0000000000000000
[mtlr]   out: 0000007700000000 0000000000004000 00000002c8ccc38e 000000000036b14e
[mtlr] resource2 sel8 flags 470 sz 0x1000 -> kr 0x00000000 rid 119 GPUVA 0x10002490000 cpu 10d940000
[mtlr]   out: 0000010002490000 000000010d940000 00000001050d1940 0000000000000000
[mtlr]   out: 0000007700000000 0000000000004000 00000002c8ccc38f 000000000036b14f
[mtlr] resource2 sel8 flags 470 sz 0x1000 -> kr 0x00000000 rid 119 GPUVA 0x10002490000 cpu 10d940000
[mtlr]   out: 0000010002490000 000000010d940000 00000001050d1940 0000000000000000
[mtlr]   out: 0000007700000000 0000000000004000 00000002c8ccc390 000000000036b150
[mtlr] resource2 sel8 flags 470 sz 0x1000 -> kr 0x00000000 rid 119 GPUVA 0x10002490000 cpu 10d940000
[mtlr]   out: 0000010002490000 000000010d940000 00000001050d1940 0000000000000000
[mtlr]   out: 0000007700000000 0000000000004000 00000002c8ccc391 000000000036b151
[mtlr] resource2 sel8 flags 470 sz 0x1000 -> kr 0x00000000 rid 119 GPUVA 0x10002490000 cpu 10d940000
[mtlr]   out: 0000010002490000 000000010d940000 00000001050d1940 0000000000000000
[mtlr]   out: 0000007700000000 0000000000004000 00000002c8ccc392 000000000036b152
[mtlr] resource2 sel8 flags 470 sz 0x1000 -> kr 0x00000000 rid 119 GPUVA 0x10002490000 cpu 10d940000
[mtlr]   out: 0000010002490000 000000010d940000 00000001050d1940 0000000000000000
[mtlr]   out: 0000007700000000 0000000000004000 00000002c8ccc393 000000000036b153
[mtlr] resource2 sel8 flags 470 sz 0x1000 -> kr 0x00000000 rid 119 GPUVA 0x10002490000 cpu 10d940000
[mtlr]   out: 0000010002490000 000000010d940000 00000001050d1940 0000000000000000
[mtlr]   out: 0000007700000000 0000000000004000 00000002c8ccc394 000000000036b154
[mtlr] resource2 sel8 flags 470 sz 0x1000 -> kr 0x00000000 rid 119 GPUVA 0x10002490000 cpu 10d940000
[mtlr]   out: 0000010002490000 000000010d940000 00000001050d1940 0000000000000000
[mtlr]   out: 0000007700000000 0000000000004000 00000002c8ccc395 000000000036b155
[mtlr] resource2 sel8 flags 470 sz 0x1000 -> kr 0x00000000 rid 119 GPUVA 0x10002490000 cpu 10d940000
[mtlr]   out: 0000010002490000 000000010d940000 00000001050d1940 0000000000000000
[mtlr]   out: 0000007700000000 0000000000004000 00000002c8ccc396 000000000036b156
[mtlr] resource2 sel8 flags 470 sz 0x1000 -> kr 0x00000000 rid 119 GPUVA 0x10002490000 cpu 10d940000
[mtlr]   out: 0000010002490000 000000010d940000 00000001050d1940 0000000000000000
[mtlr]   out: 0000007700000000 0000000000004000 00000002c8ccc397 000000000036b157
[mtlr] resource2 sel8 flags 470 sz 0x1000 -> kr 0x00000000 rid 119 GPUVA 0x10002490000 cpu 10d940000
[mtlr]   out: 0000010002490000 000000010d940000 00000001050d1940 0000000000000000
[mtlr]   out: 0000007700000000 0000000000004000 00000002c8ccc398 000000000036b158
[mtlr] resource2 sel8 flags 470 sz 0x1000 -> kr 0x00000000 rid 119 GPUVA 0x10002490000 cpu 10d940000
[mtlr]   out: 0000010002490000 000000010d940000 00000001050d1940 0000000000000000
[mtlr]   out: 0000007700000000 0000000000004000 00000002c8ccc399 000000000036b159
[mtlr] resource2 sel8 flags 470 sz 0x1000 -> kr 0x00000000 rid 119 GPUVA 0x10002490000 cpu 10d940000
[mtlr]   out: 0000010002490000 000000010d940000 00000001050d1940 0000000000000000
[mtlr]   out: 0000007700000000 0000000000004000 00000002c8ccc39a 000000000036b15a
[mtlr] resource2 sel8 flags 470 sz 0x1000 -> kr 0x00000000 rid 119 GPUVA 0x10002490000 cpu 10d940000
[mtlr]   out: 0000010002490000 000000010d940000 00000001050d1940 0000000000000000
[mtlr]   out: 0000007700000000 0000000000004000 00000002c8ccc39b 000000000036b15b
[mtlr] resource2 sel8 flags 470 sz 0x1000 -> kr 0x00000000 rid 119 GPUVA 0x10002490000 cpu 10d940000
[mtlr]   out: 0000010002490000 000000010d940000 00000001050d1940 0000000000000000
[mtlr]   out: 0000007700000000 0000000000004000 00000002c8ccc39c 000000000036b15c
[mtlr] resource2 sel8 flags 470 sz 0x1000 -> kr 0x00000000 rid 119 GPUVA 0x10002490000 cpu 10d940000
[mtlr]   out: 0000010002490000 000000010d940000 00000001050d1940 0000000000000000
[mtlr]   out: 0000007700000000 0000000000004000 00000002c8ccc39d 000000000036b15d
[mtlr] resource2 sel8 flags 470 sz 0x1000 -> kr 0x00000000 rid 119 GPUVA 0x10002490000 cpu 10d940000
[mtlr]   out: 0000010002490000 000000010d940000 00000001050d1940 0000000000000000
[mtlr]   out: 0000007700000000 0000000000004000 00000002c8ccc39e 000000000036b15e
[mtlr] resource2 sel8 flags 470 sz 0x1000 -> kr 0x00000000 rid 119 GPUVA 0x10002490000 cpu 10d940000
[mtlr]   out: 0000010002490000 000000010d940000 00000001050d1940 0000000000000000
[mtlr]   out: 0000007700000000 0000000000004000 00000002c8ccc39f 000000000036b15f
[mtlr] resource2 sel8 flags 470 sz 0x1000 -> kr 0x00000000 rid 119 GPUVA 0x10002490000 cpu 10d940000
[mtlr]   out: 0000010002490000 000000010d940000 00000001050d1940 0000000000000000
[mtlr]   out: 0000007700000000 0000000000004000 00000002c8ccc3a0 000000000036b160
[mtlr] resource2 sel8 flags 470 sz 0x1000 -> kr 0x00000000 rid 119 GPUVA 0x10002490000 cpu 10d940000
[mtlr]   out: 0000010002490000 000000010d940000 00000001050d1940 0000000000000000
[mtlr]   out: 0000007700000000 0000000000004000 00000002c8ccc3a1 000000000036b161
[mtlr] resource2 sel8 flags 470 sz 0x1000 -> kr 0x00000000 rid 119 GPUVA 0x10002490000 cpu 10d940000
[mtlr]   out: 0000010002490000 000000010d940000 00000001050d1940 0000000000000000
[mtlr]   out: 0000007700000000 0000000000004000 00000002c8ccc3a2 000000000036b162
[mtlr] resource2 sel8 flags 470 sz 0x1000 -> kr 0x00000000 rid 119 GPUVA 0x10002490000 cpu 10d940000
[mtlr]   out: 0000010002490000 000000010d940000 00000001050d1940 0000000000000000
[mtlr]   out: 0000007700000000 0000000000004000 00000002c8ccc3a3 000000000036b163
[mtlr] resource2 sel8 flags 470 sz 0x1000 -> kr 0x00000000 rid 119 GPUVA 0x10002490000 cpu 10d940000
[mtlr]   out: 0000010002490000 000000010d940000 00000001050d1940 0000000000000000
[mtlr]   out: 0000007700000000 0000000000004000 00000002c8ccc3a4 000000000036b164
[mtlr] resource2 sel8 flags 470 sz 0x1000 -> kr 0x00000000 rid 119 GPUVA 0x10002490000 cpu 10d940000
[mtlr]   out: 0000010002490000 000000010d940000 00000001050d1940 0000000000000000
[mtlr]   out: 0000007700000000 0000000000004000 00000002c8ccc3a5 000000000036b165
[mtlr] resource2 sel8 flags 470 sz 0x1000 -> kr 0x00000000 rid 119 GPUVA 0x10002490000 cpu 10d940000
[mtlr]   out: 0000010002490000 000000010d940000 00000001050d1940 0000000000000000
[mtlr]   out: 0000007700000000 0000000000004000 00000002c8ccc3a6 000000000036b166
[mtlr] resource2 sel8 flags 470 sz 0x1000 -> kr 0x00000000 rid 119 GPUVA 0x10002490000 cpu 10d940000
[mtlr]   out: 0000010002490000 000000010d940000 00000001050d1940 0000000000000000
[mtlr]   out: 0000007700000000 0000000000004000 00000002c8ccc3a7 000000000036b167
[mtlr] resource2 sel8 flags 470 sz 0x1000 -> kr 0x00000000 rid 119 GPUVA 0x10002490000 cpu 10d940000
[mtlr]   out: 0000010002490000 000000010d940000 00000001050d1940 0000000000000000
[mtlr]   out: 0000007700000000 0000000000004000 00000002c8ccc3a8 000000000036b168
[mtlr] resource2 sel8 flags 470 sz 0x1000 -> kr 0x00000000 rid 119 GPUVA 0x10002490000 cpu 10d940000
[mtlr]   out: 0000010002490000 000000010d940000 00000001050d1940 0000000000000000
[mtlr]   out: 0000007700000000 0000000000004000 00000002c8ccc3a9 000000000036b169
[uatrec] S4 r14 (+1s): nvv 8 ncb 8 vsz 0x100000 fill 0x0 destroy0 kr 0x00000000 nj 40
[uatrec] S4 r14 blit[0] slots 8 ridp 1
[uatrec] S4 r14 blit[1] slots 8 ridp 1
[uatrec] S4 r14 blit[2] slots 8 ridp 1
[uatrec] S4 r14 blit[3] slots 8 ridp 1
[uatrec] S4 r14 blit[4] slots 8 ridp 1
[uatrec] S4 r14 blit[5] slots 8 ridp 1
[uatrec] S4 r14 blit[6] slots 8 ridp 1
[uatrec] S4 r14 blit[7] slots 8 ridp 1
[mtlr] resource2 sel8 flags 470 sz 0x100000 -> kr 0x00000000 rid 119 GPUVA 0x10002490000 cpu 10de10000
[mtlr]   out: 0000010002490000 000000010de10000 00000001050d1940 0000000000000000
[mtlr]   out: 0000007700000000 0000000000100000 00000002c8ccc3d1 000000000036b16c
[uatrec] S4 r15 victim[0] rid 119 gpuva 0x10002490000 cpu 0x10de10000 (top-of-stack)
[mtlr] resource2 sel8 flags 470 sz 0x100000 -> kr 0x00000000 rid 120 GPUVA 0x10002598000 cpu 10df80000
[mtlr]   out: 0000010002598000 000000010df80000 00000001050d1a00 0000000000000000
[mtlr]   out: 0000007800000000 0000000000100000 00000002c8ccc3d6 000000000036b16d
[uatrec] S4 r15 victim[1] rid 120 gpuva 0x10002598000 cpu 0x10df80000 (top-of-stack)
[mtlr] resource2 sel8 flags 470 sz 0x100000 -> kr 0x00000000 rid 121 GPUVA 0x100026a0000 cpu 10e080000
[mtlr]   out: 00000100026a0000 000000010e080000 00000001050d1ac0 0000000000000000
[mtlr]   out: 0000007900000000 0000000000100000 00000002c8ccc3d7 000000000036b16e
[uatrec] S4 r15 victim[2] rid 121 gpuva 0x100026a0000 cpu 0x10e080000 (top-of-stack)
[mtlr] resource2 sel8 flags 470 sz 0x100000 -> kr 0x00000000 rid 122 GPUVA 0x100027a8000 cpu 10d240000
[mtlr]   out: 00000100027a8000 000000010d240000 00000001050d1b80 0000000000000000
[mtlr]   out: 0000007a00000000 0000000000100000 00000002c8ccc3d8 000000000036b16f
[uatrec] S4 r15 victim[3] rid 122 gpuva 0x100027a8000 cpu 0x10d240000 (top-of-stack)
[mtlr] resource2 sel8 flags 470 sz 0x100000 -> kr 0x00000000 rid 123 GPUVA 0x100028b0000 cpu 10d340000
[mtlr]   out: 00000100028b0000 000000010d340000 00000001050d1c40 0000000000000000
[mtlr]   out: 0000007b00000000 0000000000100000 00000002c8ccc3d9 000000000036b170
[uatrec] S4 r15 victim[4] rid 123 gpuva 0x100028b0000 cpu 0x10d340000 (top-of-stack)
[mtlr] resource2 sel8 flags 470 sz 0x100000 -> kr 0x00000000 rid 124 GPUVA 0x100029b8000 cpu 10d440000
[mtlr]   out: 00000100029b8000 000000010d440000 00000001050d1d00 0000000000000000
[mtlr]   out: 0000007c00000000 0000000000100000 00000002c8ccc3de 000000000036b171
[uatrec] S4 r15 victim[5] rid 124 gpuva 0x100029b8000 cpu 0x10d440000 (top-of-stack)
[mtlr] resource2 sel8 flags 470 sz 0x100000 -> kr 0x00000000 rid 125 GPUVA 0x10002ac0000 cpu 10d540000
[mtlr]   out: 0000010002ac0000 000000010d540000 00000001050d1dc0 0000000000000000
[mtlr]   out: 0000007d00000000 0000000000100000 00000002c8ccc3e2 000000000036b172
[uatrec] S4 r15 victim[6] rid 125 gpuva 0x10002ac0000 cpu 0x10d540000 (top-of-stack)
[mtlr] resource2 sel8 flags 470 sz 0x100000 -> kr 0x00000000 rid 126 GPUVA 0x10002bc8000 cpu 10d640000
[mtlr]   out: 0000010002bc8000 000000010d640000 00000001050d1e80 0000000000000000
[mtlr]   out: 0000007e00000000 0000000000100000 00000002c8ccc3e3 000000000036b173
[uatrec] S4 r15 victim[7] rid 126 gpuva 0x10002bc8000 cpu 0x10d640000 (top-of-stack)
[mtlr] resource2 sel8 flags 470 sz 0x1000 -> kr 0x00000000 rid 119 GPUVA 0x10002490000 cpu 10d940000
[mtlr]   out: 0000010002490000 000000010d940000 00000001050d1940 0000000000000000
[mtlr]   out: 0000007700000000 0000000000004000 00000002c8ccc3ff 000000000036b17d
[mtlr] resource2 sel8 flags 470 sz 0x1000 -> kr 0x00000000 rid 119 GPUVA 0x10002490000 cpu 10d940000
[mtlr]   out: 0000010002490000 000000010d940000 00000001050d1940 0000000000000000
[mtlr]   out: 0000007700000000 0000000000004000 00000002c8ccc400 000000000036b17e
[mtlr] resource2 sel8 flags 470 sz 0x1000 -> kr 0x00000000 rid 119 GPUVA 0x10002490000 cpu 10d940000
[mtlr]   out: 0000010002490000 000000010d940000 00000001050d1940 0000000000000000
[mtlr]   out: 0000007700000000 0000000000004000 00000002c8ccc401 000000000036b17f
[mtlr] resource2 sel8 flags 470 sz 0x1000 -> kr 0x00000000 rid 119 GPUVA 0x10002490000 cpu 10d940000
[mtlr]   out: 0000010002490000 000000010d940000 00000001050d1940 0000000000000000
[mtlr]   out: 0000007700000000 0000000000004000 00000002c8ccc402 000000000036b180
[mtlr] resource2 sel8 flags 470 sz 0x1000 -> kr 0x00000000 rid 119 GPUVA 0x10002490000 cpu 10d940000
[mtlr]   out: 0000010002490000 000000010d940000 00000001050d1940 0000000000000000
[mtlr]   out: 0000007700000000 0000000000004000 00000002c8ccc403 000000000036b181
[mtlr] resource2 sel8 flags 470 sz 0x1000 -> kr 0x00000000 rid 119 GPUVA 0x10002490000 cpu 10d940000
[mtlr]   out: 0000010002490000 000000010d940000 00000001050d1940 0000000000000000
[mtlr]   out: 0000007700000000 0000000000004000 00000002c8ccc404 000000000036b182
[mtlr] resource2 sel8 flags 470 sz 0x1000 -> kr 0x00000000 rid 119 GPUVA 0x10002490000 cpu 10d940000
[mtlr]   out: 0000010002490000 000000010d940000 00000001050d1940 0000000000000000
[mtlr]   out: 0000007700000000 0000000000004000 00000002c8ccc405 000000000036b183
[mtlr] resource2 sel8 flags 470 sz 0x1000 -> kr 0x00000000 rid 119 GPUVA 0x10002490000 cpu 10d940000
[mtlr]   out: 0000010002490000 000000010d940000 00000001050d1940 0000000000000000
[mtlr]   out: 0000007700000000 0000000000004000 00000002c8ccc406 000000000036b184
[mtlr] resource2 sel8 flags 470 sz 0x1000 -> kr 0x00000000 rid 119 GPUVA 0x10002490000 cpu 10d940000
[mtlr]   out: 0000010002490000 000000010d940000 00000001050d1940 0000000000000000
[mtlr]   out: 0000007700000000 0000000000004000 00000002c8ccc407 000000000036b185
[mtlr] resource2 sel8 flags 470 sz 0x1000 -> kr 0x00000000 rid 119 GPUVA 0x10002490000 cpu 10d940000
[mtlr]   out: 0000010002490000 000000010d940000 00000001050d1940 0000000000000000
[mtlr]   out: 0000007700000000 0000000000004000 00000002c8ccc408 000000000036b186
[mtlr] resource2 sel8 flags 470 sz 0x1000 -> kr 0x00000000 rid 119 GPUVA 0x10002490000 cpu 10d940000
[mtlr]   out: 0000010002490000 000000010d940000 00000001050d1940 0000000000000000
[mtlr]   out: 0000007700000000 0000000000004000 00000002c8ccc409 000000000036b187
[mtlr] resource2 sel8 flags 470 sz 0x1000 -> kr 0x00000000 rid 119 GPUVA 0x10002490000 cpu 10d940000
[mtlr]   out: 0000010002490000 000000010d940000 00000001050d1940 0000000000000000
[mtlr]   out: 0000007700000000 0000000000004000 00000002c8ccc40a 000000000036b188
[mtlr] resource2 sel8 flags 470 sz 0x1000 -> kr 0x00000000 rid 119 GPUVA 0x10002490000 cpu 10d940000
[mtlr]   out: 0000010002490000 000000010d940000 00000001050d1940 0000000000000000
[mtlr]   out: 0000007700000000 0000000000004000 00000002c8ccc40b 000000000036b189
[mtlr] resource2 sel8 flags 470 sz 0x1000 -> kr 0x00000000 rid 119 GPUVA 0x10002490000 cpu 10d940000
[mtlr]   out: 0000010002490000 000000010d940000 00000001050d1940 0000000000000000
[mtlr]   out: 0000007700000000 0000000000004000 00000002c8ccc40c 000000000036b18a
[mtlr] resource2 sel8 flags 470 sz 0x1000 -> kr 0x00000000 rid 119 GPUVA 0x10002490000 cpu 10d940000
[mtlr]   out: 0000010002490000 000000010d940000 00000001050d1940 0000000000000000
[mtlr]   out: 0000007700000000 0000000000004000 00000002c8ccc40d 000000000036b18b
[mtlr] resource2 sel8 flags 470 sz 0x1000 -> kr 0x00000000 rid 119 GPUVA 0x10002490000 cpu 10d940000
[mtlr]   out: 0000010002490000 000000010d940000 00000001050d1940 0000000000000000
[mtlr]   out: 0000007700000000 0000000000004000 00000002c8ccc40e 000000000036b18c
[mtlr] resource2 sel8 flags 470 sz 0x1000 -> kr 0x00000000 rid 119 GPUVA 0x10002490000 cpu 10d940000
[mtlr]   out: 0000010002490000 000000010d940000 00000001050d1940 0000000000000000
[mtlr]   out: 0000007700000000 0000000000004000 00000002c8ccc40f 000000000036b18d
[mtlr] resource2 sel8 flags 470 sz 0x1000 -> kr 0x00000000 rid 119 GPUVA 0x10002490000 cpu 10d940000
[mtlr]   out: 0000010002490000 000000010d940000 00000001050d1940 0000000000000000
[mtlr]   out: 0000007700000000 0000000000004000 00000002c8ccc410 000000000036b18e
[mtlr] resource2 sel8 flags 470 sz 0x1000 -> kr 0x00000000 rid 119 GPUVA 0x10002490000 cpu 10d940000
[mtlr]   out: 0000010002490000 000000010d940000 00000001050d1940 0000000000000000
[mtlr]   out: 0000007700000000 0000000000004000 00000002c8ccc411 000000000036b18f
[mtlr] resource2 sel8 flags 470 sz 0x1000 -> kr 0x00000000 rid 119 GPUVA 0x10002490000 cpu 10d940000
[mtlr]   out: 0000010002490000 000000010d940000 00000001050d1940 0000000000000000
[mtlr]   out: 0000007700000000 0000000000004000 00000002c8ccc412 000000000036b190
[mtlr] resource2 sel8 flags 470 sz 0x1000 -> kr 0x00000000 rid 119 GPUVA 0x10002490000 cpu 10d940000
[mtlr]   out: 0000010002490000 000000010d940000 00000001050d1940 0000000000000000
[mtlr]   out: 0000007700000000 0000000000004000 00000002c8ccc413 000000000036b191
[mtlr] resource2 sel8 flags 470 sz 0x1000 -> kr 0x00000000 rid 119 GPUVA 0x10002490000 cpu 10d940000
[mtlr]   out: 0000010002490000 000000010d940000 00000001050d1940 0000000000000000
[mtlr]   out: 0000007700000000 0000000000004000 00000002c8ccc414 000000000036b192
[mtlr] resource2 sel8 flags 470 sz 0x1000 -> kr 0x00000000 rid 119 GPUVA 0x10002490000 cpu 10d940000
[mtlr]   out: 0000010002490000 000000010d940000 00000001050d1940 0000000000000000
[mtlr]   out: 0000007700000000 0000000000004000 00000002c8ccc415 000000000036b193
[mtlr] resource2 sel8 flags 470 sz 0x1000 -> kr 0x00000000 rid 119 GPUVA 0x10002490000 cpu 10d940000
[mtlr]   out: 0000010002490000 000000010d940000 00000001050d1940 0000000000000000
[mtlr]   out: 0000007700000000 0000000000004000 00000002c8ccc416 000000000036b194
[mtlr] resource2 sel8 flags 470 sz 0x1000 -> kr 0x00000000 rid 119 GPUVA 0x10002490000 cpu 10d940000
[mtlr]   out: 0000010002490000 000000010d940000 00000001050d1940 0000000000000000
[mtlr]   out: 0000007700000000 0000000000004000 00000002c8ccc417 000000000036b195
[mtlr] resource2 sel8 flags 470 sz 0x1000 -> kr 0x00000000 rid 119 GPUVA 0x10002490000 cpu 10d940000
[mtlr]   out: 0000010002490000 000000010d940000 00000001050d1940 0000000000000000
[mtlr]   out: 0000007700000000 0000000000004000 00000002c8ccc418 000000000036b196
[mtlr] resource2 sel8 flags 470 sz 0x1000 -> kr 0x00000000 rid 119 GPUVA 0x10002490000 cpu 10d940000
[mtlr]   out: 0000010002490000 000000010d940000 00000001050d1940 0000000000000000
[mtlr]   out: 0000007700000000 0000000000004000 00000002c8ccc419 000000000036b197
[mtlr] resource2 sel8 flags 470 sz 0x1000 -> kr 0x00000000 rid 119 GPUVA 0x10002490000 cpu 10d940000
[mtlr]   out: 0000010002490000 000000010d940000 00000001050d1940 0000000000000000
[mtlr]   out: 0000007700000000 0000000000004000 00000002c8ccc41a 000000000036b198
[mtlr] resource2 sel8 flags 470 sz 0x1000 -> kr 0x00000000 rid 119 GPUVA 0x10002490000 cpu 10d940000
[mtlr]   out: 0000010002490000 000000010d940000 00000001050d1940 0000000000000000
[mtlr]   out: 0000007700000000 0000000000004000 00000002c8ccc41b 000000000036b199
[mtlr] resource2 sel8 flags 470 sz 0x1000 -> kr 0x00000000 rid 119 GPUVA 0x10002490000 cpu 10d940000
[mtlr]   out: 0000010002490000 000000010d940000 00000001050d1940 0000000000000000
[mtlr]   out: 0000007700000000 0000000000004000 00000002c8ccc41c 000000000036b19a
[mtlr] resource2 sel8 flags 470 sz 0x1000 -> kr 0x00000000 rid 119 GPUVA 0x10002490000 cpu 10d940000
[mtlr]   out: 0000010002490000 000000010d940000 00000001050d1940 0000000000000000
[mtlr]   out: 0000007700000000 0000000000004000 00000002c8ccc41d 000000000036b19b
[mtlr] resource2 sel8 flags 470 sz 0x1000 -> kr 0x00000000 rid 119 GPUVA 0x10002490000 cpu 10d940000
[mtlr]   out: 0000010002490000 000000010d940000 00000001050d1940 0000000000000000
[mtlr]   out: 0000007700000000 0000000000004000 00000002c8ccc41e 000000000036b19c
[mtlr] resource2 sel8 flags 470 sz 0x1000 -> kr 0x00000000 rid 119 GPUVA 0x10002490000 cpu 10d940000
[mtlr]   out: 0000010002490000 000000010d940000 00000001050d1940 0000000000000000
[mtlr]   out: 0000007700000000 0000000000004000 00000002c8ccc41f 000000000036b19d
[mtlr] resource2 sel8 flags 470 sz 0x1000 -> kr 0x00000000 rid 119 GPUVA 0x10002490000 cpu 10d940000
[mtlr]   out: 0000010002490000 000000010d940000 00000001050d1940 0000000000000000
[mtlr]   out: 0000007700000000 0000000000004000 00000002c8ccc420 000000000036b19e
[mtlr] resource2 sel8 flags 470 sz 0x1000 -> kr 0x00000000 rid 119 GPUVA 0x10002490000 cpu 10d940000
[mtlr]   out: 0000010002490000 000000010d940000 00000001050d1940 0000000000000000
[mtlr]   out: 0000007700000000 0000000000004000 00000002c8ccc421 000000000036b19f
[mtlr] resource2 sel8 flags 470 sz 0x1000 -> kr 0x00000000 rid 119 GPUVA 0x10002490000 cpu 10d940000
[mtlr]   out: 0000010002490000 000000010d940000 00000001050d1940 0000000000000000
[mtlr]   out: 0000007700000000 0000000000004000 00000002c8ccc422 000000000036b1a0
[mtlr] resource2 sel8 flags 470 sz 0x1000 -> kr 0x00000000 rid 119 GPUVA 0x10002490000 cpu 10d940000
[mtlr]   out: 0000010002490000 000000010d940000 00000001050d1940 0000000000000000
[mtlr]   out: 0000007700000000 0000000000004000 00000002c8ccc423 000000000036b1a1
[mtlr] resource2 sel8 flags 470 sz 0x1000 -> kr 0x00000000 rid 119 GPUVA 0x10002490000 cpu 10d940000
[mtlr]   out: 0000010002490000 000000010d940000 00000001050d1940 0000000000000000
[mtlr]   out: 0000007700000000 0000000000004000 00000002c8ccc424 000000000036b1a2
[mtlr] resource2 sel8 flags 470 sz 0x1000 -> kr 0x00000000 rid 119 GPUVA 0x10002490000 cpu 10d940000
[mtlr]   out: 0000010002490000 000000010d940000 00000001050d1940 0000000000000000
[mtlr]   out: 0000007700000000 0000000000004000 00000002c8ccc425 000000000036b1a3
[mtlr] resource2 sel8 flags 470 sz 0x1000 -> kr 0x00000000 rid 119 GPUVA 0x10002490000 cpu 10d940000
[mtlr]   out: 0000010002490000 000000010d940000 00000001050d1940 0000000000000000
[mtlr]   out: 0000007700000000 0000000000004000 00000002c8ccc426 000000000036b1a4
[uatrec] S4 r15 (+1s): nvv 8 ncb 8 vsz 0x100000 fill 0x0 destroy0 kr 0x00000000 nj 40
[uatrec] S4 r15 blit[0] slots 8 ridp 1
[uatrec] S4 r15 blit[1] slots 8 ridp 1
[uatrec] S4 r15 blit[2] slots 8 ridp 1
[uatrec] S4 r15 blit[3] slots 8 ridp 1
[uatrec] S4 r15 blit[4] slots 8 ridp 1
[uatrec] S4 r15 blit[5] slots 8 ridp 1
[uatrec] S4 r15 blit[6] slots 8 ridp 1
[uatrec] S4 r15 blit[7] slots 8 ridp 1
[mtlr] resource2 sel8 flags 470 sz 0x100000 -> kr 0x00000000 rid 119 GPUVA 0x10002490000 cpu 10d840000
[mtlr]   out: 0000010002490000 000000010d840000 00000001050d1940 0000000000000000
[mtlr]   out: 0000007700000000 0000000000100000 00000002c8ccc452 000000000036b1a7
[uatrec] S4 r16 victim[0] rid 119 gpuva 0x10002490000 cpu 0x10d840000 (top-of-stack)
[mtlr] resource2 sel8 flags 470 sz 0x100000 -> kr 0x00000000 rid 120 GPUVA 0x10002598000 cpu 10da3c000
[mtlr]   out: 0000010002598000 000000010da3c000 00000001050d1a00 0000000000000000
[mtlr]   out: 0000007800000000 0000000000100000 00000002c8ccc453 000000000036b1a8
[uatrec] S4 r16 victim[1] rid 120 gpuva 0x10002598000 cpu 0x10da3c000 (top-of-stack)
[mtlr] resource2 sel8 flags 470 sz 0x100000 -> kr 0x00000000 rid 121 GPUVA 0x100026a0000 cpu 10dca0000
[mtlr]   out: 00000100026a0000 000000010dca0000 00000001050d1ac0 0000000000000000
[mtlr]   out: 0000007900000000 0000000000100000 00000002c8ccc454 000000000036b1a9
[uatrec] S4 r16 victim[2] rid 121 gpuva 0x100026a0000 cpu 0x10dca0000 (top-of-stack)
[mtlr] resource2 sel8 flags 470 sz 0x100000 -> kr 0x00000000 rid 122 GPUVA 0x100027a8000 cpu 10d240000
[mtlr]   out: 00000100027a8000 000000010d240000 00000001050d1b80 0000000000000000
[mtlr]   out: 0000007a00000000 0000000000100000 00000002c8ccc455 000000000036b1aa
[uatrec] S4 r16 victim[3] rid 122 gpuva 0x100027a8000 cpu 0x10d240000 (top-of-stack)
[mtlr] resource2 sel8 flags 470 sz 0x100000 -> kr 0x00000000 rid 123 GPUVA 0x100028b0000 cpu 10d340000
[mtlr]   out: 00000100028b0000 000000010d340000 00000001050d1c40 0000000000000000
[mtlr]   out: 0000007b00000000 0000000000100000 00000002c8ccc456 000000000036b1ab
[uatrec] S4 r16 victim[4] rid 123 gpuva 0x100028b0000 cpu 0x10d340000 (top-of-stack)
[mtlr] resource2 sel8 flags 470 sz 0x100000 -> kr 0x00000000 rid 124 GPUVA 0x100029b8000 cpu 10d440000
[mtlr]   out: 00000100029b8000 000000010d440000 00000001050d1d00 0000000000000000
[mtlr]   out: 0000007c00000000 0000000000100000 00000002c8ccc45e 000000000036b1ac
[uatrec] S4 r16 victim[5] rid 124 gpuva 0x100029b8000 cpu 0x10d440000 (top-of-stack)
[mtlr] resource2 sel8 flags 470 sz 0x100000 -> kr 0x00000000 rid 125 GPUVA 0x10002ac0000 cpu 10d540000
[mtlr]   out: 0000010002ac0000 000000010d540000 00000001050d1dc0 0000000000000000
[mtlr]   out: 0000007d00000000 0000000000100000 00000002c8ccc45f 000000000036b1ad
[uatrec] S4 r16 victim[6] rid 125 gpuva 0x10002ac0000 cpu 0x10d540000 (top-of-stack)
[mtlr] resource2 sel8 flags 470 sz 0x100000 -> kr 0x00000000 rid 126 GPUVA 0x10002bc8000 cpu 10d640000
[mtlr]   out: 0000010002bc8000 000000010d640000 00000001050d1e80 0000000000000000
[mtlr]   out: 0000007e00000000 0000000000100000 00000002c8ccc460 000000000036b1ae
[uatrec] S4 r16 victim[7] rid 126 gpuva 0x10002bc8000 cpu 0x10d640000 (top-of-stack)
[mtlr] resource2 sel8 flags 470 sz 0x1000 -> kr 0x00000000 rid 119 GPUVA 0x10002490000 cpu 10d940000
[mtlr]   out: 0000010002490000 000000010d940000 00000001050d1940 0000000000000000
[mtlr]   out: 0000007700000000 0000000000004000 00000002c8ccc47d 000000000036b1b8
[mtlr] resource2 sel8 flags 470 sz 0x1000 -> kr 0x00000000 rid 119 GPUVA 0x10002490000 cpu 10d940000
[mtlr]   out: 0000010002490000 000000010d940000 00000001050d1940 0000000000000000
[mtlr]   out: 0000007700000000 0000000000004000 00000002c8ccc47e 000000000036b1b9
[mtlr] resource2 sel8 flags 470 sz 0x1000 -> kr 0x00000000 rid 119 GPUVA 0x10002490000 cpu 10d940000
[mtlr]   out: 0000010002490000 000000010d940000 00000001050d1940 0000000000000000
[mtlr]   out: 0000007700000000 0000000000004000 00000002c8ccc47f 000000000036b1ba
[mtlr] resource2 sel8 flags 470 sz 0x1000 -> kr 0x00000000 rid 119 GPUVA 0x10002490000 cpu 10d940000
[mtlr]   out: 0000010002490000 000000010d940000 00000001050d1940 0000000000000000
[mtlr]   out: 0000007700000000 0000000000004000 00000002c8ccc480 000000000036b1bb
[mtlr] resource2 sel8 flags 470 sz 0x1000 -> kr 0x00000000 rid 119 GPUVA 0x10002490000 cpu 10d940000
[mtlr]   out: 0000010002490000 000000010d940000 00000001050d1940 0000000000000000
[mtlr]   out: 0000007700000000 0000000000004000 00000002c8ccc481 000000000036b1bc
[mtlr] resource2 sel8 flags 470 sz 0x1000 -> kr 0x00000000 rid 119 GPUVA 0x10002490000 cpu 10d940000
[mtlr]   out: 0000010002490000 000000010d940000 00000001050d1940 0000000000000000
[mtlr]   out: 0000007700000000 0000000000004000 00000002c8ccc482 000000000036b1bd
[mtlr] resource2 sel8 flags 470 sz 0x1000 -> kr 0x00000000 rid 119 GPUVA 0x10002490000 cpu 10d940000
[mtlr]   out: 0000010002490000 000000010d940000 00000001050d1940 0000000000000000
[mtlr]   out: 0000007700000000 0000000000004000 00000002c8ccc483 000000000036b1be
[mtlr] resource2 sel8 flags 470 sz 0x1000 -> kr 0x00000000 rid 119 GPUVA 0x10002490000 cpu 10d940000
[mtlr]   out: 0000010002490000 000000010d940000 00000001050d1940 0000000000000000
[mtlr]   out: 0000007700000000 0000000000004000 00000002c8ccc484 000000000036b1bf
[mtlr] resource2 sel8 flags 470 sz 0x1000 -> kr 0x00000000 rid 119 GPUVA 0x10002490000 cpu 10d940000
[mtlr]   out: 0000010002490000 000000010d940000 00000001050d1940 0000000000000000
[mtlr]   out: 0000007700000000 0000000000004000 00000002c8ccc485 000000000036b1c0
[mtlr] resource2 sel8 flags 470 sz 0x1000 -> kr 0x00000000 rid 119 GPUVA 0x10002490000 cpu 10d940000
[mtlr]   out: 0000010002490000 000000010d940000 00000001050d1940 0000000000000000
[mtlr]   out: 0000007700000000 0000000000004000 00000002c8ccc486 000000000036b1c1
[mtlr] resource2 sel8 flags 470 sz 0x1000 -> kr 0x00000000 rid 119 GPUVA 0x10002490000 cpu 10d940000
[mtlr]   out: 0000010002490000 000000010d940000 00000001050d1940 0000000000000000
[mtlr]   out: 0000007700000000 0000000000004000 00000002c8ccc487 000000000036b1c2
[mtlr] resource2 sel8 flags 470 sz 0x1000 -> kr 0x00000000 rid 119 GPUVA 0x10002490000 cpu 10d940000
[mtlr]   out: 0000010002490000 000000010d940000 00000001050d1940 0000000000000000
[mtlr]   out: 0000007700000000 0000000000004000 00000002c8ccc488 000000000036b1c3
[mtlr] resource2 sel8 flags 470 sz 0x1000 -> kr 0x00000000 rid 119 GPUVA 0x10002490000 cpu 10d940000
[mtlr]   out: 0000010002490000 000000010d940000 00000001050d1940 0000000000000000
[mtlr]   out: 0000007700000000 0000000000004000 00000002c8ccc489 000000000036b1c4
[mtlr] resource2 sel8 flags 470 sz 0x1000 -> kr 0x00000000 rid 119 GPUVA 0x10002490000 cpu 10d940000
[mtlr]   out: 0000010002490000 000000010d940000 00000001050d1940 0000000000000000
[mtlr]   out: 0000007700000000 0000000000004000 00000002c8ccc48a 000000000036b1c5
[mtlr] resource2 sel8 flags 470 sz 0x1000 -> kr 0x00000000 rid 119 GPUVA 0x10002490000 cpu 10d940000
[mtlr]   out: 0000010002490000 000000010d940000 00000001050d1940 0000000000000000
[mtlr]   out: 0000007700000000 0000000000004000 00000002c8ccc48b 000000000036b1c6
[mtlr] resource2 sel8 flags 470 sz 0x1000 -> kr 0x00000000 rid 119 GPUVA 0x10002490000 cpu 10d940000
[mtlr]   out: 0000010002490000 000000010d940000 00000001050d1940 0000000000000000
[mtlr]   out: 0000007700000000 0000000000004000 00000002c8ccc48c 000000000036b1c7
[mtlr] resource2 sel8 flags 470 sz 0x1000 -> kr 0x00000000 rid 119 GPUVA 0x10002490000 cpu 10d940000
[mtlr]   out: 0000010002490000 000000010d940000 00000001050d1940 0000000000000000
[mtlr]   out: 0000007700000000 0000000000004000 00000002c8ccc48d 000000000036b1c8
[mtlr] resource2 sel8 flags 470 sz 0x1000 -> kr 0x00000000 rid 119 GPUVA 0x10002490000 cpu 10d940000
[mtlr]   out: 0000010002490000 000000010d940000 00000001050d1940 0000000000000000
[mtlr]   out: 0000007700000000 0000000000004000 00000002c8ccc48e 000000000036b1c9
[mtlr] resource2 sel8 flags 470 sz 0x1000 -> kr 0x00000000 rid 119 GPUVA 0x10002490000 cpu 10d940000
[mtlr]   out: 0000010002490000 000000010d940000 00000001050d1940 0000000000000000
[mtlr]   out: 0000007700000000 0000000000004000 00000002c8ccc48f 000000000036b1ca
[mtlr] resource2 sel8 flags 470 sz 0x1000 -> kr 0x00000000 rid 119 GPUVA 0x10002490000 cpu 10d940000
[mtlr]   out: 0000010002490000 000000010d940000 00000001050d1940 0000000000000000
[mtlr]   out: 0000007700000000 0000000000004000 00000002c8ccc490 000000000036b1cb
[mtlr] resource2 sel8 flags 470 sz 0x1000 -> kr 0x00000000 rid 119 GPUVA 0x10002490000 cpu 10d940000
[mtlr]   out: 0000010002490000 000000010d940000 00000001050d1940 0000000000000000
[mtlr]   out: 0000007700000000 0000000000004000 00000002c8ccc491 000000000036b1cc
[mtlr] resource2 sel8 flags 470 sz 0x1000 -> kr 0x00000000 rid 119 GPUVA 0x10002490000 cpu 10d940000
[mtlr]   out: 0000010002490000 000000010d940000 00000001050d1940 0000000000000000
[mtlr]   out: 0000007700000000 0000000000004000 00000002c8ccc492 000000000036b1cd
[mtlr] resource2 sel8 flags 470 sz 0x1000 -> kr 0x00000000 rid 119 GPUVA 0x10002490000 cpu 10d940000
[mtlr]   out: 0000010002490000 000000010d940000 00000001050d1940 0000000000000000
[mtlr]   out: 0000007700000000 0000000000004000 00000002c8ccc493 000000000036b1ce
[mtlr] resource2 sel8 flags 470 sz 0x1000 -> kr 0x00000000 rid 119 GPUVA 0x10002490000 cpu 10d940000
[mtlr]   out: 0000010002490000 000000010d940000 00000001050d1940 0000000000000000
[mtlr]   out: 0000007700000000 0000000000004000 00000002c8ccc494 000000000036b1cf
[mtlr] resource2 sel8 flags 470 sz 0x1000 -> kr 0x00000000 rid 119 GPUVA 0x10002490000 cpu 10d940000
[mtlr]   out: 0000010002490000 000000010d940000 00000001050d1940 0000000000000000
[mtlr]   out: 0000007700000000 0000000000004000 00000002c8ccc495 000000000036b1d0
[mtlr] resource2 sel8 flags 470 sz 0x1000 -> kr 0x00000000 rid 119 GPUVA 0x10002490000 cpu 10d940000
[mtlr]   out: 0000010002490000 000000010d940000 00000001050d1940 0000000000000000
[mtlr]   out: 0000007700000000 0000000000004000 00000002c8ccc496 000000000036b1d1
[mtlr] resource2 sel8 flags 470 sz 0x1000 -> kr 0x00000000 rid 119 GPUVA 0x10002490000 cpu 10d940000
[mtlr]   out: 0000010002490000 000000010d940000 00000001050d1940 0000000000000000
[mtlr]   out: 0000007700000000 0000000000004000 00000002c8ccc497 000000000036b1d2
[mtlr] resource2 sel8 flags 470 sz 0x1000 -> kr 0x00000000 rid 119 GPUVA 0x10002490000 cpu 10d940000
[mtlr]   out: 0000010002490000 000000010d940000 00000001050d1940 0000000000000000
[mtlr]   out: 0000007700000000 0000000000004000 00000002c8ccc498 000000000036b1d3
[mtlr] resource2 sel8 flags 470 sz 0x1000 -> kr 0x00000000 rid 119 GPUVA 0x10002490000 cpu 10d940000
[mtlr]   out: 0000010002490000 000000010d940000 00000001050d1940 0000000000000000
[mtlr]   out: 0000007700000000 0000000000004000 00000002c8ccc499 000000000036b1d4
[mtlr] resource2 sel8 flags 470 sz 0x1000 -> kr 0x00000000 rid 119 GPUVA 0x10002490000 cpu 10d940000
[mtlr]   out: 0000010002490000 000000010d940000 00000001050d1940 0000000000000000
[mtlr]   out: 0000007700000000 0000000000004000 00000002c8ccc49a 000000000036b1d5
[mtlr] resource2 sel8 flags 470 sz 0x1000 -> kr 0x00000000 rid 119 GPUVA 0x10002490000 cpu 10d940000
[mtlr]   out: 0000010002490000 000000010d940000 00000001050d1940 0000000000000000
[mtlr]   out: 0000007700000000 0000000000004000 00000002c8ccc49b 000000000036b1d6
[mtlr] resource2 sel8 flags 470 sz 0x1000 -> kr 0x00000000 rid 119 GPUVA 0x10002490000 cpu 10d940000
[mtlr]   out: 0000010002490000 000000010d940000 00000001050d1940 0000000000000000
[mtlr]   out: 0000007700000000 0000000000004000 00000002c8ccc49c 000000000036b1d7
[mtlr] resource2 sel8 flags 470 sz 0x1000 -> kr 0x00000000 rid 119 GPUVA 0x10002490000 cpu 10d940000
[mtlr]   out: 0000010002490000 000000010d940000 00000001050d1940 0000000000000000
[mtlr]   out: 0000007700000000 0000000000004000 00000002c8ccc49d 000000000036b1d8
[mtlr] resource2 sel8 flags 470 sz 0x1000 -> kr 0x00000000 rid 119 GPUVA 0x10002490000 cpu 10d940000
[mtlr]   out: 0000010002490000 000000010d940000 00000001050d1940 0000000000000000
[mtlr]   out: 0000007700000000 0000000000004000 00000002c8ccc49e 000000000036b1d9
[mtlr] resource2 sel8 flags 470 sz 0x1000 -> kr 0x00000000 rid 119 GPUVA 0x10002490000 cpu 10d940000
[mtlr]   out: 0000010002490000 000000010d940000 00000001050d1940 0000000000000000
[mtlr]   out: 0000007700000000 0000000000004000 00000002c8ccc49f 000000000036b1da
[mtlr] resource2 sel8 flags 470 sz 0x1000 -> kr 0x00000000 rid 119 GPUVA 0x10002490000 cpu 10d940000
[mtlr]   out: 0000010002490000 000000010d940000 00000001050d1940 0000000000000000
[mtlr]   out: 0000007700000000 0000000000004000 00000002c8ccc4a0 000000000036b1db
[mtlr] resource2 sel8 flags 470 sz 0x1000 -> kr 0x00000000 rid 119 GPUVA 0x10002490000 cpu 10d940000
[mtlr]   out: 0000010002490000 000000010d940000 00000001050d1940 0000000000000000
[mtlr]   out: 0000007700000000 0000000000004000 00000002c8ccc4a1 000000000036b1dc
[mtlr] resource2 sel8 flags 470 sz 0x1000 -> kr 0x00000000 rid 119 GPUVA 0x10002490000 cpu 10d940000
[mtlr]   out: 0000010002490000 000000010d940000 00000001050d1940 0000000000000000
[mtlr]   out: 0000007700000000 0000000000004000 00000002c8ccc4a2 000000000036b1dd
[mtlr] resource2 sel8 flags 470 sz 0x1000 -> kr 0x00000000 rid 119 GPUVA 0x10002490000 cpu 10d940000
[mtlr]   out: 0000010002490000 000000010d940000 00000001050d1940 0000000000000000
[mtlr]   out: 0000007700000000 0000000000004000 00000002c8ccc4a3 000000000036b1de
[mtlr] resource2 sel8 flags 470 sz 0x1000 -> kr 0x00000000 rid 119 GPUVA 0x10002490000 cpu 10d940000
[mtlr]   out: 0000010002490000 000000010d940000 00000001050d1940 0000000000000000
[mtlr]   out: 0000007700000000 0000000000004000 00000002c8ccc4a4 000000000036b1df
[uatrec] S4 r16 (+1s): nvv 8 ncb 8 vsz 0x100000 fill 0x0 destroy0 kr 0x00000000 nj 40
[uatrec] S4 r16 blit[0] slots 8 ridp 1
[uatrec] S4 r16 blit[1] slots 8 ridp 1
[uatrec] S4 r16 blit[2] slots 8 ridp 1
[uatrec] S4 r16 blit[3] slots 8 ridp 1
[uatrec] S4 r16 blit[4] slots 8 ridp 1
[uatrec] S4 r16 blit[5] slots 8 ridp 1
[uatrec] S4 r16 blit[6] slots 8 ridp 1
[uatrec] S4 r16 blit[7] slots 8 ridp 1
[mtlr] resource2 sel8 flags 470 sz 0x100000 -> kr 0x00000000 rid 119 GPUVA 0x10002490000 cpu 10d240000
[mtlr]   out: 0000010002490000 000000010d240000 00000001050d1940 0000000000000000
[mtlr]   out: 0000007700000000 0000000000100000 00000002c8ccc4d0 000000000036b1e2
[uatrec] S4 r17 victim[0] rid 119 gpuva 0x10002490000 cpu 0x10d240000 (top-of-stack)
[mtlr] resource2 sel8 flags 470 sz 0x100000 -> kr 0x00000000 rid 120 GPUVA 0x10002598000 cpu 10d340000
[mtlr]   out: 0000010002598000 000000010d340000 00000001050d1a00 0000000000000000
[mtlr]   out: 0000007800000000 0000000000100000 00000002c8ccc4d1 000000000036b1e3
[uatrec] S4 r17 victim[1] rid 120 gpuva 0x10002598000 cpu 0x10d340000 (top-of-stack)
[mtlr] resource2 sel8 flags 470 sz 0x100000 -> kr 0x00000000 rid 121 GPUVA 0x100026a0000 cpu 10d440000
[mtlr]   out: 00000100026a0000 000000010d440000 00000001050d1ac0 0000000000000000
[mtlr]   out: 0000007900000000 0000000000100000 00000002c8ccc4d2 000000000036b1e4
[uatrec] S4 r17 victim[2] rid 121 gpuva 0x100026a0000 cpu 0x10d440000 (top-of-stack)
[mtlr] resource2 sel8 flags 470 sz 0x100000 -> kr 0x00000000 rid 122 GPUVA 0x100027a8000 cpu 10d540000
[mtlr]   out: 00000100027a8000 000000010d540000 00000001050d1b80 0000000000000000
[mtlr]   out: 0000007a00000000 0000000000100000 00000002c8ccc4d3 000000000036b1e5
[uatrec] S4 r17 victim[3] rid 122 gpuva 0x100027a8000 cpu 0x10d540000 (top-of-stack)
[mtlr] resource2 sel8 flags 470 sz 0x100000 -> kr 0x00000000 rid 123 GPUVA 0x100028b0000 cpu 10d640000
[mtlr]   out: 00000100028b0000 000000010d640000 00000001050d1c40 0000000000000000
[mtlr]   out: 0000007b00000000 0000000000100000 00000002c8ccc4d4 000000000036b1e6
[uatrec] S4 r17 victim[4] rid 123 gpuva 0x100028b0000 cpu 0x10d640000 (top-of-stack)
[mtlr] resource2 sel8 flags 470 sz 0x100000 -> kr 0x00000000 rid 124 GPUVA 0x100029b8000 cpu 10d740000
[mtlr]   out: 00000100029b8000 000000010d740000 00000001050d1d00 0000000000000000
[mtlr]   out: 0000007c00000000 0000000000100000 00000002c8ccc4dc 000000000036b1e7
[uatrec] S4 r17 victim[5] rid 124 gpuva 0x100029b8000 cpu 0x10d740000 (top-of-stack)
[mtlr] resource2 sel8 flags 470 sz 0x100000 -> kr 0x00000000 rid 125 GPUVA 0x10002ac0000 cpu 10d840000
[mtlr]   out: 0000010002ac0000 000000010d840000 00000001050d1dc0 0000000000000000
[mtlr]   out: 0000007d00000000 0000000000100000 00000002c8ccc4dd 000000000036b1e8
[uatrec] S4 r17 victim[6] rid 125 gpuva 0x10002ac0000 cpu 0x10d840000 (top-of-stack)
[mtlr] resource2 sel8 flags 470 sz 0x100000 -> kr 0x00000000 rid 126 GPUVA 0x10002bc8000 cpu 10da3c000
[mtlr]   out: 0000010002bc8000 000000010da3c000 00000001050d1e80 0000000000000000
[mtlr]   out: 0000007e00000000 0000000000100000 00000002c8ccc4de 000000000036b1e9
[uatrec] S4 r17 victim[7] rid 126 gpuva 0x10002bc8000 cpu 0x10da3c000 (top-of-stack)
[mtlr] resource2 sel8 flags 470 sz 0x1000 -> kr 0x00000000 rid 119 GPUVA 0x10002490000 cpu 10d940000
[mtlr]   out: 0000010002490000 000000010d940000 00000001050d1940 0000000000000000
[mtlr]   out: 0000007700000000 0000000000004000 00000002c8ccc4fa 000000000036b1f3
[mtlr] resource2 sel8 flags 470 sz 0x1000 -> kr 0x00000000 rid 119 GPUVA 0x10002490000 cpu 10d940000
[mtlr]   out: 0000010002490000 000000010d940000 00000001050d1940 0000000000000000
[mtlr]   out: 0000007700000000 0000000000004000 00000002c8ccc4fb 000000000036b1f4
[mtlr] resource2 sel8 flags 470 sz 0x1000 -> kr 0x00000000 rid 119 GPUVA 0x10002490000 cpu 10d940000
[mtlr]   out: 0000010002490000 000000010d940000 00000001050d1940 0000000000000000
[mtlr]   out: 0000007700000000 0000000000004000 00000002c8ccc4fc 000000000036b1f5
[mtlr] resource2 sel8 flags 470 sz 0x1000 -> kr 0x00000000 rid 119 GPUVA 0x10002490000 cpu 10d940000
[mtlr]   out: 0000010002490000 000000010d940000 00000001050d1940 0000000000000000
[mtlr]   out: 0000007700000000 0000000000004000 00000002c8ccc4fd 000000000036b1f6
[mtlr] resource2 sel8 flags 470 sz 0x1000 -> kr 0x00000000 rid 119 GPUVA 0x10002490000 cpu 10d940000
[mtlr]   out: 0000010002490000 000000010d940000 00000001050d1940 0000000000000000
[mtlr]   out: 0000007700000000 0000000000004000 00000002c8ccc4fe 000000000036b1f7
[mtlr] resource2 sel8 flags 470 sz 0x1000 -> kr 0x00000000 rid 119 GPUVA 0x10002490000 cpu 10d940000
[mtlr]   out: 0000010002490000 000000010d940000 00000001050d1940 0000000000000000
[mtlr]   out: 0000007700000000 0000000000004000 00000002c8ccc4ff 000000000036b1f8
[mtlr] resource2 sel8 flags 470 sz 0x1000 -> kr 0x00000000 rid 119 GPUVA 0x10002490000 cpu 10d940000
[mtlr]   out: 0000010002490000 000000010d940000 00000001050d1940 0000000000000000
[mtlr]   out: 0000007700000000 0000000000004000 00000002c8ccc500 000000000036b1f9
[mtlr] resource2 sel8 flags 470 sz 0x1000 -> kr 0x00000000 rid 119 GPUVA 0x10002490000 cpu 10d940000
[mtlr]   out: 0000010002490000 000000010d940000 00000001050d1940 0000000000000000
[mtlr]   out: 0000007700000000 0000000000004000 00000002c8ccc501 000000000036b1fa
[mtlr] resource2 sel8 flags 470 sz 0x1000 -> kr 0x00000000 rid 119 GPUVA 0x10002490000 cpu 10d940000
[mtlr]   out: 0000010002490000 000000010d940000 00000001050d1940 0000000000000000
[mtlr]   out: 0000007700000000 0000000000004000 00000002c8ccc502 000000000036b1fb
[mtlr] resource2 sel8 flags 470 sz 0x1000 -> kr 0x00000000 rid 119 GPUVA 0x10002490000 cpu 10d940000
[mtlr]   out: 0000010002490000 000000010d940000 00000001050d1940 0000000000000000
[mtlr]   out: 0000007700000000 0000000000004000 00000002c8ccc503 000000000036b1fc
[mtlr] resource2 sel8 flags 470 sz 0x1000 -> kr 0x00000000 rid 119 GPUVA 0x10002490000 cpu 10d940000
[mtlr]   out: 0000010002490000 000000010d940000 00000001050d1940 0000000000000000
[mtlr]   out: 0000007700000000 0000000000004000 00000002c8ccc504 000000000036b1fd
[mtlr] resource2 sel8 flags 470 sz 0x1000 -> kr 0x00000000 rid 119 GPUVA 0x10002490000 cpu 10d940000
[mtlr]   out: 0000010002490000 000000010d940000 00000001050d1940 0000000000000000
[mtlr]   out: 0000007700000000 0000000000004000 00000002c8ccc505 000000000036b1fe
[mtlr] resource2 sel8 flags 470 sz 0x1000 -> kr 0x00000000 rid 119 GPUVA 0x10002490000 cpu 10d940000
[mtlr]   out: 0000010002490000 000000010d940000 00000001050d1940 0000000000000000
[mtlr]   out: 0000007700000000 0000000000004000 00000002c8ccc506 000000000036b1ff
[mtlr] resource2 sel8 flags 470 sz 0x1000 -> kr 0x00000000 rid 119 GPUVA 0x10002490000 cpu 10d940000
[mtlr]   out: 0000010002490000 000000010d940000 00000001050d1940 0000000000000000
[mtlr]   out: 0000007700000000 0000000000004000 00000002c8ccc507 000000000036b200
[mtlr] resource2 sel8 flags 470 sz 0x1000 -> kr 0x00000000 rid 119 GPUVA 0x10002490000 cpu 10d940000
[mtlr]   out: 0000010002490000 000000010d940000 00000001050d1940 0000000000000000
[mtlr]   out: 0000007700000000 0000000000004000 00000002c8ccc508 000000000036b201
[mtlr] resource2 sel8 flags 470 sz 0x1000 -> kr 0x00000000 rid 119 GPUVA 0x10002490000 cpu 10d940000
[mtlr]   out: 0000010002490000 000000010d940000 00000001050d1940 0000000000000000
[mtlr]   out: 0000007700000000 0000000000004000 00000002c8ccc509 000000000036b202
[mtlr] resource2 sel8 flags 470 sz 0x1000 -> kr 0x00000000 rid 119 GPUVA 0x10002490000 cpu 10d940000
[mtlr]   out: 0000010002490000 000000010d940000 00000001050d1940 0000000000000000
[mtlr]   out: 0000007700000000 0000000000004000 00000002c8ccc50a 000000000036b203
[mtlr] resource2 sel8 flags 470 sz 0x1000 -> kr 0x00000000 rid 119 GPUVA 0x10002490000 cpu 10d940000
[mtlr]   out: 0000010002490000 000000010d940000 00000001050d1940 0000000000000000
[mtlr]   out: 0000007700000000 0000000000004000 00000002c8ccc50b 000000000036b204
[mtlr] resource2 sel8 flags 470 sz 0x1000 -> kr 0x00000000 rid 119 GPUVA 0x10002490000 cpu 10d940000
[mtlr]   out: 0000010002490000 000000010d940000 00000001050d1940 0000000000000000
[mtlr]   out: 0000007700000000 0000000000004000 00000002c8ccc50c 000000000036b205
[mtlr] resource2 sel8 flags 470 sz 0x1000 -> kr 0x00000000 rid 119 GPUVA 0x10002490000 cpu 10d940000
[mtlr]   out: 0000010002490000 000000010d940000 00000001050d1940 0000000000000000
[mtlr]   out: 0000007700000000 0000000000004000 00000002c8ccc50d 000000000036b206
[mtlr] resource2 sel8 flags 470 sz 0x1000 -> kr 0x00000000 rid 119 GPUVA 0x10002490000 cpu 10d940000
[mtlr]   out: 0000010002490000 000000010d940000 00000001050d1940 0000000000000000
[mtlr]   out: 0000007700000000 0000000000004000 00000002c8ccc50e 000000000036b207
[mtlr] resource2 sel8 flags 470 sz 0x1000 -> kr 0x00000000 rid 119 GPUVA 0x10002490000 cpu 10d940000
[mtlr]   out: 0000010002490000 000000010d940000 00000001050d1940 0000000000000000
[mtlr]   out: 0000007700000000 0000000000004000 00000002c8ccc50f 000000000036b208
[mtlr] resource2 sel8 flags 470 sz 0x1000 -> kr 0x00000000 rid 119 GPUVA 0x10002490000 cpu 10d940000
[mtlr]   out: 0000010002490000 000000010d940000 00000001050d1940 0000000000000000
[mtlr]   out: 0000007700000000 0000000000004000 00000002c8ccc510 000000000036b209
[mtlr] resource2 sel8 flags 470 sz 0x1000 -> kr 0x00000000 rid 119 GPUVA 0x10002490000 cpu 10d940000
[mtlr]   out: 0000010002490000 000000010d940000 00000001050d1940 0000000000000000
[mtlr]   out: 0000007700000000 0000000000004000 00000002c8ccc511 000000000036b20a
[mtlr] resource2 sel8 flags 470 sz 0x1000 -> kr 0x00000000 rid 119 GPUVA 0x10002490000 cpu 10d940000
[mtlr]   out: 0000010002490000 000000010d940000 00000001050d1940 0000000000000000
[mtlr]   out: 0000007700000000 0000000000004000 00000002c8ccc512 000000000036b20b
[mtlr] resource2 sel8 flags 470 sz 0x1000 -> kr 0x00000000 rid 119 GPUVA 0x10002490000 cpu 10d940000
[mtlr]   out: 0000010002490000 000000010d940000 00000001050d1940 0000000000000000
[mtlr]   out: 0000007700000000 0000000000004000 00000002c8ccc513 000000000036b20c
[mtlr] resource2 sel8 flags 470 sz 0x1000 -> kr 0x00000000 rid 119 GPUVA 0x10002490000 cpu 10d940000
[mtlr]   out: 0000010002490000 000000010d940000 00000001050d1940 0000000000000000
[mtlr]   out: 0000007700000000 0000000000004000 00000002c8ccc514 000000000036b20d
[mtlr] resource2 sel8 flags 470 sz 0x1000 -> kr 0x00000000 rid 119 GPUVA 0x10002490000 cpu 10d940000
[mtlr]   out: 0000010002490000 000000010d940000 00000001050d1940 0000000000000000
[mtlr]   out: 0000007700000000 0000000000004000 00000002c8ccc515 000000000036b20e
[mtlr] resource2 sel8 flags 470 sz 0x1000 -> kr 0x00000000 rid 119 GPUVA 0x10002490000 cpu 10d940000
[mtlr]   out: 0000010002490000 000000010d940000 00000001050d1940 0000000000000000
[mtlr]   out: 0000007700000000 0000000000004000 00000002c8ccc516 000000000036b20f
[mtlr] resource2 sel8 flags 470 sz 0x1000 -> kr 0x00000000 rid 119 GPUVA 0x10002490000 cpu 10d940000
[mtlr]   out: 0000010002490000 000000010d940000 00000001050d1940 0000000000000000
[mtlr]   out: 0000007700000000 0000000000004000 00000002c8ccc517 000000000036b210
[mtlr] resource2 sel8 flags 470 sz 0x1000 -> kr 0x00000000 rid 119 GPUVA 0x10002490000 cpu 10d940000
[mtlr]   out: 0000010002490000 000000010d940000 00000001050d1940 0000000000000000
[mtlr]   out: 0000007700000000 0000000000004000 00000002c8ccc518 000000000036b211
[mtlr] resource2 sel8 flags 470 sz 0x1000 -> kr 0x00000000 rid 119 GPUVA 0x10002490000 cpu 10d940000
[mtlr]   out: 0000010002490000 000000010d940000 00000001050d1940 0000000000000000
[mtlr]   out: 0000007700000000 0000000000004000 00000002c8ccc519 000000000036b212
[mtlr] resource2 sel8 flags 470 sz 0x1000 -> kr 0x00000000 rid 119 GPUVA 0x10002490000 cpu 10d940000
[mtlr]   out: 0000010002490000 000000010d940000 00000001050d1940 0000000000000000
[mtlr]   out: 0000007700000000 0000000000004000 00000002c8ccc51a 000000000036b213
[mtlr] resource2 sel8 flags 470 sz 0x1000 -> kr 0x00000000 rid 119 GPUVA 0x10002490000 cpu 10d940000
[mtlr]   out: 0000010002490000 000000010d940000 00000001050d1940 0000000000000000
[mtlr]   out: 0000007700000000 0000000000004000 00000002c8ccc51b 000000000036b214
[mtlr] resource2 sel8 flags 470 sz 0x1000 -> kr 0x00000000 rid 119 GPUVA 0x10002490000 cpu 10d940000
[mtlr]   out: 0000010002490000 000000010d940000 00000001050d1940 0000000000000000
[mtlr]   out: 0000007700000000 0000000000004000 00000002c8ccc51c 000000000036b215
[mtlr] resource2 sel8 flags 470 sz 0x1000 -> kr 0x00000000 rid 119 GPUVA 0x10002490000 cpu 10d940000
[mtlr]   out: 0000010002490000 000000010d940000 00000001050d1940 0000000000000000
[mtlr]   out: 0000007700000000 0000000000004000 00000002c8ccc51d 000000000036b216
[mtlr] resource2 sel8 flags 470 sz 0x1000 -> kr 0x00000000 rid 119 GPUVA 0x10002490000 cpu 10d940000
[mtlr]   out: 0000010002490000 000000010d940000 00000001050d1940 0000000000000000
[mtlr]   out: 0000007700000000 0000000000004000 00000002c8ccc51e 000000000036b217
[mtlr] resource2 sel8 flags 470 sz 0x1000 -> kr 0x00000000 rid 119 GPUVA 0x10002490000 cpu 10d940000
[mtlr]   out: 0000010002490000 000000010d940000 00000001050d1940 0000000000000000
[mtlr]   out: 0000007700000000 0000000000004000 00000002c8ccc51f 000000000036b218
[mtlr] resource2 sel8 flags 470 sz 0x1000 -> kr 0x00000000 rid 119 GPUVA 0x10002490000 cpu 10d940000
[mtlr]   out: 0000010002490000 000000010d940000 00000001050d1940 0000000000000000
[mtlr]   out: 0000007700000000 0000000000004000 00000002c8ccc520 000000000036b219
[mtlr] resource2 sel8 flags 470 sz 0x1000 -> kr 0x00000000 rid 119 GPUVA 0x10002490000 cpu 10d940000
[mtlr]   out: 0000010002490000 000000010d940000 00000001050d1940 0000000000000000
[mtlr]   out: 0000007700000000 0000000000004000 00000002c8ccc521 000000000036b21a
[uatrec] S4 r17 (+1s): nvv 8 ncb 8 vsz 0x100000 fill 0x0 destroy0 kr 0x00000000 nj 40
[uatrec] S4 r17 blit[0] slots 8 ridp 1
[uatrec] S4 r17 blit[1] slots 8 ridp 1
[uatrec] S4 r17 blit[2] slots 8 ridp 1
[uatrec] S4 r17 blit[3] slots 8 ridp 1
[uatrec] S4 r17 blit[4] slots 8 ridp 1
[uatrec] S4 r17 blit[5] slots 8 ridp 1
[uatrec] S4 r17 blit[6] slots 8 ridp 1
[uatrec] S4 r17 blit[7] slots 8 ridp 1
[mtlr] resource2 sel8 flags 470 sz 0x100000 -> kr 0x00000000 rid 119 GPUVA 0x10002490000 cpu 10de10000
[mtlr]   out: 0000010002490000 000000010de10000 00000001050d1940 0000000000000000
[mtlr]   out: 0000007700000000 0000000000100000 00000002c8ccc556 000000000036b21d
[uatrec] S4 r18 victim[0] rid 119 gpuva 0x10002490000 cpu 0x10de10000 (top-of-stack)
[mtlr] resource2 sel8 flags 470 sz 0x100000 -> kr 0x00000000 rid 120 GPUVA 0x10002598000 cpu 10df80000
[mtlr]   out: 0000010002598000 000000010df80000 00000001050d1a00 0000000000000000
[mtlr]   out: 0000007800000000 0000000000100000 00000002c8ccc557 000000000036b21e
[uatrec] S4 r18 victim[1] rid 120 gpuva 0x10002598000 cpu 0x10df80000 (top-of-stack)
[mtlr] resource2 sel8 flags 470 sz 0x100000 -> kr 0x00000000 rid 121 GPUVA 0x100026a0000 cpu 10e080000
[mtlr]   out: 00000100026a0000 000000010e080000 00000001050d1ac0 0000000000000000
[mtlr]   out: 0000007900000000 0000000000100000 00000002c8ccc558 000000000036b21f
[uatrec] S4 r18 victim[2] rid 121 gpuva 0x100026a0000 cpu 0x10e080000 (top-of-stack)
[mtlr] resource2 sel8 flags 470 sz 0x100000 -> kr 0x00000000 rid 122 GPUVA 0x100027a8000 cpu 10e1f0000
[mtlr]   out: 00000100027a8000 000000010e1f0000 00000001050d1b80 0000000000000000
[mtlr]   out: 0000007a00000000 0000000000100000 00000002c8ccc559 000000000036b220
[uatrec] S4 r18 victim[3] rid 122 gpuva 0x100027a8000 cpu 0x10e1f0000 (top-of-stack)
[mtlr] resource2 sel8 flags 470 sz 0x100000 -> kr 0x00000000 rid 123 GPUVA 0x100028b0000 cpu 10e360000
[mtlr]   out: 00000100028b0000 000000010e360000 00000001050d1c40 0000000000000000
[mtlr]   out: 0000007b00000000 0000000000100000 00000002c8ccc55a 000000000036b221
[uatrec] S4 r18 victim[4] rid 123 gpuva 0x100028b0000 cpu 0x10e360000 (top-of-stack)
[mtlr] resource2 sel8 flags 470 sz 0x100000 -> kr 0x00000000 rid 124 GPUVA 0x100029b8000 cpu 10d240000
[mtlr]   out: 00000100029b8000 000000010d240000 00000001050d1d00 0000000000000000
[mtlr]   out: 0000007c00000000 0000000000100000 00000002c8ccc55b 000000000036b222
[uatrec] S4 r18 victim[5] rid 124 gpuva 0x100029b8000 cpu 0x10d240000 (top-of-stack)
[mtlr] resource2 sel8 flags 470 sz 0x100000 -> kr 0x00000000 rid 125 GPUVA 0x10002ac0000 cpu 10d340000
[mtlr]   out: 0000010002ac0000 000000010d340000 00000001050d1dc0 0000000000000000
[mtlr]   out: 0000007d00000000 0000000000100000 00000002c8ccc55c 000000000036b223
[uatrec] S4 r18 victim[6] rid 125 gpuva 0x10002ac0000 cpu 0x10d340000 (top-of-stack)
[mtlr] resource2 sel8 flags 470 sz 0x100000 -> kr 0x00000000 rid 126 GPUVA 0x10002bc8000 cpu 10d440000
[mtlr]   out: 0000010002bc8000 000000010d440000 00000001050d1e80 0000000000000000
[mtlr]   out: 0000007e00000000 0000000000100000 00000002c8ccc564 000000000036b224
[uatrec] S4 r18 victim[7] rid 126 gpuva 0x10002bc8000 cpu 0x10d440000 (top-of-stack)
[mtlr] resource2 sel8 flags 470 sz 0x1000 -> kr 0x00000000 rid 119 GPUVA 0x10002490000 cpu 10d940000
[mtlr]   out: 0000010002490000 000000010d940000 00000001050d1940 0000000000000000
[mtlr]   out: 0000007700000000 0000000000004000 00000002c8ccc589 000000000036b22e
[mtlr] resource2 sel8 flags 470 sz 0x1000 -> kr 0x00000000 rid 119 GPUVA 0x10002490000 cpu 10d940000
[mtlr]   out: 0000010002490000 000000010d940000 00000001050d1940 0000000000000000
[mtlr]   out: 0000007700000000 0000000000004000 00000002c8ccc58a 000000000036b22f
[mtlr] resource2 sel8 flags 470 sz 0x1000 -> kr 0x00000000 rid 119 GPUVA 0x10002490000 cpu 10d940000
[mtlr]   out: 0000010002490000 000000010d940000 00000001050d1940 0000000000000000
[mtlr]   out: 0000007700000000 0000000000004000 00000002c8ccc58b 000000000036b230
[mtlr] resource2 sel8 flags 470 sz 0x1000 -> kr 0x00000000 rid 119 GPUVA 0x10002490000 cpu 10d940000
[mtlr]   out: 0000010002490000 000000010d940000 00000001050d1940 0000000000000000
[mtlr]   out: 0000007700000000 0000000000004000 00000002c8ccc58c 000000000036b231
[mtlr] resource2 sel8 flags 470 sz 0x1000 -> kr 0x00000000 rid 119 GPUVA 0x10002490000 cpu 10d940000
[mtlr]   out: 0000010002490000 000000010d940000 00000001050d1940 0000000000000000
[mtlr]   out: 0000007700000000 0000000000004000 00000002c8ccc58d 000000000036b232
[mtlr] resource2 sel8 flags 470 sz 0x1000 -> kr 0x00000000 rid 119 GPUVA 0x10002490000 cpu 10d940000
[mtlr]   out: 0000010002490000 000000010d940000 00000001050d1940 0000000000000000
[mtlr]   out: 0000007700000000 0000000000004000 00000002c8ccc58e 000000000036b233
[mtlr] resource2 sel8 flags 470 sz 0x1000 -> kr 0x00000000 rid 119 GPUVA 0x10002490000 cpu 10d940000
[mtlr]   out: 0000010002490000 000000010d940000 00000001050d1940 0000000000000000
[mtlr]   out: 0000007700000000 0000000000004000 00000002c8ccc58f 000000000036b234
[mtlr] resource2 sel8 flags 470 sz 0x1000 -> kr 0x00000000 rid 119 GPUVA 0x10002490000 cpu 10d940000
[mtlr]   out: 0000010002490000 000000010d940000 00000001050d1940 0000000000000000
[mtlr]   out: 0000007700000000 0000000000004000 00000002c8ccc590 000000000036b235
[mtlr] resource2 sel8 flags 470 sz 0x1000 -> kr 0x00000000 rid 119 GPUVA 0x10002490000 cpu 10d940000
[mtlr]   out: 0000010002490000 000000010d940000 00000001050d1940 0000000000000000
[mtlr]   out: 0000007700000000 0000000000004000 00000002c8ccc591 000000000036b236
[mtlr] resource2 sel8 flags 470 sz 0x1000 -> kr 0x00000000 rid 119 GPUVA 0x10002490000 cpu 10d940000
[mtlr]   out: 0000010002490000 000000010d940000 00000001050d1940 0000000000000000
[mtlr]   out: 0000007700000000 0000000000004000 00000002c8ccc592 000000000036b237
[mtlr] resource2 sel8 flags 470 sz 0x1000 -> kr 0x00000000 rid 119 GPUVA 0x10002490000 cpu 10d940000
[mtlr]   out: 0000010002490000 000000010d940000 00000001050d1940 0000000000000000
[mtlr]   out: 0000007700000000 0000000000004000 00000002c8ccc593 000000000036b238
[mtlr] resource2 sel8 flags 470 sz 0x1000 -> kr 0x00000000 rid 119 GPUVA 0x10002490000 cpu 10d940000
[mtlr]   out: 0000010002490000 000000010d940000 00000001050d1940 0000000000000000
[mtlr]   out: 0000007700000000 0000000000004000 00000002c8ccc594 000000000036b239
[mtlr] resource2 sel8 flags 470 sz 0x1000 -> kr 0x00000000 rid 119 GPUVA 0x10002490000 cpu 10d940000
[mtlr]   out: 0000010002490000 000000010d940000 00000001050d1940 0000000000000000
[mtlr]   out: 0000007700000000 0000000000004000 00000002c8ccc595 000000000036b23a
[mtlr] resource2 sel8 flags 470 sz 0x1000 -> kr 0x00000000 rid 119 GPUVA 0x10002490000 cpu 10d940000
[mtlr]   out: 0000010002490000 000000010d940000 00000001050d1940 0000000000000000
[mtlr]   out: 0000007700000000 0000000000004000 00000002c8ccc596 000000000036b23b
[mtlr] resource2 sel8 flags 470 sz 0x1000 -> kr 0x00000000 rid 119 GPUVA 0x10002490000 cpu 10d940000
[mtlr]   out: 0000010002490000 000000010d940000 00000001050d1940 0000000000000000
[mtlr]   out: 0000007700000000 0000000000004000 00000002c8ccc597 000000000036b23c
[mtlr] resource2 sel8 flags 470 sz 0x1000 -> kr 0x00000000 rid 119 GPUVA 0x10002490000 cpu 10d940000
[mtlr]   out: 0000010002490000 000000010d940000 00000001050d1940 0000000000000000
[mtlr]   out: 0000007700000000 0000000000004000 00000002c8ccc598 000000000036b23d
[mtlr] resource2 sel8 flags 470 sz 0x1000 -> kr 0x00000000 rid 119 GPUVA 0x10002490000 cpu 10d940000
[mtlr]   out: 0000010002490000 000000010d940000 00000001050d1940 0000000000000000
[mtlr]   out: 0000007700000000 0000000000004000 00000002c8ccc599 000000000036b23e
[mtlr] resource2 sel8 flags 470 sz 0x1000 -> kr 0x00000000 rid 119 GPUVA 0x10002490000 cpu 10d940000
[mtlr]   out: 0000010002490000 000000010d940000 00000001050d1940 0000000000000000
[mtlr]   out: 0000007700000000 0000000000004000 00000002c8ccc59a 000000000036b23f
[mtlr] resource2 sel8 flags 470 sz 0x1000 -> kr 0x00000000 rid 119 GPUVA 0x10002490000 cpu 10d940000
[mtlr]   out: 0000010002490000 000000010d940000 00000001050d1940 0000000000000000
[mtlr]   out: 0000007700000000 0000000000004000 00000002c8ccc59b 000000000036b240
[mtlr] resource2 sel8 flags 470 sz 0x1000 -> kr 0x00000000 rid 119 GPUVA 0x10002490000 cpu 10d940000
[mtlr]   out: 0000010002490000 000000010d940000 00000001050d1940 0000000000000000
[mtlr]   out: 0000007700000000 0000000000004000 00000002c8ccc59c 000000000036b241
[mtlr] resource2 sel8 flags 470 sz 0x1000 -> kr 0x00000000 rid 119 GPUVA 0x10002490000 cpu 10d940000
[mtlr]   out: 0000010002490000 000000010d940000 00000001050d1940 0000000000000000
[mtlr]   out: 0000007700000000 0000000000004000 00000002c8ccc59d 000000000036b242
[mtlr] resource2 sel8 flags 470 sz 0x1000 -> kr 0x00000000 rid 119 GPUVA 0x10002490000 cpu 10d940000
[mtlr]   out: 0000010002490000 000000010d940000 00000001050d1940 0000000000000000
[mtlr]   out: 0000007700000000 0000000000004000 00000002c8ccc59e 000000000036b243
[mtlr] resource2 sel8 flags 470 sz 0x1000 -> kr 0x00000000 rid 119 GPUVA 0x10002490000 cpu 10d940000
[mtlr]   out: 0000010002490000 000000010d940000 00000001050d1940 0000000000000000
[mtlr]   out: 0000007700000000 0000000000004000 00000002c8ccc59f 000000000036b244
[mtlr] resource2 sel8 flags 470 sz 0x1000 -> kr 0x00000000 rid 119 GPUVA 0x10002490000 cpu 10d940000
[mtlr]   out: 0000010002490000 000000010d940000 00000001050d1940 0000000000000000
[mtlr]   out: 0000007700000000 0000000000004000 00000002c8ccc5a0 000000000036b245
[mtlr] resource2 sel8 flags 470 sz 0x1000 -> kr 0x00000000 rid 119 GPUVA 0x10002490000 cpu 10d940000
[mtlr]   out: 0000010002490000 000000010d940000 00000001050d1940 0000000000000000
[mtlr]   out: 0000007700000000 0000000000004000 00000002c8ccc5a1 000000000036b246
[mtlr] resource2 sel8 flags 470 sz 0x1000 -> kr 0x00000000 rid 119 GPUVA 0x10002490000 cpu 10d940000
[mtlr]   out: 0000010002490000 000000010d940000 00000001050d1940 0000000000000000
[mtlr]   out: 0000007700000000 0000000000004000 00000002c8ccc5a2 000000000036b247
[mtlr] resource2 sel8 flags 470 sz 0x1000 -> kr 0x00000000 rid 119 GPUVA 0x10002490000 cpu 10d940000
[mtlr]   out: 0000010002490000 000000010d940000 00000001050d1940 0000000000000000
[mtlr]   out: 0000007700000000 0000000000004000 00000002c8ccc5a3 000000000036b248
[mtlr] resource2 sel8 flags 470 sz 0x1000 -> kr 0x00000000 rid 119 GPUVA 0x10002490000 cpu 10d940000
[mtlr]   out: 0000010002490000 000000010d940000 00000001050d1940 0000000000000000
[mtlr]   out: 0000007700000000 0000000000004000 00000002c8ccc5a4 000000000036b249
[mtlr] resource2 sel8 flags 470 sz 0x1000 -> kr 0x00000000 rid 119 GPUVA 0x10002490000 cpu 10d940000
[mtlr]   out: 0000010002490000 000000010d940000 00000001050d1940 0000000000000000
[mtlr]   out: 0000007700000000 0000000000004000 00000002c8ccc5a5 000000000036b24a
[mtlr] resource2 sel8 flags 470 sz 0x1000 -> kr 0x00000000 rid 119 GPUVA 0x10002490000 cpu 10d940000
[mtlr]   out: 0000010002490000 000000010d940000 00000001050d1940 0000000000000000
[mtlr]   out: 0000007700000000 0000000000004000 00000002c8ccc5a6 000000000036b24b
[mtlr] resource2 sel8 flags 470 sz 0x1000 -> kr 0x00000000 rid 119 GPUVA 0x10002490000 cpu 10d940000
[mtlr]   out: 0000010002490000 000000010d940000 00000001050d1940 0000000000000000
[mtlr]   out: 0000007700000000 0000000000004000 00000002c8ccc5a7 000000000036b24c
[mtlr] resource2 sel8 flags 470 sz 0x1000 -> kr 0x00000000 rid 119 GPUVA 0x10002490000 cpu 10d940000
[mtlr]   out: 0000010002490000 000000010d940000 00000001050d1940 0000000000000000
[mtlr]   out: 0000007700000000 0000000000004000 00000002c8ccc5a8 000000000036b24d
[mtlr] resource2 sel8 flags 470 sz 0x1000 -> kr 0x00000000 rid 119 GPUVA 0x10002490000 cpu 10d940000
[mtlr]   out: 0000010002490000 000000010d940000 00000001050d1940 0000000000000000
[mtlr]   out: 0000007700000000 0000000000004000 00000002c8ccc5a9 000000000036b24e
[mtlr] resource2 sel8 flags 470 sz 0x1000 -> kr 0x00000000 rid 119 GPUVA 0x10002490000 cpu 10d940000
[mtlr]   out: 0000010002490000 000000010d940000 00000001050d1940 0000000000000000
[mtlr]   out: 0000007700000000 0000000000004000 00000002c8ccc5aa 000000000036b24f
[mtlr] resource2 sel8 flags 470 sz 0x1000 -> kr 0x00000000 rid 119 GPUVA 0x10002490000 cpu 10d940000
[mtlr]   out: 0000010002490000 000000010d940000 00000001050d1940 0000000000000000
[mtlr]   out: 0000007700000000 0000000000004000 00000002c8ccc5ab 000000000036b250
[mtlr] resource2 sel8 flags 470 sz 0x1000 -> kr 0x00000000 rid 119 GPUVA 0x10002490000 cpu 10d940000
[mtlr]   out: 0000010002490000 000000010d940000 00000001050d1940 0000000000000000
[mtlr]   out: 0000007700000000 0000000000004000 00000002c8ccc5ac 000000000036b251
[mtlr] resource2 sel8 flags 470 sz 0x1000 -> kr 0x00000000 rid 119 GPUVA 0x10002490000 cpu 10d940000
[mtlr]   out: 0000010002490000 000000010d940000 00000001050d1940 0000000000000000
[mtlr]   out: 0000007700000000 0000000000004000 00000002c8ccc5ad 000000000036b252
[mtlr] resource2 sel8 flags 470 sz 0x1000 -> kr 0x00000000 rid 119 GPUVA 0x10002490000 cpu 10d940000
[mtlr]   out: 0000010002490000 000000010d940000 00000001050d1940 0000000000000000
[mtlr]   out: 0000007700000000 0000000000004000 00000002c8ccc5ae 000000000036b253
[mtlr] resource2 sel8 flags 470 sz 0x1000 -> kr 0x00000000 rid 119 GPUVA 0x10002490000 cpu 10d940000
[mtlr]   out: 0000010002490000 000000010d940000 00000001050d1940 0000000000000000
[mtlr]   out: 0000007700000000 0000000000004000 00000002c8ccc5af 000000000036b254
[mtlr] resource2 sel8 flags 470 sz 0x1000 -> kr 0x00000000 rid 119 GPUVA 0x10002490000 cpu 10d940000
[mtlr]   out: 0000010002490000 000000010d940000 00000001050d1940 0000000000000000
[mtlr]   out: 0000007700000000 0000000000004000 00000002c8ccc5b0 000000000036b255
[uatrec] S4 r18 (+1s): nvv 8 ncb 8 vsz 0x100000 fill 0x0 destroy0 kr 0x00000000 nj 40
[uatrec] S4 r18 blit[0] slots 8 ridp 1
[uatrec] S4 r18 blit[1] slots 8 ridp 1
[uatrec] S4 r18 blit[2] slots 8 ridp 1
[uatrec] S4 r18 blit[3] slots 8 ridp 1
[uatrec] S4 r18 blit[4] slots 8 ridp 1
[uatrec] S4 r18 blit[5] slots 8 ridp 1
[uatrec] S4 r18 blit[6] slots 8 ridp 1
[uatrec] S4 r18 blit[7] slots 8 ridp 1
[mtlr] resource2 sel8 flags 470 sz 0x100000 -> kr 0x00000000 rid 119 GPUVA 0x10002490000 cpu 10d640000
[mtlr]   out: 0000010002490000 000000010d640000 00000001050d1940 0000000000000000
[mtlr]   out: 0000007700000000 0000000000100000 00000002c8ccc5fd 000000000036b258
[uatrec] S4 r19 victim[0] rid 119 gpuva 0x10002490000 cpu 0x10d640000 (top-of-stack)
[mtlr] resource2 sel8 flags 470 sz 0x100000 -> kr 0x00000000 rid 120 GPUVA 0x10002598000 cpu 10d740000
[mtlr]   out: 0000010002598000 000000010d740000 00000001050d1a00 0000000000000000
[mtlr]   out: 0000007800000000 0000000000100000 00000002c8ccc5fe 000000000036b259
[uatrec] S4 r19 victim[1] rid 120 gpuva 0x10002598000 cpu 0x10d740000 (top-of-stack)
[mtlr] resource2 sel8 flags 470 sz 0x100000 -> kr 0x00000000 rid 121 GPUVA 0x100026a0000 cpu 10d840000
[mtlr]   out: 00000100026a0000 000000010d840000 00000001050d1ac0 0000000000000000
[mtlr]   out: 0000007900000000 0000000000100000 00000002c8ccc5ff 000000000036b25a
[uatrec] S4 r19 victim[2] rid 121 gpuva 0x100026a0000 cpu 0x10d840000 (top-of-stack)
[mtlr] resource2 sel8 flags 470 sz 0x100000 -> kr 0x00000000 rid 122 GPUVA 0x100027a8000 cpu 10da3c000
[mtlr]   out: 00000100027a8000 000000010da3c000 00000001050d1b80 0000000000000000
[mtlr]   out: 0000007a00000000 0000000000100000 00000002c8ccc600 000000000036b25b
[uatrec] S4 r19 victim[3] rid 122 gpuva 0x100027a8000 cpu 0x10da3c000 (top-of-stack)
[mtlr] resource2 sel8 flags 470 sz 0x100000 -> kr 0x00000000 rid 123 GPUVA 0x100028b0000 cpu 10dca0000
[mtlr]   out: 00000100028b0000 000000010dca0000 00000001050d1c40 0000000000000000
[mtlr]   out: 0000007b00000000 0000000000100000 00000002c8ccc601 000000000036b25c
[uatrec] S4 r19 victim[4] rid 123 gpuva 0x100028b0000 cpu 0x10dca0000 (top-of-stack)
[mtlr] resource2 sel8 flags 470 sz 0x100000 -> kr 0x00000000 rid 124 GPUVA 0x100029b8000 cpu 10e4d0000
[mtlr]   out: 00000100029b8000 000000010e4d0000 00000001050d1d00 0000000000000000
[mtlr]   out: 0000007c00000000 0000000000100000 00000002c8ccc602 000000000036b25d
[uatrec] S4 r19 victim[5] rid 124 gpuva 0x100029b8000 cpu 0x10e4d0000 (top-of-stack)
[mtlr] resource2 sel8 flags 470 sz 0x100000 -> kr 0x00000000 rid 125 GPUVA 0x10002ac0000 cpu 10d240000
[mtlr]   out: 0000010002ac0000 000000010d240000 00000001050d1dc0 0000000000000000
[mtlr]   out: 0000007d00000000 0000000000100000 00000002c8ccc60a 000000000036b25e
[uatrec] S4 r19 victim[6] rid 125 gpuva 0x10002ac0000 cpu 0x10d240000 (top-of-stack)
[mtlr] resource2 sel8 flags 470 sz 0x100000 -> kr 0x00000000 rid 126 GPUVA 0x10002bc8000 cpu 10d340000
[mtlr]   out: 0000010002bc8000 000000010d340000 00000001050d1e80 0000000000000000
[mtlr]   out: 0000007e00000000 0000000000100000 00000002c8ccc60b 000000000036b25f
[uatrec] S4 r19 victim[7] rid 126 gpuva 0x10002bc8000 cpu 0x10d340000 (top-of-stack)
[mtlr] resource2 sel8 flags 470 sz 0x1000 -> kr 0x00000000 rid 119 GPUVA 0x10002490000 cpu 10d940000
[mtlr]   out: 0000010002490000 000000010d940000 00000001050d1940 0000000000000000
[mtlr]   out: 0000007700000000 0000000000004000 00000002c8ccc630 000000000036b269
[mtlr] resource2 sel8 flags 470 sz 0x1000 -> kr 0x00000000 rid 119 GPUVA 0x10002490000 cpu 10d940000
[mtlr]   out: 0000010002490000 000000010d940000 00000001050d1940 0000000000000000
[mtlr]   out: 0000007700000000 0000000000004000 00000002c8ccc631 000000000036b26a
[mtlr] resource2 sel8 flags 470 sz 0x1000 -> kr 0x00000000 rid 119 GPUVA 0x10002490000 cpu 10d940000
[mtlr]   out: 0000010002490000 000000010d940000 00000001050d1940 0000000000000000
[mtlr]   out: 0000007700000000 0000000000004000 00000002c8ccc632 000000000036b26b
[mtlr] resource2 sel8 flags 470 sz 0x1000 -> kr 0x00000000 rid 119 GPUVA 0x10002490000 cpu 10d940000
[mtlr]   out: 0000010002490000 000000010d940000 00000001050d1940 0000000000000000
[mtlr]   out: 0000007700000000 0000000000004000 00000002c8ccc633 000000000036b26c
[mtlr] resource2 sel8 flags 470 sz 0x1000 -> kr 0x00000000 rid 119 GPUVA 0x10002490000 cpu 10d940000
[mtlr]   out: 0000010002490000 000000010d940000 00000001050d1940 0000000000000000
[mtlr]   out: 0000007700000000 0000000000004000 00000002c8ccc634 000000000036b26d
[mtlr] resource2 sel8 flags 470 sz 0x1000 -> kr 0x00000000 rid 119 GPUVA 0x10002490000 cpu 10d940000
[mtlr]   out: 0000010002490000 000000010d940000 00000001050d1940 0000000000000000
[mtlr]   out: 0000007700000000 0000000000004000 00000002c8ccc635 000000000036b26e
[mtlr] resource2 sel8 flags 470 sz 0x1000 -> kr 0x00000000 rid 119 GPUVA 0x10002490000 cpu 10d940000
[mtlr]   out: 0000010002490000 000000010d940000 00000001050d1940 0000000000000000
[mtlr]   out: 0000007700000000 0000000000004000 00000002c8ccc636 000000000036b26f
[mtlr] resource2 sel8 flags 470 sz 0x1000 -> kr 0x00000000 rid 119 GPUVA 0x10002490000 cpu 10d940000
[mtlr]   out: 0000010002490000 000000010d940000 00000001050d1940 0000000000000000
[mtlr]   out: 0000007700000000 0000000000004000 00000002c8ccc637 000000000036b270
[mtlr] resource2 sel8 flags 470 sz 0x1000 -> kr 0x00000000 rid 119 GPUVA 0x10002490000 cpu 10d940000
[mtlr]   out: 0000010002490000 000000010d940000 00000001050d1940 0000000000000000
[mtlr]   out: 0000007700000000 0000000000004000 00000002c8ccc638 000000000036b271
[mtlr] resource2 sel8 flags 470 sz 0x1000 -> kr 0x00000000 rid 119 GPUVA 0x10002490000 cpu 10d940000
[mtlr]   out: 0000010002490000 000000010d940000 00000001050d1940 0000000000000000
[mtlr]   out: 0000007700000000 0000000000004000 00000002c8ccc639 000000000036b272
[mtlr] resource2 sel8 flags 470 sz 0x1000 -> kr 0x00000000 rid 119 GPUVA 0x10002490000 cpu 10d940000
[mtlr]   out: 0000010002490000 000000010d940000 00000001050d1940 0000000000000000
[mtlr]   out: 0000007700000000 0000000000004000 00000002c8ccc63a 000000000036b273
[mtlr] resource2 sel8 flags 470 sz 0x1000 -> kr 0x00000000 rid 119 GPUVA 0x10002490000 cpu 10d940000
[mtlr]   out: 0000010002490000 000000010d940000 00000001050d1940 0000000000000000
[mtlr]   out: 0000007700000000 0000000000004000 00000002c8ccc63b 000000000036b274
[mtlr] resource2 sel8 flags 470 sz 0x1000 -> kr 0x00000000 rid 119 GPUVA 0x10002490000 cpu 10d940000
[mtlr]   out: 0000010002490000 000000010d940000 00000001050d1940 0000000000000000
[mtlr]   out: 0000007700000000 0000000000004000 00000002c8ccc63c 000000000036b275
[mtlr] resource2 sel8 flags 470 sz 0x1000 -> kr 0x00000000 rid 119 GPUVA 0x10002490000 cpu 10d940000
[mtlr]   out: 0000010002490000 000000010d940000 00000001050d1940 0000000000000000
[mtlr]   out: 0000007700000000 0000000000004000 00000002c8ccc63d 000000000036b276
[mtlr] resource2 sel8 flags 470 sz 0x1000 -> kr 0x00000000 rid 119 GPUVA 0x10002490000 cpu 10d940000
[mtlr]   out: 0000010002490000 000000010d940000 00000001050d1940 0000000000000000
[mtlr]   out: 0000007700000000 0000000000004000 00000002c8ccc63e 000000000036b277
[mtlr] resource2 sel8 flags 470 sz 0x1000 -> kr 0x00000000 rid 119 GPUVA 0x10002490000 cpu 10d940000
[mtlr]   out: 0000010002490000 000000010d940000 00000001050d1940 0000000000000000
[mtlr]   out: 0000007700000000 0000000000004000 00000002c8ccc63f 000000000036b278
[mtlr] resource2 sel8 flags 470 sz 0x1000 -> kr 0x00000000 rid 119 GPUVA 0x10002490000 cpu 10d940000
[mtlr]   out: 0000010002490000 000000010d940000 00000001050d1940 0000000000000000
[mtlr]   out: 0000007700000000 0000000000004000 00000002c8ccc640 000000000036b279
[mtlr] resource2 sel8 flags 470 sz 0x1000 -> kr 0x00000000 rid 119 GPUVA 0x10002490000 cpu 10d940000
[mtlr]   out: 0000010002490000 000000010d940000 00000001050d1940 0000000000000000
[mtlr]   out: 0000007700000000 0000000000004000 00000002c8ccc641 000000000036b27a
[mtlr] resource2 sel8 flags 470 sz 0x1000 -> kr 0x00000000 rid 119 GPUVA 0x10002490000 cpu 10d940000
[mtlr]   out: 0000010002490000 000000010d940000 00000001050d1940 0000000000000000
[mtlr]   out: 0000007700000000 0000000000004000 00000002c8ccc642 000000000036b27b
[mtlr] resource2 sel8 flags 470 sz 0x1000 -> kr 0x00000000 rid 119 GPUVA 0x10002490000 cpu 10d940000
[mtlr]   out: 0000010002490000 000000010d940000 00000001050d1940 0000000000000000
[mtlr]   out: 0000007700000000 0000000000004000 00000002c8ccc643 000000000036b27c
[mtlr] resource2 sel8 flags 470 sz 0x1000 -> kr 0x00000000 rid 119 GPUVA 0x10002490000 cpu 10d940000
[mtlr]   out: 0000010002490000 000000010d940000 00000001050d1940 0000000000000000
[mtlr]   out: 0000007700000000 0000000000004000 00000002c8ccc644 000000000036b27d
[mtlr] resource2 sel8 flags 470 sz 0x1000 -> kr 0x00000000 rid 119 GPUVA 0x10002490000 cpu 10d940000
[mtlr]   out: 0000010002490000 000000010d940000 00000001050d1940 0000000000000000
[mtlr]   out: 0000007700000000 0000000000004000 00000002c8ccc645 000000000036b27e
[mtlr] resource2 sel8 flags 470 sz 0x1000 -> kr 0x00000000 rid 119 GPUVA 0x10002490000 cpu 10d940000
[mtlr]   out: 0000010002490000 000000010d940000 00000001050d1940 0000000000000000
[mtlr]   out: 0000007700000000 0000000000004000 00000002c8ccc646 000000000036b27f
[mtlr] resource2 sel8 flags 470 sz 0x1000 -> kr 0x00000000 rid 119 GPUVA 0x10002490000 cpu 10d940000
[mtlr]   out: 0000010002490000 000000010d940000 00000001050d1940 0000000000000000
[mtlr]   out: 0000007700000000 0000000000004000 00000002c8ccc647 000000000036b280
[mtlr] resource2 sel8 flags 470 sz 0x1000 -> kr 0x00000000 rid 119 GPUVA 0x10002490000 cpu 10d940000
[mtlr]   out: 0000010002490000 000000010d940000 00000001050d1940 0000000000000000
[mtlr]   out: 0000007700000000 0000000000004000 00000002c8ccc648 000000000036b281
[mtlr] resource2 sel8 flags 470 sz 0x1000 -> kr 0x00000000 rid 119 GPUVA 0x10002490000 cpu 10d940000
[mtlr]   out: 0000010002490000 000000010d940000 00000001050d1940 0000000000000000
[mtlr]   out: 0000007700000000 0000000000004000 00000002c8ccc649 000000000036b282
[mtlr] resource2 sel8 flags 470 sz 0x1000 -> kr 0x00000000 rid 119 GPUVA 0x10002490000 cpu 10d940000
[mtlr]   out: 0000010002490000 000000010d940000 00000001050d1940 0000000000000000
[mtlr]   out: 0000007700000000 0000000000004000 00000002c8ccc64a 000000000036b283
[mtlr] resource2 sel8 flags 470 sz 0x1000 -> kr 0x00000000 rid 119 GPUVA 0x10002490000 cpu 10d940000
[mtlr]   out: 0000010002490000 000000010d940000 00000001050d1940 0000000000000000
[mtlr]   out: 0000007700000000 0000000000004000 00000002c8ccc64b 000000000036b284
[mtlr] resource2 sel8 flags 470 sz 0x1000 -> kr 0x00000000 rid 119 GPUVA 0x10002490000 cpu 10d940000
[mtlr]   out: 0000010002490000 000000010d940000 00000001050d1940 0000000000000000
[mtlr]   out: 0000007700000000 0000000000004000 00000002c8ccc64c 000000000036b285
[mtlr] resource2 sel8 flags 470 sz 0x1000 -> kr 0x00000000 rid 119 GPUVA 0x10002490000 cpu 10d940000
[mtlr]   out: 0000010002490000 000000010d940000 00000001050d1940 0000000000000000
[mtlr]   out: 0000007700000000 0000000000004000 00000002c8ccc64d 000000000036b286
[mtlr] resource2 sel8 flags 470 sz 0x1000 -> kr 0x00000000 rid 119 GPUVA 0x10002490000 cpu 10d940000
[mtlr]   out: 0000010002490000 000000010d940000 00000001050d1940 0000000000000000
[mtlr]   out: 0000007700000000 0000000000004000 00000002c8ccc64e 000000000036b287
[mtlr] resource2 sel8 flags 470 sz 0x1000 -> kr 0x00000000 rid 119 GPUVA 0x10002490000 cpu 10d940000
[mtlr]   out: 0000010002490000 000000010d940000 00000001050d1940 0000000000000000
[mtlr]   out: 0000007700000000 0000000000004000 00000002c8ccc64f 000000000036b288
[mtlr] resource2 sel8 flags 470 sz 0x1000 -> kr 0x00000000 rid 119 GPUVA 0x10002490000 cpu 10d940000
[mtlr]   out: 0000010002490000 000000010d940000 00000001050d1940 0000000000000000
[mtlr]   out: 0000007700000000 0000000000004000 00000002c8ccc650 000000000036b289
[mtlr] resource2 sel8 flags 470 sz 0x1000 -> kr 0x00000000 rid 119 GPUVA 0x10002490000 cpu 10d940000
[mtlr]   out: 0000010002490000 000000010d940000 00000001050d1940 0000000000000000
[mtlr]   out: 0000007700000000 0000000000004000 00000002c8ccc651 000000000036b28a
[mtlr] resource2 sel8 flags 470 sz 0x1000 -> kr 0x00000000 rid 119 GPUVA 0x10002490000 cpu 10d940000
[mtlr]   out: 0000010002490000 000000010d940000 00000001050d1940 0000000000000000
[mtlr]   out: 0000007700000000 0000000000004000 00000002c8ccc652 000000000036b28b
[mtlr] resource2 sel8 flags 470 sz 0x1000 -> kr 0x00000000 rid 119 GPUVA 0x10002490000 cpu 10d940000
[mtlr]   out: 0000010002490000 000000010d940000 00000001050d1940 0000000000000000
[mtlr]   out: 0000007700000000 0000000000004000 00000002c8ccc653 000000000036b28c
[mtlr] resource2 sel8 flags 470 sz 0x1000 -> kr 0x00000000 rid 119 GPUVA 0x10002490000 cpu 10d940000
[mtlr]   out: 0000010002490000 000000010d940000 00000001050d1940 0000000000000000
[mtlr]   out: 0000007700000000 0000000000004000 00000002c8ccc654 000000000036b28d
[mtlr] resource2 sel8 flags 470 sz 0x1000 -> kr 0x00000000 rid 119 GPUVA 0x10002490000 cpu 10d940000
[mtlr]   out: 0000010002490000 000000010d940000 00000001050d1940 0000000000000000
[mtlr]   out: 0000007700000000 0000000000004000 00000002c8ccc655 000000000036b28e
[mtlr] resource2 sel8 flags 470 sz 0x1000 -> kr 0x00000000 rid 119 GPUVA 0x10002490000 cpu 10d940000
[mtlr]   out: 0000010002490000 000000010d940000 00000001050d1940 0000000000000000
[mtlr]   out: 0000007700000000 0000000000004000 00000002c8ccc656 000000000036b28f
[mtlr] resource2 sel8 flags 470 sz 0x1000 -> kr 0x00000000 rid 119 GPUVA 0x10002490000 cpu 10d940000
[mtlr]   out: 0000010002490000 000000010d940000 00000001050d1940 0000000000000000
[mtlr]   out: 0000007700000000 0000000000004000 00000002c8ccc657 000000000036b290
[uatrec] S4 r19 (+1s): nvv 8 ncb 8 vsz 0x100000 fill 0x0 destroy0 kr 0x00000000 nj 40
[uatrec] S4 r19 blit[0] slots 8 ridp 1
[uatrec] S4 r19 blit[1] slots 8 ridp 1
[uatrec] S4 r19 blit[2] slots 8 ridp 1
[uatrec] S4 r19 blit[3] slots 8 ridp 1
[uatrec] S4 r19 blit[4] slots 8 ridp 1
[uatrec] S4 r19 blit[5] slots 8 ridp 1
[uatrec] S4 r19 blit[6] slots 8 ridp 1
[uatrec] S4 r19 blit[7] slots 8 ridp 1
[uatrec] S4 heartbeat: round 20 done, t=1s (alive)
[mtlr] resource2 sel8 flags 470 sz 0x100000 -> kr 0x00000000 rid 119 GPUVA 0x10002490000 cpu 10d240000
[mtlr]   out: 0000010002490000 000000010d240000 00000001050d1940 0000000000000000
[mtlr]   out: 0000007700000000 0000000000100000 00000002c8ccc6a7 000000000036b297
[uatrec] S4 r20 victim[0] rid 119 gpuva 0x10002490000 cpu 0x10d240000 (top-of-stack)
[mtlr] resource2 sel8 flags 470 sz 0x100000 -> kr 0x00000000 rid 120 GPUVA 0x10002598000 cpu 10d340000
[mtlr]   out: 0000010002598000 000000010d340000 00000001050d1a00 0000000000000000
[mtlr]   out: 0000007800000000 0000000000100000 00000002c8ccc6a8 000000000036b298
[uatrec] S4 r20 victim[1] rid 120 gpuva 0x10002598000 cpu 0x10d340000 (top-of-stack)
[mtlr] resource2 sel8 flags 470 sz 0x100000 -> kr 0x00000000 rid 121 GPUVA 0x100026a0000 cpu 10d440000
[mtlr]   out: 00000100026a0000 000000010d440000 00000001050d1ac0 0000000000000000
[mtlr]   out: 0000007900000000 0000000000100000 00000002c8ccc6a9 000000000036b299
[uatrec] S4 r20 victim[2] rid 121 gpuva 0x100026a0000 cpu 0x10d440000 (top-of-stack)
[mtlr] resource2 sel8 flags 470 sz 0x100000 -> kr 0x00000000 rid 122 GPUVA 0x100027a8000 cpu 10d540000
[mtlr]   out: 00000100027a8000 000000010d540000 00000001050d1b80 0000000000000000
[mtlr]   out: 0000007a00000000 0000000000100000 00000002c8ccc6aa 000000000036b29a
[uatrec] S4 r20 victim[3] rid 122 gpuva 0x100027a8000 cpu 0x10d540000 (top-of-stack)
[mtlr] resource2 sel8 flags 470 sz 0x100000 -> kr 0x00000000 rid 123 GPUVA 0x100028b0000 cpu 10d640000
[mtlr]   out: 00000100028b0000 000000010d640000 00000001050d1c40 0000000000000000
[mtlr]   out: 0000007b00000000 0000000000100000 00000002c8ccc6ab 000000000036b29b
[uatrec] S4 r20 victim[4] rid 123 gpuva 0x100028b0000 cpu 0x10d640000 (top-of-stack)
[mtlr] resource2 sel8 flags 470 sz 0x100000 -> kr 0x00000000 rid 124 GPUVA 0x100029b8000 cpu 10d740000
[mtlr]   out: 00000100029b8000 000000010d740000 00000001050d1d00 0000000000000000
[mtlr]   out: 0000007c00000000 0000000000100000 00000002c8ccc6b3 000000000036b29c
[uatrec] S4 r20 victim[5] rid 124 gpuva 0x100029b8000 cpu 0x10d740000 (top-of-stack)
[mtlr] resource2 sel8 flags 470 sz 0x100000 -> kr 0x00000000 rid 125 GPUVA 0x10002ac0000 cpu 10d840000
[mtlr]   out: 0000010002ac0000 000000010d840000 00000001050d1dc0 0000000000000000
[mtlr]   out: 0000007d00000000 0000000000100000 00000002c8ccc6b4 000000000036b29d
[uatrec] S4 r20 victim[6] rid 125 gpuva 0x10002ac0000 cpu 0x10d840000 (top-of-stack)
[mtlr] resource2 sel8 flags 470 sz 0x100000 -> kr 0x00000000 rid 126 GPUVA 0x10002bc8000 cpu 10da3c000
[mtlr]   out: 0000010002bc8000 000000010da3c000 00000001050d1e80 0000000000000000
[mtlr]   out: 0000007e00000000 0000000000100000 00000002c8ccc6b5 000000000036b29e
[uatrec] S4 r20 victim[7] rid 126 gpuva 0x10002bc8000 cpu 0x10da3c000 (top-of-stack)
[mtlr] resource2 sel8 flags 470 sz 0x1000 -> kr 0x00000000 rid 119 GPUVA 0x10002490000 cpu 10d940000
[mtlr]   out: 0000010002490000 000000010d940000 00000001050d1940 0000000000000000
[mtlr]   out: 0000007700000000 0000000000004000 00000002c8ccc6d9 000000000036b2a8
[mtlr] resource2 sel8 flags 470 sz 0x1000 -> kr 0x00000000 rid 119 GPUVA 0x10002490000 cpu 10d940000
[mtlr]   out: 0000010002490000 000000010d940000 00000001050d1940 0000000000000000
[mtlr]   out: 0000007700000000 0000000000004000 00000002c8ccc6da 000000000036b2a9
[mtlr] resource2 sel8 flags 470 sz 0x1000 -> kr 0x00000000 rid 119 GPUVA 0x10002490000 cpu 10d940000
[mtlr]   out: 0000010002490000 000000010d940000 00000001050d1940 0000000000000000
[mtlr]   out: 0000007700000000 0000000000004000 00000002c8ccc6db 000000000036b2aa
[mtlr] resource2 sel8 flags 470 sz 0x1000 -> kr 0x00000000 rid 119 GPUVA 0x10002490000 cpu 10d940000
[mtlr]   out: 0000010002490000 000000010d940000 00000001050d1940 0000000000000000
[mtlr]   out: 0000007700000000 0000000000004000 00000002c8ccc6dc 000000000036b2ab
[mtlr] resource2 sel8 flags 470 sz 0x1000 -> kr 0x00000000 rid 119 GPUVA 0x10002490000 cpu 10d940000
[mtlr]   out: 0000010002490000 000000010d940000 00000001050d1940 0000000000000000
[mtlr]   out: 0000007700000000 0000000000004000 00000002c8ccc6dd 000000000036b2ac
[mtlr] resource2 sel8 flags 470 sz 0x1000 -> kr 0x00000000 rid 119 GPUVA 0x10002490000 cpu 10d940000
[mtlr]   out: 0000010002490000 000000010d940000 00000001050d1940 0000000000000000
[mtlr]   out: 0000007700000000 0000000000004000 00000002c8ccc6de 000000000036b2ad
[mtlr] resource2 sel8 flags 470 sz 0x1000 -> kr 0x00000000 rid 119 GPUVA 0x10002490000 cpu 10d940000
[mtlr]   out: 0000010002490000 000000010d940000 00000001050d1940 0000000000000000
[mtlr]   out: 0000007700000000 0000000000004000 00000002c8ccc6df 000000000036b2ae
[mtlr] resource2 sel8 flags 470 sz 0x1000 -> kr 0x00000000 rid 119 GPUVA 0x10002490000 cpu 10d940000
[mtlr]   out: 0000010002490000 000000010d940000 00000001050d1940 0000000000000000
[mtlr]   out: 0000007700000000 0000000000004000 00000002c8ccc6e0 000000000036b2af
[mtlr] resource2 sel8 flags 470 sz 0x1000 -> kr 0x00000000 rid 119 GPUVA 0x10002490000 cpu 10d940000
[mtlr]   out: 0000010002490000 000000010d940000 00000001050d1940 0000000000000000
[mtlr]   out: 0000007700000000 0000000000004000 00000002c8ccc6e1 000000000036b2b0
[mtlr] resource2 sel8 flags 470 sz 0x1000 -> kr 0x00000000 rid 119 GPUVA 0x10002490000 cpu 10d940000
[mtlr]   out: 0000010002490000 000000010d940000 00000001050d1940 0000000000000000
[mtlr]   out: 0000007700000000 0000000000004000 00000002c8ccc6e2 000000000036b2b1
[mtlr] resource2 sel8 flags 470 sz 0x1000 -> kr 0x00000000 rid 119 GPUVA 0x10002490000 cpu 10d940000
[mtlr]   out: 0000010002490000 000000010d940000 00000001050d1940 0000000000000000
[mtlr]   out: 0000007700000000 0000000000004000 00000002c8ccc6e3 000000000036b2b2
[mtlr] resource2 sel8 flags 470 sz 0x1000 -> kr 0x00000000 rid 119 GPUVA 0x10002490000 cpu 10d940000
[mtlr]   out: 0000010002490000 000000010d940000 00000001050d1940 0000000000000000
[mtlr]   out: 0000007700000000 0000000000004000 00000002c8ccc6e4 000000000036b2b3
[mtlr] resource2 sel8 flags 470 sz 0x1000 -> kr 0x00000000 rid 119 GPUVA 0x10002490000 cpu 10d940000
[mtlr]   out: 0000010002490000 000000010d940000 00000001050d1940 0000000000000000
[mtlr]   out: 0000007700000000 0000000000004000 00000002c8ccc6e5 000000000036b2b4
[mtlr] resource2 sel8 flags 470 sz 0x1000 -> kr 0x00000000 rid 119 GPUVA 0x10002490000 cpu 10d940000
[mtlr]   out: 0000010002490000 000000010d940000 00000001050d1940 0000000000000000
[mtlr]   out: 0000007700000000 0000000000004000 00000002c8ccc6e6 000000000036b2b5
[mtlr] resource2 sel8 flags 470 sz 0x1000 -> kr 0x00000000 rid 119 GPUVA 0x10002490000 cpu 10d940000
[mtlr]   out: 0000010002490000 000000010d940000 00000001050d1940 0000000000000000
[mtlr]   out: 0000007700000000 0000000000004000 00000002c8ccc6e7 000000000036b2b6
[mtlr] resource2 sel8 flags 470 sz 0x1000 -> kr 0x00000000 rid 119 GPUVA 0x10002490000 cpu 10d940000
[mtlr]   out: 0000010002490000 000000010d940000 00000001050d1940 0000000000000000
[mtlr]   out: 0000007700000000 0000000000004000 00000002c8ccc6e8 000000000036b2b7
[mtlr] resource2 sel8 flags 470 sz 0x1000 -> kr 0x00000000 rid 119 GPUVA 0x10002490000 cpu 10d940000
[mtlr]   out: 0000010002490000 000000010d940000 00000001050d1940 0000000000000000
[mtlr]   out: 0000007700000000 0000000000004000 00000002c8ccc6e9 000000000036b2b8
[mtlr] resource2 sel8 flags 470 sz 0x1000 -> kr 0x00000000 rid 119 GPUVA 0x10002490000 cpu 10d940000
[mtlr]   out: 0000010002490000 000000010d940000 00000001050d1940 0000000000000000
[mtlr]   out: 0000007700000000 0000000000004000 00000002c8ccc6ea 000000000036b2b9
[mtlr] resource2 sel8 flags 470 sz 0x1000 -> kr 0x00000000 rid 119 GPUVA 0x10002490000 cpu 10d940000
[mtlr]   out: 0000010002490000 000000010d940000 00000001050d1940 0000000000000000
[mtlr]   out: 0000007700000000 0000000000004000 00000002c8ccc6eb 000000000036b2ba
[mtlr] resource2 sel8 flags 470 sz 0x1000 -> kr 0x00000000 rid 119 GPUVA 0x10002490000 cpu 10d940000
[mtlr]   out: 0000010002490000 000000010d940000 00000001050d1940 0000000000000000
[mtlr]   out: 0000007700000000 0000000000004000 00000002c8ccc6ec 000000000036b2bb
[mtlr] resource2 sel8 flags 470 sz 0x1000 -> kr 0x00000000 rid 119 GPUVA 0x10002490000 cpu 10d940000
[mtlr]   out: 0000010002490000 000000010d940000 00000001050d1940 0000000000000000
[mtlr]   out: 0000007700000000 0000000000004000 00000002c8ccc6ed 000000000036b2bc
[mtlr] resource2 sel8 flags 470 sz 0x1000 -> kr 0x00000000 rid 119 GPUVA 0x10002490000 cpu 10d940000
[mtlr]   out: 0000010002490000 000000010d940000 00000001050d1940 0000000000000000
[mtlr]   out: 0000007700000000 0000000000004000 00000002c8ccc6ee 000000000036b2bd
[mtlr] resource2 sel8 flags 470 sz 0x1000 -> kr 0x00000000 rid 119 GPUVA 0x10002490000 cpu 10d940000
[mtlr]   out: 0000010002490000 000000010d940000 00000001050d1940 0000000000000000
[mtlr]   out: 0000007700000000 0000000000004000 00000002c8ccc6ef 000000000036b2be
[mtlr] resource2 sel8 flags 470 sz 0x1000 -> kr 0x00000000 rid 119 GPUVA 0x10002490000 cpu 10d940000
[mtlr]   out: 0000010002490000 000000010d940000 00000001050d1940 0000000000000000
[mtlr]   out: 0000007700000000 0000000000004000 00000002c8ccc6f0 000000000036b2bf
[mtlr] resource2 sel8 flags 470 sz 0x1000 -> kr 0x00000000 rid 119 GPUVA 0x10002490000 cpu 10d940000
[mtlr]   out: 0000010002490000 000000010d940000 00000001050d1940 0000000000000000
[mtlr]   out: 0000007700000000 0000000000004000 00000002c8ccc6f1 000000000036b2c0
[mtlr] resource2 sel8 flags 470 sz 0x1000 -> kr 0x00000000 rid 119 GPUVA 0x10002490000 cpu 10d940000
[mtlr]   out: 0000010002490000 000000010d940000 00000001050d1940 0000000000000000
[mtlr]   out: 0000007700000000 0000000000004000 00000002c8ccc6f2 000000000036b2c1
[mtlr] resource2 sel8 flags 470 sz 0x1000 -> kr 0x00000000 rid 119 GPUVA 0x10002490000 cpu 10d940000
[mtlr]   out: 0000010002490000 000000010d940000 00000001050d1940 0000000000000000
[mtlr]   out: 0000007700000000 0000000000004000 00000002c8ccc6f3 000000000036b2c2
[mtlr] resource2 sel8 flags 470 sz 0x1000 -> kr 0x00000000 rid 119 GPUVA 0x10002490000 cpu 10d940000
[mtlr]   out: 0000010002490000 000000010d940000 00000001050d1940 0000000000000000
[mtlr]   out: 0000007700000000 0000000000004000 00000002c8ccc6f4 000000000036b2c3
[mtlr] resource2 sel8 flags 470 sz 0x1000 -> kr 0x00000000 rid 119 GPUVA 0x10002490000 cpu 10d940000
[mtlr]   out: 0000010002490000 000000010d940000 00000001050d1940 0000000000000000
[mtlr]   out: 0000007700000000 0000000000004000 00000002c8ccc6f5 000000000036b2c4
[mtlr] resource2 sel8 flags 470 sz 0x1000 -> kr 0x00000000 rid 119 GPUVA 0x10002490000 cpu 10d940000
[mtlr]   out: 0000010002490000 000000010d940000 00000001050d1940 0000000000000000
[mtlr]   out: 0000007700000000 0000000000004000 00000002c8ccc6f6 000000000036b2c5
[mtlr] resource2 sel8 flags 470 sz 0x1000 -> kr 0x00000000 rid 119 GPUVA 0x10002490000 cpu 10d940000
[mtlr]   out: 0000010002490000 000000010d940000 00000001050d1940 0000000000000000
[mtlr]   out: 0000007700000000 0000000000004000 00000002c8ccc6f7 000000000036b2c6
[mtlr] resource2 sel8 flags 470 sz 0x1000 -> kr 0x00000000 rid 119 GPUVA 0x10002490000 cpu 10d940000
[mtlr]   out: 0000010002490000 000000010d940000 00000001050d1940 0000000000000000
[mtlr]   out: 0000007700000000 0000000000004000 00000002c8ccc6f8 000000000036b2c7
[mtlr] resource2 sel8 flags 470 sz 0x1000 -> kr 0x00000000 rid 119 GPUVA 0x10002490000 cpu 10d940000
[mtlr]   out: 0000010002490000 000000010d940000 00000001050d1940 0000000000000000
[mtlr]   out: 0000007700000000 0000000000004000 00000002c8ccc6f9 000000000036b2c8
[mtlr] resource2 sel8 flags 470 sz 0x1000 -> kr 0x00000000 rid 119 GPUVA 0x10002490000 cpu 10d940000
[mtlr]   out: 0000010002490000 000000010d940000 00000001050d1940 0000000000000000
[mtlr]   out: 0000007700000000 0000000000004000 00000002c8ccc6fa 000000000036b2c9
[mtlr] resource2 sel8 flags 470 sz 0x1000 -> kr 0x00000000 rid 119 GPUVA 0x10002490000 cpu 10d940000
[mtlr]   out: 0000010002490000 000000010d940000 00000001050d1940 0000000000000000
[mtlr]   out: 0000007700000000 0000000000004000 00000002c8ccc6fb 000000000036b2ca
[mtlr] resource2 sel8 flags 470 sz 0x1000 -> kr 0x00000000 rid 119 GPUVA 0x10002490000 cpu 10d940000
[mtlr]   out: 0000010002490000 000000010d940000 00000001050d1940 0000000000000000
[mtlr]   out: 0000007700000000 0000000000004000 00000002c8ccc6fc 000000000036b2cb
[mtlr] resource2 sel8 flags 470 sz 0x1000 -> kr 0x00000000 rid 119 GPUVA 0x10002490000 cpu 10d940000
[mtlr]   out: 0000010002490000 000000010d940000 00000001050d1940 0000000000000000
[mtlr]   out: 0000007700000000 0000000000004000 00000002c8ccc6fd 000000000036b2cc
[mtlr] resource2 sel8 flags 470 sz 0x1000 -> kr 0x00000000 rid 119 GPUVA 0x10002490000 cpu 10d940000
[mtlr]   out: 0000010002490000 000000010d940000 00000001050d1940 0000000000000000
[mtlr]   out: 0000007700000000 0000000000004000 00000002c8ccc6fe 000000000036b2cd
[mtlr] resource2 sel8 flags 470 sz 0x1000 -> kr 0x00000000 rid 119 GPUVA 0x10002490000 cpu 10d940000
[mtlr]   out: 0000010002490000 000000010d940000 00000001050d1940 0000000000000000
[mtlr]   out: 0000007700000000 0000000000004000 00000002c8ccc6ff 000000000036b2ce
[mtlr] resource2 sel8 flags 470 sz 0x1000 -> kr 0x00000000 rid 119 GPUVA 0x10002490000 cpu 10d940000
[mtlr]   out: 0000010002490000 000000010d940000 00000001050d1940 0000000000000000
[mtlr]   out: 0000007700000000 0000000000004000 00000002c8ccc700 000000000036b2cf
[uatrec] S4 r20 (+1s): nvv 8 ncb 8 vsz 0x100000 fill 0x0 destroy0 kr 0x00000000 nj 40
[uatrec] S4 r20 blit[0] slots 8 ridp 1
[uatrec] S4 r20 blit[1] slots 8 ridp 1
[uatrec] S4 r20 blit[2] slots 8 ridp 1
[uatrec] S4 r20 blit[3] slots 8 ridp 1
[uatrec] S4 r20 blit[4] slots 8 ridp 1
[uatrec] S4 r20 blit[5] slots 8 ridp 1
[uatrec] S4 r20 blit[6] slots 8 ridp 1
[uatrec] S4 r20 blit[7] slots 8 ridp 1
[mtlr] resource2 sel8 flags 470 sz 0x100000 -> kr 0x00000000 rid 119 GPUVA 0x10002490000 cpu 10de10000
[mtlr]   out: 0000010002490000 000000010de10000 00000001050d1940 0000000000000000
[mtlr]   out: 0000007700000000 0000000000100000 00000002c8ccc744 000000000036b2d2
[uatrec] S4 r21 victim[0] rid 119 gpuva 0x10002490000 cpu 0x10de10000 (top-of-stack)
[mtlr] resource2 sel8 flags 470 sz 0x100000 -> kr 0x00000000 rid 120 GPUVA 0x10002598000 cpu 10df80000
[mtlr]   out: 0000010002598000 000000010df80000 00000001050d1a00 0000000000000000
[mtlr]   out: 0000007800000000 0000000000100000 00000002c8ccc745 000000000036b2d3
[uatrec] S4 r21 victim[1] rid 120 gpuva 0x10002598000 cpu 0x10df80000 (top-of-stack)
[mtlr] resource2 sel8 flags 470 sz 0x100000 -> kr 0x00000000 rid 121 GPUVA 0x100026a0000 cpu 10e080000
[mtlr]   out: 00000100026a0000 000000010e080000 00000001050d1ac0 0000000000000000
[mtlr]   out: 0000007900000000 0000000000100000 00000002c8ccc746 000000000036b2d4
[uatrec] S4 r21 victim[2] rid 121 gpuva 0x100026a0000 cpu 0x10e080000 (top-of-stack)
[mtlr] resource2 sel8 flags 470 sz 0x100000 -> kr 0x00000000 rid 122 GPUVA 0x100027a8000 cpu 10e1f0000
[mtlr]   out: 00000100027a8000 000000010e1f0000 00000001050d1b80 0000000000000000
[mtlr]   out: 0000007a00000000 0000000000100000 00000002c8ccc747 000000000036b2d5
[uatrec] S4 r21 victim[3] rid 122 gpuva 0x100027a8000 cpu 0x10e1f0000 (top-of-stack)
[mtlr] resource2 sel8 flags 470 sz 0x100000 -> kr 0x00000000 rid 123 GPUVA 0x100028b0000 cpu 10e360000
[mtlr]   out: 00000100028b0000 000000010e360000 00000001050d1c40 0000000000000000
[mtlr]   out: 0000007b00000000 0000000000100000 00000002c8ccc748 000000000036b2d6
[uatrec] S4 r21 victim[4] rid 123 gpuva 0x100028b0000 cpu 0x10e360000 (top-of-stack)
[mtlr] resource2 sel8 flags 470 sz 0x100000 -> kr 0x00000000 rid 124 GPUVA 0x100029b8000 cpu 10d240000
[mtlr]   out: 00000100029b8000 000000010d240000 00000001050d1d00 0000000000000000
[mtlr]   out: 0000007c00000000 0000000000100000 00000002c8ccc749 000000000036b2d7
[uatrec] S4 r21 victim[5] rid 124 gpuva 0x100029b8000 cpu 0x10d240000 (top-of-stack)
[mtlr] resource2 sel8 flags 470 sz 0x100000 -> kr 0x00000000 rid 125 GPUVA 0x10002ac0000 cpu 10d340000
[mtlr]   out: 0000010002ac0000 000000010d340000 00000001050d1dc0 0000000000000000
[mtlr]   out: 0000007d00000000 0000000000100000 00000002c8ccc74a 000000000036b2d8
[uatrec] S4 r21 victim[6] rid 125 gpuva 0x10002ac0000 cpu 0x10d340000 (top-of-stack)
[mtlr] resource2 sel8 flags 470 sz 0x100000 -> kr 0x00000000 rid 126 GPUVA 0x10002bc8000 cpu 10d440000
[mtlr]   out: 0000010002bc8000 000000010d440000 00000001050d1e80 0000000000000000
[mtlr]   out: 0000007e00000000 0000000000100000 00000002c8ccc752 000000000036b2d9
[uatrec] S4 r21 victim[7] rid 126 gpuva 0x10002bc8000 cpu 0x10d440000 (top-of-stack)
[mtlr] resource2 sel8 flags 470 sz 0x1000 -> kr 0x00000000 rid 119 GPUVA 0x10002490000 cpu 10d940000
[mtlr]   out: 0000010002490000 000000010d940000 00000001050d1940 0000000000000000
[mtlr]   out: 0000007700000000 0000000000004000 00000002c8ccc76e 000000000036b2e3
[mtlr] resource2 sel8 flags 470 sz 0x1000 -> kr 0x00000000 rid 119 GPUVA 0x10002490000 cpu 10d940000
[mtlr]   out: 0000010002490000 000000010d940000 00000001050d1940 0000000000000000
[mtlr]   out: 0000007700000000 0000000000004000 00000002c8ccc76f 000000000036b2e4
[mtlr] resource2 sel8 flags 470 sz 0x1000 -> kr 0x00000000 rid 119 GPUVA 0x10002490000 cpu 10d940000
[mtlr]   out: 0000010002490000 000000010d940000 00000001050d1940 0000000000000000
[mtlr]   out: 0000007700000000 0000000000004000 00000002c8ccc770 000000000036b2e5
[mtlr] resource2 sel8 flags 470 sz 0x1000 -> kr 0x00000000 rid 119 GPUVA 0x10002490000 cpu 10d940000
[mtlr]   out: 0000010002490000 000000010d940000 00000001050d1940 0000000000000000
[mtlr]   out: 0000007700000000 0000000000004000 00000002c8ccc771 000000000036b2e6
[mtlr] resource2 sel8 flags 470 sz 0x1000 -> kr 0x00000000 rid 119 GPUVA 0x10002490000 cpu 10d940000
[mtlr]   out: 0000010002490000 000000010d940000 00000001050d1940 0000000000000000
[mtlr]   out: 0000007700000000 0000000000004000 00000002c8ccc772 000000000036b2e7
[mtlr] resource2 sel8 flags 470 sz 0x1000 -> kr 0x00000000 rid 119 GPUVA 0x10002490000 cpu 10d940000
[mtlr]   out: 0000010002490000 000000010d940000 00000001050d1940 0000000000000000
[mtlr]   out: 0000007700000000 0000000000004000 00000002c8ccc773 000000000036b2e8
[mtlr] resource2 sel8 flags 470 sz 0x1000 -> kr 0x00000000 rid 119 GPUVA 0x10002490000 cpu 10d940000
[mtlr]   out: 0000010002490000 000000010d940000 00000001050d1940 0000000000000000
[mtlr]   out: 0000007700000000 0000000000004000 00000002c8ccc774 000000000036b2e9
[mtlr] resource2 sel8 flags 470 sz 0x1000 -> kr 0x00000000 rid 119 GPUVA 0x10002490000 cpu 10d940000
[mtlr]   out: 0000010002490000 000000010d940000 00000001050d1940 0000000000000000
[mtlr]   out: 0000007700000000 0000000000004000 00000002c8ccc775 000000000036b2ea
[mtlr] resource2 sel8 flags 470 sz 0x1000 -> kr 0x00000000 rid 119 GPUVA 0x10002490000 cpu 10d940000
[mtlr]   out: 0000010002490000 000000010d940000 00000001050d1940 0000000000000000
[mtlr]   out: 0000007700000000 0000000000004000 00000002c8ccc776 000000000036b2eb
[mtlr] resource2 sel8 flags 470 sz 0x1000 -> kr 0x00000000 rid 119 GPUVA 0x10002490000 cpu 10d940000
[mtlr]   out: 0000010002490000 000000010d940000 00000001050d1940 0000000000000000
[mtlr]   out: 0000007700000000 0000000000004000 00000002c8ccc777 000000000036b2ec
[mtlr] resource2 sel8 flags 470 sz 0x1000 -> kr 0x00000000 rid 119 GPUVA 0x10002490000 cpu 10d940000
[mtlr]   out: 0000010002490000 000000010d940000 00000001050d1940 0000000000000000
[mtlr]   out: 0000007700000000 0000000000004000 00000002c8ccc778 000000000036b2ed
[mtlr] resource2 sel8 flags 470 sz 0x1000 -> kr 0x00000000 rid 119 GPUVA 0x10002490000 cpu 10d940000
[mtlr]   out: 0000010002490000 000000010d940000 00000001050d1940 0000000000000000
[mtlr]   out: 0000007700000000 0000000000004000 00000002c8ccc779 000000000036b2ee
[mtlr] resource2 sel8 flags 470 sz 0x1000 -> kr 0x00000000 rid 119 GPUVA 0x10002490000 cpu 10d940000
[mtlr]   out: 0000010002490000 000000010d940000 00000001050d1940 0000000000000000
[mtlr]   out: 0000007700000000 0000000000004000 00000002c8ccc77a 000000000036b2ef
[mtlr] resource2 sel8 flags 470 sz 0x1000 -> kr 0x00000000 rid 119 GPUVA 0x10002490000 cpu 10d940000
[mtlr]   out: 0000010002490000 000000010d940000 00000001050d1940 0000000000000000
[mtlr]   out: 0000007700000000 0000000000004000 00000002c8ccc77b 000000000036b2f0
[mtlr] resource2 sel8 flags 470 sz 0x1000 -> kr 0x00000000 rid 119 GPUVA 0x10002490000 cpu 10d940000
[mtlr]   out: 0000010002490000 000000010d940000 00000001050d1940 0000000000000000
[mtlr]   out: 0000007700000000 0000000000004000 00000002c8ccc77c 000000000036b2f1
[mtlr] resource2 sel8 flags 470 sz 0x1000 -> kr 0x00000000 rid 119 GPUVA 0x10002490000 cpu 10d940000
[mtlr]   out: 0000010002490000 000000010d940000 00000001050d1940 0000000000000000
[mtlr]   out: 0000007700000000 0000000000004000 00000002c8ccc77d 000000000036b2f2
[mtlr] resource2 sel8 flags 470 sz 0x1000 -> kr 0x00000000 rid 119 GPUVA 0x10002490000 cpu 10d940000
[mtlr]   out: 0000010002490000 000000010d940000 00000001050d1940 0000000000000000
[mtlr]   out: 0000007700000000 0000000000004000 00000002c8ccc77e 000000000036b2f3
[mtlr] resource2 sel8 flags 470 sz 0x1000 -> kr 0x00000000 rid 119 GPUVA 0x10002490000 cpu 10d940000
[mtlr]   out: 0000010002490000 000000010d940000 00000001050d1940 0000000000000000
[mtlr]   out: 0000007700000000 0000000000004000 00000002c8ccc77f 000000000036b2f4
[mtlr] resource2 sel8 flags 470 sz 0x1000 -> kr 0x00000000 rid 119 GPUVA 0x10002490000 cpu 10d940000
[mtlr]   out: 0000010002490000 000000010d940000 00000001050d1940 0000000000000000
[mtlr]   out: 0000007700000000 0000000000004000 00000002c8ccc780 000000000036b2f5
[mtlr] resource2 sel8 flags 470 sz 0x1000 -> kr 0x00000000 rid 119 GPUVA 0x10002490000 cpu 10d940000
[mtlr]   out: 0000010002490000 000000010d940000 00000001050d1940 0000000000000000
[mtlr]   out: 0000007700000000 0000000000004000 00000002c8ccc781 000000000036b2f6
[mtlr] resource2 sel8 flags 470 sz 0x1000 -> kr 0x00000000 rid 119 GPUVA 0x10002490000 cpu 10d940000
[mtlr]   out: 0000010002490000 000000010d940000 00000001050d1940 0000000000000000
[mtlr]   out: 0000007700000000 0000000000004000 00000002c8ccc782 000000000036b2f7
[mtlr] resource2 sel8 flags 470 sz 0x1000 -> kr 0x00000000 rid 119 GPUVA 0x10002490000 cpu 10d940000
[mtlr]   out: 0000010002490000 000000010d940000 00000001050d1940 0000000000000000
[mtlr]   out: 0000007700000000 0000000000004000 00000002c8ccc783 000000000036b2f8
[mtlr] resource2 sel8 flags 470 sz 0x1000 -> kr 0x00000000 rid 119 GPUVA 0x10002490000 cpu 10d940000
[mtlr]   out: 0000010002490000 000000010d940000 00000001050d1940 0000000000000000
[mtlr]   out: 0000007700000000 0000000000004000 00000002c8ccc784 000000000036b2f9
[mtlr] resource2 sel8 flags 470 sz 0x1000 -> kr 0x00000000 rid 119 GPUVA 0x10002490000 cpu 10d940000
[mtlr]   out: 0000010002490000 000000010d940000 00000001050d1940 0000000000000000
[mtlr]   out: 0000007700000000 0000000000004000 00000002c8ccc785 000000000036b2fa
[mtlr] resource2 sel8 flags 470 sz 0x1000 -> kr 0x00000000 rid 119 GPUVA 0x10002490000 cpu 10d940000
[mtlr]   out: 0000010002490000 000000010d940000 00000001050d1940 0000000000000000
[mtlr]   out: 0000007700000000 0000000000004000 00000002c8ccc786 000000000036b2fb
[mtlr] resource2 sel8 flags 470 sz 0x1000 -> kr 0x00000000 rid 119 GPUVA 0x10002490000 cpu 10d940000
[mtlr]   out: 0000010002490000 000000010d940000 00000001050d1940 0000000000000000
[mtlr]   out: 0000007700000000 0000000000004000 00000002c8ccc787 000000000036b2fc
[mtlr] resource2 sel8 flags 470 sz 0x1000 -> kr 0x00000000 rid 119 GPUVA 0x10002490000 cpu 10d940000
[mtlr]   out: 0000010002490000 000000010d940000 00000001050d1940 0000000000000000
[mtlr]   out: 0000007700000000 0000000000004000 00000002c8ccc788 000000000036b2fd
[mtlr] resource2 sel8 flags 470 sz 0x1000 -> kr 0x00000000 rid 119 GPUVA 0x10002490000 cpu 10d940000
[mtlr]   out: 0000010002490000 000000010d940000 00000001050d1940 0000000000000000
[mtlr]   out: 0000007700000000 0000000000004000 00000002c8ccc789 000000000036b2fe
[mtlr] resource2 sel8 flags 470 sz 0x1000 -> kr 0x00000000 rid 119 GPUVA 0x10002490000 cpu 10d940000
[mtlr]   out: 0000010002490000 000000010d940000 00000001050d1940 0000000000000000
[mtlr]   out: 0000007700000000 0000000000004000 00000002c8ccc78a 000000000036b2ff
[mtlr] resource2 sel8 flags 470 sz 0x1000 -> kr 0x00000000 rid 119 GPUVA 0x10002490000 cpu 10d940000
[mtlr]   out: 0000010002490000 000000010d940000 00000001050d1940 0000000000000000
[mtlr]   out: 0000007700000000 0000000000004000 00000002c8ccc78b 000000000036b300
[mtlr] resource2 sel8 flags 470 sz 0x1000 -> kr 0x00000000 rid 119 GPUVA 0x10002490000 cpu 10d940000
[mtlr]   out: 0000010002490000 000000010d940000 00000001050d1940 0000000000000000
[mtlr]   out: 0000007700000000 0000000000004000 00000002c8ccc78c 000000000036b301
[mtlr] resource2 sel8 flags 470 sz 0x1000 -> kr 0x00000000 rid 119 GPUVA 0x10002490000 cpu 10d940000
[mtlr]   out: 0000010002490000 000000010d940000 00000001050d1940 0000000000000000
[mtlr]   out: 0000007700000000 0000000000004000 00000002c8ccc78d 000000000036b302
[mtlr] resource2 sel8 flags 470 sz 0x1000 -> kr 0x00000000 rid 119 GPUVA 0x10002490000 cpu 10d940000
[mtlr]   out: 0000010002490000 000000010d940000 00000001050d1940 0000000000000000
[mtlr]   out: 0000007700000000 0000000000004000 00000002c8ccc78e 000000000036b303
[mtlr] resource2 sel8 flags 470 sz 0x1000 -> kr 0x00000000 rid 119 GPUVA 0x10002490000 cpu 10d940000
[mtlr]   out: 0000010002490000 000000010d940000 00000001050d1940 0000000000000000
[mtlr]   out: 0000007700000000 0000000000004000 00000002c8ccc78f 000000000036b304
[mtlr] resource2 sel8 flags 470 sz 0x1000 -> kr 0x00000000 rid 119 GPUVA 0x10002490000 cpu 10d940000
[mtlr]   out: 0000010002490000 000000010d940000 00000001050d1940 0000000000000000
[mtlr]   out: 0000007700000000 0000000000004000 00000002c8ccc790 000000000036b305
[mtlr] resource2 sel8 flags 470 sz 0x1000 -> kr 0x00000000 rid 119 GPUVA 0x10002490000 cpu 10d940000
[mtlr]   out: 0000010002490000 000000010d940000 00000001050d1940 0000000000000000
[mtlr]   out: 0000007700000000 0000000000004000 00000002c8ccc791 000000000036b306
[mtlr] resource2 sel8 flags 470 sz 0x1000 -> kr 0x00000000 rid 119 GPUVA 0x10002490000 cpu 10d940000
[mtlr]   out: 0000010002490000 000000010d940000 00000001050d1940 0000000000000000
[mtlr]   out: 0000007700000000 0000000000004000 00000002c8ccc792 000000000036b307
[mtlr] resource2 sel8 flags 470 sz 0x1000 -> kr 0x00000000 rid 119 GPUVA 0x10002490000 cpu 10d940000
[mtlr]   out: 0000010002490000 000000010d940000 00000001050d1940 0000000000000000
[mtlr]   out: 0000007700000000 0000000000004000 00000002c8ccc793 000000000036b308
[mtlr] resource2 sel8 flags 470 sz 0x1000 -> kr 0x00000000 rid 119 GPUVA 0x10002490000 cpu 10d940000
[mtlr]   out: 0000010002490000 000000010d940000 00000001050d1940 0000000000000000
[mtlr]   out: 0000007700000000 0000000000004000 00000002c8ccc794 000000000036b309
[mtlr] resource2 sel8 flags 470 sz 0x1000 -> kr 0x00000000 rid 119 GPUVA 0x10002490000 cpu 10d940000
[mtlr]   out: 0000010002490000 000000010d940000 00000001050d1940 0000000000000000
[mtlr]   out: 0000007700000000 0000000000004000 00000002c8ccc795 000000000036b30a
[uatrec] S4 r21 (+1s): nvv 8 ncb 8 vsz 0x100000 fill 0x0 destroy0 kr 0x00000000 nj 40
[uatrec] S4 r21 blit[0] slots 8 ridp 1
[uatrec] S4 r21 blit[1] slots 8 ridp 1
[uatrec] S4 r21 blit[2] slots 8 ridp 1
[uatrec] S4 r21 blit[3] slots 8 ridp 1
[uatrec] S4 r21 blit[4] slots 8 ridp 1
[uatrec] S4 r21 blit[5] slots 8 ridp 1
[uatrec] S4 r21 blit[6] slots 8 ridp 1
[uatrec] S4 r21 blit[7] slots 8 ridp 1
[mtlr] resource2 sel8 flags 470 sz 0x100000 -> kr 0x00000000 rid 119 GPUVA 0x10002490000 cpu 10d640000
[mtlr]   out: 0000010002490000 000000010d640000 00000001050d1940 0000000000000000
[mtlr]   out: 0000007700000000 0000000000100000 00000002c8ccc7c1 000000000036b30d
[uatrec] S4 r22 victim[0] rid 119 gpuva 0x10002490000 cpu 0x10d640000 (top-of-stack)
[mtlr] resource2 sel8 flags 470 sz 0x100000 -> kr 0x00000000 rid 120 GPUVA 0x10002598000 cpu 10d740000
[mtlr]   out: 0000010002598000 000000010d740000 00000001050d1a00 0000000000000000
[mtlr]   out: 0000007800000000 0000000000100000 00000002c8ccc7c2 000000000036b30e
[uatrec] S4 r22 victim[1] rid 120 gpuva 0x10002598000 cpu 0x10d740000 (top-of-stack)
[mtlr] resource2 sel8 flags 470 sz 0x100000 -> kr 0x00000000 rid 121 GPUVA 0x100026a0000 cpu 10d840000
[mtlr]   out: 00000100026a0000 000000010d840000 00000001050d1ac0 0000000000000000
[mtlr]   out: 0000007900000000 0000000000100000 00000002c8ccc7c3 000000000036b30f
[uatrec] S4 r22 victim[2] rid 121 gpuva 0x100026a0000 cpu 0x10d840000 (top-of-stack)
[mtlr] resource2 sel8 flags 470 sz 0x100000 -> kr 0x00000000 rid 122 GPUVA 0x100027a8000 cpu 10da3c000
[mtlr]   out: 00000100027a8000 000000010da3c000 00000001050d1b80 0000000000000000
[mtlr]   out: 0000007a00000000 0000000000100000 00000002c8ccc7c4 000000000036b310
[uatrec] S4 r22 victim[3] rid 122 gpuva 0x100027a8000 cpu 0x10da3c000 (top-of-stack)
[mtlr] resource2 sel8 flags 470 sz 0x100000 -> kr 0x00000000 rid 123 GPUVA 0x100028b0000 cpu 10dca0000
[mtlr]   out: 00000100028b0000 000000010dca0000 00000001050d1c40 0000000000000000
[mtlr]   out: 0000007b00000000 0000000000100000 00000002c8ccc7c5 000000000036b311
[uatrec] S4 r22 victim[4] rid 123 gpuva 0x100028b0000 cpu 0x10dca0000 (top-of-stack)
[mtlr] resource2 sel8 flags 470 sz 0x100000 -> kr 0x00000000 rid 124 GPUVA 0x100029b8000 cpu 10de10000
[mtlr]   out: 00000100029b8000 000000010de10000 00000001050d1d00 0000000000000000
[mtlr]   out: 0000007c00000000 0000000000100000 00000002c8ccc7c6 000000000036b312
[uatrec] S4 r22 victim[5] rid 124 gpuva 0x100029b8000 cpu 0x10de10000 (top-of-stack)
[mtlr] resource2 sel8 flags 470 sz 0x100000 -> kr 0x00000000 rid 125 GPUVA 0x10002ac0000 cpu 10d240000
[mtlr]   out: 0000010002ac0000 000000010d240000 00000001050d1dc0 0000000000000000
[mtlr]   out: 0000007d00000000 0000000000100000 00000002c8ccc7c7 000000000036b313
[uatrec] S4 r22 victim[6] rid 125 gpuva 0x10002ac0000 cpu 0x10d240000 (top-of-stack)
[mtlr] resource2 sel8 flags 470 sz 0x100000 -> kr 0x00000000 rid 126 GPUVA 0x10002bc8000 cpu 10d340000
[mtlr]   out: 0000010002bc8000 000000010d340000 00000001050d1e80 0000000000000000
[mtlr]   out: 0000007e00000000 0000000000100000 00000002c8ccc7c8 000000000036b314
[uatrec] S4 r22 victim[7] rid 126 gpuva 0x10002bc8000 cpu 0x10d340000 (top-of-stack)
[mtlr] resource2 sel8 flags 470 sz 0x1000 -> kr 0x00000000 rid 119 GPUVA 0x10002490000 cpu 10d940000
[mtlr]   out: 0000010002490000 000000010d940000 00000001050d1940 0000000000000000
[mtlr]   out: 0000007700000000 0000000000004000 00000002c8ccc7ec 000000000036b31e
[mtlr] resource2 sel8 flags 470 sz 0x1000 -> kr 0x00000000 rid 119 GPUVA 0x10002490000 cpu 10d940000
[mtlr]   out: 0000010002490000 000000010d940000 00000001050d1940 0000000000000000
[mtlr]   out: 0000007700000000 0000000000004000 00000002c8ccc7ed 000000000036b31f
[mtlr] resource2 sel8 flags 470 sz 0x1000 -> kr 0x00000000 rid 119 GPUVA 0x10002490000 cpu 10d940000
[mtlr]   out: 0000010002490000 000000010d940000 00000001050d1940 0000000000000000
[mtlr]   out: 0000007700000000 0000000000004000 00000002c8ccc7ee 000000000036b320
[mtlr] resource2 sel8 flags 470 sz 0x1000 -> kr 0x00000000 rid 119 GPUVA 0x10002490000 cpu 10d940000
[mtlr]   out: 0000010002490000 000000010d940000 00000001050d1940 0000000000000000
[mtlr]   out: 0000007700000000 0000000000004000 00000002c8ccc7ef 000000000036b321
[mtlr] resource2 sel8 flags 470 sz 0x1000 -> kr 0x00000000 rid 119 GPUVA 0x10002490000 cpu 10d940000
[mtlr]   out: 0000010002490000 000000010d940000 00000001050d1940 0000000000000000
[mtlr]   out: 0000007700000000 0000000000004000 00000002c8ccc7f0 000000000036b322
[mtlr] resource2 sel8 flags 470 sz 0x1000 -> kr 0x00000000 rid 119 GPUVA 0x10002490000 cpu 10d940000
[mtlr]   out: 0000010002490000 000000010d940000 00000001050d1940 0000000000000000
[mtlr]   out: 0000007700000000 0000000000004000 00000002c8ccc7f1 000000000036b323
[mtlr] resource2 sel8 flags 470 sz 0x1000 -> kr 0x00000000 rid 119 GPUVA 0x10002490000 cpu 10d940000
[mtlr]   out: 0000010002490000 000000010d940000 00000001050d1940 0000000000000000
[mtlr]   out: 0000007700000000 0000000000004000 00000002c8ccc7f2 000000000036b324
[mtlr] resource2 sel8 flags 470 sz 0x1000 -> kr 0x00000000 rid 119 GPUVA 0x10002490000 cpu 10d940000
[mtlr]   out: 0000010002490000 000000010d940000 00000001050d1940 0000000000000000
[mtlr]   out: 0000007700000000 0000000000004000 00000002c8ccc7f3 000000000036b325
[mtlr] resource2 sel8 flags 470 sz 0x1000 -> kr 0x00000000 rid 119 GPUVA 0x10002490000 cpu 10d940000
[mtlr]   out: 0000010002490000 000000010d940000 00000001050d1940 0000000000000000
[mtlr]   out: 0000007700000000 0000000000004000 00000002c8ccc7f4 000000000036b326
[mtlr] resource2 sel8 flags 470 sz 0x1000 -> kr 0x00000000 rid 119 GPUVA 0x10002490000 cpu 10d940000
[mtlr]   out: 0000010002490000 000000010d940000 00000001050d1940 0000000000000000
[mtlr]   out: 0000007700000000 0000000000004000 00000002c8ccc7f5 000000000036b327
[mtlr] resource2 sel8 flags 470 sz 0x1000 -> kr 0x00000000 rid 119 GPUVA 0x10002490000 cpu 10d940000
[mtlr]   out: 0000010002490000 000000010d940000 00000001050d1940 0000000000000000
[mtlr]   out: 0000007700000000 0000000000004000 00000002c8ccc7f6 000000000036b328
[mtlr] resource2 sel8 flags 470 sz 0x1000 -> kr 0x00000000 rid 119 GPUVA 0x10002490000 cpu 10d940000
[mtlr]   out: 0000010002490000 000000010d940000 00000001050d1940 0000000000000000
[mtlr]   out: 0000007700000000 0000000000004000 00000002c8ccc7f7 000000000036b329
[mtlr] resource2 sel8 flags 470 sz 0x1000 -> kr 0x00000000 rid 119 GPUVA 0x10002490000 cpu 10d940000
[mtlr]   out: 0000010002490000 000000010d940000 00000001050d1940 0000000000000000
[mtlr]   out: 0000007700000000 0000000000004000 00000002c8ccc7f8 000000000036b32a
[mtlr] resource2 sel8 flags 470 sz 0x1000 -> kr 0x00000000 rid 119 GPUVA 0x10002490000 cpu 10d940000
[mtlr]   out: 0000010002490000 000000010d940000 00000001050d1940 0000000000000000
[mtlr]   out: 0000007700000000 0000000000004000 00000002c8ccc7f9 000000000036b32b
[mtlr] resource2 sel8 flags 470 sz 0x1000 -> kr 0x00000000 rid 119 GPUVA 0x10002490000 cpu 10d940000
[mtlr]   out: 0000010002490000 000000010d940000 00000001050d1940 0000000000000000
[mtlr]   out: 0000007700000000 0000000000004000 00000002c8ccc7fa 000000000036b32c
[mtlr] resource2 sel8 flags 470 sz 0x1000 -> kr 0x00000000 rid 119 GPUVA 0x10002490000 cpu 10d940000
[mtlr]   out: 0000010002490000 000000010d940000 00000001050d1940 0000000000000000
[mtlr]   out: 0000007700000000 0000000000004000 00000002c8ccc7fb 000000000036b32d
[mtlr] resource2 sel8 flags 470 sz 0x1000 -> kr 0x00000000 rid 119 GPUVA 0x10002490000 cpu 10d940000
[mtlr]   out: 0000010002490000 000000010d940000 00000001050d1940 0000000000000000
[mtlr]   out: 0000007700000000 0000000000004000 00000002c8ccc7fc 000000000036b32e
[mtlr] resource2 sel8 flags 470 sz 0x1000 -> kr 0x00000000 rid 119 GPUVA 0x10002490000 cpu 10d940000
[mtlr]   out: 0000010002490000 000000010d940000 00000001050d1940 0000000000000000
[mtlr]   out: 0000007700000000 0000000000004000 00000002c8ccc7fd 000000000036b32f
[mtlr] resource2 sel8 flags 470 sz 0x1000 -> kr 0x00000000 rid 119 GPUVA 0x10002490000 cpu 10d940000
[mtlr]   out: 0000010002490000 000000010d940000 00000001050d1940 0000000000000000
[mtlr]   out: 0000007700000000 0000000000004000 00000002c8ccc7fe 000000000036b330
[mtlr] resource2 sel8 flags 470 sz 0x1000 -> kr 0x00000000 rid 119 GPUVA 0x10002490000 cpu 10d940000
[mtlr]   out: 0000010002490000 000000010d940000 00000001050d1940 0000000000000000
[mtlr]   out: 0000007700000000 0000000000004000 00000002c8ccc7ff 000000000036b331
[mtlr] resource2 sel8 flags 470 sz 0x1000 -> kr 0x00000000 rid 119 GPUVA 0x10002490000 cpu 10d940000
[mtlr]   out: 0000010002490000 000000010d940000 00000001050d1940 0000000000000000
[mtlr]   out: 0000007700000000 0000000000004000 00000002c8ccc800 000000000036b332
[mtlr] resource2 sel8 flags 470 sz 0x1000 -> kr 0x00000000 rid 119 GPUVA 0x10002490000 cpu 10d940000
[mtlr]   out: 0000010002490000 000000010d940000 00000001050d1940 0000000000000000
[mtlr]   out: 0000007700000000 0000000000004000 00000002c8ccc801 000000000036b333
[mtlr] resource2 sel8 flags 470 sz 0x1000 -> kr 0x00000000 rid 119 GPUVA 0x10002490000 cpu 10d940000
[mtlr]   out: 0000010002490000 000000010d940000 00000001050d1940 0000000000000000
[mtlr]   out: 0000007700000000 0000000000004000 00000002c8ccc802 000000000036b334
[mtlr] resource2 sel8 flags 470 sz 0x1000 -> kr 0x00000000 rid 119 GPUVA 0x10002490000 cpu 10d940000
[mtlr]   out: 0000010002490000 000000010d940000 00000001050d1940 0000000000000000
[mtlr]   out: 0000007700000000 0000000000004000 00000002c8ccc803 000000000036b335
[mtlr] resource2 sel8 flags 470 sz 0x1000 -> kr 0x00000000 rid 119 GPUVA 0x10002490000 cpu 10d940000
[mtlr]   out: 0000010002490000 000000010d940000 00000001050d1940 0000000000000000
[mtlr]   out: 0000007700000000 0000000000004000 00000002c8ccc804 000000000036b336
[mtlr] resource2 sel8 flags 470 sz 0x1000 -> kr 0x00000000 rid 119 GPUVA 0x10002490000 cpu 10d940000
[mtlr]   out: 0000010002490000 000000010d940000 00000001050d1940 0000000000000000
[mtlr]   out: 0000007700000000 0000000000004000 00000002c8ccc805 000000000036b337
[mtlr] resource2 sel8 flags 470 sz 0x1000 -> kr 0x00000000 rid 119 GPUVA 0x10002490000 cpu 10d940000
[mtlr]   out: 0000010002490000 000000010d940000 00000001050d1940 0000000000000000
[mtlr]   out: 0000007700000000 0000000000004000 00000002c8ccc806 000000000036b338
[mtlr] resource2 sel8 flags 470 sz 0x1000 -> kr 0x00000000 rid 119 GPUVA 0x10002490000 cpu 10d940000
[mtlr]   out: 0000010002490000 000000010d940000 00000001050d1940 0000000000000000
[mtlr]   out: 0000007700000000 0000000000004000 00000002c8ccc807 000000000036b339
[mtlr] resource2 sel8 flags 470 sz 0x1000 -> kr 0x00000000 rid 119 GPUVA 0x10002490000 cpu 10d940000
[mtlr]   out: 0000010002490000 000000010d940000 00000001050d1940 0000000000000000
[mtlr]   out: 0000007700000000 0000000000004000 00000002c8ccc808 000000000036b33a
[mtlr] resource2 sel8 flags 470 sz 0x1000 -> kr 0x00000000 rid 119 GPUVA 0x10002490000 cpu 10d940000
[mtlr]   out: 0000010002490000 000000010d940000 00000001050d1940 0000000000000000
[mtlr]   out: 0000007700000000 0000000000004000 00000002c8ccc809 000000000036b33b
[mtlr] resource2 sel8 flags 470 sz 0x1000 -> kr 0x00000000 rid 119 GPUVA 0x10002490000 cpu 10d940000
[mtlr]   out: 0000010002490000 000000010d940000 00000001050d1940 0000000000000000
[mtlr]   out: 0000007700000000 0000000000004000 00000002c8ccc80a 000000000036b33c
[mtlr] resource2 sel8 flags 470 sz 0x1000 -> kr 0x00000000 rid 119 GPUVA 0x10002490000 cpu 10d940000
[mtlr]   out: 0000010002490000 000000010d940000 00000001050d1940 0000000000000000
[mtlr]   out: 0000007700000000 0000000000004000 00000002c8ccc80b 000000000036b33d
[mtlr] resource2 sel8 flags 470 sz 0x1000 -> kr 0x00000000 rid 119 GPUVA 0x10002490000 cpu 10d940000
[mtlr]   out: 0000010002490000 000000010d940000 00000001050d1940 0000000000000000
[mtlr]   out: 0000007700000000 0000000000004000 00000002c8ccc80c 000000000036b33e
[mtlr] resource2 sel8 flags 470 sz 0x1000 -> kr 0x00000000 rid 119 GPUVA 0x10002490000 cpu 10d940000
[mtlr]   out: 0000010002490000 000000010d940000 00000001050d1940 0000000000000000
[mtlr]   out: 0000007700000000 0000000000004000 00000002c8ccc80d 000000000036b33f
[mtlr] resource2 sel8 flags 470 sz 0x1000 -> kr 0x00000000 rid 119 GPUVA 0x10002490000 cpu 10d940000
[mtlr]   out: 0000010002490000 000000010d940000 00000001050d1940 0000000000000000
[mtlr]   out: 0000007700000000 0000000000004000 00000002c8ccc80e 000000000036b340
[mtlr] resource2 sel8 flags 470 sz 0x1000 -> kr 0x00000000 rid 119 GPUVA 0x10002490000 cpu 10d940000
[mtlr]   out: 0000010002490000 000000010d940000 00000001050d1940 0000000000000000
[mtlr]   out: 0000007700000000 0000000000004000 00000002c8ccc80f 000000000036b341
[mtlr] resource2 sel8 flags 470 sz 0x1000 -> kr 0x00000000 rid 119 GPUVA 0x10002490000 cpu 10d940000
[mtlr]   out: 0000010002490000 000000010d940000 00000001050d1940 0000000000000000
[mtlr]   out: 0000007700000000 0000000000004000 00000002c8ccc810 000000000036b342
[mtlr] resource2 sel8 flags 470 sz 0x1000 -> kr 0x00000000 rid 119 GPUVA 0x10002490000 cpu 10d940000
[mtlr]   out: 0000010002490000 000000010d940000 00000001050d1940 0000000000000000
[mtlr]   out: 0000007700000000 0000000000004000 00000002c8ccc811 000000000036b343
[mtlr] resource2 sel8 flags 470 sz 0x1000 -> kr 0x00000000 rid 119 GPUVA 0x10002490000 cpu 10d940000
[mtlr]   out: 0000010002490000 000000010d940000 00000001050d1940 0000000000000000
[mtlr]   out: 0000007700000000 0000000000004000 00000002c8ccc812 000000000036b344
[mtlr] resource2 sel8 flags 470 sz 0x1000 -> kr 0x00000000 rid 119 GPUVA 0x10002490000 cpu 10d940000
[mtlr]   out: 0000010002490000 000000010d940000 00000001050d1940 0000000000000000
[mtlr]   out: 0000007700000000 0000000000004000 00000002c8ccc813 000000000036b345
[uatrec] S4 r22 (+1s): nvv 8 ncb 8 vsz 0x100000 fill 0x0 destroy0 kr 0x00000000 nj 40
[uatrec] S4 r22 blit[0] slots 8 ridp 1
[uatrec] S4 r22 blit[1] slots 8 ridp 1
[uatrec] S4 r22 blit[2] slots 8 ridp 1
[uatrec] S4 r22 blit[3] slots 8 ridp 1
[uatrec] S4 r22 blit[4] slots 8 ridp 1
[uatrec] S4 r22 blit[5] slots 8 ridp 1
[uatrec] S4 r22 blit[6] slots 8 ridp 1
[uatrec] S4 r22 blit[7] slots 8 ridp 1
[mtlr] resource2 sel8 flags 470 sz 0x100000 -> kr 0x00000000 rid 119 GPUVA 0x10002490000 cpu 10d240000
[mtlr]   out: 0000010002490000 000000010d240000 00000001050d1940 0000000000000000
[mtlr]   out: 0000007700000000 0000000000100000 00000002c8ccc83f 000000000036b348
[uatrec] S4 r23 victim[0] rid 119 gpuva 0x10002490000 cpu 0x10d240000 (top-of-stack)
[mtlr] resource2 sel8 flags 470 sz 0x100000 -> kr 0x00000000 rid 120 GPUVA 0x10002598000 cpu 10d340000
[mtlr]   out: 0000010002598000 000000010d340000 00000001050d1a00 0000000000000000
[mtlr]   out: 0000007800000000 0000000000100000 00000002c8ccc840 000000000036b349
[uatrec] S4 r23 victim[1] rid 120 gpuva 0x10002598000 cpu 0x10d340000 (top-of-stack)
[mtlr] resource2 sel8 flags 470 sz 0x100000 -> kr 0x00000000 rid 121 GPUVA 0x100026a0000 cpu 10d440000
[mtlr]   out: 00000100026a0000 000000010d440000 00000001050d1ac0 0000000000000000
[mtlr]   out: 0000007900000000 0000000000100000 00000002c8ccc841 000000000036b34a
[uatrec] S4 r23 victim[2] rid 121 gpuva 0x100026a0000 cpu 0x10d440000 (top-of-stack)
[mtlr] resource2 sel8 flags 470 sz 0x100000 -> kr 0x00000000 rid 122 GPUVA 0x100027a8000 cpu 10d540000
[mtlr]   out: 00000100027a8000 000000010d540000 00000001050d1b80 0000000000000000
[mtlr]   out: 0000007a00000000 0000000000100000 00000002c8ccc842 000000000036b34b
[uatrec] S4 r23 victim[3] rid 122 gpuva 0x100027a8000 cpu 0x10d540000 (top-of-stack)
[mtlr] resource2 sel8 flags 470 sz 0x100000 -> kr 0x00000000 rid 123 GPUVA 0x100028b0000 cpu 10d640000
[mtlr]   out: 00000100028b0000 000000010d640000 00000001050d1c40 0000000000000000
[mtlr]   out: 0000007b00000000 0000000000100000 00000002c8ccc843 000000000036b34c
[uatrec] S4 r23 victim[4] rid 123 gpuva 0x100028b0000 cpu 0x10d640000 (top-of-stack)
[mtlr] resource2 sel8 flags 470 sz 0x100000 -> kr 0x00000000 rid 124 GPUVA 0x100029b8000 cpu 10d740000
[mtlr]   out: 00000100029b8000 000000010d740000 00000001050d1d00 0000000000000000
[mtlr]   out: 0000007c00000000 0000000000100000 00000002c8ccc84b 000000000036b34d
[uatrec] S4 r23 victim[5] rid 124 gpuva 0x100029b8000 cpu 0x10d740000 (top-of-stack)
[mtlr] resource2 sel8 flags 470 sz 0x100000 -> kr 0x00000000 rid 125 GPUVA 0x10002ac0000 cpu 10d840000
[mtlr]   out: 0000010002ac0000 000000010d840000 00000001050d1dc0 0000000000000000
[mtlr]   out: 0000007d00000000 0000000000100000 00000002c8ccc84c 000000000036b34e
[uatrec] S4 r23 victim[6] rid 125 gpuva 0x10002ac0000 cpu 0x10d840000 (top-of-stack)
[mtlr] resource2 sel8 flags 470 sz 0x100000 -> kr 0x00000000 rid 126 GPUVA 0x10002bc8000 cpu 10da3c000
[mtlr]   out: 0000010002bc8000 000000010da3c000 00000001050d1e80 0000000000000000
[mtlr]   out: 0000007e00000000 0000000000100000 00000002c8ccc84d 000000000036b34f
[uatrec] S4 r23 victim[7] rid 126 gpuva 0x10002bc8000 cpu 0x10da3c000 (top-of-stack)
[mtlr] resource2 sel8 flags 470 sz 0x1000 -> kr 0x00000000 rid 119 GPUVA 0x10002490000 cpu 10d940000
[mtlr]   out: 0000010002490000 000000010d940000 00000001050d1940 0000000000000000
[mtlr]   out: 0000007700000000 0000000000004000 00000002c8ccc869 000000000036b359
[mtlr] resource2 sel8 flags 470 sz 0x1000 -> kr 0x00000000 rid 119 GPUVA 0x10002490000 cpu 10d940000
[mtlr]   out: 0000010002490000 000000010d940000 00000001050d1940 0000000000000000
[mtlr]   out: 0000007700000000 0000000000004000 00000002c8ccc86a 000000000036b35a
[mtlr] resource2 sel8 flags 470 sz 0x1000 -> kr 0x00000000 rid 119 GPUVA 0x10002490000 cpu 10d940000
[mtlr]   out: 0000010002490000 000000010d940000 00000001050d1940 0000000000000000
[mtlr]   out: 0000007700000000 0000000000004000 00000002c8ccc86b 000000000036b35b
[mtlr] resource2 sel8 flags 470 sz 0x1000 -> kr 0x00000000 rid 119 GPUVA 0x10002490000 cpu 10d940000
[mtlr]   out: 0000010002490000 000000010d940000 00000001050d1940 0000000000000000
[mtlr]   out: 0000007700000000 0000000000004000 00000002c8ccc86c 000000000036b35c
[mtlr] resource2 sel8 flags 470 sz 0x1000 -> kr 0x00000000 rid 119 GPUVA 0x10002490000 cpu 10d940000
[mtlr]   out: 0000010002490000 000000010d940000 00000001050d1940 0000000000000000
[mtlr]   out: 0000007700000000 0000000000004000 00000002c8ccc86d 000000000036b35d
[mtlr] resource2 sel8 flags 470 sz 0x1000 -> kr 0x00000000 rid 119 GPUVA 0x10002490000 cpu 10d940000
[mtlr]   out: 0000010002490000 000000010d940000 00000001050d1940 0000000000000000
[mtlr]   out: 0000007700000000 0000000000004000 00000002c8ccc86e 000000000036b35e
[mtlr] resource2 sel8 flags 470 sz 0x1000 -> kr 0x00000000 rid 119 GPUVA 0x10002490000 cpu 10d940000
[mtlr]   out: 0000010002490000 000000010d940000 00000001050d1940 0000000000000000
[mtlr]   out: 0000007700000000 0000000000004000 00000002c8ccc86f 000000000036b35f
[mtlr] resource2 sel8 flags 470 sz 0x1000 -> kr 0x00000000 rid 119 GPUVA 0x10002490000 cpu 10d940000
[mtlr]   out: 0000010002490000 000000010d940000 00000001050d1940 0000000000000000
[mtlr]   out: 0000007700000000 0000000000004000 00000002c8ccc870 000000000036b360
[mtlr] resource2 sel8 flags 470 sz 0x1000 -> kr 0x00000000 rid 119 GPUVA 0x10002490000 cpu 10d940000
[mtlr]   out: 0000010002490000 000000010d940000 00000001050d1940 0000000000000000
[mtlr]   out: 0000007700000000 0000000000004000 00000002c8ccc871 000000000036b361
[mtlr] resource2 sel8 flags 470 sz 0x1000 -> kr 0x00000000 rid 119 GPUVA 0x10002490000 cpu 10d940000
[mtlr]   out: 0000010002490000 000000010d940000 00000001050d1940 0000000000000000
[mtlr]   out: 0000007700000000 0000000000004000 00000002c8ccc872 000000000036b362
[mtlr] resource2 sel8 flags 470 sz 0x1000 -> kr 0x00000000 rid 119 GPUVA 0x10002490000 cpu 10d940000
[mtlr]   out: 0000010002490000 000000010d940000 00000001050d1940 0000000000000000
[mtlr]   out: 0000007700000000 0000000000004000 00000002c8ccc873 000000000036b363
[mtlr] resource2 sel8 flags 470 sz 0x1000 -> kr 0x00000000 rid 119 GPUVA 0x10002490000 cpu 10d940000
[mtlr]   out: 0000010002490000 000000010d940000 00000001050d1940 0000000000000000
[mtlr]   out: 0000007700000000 0000000000004000 00000002c8ccc874 000000000036b364
[mtlr] resource2 sel8 flags 470 sz 0x1000 -> kr 0x00000000 rid 119 GPUVA 0x10002490000 cpu 10d940000
[mtlr]   out: 0000010002490000 000000010d940000 00000001050d1940 0000000000000000
[mtlr]   out: 0000007700000000 0000000000004000 00000002c8ccc875 000000000036b365
[mtlr] resource2 sel8 flags 470 sz 0x1000 -> kr 0x00000000 rid 119 GPUVA 0x10002490000 cpu 10d940000
[mtlr]   out: 0000010002490000 000000010d940000 00000001050d1940 0000000000000000
[mtlr]   out: 0000007700000000 0000000000004000 00000002c8ccc876 000000000036b366
[mtlr] resource2 sel8 flags 470 sz 0x1000 -> kr 0x00000000 rid 119 GPUVA 0x10002490000 cpu 10d940000
[mtlr]   out: 0000010002490000 000000010d940000 00000001050d1940 0000000000000000
[mtlr]   out: 0000007700000000 0000000000004000 00000002c8ccc877 000000000036b367
[mtlr] resource2 sel8 flags 470 sz 0x1000 -> kr 0x00000000 rid 119 GPUVA 0x10002490000 cpu 10d940000
[mtlr]   out: 0000010002490000 000000010d940000 00000001050d1940 0000000000000000
[mtlr]   out: 0000007700000000 0000000000004000 00000002c8ccc878 000000000036b368
[mtlr] resource2 sel8 flags 470 sz 0x1000 -> kr 0x00000000 rid 119 GPUVA 0x10002490000 cpu 10d940000
[mtlr]   out: 0000010002490000 000000010d940000 00000001050d1940 0000000000000000
[mtlr]   out: 0000007700000000 0000000000004000 00000002c8ccc879 000000000036b369
[mtlr] resource2 sel8 flags 470 sz 0x1000 -> kr 0x00000000 rid 119 GPUVA 0x10002490000 cpu 10d940000
[mtlr]   out: 0000010002490000 000000010d940000 00000001050d1940 0000000000000000
[mtlr]   out: 0000007700000000 0000000000004000 00000002c8ccc87a 000000000036b36a
[mtlr] resource2 sel8 flags 470 sz 0x1000 -> kr 0x00000000 rid 119 GPUVA 0x10002490000 cpu 10d940000
[mtlr]   out: 0000010002490000 000000010d940000 00000001050d1940 0000000000000000
[mtlr]   out: 0000007700000000 0000000000004000 00000002c8ccc87b 000000000036b36b
[mtlr] resource2 sel8 flags 470 sz 0x1000 -> kr 0x00000000 rid 119 GPUVA 0x10002490000 cpu 10d940000
[mtlr]   out: 0000010002490000 000000010d940000 00000001050d1940 0000000000000000
[mtlr]   out: 0000007700000000 0000000000004000 00000002c8ccc87c 000000000036b36c
[mtlr] resource2 sel8 flags 470 sz 0x1000 -> kr 0x00000000 rid 119 GPUVA 0x10002490000 cpu 10d940000
[mtlr]   out: 0000010002490000 000000010d940000 00000001050d1940 0000000000000000
[mtlr]   out: 0000007700000000 0000000000004000 00000002c8ccc87d 000000000036b36d
[mtlr] resource2 sel8 flags 470 sz 0x1000 -> kr 0x00000000 rid 119 GPUVA 0x10002490000 cpu 10d940000
[mtlr]   out: 0000010002490000 000000010d940000 00000001050d1940 0000000000000000
[mtlr]   out: 0000007700000000 0000000000004000 00000002c8ccc87e 000000000036b36e
[mtlr] resource2 sel8 flags 470 sz 0x1000 -> kr 0x00000000 rid 119 GPUVA 0x10002490000 cpu 10d940000
[mtlr]   out: 0000010002490000 000000010d940000 00000001050d1940 0000000000000000
[mtlr]   out: 0000007700000000 0000000000004000 00000002c8ccc87f 000000000036b36f
[mtlr] resource2 sel8 flags 470 sz 0x1000 -> kr 0x00000000 rid 119 GPUVA 0x10002490000 cpu 10d940000
[mtlr]   out: 0000010002490000 000000010d940000 00000001050d1940 0000000000000000
[mtlr]   out: 0000007700000000 0000000000004000 00000002c8ccc880 000000000036b370
[mtlr] resource2 sel8 flags 470 sz 0x1000 -> kr 0x00000000 rid 119 GPUVA 0x10002490000 cpu 10d940000
[mtlr]   out: 0000010002490000 000000010d940000 00000001050d1940 0000000000000000
[mtlr]   out: 0000007700000000 0000000000004000 00000002c8ccc881 000000000036b371
[mtlr] resource2 sel8 flags 470 sz 0x1000 -> kr 0x00000000 rid 119 GPUVA 0x10002490000 cpu 10d940000
[mtlr]   out: 0000010002490000 000000010d940000 00000001050d1940 0000000000000000
[mtlr]   out: 0000007700000000 0000000000004000 00000002c8ccc882 000000000036b372
[mtlr] resource2 sel8 flags 470 sz 0x1000 -> kr 0x00000000 rid 119 GPUVA 0x10002490000 cpu 10d940000
[mtlr]   out: 0000010002490000 000000010d940000 00000001050d1940 0000000000000000
[mtlr]   out: 0000007700000000 0000000000004000 00000002c8ccc883 000000000036b373
[mtlr] resource2 sel8 flags 470 sz 0x1000 -> kr 0x00000000 rid 119 GPUVA 0x10002490000 cpu 10d940000
[mtlr]   out: 0000010002490000 000000010d940000 00000001050d1940 0000000000000000
[mtlr]   out: 0000007700000000 0000000000004000 00000002c8ccc884 000000000036b374
[mtlr] resource2 sel8 flags 470 sz 0x1000 -> kr 0x00000000 rid 119 GPUVA 0x10002490000 cpu 10d940000
[mtlr]   out: 0000010002490000 000000010d940000 00000001050d1940 0000000000000000
[mtlr]   out: 0000007700000000 0000000000004000 00000002c8ccc885 000000000036b375
[mtlr] resource2 sel8 flags 470 sz 0x1000 -> kr 0x00000000 rid 119 GPUVA 0x10002490000 cpu 10d940000
[mtlr]   out: 0000010002490000 000000010d940000 00000001050d1940 0000000000000000
[mtlr]   out: 0000007700000000 0000000000004000 00000002c8ccc886 000000000036b376
[mtlr] resource2 sel8 flags 470 sz 0x1000 -> kr 0x00000000 rid 119 GPUVA 0x10002490000 cpu 10d940000
[mtlr]   out: 0000010002490000 000000010d940000 00000001050d1940 0000000000000000
[mtlr]   out: 0000007700000000 0000000000004000 00000002c8ccc887 000000000036b377
[mtlr] resource2 sel8 flags 470 sz 0x1000 -> kr 0x00000000 rid 119 GPUVA 0x10002490000 cpu 10d940000
[mtlr]   out: 0000010002490000 000000010d940000 00000001050d1940 0000000000000000
[mtlr]   out: 0000007700000000 0000000000004000 00000002c8ccc888 000000000036b378
[mtlr] resource2 sel8 flags 470 sz 0x1000 -> kr 0x00000000 rid 119 GPUVA 0x10002490000 cpu 10d940000
[mtlr]   out: 0000010002490000 000000010d940000 00000001050d1940 0000000000000000
[mtlr]   out: 0000007700000000 0000000000004000 00000002c8ccc889 000000000036b379
[mtlr] resource2 sel8 flags 470 sz 0x1000 -> kr 0x00000000 rid 119 GPUVA 0x10002490000 cpu 10d940000
[mtlr]   out: 0000010002490000 000000010d940000 00000001050d1940 0000000000000000
[mtlr]   out: 0000007700000000 0000000000004000 00000002c8ccc88a 000000000036b37a
[mtlr] resource2 sel8 flags 470 sz 0x1000 -> kr 0x00000000 rid 119 GPUVA 0x10002490000 cpu 10d940000
[mtlr]   out: 0000010002490000 000000010d940000 00000001050d1940 0000000000000000
[mtlr]   out: 0000007700000000 0000000000004000 00000002c8ccc88b 000000000036b37b
[mtlr] resource2 sel8 flags 470 sz 0x1000 -> kr 0x00000000 rid 119 GPUVA 0x10002490000 cpu 10d940000
[mtlr]   out: 0000010002490000 000000010d940000 00000001050d1940 0000000000000000
[mtlr]   out: 0000007700000000 0000000000004000 00000002c8ccc88c 000000000036b37c
[mtlr] resource2 sel8 flags 470 sz 0x1000 -> kr 0x00000000 rid 119 GPUVA 0x10002490000 cpu 10d940000
[mtlr]   out: 0000010002490000 000000010d940000 00000001050d1940 0000000000000000
[mtlr]   out: 0000007700000000 0000000000004000 00000002c8ccc88d 000000000036b37d
[mtlr] resource2 sel8 flags 470 sz 0x1000 -> kr 0x00000000 rid 119 GPUVA 0x10002490000 cpu 10d940000
[mtlr]   out: 0000010002490000 000000010d940000 00000001050d1940 0000000000000000
[mtlr]   out: 0000007700000000 0000000000004000 00000002c8ccc88e 000000000036b37e
[mtlr] resource2 sel8 flags 470 sz 0x1000 -> kr 0x00000000 rid 119 GPUVA 0x10002490000 cpu 10d940000
[mtlr]   out: 0000010002490000 000000010d940000 00000001050d1940 0000000000000000
[mtlr]   out: 0000007700000000 0000000000004000 00000002c8ccc88f 000000000036b37f
[mtlr] resource2 sel8 flags 470 sz 0x1000 -> kr 0x00000000 rid 119 GPUVA 0x10002490000 cpu 10d940000
[mtlr]   out: 0000010002490000 000000010d940000 00000001050d1940 0000000000000000
[mtlr]   out: 0000007700000000 0000000000004000 00000002c8ccc890 000000000036b380
[uatrec] S4 r23 (+1s): nvv 8 ncb 8 vsz 0x100000 fill 0x0 destroy0 kr 0x00000000 nj 40
[uatrec] S4 r23 blit[0] slots 8 ridp 1
[uatrec] S4 r23 blit[1] slots 8 ridp 1
[uatrec] S4 r23 blit[2] slots 8 ridp 1
[uatrec] S4 r23 blit[3] slots 8 ridp 1
[uatrec] S4 r23 blit[4] slots 8 ridp 1
[uatrec] S4 r23 blit[5] slots 8 ridp 1
[uatrec] S4 r23 blit[6] slots 8 ridp 1
[uatrec] S4 r23 blit[7] slots 8 ridp 1
[mtlr] resource2 sel8 flags 470 sz 0x100000 -> kr 0x00000000 rid 119 GPUVA 0x10002490000 cpu 10de10000
[mtlr]   out: 0000010002490000 000000010de10000 00000001050d1940 0000000000000000
[mtlr]   out: 0000007700000000 0000000000100000 00000002c8ccc8bc 000000000036b383
[uatrec] S4 r24 victim[0] rid 119 gpuva 0x10002490000 cpu 0x10de10000 (top-of-stack)
[mtlr] resource2 sel8 flags 470 sz 0x100000 -> kr 0x00000000 rid 120 GPUVA 0x10002598000 cpu 10df80000
[mtlr]   out: 0000010002598000 000000010df80000 00000001050d1a00 0000000000000000
[mtlr]   out: 0000007800000000 0000000000100000 00000002c8ccc8bd 000000000036b384
[uatrec] S4 r24 victim[1] rid 120 gpuva 0x10002598000 cpu 0x10df80000 (top-of-stack)
[mtlr] resource2 sel8 flags 470 sz 0x100000 -> kr 0x00000000 rid 121 GPUVA 0x100026a0000 cpu 10d240000
[mtlr]   out: 00000100026a0000 000000010d240000 00000001050d1ac0 0000000000000000
[mtlr]   out: 0000007900000000 0000000000100000 00000002c8ccc8be 000000000036b385
[uatrec] S4 r24 victim[2] rid 121 gpuva 0x100026a0000 cpu 0x10d240000 (top-of-stack)
[mtlr] resource2 sel8 flags 470 sz 0x100000 -> kr 0x00000000 rid 122 GPUVA 0x100027a8000 cpu 10d340000
[mtlr]   out: 00000100027a8000 000000010d340000 00000001050d1b80 0000000000000000
[mtlr]   out: 0000007a00000000 0000000000100000 00000002c8ccc8c6 000000000036b386
[uatrec] S4 r24 victim[3] rid 122 gpuva 0x100027a8000 cpu 0x10d340000 (top-of-stack)
[mtlr] resource2 sel8 flags 470 sz 0x100000 -> kr 0x00000000 rid 123 GPUVA 0x100028b0000 cpu 10d440000
[mtlr]   out: 00000100028b0000 000000010d440000 00000001050d1c40 0000000000000000
[mtlr]   out: 0000007b00000000 0000000000100000 00000002c8ccc8c7 000000000036b387
[uatrec] S4 r24 victim[4] rid 123 gpuva 0x100028b0000 cpu 0x10d440000 (top-of-stack)
[mtlr] resource2 sel8 flags 470 sz 0x100000 -> kr 0x00000000 rid 124 GPUVA 0x100029b8000 cpu 10d540000
[mtlr]   out: 00000100029b8000 000000010d540000 00000001050d1d00 0000000000000000
[mtlr]   out: 0000007c00000000 0000000000100000 00000002c8ccc8c8 000000000036b388
[uatrec] S4 r24 victim[5] rid 124 gpuva 0x100029b8000 cpu 0x10d540000 (top-of-stack)
[mtlr] resource2 sel8 flags 470 sz 0x100000 -> kr 0x00000000 rid 125 GPUVA 0x10002ac0000 cpu 10d640000
[mtlr]   out: 0000010002ac0000 000000010d640000 00000001050d1dc0 0000000000000000
[mtlr]   out: 0000007d00000000 0000000000100000 00000002c8ccc8c9 000000000036b389
[uatrec] S4 r24 victim[6] rid 125 gpuva 0x10002ac0000 cpu 0x10d640000 (top-of-stack)
[mtlr] resource2 sel8 flags 470 sz 0x100000 -> kr 0x00000000 rid 126 GPUVA 0x10002bc8000 cpu 10d740000
[mtlr]   out: 0000010002bc8000 000000010d740000 00000001050d1e80 0000000000000000
[mtlr]   out: 0000007e00000000 0000000000100000 00000002c8ccc8d4 000000000036b38a
[uatrec] S4 r24 victim[7] rid 126 gpuva 0x10002bc8000 cpu 0x10d740000 (top-of-stack)
[mtlr] resource2 sel8 flags 470 sz 0x1000 -> kr 0x00000000 rid 119 GPUVA 0x10002490000 cpu 10d940000
[mtlr]   out: 0000010002490000 000000010d940000 00000001050d1940 0000000000000000
[mtlr]   out: 0000007700000000 0000000000004000 00000002c8ccc8e8 000000000036b394
[mtlr] resource2 sel8 flags 470 sz 0x1000 -> kr 0x00000000 rid 119 GPUVA 0x10002490000 cpu 10d940000
[mtlr]   out: 0000010002490000 000000010d940000 00000001050d1940 0000000000000000
[mtlr]   out: 0000007700000000 0000000000004000 00000002c8ccc8eb 000000000036b395
[mtlr] resource2 sel8 flags 470 sz 0x1000 -> kr 0x00000000 rid 119 GPUVA 0x10002490000 cpu 10d940000
[mtlr]   out: 0000010002490000 000000010d940000 00000001050d1940 0000000000000000
[mtlr]   out: 0000007700000000 0000000000004000 00000002c8ccc8f1 000000000036b396
[mtlr] resource2 sel8 flags 470 sz 0x1000 -> kr 0x00000000 rid 119 GPUVA 0x10002490000 cpu 10d940000
[mtlr]   out: 0000010002490000 000000010d940000 00000001050d1940 0000000000000000
[mtlr]   out: 0000007700000000 0000000000004000 00000002c8ccc8f3 000000000036b397
[mtlr] resource2 sel8 flags 470 sz 0x1000 -> kr 0x00000000 rid 119 GPUVA 0x10002490000 cpu 10d940000
[mtlr]   out: 0000010002490000 000000010d940000 00000001050d1940 0000000000000000
[mtlr]   out: 0000007700000000 0000000000004000 00000002c8ccc8f4 000000000036b398
[mtlr] resource2 sel8 flags 470 sz 0x1000 -> kr 0x00000000 rid 119 GPUVA 0x10002490000 cpu 10d940000
[mtlr]   out: 0000010002490000 000000010d940000 00000001050d1940 0000000000000000
[mtlr]   out: 0000007700000000 0000000000004000 00000002c8ccc8f5 000000000036b399
[mtlr] resource2 sel8 flags 470 sz 0x1000 -> kr 0x00000000 rid 119 GPUVA 0x10002490000 cpu 10d940000
[mtlr]   out: 0000010002490000 000000010d940000 00000001050d1940 0000000000000000
[mtlr]   out: 0000007700000000 0000000000004000 00000002c8ccc8f6 000000000036b39a
[mtlr] resource2 sel8 flags 470 sz 0x1000 -> kr 0x00000000 rid 119 GPUVA 0x10002490000 cpu 10d940000
[mtlr]   out: 0000010002490000 000000010d940000 00000001050d1940 0000000000000000
[mtlr]   out: 0000007700000000 0000000000004000 00000002c8ccc8f7 000000000036b39b
[mtlr] resource2 sel8 flags 470 sz 0x1000 -> kr 0x00000000 rid 119 GPUVA 0x10002490000 cpu 10d940000
[mtlr]   out: 0000010002490000 000000010d940000 00000001050d1940 0000000000000000
[mtlr]   out: 0000007700000000 0000000000004000 00000002c8ccc8f8 000000000036b39c
[mtlr] resource2 sel8 flags 470 sz 0x1000 -> kr 0x00000000 rid 119 GPUVA 0x10002490000 cpu 10d940000
[mtlr]   out: 0000010002490000 000000010d940000 00000001050d1940 0000000000000000
[mtlr]   out: 0000007700000000 0000000000004000 00000002c8ccc8f9 000000000036b39d
[mtlr] resource2 sel8 flags 470 sz 0x1000 -> kr 0x00000000 rid 119 GPUVA 0x10002490000 cpu 10d940000
[mtlr]   out: 0000010002490000 000000010d940000 00000001050d1940 0000000000000000
[mtlr]   out: 0000007700000000 0000000000004000 00000002c8ccc8fa 000000000036b39e
[mtlr] resource2 sel8 flags 470 sz 0x1000 -> kr 0x00000000 rid 119 GPUVA 0x10002490000 cpu 10d940000
[mtlr]   out: 0000010002490000 000000010d940000 00000001050d1940 0000000000000000
[mtlr]   out: 0000007700000000 0000000000004000 00000002c8ccc8fb 000000000036b39f
[mtlr] resource2 sel8 flags 470 sz 0x1000 -> kr 0x00000000 rid 119 GPUVA 0x10002490000 cpu 10d940000
[mtlr]   out: 0000010002490000 000000010d940000 00000001050d1940 0000000000000000
[mtlr]   out: 0000007700000000 0000000000004000 00000002c8ccc8fc 000000000036b3a0
[mtlr] resource2 sel8 flags 470 sz 0x1000 -> kr 0x00000000 rid 119 GPUVA 0x10002490000 cpu 10d940000
[mtlr]   out: 0000010002490000 000000010d940000 00000001050d1940 0000000000000000
[mtlr]   out: 0000007700000000 0000000000004000 00000002c8ccc8fd 000000000036b3a1
[mtlr] resource2 sel8 flags 470 sz 0x1000 -> kr 0x00000000 rid 119 GPUVA 0x10002490000 cpu 10d940000
[mtlr]   out: 0000010002490000 000000010d940000 00000001050d1940 0000000000000000
[mtlr]   out: 0000007700000000 0000000000004000 00000002c8ccc8fe 000000000036b3a2
[mtlr] resource2 sel8 flags 470 sz 0x1000 -> kr 0x00000000 rid 119 GPUVA 0x10002490000 cpu 10d940000
[mtlr]   out: 0000010002490000 000000010d940000 00000001050d1940 0000000000000000
[mtlr]   out: 0000007700000000 0000000000004000 00000002c8ccc8ff 000000000036b3a3
[mtlr] resource2 sel8 flags 470 sz 0x1000 -> kr 0x00000000 rid 119 GPUVA 0x10002490000 cpu 10d940000
[mtlr]   out: 0000010002490000 000000010d940000 00000001050d1940 0000000000000000
[mtlr]   out: 0000007700000000 0000000000004000 00000002c8ccc900 000000000036b3a4
[mtlr] resource2 sel8 flags 470 sz 0x1000 -> kr 0x00000000 rid 119 GPUVA 0x10002490000 cpu 10d940000
[mtlr]   out: 0000010002490000 000000010d940000 00000001050d1940 0000000000000000
[mtlr]   out: 0000007700000000 0000000000004000 00000002c8ccc901 000000000036b3a5
[mtlr] resource2 sel8 flags 470 sz 0x1000 -> kr 0x00000000 rid 119 GPUVA 0x10002490000 cpu 10d940000
[mtlr]   out: 0000010002490000 000000010d940000 00000001050d1940 0000000000000000
[mtlr]   out: 0000007700000000 0000000000004000 00000002c8ccc902 000000000036b3a6
[mtlr] resource2 sel8 flags 470 sz 0x1000 -> kr 0x00000000 rid 119 GPUVA 0x10002490000 cpu 10d940000
[mtlr]   out: 0000010002490000 000000010d940000 00000001050d1940 0000000000000000
[mtlr]   out: 0000007700000000 0000000000004000 00000002c8ccc903 000000000036b3a7
[mtlr] resource2 sel8 flags 470 sz 0x1000 -> kr 0x00000000 rid 119 GPUVA 0x10002490000 cpu 10d940000
[mtlr]   out: 0000010002490000 000000010d940000 00000001050d1940 0000000000000000
[mtlr]   out: 0000007700000000 0000000000004000 00000002c8ccc904 000000000036b3a8
[mtlr] resource2 sel8 flags 470 sz 0x1000 -> kr 0x00000000 rid 119 GPUVA 0x10002490000 cpu 10d940000
[mtlr]   out: 0000010002490000 000000010d940000 00000001050d1940 0000000000000000
[mtlr]   out: 0000007700000000 0000000000004000 00000002c8ccc905 000000000036b3a9
[mtlr] resource2 sel8 flags 470 sz 0x1000 -> kr 0x00000000 rid 119 GPUVA 0x10002490000 cpu 10d940000
[mtlr]   out: 0000010002490000 000000010d940000 00000001050d1940 0000000000000000
[mtlr]   out: 0000007700000000 0000000000004000 00000002c8ccc906 000000000036b3aa
[mtlr] resource2 sel8 flags 470 sz 0x1000 -> kr 0x00000000 rid 119 GPUVA 0x10002490000 cpu 10d940000
[mtlr]   out: 0000010002490000 000000010d940000 00000001050d1940 0000000000000000
[mtlr]   out: 0000007700000000 0000000000004000 00000002c8ccc907 000000000036b3ab
[mtlr] resource2 sel8 flags 470 sz 0x1000 -> kr 0x00000000 rid 119 GPUVA 0x10002490000 cpu 10d940000
[mtlr]   out: 0000010002490000 000000010d940000 00000001050d1940 0000000000000000
[mtlr]   out: 0000007700000000 0000000000004000 00000002c8ccc908 000000000036b3ac
[mtlr] resource2 sel8 flags 470 sz 0x1000 -> kr 0x00000000 rid 119 GPUVA 0x10002490000 cpu 10d940000
[mtlr]   out: 0000010002490000 000000010d940000 00000001050d1940 0000000000000000
[mtlr]   out: 0000007700000000 0000000000004000 00000002c8ccc909 000000000036b3ad
[mtlr] resource2 sel8 flags 470 sz 0x1000 -> kr 0x00000000 rid 119 GPUVA 0x10002490000 cpu 10d940000
[mtlr]   out: 0000010002490000 000000010d940000 00000001050d1940 0000000000000000
[mtlr]   out: 0000007700000000 0000000000004000 00000002c8ccc90a 000000000036b3ae
[mtlr] resource2 sel8 flags 470 sz 0x1000 -> kr 0x00000000 rid 119 GPUVA 0x10002490000 cpu 10d940000
[mtlr]   out: 0000010002490000 000000010d940000 00000001050d1940 0000000000000000
[mtlr]   out: 0000007700000000 0000000000004000 00000002c8ccc90b 000000000036b3af
[mtlr] resource2 sel8 flags 470 sz 0x1000 -> kr 0x00000000 rid 119 GPUVA 0x10002490000 cpu 10d940000
[mtlr]   out: 0000010002490000 000000010d940000 00000001050d1940 0000000000000000
[mtlr]   out: 0000007700000000 0000000000004000 00000002c8ccc90c 000000000036b3b0
[mtlr] resource2 sel8 flags 470 sz 0x1000 -> kr 0x00000000 rid 119 GPUVA 0x10002490000 cpu 10d940000
[mtlr]   out: 0000010002490000 000000010d940000 00000001050d1940 0000000000000000
[mtlr]   out: 0000007700000000 0000000000004000 00000002c8ccc90d 000000000036b3b1
[mtlr] resource2 sel8 flags 470 sz 0x1000 -> kr 0x00000000 rid 119 GPUVA 0x10002490000 cpu 10d940000
[mtlr]   out: 0000010002490000 000000010d940000 00000001050d1940 0000000000000000
[mtlr]   out: 0000007700000000 0000000000004000 00000002c8ccc90e 000000000036b3b2
[mtlr] resource2 sel8 flags 470 sz 0x1000 -> kr 0x00000000 rid 119 GPUVA 0x10002490000 cpu 10d940000
[mtlr]   out: 0000010002490000 000000010d940000 00000001050d1940 0000000000000000
[mtlr]   out: 0000007700000000 0000000000004000 00000002c8ccc90f 000000000036b3b3
[mtlr] resource2 sel8 flags 470 sz 0x1000 -> kr 0x00000000 rid 119 GPUVA 0x10002490000 cpu 10d940000
[mtlr]   out: 0000010002490000 000000010d940000 00000001050d1940 0000000000000000
[mtlr]   out: 0000007700000000 0000000000004000 00000002c8ccc910 000000000036b3b4
[mtlr] resource2 sel8 flags 470 sz 0x1000 -> kr 0x00000000 rid 119 GPUVA 0x10002490000 cpu 10d940000
[mtlr]   out: 0000010002490000 000000010d940000 00000001050d1940 0000000000000000
[mtlr]   out: 0000007700000000 0000000000004000 00000002c8ccc911 000000000036b3b5
[mtlr] resource2 sel8 flags 470 sz 0x1000 -> kr 0x00000000 rid 119 GPUVA 0x10002490000 cpu 10d940000
[mtlr]   out: 0000010002490000 000000010d940000 00000001050d1940 0000000000000000
[mtlr]   out: 0000007700000000 0000000000004000 00000002c8ccc912 000000000036b3b6
[mtlr] resource2 sel8 flags 470 sz 0x1000 -> kr 0x00000000 rid 119 GPUVA 0x10002490000 cpu 10d940000
[mtlr]   out: 0000010002490000 000000010d940000 00000001050d1940 0000000000000000
[mtlr]   out: 0000007700000000 0000000000004000 00000002c8ccc913 000000000036b3b7
[mtlr] resource2 sel8 flags 470 sz 0x1000 -> kr 0x00000000 rid 119 GPUVA 0x10002490000 cpu 10d940000
[mtlr]   out: 0000010002490000 000000010d940000 00000001050d1940 0000000000000000
[mtlr]   out: 0000007700000000 0000000000004000 00000002c8ccc914 000000000036b3b8
[mtlr] resource2 sel8 flags 470 sz 0x1000 -> kr 0x00000000 rid 119 GPUVA 0x10002490000 cpu 10d940000
[mtlr]   out: 0000010002490000 000000010d940000 00000001050d1940 0000000000000000
[mtlr]   out: 0000007700000000 0000000000004000 00000002c8ccc915 000000000036b3b9
[mtlr] resource2 sel8 flags 470 sz 0x1000 -> kr 0x00000000 rid 119 GPUVA 0x10002490000 cpu 10d940000
[mtlr]   out: 0000010002490000 000000010d940000 00000001050d1940 0000000000000000
[mtlr]   out: 0000007700000000 0000000000004000 00000002c8ccc916 000000000036b3ba
[mtlr] resource2 sel8 flags 470 sz 0x1000 -> kr 0x00000000 rid 119 GPUVA 0x10002490000 cpu 10d940000
[mtlr]   out: 0000010002490000 000000010d940000 00000001050d1940 0000000000000000
[mtlr]   out: 0000007700000000 0000000000004000 00000002c8ccc917 000000000036b3bb
[uatrec] S4 r24 (+1s): nvv 8 ncb 8 vsz 0x100000 fill 0x0 destroy0 kr 0x00000000 nj 40
[uatrec] S4 r24 blit[0] slots 8 ridp 1
[uatrec] S4 r24 blit[1] slots 8 ridp 1
[uatrec] S4 r24 blit[2] slots 8 ridp 1
[uatrec] S4 r24 blit[3] slots 8 ridp 1
[uatrec] S4 r24 blit[4] slots 8 ridp 1
[uatrec] S4 r24 blit[5] slots 8 ridp 1
[uatrec] S4 r24 blit[6] slots 8 ridp 1
[uatrec] S4 r24 blit[7] slots 8 ridp 1
[uatrec] S4: deliberate crash now (round 24, blits in flight)
