[main] fuzz harness up, mode=scaler
[main] sandbox note: VCPDRM open is MACF-denied (iokit-open-user-client VCPDRMUserClient); mach-lookup com.apple.sprr / com.apple.jitbox exist but are sandbox-gated (seen in kernel log)
[open] AppleM2ScalerCSCDriver -> conn 0x6523
[scaler] conn 0x6523, s1 12 s2 22
[probe12] SetNotificationPort -> 0x00000000
[uatrec] v111 step 4 delay 0ms
[open] IOGPU -> conn 0x6b03
[uatrec] mconn 0x4b17 ourc 0x6b03
[uatrec] S4 stale-TLB cross-client spray: 25 rounds, cong 8, 50ms/round, secs 0, nv 8, vsz 0x100000, fill 0xfffffff007000000
[uatrec] S4: no key window — system load degraded
[mtlr] resource2 sel8 flags 470 sz 0x100000 -> kr 0x00000000 rid 119 GPUVA 0x10002490000 cpu 10f118000
[mtlr]   out: 0000010002490000 000000010f118000 000000010ba29940 0000000000000000
[mtlr]   out: 0000007700000000 0000000000100000 00000002c5cc1bd1 0000000000369901
[uatrec] S4 r0 victim[0] rid 119 gpuva 0x10002490000 cpu 0x10f118000 (top-of-stack)
[mtlr] resource2 sel8 flags 470 sz 0x100000 -> kr 0x00000000 rid 120 GPUVA 0x10002598000 cpu 10f218000
[mtlr]   out: 0000010002598000 000000010f218000 000000010ba29a00 0000000000000000
[mtlr]   out: 0000007800000000 0000000000100000 00000002c5cc1bd2 0000000000369902
[uatrec] S4 r0 victim[1] rid 120 gpuva 0x10002598000 cpu 0x10f218000 (top-of-stack)
[mtlr] resource2 sel8 flags 470 sz 0x100000 -> kr 0x00000000 rid 121 GPUVA 0x100026a0000 cpu 10f318000
[mtlr]   out: 00000100026a0000 000000010f318000 000000010ba29ac0 0000000000000000
[mtlr]   out: 0000007900000000 0000000000100000 00000002c5cc1bd3 0000000000369903
[uatrec] S4 r0 victim[2] rid 121 gpuva 0x100026a0000 cpu 0x10f318000 (top-of-stack)
[mtlr] resource2 sel8 flags 470 sz 0x100000 -> kr 0x00000000 rid 122 GPUVA 0x100027a8000 cpu 10f418000
[mtlr]   out: 00000100027a8000 000000010f418000 000000010ba29b80 0000000000000000
[mtlr]   out: 0000007a00000000 0000000000100000 00000002c5cc1bd8 0000000000369904
[uatrec] S4 r0 victim[3] rid 122 gpuva 0x100027a8000 cpu 0x10f418000 (top-of-stack)
[mtlr] resource2 sel8 flags 470 sz 0x100000 -> kr 0x00000000 rid 123 GPUVA 0x100028b0000 cpu 10f518000
[mtlr]   out: 00000100028b0000 000000010f518000 000000010ba29c40 0000000000000000
[mtlr]   out: 0000007b00000000 0000000000100000 00000002c5cc1c02 0000000000369905
[uatrec] S4 r0 victim[4] rid 123 gpuva 0x100028b0000 cpu 0x10f518000 (top-of-stack)
[mtlr] resource2 sel8 flags 470 sz 0x100000 -> kr 0x00000000 rid 124 GPUVA 0x100029b8000 cpu 10f618000
[mtlr]   out: 00000100029b8000 000000010f618000 000000010ba29d00 0000000000000000
[mtlr]   out: 0000007c00000000 0000000000100000 00000002c5cc1c0f 0000000000369906
[uatrec] S4 r0 victim[5] rid 124 gpuva 0x100029b8000 cpu 0x10f618000 (top-of-stack)
[mtlr] resource2 sel8 flags 470 sz 0x100000 -> kr 0x00000000 rid 125 GPUVA 0x10002ac0000 cpu 10f718000
[mtlr]   out: 0000010002ac0000 000000010f718000 000000010ba29dc0 0000000000000000
[mtlr]   out: 0000007d00000000 0000000000100000 00000002c5cc1c10 0000000000369907
[uatrec] S4 r0 victim[6] rid 125 gpuva 0x10002ac0000 cpu 0x10f718000 (top-of-stack)
[mtlr] resource2 sel8 flags 470 sz 0x100000 -> kr 0x00000000 rid 126 GPUVA 0x10002bc8000 cpu 10f818000
[mtlr]   out: 0000010002bc8000 000000010f818000 000000010ba29e80 0000000000000000
[mtlr]   out: 0000007e00000000 0000000000100000 00000002c5cc1c11 0000000000369908
[uatrec] S4 r0 victim[7] rid 126 gpuva 0x10002bc8000 cpu 0x10f818000 (top-of-stack)
[mtlr] resource2 sel8 flags 470 sz 0x1000 -> kr 0x00000000 rid 119 GPUVA 0x10002490000 cpu 110288000
[mtlr]   out: 0000010002490000 0000000110288000 000000010ba29940 0000000000000000
[mtlr]   out: 0000007700000000 0000000000004000 00000002c5cc1d91 0000000000369920
[mtlr] resource2 sel8 flags 470 sz 0x1000 -> kr 0x00000000 rid 119 GPUVA 0x10002490000 cpu 110288000
[mtlr]   out: 0000010002490000 0000000110288000 000000010ba29940 0000000000000000
[mtlr]   out: 0000007700000000 0000000000004000 00000002c5cc1d92 0000000000369921
[mtlr] resource2 sel8 flags 470 sz 0x1000 -> kr 0x00000000 rid 119 GPUVA 0x10002490000 cpu 110288000
[mtlr]   out: 0000010002490000 0000000110288000 000000010ba29940 0000000000000000
[mtlr]   out: 0000007700000000 0000000000004000 00000002c5cc1d93 0000000000369922
[mtlr] resource2 sel8 flags 470 sz 0x1000 -> kr 0x00000000 rid 119 GPUVA 0x10002490000 cpu 110288000
[mtlr]   out: 0000010002490000 0000000110288000 000000010ba29940 0000000000000000
[mtlr]   out: 0000007700000000 0000000000004000 00000002c5cc1d94 0000000000369923
[mtlr] resource2 sel8 flags 470 sz 0x1000 -> kr 0x00000000 rid 119 GPUVA 0x10002490000 cpu 110288000
[mtlr]   out: 0000010002490000 0000000110288000 000000010ba29940 0000000000000000
[mtlr]   out: 0000007700000000 0000000000004000 00000002c5cc1d95 0000000000369924
[mtlr] resource2 sel8 flags 470 sz 0x1000 -> kr 0x00000000 rid 119 GPUVA 0x10002490000 cpu 110288000
[mtlr]   out: 0000010002490000 0000000110288000 000000010ba29940 0000000000000000
[mtlr]   out: 0000007700000000 0000000000004000 00000002c5cc1d96 0000000000369925
[mtlr] resource2 sel8 flags 470 sz 0x1000 -> kr 0x00000000 rid 119 GPUVA 0x10002490000 cpu 110288000
[mtlr]   out: 0000010002490000 0000000110288000 000000010ba29940 0000000000000000
[mtlr]   out: 0000007700000000 0000000000004000 00000002c5cc1d97 0000000000369926
[mtlr] resource2 sel8 flags 470 sz 0x1000 -> kr 0x00000000 rid 119 GPUVA 0x10002490000 cpu 110288000
[mtlr]   out: 0000010002490000 0000000110288000 000000010ba29940 0000000000000000
[mtlr]   out: 0000007700000000 0000000000004000 00000002c5cc1d98 0000000000369927
[mtlr] resource2 sel8 flags 470 sz 0x1000 -> kr 0x00000000 rid 119 GPUVA 0x10002490000 cpu 110288000
[mtlr]   out: 0000010002490000 0000000110288000 000000010ba29940 0000000000000000
[mtlr]   out: 0000007700000000 0000000000004000 00000002c5cc1d99 0000000000369928
[mtlr] resource2 sel8 flags 470 sz 0x1000 -> kr 0x00000000 rid 119 GPUVA 0x10002490000 cpu 110288000
[mtlr]   out: 0000010002490000 0000000110288000 000000010ba29940 0000000000000000
[mtlr]   out: 0000007700000000 0000000000004000 00000002c5cc1d9a 0000000000369929
[mtlr] resource2 sel8 flags 470 sz 0x1000 -> kr 0x00000000 rid 119 GPUVA 0x10002490000 cpu 110288000
[mtlr]   out: 0000010002490000 0000000110288000 000000010ba29940 0000000000000000
[mtlr]   out: 0000007700000000 0000000000004000 00000002c5cc1d9b 000000000036992a
[mtlr] resource2 sel8 flags 470 sz 0x1000 -> kr 0x00000000 rid 119 GPUVA 0x10002490000 cpu 110288000
[mtlr]   out: 0000010002490000 0000000110288000 000000010ba29940 0000000000000000
[mtlr]   out: 0000007700000000 0000000000004000 00000002c5cc1d9c 000000000036992b
[mtlr] resource2 sel8 flags 470 sz 0x1000 -> kr 0x00000000 rid 119 GPUVA 0x10002490000 cpu 110288000
[mtlr]   out: 0000010002490000 0000000110288000 000000010ba29940 0000000000000000
[mtlr]   out: 0000007700000000 0000000000004000 00000002c5cc1d9d 000000000036992c
[mtlr] resource2 sel8 flags 470 sz 0x1000 -> kr 0x00000000 rid 119 GPUVA 0x10002490000 cpu 110288000
[mtlr]   out: 0000010002490000 0000000110288000 000000010ba29940 0000000000000000
[mtlr]   out: 0000007700000000 0000000000004000 00000002c5cc1d9e 000000000036992d
[mtlr] resource2 sel8 flags 470 sz 0x1000 -> kr 0x00000000 rid 119 GPUVA 0x10002490000 cpu 110288000
[mtlr]   out: 0000010002490000 0000000110288000 000000010ba29940 0000000000000000
[mtlr]   out: 0000007700000000 0000000000004000 00000002c5cc1d9f 000000000036992e
[mtlr] resource2 sel8 flags 470 sz 0x1000 -> kr 0x00000000 rid 119 GPUVA 0x10002490000 cpu 110288000
[mtlr]   out: 0000010002490000 0000000110288000 000000010ba29940 0000000000000000
[mtlr]   out: 0000007700000000 0000000000004000 00000002c5cc1da0 000000000036992f
[mtlr] resource2 sel8 flags 470 sz 0x1000 -> kr 0x00000000 rid 119 GPUVA 0x10002490000 cpu 110288000
[mtlr]   out: 0000010002490000 0000000110288000 000000010ba29940 0000000000000000
[mtlr]   out: 0000007700000000 0000000000004000 00000002c5cc1da1 0000000000369930
[mtlr] resource2 sel8 flags 470 sz 0x1000 -> kr 0x00000000 rid 119 GPUVA 0x10002490000 cpu 110288000
[mtlr]   out: 0000010002490000 0000000110288000 000000010ba29940 0000000000000000
[mtlr]   out: 0000007700000000 0000000000004000 00000002c5cc1da2 0000000000369931
[mtlr] resource2 sel8 flags 470 sz 0x1000 -> kr 0x00000000 rid 119 GPUVA 0x10002490000 cpu 110288000
[mtlr]   out: 0000010002490000 0000000110288000 000000010ba29940 0000000000000000
[mtlr]   out: 0000007700000000 0000000000004000 00000002c5cc1da3 0000000000369932
[mtlr] resource2 sel8 flags 470 sz 0x1000 -> kr 0x00000000 rid 119 GPUVA 0x10002490000 cpu 110288000
[mtlr]   out: 0000010002490000 0000000110288000 000000010ba29940 0000000000000000
[mtlr]   out: 0000007700000000 0000000000004000 00000002c5cc1da4 0000000000369933
[mtlr] resource2 sel8 flags 470 sz 0x1000 -> kr 0x00000000 rid 119 GPUVA 0x10002490000 cpu 110288000
[mtlr]   out: 0000010002490000 0000000110288000 000000010ba29940 0000000000000000
[mtlr]   out: 0000007700000000 0000000000004000 00000002c5cc1da5 0000000000369934
[mtlr] resource2 sel8 flags 470 sz 0x1000 -> kr 0x00000000 rid 119 GPUVA 0x10002490000 cpu 110288000
[mtlr]   out: 0000010002490000 0000000110288000 000000010ba29940 0000000000000000
[mtlr]   out: 0000007700000000 0000000000004000 00000002c5cc1da6 0000000000369935
[mtlr] resource2 sel8 flags 470 sz 0x1000 -> kr 0x00000000 rid 119 GPUVA 0x10002490000 cpu 110288000
[mtlr]   out: 0000010002490000 0000000110288000 000000010ba29940 0000000000000000
[mtlr]   out: 0000007700000000 0000000000004000 00000002c5cc1da7 0000000000369936
[mtlr] resource2 sel8 flags 470 sz 0x1000 -> kr 0x00000000 rid 119 GPUVA 0x10002490000 cpu 110288000
[mtlr]   out: 0000010002490000 0000000110288000 000000010ba29940 0000000000000000
[mtlr]   out: 0000007700000000 0000000000004000 00000002c5cc1da8 0000000000369937
[mtlr] resource2 sel8 flags 470 sz 0x1000 -> kr 0x00000000 rid 119 GPUVA 0x10002490000 cpu 110288000
[mtlr]   out: 0000010002490000 0000000110288000 000000010ba29940 0000000000000000
[mtlr]   out: 0000007700000000 0000000000004000 00000002c5cc1da9 0000000000369938
[mtlr] resource2 sel8 flags 470 sz 0x1000 -> kr 0x00000000 rid 119 GPUVA 0x10002490000 cpu 110288000
[mtlr]   out: 0000010002490000 0000000110288000 000000010ba29940 0000000000000000
[mtlr]   out: 0000007700000000 0000000000004000 00000002c5cc1daa 0000000000369939
[mtlr] resource2 sel8 flags 470 sz 0x1000 -> kr 0x00000000 rid 119 GPUVA 0x10002490000 cpu 110288000
[mtlr]   out: 0000010002490000 0000000110288000 000000010ba29940 0000000000000000
[mtlr]   out: 0000007700000000 0000000000004000 00000002c5cc1dab 000000000036993a
[mtlr] resource2 sel8 flags 470 sz 0x1000 -> kr 0x00000000 rid 119 GPUVA 0x10002490000 cpu 110288000
[mtlr]   out: 0000010002490000 0000000110288000 000000010ba29940 0000000000000000
[mtlr]   out: 0000007700000000 0000000000004000 00000002c5cc1dac 000000000036993b
[mtlr] resource2 sel8 flags 470 sz 0x1000 -> kr 0x00000000 rid 119 GPUVA 0x10002490000 cpu 110288000
[mtlr]   out: 0000010002490000 0000000110288000 000000010ba29940 0000000000000000
[mtlr]   out: 0000007700000000 0000000000004000 00000002c5cc1dad 000000000036993c
[mtlr] resource2 sel8 flags 470 sz 0x1000 -> kr 0x00000000 rid 119 GPUVA 0x10002490000 cpu 110288000
[mtlr]   out: 0000010002490000 0000000110288000 000000010ba29940 0000000000000000
[mtlr]   out: 0000007700000000 0000000000004000 00000002c5cc1dae 000000000036993d
[mtlr] resource2 sel8 flags 470 sz 0x1000 -> kr 0x00000000 rid 119 GPUVA 0x10002490000 cpu 110288000
[mtlr]   out: 0000010002490000 0000000110288000 000000010ba29940 0000000000000000
[mtlr]   out: 0000007700000000 0000000000004000 00000002c5cc1daf 000000000036993e
[mtlr] resource2 sel8 flags 470 sz 0x1000 -> kr 0x00000000 rid 119 GPUVA 0x10002490000 cpu 110288000
[mtlr]   out: 0000010002490000 0000000110288000 000000010ba29940 0000000000000000
[mtlr]   out: 0000007700000000 0000000000004000 00000002c5cc1db0 000000000036993f
[mtlr] resource2 sel8 flags 470 sz 0x1000 -> kr 0x00000000 rid 119 GPUVA 0x10002490000 cpu 110288000
[mtlr]   out: 0000010002490000 0000000110288000 000000010ba29940 0000000000000000
[mtlr]   out: 0000007700000000 0000000000004000 00000002c5cc1db1 0000000000369940
[mtlr] resource2 sel8 flags 470 sz 0x1000 -> kr 0x00000000 rid 119 GPUVA 0x10002490000 cpu 110288000
[mtlr]   out: 0000010002490000 0000000110288000 000000010ba29940 0000000000000000
[mtlr]   out: 0000007700000000 0000000000004000 00000002c5cc1db2 0000000000369941
[mtlr] resource2 sel8 flags 470 sz 0x1000 -> kr 0x00000000 rid 119 GPUVA 0x10002490000 cpu 110288000
[mtlr]   out: 0000010002490000 0000000110288000 000000010ba29940 0000000000000000
[mtlr]   out: 0000007700000000 0000000000004000 00000002c5cc1db3 0000000000369942
[mtlr] resource2 sel8 flags 470 sz 0x1000 -> kr 0x00000000 rid 119 GPUVA 0x10002490000 cpu 110288000
[mtlr]   out: 0000010002490000 0000000110288000 000000010ba29940 0000000000000000
[mtlr]   out: 0000007700000000 0000000000004000 00000002c5cc1db4 0000000000369943
[mtlr] resource2 sel8 flags 470 sz 0x1000 -> kr 0x00000000 rid 119 GPUVA 0x10002490000 cpu 110288000
[mtlr]   out: 0000010002490000 0000000110288000 000000010ba29940 0000000000000000
[mtlr]   out: 0000007700000000 0000000000004000 00000002c5cc1db5 0000000000369944
[mtlr] resource2 sel8 flags 470 sz 0x1000 -> kr 0x00000000 rid 119 GPUVA 0x10002490000 cpu 110288000
[mtlr]   out: 0000010002490000 0000000110288000 000000010ba29940 0000000000000000
[mtlr]   out: 0000007700000000 0000000000004000 00000002c5cc1db6 0000000000369945
[mtlr] resource2 sel8 flags 470 sz 0x1000 -> kr 0x00000000 rid 119 GPUVA 0x10002490000 cpu 110288000
[mtlr]   out: 0000010002490000 0000000110288000 000000010ba29940 0000000000000000
[mtlr]   out: 0000007700000000 0000000000004000 00000002c5cc1db8 0000000000369946
[mtlr] resource2 sel8 flags 470 sz 0x1000 -> kr 0x00000000 rid 119 GPUVA 0x10002490000 cpu 110288000
[mtlr]   out: 0000010002490000 0000000110288000 000000010ba29940 0000000000000000
[mtlr]   out: 0000007700000000 0000000000004000 00000002c5cc1db9 0000000000369947
[uatrec] S4 r0 (+0s): nvv 8 ncb 8 vsz 0x100000 fill 0xfffffff007000000 destroy0 kr 0x00000000 nj 40
[uatrec] S4 r0 blit[0] slots 12 ridp 1
[uatrec] S4 r0 blit[1] slots 10 ridp 1
[uatrec] S4 r0 blit[2] slots 11 ridp 1
[uatrec] S4 r0 blit[3] slots 10 ridp 1
[uatrec] S4 r0 blit[4] slots 11 ridp 1
[uatrec] S4 r0 blit[5] slots 10 ridp 1
[uatrec] S4 r0 blit[6] slots 11 ridp 1
[uatrec] S4 r0 blit[7] slots 10 ridp 1
[mtlr] resource2 sel8 flags 470 sz 0x100000 -> kr 0x00000000 rid 119 GPUVA 0x10002490000 cpu 10de0c000
[mtlr]   out: 0000010002490000 000000010de0c000 000000010ba29940 0000000000000000
[mtlr]   out: 0000007700000000 0000000000100000 00000002c5cc1f1a 000000000036994a
[uatrec] S4 r1 victim[0] rid 119 gpuva 0x10002490000 cpu 0x10de0c000 (top-of-stack)
[mtlr] resource2 sel8 flags 470 sz 0x100000 -> kr 0x00000000 rid 120 GPUVA 0x10002598000 cpu 10df0c000
[mtlr]   out: 0000010002598000 000000010df0c000 000000010ba29a00 0000000000000000
[mtlr]   out: 0000007800000000 0000000000100000 00000002c5cc1f1b 000000000036994b
[uatrec] S4 r1 victim[1] rid 120 gpuva 0x10002598000 cpu 0x10df0c000 (top-of-stack)
[mtlr] resource2 sel8 flags 470 sz 0x100000 -> kr 0x00000000 rid 121 GPUVA 0x100026a0000 cpu 10e00c000
[mtlr]   out: 00000100026a0000 000000010e00c000 000000010ba29ac0 0000000000000000
[mtlr]   out: 0000007900000000 0000000000100000 00000002c5cc1f1c 000000000036994c
[uatrec] S4 r1 victim[2] rid 121 gpuva 0x100026a0000 cpu 0x10e00c000 (top-of-stack)
[mtlr] resource2 sel8 flags 470 sz 0x100000 -> kr 0x00000000 rid 122 GPUVA 0x100027a8000 cpu 10e10c000
[mtlr]   out: 00000100027a8000 000000010e10c000 000000010ba29b80 0000000000000000
[mtlr]   out: 0000007a00000000 0000000000100000 00000002c5cc1f1d 000000000036994d
[uatrec] S4 r1 victim[3] rid 122 gpuva 0x100027a8000 cpu 0x10e10c000 (top-of-stack)
[mtlr] resource2 sel8 flags 470 sz 0x100000 -> kr 0x00000000 rid 123 GPUVA 0x100028b0000 cpu 10e20c000
[mtlr]   out: 00000100028b0000 000000010e20c000 000000010ba29c40 0000000000000000
[mtlr]   out: 0000007b00000000 0000000000100000 00000002c5cc1f1e 000000000036994e
[uatrec] S4 r1 victim[4] rid 123 gpuva 0x100028b0000 cpu 0x10e20c000 (top-of-stack)
[mtlr] resource2 sel8 flags 470 sz 0x100000 -> kr 0x00000000 rid 124 GPUVA 0x100029b8000 cpu 10e30c000
[mtlr]   out: 00000100029b8000 000000010e30c000 000000010ba29d00 0000000000000000
[mtlr]   out: 0000007c00000000 0000000000100000 00000002c5cc1f1f 000000000036994f
[uatrec] S4 r1 victim[5] rid 124 gpuva 0x100029b8000 cpu 0x10e30c000 (top-of-stack)
[mtlr] resource2 sel8 flags 470 sz 0x100000 -> kr 0x00000000 rid 125 GPUVA 0x10002ac0000 cpu 10e40c000
[mtlr]   out: 0000010002ac0000 000000010e40c000 000000010ba29dc0 0000000000000000
[mtlr]   out: 0000007d00000000 0000000000100000 00000002c5cc1f27 0000000000369950
[uatrec] S4 r1 victim[6] rid 125 gpuva 0x10002ac0000 cpu 0x10e40c000 (top-of-stack)
[mtlr] resource2 sel8 flags 470 sz 0x100000 -> kr 0x00000000 rid 126 GPUVA 0x10002bc8000 cpu 10e50c000
[mtlr]   out: 0000010002bc8000 000000010e50c000 000000010ba29e80 0000000000000000
[mtlr]   out: 0000007e00000000 0000000000100000 00000002c5cc1f28 0000000000369951
[uatrec] S4 r1 victim[7] rid 126 gpuva 0x10002bc8000 cpu 0x10e50c000 (top-of-stack)
[mtlr] resource2 sel8 flags 470 sz 0x1000 -> kr 0x00000000 rid 119 GPUVA 0x10003818000 cpu 10f3e8000
[mtlr]   out: 0000010003818000 000000010f3e8000 000000010ba2ca00 0000000000000000
[mtlr]   out: 0000007700000000 0000000000004000 00000002c5cc1f94 0000000000369981
[mtlr] resource2 sel8 flags 470 sz 0x1000 -> kr 0x00000000 rid 119 GPUVA 0x10003818000 cpu 10f3e8000
[mtlr]   out: 0000010003818000 000000010f3e8000 000000010ba2ca00 0000000000000000
[mtlr]   out: 0000007700000000 0000000000004000 00000002c5cc1f95 0000000000369982
[mtlr] resource2 sel8 flags 470 sz 0x1000 -> kr 0x00000000 rid 119 GPUVA 0x10003818000 cpu 10f3e8000
[mtlr]   out: 0000010003818000 000000010f3e8000 000000010ba2ca00 0000000000000000
[mtlr]   out: 0000007700000000 0000000000004000 00000002c5cc1f96 0000000000369983
[mtlr] resource2 sel8 flags 470 sz 0x1000 -> kr 0x00000000 rid 119 GPUVA 0x10003818000 cpu 10f3e8000
[mtlr]   out: 0000010003818000 000000010f3e8000 000000010ba2ca00 0000000000000000
[mtlr]   out: 0000007700000000 0000000000004000 00000002c5cc1f97 0000000000369984
[mtlr] resource2 sel8 flags 470 sz 0x1000 -> kr 0x00000000 rid 119 GPUVA 0x10003818000 cpu 10f3e8000
[mtlr]   out: 0000010003818000 000000010f3e8000 000000010ba2ca00 0000000000000000
[mtlr]   out: 0000007700000000 0000000000004000 00000002c5cc1f98 0000000000369985
[mtlr] resource2 sel8 flags 470 sz 0x1000 -> kr 0x00000000 rid 119 GPUVA 0x10003818000 cpu 10f3e8000
[mtlr]   out: 0000010003818000 000000010f3e8000 000000010ba2ca00 0000000000000000
[mtlr]   out: 0000007700000000 0000000000004000 00000002c5cc1f9a 0000000000369986
[mtlr] resource2 sel8 flags 470 sz 0x1000 -> kr 0x00000000 rid 119 GPUVA 0x10003818000 cpu 10f3e8000
[mtlr]   out: 0000010003818000 000000010f3e8000 000000010ba2ca00 0000000000000000
[mtlr]   out: 0000007700000000 0000000000004000 00000002c5cc1f9b 0000000000369987
[mtlr] resource2 sel8 flags 470 sz 0x1000 -> kr 0x00000000 rid 119 GPUVA 0x10003818000 cpu 10f3e8000
[mtlr]   out: 0000010003818000 000000010f3e8000 000000010ba2ca00 0000000000000000
[mtlr]   out: 0000007700000000 0000000000004000 00000002c5cc1f9e 0000000000369988
[mtlr] resource2 sel8 flags 470 sz 0x1000 -> kr 0x00000000 rid 119 GPUVA 0x10003818000 cpu 10f3e8000
[mtlr]   out: 0000010003818000 000000010f3e8000 000000010ba2ca00 0000000000000000
[mtlr]   out: 0000007700000000 0000000000004000 00000002c5cc1fb8 0000000000369989
[mtlr] resource2 sel8 flags 470 sz 0x1000 -> kr 0x00000000 rid 119 GPUVA 0x10003818000 cpu 10f3e8000
[mtlr]   out: 0000010003818000 000000010f3e8000 000000010ba2ca00 0000000000000000
[mtlr]   out: 0000007700000000 0000000000004000 00000002c5cc1fcf 000000000036998a
[mtlr] resource2 sel8 flags 470 sz 0x1000 -> kr 0x00000000 rid 119 GPUVA 0x10003818000 cpu 10f3e8000
[mtlr]   out: 0000010003818000 000000010f3e8000 000000010ba2ca00 0000000000000000
[mtlr]   out: 0000007700000000 0000000000004000 00000002c5cc1fd0 000000000036998b
[mtlr] resource2 sel8 flags 470 sz 0x1000 -> kr 0x00000000 rid 119 GPUVA 0x10003818000 cpu 10f3e8000
[mtlr]   out: 0000010003818000 000000010f3e8000 000000010ba2ca00 0000000000000000
[mtlr]   out: 0000007700000000 0000000000004000 00000002c5cc1fd1 000000000036998c
[mtlr] resource2 sel8 flags 470 sz 0x1000 -> kr 0x00000000 rid 119 GPUVA 0x10003818000 cpu 10f3e8000
[mtlr]   out: 0000010003818000 000000010f3e8000 000000010ba2ca00 0000000000000000
[mtlr]   out: 0000007700000000 0000000000004000 00000002c5cc1fd2 000000000036998d
[mtlr] resource2 sel8 flags 470 sz 0x1000 -> kr 0x00000000 rid 119 GPUVA 0x10003818000 cpu 10f3e8000
[mtlr]   out: 0000010003818000 000000010f3e8000 000000010ba2ca00 0000000000000000
[mtlr]   out: 0000007700000000 0000000000004000 00000002c5cc1fd3 000000000036998e
[mtlr] resource2 sel8 flags 470 sz 0x1000 -> kr 0x00000000 rid 119 GPUVA 0x10003818000 cpu 10f3e8000
[mtlr]   out: 0000010003818000 000000010f3e8000 000000010ba2ca00 0000000000000000
[mtlr]   out: 0000007700000000 0000000000004000 00000002c5cc1fd4 000000000036998f
[mtlr] resource2 sel8 flags 470 sz 0x1000 -> kr 0x00000000 rid 119 GPUVA 0x10003818000 cpu 10f3e8000
[mtlr]   out: 0000010003818000 000000010f3e8000 000000010ba2ca00 0000000000000000
[mtlr]   out: 0000007700000000 0000000000004000 00000002c5cc1fd5 0000000000369990
[mtlr] resource2 sel8 flags 470 sz 0x1000 -> kr 0x00000000 rid 119 GPUVA 0x10003818000 cpu 10f3e8000
[mtlr]   out: 0000010003818000 000000010f3e8000 000000010ba2ca00 0000000000000000
[mtlr]   out: 0000007700000000 0000000000004000 00000002c5cc1fd6 0000000000369991
[mtlr] resource2 sel8 flags 470 sz 0x1000 -> kr 0x00000000 rid 119 GPUVA 0x10003818000 cpu 10f3e8000
[mtlr]   out: 0000010003818000 000000010f3e8000 000000010ba2ca00 0000000000000000
[mtlr]   out: 0000007700000000 0000000000004000 00000002c5cc1fd7 0000000000369992
[mtlr] resource2 sel8 flags 470 sz 0x1000 -> kr 0x00000000 rid 119 GPUVA 0x10003818000 cpu 10f3e8000
[mtlr]   out: 0000010003818000 000000010f3e8000 000000010ba2ca00 0000000000000000
[mtlr]   out: 0000007700000000 0000000000004000 00000002c5cc1fd8 0000000000369993
[mtlr] resource2 sel8 flags 470 sz 0x1000 -> kr 0x00000000 rid 119 GPUVA 0x10003818000 cpu 10f3e8000
[mtlr]   out: 0000010003818000 000000010f3e8000 000000010ba2ca00 0000000000000000
[mtlr]   out: 0000007700000000 0000000000004000 00000002c5cc1fd9 0000000000369994
[mtlr] resource2 sel8 flags 470 sz 0x1000 -> kr 0x00000000 rid 119 GPUVA 0x10003818000 cpu 10f3e8000
[mtlr]   out: 0000010003818000 000000010f3e8000 000000010ba2ca00 0000000000000000
[mtlr]   out: 0000007700000000 0000000000004000 00000002c5cc1fda 0000000000369995
[mtlr] resource2 sel8 flags 470 sz 0x1000 -> kr 0x00000000 rid 119 GPUVA 0x10003818000 cpu 10f3e8000
[mtlr]   out: 0000010003818000 000000010f3e8000 000000010ba2ca00 0000000000000000
[mtlr]   out: 0000007700000000 0000000000004000 00000002c5cc1fdb 0000000000369996
[mtlr] resource2 sel8 flags 470 sz 0x1000 -> kr 0x00000000 rid 119 GPUVA 0x10003818000 cpu 10f3e8000
[mtlr]   out: 0000010003818000 000000010f3e8000 000000010ba2ca00 0000000000000000
[mtlr]   out: 0000007700000000 0000000000004000 00000002c5cc1fdc 0000000000369997
[mtlr] resource2 sel8 flags 470 sz 0x1000 -> kr 0x00000000 rid 119 GPUVA 0x10003818000 cpu 10f3e8000
[mtlr]   out: 0000010003818000 000000010f3e8000 000000010ba2ca00 0000000000000000
[mtlr]   out: 0000007700000000 0000000000004000 00000002c5cc1fdd 0000000000369998
[mtlr] resource2 sel8 flags 470 sz 0x1000 -> kr 0x00000000 rid 119 GPUVA 0x10003818000 cpu 10f3e8000
[mtlr]   out: 0000010003818000 000000010f3e8000 000000010ba2ca00 0000000000000000
[mtlr]   out: 0000007700000000 0000000000004000 00000002c5cc1fde 0000000000369999
[mtlr] resource2 sel8 flags 470 sz 0x1000 -> kr 0x00000000 rid 119 GPUVA 0x10003818000 cpu 10f3e8000
[mtlr]   out: 0000010003818000 000000010f3e8000 000000010ba2ca00 0000000000000000
[mtlr]   out: 0000007700000000 0000000000004000 00000002c5cc1fdf 000000000036999a
[mtlr] resource2 sel8 flags 470 sz 0x1000 -> kr 0x00000000 rid 119 GPUVA 0x10003818000 cpu 10f3e8000
[mtlr]   out: 0000010003818000 000000010f3e8000 000000010ba2ca00 0000000000000000
[mtlr]   out: 0000007700000000 0000000000004000 00000002c5cc1fe0 000000000036999b
[mtlr] resource2 sel8 flags 470 sz 0x1000 -> kr 0x00000000 rid 119 GPUVA 0x10003818000 cpu 10f3e8000
[mtlr]   out: 0000010003818000 000000010f3e8000 000000010ba2ca00 0000000000000000
[mtlr]   out: 0000007700000000 0000000000004000 00000002c5cc1fe1 000000000036999c
[mtlr] resource2 sel8 flags 470 sz 0x1000 -> kr 0x00000000 rid 119 GPUVA 0x10003818000 cpu 10f3e8000
[mtlr]   out: 0000010003818000 000000010f3e8000 000000010ba2ca00 0000000000000000
[mtlr]   out: 0000007700000000 0000000000004000 00000002c5cc1fe2 000000000036999d
[mtlr] resource2 sel8 flags 470 sz 0x1000 -> kr 0x00000000 rid 119 GPUVA 0x10003818000 cpu 10f3e8000
[mtlr]   out: 0000010003818000 000000010f3e8000 000000010ba2ca00 0000000000000000
[mtlr]   out: 0000007700000000 0000000000004000 00000002c5cc1fe3 000000000036999e
[mtlr] resource2 sel8 flags 470 sz 0x1000 -> kr 0x00000000 rid 119 GPUVA 0x10003818000 cpu 10f3e8000
[mtlr]   out: 0000010003818000 000000010f3e8000 000000010ba2ca00 0000000000000000
[mtlr]   out: 0000007700000000 0000000000004000 00000002c5cc1fe4 000000000036999f
[mtlr] resource2 sel8 flags 470 sz 0x1000 -> kr 0x00000000 rid 119 GPUVA 0x10003818000 cpu 10f3e8000
[mtlr]   out: 0000010003818000 000000010f3e8000 000000010ba2ca00 0000000000000000
[mtlr]   out: 0000007700000000 0000000000004000 00000002c5cc1fe5 00000000003699a0
[mtlr] resource2 sel8 flags 470 sz 0x1000 -> kr 0x00000000 rid 119 GPUVA 0x10003818000 cpu 10f3e8000
[mtlr]   out: 0000010003818000 000000010f3e8000 000000010ba2ca00 0000000000000000
[mtlr]   out: 0000007700000000 0000000000004000 00000002c5cc1fe6 00000000003699a1
[mtlr] resource2 sel8 flags 470 sz 0x1000 -> kr 0x00000000 rid 119 GPUVA 0x10003818000 cpu 10f3e8000
[mtlr]   out: 0000010003818000 000000010f3e8000 000000010ba2ca00 0000000000000000
[mtlr]   out: 0000007700000000 0000000000004000 00000002c5cc1fe7 00000000003699a2
[mtlr] resource2 sel8 flags 470 sz 0x1000 -> kr 0x00000000 rid 119 GPUVA 0x10002490000 cpu 10f3e8000
[mtlr]   out: 0000010002490000 000000010f3e8000 000000010ba29940 0000000000000000
[mtlr]   out: 0000007700000000 0000000000004000 00000002c5cc1fe8 00000000003699a3
[mtlr] resource2 sel8 flags 470 sz 0x1000 -> kr 0x00000000 rid 119 GPUVA 0x10002490000 cpu 10f3e8000
[mtlr]   out: 0000010002490000 000000010f3e8000 000000010ba29940 0000000000000000
[mtlr]   out: 0000007700000000 0000000000004000 00000002c5cc1fe9 00000000003699a4
[mtlr] resource2 sel8 flags 470 sz 0x1000 -> kr 0x00000000 rid 119 GPUVA 0x10002490000 cpu 10f3e8000
[mtlr]   out: 0000010002490000 000000010f3e8000 000000010ba29940 0000000000000000
[mtlr]   out: 0000007700000000 0000000000004000 00000002c5cc1fea 00000000003699a5
[mtlr] resource2 sel8 flags 470 sz 0x1000 -> kr 0x00000000 rid 119 GPUVA 0x10002490000 cpu 10f3e8000
[mtlr]   out: 0000010002490000 000000010f3e8000 000000010ba29940 0000000000000000
[mtlr]   out: 0000007700000000 0000000000004000 00000002c5cc1feb 00000000003699a6
[mtlr] resource2 sel8 flags 470 sz 0x1000 -> kr 0x00000000 rid 119 GPUVA 0x10002490000 cpu 10f3e8000
[mtlr]   out: 0000010002490000 000000010f3e8000 000000010ba29940 0000000000000000
[mtlr]   out: 0000007700000000 0000000000004000 00000002c5cc1fec 00000000003699a7
[mtlr] resource2 sel8 flags 470 sz 0x1000 -> kr 0x00000000 rid 119 GPUVA 0x10002490000 cpu 10f3e8000
[mtlr]   out: 0000010002490000 000000010f3e8000 000000010ba29940 0000000000000000
[mtlr]   out: 0000007700000000 0000000000004000 00000002c5cc1fed 00000000003699a8
[uatrec] S4 r1 (+0s): nvv 8 ncb 8 vsz 0x100000 fill 0xfffffff007000000 destroy0 kr 0x00000000 nj 40
[uatrec] S4 r1 blit[0] slots 10 ridp 1
[uatrec] S4 r1 blit[1] slots 10 ridp 1
[uatrec] S4 r1 blit[2] slots 10 ridp 1
[uatrec] S4 r1 blit[3] slots 10 ridp 1
[uatrec] S4 r1 blit[4] slots 11 ridp 1
[uatrec] S4 r1 blit[5] slots 9 ridp 1
[uatrec] S4 r1 blit[6] slots 9 ridp 1
[uatrec] S4 r1 blit[7] slots 9 ridp 1
[mtlr] resource2 sel8 flags 470 sz 0x100000 -> kr 0x00000000 rid 119 GPUVA 0x10002490000 cpu 10e718000
[mtlr]   out: 0000010002490000 000000010e718000 000000010ba29940 0000000000000000
[mtlr]   out: 0000007700000000 0000000000100000 00000002c5cc211c 00000000003699ab
[uatrec] S4 r2 victim[0] rid 119 gpuva 0x10002490000 cpu 0x10e718000 (top-of-stack)
[mtlr] resource2 sel8 flags 470 sz 0x100000 -> kr 0x00000000 rid 120 GPUVA 0x10002598000 cpu 10e818000
[mtlr]   out: 0000010002598000 000000010e818000 000000010ba29a00 0000000000000000
[mtlr]   out: 0000007800000000 0000000000100000 00000002c5cc211d 00000000003699ac
[uatrec] S4 r2 victim[1] rid 120 gpuva 0x10002598000 cpu 0x10e818000 (top-of-stack)
[mtlr] resource2 sel8 flags 470 sz 0x100000 -> kr 0x00000000 rid 121 GPUVA 0x100026a0000 cpu 10e918000
[mtlr]   out: 00000100026a0000 000000010e918000 000000010ba29ac0 0000000000000000
[mtlr]   out: 0000007900000000 0000000000100000 00000002c5cc211e 00000000003699ad
[uatrec] S4 r2 victim[2] rid 121 gpuva 0x100026a0000 cpu 0x10e918000 (top-of-stack)
[mtlr] resource2 sel8 flags 470 sz 0x100000 -> kr 0x00000000 rid 122 GPUVA 0x100027a8000 cpu 10ce0c000
[mtlr]   out: 00000100027a8000 000000010ce0c000 000000010ba29b80 0000000000000000
[mtlr]   out: 0000007a00000000 0000000000100000 00000002c5cc211f 00000000003699ae
[uatrec] S4 r2 victim[3] rid 122 gpuva 0x100027a8000 cpu 0x10ce0c000 (top-of-stack)
[mtlr] resource2 sel8 flags 470 sz 0x100000 -> kr 0x00000000 rid 123 GPUVA 0x100028b0000 cpu 10cf0c000
[mtlr]   out: 00000100028b0000 000000010cf0c000 000000010ba29c40 0000000000000000
[mtlr]   out: 0000007b00000000 0000000000100000 00000002c5cc2120 00000000003699af
[uatrec] S4 r2 victim[4] rid 123 gpuva 0x100028b0000 cpu 0x10cf0c000 (top-of-stack)
[mtlr] resource2 sel8 flags 470 sz 0x100000 -> kr 0x00000000 rid 124 GPUVA 0x100029b8000 cpu 10d00c000
[mtlr]   out: 00000100029b8000 000000010d00c000 000000010ba29d00 0000000000000000
[mtlr]   out: 0000007c00000000 0000000000100000 00000002c5cc2129 00000000003699b0
[uatrec] S4 r2 victim[5] rid 124 gpuva 0x100029b8000 cpu 0x10d00c000 (top-of-stack)
[mtlr] resource2 sel8 flags 470 sz 0x100000 -> kr 0x00000000 rid 125 GPUVA 0x10002ac0000 cpu 10d10c000
[mtlr]   out: 0000010002ac0000 000000010d10c000 000000010ba29dc0 0000000000000000
[mtlr]   out: 0000007d00000000 0000000000100000 00000002c5cc2139 00000000003699b1
[uatrec] S4 r2 victim[6] rid 125 gpuva 0x10002ac0000 cpu 0x10d10c000 (top-of-stack)
[mtlr] resource2 sel8 flags 470 sz 0x100000 -> kr 0x00000000 rid 126 GPUVA 0x10002bc8000 cpu 10d20c000
[mtlr]   out: 0000010002bc8000 000000010d20c000 000000010ba29e80 0000000000000000
[mtlr]   out: 0000007e00000000 0000000000100000 00000002c5cc214f 00000000003699b2
[uatrec] S4 r2 victim[7] rid 126 gpuva 0x10002bc8000 cpu 0x10d20c000 (top-of-stack)
[mtlr] resource2 sel8 flags 470 sz 0x1000 -> kr 0x00000000 rid 119 GPUVA 0x10003480000 cpu 10dd5c000
[mtlr]   out: 0000010003480000 000000010dd5c000 000000010ba2e500 0000000000000000
[mtlr]   out: 0000007700000000 0000000000004000 00000002c5cc2191 00000000003699e0
[mtlr] resource2 sel8 flags 470 sz 0x1000 -> kr 0x00000000 rid 119 GPUVA 0x10003480000 cpu 10dd5c000
[mtlr]   out: 0000010003480000 000000010dd5c000 000000010ba2e500 0000000000000000
[mtlr]   out: 0000007700000000 0000000000004000 00000002c5cc2192 00000000003699e1
[mtlr] resource2 sel8 flags 470 sz 0x1000 -> kr 0x00000000 rid 119 GPUVA 0x10003480000 cpu 10dd5c000
[mtlr]   out: 0000010003480000 000000010dd5c000 000000010ba2e500 0000000000000000
[mtlr]   out: 0000007700000000 0000000000004000 00000002c5cc2193 00000000003699e2
[mtlr] resource2 sel8 flags 470 sz 0x1000 -> kr 0x00000000 rid 119 GPUVA 0x10003480000 cpu 10dd5c000
[mtlr]   out: 0000010003480000 000000010dd5c000 000000010ba2e500 0000000000000000
[mtlr]   out: 0000007700000000 0000000000004000 00000002c5cc2194 00000000003699e3
[mtlr] resource2 sel8 flags 470 sz 0x1000 -> kr 0x00000000 rid 119 GPUVA 0x10003480000 cpu 10dd5c000
[mtlr]   out: 0000010003480000 000000010dd5c000 000000010ba2e500 0000000000000000
[mtlr]   out: 0000007700000000 0000000000004000 00000002c5cc2195 00000000003699e4
[mtlr] resource2 sel8 flags 470 sz 0x1000 -> kr 0x00000000 rid 119 GPUVA 0x10003480000 cpu 10dd5c000
[mtlr]   out: 0000010003480000 000000010dd5c000 000000010ba2e500 0000000000000000
[mtlr]   out: 0000007700000000 0000000000004000 00000002c5cc2196 00000000003699e5
[mtlr] resource2 sel8 flags 470 sz 0x1000 -> kr 0x00000000 rid 119 GPUVA 0x10003480000 cpu 10dd5c000
[mtlr]   out: 0000010003480000 000000010dd5c000 000000010ba2e500 0000000000000000
[mtlr]   out: 0000007700000000 0000000000004000 00000002c5cc2197 00000000003699e6
[mtlr] resource2 sel8 flags 470 sz 0x1000 -> kr 0x00000000 rid 119 GPUVA 0x10003480000 cpu 10dd5c000
[mtlr]   out: 0000010003480000 000000010dd5c000 000000010ba2e500 0000000000000000
[mtlr]   out: 0000007700000000 0000000000004000 00000002c5cc2198 00000000003699e7
[mtlr] resource2 sel8 flags 470 sz 0x1000 -> kr 0x00000000 rid 119 GPUVA 0x10003480000 cpu 10dd5c000
[mtlr]   out: 0000010003480000 000000010dd5c000 000000010ba2e500 0000000000000000
[mtlr]   out: 0000007700000000 0000000000004000 00000002c5cc2199 00000000003699e8
[mtlr] resource2 sel8 flags 470 sz 0x1000 -> kr 0x00000000 rid 119 GPUVA 0x10003480000 cpu 10dd5c000
[mtlr]   out: 0000010003480000 000000010dd5c000 000000010ba2e500 0000000000000000
[mtlr]   out: 0000007700000000 0000000000004000 00000002c5cc219a 00000000003699e9
[mtlr] resource2 sel8 flags 470 sz 0x1000 -> kr 0x00000000 rid 119 GPUVA 0x10003480000 cpu 10dd5c000
[mtlr]   out: 0000010003480000 000000010dd5c000 000000010ba2e500 0000000000000000
[mtlr]   out: 0000007700000000 0000000000004000 00000002c5cc219b 00000000003699ea
[mtlr] resource2 sel8 flags 470 sz 0x1000 -> kr 0x00000000 rid 119 GPUVA 0x10003480000 cpu 10dd5c000
[mtlr]   out: 0000010003480000 000000010dd5c000 000000010ba2e500 0000000000000000
[mtlr]   out: 0000007700000000 0000000000004000 00000002c5cc219c 00000000003699eb
[mtlr] resource2 sel8 flags 470 sz 0x1000 -> kr 0x00000000 rid 119 GPUVA 0x10003480000 cpu 10dd5c000
[mtlr]   out: 0000010003480000 000000010dd5c000 000000010ba2e500 0000000000000000
[mtlr]   out: 0000007700000000 0000000000004000 00000002c5cc219d 00000000003699ec
[mtlr] resource2 sel8 flags 470 sz 0x1000 -> kr 0x00000000 rid 119 GPUVA 0x10003480000 cpu 10dd5c000
[mtlr]   out: 0000010003480000 000000010dd5c000 000000010ba2e500 0000000000000000
[mtlr]   out: 0000007700000000 0000000000004000 00000002c5cc219e 00000000003699ed
[mtlr] resource2 sel8 flags 470 sz 0x1000 -> kr 0x00000000 rid 119 GPUVA 0x10003480000 cpu 10dd5c000
[mtlr]   out: 0000010003480000 000000010dd5c000 000000010ba2e500 0000000000000000
[mtlr]   out: 0000007700000000 0000000000004000 00000002c5cc219f 00000000003699ee
[mtlr] resource2 sel8 flags 470 sz 0x1000 -> kr 0x00000000 rid 119 GPUVA 0x10003480000 cpu 10dd5c000
[mtlr]   out: 0000010003480000 000000010dd5c000 000000010ba2e500 0000000000000000
[mtlr]   out: 0000007700000000 0000000000004000 00000002c5cc21a0 00000000003699ef
[mtlr] resource2 sel8 flags 470 sz 0x1000 -> kr 0x00000000 rid 119 GPUVA 0x10003480000 cpu 10dd5c000
[mtlr]   out: 0000010003480000 000000010dd5c000 000000010ba2e500 0000000000000000
[mtlr]   out: 0000007700000000 0000000000004000 00000002c5cc21a1 00000000003699f0
[mtlr] resource2 sel8 flags 470 sz 0x1000 -> kr 0x00000000 rid 119 GPUVA 0x10003480000 cpu 10dd5c000
[mtlr]   out: 0000010003480000 000000010dd5c000 000000010ba2e500 0000000000000000
[mtlr]   out: 0000007700000000 0000000000004000 00000002c5cc21a2 00000000003699f1
[mtlr] resource2 sel8 flags 470 sz 0x1000 -> kr 0x00000000 rid 119 GPUVA 0x10003480000 cpu 10dd5c000
[mtlr]   out: 0000010003480000 000000010dd5c000 000000010ba2e500 0000000000000000
[mtlr]   out: 0000007700000000 0000000000004000 00000002c5cc21a3 00000000003699f2
[mtlr] resource2 sel8 flags 470 sz 0x1000 -> kr 0x00000000 rid 119 GPUVA 0x10003480000 cpu 10dd5c000
[mtlr]   out: 0000010003480000 000000010dd5c000 000000010ba2e500 0000000000000000
[mtlr]   out: 0000007700000000 0000000000004000 00000002c5cc21a4 00000000003699f3
[mtlr] resource2 sel8 flags 470 sz 0x1000 -> kr 0x00000000 rid 119 GPUVA 0x10003480000 cpu 10dd5c000
[mtlr]   out: 0000010003480000 000000010dd5c000 000000010ba2e500 0000000000000000
[mtlr]   out: 0000007700000000 0000000000004000 00000002c5cc21a5 00000000003699f4
[mtlr] resource2 sel8 flags 470 sz 0x1000 -> kr 0x00000000 rid 119 GPUVA 0x10003480000 cpu 10dd5c000
[mtlr]   out: 0000010003480000 000000010dd5c000 000000010ba2e500 0000000000000000
[mtlr]   out: 0000007700000000 0000000000004000 00000002c5cc21a6 00000000003699f5
[mtlr] resource2 sel8 flags 470 sz 0x1000 -> kr 0x00000000 rid 119 GPUVA 0x10003480000 cpu 10dd5c000
[mtlr]   out: 0000010003480000 000000010dd5c000 000000010ba2e500 0000000000000000
[mtlr]   out: 0000007700000000 0000000000004000 00000002c5cc21a7 00000000003699f6
[mtlr] resource2 sel8 flags 470 sz 0x1000 -> kr 0x00000000 rid 119 GPUVA 0x10003480000 cpu 10dd5c000
[mtlr]   out: 0000010003480000 000000010dd5c000 000000010ba2e500 0000000000000000
[mtlr]   out: 0000007700000000 0000000000004000 00000002c5cc21a8 00000000003699f7
[mtlr] resource2 sel8 flags 470 sz 0x1000 -> kr 0x00000000 rid 119 GPUVA 0x10003480000 cpu 10dd5c000
[mtlr]   out: 0000010003480000 000000010dd5c000 000000010ba2e500 0000000000000000
[mtlr]   out: 0000007700000000 0000000000004000 00000002c5cc21a9 00000000003699f8
[mtlr] resource2 sel8 flags 470 sz 0x1000 -> kr 0x00000000 rid 119 GPUVA 0x10003480000 cpu 10dd5c000
[mtlr]   out: 0000010003480000 000000010dd5c000 000000010ba2e500 0000000000000000
[mtlr]   out: 0000007700000000 0000000000004000 00000002c5cc21aa 00000000003699f9
[mtlr] resource2 sel8 flags 470 sz 0x1000 -> kr 0x00000000 rid 119 GPUVA 0x10003480000 cpu 10dd5c000
[mtlr]   out: 0000010003480000 000000010dd5c000 000000010ba2e500 0000000000000000
[mtlr]   out: 0000007700000000 0000000000004000 00000002c5cc21ab 00000000003699fa
[mtlr] resource2 sel8 flags 470 sz 0x1000 -> kr 0x00000000 rid 119 GPUVA 0x10003480000 cpu 10dd5c000
[mtlr]   out: 0000010003480000 000000010dd5c000 000000010ba2e500 0000000000000000
[mtlr]   out: 0000007700000000 0000000000004000 00000002c5cc21ac 00000000003699fb
[mtlr] resource2 sel8 flags 470 sz 0x1000 -> kr 0x00000000 rid 119 GPUVA 0x10003480000 cpu 10dd5c000
[mtlr]   out: 0000010003480000 000000010dd5c000 000000010ba2e500 0000000000000000
[mtlr]   out: 0000007700000000 0000000000004000 00000002c5cc21ad 00000000003699fc
[mtlr] resource2 sel8 flags 470 sz 0x1000 -> kr 0x00000000 rid 119 GPUVA 0x10003480000 cpu 10dd5c000
[mtlr]   out: 0000010003480000 000000010dd5c000 000000010ba2e500 0000000000000000
[mtlr]   out: 0000007700000000 0000000000004000 00000002c5cc21ae 00000000003699fd
[mtlr] resource2 sel8 flags 470 sz 0x1000 -> kr 0x00000000 rid 119 GPUVA 0x10003480000 cpu 10dd5c000
[mtlr]   out: 0000010003480000 000000010dd5c000 000000010ba2e500 0000000000000000
[mtlr]   out: 0000007700000000 0000000000004000 00000002c5cc21af 00000000003699fe
[mtlr] resource2 sel8 flags 470 sz 0x1000 -> kr 0x00000000 rid 119 GPUVA 0x10003480000 cpu 10dd5c000
[mtlr]   out: 0000010003480000 000000010dd5c000 000000010ba2e500 0000000000000000
[mtlr]   out: 0000007700000000 0000000000004000 00000002c5cc21b0 00000000003699ff
[mtlr] resource2 sel8 flags 470 sz 0x1000 -> kr 0x00000000 rid 119 GPUVA 0x10003480000 cpu 10dd5c000
[mtlr]   out: 0000010003480000 000000010dd5c000 000000010ba2e500 0000000000000000
[mtlr]   out: 0000007700000000 0000000000004000 00000002c5cc21b1 0000000000369a00
[mtlr] resource2 sel8 flags 470 sz 0x1000 -> kr 0x00000000 rid 119 GPUVA 0x10003480000 cpu 10dd5c000
[mtlr]   out: 0000010003480000 000000010dd5c000 000000010ba2e500 0000000000000000
[mtlr]   out: 0000007700000000 0000000000004000 00000002c5cc21b2 0000000000369a01
[mtlr] resource2 sel8 flags 470 sz 0x1000 -> kr 0x00000000 rid 119 GPUVA 0x10003480000 cpu 10dd5c000
[mtlr]   out: 0000010003480000 000000010dd5c000 000000010ba2e500 0000000000000000
[mtlr]   out: 0000007700000000 0000000000004000 00000002c5cc21b3 0000000000369a02
[mtlr] resource2 sel8 flags 470 sz 0x1000 -> kr 0x00000000 rid 119 GPUVA 0x10003480000 cpu 10dd5c000
[mtlr]   out: 0000010003480000 000000010dd5c000 000000010ba2e500 0000000000000000
[mtlr]   out: 0000007700000000 0000000000004000 00000002c5cc21b4 0000000000369a03
[mtlr] resource2 sel8 flags 470 sz 0x1000 -> kr 0x00000000 rid 119 GPUVA 0x10003480000 cpu 10dd5c000
[mtlr]   out: 0000010003480000 000000010dd5c000 000000010ba2e500 0000000000000000
[mtlr]   out: 0000007700000000 0000000000004000 00000002c5cc21b5 0000000000369a04
[mtlr] resource2 sel8 flags 470 sz 0x1000 -> kr 0x00000000 rid 119 GPUVA 0x10003480000 cpu 10dd5c000
[mtlr]   out: 0000010003480000 000000010dd5c000 000000010ba2e500 0000000000000000
[mtlr]   out: 0000007700000000 0000000000004000 00000002c5cc21b6 0000000000369a05
[mtlr] resource2 sel8 flags 470 sz 0x1000 -> kr 0x00000000 rid 119 GPUVA 0x10003480000 cpu 10dd5c000
[mtlr]   out: 0000010003480000 000000010dd5c000 000000010ba2e500 0000000000000000
[mtlr]   out: 0000007700000000 0000000000004000 00000002c5cc21b7 0000000000369a06
[mtlr] resource2 sel8 flags 470 sz 0x1000 -> kr 0x00000000 rid 119 GPUVA 0x10003480000 cpu 10dd5c000
[mtlr]   out: 0000010003480000 000000010dd5c000 000000010ba2e500 0000000000000000
[mtlr]   out: 0000007700000000 0000000000004000 00000002c5cc21b8 0000000000369a07
[uatrec] S4 r2 (+0s): nvv 8 ncb 8 vsz 0x100000 fill 0xfffffff007000000 destroy0 kr 0x00000000 nj 40
[uatrec] S4 r2 blit[0] slots 8 ridp 1
[uatrec] S4 r2 blit[1] slots 8 ridp 1
[uatrec] S4 r2 blit[2] slots 8 ridp 1
[uatrec] S4 r2 blit[3] slots 8 ridp 1
[uatrec] S4 r2 blit[4] slots 7 ridp 1
[uatrec] S4 r2 blit[5] slots 7 ridp 1
[uatrec] S4 r2 blit[6] slots 9 ridp 1
[uatrec] S4 r2 blit[7] slots 8 ridp 1
[mtlr] resource2 sel8 flags 470 sz 0x100000 -> kr 0x00000000 rid 119 GPUVA 0x10002490000 cpu 10d414000
[mtlr]   out: 0000010002490000 000000010d414000 000000010ba29940 0000000000000000
[mtlr]   out: 0000007700000000 0000000000100000 00000002c5cc2280 0000000000369a0a
[uatrec] S4 r3 victim[0] rid 119 gpuva 0x10002490000 cpu 0x10d414000 (top-of-stack)
[mtlr] resource2 sel8 flags 470 sz 0x100000 -> kr 0x00000000 rid 120 GPUVA 0x10002598000 cpu 10d514000
[mtlr]   out: 0000010002598000 000000010d514000 000000010ba29a00 0000000000000000
[mtlr]   out: 0000007800000000 0000000000100000 00000002c5cc2281 0000000000369a0b
[uatrec] S4 r3 victim[1] rid 120 gpuva 0x10002598000 cpu 0x10d514000 (top-of-stack)
[mtlr] resource2 sel8 flags 470 sz 0x100000 -> kr 0x00000000 rid 121 GPUVA 0x100026a0000 cpu 10d614000
[mtlr]   out: 00000100026a0000 000000010d614000 000000010ba29ac0 0000000000000000
[mtlr]   out: 0000007900000000 0000000000100000 00000002c5cc2282 0000000000369a0c
[uatrec] S4 r3 victim[2] rid 121 gpuva 0x100026a0000 cpu 0x10d614000 (top-of-stack)
[mtlr] resource2 sel8 flags 470 sz 0x100000 -> kr 0x00000000 rid 122 GPUVA 0x100027a8000 cpu 10d714000
[mtlr]   out: 00000100027a8000 000000010d714000 000000010ba29b80 0000000000000000
[mtlr]   out: 0000007a00000000 0000000000100000 00000002c5cc2283 0000000000369a0d
[uatrec] S4 r3 victim[3] rid 122 gpuva 0x100027a8000 cpu 0x10d714000 (top-of-stack)
[mtlr] resource2 sel8 flags 470 sz 0x100000 -> kr 0x00000000 rid 123 GPUVA 0x100028b0000 cpu 10ce14000
[mtlr]   out: 00000100028b0000 000000010ce14000 000000010ba29c40 0000000000000000
[mtlr]   out: 0000007b00000000 0000000000100000 00000002c5cc2284 0000000000369a0e
[uatrec] S4 r3 victim[4] rid 123 gpuva 0x100028b0000 cpu 0x10ce14000 (top-of-stack)
[mtlr] resource2 sel8 flags 470 sz 0x100000 -> kr 0x00000000 rid 124 GPUVA 0x100029b8000 cpu 10cf14000
[mtlr]   out: 00000100029b8000 000000010cf14000 000000010ba29d00 0000000000000000
[mtlr]   out: 0000007c00000000 0000000000100000 00000002c5cc228c 0000000000369a0f
[uatrec] S4 r3 victim[5] rid 124 gpuva 0x100029b8000 cpu 0x10cf14000 (top-of-stack)
[mtlr] resource2 sel8 flags 470 sz 0x100000 -> kr 0x00000000 rid 125 GPUVA 0x10002ac0000 cpu 10d014000
[mtlr]   out: 0000010002ac0000 000000010d014000 000000010ba29dc0 0000000000000000
[mtlr]   out: 0000007d00000000 0000000000100000 00000002c5cc228d 0000000000369a10
[uatrec] S4 r3 victim[6] rid 125 gpuva 0x10002ac0000 cpu 0x10d014000 (top-of-stack)
[mtlr] resource2 sel8 flags 470 sz 0x100000 -> kr 0x00000000 rid 126 GPUVA 0x10002bc8000 cpu 10d114000
[mtlr]   out: 0000010002bc8000 000000010d114000 000000010ba29e80 0000000000000000
[mtlr]   out: 0000007e00000000 0000000000100000 00000002c5cc228e 0000000000369a11
[uatrec] S4 r3 victim[7] rid 126 gpuva 0x10002bc8000 cpu 0x10d114000 (top-of-stack)
[mtlr] resource2 sel8 flags 470 sz 0x1000 -> kr 0x00000000 rid 119 GPUVA 0x10003480000 cpu 10d814000
[mtlr]   out: 0000010003480000 000000010d814000 000000010ba2e500 0000000000000000
[mtlr]   out: 0000007700000000 0000000000004000 00000002c5cc22d1 0000000000369a1b
[mtlr] resource2 sel8 flags 470 sz 0x1000 -> kr 0x00000000 rid 119 GPUVA 0x10003480000 cpu 10d814000
[mtlr]   out: 0000010003480000 000000010d814000 000000010ba2e500 0000000000000000
[mtlr]   out: 0000007700000000 0000000000004000 00000002c5cc22d2 0000000000369a1c
[mtlr] resource2 sel8 flags 470 sz 0x1000 -> kr 0x00000000 rid 119 GPUVA 0x10003480000 cpu 10d814000
[mtlr]   out: 0000010003480000 000000010d814000 000000010ba2e500 0000000000000000
[mtlr]   out: 0000007700000000 0000000000004000 00000002c5cc22d3 0000000000369a1d
[mtlr] resource2 sel8 flags 470 sz 0x1000 -> kr 0x00000000 rid 119 GPUVA 0x10003480000 cpu 10d814000
[mtlr]   out: 0000010003480000 000000010d814000 000000010ba2e500 0000000000000000
[mtlr]   out: 0000007700000000 0000000000004000 00000002c5cc22d4 0000000000369a1e
[mtlr] resource2 sel8 flags 470 sz 0x1000 -> kr 0x00000000 rid 119 GPUVA 0x10003480000 cpu 10d814000
[mtlr]   out: 0000010003480000 000000010d814000 000000010ba2e500 0000000000000000
[mtlr]   out: 0000007700000000 0000000000004000 00000002c5cc22d5 0000000000369a1f
[mtlr] resource2 sel8 flags 470 sz 0x1000 -> kr 0x00000000 rid 119 GPUVA 0x10003480000 cpu 10d814000
[mtlr]   out: 0000010003480000 000000010d814000 000000010ba2e500 0000000000000000
[mtlr]   out: 0000007700000000 0000000000004000 00000002c5cc22d6 0000000000369a20
[mtlr] resource2 sel8 flags 470 sz 0x1000 -> kr 0x00000000 rid 119 GPUVA 0x10003480000 cpu 10d814000
[mtlr]   out: 0000010003480000 000000010d814000 000000010ba2e500 0000000000000000
[mtlr]   out: 0000007700000000 0000000000004000 00000002c5cc22d7 0000000000369a21
[mtlr] resource2 sel8 flags 470 sz 0x1000 -> kr 0x00000000 rid 119 GPUVA 0x10003480000 cpu 10d814000
[mtlr]   out: 0000010003480000 000000010d814000 000000010ba2e500 0000000000000000
[mtlr]   out: 0000007700000000 0000000000004000 00000002c5cc22d8 0000000000369a22
[mtlr] resource2 sel8 flags 470 sz 0x1000 -> kr 0x00000000 rid 119 GPUVA 0x10003480000 cpu 10d814000
[mtlr]   out: 0000010003480000 000000010d814000 000000010ba2e500 0000000000000000
[mtlr]   out: 0000007700000000 0000000000004000 00000002c5cc22d9 0000000000369a23
[mtlr] resource2 sel8 flags 470 sz 0x1000 -> kr 0x00000000 rid 119 GPUVA 0x10003480000 cpu 10d814000
[mtlr]   out: 0000010003480000 000000010d814000 000000010ba2e500 0000000000000000
[mtlr]   out: 0000007700000000 0000000000004000 00000002c5cc22da 0000000000369a24
[mtlr] resource2 sel8 flags 470 sz 0x1000 -> kr 0x00000000 rid 119 GPUVA 0x10003480000 cpu 10d814000
[mtlr]   out: 0000010003480000 000000010d814000 000000010ba2e500 0000000000000000
[mtlr]   out: 0000007700000000 0000000000004000 00000002c5cc22db 0000000000369a25
[mtlr] resource2 sel8 flags 470 sz 0x1000 -> kr 0x00000000 rid 119 GPUVA 0x10003480000 cpu 10d814000
[mtlr]   out: 0000010003480000 000000010d814000 000000010ba2e500 0000000000000000
[mtlr]   out: 0000007700000000 0000000000004000 00000002c5cc22dc 0000000000369a26
[mtlr] resource2 sel8 flags 470 sz 0x1000 -> kr 0x00000000 rid 119 GPUVA 0x10003480000 cpu 10d814000
[mtlr]   out: 0000010003480000 000000010d814000 000000010ba2e500 0000000000000000
[mtlr]   out: 0000007700000000 0000000000004000 00000002c5cc22dd 0000000000369a27
[mtlr] resource2 sel8 flags 470 sz 0x1000 -> kr 0x00000000 rid 119 GPUVA 0x10003480000 cpu 10d814000
[mtlr]   out: 0000010003480000 000000010d814000 000000010ba2e500 0000000000000000
[mtlr]   out: 0000007700000000 0000000000004000 00000002c5cc22de 0000000000369a28
[mtlr] resource2 sel8 flags 470 sz 0x1000 -> kr 0x00000000 rid 119 GPUVA 0x10003480000 cpu 10d814000
[mtlr]   out: 0000010003480000 000000010d814000 000000010ba2e500 0000000000000000
[mtlr]   out: 0000007700000000 0000000000004000 00000002c5cc22df 0000000000369a29
[mtlr] resource2 sel8 flags 470 sz 0x1000 -> kr 0x00000000 rid 119 GPUVA 0x10003480000 cpu 10d814000
[mtlr]   out: 0000010003480000 000000010d814000 000000010ba2e500 0000000000000000
[mtlr]   out: 0000007700000000 0000000000004000 00000002c5cc22e0 0000000000369a2a
[mtlr] resource2 sel8 flags 470 sz 0x1000 -> kr 0x00000000 rid 119 GPUVA 0x10003480000 cpu 10d814000
[mtlr]   out: 0000010003480000 000000010d814000 000000010ba2e500 0000000000000000
[mtlr]   out: 0000007700000000 0000000000004000 00000002c5cc22e1 0000000000369a2b
[mtlr] resource2 sel8 flags 470 sz 0x1000 -> kr 0x00000000 rid 119 GPUVA 0x10003480000 cpu 10d814000
[mtlr]   out: 0000010003480000 000000010d814000 000000010ba2e500 0000000000000000
[mtlr]   out: 0000007700000000 0000000000004000 00000002c5cc22e2 0000000000369a2c
[mtlr] resource2 sel8 flags 470 sz 0x1000 -> kr 0x00000000 rid 119 GPUVA 0x10003480000 cpu 10d814000
[mtlr]   out: 0000010003480000 000000010d814000 000000010ba2e500 0000000000000000
[mtlr]   out: 0000007700000000 0000000000004000 00000002c5cc22e3 0000000000369a2d
[mtlr] resource2 sel8 flags 470 sz 0x1000 -> kr 0x00000000 rid 119 GPUVA 0x10003480000 cpu 10d814000
[mtlr]   out: 0000010003480000 000000010d814000 000000010ba2e500 0000000000000000
[mtlr]   out: 0000007700000000 0000000000004000 00000002c5cc22e4 0000000000369a2e
[mtlr] resource2 sel8 flags 470 sz 0x1000 -> kr 0x00000000 rid 119 GPUVA 0x10003480000 cpu 10d814000
[mtlr]   out: 0000010003480000 000000010d814000 000000010ba2e500 0000000000000000
[mtlr]   out: 0000007700000000 0000000000004000 00000002c5cc22e5 0000000000369a2f
[mtlr] resource2 sel8 flags 470 sz 0x1000 -> kr 0x00000000 rid 119 GPUVA 0x10003480000 cpu 10d814000
[mtlr]   out: 0000010003480000 000000010d814000 000000010ba2e500 0000000000000000
[mtlr]   out: 0000007700000000 0000000000004000 00000002c5cc22e6 0000000000369a30
[mtlr] resource2 sel8 flags 470 sz 0x1000 -> kr 0x00000000 rid 119 GPUVA 0x10003480000 cpu 10d814000
[mtlr]   out: 0000010003480000 000000010d814000 000000010ba2e500 0000000000000000
[mtlr]   out: 0000007700000000 0000000000004000 00000002c5cc22e7 0000000000369a31
[mtlr] resource2 sel8 flags 470 sz 0x1000 -> kr 0x00000000 rid 119 GPUVA 0x10003480000 cpu 10d814000
[mtlr]   out: 0000010003480000 000000010d814000 000000010ba2e500 0000000000000000
[mtlr]   out: 0000007700000000 0000000000004000 00000002c5cc22e8 0000000000369a32
[mtlr] resource2 sel8 flags 470 sz 0x1000 -> kr 0x00000000 rid 119 GPUVA 0x10003480000 cpu 10d814000
[mtlr]   out: 0000010003480000 000000010d814000 000000010ba2e500 0000000000000000
[mtlr]   out: 0000007700000000 0000000000004000 00000002c5cc22e9 0000000000369a33
[mtlr] resource2 sel8 flags 470 sz 0x1000 -> kr 0x00000000 rid 119 GPUVA 0x10003480000 cpu 10d814000
[mtlr]   out: 0000010003480000 000000010d814000 000000010ba2e500 0000000000000000
[mtlr]   out: 0000007700000000 0000000000004000 00000002c5cc22ea 0000000000369a34
[mtlr] resource2 sel8 flags 470 sz 0x1000 -> kr 0x00000000 rid 119 GPUVA 0x10003480000 cpu 10d814000
[mtlr]   out: 0000010003480000 000000010d814000 000000010ba2e500 0000000000000000
[mtlr]   out: 0000007700000000 0000000000004000 00000002c5cc22eb 0000000000369a35
[mtlr] resource2 sel8 flags 470 sz 0x1000 -> kr 0x00000000 rid 119 GPUVA 0x10003480000 cpu 10d814000
[mtlr]   out: 0000010003480000 000000010d814000 000000010ba2e500 0000000000000000
[mtlr]   out: 0000007700000000 0000000000004000 00000002c5cc22ec 0000000000369a36
[mtlr] resource2 sel8 flags 470 sz 0x1000 -> kr 0x00000000 rid 119 GPUVA 0x10003480000 cpu 10d814000
[mtlr]   out: 0000010003480000 000000010d814000 000000010ba2e500 0000000000000000
[mtlr]   out: 0000007700000000 0000000000004000 00000002c5cc22ed 0000000000369a37
[mtlr] resource2 sel8 flags 470 sz 0x1000 -> kr 0x00000000 rid 119 GPUVA 0x10003480000 cpu 10d814000
[mtlr]   out: 0000010003480000 000000010d814000 000000010ba2e500 0000000000000000
[mtlr]   out: 0000007700000000 0000000000004000 00000002c5cc22ee 0000000000369a38
[mtlr] resource2 sel8 flags 470 sz 0x1000 -> kr 0x00000000 rid 119 GPUVA 0x10003480000 cpu 10d814000
[mtlr]   out: 0000010003480000 000000010d814000 000000010ba2e500 0000000000000000
[mtlr]   out: 0000007700000000 0000000000004000 00000002c5cc22ef 0000000000369a39
[mtlr] resource2 sel8 flags 470 sz 0x1000 -> kr 0x00000000 rid 119 GPUVA 0x10003480000 cpu 10d814000
[mtlr]   out: 0000010003480000 000000010d814000 000000010ba2e500 0000000000000000
[mtlr]   out: 0000007700000000 0000000000004000 00000002c5cc22f0 0000000000369a3a
[mtlr] resource2 sel8 flags 470 sz 0x1000 -> kr 0x00000000 rid 119 GPUVA 0x10003480000 cpu 10d814000
[mtlr]   out: 0000010003480000 000000010d814000 000000010ba2e500 0000000000000000
[mtlr]   out: 0000007700000000 0000000000004000 00000002c5cc22f1 0000000000369a3b
[mtlr] resource2 sel8 flags 470 sz 0x1000 -> kr 0x00000000 rid 119 GPUVA 0x10003480000 cpu 10d814000
[mtlr]   out: 0000010003480000 000000010d814000 000000010ba2e500 0000000000000000
[mtlr]   out: 0000007700000000 0000000000004000 00000002c5cc22f2 0000000000369a3c
[mtlr] resource2 sel8 flags 470 sz 0x1000 -> kr 0x00000000 rid 119 GPUVA 0x10003480000 cpu 10d814000
[mtlr]   out: 0000010003480000 000000010d814000 000000010ba2e500 0000000000000000
[mtlr]   out: 0000007700000000 0000000000004000 00000002c5cc22f3 0000000000369a3d
[mtlr] resource2 sel8 flags 470 sz 0x1000 -> kr 0x00000000 rid 119 GPUVA 0x10003480000 cpu 10d814000
[mtlr]   out: 0000010003480000 000000010d814000 000000010ba2e500 0000000000000000
[mtlr]   out: 0000007700000000 0000000000004000 00000002c5cc22f4 0000000000369a3e
[mtlr] resource2 sel8 flags 470 sz 0x1000 -> kr 0x00000000 rid 119 GPUVA 0x10003480000 cpu 10d814000
[mtlr]   out: 0000010003480000 000000010d814000 000000010ba2e500 0000000000000000
[mtlr]   out: 0000007700000000 0000000000004000 00000002c5cc22f5 0000000000369a3f
[mtlr] resource2 sel8 flags 470 sz 0x1000 -> kr 0x00000000 rid 119 GPUVA 0x10003480000 cpu 10d814000
[mtlr]   out: 0000010003480000 000000010d814000 000000010ba2e500 0000000000000000
[mtlr]   out: 0000007700000000 0000000000004000 00000002c5cc22f6 0000000000369a40
[mtlr] resource2 sel8 flags 470 sz 0x1000 -> kr 0x00000000 rid 119 GPUVA 0x10003480000 cpu 10d814000
[mtlr]   out: 0000010003480000 000000010d814000 000000010ba2e500 0000000000000000
[mtlr]   out: 0000007700000000 0000000000004000 00000002c5cc22f7 0000000000369a41
[mtlr] resource2 sel8 flags 470 sz 0x1000 -> kr 0x00000000 rid 119 GPUVA 0x10003480000 cpu 10d814000
[mtlr]   out: 0000010003480000 000000010d814000 000000010ba2e500 0000000000000000
[mtlr]   out: 0000007700000000 0000000000004000 00000002c5cc22f8 0000000000369a42
[uatrec] S4 r3 (+0s): nvv 8 ncb 8 vsz 0x100000 fill 0xfffffff007000000 destroy0 kr 0x00000000 nj 40
[uatrec] S4 r3 blit[0] slots 8 ridp 1
[uatrec] S4 r3 blit[1] slots 8 ridp 1
[uatrec] S4 r3 blit[2] slots 8 ridp 1
[uatrec] S4 r3 blit[3] slots 8 ridp 1
[uatrec] S4 r3 blit[4] slots 8 ridp 1
[uatrec] S4 r3 blit[5] slots 8 ridp 1
[uatrec] S4 r3 blit[6] slots 8 ridp 1
[uatrec] S4 r3 blit[7] slots 8 ridp 1
[mtlr] resource2 sel8 flags 470 sz 0x100000 -> kr 0x00000000 rid 119 GPUVA 0x10002490000 cpu 10d314000
[mtlr]   out: 0000010002490000 000000010d314000 000000010ba29940 0000000000000000
[mtlr]   out: 0000007700000000 0000000000100000 00000002c5cc238f 0000000000369a45
[uatrec] S4 r4 victim[0] rid 119 gpuva 0x10002490000 cpu 0x10d314000 (top-of-stack)
[mtlr] resource2 sel8 flags 470 sz 0x100000 -> kr 0x00000000 rid 120 GPUVA 0x10002598000 cpu 10d974000
[mtlr]   out: 0000010002598000 000000010d974000 000000010ba29a00 0000000000000000
[mtlr]   out: 0000007800000000 0000000000100000 00000002c5cc2390 0000000000369a46
[uatrec] S4 r4 victim[1] rid 120 gpuva 0x10002598000 cpu 0x10d974000 (top-of-stack)
[mtlr] resource2 sel8 flags 470 sz 0x100000 -> kr 0x00000000 rid 121 GPUVA 0x100026a0000 cpu 10dae4000
[mtlr]   out: 00000100026a0000 000000010dae4000 000000010ba29ac0 0000000000000000
[mtlr]   out: 0000007900000000 0000000000100000 00000002c5cc2391 0000000000369a47
[uatrec] S4 r4 victim[2] rid 121 gpuva 0x100026a0000 cpu 0x10dae4000 (top-of-stack)
[mtlr] resource2 sel8 flags 470 sz 0x100000 -> kr 0x00000000 rid 122 GPUVA 0x100027a8000 cpu 10dc54000
[mtlr]   out: 00000100027a8000 000000010dc54000 000000010ba29b80 0000000000000000
[mtlr]   out: 0000007a00000000 0000000000100000 00000002c5cc2392 0000000000369a48
[uatrec] S4 r4 victim[3] rid 122 gpuva 0x100027a8000 cpu 0x10dc54000 (top-of-stack)
[mtlr] resource2 sel8 flags 470 sz 0x100000 -> kr 0x00000000 rid 123 GPUVA 0x100028b0000 cpu 10ce14000
[mtlr]   out: 00000100028b0000 000000010ce14000 000000010ba29c40 0000000000000000
[mtlr]   out: 0000007b00000000 0000000000100000 00000002c5cc2393 0000000000369a49
[uatrec] S4 r4 victim[4] rid 123 gpuva 0x100028b0000 cpu 0x10ce14000 (top-of-stack)
[mtlr] resource2 sel8 flags 470 sz 0x100000 -> kr 0x00000000 rid 124 GPUVA 0x100029b8000 cpu 10cf14000
[mtlr]   out: 00000100029b8000 000000010cf14000 000000010ba29d00 0000000000000000
[mtlr]   out: 0000007c00000000 0000000000100000 00000002c5cc239b 0000000000369a4a
[uatrec] S4 r4 victim[5] rid 124 gpuva 0x100029b8000 cpu 0x10cf14000 (top-of-stack)
[mtlr] resource2 sel8 flags 470 sz 0x100000 -> kr 0x00000000 rid 125 GPUVA 0x10002ac0000 cpu 10d014000
[mtlr]   out: 0000010002ac0000 000000010d014000 000000010ba29dc0 0000000000000000
[mtlr]   out: 0000007d00000000 0000000000100000 00000002c5cc239c 0000000000369a4b
[uatrec] S4 r4 victim[6] rid 125 gpuva 0x10002ac0000 cpu 0x10d014000 (top-of-stack)
[mtlr] resource2 sel8 flags 470 sz 0x100000 -> kr 0x00000000 rid 126 GPUVA 0x10002bc8000 cpu 10d114000
[mtlr]   out: 0000010002bc8000 000000010d114000 000000010ba29e80 0000000000000000
[mtlr]   out: 0000007e00000000 0000000000100000 00000002c5cc239d 0000000000369a4c
[uatrec] S4 r4 victim[7] rid 126 gpuva 0x10002bc8000 cpu 0x10d114000 (top-of-stack)
[mtlr] resource2 sel8 flags 470 sz 0x1000 -> kr 0x00000000 rid 119 GPUVA 0x10003480000 cpu 10d814000
[mtlr]   out: 0000010003480000 000000010d814000 000000010ba2e500 0000000000000000
[mtlr]   out: 0000007700000000 0000000000004000 00000002c5cc23e2 0000000000369a56
[mtlr] resource2 sel8 flags 470 sz 0x1000 -> kr 0x00000000 rid 119 GPUVA 0x10003480000 cpu 10d814000
[mtlr]   out: 0000010003480000 000000010d814000 000000010ba2e500 0000000000000000
[mtlr]   out: 0000007700000000 0000000000004000 00000002c5cc23e3 0000000000369a57
[mtlr] resource2 sel8 flags 470 sz 0x1000 -> kr 0x00000000 rid 119 GPUVA 0x10003480000 cpu 10d814000
[mtlr]   out: 0000010003480000 000000010d814000 000000010ba2e500 0000000000000000
[mtlr]   out: 0000007700000000 0000000000004000 00000002c5cc23e4 0000000000369a58
[mtlr] resource2 sel8 flags 470 sz 0x1000 -> kr 0x00000000 rid 119 GPUVA 0x10003480000 cpu 10d814000
[mtlr]   out: 0000010003480000 000000010d814000 000000010ba2e500 0000000000000000
[mtlr]   out: 0000007700000000 0000000000004000 00000002c5cc23e5 0000000000369a59
[mtlr] resource2 sel8 flags 470 sz 0x1000 -> kr 0x00000000 rid 119 GPUVA 0x10003480000 cpu 10d814000
[mtlr]   out: 0000010003480000 000000010d814000 000000010ba2e500 0000000000000000
[mtlr]   out: 0000007700000000 0000000000004000 00000002c5cc23e6 0000000000369a5a
[mtlr] resource2 sel8 flags 470 sz 0x1000 -> kr 0x00000000 rid 119 GPUVA 0x10003480000 cpu 10d814000
[mtlr]   out: 0000010003480000 000000010d814000 000000010ba2e500 0000000000000000
[mtlr]   out: 0000007700000000 0000000000004000 00000002c5cc23e7 0000000000369a5b
[mtlr] resource2 sel8 flags 470 sz 0x1000 -> kr 0x00000000 rid 119 GPUVA 0x10003480000 cpu 10d814000
[mtlr]   out: 0000010003480000 000000010d814000 000000010ba2e500 0000000000000000
[mtlr]   out: 0000007700000000 0000000000004000 00000002c5cc23e8 0000000000369a5c
[mtlr] resource2 sel8 flags 470 sz 0x1000 -> kr 0x00000000 rid 119 GPUVA 0x10003480000 cpu 10d814000
[mtlr]   out: 0000010003480000 000000010d814000 000000010ba2e500 0000000000000000
[mtlr]   out: 0000007700000000 0000000000004000 00000002c5cc23e9 0000000000369a5d
[mtlr] resource2 sel8 flags 470 sz 0x1000 -> kr 0x00000000 rid 119 GPUVA 0x10003480000 cpu 10d814000
[mtlr]   out: 0000010003480000 000000010d814000 000000010ba2e500 0000000000000000
[mtlr]   out: 0000007700000000 0000000000004000 00000002c5cc23ea 0000000000369a5e
[mtlr] resource2 sel8 flags 470 sz 0x1000 -> kr 0x00000000 rid 119 GPUVA 0x10003480000 cpu 10d814000
[mtlr]   out: 0000010003480000 000000010d814000 000000010ba2e500 0000000000000000
[mtlr]   out: 0000007700000000 0000000000004000 00000002c5cc23eb 0000000000369a5f
[mtlr] resource2 sel8 flags 470 sz 0x1000 -> kr 0x00000000 rid 119 GPUVA 0x10003480000 cpu 10d814000
[mtlr]   out: 0000010003480000 000000010d814000 000000010ba2e500 0000000000000000
[mtlr]   out: 0000007700000000 0000000000004000 00000002c5cc23ec 0000000000369a60
[mtlr] resource2 sel8 flags 470 sz 0x1000 -> kr 0x00000000 rid 119 GPUVA 0x10003480000 cpu 10d814000
[mtlr]   out: 0000010003480000 000000010d814000 000000010ba2e500 0000000000000000
[mtlr]   out: 0000007700000000 0000000000004000 00000002c5cc23ed 0000000000369a61
[mtlr] resource2 sel8 flags 470 sz 0x1000 -> kr 0x00000000 rid 119 GPUVA 0x10003480000 cpu 10d814000
[mtlr]   out: 0000010003480000 000000010d814000 000000010ba2e500 0000000000000000
[mtlr]   out: 0000007700000000 0000000000004000 00000002c5cc23ee 0000000000369a62
[mtlr] resource2 sel8 flags 470 sz 0x1000 -> kr 0x00000000 rid 119 GPUVA 0x10003480000 cpu 10d814000
[mtlr]   out: 0000010003480000 000000010d814000 000000010ba2e500 0000000000000000
[mtlr]   out: 0000007700000000 0000000000004000 00000002c5cc23ef 0000000000369a63
[mtlr] resource2 sel8 flags 470 sz 0x1000 -> kr 0x00000000 rid 119 GPUVA 0x10003480000 cpu 10d814000
[mtlr]   out: 0000010003480000 000000010d814000 000000010ba2e500 0000000000000000
[mtlr]   out: 0000007700000000 0000000000004000 00000002c5cc23f0 0000000000369a64
[mtlr] resource2 sel8 flags 470 sz 0x1000 -> kr 0x00000000 rid 119 GPUVA 0x10003480000 cpu 10d814000
[mtlr]   out: 0000010003480000 000000010d814000 000000010ba2e500 0000000000000000
[mtlr]   out: 0000007700000000 0000000000004000 00000002c5cc23f1 0000000000369a65
[mtlr] resource2 sel8 flags 470 sz 0x1000 -> kr 0x00000000 rid 119 GPUVA 0x10003480000 cpu 10d814000
[mtlr]   out: 0000010003480000 000000010d814000 000000010ba2e500 0000000000000000
[mtlr]   out: 0000007700000000 0000000000004000 00000002c5cc23f2 0000000000369a66
[mtlr] resource2 sel8 flags 470 sz 0x1000 -> kr 0x00000000 rid 119 GPUVA 0x10003480000 cpu 10d814000
[mtlr]   out: 0000010003480000 000000010d814000 000000010ba2e500 0000000000000000
[mtlr]   out: 0000007700000000 0000000000004000 00000002c5cc23f3 0000000000369a67
[mtlr] resource2 sel8 flags 470 sz 0x1000 -> kr 0x00000000 rid 119 GPUVA 0x10003480000 cpu 10d814000
[mtlr]   out: 0000010003480000 000000010d814000 000000010ba2e500 0000000000000000
[mtlr]   out: 0000007700000000 0000000000004000 00000002c5cc23f4 0000000000369a68
[mtlr] resource2 sel8 flags 470 sz 0x1000 -> kr 0x00000000 rid 119 GPUVA 0x10003480000 cpu 10d814000
[mtlr]   out: 0000010003480000 000000010d814000 000000010ba2e500 0000000000000000
[mtlr]   out: 0000007700000000 0000000000004000 00000002c5cc23f5 0000000000369a69
[mtlr] resource2 sel8 flags 470 sz 0x1000 -> kr 0x00000000 rid 119 GPUVA 0x10003480000 cpu 10d814000
[mtlr]   out: 0000010003480000 000000010d814000 000000010ba2e500 0000000000000000
[mtlr]   out: 0000007700000000 0000000000004000 00000002c5cc23f6 0000000000369a6a
[mtlr] resource2 sel8 flags 470 sz 0x1000 -> kr 0x00000000 rid 119 GPUVA 0x10003480000 cpu 10d814000
[mtlr]   out: 0000010003480000 000000010d814000 000000010ba2e500 0000000000000000
[mtlr]   out: 0000007700000000 0000000000004000 00000002c5cc23f7 0000000000369a6b
[mtlr] resource2 sel8 flags 470 sz 0x1000 -> kr 0x00000000 rid 119 GPUVA 0x10003480000 cpu 10d814000
[mtlr]   out: 0000010003480000 000000010d814000 000000010ba2e500 0000000000000000
[mtlr]   out: 0000007700000000 0000000000004000 00000002c5cc23f8 0000000000369a6c
[mtlr] resource2 sel8 flags 470 sz 0x1000 -> kr 0x00000000 rid 119 GPUVA 0x10003480000 cpu 10d814000
[mtlr]   out: 0000010003480000 000000010d814000 000000010ba2e500 0000000000000000
[mtlr]   out: 0000007700000000 0000000000004000 00000002c5cc23f9 0000000000369a6d
[mtlr] resource2 sel8 flags 470 sz 0x1000 -> kr 0x00000000 rid 119 GPUVA 0x10003480000 cpu 10d814000
[mtlr]   out: 0000010003480000 000000010d814000 000000010ba2e500 0000000000000000
[mtlr]   out: 0000007700000000 0000000000004000 00000002c5cc23fa 0000000000369a6e
[mtlr] resource2 sel8 flags 470 sz 0x1000 -> kr 0x00000000 rid 119 GPUVA 0x10003480000 cpu 10d814000
[mtlr]   out: 0000010003480000 000000010d814000 000000010ba2e500 0000000000000000
[mtlr]   out: 0000007700000000 0000000000004000 00000002c5cc23fb 0000000000369a6f
[mtlr] resource2 sel8 flags 470 sz 0x1000 -> kr 0x00000000 rid 119 GPUVA 0x10003480000 cpu 10d814000
[mtlr]   out: 0000010003480000 000000010d814000 000000010ba2e500 0000000000000000
[mtlr]   out: 0000007700000000 0000000000004000 00000002c5cc23fc 0000000000369a70
[mtlr] resource2 sel8 flags 470 sz 0x1000 -> kr 0x00000000 rid 119 GPUVA 0x10003480000 cpu 10d814000
[mtlr]   out: 0000010003480000 000000010d814000 000000010ba2e500 0000000000000000
[mtlr]   out: 0000007700000000 0000000000004000 00000002c5cc23fd 0000000000369a71
[mtlr] resource2 sel8 flags 470 sz 0x1000 -> kr 0x00000000 rid 119 GPUVA 0x10003480000 cpu 10d814000
[mtlr]   out: 0000010003480000 000000010d814000 000000010ba2e500 0000000000000000
[mtlr]   out: 0000007700000000 0000000000004000 00000002c5cc23fe 0000000000369a72
[mtlr] resource2 sel8 flags 470 sz 0x1000 -> kr 0x00000000 rid 119 GPUVA 0x10003480000 cpu 10d814000
[mtlr]   out: 0000010003480000 000000010d814000 000000010ba2e500 0000000000000000
[mtlr]   out: 0000007700000000 0000000000004000 00000002c5cc23ff 0000000000369a73
[mtlr] resource2 sel8 flags 470 sz 0x1000 -> kr 0x00000000 rid 119 GPUVA 0x10003480000 cpu 10d814000
[mtlr]   out: 0000010003480000 000000010d814000 000000010ba2e500 0000000000000000
[mtlr]   out: 0000007700000000 0000000000004000 00000002c5cc2400 0000000000369a74
[mtlr] resource2 sel8 flags 470 sz 0x1000 -> kr 0x00000000 rid 119 GPUVA 0x10003480000 cpu 10d814000
[mtlr]   out: 0000010003480000 000000010d814000 000000010ba2e500 0000000000000000
[mtlr]   out: 0000007700000000 0000000000004000 00000002c5cc2401 0000000000369a75
[mtlr] resource2 sel8 flags 470 sz 0x1000 -> kr 0x00000000 rid 119 GPUVA 0x10003480000 cpu 10d814000
[mtlr]   out: 0000010003480000 000000010d814000 000000010ba2e500 0000000000000000
[mtlr]   out: 0000007700000000 0000000000004000 00000002c5cc2402 0000000000369a76
[mtlr] resource2 sel8 flags 470 sz 0x1000 -> kr 0x00000000 rid 119 GPUVA 0x10003480000 cpu 10d814000
[mtlr]   out: 0000010003480000 000000010d814000 000000010ba2e500 0000000000000000
[mtlr]   out: 0000007700000000 0000000000004000 00000002c5cc2403 0000000000369a77
[mtlr] resource2 sel8 flags 470 sz 0x1000 -> kr 0x00000000 rid 119 GPUVA 0x10003480000 cpu 10d814000
[mtlr]   out: 0000010003480000 000000010d814000 000000010ba2e500 0000000000000000
[mtlr]   out: 0000007700000000 0000000000004000 00000002c5cc2404 0000000000369a78
[mtlr] resource2 sel8 flags 470 sz 0x1000 -> kr 0x00000000 rid 119 GPUVA 0x10003480000 cpu 10d814000
[mtlr]   out: 0000010003480000 000000010d814000 000000010ba2e500 0000000000000000
[mtlr]   out: 0000007700000000 0000000000004000 00000002c5cc2405 0000000000369a79
[mtlr] resource2 sel8 flags 470 sz 0x1000 -> kr 0x00000000 rid 119 GPUVA 0x10003480000 cpu 10d814000
[mtlr]   out: 0000010003480000 000000010d814000 000000010ba2e500 0000000000000000
[mtlr]   out: 0000007700000000 0000000000004000 00000002c5cc2406 0000000000369a7a
[mtlr] resource2 sel8 flags 470 sz 0x1000 -> kr 0x00000000 rid 119 GPUVA 0x10003480000 cpu 10d814000
[mtlr]   out: 0000010003480000 000000010d814000 000000010ba2e500 0000000000000000
[mtlr]   out: 0000007700000000 0000000000004000 00000002c5cc2407 0000000000369a7b
[mtlr] resource2 sel8 flags 470 sz 0x1000 -> kr 0x00000000 rid 119 GPUVA 0x10003480000 cpu 10d814000
[mtlr]   out: 0000010003480000 000000010d814000 000000010ba2e500 0000000000000000
[mtlr]   out: 0000007700000000 0000000000004000 00000002c5cc2408 0000000000369a7c
[mtlr] resource2 sel8 flags 470 sz 0x1000 -> kr 0x00000000 rid 119 GPUVA 0x10003480000 cpu 10d814000
[mtlr]   out: 0000010003480000 000000010d814000 000000010ba2e500 0000000000000000
[mtlr]   out: 0000007700000000 0000000000004000 00000002c5cc2409 0000000000369a7d
[uatrec] S4 r4 (+0s): nvv 8 ncb 8 vsz 0x100000 fill 0xfffffff007000000 destroy0 kr 0x00000000 nj 40
[uatrec] S4 r4 blit[0] slots 8 ridp 1
[uatrec] S4 r4 blit[1] slots 8 ridp 1
[uatrec] S4 r4 blit[2] slots 8 ridp 1
[uatrec] S4 r4 blit[3] slots 8 ridp 1
[uatrec] S4 r4 blit[4] slots 8 ridp 1
[uatrec] S4 r4 blit[5] slots 8 ridp 1
[uatrec] S4 r4 blit[6] slots 8 ridp 1
[uatrec] S4 r4 blit[7] slots 8 ridp 1
[mtlr] resource2 sel8 flags 470 sz 0x100000 -> kr 0x00000000 rid 119 GPUVA 0x10002490000 cpu 10d414000
[mtlr]   out: 0000010002490000 000000010d414000 000000010ba29940 0000000000000000
[mtlr]   out: 0000007700000000 0000000000100000 00000002c5cc24a4 0000000000369a80
[uatrec] S4 r5 victim[0] rid 119 gpuva 0x10002490000 cpu 0x10d414000 (top-of-stack)
[mtlr] resource2 sel8 flags 470 sz 0x100000 -> kr 0x00000000 rid 120 GPUVA 0x10002598000 cpu 10d514000
[mtlr]   out: 0000010002598000 000000010d514000 000000010ba29a00 0000000000000000
[mtlr]   out: 0000007800000000 0000000000100000 00000002c5cc24a5 0000000000369a81
[uatrec] S4 r5 victim[1] rid 120 gpuva 0x10002598000 cpu 0x10d514000 (top-of-stack)
[mtlr] resource2 sel8 flags 470 sz 0x100000 -> kr 0x00000000 rid 121 GPUVA 0x100026a0000 cpu 10d614000
[mtlr]   out: 00000100026a0000 000000010d614000 000000010ba29ac0 0000000000000000
[mtlr]   out: 0000007900000000 0000000000100000 00000002c5cc24a6 0000000000369a82
[uatrec] S4 r5 victim[2] rid 121 gpuva 0x100026a0000 cpu 0x10d614000 (top-of-stack)
[mtlr] resource2 sel8 flags 470 sz 0x100000 -> kr 0x00000000 rid 122 GPUVA 0x100027a8000 cpu 10d714000
[mtlr]   out: 00000100027a8000 000000010d714000 000000010ba29b80 0000000000000000
[mtlr]   out: 0000007a00000000 0000000000100000 00000002c5cc24a7 0000000000369a83
[uatrec] S4 r5 victim[3] rid 122 gpuva 0x100027a8000 cpu 0x10d714000 (top-of-stack)
[mtlr] resource2 sel8 flags 470 sz 0x100000 -> kr 0x00000000 rid 123 GPUVA 0x100028b0000 cpu 10d314000
[mtlr]   out: 00000100028b0000 000000010d314000 000000010ba29c40 0000000000000000
[mtlr]   out: 0000007b00000000 0000000000100000 00000002c5cc24a8 0000000000369a84
[uatrec] S4 r5 victim[4] rid 123 gpuva 0x100028b0000 cpu 0x10d314000 (top-of-stack)
[mtlr] resource2 sel8 flags 470 sz 0x100000 -> kr 0x00000000 rid 124 GPUVA 0x100029b8000 cpu 10ce14000
[mtlr]   out: 00000100029b8000 000000010ce14000 000000010ba29d00 0000000000000000
[mtlr]   out: 0000007c00000000 0000000000100000 00000002c5cc24a9 0000000000369a85
[uatrec] S4 r5 victim[5] rid 124 gpuva 0x100029b8000 cpu 0x10ce14000 (top-of-stack)
[mtlr] resource2 sel8 flags 470 sz 0x100000 -> kr 0x00000000 rid 125 GPUVA 0x10002ac0000 cpu 10cf14000
[mtlr]   out: 0000010002ac0000 000000010cf14000 000000010ba29dc0 0000000000000000
[mtlr]   out: 0000007d00000000 0000000000100000 00000002c5cc24b5 0000000000369a86
[uatrec] S4 r5 victim[6] rid 125 gpuva 0x10002ac0000 cpu 0x10cf14000 (top-of-stack)
[mtlr] resource2 sel8 flags 470 sz 0x100000 -> kr 0x00000000 rid 126 GPUVA 0x10002bc8000 cpu 10d014000
[mtlr]   out: 0000010002bc8000 000000010d014000 000000010ba29e80 0000000000000000
[mtlr]   out: 0000007e00000000 0000000000100000 00000002c5cc24c1 0000000000369a87
[uatrec] S4 r5 victim[7] rid 126 gpuva 0x10002bc8000 cpu 0x10d014000 (top-of-stack)
[mtlr] resource2 sel8 flags 470 sz 0x1000 -> kr 0x00000000 rid 119 GPUVA 0x10002490000 cpu 10d814000
[mtlr]   out: 0000010002490000 000000010d814000 000000010ba29940 0000000000000000
[mtlr]   out: 0000007700000000 0000000000004000 00000002c5cc24d4 0000000000369a91
[mtlr] resource2 sel8 flags 470 sz 0x1000 -> kr 0x00000000 rid 119 GPUVA 0x10002490000 cpu 10d814000
[mtlr]   out: 0000010002490000 000000010d814000 000000010ba29940 0000000000000000
[mtlr]   out: 0000007700000000 0000000000004000 00000002c5cc24d5 0000000000369a92
[mtlr] resource2 sel8 flags 470 sz 0x1000 -> kr 0x00000000 rid 119 GPUVA 0x10002490000 cpu 10d814000
[mtlr]   out: 0000010002490000 000000010d814000 000000010ba29940 0000000000000000
[mtlr]   out: 0000007700000000 0000000000004000 00000002c5cc24d6 0000000000369a93
[mtlr] resource2 sel8 flags 470 sz 0x1000 -> kr 0x00000000 rid 119 GPUVA 0x10002490000 cpu 10d814000
[mtlr]   out: 0000010002490000 000000010d814000 000000010ba29940 0000000000000000
[mtlr]   out: 0000007700000000 0000000000004000 00000002c5cc24d7 0000000000369a94
[mtlr] resource2 sel8 flags 470 sz 0x1000 -> kr 0x00000000 rid 119 GPUVA 0x10002490000 cpu 10d814000
[mtlr]   out: 0000010002490000 000000010d814000 000000010ba29940 0000000000000000
[mtlr]   out: 0000007700000000 0000000000004000 00000002c5cc24d8 0000000000369a95
[mtlr] resource2 sel8 flags 470 sz 0x1000 -> kr 0x00000000 rid 119 GPUVA 0x10002490000 cpu 10d814000
[mtlr]   out: 0000010002490000 000000010d814000 000000010ba29940 0000000000000000
[mtlr]   out: 0000007700000000 0000000000004000 00000002c5cc24d9 0000000000369a96
[mtlr] resource2 sel8 flags 470 sz 0x1000 -> kr 0x00000000 rid 119 GPUVA 0x10002490000 cpu 10d814000
[mtlr]   out: 0000010002490000 000000010d814000 000000010ba29940 0000000000000000
[mtlr]   out: 0000007700000000 0000000000004000 00000002c5cc24da 0000000000369a97
[mtlr] resource2 sel8 flags 470 sz 0x1000 -> kr 0x00000000 rid 119 GPUVA 0x10002490000 cpu 10d814000
[mtlr]   out: 0000010002490000 000000010d814000 000000010ba29940 0000000000000000
[mtlr]   out: 0000007700000000 0000000000004000 00000002c5cc24db 0000000000369a98
[mtlr] resource2 sel8 flags 470 sz 0x1000 -> kr 0x00000000 rid 119 GPUVA 0x10002490000 cpu 10d814000
[mtlr]   out: 0000010002490000 000000010d814000 000000010ba29940 0000000000000000
[mtlr]   out: 0000007700000000 0000000000004000 00000002c5cc24dc 0000000000369a99
[mtlr] resource2 sel8 flags 470 sz 0x1000 -> kr 0x00000000 rid 119 GPUVA 0x10002490000 cpu 10d814000
[mtlr]   out: 0000010002490000 000000010d814000 000000010ba29940 0000000000000000
[mtlr]   out: 0000007700000000 0000000000004000 00000002c5cc24dd 0000000000369a9a
[mtlr] resource2 sel8 flags 470 sz 0x1000 -> kr 0x00000000 rid 119 GPUVA 0x10002490000 cpu 10d814000
[mtlr]   out: 0000010002490000 000000010d814000 000000010ba29940 0000000000000000
[mtlr]   out: 0000007700000000 0000000000004000 00000002c5cc24de 0000000000369a9b
[mtlr] resource2 sel8 flags 470 sz 0x1000 -> kr 0x00000000 rid 119 GPUVA 0x10002490000 cpu 10d814000
[mtlr]   out: 0000010002490000 000000010d814000 000000010ba29940 0000000000000000
[mtlr]   out: 0000007700000000 0000000000004000 00000002c5cc24df 0000000000369a9c
[mtlr] resource2 sel8 flags 470 sz 0x1000 -> kr 0x00000000 rid 119 GPUVA 0x10002490000 cpu 10d814000
[mtlr]   out: 0000010002490000 000000010d814000 000000010ba29940 0000000000000000
[mtlr]   out: 0000007700000000 0000000000004000 00000002c5cc24e0 0000000000369a9d
[mtlr] resource2 sel8 flags 470 sz 0x1000 -> kr 0x00000000 rid 119 GPUVA 0x10002490000 cpu 10d814000
[mtlr]   out: 0000010002490000 000000010d814000 000000010ba29940 0000000000000000
[mtlr]   out: 0000007700000000 0000000000004000 00000002c5cc24e1 0000000000369a9e
[mtlr] resource2 sel8 flags 470 sz 0x1000 -> kr 0x00000000 rid 119 GPUVA 0x10002490000 cpu 10d814000
[mtlr]   out: 0000010002490000 000000010d814000 000000010ba29940 0000000000000000
[mtlr]   out: 0000007700000000 0000000000004000 00000002c5cc24e2 0000000000369a9f
[mtlr] resource2 sel8 flags 470 sz 0x1000 -> kr 0x00000000 rid 119 GPUVA 0x10002490000 cpu 10d814000
[mtlr]   out: 0000010002490000 000000010d814000 000000010ba29940 0000000000000000
[mtlr]   out: 0000007700000000 0000000000004000 00000002c5cc24e3 0000000000369aa0
[mtlr] resource2 sel8 flags 470 sz 0x1000 -> kr 0x00000000 rid 119 GPUVA 0x10002490000 cpu 10d814000
[mtlr]   out: 0000010002490000 000000010d814000 000000010ba29940 0000000000000000
[mtlr]   out: 0000007700000000 0000000000004000 00000002c5cc24e4 0000000000369aa1
[mtlr] resource2 sel8 flags 470 sz 0x1000 -> kr 0x00000000 rid 119 GPUVA 0x10002490000 cpu 10d814000
[mtlr]   out: 0000010002490000 000000010d814000 000000010ba29940 0000000000000000
[mtlr]   out: 0000007700000000 0000000000004000 00000002c5cc24e5 0000000000369aa2
[mtlr] resource2 sel8 flags 470 sz 0x1000 -> kr 0x00000000 rid 119 GPUVA 0x10002490000 cpu 10d814000
[mtlr]   out: 0000010002490000 000000010d814000 000000010ba29940 0000000000000000
[mtlr]   out: 0000007700000000 0000000000004000 00000002c5cc24e6 0000000000369aa3
[mtlr] resource2 sel8 flags 470 sz 0x1000 -> kr 0x00000000 rid 119 GPUVA 0x10002490000 cpu 10d814000
[mtlr]   out: 0000010002490000 000000010d814000 000000010ba29940 0000000000000000
[mtlr]   out: 0000007700000000 0000000000004000 00000002c5cc24e7 0000000000369aa4
[mtlr] resource2 sel8 flags 470 sz 0x1000 -> kr 0x00000000 rid 119 GPUVA 0x10002490000 cpu 10d814000
[mtlr]   out: 0000010002490000 000000010d814000 000000010ba29940 0000000000000000
[mtlr]   out: 0000007700000000 0000000000004000 00000002c5cc24e8 0000000000369aa5
[mtlr] resource2 sel8 flags 470 sz 0x1000 -> kr 0x00000000 rid 119 GPUVA 0x10002490000 cpu 10d814000
[mtlr]   out: 0000010002490000 000000010d814000 000000010ba29940 0000000000000000
[mtlr]   out: 0000007700000000 0000000000004000 00000002c5cc24e9 0000000000369aa6
[mtlr] resource2 sel8 flags 470 sz 0x1000 -> kr 0x00000000 rid 119 GPUVA 0x10002490000 cpu 10d814000
[mtlr]   out: 0000010002490000 000000010d814000 000000010ba29940 0000000000000000
[mtlr]   out: 0000007700000000 0000000000004000 00000002c5cc24ea 0000000000369aa7
[mtlr] resource2 sel8 flags 470 sz 0x1000 -> kr 0x00000000 rid 119 GPUVA 0x10002490000 cpu 10d814000
[mtlr]   out: 0000010002490000 000000010d814000 000000010ba29940 0000000000000000
[mtlr]   out: 0000007700000000 0000000000004000 00000002c5cc24eb 0000000000369aa8
[mtlr] resource2 sel8 flags 470 sz 0x1000 -> kr 0x00000000 rid 119 GPUVA 0x10002490000 cpu 10d814000
[mtlr]   out: 0000010002490000 000000010d814000 000000010ba29940 0000000000000000
[mtlr]   out: 0000007700000000 0000000000004000 00000002c5cc24ec 0000000000369aa9
[mtlr] resource2 sel8 flags 470 sz 0x1000 -> kr 0x00000000 rid 119 GPUVA 0x10002490000 cpu 10d814000
[mtlr]   out: 0000010002490000 000000010d814000 000000010ba29940 0000000000000000
[mtlr]   out: 0000007700000000 0000000000004000 00000002c5cc24ed 0000000000369aaa
[mtlr] resource2 sel8 flags 470 sz 0x1000 -> kr 0x00000000 rid 119 GPUVA 0x10002490000 cpu 10d814000
[mtlr]   out: 0000010002490000 000000010d814000 000000010ba29940 0000000000000000
[mtlr]   out: 0000007700000000 0000000000004000 00000002c5cc24ee 0000000000369aab
[mtlr] resource2 sel8 flags 470 sz 0x1000 -> kr 0x00000000 rid 119 GPUVA 0x10002490000 cpu 10d814000
[mtlr]   out: 0000010002490000 000000010d814000 000000010ba29940 0000000000000000
[mtlr]   out: 0000007700000000 0000000000004000 00000002c5cc24ef 0000000000369aac
[mtlr] resource2 sel8 flags 470 sz 0x1000 -> kr 0x00000000 rid 119 GPUVA 0x10002490000 cpu 10d814000
[mtlr]   out: 0000010002490000 000000010d814000 000000010ba29940 0000000000000000
[mtlr]   out: 0000007700000000 0000000000004000 00000002c5cc24f0 0000000000369aad
[mtlr] resource2 sel8 flags 470 sz 0x1000 -> kr 0x00000000 rid 119 GPUVA 0x10002490000 cpu 10d814000
[mtlr]   out: 0000010002490000 000000010d814000 000000010ba29940 0000000000000000
[mtlr]   out: 0000007700000000 0000000000004000 00000002c5cc24f1 0000000000369aae
[mtlr] resource2 sel8 flags 470 sz 0x1000 -> kr 0x00000000 rid 119 GPUVA 0x10002490000 cpu 10d814000
[mtlr]   out: 0000010002490000 000000010d814000 000000010ba29940 0000000000000000
[mtlr]   out: 0000007700000000 0000000000004000 00000002c5cc24f2 0000000000369aaf
[mtlr] resource2 sel8 flags 470 sz 0x1000 -> kr 0x00000000 rid 119 GPUVA 0x10002490000 cpu 10d814000
[mtlr]   out: 0000010002490000 000000010d814000 000000010ba29940 0000000000000000
[mtlr]   out: 0000007700000000 0000000000004000 00000002c5cc24f3 0000000000369ab0
[mtlr] resource2 sel8 flags 470 sz 0x1000 -> kr 0x00000000 rid 119 GPUVA 0x10002490000 cpu 10d814000
[mtlr]   out: 0000010002490000 000000010d814000 000000010ba29940 0000000000000000
[mtlr]   out: 0000007700000000 0000000000004000 00000002c5cc24f4 0000000000369ab1
[mtlr] resource2 sel8 flags 470 sz 0x1000 -> kr 0x00000000 rid 119 GPUVA 0x10002490000 cpu 10d814000
[mtlr]   out: 0000010002490000 000000010d814000 000000010ba29940 0000000000000000
[mtlr]   out: 0000007700000000 0000000000004000 00000002c5cc24f5 0000000000369ab2
[mtlr] resource2 sel8 flags 470 sz 0x1000 -> kr 0x00000000 rid 119 GPUVA 0x10002490000 cpu 10d814000
[mtlr]   out: 0000010002490000 000000010d814000 000000010ba29940 0000000000000000
[mtlr]   out: 0000007700000000 0000000000004000 00000002c5cc24f6 0000000000369ab3
[mtlr] resource2 sel8 flags 470 sz 0x1000 -> kr 0x00000000 rid 119 GPUVA 0x10002490000 cpu 10d814000
[mtlr]   out: 0000010002490000 000000010d814000 000000010ba29940 0000000000000000
[mtlr]   out: 0000007700000000 0000000000004000 00000002c5cc24f7 0000000000369ab4
[mtlr] resource2 sel8 flags 470 sz 0x1000 -> kr 0x00000000 rid 119 GPUVA 0x10002490000 cpu 10d814000
[mtlr]   out: 0000010002490000 000000010d814000 000000010ba29940 0000000000000000
[mtlr]   out: 0000007700000000 0000000000004000 00000002c5cc24f8 0000000000369ab5
[mtlr] resource2 sel8 flags 470 sz 0x1000 -> kr 0x00000000 rid 119 GPUVA 0x10002490000 cpu 10d814000
[mtlr]   out: 0000010002490000 000000010d814000 000000010ba29940 0000000000000000
[mtlr]   out: 0000007700000000 0000000000004000 00000002c5cc24f9 0000000000369ab6
[mtlr] resource2 sel8 flags 470 sz 0x1000 -> kr 0x00000000 rid 119 GPUVA 0x10002490000 cpu 10d814000
[mtlr]   out: 0000010002490000 000000010d814000 000000010ba29940 0000000000000000
[mtlr]   out: 0000007700000000 0000000000004000 00000002c5cc24fa 0000000000369ab7
[mtlr] resource2 sel8 flags 470 sz 0x1000 -> kr 0x00000000 rid 119 GPUVA 0x10002490000 cpu 10d814000
[mtlr]   out: 0000010002490000 000000010d814000 000000010ba29940 0000000000000000
[mtlr]   out: 0000007700000000 0000000000004000 00000002c5cc24fb 0000000000369ab8
[uatrec] S4 r5 (+0s): nvv 8 ncb 8 vsz 0x100000 fill 0xfffffff007000000 destroy0 kr 0x00000000 nj 40
[uatrec] S4 r5 blit[0] slots 8 ridp 1
[uatrec] S4 r5 blit[1] slots 8 ridp 1
[uatrec] S4 r5 blit[2] slots 8 ridp 1
[uatrec] S4 r5 blit[3] slots 8 ridp 1
[uatrec] S4 r5 blit[4] slots 8 ridp 1
[uatrec] S4 r5 blit[5] slots 8 ridp 1
[uatrec] S4 r5 blit[6] slots 8 ridp 1
[uatrec] S4 r5 blit[7] slots 8 ridp 1
[mtlr] resource2 sel8 flags 470 sz 0x100000 -> kr 0x00000000 rid 119 GPUVA 0x10002490000 cpu 10d214000
[mtlr]   out: 0000010002490000 000000010d214000 000000010ba29940 0000000000000000
[mtlr]   out: 0000007700000000 0000000000100000 00000002c5cc2548 0000000000369abb
[uatrec] S4 r6 victim[0] rid 119 gpuva 0x10002490000 cpu 0x10d214000 (top-of-stack)
[mtlr] resource2 sel8 flags 470 sz 0x100000 -> kr 0x00000000 rid 120 GPUVA 0x10002598000 cpu 10d974000
[mtlr]   out: 0000010002598000 000000010d974000 000000010ba29a00 0000000000000000
[mtlr]   out: 0000007800000000 0000000000100000 00000002c5cc2549 0000000000369abc
[uatrec] S4 r6 victim[1] rid 120 gpuva 0x10002598000 cpu 0x10d974000 (top-of-stack)
[mtlr] resource2 sel8 flags 470 sz 0x100000 -> kr 0x00000000 rid 121 GPUVA 0x100026a0000 cpu 10d414000
[mtlr]   out: 00000100026a0000 000000010d414000 000000010ba29ac0 0000000000000000
[mtlr]   out: 0000007900000000 0000000000100000 00000002c5cc254a 0000000000369abd
[uatrec] S4 r6 victim[2] rid 121 gpuva 0x100026a0000 cpu 0x10d414000 (top-of-stack)
[mtlr] resource2 sel8 flags 470 sz 0x100000 -> kr 0x00000000 rid 122 GPUVA 0x100027a8000 cpu 10ce14000
[mtlr]   out: 00000100027a8000 000000010ce14000 000000010ba29b80 0000000000000000
[mtlr]   out: 0000007a00000000 0000000000100000 00000002c5cc254b 0000000000369abe
[uatrec] S4 r6 victim[3] rid 122 gpuva 0x100027a8000 cpu 0x10ce14000 (top-of-stack)
[mtlr] resource2 sel8 flags 470 sz 0x100000 -> kr 0x00000000 rid 123 GPUVA 0x100028b0000 cpu 10cf14000
[mtlr]   out: 00000100028b0000 000000010cf14000 000000010ba29c40 0000000000000000
[mtlr]   out: 0000007b00000000 0000000000100000 00000002c5cc254c 0000000000369abf
[uatrec] S4 r6 victim[4] rid 123 gpuva 0x100028b0000 cpu 0x10cf14000 (top-of-stack)
[mtlr] resource2 sel8 flags 470 sz 0x100000 -> kr 0x00000000 rid 124 GPUVA 0x100029b8000 cpu 10d014000
[mtlr]   out: 00000100029b8000 000000010d014000 000000010ba29d00 0000000000000000
[mtlr]   out: 0000007c00000000 0000000000100000 00000002c5cc2554 0000000000369ac0
[uatrec] S4 r6 victim[5] rid 124 gpuva 0x100029b8000 cpu 0x10d014000 (top-of-stack)
[mtlr] resource2 sel8 flags 470 sz 0x100000 -> kr 0x00000000 rid 125 GPUVA 0x10002ac0000 cpu 10d114000
[mtlr]   out: 0000010002ac0000 000000010d114000 000000010ba29dc0 0000000000000000
[mtlr]   out: 0000007d00000000 0000000000100000 00000002c5cc2555 0000000000369ac1
[uatrec] S4 r6 victim[6] rid 125 gpuva 0x10002ac0000 cpu 0x10d114000 (top-of-stack)
[mtlr] resource2 sel8 flags 470 sz 0x100000 -> kr 0x00000000 rid 126 GPUVA 0x10002bc8000 cpu 10d314000
[mtlr]   out: 0000010002bc8000 000000010d314000 000000010ba29e80 0000000000000000
[mtlr]   out: 0000007e00000000 0000000000100000 00000002c5cc2556 0000000000369ac2
[uatrec] S4 r6 victim[7] rid 126 gpuva 0x10002bc8000 cpu 0x10d314000 (top-of-stack)
[mtlr] resource2 sel8 flags 470 sz 0x1000 -> kr 0x00000000 rid 119 GPUVA 0x10002490000 cpu 10d814000
[mtlr]   out: 0000010002490000 000000010d814000 000000010ba29940 0000000000000000
[mtlr]   out: 0000007700000000 0000000000004000 00000002c5cc2568 0000000000369acc
[mtlr] resource2 sel8 flags 470 sz 0x1000 -> kr 0x00000000 rid 119 GPUVA 0x10002490000 cpu 10d814000
[mtlr]   out: 0000010002490000 000000010d814000 000000010ba29940 0000000000000000
[mtlr]   out: 0000007700000000 0000000000004000 00000002c5cc2569 0000000000369acd
[mtlr] resource2 sel8 flags 470 sz 0x1000 -> kr 0x00000000 rid 119 GPUVA 0x10002490000 cpu 10d814000
[mtlr]   out: 0000010002490000 000000010d814000 000000010ba29940 0000000000000000
[mtlr]   out: 0000007700000000 0000000000004000 00000002c5cc256a 0000000000369ace
[mtlr] resource2 sel8 flags 470 sz 0x1000 -> kr 0x00000000 rid 119 GPUVA 0x10002490000 cpu 10d814000
[mtlr]   out: 0000010002490000 000000010d814000 000000010ba29940 0000000000000000
[mtlr]   out: 0000007700000000 0000000000004000 00000002c5cc256b 0000000000369acf
[mtlr] resource2 sel8 flags 470 sz 0x1000 -> kr 0x00000000 rid 119 GPUVA 0x10002490000 cpu 10d814000
[mtlr]   out: 0000010002490000 000000010d814000 000000010ba29940 0000000000000000
[mtlr]   out: 0000007700000000 0000000000004000 00000002c5cc256c 0000000000369ad0
[mtlr] resource2 sel8 flags 470 sz 0x1000 -> kr 0x00000000 rid 119 GPUVA 0x10002490000 cpu 10d814000
[mtlr]   out: 0000010002490000 000000010d814000 000000010ba29940 0000000000000000
[mtlr]   out: 0000007700000000 0000000000004000 00000002c5cc256d 0000000000369ad1
[mtlr] resource2 sel8 flags 470 sz 0x1000 -> kr 0x00000000 rid 119 GPUVA 0x10002490000 cpu 10d814000
[mtlr]   out: 0000010002490000 000000010d814000 000000010ba29940 0000000000000000
[mtlr]   out: 0000007700000000 0000000000004000 00000002c5cc256e 0000000000369ad2
[mtlr] resource2 sel8 flags 470 sz 0x1000 -> kr 0x00000000 rid 119 GPUVA 0x10002490000 cpu 10d814000
[mtlr]   out: 0000010002490000 000000010d814000 000000010ba29940 0000000000000000
[mtlr]   out: 0000007700000000 0000000000004000 00000002c5cc256f 0000000000369ad3
[mtlr] resource2 sel8 flags 470 sz 0x1000 -> kr 0x00000000 rid 119 GPUVA 0x10002490000 cpu 10d814000
[mtlr]   out: 0000010002490000 000000010d814000 000000010ba29940 0000000000000000
[mtlr]   out: 0000007700000000 0000000000004000 00000002c5cc2572 0000000000369ad4
[mtlr] resource2 sel8 flags 470 sz 0x1000 -> kr 0x00000000 rid 119 GPUVA 0x10002490000 cpu 10d814000
[mtlr]   out: 0000010002490000 000000010d814000 000000010ba29940 0000000000000000
[mtlr]   out: 0000007700000000 0000000000004000 00000002c5cc2575 0000000000369ad5
[mtlr] resource2 sel8 flags 470 sz 0x1000 -> kr 0x00000000 rid 119 GPUVA 0x10002490000 cpu 10d814000
[mtlr]   out: 0000010002490000 000000010d814000 000000010ba29940 0000000000000000
[mtlr]   out: 0000007700000000 0000000000004000 00000002c5cc2579 0000000000369ad6
[mtlr] resource2 sel8 flags 470 sz 0x1000 -> kr 0x00000000 rid 119 GPUVA 0x10002490000 cpu 10d814000
[mtlr]   out: 0000010002490000 000000010d814000 000000010ba29940 0000000000000000
[mtlr]   out: 0000007700000000 0000000000004000 00000002c5cc257f 0000000000369ad7
[mtlr] resource2 sel8 flags 470 sz 0x1000 -> kr 0x00000000 rid 119 GPUVA 0x10002490000 cpu 10d814000
[mtlr]   out: 0000010002490000 000000010d814000 000000010ba29940 0000000000000000
[mtlr]   out: 0000007700000000 0000000000004000 00000002c5cc2586 0000000000369ad8
[mtlr] resource2 sel8 flags 470 sz 0x1000 -> kr 0x00000000 rid 119 GPUVA 0x10002490000 cpu 10d814000
[mtlr]   out: 0000010002490000 000000010d814000 000000010ba29940 0000000000000000
[mtlr]   out: 0000007700000000 0000000000004000 00000002c5cc2587 0000000000369ad9
[mtlr] resource2 sel8 flags 470 sz 0x1000 -> kr 0x00000000 rid 119 GPUVA 0x10002490000 cpu 10d814000
[mtlr]   out: 0000010002490000 000000010d814000 000000010ba29940 0000000000000000
[mtlr]   out: 0000007700000000 0000000000004000 00000002c5cc2588 0000000000369ada
[mtlr] resource2 sel8 flags 470 sz 0x1000 -> kr 0x00000000 rid 119 GPUVA 0x10002490000 cpu 10d814000
[mtlr]   out: 0000010002490000 000000010d814000 000000010ba29940 0000000000000000
[mtlr]   out: 0000007700000000 0000000000004000 00000002c5cc2589 0000000000369adb
[mtlr] resource2 sel8 flags 470 sz 0x1000 -> kr 0x00000000 rid 119 GPUVA 0x10002490000 cpu 10d814000
[mtlr]   out: 0000010002490000 000000010d814000 000000010ba29940 0000000000000000
[mtlr]   out: 0000007700000000 0000000000004000 00000002c5cc258a 0000000000369adc
[mtlr] resource2 sel8 flags 470 sz 0x1000 -> kr 0x00000000 rid 119 GPUVA 0x10002490000 cpu 10d814000
[mtlr]   out: 0000010002490000 000000010d814000 000000010ba29940 0000000000000000
[mtlr]   out: 0000007700000000 0000000000004000 00000002c5cc258b 0000000000369add
[mtlr] resource2 sel8 flags 470 sz 0x1000 -> kr 0x00000000 rid 119 GPUVA 0x10002490000 cpu 10d814000
[mtlr]   out: 0000010002490000 000000010d814000 000000010ba29940 0000000000000000
[mtlr]   out: 0000007700000000 0000000000004000 00000002c5cc258c 0000000000369ade
[mtlr] resource2 sel8 flags 470 sz 0x1000 -> kr 0x00000000 rid 119 GPUVA 0x10002490000 cpu 10d814000
[mtlr]   out: 0000010002490000 000000010d814000 000000010ba29940 0000000000000000
[mtlr]   out: 0000007700000000 0000000000004000 00000002c5cc258d 0000000000369adf
[mtlr] resource2 sel8 flags 470 sz 0x1000 -> kr 0x00000000 rid 119 GPUVA 0x10002490000 cpu 10d814000
[mtlr]   out: 0000010002490000 000000010d814000 000000010ba29940 0000000000000000
[mtlr]   out: 0000007700000000 0000000000004000 00000002c5cc258e 0000000000369ae0
[mtlr] resource2 sel8 flags 470 sz 0x1000 -> kr 0x00000000 rid 119 GPUVA 0x10002490000 cpu 10d814000
[mtlr]   out: 0000010002490000 000000010d814000 000000010ba29940 0000000000000000
[mtlr]   out: 0000007700000000 0000000000004000 00000002c5cc258f 0000000000369ae1
[mtlr] resource2 sel8 flags 470 sz 0x1000 -> kr 0x00000000 rid 119 GPUVA 0x10002490000 cpu 10d814000
[mtlr]   out: 0000010002490000 000000010d814000 000000010ba29940 0000000000000000
[mtlr]   out: 0000007700000000 0000000000004000 00000002c5cc2590 0000000000369ae2
[mtlr] resource2 sel8 flags 470 sz 0x1000 -> kr 0x00000000 rid 119 GPUVA 0x10002490000 cpu 10d814000
[mtlr]   out: 0000010002490000 000000010d814000 000000010ba29940 0000000000000000
[mtlr]   out: 0000007700000000 0000000000004000 00000002c5cc2591 0000000000369ae3
[mtlr] resource2 sel8 flags 470 sz 0x1000 -> kr 0x00000000 rid 119 GPUVA 0x10002490000 cpu 10d814000
[mtlr]   out: 0000010002490000 000000010d814000 000000010ba29940 0000000000000000
[mtlr]   out: 0000007700000000 0000000000004000 00000002c5cc2592 0000000000369ae4
[mtlr] resource2 sel8 flags 470 sz 0x1000 -> kr 0x00000000 rid 119 GPUVA 0x10002490000 cpu 10d814000
[mtlr]   out: 0000010002490000 000000010d814000 000000010ba29940 0000000000000000
[mtlr]   out: 0000007700000000 0000000000004000 00000002c5cc2593 0000000000369ae5
[mtlr] resource2 sel8 flags 470 sz 0x1000 -> kr 0x00000000 rid 119 GPUVA 0x10002490000 cpu 10d814000
[mtlr]   out: 0000010002490000 000000010d814000 000000010ba29940 0000000000000000
[mtlr]   out: 0000007700000000 0000000000004000 00000002c5cc2594 0000000000369ae6
[mtlr] resource2 sel8 flags 470 sz 0x1000 -> kr 0x00000000 rid 119 GPUVA 0x10002490000 cpu 10d814000
[mtlr]   out: 0000010002490000 000000010d814000 000000010ba29940 0000000000000000
[mtlr]   out: 0000007700000000 0000000000004000 00000002c5cc2595 0000000000369ae7
[mtlr] resource2 sel8 flags 470 sz 0x1000 -> kr 0x00000000 rid 119 GPUVA 0x10002490000 cpu 10d814000
[mtlr]   out: 0000010002490000 000000010d814000 000000010ba29940 0000000000000000
[mtlr]   out: 0000007700000000 0000000000004000 00000002c5cc2596 0000000000369ae8
[mtlr] resource2 sel8 flags 470 sz 0x1000 -> kr 0x00000000 rid 119 GPUVA 0x10002490000 cpu 10d814000
[mtlr]   out: 0000010002490000 000000010d814000 000000010ba29940 0000000000000000
[mtlr]   out: 0000007700000000 0000000000004000 00000002c5cc2597 0000000000369ae9
[mtlr] resource2 sel8 flags 470 sz 0x1000 -> kr 0x00000000 rid 119 GPUVA 0x10002490000 cpu 10d814000
[mtlr]   out: 0000010002490000 000000010d814000 000000010ba29940 0000000000000000
[mtlr]   out: 0000007700000000 0000000000004000 00000002c5cc2598 0000000000369aea
[mtlr] resource2 sel8 flags 470 sz 0x1000 -> kr 0x00000000 rid 119 GPUVA 0x10002490000 cpu 10d814000
[mtlr]   out: 0000010002490000 000000010d814000 000000010ba29940 0000000000000000
[mtlr]   out: 0000007700000000 0000000000004000 00000002c5cc2599 0000000000369aeb
[mtlr] resource2 sel8 flags 470 sz 0x1000 -> kr 0x00000000 rid 119 GPUVA 0x10002490000 cpu 10d814000
[mtlr]   out: 0000010002490000 000000010d814000 000000010ba29940 0000000000000000
[mtlr]   out: 0000007700000000 0000000000004000 00000002c5cc259a 0000000000369aec
[mtlr] resource2 sel8 flags 470 sz 0x1000 -> kr 0x00000000 rid 119 GPUVA 0x10002490000 cpu 10d814000
[mtlr]   out: 0000010002490000 000000010d814000 000000010ba29940 0000000000000000
[mtlr]   out: 0000007700000000 0000000000004000 00000002c5cc259b 0000000000369aed
[mtlr] resource2 sel8 flags 470 sz 0x1000 -> kr 0x00000000 rid 119 GPUVA 0x10002490000 cpu 10d814000
[mtlr]   out: 0000010002490000 000000010d814000 000000010ba29940 0000000000000000
[mtlr]   out: 0000007700000000 0000000000004000 00000002c5cc259c 0000000000369aee
[mtlr] resource2 sel8 flags 470 sz 0x1000 -> kr 0x00000000 rid 119 GPUVA 0x10002490000 cpu 10d814000
[mtlr]   out: 0000010002490000 000000010d814000 000000010ba29940 0000000000000000
[mtlr]   out: 0000007700000000 0000000000004000 00000002c5cc259d 0000000000369aef
[mtlr] resource2 sel8 flags 470 sz 0x1000 -> kr 0x00000000 rid 119 GPUVA 0x10002490000 cpu 10d814000
[mtlr]   out: 0000010002490000 000000010d814000 000000010ba29940 0000000000000000
[mtlr]   out: 0000007700000000 0000000000004000 00000002c5cc259e 0000000000369af0
[mtlr] resource2 sel8 flags 470 sz 0x1000 -> kr 0x00000000 rid 119 GPUVA 0x10002490000 cpu 10d814000
[mtlr]   out: 0000010002490000 000000010d814000 000000010ba29940 0000000000000000
[mtlr]   out: 0000007700000000 0000000000004000 00000002c5cc259f 0000000000369af1
[mtlr] resource2 sel8 flags 470 sz 0x1000 -> kr 0x00000000 rid 119 GPUVA 0x10002490000 cpu 10d814000
[mtlr]   out: 0000010002490000 000000010d814000 000000010ba29940 0000000000000000
[mtlr]   out: 0000007700000000 0000000000004000 00000002c5cc25a0 0000000000369af2
[mtlr] resource2 sel8 flags 470 sz 0x1000 -> kr 0x00000000 rid 119 GPUVA 0x10002490000 cpu 10d814000
[mtlr]   out: 0000010002490000 000000010d814000 000000010ba29940 0000000000000000
[mtlr]   out: 0000007700000000 0000000000004000 00000002c5cc25a1 0000000000369af3
[uatrec] S4 r6 (+0s): nvv 8 ncb 8 vsz 0x100000 fill 0xfffffff007000000 destroy0 kr 0x00000000 nj 40
[uatrec] S4 r6 blit[0] slots 8 ridp 1
[uatrec] S4 r6 blit[1] slots 8 ridp 1
[uatrec] S4 r6 blit[2] slots 8 ridp 1
[uatrec] S4 r6 blit[3] slots 8 ridp 1
[uatrec] S4 r6 blit[4] slots 8 ridp 1
[uatrec] S4 r6 blit[5] slots 8 ridp 1
[uatrec] S4 r6 blit[6] slots 8 ridp 1
[uatrec] S4 r6 blit[7] slots 8 ridp 1
[mtlr] resource2 sel8 flags 470 sz 0x100000 -> kr 0x00000000 rid 119 GPUVA 0x10002490000 cpu 10d614000
[mtlr]   out: 0000010002490000 000000010d614000 000000010ba29940 0000000000000000
[mtlr]   out: 0000007700000000 0000000000100000 00000002c5cc25db 0000000000369af6
[uatrec] S4 r7 victim[0] rid 119 gpuva 0x10002490000 cpu 0x10d614000 (top-of-stack)
[mtlr] resource2 sel8 flags 470 sz 0x100000 -> kr 0x00000000 rid 120 GPUVA 0x10002598000 cpu 10d714000
[mtlr]   out: 0000010002598000 000000010d714000 000000010ba29a00 0000000000000000
[mtlr]   out: 0000007800000000 0000000000100000 00000002c5cc25dc 0000000000369af7
[uatrec] S4 r7 victim[1] rid 120 gpuva 0x10002598000 cpu 0x10d714000 (top-of-stack)
[mtlr] resource2 sel8 flags 470 sz 0x100000 -> kr 0x00000000 rid 121 GPUVA 0x100026a0000 cpu 10dae4000
[mtlr]   out: 00000100026a0000 000000010dae4000 000000010ba29ac0 0000000000000000
[mtlr]   out: 0000007900000000 0000000000100000 00000002c5cc25dd 0000000000369af8
[uatrec] S4 r7 victim[2] rid 121 gpuva 0x100026a0000 cpu 0x10dae4000 (top-of-stack)
[mtlr] resource2 sel8 flags 470 sz 0x100000 -> kr 0x00000000 rid 122 GPUVA 0x100027a8000 cpu 10dc54000
[mtlr]   out: 00000100027a8000 000000010dc54000 000000010ba29b80 0000000000000000
[mtlr]   out: 0000007a00000000 0000000000100000 00000002c5cc25de 0000000000369af9
[uatrec] S4 r7 victim[3] rid 122 gpuva 0x100027a8000 cpu 0x10dc54000 (top-of-stack)
[mtlr] resource2 sel8 flags 470 sz 0x100000 -> kr 0x00000000 rid 123 GPUVA 0x100028b0000 cpu 10de0c000
[mtlr]   out: 00000100028b0000 000000010de0c000 000000010ba29c40 0000000000000000
[mtlr]   out: 0000007b00000000 0000000000100000 00000002c5cc25df 0000000000369afa
[uatrec] S4 r7 victim[4] rid 123 gpuva 0x100028b0000 cpu 0x10de0c000 (top-of-stack)
[mtlr] resource2 sel8 flags 470 sz 0x100000 -> kr 0x00000000 rid 124 GPUVA 0x100029b8000 cpu 10df0c000
[mtlr]   out: 00000100029b8000 000000010df0c000 000000010ba29d00 0000000000000000
[mtlr]   out: 0000007c00000000 0000000000100000 00000002c5cc25e0 0000000000369afb
[uatrec] S4 r7 victim[5] rid 124 gpuva 0x100029b8000 cpu 0x10df0c000 (top-of-stack)
[mtlr] resource2 sel8 flags 470 sz 0x100000 -> kr 0x00000000 rid 125 GPUVA 0x10002ac0000 cpu 10ce14000
[mtlr]   out: 0000010002ac0000 000000010ce14000 000000010ba29dc0 0000000000000000
[mtlr]   out: 0000007d00000000 0000000000100000 00000002c5cc25e8 0000000000369afc
[uatrec] S4 r7 victim[6] rid 125 gpuva 0x10002ac0000 cpu 0x10ce14000 (top-of-stack)
[mtlr] resource2 sel8 flags 470 sz 0x100000 -> kr 0x00000000 rid 126 GPUVA 0x10002bc8000 cpu 10cf14000
[mtlr]   out: 0000010002bc8000 000000010cf14000 000000010ba29e80 0000000000000000
[mtlr]   out: 0000007e00000000 0000000000100000 00000002c5cc25e9 0000000000369afd
[uatrec] S4 r7 victim[7] rid 126 gpuva 0x10002bc8000 cpu 0x10cf14000 (top-of-stack)
[mtlr] resource2 sel8 flags 470 sz 0x1000 -> kr 0x00000000 rid 119 GPUVA 0x10002490000 cpu 10d814000
[mtlr]   out: 0000010002490000 000000010d814000 000000010ba29940 0000000000000000
[mtlr]   out: 0000007700000000 0000000000004000 00000002c5cc260d 0000000000369b07
[mtlr] resource2 sel8 flags 470 sz 0x1000 -> kr 0x00000000 rid 119 GPUVA 0x10002490000 cpu 10d814000
[mtlr]   out: 0000010002490000 000000010d814000 000000010ba29940 0000000000000000
[mtlr]   out: 0000007700000000 0000000000004000 00000002c5cc260e 0000000000369b08
[mtlr] resource2 sel8 flags 470 sz 0x1000 -> kr 0x00000000 rid 119 GPUVA 0x10002490000 cpu 10d814000
[mtlr]   out: 0000010002490000 000000010d814000 000000010ba29940 0000000000000000
[mtlr]   out: 0000007700000000 0000000000004000 00000002c5cc260f 0000000000369b09
[mtlr] resource2 sel8 flags 470 sz 0x1000 -> kr 0x00000000 rid 119 GPUVA 0x10002490000 cpu 10d814000
[mtlr]   out: 0000010002490000 000000010d814000 000000010ba29940 0000000000000000
[mtlr]   out: 0000007700000000 0000000000004000 00000002c5cc2610 0000000000369b0a
[mtlr] resource2 sel8 flags 470 sz 0x1000 -> kr 0x00000000 rid 119 GPUVA 0x10002490000 cpu 10d814000
[mtlr]   out: 0000010002490000 000000010d814000 000000010ba29940 0000000000000000
[mtlr]   out: 0000007700000000 0000000000004000 00000002c5cc2611 0000000000369b0b
[mtlr] resource2 sel8 flags 470 sz 0x1000 -> kr 0x00000000 rid 119 GPUVA 0x10002490000 cpu 10d814000
[mtlr]   out: 0000010002490000 000000010d814000 000000010ba29940 0000000000000000
[mtlr]   out: 0000007700000000 0000000000004000 00000002c5cc2612 0000000000369b0c
[mtlr] resource2 sel8 flags 470 sz 0x1000 -> kr 0x00000000 rid 119 GPUVA 0x10002490000 cpu 10d814000
[mtlr]   out: 0000010002490000 000000010d814000 000000010ba29940 0000000000000000
[mtlr]   out: 0000007700000000 0000000000004000 00000002c5cc2613 0000000000369b0d
[mtlr] resource2 sel8 flags 470 sz 0x1000 -> kr 0x00000000 rid 119 GPUVA 0x10002490000 cpu 10d814000
[mtlr]   out: 0000010002490000 000000010d814000 000000010ba29940 0000000000000000
[mtlr]   out: 0000007700000000 0000000000004000 00000002c5cc2614 0000000000369b0e
[mtlr] resource2 sel8 flags 470 sz 0x1000 -> kr 0x00000000 rid 119 GPUVA 0x10002490000 cpu 10d814000
[mtlr]   out: 0000010002490000 000000010d814000 000000010ba29940 0000000000000000
[mtlr]   out: 0000007700000000 0000000000004000 00000002c5cc2615 0000000000369b0f
[mtlr] resource2 sel8 flags 470 sz 0x1000 -> kr 0x00000000 rid 119 GPUVA 0x10002490000 cpu 10d814000
[mtlr]   out: 0000010002490000 000000010d814000 000000010ba29940 0000000000000000
[mtlr]   out: 0000007700000000 0000000000004000 00000002c5cc2616 0000000000369b10
[mtlr] resource2 sel8 flags 470 sz 0x1000 -> kr 0x00000000 rid 119 GPUVA 0x10002490000 cpu 10d814000
[mtlr]   out: 0000010002490000 000000010d814000 000000010ba29940 0000000000000000
[mtlr]   out: 0000007700000000 0000000000004000 00000002c5cc2617 0000000000369b11
[mtlr] resource2 sel8 flags 470 sz 0x1000 -> kr 0x00000000 rid 119 GPUVA 0x10002490000 cpu 10d814000
[mtlr]   out: 0000010002490000 000000010d814000 000000010ba29940 0000000000000000
[mtlr]   out: 0000007700000000 0000000000004000 00000002c5cc2618 0000000000369b12
[mtlr] resource2 sel8 flags 470 sz 0x1000 -> kr 0x00000000 rid 119 GPUVA 0x10002490000 cpu 10d814000
[mtlr]   out: 0000010002490000 000000010d814000 000000010ba29940 0000000000000000
[mtlr]   out: 0000007700000000 0000000000004000 00000002c5cc2619 0000000000369b13
[mtlr] resource2 sel8 flags 470 sz 0x1000 -> kr 0x00000000 rid 119 GPUVA 0x10002490000 cpu 10d814000
[mtlr]   out: 0000010002490000 000000010d814000 000000010ba29940 0000000000000000
[mtlr]   out: 0000007700000000 0000000000004000 00000002c5cc261a 0000000000369b14
[mtlr] resource2 sel8 flags 470 sz 0x1000 -> kr 0x00000000 rid 119 GPUVA 0x10002490000 cpu 10d814000
[mtlr]   out: 0000010002490000 000000010d814000 000000010ba29940 0000000000000000
[mtlr]   out: 0000007700000000 0000000000004000 00000002c5cc261b 0000000000369b15
[mtlr] resource2 sel8 flags 470 sz 0x1000 -> kr 0x00000000 rid 119 GPUVA 0x10002490000 cpu 10d814000
[mtlr]   out: 0000010002490000 000000010d814000 000000010ba29940 0000000000000000
[mtlr]   out: 0000007700000000 0000000000004000 00000002c5cc261c 0000000000369b16
[mtlr] resource2 sel8 flags 470 sz 0x1000 -> kr 0x00000000 rid 119 GPUVA 0x10002490000 cpu 10d814000
[mtlr]   out: 0000010002490000 000000010d814000 000000010ba29940 0000000000000000
[mtlr]   out: 0000007700000000 0000000000004000 00000002c5cc261d 0000000000369b17
[mtlr] resource2 sel8 flags 470 sz 0x1000 -> kr 0x00000000 rid 119 GPUVA 0x10002490000 cpu 10d814000
[mtlr]   out: 0000010002490000 000000010d814000 000000010ba29940 0000000000000000
[mtlr]   out: 0000007700000000 0000000000004000 00000002c5cc261e 0000000000369b18
[mtlr] resource2 sel8 flags 470 sz 0x1000 -> kr 0x00000000 rid 119 GPUVA 0x10002490000 cpu 10d814000
[mtlr]   out: 0000010002490000 000000010d814000 000000010ba29940 0000000000000000
[mtlr]   out: 0000007700000000 0000000000004000 00000002c5cc261f 0000000000369b19
[mtlr] resource2 sel8 flags 470 sz 0x1000 -> kr 0x00000000 rid 119 GPUVA 0x10002490000 cpu 10d814000
[mtlr]   out: 0000010002490000 000000010d814000 000000010ba29940 0000000000000000
[mtlr]   out: 0000007700000000 0000000000004000 00000002c5cc2620 0000000000369b1a
[mtlr] resource2 sel8 flags 470 sz 0x1000 -> kr 0x00000000 rid 119 GPUVA 0x10002490000 cpu 10d814000
[mtlr]   out: 0000010002490000 000000010d814000 000000010ba29940 0000000000000000
[mtlr]   out: 0000007700000000 0000000000004000 00000002c5cc2621 0000000000369b1b
[mtlr] resource2 sel8 flags 470 sz 0x1000 -> kr 0x00000000 rid 119 GPUVA 0x10002490000 cpu 10d814000
[mtlr]   out: 0000010002490000 000000010d814000 000000010ba29940 0000000000000000
[mtlr]   out: 0000007700000000 0000000000004000 00000002c5cc2622 0000000000369b1c
[mtlr] resource2 sel8 flags 470 sz 0x1000 -> kr 0x00000000 rid 119 GPUVA 0x10002490000 cpu 10d814000
[mtlr]   out: 0000010002490000 000000010d814000 000000010ba29940 0000000000000000
[mtlr]   out: 0000007700000000 0000000000004000 00000002c5cc2623 0000000000369b1d
[mtlr] resource2 sel8 flags 470 sz 0x1000 -> kr 0x00000000 rid 119 GPUVA 0x10002490000 cpu 10d814000
[mtlr]   out: 0000010002490000 000000010d814000 000000010ba29940 0000000000000000
[mtlr]   out: 0000007700000000 0000000000004000 00000002c5cc2624 0000000000369b1e
[mtlr] resource2 sel8 flags 470 sz 0x1000 -> kr 0x00000000 rid 119 GPUVA 0x10002490000 cpu 10d814000
[mtlr]   out: 0000010002490000 000000010d814000 000000010ba29940 0000000000000000
[mtlr]   out: 0000007700000000 0000000000004000 00000002c5cc2625 0000000000369b1f
[mtlr] resource2 sel8 flags 470 sz 0x1000 -> kr 0x00000000 rid 119 GPUVA 0x10002490000 cpu 10d814000
[mtlr]   out: 0000010002490000 000000010d814000 000000010ba29940 0000000000000000
[mtlr]   out: 0000007700000000 0000000000004000 00000002c5cc2626 0000000000369b20
[mtlr] resource2 sel8 flags 470 sz 0x1000 -> kr 0x00000000 rid 119 GPUVA 0x10002490000 cpu 10d814000
[mtlr]   out: 0000010002490000 000000010d814000 000000010ba29940 0000000000000000
[mtlr]   out: 0000007700000000 0000000000004000 00000002c5cc2627 0000000000369b21
[mtlr] resource2 sel8 flags 470 sz 0x1000 -> kr 0x00000000 rid 119 GPUVA 0x10002490000 cpu 10d814000
[mtlr]   out: 0000010002490000 000000010d814000 000000010ba29940 0000000000000000
[mtlr]   out: 0000007700000000 0000000000004000 00000002c5cc2628 0000000000369b22
[mtlr] resource2 sel8 flags 470 sz 0x1000 -> kr 0x00000000 rid 119 GPUVA 0x10002490000 cpu 10d814000
[mtlr]   out: 0000010002490000 000000010d814000 000000010ba29940 0000000000000000
[mtlr]   out: 0000007700000000 0000000000004000 00000002c5cc2629 0000000000369b23
[mtlr] resource2 sel8 flags 470 sz 0x1000 -> kr 0x00000000 rid 119 GPUVA 0x10002490000 cpu 10d814000
[mtlr]   out: 0000010002490000 000000010d814000 000000010ba29940 0000000000000000
[mtlr]   out: 0000007700000000 0000000000004000 00000002c5cc262a 0000000000369b24
[mtlr] resource2 sel8 flags 470 sz 0x1000 -> kr 0x00000000 rid 119 GPUVA 0x10002490000 cpu 10d814000
[mtlr]   out: 0000010002490000 000000010d814000 000000010ba29940 0000000000000000
[mtlr]   out: 0000007700000000 0000000000004000 00000002c5cc262b 0000000000369b25
[mtlr] resource2 sel8 flags 470 sz 0x1000 -> kr 0x00000000 rid 119 GPUVA 0x10002490000 cpu 10d814000
[mtlr]   out: 0000010002490000 000000010d814000 000000010ba29940 0000000000000000
[mtlr]   out: 0000007700000000 0000000000004000 00000002c5cc262c 0000000000369b26
[mtlr] resource2 sel8 flags 470 sz 0x1000 -> kr 0x00000000 rid 119 GPUVA 0x10002490000 cpu 10d814000
[mtlr]   out: 0000010002490000 000000010d814000 000000010ba29940 0000000000000000
[mtlr]   out: 0000007700000000 0000000000004000 00000002c5cc262d 0000000000369b27
[mtlr] resource2 sel8 flags 470 sz 0x1000 -> kr 0x00000000 rid 119 GPUVA 0x10002490000 cpu 10d814000
[mtlr]   out: 0000010002490000 000000010d814000 000000010ba29940 0000000000000000
[mtlr]   out: 0000007700000000 0000000000004000 00000002c5cc262e 0000000000369b28
[mtlr] resource2 sel8 flags 470 sz 0x1000 -> kr 0x00000000 rid 119 GPUVA 0x10002490000 cpu 10d814000
[mtlr]   out: 0000010002490000 000000010d814000 000000010ba29940 0000000000000000
[mtlr]   out: 0000007700000000 0000000000004000 00000002c5cc262f 0000000000369b29
[mtlr] resource2 sel8 flags 470 sz 0x1000 -> kr 0x00000000 rid 119 GPUVA 0x10002490000 cpu 10d814000
[mtlr]   out: 0000010002490000 000000010d814000 000000010ba29940 0000000000000000
[mtlr]   out: 0000007700000000 0000000000004000 00000002c5cc2630 0000000000369b2a
[mtlr] resource2 sel8 flags 470 sz 0x1000 -> kr 0x00000000 rid 119 GPUVA 0x10002490000 cpu 10d814000
[mtlr]   out: 0000010002490000 000000010d814000 000000010ba29940 0000000000000000
[mtlr]   out: 0000007700000000 0000000000004000 00000002c5cc2631 0000000000369b2b
[mtlr] resource2 sel8 flags 470 sz 0x1000 -> kr 0x00000000 rid 119 GPUVA 0x10002490000 cpu 10d814000
[mtlr]   out: 0000010002490000 000000010d814000 000000010ba29940 0000000000000000
[mtlr]   out: 0000007700000000 0000000000004000 00000002c5cc2632 0000000000369b2c
[mtlr] resource2 sel8 flags 470 sz 0x1000 -> kr 0x00000000 rid 119 GPUVA 0x10002490000 cpu 10d814000
[mtlr]   out: 0000010002490000 000000010d814000 000000010ba29940 0000000000000000
[mtlr]   out: 0000007700000000 0000000000004000 00000002c5cc2633 0000000000369b2d
[mtlr] resource2 sel8 flags 470 sz 0x1000 -> kr 0x00000000 rid 119 GPUVA 0x10002490000 cpu 10d814000
[mtlr]   out: 0000010002490000 000000010d814000 000000010ba29940 0000000000000000
[mtlr]   out: 0000007700000000 0000000000004000 00000002c5cc2634 0000000000369b2e
[uatrec] S4 r7 (+0s): nvv 8 ncb 8 vsz 0x100000 fill 0xfffffff007000000 destroy0 kr 0x00000000 nj 40
[uatrec] S4 r7 blit[0] slots 8 ridp 1
[uatrec] S4 r7 blit[1] slots 8 ridp 1
[uatrec] S4 r7 blit[2] slots 8 ridp 1
[uatrec] S4 r7 blit[3] slots 8 ridp 1
[uatrec] S4 r7 blit[4] slots 8 ridp 1
[uatrec] S4 r7 blit[5] slots 8 ridp 1
[uatrec] S4 r7 blit[6] slots 8 ridp 1
[uatrec] S4 r7 blit[7] slots 8 ridp 1
[mtlr] resource2 sel8 flags 470 sz 0x100000 -> kr 0x00000000 rid 119 GPUVA 0x10002490000 cpu 10ce14000
[mtlr]   out: 0000010002490000 000000010ce14000 000000010ba29940 0000000000000000
[mtlr]   out: 0000007700000000 0000000000100000 00000002c5cc2680 0000000000369b31
[uatrec] S4 r8 victim[0] rid 119 gpuva 0x10002490000 cpu 0x10ce14000 (top-of-stack)
[mtlr] resource2 sel8 flags 470 sz 0x100000 -> kr 0x00000000 rid 120 GPUVA 0x10002598000 cpu 10cf14000
[mtlr]   out: 0000010002598000 000000010cf14000 000000010ba29a00 0000000000000000
[mtlr]   out: 0000007800000000 0000000000100000 00000002c5cc2681 0000000000369b32
[uatrec] S4 r8 victim[1] rid 120 gpuva 0x10002598000 cpu 0x10cf14000 (top-of-stack)
[mtlr] resource2 sel8 flags 470 sz 0x100000 -> kr 0x00000000 rid 121 GPUVA 0x100026a0000 cpu 10d014000
[mtlr]   out: 00000100026a0000 000000010d014000 000000010ba29ac0 0000000000000000
[mtlr]   out: 0000007900000000 0000000000100000 00000002c5cc2682 0000000000369b33
[uatrec] S4 r8 victim[2] rid 121 gpuva 0x100026a0000 cpu 0x10d014000 (top-of-stack)
[mtlr] resource2 sel8 flags 470 sz 0x100000 -> kr 0x00000000 rid 122 GPUVA 0x100027a8000 cpu 10d114000
[mtlr]   out: 00000100027a8000 000000010d114000 000000010ba29b80 0000000000000000
[mtlr]   out: 0000007a00000000 0000000000100000 00000002c5cc2683 0000000000369b34
[uatrec] S4 r8 victim[3] rid 122 gpuva 0x100027a8000 cpu 0x10d114000 (top-of-stack)
[mtlr] resource2 sel8 flags 470 sz 0x100000 -> kr 0x00000000 rid 123 GPUVA 0x100028b0000 cpu 10d214000
[mtlr]   out: 00000100028b0000 000000010d214000 000000010ba29c40 0000000000000000
[mtlr]   out: 0000007b00000000 0000000000100000 00000002c5cc2684 0000000000369b35
[uatrec] S4 r8 victim[4] rid 123 gpuva 0x100028b0000 cpu 0x10d214000 (top-of-stack)
[mtlr] resource2 sel8 flags 470 sz 0x100000 -> kr 0x00000000 rid 124 GPUVA 0x100029b8000 cpu 10d314000
[mtlr]   out: 00000100029b8000 000000010d314000 000000010ba29d00 0000000000000000
[mtlr]   out: 0000007c00000000 0000000000100000 00000002c5cc2685 0000000000369b36
[uatrec] S4 r8 victim[5] rid 124 gpuva 0x100029b8000 cpu 0x10d314000 (top-of-stack)
[mtlr] resource2 sel8 flags 470 sz 0x100000 -> kr 0x00000000 rid 125 GPUVA 0x10002ac0000 cpu 10d414000
[mtlr]   out: 0000010002ac0000 000000010d414000 000000010ba29dc0 0000000000000000
[mtlr]   out: 0000007d00000000 0000000000100000 00000002c5cc268d 0000000000369b37
[uatrec] S4 r8 victim[6] rid 125 gpuva 0x10002ac0000 cpu 0x10d414000 (top-of-stack)
[mtlr] resource2 sel8 flags 470 sz 0x100000 -> kr 0x00000000 rid 126 GPUVA 0x10002bc8000 cpu 10d514000
[mtlr]   out: 0000010002bc8000 000000010d514000 000000010ba29e80 0000000000000000
[mtlr]   out: 0000007e00000000 0000000000100000 00000002c5cc268e 0000000000369b38
[uatrec] S4 r8 victim[7] rid 126 gpuva 0x10002bc8000 cpu 0x10d514000 (top-of-stack)
[mtlr] resource2 sel8 flags 470 sz 0x1000 -> kr 0x00000000 rid 119 GPUVA 0x10002490000 cpu 10d814000
[mtlr]   out: 0000010002490000 000000010d814000 000000010ba29940 0000000000000000
[mtlr]   out: 0000007700000000 0000000000004000 00000002c5cc26ae 0000000000369b42
[mtlr] resource2 sel8 flags 470 sz 0x1000 -> kr 0x00000000 rid 119 GPUVA 0x10002490000 cpu 10d814000
[mtlr]   out: 0000010002490000 000000010d814000 000000010ba29940 0000000000000000
[mtlr]   out: 0000007700000000 0000000000004000 00000002c5cc26b3 0000000000369b43
[mtlr] resource2 sel8 flags 470 sz 0x1000 -> kr 0x00000000 rid 119 GPUVA 0x10002490000 cpu 10d814000
[mtlr]   out: 0000010002490000 000000010d814000 000000010ba29940 0000000000000000
[mtlr]   out: 0000007700000000 0000000000004000 00000002c5cc26b4 0000000000369b44
[mtlr] resource2 sel8 flags 470 sz 0x1000 -> kr 0x00000000 rid 119 GPUVA 0x10002490000 cpu 10d814000
[mtlr]   out: 0000010002490000 000000010d814000 000000010ba29940 0000000000000000
[mtlr]   out: 0000007700000000 0000000000004000 00000002c5cc26b5 0000000000369b45
[mtlr] resource2 sel8 flags 470 sz 0x1000 -> kr 0x00000000 rid 119 GPUVA 0x10002490000 cpu 10d814000
[mtlr]   out: 0000010002490000 000000010d814000 000000010ba29940 0000000000000000
[mtlr]   out: 0000007700000000 0000000000004000 00000002c5cc26b6 0000000000369b46
[mtlr] resource2 sel8 flags 470 sz 0x1000 -> kr 0x00000000 rid 119 GPUVA 0x10002490000 cpu 10d814000
[mtlr]   out: 0000010002490000 000000010d814000 000000010ba29940 0000000000000000
[mtlr]   out: 0000007700000000 0000000000004000 00000002c5cc26b7 0000000000369b47
[mtlr] resource2 sel8 flags 470 sz 0x1000 -> kr 0x00000000 rid 119 GPUVA 0x10002490000 cpu 10d814000
[mtlr]   out: 0000010002490000 000000010d814000 000000010ba29940 0000000000000000
[mtlr]   out: 0000007700000000 0000000000004000 00000002c5cc26b8 0000000000369b48
[mtlr] resource2 sel8 flags 470 sz 0x1000 -> kr 0x00000000 rid 119 GPUVA 0x10002490000 cpu 10d814000
[mtlr]   out: 0000010002490000 000000010d814000 000000010ba29940 0000000000000000
[mtlr]   out: 0000007700000000 0000000000004000 00000002c5cc26b9 0000000000369b49
[mtlr] resource2 sel8 flags 470 sz 0x1000 -> kr 0x00000000 rid 119 GPUVA 0x10002490000 cpu 10d814000
[mtlr]   out: 0000010002490000 000000010d814000 000000010ba29940 0000000000000000
[mtlr]   out: 0000007700000000 0000000000004000 00000002c5cc26ba 0000000000369b4a
[mtlr] resource2 sel8 flags 470 sz 0x1000 -> kr 0x00000000 rid 119 GPUVA 0x10002490000 cpu 10d814000
[mtlr]   out: 0000010002490000 000000010d814000 000000010ba29940 0000000000000000
[mtlr]   out: 0000007700000000 0000000000004000 00000002c5cc26bb 0000000000369b4b
[mtlr] resource2 sel8 flags 470 sz 0x1000 -> kr 0x00000000 rid 119 GPUVA 0x10002490000 cpu 10d814000
[mtlr]   out: 0000010002490000 000000010d814000 000000010ba29940 0000000000000000
[mtlr]   out: 0000007700000000 0000000000004000 00000002c5cc26bc 0000000000369b4c
[mtlr] resource2 sel8 flags 470 sz 0x1000 -> kr 0x00000000 rid 119 GPUVA 0x10002490000 cpu 10d814000
[mtlr]   out: 0000010002490000 000000010d814000 000000010ba29940 0000000000000000
[mtlr]   out: 0000007700000000 0000000000004000 00000002c5cc26bd 0000000000369b4d
[mtlr] resource2 sel8 flags 470 sz 0x1000 -> kr 0x00000000 rid 119 GPUVA 0x10002490000 cpu 10d814000
[mtlr]   out: 0000010002490000 000000010d814000 000000010ba29940 0000000000000000
[mtlr]   out: 0000007700000000 0000000000004000 00000002c5cc26be 0000000000369b4e
[mtlr] resource2 sel8 flags 470 sz 0x1000 -> kr 0x00000000 rid 119 GPUVA 0x10002490000 cpu 10d814000
[mtlr]   out: 0000010002490000 000000010d814000 000000010ba29940 0000000000000000
[mtlr]   out: 0000007700000000 0000000000004000 00000002c5cc26bf 0000000000369b4f
[mtlr] resource2 sel8 flags 470 sz 0x1000 -> kr 0x00000000 rid 119 GPUVA 0x10002490000 cpu 10d814000
[mtlr]   out: 0000010002490000 000000010d814000 000000010ba29940 0000000000000000
[mtlr]   out: 0000007700000000 0000000000004000 00000002c5cc26c0 0000000000369b50
[mtlr] resource2 sel8 flags 470 sz 0x1000 -> kr 0x00000000 rid 119 GPUVA 0x10002490000 cpu 10d814000
[mtlr]   out: 0000010002490000 000000010d814000 000000010ba29940 0000000000000000
[mtlr]   out: 0000007700000000 0000000000004000 00000002c5cc26c1 0000000000369b51
[mtlr] resource2 sel8 flags 470 sz 0x1000 -> kr 0x00000000 rid 119 GPUVA 0x10002490000 cpu 10d814000
[mtlr]   out: 0000010002490000 000000010d814000 000000010ba29940 0000000000000000
[mtlr]   out: 0000007700000000 0000000000004000 00000002c5cc26c2 0000000000369b52
[mtlr] resource2 sel8 flags 470 sz 0x1000 -> kr 0x00000000 rid 119 GPUVA 0x10002490000 cpu 10d814000
[mtlr]   out: 0000010002490000 000000010d814000 000000010ba29940 0000000000000000
[mtlr]   out: 0000007700000000 0000000000004000 00000002c5cc26c3 0000000000369b53
[mtlr] resource2 sel8 flags 470 sz 0x1000 -> kr 0x00000000 rid 119 GPUVA 0x10002490000 cpu 10d814000
[mtlr]   out: 0000010002490000 000000010d814000 000000010ba29940 0000000000000000
[mtlr]   out: 0000007700000000 0000000000004000 00000002c5cc26c4 0000000000369b54
[mtlr] resource2 sel8 flags 470 sz 0x1000 -> kr 0x00000000 rid 119 GPUVA 0x10002490000 cpu 10d814000
[mtlr]   out: 0000010002490000 000000010d814000 000000010ba29940 0000000000000000
[mtlr]   out: 0000007700000000 0000000000004000 00000002c5cc26c5 0000000000369b55
[mtlr] resource2 sel8 flags 470 sz 0x1000 -> kr 0x00000000 rid 119 GPUVA 0x10002490000 cpu 10d814000
[mtlr]   out: 0000010002490000 000000010d814000 000000010ba29940 0000000000000000
[mtlr]   out: 0000007700000000 0000000000004000 00000002c5cc26c6 0000000000369b56
[mtlr] resource2 sel8 flags 470 sz 0x1000 -> kr 0x00000000 rid 119 GPUVA 0x10002490000 cpu 10d814000
[mtlr]   out: 0000010002490000 000000010d814000 000000010ba29940 0000000000000000
[mtlr]   out: 0000007700000000 0000000000004000 00000002c5cc26c7 0000000000369b57
[mtlr] resource2 sel8 flags 470 sz 0x1000 -> kr 0x00000000 rid 119 GPUVA 0x10002490000 cpu 10d814000
[mtlr]   out: 0000010002490000 000000010d814000 000000010ba29940 0000000000000000
[mtlr]   out: 0000007700000000 0000000000004000 00000002c5cc26c8 0000000000369b58
[mtlr] resource2 sel8 flags 470 sz 0x1000 -> kr 0x00000000 rid 119 GPUVA 0x10002490000 cpu 10d814000
[mtlr]   out: 0000010002490000 000000010d814000 000000010ba29940 0000000000000000
[mtlr]   out: 0000007700000000 0000000000004000 00000002c5cc26c9 0000000000369b59
[mtlr] resource2 sel8 flags 470 sz 0x1000 -> kr 0x00000000 rid 119 GPUVA 0x10002490000 cpu 10d814000
[mtlr]   out: 0000010002490000 000000010d814000 000000010ba29940 0000000000000000
[mtlr]   out: 0000007700000000 0000000000004000 00000002c5cc26ca 0000000000369b5a
[mtlr] resource2 sel8 flags 470 sz 0x1000 -> kr 0x00000000 rid 119 GPUVA 0x10002490000 cpu 10d814000
[mtlr]   out: 0000010002490000 000000010d814000 000000010ba29940 0000000000000000
[mtlr]   out: 0000007700000000 0000000000004000 00000002c5cc26cb 0000000000369b5b
[mtlr] resource2 sel8 flags 470 sz 0x1000 -> kr 0x00000000 rid 119 GPUVA 0x10002490000 cpu 10d814000
[mtlr]   out: 0000010002490000 000000010d814000 000000010ba29940 0000000000000000
[mtlr]   out: 0000007700000000 0000000000004000 00000002c5cc26cc 0000000000369b5c
[mtlr] resource2 sel8 flags 470 sz 0x1000 -> kr 0x00000000 rid 119 GPUVA 0x10002490000 cpu 10d814000
[mtlr]   out: 0000010002490000 000000010d814000 000000010ba29940 0000000000000000
[mtlr]   out: 0000007700000000 0000000000004000 00000002c5cc26cd 0000000000369b5d
[mtlr] resource2 sel8 flags 470 sz 0x1000 -> kr 0x00000000 rid 119 GPUVA 0x10002490000 cpu 10d814000
[mtlr]   out: 0000010002490000 000000010d814000 000000010ba29940 0000000000000000
[mtlr]   out: 0000007700000000 0000000000004000 00000002c5cc26ce 0000000000369b5e
[mtlr] resource2 sel8 flags 470 sz 0x1000 -> kr 0x00000000 rid 119 GPUVA 0x10002490000 cpu 10d814000
[mtlr]   out: 0000010002490000 000000010d814000 000000010ba29940 0000000000000000
[mtlr]   out: 0000007700000000 0000000000004000 00000002c5cc26cf 0000000000369b5f
[mtlr] resource2 sel8 flags 470 sz 0x1000 -> kr 0x00000000 rid 119 GPUVA 0x10002490000 cpu 10d814000
[mtlr]   out: 0000010002490000 000000010d814000 000000010ba29940 0000000000000000
[mtlr]   out: 0000007700000000 0000000000004000 00000002c5cc26d0 0000000000369b60
[mtlr] resource2 sel8 flags 470 sz 0x1000 -> kr 0x00000000 rid 119 GPUVA 0x10002490000 cpu 10d814000
[mtlr]   out: 0000010002490000 000000010d814000 000000010ba29940 0000000000000000
[mtlr]   out: 0000007700000000 0000000000004000 00000002c5cc26d1 0000000000369b61
[mtlr] resource2 sel8 flags 470 sz 0x1000 -> kr 0x00000000 rid 119 GPUVA 0x10002490000 cpu 10d814000
[mtlr]   out: 0000010002490000 000000010d814000 000000010ba29940 0000000000000000
[mtlr]   out: 0000007700000000 0000000000004000 00000002c5cc26d2 0000000000369b62
[mtlr] resource2 sel8 flags 470 sz 0x1000 -> kr 0x00000000 rid 119 GPUVA 0x10002490000 cpu 10d814000
[mtlr]   out: 0000010002490000 000000010d814000 000000010ba29940 0000000000000000
[mtlr]   out: 0000007700000000 0000000000004000 00000002c5cc26d3 0000000000369b63
[mtlr] resource2 sel8 flags 470 sz 0x1000 -> kr 0x00000000 rid 119 GPUVA 0x10002490000 cpu 10d814000
[mtlr]   out: 0000010002490000 000000010d814000 000000010ba29940 0000000000000000
[mtlr]   out: 0000007700000000 0000000000004000 00000002c5cc26d4 0000000000369b64
[mtlr] resource2 sel8 flags 470 sz 0x1000 -> kr 0x00000000 rid 119 GPUVA 0x10002490000 cpu 10d814000
[mtlr]   out: 0000010002490000 000000010d814000 000000010ba29940 0000000000000000
[mtlr]   out: 0000007700000000 0000000000004000 00000002c5cc26d5 0000000000369b65
[mtlr] resource2 sel8 flags 470 sz 0x1000 -> kr 0x00000000 rid 119 GPUVA 0x10002490000 cpu 10d814000
[mtlr]   out: 0000010002490000 000000010d814000 000000010ba29940 0000000000000000
[mtlr]   out: 0000007700000000 0000000000004000 00000002c5cc26d6 0000000000369b66
[mtlr] resource2 sel8 flags 470 sz 0x1000 -> kr 0x00000000 rid 119 GPUVA 0x10002490000 cpu 10d814000
[mtlr]   out: 0000010002490000 000000010d814000 000000010ba29940 0000000000000000
[mtlr]   out: 0000007700000000 0000000000004000 00000002c5cc26d7 0000000000369b67
[mtlr] resource2 sel8 flags 470 sz 0x1000 -> kr 0x00000000 rid 119 GPUVA 0x10002490000 cpu 10d814000
[mtlr]   out: 0000010002490000 000000010d814000 000000010ba29940 0000000000000000
[mtlr]   out: 0000007700000000 0000000000004000 00000002c5cc26d8 0000000000369b68
[mtlr] resource2 sel8 flags 470 sz 0x1000 -> kr 0x00000000 rid 119 GPUVA 0x10002490000 cpu 10d814000
[mtlr]   out: 0000010002490000 000000010d814000 000000010ba29940 0000000000000000
[mtlr]   out: 0000007700000000 0000000000004000 00000002c5cc26d9 0000000000369b69
[uatrec] S4 r8 (+0s): nvv 8 ncb 8 vsz 0x100000 fill 0xfffffff007000000 destroy0 kr 0x00000000 nj 40
[uatrec] S4 r8 blit[0] slots 8 ridp 1
[uatrec] S4 r8 blit[1] slots 8 ridp 1
[uatrec] S4 r8 blit[2] slots 8 ridp 1
[uatrec] S4 r8 blit[3] slots 8 ridp 1
[uatrec] S4 r8 blit[4] slots 8 ridp 1
[uatrec] S4 r8 blit[5] slots 8 ridp 1
[uatrec] S4 r8 blit[6] slots 8 ridp 1
[uatrec] S4 r8 blit[7] slots 8 ridp 1
[mtlr] resource2 sel8 flags 470 sz 0x100000 -> kr 0x00000000 rid 119 GPUVA 0x10002490000 cpu 10d714000
[mtlr]   out: 0000010002490000 000000010d714000 000000010ba29940 0000000000000000
[mtlr]   out: 0000007700000000 0000000000100000 00000002c5cc2714 0000000000369b6c
[uatrec] S4 r9 victim[0] rid 119 gpuva 0x10002490000 cpu 0x10d714000 (top-of-stack)
[mtlr] resource2 sel8 flags 470 sz 0x100000 -> kr 0x00000000 rid 120 GPUVA 0x10002598000 cpu 10d974000
[mtlr]   out: 0000010002598000 000000010d974000 000000010ba29a00 0000000000000000
[mtlr]   out: 0000007800000000 0000000000100000 00000002c5cc2715 0000000000369b6d
[uatrec] S4 r9 victim[1] rid 120 gpuva 0x10002598000 cpu 0x10d974000 (top-of-stack)
[mtlr] resource2 sel8 flags 470 sz 0x100000 -> kr 0x00000000 rid 121 GPUVA 0x100026a0000 cpu 10ce14000
[mtlr]   out: 00000100026a0000 000000010ce14000 000000010ba29ac0 0000000000000000
[mtlr]   out: 0000007900000000 0000000000100000 00000002c5cc2716 0000000000369b6e
[uatrec] S4 r9 victim[2] rid 121 gpuva 0x100026a0000 cpu 0x10ce14000 (top-of-stack)
[mtlr] resource2 sel8 flags 470 sz 0x100000 -> kr 0x00000000 rid 122 GPUVA 0x100027a8000 cpu 10cf14000
[mtlr]   out: 00000100027a8000 000000010cf14000 000000010ba29b80 0000000000000000
[mtlr]   out: 0000007a00000000 0000000000100000 00000002c5cc271e 0000000000369b6f
[uatrec] S4 r9 victim[3] rid 122 gpuva 0x100027a8000 cpu 0x10cf14000 (top-of-stack)
[mtlr] resource2 sel8 flags 470 sz 0x100000 -> kr 0x00000000 rid 123 GPUVA 0x100028b0000 cpu 10d014000
[mtlr]   out: 00000100028b0000 000000010d014000 000000010ba29c40 0000000000000000
[mtlr]   out: 0000007b00000000 0000000000100000 00000002c5cc2731 0000000000369b70
[uatrec] S4 r9 victim[4] rid 123 gpuva 0x100028b0000 cpu 0x10d014000 (top-of-stack)
[mtlr] resource2 sel8 flags 470 sz 0x100000 -> kr 0x00000000 rid 124 GPUVA 0x100029b8000 cpu 10d114000
[mtlr]   out: 00000100029b8000 000000010d114000 000000010ba29d00 0000000000000000
[mtlr]   out: 0000007c00000000 0000000000100000 00000002c5cc2732 0000000000369b71
[uatrec] S4 r9 victim[5] rid 124 gpuva 0x100029b8000 cpu 0x10d114000 (top-of-stack)
[mtlr] resource2 sel8 flags 470 sz 0x100000 -> kr 0x00000000 rid 125 GPUVA 0x10002ac0000 cpu 10d214000
[mtlr]   out: 0000010002ac0000 000000010d214000 000000010ba29dc0 0000000000000000
[mtlr]   out: 0000007d00000000 0000000000100000 00000002c5cc2733 0000000000369b72
[uatrec] S4 r9 victim[6] rid 125 gpuva 0x10002ac0000 cpu 0x10d214000 (top-of-stack)
[mtlr] resource2 sel8 flags 470 sz 0x100000 -> kr 0x00000000 rid 126 GPUVA 0x10002bc8000 cpu 10d314000
[mtlr]   out: 0000010002bc8000 000000010d314000 000000010ba29e80 0000000000000000
[mtlr]   out: 0000007e00000000 0000000000100000 00000002c5cc2734 0000000000369b73
[uatrec] S4 r9 victim[7] rid 126 gpuva 0x10002bc8000 cpu 0x10d314000 (top-of-stack)
[mtlr] resource2 sel8 flags 470 sz 0x1000 -> kr 0x00000000 rid 119 GPUVA 0x10002490000 cpu 10d814000
[mtlr]   out: 0000010002490000 000000010d814000 000000010ba29940 0000000000000000
[mtlr]   out: 0000007700000000 0000000000004000 00000002c5cc2746 0000000000369b7d
[mtlr] resource2 sel8 flags 470 sz 0x1000 -> kr 0x00000000 rid 119 GPUVA 0x10002490000 cpu 10d814000
[mtlr]   out: 0000010002490000 000000010d814000 000000010ba29940 0000000000000000
[mtlr]   out: 0000007700000000 0000000000004000 00000002c5cc2747 0000000000369b7e
[mtlr] resource2 sel8 flags 470 sz 0x1000 -> kr 0x00000000 rid 119 GPUVA 0x10002490000 cpu 10d814000
[mtlr]   out: 0000010002490000 000000010d814000 000000010ba29940 0000000000000000
[mtlr]   out: 0000007700000000 0000000000004000 00000002c5cc2748 0000000000369b7f
[mtlr] resource2 sel8 flags 470 sz 0x1000 -> kr 0x00000000 rid 119 GPUVA 0x10002490000 cpu 10d814000
[mtlr]   out: 0000010002490000 000000010d814000 000000010ba29940 0000000000000000
[mtlr]   out: 0000007700000000 0000000000004000 00000002c5cc2749 0000000000369b80
[mtlr] resource2 sel8 flags 470 sz 0x1000 -> kr 0x00000000 rid 119 GPUVA 0x10002490000 cpu 10d814000
[mtlr]   out: 0000010002490000 000000010d814000 000000010ba29940 0000000000000000
[mtlr]   out: 0000007700000000 0000000000004000 00000002c5cc274a 0000000000369b81
[mtlr] resource2 sel8 flags 470 sz 0x1000 -> kr 0x00000000 rid 119 GPUVA 0x10002490000 cpu 10d814000
[mtlr]   out: 0000010002490000 000000010d814000 000000010ba29940 0000000000000000
[mtlr]   out: 0000007700000000 0000000000004000 00000002c5cc274b 0000000000369b82
[mtlr] resource2 sel8 flags 470 sz 0x1000 -> kr 0x00000000 rid 119 GPUVA 0x10002490000 cpu 10d814000
[mtlr]   out: 0000010002490000 000000010d814000 000000010ba29940 0000000000000000
[mtlr]   out: 0000007700000000 0000000000004000 00000002c5cc274c 0000000000369b83
[mtlr] resource2 sel8 flags 470 sz 0x1000 -> kr 0x00000000 rid 119 GPUVA 0x10002490000 cpu 10d814000
[mtlr]   out: 0000010002490000 000000010d814000 000000010ba29940 0000000000000000
[mtlr]   out: 0000007700000000 0000000000004000 00000002c5cc274d 0000000000369b84
[mtlr] resource2 sel8 flags 470 sz 0x1000 -> kr 0x00000000 rid 119 GPUVA 0x10002490000 cpu 10d814000
[mtlr]   out: 0000010002490000 000000010d814000 000000010ba29940 0000000000000000
[mtlr]   out: 0000007700000000 0000000000004000 00000002c5cc2750 0000000000369b85
[mtlr] resource2 sel8 flags 470 sz 0x1000 -> kr 0x00000000 rid 119 GPUVA 0x10002490000 cpu 10d814000
[mtlr]   out: 0000010002490000 000000010d814000 000000010ba29940 0000000000000000
[mtlr]   out: 0000007700000000 0000000000004000 00000002c5cc2751 0000000000369b86
[mtlr] resource2 sel8 flags 470 sz 0x1000 -> kr 0x00000000 rid 119 GPUVA 0x10002490000 cpu 10d814000
[mtlr]   out: 0000010002490000 000000010d814000 000000010ba29940 0000000000000000
[mtlr]   out: 0000007700000000 0000000000004000 00000002c5cc2754 0000000000369b87
[mtlr] resource2 sel8 flags 470 sz 0x1000 -> kr 0x00000000 rid 119 GPUVA 0x10002490000 cpu 10d814000
[mtlr]   out: 0000010002490000 000000010d814000 000000010ba29940 0000000000000000
[mtlr]   out: 0000007700000000 0000000000004000 00000002c5cc2757 0000000000369b88
[mtlr] resource2 sel8 flags 470 sz 0x1000 -> kr 0x00000000 rid 119 GPUVA 0x10002490000 cpu 10d814000
[mtlr]   out: 0000010002490000 000000010d814000 000000010ba29940 0000000000000000
[mtlr]   out: 0000007700000000 0000000000004000 00000002c5cc275b 0000000000369b89
[mtlr] resource2 sel8 flags 470 sz 0x1000 -> kr 0x00000000 rid 119 GPUVA 0x10002490000 cpu 10d814000
[mtlr]   out: 0000010002490000 000000010d814000 000000010ba29940 0000000000000000
[mtlr]   out: 0000007700000000 0000000000004000 00000002c5cc275d 0000000000369b8a
[mtlr] resource2 sel8 flags 470 sz 0x1000 -> kr 0x00000000 rid 119 GPUVA 0x10002490000 cpu 10d814000
[mtlr]   out: 0000010002490000 000000010d814000 000000010ba29940 0000000000000000
[mtlr]   out: 0000007700000000 0000000000004000 00000002c5cc275e 0000000000369b8b
[mtlr] resource2 sel8 flags 470 sz 0x1000 -> kr 0x00000000 rid 119 GPUVA 0x10002490000 cpu 10d814000
[mtlr]   out: 0000010002490000 000000010d814000 000000010ba29940 0000000000000000
[mtlr]   out: 0000007700000000 0000000000004000 00000002c5cc275f 0000000000369b8c
[mtlr] resource2 sel8 flags 470 sz 0x1000 -> kr 0x00000000 rid 119 GPUVA 0x10002490000 cpu 10d814000
[mtlr]   out: 0000010002490000 000000010d814000 000000010ba29940 0000000000000000
[mtlr]   out: 0000007700000000 0000000000004000 00000002c5cc2760 0000000000369b8d
[mtlr] resource2 sel8 flags 470 sz 0x1000 -> kr 0x00000000 rid 119 GPUVA 0x10002490000 cpu 10d814000
[mtlr]   out: 0000010002490000 000000010d814000 000000010ba29940 0000000000000000
[mtlr]   out: 0000007700000000 0000000000004000 00000002c5cc2761 0000000000369b8e
[mtlr] resource2 sel8 flags 470 sz 0x1000 -> kr 0x00000000 rid 119 GPUVA 0x10002490000 cpu 10d814000
[mtlr]   out: 0000010002490000 000000010d814000 000000010ba29940 0000000000000000
[mtlr]   out: 0000007700000000 0000000000004000 00000002c5cc2762 0000000000369b8f
[mtlr] resource2 sel8 flags 470 sz 0x1000 -> kr 0x00000000 rid 119 GPUVA 0x10002490000 cpu 10d814000
[mtlr]   out: 0000010002490000 000000010d814000 000000010ba29940 0000000000000000
[mtlr]   out: 0000007700000000 0000000000004000 00000002c5cc2763 0000000000369b90
[mtlr] resource2 sel8 flags 470 sz 0x1000 -> kr 0x00000000 rid 119 GPUVA 0x10002490000 cpu 10d814000
[mtlr]   out: 0000010002490000 000000010d814000 000000010ba29940 0000000000000000
[mtlr]   out: 0000007700000000 0000000000004000 00000002c5cc2764 0000000000369b91
[mtlr] resource2 sel8 flags 470 sz 0x1000 -> kr 0x00000000 rid 119 GPUVA 0x10002490000 cpu 10d814000
[mtlr]   out: 0000010002490000 000000010d814000 000000010ba29940 0000000000000000
[mtlr]   out: 0000007700000000 0000000000004000 00000002c5cc2765 0000000000369b92
[mtlr] resource2 sel8 flags 470 sz 0x1000 -> kr 0x00000000 rid 119 GPUVA 0x10002490000 cpu 10d814000
[mtlr]   out: 0000010002490000 000000010d814000 000000010ba29940 0000000000000000
[mtlr]   out: 0000007700000000 0000000000004000 00000002c5cc2766 0000000000369b93
[mtlr] resource2 sel8 flags 470 sz 0x1000 -> kr 0x00000000 rid 119 GPUVA 0x10002490000 cpu 10d814000
[mtlr]   out: 0000010002490000 000000010d814000 000000010ba29940 0000000000000000
[mtlr]   out: 0000007700000000 0000000000004000 00000002c5cc2767 0000000000369b94
[mtlr] resource2 sel8 flags 470 sz 0x1000 -> kr 0x00000000 rid 119 GPUVA 0x10002490000 cpu 10d814000
[mtlr]   out: 0000010002490000 000000010d814000 000000010ba29940 0000000000000000
[mtlr]   out: 0000007700000000 0000000000004000 00000002c5cc2768 0000000000369b95
[mtlr] resource2 sel8 flags 470 sz 0x1000 -> kr 0x00000000 rid 119 GPUVA 0x10002490000 cpu 10d814000
[mtlr]   out: 0000010002490000 000000010d814000 000000010ba29940 0000000000000000
[mtlr]   out: 0000007700000000 0000000000004000 00000002c5cc2769 0000000000369b96
[mtlr] resource2 sel8 flags 470 sz 0x1000 -> kr 0x00000000 rid 119 GPUVA 0x10002490000 cpu 10d814000
[mtlr]   out: 0000010002490000 000000010d814000 000000010ba29940 0000000000000000
[mtlr]   out: 0000007700000000 0000000000004000 00000002c5cc276a 0000000000369b97
[mtlr] resource2 sel8 flags 470 sz 0x1000 -> kr 0x00000000 rid 119 GPUVA 0x10002490000 cpu 10d814000
[mtlr]   out: 0000010002490000 000000010d814000 000000010ba29940 0000000000000000
[mtlr]   out: 0000007700000000 0000000000004000 00000002c5cc276b 0000000000369b98
[mtlr] resource2 sel8 flags 470 sz 0x1000 -> kr 0x00000000 rid 119 GPUVA 0x10002490000 cpu 10d814000
[mtlr]   out: 0000010002490000 000000010d814000 000000010ba29940 0000000000000000
[mtlr]   out: 0000007700000000 0000000000004000 00000002c5cc276c 0000000000369b99
[mtlr] resource2 sel8 flags 470 sz 0x1000 -> kr 0x00000000 rid 119 GPUVA 0x10002490000 cpu 10d814000
[mtlr]   out: 0000010002490000 000000010d814000 000000010ba29940 0000000000000000
[mtlr]   out: 0000007700000000 0000000000004000 00000002c5cc276d 0000000000369b9a
[mtlr] resource2 sel8 flags 470 sz 0x1000 -> kr 0x00000000 rid 119 GPUVA 0x10002490000 cpu 10d814000
[mtlr]   out: 0000010002490000 000000010d814000 000000010ba29940 0000000000000000
[mtlr]   out: 0000007700000000 0000000000004000 00000002c5cc276e 0000000000369b9b
[mtlr] resource2 sel8 flags 470 sz 0x1000 -> kr 0x00000000 rid 119 GPUVA 0x10002490000 cpu 10d814000
[mtlr]   out: 0000010002490000 000000010d814000 000000010ba29940 0000000000000000
[mtlr]   out: 0000007700000000 0000000000004000 00000002c5cc276f 0000000000369b9c
[mtlr] resource2 sel8 flags 470 sz 0x1000 -> kr 0x00000000 rid 119 GPUVA 0x10002490000 cpu 10d814000
[mtlr]   out: 0000010002490000 000000010d814000 000000010ba29940 0000000000000000
[mtlr]   out: 0000007700000000 0000000000004000 00000002c5cc2770 0000000000369b9d
[mtlr] resource2 sel8 flags 470 sz 0x1000 -> kr 0x00000000 rid 119 GPUVA 0x10002490000 cpu 10d814000
[mtlr]   out: 0000010002490000 000000010d814000 000000010ba29940 0000000000000000
[mtlr]   out: 0000007700000000 0000000000004000 00000002c5cc2771 0000000000369b9e
[mtlr] resource2 sel8 flags 470 sz 0x1000 -> kr 0x00000000 rid 119 GPUVA 0x10002490000 cpu 10d814000
[mtlr]   out: 0000010002490000 000000010d814000 000000010ba29940 0000000000000000
[mtlr]   out: 0000007700000000 0000000000004000 00000002c5cc2772 0000000000369b9f
[mtlr] resource2 sel8 flags 470 sz 0x1000 -> kr 0x00000000 rid 119 GPUVA 0x10002490000 cpu 10d814000
[mtlr]   out: 0000010002490000 000000010d814000 000000010ba29940 0000000000000000
[mtlr]   out: 0000007700000000 0000000000004000 00000002c5cc2773 0000000000369ba0
[mtlr] resource2 sel8 flags 470 sz 0x1000 -> kr 0x00000000 rid 119 GPUVA 0x10002490000 cpu 10d814000
[mtlr]   out: 0000010002490000 000000010d814000 000000010ba29940 0000000000000000
[mtlr]   out: 0000007700000000 0000000000004000 00000002c5cc2774 0000000000369ba1
[mtlr] resource2 sel8 flags 470 sz 0x1000 -> kr 0x00000000 rid 119 GPUVA 0x10002490000 cpu 10d814000
[mtlr]   out: 0000010002490000 000000010d814000 000000010ba29940 0000000000000000
[mtlr]   out: 0000007700000000 0000000000004000 00000002c5cc2775 0000000000369ba2
[mtlr] resource2 sel8 flags 470 sz 0x1000 -> kr 0x00000000 rid 119 GPUVA 0x10002490000 cpu 10d814000
[mtlr]   out: 0000010002490000 000000010d814000 000000010ba29940 0000000000000000
[mtlr]   out: 0000007700000000 0000000000004000 00000002c5cc2776 0000000000369ba3
[mtlr] resource2 sel8 flags 470 sz 0x1000 -> kr 0x00000000 rid 119 GPUVA 0x10002490000 cpu 10d814000
[mtlr]   out: 0000010002490000 000000010d814000 000000010ba29940 0000000000000000
[mtlr]   out: 0000007700000000 0000000000004000 00000002c5cc2777 0000000000369ba4
[uatrec] S4 r9 (+0s): nvv 8 ncb 8 vsz 0x100000 fill 0xfffffff007000000 destroy0 kr 0x00000000 nj 40
[uatrec] S4 r9 blit[0] slots 8 ridp 1
[uatrec] S4 r9 blit[1] slots 8 ridp 1
[uatrec] S4 r9 blit[2] slots 8 ridp 1
[uatrec] S4 r9 blit[3] slots 8 ridp 1
[uatrec] S4 r9 blit[4] slots 8 ridp 1
[uatrec] S4 r9 blit[5] slots 8 ridp 1
[uatrec] S4 r9 blit[6] slots 8 ridp 1
[uatrec] S4 r9 blit[7] slots 8 ridp 1
[uatrec] S4 heartbeat: round 10 done, t=0s (alive)
[mtlr] resource2 sel8 flags 470 sz 0x100000 -> kr 0x00000000 rid 119 GPUVA 0x10002490000 cpu 10d514000
[mtlr]   out: 0000010002490000 000000010d514000 000000010ba29940 0000000000000000
[mtlr]   out: 0000007700000000 0000000000100000 00000002c5cc2799 0000000000369ba7
[uatrec] S4 r10 victim[0] rid 119 gpuva 0x10002490000 cpu 0x10d514000 (top-of-stack)
[mtlr] resource2 sel8 flags 470 sz 0x100000 -> kr 0x00000000 rid 120 GPUVA 0x10002598000 cpu 10d614000
[mtlr]   out: 0000010002598000 000000010d614000 000000010ba29a00 0000000000000000
[mtlr]   out: 0000007800000000 0000000000100000 00000002c5cc279a 0000000000369ba8
[uatrec] S4 r10 victim[1] rid 120 gpuva 0x10002598000 cpu 0x10d614000 (top-of-stack)
[mtlr] resource2 sel8 flags 470 sz 0x100000 -> kr 0x00000000 rid 121 GPUVA 0x100026a0000 cpu 10ce14000
[mtlr]   out: 00000100026a0000 000000010ce14000 000000010ba29ac0 0000000000000000
[mtlr]   out: 0000007900000000 0000000000100000 00000002c5cc279b 0000000000369ba9
[uatrec] S4 r10 victim[2] rid 121 gpuva 0x100026a0000 cpu 0x10ce14000 (top-of-stack)
[mtlr] resource2 sel8 flags 470 sz 0x100000 -> kr 0x00000000 rid 122 GPUVA 0x100027a8000 cpu 10cf14000
[mtlr]   out: 00000100027a8000 000000010cf14000 000000010ba29b80 0000000000000000
[mtlr]   out: 0000007a00000000 0000000000100000 00000002c5cc27a3 0000000000369baa
[uatrec] S4 r10 victim[3] rid 122 gpuva 0x100027a8000 cpu 0x10cf14000 (top-of-stack)
[mtlr] resource2 sel8 flags 470 sz 0x100000 -> kr 0x00000000 rid 123 GPUVA 0x100028b0000 cpu 10d014000
[mtlr]   out: 00000100028b0000 000000010d014000 000000010ba29c40 0000000000000000
[mtlr]   out: 0000007b00000000 0000000000100000 00000002c5cc27ae 0000000000369bab
[uatrec] S4 r10 victim[4] rid 123 gpuva 0x100028b0000 cpu 0x10d014000 (top-of-stack)
[mtlr] resource2 sel8 flags 470 sz 0x100000 -> kr 0x00000000 rid 124 GPUVA 0x100029b8000 cpu 10d114000
[mtlr]   out: 00000100029b8000 000000010d114000 000000010ba29d00 0000000000000000
[mtlr]   out: 0000007c00000000 0000000000100000 00000002c5cc27af 0000000000369bac
[uatrec] S4 r10 victim[5] rid 124 gpuva 0x100029b8000 cpu 0x10d114000 (top-of-stack)
[mtlr] resource2 sel8 flags 470 sz 0x100000 -> kr 0x00000000 rid 125 GPUVA 0x10002ac0000 cpu 10d214000
[mtlr]   out: 0000010002ac0000 000000010d214000 000000010ba29dc0 0000000000000000
[mtlr]   out: 0000007d00000000 0000000000100000 00000002c5cc27b0 0000000000369bad
[uatrec] S4 r10 victim[6] rid 125 gpuva 0x10002ac0000 cpu 0x10d214000 (top-of-stack)
[mtlr] resource2 sel8 flags 470 sz 0x100000 -> kr 0x00000000 rid 126 GPUVA 0x10002bc8000 cpu 10d314000
[mtlr]   out: 0000010002bc8000 000000010d314000 000000010ba29e80 0000000000000000
[mtlr]   out: 0000007e00000000 0000000000100000 00000002c5cc27b1 0000000000369bae
[uatrec] S4 r10 victim[7] rid 126 gpuva 0x10002bc8000 cpu 0x10d314000 (top-of-stack)
[mtlr] resource2 sel8 flags 470 sz 0x1000 -> kr 0x00000000 rid 119 GPUVA 0x10002490000 cpu 10d814000
[mtlr]   out: 0000010002490000 000000010d814000 000000010ba29940 0000000000000000
[mtlr]   out: 0000007700000000 0000000000004000 00000002c5cc27cd 0000000000369bb8
[mtlr] resource2 sel8 flags 470 sz 0x1000 -> kr 0x00000000 rid 119 GPUVA 0x10002490000 cpu 10d814000
[mtlr]   out: 0000010002490000 000000010d814000 000000010ba29940 0000000000000000
[mtlr]   out: 0000007700000000 0000000000004000 00000002c5cc27ce 0000000000369bb9
[mtlr] resource2 sel8 flags 470 sz 0x1000 -> kr 0x00000000 rid 119 GPUVA 0x10002490000 cpu 10d814000
[mtlr]   out: 0000010002490000 000000010d814000 000000010ba29940 0000000000000000
[mtlr]   out: 0000007700000000 0000000000004000 00000002c5cc27cf 0000000000369bba
[mtlr] resource2 sel8 flags 470 sz 0x1000 -> kr 0x00000000 rid 119 GPUVA 0x10002490000 cpu 10d814000
[mtlr]   out: 0000010002490000 000000010d814000 000000010ba29940 0000000000000000
[mtlr]   out: 0000007700000000 0000000000004000 00000002c5cc27d0 0000000000369bbb
[mtlr] resource2 sel8 flags 470 sz 0x1000 -> kr 0x00000000 rid 119 GPUVA 0x10002490000 cpu 10d814000
[mtlr]   out: 0000010002490000 000000010d814000 000000010ba29940 0000000000000000
[mtlr]   out: 0000007700000000 0000000000004000 00000002c5cc27d1 0000000000369bbc
[mtlr] resource2 sel8 flags 470 sz 0x1000 -> kr 0x00000000 rid 119 GPUVA 0x10002490000 cpu 10d814000
[mtlr]   out: 0000010002490000 000000010d814000 000000010ba29940 0000000000000000
[mtlr]   out: 0000007700000000 0000000000004000 00000002c5cc27d2 0000000000369bbd
[mtlr] resource2 sel8 flags 470 sz 0x1000 -> kr 0x00000000 rid 119 GPUVA 0x10002490000 cpu 10d814000
[mtlr]   out: 0000010002490000 000000010d814000 000000010ba29940 0000000000000000
[mtlr]   out: 0000007700000000 0000000000004000 00000002c5cc27d3 0000000000369bbe
[mtlr] resource2 sel8 flags 470 sz 0x1000 -> kr 0x00000000 rid 119 GPUVA 0x10002490000 cpu 10d814000
[mtlr]   out: 0000010002490000 000000010d814000 000000010ba29940 0000000000000000
[mtlr]   out: 0000007700000000 0000000000004000 00000002c5cc27d4 0000000000369bbf
[mtlr] resource2 sel8 flags 470 sz 0x1000 -> kr 0x00000000 rid 119 GPUVA 0x10002490000 cpu 10d814000
[mtlr]   out: 0000010002490000 000000010d814000 000000010ba29940 0000000000000000
[mtlr]   out: 0000007700000000 0000000000004000 00000002c5cc27d5 0000000000369bc0
[mtlr] resource2 sel8 flags 470 sz 0x1000 -> kr 0x00000000 rid 119 GPUVA 0x10002490000 cpu 10d814000
[mtlr]   out: 0000010002490000 000000010d814000 000000010ba29940 0000000000000000
[mtlr]   out: 0000007700000000 0000000000004000 00000002c5cc27d6 0000000000369bc1
[mtlr] resource2 sel8 flags 470 sz 0x1000 -> kr 0x00000000 rid 119 GPUVA 0x10002490000 cpu 10d814000
[mtlr]   out: 0000010002490000 000000010d814000 000000010ba29940 0000000000000000
[mtlr]   out: 0000007700000000 0000000000004000 00000002c5cc27d7 0000000000369bc2
[mtlr] resource2 sel8 flags 470 sz 0x1000 -> kr 0x00000000 rid 119 GPUVA 0x10002490000 cpu 10d814000
[mtlr]   out: 0000010002490000 000000010d814000 000000010ba29940 0000000000000000
[mtlr]   out: 0000007700000000 0000000000004000 00000002c5cc27d8 0000000000369bc3
[mtlr] resource2 sel8 flags 470 sz 0x1000 -> kr 0x00000000 rid 119 GPUVA 0x10002490000 cpu 10d814000
[mtlr]   out: 0000010002490000 000000010d814000 000000010ba29940 0000000000000000
[mtlr]   out: 0000007700000000 0000000000004000 00000002c5cc27d9 0000000000369bc4
[mtlr] resource2 sel8 flags 470 sz 0x1000 -> kr 0x00000000 rid 119 GPUVA 0x10002490000 cpu 10d814000
[mtlr]   out: 0000010002490000 000000010d814000 000000010ba29940 0000000000000000
[mtlr]   out: 0000007700000000 0000000000004000 00000002c5cc27da 0000000000369bc5
[mtlr] resource2 sel8 flags 470 sz 0x1000 -> kr 0x00000000 rid 119 GPUVA 0x10002490000 cpu 10d814000
[mtlr]   out: 0000010002490000 000000010d814000 000000010ba29940 0000000000000000
[mtlr]   out: 0000007700000000 0000000000004000 00000002c5cc27db 0000000000369bc6
[mtlr] resource2 sel8 flags 470 sz 0x1000 -> kr 0x00000000 rid 119 GPUVA 0x10002490000 cpu 10d814000
[mtlr]   out: 0000010002490000 000000010d814000 000000010ba29940 0000000000000000
[mtlr]   out: 0000007700000000 0000000000004000 00000002c5cc27dc 0000000000369bc7
[mtlr] resource2 sel8 flags 470 sz 0x1000 -> kr 0x00000000 rid 119 GPUVA 0x10002490000 cpu 10d814000
[mtlr]   out: 0000010002490000 000000010d814000 000000010ba29940 0000000000000000
[mtlr]   out: 0000007700000000 0000000000004000 00000002c5cc27dd 0000000000369bc8
[mtlr] resource2 sel8 flags 470 sz 0x1000 -> kr 0x00000000 rid 119 GPUVA 0x10002490000 cpu 10d814000
[mtlr]   out: 0000010002490000 000000010d814000 000000010ba29940 0000000000000000
[mtlr]   out: 0000007700000000 0000000000004000 00000002c5cc27de 0000000000369bc9
[mtlr] resource2 sel8 flags 470 sz 0x1000 -> kr 0x00000000 rid 119 GPUVA 0x10002490000 cpu 10d814000
[mtlr]   out: 0000010002490000 000000010d814000 000000010ba29940 0000000000000000
[mtlr]   out: 0000007700000000 0000000000004000 00000002c5cc27df 0000000000369bca
[mtlr] resource2 sel8 flags 470 sz 0x1000 -> kr 0x00000000 rid 119 GPUVA 0x10002490000 cpu 10d814000
[mtlr]   out: 0000010002490000 000000010d814000 000000010ba29940 0000000000000000
[mtlr]   out: 0000007700000000 0000000000004000 00000002c5cc27e0 0000000000369bcb
[mtlr] resource2 sel8 flags 470 sz 0x1000 -> kr 0x00000000 rid 119 GPUVA 0x10002490000 cpu 10d814000
[mtlr]   out: 0000010002490000 000000010d814000 000000010ba29940 0000000000000000
[mtlr]   out: 0000007700000000 0000000000004000 00000002c5cc27e1 0000000000369bcc
[mtlr] resource2 sel8 flags 470 sz 0x1000 -> kr 0x00000000 rid 119 GPUVA 0x10002490000 cpu 10d814000
[mtlr]   out: 0000010002490000 000000010d814000 000000010ba29940 0000000000000000
[mtlr]   out: 0000007700000000 0000000000004000 00000002c5cc27e2 0000000000369bcd
[mtlr] resource2 sel8 flags 470 sz 0x1000 -> kr 0x00000000 rid 119 GPUVA 0x10002490000 cpu 10d814000
[mtlr]   out: 0000010002490000 000000010d814000 000000010ba29940 0000000000000000
[mtlr]   out: 0000007700000000 0000000000004000 00000002c5cc27e3 0000000000369bce
[mtlr] resource2 sel8 flags 470 sz 0x1000 -> kr 0x00000000 rid 119 GPUVA 0x10002490000 cpu 10d814000
[mtlr]   out: 0000010002490000 000000010d814000 000000010ba29940 0000000000000000
[mtlr]   out: 0000007700000000 0000000000004000 00000002c5cc27e4 0000000000369bcf
[mtlr] resource2 sel8 flags 470 sz 0x1000 -> kr 0x00000000 rid 119 GPUVA 0x10002490000 cpu 10d814000
[mtlr]   out: 0000010002490000 000000010d814000 000000010ba29940 0000000000000000
[mtlr]   out: 0000007700000000 0000000000004000 00000002c5cc27e5 0000000000369bd0
[mtlr] resource2 sel8 flags 470 sz 0x1000 -> kr 0x00000000 rid 119 GPUVA 0x10002490000 cpu 10d814000
[mtlr]   out: 0000010002490000 000000010d814000 000000010ba29940 0000000000000000
[mtlr]   out: 0000007700000000 0000000000004000 00000002c5cc27e6 0000000000369bd1
[mtlr] resource2 sel8 flags 470 sz 0x1000 -> kr 0x00000000 rid 119 GPUVA 0x10002490000 cpu 10d814000
[mtlr]   out: 0000010002490000 000000010d814000 000000010ba29940 0000000000000000
[mtlr]   out: 0000007700000000 0000000000004000 00000002c5cc27e7 0000000000369bd2
[mtlr] resource2 sel8 flags 470 sz 0x1000 -> kr 0x00000000 rid 119 GPUVA 0x10002490000 cpu 10d814000
[mtlr]   out: 0000010002490000 000000010d814000 000000010ba29940 0000000000000000
[mtlr]   out: 0000007700000000 0000000000004000 00000002c5cc27e8 0000000000369bd3
[mtlr] resource2 sel8 flags 470 sz 0x1000 -> kr 0x00000000 rid 119 GPUVA 0x10002490000 cpu 10d814000
[mtlr]   out: 0000010002490000 000000010d814000 000000010ba29940 0000000000000000
[mtlr]   out: 0000007700000000 0000000000004000 00000002c5cc27e9 0000000000369bd4
[mtlr] resource2 sel8 flags 470 sz 0x1000 -> kr 0x00000000 rid 119 GPUVA 0x10002490000 cpu 10d814000
[mtlr]   out: 0000010002490000 000000010d814000 000000010ba29940 0000000000000000
[mtlr]   out: 0000007700000000 0000000000004000 00000002c5cc27ea 0000000000369bd5
[mtlr] resource2 sel8 flags 470 sz 0x1000 -> kr 0x00000000 rid 119 GPUVA 0x10002490000 cpu 10d814000
[mtlr]   out: 0000010002490000 000000010d814000 000000010ba29940 0000000000000000
[mtlr]   out: 0000007700000000 0000000000004000 00000002c5cc27eb 0000000000369bd6
[mtlr] resource2 sel8 flags 470 sz 0x1000 -> kr 0x00000000 rid 119 GPUVA 0x10002490000 cpu 10d814000
[mtlr]   out: 0000010002490000 000000010d814000 000000010ba29940 0000000000000000
[mtlr]   out: 0000007700000000 0000000000004000 00000002c5cc27ec 0000000000369bd7
[mtlr] resource2 sel8 flags 470 sz 0x1000 -> kr 0x00000000 rid 119 GPUVA 0x10002490000 cpu 10d814000
[mtlr]   out: 0000010002490000 000000010d814000 000000010ba29940 0000000000000000
[mtlr]   out: 0000007700000000 0000000000004000 00000002c5cc27ed 0000000000369bd8
[mtlr] resource2 sel8 flags 470 sz 0x1000 -> kr 0x00000000 rid 119 GPUVA 0x10002490000 cpu 10d814000
[mtlr]   out: 0000010002490000 000000010d814000 000000010ba29940 0000000000000000
[mtlr]   out: 0000007700000000 0000000000004000 00000002c5cc27ee 0000000000369bd9
[mtlr] resource2 sel8 flags 470 sz 0x1000 -> kr 0x00000000 rid 119 GPUVA 0x10002490000 cpu 10d814000
[mtlr]   out: 0000010002490000 000000010d814000 000000010ba29940 0000000000000000
[mtlr]   out: 0000007700000000 0000000000004000 00000002c5cc27ef 0000000000369bda
[mtlr] resource2 sel8 flags 470 sz 0x1000 -> kr 0x00000000 rid 119 GPUVA 0x10002490000 cpu 10d814000
[mtlr]   out: 0000010002490000 000000010d814000 000000010ba29940 0000000000000000
[mtlr]   out: 0000007700000000 0000000000004000 00000002c5cc27f0 0000000000369bdb
[mtlr] resource2 sel8 flags 470 sz 0x1000 -> kr 0x00000000 rid 119 GPUVA 0x10002490000 cpu 10d814000
[mtlr]   out: 0000010002490000 000000010d814000 000000010ba29940 0000000000000000
[mtlr]   out: 0000007700000000 0000000000004000 00000002c5cc27f1 0000000000369bdc
[mtlr] resource2 sel8 flags 470 sz 0x1000 -> kr 0x00000000 rid 119 GPUVA 0x10002490000 cpu 10d814000
[mtlr]   out: 0000010002490000 000000010d814000 000000010ba29940 0000000000000000
[mtlr]   out: 0000007700000000 0000000000004000 00000002c5cc27f2 0000000000369bdd
[mtlr] resource2 sel8 flags 470 sz 0x1000 -> kr 0x00000000 rid 119 GPUVA 0x10002490000 cpu 10d814000
[mtlr]   out: 0000010002490000 000000010d814000 000000010ba29940 0000000000000000
[mtlr]   out: 0000007700000000 0000000000004000 00000002c5cc27f3 0000000000369bde
[mtlr] resource2 sel8 flags 470 sz 0x1000 -> kr 0x00000000 rid 119 GPUVA 0x10002490000 cpu 10d814000
[mtlr]   out: 0000010002490000 000000010d814000 000000010ba29940 0000000000000000
[mtlr]   out: 0000007700000000 0000000000004000 00000002c5cc27f4 0000000000369bdf
[uatrec] S4 r10 (+0s): nvv 8 ncb 8 vsz 0x100000 fill 0xfffffff007000000 destroy0 kr 0x00000000 nj 40
[uatrec] S4 r10 blit[0] slots 8 ridp 1
[uatrec] S4 r10 blit[1] slots 8 ridp 1
[uatrec] S4 r10 blit[2] slots 8 ridp 1
[uatrec] S4 r10 blit[3] slots 8 ridp 1
[uatrec] S4 r10 blit[4] slots 8 ridp 1
[uatrec] S4 r10 blit[5] slots 8 ridp 1
[uatrec] S4 r10 blit[6] slots 8 ridp 1
[uatrec] S4 r10 blit[7] slots 8 ridp 1
[mtlr] resource2 sel8 flags 470 sz 0x100000 -> kr 0x00000000 rid 119 GPUVA 0x10002490000 cpu 10ce14000
[mtlr]   out: 0000010002490000 000000010ce14000 000000010ba29940 0000000000000000
[mtlr]   out: 0000007700000000 0000000000100000 00000002c5cc2816 0000000000369be2
[uatrec] S4 r11 victim[0] rid 119 gpuva 0x10002490000 cpu 0x10ce14000 (top-of-stack)
[mtlr] resource2 sel8 flags 470 sz 0x100000 -> kr 0x00000000 rid 120 GPUVA 0x10002598000 cpu 10cf14000
[mtlr]   out: 0000010002598000 000000010cf14000 000000010ba29a00 0000000000000000
[mtlr]   out: 0000007800000000 0000000000100000 00000002c5cc2817 0000000000369be3
[uatrec] S4 r11 victim[1] rid 120 gpuva 0x10002598000 cpu 0x10cf14000 (top-of-stack)
[mtlr] resource2 sel8 flags 470 sz 0x100000 -> kr 0x00000000 rid 121 GPUVA 0x100026a0000 cpu 10d014000
[mtlr]   out: 00000100026a0000 000000010d014000 000000010ba29ac0 0000000000000000
[mtlr]   out: 0000007900000000 0000000000100000 00000002c5cc2818 0000000000369be4
[uatrec] S4 r11 victim[2] rid 121 gpuva 0x100026a0000 cpu 0x10d014000 (top-of-stack)
[mtlr] resource2 sel8 flags 470 sz 0x100000 -> kr 0x00000000 rid 122 GPUVA 0x100027a8000 cpu 10d114000
[mtlr]   out: 00000100027a8000 000000010d114000 000000010ba29b80 0000000000000000
[mtlr]   out: 0000007a00000000 0000000000100000 00000002c5cc2819 0000000000369be5
[uatrec] S4 r11 victim[3] rid 122 gpuva 0x100027a8000 cpu 0x10d114000 (top-of-stack)
[mtlr] resource2 sel8 flags 470 sz 0x100000 -> kr 0x00000000 rid 123 GPUVA 0x100028b0000 cpu 10d214000
[mtlr]   out: 00000100028b0000 000000010d214000 000000010ba29c40 0000000000000000
[mtlr]   out: 0000007b00000000 0000000000100000 00000002c5cc2821 0000000000369be6
[uatrec] S4 r11 victim[4] rid 123 gpuva 0x100028b0000 cpu 0x10d214000 (top-of-stack)
[mtlr] resource2 sel8 flags 470 sz 0x100000 -> kr 0x00000000 rid 124 GPUVA 0x100029b8000 cpu 10d314000
[mtlr]   out: 00000100029b8000 000000010d314000 000000010ba29d00 0000000000000000
[mtlr]   out: 0000007c00000000 0000000000100000 00000002c5cc2824 0000000000369be7
[uatrec] S4 r11 victim[5] rid 124 gpuva 0x100029b8000 cpu 0x10d314000 (top-of-stack)
[mtlr] resource2 sel8 flags 470 sz 0x100000 -> kr 0x00000000 rid 125 GPUVA 0x10002ac0000 cpu 10d414000
[mtlr]   out: 0000010002ac0000 000000010d414000 000000010ba29dc0 0000000000000000
[mtlr]   out: 0000007d00000000 0000000000100000 00000002c5cc282d 0000000000369be8
[uatrec] S4 r11 victim[6] rid 125 gpuva 0x10002ac0000 cpu 0x10d414000 (top-of-stack)
[mtlr] resource2 sel8 flags 470 sz 0x100000 -> kr 0x00000000 rid 126 GPUVA 0x10002bc8000 cpu 10d514000
[mtlr]   out: 0000010002bc8000 000000010d514000 000000010ba29e80 0000000000000000
[mtlr]   out: 0000007e00000000 0000000000100000 00000002c5cc282e 0000000000369be9
[uatrec] S4 r11 victim[7] rid 126 gpuva 0x10002bc8000 cpu 0x10d514000 (top-of-stack)
[mtlr] resource2 sel8 flags 470 sz 0x1000 -> kr 0x00000000 rid 119 GPUVA 0x10002490000 cpu 10d814000
[mtlr]   out: 0000010002490000 000000010d814000 000000010ba29940 0000000000000000
[mtlr]   out: 0000007700000000 0000000000004000 00000002c5cc2840 0000000000369bf3
[mtlr] resource2 sel8 flags 470 sz 0x1000 -> kr 0x00000000 rid 119 GPUVA 0x10002490000 cpu 10d814000
[mtlr]   out: 0000010002490000 000000010d814000 000000010ba29940 0000000000000000
[mtlr]   out: 0000007700000000 0000000000004000 00000002c5cc2841 0000000000369bf4
[mtlr] resource2 sel8 flags 470 sz 0x1000 -> kr 0x00000000 rid 119 GPUVA 0x10002490000 cpu 10d814000
[mtlr]   out: 0000010002490000 000000010d814000 000000010ba29940 0000000000000000
[mtlr]   out: 0000007700000000 0000000000004000 00000002c5cc2842 0000000000369bf5
[mtlr] resource2 sel8 flags 470 sz 0x1000 -> kr 0x00000000 rid 119 GPUVA 0x10002490000 cpu 10d814000
[mtlr]   out: 0000010002490000 000000010d814000 000000010ba29940 0000000000000000
[mtlr]   out: 0000007700000000 0000000000004000 00000002c5cc2843 0000000000369bf6
[mtlr] resource2 sel8 flags 470 sz 0x1000 -> kr 0x00000000 rid 119 GPUVA 0x10002490000 cpu 10d814000
[mtlr]   out: 0000010002490000 000000010d814000 000000010ba29940 0000000000000000
[mtlr]   out: 0000007700000000 0000000000004000 00000002c5cc2844 0000000000369bf7
[mtlr] resource2 sel8 flags 470 sz 0x1000 -> kr 0x00000000 rid 119 GPUVA 0x10002490000 cpu 10d814000
[mtlr]   out: 0000010002490000 000000010d814000 000000010ba29940 0000000000000000
[mtlr]   out: 0000007700000000 0000000000004000 00000002c5cc2845 0000000000369bf8
[mtlr] resource2 sel8 flags 470 sz 0x1000 -> kr 0x00000000 rid 119 GPUVA 0x10002490000 cpu 10d814000
[mtlr]   out: 0000010002490000 000000010d814000 000000010ba29940 0000000000000000
[mtlr]   out: 0000007700000000 0000000000004000 00000002c5cc2848 0000000000369bf9
[mtlr] resource2 sel8 flags 470 sz 0x1000 -> kr 0x00000000 rid 119 GPUVA 0x10002490000 cpu 10d814000
[mtlr]   out: 0000010002490000 000000010d814000 000000010ba29940 0000000000000000
[mtlr]   out: 0000007700000000 0000000000004000 00000002c5cc2849 0000000000369bfa
[mtlr] resource2 sel8 flags 470 sz 0x1000 -> kr 0x00000000 rid 119 GPUVA 0x10002490000 cpu 10d814000
[mtlr]   out: 0000010002490000 000000010d814000 000000010ba29940 0000000000000000
[mtlr]   out: 0000007700000000 0000000000004000 00000002c5cc284a 0000000000369bfb
[mtlr] resource2 sel8 flags 470 sz 0x1000 -> kr 0x00000000 rid 119 GPUVA 0x10002490000 cpu 10d814000
[mtlr]   out: 0000010002490000 000000010d814000 000000010ba29940 0000000000000000
[mtlr]   out: 0000007700000000 0000000000004000 00000002c5cc284f 0000000000369bfc
[mtlr] resource2 sel8 flags 470 sz 0x1000 -> kr 0x00000000 rid 119 GPUVA 0x10002490000 cpu 10d814000
[mtlr]   out: 0000010002490000 000000010d814000 000000010ba29940 0000000000000000
[mtlr]   out: 0000007700000000 0000000000004000 00000002c5cc2851 0000000000369bfd
[mtlr] resource2 sel8 flags 470 sz 0x1000 -> kr 0x00000000 rid 119 GPUVA 0x10002490000 cpu 10d814000
[mtlr]   out: 0000010002490000 000000010d814000 000000010ba29940 0000000000000000
[mtlr]   out: 0000007700000000 0000000000004000 00000002c5cc2855 0000000000369bfe
[mtlr] resource2 sel8 flags 470 sz 0x1000 -> kr 0x00000000 rid 119 GPUVA 0x10002490000 cpu 10d814000
[mtlr]   out: 0000010002490000 000000010d814000 000000010ba29940 0000000000000000
[mtlr]   out: 0000007700000000 0000000000004000 00000002c5cc2856 0000000000369bff
[mtlr] resource2 sel8 flags 470 sz 0x1000 -> kr 0x00000000 rid 119 GPUVA 0x10002490000 cpu 10d814000
[mtlr]   out: 0000010002490000 000000010d814000 000000010ba29940 0000000000000000
[mtlr]   out: 0000007700000000 0000000000004000 00000002c5cc2857 0000000000369c00
[mtlr] resource2 sel8 flags 470 sz 0x1000 -> kr 0x00000000 rid 119 GPUVA 0x10002490000 cpu 10d814000
[mtlr]   out: 0000010002490000 000000010d814000 000000010ba29940 0000000000000000
[mtlr]   out: 0000007700000000 0000000000004000 00000002c5cc2858 0000000000369c01
[mtlr] resource2 sel8 flags 470 sz 0x1000 -> kr 0x00000000 rid 119 GPUVA 0x10002490000 cpu 10d814000
[mtlr]   out: 0000010002490000 000000010d814000 000000010ba29940 0000000000000000
[mtlr]   out: 0000007700000000 0000000000004000 00000002c5cc2859 0000000000369c02
[mtlr] resource2 sel8 flags 470 sz 0x1000 -> kr 0x00000000 rid 119 GPUVA 0x10002490000 cpu 10d814000
[mtlr]   out: 0000010002490000 000000010d814000 000000010ba29940 0000000000000000
[mtlr]   out: 0000007700000000 0000000000004000 00000002c5cc285a 0000000000369c03
[mtlr] resource2 sel8 flags 470 sz 0x1000 -> kr 0x00000000 rid 119 GPUVA 0x10002490000 cpu 10d814000
[mtlr]   out: 0000010002490000 000000010d814000 000000010ba29940 0000000000000000
[mtlr]   out: 0000007700000000 0000000000004000 00000002c5cc285b 0000000000369c04
[mtlr] resource2 sel8 flags 470 sz 0x1000 -> kr 0x00000000 rid 119 GPUVA 0x10002490000 cpu 10d814000
[mtlr]   out: 0000010002490000 000000010d814000 000000010ba29940 0000000000000000
[mtlr]   out: 0000007700000000 0000000000004000 00000002c5cc285c 0000000000369c05
[mtlr] resource2 sel8 flags 470 sz 0x1000 -> kr 0x00000000 rid 119 GPUVA 0x10002490000 cpu 10d814000
[mtlr]   out: 0000010002490000 000000010d814000 000000010ba29940 0000000000000000
[mtlr]   out: 0000007700000000 0000000000004000 00000002c5cc285d 0000000000369c06
[mtlr] resource2 sel8 flags 470 sz 0x1000 -> kr 0x00000000 rid 119 GPUVA 0x10002490000 cpu 10d814000
[mtlr]   out: 0000010002490000 000000010d814000 000000010ba29940 0000000000000000
[mtlr]   out: 0000007700000000 0000000000004000 00000002c5cc285e 0000000000369c07
[mtlr] resource2 sel8 flags 470 sz 0x1000 -> kr 0x00000000 rid 119 GPUVA 0x10002490000 cpu 10d814000
[mtlr]   out: 0000010002490000 000000010d814000 000000010ba29940 0000000000000000
[mtlr]   out: 0000007700000000 0000000000004000 00000002c5cc285f 0000000000369c08
[mtlr] resource2 sel8 flags 470 sz 0x1000 -> kr 0x00000000 rid 119 GPUVA 0x10002490000 cpu 10d814000
[mtlr]   out: 0000010002490000 000000010d814000 000000010ba29940 0000000000000000
[mtlr]   out: 0000007700000000 0000000000004000 00000002c5cc2860 0000000000369c09
[mtlr] resource2 sel8 flags 470 sz 0x1000 -> kr 0x00000000 rid 119 GPUVA 0x10002490000 cpu 10d814000
[mtlr]   out: 0000010002490000 000000010d814000 000000010ba29940 0000000000000000
[mtlr]   out: 0000007700000000 0000000000004000 00000002c5cc2861 0000000000369c0a
[mtlr] resource2 sel8 flags 470 sz 0x1000 -> kr 0x00000000 rid 119 GPUVA 0x10002490000 cpu 10d814000
[mtlr]   out: 0000010002490000 000000010d814000 000000010ba29940 0000000000000000
[mtlr]   out: 0000007700000000 0000000000004000 00000002c5cc2862 0000000000369c0b
[mtlr] resource2 sel8 flags 470 sz 0x1000 -> kr 0x00000000 rid 119 GPUVA 0x10002490000 cpu 10d814000
[mtlr]   out: 0000010002490000 000000010d814000 000000010ba29940 0000000000000000
[mtlr]   out: 0000007700000000 0000000000004000 00000002c5cc2863 0000000000369c0c
[mtlr] resource2 sel8 flags 470 sz 0x1000 -> kr 0x00000000 rid 119 GPUVA 0x10002490000 cpu 10d814000
[mtlr]   out: 0000010002490000 000000010d814000 000000010ba29940 0000000000000000
[mtlr]   out: 0000007700000000 0000000000004000 00000002c5cc2864 0000000000369c0d
[mtlr] resource2 sel8 flags 470 sz 0x1000 -> kr 0x00000000 rid 119 GPUVA 0x10002490000 cpu 10d814000
[mtlr]   out: 0000010002490000 000000010d814000 000000010ba29940 0000000000000000
[mtlr]   out: 0000007700000000 0000000000004000 00000002c5cc2865 0000000000369c0e
[mtlr] resource2 sel8 flags 470 sz 0x1000 -> kr 0x00000000 rid 119 GPUVA 0x10002490000 cpu 10d814000
[mtlr]   out: 0000010002490000 000000010d814000 000000010ba29940 0000000000000000
[mtlr]   out: 0000007700000000 0000000000004000 00000002c5cc2866 0000000000369c0f
[mtlr] resource2 sel8 flags 470 sz 0x1000 -> kr 0x00000000 rid 119 GPUVA 0x10002490000 cpu 10d814000
[mtlr]   out: 0000010002490000 000000010d814000 000000010ba29940 0000000000000000
[mtlr]   out: 0000007700000000 0000000000004000 00000002c5cc2867 0000000000369c10
[mtlr] resource2 sel8 flags 470 sz 0x1000 -> kr 0x00000000 rid 119 GPUVA 0x10002490000 cpu 10d814000
[mtlr]   out: 0000010002490000 000000010d814000 000000010ba29940 0000000000000000
[mtlr]   out: 0000007700000000 0000000000004000 00000002c5cc2868 0000000000369c11
[mtlr] resource2 sel8 flags 470 sz 0x1000 -> kr 0x00000000 rid 119 GPUVA 0x10002490000 cpu 10d814000
[mtlr]   out: 0000010002490000 000000010d814000 000000010ba29940 0000000000000000
[mtlr]   out: 0000007700000000 0000000000004000 00000002c5cc2869 0000000000369c12
[mtlr] resource2 sel8 flags 470 sz 0x1000 -> kr 0x00000000 rid 119 GPUVA 0x10002490000 cpu 10d814000
[mtlr]   out: 0000010002490000 000000010d814000 000000010ba29940 0000000000000000
[mtlr]   out: 0000007700000000 0000000000004000 00000002c5cc286a 0000000000369c13
[mtlr] resource2 sel8 flags 470 sz 0x1000 -> kr 0x00000000 rid 119 GPUVA 0x10002490000 cpu 10d814000
[mtlr]   out: 0000010002490000 000000010d814000 000000010ba29940 0000000000000000
[mtlr]   out: 0000007700000000 0000000000004000 00000002c5cc286b 0000000000369c14
[mtlr] resource2 sel8 flags 470 sz 0x1000 -> kr 0x00000000 rid 119 GPUVA 0x10002490000 cpu 10d814000
[mtlr]   out: 0000010002490000 000000010d814000 000000010ba29940 0000000000000000
[mtlr]   out: 0000007700000000 0000000000004000 00000002c5cc286c 0000000000369c15
[mtlr] resource2 sel8 flags 470 sz 0x1000 -> kr 0x00000000 rid 119 GPUVA 0x10002490000 cpu 10d814000
[mtlr]   out: 0000010002490000 000000010d814000 000000010ba29940 0000000000000000
[mtlr]   out: 0000007700000000 0000000000004000 00000002c5cc286d 0000000000369c16
[mtlr] resource2 sel8 flags 470 sz 0x1000 -> kr 0x00000000 rid 119 GPUVA 0x10002490000 cpu 10d814000
[mtlr]   out: 0000010002490000 000000010d814000 000000010ba29940 0000000000000000
[mtlr]   out: 0000007700000000 0000000000004000 00000002c5cc286e 0000000000369c17
[mtlr] resource2 sel8 flags 470 sz 0x1000 -> kr 0x00000000 rid 119 GPUVA 0x10002490000 cpu 10d814000
[mtlr]   out: 0000010002490000 000000010d814000 000000010ba29940 0000000000000000
[mtlr]   out: 0000007700000000 0000000000004000 00000002c5cc286f 0000000000369c18
[mtlr] resource2 sel8 flags 470 sz 0x1000 -> kr 0x00000000 rid 119 GPUVA 0x10002490000 cpu 10d814000
[mtlr]   out: 0000010002490000 000000010d814000 000000010ba29940 0000000000000000
[mtlr]   out: 0000007700000000 0000000000004000 00000002c5cc2870 0000000000369c19
[mtlr] resource2 sel8 flags 470 sz 0x1000 -> kr 0x00000000 rid 119 GPUVA 0x10002490000 cpu 10d814000
[mtlr]   out: 0000010002490000 000000010d814000 000000010ba29940 0000000000000000
[mtlr]   out: 0000007700000000 0000000000004000 00000002c5cc2871 0000000000369c1a
[uatrec] S4 r11 (+0s): nvv 8 ncb 8 vsz 0x100000 fill 0xfffffff007000000 destroy0 kr 0x00000000 nj 40
[uatrec] S4 r11 blit[0] slots 8 ridp 1
[uatrec] S4 r11 blit[1] slots 8 ridp 1
[uatrec] S4 r11 blit[2] slots 8 ridp 1
[uatrec] S4 r11 blit[3] slots 8 ridp 1
[uatrec] S4 r11 blit[4] slots 8 ridp 1
[uatrec] S4 r11 blit[5] slots 8 ridp 1
[uatrec] S4 r11 blit[6] slots 8 ridp 1
[uatrec] S4 r11 blit[7] slots 8 ridp 1
[mtlr] resource2 sel8 flags 470 sz 0x100000 -> kr 0x00000000 rid 119 GPUVA 0x10002490000 cpu 10d714000
[mtlr]   out: 0000010002490000 000000010d714000 000000010ba29940 0000000000000000
[mtlr]   out: 0000007700000000 0000000000100000 00000002c5cc2894 0000000000369c1d
[uatrec] S4 r12 victim[0] rid 119 gpuva 0x10002490000 cpu 0x10d714000 (top-of-stack)
[mtlr] resource2 sel8 flags 470 sz 0x100000 -> kr 0x00000000 rid 120 GPUVA 0x10002598000 cpu 10d974000
[mtlr]   out: 0000010002598000 000000010d974000 000000010ba29a00 0000000000000000
[mtlr]   out: 0000007800000000 0000000000100000 00000002c5cc2895 0000000000369c1e
[uatrec] S4 r12 victim[1] rid 120 gpuva 0x10002598000 cpu 0x10d974000 (top-of-stack)
[mtlr] resource2 sel8 flags 470 sz 0x100000 -> kr 0x00000000 rid 121 GPUVA 0x100026a0000 cpu 10ce14000
[mtlr]   out: 00000100026a0000 000000010ce14000 000000010ba29ac0 0000000000000000
[mtlr]   out: 0000007900000000 0000000000100000 00000002c5cc28a4 0000000000369c1f
[uatrec] S4 r12 victim[2] rid 121 gpuva 0x100026a0000 cpu 0x10ce14000 (top-of-stack)
[mtlr] resource2 sel8 flags 470 sz 0x100000 -> kr 0x00000000 rid 122 GPUVA 0x100027a8000 cpu 10cf14000
[mtlr]   out: 00000100027a8000 000000010cf14000 000000010ba29b80 0000000000000000
[mtlr]   out: 0000007a00000000 0000000000100000 00000002c5cc28a8 0000000000369c20
[uatrec] S4 r12 victim[3] rid 122 gpuva 0x100027a8000 cpu 0x10cf14000 (top-of-stack)
[mtlr] resource2 sel8 flags 470 sz 0x100000 -> kr 0x00000000 rid 123 GPUVA 0x100028b0000 cpu 10d014000
[mtlr]   out: 00000100028b0000 000000010d014000 000000010ba29c40 0000000000000000
[mtlr]   out: 0000007b00000000 0000000000100000 00000002c5cc28a9 0000000000369c21
[uatrec] S4 r12 victim[4] rid 123 gpuva 0x100028b0000 cpu 0x10d014000 (top-of-stack)
[mtlr] resource2 sel8 flags 470 sz 0x100000 -> kr 0x00000000 rid 124 GPUVA 0x100029b8000 cpu 10d114000
[mtlr]   out: 00000100029b8000 000000010d114000 000000010ba29d00 0000000000000000
[mtlr]   out: 0000007c00000000 0000000000100000 00000002c5cc28aa 0000000000369c22
[uatrec] S4 r12 victim[5] rid 124 gpuva 0x100029b8000 cpu 0x10d114000 (top-of-stack)
[mtlr] resource2 sel8 flags 470 sz 0x100000 -> kr 0x00000000 rid 125 GPUVA 0x10002ac0000 cpu 10d214000
[mtlr]   out: 0000010002ac0000 000000010d214000 000000010ba29dc0 0000000000000000
[mtlr]   out: 0000007d00000000 0000000000100000 00000002c5cc28ab 0000000000369c23
[uatrec] S4 r12 victim[6] rid 125 gpuva 0x10002ac0000 cpu 0x10d214000 (top-of-stack)
[mtlr] resource2 sel8 flags 470 sz 0x100000 -> kr 0x00000000 rid 126 GPUVA 0x10002bc8000 cpu 10d314000
[mtlr]   out: 0000010002bc8000 000000010d314000 000000010ba29e80 0000000000000000
[mtlr]   out: 0000007e00000000 0000000000100000 00000002c5cc28ac 0000000000369c24
[uatrec] S4 r12 victim[7] rid 126 gpuva 0x10002bc8000 cpu 0x10d314000 (top-of-stack)
[mtlr] resource2 sel8 flags 470 sz 0x1000 -> kr 0x00000000 rid 119 GPUVA 0x10002490000 cpu 10d814000
[mtlr]   out: 0000010002490000 000000010d814000 000000010ba29940 0000000000000000
[mtlr]   out: 0000007700000000 0000000000004000 00000002c5cc28be 0000000000369c2e
[mtlr] resource2 sel8 flags 470 sz 0x1000 -> kr 0x00000000 rid 119 GPUVA 0x10002490000 cpu 10d814000
[mtlr]   out: 0000010002490000 000000010d814000 000000010ba29940 0000000000000000
[mtlr]   out: 0000007700000000 0000000000004000 00000002c5cc28bf 0000000000369c2f
[mtlr] resource2 sel8 flags 470 sz 0x1000 -> kr 0x00000000 rid 119 GPUVA 0x10002490000 cpu 10d814000
[mtlr]   out: 0000010002490000 000000010d814000 000000010ba29940 0000000000000000
[mtlr]   out: 0000007700000000 0000000000004000 00000002c5cc28c2 0000000000369c30
[mtlr] resource2 sel8 flags 470 sz 0x1000 -> kr 0x00000000 rid 119 GPUVA 0x10002490000 cpu 10d814000
[mtlr]   out: 0000010002490000 000000010d814000 000000010ba29940 0000000000000000
[mtlr]   out: 0000007700000000 0000000000004000 00000002c5cc28c3 0000000000369c31
[mtlr] resource2 sel8 flags 470 sz 0x1000 -> kr 0x00000000 rid 119 GPUVA 0x10002490000 cpu 10d814000
[mtlr]   out: 0000010002490000 000000010d814000 000000010ba29940 0000000000000000
[mtlr]   out: 0000007700000000 0000000000004000 00000002c5cc28c4 0000000000369c32
[mtlr] resource2 sel8 flags 470 sz 0x1000 -> kr 0x00000000 rid 119 GPUVA 0x10002490000 cpu 10d814000
[mtlr]   out: 0000010002490000 000000010d814000 000000010ba29940 0000000000000000
[mtlr]   out: 0000007700000000 0000000000004000 00000002c5cc28c7 0000000000369c33
[mtlr] resource2 sel8 flags 470 sz 0x1000 -> kr 0x00000000 rid 119 GPUVA 0x10002490000 cpu 10d814000
[mtlr]   out: 0000010002490000 000000010d814000 000000010ba29940 0000000000000000
[mtlr]   out: 0000007700000000 0000000000004000 00000002c5cc28cb 0000000000369c34
[mtlr] resource2 sel8 flags 470 sz 0x1000 -> kr 0x00000000 rid 119 GPUVA 0x10002490000 cpu 10d814000
[mtlr]   out: 0000010002490000 000000010d814000 000000010ba29940 0000000000000000
[mtlr]   out: 0000007700000000 0000000000004000 00000002c5cc28ce 0000000000369c35
[mtlr] resource2 sel8 flags 470 sz 0x1000 -> kr 0x00000000 rid 119 GPUVA 0x10002490000 cpu 10d814000
[mtlr]   out: 0000010002490000 000000010d814000 000000010ba29940 0000000000000000
[mtlr]   out: 0000007700000000 0000000000004000 00000002c5cc28d0 0000000000369c36
[mtlr] resource2 sel8 flags 470 sz 0x1000 -> kr 0x00000000 rid 119 GPUVA 0x10002490000 cpu 10d814000
[mtlr]   out: 0000010002490000 000000010d814000 000000010ba29940 0000000000000000
[mtlr]   out: 0000007700000000 0000000000004000 00000002c5cc28d1 0000000000369c37
[mtlr] resource2 sel8 flags 470 sz 0x1000 -> kr 0x00000000 rid 119 GPUVA 0x10002490000 cpu 10d814000
[mtlr]   out: 0000010002490000 000000010d814000 000000010ba29940 0000000000000000
[mtlr]   out: 0000007700000000 0000000000004000 00000002c5cc28d2 0000000000369c38
[mtlr] resource2 sel8 flags 470 sz 0x1000 -> kr 0x00000000 rid 119 GPUVA 0x10002490000 cpu 10d814000
[mtlr]   out: 0000010002490000 000000010d814000 000000010ba29940 0000000000000000
[mtlr]   out: 0000007700000000 0000000000004000 00000002c5cc28d3 0000000000369c39
[mtlr] resource2 sel8 flags 470 sz 0x1000 -> kr 0x00000000 rid 119 GPUVA 0x10002490000 cpu 10d814000
[mtlr]   out: 0000010002490000 000000010d814000 000000010ba29940 0000000000000000
[mtlr]   out: 0000007700000000 0000000000004000 00000002c5cc28d4 0000000000369c3a
[mtlr] resource2 sel8 flags 470 sz 0x1000 -> kr 0x00000000 rid 119 GPUVA 0x10002490000 cpu 10d814000
[mtlr]   out: 0000010002490000 000000010d814000 000000010ba29940 0000000000000000
[mtlr]   out: 0000007700000000 0000000000004000 00000002c5cc28d5 0000000000369c3b
[mtlr] resource2 sel8 flags 470 sz 0x1000 -> kr 0x00000000 rid 119 GPUVA 0x10002490000 cpu 10d814000
[mtlr]   out: 0000010002490000 000000010d814000 000000010ba29940 0000000000000000
[mtlr]   out: 0000007700000000 0000000000004000 00000002c5cc28d6 0000000000369c3c
[mtlr] resource2 sel8 flags 470 sz 0x1000 -> kr 0x00000000 rid 119 GPUVA 0x10002490000 cpu 10d814000
[mtlr]   out: 0000010002490000 000000010d814000 000000010ba29940 0000000000000000
[mtlr]   out: 0000007700000000 0000000000004000 00000002c5cc28d7 0000000000369c3d
[mtlr] resource2 sel8 flags 470 sz 0x1000 -> kr 0x00000000 rid 119 GPUVA 0x10002490000 cpu 10d814000
[mtlr]   out: 0000010002490000 000000010d814000 000000010ba29940 0000000000000000
[mtlr]   out: 0000007700000000 0000000000004000 00000002c5cc28d8 0000000000369c3e
[mtlr] resource2 sel8 flags 470 sz 0x1000 -> kr 0x00000000 rid 119 GPUVA 0x10002490000 cpu 10d814000
[mtlr]   out: 0000010002490000 000000010d814000 000000010ba29940 0000000000000000
[mtlr]   out: 0000007700000000 0000000000004000 00000002c5cc28d9 0000000000369c3f
[mtlr] resource2 sel8 flags 470 sz 0x1000 -> kr 0x00000000 rid 119 GPUVA 0x10002490000 cpu 10d814000
[mtlr]   out: 0000010002490000 000000010d814000 000000010ba29940 0000000000000000
[mtlr]   out: 0000007700000000 0000000000004000 00000002c5cc28da 0000000000369c40
[mtlr] resource2 sel8 flags 470 sz 0x1000 -> kr 0x00000000 rid 119 GPUVA 0x10002490000 cpu 10d814000
[mtlr]   out: 0000010002490000 000000010d814000 000000010ba29940 0000000000000000
[mtlr]   out: 0000007700000000 0000000000004000 00000002c5cc28db 0000000000369c41
[mtlr] resource2 sel8 flags 470 sz 0x1000 -> kr 0x00000000 rid 119 GPUVA 0x10002490000 cpu 10d814000
[mtlr]   out: 0000010002490000 000000010d814000 000000010ba29940 0000000000000000
[mtlr]   out: 0000007700000000 0000000000004000 00000002c5cc28dc 0000000000369c42
[mtlr] resource2 sel8 flags 470 sz 0x1000 -> kr 0x00000000 rid 119 GPUVA 0x10002490000 cpu 10d814000
[mtlr]   out: 0000010002490000 000000010d814000 000000010ba29940 0000000000000000
[mtlr]   out: 0000007700000000 0000000000004000 00000002c5cc28dd 0000000000369c43
[mtlr] resource2 sel8 flags 470 sz 0x1000 -> kr 0x00000000 rid 119 GPUVA 0x10002490000 cpu 10d814000
[mtlr]   out: 0000010002490000 000000010d814000 000000010ba29940 0000000000000000
[mtlr]   out: 0000007700000000 0000000000004000 00000002c5cc28de 0000000000369c44
[mtlr] resource2 sel8 flags 470 sz 0x1000 -> kr 0x00000000 rid 119 GPUVA 0x10002490000 cpu 10d814000
[mtlr]   out: 0000010002490000 000000010d814000 000000010ba29940 0000000000000000
[mtlr]   out: 0000007700000000 0000000000004000 00000002c5cc28df 0000000000369c45
[mtlr] resource2 sel8 flags 470 sz 0x1000 -> kr 0x00000000 rid 119 GPUVA 0x10002490000 cpu 10d814000
[mtlr]   out: 0000010002490000 000000010d814000 000000010ba29940 0000000000000000
[mtlr]   out: 0000007700000000 0000000000004000 00000002c5cc28e0 0000000000369c46
[mtlr] resource2 sel8 flags 470 sz 0x1000 -> kr 0x00000000 rid 119 GPUVA 0x10002490000 cpu 10d814000
[mtlr]   out: 0000010002490000 000000010d814000 000000010ba29940 0000000000000000
[mtlr]   out: 0000007700000000 0000000000004000 00000002c5cc28e1 0000000000369c47
[mtlr] resource2 sel8 flags 470 sz 0x1000 -> kr 0x00000000 rid 119 GPUVA 0x10002490000 cpu 10d814000
[mtlr]   out: 0000010002490000 000000010d814000 000000010ba29940 0000000000000000
[mtlr]   out: 0000007700000000 0000000000004000 00000002c5cc28e2 0000000000369c48
[mtlr] resource2 sel8 flags 470 sz 0x1000 -> kr 0x00000000 rid 119 GPUVA 0x10002490000 cpu 10d814000
[mtlr]   out: 0000010002490000 000000010d814000 000000010ba29940 0000000000000000
[mtlr]   out: 0000007700000000 0000000000004000 00000002c5cc28e3 0000000000369c49
[mtlr] resource2 sel8 flags 470 sz 0x1000 -> kr 0x00000000 rid 119 GPUVA 0x10002490000 cpu 10d814000
[mtlr]   out: 0000010002490000 000000010d814000 000000010ba29940 0000000000000000
[mtlr]   out: 0000007700000000 0000000000004000 00000002c5cc28e4 0000000000369c4a
[mtlr] resource2 sel8 flags 470 sz 0x1000 -> kr 0x00000000 rid 119 GPUVA 0x10002490000 cpu 10d814000
[mtlr]   out: 0000010002490000 000000010d814000 000000010ba29940 0000000000000000
[mtlr]   out: 0000007700000000 0000000000004000 00000002c5cc28e5 0000000000369c4b
[mtlr] resource2 sel8 flags 470 sz 0x1000 -> kr 0x00000000 rid 119 GPUVA 0x10002490000 cpu 10d814000
[mtlr]   out: 0000010002490000 000000010d814000 000000010ba29940 0000000000000000
[mtlr]   out: 0000007700000000 0000000000004000 00000002c5cc28e6 0000000000369c4c
[mtlr] resource2 sel8 flags 470 sz 0x1000 -> kr 0x00000000 rid 119 GPUVA 0x10002490000 cpu 10d814000
[mtlr]   out: 0000010002490000 000000010d814000 000000010ba29940 0000000000000000
[mtlr]   out: 0000007700000000 0000000000004000 00000002c5cc28e7 0000000000369c4d
[mtlr] resource2 sel8 flags 470 sz 0x1000 -> kr 0x00000000 rid 119 GPUVA 0x10002490000 cpu 10d814000
[mtlr]   out: 0000010002490000 000000010d814000 000000010ba29940 0000000000000000
[mtlr]   out: 0000007700000000 0000000000004000 00000002c5cc28e8 0000000000369c4e
[mtlr] resource2 sel8 flags 470 sz 0x1000 -> kr 0x00000000 rid 119 GPUVA 0x10002490000 cpu 10d814000
[mtlr]   out: 0000010002490000 000000010d814000 000000010ba29940 0000000000000000
[mtlr]   out: 0000007700000000 0000000000004000 00000002c5cc28e9 0000000000369c4f
[mtlr] resource2 sel8 flags 470 sz 0x1000 -> kr 0x00000000 rid 119 GPUVA 0x10002490000 cpu 10d814000
[mtlr]   out: 0000010002490000 000000010d814000 000000010ba29940 0000000000000000
[mtlr]   out: 0000007700000000 0000000000004000 00000002c5cc28ea 0000000000369c50
[mtlr] resource2 sel8 flags 470 sz 0x1000 -> kr 0x00000000 rid 119 GPUVA 0x10002490000 cpu 10d814000
[mtlr]   out: 0000010002490000 000000010d814000 000000010ba29940 0000000000000000
[mtlr]   out: 0000007700000000 0000000000004000 00000002c5cc28eb 0000000000369c51
[mtlr] resource2 sel8 flags 470 sz 0x1000 -> kr 0x00000000 rid 119 GPUVA 0x10002490000 cpu 10d814000
[mtlr]   out: 0000010002490000 000000010d814000 000000010ba29940 0000000000000000
[mtlr]   out: 0000007700000000 0000000000004000 00000002c5cc28ec 0000000000369c52
[mtlr] resource2 sel8 flags 470 sz 0x1000 -> kr 0x00000000 rid 119 GPUVA 0x10002490000 cpu 10d814000
[mtlr]   out: 0000010002490000 000000010d814000 000000010ba29940 0000000000000000
[mtlr]   out: 0000007700000000 0000000000004000 00000002c5cc28ed 0000000000369c53
[mtlr] resource2 sel8 flags 470 sz 0x1000 -> kr 0x00000000 rid 119 GPUVA 0x10002490000 cpu 10d814000
[mtlr]   out: 0000010002490000 000000010d814000 000000010ba29940 0000000000000000
[mtlr]   out: 0000007700000000 0000000000004000 00000002c5cc28ee 0000000000369c54
[mtlr] resource2 sel8 flags 470 sz 0x1000 -> kr 0x00000000 rid 119 GPUVA 0x10002490000 cpu 10d814000
[mtlr]   out: 0000010002490000 000000010d814000 000000010ba29940 0000000000000000
[mtlr]   out: 0000007700000000 0000000000004000 00000002c5cc28ef 0000000000369c55
[uatrec] S4 r12 (+0s): nvv 8 ncb 8 vsz 0x100000 fill 0xfffffff007000000 destroy0 kr 0x00000000 nj 40
[uatrec] S4 r12 blit[0] slots 8 ridp 1
[uatrec] S4 r12 blit[1] slots 8 ridp 1
[uatrec] S4 r12 blit[2] slots 8 ridp 1
[uatrec] S4 r12 blit[3] slots 8 ridp 1
[uatrec] S4 r12 blit[4] slots 8 ridp 1
[uatrec] S4 r12 blit[5] slots 8 ridp 1
[uatrec] S4 r12 blit[6] slots 8 ridp 1
[uatrec] S4 r12 blit[7] slots 8 ridp 1
[mtlr] resource2 sel8 flags 470 sz 0x100000 -> kr 0x00000000 rid 119 GPUVA 0x10002490000 cpu 10d514000
[mtlr]   out: 0000010002490000 000000010d514000 000000010ba29940 0000000000000000
[mtlr]   out: 0000007700000000 0000000000100000 00000002c5cc2911 0000000000369c58
[uatrec] S4 r13 victim[0] rid 119 gpuva 0x10002490000 cpu 0x10d514000 (top-of-stack)
[mtlr] resource2 sel8 flags 470 sz 0x100000 -> kr 0x00000000 rid 120 GPUVA 0x10002598000 cpu 10ce14000
[mtlr]   out: 0000010002598000 000000010ce14000 000000010ba29a00 0000000000000000
[mtlr]   out: 0000007800000000 0000000000100000 00000002c5cc2923 0000000000369c59
[uatrec] S4 r13 victim[1] rid 120 gpuva 0x10002598000 cpu 0x10ce14000 (top-of-stack)
[mtlr] resource2 sel8 flags 470 sz 0x100000 -> kr 0x00000000 rid 121 GPUVA 0x100026a0000 cpu 10cf14000
[mtlr]   out: 00000100026a0000 000000010cf14000 000000010ba29ac0 0000000000000000
[mtlr]   out: 0000007900000000 0000000000100000 00000002c5cc2924 0000000000369c5a
[uatrec] S4 r13 victim[2] rid 121 gpuva 0x100026a0000 cpu 0x10cf14000 (top-of-stack)
[mtlr] resource2 sel8 flags 470 sz 0x100000 -> kr 0x00000000 rid 122 GPUVA 0x100027a8000 cpu 10d014000
[mtlr]   out: 00000100027a8000 000000010d014000 000000010ba29b80 0000000000000000
[mtlr]   out: 0000007a00000000 0000000000100000 00000002c5cc2925 0000000000369c5b
[uatrec] S4 r13 victim[3] rid 122 gpuva 0x100027a8000 cpu 0x10d014000 (top-of-stack)
[mtlr] resource2 sel8 flags 470 sz 0x100000 -> kr 0x00000000 rid 123 GPUVA 0x100028b0000 cpu 10d114000
[mtlr]   out: 00000100028b0000 000000010d114000 000000010ba29c40 0000000000000000
[mtlr]   out: 0000007b00000000 0000000000100000 00000002c5cc2926 0000000000369c5c
[uatrec] S4 r13 victim[4] rid 123 gpuva 0x100028b0000 cpu 0x10d114000 (top-of-stack)
[mtlr] resource2 sel8 flags 470 sz 0x100000 -> kr 0x00000000 rid 124 GPUVA 0x100029b8000 cpu 10d214000
[mtlr]   out: 00000100029b8000 000000010d214000 000000010ba29d00 0000000000000000
[mtlr]   out: 0000007c00000000 0000000000100000 00000002c5cc2927 0000000000369c5d
[uatrec] S4 r13 victim[5] rid 124 gpuva 0x100029b8000 cpu 0x10d214000 (top-of-stack)
[mtlr] resource2 sel8 flags 470 sz 0x100000 -> kr 0x00000000 rid 125 GPUVA 0x10002ac0000 cpu 10d314000
[mtlr]   out: 0000010002ac0000 000000010d314000 000000010ba29dc0 0000000000000000
[mtlr]   out: 0000007d00000000 0000000000100000 00000002c5cc2928 0000000000369c5e
[uatrec] S4 r13 victim[6] rid 125 gpuva 0x10002ac0000 cpu 0x10d314000 (top-of-stack)
[mtlr] resource2 sel8 flags 470 sz 0x100000 -> kr 0x00000000 rid 126 GPUVA 0x10002bc8000 cpu 10d414000
[mtlr]   out: 0000010002bc8000 000000010d414000 000000010ba29e80 0000000000000000
[mtlr]   out: 0000007e00000000 0000000000100000 00000002c5cc2929 0000000000369c5f
[uatrec] S4 r13 victim[7] rid 126 gpuva 0x10002bc8000 cpu 0x10d414000 (top-of-stack)
[mtlr] resource2 sel8 flags 470 sz 0x1000 -> kr 0x00000000 rid 119 GPUVA 0x10002490000 cpu 10d814000
[mtlr]   out: 0000010002490000 000000010d814000 000000010ba29940 0000000000000000
[mtlr]   out: 0000007700000000 0000000000004000 00000002c5cc293b 0000000000369c69
[mtlr] resource2 sel8 flags 470 sz 0x1000 -> kr 0x00000000 rid 119 GPUVA 0x10002490000 cpu 10d814000
[mtlr]   out: 0000010002490000 000000010d814000 000000010ba29940 0000000000000000
[mtlr]   out: 0000007700000000 0000000000004000 00000002c5cc293c 0000000000369c6a
[mtlr] resource2 sel8 flags 470 sz 0x1000 -> kr 0x00000000 rid 119 GPUVA 0x10002490000 cpu 10d814000
[mtlr]   out: 0000010002490000 000000010d814000 000000010ba29940 0000000000000000
[mtlr]   out: 0000007700000000 0000000000004000 00000002c5cc293f 0000000000369c6b
[mtlr] resource2 sel8 flags 470 sz 0x1000 -> kr 0x00000000 rid 119 GPUVA 0x10002490000 cpu 10d814000
[mtlr]   out: 0000010002490000 000000010d814000 000000010ba29940 0000000000000000
[mtlr]   out: 0000007700000000 0000000000004000 00000002c5cc2940 0000000000369c6c
[mtlr] resource2 sel8 flags 470 sz 0x1000 -> kr 0x00000000 rid 119 GPUVA 0x10002490000 cpu 10d814000
[mtlr]   out: 0000010002490000 000000010d814000 000000010ba29940 0000000000000000
[mtlr]   out: 0000007700000000 0000000000004000 00000002c5cc2943 0000000000369c6d
[mtlr] resource2 sel8 flags 470 sz 0x1000 -> kr 0x00000000 rid 119 GPUVA 0x10002490000 cpu 10d814000
[mtlr]   out: 0000010002490000 000000010d814000 000000010ba29940 0000000000000000
[mtlr]   out: 0000007700000000 0000000000004000 00000002c5cc2946 0000000000369c6e
[mtlr] resource2 sel8 flags 470 sz 0x1000 -> kr 0x00000000 rid 119 GPUVA 0x10002490000 cpu 10d814000
[mtlr]   out: 0000010002490000 000000010d814000 000000010ba29940 0000000000000000
[mtlr]   out: 0000007700000000 0000000000004000 00000002c5cc294a 0000000000369c6f
[mtlr] resource2 sel8 flags 470 sz 0x1000 -> kr 0x00000000 rid 119 GPUVA 0x10002490000 cpu 10d814000
[mtlr]   out: 0000010002490000 000000010d814000 000000010ba29940 0000000000000000
[mtlr]   out: 0000007700000000 0000000000004000 00000002c5cc294c 0000000000369c70
[mtlr] resource2 sel8 flags 470 sz 0x1000 -> kr 0x00000000 rid 119 GPUVA 0x10002490000 cpu 10d814000
[mtlr]   out: 0000010002490000 000000010d814000 000000010ba29940 0000000000000000
[mtlr]   out: 0000007700000000 0000000000004000 00000002c5cc294d 0000000000369c71
[mtlr] resource2 sel8 flags 470 sz 0x1000 -> kr 0x00000000 rid 119 GPUVA 0x10002490000 cpu 10d814000
[mtlr]   out: 0000010002490000 000000010d814000 000000010ba29940 0000000000000000
[mtlr]   out: 0000007700000000 0000000000004000 00000002c5cc294e 0000000000369c72
[mtlr] resource2 sel8 flags 470 sz 0x1000 -> kr 0x00000000 rid 119 GPUVA 0x10002490000 cpu 10d814000
[mtlr]   out: 0000010002490000 000000010d814000 000000010ba29940 0000000000000000
[mtlr]   out: 0000007700000000 0000000000004000 00000002c5cc294f 0000000000369c73
[mtlr] resource2 sel8 flags 470 sz 0x1000 -> kr 0x00000000 rid 119 GPUVA 0x10002490000 cpu 10d814000
[mtlr]   out: 0000010002490000 000000010d814000 000000010ba29940 0000000000000000
[mtlr]   out: 0000007700000000 0000000000004000 00000002c5cc2950 0000000000369c74
[mtlr] resource2 sel8 flags 470 sz 0x1000 -> kr 0x00000000 rid 119 GPUVA 0x10002490000 cpu 10d814000
[mtlr]   out: 0000010002490000 000000010d814000 000000010ba29940 0000000000000000
[mtlr]   out: 0000007700000000 0000000000004000 00000002c5cc2951 0000000000369c75
[mtlr] resource2 sel8 flags 470 sz 0x1000 -> kr 0x00000000 rid 119 GPUVA 0x10002490000 cpu 10d814000
[mtlr]   out: 0000010002490000 000000010d814000 000000010ba29940 0000000000000000
[mtlr]   out: 0000007700000000 0000000000004000 00000002c5cc2952 0000000000369c76
[mtlr] resource2 sel8 flags 470 sz 0x1000 -> kr 0x00000000 rid 119 GPUVA 0x10002490000 cpu 10d814000
[mtlr]   out: 0000010002490000 000000010d814000 000000010ba29940 0000000000000000
[mtlr]   out: 0000007700000000 0000000000004000 00000002c5cc2953 0000000000369c77
[mtlr] resource2 sel8 flags 470 sz 0x1000 -> kr 0x00000000 rid 119 GPUVA 0x10002490000 cpu 10d814000
[mtlr]   out: 0000010002490000 000000010d814000 000000010ba29940 0000000000000000
[mtlr]   out: 0000007700000000 0000000000004000 00000002c5cc2954 0000000000369c78
[mtlr] resource2 sel8 flags 470 sz 0x1000 -> kr 0x00000000 rid 119 GPUVA 0x10002490000 cpu 10d814000
[mtlr]   out: 0000010002490000 000000010d814000 000000010ba29940 0000000000000000
[mtlr]   out: 0000007700000000 0000000000004000 00000002c5cc2955 0000000000369c79
[mtlr] resource2 sel8 flags 470 sz 0x1000 -> kr 0x00000000 rid 119 GPUVA 0x10002490000 cpu 10d814000
[mtlr]   out: 0000010002490000 000000010d814000 000000010ba29940 0000000000000000
[mtlr]   out: 0000007700000000 0000000000004000 00000002c5cc2956 0000000000369c7a
[mtlr] resource2 sel8 flags 470 sz 0x1000 -> kr 0x00000000 rid 119 GPUVA 0x10002490000 cpu 10d814000
[mtlr]   out: 0000010002490000 000000010d814000 000000010ba29940 0000000000000000
[mtlr]   out: 0000007700000000 0000000000004000 00000002c5cc2957 0000000000369c7b
[mtlr] resource2 sel8 flags 470 sz 0x1000 -> kr 0x00000000 rid 119 GPUVA 0x10002490000 cpu 10d814000
[mtlr]   out: 0000010002490000 000000010d814000 000000010ba29940 0000000000000000
[mtlr]   out: 0000007700000000 0000000000004000 00000002c5cc2958 0000000000369c7c
[mtlr] resource2 sel8 flags 470 sz 0x1000 -> kr 0x00000000 rid 119 GPUVA 0x10002490000 cpu 10d814000
[mtlr]   out: 0000010002490000 000000010d814000 000000010ba29940 0000000000000000
[mtlr]   out: 0000007700000000 0000000000004000 00000002c5cc2959 0000000000369c7d
[mtlr] resource2 sel8 flags 470 sz 0x1000 -> kr 0x00000000 rid 119 GPUVA 0x10002490000 cpu 10d814000
[mtlr]   out: 0000010002490000 000000010d814000 000000010ba29940 0000000000000000
[mtlr]   out: 0000007700000000 0000000000004000 00000002c5cc295a 0000000000369c7e
[mtlr] resource2 sel8 flags 470 sz 0x1000 -> kr 0x00000000 rid 119 GPUVA 0x10002490000 cpu 10d814000
[mtlr]   out: 0000010002490000 000000010d814000 000000010ba29940 0000000000000000
[mtlr]   out: 0000007700000000 0000000000004000 00000002c5cc295b 0000000000369c7f
[mtlr] resource2 sel8 flags 470 sz 0x1000 -> kr 0x00000000 rid 119 GPUVA 0x10002490000 cpu 10d814000
[mtlr]   out: 0000010002490000 000000010d814000 000000010ba29940 0000000000000000
[mtlr]   out: 0000007700000000 0000000000004000 00000002c5cc295c 0000000000369c80
[mtlr] resource2 sel8 flags 470 sz 0x1000 -> kr 0x00000000 rid 119 GPUVA 0x10002490000 cpu 10d814000
[mtlr]   out: 0000010002490000 000000010d814000 000000010ba29940 0000000000000000
[mtlr]   out: 0000007700000000 0000000000004000 00000002c5cc295d 0000000000369c81
[mtlr] resource2 sel8 flags 470 sz 0x1000 -> kr 0x00000000 rid 119 GPUVA 0x10002490000 cpu 10d814000
[mtlr]   out: 0000010002490000 000000010d814000 000000010ba29940 0000000000000000
[mtlr]   out: 0000007700000000 0000000000004000 00000002c5cc295e 0000000000369c82
[mtlr] resource2 sel8 flags 470 sz 0x1000 -> kr 0x00000000 rid 119 GPUVA 0x10002490000 cpu 10d814000
[mtlr]   out: 0000010002490000 000000010d814000 000000010ba29940 0000000000000000
[mtlr]   out: 0000007700000000 0000000000004000 00000002c5cc295f 0000000000369c83
[mtlr] resource2 sel8 flags 470 sz 0x1000 -> kr 0x00000000 rid 119 GPUVA 0x10002490000 cpu 10d814000
[mtlr]   out: 0000010002490000 000000010d814000 000000010ba29940 0000000000000000
[mtlr]   out: 0000007700000000 0000000000004000 00000002c5cc2960 0000000000369c84
[mtlr] resource2 sel8 flags 470 sz 0x1000 -> kr 0x00000000 rid 119 GPUVA 0x10002490000 cpu 10d814000
[mtlr]   out: 0000010002490000 000000010d814000 000000010ba29940 0000000000000000
[mtlr]   out: 0000007700000000 0000000000004000 00000002c5cc2961 0000000000369c85
[mtlr] resource2 sel8 flags 470 sz 0x1000 -> kr 0x00000000 rid 119 GPUVA 0x10002490000 cpu 10d814000
[mtlr]   out: 0000010002490000 000000010d814000 000000010ba29940 0000000000000000
[mtlr]   out: 0000007700000000 0000000000004000 00000002c5cc2962 0000000000369c86
[mtlr] resource2 sel8 flags 470 sz 0x1000 -> kr 0x00000000 rid 119 GPUVA 0x10002490000 cpu 10d814000
[mtlr]   out: 0000010002490000 000000010d814000 000000010ba29940 0000000000000000
[mtlr]   out: 0000007700000000 0000000000004000 00000002c5cc2963 0000000000369c87
[mtlr] resource2 sel8 flags 470 sz 0x1000 -> kr 0x00000000 rid 119 GPUVA 0x10002490000 cpu 10d814000
[mtlr]   out: 0000010002490000 000000010d814000 000000010ba29940 0000000000000000
[mtlr]   out: 0000007700000000 0000000000004000 00000002c5cc2964 0000000000369c88
[mtlr] resource2 sel8 flags 470 sz 0x1000 -> kr 0x00000000 rid 119 GPUVA 0x10002490000 cpu 10d814000
[mtlr]   out: 0000010002490000 000000010d814000 000000010ba29940 0000000000000000
[mtlr]   out: 0000007700000000 0000000000004000 00000002c5cc2965 0000000000369c89
[mtlr] resource2 sel8 flags 470 sz 0x1000 -> kr 0x00000000 rid 119 GPUVA 0x10002490000 cpu 10d814000
[mtlr]   out: 0000010002490000 000000010d814000 000000010ba29940 0000000000000000
[mtlr]   out: 0000007700000000 0000000000004000 00000002c5cc2966 0000000000369c8a
[mtlr] resource2 sel8 flags 470 sz 0x1000 -> kr 0x00000000 rid 119 GPUVA 0x10002490000 cpu 10d814000
[mtlr]   out: 0000010002490000 000000010d814000 000000010ba29940 0000000000000000
[mtlr]   out: 0000007700000000 0000000000004000 00000002c5cc2967 0000000000369c8b
[mtlr] resource2 sel8 flags 470 sz 0x1000 -> kr 0x00000000 rid 119 GPUVA 0x10002490000 cpu 10d814000
[mtlr]   out: 0000010002490000 000000010d814000 000000010ba29940 0000000000000000
[mtlr]   out: 0000007700000000 0000000000004000 00000002c5cc2968 0000000000369c8c
[mtlr] resource2 sel8 flags 470 sz 0x1000 -> kr 0x00000000 rid 119 GPUVA 0x10002490000 cpu 10d814000
[mtlr]   out: 0000010002490000 000000010d814000 000000010ba29940 0000000000000000
[mtlr]   out: 0000007700000000 0000000000004000 00000002c5cc2969 0000000000369c8d
[mtlr] resource2 sel8 flags 470 sz 0x1000 -> kr 0x00000000 rid 119 GPUVA 0x10002490000 cpu 10d814000
[mtlr]   out: 0000010002490000 000000010d814000 000000010ba29940 0000000000000000
[mtlr]   out: 0000007700000000 0000000000004000 00000002c5cc296a 0000000000369c8e
[mtlr] resource2 sel8 flags 470 sz 0x1000 -> kr 0x00000000 rid 119 GPUVA 0x10002490000 cpu 10d814000
[mtlr]   out: 0000010002490000 000000010d814000 000000010ba29940 0000000000000000
[mtlr]   out: 0000007700000000 0000000000004000 00000002c5cc296b 0000000000369c8f
[mtlr] resource2 sel8 flags 470 sz 0x1000 -> kr 0x00000000 rid 119 GPUVA 0x10002490000 cpu 10d814000
[mtlr]   out: 0000010002490000 000000010d814000 000000010ba29940 0000000000000000
[mtlr]   out: 0000007700000000 0000000000004000 00000002c5cc296c 0000000000369c90
[uatrec] S4 r13 (+1s): nvv 8 ncb 8 vsz 0x100000 fill 0xfffffff007000000 destroy0 kr 0x00000000 nj 40
[uatrec] S4 r13 blit[0] slots 8 ridp 1
[uatrec] S4 r13 blit[1] slots 8 ridp 1
[uatrec] S4 r13 blit[2] slots 8 ridp 1
[uatrec] S4 r13 blit[3] slots 8 ridp 1
[uatrec] S4 r13 blit[4] slots 8 ridp 1
[uatrec] S4 r13 blit[5] slots 8 ridp 1
[uatrec] S4 r13 blit[6] slots 8 ridp 1
[uatrec] S4 r13 blit[7] slots 8 ridp 1
[mtlr] resource2 sel8 flags 470 sz 0x100000 -> kr 0x00000000 rid 119 GPUVA 0x10002490000 cpu 10ce14000
[mtlr]   out: 0000010002490000 000000010ce14000 000000010ba29940 0000000000000000
[mtlr]   out: 0000007700000000 0000000000100000 00000002c5cc298e 0000000000369c93
[uatrec] S4 r14 victim[0] rid 119 gpuva 0x10002490000 cpu 0x10ce14000 (top-of-stack)
[mtlr] resource2 sel8 flags 470 sz 0x100000 -> kr 0x00000000 rid 120 GPUVA 0x10002598000 cpu 10cf14000
[mtlr]   out: 0000010002598000 000000010cf14000 000000010ba29a00 0000000000000000
[mtlr]   out: 0000007800000000 0000000000100000 00000002c5cc298f 0000000000369c94
[uatrec] S4 r14 victim[1] rid 120 gpuva 0x10002598000 cpu 0x10cf14000 (top-of-stack)
[mtlr] resource2 sel8 flags 470 sz 0x100000 -> kr 0x00000000 rid 121 GPUVA 0x100026a0000 cpu 10d014000
[mtlr]   out: 00000100026a0000 000000010d014000 000000010ba29ac0 0000000000000000
[mtlr]   out: 0000007900000000 0000000000100000 00000002c5cc2990 0000000000369c95
[uatrec] S4 r14 victim[2] rid 121 gpuva 0x100026a0000 cpu 0x10d014000 (top-of-stack)
[mtlr] resource2 sel8 flags 470 sz 0x100000 -> kr 0x00000000 rid 122 GPUVA 0x100027a8000 cpu 10d114000
[mtlr]   out: 00000100027a8000 000000010d114000 000000010ba29b80 0000000000000000
[mtlr]   out: 0000007a00000000 0000000000100000 00000002c5cc2991 0000000000369c96
[uatrec] S4 r14 victim[3] rid 122 gpuva 0x100027a8000 cpu 0x10d114000 (top-of-stack)
[mtlr] resource2 sel8 flags 470 sz 0x100000 -> kr 0x00000000 rid 123 GPUVA 0x100028b0000 cpu 10d214000
[mtlr]   out: 00000100028b0000 000000010d214000 000000010ba29c40 0000000000000000
[mtlr]   out: 0000007b00000000 0000000000100000 00000002c5cc2992 0000000000369c97
[uatrec] S4 r14 victim[4] rid 123 gpuva 0x100028b0000 cpu 0x10d214000 (top-of-stack)
[mtlr] resource2 sel8 flags 470 sz 0x100000 -> kr 0x00000000 rid 124 GPUVA 0x100029b8000 cpu 10d314000
[mtlr]   out: 00000100029b8000 000000010d314000 000000010ba29d00 0000000000000000
[mtlr]   out: 0000007c00000000 0000000000100000 00000002c5cc299a 0000000000369c98
[uatrec] S4 r14 victim[5] rid 124 gpuva 0x100029b8000 cpu 0x10d314000 (top-of-stack)
[mtlr] resource2 sel8 flags 470 sz 0x100000 -> kr 0x00000000 rid 125 GPUVA 0x10002ac0000 cpu 10d414000
[mtlr]   out: 0000010002ac0000 000000010d414000 000000010ba29dc0 0000000000000000
[mtlr]   out: 0000007d00000000 0000000000100000 00000002c5cc299b 0000000000369c99
[uatrec] S4 r14 victim[6] rid 125 gpuva 0x10002ac0000 cpu 0x10d414000 (top-of-stack)
[mtlr] resource2 sel8 flags 470 sz 0x100000 -> kr 0x00000000 rid 126 GPUVA 0x10002bc8000 cpu 10d514000
[mtlr]   out: 0000010002bc8000 000000010d514000 000000010ba29e80 0000000000000000
[mtlr]   out: 0000007e00000000 0000000000100000 00000002c5cc299c 0000000000369c9a
[uatrec] S4 r14 victim[7] rid 126 gpuva 0x10002bc8000 cpu 0x10d514000 (top-of-stack)
[mtlr] resource2 sel8 flags 470 sz 0x1000 -> kr 0x00000000 rid 119 GPUVA 0x10002490000 cpu 10d814000
[mtlr]   out: 0000010002490000 000000010d814000 000000010ba29940 0000000000000000
[mtlr]   out: 0000007700000000 0000000000004000 00000002c5cc29b8 0000000000369ca4
[mtlr] resource2 sel8 flags 470 sz 0x1000 -> kr 0x00000000 rid 119 GPUVA 0x10002490000 cpu 10d814000
[mtlr]   out: 0000010002490000 000000010d814000 000000010ba29940 0000000000000000
[mtlr]   out: 0000007700000000 0000000000004000 00000002c5cc29b9 0000000000369ca5
[mtlr] resource2 sel8 flags 470 sz 0x1000 -> kr 0x00000000 rid 119 GPUVA 0x10002490000 cpu 10d814000
[mtlr]   out: 0000010002490000 000000010d814000 000000010ba29940 0000000000000000
[mtlr]   out: 0000007700000000 0000000000004000 00000002c5cc29ba 0000000000369ca6
[mtlr] resource2 sel8 flags 470 sz 0x1000 -> kr 0x00000000 rid 119 GPUVA 0x10002490000 cpu 10d814000
[mtlr]   out: 0000010002490000 000000010d814000 000000010ba29940 0000000000000000
[mtlr]   out: 0000007700000000 0000000000004000 00000002c5cc29bb 0000000000369ca7
[mtlr] resource2 sel8 flags 470 sz 0x1000 -> kr 0x00000000 rid 119 GPUVA 0x10002490000 cpu 10d814000
[mtlr]   out: 0000010002490000 000000010d814000 000000010ba29940 0000000000000000
[mtlr]   out: 0000007700000000 0000000000004000 00000002c5cc29bc 0000000000369ca8
[mtlr] resource2 sel8 flags 470 sz 0x1000 -> kr 0x00000000 rid 119 GPUVA 0x10002490000 cpu 10d814000
[mtlr]   out: 0000010002490000 000000010d814000 000000010ba29940 0000000000000000
[mtlr]   out: 0000007700000000 0000000000004000 00000002c5cc29bd 0000000000369ca9
[mtlr] resource2 sel8 flags 470 sz 0x1000 -> kr 0x00000000 rid 119 GPUVA 0x10002490000 cpu 10d814000
[mtlr]   out: 0000010002490000 000000010d814000 000000010ba29940 0000000000000000
[mtlr]   out: 0000007700000000 0000000000004000 00000002c5cc29be 0000000000369caa
[mtlr] resource2 sel8 flags 470 sz 0x1000 -> kr 0x00000000 rid 119 GPUVA 0x10002490000 cpu 10d814000
[mtlr]   out: 0000010002490000 000000010d814000 000000010ba29940 0000000000000000
[mtlr]   out: 0000007700000000 0000000000004000 00000002c5cc29bf 0000000000369cab
[mtlr] resource2 sel8 flags 470 sz 0x1000 -> kr 0x00000000 rid 119 GPUVA 0x10002490000 cpu 10d814000
[mtlr]   out: 0000010002490000 000000010d814000 000000010ba29940 0000000000000000
[mtlr]   out: 0000007700000000 0000000000004000 00000002c5cc29c0 0000000000369cac
[mtlr] resource2 sel8 flags 470 sz 0x1000 -> kr 0x00000000 rid 119 GPUVA 0x10002490000 cpu 10d814000
[mtlr]   out: 0000010002490000 000000010d814000 000000010ba29940 0000000000000000
[mtlr]   out: 0000007700000000 0000000000004000 00000002c5cc29c1 0000000000369cad
[mtlr] resource2 sel8 flags 470 sz 0x1000 -> kr 0x00000000 rid 119 GPUVA 0x10002490000 cpu 10d814000
[mtlr]   out: 0000010002490000 000000010d814000 000000010ba29940 0000000000000000
[mtlr]   out: 0000007700000000 0000000000004000 00000002c5cc29c2 0000000000369cae
[mtlr] resource2 sel8 flags 470 sz 0x1000 -> kr 0x00000000 rid 119 GPUVA 0x10002490000 cpu 10d814000
[mtlr]   out: 0000010002490000 000000010d814000 000000010ba29940 0000000000000000
[mtlr]   out: 0000007700000000 0000000000004000 00000002c5cc29c3 0000000000369caf
[mtlr] resource2 sel8 flags 470 sz 0x1000 -> kr 0x00000000 rid 119 GPUVA 0x10002490000 cpu 10d814000
[mtlr]   out: 0000010002490000 000000010d814000 000000010ba29940 0000000000000000
[mtlr]   out: 0000007700000000 0000000000004000 00000002c5cc29c4 0000000000369cb0
[mtlr] resource2 sel8 flags 470 sz 0x1000 -> kr 0x00000000 rid 119 GPUVA 0x10002490000 cpu 10d814000
[mtlr]   out: 0000010002490000 000000010d814000 000000010ba29940 0000000000000000
[mtlr]   out: 0000007700000000 0000000000004000 00000002c5cc29c5 0000000000369cb1
[mtlr] resource2 sel8 flags 470 sz 0x1000 -> kr 0x00000000 rid 119 GPUVA 0x10002490000 cpu 10d814000
[mtlr]   out: 0000010002490000 000000010d814000 000000010ba29940 0000000000000000
[mtlr]   out: 0000007700000000 0000000000004000 00000002c5cc29c6 0000000000369cb2
[mtlr] resource2 sel8 flags 470 sz 0x1000 -> kr 0x00000000 rid 119 GPUVA 0x10002490000 cpu 10d814000
[mtlr]   out: 0000010002490000 000000010d814000 000000010ba29940 0000000000000000
[mtlr]   out: 0000007700000000 0000000000004000 00000002c5cc29c7 0000000000369cb3
[mtlr] resource2 sel8 flags 470 sz 0x1000 -> kr 0x00000000 rid 119 GPUVA 0x10002490000 cpu 10d814000
[mtlr]   out: 0000010002490000 000000010d814000 000000010ba29940 0000000000000000
[mtlr]   out: 0000007700000000 0000000000004000 00000002c5cc29c8 0000000000369cb4
[mtlr] resource2 sel8 flags 470 sz 0x1000 -> kr 0x00000000 rid 119 GPUVA 0x10002490000 cpu 10d814000
[mtlr]   out: 0000010002490000 000000010d814000 000000010ba29940 0000000000000000
[mtlr]   out: 0000007700000000 0000000000004000 00000002c5cc29c9 0000000000369cb5
[mtlr] resource2 sel8 flags 470 sz 0x1000 -> kr 0x00000000 rid 119 GPUVA 0x10002490000 cpu 10d814000
[mtlr]   out: 0000010002490000 000000010d814000 000000010ba29940 0000000000000000
[mtlr]   out: 0000007700000000 0000000000004000 00000002c5cc29ca 0000000000369cb6
[mtlr] resource2 sel8 flags 470 sz 0x1000 -> kr 0x00000000 rid 119 GPUVA 0x10002490000 cpu 10d814000
[mtlr]   out: 0000010002490000 000000010d814000 000000010ba29940 0000000000000000
[mtlr]   out: 0000007700000000 0000000000004000 00000002c5cc29cb 0000000000369cb7
[mtlr] resource2 sel8 flags 470 sz 0x1000 -> kr 0x00000000 rid 119 GPUVA 0x10002490000 cpu 10d814000
[mtlr]   out: 0000010002490000 000000010d814000 000000010ba29940 0000000000000000
[mtlr]   out: 0000007700000000 0000000000004000 00000002c5cc29cc 0000000000369cb8
[mtlr] resource2 sel8 flags 470 sz 0x1000 -> kr 0x00000000 rid 119 GPUVA 0x10002490000 cpu 10d814000
[mtlr]   out: 0000010002490000 000000010d814000 000000010ba29940 0000000000000000
[mtlr]   out: 0000007700000000 0000000000004000 00000002c5cc29cd 0000000000369cb9
[mtlr] resource2 sel8 flags 470 sz 0x1000 -> kr 0x00000000 rid 119 GPUVA 0x10002490000 cpu 10d814000
[mtlr]   out: 0000010002490000 000000010d814000 000000010ba29940 0000000000000000
[mtlr]   out: 0000007700000000 0000000000004000 00000002c5cc29ce 0000000000369cba
[mtlr] resource2 sel8 flags 470 sz 0x1000 -> kr 0x00000000 rid 119 GPUVA 0x10002490000 cpu 10d814000
[mtlr]   out: 0000010002490000 000000010d814000 000000010ba29940 0000000000000000
[mtlr]   out: 0000007700000000 0000000000004000 00000002c5cc29cf 0000000000369cbb
[mtlr] resource2 sel8 flags 470 sz 0x1000 -> kr 0x00000000 rid 119 GPUVA 0x10002490000 cpu 10d814000
[mtlr]   out: 0000010002490000 000000010d814000 000000010ba29940 0000000000000000
[mtlr]   out: 0000007700000000 0000000000004000 00000002c5cc29d0 0000000000369cbc
[mtlr] resource2 sel8 flags 470 sz 0x1000 -> kr 0x00000000 rid 119 GPUVA 0x10002490000 cpu 10d814000
[mtlr]   out: 0000010002490000 000000010d814000 000000010ba29940 0000000000000000
[mtlr]   out: 0000007700000000 0000000000004000 00000002c5cc29d1 0000000000369cbd
[mtlr] resource2 sel8 flags 470 sz 0x1000 -> kr 0x00000000 rid 119 GPUVA 0x10002490000 cpu 10d814000
[mtlr]   out: 0000010002490000 000000010d814000 000000010ba29940 0000000000000000
[mtlr]   out: 0000007700000000 0000000000004000 00000002c5cc29d2 0000000000369cbe
[mtlr] resource2 sel8 flags 470 sz 0x1000 -> kr 0x00000000 rid 119 GPUVA 0x10002490000 cpu 10d814000
[mtlr]   out: 0000010002490000 000000010d814000 000000010ba29940 0000000000000000
[mtlr]   out: 0000007700000000 0000000000004000 00000002c5cc29d3 0000000000369cbf
[mtlr] resource2 sel8 flags 470 sz 0x1000 -> kr 0x00000000 rid 119 GPUVA 0x10002490000 cpu 10d814000
[mtlr]   out: 0000010002490000 000000010d814000 000000010ba29940 0000000000000000
[mtlr]   out: 0000007700000000 0000000000004000 00000002c5cc29d4 0000000000369cc0
[mtlr] resource2 sel8 flags 470 sz 0x1000 -> kr 0x00000000 rid 119 GPUVA 0x10002490000 cpu 10d814000
[mtlr]   out: 0000010002490000 000000010d814000 000000010ba29940 0000000000000000
[mtlr]   out: 0000007700000000 0000000000004000 00000002c5cc29d5 0000000000369cc1
[mtlr] resource2 sel8 flags 470 sz 0x1000 -> kr 0x00000000 rid 119 GPUVA 0x10002490000 cpu 10d814000
[mtlr]   out: 0000010002490000 000000010d814000 000000010ba29940 0000000000000000
[mtlr]   out: 0000007700000000 0000000000004000 00000002c5cc29d6 0000000000369cc2
[mtlr] resource2 sel8 flags 470 sz 0x1000 -> kr 0x00000000 rid 119 GPUVA 0x10002490000 cpu 10d814000
[mtlr]   out: 0000010002490000 000000010d814000 000000010ba29940 0000000000000000
[mtlr]   out: 0000007700000000 0000000000004000 00000002c5cc29d7 0000000000369cc3
[mtlr] resource2 sel8 flags 470 sz 0x1000 -> kr 0x00000000 rid 119 GPUVA 0x10002490000 cpu 10d814000
[mtlr]   out: 0000010002490000 000000010d814000 000000010ba29940 0000000000000000
[mtlr]   out: 0000007700000000 0000000000004000 00000002c5cc29d8 0000000000369cc4
[mtlr] resource2 sel8 flags 470 sz 0x1000 -> kr 0x00000000 rid 119 GPUVA 0x10002490000 cpu 10d814000
[mtlr]   out: 0000010002490000 000000010d814000 000000010ba29940 0000000000000000
[mtlr]   out: 0000007700000000 0000000000004000 00000002c5cc29d9 0000000000369cc5
[mtlr] resource2 sel8 flags 470 sz 0x1000 -> kr 0x00000000 rid 119 GPUVA 0x10002490000 cpu 10d814000
[mtlr]   out: 0000010002490000 000000010d814000 000000010ba29940 0000000000000000
[mtlr]   out: 0000007700000000 0000000000004000 00000002c5cc29da 0000000000369cc6
[mtlr] resource2 sel8 flags 470 sz 0x1000 -> kr 0x00000000 rid 119 GPUVA 0x10002490000 cpu 10d814000
[mtlr]   out: 0000010002490000 000000010d814000 000000010ba29940 0000000000000000
[mtlr]   out: 0000007700000000 0000000000004000 00000002c5cc29db 0000000000369cc7
[mtlr] resource2 sel8 flags 470 sz 0x1000 -> kr 0x00000000 rid 119 GPUVA 0x10002490000 cpu 10d814000
[mtlr]   out: 0000010002490000 000000010d814000 000000010ba29940 0000000000000000
[mtlr]   out: 0000007700000000 0000000000004000 00000002c5cc29dc 0000000000369cc8
[mtlr] resource2 sel8 flags 470 sz 0x1000 -> kr 0x00000000 rid 119 GPUVA 0x10002490000 cpu 10d814000
[mtlr]   out: 0000010002490000 000000010d814000 000000010ba29940 0000000000000000
[mtlr]   out: 0000007700000000 0000000000004000 00000002c5cc29dd 0000000000369cc9
[mtlr] resource2 sel8 flags 470 sz 0x1000 -> kr 0x00000000 rid 119 GPUVA 0x10002490000 cpu 10d814000
[mtlr]   out: 0000010002490000 000000010d814000 000000010ba29940 0000000000000000
[mtlr]   out: 0000007700000000 0000000000004000 00000002c5cc29de 0000000000369cca
[mtlr] resource2 sel8 flags 470 sz 0x1000 -> kr 0x00000000 rid 119 GPUVA 0x10002490000 cpu 10d814000
[mtlr]   out: 0000010002490000 000000010d814000 000000010ba29940 0000000000000000
[mtlr]   out: 0000007700000000 0000000000004000 00000002c5cc29df 0000000000369ccb
[uatrec] S4 r14 (+1s): nvv 8 ncb 8 vsz 0x100000 fill 0xfffffff007000000 destroy0 kr 0x00000000 nj 40
[uatrec] S4 r14 blit[0] slots 8 ridp 1
[uatrec] S4 r14 blit[1] slots 8 ridp 1
[uatrec] S4 r14 blit[2] slots 8 ridp 1
[uatrec] S4 r14 blit[3] slots 8 ridp 1
[uatrec] S4 r14 blit[4] slots 8 ridp 1
[uatrec] S4 r14 blit[5] slots 8 ridp 1
[uatrec] S4 r14 blit[6] slots 8 ridp 1
[uatrec] S4 r14 blit[7] slots 8 ridp 1
[mtlr] resource2 sel8 flags 470 sz 0x100000 -> kr 0x00000000 rid 119 GPUVA 0x10002490000 cpu 10d714000
[mtlr]   out: 0000010002490000 000000010d714000 000000010ba29940 0000000000000000
[mtlr]   out: 0000007700000000 0000000000100000 00000002c5cc2a0c 0000000000369cce
[uatrec] S4 r15 victim[0] rid 119 gpuva 0x10002490000 cpu 0x10d714000 (top-of-stack)
[mtlr] resource2 sel8 flags 470 sz 0x100000 -> kr 0x00000000 rid 120 GPUVA 0x10002598000 cpu 10d974000
[mtlr]   out: 0000010002598000 000000010d974000 000000010ba29a00 0000000000000000
[mtlr]   out: 0000007800000000 0000000000100000 00000002c5cc2a0d 0000000000369ccf
[uatrec] S4 r15 victim[1] rid 120 gpuva 0x10002598000 cpu 0x10d974000 (top-of-stack)
[mtlr] resource2 sel8 flags 470 sz 0x100000 -> kr 0x00000000 rid 121 GPUVA 0x100026a0000 cpu 10dae4000
[mtlr]   out: 00000100026a0000 000000010dae4000 000000010ba29ac0 0000000000000000
[mtlr]   out: 0000007900000000 0000000000100000 00000002c5cc2a0e 0000000000369cd0
[uatrec] S4 r15 victim[2] rid 121 gpuva 0x100026a0000 cpu 0x10dae4000 (top-of-stack)
[mtlr] resource2 sel8 flags 470 sz 0x100000 -> kr 0x00000000 rid 122 GPUVA 0x100027a8000 cpu 10dc54000
[mtlr]   out: 00000100027a8000 000000010dc54000 000000010ba29b80 0000000000000000
[mtlr]   out: 0000007a00000000 0000000000100000 00000002c5cc2a0f 0000000000369cd1
[uatrec] S4 r15 victim[3] rid 122 gpuva 0x100027a8000 cpu 0x10dc54000 (top-of-stack)
[mtlr] resource2 sel8 flags 470 sz 0x100000 -> kr 0x00000000 rid 123 GPUVA 0x100028b0000 cpu 10de0c000
[mtlr]   out: 00000100028b0000 000000010de0c000 000000010ba29c40 0000000000000000
[mtlr]   out: 0000007b00000000 0000000000100000 00000002c5cc2a10 0000000000369cd2
[uatrec] S4 r15 victim[4] rid 123 gpuva 0x100028b0000 cpu 0x10de0c000 (top-of-stack)
[mtlr] resource2 sel8 flags 470 sz 0x100000 -> kr 0x00000000 rid 124 GPUVA 0x100029b8000 cpu 10df0c000
[mtlr]   out: 00000100029b8000 000000010df0c000 000000010ba29d00 0000000000000000
[mtlr]   out: 0000007c00000000 0000000000100000 00000002c5cc2a11 0000000000369cd3
[uatrec] S4 r15 victim[5] rid 124 gpuva 0x100029b8000 cpu 0x10df0c000 (top-of-stack)
[mtlr] resource2 sel8 flags 470 sz 0x100000 -> kr 0x00000000 rid 125 GPUVA 0x10002ac0000 cpu 10ce14000
[mtlr]   out: 0000010002ac0000 000000010ce14000 000000010ba29dc0 0000000000000000
[mtlr]   out: 0000007d00000000 0000000000100000 00000002c5cc2a12 0000000000369cd4
[uatrec] S4 r15 victim[6] rid 125 gpuva 0x10002ac0000 cpu 0x10ce14000 (top-of-stack)
[mtlr] resource2 sel8 flags 470 sz 0x100000 -> kr 0x00000000 rid 126 GPUVA 0x10002bc8000 cpu 10cf14000
[mtlr]   out: 0000010002bc8000 000000010cf14000 000000010ba29e80 0000000000000000
[mtlr]   out: 0000007e00000000 0000000000100000 00000002c5cc2a16 0000000000369cd5
[uatrec] S4 r15 victim[7] rid 126 gpuva 0x10002bc8000 cpu 0x10cf14000 (top-of-stack)
[mtlr] resource2 sel8 flags 470 sz 0x1000 -> kr 0x00000000 rid 119 GPUVA 0x10002490000 cpu 10d814000
[mtlr]   out: 0000010002490000 000000010d814000 000000010ba29940 0000000000000000
[mtlr]   out: 0000007700000000 0000000000004000 00000002c5cc2a36 0000000000369cdf
[mtlr] resource2 sel8 flags 470 sz 0x1000 -> kr 0x00000000 rid 119 GPUVA 0x10002490000 cpu 10d814000
[mtlr]   out: 0000010002490000 000000010d814000 000000010ba29940 0000000000000000
[mtlr]   out: 0000007700000000 0000000000004000 00000002c5cc2a37 0000000000369ce0
[mtlr] resource2 sel8 flags 470 sz 0x1000 -> kr 0x00000000 rid 119 GPUVA 0x10002490000 cpu 10d814000
[mtlr]   out: 0000010002490000 000000010d814000 000000010ba29940 0000000000000000
[mtlr]   out: 0000007700000000 0000000000004000 00000002c5cc2a38 0000000000369ce1
[mtlr] resource2 sel8 flags 470 sz 0x1000 -> kr 0x00000000 rid 119 GPUVA 0x10002490000 cpu 10d814000
[mtlr]   out: 0000010002490000 000000010d814000 000000010ba29940 0000000000000000
[mtlr]   out: 0000007700000000 0000000000004000 00000002c5cc2a39 0000000000369ce2
[mtlr] resource2 sel8 flags 470 sz 0x1000 -> kr 0x00000000 rid 119 GPUVA 0x10002490000 cpu 10d814000
[mtlr]   out: 0000010002490000 000000010d814000 000000010ba29940 0000000000000000
[mtlr]   out: 0000007700000000 0000000000004000 00000002c5cc2a3a 0000000000369ce3
[mtlr] resource2 sel8 flags 470 sz 0x1000 -> kr 0x00000000 rid 119 GPUVA 0x10002490000 cpu 10d814000
[mtlr]   out: 0000010002490000 000000010d814000 000000010ba29940 0000000000000000
[mtlr]   out: 0000007700000000 0000000000004000 00000002c5cc2a3b 0000000000369ce4
[mtlr] resource2 sel8 flags 470 sz 0x1000 -> kr 0x00000000 rid 119 GPUVA 0x10002490000 cpu 10d814000
[mtlr]   out: 0000010002490000 000000010d814000 000000010ba29940 0000000000000000
[mtlr]   out: 0000007700000000 0000000000004000 00000002c5cc2a3c 0000000000369ce5
[mtlr] resource2 sel8 flags 470 sz 0x1000 -> kr 0x00000000 rid 119 GPUVA 0x10002490000 cpu 10d814000
[mtlr]   out: 0000010002490000 000000010d814000 000000010ba29940 0000000000000000
[mtlr]   out: 0000007700000000 0000000000004000 00000002c5cc2a3d 0000000000369ce6
[mtlr] resource2 sel8 flags 470 sz 0x1000 -> kr 0x00000000 rid 119 GPUVA 0x10002490000 cpu 10d814000
[mtlr]   out: 0000010002490000 000000010d814000 000000010ba29940 0000000000000000
[mtlr]   out: 0000007700000000 0000000000004000 00000002c5cc2a3e 0000000000369ce7
[mtlr] resource2 sel8 flags 470 sz 0x1000 -> kr 0x00000000 rid 119 GPUVA 0x10002490000 cpu 10d814000
[mtlr]   out: 0000010002490000 000000010d814000 000000010ba29940 0000000000000000
[mtlr]   out: 0000007700000000 0000000000004000 00000002c5cc2a3f 0000000000369ce8
[mtlr] resource2 sel8 flags 470 sz 0x1000 -> kr 0x00000000 rid 119 GPUVA 0x10002490000 cpu 10d814000
[mtlr]   out: 0000010002490000 000000010d814000 000000010ba29940 0000000000000000
[mtlr]   out: 0000007700000000 0000000000004000 00000002c5cc2a40 0000000000369ce9
[mtlr] resource2 sel8 flags 470 sz 0x1000 -> kr 0x00000000 rid 119 GPUVA 0x10002490000 cpu 10d814000
[mtlr]   out: 0000010002490000 000000010d814000 000000010ba29940 0000000000000000
[mtlr]   out: 0000007700000000 0000000000004000 00000002c5cc2a41 0000000000369cea
[mtlr] resource2 sel8 flags 470 sz 0x1000 -> kr 0x00000000 rid 119 GPUVA 0x10002490000 cpu 10d814000
[mtlr]   out: 0000010002490000 000000010d814000 000000010ba29940 0000000000000000
[mtlr]   out: 0000007700000000 0000000000004000 00000002c5cc2a42 0000000000369ceb
[mtlr] resource2 sel8 flags 470 sz 0x1000 -> kr 0x00000000 rid 119 GPUVA 0x10002490000 cpu 10d814000
[mtlr]   out: 0000010002490000 000000010d814000 000000010ba29940 0000000000000000
[mtlr]   out: 0000007700000000 0000000000004000 00000002c5cc2a43 0000000000369cec
[mtlr] resource2 sel8 flags 470 sz 0x1000 -> kr 0x00000000 rid 119 GPUVA 0x10002490000 cpu 10d814000
[mtlr]   out: 0000010002490000 000000010d814000 000000010ba29940 0000000000000000
[mtlr]   out: 0000007700000000 0000000000004000 00000002c5cc2a44 0000000000369ced
[mtlr] resource2 sel8 flags 470 sz 0x1000 -> kr 0x00000000 rid 119 GPUVA 0x10002490000 cpu 10d814000
[mtlr]   out: 0000010002490000 000000010d814000 000000010ba29940 0000000000000000
[mtlr]   out: 0000007700000000 0000000000004000 00000002c5cc2a45 0000000000369cee
[mtlr] resource2 sel8 flags 470 sz 0x1000 -> kr 0x00000000 rid 119 GPUVA 0x10002490000 cpu 10d814000
[mtlr]   out: 0000010002490000 000000010d814000 000000010ba29940 0000000000000000
[mtlr]   out: 0000007700000000 0000000000004000 00000002c5cc2a46 0000000000369cef
[mtlr] resource2 sel8 flags 470 sz 0x1000 -> kr 0x00000000 rid 119 GPUVA 0x10002490000 cpu 10d814000
[mtlr]   out: 0000010002490000 000000010d814000 000000010ba29940 0000000000000000
[mtlr]   out: 0000007700000000 0000000000004000 00000002c5cc2a47 0000000000369cf0
[mtlr] resource2 sel8 flags 470 sz 0x1000 -> kr 0x00000000 rid 119 GPUVA 0x10002490000 cpu 10d814000
[mtlr]   out: 0000010002490000 000000010d814000 000000010ba29940 0000000000000000
[mtlr]   out: 0000007700000000 0000000000004000 00000002c5cc2a48 0000000000369cf1
[mtlr] resource2 sel8 flags 470 sz 0x1000 -> kr 0x00000000 rid 119 GPUVA 0x10002490000 cpu 10d814000
[mtlr]   out: 0000010002490000 000000010d814000 000000010ba29940 0000000000000000
[mtlr]   out: 0000007700000000 0000000000004000 00000002c5cc2a49 0000000000369cf2
[mtlr] resource2 sel8 flags 470 sz 0x1000 -> kr 0x00000000 rid 119 GPUVA 0x10002490000 cpu 10d814000
[mtlr]   out: 0000010002490000 000000010d814000 000000010ba29940 0000000000000000
[mtlr]   out: 0000007700000000 0000000000004000 00000002c5cc2a4a 0000000000369cf3
[mtlr] resource2 sel8 flags 470 sz 0x1000 -> kr 0x00000000 rid 119 GPUVA 0x10002490000 cpu 10d814000
[mtlr]   out: 0000010002490000 000000010d814000 000000010ba29940 0000000000000000
[mtlr]   out: 0000007700000000 0000000000004000 00000002c5cc2a4b 0000000000369cf4
[mtlr] resource2 sel8 flags 470 sz 0x1000 -> kr 0x00000000 rid 119 GPUVA 0x10002490000 cpu 10d814000
[mtlr]   out: 0000010002490000 000000010d814000 000000010ba29940 0000000000000000
[mtlr]   out: 0000007700000000 0000000000004000 00000002c5cc2a4c 0000000000369cf5
[mtlr] resource2 sel8 flags 470 sz 0x1000 -> kr 0x00000000 rid 119 GPUVA 0x10002490000 cpu 10d814000
[mtlr]   out: 0000010002490000 000000010d814000 000000010ba29940 0000000000000000
[mtlr]   out: 0000007700000000 0000000000004000 00000002c5cc2a4d 0000000000369cf6
[mtlr] resource2 sel8 flags 470 sz 0x1000 -> kr 0x00000000 rid 119 GPUVA 0x10002490000 cpu 10d814000
[mtlr]   out: 0000010002490000 000000010d814000 000000010ba29940 0000000000000000
[mtlr]   out: 0000007700000000 0000000000004000 00000002c5cc2a4e 0000000000369cf7
[mtlr] resource2 sel8 flags 470 sz 0x1000 -> kr 0x00000000 rid 119 GPUVA 0x10002490000 cpu 10d814000
[mtlr]   out: 0000010002490000 000000010d814000 000000010ba29940 0000000000000000
[mtlr]   out: 0000007700000000 0000000000004000 00000002c5cc2a4f 0000000000369cf8
[mtlr] resource2 sel8 flags 470 sz 0x1000 -> kr 0x00000000 rid 119 GPUVA 0x10002490000 cpu 10d814000
[mtlr]   out: 0000010002490000 000000010d814000 000000010ba29940 0000000000000000
[mtlr]   out: 0000007700000000 0000000000004000 00000002c5cc2a50 0000000000369cf9
[mtlr] resource2 sel8 flags 470 sz 0x1000 -> kr 0x00000000 rid 119 GPUVA 0x10002490000 cpu 10d814000
[mtlr]   out: 0000010002490000 000000010d814000 000000010ba29940 0000000000000000
[mtlr]   out: 0000007700000000 0000000000004000 00000002c5cc2a51 0000000000369cfa
[mtlr] resource2 sel8 flags 470 sz 0x1000 -> kr 0x00000000 rid 119 GPUVA 0x10002490000 cpu 10d814000
[mtlr]   out: 0000010002490000 000000010d814000 000000010ba29940 0000000000000000
[mtlr]   out: 0000007700000000 0000000000004000 00000002c5cc2a52 0000000000369cfb
[mtlr] resource2 sel8 flags 470 sz 0x1000 -> kr 0x00000000 rid 119 GPUVA 0x10002490000 cpu 10d814000
[mtlr]   out: 0000010002490000 000000010d814000 000000010ba29940 0000000000000000
[mtlr]   out: 0000007700000000 0000000000004000 00000002c5cc2a53 0000000000369cfc
[mtlr] resource2 sel8 flags 470 sz 0x1000 -> kr 0x00000000 rid 119 GPUVA 0x10002490000 cpu 10d814000
[mtlr]   out: 0000010002490000 000000010d814000 000000010ba29940 0000000000000000
[mtlr]   out: 0000007700000000 0000000000004000 00000002c5cc2a54 0000000000369cfd
[mtlr] resource2 sel8 flags 470 sz 0x1000 -> kr 0x00000000 rid 119 GPUVA 0x10002490000 cpu 10d814000
[mtlr]   out: 0000010002490000 000000010d814000 000000010ba29940 0000000000000000
[mtlr]   out: 0000007700000000 0000000000004000 00000002c5cc2a55 0000000000369cfe
[mtlr] resource2 sel8 flags 470 sz 0x1000 -> kr 0x00000000 rid 119 GPUVA 0x10002490000 cpu 10d814000
[mtlr]   out: 0000010002490000 000000010d814000 000000010ba29940 0000000000000000
[mtlr]   out: 0000007700000000 0000000000004000 00000002c5cc2a56 0000000000369cff
[mtlr] resource2 sel8 flags 470 sz 0x1000 -> kr 0x00000000 rid 119 GPUVA 0x10002490000 cpu 10d814000
[mtlr]   out: 0000010002490000 000000010d814000 000000010ba29940 0000000000000000
[mtlr]   out: 0000007700000000 0000000000004000 00000002c5cc2a57 0000000000369d00
[mtlr] resource2 sel8 flags 470 sz 0x1000 -> kr 0x00000000 rid 119 GPUVA 0x10002490000 cpu 10d814000
[mtlr]   out: 0000010002490000 000000010d814000 000000010ba29940 0000000000000000
[mtlr]   out: 0000007700000000 0000000000004000 00000002c5cc2a58 0000000000369d01
[mtlr] resource2 sel8 flags 470 sz 0x1000 -> kr 0x00000000 rid 119 GPUVA 0x10002490000 cpu 10d814000
[mtlr]   out: 0000010002490000 000000010d814000 000000010ba29940 0000000000000000
[mtlr]   out: 0000007700000000 0000000000004000 00000002c5cc2a59 0000000000369d02
[mtlr] resource2 sel8 flags 470 sz 0x1000 -> kr 0x00000000 rid 119 GPUVA 0x10002490000 cpu 10d814000
[mtlr]   out: 0000010002490000 000000010d814000 000000010ba29940 0000000000000000
[mtlr]   out: 0000007700000000 0000000000004000 00000002c5cc2a5a 0000000000369d03
[mtlr] resource2 sel8 flags 470 sz 0x1000 -> kr 0x00000000 rid 119 GPUVA 0x10002490000 cpu 10d814000
[mtlr]   out: 0000010002490000 000000010d814000 000000010ba29940 0000000000000000
[mtlr]   out: 0000007700000000 0000000000004000 00000002c5cc2a5b 0000000000369d04
[mtlr] resource2 sel8 flags 470 sz 0x1000 -> kr 0x00000000 rid 119 GPUVA 0x10002490000 cpu 10d814000
[mtlr]   out: 0000010002490000 000000010d814000 000000010ba29940 0000000000000000
[mtlr]   out: 0000007700000000 0000000000004000 00000002c5cc2a5c 0000000000369d05
[mtlr] resource2 sel8 flags 470 sz 0x1000 -> kr 0x00000000 rid 119 GPUVA 0x10002490000 cpu 10d814000
[mtlr]   out: 0000010002490000 000000010d814000 000000010ba29940 0000000000000000
[mtlr]   out: 0000007700000000 0000000000004000 00000002c5cc2a5d 0000000000369d06
[uatrec] S4 r15 (+1s): nvv 8 ncb 8 vsz 0x100000 fill 0xfffffff007000000 destroy0 kr 0x00000000 nj 40
[uatrec] S4 r15 blit[0] slots 8 ridp 1
[uatrec] S4 r15 blit[1] slots 8 ridp 1
[uatrec] S4 r15 blit[2] slots 8 ridp 1
[uatrec] S4 r15 blit[3] slots 8 ridp 1
[uatrec] S4 r15 blit[4] slots 8 ridp 1
[uatrec] S4 r15 blit[5] slots 8 ridp 1
[uatrec] S4 r15 blit[6] slots 8 ridp 1
[uatrec] S4 r15 blit[7] slots 8 ridp 1
[mtlr] resource2 sel8 flags 470 sz 0x100000 -> kr 0x00000000 rid 119 GPUVA 0x10002490000 cpu 10d114000
[mtlr]   out: 0000010002490000 000000010d114000 000000010ba29940 0000000000000000
[mtlr]   out: 0000007700000000 0000000000100000 00000002c5cc2a8d 0000000000369d0d
[uatrec] S4 r16 victim[0] rid 119 gpuva 0x10002490000 cpu 0x10d114000 (top-of-stack)
[mtlr] resource2 sel8 flags 470 sz 0x100000 -> kr 0x00000000 rid 120 GPUVA 0x10002598000 cpu 10d214000
[mtlr]   out: 0000010002598000 000000010d214000 000000010ba29a00 0000000000000000
[mtlr]   out: 0000007800000000 0000000000100000 00000002c5cc2a8e 0000000000369d0e
[uatrec] S4 r16 victim[1] rid 120 gpuva 0x10002598000 cpu 0x10d214000 (top-of-stack)
[mtlr] resource2 sel8 flags 470 sz 0x100000 -> kr 0x00000000 rid 121 GPUVA 0x100026a0000 cpu 10d314000
[mtlr]   out: 00000100026a0000 000000010d314000 000000010ba29ac0 0000000000000000
[mtlr]   out: 0000007900000000 0000000000100000 00000002c5cc2a8f 0000000000369d0f
[uatrec] S4 r16 victim[2] rid 121 gpuva 0x100026a0000 cpu 0x10d314000 (top-of-stack)
[mtlr] resource2 sel8 flags 470 sz 0x100000 -> kr 0x00000000 rid 122 GPUVA 0x100027a8000 cpu 10d414000
[mtlr]   out: 00000100027a8000 000000010d414000 000000010ba29b80 0000000000000000
[mtlr]   out: 0000007a00000000 0000000000100000 00000002c5cc2a90 0000000000369d10
[uatrec] S4 r16 victim[3] rid 122 gpuva 0x100027a8000 cpu 0x10d414000 (top-of-stack)
[mtlr] resource2 sel8 flags 470 sz 0x100000 -> kr 0x00000000 rid 123 GPUVA 0x100028b0000 cpu 10d514000
[mtlr]   out: 00000100028b0000 000000010d514000 000000010ba29c40 0000000000000000
[mtlr]   out: 0000007b00000000 0000000000100000 00000002c5cc2a91 0000000000369d11
[uatrec] S4 r16 victim[4] rid 123 gpuva 0x100028b0000 cpu 0x10d514000 (top-of-stack)
[mtlr] resource2 sel8 flags 470 sz 0x100000 -> kr 0x00000000 rid 124 GPUVA 0x100029b8000 cpu 10ce14000
[mtlr]   out: 00000100029b8000 000000010ce14000 000000010ba29d00 0000000000000000
[mtlr]   out: 0000007c00000000 0000000000100000 00000002c5cc2a92 0000000000369d12
[uatrec] S4 r16 victim[5] rid 124 gpuva 0x100029b8000 cpu 0x10ce14000 (top-of-stack)
[mtlr] resource2 sel8 flags 470 sz 0x100000 -> kr 0x00000000 rid 125 GPUVA 0x10002ac0000 cpu 10cf14000
[mtlr]   out: 0000010002ac0000 000000010cf14000 000000010ba29dc0 0000000000000000
[mtlr]   out: 0000007d00000000 0000000000100000 00000002c5cc2a93 0000000000369d13
[uatrec] S4 r16 victim[6] rid 125 gpuva 0x10002ac0000 cpu 0x10cf14000 (top-of-stack)
[mtlr] resource2 sel8 flags 470 sz 0x100000 -> kr 0x00000000 rid 126 GPUVA 0x10002bc8000 cpu 10d014000
[mtlr]   out: 0000010002bc8000 000000010d014000 000000010ba29e80 0000000000000000
[mtlr]   out: 0000007e00000000 0000000000100000 00000002c5cc2a9b 0000000000369d14
[uatrec] S4 r16 victim[7] rid 126 gpuva 0x10002bc8000 cpu 0x10d014000 (top-of-stack)
[mtlr] resource2 sel8 flags 470 sz 0x1000 -> kr 0x00000000 rid 119 GPUVA 0x10002490000 cpu 10d814000
[mtlr]   out: 0000010002490000 000000010d814000 000000010ba29940 0000000000000000
[mtlr]   out: 0000007700000000 0000000000004000 00000002c5cc2ab7 0000000000369d1e
[mtlr] resource2 sel8 flags 470 sz 0x1000 -> kr 0x00000000 rid 119 GPUVA 0x10002490000 cpu 10d814000
[mtlr]   out: 0000010002490000 000000010d814000 000000010ba29940 0000000000000000
[mtlr]   out: 0000007700000000 0000000000004000 00000002c5cc2ab8 0000000000369d1f
[mtlr] resource2 sel8 flags 470 sz 0x1000 -> kr 0x00000000 rid 119 GPUVA 0x10002490000 cpu 10d814000
[mtlr]   out: 0000010002490000 000000010d814000 000000010ba29940 0000000000000000
[mtlr]   out: 0000007700000000 0000000000004000 00000002c5cc2ab9 0000000000369d20
[mtlr] resource2 sel8 flags 470 sz 0x1000 -> kr 0x00000000 rid 119 GPUVA 0x10002490000 cpu 10d814000
[mtlr]   out: 0000010002490000 000000010d814000 000000010ba29940 0000000000000000
[mtlr]   out: 0000007700000000 0000000000004000 00000002c5cc2aba 0000000000369d21
[mtlr] resource2 sel8 flags 470 sz 0x1000 -> kr 0x00000000 rid 119 GPUVA 0x10002490000 cpu 10d814000
[mtlr]   out: 0000010002490000 000000010d814000 000000010ba29940 0000000000000000
[mtlr]   out: 0000007700000000 0000000000004000 00000002c5cc2abb 0000000000369d22
[mtlr] resource2 sel8 flags 470 sz 0x1000 -> kr 0x00000000 rid 119 GPUVA 0x10002490000 cpu 10d814000
[mtlr]   out: 0000010002490000 000000010d814000 000000010ba29940 0000000000000000
[mtlr]   out: 0000007700000000 0000000000004000 00000002c5cc2abc 0000000000369d23
[mtlr] resource2 sel8 flags 470 sz 0x1000 -> kr 0x00000000 rid 119 GPUVA 0x10002490000 cpu 10d814000
[mtlr]   out: 0000010002490000 000000010d814000 000000010ba29940 0000000000000000
[mtlr]   out: 0000007700000000 0000000000004000 00000002c5cc2abd 0000000000369d24
[mtlr] resource2 sel8 flags 470 sz 0x1000 -> kr 0x00000000 rid 119 GPUVA 0x10002490000 cpu 10d814000
[mtlr]   out: 0000010002490000 000000010d814000 000000010ba29940 0000000000000000
[mtlr]   out: 0000007700000000 0000000000004000 00000002c5cc2abe 0000000000369d25
[mtlr] resource2 sel8 flags 470 sz 0x1000 -> kr 0x00000000 rid 119 GPUVA 0x10002490000 cpu 10d814000
[mtlr]   out: 0000010002490000 000000010d814000 000000010ba29940 0000000000000000
[mtlr]   out: 0000007700000000 0000000000004000 00000002c5cc2abf 0000000000369d26
[mtlr] resource2 sel8 flags 470 sz 0x1000 -> kr 0x00000000 rid 119 GPUVA 0x10002490000 cpu 10d814000
[mtlr]   out: 0000010002490000 000000010d814000 000000010ba29940 0000000000000000
[mtlr]   out: 0000007700000000 0000000000004000 00000002c5cc2ac0 0000000000369d27
[mtlr] resource2 sel8 flags 470 sz 0x1000 -> kr 0x00000000 rid 119 GPUVA 0x10002490000 cpu 10d814000
[mtlr]   out: 0000010002490000 000000010d814000 000000010ba29940 0000000000000000
[mtlr]   out: 0000007700000000 0000000000004000 00000002c5cc2ac1 0000000000369d28
[mtlr] resource2 sel8 flags 470 sz 0x1000 -> kr 0x00000000 rid 119 GPUVA 0x10002490000 cpu 10d814000
[mtlr]   out: 0000010002490000 000000010d814000 000000010ba29940 0000000000000000
[mtlr]   out: 0000007700000000 0000000000004000 00000002c5cc2ac2 0000000000369d29
[mtlr] resource2 sel8 flags 470 sz 0x1000 -> kr 0x00000000 rid 119 GPUVA 0x10002490000 cpu 10d814000
[mtlr]   out: 0000010002490000 000000010d814000 000000010ba29940 0000000000000000
[mtlr]   out: 0000007700000000 0000000000004000 00000002c5cc2ac3 0000000000369d2a
[mtlr] resource2 sel8 flags 470 sz 0x1000 -> kr 0x00000000 rid 119 GPUVA 0x10002490000 cpu 10d814000
[mtlr]   out: 0000010002490000 000000010d814000 000000010ba29940 0000000000000000
[mtlr]   out: 0000007700000000 0000000000004000 00000002c5cc2ac4 0000000000369d2b
[mtlr] resource2 sel8 flags 470 sz 0x1000 -> kr 0x00000000 rid 119 GPUVA 0x10002490000 cpu 10d814000
[mtlr]   out: 0000010002490000 000000010d814000 000000010ba29940 0000000000000000
[mtlr]   out: 0000007700000000 0000000000004000 00000002c5cc2ac5 0000000000369d2c
[mtlr] resource2 sel8 flags 470 sz 0x1000 -> kr 0x00000000 rid 119 GPUVA 0x10002490000 cpu 10d814000
[mtlr]   out: 0000010002490000 000000010d814000 000000010ba29940 0000000000000000
[mtlr]   out: 0000007700000000 0000000000004000 00000002c5cc2ac6 0000000000369d2d
[mtlr] resource2 sel8 flags 470 sz 0x1000 -> kr 0x00000000 rid 119 GPUVA 0x10002490000 cpu 10d814000
[mtlr]   out: 0000010002490000 000000010d814000 000000010ba29940 0000000000000000
[mtlr]   out: 0000007700000000 0000000000004000 00000002c5cc2ac7 0000000000369d2e
[mtlr] resource2 sel8 flags 470 sz 0x1000 -> kr 0x00000000 rid 119 GPUVA 0x10002490000 cpu 10d814000
[mtlr]   out: 0000010002490000 000000010d814000 000000010ba29940 0000000000000000
[mtlr]   out: 0000007700000000 0000000000004000 00000002c5cc2ac8 0000000000369d2f
[mtlr] resource2 sel8 flags 470 sz 0x1000 -> kr 0x00000000 rid 119 GPUVA 0x10002490000 cpu 10d814000
[mtlr]   out: 0000010002490000 000000010d814000 000000010ba29940 0000000000000000
[mtlr]   out: 0000007700000000 0000000000004000 00000002c5cc2ac9 0000000000369d30
[mtlr] resource2 sel8 flags 470 sz 0x1000 -> kr 0x00000000 rid 119 GPUVA 0x10002490000 cpu 10d814000
[mtlr]   out: 0000010002490000 000000010d814000 000000010ba29940 0000000000000000
[mtlr]   out: 0000007700000000 0000000000004000 00000002c5cc2aca 0000000000369d31
[mtlr] resource2 sel8 flags 470 sz 0x1000 -> kr 0x00000000 rid 119 GPUVA 0x10002490000 cpu 10d814000
[mtlr]   out: 0000010002490000 000000010d814000 000000010ba29940 0000000000000000
[mtlr]   out: 0000007700000000 0000000000004000 00000002c5cc2acb 0000000000369d32
[mtlr] resource2 sel8 flags 470 sz 0x1000 -> kr 0x00000000 rid 119 GPUVA 0x10002490000 cpu 10d814000
[mtlr]   out: 0000010002490000 000000010d814000 000000010ba29940 0000000000000000
[mtlr]   out: 0000007700000000 0000000000004000 00000002c5cc2acc 0000000000369d33
[mtlr] resource2 sel8 flags 470 sz 0x1000 -> kr 0x00000000 rid 119 GPUVA 0x10002490000 cpu 10d814000
[mtlr]   out: 0000010002490000 000000010d814000 000000010ba29940 0000000000000000
[mtlr]   out: 0000007700000000 0000000000004000 00000002c5cc2acd 0000000000369d34
[mtlr] resource2 sel8 flags 470 sz 0x1000 -> kr 0x00000000 rid 119 GPUVA 0x10002490000 cpu 10d814000
[mtlr]   out: 0000010002490000 000000010d814000 000000010ba29940 0000000000000000
[mtlr]   out: 0000007700000000 0000000000004000 00000002c5cc2ace 0000000000369d35
[mtlr] resource2 sel8 flags 470 sz 0x1000 -> kr 0x00000000 rid 119 GPUVA 0x10002490000 cpu 10d814000
[mtlr]   out: 0000010002490000 000000010d814000 000000010ba29940 0000000000000000
[mtlr]   out: 0000007700000000 0000000000004000 00000002c5cc2acf 0000000000369d36
[mtlr] resource2 sel8 flags 470 sz 0x1000 -> kr 0x00000000 rid 119 GPUVA 0x10002490000 cpu 10d814000
[mtlr]   out: 0000010002490000 000000010d814000 000000010ba29940 0000000000000000
[mtlr]   out: 0000007700000000 0000000000004000 00000002c5cc2ad0 0000000000369d37
[mtlr] resource2 sel8 flags 470 sz 0x1000 -> kr 0x00000000 rid 119 GPUVA 0x10002490000 cpu 10d814000
[mtlr]   out: 0000010002490000 000000010d814000 000000010ba29940 0000000000000000
[mtlr]   out: 0000007700000000 0000000000004000 00000002c5cc2ad1 0000000000369d38
[mtlr] resource2 sel8 flags 470 sz 0x1000 -> kr 0x00000000 rid 119 GPUVA 0x10002490000 cpu 10d814000
[mtlr]   out: 0000010002490000 000000010d814000 000000010ba29940 0000000000000000
[mtlr]   out: 0000007700000000 0000000000004000 00000002c5cc2ad2 0000000000369d39
[mtlr] resource2 sel8 flags 470 sz 0x1000 -> kr 0x00000000 rid 119 GPUVA 0x10002490000 cpu 10d814000
[mtlr]   out: 0000010002490000 000000010d814000 000000010ba29940 0000000000000000
[mtlr]   out: 0000007700000000 0000000000004000 00000002c5cc2ad3 0000000000369d3a
[mtlr] resource2 sel8 flags 470 sz 0x1000 -> kr 0x00000000 rid 119 GPUVA 0x10002490000 cpu 10d814000
[mtlr]   out: 0000010002490000 000000010d814000 000000010ba29940 0000000000000000
[mtlr]   out: 0000007700000000 0000000000004000 00000002c5cc2ad4 0000000000369d3b
[mtlr] resource2 sel8 flags 470 sz 0x1000 -> kr 0x00000000 rid 119 GPUVA 0x10002490000 cpu 10d814000
[mtlr]   out: 0000010002490000 000000010d814000 000000010ba29940 0000000000000000
[mtlr]   out: 0000007700000000 0000000000004000 00000002c5cc2ad5 0000000000369d3c
[mtlr] resource2 sel8 flags 470 sz 0x1000 -> kr 0x00000000 rid 119 GPUVA 0x10002490000 cpu 10d814000
[mtlr]   out: 0000010002490000 000000010d814000 000000010ba29940 0000000000000000
[mtlr]   out: 0000007700000000 0000000000004000 00000002c5cc2ad6 0000000000369d3d
[mtlr] resource2 sel8 flags 470 sz 0x1000 -> kr 0x00000000 rid 119 GPUVA 0x10002490000 cpu 10d814000
[mtlr]   out: 0000010002490000 000000010d814000 000000010ba29940 0000000000000000
[mtlr]   out: 0000007700000000 0000000000004000 00000002c5cc2ad7 0000000000369d3e
[mtlr] resource2 sel8 flags 470 sz 0x1000 -> kr 0x00000000 rid 119 GPUVA 0x10002490000 cpu 10d814000
[mtlr]   out: 0000010002490000 000000010d814000 000000010ba29940 0000000000000000
[mtlr]   out: 0000007700000000 0000000000004000 00000002c5cc2ad8 0000000000369d3f
[mtlr] resource2 sel8 flags 470 sz 0x1000 -> kr 0x00000000 rid 119 GPUVA 0x10002490000 cpu 10d814000
[mtlr]   out: 0000010002490000 000000010d814000 000000010ba29940 0000000000000000
[mtlr]   out: 0000007700000000 0000000000004000 00000002c5cc2ad9 0000000000369d40
[mtlr] resource2 sel8 flags 470 sz 0x1000 -> kr 0x00000000 rid 119 GPUVA 0x10002490000 cpu 10d814000
[mtlr]   out: 0000010002490000 000000010d814000 000000010ba29940 0000000000000000
[mtlr]   out: 0000007700000000 0000000000004000 00000002c5cc2ada 0000000000369d41
[mtlr] resource2 sel8 flags 470 sz 0x1000 -> kr 0x00000000 rid 119 GPUVA 0x10002490000 cpu 10d814000
[mtlr]   out: 0000010002490000 000000010d814000 000000010ba29940 0000000000000000
[mtlr]   out: 0000007700000000 0000000000004000 00000002c5cc2adb 0000000000369d42
[mtlr] resource2 sel8 flags 470 sz 0x1000 -> kr 0x00000000 rid 119 GPUVA 0x10002490000 cpu 10d814000
[mtlr]   out: 0000010002490000 000000010d814000 000000010ba29940 0000000000000000
[mtlr]   out: 0000007700000000 0000000000004000 00000002c5cc2adc 0000000000369d43
[mtlr] resource2 sel8 flags 470 sz 0x1000 -> kr 0x00000000 rid 119 GPUVA 0x10002490000 cpu 10d814000
[mtlr]   out: 0000010002490000 000000010d814000 000000010ba29940 0000000000000000
[mtlr]   out: 0000007700000000 0000000000004000 00000002c5cc2add 0000000000369d44
[mtlr] resource2 sel8 flags 470 sz 0x1000 -> kr 0x00000000 rid 119 GPUVA 0x10002490000 cpu 10d814000
[mtlr]   out: 0000010002490000 000000010d814000 000000010ba29940 0000000000000000
[mtlr]   out: 0000007700000000 0000000000004000 00000002c5cc2ade 0000000000369d45
[uatrec] S4 r16 (+1s): nvv 8 ncb 8 vsz 0x100000 fill 0xfffffff007000000 destroy0 kr 0x00000000 nj 40
[uatrec] S4 r16 blit[0] slots 8 ridp 1
[uatrec] S4 r16 blit[1] slots 8 ridp 1
[uatrec] S4 r16 blit[2] slots 8 ridp 1
[uatrec] S4 r16 blit[3] slots 8 ridp 1
[uatrec] S4 r16 blit[4] slots 8 ridp 1
[uatrec] S4 r16 blit[5] slots 8 ridp 1
[uatrec] S4 r16 blit[6] slots 8 ridp 1
[uatrec] S4 r16 blit[7] slots 8 ridp 1
[mtlr] resource2 sel8 flags 470 sz 0x100000 -> kr 0x00000000 rid 119 GPUVA 0x10002490000 cpu 10ce14000
[mtlr]   out: 0000010002490000 000000010ce14000 000000010ba29940 0000000000000000
[mtlr]   out: 0000007700000000 0000000000100000 00000002c5cc2b0a 0000000000369d48
[uatrec] S4 r17 victim[0] rid 119 gpuva 0x10002490000 cpu 0x10ce14000 (top-of-stack)
[mtlr] resource2 sel8 flags 470 sz 0x100000 -> kr 0x00000000 rid 120 GPUVA 0x10002598000 cpu 10cf14000
[mtlr]   out: 0000010002598000 000000010cf14000 000000010ba29a00 0000000000000000
[mtlr]   out: 0000007800000000 0000000000100000 00000002c5cc2b0b 0000000000369d49
[uatrec] S4 r17 victim[1] rid 120 gpuva 0x10002598000 cpu 0x10cf14000 (top-of-stack)
[mtlr] resource2 sel8 flags 470 sz 0x100000 -> kr 0x00000000 rid 121 GPUVA 0x100026a0000 cpu 10d014000
[mtlr]   out: 00000100026a0000 000000010d014000 000000010ba29ac0 0000000000000000
[mtlr]   out: 0000007900000000 0000000000100000 00000002c5cc2b0c 0000000000369d4a
[uatrec] S4 r17 victim[2] rid 121 gpuva 0x100026a0000 cpu 0x10d014000 (top-of-stack)
[mtlr] resource2 sel8 flags 470 sz 0x100000 -> kr 0x00000000 rid 122 GPUVA 0x100027a8000 cpu 10d114000
[mtlr]   out: 00000100027a8000 000000010d114000 000000010ba29b80 0000000000000000
[mtlr]   out: 0000007a00000000 0000000000100000 00000002c5cc2b0d 0000000000369d4b
[uatrec] S4 r17 victim[3] rid 122 gpuva 0x100027a8000 cpu 0x10d114000 (top-of-stack)
[mtlr] resource2 sel8 flags 470 sz 0x100000 -> kr 0x00000000 rid 123 GPUVA 0x100028b0000 cpu 10d214000
[mtlr]   out: 00000100028b0000 000000010d214000 000000010ba29c40 0000000000000000
[mtlr]   out: 0000007b00000000 0000000000100000 00000002c5cc2b0e 0000000000369d4c
[uatrec] S4 r17 victim[4] rid 123 gpuva 0x100028b0000 cpu 0x10d214000 (top-of-stack)
[mtlr] resource2 sel8 flags 470 sz 0x100000 -> kr 0x00000000 rid 124 GPUVA 0x100029b8000 cpu 10d314000
[mtlr]   out: 00000100029b8000 000000010d314000 000000010ba29d00 0000000000000000
[mtlr]   out: 0000007c00000000 0000000000100000 00000002c5cc2b16 0000000000369d4d
[uatrec] S4 r17 victim[5] rid 124 gpuva 0x100029b8000 cpu 0x10d314000 (top-of-stack)
[mtlr] resource2 sel8 flags 470 sz 0x100000 -> kr 0x00000000 rid 125 GPUVA 0x10002ac0000 cpu 10d414000
[mtlr]   out: 0000010002ac0000 000000010d414000 000000010ba29dc0 0000000000000000
[mtlr]   out: 0000007d00000000 0000000000100000 00000002c5cc2b17 0000000000369d4e
[uatrec] S4 r17 victim[6] rid 125 gpuva 0x10002ac0000 cpu 0x10d414000 (top-of-stack)
[mtlr] resource2 sel8 flags 470 sz 0x100000 -> kr 0x00000000 rid 126 GPUVA 0x10002bc8000 cpu 10d514000
[mtlr]   out: 0000010002bc8000 000000010d514000 000000010ba29e80 0000000000000000
[mtlr]   out: 0000007e00000000 0000000000100000 00000002c5cc2b18 0000000000369d4f
[uatrec] S4 r17 victim[7] rid 126 gpuva 0x10002bc8000 cpu 0x10d514000 (top-of-stack)
[mtlr] resource2 sel8 flags 470 sz 0x1000 -> kr 0x00000000 rid 119 GPUVA 0x10002490000 cpu 10d814000
[mtlr]   out: 0000010002490000 000000010d814000 000000010ba29940 0000000000000000
[mtlr]   out: 0000007700000000 0000000000004000 00000002c5cc2b34 0000000000369d59
[mtlr] resource2 sel8 flags 470 sz 0x1000 -> kr 0x00000000 rid 119 GPUVA 0x10002490000 cpu 10d814000
[mtlr]   out: 0000010002490000 000000010d814000 000000010ba29940 0000000000000000
[mtlr]   out: 0000007700000000 0000000000004000 00000002c5cc2b35 0000000000369d5a
[mtlr] resource2 sel8 flags 470 sz 0x1000 -> kr 0x00000000 rid 119 GPUVA 0x10002490000 cpu 10d814000
[mtlr]   out: 0000010002490000 000000010d814000 000000010ba29940 0000000000000000
[mtlr]   out: 0000007700000000 0000000000004000 00000002c5cc2b36 0000000000369d5b
[mtlr] resource2 sel8 flags 470 sz 0x1000 -> kr 0x00000000 rid 119 GPUVA 0x10002490000 cpu 10d814000
[mtlr]   out: 0000010002490000 000000010d814000 000000010ba29940 0000000000000000
[mtlr]   out: 0000007700000000 0000000000004000 00000002c5cc2b37 0000000000369d5c
[mtlr] resource2 sel8 flags 470 sz 0x1000 -> kr 0x00000000 rid 119 GPUVA 0x10002490000 cpu 10d814000
[mtlr]   out: 0000010002490000 000000010d814000 000000010ba29940 0000000000000000
[mtlr]   out: 0000007700000000 0000000000004000 00000002c5cc2b38 0000000000369d5d
[mtlr] resource2 sel8 flags 470 sz 0x1000 -> kr 0x00000000 rid 119 GPUVA 0x10002490000 cpu 10d814000
[mtlr]   out: 0000010002490000 000000010d814000 000000010ba29940 0000000000000000
[mtlr]   out: 0000007700000000 0000000000004000 00000002c5cc2b39 0000000000369d5e
[mtlr] resource2 sel8 flags 470 sz 0x1000 -> kr 0x00000000 rid 119 GPUVA 0x10002490000 cpu 10d814000
[mtlr]   out: 0000010002490000 000000010d814000 000000010ba29940 0000000000000000
[mtlr]   out: 0000007700000000 0000000000004000 00000002c5cc2b3a 0000000000369d5f
[mtlr] resource2 sel8 flags 470 sz 0x1000 -> kr 0x00000000 rid 119 GPUVA 0x10002490000 cpu 10d814000
[mtlr]   out: 0000010002490000 000000010d814000 000000010ba29940 0000000000000000
[mtlr]   out: 0000007700000000 0000000000004000 00000002c5cc2b3b 0000000000369d60
[mtlr] resource2 sel8 flags 470 sz 0x1000 -> kr 0x00000000 rid 119 GPUVA 0x10002490000 cpu 10d814000
[mtlr]   out: 0000010002490000 000000010d814000 000000010ba29940 0000000000000000
[mtlr]   out: 0000007700000000 0000000000004000 00000002c5cc2b3c 0000000000369d61
[mtlr] resource2 sel8 flags 470 sz 0x1000 -> kr 0x00000000 rid 119 GPUVA 0x10002490000 cpu 10d814000
[mtlr]   out: 0000010002490000 000000010d814000 000000010ba29940 0000000000000000
[mtlr]   out: 0000007700000000 0000000000004000 00000002c5cc2b3d 0000000000369d62
[mtlr] resource2 sel8 flags 470 sz 0x1000 -> kr 0x00000000 rid 119 GPUVA 0x10002490000 cpu 10d814000
[mtlr]   out: 0000010002490000 000000010d814000 000000010ba29940 0000000000000000
[mtlr]   out: 0000007700000000 0000000000004000 00000002c5cc2b3e 0000000000369d63
[mtlr] resource2 sel8 flags 470 sz 0x1000 -> kr 0x00000000 rid 119 GPUVA 0x10002490000 cpu 10d814000
[mtlr]   out: 0000010002490000 000000010d814000 000000010ba29940 0000000000000000
[mtlr]   out: 0000007700000000 0000000000004000 00000002c5cc2b3f 0000000000369d64
[mtlr] resource2 sel8 flags 470 sz 0x1000 -> kr 0x00000000 rid 119 GPUVA 0x10002490000 cpu 10d814000
[mtlr]   out: 0000010002490000 000000010d814000 000000010ba29940 0000000000000000
[mtlr]   out: 0000007700000000 0000000000004000 00000002c5cc2b40 0000000000369d65
[mtlr] resource2 sel8 flags 470 sz 0x1000 -> kr 0x00000000 rid 119 GPUVA 0x10002490000 cpu 10d814000
[mtlr]   out: 0000010002490000 000000010d814000 000000010ba29940 0000000000000000
[mtlr]   out: 0000007700000000 0000000000004000 00000002c5cc2b41 0000000000369d66
[mtlr] resource2 sel8 flags 470 sz 0x1000 -> kr 0x00000000 rid 119 GPUVA 0x10002490000 cpu 10d814000
[mtlr]   out: 0000010002490000 000000010d814000 000000010ba29940 0000000000000000
[mtlr]   out: 0000007700000000 0000000000004000 00000002c5cc2b42 0000000000369d67
[mtlr] resource2 sel8 flags 470 sz 0x1000 -> kr 0x00000000 rid 119 GPUVA 0x10002490000 cpu 10d814000
[mtlr]   out: 0000010002490000 000000010d814000 000000010ba29940 0000000000000000
[mtlr]   out: 0000007700000000 0000000000004000 00000002c5cc2b43 0000000000369d68
[mtlr] resource2 sel8 flags 470 sz 0x1000 -> kr 0x00000000 rid 119 GPUVA 0x10002490000 cpu 10d814000
[mtlr]   out: 0000010002490000 000000010d814000 000000010ba29940 0000000000000000
[mtlr]   out: 0000007700000000 0000000000004000 00000002c5cc2b44 0000000000369d69
[mtlr] resource2 sel8 flags 470 sz 0x1000 -> kr 0x00000000 rid 119 GPUVA 0x10002490000 cpu 10d814000
[mtlr]   out: 0000010002490000 000000010d814000 000000010ba29940 0000000000000000
[mtlr]   out: 0000007700000000 0000000000004000 00000002c5cc2b45 0000000000369d6a
[mtlr] resource2 sel8 flags 470 sz 0x1000 -> kr 0x00000000 rid 119 GPUVA 0x10002490000 cpu 10d814000
[mtlr]   out: 0000010002490000 000000010d814000 000000010ba29940 0000000000000000
[mtlr]   out: 0000007700000000 0000000000004000 00000002c5cc2b46 0000000000369d6b
[mtlr] resource2 sel8 flags 470 sz 0x1000 -> kr 0x00000000 rid 119 GPUVA 0x10002490000 cpu 10d814000
[mtlr]   out: 0000010002490000 000000010d814000 000000010ba29940 0000000000000000
[mtlr]   out: 0000007700000000 0000000000004000 00000002c5cc2b47 0000000000369d6c
[mtlr] resource2 sel8 flags 470 sz 0x1000 -> kr 0x00000000 rid 119 GPUVA 0x10002490000 cpu 10d814000
[mtlr]   out: 0000010002490000 000000010d814000 000000010ba29940 0000000000000000
[mtlr]   out: 0000007700000000 0000000000004000 00000002c5cc2b48 0000000000369d6d
[mtlr] resource2 sel8 flags 470 sz 0x1000 -> kr 0x00000000 rid 119 GPUVA 0x10002490000 cpu 10d814000
[mtlr]   out: 0000010002490000 000000010d814000 000000010ba29940 0000000000000000
[mtlr]   out: 0000007700000000 0000000000004000 00000002c5cc2b49 0000000000369d6e
[mtlr] resource2 sel8 flags 470 sz 0x1000 -> kr 0x00000000 rid 119 GPUVA 0x10002490000 cpu 10d814000
[mtlr]   out: 0000010002490000 000000010d814000 000000010ba29940 0000000000000000
[mtlr]   out: 0000007700000000 0000000000004000 00000002c5cc2b4a 0000000000369d6f
[mtlr] resource2 sel8 flags 470 sz 0x1000 -> kr 0x00000000 rid 119 GPUVA 0x10002490000 cpu 10d814000
[mtlr]   out: 0000010002490000 000000010d814000 000000010ba29940 0000000000000000
[mtlr]   out: 0000007700000000 0000000000004000 00000002c5cc2b4b 0000000000369d70
[mtlr] resource2 sel8 flags 470 sz 0x1000 -> kr 0x00000000 rid 119 GPUVA 0x10002490000 cpu 10d814000
[mtlr]   out: 0000010002490000 000000010d814000 000000010ba29940 0000000000000000
[mtlr]   out: 0000007700000000 0000000000004000 00000002c5cc2b4c 0000000000369d71
[mtlr] resource2 sel8 flags 470 sz 0x1000 -> kr 0x00000000 rid 119 GPUVA 0x10002490000 cpu 10d814000
[mtlr]   out: 0000010002490000 000000010d814000 000000010ba29940 0000000000000000
[mtlr]   out: 0000007700000000 0000000000004000 00000002c5cc2b4d 0000000000369d72
[mtlr] resource2 sel8 flags 470 sz 0x1000 -> kr 0x00000000 rid 119 GPUVA 0x10002490000 cpu 10d814000
[mtlr]   out: 0000010002490000 000000010d814000 000000010ba29940 0000000000000000
[mtlr]   out: 0000007700000000 0000000000004000 00000002c5cc2b4e 0000000000369d73
[mtlr] resource2 sel8 flags 470 sz 0x1000 -> kr 0x00000000 rid 119 GPUVA 0x10002490000 cpu 10d814000
[mtlr]   out: 0000010002490000 000000010d814000 000000010ba29940 0000000000000000
[mtlr]   out: 0000007700000000 0000000000004000 00000002c5cc2b4f 0000000000369d74
[mtlr] resource2 sel8 flags 470 sz 0x1000 -> kr 0x00000000 rid 119 GPUVA 0x10002490000 cpu 10d814000
[mtlr]   out: 0000010002490000 000000010d814000 000000010ba29940 0000000000000000
[mtlr]   out: 0000007700000000 0000000000004000 00000002c5cc2b50 0000000000369d75
[mtlr] resource2 sel8 flags 470 sz 0x1000 -> kr 0x00000000 rid 119 GPUVA 0x10002490000 cpu 10d814000
[mtlr]   out: 0000010002490000 000000010d814000 000000010ba29940 0000000000000000
[mtlr]   out: 0000007700000000 0000000000004000 00000002c5cc2b51 0000000000369d76
[mtlr] resource2 sel8 flags 470 sz 0x1000 -> kr 0x00000000 rid 119 GPUVA 0x10002490000 cpu 10d814000
[mtlr]   out: 0000010002490000 000000010d814000 000000010ba29940 0000000000000000
[mtlr]   out: 0000007700000000 0000000000004000 00000002c5cc2b52 0000000000369d77
[mtlr] resource2 sel8 flags 470 sz 0x1000 -> kr 0x00000000 rid 119 GPUVA 0x10002490000 cpu 10d814000
[mtlr]   out: 0000010002490000 000000010d814000 000000010ba29940 0000000000000000
[mtlr]   out: 0000007700000000 0000000000004000 00000002c5cc2b53 0000000000369d78
[mtlr] resource2 sel8 flags 470 sz 0x1000 -> kr 0x00000000 rid 119 GPUVA 0x10002490000 cpu 10d814000
[mtlr]   out: 0000010002490000 000000010d814000 000000010ba29940 0000000000000000
[mtlr]   out: 0000007700000000 0000000000004000 00000002c5cc2b54 0000000000369d79
[mtlr] resource2 sel8 flags 470 sz 0x1000 -> kr 0x00000000 rid 119 GPUVA 0x10002490000 cpu 10d814000
[mtlr]   out: 0000010002490000 000000010d814000 000000010ba29940 0000000000000000
[mtlr]   out: 0000007700000000 0000000000004000 00000002c5cc2b55 0000000000369d7a
[mtlr] resource2 sel8 flags 470 sz 0x1000 -> kr 0x00000000 rid 119 GPUVA 0x10002490000 cpu 10d814000
[mtlr]   out: 0000010002490000 000000010d814000 000000010ba29940 0000000000000000
[mtlr]   out: 0000007700000000 0000000000004000 00000002c5cc2b56 0000000000369d7b
[mtlr] resource2 sel8 flags 470 sz 0x1000 -> kr 0x00000000 rid 119 GPUVA 0x10002490000 cpu 10d814000
[mtlr]   out: 0000010002490000 000000010d814000 000000010ba29940 0000000000000000
[mtlr]   out: 0000007700000000 0000000000004000 00000002c5cc2b57 0000000000369d7c
[mtlr] resource2 sel8 flags 470 sz 0x1000 -> kr 0x00000000 rid 119 GPUVA 0x10002490000 cpu 10d814000
[mtlr]   out: 0000010002490000 000000010d814000 000000010ba29940 0000000000000000
[mtlr]   out: 0000007700000000 0000000000004000 00000002c5cc2b58 0000000000369d7d
[mtlr] resource2 sel8 flags 470 sz 0x1000 -> kr 0x00000000 rid 119 GPUVA 0x10002490000 cpu 10d814000
[mtlr]   out: 0000010002490000 000000010d814000 000000010ba29940 0000000000000000
[mtlr]   out: 0000007700000000 0000000000004000 00000002c5cc2b59 0000000000369d7e
[mtlr] resource2 sel8 flags 470 sz 0x1000 -> kr 0x00000000 rid 119 GPUVA 0x10002490000 cpu 10d814000
[mtlr]   out: 0000010002490000 000000010d814000 000000010ba29940 0000000000000000
[mtlr]   out: 0000007700000000 0000000000004000 00000002c5cc2b5a 0000000000369d7f
[mtlr] resource2 sel8 flags 470 sz 0x1000 -> kr 0x00000000 rid 119 GPUVA 0x10002490000 cpu 10d814000
[mtlr]   out: 0000010002490000 000000010d814000 000000010ba29940 0000000000000000
[mtlr]   out: 0000007700000000 0000000000004000 00000002c5cc2b5b 0000000000369d80
[uatrec] S4 r17 (+1s): nvv 8 ncb 8 vsz 0x100000 fill 0xfffffff007000000 destroy0 kr 0x00000000 nj 40
[uatrec] S4 r17 blit[0] slots 8 ridp 1
[uatrec] S4 r17 blit[1] slots 8 ridp 1
[uatrec] S4 r17 blit[2] slots 8 ridp 1
[uatrec] S4 r17 blit[3] slots 8 ridp 1
[uatrec] S4 r17 blit[4] slots 8 ridp 1
[uatrec] S4 r17 blit[5] slots 8 ridp 1
[uatrec] S4 r17 blit[6] slots 8 ridp 1
[uatrec] S4 r17 blit[7] slots 8 ridp 1
[mtlr] resource2 sel8 flags 470 sz 0x100000 -> kr 0x00000000 rid 119 GPUVA 0x10002490000 cpu 10d714000
[mtlr]   out: 0000010002490000 000000010d714000 000000010ba29940 0000000000000000
[mtlr]   out: 0000007700000000 0000000000100000 00000002c5cc2b88 0000000000369d83
[uatrec] S4 r18 victim[0] rid 119 gpuva 0x10002490000 cpu 0x10d714000 (top-of-stack)
[mtlr] resource2 sel8 flags 470 sz 0x100000 -> kr 0x00000000 rid 120 GPUVA 0x10002598000 cpu 10d974000
[mtlr]   out: 0000010002598000 000000010d974000 000000010ba29a00 0000000000000000
[mtlr]   out: 0000007800000000 0000000000100000 00000002c5cc2b89 0000000000369d84
[uatrec] S4 r18 victim[1] rid 120 gpuva 0x10002598000 cpu 0x10d974000 (top-of-stack)
[mtlr] resource2 sel8 flags 470 sz 0x100000 -> kr 0x00000000 rid 121 GPUVA 0x100026a0000 cpu 10dae4000
[mtlr]   out: 00000100026a0000 000000010dae4000 000000010ba29ac0 0000000000000000
[mtlr]   out: 0000007900000000 0000000000100000 00000002c5cc2b8a 0000000000369d85
[uatrec] S4 r18 victim[2] rid 121 gpuva 0x100026a0000 cpu 0x10dae4000 (top-of-stack)
[mtlr] resource2 sel8 flags 470 sz 0x100000 -> kr 0x00000000 rid 122 GPUVA 0x100027a8000 cpu 10dc54000
[mtlr]   out: 00000100027a8000 000000010dc54000 000000010ba29b80 0000000000000000
[mtlr]   out: 0000007a00000000 0000000000100000 00000002c5cc2b8b 0000000000369d86
[uatrec] S4 r18 victim[3] rid 122 gpuva 0x100027a8000 cpu 0x10dc54000 (top-of-stack)
[mtlr] resource2 sel8 flags 470 sz 0x100000 -> kr 0x00000000 rid 123 GPUVA 0x100028b0000 cpu 10de0c000
[mtlr]   out: 00000100028b0000 000000010de0c000 000000010ba29c40 0000000000000000
[mtlr]   out: 0000007b00000000 0000000000100000 00000002c5cc2b8c 0000000000369d87
[uatrec] S4 r18 victim[4] rid 123 gpuva 0x100028b0000 cpu 0x10de0c000 (top-of-stack)
[mtlr] resource2 sel8 flags 470 sz 0x100000 -> kr 0x00000000 rid 124 GPUVA 0x100029b8000 cpu 10df0c000
[mtlr]   out: 00000100029b8000 000000010df0c000 000000010ba29d00 0000000000000000
[mtlr]   out: 0000007c00000000 0000000000100000 00000002c5cc2b8d 0000000000369d88
[uatrec] S4 r18 victim[5] rid 124 gpuva 0x100029b8000 cpu 0x10df0c000 (top-of-stack)
[mtlr] resource2 sel8 flags 470 sz 0x100000 -> kr 0x00000000 rid 125 GPUVA 0x10002ac0000 cpu 10ce14000
[mtlr]   out: 0000010002ac0000 000000010ce14000 000000010ba29dc0 0000000000000000
[mtlr]   out: 0000007d00000000 0000000000100000 00000002c5cc2b8e 0000000000369d89
[uatrec] S4 r18 victim[6] rid 125 gpuva 0x10002ac0000 cpu 0x10ce14000 (top-of-stack)
[mtlr] resource2 sel8 flags 470 sz 0x100000 -> kr 0x00000000 rid 126 GPUVA 0x10002bc8000 cpu 10cf14000
[mtlr]   out: 0000010002bc8000 000000010cf14000 000000010ba29e80 0000000000000000
[mtlr]   out: 0000007e00000000 0000000000100000 00000002c5cc2b8f 0000000000369d8a
[uatrec] S4 r18 victim[7] rid 126 gpuva 0x10002bc8000 cpu 0x10cf14000 (top-of-stack)
[mtlr] resource2 sel8 flags 470 sz 0x1000 -> kr 0x00000000 rid 119 GPUVA 0x10002490000 cpu 10d814000
[mtlr]   out: 0000010002490000 000000010d814000 000000010ba29940 0000000000000000
[mtlr]   out: 0000007700000000 0000000000004000 00000002c5cc2bb2 0000000000369d94
[mtlr] resource2 sel8 flags 470 sz 0x1000 -> kr 0x00000000 rid 119 GPUVA 0x10002490000 cpu 10d814000
[mtlr]   out: 0000010002490000 000000010d814000 000000010ba29940 0000000000000000
[mtlr]   out: 0000007700000000 0000000000004000 00000002c5cc2bb3 0000000000369d95
[mtlr] resource2 sel8 flags 470 sz 0x1000 -> kr 0x00000000 rid 119 GPUVA 0x10002490000 cpu 10d814000
[mtlr]   out: 0000010002490000 000000010d814000 000000010ba29940 0000000000000000
[mtlr]   out: 0000007700000000 0000000000004000 00000002c5cc2bb4 0000000000369d96
[mtlr] resource2 sel8 flags 470 sz 0x1000 -> kr 0x00000000 rid 119 GPUVA 0x10002490000 cpu 10d814000
[mtlr]   out: 0000010002490000 000000010d814000 000000010ba29940 0000000000000000
[mtlr]   out: 0000007700000000 0000000000004000 00000002c5cc2bb5 0000000000369d97
[mtlr] resource2 sel8 flags 470 sz 0x1000 -> kr 0x00000000 rid 119 GPUVA 0x10002490000 cpu 10d814000
[mtlr]   out: 0000010002490000 000000010d814000 000000010ba29940 0000000000000000
[mtlr]   out: 0000007700000000 0000000000004000 00000002c5cc2bb6 0000000000369d98
[mtlr] resource2 sel8 flags 470 sz 0x1000 -> kr 0x00000000 rid 119 GPUVA 0x10002490000 cpu 10d814000
[mtlr]   out: 0000010002490000 000000010d814000 000000010ba29940 0000000000000000
[mtlr]   out: 0000007700000000 0000000000004000 00000002c5cc2bb7 0000000000369d99
[mtlr] resource2 sel8 flags 470 sz 0x1000 -> kr 0x00000000 rid 119 GPUVA 0x10002490000 cpu 10d814000
[mtlr]   out: 0000010002490000 000000010d814000 000000010ba29940 0000000000000000
[mtlr]   out: 0000007700000000 0000000000004000 00000002c5cc2bb8 0000000000369d9a
[mtlr] resource2 sel8 flags 470 sz 0x1000 -> kr 0x00000000 rid 119 GPUVA 0x10002490000 cpu 10d814000
[mtlr]   out: 0000010002490000 000000010d814000 000000010ba29940 0000000000000000
[mtlr]   out: 0000007700000000 0000000000004000 00000002c5cc2bb9 0000000000369d9b
[mtlr] resource2 sel8 flags 470 sz 0x1000 -> kr 0x00000000 rid 119 GPUVA 0x10002490000 cpu 10d814000
[mtlr]   out: 0000010002490000 000000010d814000 000000010ba29940 0000000000000000
[mtlr]   out: 0000007700000000 0000000000004000 00000002c5cc2bba 0000000000369d9c
[mtlr] resource2 sel8 flags 470 sz 0x1000 -> kr 0x00000000 rid 119 GPUVA 0x10002490000 cpu 10d814000
[mtlr]   out: 0000010002490000 000000010d814000 000000010ba29940 0000000000000000
[mtlr]   out: 0000007700000000 0000000000004000 00000002c5cc2bbb 0000000000369d9d
[mtlr] resource2 sel8 flags 470 sz 0x1000 -> kr 0x00000000 rid 119 GPUVA 0x10002490000 cpu 10d814000
[mtlr]   out: 0000010002490000 000000010d814000 000000010ba29940 0000000000000000
[mtlr]   out: 0000007700000000 0000000000004000 00000002c5cc2bbc 0000000000369d9e
[mtlr] resource2 sel8 flags 470 sz 0x1000 -> kr 0x00000000 rid 119 GPUVA 0x10002490000 cpu 10d814000
[mtlr]   out: 0000010002490000 000000010d814000 000000010ba29940 0000000000000000
[mtlr]   out: 0000007700000000 0000000000004000 00000002c5cc2bbd 0000000000369d9f
[mtlr] resource2 sel8 flags 470 sz 0x1000 -> kr 0x00000000 rid 119 GPUVA 0x10002490000 cpu 10d814000
[mtlr]   out: 0000010002490000 000000010d814000 000000010ba29940 0000000000000000
[mtlr]   out: 0000007700000000 0000000000004000 00000002c5cc2bbe 0000000000369da0
[mtlr] resource2 sel8 flags 470 sz 0x1000 -> kr 0x00000000 rid 119 GPUVA 0x10002490000 cpu 10d814000
[mtlr]   out: 0000010002490000 000000010d814000 000000010ba29940 0000000000000000
[mtlr]   out: 0000007700000000 0000000000004000 00000002c5cc2bbf 0000000000369da1
[mtlr] resource2 sel8 flags 470 sz 0x1000 -> kr 0x00000000 rid 119 GPUVA 0x10002490000 cpu 10d814000
[mtlr]   out: 0000010002490000 000000010d814000 000000010ba29940 0000000000000000
[mtlr]   out: 0000007700000000 0000000000004000 00000002c5cc2bc0 0000000000369da2
[mtlr] resource2 sel8 flags 470 sz 0x1000 -> kr 0x00000000 rid 119 GPUVA 0x10002490000 cpu 10d814000
[mtlr]   out: 0000010002490000 000000010d814000 000000010ba29940 0000000000000000
[mtlr]   out: 0000007700000000 0000000000004000 00000002c5cc2bc1 0000000000369da3
[mtlr] resource2 sel8 flags 470 sz 0x1000 -> kr 0x00000000 rid 119 GPUVA 0x10002490000 cpu 10d814000
[mtlr]   out: 0000010002490000 000000010d814000 000000010ba29940 0000000000000000
[mtlr]   out: 0000007700000000 0000000000004000 00000002c5cc2bc2 0000000000369da4
[mtlr] resource2 sel8 flags 470 sz 0x1000 -> kr 0x00000000 rid 119 GPUVA 0x10002490000 cpu 10d814000
[mtlr]   out: 0000010002490000 000000010d814000 000000010ba29940 0000000000000000
[mtlr]   out: 0000007700000000 0000000000004000 00000002c5cc2bc3 0000000000369da5
[mtlr] resource2 sel8 flags 470 sz 0x1000 -> kr 0x00000000 rid 119 GPUVA 0x10002490000 cpu 10d814000
[mtlr]   out: 0000010002490000 000000010d814000 000000010ba29940 0000000000000000
[mtlr]   out: 0000007700000000 0000000000004000 00000002c5cc2bc4 0000000000369da6
[mtlr] resource2 sel8 flags 470 sz 0x1000 -> kr 0x00000000 rid 119 GPUVA 0x10002490000 cpu 10d814000
[mtlr]   out: 0000010002490000 000000010d814000 000000010ba29940 0000000000000000
[mtlr]   out: 0000007700000000 0000000000004000 00000002c5cc2bc5 0000000000369da7
[mtlr] resource2 sel8 flags 470 sz 0x1000 -> kr 0x00000000 rid 119 GPUVA 0x10002490000 cpu 10d814000
[mtlr]   out: 0000010002490000 000000010d814000 000000010ba29940 0000000000000000
[mtlr]   out: 0000007700000000 0000000000004000 00000002c5cc2bc6 0000000000369da8
[mtlr] resource2 sel8 flags 470 sz 0x1000 -> kr 0x00000000 rid 119 GPUVA 0x10002490000 cpu 10d814000
[mtlr]   out: 0000010002490000 000000010d814000 000000010ba29940 0000000000000000
[mtlr]   out: 0000007700000000 0000000000004000 00000002c5cc2bc7 0000000000369da9
[mtlr] resource2 sel8 flags 470 sz 0x1000 -> kr 0x00000000 rid 119 GPUVA 0x10002490000 cpu 10d814000
[mtlr]   out: 0000010002490000 000000010d814000 000000010ba29940 0000000000000000
[mtlr]   out: 0000007700000000 0000000000004000 00000002c5cc2bc8 0000000000369daa
[mtlr] resource2 sel8 flags 470 sz 0x1000 -> kr 0x00000000 rid 119 GPUVA 0x10002490000 cpu 10d814000
[mtlr]   out: 0000010002490000 000000010d814000 000000010ba29940 0000000000000000
[mtlr]   out: 0000007700000000 0000000000004000 00000002c5cc2bc9 0000000000369dab
[mtlr] resource2 sel8 flags 470 sz 0x1000 -> kr 0x00000000 rid 119 GPUVA 0x10002490000 cpu 10d814000
[mtlr]   out: 0000010002490000 000000010d814000 000000010ba29940 0000000000000000
[mtlr]   out: 0000007700000000 0000000000004000 00000002c5cc2bca 0000000000369dac
[mtlr] resource2 sel8 flags 470 sz 0x1000 -> kr 0x00000000 rid 119 GPUVA 0x10002490000 cpu 10d814000
[mtlr]   out: 0000010002490000 000000010d814000 000000010ba29940 0000000000000000
[mtlr]   out: 0000007700000000 0000000000004000 00000002c5cc2bcb 0000000000369dad
[mtlr] resource2 sel8 flags 470 sz 0x1000 -> kr 0x00000000 rid 119 GPUVA 0x10002490000 cpu 10d814000
[mtlr]   out: 0000010002490000 000000010d814000 000000010ba29940 0000000000000000
[mtlr]   out: 0000007700000000 0000000000004000 00000002c5cc2bcc 0000000000369dae
[mtlr] resource2 sel8 flags 470 sz 0x1000 -> kr 0x00000000 rid 119 GPUVA 0x10002490000 cpu 10d814000
[mtlr]   out: 0000010002490000 000000010d814000 000000010ba29940 0000000000000000
[mtlr]   out: 0000007700000000 0000000000004000 00000002c5cc2bcd 0000000000369daf
[mtlr] resource2 sel8 flags 470 sz 0x1000 -> kr 0x00000000 rid 119 GPUVA 0x10002490000 cpu 10d814000
[mtlr]   out: 0000010002490000 000000010d814000 000000010ba29940 0000000000000000
[mtlr]   out: 0000007700000000 0000000000004000 00000002c5cc2bce 0000000000369db0
[mtlr] resource2 sel8 flags 470 sz 0x1000 -> kr 0x00000000 rid 119 GPUVA 0x10002490000 cpu 10d814000
[mtlr]   out: 0000010002490000 000000010d814000 000000010ba29940 0000000000000000
[mtlr]   out: 0000007700000000 0000000000004000 00000002c5cc2bcf 0000000000369db1
[mtlr] resource2 sel8 flags 470 sz 0x1000 -> kr 0x00000000 rid 119 GPUVA 0x10002490000 cpu 10d814000
[mtlr]   out: 0000010002490000 000000010d814000 000000010ba29940 0000000000000000
[mtlr]   out: 0000007700000000 0000000000004000 00000002c5cc2bd0 0000000000369db2
[mtlr] resource2 sel8 flags 470 sz 0x1000 -> kr 0x00000000 rid 119 GPUVA 0x10002490000 cpu 10d814000
[mtlr]   out: 0000010002490000 000000010d814000 000000010ba29940 0000000000000000
[mtlr]   out: 0000007700000000 0000000000004000 00000002c5cc2bd1 0000000000369db3
[mtlr] resource2 sel8 flags 470 sz 0x1000 -> kr 0x00000000 rid 119 GPUVA 0x10002490000 cpu 10d814000
[mtlr]   out: 0000010002490000 000000010d814000 000000010ba29940 0000000000000000
[mtlr]   out: 0000007700000000 0000000000004000 00000002c5cc2bd2 0000000000369db4
[mtlr] resource2 sel8 flags 470 sz 0x1000 -> kr 0x00000000 rid 119 GPUVA 0x10002490000 cpu 10d814000
[mtlr]   out: 0000010002490000 000000010d814000 000000010ba29940 0000000000000000
[mtlr]   out: 0000007700000000 0000000000004000 00000002c5cc2bd3 0000000000369db5
[mtlr] resource2 sel8 flags 470 sz 0x1000 -> kr 0x00000000 rid 119 GPUVA 0x10002490000 cpu 10d814000
[mtlr]   out: 0000010002490000 000000010d814000 000000010ba29940 0000000000000000
[mtlr]   out: 0000007700000000 0000000000004000 00000002c5cc2bd4 0000000000369db6
[mtlr] resource2 sel8 flags 470 sz 0x1000 -> kr 0x00000000 rid 119 GPUVA 0x10002490000 cpu 10d814000
[mtlr]   out: 0000010002490000 000000010d814000 000000010ba29940 0000000000000000
[mtlr]   out: 0000007700000000 0000000000004000 00000002c5cc2bd5 0000000000369db7
[mtlr] resource2 sel8 flags 470 sz 0x1000 -> kr 0x00000000 rid 119 GPUVA 0x10002490000 cpu 10d814000
[mtlr]   out: 0000010002490000 000000010d814000 000000010ba29940 0000000000000000
[mtlr]   out: 0000007700000000 0000000000004000 00000002c5cc2bd6 0000000000369db8
[mtlr] resource2 sel8 flags 470 sz 0x1000 -> kr 0x00000000 rid 119 GPUVA 0x10002490000 cpu 10d814000
[mtlr]   out: 0000010002490000 000000010d814000 000000010ba29940 0000000000000000
[mtlr]   out: 0000007700000000 0000000000004000 00000002c5cc2bd7 0000000000369db9
[mtlr] resource2 sel8 flags 470 sz 0x1000 -> kr 0x00000000 rid 119 GPUVA 0x10002490000 cpu 10d814000
[mtlr]   out: 0000010002490000 000000010d814000 000000010ba29940 0000000000000000
[mtlr]   out: 0000007700000000 0000000000004000 00000002c5cc2bd8 0000000000369dba
[mtlr] resource2 sel8 flags 470 sz 0x1000 -> kr 0x00000000 rid 119 GPUVA 0x10002490000 cpu 10d814000
[mtlr]   out: 0000010002490000 000000010d814000 000000010ba29940 0000000000000000
[mtlr]   out: 0000007700000000 0000000000004000 00000002c5cc2bd9 0000000000369dbb
[uatrec] S4 r18 (+1s): nvv 8 ncb 8 vsz 0x100000 fill 0xfffffff007000000 destroy0 kr 0x00000000 nj 40
[uatrec] S4 r18 blit[0] slots 8 ridp 1
[uatrec] S4 r18 blit[1] slots 8 ridp 1
[uatrec] S4 r18 blit[2] slots 8 ridp 1
[uatrec] S4 r18 blit[3] slots 8 ridp 1
[uatrec] S4 r18 blit[4] slots 8 ridp 1
[uatrec] S4 r18 blit[5] slots 8 ridp 1
[uatrec] S4 r18 blit[6] slots 8 ridp 1
[uatrec] S4 r18 blit[7] slots 8 ridp 1
[mtlr] resource2 sel8 flags 470 sz 0x100000 -> kr 0x00000000 rid 119 GPUVA 0x10002490000 cpu 10d114000
[mtlr]   out: 0000010002490000 000000010d114000 000000010ba29940 0000000000000000
[mtlr]   out: 0000007700000000 0000000000100000 00000002c5cc2c27 0000000000369dbe
[uatrec] S4 r19 victim[0] rid 119 gpuva 0x10002490000 cpu 0x10d114000 (top-of-stack)
[mtlr] resource2 sel8 flags 470 sz 0x100000 -> kr 0x00000000 rid 120 GPUVA 0x10002598000 cpu 10d214000
[mtlr]   out: 0000010002598000 000000010d214000 000000010ba29a00 0000000000000000
[mtlr]   out: 0000007800000000 0000000000100000 00000002c5cc2c28 0000000000369dbf
[uatrec] S4 r19 victim[1] rid 120 gpuva 0x10002598000 cpu 0x10d214000 (top-of-stack)
[mtlr] resource2 sel8 flags 470 sz 0x100000 -> kr 0x00000000 rid 121 GPUVA 0x100026a0000 cpu 10d314000
[mtlr]   out: 00000100026a0000 000000010d314000 000000010ba29ac0 0000000000000000
[mtlr]   out: 0000007900000000 0000000000100000 00000002c5cc2c29 0000000000369dc0
[uatrec] S4 r19 victim[2] rid 121 gpuva 0x100026a0000 cpu 0x10d314000 (top-of-stack)
[mtlr] resource2 sel8 flags 470 sz 0x100000 -> kr 0x00000000 rid 122 GPUVA 0x100027a8000 cpu 10d414000
[mtlr]   out: 00000100027a8000 000000010d414000 000000010ba29b80 0000000000000000
[mtlr]   out: 0000007a00000000 0000000000100000 00000002c5cc2c2a 0000000000369dc1
[uatrec] S4 r19 victim[3] rid 122 gpuva 0x100027a8000 cpu 0x10d414000 (top-of-stack)
[mtlr] resource2 sel8 flags 470 sz 0x100000 -> kr 0x00000000 rid 123 GPUVA 0x100028b0000 cpu 10d514000
[mtlr]   out: 00000100028b0000 000000010d514000 000000010ba29c40 0000000000000000
[mtlr]   out: 0000007b00000000 0000000000100000 00000002c5cc2c2b 0000000000369dc2
[uatrec] S4 r19 victim[4] rid 123 gpuva 0x100028b0000 cpu 0x10d514000 (top-of-stack)
[mtlr] resource2 sel8 flags 470 sz 0x100000 -> kr 0x00000000 rid 124 GPUVA 0x100029b8000 cpu 10d614000
[mtlr]   out: 00000100029b8000 000000010d614000 000000010ba29d00 0000000000000000
[mtlr]   out: 0000007c00000000 0000000000100000 00000002c5cc2c2c 0000000000369dc3
[uatrec] S4 r19 victim[5] rid 124 gpuva 0x100029b8000 cpu 0x10d614000 (top-of-stack)
[mtlr] resource2 sel8 flags 470 sz 0x100000 -> kr 0x00000000 rid 125 GPUVA 0x10002ac0000 cpu 10e00c000
[mtlr]   out: 0000010002ac0000 000000010e00c000 000000010ba29dc0 0000000000000000
[mtlr]   out: 0000007d00000000 0000000000100000 00000002c5cc2c2d 0000000000369dc4
[uatrec] S4 r19 victim[6] rid 125 gpuva 0x10002ac0000 cpu 0x10e00c000 (top-of-stack)
[mtlr] resource2 sel8 flags 470 sz 0x100000 -> kr 0x00000000 rid 126 GPUVA 0x10002bc8000 cpu 10ce14000
[mtlr]   out: 0000010002bc8000 000000010ce14000 000000010ba29e80 0000000000000000
[mtlr]   out: 0000007e00000000 0000000000100000 00000002c5cc2c2e 0000000000369dc5
[uatrec] S4 r19 victim[7] rid 126 gpuva 0x10002bc8000 cpu 0x10ce14000 (top-of-stack)
[mtlr] resource2 sel8 flags 470 sz 0x1000 -> kr 0x00000000 rid 119 GPUVA 0x10002490000 cpu 10d814000
[mtlr]   out: 0000010002490000 000000010d814000 000000010ba29940 0000000000000000
[mtlr]   out: 0000007700000000 0000000000004000 00000002c5cc2c59 0000000000369dcf
[mtlr] resource2 sel8 flags 470 sz 0x1000 -> kr 0x00000000 rid 119 GPUVA 0x10002490000 cpu 10d814000
[mtlr]   out: 0000010002490000 000000010d814000 000000010ba29940 0000000000000000
[mtlr]   out: 0000007700000000 0000000000004000 00000002c5cc2c5a 0000000000369dd0
[mtlr] resource2 sel8 flags 470 sz 0x1000 -> kr 0x00000000 rid 119 GPUVA 0x10002490000 cpu 10d814000
[mtlr]   out: 0000010002490000 000000010d814000 000000010ba29940 0000000000000000
[mtlr]   out: 0000007700000000 0000000000004000 00000002c5cc2c5b 0000000000369dd1
[mtlr] resource2 sel8 flags 470 sz 0x1000 -> kr 0x00000000 rid 119 GPUVA 0x10002490000 cpu 10d814000
[mtlr]   out: 0000010002490000 000000010d814000 000000010ba29940 0000000000000000
[mtlr]   out: 0000007700000000 0000000000004000 00000002c5cc2c5c 0000000000369dd2
[mtlr] resource2 sel8 flags 470 sz 0x1000 -> kr 0x00000000 rid 119 GPUVA 0x10002490000 cpu 10d814000
[mtlr]   out: 0000010002490000 000000010d814000 000000010ba29940 0000000000000000
[mtlr]   out: 0000007700000000 0000000000004000 00000002c5cc2c5d 0000000000369dd3
[mtlr] resource2 sel8 flags 470 sz 0x1000 -> kr 0x00000000 rid 119 GPUVA 0x10002490000 cpu 10d814000
[mtlr]   out: 0000010002490000 000000010d814000 000000010ba29940 0000000000000000
[mtlr]   out: 0000007700000000 0000000000004000 00000002c5cc2c5e 0000000000369dd4
[mtlr] resource2 sel8 flags 470 sz 0x1000 -> kr 0x00000000 rid 119 GPUVA 0x10002490000 cpu 10d814000
[mtlr]   out: 0000010002490000 000000010d814000 000000010ba29940 0000000000000000
[mtlr]   out: 0000007700000000 0000000000004000 00000002c5cc2c5f 0000000000369dd5
[mtlr] resource2 sel8 flags 470 sz 0x1000 -> kr 0x00000000 rid 119 GPUVA 0x10002490000 cpu 10d814000
[mtlr]   out: 0000010002490000 000000010d814000 000000010ba29940 0000000000000000
[mtlr]   out: 0000007700000000 0000000000004000 00000002c5cc2c60 0000000000369dd6
[mtlr] resource2 sel8 flags 470 sz 0x1000 -> kr 0x00000000 rid 119 GPUVA 0x10002490000 cpu 10d814000
[mtlr]   out: 0000010002490000 000000010d814000 000000010ba29940 0000000000000000
[mtlr]   out: 0000007700000000 0000000000004000 00000002c5cc2c61 0000000000369dd7
[mtlr] resource2 sel8 flags 470 sz 0x1000 -> kr 0x00000000 rid 119 GPUVA 0x10002490000 cpu 10d814000
[mtlr]   out: 0000010002490000 000000010d814000 000000010ba29940 0000000000000000
[mtlr]   out: 0000007700000000 0000000000004000 00000002c5cc2c62 0000000000369dd8
[mtlr] resource2 sel8 flags 470 sz 0x1000 -> kr 0x00000000 rid 119 GPUVA 0x10002490000 cpu 10d814000
[mtlr]   out: 0000010002490000 000000010d814000 000000010ba29940 0000000000000000
[mtlr]   out: 0000007700000000 0000000000004000 00000002c5cc2c63 0000000000369dd9
[mtlr] resource2 sel8 flags 470 sz 0x1000 -> kr 0x00000000 rid 119 GPUVA 0x10002490000 cpu 10d814000
[mtlr]   out: 0000010002490000 000000010d814000 000000010ba29940 0000000000000000
[mtlr]   out: 0000007700000000 0000000000004000 00000002c5cc2c64 0000000000369dda
[mtlr] resource2 sel8 flags 470 sz 0x1000 -> kr 0x00000000 rid 119 GPUVA 0x10002490000 cpu 10d814000
[mtlr]   out: 0000010002490000 000000010d814000 000000010ba29940 0000000000000000
[mtlr]   out: 0000007700000000 0000000000004000 00000002c5cc2c65 0000000000369ddb
[mtlr] resource2 sel8 flags 470 sz 0x1000 -> kr 0x00000000 rid 119 GPUVA 0x10002490000 cpu 10d814000
[mtlr]   out: 0000010002490000 000000010d814000 000000010ba29940 0000000000000000
[mtlr]   out: 0000007700000000 0000000000004000 00000002c5cc2c66 0000000000369ddc
[mtlr] resource2 sel8 flags 470 sz 0x1000 -> kr 0x00000000 rid 119 GPUVA 0x10002490000 cpu 10d814000
[mtlr]   out: 0000010002490000 000000010d814000 000000010ba29940 0000000000000000
[mtlr]   out: 0000007700000000 0000000000004000 00000002c5cc2c67 0000000000369ddd
[mtlr] resource2 sel8 flags 470 sz 0x1000 -> kr 0x00000000 rid 119 GPUVA 0x10002490000 cpu 10d814000
[mtlr]   out: 0000010002490000 000000010d814000 000000010ba29940 0000000000000000
[mtlr]   out: 0000007700000000 0000000000004000 00000002c5cc2c68 0000000000369dde
[mtlr] resource2 sel8 flags 470 sz 0x1000 -> kr 0x00000000 rid 119 GPUVA 0x10002490000 cpu 10d814000
[mtlr]   out: 0000010002490000 000000010d814000 000000010ba29940 0000000000000000
[mtlr]   out: 0000007700000000 0000000000004000 00000002c5cc2c69 0000000000369ddf
[mtlr] resource2 sel8 flags 470 sz 0x1000 -> kr 0x00000000 rid 119 GPUVA 0x10002490000 cpu 10d814000
[mtlr]   out: 0000010002490000 000000010d814000 000000010ba29940 0000000000000000
[mtlr]   out: 0000007700000000 0000000000004000 00000002c5cc2c6a 0000000000369de0
[mtlr] resource2 sel8 flags 470 sz 0x1000 -> kr 0x00000000 rid 119 GPUVA 0x10002490000 cpu 10d814000
[mtlr]   out: 0000010002490000 000000010d814000 000000010ba29940 0000000000000000
[mtlr]   out: 0000007700000000 0000000000004000 00000002c5cc2c6b 0000000000369de1
[mtlr] resource2 sel8 flags 470 sz 0x1000 -> kr 0x00000000 rid 119 GPUVA 0x10002490000 cpu 10d814000
[mtlr]   out: 0000010002490000 000000010d814000 000000010ba29940 0000000000000000
[mtlr]   out: 0000007700000000 0000000000004000 00000002c5cc2c6c 0000000000369de2
[mtlr] resource2 sel8 flags 470 sz 0x1000 -> kr 0x00000000 rid 119 GPUVA 0x10002490000 cpu 10d814000
[mtlr]   out: 0000010002490000 000000010d814000 000000010ba29940 0000000000000000
[mtlr]   out: 0000007700000000 0000000000004000 00000002c5cc2c6d 0000000000369de3
[mtlr] resource2 sel8 flags 470 sz 0x1000 -> kr 0x00000000 rid 119 GPUVA 0x10002490000 cpu 10d814000
[mtlr]   out: 0000010002490000 000000010d814000 000000010ba29940 0000000000000000
[mtlr]   out: 0000007700000000 0000000000004000 00000002c5cc2c6e 0000000000369de4
[mtlr] resource2 sel8 flags 470 sz 0x1000 -> kr 0x00000000 rid 119 GPUVA 0x10002490000 cpu 10d814000
[mtlr]   out: 0000010002490000 000000010d814000 000000010ba29940 0000000000000000
[mtlr]   out: 0000007700000000 0000000000004000 00000002c5cc2c6f 0000000000369de5
[mtlr] resource2 sel8 flags 470 sz 0x1000 -> kr 0x00000000 rid 119 GPUVA 0x10002490000 cpu 10d814000
[mtlr]   out: 0000010002490000 000000010d814000 000000010ba29940 0000000000000000
[mtlr]   out: 0000007700000000 0000000000004000 00000002c5cc2c70 0000000000369de6
[mtlr] resource2 sel8 flags 470 sz 0x1000 -> kr 0x00000000 rid 119 GPUVA 0x10002490000 cpu 10d814000
[mtlr]   out: 0000010002490000 000000010d814000 000000010ba29940 0000000000000000
[mtlr]   out: 0000007700000000 0000000000004000 00000002c5cc2c71 0000000000369de7
[mtlr] resource2 sel8 flags 470 sz 0x1000 -> kr 0x00000000 rid 119 GPUVA 0x10002490000 cpu 10d814000
[mtlr]   out: 0000010002490000 000000010d814000 000000010ba29940 0000000000000000
[mtlr]   out: 0000007700000000 0000000000004000 00000002c5cc2c72 0000000000369de8
[mtlr] resource2 sel8 flags 470 sz 0x1000 -> kr 0x00000000 rid 119 GPUVA 0x10002490000 cpu 10d814000
[mtlr]   out: 0000010002490000 000000010d814000 000000010ba29940 0000000000000000
[mtlr]   out: 0000007700000000 0000000000004000 00000002c5cc2c73 0000000000369de9
[mtlr] resource2 sel8 flags 470 sz 0x1000 -> kr 0x00000000 rid 119 GPUVA 0x10002490000 cpu 10d814000
[mtlr]   out: 0000010002490000 000000010d814000 000000010ba29940 0000000000000000
[mtlr]   out: 0000007700000000 0000000000004000 00000002c5cc2c74 0000000000369dea
[mtlr] resource2 sel8 flags 470 sz 0x1000 -> kr 0x00000000 rid 119 GPUVA 0x10002490000 cpu 10d814000
[mtlr]   out: 0000010002490000 000000010d814000 000000010ba29940 0000000000000000
[mtlr]   out: 0000007700000000 0000000000004000 00000002c5cc2c75 0000000000369deb
[mtlr] resource2 sel8 flags 470 sz 0x1000 -> kr 0x00000000 rid 119 GPUVA 0x10002490000 cpu 10d814000
[mtlr]   out: 0000010002490000 000000010d814000 000000010ba29940 0000000000000000
[mtlr]   out: 0000007700000000 0000000000004000 00000002c5cc2c76 0000000000369dec
[mtlr] resource2 sel8 flags 470 sz 0x1000 -> kr 0x00000000 rid 119 GPUVA 0x10002490000 cpu 10d814000
[mtlr]   out: 0000010002490000 000000010d814000 000000010ba29940 0000000000000000
[mtlr]   out: 0000007700000000 0000000000004000 00000002c5cc2c77 0000000000369ded
[mtlr] resource2 sel8 flags 470 sz 0x1000 -> kr 0x00000000 rid 119 GPUVA 0x10002490000 cpu 10d814000
[mtlr]   out: 0000010002490000 000000010d814000 000000010ba29940 0000000000000000
[mtlr]   out: 0000007700000000 0000000000004000 00000002c5cc2c78 0000000000369dee
[mtlr] resource2 sel8 flags 470 sz 0x1000 -> kr 0x00000000 rid 119 GPUVA 0x10002490000 cpu 10d814000
[mtlr]   out: 0000010002490000 000000010d814000 000000010ba29940 0000000000000000
[mtlr]   out: 0000007700000000 0000000000004000 00000002c5cc2c79 0000000000369def
[mtlr] resource2 sel8 flags 470 sz 0x1000 -> kr 0x00000000 rid 119 GPUVA 0x10002490000 cpu 10d814000
[mtlr]   out: 0000010002490000 000000010d814000 000000010ba29940 0000000000000000
[mtlr]   out: 0000007700000000 0000000000004000 00000002c5cc2c7a 0000000000369df0
[mtlr] resource2 sel8 flags 470 sz 0x1000 -> kr 0x00000000 rid 119 GPUVA 0x10002490000 cpu 10d814000
[mtlr]   out: 0000010002490000 000000010d814000 000000010ba29940 0000000000000000
[mtlr]   out: 0000007700000000 0000000000004000 00000002c5cc2c7b 0000000000369df1
[mtlr] resource2 sel8 flags 470 sz 0x1000 -> kr 0x00000000 rid 119 GPUVA 0x10002490000 cpu 10d814000
[mtlr]   out: 0000010002490000 000000010d814000 000000010ba29940 0000000000000000
[mtlr]   out: 0000007700000000 0000000000004000 00000002c5cc2c7c 0000000000369df2
[mtlr] resource2 sel8 flags 470 sz 0x1000 -> kr 0x00000000 rid 119 GPUVA 0x10002490000 cpu 10d814000
[mtlr]   out: 0000010002490000 000000010d814000 000000010ba29940 0000000000000000
[mtlr]   out: 0000007700000000 0000000000004000 00000002c5cc2c7d 0000000000369df3
[mtlr] resource2 sel8 flags 470 sz 0x1000 -> kr 0x00000000 rid 119 GPUVA 0x10002490000 cpu 10d814000
[mtlr]   out: 0000010002490000 000000010d814000 000000010ba29940 0000000000000000
[mtlr]   out: 0000007700000000 0000000000004000 00000002c5cc2c7e 0000000000369df4
[mtlr] resource2 sel8 flags 470 sz 0x1000 -> kr 0x00000000 rid 119 GPUVA 0x10002490000 cpu 10d814000
[mtlr]   out: 0000010002490000 000000010d814000 000000010ba29940 0000000000000000
[mtlr]   out: 0000007700000000 0000000000004000 00000002c5cc2c7f 0000000000369df5
[mtlr] resource2 sel8 flags 470 sz 0x1000 -> kr 0x00000000 rid 119 GPUVA 0x10002490000 cpu 10d814000
[mtlr]   out: 0000010002490000 000000010d814000 000000010ba29940 0000000000000000
[mtlr]   out: 0000007700000000 0000000000004000 00000002c5cc2c80 0000000000369df6
[uatrec] S4 r19 (+1s): nvv 8 ncb 8 vsz 0x100000 fill 0xfffffff007000000 destroy0 kr 0x00000000 nj 40
[uatrec] S4 r19 blit[0] slots 8 ridp 1
[uatrec] S4 r19 blit[1] slots 8 ridp 1
[uatrec] S4 r19 blit[2] slots 8 ridp 1
[uatrec] S4 r19 blit[3] slots 8 ridp 1
[uatrec] S4 r19 blit[4] slots 8 ridp 1
[uatrec] S4 r19 blit[5] slots 8 ridp 1
[uatrec] S4 r19 blit[6] slots 8 ridp 1
[uatrec] S4 r19 blit[7] slots 8 ridp 1
[uatrec] S4 heartbeat: round 20 done, t=1s (alive)
[mtlr] resource2 sel8 flags 470 sz 0x100000 -> kr 0x00000000 rid 119 GPUVA 0x10002490000 cpu 10d014000
[mtlr]   out: 0000010002490000 000000010d014000 000000010ba29940 0000000000000000
[mtlr]   out: 0000007700000000 0000000000100000 00000002c5cc2ccc 0000000000369df9
[uatrec] S4 r20 victim[0] rid 119 gpuva 0x10002490000 cpu 0x10d014000 (top-of-stack)
[mtlr] resource2 sel8 flags 470 sz 0x100000 -> kr 0x00000000 rid 120 GPUVA 0x10002598000 cpu 10d714000
[mtlr]   out: 0000010002598000 000000010d714000 000000010ba29a00 0000000000000000
[mtlr]   out: 0000007800000000 0000000000100000 00000002c5cc2ccd 0000000000369dfa
[uatrec] S4 r20 victim[1] rid 120 gpuva 0x10002598000 cpu 0x10d714000 (top-of-stack)
[mtlr] resource2 sel8 flags 470 sz 0x100000 -> kr 0x00000000 rid 121 GPUVA 0x100026a0000 cpu 10d974000
[mtlr]   out: 00000100026a0000 000000010d974000 000000010ba29ac0 0000000000000000
[mtlr]   out: 0000007900000000 0000000000100000 00000002c5cc2cce 0000000000369dfb
[uatrec] S4 r20 victim[2] rid 121 gpuva 0x100026a0000 cpu 0x10d974000 (top-of-stack)
[mtlr] resource2 sel8 flags 470 sz 0x100000 -> kr 0x00000000 rid 122 GPUVA 0x100027a8000 cpu 10dae4000
[mtlr]   out: 00000100027a8000 000000010dae4000 000000010ba29b80 0000000000000000
[mtlr]   out: 0000007a00000000 0000000000100000 00000002c5cc2ccf 0000000000369dfc
[uatrec] S4 r20 victim[3] rid 122 gpuva 0x100027a8000 cpu 0x10dae4000 (top-of-stack)
[mtlr] resource2 sel8 flags 470 sz 0x100000 -> kr 0x00000000 rid 123 GPUVA 0x100028b0000 cpu 10d114000
[mtlr]   out: 00000100028b0000 000000010d114000 000000010ba29c40 0000000000000000
[mtlr]   out: 0000007b00000000 0000000000100000 00000002c5cc2cd2 0000000000369dfd
[uatrec] S4 r20 victim[4] rid 123 gpuva 0x100028b0000 cpu 0x10d114000 (top-of-stack)
[mtlr] resource2 sel8 flags 470 sz 0x100000 -> kr 0x00000000 rid 124 GPUVA 0x100029b8000 cpu 10ce14000
[mtlr]   out: 00000100029b8000 000000010ce14000 000000010ba29d00 0000000000000000
[mtlr]   out: 0000007c00000000 0000000000100000 00000002c5cc2cd8 0000000000369dfe
[uatrec] S4 r20 victim[5] rid 124 gpuva 0x100029b8000 cpu 0x10ce14000 (top-of-stack)
[mtlr] resource2 sel8 flags 470 sz 0x100000 -> kr 0x00000000 rid 125 GPUVA 0x10002ac0000 cpu 10cf14000
[mtlr]   out: 0000010002ac0000 000000010cf14000 000000010ba29dc0 0000000000000000
[mtlr]   out: 0000007d00000000 0000000000100000 00000002c5cc2cd9 0000000000369dff
[uatrec] S4 r20 victim[6] rid 125 gpuva 0x10002ac0000 cpu 0x10cf14000 (top-of-stack)
[mtlr] resource2 sel8 flags 470 sz 0x100000 -> kr 0x00000000 rid 126 GPUVA 0x10002bc8000 cpu 10d214000
[mtlr]   out: 0000010002bc8000 000000010d214000 000000010ba29e80 0000000000000000
[mtlr]   out: 0000007e00000000 0000000000100000 00000002c5cc2cda 0000000000369e00
[uatrec] S4 r20 victim[7] rid 126 gpuva 0x10002bc8000 cpu 0x10d214000 (top-of-stack)
[mtlr] resource2 sel8 flags 470 sz 0x1000 -> kr 0x00000000 rid 119 GPUVA 0x10002490000 cpu 10d814000
[mtlr]   out: 0000010002490000 000000010d814000 000000010ba29940 0000000000000000
[mtlr]   out: 0000007700000000 0000000000004000 00000002c5cc2cfe 0000000000369e0a
[mtlr] resource2 sel8 flags 470 sz 0x1000 -> kr 0x00000000 rid 119 GPUVA 0x10002490000 cpu 10d814000
[mtlr]   out: 0000010002490000 000000010d814000 000000010ba29940 0000000000000000
[mtlr]   out: 0000007700000000 0000000000004000 00000002c5cc2cff 0000000000369e0b
[mtlr] resource2 sel8 flags 470 sz 0x1000 -> kr 0x00000000 rid 119 GPUVA 0x10002490000 cpu 10d814000
[mtlr]   out: 0000010002490000 000000010d814000 000000010ba29940 0000000000000000
[mtlr]   out: 0000007700000000 0000000000004000 00000002c5cc2d00 0000000000369e0c
[mtlr] resource2 sel8 flags 470 sz 0x1000 -> kr 0x00000000 rid 119 GPUVA 0x10002490000 cpu 10d814000
[mtlr]   out: 0000010002490000 000000010d814000 000000010ba29940 0000000000000000
[mtlr]   out: 0000007700000000 0000000000004000 00000002c5cc2d01 0000000000369e0d
[mtlr] resource2 sel8 flags 470 sz 0x1000 -> kr 0x00000000 rid 119 GPUVA 0x10002490000 cpu 10d814000
[mtlr]   out: 0000010002490000 000000010d814000 000000010ba29940 0000000000000000
[mtlr]   out: 0000007700000000 0000000000004000 00000002c5cc2d02 0000000000369e0e
[mtlr] resource2 sel8 flags 470 sz 0x1000 -> kr 0x00000000 rid 119 GPUVA 0x10002490000 cpu 10d814000
[mtlr]   out: 0000010002490000 000000010d814000 000000010ba29940 0000000000000000
[mtlr]   out: 0000007700000000 0000000000004000 00000002c5cc2d03 0000000000369e0f
[mtlr] resource2 sel8 flags 470 sz 0x1000 -> kr 0x00000000 rid 119 GPUVA 0x10002490000 cpu 10d814000
[mtlr]   out: 0000010002490000 000000010d814000 000000010ba29940 0000000000000000
[mtlr]   out: 0000007700000000 0000000000004000 00000002c5cc2d04 0000000000369e10
[mtlr] resource2 sel8 flags 470 sz 0x1000 -> kr 0x00000000 rid 119 GPUVA 0x10002490000 cpu 10d814000
[mtlr]   out: 0000010002490000 000000010d814000 000000010ba29940 0000000000000000
[mtlr]   out: 0000007700000000 0000000000004000 00000002c5cc2d05 0000000000369e11
[mtlr] resource2 sel8 flags 470 sz 0x1000 -> kr 0x00000000 rid 119 GPUVA 0x10002490000 cpu 10d814000
[mtlr]   out: 0000010002490000 000000010d814000 000000010ba29940 0000000000000000
[mtlr]   out: 0000007700000000 0000000000004000 00000002c5cc2d06 0000000000369e12
[mtlr] resource2 sel8 flags 470 sz 0x1000 -> kr 0x00000000 rid 119 GPUVA 0x10002490000 cpu 10d814000
[mtlr]   out: 0000010002490000 000000010d814000 000000010ba29940 0000000000000000
[mtlr]   out: 0000007700000000 0000000000004000 00000002c5cc2d07 0000000000369e13
[mtlr] resource2 sel8 flags 470 sz 0x1000 -> kr 0x00000000 rid 119 GPUVA 0x10002490000 cpu 10d814000
[mtlr]   out: 0000010002490000 000000010d814000 000000010ba29940 0000000000000000
[mtlr]   out: 0000007700000000 0000000000004000 00000002c5cc2d08 0000000000369e14
[mtlr] resource2 sel8 flags 470 sz 0x1000 -> kr 0x00000000 rid 119 GPUVA 0x10002490000 cpu 10d814000
[mtlr]   out: 0000010002490000 000000010d814000 000000010ba29940 0000000000000000
[mtlr]   out: 0000007700000000 0000000000004000 00000002c5cc2d09 0000000000369e15
[mtlr] resource2 sel8 flags 470 sz 0x1000 -> kr 0x00000000 rid 119 GPUVA 0x10002490000 cpu 10d814000
[mtlr]   out: 0000010002490000 000000010d814000 000000010ba29940 0000000000000000
[mtlr]   out: 0000007700000000 0000000000004000 00000002c5cc2d0a 0000000000369e16
[mtlr] resource2 sel8 flags 470 sz 0x1000 -> kr 0x00000000 rid 119 GPUVA 0x10002490000 cpu 10d814000
[mtlr]   out: 0000010002490000 000000010d814000 000000010ba29940 0000000000000000
[mtlr]   out: 0000007700000000 0000000000004000 00000002c5cc2d0b 0000000000369e17
[mtlr] resource2 sel8 flags 470 sz 0x1000 -> kr 0x00000000 rid 119 GPUVA 0x10002490000 cpu 10d814000
[mtlr]   out: 0000010002490000 000000010d814000 000000010ba29940 0000000000000000
[mtlr]   out: 0000007700000000 0000000000004000 00000002c5cc2d0c 0000000000369e18
[mtlr] resource2 sel8 flags 470 sz 0x1000 -> kr 0x00000000 rid 119 GPUVA 0x10002490000 cpu 10d814000
[mtlr]   out: 0000010002490000 000000010d814000 000000010ba29940 0000000000000000
[mtlr]   out: 0000007700000000 0000000000004000 00000002c5cc2d0d 0000000000369e19
[mtlr] resource2 sel8 flags 470 sz 0x1000 -> kr 0x00000000 rid 119 GPUVA 0x10002490000 cpu 10d814000
[mtlr]   out: 0000010002490000 000000010d814000 000000010ba29940 0000000000000000
[mtlr]   out: 0000007700000000 0000000000004000 00000002c5cc2d0e 0000000000369e1a
[mtlr] resource2 sel8 flags 470 sz 0x1000 -> kr 0x00000000 rid 119 GPUVA 0x10002490000 cpu 10d814000
[mtlr]   out: 0000010002490000 000000010d814000 000000010ba29940 0000000000000000
[mtlr]   out: 0000007700000000 0000000000004000 00000002c5cc2d0f 0000000000369e1b
[mtlr] resource2 sel8 flags 470 sz 0x1000 -> kr 0x00000000 rid 119 GPUVA 0x10002490000 cpu 10d814000
[mtlr]   out: 0000010002490000 000000010d814000 000000010ba29940 0000000000000000
[mtlr]   out: 0000007700000000 0000000000004000 00000002c5cc2d10 0000000000369e1c
[mtlr] resource2 sel8 flags 470 sz 0x1000 -> kr 0x00000000 rid 119 GPUVA 0x10002490000 cpu 10d814000
[mtlr]   out: 0000010002490000 000000010d814000 000000010ba29940 0000000000000000
[mtlr]   out: 0000007700000000 0000000000004000 00000002c5cc2d11 0000000000369e1d
[mtlr] resource2 sel8 flags 470 sz 0x1000 -> kr 0x00000000 rid 119 GPUVA 0x10002490000 cpu 10d814000
[mtlr]   out: 0000010002490000 000000010d814000 000000010ba29940 0000000000000000
[mtlr]   out: 0000007700000000 0000000000004000 00000002c5cc2d12 0000000000369e1e
[mtlr] resource2 sel8 flags 470 sz 0x1000 -> kr 0x00000000 rid 119 GPUVA 0x10002490000 cpu 10d814000
[mtlr]   out: 0000010002490000 000000010d814000 000000010ba29940 0000000000000000
[mtlr]   out: 0000007700000000 0000000000004000 00000002c5cc2d13 0000000000369e1f
[mtlr] resource2 sel8 flags 470 sz 0x1000 -> kr 0x00000000 rid 119 GPUVA 0x10002490000 cpu 10d814000
[mtlr]   out: 0000010002490000 000000010d814000 000000010ba29940 0000000000000000
[mtlr]   out: 0000007700000000 0000000000004000 00000002c5cc2d14 0000000000369e20
[mtlr] resource2 sel8 flags 470 sz 0x1000 -> kr 0x00000000 rid 119 GPUVA 0x10002490000 cpu 10d814000
[mtlr]   out: 0000010002490000 000000010d814000 000000010ba29940 0000000000000000
[mtlr]   out: 0000007700000000 0000000000004000 00000002c5cc2d15 0000000000369e21
[mtlr] resource2 sel8 flags 470 sz 0x1000 -> kr 0x00000000 rid 119 GPUVA 0x10002490000 cpu 10d814000
[mtlr]   out: 0000010002490000 000000010d814000 000000010ba29940 0000000000000000
[mtlr]   out: 0000007700000000 0000000000004000 00000002c5cc2d16 0000000000369e22
[mtlr] resource2 sel8 flags 470 sz 0x1000 -> kr 0x00000000 rid 119 GPUVA 0x10002490000 cpu 10d814000
[mtlr]   out: 0000010002490000 000000010d814000 000000010ba29940 0000000000000000
[mtlr]   out: 0000007700000000 0000000000004000 00000002c5cc2d17 0000000000369e23
[mtlr] resource2 sel8 flags 470 sz 0x1000 -> kr 0x00000000 rid 119 GPUVA 0x10002490000 cpu 10d814000
[mtlr]   out: 0000010002490000 000000010d814000 000000010ba29940 0000000000000000
[mtlr]   out: 0000007700000000 0000000000004000 00000002c5cc2d18 0000000000369e24
[mtlr] resource2 sel8 flags 470 sz 0x1000 -> kr 0x00000000 rid 119 GPUVA 0x10002490000 cpu 10d814000
[mtlr]   out: 0000010002490000 000000010d814000 000000010ba29940 0000000000000000
[mtlr]   out: 0000007700000000 0000000000004000 00000002c5cc2d19 0000000000369e25
[mtlr] resource2 sel8 flags 470 sz 0x1000 -> kr 0x00000000 rid 119 GPUVA 0x10002490000 cpu 10d814000
[mtlr]   out: 0000010002490000 000000010d814000 000000010ba29940 0000000000000000
[mtlr]   out: 0000007700000000 0000000000004000 00000002c5cc2d1a 0000000000369e26
[mtlr] resource2 sel8 flags 470 sz 0x1000 -> kr 0x00000000 rid 119 GPUVA 0x10002490000 cpu 10d814000
[mtlr]   out: 0000010002490000 000000010d814000 000000010ba29940 0000000000000000
[mtlr]   out: 0000007700000000 0000000000004000 00000002c5cc2d1b 0000000000369e27
[mtlr] resource2 sel8 flags 470 sz 0x1000 -> kr 0x00000000 rid 119 GPUVA 0x10002490000 cpu 10d814000
[mtlr]   out: 0000010002490000 000000010d814000 000000010ba29940 0000000000000000
[mtlr]   out: 0000007700000000 0000000000004000 00000002c5cc2d1c 0000000000369e28
[mtlr] resource2 sel8 flags 470 sz 0x1000 -> kr 0x00000000 rid 119 GPUVA 0x10002490000 cpu 10d814000
[mtlr]   out: 0000010002490000 000000010d814000 000000010ba29940 0000000000000000
[mtlr]   out: 0000007700000000 0000000000004000 00000002c5cc2d1d 0000000000369e29
[mtlr] resource2 sel8 flags 470 sz 0x1000 -> kr 0x00000000 rid 119 GPUVA 0x10002490000 cpu 10d814000
[mtlr]   out: 0000010002490000 000000010d814000 000000010ba29940 0000000000000000
[mtlr]   out: 0000007700000000 0000000000004000 00000002c5cc2d1e 0000000000369e2a
[mtlr] resource2 sel8 flags 470 sz 0x1000 -> kr 0x00000000 rid 119 GPUVA 0x10002490000 cpu 10d814000
[mtlr]   out: 0000010002490000 000000010d814000 000000010ba29940 0000000000000000
[mtlr]   out: 0000007700000000 0000000000004000 00000002c5cc2d1f 0000000000369e2b
[mtlr] resource2 sel8 flags 470 sz 0x1000 -> kr 0x00000000 rid 119 GPUVA 0x10002490000 cpu 10d814000
[mtlr]   out: 0000010002490000 000000010d814000 000000010ba29940 0000000000000000
[mtlr]   out: 0000007700000000 0000000000004000 00000002c5cc2d20 0000000000369e2c
[mtlr] resource2 sel8 flags 470 sz 0x1000 -> kr 0x00000000 rid 119 GPUVA 0x10002490000 cpu 10d814000
[mtlr]   out: 0000010002490000 000000010d814000 000000010ba29940 0000000000000000
[mtlr]   out: 0000007700000000 0000000000004000 00000002c5cc2d21 0000000000369e2d
[mtlr] resource2 sel8 flags 470 sz 0x1000 -> kr 0x00000000 rid 119 GPUVA 0x10002490000 cpu 10d814000
[mtlr]   out: 0000010002490000 000000010d814000 000000010ba29940 0000000000000000
[mtlr]   out: 0000007700000000 0000000000004000 00000002c5cc2d22 0000000000369e2e
[mtlr] resource2 sel8 flags 470 sz 0x1000 -> kr 0x00000000 rid 119 GPUVA 0x10002490000 cpu 10d814000
[mtlr]   out: 0000010002490000 000000010d814000 000000010ba29940 0000000000000000
[mtlr]   out: 0000007700000000 0000000000004000 00000002c5cc2d23 0000000000369e2f
[mtlr] resource2 sel8 flags 470 sz 0x1000 -> kr 0x00000000 rid 119 GPUVA 0x10002490000 cpu 10d814000
[mtlr]   out: 0000010002490000 000000010d814000 000000010ba29940 0000000000000000
[mtlr]   out: 0000007700000000 0000000000004000 00000002c5cc2d24 0000000000369e30
[mtlr] resource2 sel8 flags 470 sz 0x1000 -> kr 0x00000000 rid 119 GPUVA 0x10002490000 cpu 10d814000
[mtlr]   out: 0000010002490000 000000010d814000 000000010ba29940 0000000000000000
[mtlr]   out: 0000007700000000 0000000000004000 00000002c5cc2d25 0000000000369e31
[uatrec] S4 r20 (+1s): nvv 8 ncb 8 vsz 0x100000 fill 0xfffffff007000000 destroy0 kr 0x00000000 nj 40
[uatrec] S4 r20 blit[0] slots 8 ridp 1
[uatrec] S4 r20 blit[1] slots 8 ridp 1
[uatrec] S4 r20 blit[2] slots 8 ridp 1
[uatrec] S4 r20 blit[3] slots 8 ridp 1
[uatrec] S4 r20 blit[4] slots 8 ridp 1
[uatrec] S4 r20 blit[5] slots 8 ridp 1
[uatrec] S4 r20 blit[6] slots 8 ridp 1
[uatrec] S4 r20 blit[7] slots 8 ridp 1
[mtlr] resource2 sel8 flags 470 sz 0x100000 -> kr 0x00000000 rid 119 GPUVA 0x10002490000 cpu 10d414000
[mtlr]   out: 0000010002490000 000000010d414000 000000010ba29940 0000000000000000
[mtlr]   out: 0000007700000000 0000000000100000 00000002c5cc2d72 0000000000369e34
[uatrec] S4 r21 victim[0] rid 119 gpuva 0x10002490000 cpu 0x10d414000 (top-of-stack)
[mtlr] resource2 sel8 flags 470 sz 0x100000 -> kr 0x00000000 rid 120 GPUVA 0x10002598000 cpu 10d514000
[mtlr]   out: 0000010002598000 000000010d514000 000000010ba29a00 0000000000000000
[mtlr]   out: 0000007800000000 0000000000100000 00000002c5cc2d73 0000000000369e35
[uatrec] S4 r21 victim[1] rid 120 gpuva 0x10002598000 cpu 0x10d514000 (top-of-stack)
[mtlr] resource2 sel8 flags 470 sz 0x100000 -> kr 0x00000000 rid 121 GPUVA 0x100026a0000 cpu 10d614000
[mtlr]   out: 00000100026a0000 000000010d614000 000000010ba29ac0 0000000000000000
[mtlr]   out: 0000007900000000 0000000000100000 00000002c5cc2d74 0000000000369e36
[uatrec] S4 r21 victim[2] rid 121 gpuva 0x100026a0000 cpu 0x10d614000 (top-of-stack)
[mtlr] resource2 sel8 flags 470 sz 0x100000 -> kr 0x00000000 rid 122 GPUVA 0x100027a8000 cpu 10d014000
[mtlr]   out: 00000100027a8000 000000010d014000 000000010ba29b80 0000000000000000
[mtlr]   out: 0000007a00000000 0000000000100000 00000002c5cc2d75 0000000000369e37
[uatrec] S4 r21 victim[3] rid 122 gpuva 0x100027a8000 cpu 0x10d014000 (top-of-stack)
[mtlr] resource2 sel8 flags 470 sz 0x100000 -> kr 0x00000000 rid 123 GPUVA 0x100028b0000 cpu 10ce14000
[mtlr]   out: 00000100028b0000 000000010ce14000 000000010ba29c40 0000000000000000
[mtlr]   out: 0000007b00000000 0000000000100000 00000002c5cc2d76 0000000000369e38
[uatrec] S4 r21 victim[4] rid 123 gpuva 0x100028b0000 cpu 0x10ce14000 (top-of-stack)
[mtlr] resource2 sel8 flags 470 sz 0x100000 -> kr 0x00000000 rid 124 GPUVA 0x100029b8000 cpu 10cf14000
[mtlr]   out: 00000100029b8000 000000010cf14000 000000010ba29d00 0000000000000000
[mtlr]   out: 0000007c00000000 0000000000100000 00000002c5cc2d7e 0000000000369e39
[uatrec] S4 r21 victim[5] rid 124 gpuva 0x100029b8000 cpu 0x10cf14000 (top-of-stack)
[mtlr] resource2 sel8 flags 470 sz 0x100000 -> kr 0x00000000 rid 125 GPUVA 0x10002ac0000 cpu 10d114000
[mtlr]   out: 0000010002ac0000 000000010d114000 000000010ba29dc0 0000000000000000
[mtlr]   out: 0000007d00000000 0000000000100000 00000002c5cc2d7f 0000000000369e3a
[uatrec] S4 r21 victim[6] rid 125 gpuva 0x10002ac0000 cpu 0x10d114000 (top-of-stack)
[mtlr] resource2 sel8 flags 470 sz 0x100000 -> kr 0x00000000 rid 126 GPUVA 0x10002bc8000 cpu 10d214000
[mtlr]   out: 0000010002bc8000 000000010d214000 000000010ba29e80 0000000000000000
[mtlr]   out: 0000007e00000000 0000000000100000 00000002c5cc2d80 0000000000369e3b
[uatrec] S4 r21 victim[7] rid 126 gpuva 0x10002bc8000 cpu 0x10d214000 (top-of-stack)
[mtlr] resource2 sel8 flags 470 sz 0x1000 -> kr 0x00000000 rid 119 GPUVA 0x10002490000 cpu 10d814000
[mtlr]   out: 0000010002490000 000000010d814000 000000010ba29940 0000000000000000
[mtlr]   out: 0000007700000000 0000000000004000 00000002c5cc2da4 0000000000369e45
[mtlr] resource2 sel8 flags 470 sz 0x1000 -> kr 0x00000000 rid 119 GPUVA 0x10002490000 cpu 10d814000
[mtlr]   out: 0000010002490000 000000010d814000 000000010ba29940 0000000000000000
[mtlr]   out: 0000007700000000 0000000000004000 00000002c5cc2da5 0000000000369e46
[mtlr] resource2 sel8 flags 470 sz 0x1000 -> kr 0x00000000 rid 119 GPUVA 0x10002490000 cpu 10d814000
[mtlr]   out: 0000010002490000 000000010d814000 000000010ba29940 0000000000000000
[mtlr]   out: 0000007700000000 0000000000004000 00000002c5cc2da6 0000000000369e47
[mtlr] resource2 sel8 flags 470 sz 0x1000 -> kr 0x00000000 rid 119 GPUVA 0x10002490000 cpu 10d814000
[mtlr]   out: 0000010002490000 000000010d814000 000000010ba29940 0000000000000000
[mtlr]   out: 0000007700000000 0000000000004000 00000002c5cc2da7 0000000000369e48
[mtlr] resource2 sel8 flags 470 sz 0x1000 -> kr 0x00000000 rid 119 GPUVA 0x10002490000 cpu 10d814000
[mtlr]   out: 0000010002490000 000000010d814000 000000010ba29940 0000000000000000
[mtlr]   out: 0000007700000000 0000000000004000 00000002c5cc2da8 0000000000369e49
[mtlr] resource2 sel8 flags 470 sz 0x1000 -> kr 0x00000000 rid 119 GPUVA 0x10002490000 cpu 10d814000
[mtlr]   out: 0000010002490000 000000010d814000 000000010ba29940 0000000000000000
[mtlr]   out: 0000007700000000 0000000000004000 00000002c5cc2da9 0000000000369e4a
[mtlr] resource2 sel8 flags 470 sz 0x1000 -> kr 0x00000000 rid 119 GPUVA 0x10002490000 cpu 10d814000
[mtlr]   out: 0000010002490000 000000010d814000 000000010ba29940 0000000000000000
[mtlr]   out: 0000007700000000 0000000000004000 00000002c5cc2daa 0000000000369e4b
[mtlr] resource2 sel8 flags 470 sz 0x1000 -> kr 0x00000000 rid 119 GPUVA 0x10002490000 cpu 10d814000
[mtlr]   out: 0000010002490000 000000010d814000 000000010ba29940 0000000000000000
[mtlr]   out: 0000007700000000 0000000000004000 00000002c5cc2dab 0000000000369e4c
[mtlr] resource2 sel8 flags 470 sz 0x1000 -> kr 0x00000000 rid 119 GPUVA 0x10002490000 cpu 10d814000
[mtlr]   out: 0000010002490000 000000010d814000 000000010ba29940 0000000000000000
[mtlr]   out: 0000007700000000 0000000000004000 00000002c5cc2dac 0000000000369e4d
[mtlr] resource2 sel8 flags 470 sz 0x1000 -> kr 0x00000000 rid 119 GPUVA 0x10002490000 cpu 10d814000
[mtlr]   out: 0000010002490000 000000010d814000 000000010ba29940 0000000000000000
[mtlr]   out: 0000007700000000 0000000000004000 00000002c5cc2dad 0000000000369e4e
[mtlr] resource2 sel8 flags 470 sz 0x1000 -> kr 0x00000000 rid 119 GPUVA 0x10002490000 cpu 10d814000
[mtlr]   out: 0000010002490000 000000010d814000 000000010ba29940 0000000000000000
[mtlr]   out: 0000007700000000 0000000000004000 00000002c5cc2dae 0000000000369e4f
[mtlr] resource2 sel8 flags 470 sz 0x1000 -> kr 0x00000000 rid 119 GPUVA 0x10002490000 cpu 10d814000
[mtlr]   out: 0000010002490000 000000010d814000 000000010ba29940 0000000000000000
[mtlr]   out: 0000007700000000 0000000000004000 00000002c5cc2daf 0000000000369e50
[mtlr] resource2 sel8 flags 470 sz 0x1000 -> kr 0x00000000 rid 119 GPUVA 0x10002490000 cpu 10d814000
[mtlr]   out: 0000010002490000 000000010d814000 000000010ba29940 0000000000000000
[mtlr]   out: 0000007700000000 0000000000004000 00000002c5cc2db0 0000000000369e51
[mtlr] resource2 sel8 flags 470 sz 0x1000 -> kr 0x00000000 rid 119 GPUVA 0x10002490000 cpu 10d814000
[mtlr]   out: 0000010002490000 000000010d814000 000000010ba29940 0000000000000000
[mtlr]   out: 0000007700000000 0000000000004000 00000002c5cc2db1 0000000000369e52
[mtlr] resource2 sel8 flags 470 sz 0x1000 -> kr 0x00000000 rid 119 GPUVA 0x10002490000 cpu 10d814000
[mtlr]   out: 0000010002490000 000000010d814000 000000010ba29940 0000000000000000
[mtlr]   out: 0000007700000000 0000000000004000 00000002c5cc2db2 0000000000369e53
[mtlr] resource2 sel8 flags 470 sz 0x1000 -> kr 0x00000000 rid 119 GPUVA 0x10002490000 cpu 10d814000
[mtlr]   out: 0000010002490000 000000010d814000 000000010ba29940 0000000000000000
[mtlr]   out: 0000007700000000 0000000000004000 00000002c5cc2db3 0000000000369e54
[mtlr] resource2 sel8 flags 470 sz 0x1000 -> kr 0x00000000 rid 119 GPUVA 0x10002490000 cpu 10d814000
[mtlr]   out: 0000010002490000 000000010d814000 000000010ba29940 0000000000000000
[mtlr]   out: 0000007700000000 0000000000004000 00000002c5cc2db4 0000000000369e55
[mtlr] resource2 sel8 flags 470 sz 0x1000 -> kr 0x00000000 rid 119 GPUVA 0x10002490000 cpu 10d814000
[mtlr]   out: 0000010002490000 000000010d814000 000000010ba29940 0000000000000000
[mtlr]   out: 0000007700000000 0000000000004000 00000002c5cc2db5 0000000000369e56
[mtlr] resource2 sel8 flags 470 sz 0x1000 -> kr 0x00000000 rid 119 GPUVA 0x10002490000 cpu 10d814000
[mtlr]   out: 0000010002490000 000000010d814000 000000010ba29940 0000000000000000
[mtlr]   out: 0000007700000000 0000000000004000 00000002c5cc2db6 0000000000369e57
[mtlr] resource2 sel8 flags 470 sz 0x1000 -> kr 0x00000000 rid 119 GPUVA 0x10002490000 cpu 10d814000
[mtlr]   out: 0000010002490000 000000010d814000 000000010ba29940 0000000000000000
[mtlr]   out: 0000007700000000 0000000000004000 00000002c5cc2db7 0000000000369e58
[mtlr] resource2 sel8 flags 470 sz 0x1000 -> kr 0x00000000 rid 119 GPUVA 0x10002490000 cpu 10d814000
[mtlr]   out: 0000010002490000 000000010d814000 000000010ba29940 0000000000000000
[mtlr]   out: 0000007700000000 0000000000004000 00000002c5cc2db8 0000000000369e59
[mtlr] resource2 sel8 flags 470 sz 0x1000 -> kr 0x00000000 rid 119 GPUVA 0x10002490000 cpu 10d814000
[mtlr]   out: 0000010002490000 000000010d814000 000000010ba29940 0000000000000000
[mtlr]   out: 0000007700000000 0000000000004000 00000002c5cc2db9 0000000000369e5a
[mtlr] resource2 sel8 flags 470 sz 0x1000 -> kr 0x00000000 rid 119 GPUVA 0x10002490000 cpu 10d814000
[mtlr]   out: 0000010002490000 000000010d814000 000000010ba29940 0000000000000000
[mtlr]   out: 0000007700000000 0000000000004000 00000002c5cc2dba 0000000000369e5b
[mtlr] resource2 sel8 flags 470 sz 0x1000 -> kr 0x00000000 rid 119 GPUVA 0x10002490000 cpu 10d814000
[mtlr]   out: 0000010002490000 000000010d814000 000000010ba29940 0000000000000000
[mtlr]   out: 0000007700000000 0000000000004000 00000002c5cc2dbb 0000000000369e5c
[mtlr] resource2 sel8 flags 470 sz 0x1000 -> kr 0x00000000 rid 119 GPUVA 0x10002490000 cpu 10d814000
[mtlr]   out: 0000010002490000 000000010d814000 000000010ba29940 0000000000000000
[mtlr]   out: 0000007700000000 0000000000004000 00000002c5cc2dbc 0000000000369e5d
[mtlr] resource2 sel8 flags 470 sz 0x1000 -> kr 0x00000000 rid 119 GPUVA 0x10002490000 cpu 10d814000
[mtlr]   out: 0000010002490000 000000010d814000 000000010ba29940 0000000000000000
[mtlr]   out: 0000007700000000 0000000000004000 00000002c5cc2dbd 0000000000369e5e
[mtlr] resource2 sel8 flags 470 sz 0x1000 -> kr 0x00000000 rid 119 GPUVA 0x10002490000 cpu 10d814000
[mtlr]   out: 0000010002490000 000000010d814000 000000010ba29940 0000000000000000
[mtlr]   out: 0000007700000000 0000000000004000 00000002c5cc2dbe 0000000000369e5f
[mtlr] resource2 sel8 flags 470 sz 0x1000 -> kr 0x00000000 rid 119 GPUVA 0x10002490000 cpu 10d814000
[mtlr]   out: 0000010002490000 000000010d814000 000000010ba29940 0000000000000000
[mtlr]   out: 0000007700000000 0000000000004000 00000002c5cc2dbf 0000000000369e60
[mtlr] resource2 sel8 flags 470 sz 0x1000 -> kr 0x00000000 rid 119 GPUVA 0x10002490000 cpu 10d814000
[mtlr]   out: 0000010002490000 000000010d814000 000000010ba29940 0000000000000000
[mtlr]   out: 0000007700000000 0000000000004000 00000002c5cc2dc0 0000000000369e61
[mtlr] resource2 sel8 flags 470 sz 0x1000 -> kr 0x00000000 rid 119 GPUVA 0x10002490000 cpu 10d814000
[mtlr]   out: 0000010002490000 000000010d814000 000000010ba29940 0000000000000000
[mtlr]   out: 0000007700000000 0000000000004000 00000002c5cc2dc1 0000000000369e62
[mtlr] resource2 sel8 flags 470 sz 0x1000 -> kr 0x00000000 rid 119 GPUVA 0x10002490000 cpu 10d814000
[mtlr]   out: 0000010002490000 000000010d814000 000000010ba29940 0000000000000000
[mtlr]   out: 0000007700000000 0000000000004000 00000002c5cc2dc2 0000000000369e63
[mtlr] resource2 sel8 flags 470 sz 0x1000 -> kr 0x00000000 rid 119 GPUVA 0x10002490000 cpu 10d814000
[mtlr]   out: 0000010002490000 000000010d814000 000000010ba29940 0000000000000000
[mtlr]   out: 0000007700000000 0000000000004000 00000002c5cc2dc3 0000000000369e64
[mtlr] resource2 sel8 flags 470 sz 0x1000 -> kr 0x00000000 rid 119 GPUVA 0x10002490000 cpu 10d814000
[mtlr]   out: 0000010002490000 000000010d814000 000000010ba29940 0000000000000000
[mtlr]   out: 0000007700000000 0000000000004000 00000002c5cc2dc4 0000000000369e65
[mtlr] resource2 sel8 flags 470 sz 0x1000 -> kr 0x00000000 rid 119 GPUVA 0x10002490000 cpu 10d814000
[mtlr]   out: 0000010002490000 000000010d814000 000000010ba29940 0000000000000000
[mtlr]   out: 0000007700000000 0000000000004000 00000002c5cc2dc5 0000000000369e66
[mtlr] resource2 sel8 flags 470 sz 0x1000 -> kr 0x00000000 rid 119 GPUVA 0x10002490000 cpu 10d814000
[mtlr]   out: 0000010002490000 000000010d814000 000000010ba29940 0000000000000000
[mtlr]   out: 0000007700000000 0000000000004000 00000002c5cc2dc6 0000000000369e67
[mtlr] resource2 sel8 flags 470 sz 0x1000 -> kr 0x00000000 rid 119 GPUVA 0x10002490000 cpu 10d814000
[mtlr]   out: 0000010002490000 000000010d814000 000000010ba29940 0000000000000000
[mtlr]   out: 0000007700000000 0000000000004000 00000002c5cc2dc7 0000000000369e68
[mtlr] resource2 sel8 flags 470 sz 0x1000 -> kr 0x00000000 rid 119 GPUVA 0x10002490000 cpu 10d814000
[mtlr]   out: 0000010002490000 000000010d814000 000000010ba29940 0000000000000000
[mtlr]   out: 0000007700000000 0000000000004000 00000002c5cc2dc8 0000000000369e69
[mtlr] resource2 sel8 flags 470 sz 0x1000 -> kr 0x00000000 rid 119 GPUVA 0x10002490000 cpu 10d814000
[mtlr]   out: 0000010002490000 000000010d814000 000000010ba29940 0000000000000000
[mtlr]   out: 0000007700000000 0000000000004000 00000002c5cc2dc9 0000000000369e6a
[mtlr] resource2 sel8 flags 470 sz 0x1000 -> kr 0x00000000 rid 119 GPUVA 0x10002490000 cpu 10d814000
[mtlr]   out: 0000010002490000 000000010d814000 000000010ba29940 0000000000000000
[mtlr]   out: 0000007700000000 0000000000004000 00000002c5cc2dca 0000000000369e6b
[mtlr] resource2 sel8 flags 470 sz 0x1000 -> kr 0x00000000 rid 119 GPUVA 0x10002490000 cpu 10d814000
[mtlr]   out: 0000010002490000 000000010d814000 000000010ba29940 0000000000000000
[mtlr]   out: 0000007700000000 0000000000004000 00000002c5cc2dcb 0000000000369e6c
[uatrec] S4 r21 (+1s): nvv 8 ncb 8 vsz 0x100000 fill 0xfffffff007000000 destroy0 kr 0x00000000 nj 40
[uatrec] S4 r21 blit[0] slots 8 ridp 1
[uatrec] S4 r21 blit[1] slots 8 ridp 1
[uatrec] S4 r21 blit[2] slots 8 ridp 1
[uatrec] S4 r21 blit[3] slots 8 ridp 1
[uatrec] S4 r21 blit[4] slots 8 ridp 1
[uatrec] S4 r21 blit[5] slots 8 ridp 1
[uatrec] S4 r21 blit[6] slots 8 ridp 1
[uatrec] S4 r21 blit[7] slots 8 ridp 1
[mtlr] resource2 sel8 flags 470 sz 0x100000 -> kr 0x00000000 rid 119 GPUVA 0x10002490000 cpu 10d714000
[mtlr]   out: 0000010002490000 000000010d714000 000000010ba29940 0000000000000000
[mtlr]   out: 0000007700000000 0000000000100000 00000002c5cc2df7 0000000000369e6f
[uatrec] S4 r22 victim[0] rid 119 gpuva 0x10002490000 cpu 0x10d714000 (top-of-stack)
[mtlr] resource2 sel8 flags 470 sz 0x100000 -> kr 0x00000000 rid 120 GPUVA 0x10002598000 cpu 10d974000
[mtlr]   out: 0000010002598000 000000010d974000 000000010ba29a00 0000000000000000
[mtlr]   out: 0000007800000000 0000000000100000 00000002c5cc2df8 0000000000369e70
[uatrec] S4 r22 victim[1] rid 120 gpuva 0x10002598000 cpu 0x10d974000 (top-of-stack)
[mtlr] resource2 sel8 flags 470 sz 0x100000 -> kr 0x00000000 rid 121 GPUVA 0x100026a0000 cpu 10dae4000
[mtlr]   out: 00000100026a0000 000000010dae4000 000000010ba29ac0 0000000000000000
[mtlr]   out: 0000007900000000 0000000000100000 00000002c5cc2df9 0000000000369e71
[uatrec] S4 r22 victim[2] rid 121 gpuva 0x100026a0000 cpu 0x10dae4000 (top-of-stack)
[mtlr] resource2 sel8 flags 470 sz 0x100000 -> kr 0x00000000 rid 122 GPUVA 0x100027a8000 cpu 10dc54000
[mtlr]   out: 00000100027a8000 000000010dc54000 000000010ba29b80 0000000000000000
[mtlr]   out: 0000007a00000000 0000000000100000 00000002c5cc2dfa 0000000000369e72
[uatrec] S4 r22 victim[3] rid 122 gpuva 0x100027a8000 cpu 0x10dc54000 (top-of-stack)
[mtlr] resource2 sel8 flags 470 sz 0x100000 -> kr 0x00000000 rid 123 GPUVA 0x100028b0000 cpu 10de0c000
[mtlr]   out: 00000100028b0000 000000010de0c000 000000010ba29c40 0000000000000000
[mtlr]   out: 0000007b00000000 0000000000100000 00000002c5cc2dfb 0000000000369e73
[uatrec] S4 r22 victim[4] rid 123 gpuva 0x100028b0000 cpu 0x10de0c000 (top-of-stack)
[mtlr] resource2 sel8 flags 470 sz 0x100000 -> kr 0x00000000 rid 124 GPUVA 0x100029b8000 cpu 10ce14000
[mtlr]   out: 00000100029b8000 000000010ce14000 000000010ba29d00 0000000000000000
[mtlr]   out: 0000007c00000000 0000000000100000 00000002c5cc2e03 0000000000369e74
[uatrec] S4 r22 victim[5] rid 124 gpuva 0x100029b8000 cpu 0x10ce14000 (top-of-stack)
[mtlr] resource2 sel8 flags 470 sz 0x100000 -> kr 0x00000000 rid 125 GPUVA 0x10002ac0000 cpu 10cf14000
[mtlr]   out: 0000010002ac0000 000000010cf14000 000000010ba29dc0 0000000000000000
[mtlr]   out: 0000007d00000000 0000000000100000 00000002c5cc2e04 0000000000369e75
[uatrec] S4 r22 victim[6] rid 125 gpuva 0x10002ac0000 cpu 0x10cf14000 (top-of-stack)
[mtlr] resource2 sel8 flags 470 sz 0x100000 -> kr 0x00000000 rid 126 GPUVA 0x10002bc8000 cpu 10d014000
[mtlr]   out: 0000010002bc8000 000000010d014000 000000010ba29e80 0000000000000000
[mtlr]   out: 0000007e00000000 0000000000100000 00000002c5cc2e0f 0000000000369e76
[uatrec] S4 r22 victim[7] rid 126 gpuva 0x10002bc8000 cpu 0x10d014000 (top-of-stack)
[mtlr] resource2 sel8 flags 470 sz 0x1000 -> kr 0x00000000 rid 119 GPUVA 0x10002490000 cpu 10d814000
[mtlr]   out: 0000010002490000 000000010d814000 000000010ba29940 0000000000000000
[mtlr]   out: 0000007700000000 0000000000004000 00000002c5cc2e2b 0000000000369e80
[mtlr] resource2 sel8 flags 470 sz 0x1000 -> kr 0x00000000 rid 119 GPUVA 0x10002490000 cpu 10d814000
[mtlr]   out: 0000010002490000 000000010d814000 000000010ba29940 0000000000000000
[mtlr]   out: 0000007700000000 0000000000004000 00000002c5cc2e2c 0000000000369e81
[mtlr] resource2 sel8 flags 470 sz 0x1000 -> kr 0x00000000 rid 119 GPUVA 0x10002490000 cpu 10d814000
[mtlr]   out: 0000010002490000 000000010d814000 000000010ba29940 0000000000000000
[mtlr]   out: 0000007700000000 0000000000004000 00000002c5cc2e2d 0000000000369e82
[mtlr] resource2 sel8 flags 470 sz 0x1000 -> kr 0x00000000 rid 119 GPUVA 0x10002490000 cpu 10d814000
[mtlr]   out: 0000010002490000 000000010d814000 000000010ba29940 0000000000000000
[mtlr]   out: 0000007700000000 0000000000004000 00000002c5cc2e2e 0000000000369e83
[mtlr] resource2 sel8 flags 470 sz 0x1000 -> kr 0x00000000 rid 119 GPUVA 0x10002490000 cpu 10d814000
[mtlr]   out: 0000010002490000 000000010d814000 000000010ba29940 0000000000000000
[mtlr]   out: 0000007700000000 0000000000004000 00000002c5cc2e2f 0000000000369e84
[mtlr] resource2 sel8 flags 470 sz 0x1000 -> kr 0x00000000 rid 119 GPUVA 0x10002490000 cpu 10d814000
[mtlr]   out: 0000010002490000 000000010d814000 000000010ba29940 0000000000000000
[mtlr]   out: 0000007700000000 0000000000004000 00000002c5cc2e30 0000000000369e85
[mtlr] resource2 sel8 flags 470 sz 0x1000 -> kr 0x00000000 rid 119 GPUVA 0x10002490000 cpu 10d814000
[mtlr]   out: 0000010002490000 000000010d814000 000000010ba29940 0000000000000000
[mtlr]   out: 0000007700000000 0000000000004000 00000002c5cc2e31 0000000000369e86
[mtlr] resource2 sel8 flags 470 sz 0x1000 -> kr 0x00000000 rid 119 GPUVA 0x10002490000 cpu 10d814000
[mtlr]   out: 0000010002490000 000000010d814000 000000010ba29940 0000000000000000
[mtlr]   out: 0000007700000000 0000000000004000 00000002c5cc2e32 0000000000369e87
[mtlr] resource2 sel8 flags 470 sz 0x1000 -> kr 0x00000000 rid 119 GPUVA 0x10002490000 cpu 10d814000
[mtlr]   out: 0000010002490000 000000010d814000 000000010ba29940 0000000000000000
[mtlr]   out: 0000007700000000 0000000000004000 00000002c5cc2e33 0000000000369e88
[mtlr] resource2 sel8 flags 470 sz 0x1000 -> kr 0x00000000 rid 119 GPUVA 0x10002490000 cpu 10d814000
[mtlr]   out: 0000010002490000 000000010d814000 000000010ba29940 0000000000000000
[mtlr]   out: 0000007700000000 0000000000004000 00000002c5cc2e34 0000000000369e89
[mtlr] resource2 sel8 flags 470 sz 0x1000 -> kr 0x00000000 rid 119 GPUVA 0x10002490000 cpu 10d814000
[mtlr]   out: 0000010002490000 000000010d814000 000000010ba29940 0000000000000000
[mtlr]   out: 0000007700000000 0000000000004000 00000002c5cc2e35 0000000000369e8a
[mtlr] resource2 sel8 flags 470 sz 0x1000 -> kr 0x00000000 rid 119 GPUVA 0x10002490000 cpu 10d814000
[mtlr]   out: 0000010002490000 000000010d814000 000000010ba29940 0000000000000000
[mtlr]   out: 0000007700000000 0000000000004000 00000002c5cc2e36 0000000000369e8b
[mtlr] resource2 sel8 flags 470 sz 0x1000 -> kr 0x00000000 rid 119 GPUVA 0x10002490000 cpu 10d814000
[mtlr]   out: 0000010002490000 000000010d814000 000000010ba29940 0000000000000000
[mtlr]   out: 0000007700000000 0000000000004000 00000002c5cc2e37 0000000000369e8c
[mtlr] resource2 sel8 flags 470 sz 0x1000 -> kr 0x00000000 rid 119 GPUVA 0x10002490000 cpu 10d814000
[mtlr]   out: 0000010002490000 000000010d814000 000000010ba29940 0000000000000000
[mtlr]   out: 0000007700000000 0000000000004000 00000002c5cc2e38 0000000000369e8d
[mtlr] resource2 sel8 flags 470 sz 0x1000 -> kr 0x00000000 rid 119 GPUVA 0x10002490000 cpu 10d814000
[mtlr]   out: 0000010002490000 000000010d814000 000000010ba29940 0000000000000000
[mtlr]   out: 0000007700000000 0000000000004000 00000002c5cc2e39 0000000000369e8e
[mtlr] resource2 sel8 flags 470 sz 0x1000 -> kr 0x00000000 rid 119 GPUVA 0x10002490000 cpu 10d814000
[mtlr]   out: 0000010002490000 000000010d814000 000000010ba29940 0000000000000000
[mtlr]   out: 0000007700000000 0000000000004000 00000002c5cc2e3a 0000000000369e8f
[mtlr] resource2 sel8 flags 470 sz 0x1000 -> kr 0x00000000 rid 119 GPUVA 0x10002490000 cpu 10d814000
[mtlr]   out: 0000010002490000 000000010d814000 000000010ba29940 0000000000000000
[mtlr]   out: 0000007700000000 0000000000004000 00000002c5cc2e3b 0000000000369e90
[mtlr] resource2 sel8 flags 470 sz 0x1000 -> kr 0x00000000 rid 119 GPUVA 0x10002490000 cpu 10d814000
[mtlr]   out: 0000010002490000 000000010d814000 000000010ba29940 0000000000000000
[mtlr]   out: 0000007700000000 0000000000004000 00000002c5cc2e3c 0000000000369e91
[mtlr] resource2 sel8 flags 470 sz 0x1000 -> kr 0x00000000 rid 119 GPUVA 0x10002490000 cpu 10d814000
[mtlr]   out: 0000010002490000 000000010d814000 000000010ba29940 0000000000000000
[mtlr]   out: 0000007700000000 0000000000004000 00000002c5cc2e3d 0000000000369e92
[mtlr] resource2 sel8 flags 470 sz 0x1000 -> kr 0x00000000 rid 119 GPUVA 0x10002490000 cpu 10d814000
[mtlr]   out: 0000010002490000 000000010d814000 000000010ba29940 0000000000000000
[mtlr]   out: 0000007700000000 0000000000004000 00000002c5cc2e3e 0000000000369e93
[mtlr] resource2 sel8 flags 470 sz 0x1000 -> kr 0x00000000 rid 119 GPUVA 0x10002490000 cpu 10d814000
[mtlr]   out: 0000010002490000 000000010d814000 000000010ba29940 0000000000000000
[mtlr]   out: 0000007700000000 0000000000004000 00000002c5cc2e3f 0000000000369e94
[mtlr] resource2 sel8 flags 470 sz 0x1000 -> kr 0x00000000 rid 119 GPUVA 0x10002490000 cpu 10d814000
[mtlr]   out: 0000010002490000 000000010d814000 000000010ba29940 0000000000000000
[mtlr]   out: 0000007700000000 0000000000004000 00000002c5cc2e40 0000000000369e95
[mtlr] resource2 sel8 flags 470 sz 0x1000 -> kr 0x00000000 rid 119 GPUVA 0x10002490000 cpu 10d814000
[mtlr]   out: 0000010002490000 000000010d814000 000000010ba29940 0000000000000000
[mtlr]   out: 0000007700000000 0000000000004000 00000002c5cc2e41 0000000000369e96
[mtlr] resource2 sel8 flags 470 sz 0x1000 -> kr 0x00000000 rid 119 GPUVA 0x10002490000 cpu 10d814000
[mtlr]   out: 0000010002490000 000000010d814000 000000010ba29940 0000000000000000
[mtlr]   out: 0000007700000000 0000000000004000 00000002c5cc2e42 0000000000369e97
[mtlr] resource2 sel8 flags 470 sz 0x1000 -> kr 0x00000000 rid 119 GPUVA 0x10002490000 cpu 10d814000
[mtlr]   out: 0000010002490000 000000010d814000 000000010ba29940 0000000000000000
[mtlr]   out: 0000007700000000 0000000000004000 00000002c5cc2e43 0000000000369e98
[mtlr] resource2 sel8 flags 470 sz 0x1000 -> kr 0x00000000 rid 119 GPUVA 0x10002490000 cpu 10d814000
[mtlr]   out: 0000010002490000 000000010d814000 000000010ba29940 0000000000000000
[mtlr]   out: 0000007700000000 0000000000004000 00000002c5cc2e44 0000000000369e99
[mtlr] resource2 sel8 flags 470 sz 0x1000 -> kr 0x00000000 rid 119 GPUVA 0x10002490000 cpu 10d814000
[mtlr]   out: 0000010002490000 000000010d814000 000000010ba29940 0000000000000000
[mtlr]   out: 0000007700000000 0000000000004000 00000002c5cc2e45 0000000000369e9a
[mtlr] resource2 sel8 flags 470 sz 0x1000 -> kr 0x00000000 rid 119 GPUVA 0x10002490000 cpu 10d814000
[mtlr]   out: 0000010002490000 000000010d814000 000000010ba29940 0000000000000000
[mtlr]   out: 0000007700000000 0000000000004000 00000002c5cc2e46 0000000000369e9b
[mtlr] resource2 sel8 flags 470 sz 0x1000 -> kr 0x00000000 rid 119 GPUVA 0x10002490000 cpu 10d814000
[mtlr]   out: 0000010002490000 000000010d814000 000000010ba29940 0000000000000000
[mtlr]   out: 0000007700000000 0000000000004000 00000002c5cc2e47 0000000000369e9c
[mtlr] resource2 sel8 flags 470 sz 0x1000 -> kr 0x00000000 rid 119 GPUVA 0x10002490000 cpu 10d814000
[mtlr]   out: 0000010002490000 000000010d814000 000000010ba29940 0000000000000000
[mtlr]   out: 0000007700000000 0000000000004000 00000002c5cc2e48 0000000000369e9d
[mtlr] resource2 sel8 flags 470 sz 0x1000 -> kr 0x00000000 rid 119 GPUVA 0x10002490000 cpu 10d814000
[mtlr]   out: 0000010002490000 000000010d814000 000000010ba29940 0000000000000000
[mtlr]   out: 0000007700000000 0000000000004000 00000002c5cc2e49 0000000000369e9e
[mtlr] resource2 sel8 flags 470 sz 0x1000 -> kr 0x00000000 rid 119 GPUVA 0x10002490000 cpu 10d814000
[mtlr]   out: 0000010002490000 000000010d814000 000000010ba29940 0000000000000000
[mtlr]   out: 0000007700000000 0000000000004000 00000002c5cc2e4a 0000000000369e9f
[mtlr] resource2 sel8 flags 470 sz 0x1000 -> kr 0x00000000 rid 119 GPUVA 0x10002490000 cpu 10d814000
[mtlr]   out: 0000010002490000 000000010d814000 000000010ba29940 0000000000000000
[mtlr]   out: 0000007700000000 0000000000004000 00000002c5cc2e4b 0000000000369ea0
[mtlr] resource2 sel8 flags 470 sz 0x1000 -> kr 0x00000000 rid 119 GPUVA 0x10002490000 cpu 10d814000
[mtlr]   out: 0000010002490000 000000010d814000 000000010ba29940 0000000000000000
[mtlr]   out: 0000007700000000 0000000000004000 00000002c5cc2e4c 0000000000369ea1
[mtlr] resource2 sel8 flags 470 sz 0x1000 -> kr 0x00000000 rid 119 GPUVA 0x10002490000 cpu 10d814000
[mtlr]   out: 0000010002490000 000000010d814000 000000010ba29940 0000000000000000
[mtlr]   out: 0000007700000000 0000000000004000 00000002c5cc2e4d 0000000000369ea2
[mtlr] resource2 sel8 flags 470 sz 0x1000 -> kr 0x00000000 rid 119 GPUVA 0x10002490000 cpu 10d814000
[mtlr]   out: 0000010002490000 000000010d814000 000000010ba29940 0000000000000000
[mtlr]   out: 0000007700000000 0000000000004000 00000002c5cc2e4e 0000000000369ea3
[mtlr] resource2 sel8 flags 470 sz 0x1000 -> kr 0x00000000 rid 119 GPUVA 0x10002490000 cpu 10d814000
[mtlr]   out: 0000010002490000 000000010d814000 000000010ba29940 0000000000000000
[mtlr]   out: 0000007700000000 0000000000004000 00000002c5cc2e4f 0000000000369ea4
[mtlr] resource2 sel8 flags 470 sz 0x1000 -> kr 0x00000000 rid 119 GPUVA 0x10002490000 cpu 10d814000
[mtlr]   out: 0000010002490000 000000010d814000 000000010ba29940 0000000000000000
[mtlr]   out: 0000007700000000 0000000000004000 00000002c5cc2e50 0000000000369ea5
[mtlr] resource2 sel8 flags 470 sz 0x1000 -> kr 0x00000000 rid 119 GPUVA 0x10002490000 cpu 10d814000
[mtlr]   out: 0000010002490000 000000010d814000 000000010ba29940 0000000000000000
[mtlr]   out: 0000007700000000 0000000000004000 00000002c5cc2e51 0000000000369ea6
[mtlr] resource2 sel8 flags 470 sz 0x1000 -> kr 0x00000000 rid 119 GPUVA 0x10002490000 cpu 10d814000
[mtlr]   out: 0000010002490000 000000010d814000 000000010ba29940 0000000000000000
[mtlr]   out: 0000007700000000 0000000000004000 00000002c5cc2e52 0000000000369ea7
[uatrec] S4 r22 (+1s): nvv 8 ncb 8 vsz 0x100000 fill 0xfffffff007000000 destroy0 kr 0x00000000 nj 40
[uatrec] S4 r22 blit[0] slots 8 ridp 1
[uatrec] S4 r22 blit[1] slots 8 ridp 1
[uatrec] S4 r22 blit[2] slots 8 ridp 1
[uatrec] S4 r22 blit[3] slots 8 ridp 1
[uatrec] S4 r22 blit[4] slots 8 ridp 1
[uatrec] S4 r22 blit[5] slots 8 ridp 1
[uatrec] S4 r22 blit[6] slots 8 ridp 1
[uatrec] S4 r22 blit[7] slots 8 ridp 1
[mtlr] resource2 sel8 flags 470 sz 0x100000 -> kr 0x00000000 rid 119 GPUVA 0x10002490000 cpu 10ce14000
[mtlr]   out: 0000010002490000 000000010ce14000 000000010ba29940 0000000000000000
[mtlr]   out: 0000007700000000 0000000000100000 00000002c5cc2e74 0000000000369eaa
[uatrec] S4 r23 victim[0] rid 119 gpuva 0x10002490000 cpu 0x10ce14000 (top-of-stack)
[mtlr] resource2 sel8 flags 470 sz 0x100000 -> kr 0x00000000 rid 120 GPUVA 0x10002598000 cpu 10cf14000
[mtlr]   out: 0000010002598000 000000010cf14000 000000010ba29a00 0000000000000000
[mtlr]   out: 0000007800000000 0000000000100000 00000002c5cc2e7f 0000000000369eab
[uatrec] S4 r23 victim[1] rid 120 gpuva 0x10002598000 cpu 0x10cf14000 (top-of-stack)
[mtlr] resource2 sel8 flags 470 sz 0x100000 -> kr 0x00000000 rid 121 GPUVA 0x100026a0000 cpu 10d014000
[mtlr]   out: 00000100026a0000 000000010d014000 000000010ba29ac0 0000000000000000
[mtlr]   out: 0000007900000000 0000000000100000 00000002c5cc2e81 0000000000369eac
[uatrec] S4 r23 victim[2] rid 121 gpuva 0x100026a0000 cpu 0x10d014000 (top-of-stack)
[mtlr] resource2 sel8 flags 470 sz 0x100000 -> kr 0x00000000 rid 122 GPUVA 0x100027a8000 cpu 10d114000
[mtlr]   out: 00000100027a8000 000000010d114000 000000010ba29b80 0000000000000000
[mtlr]   out: 0000007a00000000 0000000000100000 00000002c5cc2e88 0000000000369ead
[uatrec] S4 r23 victim[3] rid 122 gpuva 0x100027a8000 cpu 0x10d114000 (top-of-stack)
[mtlr] resource2 sel8 flags 470 sz 0x100000 -> kr 0x00000000 rid 123 GPUVA 0x100028b0000 cpu 10d214000
[mtlr]   out: 00000100028b0000 000000010d214000 000000010ba29c40 0000000000000000
[mtlr]   out: 0000007b00000000 0000000000100000 00000002c5cc2e89 0000000000369eae
[uatrec] S4 r23 victim[4] rid 123 gpuva 0x100028b0000 cpu 0x10d214000 (top-of-stack)
[mtlr] resource2 sel8 flags 470 sz 0x100000 -> kr 0x00000000 rid 124 GPUVA 0x100029b8000 cpu 10d314000
[mtlr]   out: 00000100029b8000 000000010d314000 000000010ba29d00 0000000000000000
[mtlr]   out: 0000007c00000000 0000000000100000 00000002c5cc2e8a 0000000000369eaf
[uatrec] S4 r23 victim[5] rid 124 gpuva 0x100029b8000 cpu 0x10d314000 (top-of-stack)
[mtlr] resource2 sel8 flags 470 sz 0x100000 -> kr 0x00000000 rid 125 GPUVA 0x10002ac0000 cpu 10d414000
[mtlr]   out: 0000010002ac0000 000000010d414000 000000010ba29dc0 0000000000000000
[mtlr]   out: 0000007d00000000 0000000000100000 00000002c5cc2e8b 0000000000369eb0
[uatrec] S4 r23 victim[6] rid 125 gpuva 0x10002ac0000 cpu 0x10d414000 (top-of-stack)
[mtlr] resource2 sel8 flags 470 sz 0x100000 -> kr 0x00000000 rid 126 GPUVA 0x10002bc8000 cpu 10d514000
[mtlr]   out: 0000010002bc8000 000000010d514000 000000010ba29e80 0000000000000000
[mtlr]   out: 0000007e00000000 0000000000100000 00000002c5cc2e8c 0000000000369eb1
[uatrec] S4 r23 victim[7] rid 126 gpuva 0x10002bc8000 cpu 0x10d514000 (top-of-stack)
[mtlr] resource2 sel8 flags 470 sz 0x1000 -> kr 0x00000000 rid 119 GPUVA 0x10002490000 cpu 10d814000
[mtlr]   out: 0000010002490000 000000010d814000 000000010ba29940 0000000000000000
[mtlr]   out: 0000007700000000 0000000000004000 00000002c5cc2ea8 0000000000369ebb
[mtlr] resource2 sel8 flags 470 sz 0x1000 -> kr 0x00000000 rid 119 GPUVA 0x10002490000 cpu 10d814000
[mtlr]   out: 0000010002490000 000000010d814000 000000010ba29940 0000000000000000
[mtlr]   out: 0000007700000000 0000000000004000 00000002c5cc2ea9 0000000000369ebc
[mtlr] resource2 sel8 flags 470 sz 0x1000 -> kr 0x00000000 rid 119 GPUVA 0x10002490000 cpu 10d814000
[mtlr]   out: 0000010002490000 000000010d814000 000000010ba29940 0000000000000000
[mtlr]   out: 0000007700000000 0000000000004000 00000002c5cc2eaa 0000000000369ebd
[mtlr] resource2 sel8 flags 470 sz 0x1000 -> kr 0x00000000 rid 119 GPUVA 0x10002490000 cpu 10d814000
[mtlr]   out: 0000010002490000 000000010d814000 000000010ba29940 0000000000000000
[mtlr]   out: 0000007700000000 0000000000004000 00000002c5cc2eab 0000000000369ebe
[mtlr] resource2 sel8 flags 470 sz 0x1000 -> kr 0x00000000 rid 119 GPUVA 0x10002490000 cpu 10d814000
[mtlr]   out: 0000010002490000 000000010d814000 000000010ba29940 0000000000000000
[mtlr]   out: 0000007700000000 0000000000004000 00000002c5cc2eac 0000000000369ebf
[mtlr] resource2 sel8 flags 470 sz 0x1000 -> kr 0x00000000 rid 119 GPUVA 0x10002490000 cpu 10d814000
[mtlr]   out: 0000010002490000 000000010d814000 000000010ba29940 0000000000000000
[mtlr]   out: 0000007700000000 0000000000004000 00000002c5cc2ead 0000000000369ec0
[mtlr] resource2 sel8 flags 470 sz 0x1000 -> kr 0x00000000 rid 119 GPUVA 0x10002490000 cpu 10d814000
[mtlr]   out: 0000010002490000 000000010d814000 000000010ba29940 0000000000000000
[mtlr]   out: 0000007700000000 0000000000004000 00000002c5cc2eae 0000000000369ec1
[mtlr] resource2 sel8 flags 470 sz 0x1000 -> kr 0x00000000 rid 119 GPUVA 0x10002490000 cpu 10d814000
[mtlr]   out: 0000010002490000 000000010d814000 000000010ba29940 0000000000000000
[mtlr]   out: 0000007700000000 0000000000004000 00000002c5cc2eaf 0000000000369ec2
[mtlr] resource2 sel8 flags 470 sz 0x1000 -> kr 0x00000000 rid 119 GPUVA 0x10002490000 cpu 10d814000
[mtlr]   out: 0000010002490000 000000010d814000 000000010ba29940 0000000000000000
[mtlr]   out: 0000007700000000 0000000000004000 00000002c5cc2eb0 0000000000369ec3
[mtlr] resource2 sel8 flags 470 sz 0x1000 -> kr 0x00000000 rid 119 GPUVA 0x10002490000 cpu 10d814000
[mtlr]   out: 0000010002490000 000000010d814000 000000010ba29940 0000000000000000
[mtlr]   out: 0000007700000000 0000000000004000 00000002c5cc2eb1 0000000000369ec4
[mtlr] resource2 sel8 flags 470 sz 0x1000 -> kr 0x00000000 rid 119 GPUVA 0x10002490000 cpu 10d814000
[mtlr]   out: 0000010002490000 000000010d814000 000000010ba29940 0000000000000000
[mtlr]   out: 0000007700000000 0000000000004000 00000002c5cc2eb2 0000000000369ec5
[mtlr] resource2 sel8 flags 470 sz 0x1000 -> kr 0x00000000 rid 119 GPUVA 0x10002490000 cpu 10d814000
[mtlr]   out: 0000010002490000 000000010d814000 000000010ba29940 0000000000000000
[mtlr]   out: 0000007700000000 0000000000004000 00000002c5cc2eb3 0000000000369ec6
[mtlr] resource2 sel8 flags 470 sz 0x1000 -> kr 0x00000000 rid 119 GPUVA 0x10002490000 cpu 10d814000
[mtlr]   out: 0000010002490000 000000010d814000 000000010ba29940 0000000000000000
[mtlr]   out: 0000007700000000 0000000000004000 00000002c5cc2eb4 0000000000369ec7
[mtlr] resource2 sel8 flags 470 sz 0x1000 -> kr 0x00000000 rid 119 GPUVA 0x10002490000 cpu 10d814000
[mtlr]   out: 0000010002490000 000000010d814000 000000010ba29940 0000000000000000
[mtlr]   out: 0000007700000000 0000000000004000 00000002c5cc2eb5 0000000000369ec8
[mtlr] resource2 sel8 flags 470 sz 0x1000 -> kr 0x00000000 rid 119 GPUVA 0x10002490000 cpu 10d814000
[mtlr]   out: 0000010002490000 000000010d814000 000000010ba29940 0000000000000000
[mtlr]   out: 0000007700000000 0000000000004000 00000002c5cc2eb6 0000000000369ec9
[mtlr] resource2 sel8 flags 470 sz 0x1000 -> kr 0x00000000 rid 119 GPUVA 0x10002490000 cpu 10d814000
[mtlr]   out: 0000010002490000 000000010d814000 000000010ba29940 0000000000000000
[mtlr]   out: 0000007700000000 0000000000004000 00000002c5cc2eb7 0000000000369eca
[mtlr] resource2 sel8 flags 470 sz 0x1000 -> kr 0x00000000 rid 119 GPUVA 0x10002490000 cpu 10d814000
[mtlr]   out: 0000010002490000 000000010d814000 000000010ba29940 0000000000000000
[mtlr]   out: 0000007700000000 0000000000004000 00000002c5cc2eb8 0000000000369ecb
[mtlr] resource2 sel8 flags 470 sz 0x1000 -> kr 0x00000000 rid 119 GPUVA 0x10002490000 cpu 10d814000
[mtlr]   out: 0000010002490000 000000010d814000 000000010ba29940 0000000000000000
[mtlr]   out: 0000007700000000 0000000000004000 00000002c5cc2eb9 0000000000369ecc
[mtlr] resource2 sel8 flags 470 sz 0x1000 -> kr 0x00000000 rid 119 GPUVA 0x10002490000 cpu 10d814000
[mtlr]   out: 0000010002490000 000000010d814000 000000010ba29940 0000000000000000
[mtlr]   out: 0000007700000000 0000000000004000 00000002c5cc2eba 0000000000369ecd
[mtlr] resource2 sel8 flags 470 sz 0x1000 -> kr 0x00000000 rid 119 GPUVA 0x10002490000 cpu 10d814000
[mtlr]   out: 0000010002490000 000000010d814000 000000010ba29940 0000000000000000
[mtlr]   out: 0000007700000000 0000000000004000 00000002c5cc2ebb 0000000000369ece
[mtlr] resource2 sel8 flags 470 sz 0x1000 -> kr 0x00000000 rid 119 GPUVA 0x10002490000 cpu 10d814000
[mtlr]   out: 0000010002490000 000000010d814000 000000010ba29940 0000000000000000
[mtlr]   out: 0000007700000000 0000000000004000 00000002c5cc2ebc 0000000000369ecf
[mtlr] resource2 sel8 flags 470 sz 0x1000 -> kr 0x00000000 rid 119 GPUVA 0x10002490000 cpu 10d814000
[mtlr]   out: 0000010002490000 000000010d814000 000000010ba29940 0000000000000000
[mtlr]   out: 0000007700000000 0000000000004000 00000002c5cc2ebd 0000000000369ed0
[mtlr] resource2 sel8 flags 470 sz 0x1000 -> kr 0x00000000 rid 119 GPUVA 0x10002490000 cpu 10d814000
[mtlr]   out: 0000010002490000 000000010d814000 000000010ba29940 0000000000000000
[mtlr]   out: 0000007700000000 0000000000004000 00000002c5cc2ebe 0000000000369ed1
[mtlr] resource2 sel8 flags 470 sz 0x1000 -> kr 0x00000000 rid 119 GPUVA 0x10002490000 cpu 10d814000
[mtlr]   out: 0000010002490000 000000010d814000 000000010ba29940 0000000000000000
[mtlr]   out: 0000007700000000 0000000000004000 00000002c5cc2ebf 0000000000369ed2
[mtlr] resource2 sel8 flags 470 sz 0x1000 -> kr 0x00000000 rid 119 GPUVA 0x10002490000 cpu 10d814000
[mtlr]   out: 0000010002490000 000000010d814000 000000010ba29940 0000000000000000
[mtlr]   out: 0000007700000000 0000000000004000 00000002c5cc2ec0 0000000000369ed3
[mtlr] resource2 sel8 flags 470 sz 0x1000 -> kr 0x00000000 rid 119 GPUVA 0x10002490000 cpu 10d814000
[mtlr]   out: 0000010002490000 000000010d814000 000000010ba29940 0000000000000000
[mtlr]   out: 0000007700000000 0000000000004000 00000002c5cc2ec1 0000000000369ed4
[mtlr] resource2 sel8 flags 470 sz 0x1000 -> kr 0x00000000 rid 119 GPUVA 0x10002490000 cpu 10d814000
[mtlr]   out: 0000010002490000 000000010d814000 000000010ba29940 0000000000000000
[mtlr]   out: 0000007700000000 0000000000004000 00000002c5cc2ec2 0000000000369ed5
[mtlr] resource2 sel8 flags 470 sz 0x1000 -> kr 0x00000000 rid 119 GPUVA 0x10002490000 cpu 10d814000
[mtlr]   out: 0000010002490000 000000010d814000 000000010ba29940 0000000000000000
[mtlr]   out: 0000007700000000 0000000000004000 00000002c5cc2ec3 0000000000369ed6
[mtlr] resource2 sel8 flags 470 sz 0x1000 -> kr 0x00000000 rid 119 GPUVA 0x10002490000 cpu 10d814000
[mtlr]   out: 0000010002490000 000000010d814000 000000010ba29940 0000000000000000
[mtlr]   out: 0000007700000000 0000000000004000 00000002c5cc2ec4 0000000000369ed7
[mtlr] resource2 sel8 flags 470 sz 0x1000 -> kr 0x00000000 rid 119 GPUVA 0x10002490000 cpu 10d814000
[mtlr]   out: 0000010002490000 000000010d814000 000000010ba29940 0000000000000000
[mtlr]   out: 0000007700000000 0000000000004000 00000002c5cc2ec5 0000000000369ed8
[mtlr] resource2 sel8 flags 470 sz 0x1000 -> kr 0x00000000 rid 119 GPUVA 0x10002490000 cpu 10d814000
[mtlr]   out: 0000010002490000 000000010d814000 000000010ba29940 0000000000000000
[mtlr]   out: 0000007700000000 0000000000004000 00000002c5cc2ec6 0000000000369ed9
[mtlr] resource2 sel8 flags 470 sz 0x1000 -> kr 0x00000000 rid 119 GPUVA 0x10002490000 cpu 10d814000
[mtlr]   out: 0000010002490000 000000010d814000 000000010ba29940 0000000000000000
[mtlr]   out: 0000007700000000 0000000000004000 00000002c5cc2ec7 0000000000369eda
[mtlr] resource2 sel8 flags 470 sz 0x1000 -> kr 0x00000000 rid 119 GPUVA 0x10002490000 cpu 10d814000
[mtlr]   out: 0000010002490000 000000010d814000 000000010ba29940 0000000000000000
[mtlr]   out: 0000007700000000 0000000000004000 00000002c5cc2ec8 0000000000369edb
[mtlr] resource2 sel8 flags 470 sz 0x1000 -> kr 0x00000000 rid 119 GPUVA 0x10002490000 cpu 10d814000
[mtlr]   out: 0000010002490000 000000010d814000 000000010ba29940 0000000000000000
[mtlr]   out: 0000007700000000 0000000000004000 00000002c5cc2ec9 0000000000369edc
[mtlr] resource2 sel8 flags 470 sz 0x1000 -> kr 0x00000000 rid 119 GPUVA 0x10002490000 cpu 10d814000
[mtlr]   out: 0000010002490000 000000010d814000 000000010ba29940 0000000000000000
[mtlr]   out: 0000007700000000 0000000000004000 00000002c5cc2eca 0000000000369edd
[mtlr] resource2 sel8 flags 470 sz 0x1000 -> kr 0x00000000 rid 119 GPUVA 0x10002490000 cpu 10d814000
[mtlr]   out: 0000010002490000 000000010d814000 000000010ba29940 0000000000000000
[mtlr]   out: 0000007700000000 0000000000004000 00000002c5cc2ecb 0000000000369ede
[mtlr] resource2 sel8 flags 470 sz 0x1000 -> kr 0x00000000 rid 119 GPUVA 0x10002490000 cpu 10d814000
[mtlr]   out: 0000010002490000 000000010d814000 000000010ba29940 0000000000000000
[mtlr]   out: 0000007700000000 0000000000004000 00000002c5cc2ecc 0000000000369edf
[mtlr] resource2 sel8 flags 470 sz 0x1000 -> kr 0x00000000 rid 119 GPUVA 0x10002490000 cpu 10d814000
[mtlr]   out: 0000010002490000 000000010d814000 000000010ba29940 0000000000000000
[mtlr]   out: 0000007700000000 0000000000004000 00000002c5cc2ecd 0000000000369ee0
[mtlr] resource2 sel8 flags 470 sz 0x1000 -> kr 0x00000000 rid 119 GPUVA 0x10002490000 cpu 10d814000
[mtlr]   out: 0000010002490000 000000010d814000 000000010ba29940 0000000000000000
[mtlr]   out: 0000007700000000 0000000000004000 00000002c5cc2ece 0000000000369ee1
[mtlr] resource2 sel8 flags 470 sz 0x1000 -> kr 0x00000000 rid 119 GPUVA 0x10002490000 cpu 10d814000
[mtlr]   out: 0000010002490000 000000010d814000 000000010ba29940 0000000000000000
[mtlr]   out: 0000007700000000 0000000000004000 00000002c5cc2ecf 0000000000369ee2
[uatrec] S4 r23 (+1s): nvv 8 ncb 8 vsz 0x100000 fill 0xfffffff007000000 destroy0 kr 0x00000000 nj 40
[uatrec] S4 r23 blit[0] slots 8 ridp 1
[uatrec] S4 r23 blit[1] slots 8 ridp 1
[uatrec] S4 r23 blit[2] slots 8 ridp 1
[uatrec] S4 r23 blit[3] slots 8 ridp 1
[uatrec] S4 r23 blit[4] slots 8 ridp 1
[uatrec] S4 r23 blit[5] slots 8 ridp 1
[uatrec] S4 r23 blit[6] slots 8 ridp 1
[uatrec] S4 r23 blit[7] slots 8 ridp 1
[mtlr] resource2 sel8 flags 470 sz 0x100000 -> kr 0x00000000 rid 119 GPUVA 0x10002490000 cpu 10d714000
[mtlr]   out: 0000010002490000 000000010d714000 000000010ba29940 0000000000000000
[mtlr]   out: 0000007700000000 0000000000100000 00000002c5cc2ef2 0000000000369ee5
[uatrec] S4 r24 victim[0] rid 119 gpuva 0x10002490000 cpu 0x10d714000 (top-of-stack)
[mtlr] resource2 sel8 flags 470 sz 0x100000 -> kr 0x00000000 rid 120 GPUVA 0x10002598000 cpu 10d974000
[mtlr]   out: 0000010002598000 000000010d974000 000000010ba29a00 0000000000000000
[mtlr]   out: 0000007800000000 0000000000100000 00000002c5cc2ef3 0000000000369ee6
[uatrec] S4 r24 victim[1] rid 120 gpuva 0x10002598000 cpu 0x10d974000 (top-of-stack)
[mtlr] resource2 sel8 flags 470 sz 0x100000 -> kr 0x00000000 rid 121 GPUVA 0x100026a0000 cpu 10dae4000
[mtlr]   out: 00000100026a0000 000000010dae4000 000000010ba29ac0 0000000000000000
[mtlr]   out: 0000007900000000 0000000000100000 00000002c5cc2ef6 0000000000369ee7
[uatrec] S4 r24 victim[2] rid 121 gpuva 0x100026a0000 cpu 0x10dae4000 (top-of-stack)
[mtlr] resource2 sel8 flags 470 sz 0x100000 -> kr 0x00000000 rid 122 GPUVA 0x100027a8000 cpu 10dc54000
[mtlr]   out: 00000100027a8000 000000010dc54000 000000010ba29b80 0000000000000000
[mtlr]   out: 0000007a00000000 0000000000100000 00000002c5cc2eff 0000000000369ee8
[uatrec] S4 r24 victim[3] rid 122 gpuva 0x100027a8000 cpu 0x10dc54000 (top-of-stack)
[mtlr] resource2 sel8 flags 470 sz 0x100000 -> kr 0x00000000 rid 123 GPUVA 0x100028b0000 cpu 10de0c000
[mtlr]   out: 00000100028b0000 000000010de0c000 000000010ba29c40 0000000000000000
[mtlr]   out: 0000007b00000000 0000000000100000 00000002c5cc2f00 0000000000369ee9
[uatrec] S4 r24 victim[4] rid 123 gpuva 0x100028b0000 cpu 0x10de0c000 (top-of-stack)
[mtlr] resource2 sel8 flags 470 sz 0x100000 -> kr 0x00000000 rid 124 GPUVA 0x100029b8000 cpu 10df0c000
[mtlr]   out: 00000100029b8000 000000010df0c000 000000010ba29d00 0000000000000000
[mtlr]   out: 0000007c00000000 0000000000100000 00000002c5cc2f01 0000000000369eea
[uatrec] S4 r24 victim[5] rid 124 gpuva 0x100029b8000 cpu 0x10df0c000 (top-of-stack)
[mtlr] resource2 sel8 flags 470 sz 0x100000 -> kr 0x00000000 rid 125 GPUVA 0x10002ac0000 cpu 10ce14000
[mtlr]   out: 0000010002ac0000 000000010ce14000 000000010ba29dc0 0000000000000000
[mtlr]   out: 0000007d00000000 0000000000100000 00000002c5cc2f02 0000000000369eeb
[uatrec] S4 r24 victim[6] rid 125 gpuva 0x10002ac0000 cpu 0x10ce14000 (top-of-stack)
[mtlr] resource2 sel8 flags 470 sz 0x100000 -> kr 0x00000000 rid 126 GPUVA 0x10002bc8000 cpu 10cf14000
[mtlr]   out: 0000010002bc8000 000000010cf14000 000000010ba29e80 0000000000000000
[mtlr]   out: 0000007e00000000 0000000000100000 00000002c5cc2f03 0000000000369eec
[uatrec] S4 r24 victim[7] rid 126 gpuva 0x10002bc8000 cpu 0x10cf14000 (top-of-stack)
[mtlr] resource2 sel8 flags 470 sz 0x1000 -> kr 0x00000000 rid 119 GPUVA 0x10002490000 cpu 10d814000
[mtlr]   out: 0000010002490000 000000010d814000 000000010ba29940 0000000000000000
[mtlr]   out: 0000007700000000 0000000000004000 00000002c5cc2f26 0000000000369ef6
[mtlr] resource2 sel8 flags 470 sz 0x1000 -> kr 0x00000000 rid 119 GPUVA 0x10002490000 cpu 10d814000
[mtlr]   out: 0000010002490000 000000010d814000 000000010ba29940 0000000000000000
[mtlr]   out: 0000007700000000 0000000000004000 00000002c5cc2f27 0000000000369ef7
[mtlr] resource2 sel8 flags 470 sz 0x1000 -> kr 0x00000000 rid 119 GPUVA 0x10002490000 cpu 10d814000
[mtlr]   out: 0000010002490000 000000010d814000 000000010ba29940 0000000000000000
[mtlr]   out: 0000007700000000 0000000000004000 00000002c5cc2f28 0000000000369ef8
[mtlr] resource2 sel8 flags 470 sz 0x1000 -> kr 0x00000000 rid 119 GPUVA 0x10002490000 cpu 10d814000
[mtlr]   out: 0000010002490000 000000010d814000 000000010ba29940 0000000000000000
[mtlr]   out: 0000007700000000 0000000000004000 00000002c5cc2f29 0000000000369ef9
[mtlr] resource2 sel8 flags 470 sz 0x1000 -> kr 0x00000000 rid 119 GPUVA 0x10002490000 cpu 10d814000
[mtlr]   out: 0000010002490000 000000010d814000 000000010ba29940 0000000000000000
[mtlr]   out: 0000007700000000 0000000000004000 00000002c5cc2f2a 0000000000369efa
[mtlr] resource2 sel8 flags 470 sz 0x1000 -> kr 0x00000000 rid 119 GPUVA 0x10002490000 cpu 10d814000
[mtlr]   out: 0000010002490000 000000010d814000 000000010ba29940 0000000000000000
[mtlr]   out: 0000007700000000 0000000000004000 00000002c5cc2f2b 0000000000369efb
[mtlr] resource2 sel8 flags 470 sz 0x1000 -> kr 0x00000000 rid 119 GPUVA 0x10002490000 cpu 10d814000
[mtlr]   out: 0000010002490000 000000010d814000 000000010ba29940 0000000000000000
[mtlr]   out: 0000007700000000 0000000000004000 00000002c5cc2f2c 0000000000369efc
[mtlr] resource2 sel8 flags 470 sz 0x1000 -> kr 0x00000000 rid 119 GPUVA 0x10002490000 cpu 10d814000
[mtlr]   out: 0000010002490000 000000010d814000 000000010ba29940 0000000000000000
[mtlr]   out: 0000007700000000 0000000000004000 00000002c5cc2f2d 0000000000369efd
[mtlr] resource2 sel8 flags 470 sz 0x1000 -> kr 0x00000000 rid 119 GPUVA 0x10002490000 cpu 10d814000
[mtlr]   out: 0000010002490000 000000010d814000 000000010ba29940 0000000000000000
[mtlr]   out: 0000007700000000 0000000000004000 00000002c5cc2f2e 0000000000369efe
[mtlr] resource2 sel8 flags 470 sz 0x1000 -> kr 0x00000000 rid 119 GPUVA 0x10002490000 cpu 10d814000
[mtlr]   out: 0000010002490000 000000010d814000 000000010ba29940 0000000000000000
[mtlr]   out: 0000007700000000 0000000000004000 00000002c5cc2f2f 0000000000369eff
[mtlr] resource2 sel8 flags 470 sz 0x1000 -> kr 0x00000000 rid 119 GPUVA 0x10002490000 cpu 10d814000
[mtlr]   out: 0000010002490000 000000010d814000 000000010ba29940 0000000000000000
[mtlr]   out: 0000007700000000 0000000000004000 00000002c5cc2f30 0000000000369f00
[mtlr] resource2 sel8 flags 470 sz 0x1000 -> kr 0x00000000 rid 119 GPUVA 0x10002490000 cpu 10d814000
[mtlr]   out: 0000010002490000 000000010d814000 000000010ba29940 0000000000000000
[mtlr]   out: 0000007700000000 0000000000004000 00000002c5cc2f31 0000000000369f01
[mtlr] resource2 sel8 flags 470 sz 0x1000 -> kr 0x00000000 rid 119 GPUVA 0x10002490000 cpu 10d814000
[mtlr]   out: 0000010002490000 000000010d814000 000000010ba29940 0000000000000000
[mtlr]   out: 0000007700000000 0000000000004000 00000002c5cc2f32 0000000000369f02
[mtlr] resource2 sel8 flags 470 sz 0x1000 -> kr 0x00000000 rid 119 GPUVA 0x10002490000 cpu 10d814000
[mtlr]   out: 0000010002490000 000000010d814000 000000010ba29940 0000000000000000
[mtlr]   out: 0000007700000000 0000000000004000 00000002c5cc2f33 0000000000369f03
[mtlr] resource2 sel8 flags 470 sz 0x1000 -> kr 0x00000000 rid 119 GPUVA 0x10002490000 cpu 10d814000
[mtlr]   out: 0000010002490000 000000010d814000 000000010ba29940 0000000000000000
[mtlr]   out: 0000007700000000 0000000000004000 00000002c5cc2f34 0000000000369f04
[mtlr] resource2 sel8 flags 470 sz 0x1000 -> kr 0x00000000 rid 119 GPUVA 0x10002490000 cpu 10d814000
[mtlr]   out: 0000010002490000 000000010d814000 000000010ba29940 0000000000000000
[mtlr]   out: 0000007700000000 0000000000004000 00000002c5cc2f35 0000000000369f05
[mtlr] resource2 sel8 flags 470 sz 0x1000 -> kr 0x00000000 rid 119 GPUVA 0x10002490000 cpu 10d814000
[mtlr]   out: 0000010002490000 000000010d814000 000000010ba29940 0000000000000000
[mtlr]   out: 0000007700000000 0000000000004000 00000002c5cc2f36 0000000000369f06
[mtlr] resource2 sel8 flags 470 sz 0x1000 -> kr 0x00000000 rid 119 GPUVA 0x10002490000 cpu 10d814000
[mtlr]   out: 0000010002490000 000000010d814000 000000010ba29940 0000000000000000
[mtlr]   out: 0000007700000000 0000000000004000 00000002c5cc2f37 0000000000369f07
[mtlr] resource2 sel8 flags 470 sz 0x1000 -> kr 0x00000000 rid 119 GPUVA 0x10002490000 cpu 10d814000
[mtlr]   out: 0000010002490000 000000010d814000 000000010ba29940 0000000000000000
[mtlr]   out: 0000007700000000 0000000000004000 00000002c5cc2f38 0000000000369f08
[mtlr] resource2 sel8 flags 470 sz 0x1000 -> kr 0x00000000 rid 119 GPUVA 0x10002490000 cpu 10d814000
[mtlr]   out: 0000010002490000 000000010d814000 000000010ba29940 0000000000000000
[mtlr]   out: 0000007700000000 0000000000004000 00000002c5cc2f39 0000000000369f09
[mtlr] resource2 sel8 flags 470 sz 0x1000 -> kr 0x00000000 rid 119 GPUVA 0x10002490000 cpu 10d814000
[mtlr]   out: 0000010002490000 000000010d814000 000000010ba29940 0000000000000000
[mtlr]   out: 0000007700000000 0000000000004000 00000002c5cc2f3a 0000000000369f0a
[mtlr] resource2 sel8 flags 470 sz 0x1000 -> kr 0x00000000 rid 119 GPUVA 0x10002490000 cpu 10d814000
[mtlr]   out: 0000010002490000 000000010d814000 000000010ba29940 0000000000000000
[mtlr]   out: 0000007700000000 0000000000004000 00000002c5cc2f3b 0000000000369f0b
[mtlr] resource2 sel8 flags 470 sz 0x1000 -> kr 0x00000000 rid 119 GPUVA 0x10002490000 cpu 10d814000
[mtlr]   out: 0000010002490000 000000010d814000 000000010ba29940 0000000000000000
[mtlr]   out: 0000007700000000 0000000000004000 00000002c5cc2f3c 0000000000369f0c
[mtlr] resource2 sel8 flags 470 sz 0x1000 -> kr 0x00000000 rid 119 GPUVA 0x10002490000 cpu 10d814000
[mtlr]   out: 0000010002490000 000000010d814000 000000010ba29940 0000000000000000
[mtlr]   out: 0000007700000000 0000000000004000 00000002c5cc2f3d 0000000000369f0d
[mtlr] resource2 sel8 flags 470 sz 0x1000 -> kr 0x00000000 rid 119 GPUVA 0x10002490000 cpu 10d814000
[mtlr]   out: 0000010002490000 000000010d814000 000000010ba29940 0000000000000000
[mtlr]   out: 0000007700000000 0000000000004000 00000002c5cc2f3e 0000000000369f0e
[mtlr] resource2 sel8 flags 470 sz 0x1000 -> kr 0x00000000 rid 119 GPUVA 0x10002490000 cpu 10d814000
[mtlr]   out: 0000010002490000 000000010d814000 000000010ba29940 0000000000000000
[mtlr]   out: 0000007700000000 0000000000004000 00000002c5cc2f3f 0000000000369f0f
[mtlr] resource2 sel8 flags 470 sz 0x1000 -> kr 0x00000000 rid 119 GPUVA 0x10002490000 cpu 10d814000
[mtlr]   out: 0000010002490000 000000010d814000 000000010ba29940 0000000000000000
[mtlr]   out: 0000007700000000 0000000000004000 00000002c5cc2f40 0000000000369f10
[mtlr] resource2 sel8 flags 470 sz 0x1000 -> kr 0x00000000 rid 119 GPUVA 0x10002490000 cpu 10d814000
[mtlr]   out: 0000010002490000 000000010d814000 000000010ba29940 0000000000000000
[mtlr]   out: 0000007700000000 0000000000004000 00000002c5cc2f41 0000000000369f11
[mtlr] resource2 sel8 flags 470 sz 0x1000 -> kr 0x00000000 rid 119 GPUVA 0x10002490000 cpu 10d814000
[mtlr]   out: 0000010002490000 000000010d814000 000000010ba29940 0000000000000000
[mtlr]   out: 0000007700000000 0000000000004000 00000002c5cc2f42 0000000000369f12
[mtlr] resource2 sel8 flags 470 sz 0x1000 -> kr 0x00000000 rid 119 GPUVA 0x10002490000 cpu 10d814000
[mtlr]   out: 0000010002490000 000000010d814000 000000010ba29940 0000000000000000
[mtlr]   out: 0000007700000000 0000000000004000 00000002c5cc2f43 0000000000369f13
[mtlr] resource2 sel8 flags 470 sz 0x1000 -> kr 0x00000000 rid 119 GPUVA 0x10002490000 cpu 10d814000
[mtlr]   out: 0000010002490000 000000010d814000 000000010ba29940 0000000000000000
[mtlr]   out: 0000007700000000 0000000000004000 00000002c5cc2f44 0000000000369f14
[mtlr] resource2 sel8 flags 470 sz 0x1000 -> kr 0x00000000 rid 119 GPUVA 0x10002490000 cpu 10d814000
[mtlr]   out: 0000010002490000 000000010d814000 000000010ba29940 0000000000000000
[mtlr]   out: 0000007700000000 0000000000004000 00000002c5cc2f45 0000000000369f15
[mtlr] resource2 sel8 flags 470 sz 0x1000 -> kr 0x00000000 rid 119 GPUVA 0x10002490000 cpu 10d814000
[mtlr]   out: 0000010002490000 000000010d814000 000000010ba29940 0000000000000000
[mtlr]   out: 0000007700000000 0000000000004000 00000002c5cc2f46 0000000000369f16
[mtlr] resource2 sel8 flags 470 sz 0x1000 -> kr 0x00000000 rid 119 GPUVA 0x10002490000 cpu 10d814000
[mtlr]   out: 0000010002490000 000000010d814000 000000010ba29940 0000000000000000
[mtlr]   out: 0000007700000000 0000000000004000 00000002c5cc2f47 0000000000369f17
[mtlr] resource2 sel8 flags 470 sz 0x1000 -> kr 0x00000000 rid 119 GPUVA 0x10002490000 cpu 10d814000
[mtlr]   out: 0000010002490000 000000010d814000 000000010ba29940 0000000000000000
[mtlr]   out: 0000007700000000 0000000000004000 00000002c5cc2f48 0000000000369f18
[mtlr] resource2 sel8 flags 470 sz 0x1000 -> kr 0x00000000 rid 119 GPUVA 0x10002490000 cpu 10d814000
[mtlr]   out: 0000010002490000 000000010d814000 000000010ba29940 0000000000000000
[mtlr]   out: 0000007700000000 0000000000004000 00000002c5cc2f49 0000000000369f19
[mtlr] resource2 sel8 flags 470 sz 0x1000 -> kr 0x00000000 rid 119 GPUVA 0x10002490000 cpu 10d814000
[mtlr]   out: 0000010002490000 000000010d814000 000000010ba29940 0000000000000000
[mtlr]   out: 0000007700000000 0000000000004000 00000002c5cc2f4a 0000000000369f1a
[mtlr] resource2 sel8 flags 470 sz 0x1000 -> kr 0x00000000 rid 119 GPUVA 0x10002490000 cpu 10d814000
[mtlr]   out: 0000010002490000 000000010d814000 000000010ba29940 0000000000000000
[mtlr]   out: 0000007700000000 0000000000004000 00000002c5cc2f4b 0000000000369f1b
[mtlr] resource2 sel8 flags 470 sz 0x1000 -> kr 0x00000000 rid 119 GPUVA 0x10002490000 cpu 10d814000
[mtlr]   out: 0000010002490000 000000010d814000 000000010ba29940 0000000000000000
[mtlr]   out: 0000007700000000 0000000000004000 00000002c5cc2f4c 0000000000369f1c
[mtlr] resource2 sel8 flags 470 sz 0x1000 -> kr 0x00000000 rid 119 GPUVA 0x10002490000 cpu 10d814000
[mtlr]   out: 0000010002490000 000000010d814000 000000010ba29940 0000000000000000
[mtlr]   out: 0000007700000000 0000000000004000 00000002c5cc2f4d 0000000000369f1d
[uatrec] S4 r24 (+1s): nvv 8 ncb 8 vsz 0x100000 fill 0xfffffff007000000 destroy0 kr 0x00000000 nj 40
[uatrec] S4 r24 blit[0] slots 8 ridp 1
[uatrec] S4 r24 blit[1] slots 8 ridp 1
[uatrec] S4 r24 blit[2] slots 8 ridp 1
[uatrec] S4 r24 blit[3] slots 8 ridp 1
[uatrec] S4 r24 blit[4] slots 8 ridp 1
[uatrec] S4 r24 blit[5] slots 8 ridp 1
[uatrec] S4 r24 blit[6] slots 8 ridp 1
[uatrec] S4 r24 blit[7] slots 8 ridp 1
[uatrec] S4: deliberate crash now (round 24, blits in flight)
