[main] fuzz harness up, mode=scaler
[main] sandbox note: VCPDRM open is MACF-denied (iokit-open-user-client VCPDRMUserClient); mach-lookup com.apple.sprr / com.apple.jitbox exist but are sandbox-gated (seen in kernel log)
[open] AppleM2ScalerCSCDriver -> conn 0x6103
[scaler] conn 0x6103, s1 15 s2 16
[probe12] SetNotificationPort -> 0x00000000
[uatrec] v111 step 4 delay 0ms
[open] IOGPU -> conn 0x6c03
[uatrec] mconn 0x6927 ourc 0x6c03
[uatrec] S4 stale-TLB cross-client spray: 25 rounds, cong 8, 50ms/round, secs 0, nv 8, vsz 0x100000, fill 0x1000000000
[uatrec] S4: no key window — system load degraded
[mtlr] resource2 sel8 flags 470 sz 0x100000 -> kr 0x00000000 rid 119 GPUVA 0x10002490000 cpu 10f950000
[mtlr]   out: 0000010002490000 000000010f950000 0000000104db5940 0000000000000000
[mtlr]   out: 0000007700000000 0000000000100000 000000004137336b 000000000001b978
[uatrec] S4 r0 victim[0] rid 119 gpuva 0x10002490000 cpu 0x10f950000 (top-of-stack)
[mtlr] resource2 sel8 flags 470 sz 0x100000 -> kr 0x00000000 rid 120 GPUVA 0x10002598000 cpu 10fa50000
[mtlr]   out: 0000010002598000 000000010fa50000 0000000104db5a00 0000000000000000
[mtlr]   out: 0000007800000000 0000000000100000 000000004137336c 000000000001b979
[uatrec] S4 r0 victim[1] rid 120 gpuva 0x10002598000 cpu 0x10fa50000 (top-of-stack)
[mtlr] resource2 sel8 flags 470 sz 0x100000 -> kr 0x00000000 rid 121 GPUVA 0x100026a0000 cpu 110000000
[mtlr]   out: 00000100026a0000 0000000110000000 0000000104db5ac0 0000000000000000
[mtlr]   out: 0000007900000000 0000000000100000 0000000041373383 000000000001b98c
[uatrec] S4 r0 victim[2] rid 121 gpuva 0x100026a0000 cpu 0x110000000 (top-of-stack)
[mtlr] resource2 sel8 flags 470 sz 0x100000 -> kr 0x00000000 rid 122 GPUVA 0x100027a8000 cpu 110100000
[mtlr]   out: 00000100027a8000 0000000110100000 0000000104db5b80 0000000000000000
[mtlr]   out: 0000007a00000000 0000000000100000 0000000041373388 000000000001b98d
[uatrec] S4 r0 victim[3] rid 122 gpuva 0x100027a8000 cpu 0x110100000 (top-of-stack)
[mtlr] resource2 sel8 flags 470 sz 0x100000 -> kr 0x00000000 rid 123 GPUVA 0x100028b0000 cpu 110200000
[mtlr]   out: 00000100028b0000 0000000110200000 0000000104db5c40 0000000000000000
[mtlr]   out: 0000007b00000000 0000000000100000 000000004137338b 000000000001b98e
[uatrec] S4 r0 victim[4] rid 123 gpuva 0x100028b0000 cpu 0x110200000 (top-of-stack)
[mtlr] resource2 sel8 flags 470 sz 0x100000 -> kr 0x00000000 rid 124 GPUVA 0x100029b8000 cpu 110300000
[mtlr]   out: 00000100029b8000 0000000110300000 0000000104db5d00 0000000000000000
[mtlr]   out: 0000007c00000000 0000000000100000 000000004137338c 000000000001b98f
[uatrec] S4 r0 victim[5] rid 124 gpuva 0x100029b8000 cpu 0x110300000 (top-of-stack)
[mtlr] resource2 sel8 flags 470 sz 0x100000 -> kr 0x00000000 rid 125 GPUVA 0x10002ac0000 cpu 110400000
[mtlr]   out: 0000010002ac0000 0000000110400000 0000000104db5dc0 0000000000000000
[mtlr]   out: 0000007d00000000 0000000000100000 0000000041373395 000000000001b998
[uatrec] S4 r0 victim[6] rid 125 gpuva 0x10002ac0000 cpu 0x110400000 (top-of-stack)
[mtlr] resource2 sel8 flags 470 sz 0x100000 -> kr 0x00000000 rid 126 GPUVA 0x10002bc8000 cpu 110500000
[mtlr]   out: 0000010002bc8000 0000000110500000 0000000104db5e80 0000000000000000
[mtlr]   out: 0000007e00000000 0000000000100000 0000000041373396 000000000001b999
[uatrec] S4 r0 victim[7] rid 126 gpuva 0x10002bc8000 cpu 0x110500000 (top-of-stack)
[mtlr] resource2 sel8 flags 470 sz 0x1000 -> kr 0x00000000 rid 119 GPUVA 0x10002490000 cpu 109bac000
[mtlr]   out: 0000010002490000 0000000109bac000 0000000104db5940 0000000000000000
[mtlr]   out: 0000007700000000 0000000000004000 00000000413734fa 000000000001b9b7
[mtlr] resource2 sel8 flags 470 sz 0x1000 -> kr 0x00000000 rid 119 GPUVA 0x10002490000 cpu 109bac000
[mtlr]   out: 0000010002490000 0000000109bac000 0000000104db5940 0000000000000000
[mtlr]   out: 0000007700000000 0000000000004000 00000000413734fb 000000000001b9b8
[mtlr] resource2 sel8 flags 470 sz 0x1000 -> kr 0x00000000 rid 119 GPUVA 0x10002490000 cpu 109bac000
[mtlr]   out: 0000010002490000 0000000109bac000 0000000104db5940 0000000000000000
[mtlr]   out: 0000007700000000 0000000000004000 00000000413734fc 000000000001b9b9
[mtlr] resource2 sel8 flags 470 sz 0x1000 -> kr 0x00000000 rid 119 GPUVA 0x10002490000 cpu 109bac000
[mtlr]   out: 0000010002490000 0000000109bac000 0000000104db5940 0000000000000000
[mtlr]   out: 0000007700000000 0000000000004000 00000000413734fd 000000000001b9ba
[mtlr] resource2 sel8 flags 470 sz 0x1000 -> kr 0x00000000 rid 119 GPUVA 0x10002490000 cpu 109bac000
[mtlr]   out: 0000010002490000 0000000109bac000 0000000104db5940 0000000000000000
[mtlr]   out: 0000007700000000 0000000000004000 00000000413734fe 000000000001b9bb
[mtlr] resource2 sel8 flags 470 sz 0x1000 -> kr 0x00000000 rid 119 GPUVA 0x10002490000 cpu 109bac000
[mtlr]   out: 0000010002490000 0000000109bac000 0000000104db5940 0000000000000000
[mtlr]   out: 0000007700000000 0000000000004000 00000000413734ff 000000000001b9bc
[mtlr] resource2 sel8 flags 470 sz 0x1000 -> kr 0x00000000 rid 119 GPUVA 0x10002490000 cpu 109bac000
[mtlr]   out: 0000010002490000 0000000109bac000 0000000104db5940 0000000000000000
[mtlr]   out: 0000007700000000 0000000000004000 0000000041373500 000000000001b9bd
[mtlr] resource2 sel8 flags 470 sz 0x1000 -> kr 0x00000000 rid 119 GPUVA 0x10002490000 cpu 109bac000
[mtlr]   out: 0000010002490000 0000000109bac000 0000000104db5940 0000000000000000
[mtlr]   out: 0000007700000000 0000000000004000 0000000041373501 000000000001b9be
[mtlr] resource2 sel8 flags 470 sz 0x1000 -> kr 0x00000000 rid 119 GPUVA 0x10002490000 cpu 109bac000
[mtlr]   out: 0000010002490000 0000000109bac000 0000000104db5940 0000000000000000
[mtlr]   out: 0000007700000000 0000000000004000 0000000041373502 000000000001b9bf
[mtlr] resource2 sel8 flags 470 sz 0x1000 -> kr 0x00000000 rid 119 GPUVA 0x10002490000 cpu 109bac000
[mtlr]   out: 0000010002490000 0000000109bac000 0000000104db5940 0000000000000000
[mtlr]   out: 0000007700000000 0000000000004000 0000000041373503 000000000001b9c0
[mtlr] resource2 sel8 flags 470 sz 0x1000 -> kr 0x00000000 rid 119 GPUVA 0x10002490000 cpu 109bac000
[mtlr]   out: 0000010002490000 0000000109bac000 0000000104db5940 0000000000000000
[mtlr]   out: 0000007700000000 0000000000004000 0000000041373504 000000000001b9c1
[mtlr] resource2 sel8 flags 470 sz 0x1000 -> kr 0x00000000 rid 119 GPUVA 0x10002490000 cpu 109bac000
[mtlr]   out: 0000010002490000 0000000109bac000 0000000104db5940 0000000000000000
[mtlr]   out: 0000007700000000 0000000000004000 0000000041373505 000000000001b9c2
[mtlr] resource2 sel8 flags 470 sz 0x1000 -> kr 0x00000000 rid 119 GPUVA 0x10002490000 cpu 109bac000
[mtlr]   out: 0000010002490000 0000000109bac000 0000000104db5940 0000000000000000
[mtlr]   out: 0000007700000000 0000000000004000 0000000041373506 000000000001b9c3
[mtlr] resource2 sel8 flags 470 sz 0x1000 -> kr 0x00000000 rid 119 GPUVA 0x10002490000 cpu 109bac000
[mtlr]   out: 0000010002490000 0000000109bac000 0000000104db5940 0000000000000000
[mtlr]   out: 0000007700000000 0000000000004000 0000000041373507 000000000001b9c4
[mtlr] resource2 sel8 flags 470 sz 0x1000 -> kr 0x00000000 rid 119 GPUVA 0x10002490000 cpu 109bac000
[mtlr]   out: 0000010002490000 0000000109bac000 0000000104db5940 0000000000000000
[mtlr]   out: 0000007700000000 0000000000004000 0000000041373508 000000000001b9c5
[mtlr] resource2 sel8 flags 470 sz 0x1000 -> kr 0x00000000 rid 119 GPUVA 0x10002490000 cpu 109bac000
[mtlr]   out: 0000010002490000 0000000109bac000 0000000104db5940 0000000000000000
[mtlr]   out: 0000007700000000 0000000000004000 0000000041373509 000000000001b9c6
[mtlr] resource2 sel8 flags 470 sz 0x1000 -> kr 0x00000000 rid 119 GPUVA 0x10002490000 cpu 109bac000
[mtlr]   out: 0000010002490000 0000000109bac000 0000000104db5940 0000000000000000
[mtlr]   out: 0000007700000000 0000000000004000 000000004137350a 000000000001b9c7
[mtlr] resource2 sel8 flags 470 sz 0x1000 -> kr 0x00000000 rid 119 GPUVA 0x10002490000 cpu 109bac000
[mtlr]   out: 0000010002490000 0000000109bac000 0000000104db5940 0000000000000000
[mtlr]   out: 0000007700000000 0000000000004000 000000004137350b 000000000001b9c8
[mtlr] resource2 sel8 flags 470 sz 0x1000 -> kr 0x00000000 rid 119 GPUVA 0x10002490000 cpu 109bac000
[mtlr]   out: 0000010002490000 0000000109bac000 0000000104db5940 0000000000000000
[mtlr]   out: 0000007700000000 0000000000004000 000000004137350c 000000000001b9c9
[mtlr] resource2 sel8 flags 470 sz 0x1000 -> kr 0x00000000 rid 119 GPUVA 0x10002490000 cpu 109bac000
[mtlr]   out: 0000010002490000 0000000109bac000 0000000104db5940 0000000000000000
[mtlr]   out: 0000007700000000 0000000000004000 000000004137350d 000000000001b9ca
[mtlr] resource2 sel8 flags 470 sz 0x1000 -> kr 0x00000000 rid 119 GPUVA 0x10002490000 cpu 109bac000
[mtlr]   out: 0000010002490000 0000000109bac000 0000000104db5940 0000000000000000
[mtlr]   out: 0000007700000000 0000000000004000 000000004137350e 000000000001b9cb
[mtlr] resource2 sel8 flags 470 sz 0x1000 -> kr 0x00000000 rid 119 GPUVA 0x10002490000 cpu 109bac000
[mtlr]   out: 0000010002490000 0000000109bac000 0000000104db5940 0000000000000000
[mtlr]   out: 0000007700000000 0000000000004000 000000004137350f 000000000001b9cc
[mtlr] resource2 sel8 flags 470 sz 0x1000 -> kr 0x00000000 rid 119 GPUVA 0x10002490000 cpu 109bac000
[mtlr]   out: 0000010002490000 0000000109bac000 0000000104db5940 0000000000000000
[mtlr]   out: 0000007700000000 0000000000004000 0000000041373510 000000000001b9cd
[mtlr] resource2 sel8 flags 470 sz 0x1000 -> kr 0x00000000 rid 119 GPUVA 0x10002490000 cpu 109bac000
[mtlr]   out: 0000010002490000 0000000109bac000 0000000104db5940 0000000000000000
[mtlr]   out: 0000007700000000 0000000000004000 0000000041373511 000000000001b9ce
[mtlr] resource2 sel8 flags 470 sz 0x1000 -> kr 0x00000000 rid 119 GPUVA 0x10002490000 cpu 109bac000
[mtlr]   out: 0000010002490000 0000000109bac000 0000000104db5940 0000000000000000
[mtlr]   out: 0000007700000000 0000000000004000 0000000041373512 000000000001b9cf
[mtlr] resource2 sel8 flags 470 sz 0x1000 -> kr 0x00000000 rid 119 GPUVA 0x10002490000 cpu 109bac000
[mtlr]   out: 0000010002490000 0000000109bac000 0000000104db5940 0000000000000000
[mtlr]   out: 0000007700000000 0000000000004000 0000000041373513 000000000001b9d0
[mtlr] resource2 sel8 flags 470 sz 0x1000 -> kr 0x00000000 rid 119 GPUVA 0x10002490000 cpu 109bac000
[mtlr]   out: 0000010002490000 0000000109bac000 0000000104db5940 0000000000000000
[mtlr]   out: 0000007700000000 0000000000004000 0000000041373514 000000000001b9d1
[mtlr] resource2 sel8 flags 470 sz 0x1000 -> kr 0x00000000 rid 119 GPUVA 0x10002490000 cpu 109bac000
[mtlr]   out: 0000010002490000 0000000109bac000 0000000104db5940 0000000000000000
[mtlr]   out: 0000007700000000 0000000000004000 0000000041373515 000000000001b9d2
[mtlr] resource2 sel8 flags 470 sz 0x1000 -> kr 0x00000000 rid 119 GPUVA 0x10002490000 cpu 109bac000
[mtlr]   out: 0000010002490000 0000000109bac000 0000000104db5940 0000000000000000
[mtlr]   out: 0000007700000000 0000000000004000 0000000041373516 000000000001b9d3
[mtlr] resource2 sel8 flags 470 sz 0x1000 -> kr 0x00000000 rid 119 GPUVA 0x10002490000 cpu 109bac000
[mtlr]   out: 0000010002490000 0000000109bac000 0000000104db5940 0000000000000000
[mtlr]   out: 0000007700000000 0000000000004000 0000000041373517 000000000001b9d4
[mtlr] resource2 sel8 flags 470 sz 0x1000 -> kr 0x00000000 rid 119 GPUVA 0x10002490000 cpu 109bac000
[mtlr]   out: 0000010002490000 0000000109bac000 0000000104db5940 0000000000000000
[mtlr]   out: 0000007700000000 0000000000004000 0000000041373518 000000000001b9d5
[mtlr] resource2 sel8 flags 470 sz 0x1000 -> kr 0x00000000 rid 119 GPUVA 0x10002490000 cpu 109bac000
[mtlr]   out: 0000010002490000 0000000109bac000 0000000104db5940 0000000000000000
[mtlr]   out: 0000007700000000 0000000000004000 0000000041373519 000000000001b9d6
[mtlr] resource2 sel8 flags 470 sz 0x1000 -> kr 0x00000000 rid 119 GPUVA 0x10002490000 cpu 109bac000
[mtlr]   out: 0000010002490000 0000000109bac000 0000000104db5940 0000000000000000
[mtlr]   out: 0000007700000000 0000000000004000 000000004137351a 000000000001b9d7
[mtlr] resource2 sel8 flags 470 sz 0x1000 -> kr 0x00000000 rid 119 GPUVA 0x10002490000 cpu 109bac000
[mtlr]   out: 0000010002490000 0000000109bac000 0000000104db5940 0000000000000000
[mtlr]   out: 0000007700000000 0000000000004000 000000004137351b 000000000001b9d8
[mtlr] resource2 sel8 flags 470 sz 0x1000 -> kr 0x00000000 rid 119 GPUVA 0x10002490000 cpu 109bac000
[mtlr]   out: 0000010002490000 0000000109bac000 0000000104db5940 0000000000000000
[mtlr]   out: 0000007700000000 0000000000004000 000000004137351c 000000000001b9d9
[mtlr] resource2 sel8 flags 470 sz 0x1000 -> kr 0x00000000 rid 119 GPUVA 0x10002490000 cpu 109bac000
[mtlr]   out: 0000010002490000 0000000109bac000 0000000104db5940 0000000000000000
[mtlr]   out: 0000007700000000 0000000000004000 000000004137351d 000000000001b9da
[mtlr] resource2 sel8 flags 470 sz 0x1000 -> kr 0x00000000 rid 119 GPUVA 0x10002490000 cpu 109bac000
[mtlr]   out: 0000010002490000 0000000109bac000 0000000104db5940 0000000000000000
[mtlr]   out: 0000007700000000 0000000000004000 000000004137351e 000000000001b9db
[mtlr] resource2 sel8 flags 470 sz 0x1000 -> kr 0x00000000 rid 119 GPUVA 0x10002490000 cpu 109bac000
[mtlr]   out: 0000010002490000 0000000109bac000 0000000104db5940 0000000000000000
[mtlr]   out: 0000007700000000 0000000000004000 000000004137351f 000000000001b9dc
[mtlr] resource2 sel8 flags 470 sz 0x1000 -> kr 0x00000000 rid 119 GPUVA 0x10002490000 cpu 109bac000
[mtlr]   out: 0000010002490000 0000000109bac000 0000000104db5940 0000000000000000
[mtlr]   out: 0000007700000000 0000000000004000 0000000041373520 000000000001b9dd
[mtlr] resource2 sel8 flags 470 sz 0x1000 -> kr 0x00000000 rid 119 GPUVA 0x10002490000 cpu 109bac000
[mtlr]   out: 0000010002490000 0000000109bac000 0000000104db5940 0000000000000000
[mtlr]   out: 0000007700000000 0000000000004000 0000000041373521 000000000001b9de
[uatrec] S4 r0 (+0s): nvv 8 ncb 8 vsz 0x100000 fill 0x1000000000 destroy0 kr 0x00000000 nj 40
[uatrec] S4 r0 blit[0] slots 12 ridp 1
[uatrec] S4 r0 blit[1] slots 10 ridp 1
[uatrec] S4 r0 blit[2] slots 11 ridp 1
[uatrec] S4 r0 blit[3] slots 10 ridp 1
[uatrec] S4 r0 blit[4] slots 11 ridp 1
[uatrec] S4 r0 blit[5] slots 10 ridp 1
[uatrec] S4 r0 blit[6] slots 10 ridp 1
[uatrec] S4 r0 blit[7] slots 10 ridp 1
[mtlr] resource2 sel8 flags 470 sz 0x100000 -> kr 0x00000000 rid 119 GPUVA 0x10002490000 cpu 112700000
[mtlr]   out: 0000010002490000 0000000112700000 0000000104db5940 0000000000000000
[mtlr]   out: 0000007700000000 0000000000100000 0000000041373660 000000000001b9e1
[uatrec] S4 r1 victim[0] rid 119 gpuva 0x10002490000 cpu 0x112700000 (top-of-stack)
[mtlr] resource2 sel8 flags 470 sz 0x100000 -> kr 0x00000000 rid 120 GPUVA 0x10002598000 cpu 112800000
[mtlr]   out: 0000010002598000 0000000112800000 0000000104db5a00 0000000000000000
[mtlr]   out: 0000007800000000 0000000000100000 0000000041373661 000000000001b9e2
[uatrec] S4 r1 victim[1] rid 120 gpuva 0x10002598000 cpu 0x112800000 (top-of-stack)
[mtlr] resource2 sel8 flags 470 sz 0x100000 -> kr 0x00000000 rid 121 GPUVA 0x100026a0000 cpu 112900000
[mtlr]   out: 00000100026a0000 0000000112900000 0000000104db5ac0 0000000000000000
[mtlr]   out: 0000007900000000 0000000000100000 0000000041373662 000000000001b9e3
[uatrec] S4 r1 victim[2] rid 121 gpuva 0x100026a0000 cpu 0x112900000 (top-of-stack)
[mtlr] resource2 sel8 flags 470 sz 0x100000 -> kr 0x00000000 rid 122 GPUVA 0x100027a8000 cpu 10d950000
[mtlr]   out: 00000100027a8000 000000010d950000 0000000104db5b80 0000000000000000
[mtlr]   out: 0000007a00000000 0000000000100000 0000000041373663 000000000001b9e4
[uatrec] S4 r1 victim[3] rid 122 gpuva 0x100027a8000 cpu 0x10d950000 (top-of-stack)
[mtlr] resource2 sel8 flags 470 sz 0x100000 -> kr 0x00000000 rid 123 GPUVA 0x100028b0000 cpu 10da50000
[mtlr]   out: 00000100028b0000 000000010da50000 0000000104db5c40 0000000000000000
[mtlr]   out: 0000007b00000000 0000000000100000 0000000041373664 000000000001b9e5
[uatrec] S4 r1 victim[4] rid 123 gpuva 0x100028b0000 cpu 0x10da50000 (top-of-stack)
[mtlr] resource2 sel8 flags 470 sz 0x100000 -> kr 0x00000000 rid 124 GPUVA 0x100029b8000 cpu 10db50000
[mtlr]   out: 00000100029b8000 000000010db50000 0000000104db5d00 0000000000000000
[mtlr]   out: 0000007c00000000 0000000000100000 000000004137366c 000000000001b9e6
[uatrec] S4 r1 victim[5] rid 124 gpuva 0x100029b8000 cpu 0x10db50000 (top-of-stack)
[mtlr] resource2 sel8 flags 470 sz 0x100000 -> kr 0x00000000 rid 125 GPUVA 0x10002ac0000 cpu 10dc50000
[mtlr]   out: 0000010002ac0000 000000010dc50000 0000000104db5dc0 0000000000000000
[mtlr]   out: 0000007d00000000 0000000000100000 000000004137366d 000000000001b9e7
[uatrec] S4 r1 victim[6] rid 125 gpuva 0x10002ac0000 cpu 0x10dc50000 (top-of-stack)
[mtlr] resource2 sel8 flags 470 sz 0x100000 -> kr 0x00000000 rid 126 GPUVA 0x10002bc8000 cpu 10dd50000
[mtlr]   out: 0000010002bc8000 000000010dd50000 0000000104db5e80 0000000000000000
[mtlr]   out: 0000007e00000000 0000000000100000 000000004137366e 000000000001b9e8
[uatrec] S4 r1 victim[7] rid 126 gpuva 0x10002bc8000 cpu 0x10dd50000 (top-of-stack)
[mtlr] resource2 sel8 flags 470 sz 0x1000 -> kr 0x00000000 rid 119 GPUVA 0x10003998000 cpu 10ed9c000
[mtlr]   out: 0000010003998000 000000010ed9c000 0000000104dba500 0000000000000000
[mtlr]   out: 0000007700000000 0000000000004000 00000000413736f5 000000000001ba3a
[mtlr] resource2 sel8 flags 470 sz 0x1000 -> kr 0x00000000 rid 119 GPUVA 0x10003998000 cpu 10ed9c000
[mtlr]   out: 0000010003998000 000000010ed9c000 0000000104dba500 0000000000000000
[mtlr]   out: 0000007700000000 0000000000004000 00000000413736f6 000000000001ba3b
[mtlr] resource2 sel8 flags 470 sz 0x1000 -> kr 0x00000000 rid 119 GPUVA 0x10003998000 cpu 10ed9c000
[mtlr]   out: 0000010003998000 000000010ed9c000 0000000104dba500 0000000000000000
[mtlr]   out: 0000007700000000 0000000000004000 00000000413736f7 000000000001ba3c
[mtlr] resource2 sel8 flags 470 sz 0x1000 -> kr 0x00000000 rid 119 GPUVA 0x10003998000 cpu 10ed9c000
[mtlr]   out: 0000010003998000 000000010ed9c000 0000000104dba500 0000000000000000
[mtlr]   out: 0000007700000000 0000000000004000 00000000413736f8 000000000001ba3d
[mtlr] resource2 sel8 flags 470 sz 0x1000 -> kr 0x00000000 rid 119 GPUVA 0x10003998000 cpu 10ed9c000
[mtlr]   out: 0000010003998000 000000010ed9c000 0000000104dba500 0000000000000000
[mtlr]   out: 0000007700000000 0000000000004000 00000000413736f9 000000000001ba3e
[mtlr] resource2 sel8 flags 470 sz 0x1000 -> kr 0x00000000 rid 119 GPUVA 0x10003998000 cpu 10ed9c000
[mtlr]   out: 0000010003998000 000000010ed9c000 0000000104dba500 0000000000000000
[mtlr]   out: 0000007700000000 0000000000004000 00000000413736fa 000000000001ba3f
[mtlr] resource2 sel8 flags 470 sz 0x1000 -> kr 0x00000000 rid 119 GPUVA 0x10003998000 cpu 10ed9c000
[mtlr]   out: 0000010003998000 000000010ed9c000 0000000104dba500 0000000000000000
[mtlr]   out: 0000007700000000 0000000000004000 00000000413736fb 000000000001ba40
[mtlr] resource2 sel8 flags 470 sz 0x1000 -> kr 0x00000000 rid 119 GPUVA 0x10003998000 cpu 10ed9c000
[mtlr]   out: 0000010003998000 000000010ed9c000 0000000104dba500 0000000000000000
[mtlr]   out: 0000007700000000 0000000000004000 00000000413736fc 000000000001ba41
[mtlr] resource2 sel8 flags 470 sz 0x1000 -> kr 0x00000000 rid 119 GPUVA 0x10003998000 cpu 10ed9c000
[mtlr]   out: 0000010003998000 000000010ed9c000 0000000104dba500 0000000000000000
[mtlr]   out: 0000007700000000 0000000000004000 00000000413736fd 000000000001ba42
[mtlr] resource2 sel8 flags 470 sz 0x1000 -> kr 0x00000000 rid 119 GPUVA 0x10003998000 cpu 10ed9c000
[mtlr]   out: 0000010003998000 000000010ed9c000 0000000104dba500 0000000000000000
[mtlr]   out: 0000007700000000 0000000000004000 00000000413736fe 000000000001ba43
[mtlr] resource2 sel8 flags 470 sz 0x1000 -> kr 0x00000000 rid 119 GPUVA 0x10003998000 cpu 10ed9c000
[mtlr]   out: 0000010003998000 000000010ed9c000 0000000104dba500 0000000000000000
[mtlr]   out: 0000007700000000 0000000000004000 00000000413736ff 000000000001ba44
[mtlr] resource2 sel8 flags 470 sz 0x1000 -> kr 0x00000000 rid 119 GPUVA 0x10003998000 cpu 10ed9c000
[mtlr]   out: 0000010003998000 000000010ed9c000 0000000104dba500 0000000000000000
[mtlr]   out: 0000007700000000 0000000000004000 0000000041373700 000000000001ba45
[mtlr] resource2 sel8 flags 470 sz 0x1000 -> kr 0x00000000 rid 119 GPUVA 0x10003998000 cpu 10ed9c000
[mtlr]   out: 0000010003998000 000000010ed9c000 0000000104dba500 0000000000000000
[mtlr]   out: 0000007700000000 0000000000004000 0000000041373701 000000000001ba46
[mtlr] resource2 sel8 flags 470 sz 0x1000 -> kr 0x00000000 rid 119 GPUVA 0x10003998000 cpu 10ed9c000
[mtlr]   out: 0000010003998000 000000010ed9c000 0000000104dba500 0000000000000000
[mtlr]   out: 0000007700000000 0000000000004000 0000000041373702 000000000001ba47
[mtlr] resource2 sel8 flags 470 sz 0x1000 -> kr 0x00000000 rid 119 GPUVA 0x10003998000 cpu 10ed9c000
[mtlr]   out: 0000010003998000 000000010ed9c000 0000000104dba500 0000000000000000
[mtlr]   out: 0000007700000000 0000000000004000 0000000041373703 000000000001ba48
[mtlr] resource2 sel8 flags 470 sz 0x1000 -> kr 0x00000000 rid 119 GPUVA 0x10003998000 cpu 10ed9c000
[mtlr]   out: 0000010003998000 000000010ed9c000 0000000104dba500 0000000000000000
[mtlr]   out: 0000007700000000 0000000000004000 0000000041373704 000000000001ba49
[mtlr] resource2 sel8 flags 470 sz 0x1000 -> kr 0x00000000 rid 119 GPUVA 0x10003998000 cpu 10ed9c000
[mtlr]   out: 0000010003998000 000000010ed9c000 0000000104dba500 0000000000000000
[mtlr]   out: 0000007700000000 0000000000004000 0000000041373705 000000000001ba4a
[mtlr] resource2 sel8 flags 470 sz 0x1000 -> kr 0x00000000 rid 119 GPUVA 0x10003998000 cpu 10ed9c000
[mtlr]   out: 0000010003998000 000000010ed9c000 0000000104dba500 0000000000000000
[mtlr]   out: 0000007700000000 0000000000004000 0000000041373706 000000000001ba4b
[mtlr] resource2 sel8 flags 470 sz 0x1000 -> kr 0x00000000 rid 119 GPUVA 0x10003998000 cpu 10ed9c000
[mtlr]   out: 0000010003998000 000000010ed9c000 0000000104dba500 0000000000000000
[mtlr]   out: 0000007700000000 0000000000004000 0000000041373707 000000000001ba4c
[mtlr] resource2 sel8 flags 470 sz 0x1000 -> kr 0x00000000 rid 119 GPUVA 0x10003998000 cpu 10ed9c000
[mtlr]   out: 0000010003998000 000000010ed9c000 0000000104dba500 0000000000000000
[mtlr]   out: 0000007700000000 0000000000004000 0000000041373708 000000000001ba4d
[mtlr] resource2 sel8 flags 470 sz 0x1000 -> kr 0x00000000 rid 119 GPUVA 0x10003998000 cpu 10ed9c000
[mtlr]   out: 0000010003998000 000000010ed9c000 0000000104dba500 0000000000000000
[mtlr]   out: 0000007700000000 0000000000004000 0000000041373709 000000000001ba4e
[mtlr] resource2 sel8 flags 470 sz 0x1000 -> kr 0x00000000 rid 119 GPUVA 0x10003998000 cpu 10ed9c000
[mtlr]   out: 0000010003998000 000000010ed9c000 0000000104dba500 0000000000000000
[mtlr]   out: 0000007700000000 0000000000004000 000000004137370a 000000000001ba4f
[mtlr] resource2 sel8 flags 470 sz 0x1000 -> kr 0x00000000 rid 119 GPUVA 0x10003998000 cpu 10ed9c000
[mtlr]   out: 0000010003998000 000000010ed9c000 0000000104dba500 0000000000000000
[mtlr]   out: 0000007700000000 0000000000004000 000000004137370b 000000000001ba50
[mtlr] resource2 sel8 flags 470 sz 0x1000 -> kr 0x00000000 rid 119 GPUVA 0x10003998000 cpu 10ed9c000
[mtlr]   out: 0000010003998000 000000010ed9c000 0000000104dba500 0000000000000000
[mtlr]   out: 0000007700000000 0000000000004000 000000004137370c 000000000001ba51
[mtlr] resource2 sel8 flags 470 sz 0x1000 -> kr 0x00000000 rid 119 GPUVA 0x10003998000 cpu 10ed9c000
[mtlr]   out: 0000010003998000 000000010ed9c000 0000000104dba500 0000000000000000
[mtlr]   out: 0000007700000000 0000000000004000 000000004137370d 000000000001ba52
[mtlr] resource2 sel8 flags 470 sz 0x1000 -> kr 0x00000000 rid 119 GPUVA 0x10003998000 cpu 10ed9c000
[mtlr]   out: 0000010003998000 000000010ed9c000 0000000104dba500 0000000000000000
[mtlr]   out: 0000007700000000 0000000000004000 000000004137370e 000000000001ba53
[mtlr] resource2 sel8 flags 470 sz 0x1000 -> kr 0x00000000 rid 119 GPUVA 0x10003998000 cpu 10ed9c000
[mtlr]   out: 0000010003998000 000000010ed9c000 0000000104dba500 0000000000000000
[mtlr]   out: 0000007700000000 0000000000004000 000000004137370f 000000000001ba54
[mtlr] resource2 sel8 flags 470 sz 0x1000 -> kr 0x00000000 rid 119 GPUVA 0x10003998000 cpu 10ed9c000
[mtlr]   out: 0000010003998000 000000010ed9c000 0000000104dba500 0000000000000000
[mtlr]   out: 0000007700000000 0000000000004000 0000000041373710 000000000001ba55
[mtlr] resource2 sel8 flags 470 sz 0x1000 -> kr 0x00000000 rid 119 GPUVA 0x10003998000 cpu 10ed9c000
[mtlr]   out: 0000010003998000 000000010ed9c000 0000000104dba500 0000000000000000
[mtlr]   out: 0000007700000000 0000000000004000 0000000041373711 000000000001ba56
[mtlr] resource2 sel8 flags 470 sz 0x1000 -> kr 0x00000000 rid 119 GPUVA 0x10003998000 cpu 10ed9c000
[mtlr]   out: 0000010003998000 000000010ed9c000 0000000104dba500 0000000000000000
[mtlr]   out: 0000007700000000 0000000000004000 0000000041373712 000000000001ba57
[mtlr] resource2 sel8 flags 470 sz 0x1000 -> kr 0x00000000 rid 119 GPUVA 0x10003998000 cpu 10ed9c000
[mtlr]   out: 0000010003998000 000000010ed9c000 0000000104dba500 0000000000000000
[mtlr]   out: 0000007700000000 0000000000004000 0000000041373713 000000000001ba58
[mtlr] resource2 sel8 flags 470 sz 0x1000 -> kr 0x00000000 rid 119 GPUVA 0x10003998000 cpu 10ed9c000
[mtlr]   out: 0000010003998000 000000010ed9c000 0000000104dba500 0000000000000000
[mtlr]   out: 0000007700000000 0000000000004000 0000000041373714 000000000001ba59
[mtlr] resource2 sel8 flags 470 sz 0x1000 -> kr 0x00000000 rid 119 GPUVA 0x10003998000 cpu 10ed9c000
[mtlr]   out: 0000010003998000 000000010ed9c000 0000000104dba500 0000000000000000
[mtlr]   out: 0000007700000000 0000000000004000 0000000041373715 000000000001ba5a
[mtlr] resource2 sel8 flags 470 sz 0x1000 -> kr 0x00000000 rid 119 GPUVA 0x10003998000 cpu 10ed9c000
[mtlr]   out: 0000010003998000 000000010ed9c000 0000000104dba500 0000000000000000
[mtlr]   out: 0000007700000000 0000000000004000 0000000041373716 000000000001ba5b
[mtlr] resource2 sel8 flags 470 sz 0x1000 -> kr 0x00000000 rid 119 GPUVA 0x10003998000 cpu 10ed9c000
[mtlr]   out: 0000010003998000 000000010ed9c000 0000000104dba500 0000000000000000
[mtlr]   out: 0000007700000000 0000000000004000 0000000041373717 000000000001ba5c
[mtlr] resource2 sel8 flags 470 sz 0x1000 -> kr 0x00000000 rid 119 GPUVA 0x10003998000 cpu 10ed9c000
[mtlr]   out: 0000010003998000 000000010ed9c000 0000000104dba500 0000000000000000
[mtlr]   out: 0000007700000000 0000000000004000 0000000041373718 000000000001ba5d
[mtlr] resource2 sel8 flags 470 sz 0x1000 -> kr 0x00000000 rid 119 GPUVA 0x10003998000 cpu 10ed9c000
[mtlr]   out: 0000010003998000 000000010ed9c000 0000000104dba500 0000000000000000
[mtlr]   out: 0000007700000000 0000000000004000 0000000041373719 000000000001ba5e
[mtlr] resource2 sel8 flags 470 sz 0x1000 -> kr 0x00000000 rid 119 GPUVA 0x10003998000 cpu 10ed9c000
[mtlr]   out: 0000010003998000 000000010ed9c000 0000000104dba500 0000000000000000
[mtlr]   out: 0000007700000000 0000000000004000 000000004137371a 000000000001ba5f
[mtlr] resource2 sel8 flags 470 sz 0x1000 -> kr 0x00000000 rid 119 GPUVA 0x10003998000 cpu 10ed9c000
[mtlr]   out: 0000010003998000 000000010ed9c000 0000000104dba500 0000000000000000
[mtlr]   out: 0000007700000000 0000000000004000 000000004137371b 000000000001ba60
[mtlr] resource2 sel8 flags 470 sz 0x1000 -> kr 0x00000000 rid 119 GPUVA 0x10003998000 cpu 10ed9c000
[mtlr]   out: 0000010003998000 000000010ed9c000 0000000104dba500 0000000000000000
[mtlr]   out: 0000007700000000 0000000000004000 000000004137371c 000000000001ba61
[uatrec] S4 r1 (+0s): nvv 8 ncb 8 vsz 0x100000 fill 0x1000000000 destroy0 kr 0x00000000 nj 40
[uatrec] S4 r1 blit[0] slots 10 ridp 1
[uatrec] S4 r1 blit[1] slots 9 ridp 1
[uatrec] S4 r1 blit[2] slots 9 ridp 1
[uatrec] S4 r1 blit[3] slots 10 ridp 1
[uatrec] S4 r1 blit[4] slots 9 ridp 1
[uatrec] S4 r1 blit[5] slots 9 ridp 1
[uatrec] S4 r1 blit[6] slots 9 ridp 1
[uatrec] S4 r1 blit[7] slots 8 ridp 1
[mtlr] resource2 sel8 flags 470 sz 0x100000 -> kr 0x00000000 rid 119 GPUVA 0x10002490000 cpu 10df5c000
[mtlr]   out: 0000010002490000 000000010df5c000 0000000104db5940 0000000000000000
[mtlr]   out: 0000007700000000 0000000000100000 000000004137385a 000000000001ba64
[uatrec] S4 r2 victim[0] rid 119 gpuva 0x10002490000 cpu 0x10df5c000 (top-of-stack)
[mtlr] resource2 sel8 flags 470 sz 0x100000 -> kr 0x00000000 rid 120 GPUVA 0x10002598000 cpu 10e168000
[mtlr]   out: 0000010002598000 000000010e168000 0000000104db5a00 0000000000000000
[mtlr]   out: 0000007800000000 0000000000100000 000000004137385b 000000000001ba65
[uatrec] S4 r2 victim[1] rid 120 gpuva 0x10002598000 cpu 0x10e168000 (top-of-stack)
[mtlr] resource2 sel8 flags 470 sz 0x100000 -> kr 0x00000000 rid 121 GPUVA 0x100026a0000 cpu 10e2d4000
[mtlr]   out: 00000100026a0000 000000010e2d4000 0000000104db5ac0 0000000000000000
[mtlr]   out: 0000007900000000 0000000000100000 000000004137385c 000000000001ba66
[uatrec] S4 r2 victim[2] rid 121 gpuva 0x100026a0000 cpu 0x10e2d4000 (top-of-stack)
[mtlr] resource2 sel8 flags 470 sz 0x100000 -> kr 0x00000000 rid 122 GPUVA 0x100027a8000 cpu 10e3d4000
[mtlr]   out: 00000100027a8000 000000010e3d4000 0000000104db5b80 0000000000000000
[mtlr]   out: 0000007a00000000 0000000000100000 000000004137385d 000000000001ba67
[uatrec] S4 r2 victim[3] rid 122 gpuva 0x100027a8000 cpu 0x10e3d4000 (top-of-stack)
[mtlr] resource2 sel8 flags 470 sz 0x100000 -> kr 0x00000000 rid 123 GPUVA 0x100028b0000 cpu 10e544000
[mtlr]   out: 00000100028b0000 000000010e544000 0000000104db5c40 0000000000000000
[mtlr]   out: 0000007b00000000 0000000000100000 000000004137385e 000000000001ba68
[uatrec] S4 r2 victim[4] rid 123 gpuva 0x100028b0000 cpu 0x10e544000 (top-of-stack)
[mtlr] resource2 sel8 flags 470 sz 0x100000 -> kr 0x00000000 rid 124 GPUVA 0x100029b8000 cpu 10d958000
[mtlr]   out: 00000100029b8000 000000010d958000 0000000104db5d00 0000000000000000
[mtlr]   out: 0000007c00000000 0000000000100000 0000000041373860 000000000001ba69
[uatrec] S4 r2 victim[5] rid 124 gpuva 0x100029b8000 cpu 0x10d958000 (top-of-stack)
[mtlr] resource2 sel8 flags 470 sz 0x100000 -> kr 0x00000000 rid 125 GPUVA 0x10002ac0000 cpu 10da58000
[mtlr]   out: 0000010002ac0000 000000010da58000 0000000104db5dc0 0000000000000000
[mtlr]   out: 0000007d00000000 0000000000100000 0000000041373867 000000000001ba6a
[uatrec] S4 r2 victim[6] rid 125 gpuva 0x10002ac0000 cpu 0x10da58000 (top-of-stack)
[mtlr] resource2 sel8 flags 470 sz 0x100000 -> kr 0x00000000 rid 126 GPUVA 0x10002bc8000 cpu 10db58000
[mtlr]   out: 0000010002bc8000 000000010db58000 0000000104db5e80 0000000000000000
[mtlr]   out: 0000007e00000000 0000000000100000 0000000041373868 000000000001ba6b
[uatrec] S4 r2 victim[7] rid 126 gpuva 0x10002bc8000 cpu 0x10db58000 (top-of-stack)
[mtlr] resource2 sel8 flags 470 sz 0x1000 -> kr 0x00000000 rid 119 GPUVA 0x10003998000 cpu 10de58000
[mtlr]   out: 0000010003998000 000000010de58000 0000000104dba500 0000000000000000
[mtlr]   out: 0000007700000000 0000000000004000 00000000413738a6 000000000001ba75
[mtlr] resource2 sel8 flags 470 sz 0x1000 -> kr 0x00000000 rid 119 GPUVA 0x10003998000 cpu 10de58000
[mtlr]   out: 0000010003998000 000000010de58000 0000000104dba500 0000000000000000
[mtlr]   out: 0000007700000000 0000000000004000 00000000413738a7 000000000001ba76
[mtlr] resource2 sel8 flags 470 sz 0x1000 -> kr 0x00000000 rid 119 GPUVA 0x10003998000 cpu 10de58000
[mtlr]   out: 0000010003998000 000000010de58000 0000000104dba500 0000000000000000
[mtlr]   out: 0000007700000000 0000000000004000 00000000413738a8 000000000001ba77
[mtlr] resource2 sel8 flags 470 sz 0x1000 -> kr 0x00000000 rid 119 GPUVA 0x10003998000 cpu 10de58000
[mtlr]   out: 0000010003998000 000000010de58000 0000000104dba500 0000000000000000
[mtlr]   out: 0000007700000000 0000000000004000 00000000413738a9 000000000001ba78
[mtlr] resource2 sel8 flags 470 sz 0x1000 -> kr 0x00000000 rid 119 GPUVA 0x10003998000 cpu 10de58000
[mtlr]   out: 0000010003998000 000000010de58000 0000000104dba500 0000000000000000
[mtlr]   out: 0000007700000000 0000000000004000 00000000413738aa 000000000001ba79
[mtlr] resource2 sel8 flags 470 sz 0x1000 -> kr 0x00000000 rid 119 GPUVA 0x10003998000 cpu 10de58000
[mtlr]   out: 0000010003998000 000000010de58000 0000000104dba500 0000000000000000
[mtlr]   out: 0000007700000000 0000000000004000 00000000413738ab 000000000001ba7a
[mtlr] resource2 sel8 flags 470 sz 0x1000 -> kr 0x00000000 rid 119 GPUVA 0x10003998000 cpu 10de58000
[mtlr]   out: 0000010003998000 000000010de58000 0000000104dba500 0000000000000000
[mtlr]   out: 0000007700000000 0000000000004000 00000000413738ac 000000000001ba7b
[mtlr] resource2 sel8 flags 470 sz 0x1000 -> kr 0x00000000 rid 119 GPUVA 0x10003998000 cpu 10de58000
[mtlr]   out: 0000010003998000 000000010de58000 0000000104dba500 0000000000000000
[mtlr]   out: 0000007700000000 0000000000004000 00000000413738ad 000000000001ba7c
[mtlr] resource2 sel8 flags 470 sz 0x1000 -> kr 0x00000000 rid 119 GPUVA 0x10003998000 cpu 10de58000
[mtlr]   out: 0000010003998000 000000010de58000 0000000104dba500 0000000000000000
[mtlr]   out: 0000007700000000 0000000000004000 00000000413738ae 000000000001ba7d
[mtlr] resource2 sel8 flags 470 sz 0x1000 -> kr 0x00000000 rid 119 GPUVA 0x10003998000 cpu 10de58000
[mtlr]   out: 0000010003998000 000000010de58000 0000000104dba500 0000000000000000
[mtlr]   out: 0000007700000000 0000000000004000 00000000413738af 000000000001ba7e
[mtlr] resource2 sel8 flags 470 sz 0x1000 -> kr 0x00000000 rid 119 GPUVA 0x10003998000 cpu 10de58000
[mtlr]   out: 0000010003998000 000000010de58000 0000000104dba500 0000000000000000
[mtlr]   out: 0000007700000000 0000000000004000 00000000413738b0 000000000001ba7f
[mtlr] resource2 sel8 flags 470 sz 0x1000 -> kr 0x00000000 rid 119 GPUVA 0x10003998000 cpu 10de58000
[mtlr]   out: 0000010003998000 000000010de58000 0000000104dba500 0000000000000000
[mtlr]   out: 0000007700000000 0000000000004000 00000000413738b1 000000000001ba80
[mtlr] resource2 sel8 flags 470 sz 0x1000 -> kr 0x00000000 rid 119 GPUVA 0x10003998000 cpu 10de58000
[mtlr]   out: 0000010003998000 000000010de58000 0000000104dba500 0000000000000000
[mtlr]   out: 0000007700000000 0000000000004000 00000000413738b2 000000000001ba81
[mtlr] resource2 sel8 flags 470 sz 0x1000 -> kr 0x00000000 rid 119 GPUVA 0x10003998000 cpu 10de58000
[mtlr]   out: 0000010003998000 000000010de58000 0000000104dba500 0000000000000000
[mtlr]   out: 0000007700000000 0000000000004000 00000000413738b3 000000000001ba82
[mtlr] resource2 sel8 flags 470 sz 0x1000 -> kr 0x00000000 rid 119 GPUVA 0x10003998000 cpu 10de58000
[mtlr]   out: 0000010003998000 000000010de58000 0000000104dba500 0000000000000000
[mtlr]   out: 0000007700000000 0000000000004000 00000000413738b4 000000000001ba83
[mtlr] resource2 sel8 flags 470 sz 0x1000 -> kr 0x00000000 rid 119 GPUVA 0x10003998000 cpu 10de58000
[mtlr]   out: 0000010003998000 000000010de58000 0000000104dba500 0000000000000000
[mtlr]   out: 0000007700000000 0000000000004000 00000000413738b5 000000000001ba84
[mtlr] resource2 sel8 flags 470 sz 0x1000 -> kr 0x00000000 rid 119 GPUVA 0x10003998000 cpu 10de58000
[mtlr]   out: 0000010003998000 000000010de58000 0000000104dba500 0000000000000000
[mtlr]   out: 0000007700000000 0000000000004000 00000000413738b6 000000000001ba85
[mtlr] resource2 sel8 flags 470 sz 0x1000 -> kr 0x00000000 rid 119 GPUVA 0x10003998000 cpu 10de58000
[mtlr]   out: 0000010003998000 000000010de58000 0000000104dba500 0000000000000000
[mtlr]   out: 0000007700000000 0000000000004000 00000000413738b7 000000000001ba86
[mtlr] resource2 sel8 flags 470 sz 0x1000 -> kr 0x00000000 rid 119 GPUVA 0x10003998000 cpu 10de58000
[mtlr]   out: 0000010003998000 000000010de58000 0000000104dba500 0000000000000000
[mtlr]   out: 0000007700000000 0000000000004000 00000000413738b8 000000000001ba87
[mtlr] resource2 sel8 flags 470 sz 0x1000 -> kr 0x00000000 rid 119 GPUVA 0x10003998000 cpu 10de58000
[mtlr]   out: 0000010003998000 000000010de58000 0000000104dba500 0000000000000000
[mtlr]   out: 0000007700000000 0000000000004000 00000000413738b9 000000000001ba88
[mtlr] resource2 sel8 flags 470 sz 0x1000 -> kr 0x00000000 rid 119 GPUVA 0x10003998000 cpu 10de58000
[mtlr]   out: 0000010003998000 000000010de58000 0000000104dba500 0000000000000000
[mtlr]   out: 0000007700000000 0000000000004000 00000000413738ba 000000000001ba89
[mtlr] resource2 sel8 flags 470 sz 0x1000 -> kr 0x00000000 rid 119 GPUVA 0x10003998000 cpu 10de58000
[mtlr]   out: 0000010003998000 000000010de58000 0000000104dba500 0000000000000000
[mtlr]   out: 0000007700000000 0000000000004000 00000000413738bb 000000000001ba8a
[mtlr] resource2 sel8 flags 470 sz 0x1000 -> kr 0x00000000 rid 119 GPUVA 0x10003998000 cpu 10de58000
[mtlr]   out: 0000010003998000 000000010de58000 0000000104dba500 0000000000000000
[mtlr]   out: 0000007700000000 0000000000004000 00000000413738bc 000000000001ba8b
[mtlr] resource2 sel8 flags 470 sz 0x1000 -> kr 0x00000000 rid 119 GPUVA 0x10003998000 cpu 10de58000
[mtlr]   out: 0000010003998000 000000010de58000 0000000104dba500 0000000000000000
[mtlr]   out: 0000007700000000 0000000000004000 00000000413738bd 000000000001ba8c
[mtlr] resource2 sel8 flags 470 sz 0x1000 -> kr 0x00000000 rid 119 GPUVA 0x10003998000 cpu 10de58000
[mtlr]   out: 0000010003998000 000000010de58000 0000000104dba500 0000000000000000
[mtlr]   out: 0000007700000000 0000000000004000 00000000413738be 000000000001ba8d
[mtlr] resource2 sel8 flags 470 sz 0x1000 -> kr 0x00000000 rid 119 GPUVA 0x10003998000 cpu 10de58000
[mtlr]   out: 0000010003998000 000000010de58000 0000000104dba500 0000000000000000
[mtlr]   out: 0000007700000000 0000000000004000 00000000413738bf 000000000001ba8e
[mtlr] resource2 sel8 flags 470 sz 0x1000 -> kr 0x00000000 rid 119 GPUVA 0x10003998000 cpu 10de58000
[mtlr]   out: 0000010003998000 000000010de58000 0000000104dba500 0000000000000000
[mtlr]   out: 0000007700000000 0000000000004000 00000000413738c0 000000000001ba8f
[mtlr] resource2 sel8 flags 470 sz 0x1000 -> kr 0x00000000 rid 119 GPUVA 0x10003998000 cpu 10de58000
[mtlr]   out: 0000010003998000 000000010de58000 0000000104dba500 0000000000000000
[mtlr]   out: 0000007700000000 0000000000004000 00000000413738c1 000000000001ba90
[mtlr] resource2 sel8 flags 470 sz 0x1000 -> kr 0x00000000 rid 119 GPUVA 0x10003998000 cpu 10de58000
[mtlr]   out: 0000010003998000 000000010de58000 0000000104dba500 0000000000000000
[mtlr]   out: 0000007700000000 0000000000004000 00000000413738c2 000000000001ba91
[mtlr] resource2 sel8 flags 470 sz 0x1000 -> kr 0x00000000 rid 119 GPUVA 0x10003998000 cpu 10de58000
[mtlr]   out: 0000010003998000 000000010de58000 0000000104dba500 0000000000000000
[mtlr]   out: 0000007700000000 0000000000004000 00000000413738c3 000000000001ba92
[mtlr] resource2 sel8 flags 470 sz 0x1000 -> kr 0x00000000 rid 119 GPUVA 0x10003998000 cpu 10de58000
[mtlr]   out: 0000010003998000 000000010de58000 0000000104dba500 0000000000000000
[mtlr]   out: 0000007700000000 0000000000004000 00000000413738c4 000000000001ba93
[mtlr] resource2 sel8 flags 470 sz 0x1000 -> kr 0x00000000 rid 119 GPUVA 0x10003998000 cpu 10de58000
[mtlr]   out: 0000010003998000 000000010de58000 0000000104dba500 0000000000000000
[mtlr]   out: 0000007700000000 0000000000004000 00000000413738c5 000000000001ba94
[mtlr] resource2 sel8 flags 470 sz 0x1000 -> kr 0x00000000 rid 119 GPUVA 0x10003998000 cpu 10de58000
[mtlr]   out: 0000010003998000 000000010de58000 0000000104dba500 0000000000000000
[mtlr]   out: 0000007700000000 0000000000004000 00000000413738c6 000000000001ba95
[mtlr] resource2 sel8 flags 470 sz 0x1000 -> kr 0x00000000 rid 119 GPUVA 0x10003998000 cpu 10de58000
[mtlr]   out: 0000010003998000 000000010de58000 0000000104dba500 0000000000000000
[mtlr]   out: 0000007700000000 0000000000004000 00000000413738c7 000000000001ba96
[mtlr] resource2 sel8 flags 470 sz 0x1000 -> kr 0x00000000 rid 119 GPUVA 0x10003998000 cpu 10de58000
[mtlr]   out: 0000010003998000 000000010de58000 0000000104dba500 0000000000000000
[mtlr]   out: 0000007700000000 0000000000004000 00000000413738c8 000000000001ba97
[mtlr] resource2 sel8 flags 470 sz 0x1000 -> kr 0x00000000 rid 119 GPUVA 0x10003998000 cpu 10de58000
[mtlr]   out: 0000010003998000 000000010de58000 0000000104dba500 0000000000000000
[mtlr]   out: 0000007700000000 0000000000004000 00000000413738c9 000000000001ba98
[mtlr] resource2 sel8 flags 470 sz 0x1000 -> kr 0x00000000 rid 119 GPUVA 0x10003998000 cpu 10de58000
[mtlr]   out: 0000010003998000 000000010de58000 0000000104dba500 0000000000000000
[mtlr]   out: 0000007700000000 0000000000004000 00000000413738ca 000000000001ba99
[mtlr] resource2 sel8 flags 470 sz 0x1000 -> kr 0x00000000 rid 119 GPUVA 0x10003998000 cpu 10de58000
[mtlr]   out: 0000010003998000 000000010de58000 0000000104dba500 0000000000000000
[mtlr]   out: 0000007700000000 0000000000004000 00000000413738cb 000000000001ba9a
[mtlr] resource2 sel8 flags 470 sz 0x1000 -> kr 0x00000000 rid 119 GPUVA 0x10003998000 cpu 10de58000
[mtlr]   out: 0000010003998000 000000010de58000 0000000104dba500 0000000000000000
[mtlr]   out: 0000007700000000 0000000000004000 00000000413738cc 000000000001ba9b
[mtlr] resource2 sel8 flags 470 sz 0x1000 -> kr 0x00000000 rid 119 GPUVA 0x10003998000 cpu 10de58000
[mtlr]   out: 0000010003998000 000000010de58000 0000000104dba500 0000000000000000
[mtlr]   out: 0000007700000000 0000000000004000 00000000413738cd 000000000001ba9c
[uatrec] S4 r2 (+0s): nvv 8 ncb 8 vsz 0x100000 fill 0x1000000000 destroy0 kr 0x00000000 nj 40
[uatrec] S4 r2 blit[0] slots 7 ridp 1
[uatrec] S4 r2 blit[1] slots 7 ridp 1
[uatrec] S4 r2 blit[2] slots 7 ridp 1
[uatrec] S4 r2 blit[3] slots 7 ridp 1
[uatrec] S4 r2 blit[4] slots 7 ridp 1
[uatrec] S4 r2 blit[5] slots 7 ridp 1
[uatrec] S4 r2 blit[6] slots 7 ridp 1
[uatrec] S4 r2 blit[7] slots 7 ridp 1
[mtlr] resource2 sel8 flags 470 sz 0x100000 -> kr 0x00000000 rid 119 GPUVA 0x10002490000 cpu 10dd58000
[mtlr]   out: 0000010002490000 000000010dd58000 0000000104db5940 0000000000000000
[mtlr]   out: 0000007700000000 0000000000100000 0000000041373982 000000000001ba9f
[uatrec] S4 r3 victim[0] rid 119 gpuva 0x10002490000 cpu 0x10dd58000 (top-of-stack)
[mtlr] resource2 sel8 flags 470 sz 0x100000 -> kr 0x00000000 rid 120 GPUVA 0x10002598000 cpu 10e6b4000
[mtlr]   out: 0000010002598000 000000010e6b4000 0000000104db5a00 0000000000000000
[mtlr]   out: 0000007800000000 0000000000100000 0000000041373983 000000000001baa0
[uatrec] S4 r3 victim[1] rid 120 gpuva 0x10002598000 cpu 0x10e6b4000 (top-of-stack)
[mtlr] resource2 sel8 flags 470 sz 0x100000 -> kr 0x00000000 rid 121 GPUVA 0x100026a0000 cpu 10ec28000
[mtlr]   out: 00000100026a0000 000000010ec28000 0000000104db5ac0 0000000000000000
[mtlr]   out: 0000007900000000 0000000000100000 0000000041373984 000000000001baa1
[uatrec] S4 r3 victim[2] rid 121 gpuva 0x100026a0000 cpu 0x10ec28000 (top-of-stack)
[mtlr] resource2 sel8 flags 470 sz 0x100000 -> kr 0x00000000 rid 122 GPUVA 0x100027a8000 cpu 10d958000
[mtlr]   out: 00000100027a8000 000000010d958000 0000000104db5b80 0000000000000000
[mtlr]   out: 0000007a00000000 0000000000100000 0000000041373986 000000000001baa2
[uatrec] S4 r3 victim[3] rid 122 gpuva 0x100027a8000 cpu 0x10d958000 (top-of-stack)
[mtlr] resource2 sel8 flags 470 sz 0x100000 -> kr 0x00000000 rid 123 GPUVA 0x100028b0000 cpu 10da58000
[mtlr]   out: 00000100028b0000 000000010da58000 0000000104db5c40 0000000000000000
[mtlr]   out: 0000007b00000000 0000000000100000 000000004137398d 000000000001baa3
[uatrec] S4 r3 victim[4] rid 123 gpuva 0x100028b0000 cpu 0x10da58000 (top-of-stack)
[mtlr] resource2 sel8 flags 470 sz 0x100000 -> kr 0x00000000 rid 124 GPUVA 0x100029b8000 cpu 10db58000
[mtlr]   out: 00000100029b8000 000000010db58000 0000000104db5d00 0000000000000000
[mtlr]   out: 0000007c00000000 0000000000100000 000000004137398e 000000000001baa4
[uatrec] S4 r3 victim[5] rid 124 gpuva 0x100029b8000 cpu 0x10db58000 (top-of-stack)
[mtlr] resource2 sel8 flags 470 sz 0x100000 -> kr 0x00000000 rid 125 GPUVA 0x10002ac0000 cpu 10dc58000
[mtlr]   out: 0000010002ac0000 000000010dc58000 0000000104db5dc0 0000000000000000
[mtlr]   out: 0000007d00000000 0000000000100000 000000004137398f 000000000001baa5
[uatrec] S4 r3 victim[6] rid 125 gpuva 0x10002ac0000 cpu 0x10dc58000 (top-of-stack)
[mtlr] resource2 sel8 flags 470 sz 0x100000 -> kr 0x00000000 rid 126 GPUVA 0x10002bc8000 cpu 10df54000
[mtlr]   out: 0000010002bc8000 000000010df54000 0000000104db5e80 0000000000000000
[mtlr]   out: 0000007e00000000 0000000000100000 0000000041373990 000000000001baa6
[uatrec] S4 r3 victim[7] rid 126 gpuva 0x10002bc8000 cpu 0x10df54000 (top-of-stack)
[mtlr] resource2 sel8 flags 470 sz 0x1000 -> kr 0x00000000 rid 119 GPUVA 0x10003998000 cpu 10de58000
[mtlr]   out: 0000010003998000 000000010de58000 0000000104dba500 0000000000000000
[mtlr]   out: 0000007700000000 0000000000004000 00000000413739ce 000000000001bab0
[mtlr] resource2 sel8 flags 470 sz 0x1000 -> kr 0x00000000 rid 119 GPUVA 0x10003998000 cpu 10de58000
[mtlr]   out: 0000010003998000 000000010de58000 0000000104dba500 0000000000000000
[mtlr]   out: 0000007700000000 0000000000004000 00000000413739cf 000000000001bab1
[mtlr] resource2 sel8 flags 470 sz 0x1000 -> kr 0x00000000 rid 119 GPUVA 0x10003998000 cpu 10de58000
[mtlr]   out: 0000010003998000 000000010de58000 0000000104dba500 0000000000000000
[mtlr]   out: 0000007700000000 0000000000004000 00000000413739d0 000000000001bab2
[mtlr] resource2 sel8 flags 470 sz 0x1000 -> kr 0x00000000 rid 119 GPUVA 0x10003998000 cpu 10de58000
[mtlr]   out: 0000010003998000 000000010de58000 0000000104dba500 0000000000000000
[mtlr]   out: 0000007700000000 0000000000004000 00000000413739d1 000000000001bab3
[mtlr] resource2 sel8 flags 470 sz 0x1000 -> kr 0x00000000 rid 119 GPUVA 0x10003998000 cpu 10de58000
[mtlr]   out: 0000010003998000 000000010de58000 0000000104dba500 0000000000000000
[mtlr]   out: 0000007700000000 0000000000004000 00000000413739d2 000000000001bab4
[mtlr] resource2 sel8 flags 470 sz 0x1000 -> kr 0x00000000 rid 119 GPUVA 0x10003998000 cpu 10de58000
[mtlr]   out: 0000010003998000 000000010de58000 0000000104dba500 0000000000000000
[mtlr]   out: 0000007700000000 0000000000004000 00000000413739d3 000000000001bab5
[mtlr] resource2 sel8 flags 470 sz 0x1000 -> kr 0x00000000 rid 119 GPUVA 0x10003998000 cpu 10de58000
[mtlr]   out: 0000010003998000 000000010de58000 0000000104dba500 0000000000000000
[mtlr]   out: 0000007700000000 0000000000004000 00000000413739d4 000000000001bab6
[mtlr] resource2 sel8 flags 470 sz 0x1000 -> kr 0x00000000 rid 119 GPUVA 0x10003998000 cpu 10de58000
[mtlr]   out: 0000010003998000 000000010de58000 0000000104dba500 0000000000000000
[mtlr]   out: 0000007700000000 0000000000004000 00000000413739d5 000000000001bab7
[mtlr] resource2 sel8 flags 470 sz 0x1000 -> kr 0x00000000 rid 119 GPUVA 0x10003998000 cpu 10de58000
[mtlr]   out: 0000010003998000 000000010de58000 0000000104dba500 0000000000000000
[mtlr]   out: 0000007700000000 0000000000004000 00000000413739d6 000000000001bab8
[mtlr] resource2 sel8 flags 470 sz 0x1000 -> kr 0x00000000 rid 119 GPUVA 0x10003998000 cpu 10de58000
[mtlr]   out: 0000010003998000 000000010de58000 0000000104dba500 0000000000000000
[mtlr]   out: 0000007700000000 0000000000004000 00000000413739d7 000000000001bab9
[mtlr] resource2 sel8 flags 470 sz 0x1000 -> kr 0x00000000 rid 119 GPUVA 0x10003998000 cpu 10de58000
[mtlr]   out: 0000010003998000 000000010de58000 0000000104dba500 0000000000000000
[mtlr]   out: 0000007700000000 0000000000004000 00000000413739d8 000000000001baba
[mtlr] resource2 sel8 flags 470 sz 0x1000 -> kr 0x00000000 rid 119 GPUVA 0x10003998000 cpu 10de58000
[mtlr]   out: 0000010003998000 000000010de58000 0000000104dba500 0000000000000000
[mtlr]   out: 0000007700000000 0000000000004000 00000000413739d9 000000000001babb
[mtlr] resource2 sel8 flags 470 sz 0x1000 -> kr 0x00000000 rid 119 GPUVA 0x10003998000 cpu 10de58000
[mtlr]   out: 0000010003998000 000000010de58000 0000000104dba500 0000000000000000
[mtlr]   out: 0000007700000000 0000000000004000 00000000413739da 000000000001babc
[mtlr] resource2 sel8 flags 470 sz 0x1000 -> kr 0x00000000 rid 119 GPUVA 0x10003998000 cpu 10de58000
[mtlr]   out: 0000010003998000 000000010de58000 0000000104dba500 0000000000000000
[mtlr]   out: 0000007700000000 0000000000004000 00000000413739db 000000000001babd
[mtlr] resource2 sel8 flags 470 sz 0x1000 -> kr 0x00000000 rid 119 GPUVA 0x10003998000 cpu 10de58000
[mtlr]   out: 0000010003998000 000000010de58000 0000000104dba500 0000000000000000
[mtlr]   out: 0000007700000000 0000000000004000 00000000413739dc 000000000001babe
[mtlr] resource2 sel8 flags 470 sz 0x1000 -> kr 0x00000000 rid 119 GPUVA 0x10003998000 cpu 10de58000
[mtlr]   out: 0000010003998000 000000010de58000 0000000104dba500 0000000000000000
[mtlr]   out: 0000007700000000 0000000000004000 00000000413739dd 000000000001babf
[mtlr] resource2 sel8 flags 470 sz 0x1000 -> kr 0x00000000 rid 119 GPUVA 0x10003998000 cpu 10de58000
[mtlr]   out: 0000010003998000 000000010de58000 0000000104dba500 0000000000000000
[mtlr]   out: 0000007700000000 0000000000004000 00000000413739de 000000000001bac0
[mtlr] resource2 sel8 flags 470 sz 0x1000 -> kr 0x00000000 rid 119 GPUVA 0x10003998000 cpu 10de58000
[mtlr]   out: 0000010003998000 000000010de58000 0000000104dba500 0000000000000000
[mtlr]   out: 0000007700000000 0000000000004000 00000000413739df 000000000001bac1
[mtlr] resource2 sel8 flags 470 sz 0x1000 -> kr 0x00000000 rid 119 GPUVA 0x10003998000 cpu 10de58000
[mtlr]   out: 0000010003998000 000000010de58000 0000000104dba500 0000000000000000
[mtlr]   out: 0000007700000000 0000000000004000 00000000413739e0 000000000001bac2
[mtlr] resource2 sel8 flags 470 sz 0x1000 -> kr 0x00000000 rid 119 GPUVA 0x10003998000 cpu 10de58000
[mtlr]   out: 0000010003998000 000000010de58000 0000000104dba500 0000000000000000
[mtlr]   out: 0000007700000000 0000000000004000 00000000413739e1 000000000001bac3
[mtlr] resource2 sel8 flags 470 sz 0x1000 -> kr 0x00000000 rid 119 GPUVA 0x10003998000 cpu 10de58000
[mtlr]   out: 0000010003998000 000000010de58000 0000000104dba500 0000000000000000
[mtlr]   out: 0000007700000000 0000000000004000 00000000413739e2 000000000001bac4
[mtlr] resource2 sel8 flags 470 sz 0x1000 -> kr 0x00000000 rid 119 GPUVA 0x10003998000 cpu 10de58000
[mtlr]   out: 0000010003998000 000000010de58000 0000000104dba500 0000000000000000
[mtlr]   out: 0000007700000000 0000000000004000 00000000413739e3 000000000001bac5
[mtlr] resource2 sel8 flags 470 sz 0x1000 -> kr 0x00000000 rid 119 GPUVA 0x10003998000 cpu 10de58000
[mtlr]   out: 0000010003998000 000000010de58000 0000000104dba500 0000000000000000
[mtlr]   out: 0000007700000000 0000000000004000 00000000413739e4 000000000001bac6
[mtlr] resource2 sel8 flags 470 sz 0x1000 -> kr 0x00000000 rid 119 GPUVA 0x10003998000 cpu 10de58000
[mtlr]   out: 0000010003998000 000000010de58000 0000000104dba500 0000000000000000
[mtlr]   out: 0000007700000000 0000000000004000 00000000413739e5 000000000001bac7
[mtlr] resource2 sel8 flags 470 sz 0x1000 -> kr 0x00000000 rid 119 GPUVA 0x10003998000 cpu 10de58000
[mtlr]   out: 0000010003998000 000000010de58000 0000000104dba500 0000000000000000
[mtlr]   out: 0000007700000000 0000000000004000 00000000413739e6 000000000001bac8
[mtlr] resource2 sel8 flags 470 sz 0x1000 -> kr 0x00000000 rid 119 GPUVA 0x10003998000 cpu 10de58000
[mtlr]   out: 0000010003998000 000000010de58000 0000000104dba500 0000000000000000
[mtlr]   out: 0000007700000000 0000000000004000 00000000413739e7 000000000001bac9
[mtlr] resource2 sel8 flags 470 sz 0x1000 -> kr 0x00000000 rid 119 GPUVA 0x10003998000 cpu 10de58000
[mtlr]   out: 0000010003998000 000000010de58000 0000000104dba500 0000000000000000
[mtlr]   out: 0000007700000000 0000000000004000 00000000413739e8 000000000001baca
[mtlr] resource2 sel8 flags 470 sz 0x1000 -> kr 0x00000000 rid 119 GPUVA 0x10003998000 cpu 10de58000
[mtlr]   out: 0000010003998000 000000010de58000 0000000104dba500 0000000000000000
[mtlr]   out: 0000007700000000 0000000000004000 00000000413739e9 000000000001bacb
[mtlr] resource2 sel8 flags 470 sz 0x1000 -> kr 0x00000000 rid 119 GPUVA 0x10003998000 cpu 10de58000
[mtlr]   out: 0000010003998000 000000010de58000 0000000104dba500 0000000000000000
[mtlr]   out: 0000007700000000 0000000000004000 00000000413739ea 000000000001bacc
[mtlr] resource2 sel8 flags 470 sz 0x1000 -> kr 0x00000000 rid 119 GPUVA 0x10003998000 cpu 10de58000
[mtlr]   out: 0000010003998000 000000010de58000 0000000104dba500 0000000000000000
[mtlr]   out: 0000007700000000 0000000000004000 00000000413739eb 000000000001bacd
[mtlr] resource2 sel8 flags 470 sz 0x1000 -> kr 0x00000000 rid 119 GPUVA 0x10003998000 cpu 10de58000
[mtlr]   out: 0000010003998000 000000010de58000 0000000104dba500 0000000000000000
[mtlr]   out: 0000007700000000 0000000000004000 00000000413739ec 000000000001bace
[mtlr] resource2 sel8 flags 470 sz 0x1000 -> kr 0x00000000 rid 119 GPUVA 0x10003998000 cpu 10de58000
[mtlr]   out: 0000010003998000 000000010de58000 0000000104dba500 0000000000000000
[mtlr]   out: 0000007700000000 0000000000004000 00000000413739ed 000000000001bacf
[mtlr] resource2 sel8 flags 470 sz 0x1000 -> kr 0x00000000 rid 119 GPUVA 0x10003998000 cpu 10de58000
[mtlr]   out: 0000010003998000 000000010de58000 0000000104dba500 0000000000000000
[mtlr]   out: 0000007700000000 0000000000004000 00000000413739ee 000000000001bad0
[mtlr] resource2 sel8 flags 470 sz 0x1000 -> kr 0x00000000 rid 119 GPUVA 0x10003998000 cpu 10de58000
[mtlr]   out: 0000010003998000 000000010de58000 0000000104dba500 0000000000000000
[mtlr]   out: 0000007700000000 0000000000004000 00000000413739ef 000000000001bad1
[mtlr] resource2 sel8 flags 470 sz 0x1000 -> kr 0x00000000 rid 119 GPUVA 0x10003998000 cpu 10de58000
[mtlr]   out: 0000010003998000 000000010de58000 0000000104dba500 0000000000000000
[mtlr]   out: 0000007700000000 0000000000004000 00000000413739f0 000000000001bad2
[mtlr] resource2 sel8 flags 470 sz 0x1000 -> kr 0x00000000 rid 119 GPUVA 0x10003998000 cpu 10de58000
[mtlr]   out: 0000010003998000 000000010de58000 0000000104dba500 0000000000000000
[mtlr]   out: 0000007700000000 0000000000004000 00000000413739f1 000000000001bad3
[mtlr] resource2 sel8 flags 470 sz 0x1000 -> kr 0x00000000 rid 119 GPUVA 0x10003998000 cpu 10de58000
[mtlr]   out: 0000010003998000 000000010de58000 0000000104dba500 0000000000000000
[mtlr]   out: 0000007700000000 0000000000004000 00000000413739f2 000000000001bad4
[mtlr] resource2 sel8 flags 470 sz 0x1000 -> kr 0x00000000 rid 119 GPUVA 0x10003998000 cpu 10de58000
[mtlr]   out: 0000010003998000 000000010de58000 0000000104dba500 0000000000000000
[mtlr]   out: 0000007700000000 0000000000004000 00000000413739f3 000000000001bad5
[mtlr] resource2 sel8 flags 470 sz 0x1000 -> kr 0x00000000 rid 119 GPUVA 0x10003998000 cpu 10de58000
[mtlr]   out: 0000010003998000 000000010de58000 0000000104dba500 0000000000000000
[mtlr]   out: 0000007700000000 0000000000004000 00000000413739f4 000000000001bad6
[mtlr] resource2 sel8 flags 470 sz 0x1000 -> kr 0x00000000 rid 119 GPUVA 0x10003998000 cpu 10de58000
[mtlr]   out: 0000010003998000 000000010de58000 0000000104dba500 0000000000000000
[mtlr]   out: 0000007700000000 0000000000004000 00000000413739f5 000000000001bad7
[uatrec] S4 r3 (+0s): nvv 8 ncb 8 vsz 0x100000 fill 0x1000000000 destroy0 kr 0x00000000 nj 40
[uatrec] S4 r3 blit[0] slots 7 ridp 1
[uatrec] S4 r3 blit[1] slots 7 ridp 1
[uatrec] S4 r3 blit[2] slots 7 ridp 1
[uatrec] S4 r3 blit[3] slots 7 ridp 1
[uatrec] S4 r3 blit[4] slots 7 ridp 1
[uatrec] S4 r3 blit[5] slots 7 ridp 1
[uatrec] S4 r3 blit[6] slots 8 ridp 1
[uatrec] S4 r3 blit[7] slots 7 ridp 1
[mtlr] resource2 sel8 flags 470 sz 0x100000 -> kr 0x00000000 rid 119 GPUVA 0x10002490000 cpu 10d958000
[mtlr]   out: 0000010002490000 000000010d958000 0000000104db5940 0000000000000000
[mtlr]   out: 0000007700000000 0000000000100000 0000000041373a7d 000000000001bada
[uatrec] S4 r4 victim[0] rid 119 gpuva 0x10002490000 cpu 0x10d958000 (top-of-stack)
[mtlr] resource2 sel8 flags 470 sz 0x100000 -> kr 0x00000000 rid 120 GPUVA 0x10002598000 cpu 10da58000
[mtlr]   out: 0000010002598000 000000010da58000 0000000104db5a00 0000000000000000
[mtlr]   out: 0000007800000000 0000000000100000 0000000041373a7e 000000000001badb
[uatrec] S4 r4 victim[1] rid 120 gpuva 0x10002598000 cpu 0x10da58000 (top-of-stack)
[mtlr] resource2 sel8 flags 470 sz 0x100000 -> kr 0x00000000 rid 121 GPUVA 0x100026a0000 cpu 10db58000
[mtlr]   out: 00000100026a0000 000000010db58000 0000000104db5ac0 0000000000000000
[mtlr]   out: 0000007900000000 0000000000100000 0000000041373a7f 000000000001badc
[uatrec] S4 r4 victim[2] rid 121 gpuva 0x100026a0000 cpu 0x10db58000 (top-of-stack)
[mtlr] resource2 sel8 flags 470 sz 0x100000 -> kr 0x00000000 rid 122 GPUVA 0x100027a8000 cpu 10dc58000
[mtlr]   out: 00000100027a8000 000000010dc58000 0000000104db5b80 0000000000000000
[mtlr]   out: 0000007a00000000 0000000000100000 0000000041373a80 000000000001badd
[uatrec] S4 r4 victim[3] rid 122 gpuva 0x100027a8000 cpu 0x10dc58000 (top-of-stack)
[mtlr] resource2 sel8 flags 470 sz 0x100000 -> kr 0x00000000 rid 123 GPUVA 0x100028b0000 cpu 10dd58000
[mtlr]   out: 00000100028b0000 000000010dd58000 0000000104db5c40 0000000000000000
[mtlr]   out: 0000007b00000000 0000000000100000 0000000041373a81 000000000001bade
[uatrec] S4 r4 victim[4] rid 123 gpuva 0x100028b0000 cpu 0x10dd58000 (top-of-stack)
[mtlr] resource2 sel8 flags 470 sz 0x100000 -> kr 0x00000000 rid 124 GPUVA 0x100029b8000 cpu 10df54000
[mtlr]   out: 00000100029b8000 000000010df54000 0000000104db5d00 0000000000000000
[mtlr]   out: 0000007c00000000 0000000000100000 0000000041373a82 000000000001badf
[uatrec] S4 r4 victim[5] rid 124 gpuva 0x100029b8000 cpu 0x10df54000 (top-of-stack)
[mtlr] resource2 sel8 flags 470 sz 0x100000 -> kr 0x00000000 rid 125 GPUVA 0x10002ac0000 cpu 10e168000
[mtlr]   out: 0000010002ac0000 000000010e168000 0000000104db5dc0 0000000000000000
[mtlr]   out: 0000007d00000000 0000000000100000 0000000041373a8a 000000000001bae0
[uatrec] S4 r4 victim[6] rid 125 gpuva 0x10002ac0000 cpu 0x10e168000 (top-of-stack)
[mtlr] resource2 sel8 flags 470 sz 0x100000 -> kr 0x00000000 rid 126 GPUVA 0x10002bc8000 cpu 10e2d4000
[mtlr]   out: 0000010002bc8000 000000010e2d4000 0000000104db5e80 0000000000000000
[mtlr]   out: 0000007e00000000 0000000000100000 0000000041373a8b 000000000001bae1
[uatrec] S4 r4 victim[7] rid 126 gpuva 0x10002bc8000 cpu 0x10e2d4000 (top-of-stack)
[mtlr] resource2 sel8 flags 470 sz 0x1000 -> kr 0x00000000 rid 119 GPUVA 0x10003998000 cpu 10de58000
[mtlr]   out: 0000010003998000 000000010de58000 0000000104dba500 0000000000000000
[mtlr]   out: 0000007700000000 0000000000004000 0000000041373ac9 000000000001baeb
[mtlr] resource2 sel8 flags 470 sz 0x1000 -> kr 0x00000000 rid 119 GPUVA 0x10003998000 cpu 10de58000
[mtlr]   out: 0000010003998000 000000010de58000 0000000104dba500 0000000000000000
[mtlr]   out: 0000007700000000 0000000000004000 0000000041373aca 000000000001baec
[mtlr] resource2 sel8 flags 470 sz 0x1000 -> kr 0x00000000 rid 119 GPUVA 0x10003998000 cpu 10de58000
[mtlr]   out: 0000010003998000 000000010de58000 0000000104dba500 0000000000000000
[mtlr]   out: 0000007700000000 0000000000004000 0000000041373acb 000000000001baed
[mtlr] resource2 sel8 flags 470 sz 0x1000 -> kr 0x00000000 rid 119 GPUVA 0x10003998000 cpu 10de58000
[mtlr]   out: 0000010003998000 000000010de58000 0000000104dba500 0000000000000000
[mtlr]   out: 0000007700000000 0000000000004000 0000000041373acc 000000000001baee
[mtlr] resource2 sel8 flags 470 sz 0x1000 -> kr 0x00000000 rid 119 GPUVA 0x10003998000 cpu 10de58000
[mtlr]   out: 0000010003998000 000000010de58000 0000000104dba500 0000000000000000
[mtlr]   out: 0000007700000000 0000000000004000 0000000041373acd 000000000001baef
[mtlr] resource2 sel8 flags 470 sz 0x1000 -> kr 0x00000000 rid 119 GPUVA 0x10003998000 cpu 10de58000
[mtlr]   out: 0000010003998000 000000010de58000 0000000104dba500 0000000000000000
[mtlr]   out: 0000007700000000 0000000000004000 0000000041373ace 000000000001baf0
[mtlr] resource2 sel8 flags 470 sz 0x1000 -> kr 0x00000000 rid 119 GPUVA 0x10003998000 cpu 10de58000
[mtlr]   out: 0000010003998000 000000010de58000 0000000104dba500 0000000000000000
[mtlr]   out: 0000007700000000 0000000000004000 0000000041373acf 000000000001baf1
[mtlr] resource2 sel8 flags 470 sz 0x1000 -> kr 0x00000000 rid 119 GPUVA 0x10003998000 cpu 10de58000
[mtlr]   out: 0000010003998000 000000010de58000 0000000104dba500 0000000000000000
[mtlr]   out: 0000007700000000 0000000000004000 0000000041373ad0 000000000001baf2
[mtlr] resource2 sel8 flags 470 sz 0x1000 -> kr 0x00000000 rid 119 GPUVA 0x10003998000 cpu 10de58000
[mtlr]   out: 0000010003998000 000000010de58000 0000000104dba500 0000000000000000
[mtlr]   out: 0000007700000000 0000000000004000 0000000041373ad1 000000000001baf3
[mtlr] resource2 sel8 flags 470 sz 0x1000 -> kr 0x00000000 rid 119 GPUVA 0x10003998000 cpu 10de58000
[mtlr]   out: 0000010003998000 000000010de58000 0000000104dba500 0000000000000000
[mtlr]   out: 0000007700000000 0000000000004000 0000000041373ad2 000000000001baf4
[mtlr] resource2 sel8 flags 470 sz 0x1000 -> kr 0x00000000 rid 119 GPUVA 0x10003998000 cpu 10de58000
[mtlr]   out: 0000010003998000 000000010de58000 0000000104dba500 0000000000000000
[mtlr]   out: 0000007700000000 0000000000004000 0000000041373ad3 000000000001baf5
[mtlr] resource2 sel8 flags 470 sz 0x1000 -> kr 0x00000000 rid 119 GPUVA 0x10003998000 cpu 10de58000
[mtlr]   out: 0000010003998000 000000010de58000 0000000104dba500 0000000000000000
[mtlr]   out: 0000007700000000 0000000000004000 0000000041373ad4 000000000001baf6
[mtlr] resource2 sel8 flags 470 sz 0x1000 -> kr 0x00000000 rid 119 GPUVA 0x10003998000 cpu 10de58000
[mtlr]   out: 0000010003998000 000000010de58000 0000000104dba500 0000000000000000
[mtlr]   out: 0000007700000000 0000000000004000 0000000041373ad5 000000000001baf7
[mtlr] resource2 sel8 flags 470 sz 0x1000 -> kr 0x00000000 rid 119 GPUVA 0x10003998000 cpu 10de58000
[mtlr]   out: 0000010003998000 000000010de58000 0000000104dba500 0000000000000000
[mtlr]   out: 0000007700000000 0000000000004000 0000000041373ad6 000000000001baf8
[mtlr] resource2 sel8 flags 470 sz 0x1000 -> kr 0x00000000 rid 119 GPUVA 0x10003998000 cpu 10de58000
[mtlr]   out: 0000010003998000 000000010de58000 0000000104dba500 0000000000000000
[mtlr]   out: 0000007700000000 0000000000004000 0000000041373ad7 000000000001baf9
[mtlr] resource2 sel8 flags 470 sz 0x1000 -> kr 0x00000000 rid 119 GPUVA 0x10003998000 cpu 10de58000
[mtlr]   out: 0000010003998000 000000010de58000 0000000104dba500 0000000000000000
[mtlr]   out: 0000007700000000 0000000000004000 0000000041373ad8 000000000001bafa
[mtlr] resource2 sel8 flags 470 sz 0x1000 -> kr 0x00000000 rid 119 GPUVA 0x10003998000 cpu 10de58000
[mtlr]   out: 0000010003998000 000000010de58000 0000000104dba500 0000000000000000
[mtlr]   out: 0000007700000000 0000000000004000 0000000041373ad9 000000000001bafb
[mtlr] resource2 sel8 flags 470 sz 0x1000 -> kr 0x00000000 rid 119 GPUVA 0x10003998000 cpu 10de58000
[mtlr]   out: 0000010003998000 000000010de58000 0000000104dba500 0000000000000000
[mtlr]   out: 0000007700000000 0000000000004000 0000000041373ada 000000000001bafc
[mtlr] resource2 sel8 flags 470 sz 0x1000 -> kr 0x00000000 rid 119 GPUVA 0x10003998000 cpu 10de58000
[mtlr]   out: 0000010003998000 000000010de58000 0000000104dba500 0000000000000000
[mtlr]   out: 0000007700000000 0000000000004000 0000000041373adb 000000000001bafd
[mtlr] resource2 sel8 flags 470 sz 0x1000 -> kr 0x00000000 rid 119 GPUVA 0x10003998000 cpu 10de58000
[mtlr]   out: 0000010003998000 000000010de58000 0000000104dba500 0000000000000000
[mtlr]   out: 0000007700000000 0000000000004000 0000000041373adc 000000000001bafe
[mtlr] resource2 sel8 flags 470 sz 0x1000 -> kr 0x00000000 rid 119 GPUVA 0x10003998000 cpu 10de58000
[mtlr]   out: 0000010003998000 000000010de58000 0000000104dba500 0000000000000000
[mtlr]   out: 0000007700000000 0000000000004000 0000000041373add 000000000001baff
[mtlr] resource2 sel8 flags 470 sz 0x1000 -> kr 0x00000000 rid 119 GPUVA 0x10003998000 cpu 10de58000
[mtlr]   out: 0000010003998000 000000010de58000 0000000104dba500 0000000000000000
[mtlr]   out: 0000007700000000 0000000000004000 0000000041373ade 000000000001bb00
[mtlr] resource2 sel8 flags 470 sz 0x1000 -> kr 0x00000000 rid 119 GPUVA 0x10003998000 cpu 10de58000
[mtlr]   out: 0000010003998000 000000010de58000 0000000104dba500 0000000000000000
[mtlr]   out: 0000007700000000 0000000000004000 0000000041373adf 000000000001bb01
[mtlr] resource2 sel8 flags 470 sz 0x1000 -> kr 0x00000000 rid 119 GPUVA 0x10003998000 cpu 10de58000
[mtlr]   out: 0000010003998000 000000010de58000 0000000104dba500 0000000000000000
[mtlr]   out: 0000007700000000 0000000000004000 0000000041373ae0 000000000001bb02
[mtlr] resource2 sel8 flags 470 sz 0x1000 -> kr 0x00000000 rid 119 GPUVA 0x10003998000 cpu 10de58000
[mtlr]   out: 0000010003998000 000000010de58000 0000000104dba500 0000000000000000
[mtlr]   out: 0000007700000000 0000000000004000 0000000041373ae1 000000000001bb03
[mtlr] resource2 sel8 flags 470 sz 0x1000 -> kr 0x00000000 rid 119 GPUVA 0x10003998000 cpu 10de58000
[mtlr]   out: 0000010003998000 000000010de58000 0000000104dba500 0000000000000000
[mtlr]   out: 0000007700000000 0000000000004000 0000000041373ae2 000000000001bb04
[mtlr] resource2 sel8 flags 470 sz 0x1000 -> kr 0x00000000 rid 119 GPUVA 0x10003998000 cpu 10de58000
[mtlr]   out: 0000010003998000 000000010de58000 0000000104dba500 0000000000000000
[mtlr]   out: 0000007700000000 0000000000004000 0000000041373ae3 000000000001bb05
[mtlr] resource2 sel8 flags 470 sz 0x1000 -> kr 0x00000000 rid 119 GPUVA 0x10003998000 cpu 10de58000
[mtlr]   out: 0000010003998000 000000010de58000 0000000104dba500 0000000000000000
[mtlr]   out: 0000007700000000 0000000000004000 0000000041373ae4 000000000001bb06
[mtlr] resource2 sel8 flags 470 sz 0x1000 -> kr 0x00000000 rid 119 GPUVA 0x10003998000 cpu 10de58000
[mtlr]   out: 0000010003998000 000000010de58000 0000000104dba500 0000000000000000
[mtlr]   out: 0000007700000000 0000000000004000 0000000041373ae5 000000000001bb07
[mtlr] resource2 sel8 flags 470 sz 0x1000 -> kr 0x00000000 rid 119 GPUVA 0x10003998000 cpu 10de58000
[mtlr]   out: 0000010003998000 000000010de58000 0000000104dba500 0000000000000000
[mtlr]   out: 0000007700000000 0000000000004000 0000000041373ae6 000000000001bb08
[mtlr] resource2 sel8 flags 470 sz 0x1000 -> kr 0x00000000 rid 119 GPUVA 0x10003998000 cpu 10de58000
[mtlr]   out: 0000010003998000 000000010de58000 0000000104dba500 0000000000000000
[mtlr]   out: 0000007700000000 0000000000004000 0000000041373ae7 000000000001bb09
[mtlr] resource2 sel8 flags 470 sz 0x1000 -> kr 0x00000000 rid 119 GPUVA 0x10003998000 cpu 10de58000
[mtlr]   out: 0000010003998000 000000010de58000 0000000104dba500 0000000000000000
[mtlr]   out: 0000007700000000 0000000000004000 0000000041373ae8 000000000001bb0a
[mtlr] resource2 sel8 flags 470 sz 0x1000 -> kr 0x00000000 rid 119 GPUVA 0x10003998000 cpu 10de58000
[mtlr]   out: 0000010003998000 000000010de58000 0000000104dba500 0000000000000000
[mtlr]   out: 0000007700000000 0000000000004000 0000000041373ae9 000000000001bb0b
[mtlr] resource2 sel8 flags 470 sz 0x1000 -> kr 0x00000000 rid 119 GPUVA 0x10003998000 cpu 10de58000
[mtlr]   out: 0000010003998000 000000010de58000 0000000104dba500 0000000000000000
[mtlr]   out: 0000007700000000 0000000000004000 0000000041373aea 000000000001bb0c
[mtlr] resource2 sel8 flags 470 sz 0x1000 -> kr 0x00000000 rid 119 GPUVA 0x10003998000 cpu 10de58000
[mtlr]   out: 0000010003998000 000000010de58000 0000000104dba500 0000000000000000
[mtlr]   out: 0000007700000000 0000000000004000 0000000041373aeb 000000000001bb0d
[mtlr] resource2 sel8 flags 470 sz 0x1000 -> kr 0x00000000 rid 119 GPUVA 0x10003998000 cpu 10de58000
[mtlr]   out: 0000010003998000 000000010de58000 0000000104dba500 0000000000000000
[mtlr]   out: 0000007700000000 0000000000004000 0000000041373aec 000000000001bb0e
[mtlr] resource2 sel8 flags 470 sz 0x1000 -> kr 0x00000000 rid 119 GPUVA 0x10003998000 cpu 10de58000
[mtlr]   out: 0000010003998000 000000010de58000 0000000104dba500 0000000000000000
[mtlr]   out: 0000007700000000 0000000000004000 0000000041373aed 000000000001bb0f
[mtlr] resource2 sel8 flags 470 sz 0x1000 -> kr 0x00000000 rid 119 GPUVA 0x10003998000 cpu 10de58000
[mtlr]   out: 0000010003998000 000000010de58000 0000000104dba500 0000000000000000
[mtlr]   out: 0000007700000000 0000000000004000 0000000041373aee 000000000001bb10
[mtlr] resource2 sel8 flags 470 sz 0x1000 -> kr 0x00000000 rid 119 GPUVA 0x10003998000 cpu 10de58000
[mtlr]   out: 0000010003998000 000000010de58000 0000000104dba500 0000000000000000
[mtlr]   out: 0000007700000000 0000000000004000 0000000041373aef 000000000001bb11
[mtlr] resource2 sel8 flags 470 sz 0x1000 -> kr 0x00000000 rid 119 GPUVA 0x10003998000 cpu 10de58000
[mtlr]   out: 0000010003998000 000000010de58000 0000000104dba500 0000000000000000
[mtlr]   out: 0000007700000000 0000000000004000 0000000041373af0 000000000001bb12
[uatrec] S4 r4 (+0s): nvv 8 ncb 8 vsz 0x100000 fill 0x1000000000 destroy0 kr 0x00000000 nj 40
[uatrec] S4 r4 blit[0] slots 7 ridp 1
[uatrec] S4 r4 blit[1] slots 7 ridp 1
[uatrec] S4 r4 blit[2] slots 8 ridp 1
[uatrec] S4 r4 blit[3] slots 7 ridp 1
[uatrec] S4 r4 blit[4] slots 7 ridp 1
[uatrec] S4 r4 blit[5] slots 7 ridp 1
[uatrec] S4 r4 blit[6] slots 7 ridp 1
[uatrec] S4 r4 blit[7] slots 7 ridp 1
[mtlr] resource2 sel8 flags 470 sz 0x100000 -> kr 0x00000000 rid 119 GPUVA 0x10002490000 cpu 10e544000
[mtlr]   out: 0000010002490000 000000010e544000 0000000104db5940 0000000000000000
[mtlr]   out: 0000007700000000 0000000000100000 0000000041373b7c 000000000001bb15
[uatrec] S4 r5 victim[0] rid 119 gpuva 0x10002490000 cpu 0x10e544000 (top-of-stack)
[mtlr] resource2 sel8 flags 470 sz 0x100000 -> kr 0x00000000 rid 120 GPUVA 0x10002598000 cpu 10e6b4000
[mtlr]   out: 0000010002598000 000000010e6b4000 0000000104db5a00 0000000000000000
[mtlr]   out: 0000007800000000 0000000000100000 0000000041373b7d 000000000001bb16
[uatrec] S4 r5 victim[1] rid 120 gpuva 0x10002598000 cpu 0x10e6b4000 (top-of-stack)
[mtlr] resource2 sel8 flags 470 sz 0x100000 -> kr 0x00000000 rid 121 GPUVA 0x100026a0000 cpu 10ec28000
[mtlr]   out: 00000100026a0000 000000010ec28000 0000000104db5ac0 0000000000000000
[mtlr]   out: 0000007900000000 0000000000100000 0000000041373b7e 000000000001bb17
[uatrec] S4 r5 victim[2] rid 121 gpuva 0x100026a0000 cpu 0x10ec28000 (top-of-stack)
[mtlr] resource2 sel8 flags 470 sz 0x100000 -> kr 0x00000000 rid 122 GPUVA 0x100027a8000 cpu 10d958000
[mtlr]   out: 00000100027a8000 000000010d958000 0000000104db5b80 0000000000000000
[mtlr]   out: 0000007a00000000 0000000000100000 0000000041373b7f 000000000001bb18
[uatrec] S4 r5 victim[3] rid 122 gpuva 0x100027a8000 cpu 0x10d958000 (top-of-stack)
[mtlr] resource2 sel8 flags 470 sz 0x100000 -> kr 0x00000000 rid 123 GPUVA 0x100028b0000 cpu 10da58000
[mtlr]   out: 00000100028b0000 000000010da58000 0000000104db5c40 0000000000000000
[mtlr]   out: 0000007b00000000 0000000000100000 0000000041373b87 000000000001bb19
[uatrec] S4 r5 victim[4] rid 123 gpuva 0x100028b0000 cpu 0x10da58000 (top-of-stack)
[mtlr] resource2 sel8 flags 470 sz 0x100000 -> kr 0x00000000 rid 124 GPUVA 0x100029b8000 cpu 10db58000
[mtlr]   out: 00000100029b8000 000000010db58000 0000000104db5d00 0000000000000000
[mtlr]   out: 0000007c00000000 0000000000100000 0000000041373b88 000000000001bb1a
[uatrec] S4 r5 victim[5] rid 124 gpuva 0x100029b8000 cpu 0x10db58000 (top-of-stack)
[mtlr] resource2 sel8 flags 470 sz 0x100000 -> kr 0x00000000 rid 125 GPUVA 0x10002ac0000 cpu 10dc58000
[mtlr]   out: 0000010002ac0000 000000010dc58000 0000000104db5dc0 0000000000000000
[mtlr]   out: 0000007d00000000 0000000000100000 0000000041373b89 000000000001bb1b
[uatrec] S4 r5 victim[6] rid 125 gpuva 0x10002ac0000 cpu 0x10dc58000 (top-of-stack)
[mtlr] resource2 sel8 flags 470 sz 0x100000 -> kr 0x00000000 rid 126 GPUVA 0x10002bc8000 cpu 10dd58000
[mtlr]   out: 0000010002bc8000 000000010dd58000 0000000104db5e80 0000000000000000
[mtlr]   out: 0000007e00000000 0000000000100000 0000000041373b8a 000000000001bb1c
[uatrec] S4 r5 victim[7] rid 126 gpuva 0x10002bc8000 cpu 0x10dd58000 (top-of-stack)
[mtlr] resource2 sel8 flags 470 sz 0x1000 -> kr 0x00000000 rid 119 GPUVA 0x10002490000 cpu 10de58000
[mtlr]   out: 0000010002490000 000000010de58000 0000000104db5940 0000000000000000
[mtlr]   out: 0000007700000000 0000000000004000 0000000041373bca 000000000001bb26
[mtlr] resource2 sel8 flags 470 sz 0x1000 -> kr 0x00000000 rid 119 GPUVA 0x10002490000 cpu 10de58000
[mtlr]   out: 0000010002490000 000000010de58000 0000000104db5940 0000000000000000
[mtlr]   out: 0000007700000000 0000000000004000 0000000041373bcb 000000000001bb27
[mtlr] resource2 sel8 flags 470 sz 0x1000 -> kr 0x00000000 rid 119 GPUVA 0x10002490000 cpu 10de58000
[mtlr]   out: 0000010002490000 000000010de58000 0000000104db5940 0000000000000000
[mtlr]   out: 0000007700000000 0000000000004000 0000000041373bcc 000000000001bb28
[mtlr] resource2 sel8 flags 470 sz 0x1000 -> kr 0x00000000 rid 119 GPUVA 0x10002490000 cpu 10de58000
[mtlr]   out: 0000010002490000 000000010de58000 0000000104db5940 0000000000000000
[mtlr]   out: 0000007700000000 0000000000004000 0000000041373bcd 000000000001bb29
[mtlr] resource2 sel8 flags 470 sz 0x1000 -> kr 0x00000000 rid 119 GPUVA 0x10002490000 cpu 10de58000
[mtlr]   out: 0000010002490000 000000010de58000 0000000104db5940 0000000000000000
[mtlr]   out: 0000007700000000 0000000000004000 0000000041373bce 000000000001bb2a
[mtlr] resource2 sel8 flags 470 sz 0x1000 -> kr 0x00000000 rid 119 GPUVA 0x10002490000 cpu 10de58000
[mtlr]   out: 0000010002490000 000000010de58000 0000000104db5940 0000000000000000
[mtlr]   out: 0000007700000000 0000000000004000 0000000041373bcf 000000000001bb2b
[mtlr] resource2 sel8 flags 470 sz 0x1000 -> kr 0x00000000 rid 119 GPUVA 0x10002490000 cpu 10de58000
[mtlr]   out: 0000010002490000 000000010de58000 0000000104db5940 0000000000000000
[mtlr]   out: 0000007700000000 0000000000004000 0000000041373bd0 000000000001bb2c
[mtlr] resource2 sel8 flags 470 sz 0x1000 -> kr 0x00000000 rid 119 GPUVA 0x10002490000 cpu 10de58000
[mtlr]   out: 0000010002490000 000000010de58000 0000000104db5940 0000000000000000
[mtlr]   out: 0000007700000000 0000000000004000 0000000041373bd1 000000000001bb2d
[mtlr] resource2 sel8 flags 470 sz 0x1000 -> kr 0x00000000 rid 119 GPUVA 0x10002490000 cpu 10de58000
[mtlr]   out: 0000010002490000 000000010de58000 0000000104db5940 0000000000000000
[mtlr]   out: 0000007700000000 0000000000004000 0000000041373bd2 000000000001bb2e
[mtlr] resource2 sel8 flags 470 sz 0x1000 -> kr 0x00000000 rid 119 GPUVA 0x10002490000 cpu 10de58000
[mtlr]   out: 0000010002490000 000000010de58000 0000000104db5940 0000000000000000
[mtlr]   out: 0000007700000000 0000000000004000 0000000041373bd3 000000000001bb2f
[mtlr] resource2 sel8 flags 470 sz 0x1000 -> kr 0x00000000 rid 119 GPUVA 0x10002490000 cpu 10de58000
[mtlr]   out: 0000010002490000 000000010de58000 0000000104db5940 0000000000000000
[mtlr]   out: 0000007700000000 0000000000004000 0000000041373bd4 000000000001bb30
[mtlr] resource2 sel8 flags 470 sz 0x1000 -> kr 0x00000000 rid 119 GPUVA 0x10002490000 cpu 10de58000
[mtlr]   out: 0000010002490000 000000010de58000 0000000104db5940 0000000000000000
[mtlr]   out: 0000007700000000 0000000000004000 0000000041373bd5 000000000001bb31
[mtlr] resource2 sel8 flags 470 sz 0x1000 -> kr 0x00000000 rid 119 GPUVA 0x10002490000 cpu 10de58000
[mtlr]   out: 0000010002490000 000000010de58000 0000000104db5940 0000000000000000
[mtlr]   out: 0000007700000000 0000000000004000 0000000041373bd6 000000000001bb32
[mtlr] resource2 sel8 flags 470 sz 0x1000 -> kr 0x00000000 rid 119 GPUVA 0x10002490000 cpu 10de58000
[mtlr]   out: 0000010002490000 000000010de58000 0000000104db5940 0000000000000000
[mtlr]   out: 0000007700000000 0000000000004000 0000000041373bd7 000000000001bb33
[mtlr] resource2 sel8 flags 470 sz 0x1000 -> kr 0x00000000 rid 119 GPUVA 0x10002490000 cpu 10de58000
[mtlr]   out: 0000010002490000 000000010de58000 0000000104db5940 0000000000000000
[mtlr]   out: 0000007700000000 0000000000004000 0000000041373bd8 000000000001bb34
[mtlr] resource2 sel8 flags 470 sz 0x1000 -> kr 0x00000000 rid 119 GPUVA 0x10002490000 cpu 10de58000
[mtlr]   out: 0000010002490000 000000010de58000 0000000104db5940 0000000000000000
[mtlr]   out: 0000007700000000 0000000000004000 0000000041373bd9 000000000001bb35
[mtlr] resource2 sel8 flags 470 sz 0x1000 -> kr 0x00000000 rid 119 GPUVA 0x10002490000 cpu 10de58000
[mtlr]   out: 0000010002490000 000000010de58000 0000000104db5940 0000000000000000
[mtlr]   out: 0000007700000000 0000000000004000 0000000041373bda 000000000001bb36
[mtlr] resource2 sel8 flags 470 sz 0x1000 -> kr 0x00000000 rid 119 GPUVA 0x10002490000 cpu 10de58000
[mtlr]   out: 0000010002490000 000000010de58000 0000000104db5940 0000000000000000
[mtlr]   out: 0000007700000000 0000000000004000 0000000041373bdb 000000000001bb37
[mtlr] resource2 sel8 flags 470 sz 0x1000 -> kr 0x00000000 rid 119 GPUVA 0x10002490000 cpu 10de58000
[mtlr]   out: 0000010002490000 000000010de58000 0000000104db5940 0000000000000000
[mtlr]   out: 0000007700000000 0000000000004000 0000000041373bdc 000000000001bb38
[mtlr] resource2 sel8 flags 470 sz 0x1000 -> kr 0x00000000 rid 119 GPUVA 0x10002490000 cpu 10de58000
[mtlr]   out: 0000010002490000 000000010de58000 0000000104db5940 0000000000000000
[mtlr]   out: 0000007700000000 0000000000004000 0000000041373bdd 000000000001bb39
[mtlr] resource2 sel8 flags 470 sz 0x1000 -> kr 0x00000000 rid 119 GPUVA 0x10002490000 cpu 10de58000
[mtlr]   out: 0000010002490000 000000010de58000 0000000104db5940 0000000000000000
[mtlr]   out: 0000007700000000 0000000000004000 0000000041373bde 000000000001bb3a
[mtlr] resource2 sel8 flags 470 sz 0x1000 -> kr 0x00000000 rid 119 GPUVA 0x10002490000 cpu 10de58000
[mtlr]   out: 0000010002490000 000000010de58000 0000000104db5940 0000000000000000
[mtlr]   out: 0000007700000000 0000000000004000 0000000041373bdf 000000000001bb3b
[mtlr] resource2 sel8 flags 470 sz 0x1000 -> kr 0x00000000 rid 119 GPUVA 0x10002490000 cpu 10de58000
[mtlr]   out: 0000010002490000 000000010de58000 0000000104db5940 0000000000000000
[mtlr]   out: 0000007700000000 0000000000004000 0000000041373be0 000000000001bb3c
[mtlr] resource2 sel8 flags 470 sz 0x1000 -> kr 0x00000000 rid 119 GPUVA 0x10002490000 cpu 10de58000
[mtlr]   out: 0000010002490000 000000010de58000 0000000104db5940 0000000000000000
[mtlr]   out: 0000007700000000 0000000000004000 0000000041373be1 000000000001bb3d
[mtlr] resource2 sel8 flags 470 sz 0x1000 -> kr 0x00000000 rid 119 GPUVA 0x10002490000 cpu 10de58000
[mtlr]   out: 0000010002490000 000000010de58000 0000000104db5940 0000000000000000
[mtlr]   out: 0000007700000000 0000000000004000 0000000041373be2 000000000001bb3e
[mtlr] resource2 sel8 flags 470 sz 0x1000 -> kr 0x00000000 rid 119 GPUVA 0x10002490000 cpu 10de58000
[mtlr]   out: 0000010002490000 000000010de58000 0000000104db5940 0000000000000000
[mtlr]   out: 0000007700000000 0000000000004000 0000000041373be3 000000000001bb3f
[mtlr] resource2 sel8 flags 470 sz 0x1000 -> kr 0x00000000 rid 119 GPUVA 0x10002490000 cpu 10de58000
[mtlr]   out: 0000010002490000 000000010de58000 0000000104db5940 0000000000000000
[mtlr]   out: 0000007700000000 0000000000004000 0000000041373be6 000000000001bb40
[mtlr] resource2 sel8 flags 470 sz 0x1000 -> kr 0x00000000 rid 119 GPUVA 0x10002490000 cpu 10de58000
[mtlr]   out: 0000010002490000 000000010de58000 0000000104db5940 0000000000000000
[mtlr]   out: 0000007700000000 0000000000004000 0000000041373be9 000000000001bb41
[mtlr] resource2 sel8 flags 470 sz 0x1000 -> kr 0x00000000 rid 119 GPUVA 0x10002490000 cpu 10de58000
[mtlr]   out: 0000010002490000 000000010de58000 0000000104db5940 0000000000000000
[mtlr]   out: 0000007700000000 0000000000004000 0000000041373bf1 000000000001bb42
[mtlr] resource2 sel8 flags 470 sz 0x1000 -> kr 0x00000000 rid 119 GPUVA 0x10002490000 cpu 10de58000
[mtlr]   out: 0000010002490000 000000010de58000 0000000104db5940 0000000000000000
[mtlr]   out: 0000007700000000 0000000000004000 0000000041373bf2 000000000001bb43
[mtlr] resource2 sel8 flags 470 sz 0x1000 -> kr 0x00000000 rid 119 GPUVA 0x10002490000 cpu 10de58000
[mtlr]   out: 0000010002490000 000000010de58000 0000000104db5940 0000000000000000
[mtlr]   out: 0000007700000000 0000000000004000 0000000041373bf3 000000000001bb44
[mtlr] resource2 sel8 flags 470 sz 0x1000 -> kr 0x00000000 rid 119 GPUVA 0x10002490000 cpu 10de58000
[mtlr]   out: 0000010002490000 000000010de58000 0000000104db5940 0000000000000000
[mtlr]   out: 0000007700000000 0000000000004000 0000000041373bf4 000000000001bb45
[mtlr] resource2 sel8 flags 470 sz 0x1000 -> kr 0x00000000 rid 119 GPUVA 0x10002490000 cpu 10de58000
[mtlr]   out: 0000010002490000 000000010de58000 0000000104db5940 0000000000000000
[mtlr]   out: 0000007700000000 0000000000004000 0000000041373bf5 000000000001bb46
[mtlr] resource2 sel8 flags 470 sz 0x1000 -> kr 0x00000000 rid 119 GPUVA 0x10002490000 cpu 10de58000
[mtlr]   out: 0000010002490000 000000010de58000 0000000104db5940 0000000000000000
[mtlr]   out: 0000007700000000 0000000000004000 0000000041373bf6 000000000001bb47
[mtlr] resource2 sel8 flags 470 sz 0x1000 -> kr 0x00000000 rid 119 GPUVA 0x10002490000 cpu 10de58000
[mtlr]   out: 0000010002490000 000000010de58000 0000000104db5940 0000000000000000
[mtlr]   out: 0000007700000000 0000000000004000 0000000041373bf7 000000000001bb48
[mtlr] resource2 sel8 flags 470 sz 0x1000 -> kr 0x00000000 rid 119 GPUVA 0x10002490000 cpu 10de58000
[mtlr]   out: 0000010002490000 000000010de58000 0000000104db5940 0000000000000000
[mtlr]   out: 0000007700000000 0000000000004000 0000000041373bf8 000000000001bb49
[mtlr] resource2 sel8 flags 470 sz 0x1000 -> kr 0x00000000 rid 119 GPUVA 0x10002490000 cpu 10de58000
[mtlr]   out: 0000010002490000 000000010de58000 0000000104db5940 0000000000000000
[mtlr]   out: 0000007700000000 0000000000004000 0000000041373bf9 000000000001bb4a
[mtlr] resource2 sel8 flags 470 sz 0x1000 -> kr 0x00000000 rid 119 GPUVA 0x10002490000 cpu 10de58000
[mtlr]   out: 0000010002490000 000000010de58000 0000000104db5940 0000000000000000
[mtlr]   out: 0000007700000000 0000000000004000 0000000041373bfa 000000000001bb4b
[mtlr] resource2 sel8 flags 470 sz 0x1000 -> kr 0x00000000 rid 119 GPUVA 0x10002490000 cpu 10de58000
[mtlr]   out: 0000010002490000 000000010de58000 0000000104db5940 0000000000000000
[mtlr]   out: 0000007700000000 0000000000004000 0000000041373bfb 000000000001bb4c
[mtlr] resource2 sel8 flags 470 sz 0x1000 -> kr 0x00000000 rid 119 GPUVA 0x10002490000 cpu 10de58000
[mtlr]   out: 0000010002490000 000000010de58000 0000000104db5940 0000000000000000
[mtlr]   out: 0000007700000000 0000000000004000 0000000041373bfc 000000000001bb4d
[uatrec] S4 r5 (+0s): nvv 8 ncb 8 vsz 0x100000 fill 0x1000000000 destroy0 kr 0x00000000 nj 40
[uatrec] S4 r5 blit[0] slots 7 ridp 1
[uatrec] S4 r5 blit[1] slots 7 ridp 1
[uatrec] S4 r5 blit[2] slots 7 ridp 1
[uatrec] S4 r5 blit[3] slots 7 ridp 1
[uatrec] S4 r5 blit[4] slots 7 ridp 1
[uatrec] S4 r5 blit[5] slots 7 ridp 1
[uatrec] S4 r5 blit[6] slots 8 ridp 1
[uatrec] S4 r5 blit[7] slots 7 ridp 1
[mtlr] resource2 sel8 flags 470 sz 0x100000 -> kr 0x00000000 rid 119 GPUVA 0x10002490000 cpu 10e168000
[mtlr]   out: 0000010002490000 000000010e168000 0000000104db5940 0000000000000000
[mtlr]   out: 0000007700000000 0000000000100000 0000000041373c28 000000000001bb50
[uatrec] S4 r6 victim[0] rid 119 gpuva 0x10002490000 cpu 0x10e168000 (top-of-stack)
[mtlr] resource2 sel8 flags 470 sz 0x100000 -> kr 0x00000000 rid 120 GPUVA 0x10002598000 cpu 10e2d4000
[mtlr]   out: 0000010002598000 000000010e2d4000 0000000104db5a00 0000000000000000
[mtlr]   out: 0000007800000000 0000000000100000 0000000041373c29 000000000001bb51
[uatrec] S4 r6 victim[1] rid 120 gpuva 0x10002598000 cpu 0x10e2d4000 (top-of-stack)
[mtlr] resource2 sel8 flags 470 sz 0x100000 -> kr 0x00000000 rid 121 GPUVA 0x100026a0000 cpu 10e3d4000
[mtlr]   out: 00000100026a0000 000000010e3d4000 0000000104db5ac0 0000000000000000
[mtlr]   out: 0000007900000000 0000000000100000 0000000041373c2a 000000000001bb52
[uatrec] S4 r6 victim[2] rid 121 gpuva 0x100026a0000 cpu 0x10e3d4000 (top-of-stack)
[mtlr] resource2 sel8 flags 470 sz 0x100000 -> kr 0x00000000 rid 122 GPUVA 0x100027a8000 cpu 10ed94000
[mtlr]   out: 00000100027a8000 000000010ed94000 0000000104db5b80 0000000000000000
[mtlr]   out: 0000007a00000000 0000000000100000 0000000041373c2b 000000000001bb53
[uatrec] S4 r6 victim[3] rid 122 gpuva 0x100027a8000 cpu 0x10ed94000 (top-of-stack)
[mtlr] resource2 sel8 flags 470 sz 0x100000 -> kr 0x00000000 rid 123 GPUVA 0x100028b0000 cpu 10ee94000
[mtlr]   out: 00000100028b0000 000000010ee94000 0000000104db5c40 0000000000000000
[mtlr]   out: 0000007b00000000 0000000000100000 0000000041373c2c 000000000001bb54
[uatrec] S4 r6 victim[4] rid 123 gpuva 0x100028b0000 cpu 0x10ee94000 (top-of-stack)
[mtlr] resource2 sel8 flags 470 sz 0x100000 -> kr 0x00000000 rid 124 GPUVA 0x100029b8000 cpu 10ef94000
[mtlr]   out: 00000100029b8000 000000010ef94000 0000000104db5d00 0000000000000000
[mtlr]   out: 0000007c00000000 0000000000100000 0000000041373c2d 000000000001bb55
[uatrec] S4 r6 victim[5] rid 124 gpuva 0x100029b8000 cpu 0x10ef94000 (top-of-stack)
[mtlr] resource2 sel8 flags 470 sz 0x100000 -> kr 0x00000000 rid 125 GPUVA 0x10002ac0000 cpu 10f094000
[mtlr]   out: 0000010002ac0000 000000010f094000 0000000104db5dc0 0000000000000000
[mtlr]   out: 0000007d00000000 0000000000100000 0000000041373c2e 000000000001bb56
[uatrec] S4 r6 victim[6] rid 125 gpuva 0x10002ac0000 cpu 0x10f094000 (top-of-stack)
[mtlr] resource2 sel8 flags 470 sz 0x100000 -> kr 0x00000000 rid 126 GPUVA 0x10002bc8000 cpu 10e544000
[mtlr]   out: 0000010002bc8000 000000010e544000 0000000104db5e80 0000000000000000
[mtlr]   out: 0000007e00000000 0000000000100000 0000000041373c36 000000000001bb57
[uatrec] S4 r6 victim[7] rid 126 gpuva 0x10002bc8000 cpu 0x10e544000 (top-of-stack)
[mtlr] resource2 sel8 flags 470 sz 0x1000 -> kr 0x00000000 rid 119 GPUVA 0x10002490000 cpu 10e05c000
[mtlr]   out: 0000010002490000 000000010e05c000 0000000104db5940 0000000000000000
[mtlr]   out: 0000007700000000 0000000000004000 0000000041373c55 000000000001bb61
[mtlr] resource2 sel8 flags 470 sz 0x1000 -> kr 0x00000000 rid 119 GPUVA 0x10002490000 cpu 10e05c000
[mtlr]   out: 0000010002490000 000000010e05c000 0000000104db5940 0000000000000000
[mtlr]   out: 0000007700000000 0000000000004000 0000000041373c56 000000000001bb62
[mtlr] resource2 sel8 flags 470 sz 0x1000 -> kr 0x00000000 rid 119 GPUVA 0x10002490000 cpu 10e05c000
[mtlr]   out: 0000010002490000 000000010e05c000 0000000104db5940 0000000000000000
[mtlr]   out: 0000007700000000 0000000000004000 0000000041373c57 000000000001bb63
[mtlr] resource2 sel8 flags 470 sz 0x1000 -> kr 0x00000000 rid 119 GPUVA 0x10002490000 cpu 10e05c000
[mtlr]   out: 0000010002490000 000000010e05c000 0000000104db5940 0000000000000000
[mtlr]   out: 0000007700000000 0000000000004000 0000000041373c58 000000000001bb64
[mtlr] resource2 sel8 flags 470 sz 0x1000 -> kr 0x00000000 rid 119 GPUVA 0x10002490000 cpu 10e05c000
[mtlr]   out: 0000010002490000 000000010e05c000 0000000104db5940 0000000000000000
[mtlr]   out: 0000007700000000 0000000000004000 0000000041373c59 000000000001bb65
[mtlr] resource2 sel8 flags 470 sz 0x1000 -> kr 0x00000000 rid 119 GPUVA 0x10002490000 cpu 10e05c000
[mtlr]   out: 0000010002490000 000000010e05c000 0000000104db5940 0000000000000000
[mtlr]   out: 0000007700000000 0000000000004000 0000000041373c5a 000000000001bb66
[mtlr] resource2 sel8 flags 470 sz 0x1000 -> kr 0x00000000 rid 119 GPUVA 0x10002490000 cpu 10e05c000
[mtlr]   out: 0000010002490000 000000010e05c000 0000000104db5940 0000000000000000
[mtlr]   out: 0000007700000000 0000000000004000 0000000041373c5b 000000000001bb67
[mtlr] resource2 sel8 flags 470 sz 0x1000 -> kr 0x00000000 rid 119 GPUVA 0x10002490000 cpu 10e05c000
[mtlr]   out: 0000010002490000 000000010e05c000 0000000104db5940 0000000000000000
[mtlr]   out: 0000007700000000 0000000000004000 0000000041373c5c 000000000001bb68
[mtlr] resource2 sel8 flags 470 sz 0x1000 -> kr 0x00000000 rid 119 GPUVA 0x10002490000 cpu 10e05c000
[mtlr]   out: 0000010002490000 000000010e05c000 0000000104db5940 0000000000000000
[mtlr]   out: 0000007700000000 0000000000004000 0000000041373c5d 000000000001bb69
[mtlr] resource2 sel8 flags 470 sz 0x1000 -> kr 0x00000000 rid 119 GPUVA 0x10002490000 cpu 10e05c000
[mtlr]   out: 0000010002490000 000000010e05c000 0000000104db5940 0000000000000000
[mtlr]   out: 0000007700000000 0000000000004000 0000000041373c5e 000000000001bb6a
[mtlr] resource2 sel8 flags 470 sz 0x1000 -> kr 0x00000000 rid 119 GPUVA 0x10002490000 cpu 10e05c000
[mtlr]   out: 0000010002490000 000000010e05c000 0000000104db5940 0000000000000000
[mtlr]   out: 0000007700000000 0000000000004000 0000000041373c5f 000000000001bb6b
[mtlr] resource2 sel8 flags 470 sz 0x1000 -> kr 0x00000000 rid 119 GPUVA 0x10002490000 cpu 10e05c000
[mtlr]   out: 0000010002490000 000000010e05c000 0000000104db5940 0000000000000000
[mtlr]   out: 0000007700000000 0000000000004000 0000000041373c60 000000000001bb6c
[mtlr] resource2 sel8 flags 470 sz 0x1000 -> kr 0x00000000 rid 119 GPUVA 0x10002490000 cpu 10e05c000
[mtlr]   out: 0000010002490000 000000010e05c000 0000000104db5940 0000000000000000
[mtlr]   out: 0000007700000000 0000000000004000 0000000041373c61 000000000001bb6d
[mtlr] resource2 sel8 flags 470 sz 0x1000 -> kr 0x00000000 rid 119 GPUVA 0x10002490000 cpu 10e05c000
[mtlr]   out: 0000010002490000 000000010e05c000 0000000104db5940 0000000000000000
[mtlr]   out: 0000007700000000 0000000000004000 0000000041373c62 000000000001bb6e
[mtlr] resource2 sel8 flags 470 sz 0x1000 -> kr 0x00000000 rid 119 GPUVA 0x10002490000 cpu 10e05c000
[mtlr]   out: 0000010002490000 000000010e05c000 0000000104db5940 0000000000000000
[mtlr]   out: 0000007700000000 0000000000004000 0000000041373c63 000000000001bb6f
[mtlr] resource2 sel8 flags 470 sz 0x1000 -> kr 0x00000000 rid 119 GPUVA 0x10002490000 cpu 10e05c000
[mtlr]   out: 0000010002490000 000000010e05c000 0000000104db5940 0000000000000000
[mtlr]   out: 0000007700000000 0000000000004000 0000000041373c64 000000000001bb70
[mtlr] resource2 sel8 flags 470 sz 0x1000 -> kr 0x00000000 rid 119 GPUVA 0x10002490000 cpu 10e05c000
[mtlr]   out: 0000010002490000 000000010e05c000 0000000104db5940 0000000000000000
[mtlr]   out: 0000007700000000 0000000000004000 0000000041373c65 000000000001bb71
[mtlr] resource2 sel8 flags 470 sz 0x1000 -> kr 0x00000000 rid 119 GPUVA 0x10002490000 cpu 10e05c000
[mtlr]   out: 0000010002490000 000000010e05c000 0000000104db5940 0000000000000000
[mtlr]   out: 0000007700000000 0000000000004000 0000000041373c66 000000000001bb72
[mtlr] resource2 sel8 flags 470 sz 0x1000 -> kr 0x00000000 rid 119 GPUVA 0x10002490000 cpu 10e05c000
[mtlr]   out: 0000010002490000 000000010e05c000 0000000104db5940 0000000000000000
[mtlr]   out: 0000007700000000 0000000000004000 0000000041373c67 000000000001bb73
[mtlr] resource2 sel8 flags 470 sz 0x1000 -> kr 0x00000000 rid 119 GPUVA 0x10002490000 cpu 10e05c000
[mtlr]   out: 0000010002490000 000000010e05c000 0000000104db5940 0000000000000000
[mtlr]   out: 0000007700000000 0000000000004000 0000000041373c68 000000000001bb74
[mtlr] resource2 sel8 flags 470 sz 0x1000 -> kr 0x00000000 rid 119 GPUVA 0x10002490000 cpu 10e05c000
[mtlr]   out: 0000010002490000 000000010e05c000 0000000104db5940 0000000000000000
[mtlr]   out: 0000007700000000 0000000000004000 0000000041373c69 000000000001bb75
[mtlr] resource2 sel8 flags 470 sz 0x1000 -> kr 0x00000000 rid 119 GPUVA 0x10002490000 cpu 10e05c000
[mtlr]   out: 0000010002490000 000000010e05c000 0000000104db5940 0000000000000000
[mtlr]   out: 0000007700000000 0000000000004000 0000000041373c6a 000000000001bb76
[mtlr] resource2 sel8 flags 470 sz 0x1000 -> kr 0x00000000 rid 119 GPUVA 0x10002490000 cpu 10e05c000
[mtlr]   out: 0000010002490000 000000010e05c000 0000000104db5940 0000000000000000
[mtlr]   out: 0000007700000000 0000000000004000 0000000041373c6b 000000000001bb77
[mtlr] resource2 sel8 flags 470 sz 0x1000 -> kr 0x00000000 rid 119 GPUVA 0x10002490000 cpu 10e05c000
[mtlr]   out: 0000010002490000 000000010e05c000 0000000104db5940 0000000000000000
[mtlr]   out: 0000007700000000 0000000000004000 0000000041373c6c 000000000001bb78
[mtlr] resource2 sel8 flags 470 sz 0x1000 -> kr 0x00000000 rid 119 GPUVA 0x10002490000 cpu 10e05c000
[mtlr]   out: 0000010002490000 000000010e05c000 0000000104db5940 0000000000000000
[mtlr]   out: 0000007700000000 0000000000004000 0000000041373c6d 000000000001bb79
[mtlr] resource2 sel8 flags 470 sz 0x1000 -> kr 0x00000000 rid 119 GPUVA 0x10002490000 cpu 10e05c000
[mtlr]   out: 0000010002490000 000000010e05c000 0000000104db5940 0000000000000000
[mtlr]   out: 0000007700000000 0000000000004000 0000000041373c6e 000000000001bb7a
[mtlr] resource2 sel8 flags 470 sz 0x1000 -> kr 0x00000000 rid 119 GPUVA 0x10002490000 cpu 10e05c000
[mtlr]   out: 0000010002490000 000000010e05c000 0000000104db5940 0000000000000000
[mtlr]   out: 0000007700000000 0000000000004000 0000000041373c6f 000000000001bb7b
[mtlr] resource2 sel8 flags 470 sz 0x1000 -> kr 0x00000000 rid 119 GPUVA 0x10002490000 cpu 10e05c000
[mtlr]   out: 0000010002490000 000000010e05c000 0000000104db5940 0000000000000000
[mtlr]   out: 0000007700000000 0000000000004000 0000000041373c70 000000000001bb7c
[mtlr] resource2 sel8 flags 470 sz 0x1000 -> kr 0x00000000 rid 119 GPUVA 0x10002490000 cpu 10e05c000
[mtlr]   out: 0000010002490000 000000010e05c000 0000000104db5940 0000000000000000
[mtlr]   out: 0000007700000000 0000000000004000 0000000041373c71 000000000001bb7d
[mtlr] resource2 sel8 flags 470 sz 0x1000 -> kr 0x00000000 rid 119 GPUVA 0x10002490000 cpu 10e05c000
[mtlr]   out: 0000010002490000 000000010e05c000 0000000104db5940 0000000000000000
[mtlr]   out: 0000007700000000 0000000000004000 0000000041373c72 000000000001bb7e
[mtlr] resource2 sel8 flags 470 sz 0x1000 -> kr 0x00000000 rid 119 GPUVA 0x10002490000 cpu 10e05c000
[mtlr]   out: 0000010002490000 000000010e05c000 0000000104db5940 0000000000000000
[mtlr]   out: 0000007700000000 0000000000004000 0000000041373c73 000000000001bb7f
[mtlr] resource2 sel8 flags 470 sz 0x1000 -> kr 0x00000000 rid 119 GPUVA 0x10002490000 cpu 10e05c000
[mtlr]   out: 0000010002490000 000000010e05c000 0000000104db5940 0000000000000000
[mtlr]   out: 0000007700000000 0000000000004000 0000000041373c74 000000000001bb80
[mtlr] resource2 sel8 flags 470 sz 0x1000 -> kr 0x00000000 rid 119 GPUVA 0x10002490000 cpu 10e05c000
[mtlr]   out: 0000010002490000 000000010e05c000 0000000104db5940 0000000000000000
[mtlr]   out: 0000007700000000 0000000000004000 0000000041373c75 000000000001bb81
[mtlr] resource2 sel8 flags 470 sz 0x1000 -> kr 0x00000000 rid 119 GPUVA 0x10002490000 cpu 10e05c000
[mtlr]   out: 0000010002490000 000000010e05c000 0000000104db5940 0000000000000000
[mtlr]   out: 0000007700000000 0000000000004000 0000000041373c76 000000000001bb82
[mtlr] resource2 sel8 flags 470 sz 0x1000 -> kr 0x00000000 rid 119 GPUVA 0x10002490000 cpu 10e05c000
[mtlr]   out: 0000010002490000 000000010e05c000 0000000104db5940 0000000000000000
[mtlr]   out: 0000007700000000 0000000000004000 0000000041373c77 000000000001bb83
[mtlr] resource2 sel8 flags 470 sz 0x1000 -> kr 0x00000000 rid 119 GPUVA 0x10002490000 cpu 10e05c000
[mtlr]   out: 0000010002490000 000000010e05c000 0000000104db5940 0000000000000000
[mtlr]   out: 0000007700000000 0000000000004000 0000000041373c78 000000000001bb84
[mtlr] resource2 sel8 flags 470 sz 0x1000 -> kr 0x00000000 rid 119 GPUVA 0x10002490000 cpu 10e05c000
[mtlr]   out: 0000010002490000 000000010e05c000 0000000104db5940 0000000000000000
[mtlr]   out: 0000007700000000 0000000000004000 0000000041373c79 000000000001bb85
[mtlr] resource2 sel8 flags 470 sz 0x1000 -> kr 0x00000000 rid 119 GPUVA 0x10002490000 cpu 10e05c000
[mtlr]   out: 0000010002490000 000000010e05c000 0000000104db5940 0000000000000000
[mtlr]   out: 0000007700000000 0000000000004000 0000000041373c7a 000000000001bb86
[mtlr] resource2 sel8 flags 470 sz 0x1000 -> kr 0x00000000 rid 119 GPUVA 0x10002490000 cpu 10e05c000
[mtlr]   out: 0000010002490000 000000010e05c000 0000000104db5940 0000000000000000
[mtlr]   out: 0000007700000000 0000000000004000 0000000041373c7b 000000000001bb87
[mtlr] resource2 sel8 flags 470 sz 0x1000 -> kr 0x00000000 rid 119 GPUVA 0x10002490000 cpu 10e05c000
[mtlr]   out: 0000010002490000 000000010e05c000 0000000104db5940 0000000000000000
[mtlr]   out: 0000007700000000 0000000000004000 0000000041373c7c 000000000001bb88
[uatrec] S4 r6 (+0s): nvv 8 ncb 8 vsz 0x100000 fill 0x1000000000 destroy0 kr 0x00000000 nj 40
[uatrec] S4 r6 blit[0] slots 7 ridp 1
[uatrec] S4 r6 blit[1] slots 7 ridp 1
[uatrec] S4 r6 blit[2] slots 8 ridp 1
[uatrec] S4 r6 blit[3] slots 7 ridp 1
[uatrec] S4 r6 blit[4] slots 7 ridp 1
[uatrec] S4 r6 blit[5] slots 7 ridp 1
[uatrec] S4 r6 blit[6] slots 7 ridp 1
[uatrec] S4 r6 blit[7] slots 7 ridp 1
[mtlr] resource2 sel8 flags 470 sz 0x100000 -> kr 0x00000000 rid 119 GPUVA 0x10002490000 cpu 10da58000
[mtlr]   out: 0000010002490000 000000010da58000 0000000104db5940 0000000000000000
[mtlr]   out: 0000007700000000 0000000000100000 0000000041373ca7 000000000001bb8b
[uatrec] S4 r7 victim[0] rid 119 gpuva 0x10002490000 cpu 0x10da58000 (top-of-stack)
[mtlr] resource2 sel8 flags 470 sz 0x100000 -> kr 0x00000000 rid 120 GPUVA 0x10002598000 cpu 10db58000
[mtlr]   out: 0000010002598000 000000010db58000 0000000104db5a00 0000000000000000
[mtlr]   out: 0000007800000000 0000000000100000 0000000041373ca8 000000000001bb8c
[uatrec] S4 r7 victim[1] rid 120 gpuva 0x10002598000 cpu 0x10db58000 (top-of-stack)
[mtlr] resource2 sel8 flags 470 sz 0x100000 -> kr 0x00000000 rid 121 GPUVA 0x100026a0000 cpu 10dc58000
[mtlr]   out: 00000100026a0000 000000010dc58000 0000000104db5ac0 0000000000000000
[mtlr]   out: 0000007900000000 0000000000100000 0000000041373ca9 000000000001bb8d
[uatrec] S4 r7 victim[2] rid 121 gpuva 0x100026a0000 cpu 0x10dc58000 (top-of-stack)
[mtlr] resource2 sel8 flags 470 sz 0x100000 -> kr 0x00000000 rid 122 GPUVA 0x100027a8000 cpu 10dd58000
[mtlr]   out: 00000100027a8000 000000010dd58000 0000000104db5b80 0000000000000000
[mtlr]   out: 0000007a00000000 0000000000100000 0000000041373caa 000000000001bb8e
[uatrec] S4 r7 victim[3] rid 122 gpuva 0x100027a8000 cpu 0x10dd58000 (top-of-stack)
[mtlr] resource2 sel8 flags 470 sz 0x100000 -> kr 0x00000000 rid 123 GPUVA 0x100028b0000 cpu 10df54000
[mtlr]   out: 00000100028b0000 000000010df54000 0000000104db5c40 0000000000000000
[mtlr]   out: 0000007b00000000 0000000000100000 0000000041373cab 000000000001bb8f
[uatrec] S4 r7 victim[4] rid 123 gpuva 0x100028b0000 cpu 0x10df54000 (top-of-stack)
[mtlr] resource2 sel8 flags 470 sz 0x100000 -> kr 0x00000000 rid 124 GPUVA 0x100029b8000 cpu 10e6b4000
[mtlr]   out: 00000100029b8000 000000010e6b4000 0000000104db5d00 0000000000000000
[mtlr]   out: 0000007c00000000 0000000000100000 0000000041373cac 000000000001bb90
[uatrec] S4 r7 victim[5] rid 124 gpuva 0x100029b8000 cpu 0x10e6b4000 (top-of-stack)
[mtlr] resource2 sel8 flags 470 sz 0x100000 -> kr 0x00000000 rid 125 GPUVA 0x10002ac0000 cpu 10e168000
[mtlr]   out: 0000010002ac0000 000000010e168000 0000000104db5dc0 0000000000000000
[mtlr]   out: 0000007d00000000 0000000000100000 0000000041373cb4 000000000001bb91
[uatrec] S4 r7 victim[6] rid 125 gpuva 0x10002ac0000 cpu 0x10e168000 (top-of-stack)
[mtlr] resource2 sel8 flags 470 sz 0x100000 -> kr 0x00000000 rid 126 GPUVA 0x10002bc8000 cpu 10d958000
[mtlr]   out: 0000010002bc8000 000000010d958000 0000000104db5e80 0000000000000000
[mtlr]   out: 0000007e00000000 0000000000100000 0000000041373cb5 000000000001bb92
[uatrec] S4 r7 victim[7] rid 126 gpuva 0x10002bc8000 cpu 0x10d958000 (top-of-stack)
[mtlr] resource2 sel8 flags 470 sz 0x1000 -> kr 0x00000000 rid 119 GPUVA 0x10002490000 cpu 10de58000
[mtlr]   out: 0000010002490000 000000010de58000 0000000104db5940 0000000000000000
[mtlr]   out: 0000007700000000 0000000000004000 0000000041373cd4 000000000001bb9c
[mtlr] resource2 sel8 flags 470 sz 0x1000 -> kr 0x00000000 rid 119 GPUVA 0x10002490000 cpu 10de58000
[mtlr]   out: 0000010002490000 000000010de58000 0000000104db5940 0000000000000000
[mtlr]   out: 0000007700000000 0000000000004000 0000000041373cd5 000000000001bb9d
[mtlr] resource2 sel8 flags 470 sz 0x1000 -> kr 0x00000000 rid 119 GPUVA 0x10002490000 cpu 10de58000
[mtlr]   out: 0000010002490000 000000010de58000 0000000104db5940 0000000000000000
[mtlr]   out: 0000007700000000 0000000000004000 0000000041373cd6 000000000001bb9e
[mtlr] resource2 sel8 flags 470 sz 0x1000 -> kr 0x00000000 rid 119 GPUVA 0x10002490000 cpu 10de58000
[mtlr]   out: 0000010002490000 000000010de58000 0000000104db5940 0000000000000000
[mtlr]   out: 0000007700000000 0000000000004000 0000000041373cd7 000000000001bb9f
[mtlr] resource2 sel8 flags 470 sz 0x1000 -> kr 0x00000000 rid 119 GPUVA 0x10002490000 cpu 10de58000
[mtlr]   out: 0000010002490000 000000010de58000 0000000104db5940 0000000000000000
[mtlr]   out: 0000007700000000 0000000000004000 0000000041373cd8 000000000001bba0
[mtlr] resource2 sel8 flags 470 sz 0x1000 -> kr 0x00000000 rid 119 GPUVA 0x10002490000 cpu 10de58000
[mtlr]   out: 0000010002490000 000000010de58000 0000000104db5940 0000000000000000
[mtlr]   out: 0000007700000000 0000000000004000 0000000041373cd9 000000000001bba1
[mtlr] resource2 sel8 flags 470 sz 0x1000 -> kr 0x00000000 rid 119 GPUVA 0x10002490000 cpu 10de58000
[mtlr]   out: 0000010002490000 000000010de58000 0000000104db5940 0000000000000000
[mtlr]   out: 0000007700000000 0000000000004000 0000000041373cda 000000000001bba2
[mtlr] resource2 sel8 flags 470 sz 0x1000 -> kr 0x00000000 rid 119 GPUVA 0x10002490000 cpu 10de58000
[mtlr]   out: 0000010002490000 000000010de58000 0000000104db5940 0000000000000000
[mtlr]   out: 0000007700000000 0000000000004000 0000000041373cdb 000000000001bba3
[mtlr] resource2 sel8 flags 470 sz 0x1000 -> kr 0x00000000 rid 119 GPUVA 0x10002490000 cpu 10de58000
[mtlr]   out: 0000010002490000 000000010de58000 0000000104db5940 0000000000000000
[mtlr]   out: 0000007700000000 0000000000004000 0000000041373cdc 000000000001bba4
[mtlr] resource2 sel8 flags 470 sz 0x1000 -> kr 0x00000000 rid 119 GPUVA 0x10002490000 cpu 10de58000
[mtlr]   out: 0000010002490000 000000010de58000 0000000104db5940 0000000000000000
[mtlr]   out: 0000007700000000 0000000000004000 0000000041373cdd 000000000001bba5
[mtlr] resource2 sel8 flags 470 sz 0x1000 -> kr 0x00000000 rid 119 GPUVA 0x10002490000 cpu 10de58000
[mtlr]   out: 0000010002490000 000000010de58000 0000000104db5940 0000000000000000
[mtlr]   out: 0000007700000000 0000000000004000 0000000041373cde 000000000001bba6
[mtlr] resource2 sel8 flags 470 sz 0x1000 -> kr 0x00000000 rid 119 GPUVA 0x10002490000 cpu 10de58000
[mtlr]   out: 0000010002490000 000000010de58000 0000000104db5940 0000000000000000
[mtlr]   out: 0000007700000000 0000000000004000 0000000041373cdf 000000000001bba7
[mtlr] resource2 sel8 flags 470 sz 0x1000 -> kr 0x00000000 rid 119 GPUVA 0x10002490000 cpu 10de58000
[mtlr]   out: 0000010002490000 000000010de58000 0000000104db5940 0000000000000000
[mtlr]   out: 0000007700000000 0000000000004000 0000000041373ce0 000000000001bba8
[mtlr] resource2 sel8 flags 470 sz 0x1000 -> kr 0x00000000 rid 119 GPUVA 0x10002490000 cpu 10de58000
[mtlr]   out: 0000010002490000 000000010de58000 0000000104db5940 0000000000000000
[mtlr]   out: 0000007700000000 0000000000004000 0000000041373ce1 000000000001bba9
[mtlr] resource2 sel8 flags 470 sz 0x1000 -> kr 0x00000000 rid 119 GPUVA 0x10002490000 cpu 10de58000
[mtlr]   out: 0000010002490000 000000010de58000 0000000104db5940 0000000000000000
[mtlr]   out: 0000007700000000 0000000000004000 0000000041373ce2 000000000001bbaa
[mtlr] resource2 sel8 flags 470 sz 0x1000 -> kr 0x00000000 rid 119 GPUVA 0x10002490000 cpu 10de58000
[mtlr]   out: 0000010002490000 000000010de58000 0000000104db5940 0000000000000000
[mtlr]   out: 0000007700000000 0000000000004000 0000000041373ce3 000000000001bbab
[mtlr] resource2 sel8 flags 470 sz 0x1000 -> kr 0x00000000 rid 119 GPUVA 0x10002490000 cpu 10de58000
[mtlr]   out: 0000010002490000 000000010de58000 0000000104db5940 0000000000000000
[mtlr]   out: 0000007700000000 0000000000004000 0000000041373ce4 000000000001bbac
[mtlr] resource2 sel8 flags 470 sz 0x1000 -> kr 0x00000000 rid 119 GPUVA 0x10002490000 cpu 10de58000
[mtlr]   out: 0000010002490000 000000010de58000 0000000104db5940 0000000000000000
[mtlr]   out: 0000007700000000 0000000000004000 0000000041373ce5 000000000001bbad
[mtlr] resource2 sel8 flags 470 sz 0x1000 -> kr 0x00000000 rid 119 GPUVA 0x10002490000 cpu 10de58000
[mtlr]   out: 0000010002490000 000000010de58000 0000000104db5940 0000000000000000
[mtlr]   out: 0000007700000000 0000000000004000 0000000041373ce6 000000000001bbae
[mtlr] resource2 sel8 flags 470 sz 0x1000 -> kr 0x00000000 rid 119 GPUVA 0x10002490000 cpu 10de58000
[mtlr]   out: 0000010002490000 000000010de58000 0000000104db5940 0000000000000000
[mtlr]   out: 0000007700000000 0000000000004000 0000000041373ce7 000000000001bbaf
[mtlr] resource2 sel8 flags 470 sz 0x1000 -> kr 0x00000000 rid 119 GPUVA 0x10002490000 cpu 10de58000
[mtlr]   out: 0000010002490000 000000010de58000 0000000104db5940 0000000000000000
[mtlr]   out: 0000007700000000 0000000000004000 0000000041373ce8 000000000001bbb0
[mtlr] resource2 sel8 flags 470 sz 0x1000 -> kr 0x00000000 rid 119 GPUVA 0x10002490000 cpu 10de58000
[mtlr]   out: 0000010002490000 000000010de58000 0000000104db5940 0000000000000000
[mtlr]   out: 0000007700000000 0000000000004000 0000000041373ce9 000000000001bbb1
[mtlr] resource2 sel8 flags 470 sz 0x1000 -> kr 0x00000000 rid 119 GPUVA 0x10002490000 cpu 10de58000
[mtlr]   out: 0000010002490000 000000010de58000 0000000104db5940 0000000000000000
[mtlr]   out: 0000007700000000 0000000000004000 0000000041373cea 000000000001bbb2
[mtlr] resource2 sel8 flags 470 sz 0x1000 -> kr 0x00000000 rid 119 GPUVA 0x10002490000 cpu 10de58000
[mtlr]   out: 0000010002490000 000000010de58000 0000000104db5940 0000000000000000
[mtlr]   out: 0000007700000000 0000000000004000 0000000041373ceb 000000000001bbb3
[mtlr] resource2 sel8 flags 470 sz 0x1000 -> kr 0x00000000 rid 119 GPUVA 0x10002490000 cpu 10de58000
[mtlr]   out: 0000010002490000 000000010de58000 0000000104db5940 0000000000000000
[mtlr]   out: 0000007700000000 0000000000004000 0000000041373cec 000000000001bbb4
[mtlr] resource2 sel8 flags 470 sz 0x1000 -> kr 0x00000000 rid 119 GPUVA 0x10002490000 cpu 10de58000
[mtlr]   out: 0000010002490000 000000010de58000 0000000104db5940 0000000000000000
[mtlr]   out: 0000007700000000 0000000000004000 0000000041373ced 000000000001bbb5
[mtlr] resource2 sel8 flags 470 sz 0x1000 -> kr 0x00000000 rid 119 GPUVA 0x10002490000 cpu 10de58000
[mtlr]   out: 0000010002490000 000000010de58000 0000000104db5940 0000000000000000
[mtlr]   out: 0000007700000000 0000000000004000 0000000041373cee 000000000001bbb6
[mtlr] resource2 sel8 flags 470 sz 0x1000 -> kr 0x00000000 rid 119 GPUVA 0x10002490000 cpu 10de58000
[mtlr]   out: 0000010002490000 000000010de58000 0000000104db5940 0000000000000000
[mtlr]   out: 0000007700000000 0000000000004000 0000000041373cef 000000000001bbb7
[mtlr] resource2 sel8 flags 470 sz 0x1000 -> kr 0x00000000 rid 119 GPUVA 0x10002490000 cpu 10de58000
[mtlr]   out: 0000010002490000 000000010de58000 0000000104db5940 0000000000000000
[mtlr]   out: 0000007700000000 0000000000004000 0000000041373cf0 000000000001bbb8
[mtlr] resource2 sel8 flags 470 sz 0x1000 -> kr 0x00000000 rid 119 GPUVA 0x10002490000 cpu 10de58000
[mtlr]   out: 0000010002490000 000000010de58000 0000000104db5940 0000000000000000
[mtlr]   out: 0000007700000000 0000000000004000 0000000041373cf1 000000000001bbb9
[mtlr] resource2 sel8 flags 470 sz 0x1000 -> kr 0x00000000 rid 119 GPUVA 0x10002490000 cpu 10de58000
[mtlr]   out: 0000010002490000 000000010de58000 0000000104db5940 0000000000000000
[mtlr]   out: 0000007700000000 0000000000004000 0000000041373cf2 000000000001bbba
[mtlr] resource2 sel8 flags 470 sz 0x1000 -> kr 0x00000000 rid 119 GPUVA 0x10002490000 cpu 10de58000
[mtlr]   out: 0000010002490000 000000010de58000 0000000104db5940 0000000000000000
[mtlr]   out: 0000007700000000 0000000000004000 0000000041373cf3 000000000001bbbb
[mtlr] resource2 sel8 flags 470 sz 0x1000 -> kr 0x00000000 rid 119 GPUVA 0x10002490000 cpu 10de58000
[mtlr]   out: 0000010002490000 000000010de58000 0000000104db5940 0000000000000000
[mtlr]   out: 0000007700000000 0000000000004000 0000000041373cf4 000000000001bbbc
[mtlr] resource2 sel8 flags 470 sz 0x1000 -> kr 0x00000000 rid 119 GPUVA 0x10002490000 cpu 10de58000
[mtlr]   out: 0000010002490000 000000010de58000 0000000104db5940 0000000000000000
[mtlr]   out: 0000007700000000 0000000000004000 0000000041373cf5 000000000001bbbd
[mtlr] resource2 sel8 flags 470 sz 0x1000 -> kr 0x00000000 rid 119 GPUVA 0x10002490000 cpu 10de58000
[mtlr]   out: 0000010002490000 000000010de58000 0000000104db5940 0000000000000000
[mtlr]   out: 0000007700000000 0000000000004000 0000000041373cf6 000000000001bbbe
[mtlr] resource2 sel8 flags 470 sz 0x1000 -> kr 0x00000000 rid 119 GPUVA 0x10002490000 cpu 10de58000
[mtlr]   out: 0000010002490000 000000010de58000 0000000104db5940 0000000000000000
[mtlr]   out: 0000007700000000 0000000000004000 0000000041373cf7 000000000001bbbf
[mtlr] resource2 sel8 flags 470 sz 0x1000 -> kr 0x00000000 rid 119 GPUVA 0x10002490000 cpu 10de58000
[mtlr]   out: 0000010002490000 000000010de58000 0000000104db5940 0000000000000000
[mtlr]   out: 0000007700000000 0000000000004000 0000000041373cf8 000000000001bbc0
[mtlr] resource2 sel8 flags 470 sz 0x1000 -> kr 0x00000000 rid 119 GPUVA 0x10002490000 cpu 10de58000
[mtlr]   out: 0000010002490000 000000010de58000 0000000104db5940 0000000000000000
[mtlr]   out: 0000007700000000 0000000000004000 0000000041373cf9 000000000001bbc1
[mtlr] resource2 sel8 flags 470 sz 0x1000 -> kr 0x00000000 rid 119 GPUVA 0x10002490000 cpu 10de58000
[mtlr]   out: 0000010002490000 000000010de58000 0000000104db5940 0000000000000000
[mtlr]   out: 0000007700000000 0000000000004000 0000000041373cfa 000000000001bbc2
[mtlr] resource2 sel8 flags 470 sz 0x1000 -> kr 0x00000000 rid 119 GPUVA 0x10002490000 cpu 10de58000
[mtlr]   out: 0000010002490000 000000010de58000 0000000104db5940 0000000000000000
[mtlr]   out: 0000007700000000 0000000000004000 0000000041373cfb 000000000001bbc3
[uatrec] S4 r7 (+0s): nvv 8 ncb 8 vsz 0x100000 fill 0x1000000000 destroy0 kr 0x00000000 nj 40
[uatrec] S4 r7 blit[0] slots 7 ridp 1
[uatrec] S4 r7 blit[1] slots 7 ridp 1
[uatrec] S4 r7 blit[2] slots 7 ridp 1
[uatrec] S4 r7 blit[3] slots 7 ridp 1
[uatrec] S4 r7 blit[4] slots 7 ridp 1
[uatrec] S4 r7 blit[5] slots 7 ridp 1
[uatrec] S4 r7 blit[6] slots 7 ridp 1
[uatrec] S4 r7 blit[7] slots 7 ridp 1
[mtlr] resource2 sel8 flags 470 sz 0x100000 -> kr 0x00000000 rid 119 GPUVA 0x10002490000 cpu 10e3d4000
[mtlr]   out: 0000010002490000 000000010e3d4000 0000000104db5940 0000000000000000
[mtlr]   out: 0000007700000000 0000000000100000 0000000041373d33 000000000001bbc6
[uatrec] S4 r8 victim[0] rid 119 gpuva 0x10002490000 cpu 0x10e3d4000 (top-of-stack)
[mtlr] resource2 sel8 flags 470 sz 0x100000 -> kr 0x00000000 rid 120 GPUVA 0x10002598000 cpu 10e544000
[mtlr]   out: 0000010002598000 000000010e544000 0000000104db5a00 0000000000000000
[mtlr]   out: 0000007800000000 0000000000100000 0000000041373d34 000000000001bbc7
[uatrec] S4 r8 victim[1] rid 120 gpuva 0x10002598000 cpu 0x10e544000 (top-of-stack)
[mtlr] resource2 sel8 flags 470 sz 0x100000 -> kr 0x00000000 rid 121 GPUVA 0x100026a0000 cpu 10ec28000
[mtlr]   out: 00000100026a0000 000000010ec28000 0000000104db5ac0 0000000000000000
[mtlr]   out: 0000007900000000 0000000000100000 0000000041373d35 000000000001bbc8
[uatrec] S4 r8 victim[2] rid 121 gpuva 0x100026a0000 cpu 0x10ec28000 (top-of-stack)
[mtlr] resource2 sel8 flags 470 sz 0x100000 -> kr 0x00000000 rid 122 GPUVA 0x100027a8000 cpu 10ed94000
[mtlr]   out: 00000100027a8000 000000010ed94000 0000000104db5b80 0000000000000000
[mtlr]   out: 0000007a00000000 0000000000100000 0000000041373d36 000000000001bbc9
[uatrec] S4 r8 victim[3] rid 122 gpuva 0x100027a8000 cpu 0x10ed94000 (top-of-stack)
[mtlr] resource2 sel8 flags 470 sz 0x100000 -> kr 0x00000000 rid 123 GPUVA 0x100028b0000 cpu 10ee94000
[mtlr]   out: 00000100028b0000 000000010ee94000 0000000104db5c40 0000000000000000
[mtlr]   out: 0000007b00000000 0000000000100000 0000000041373d37 000000000001bbca
[uatrec] S4 r8 victim[4] rid 123 gpuva 0x100028b0000 cpu 0x10ee94000 (top-of-stack)
[mtlr] resource2 sel8 flags 470 sz 0x100000 -> kr 0x00000000 rid 124 GPUVA 0x100029b8000 cpu 10da58000
[mtlr]   out: 00000100029b8000 000000010da58000 0000000104db5d00 0000000000000000
[mtlr]   out: 0000007c00000000 0000000000100000 0000000041373d38 000000000001bbcb
[uatrec] S4 r8 victim[5] rid 124 gpuva 0x100029b8000 cpu 0x10da58000 (top-of-stack)
[mtlr] resource2 sel8 flags 470 sz 0x100000 -> kr 0x00000000 rid 125 GPUVA 0x10002ac0000 cpu 10d958000
[mtlr]   out: 0000010002ac0000 000000010d958000 0000000104db5dc0 0000000000000000
[mtlr]   out: 0000007d00000000 0000000000100000 0000000041373d40 000000000001bbcc
[uatrec] S4 r8 victim[6] rid 125 gpuva 0x10002ac0000 cpu 0x10d958000 (top-of-stack)
[mtlr] resource2 sel8 flags 470 sz 0x100000 -> kr 0x00000000 rid 126 GPUVA 0x10002bc8000 cpu 10db58000
[mtlr]   out: 0000010002bc8000 000000010db58000 0000000104db5e80 0000000000000000
[mtlr]   out: 0000007e00000000 0000000000100000 0000000041373d41 000000000001bbcd
[uatrec] S4 r8 victim[7] rid 126 gpuva 0x10002bc8000 cpu 0x10db58000 (top-of-stack)
[mtlr] resource2 sel8 flags 470 sz 0x1000 -> kr 0x00000000 rid 119 GPUVA 0x10002490000 cpu 10de58000
[mtlr]   out: 0000010002490000 000000010de58000 0000000104db5940 0000000000000000
[mtlr]   out: 0000007700000000 0000000000004000 0000000041373d60 000000000001bbd7
[mtlr] resource2 sel8 flags 470 sz 0x1000 -> kr 0x00000000 rid 119 GPUVA 0x10002490000 cpu 10de58000
[mtlr]   out: 0000010002490000 000000010de58000 0000000104db5940 0000000000000000
[mtlr]   out: 0000007700000000 0000000000004000 0000000041373d61 000000000001bbd8
[mtlr] resource2 sel8 flags 470 sz 0x1000 -> kr 0x00000000 rid 119 GPUVA 0x10002490000 cpu 10de58000
[mtlr]   out: 0000010002490000 000000010de58000 0000000104db5940 0000000000000000
[mtlr]   out: 0000007700000000 0000000000004000 0000000041373d62 000000000001bbd9
[mtlr] resource2 sel8 flags 470 sz 0x1000 -> kr 0x00000000 rid 119 GPUVA 0x10002490000 cpu 10de58000
[mtlr]   out: 0000010002490000 000000010de58000 0000000104db5940 0000000000000000
[mtlr]   out: 0000007700000000 0000000000004000 0000000041373d63 000000000001bbda
[mtlr] resource2 sel8 flags 470 sz 0x1000 -> kr 0x00000000 rid 119 GPUVA 0x10002490000 cpu 10de58000
[mtlr]   out: 0000010002490000 000000010de58000 0000000104db5940 0000000000000000
[mtlr]   out: 0000007700000000 0000000000004000 0000000041373d64 000000000001bbdb
[mtlr] resource2 sel8 flags 470 sz 0x1000 -> kr 0x00000000 rid 119 GPUVA 0x10002490000 cpu 10de58000
[mtlr]   out: 0000010002490000 000000010de58000 0000000104db5940 0000000000000000
[mtlr]   out: 0000007700000000 0000000000004000 0000000041373d65 000000000001bbdc
[mtlr] resource2 sel8 flags 470 sz 0x1000 -> kr 0x00000000 rid 119 GPUVA 0x10002490000 cpu 10de58000
[mtlr]   out: 0000010002490000 000000010de58000 0000000104db5940 0000000000000000
[mtlr]   out: 0000007700000000 0000000000004000 0000000041373d66 000000000001bbdd
[mtlr] resource2 sel8 flags 470 sz 0x1000 -> kr 0x00000000 rid 119 GPUVA 0x10002490000 cpu 10de58000
[mtlr]   out: 0000010002490000 000000010de58000 0000000104db5940 0000000000000000
[mtlr]   out: 0000007700000000 0000000000004000 0000000041373d67 000000000001bbde
[mtlr] resource2 sel8 flags 470 sz 0x1000 -> kr 0x00000000 rid 119 GPUVA 0x10002490000 cpu 10de58000
[mtlr]   out: 0000010002490000 000000010de58000 0000000104db5940 0000000000000000
[mtlr]   out: 0000007700000000 0000000000004000 0000000041373d68 000000000001bbdf
[mtlr] resource2 sel8 flags 470 sz 0x1000 -> kr 0x00000000 rid 119 GPUVA 0x10002490000 cpu 10de58000
[mtlr]   out: 0000010002490000 000000010de58000 0000000104db5940 0000000000000000
[mtlr]   out: 0000007700000000 0000000000004000 0000000041373d69 000000000001bbe0
[mtlr] resource2 sel8 flags 470 sz 0x1000 -> kr 0x00000000 rid 119 GPUVA 0x10002490000 cpu 10de58000
[mtlr]   out: 0000010002490000 000000010de58000 0000000104db5940 0000000000000000
[mtlr]   out: 0000007700000000 0000000000004000 0000000041373d6a 000000000001bbe1
[mtlr] resource2 sel8 flags 470 sz 0x1000 -> kr 0x00000000 rid 119 GPUVA 0x10002490000 cpu 10de58000
[mtlr]   out: 0000010002490000 000000010de58000 0000000104db5940 0000000000000000
[mtlr]   out: 0000007700000000 0000000000004000 0000000041373d6b 000000000001bbe2
[mtlr] resource2 sel8 flags 470 sz 0x1000 -> kr 0x00000000 rid 119 GPUVA 0x10002490000 cpu 10de58000
[mtlr]   out: 0000010002490000 000000010de58000 0000000104db5940 0000000000000000
[mtlr]   out: 0000007700000000 0000000000004000 0000000041373d6c 000000000001bbe3
[mtlr] resource2 sel8 flags 470 sz 0x1000 -> kr 0x00000000 rid 119 GPUVA 0x10002490000 cpu 10de58000
[mtlr]   out: 0000010002490000 000000010de58000 0000000104db5940 0000000000000000
[mtlr]   out: 0000007700000000 0000000000004000 0000000041373d6d 000000000001bbe4
[mtlr] resource2 sel8 flags 470 sz 0x1000 -> kr 0x00000000 rid 119 GPUVA 0x10002490000 cpu 10de58000
[mtlr]   out: 0000010002490000 000000010de58000 0000000104db5940 0000000000000000
[mtlr]   out: 0000007700000000 0000000000004000 0000000041373d6e 000000000001bbe5
[mtlr] resource2 sel8 flags 470 sz 0x1000 -> kr 0x00000000 rid 119 GPUVA 0x10002490000 cpu 10de58000
[mtlr]   out: 0000010002490000 000000010de58000 0000000104db5940 0000000000000000
[mtlr]   out: 0000007700000000 0000000000004000 0000000041373d6f 000000000001bbe6
[mtlr] resource2 sel8 flags 470 sz 0x1000 -> kr 0x00000000 rid 119 GPUVA 0x10002490000 cpu 10de58000
[mtlr]   out: 0000010002490000 000000010de58000 0000000104db5940 0000000000000000
[mtlr]   out: 0000007700000000 0000000000004000 0000000041373d70 000000000001bbe7
[mtlr] resource2 sel8 flags 470 sz 0x1000 -> kr 0x00000000 rid 119 GPUVA 0x10002490000 cpu 10de58000
[mtlr]   out: 0000010002490000 000000010de58000 0000000104db5940 0000000000000000
[mtlr]   out: 0000007700000000 0000000000004000 0000000041373d71 000000000001bbe8
[mtlr] resource2 sel8 flags 470 sz 0x1000 -> kr 0x00000000 rid 119 GPUVA 0x10002490000 cpu 10de58000
[mtlr]   out: 0000010002490000 000000010de58000 0000000104db5940 0000000000000000
[mtlr]   out: 0000007700000000 0000000000004000 0000000041373d72 000000000001bbe9
[mtlr] resource2 sel8 flags 470 sz 0x1000 -> kr 0x00000000 rid 119 GPUVA 0x10002490000 cpu 10de58000
[mtlr]   out: 0000010002490000 000000010de58000 0000000104db5940 0000000000000000
[mtlr]   out: 0000007700000000 0000000000004000 0000000041373d73 000000000001bbea
[mtlr] resource2 sel8 flags 470 sz 0x1000 -> kr 0x00000000 rid 119 GPUVA 0x10002490000 cpu 10de58000
[mtlr]   out: 0000010002490000 000000010de58000 0000000104db5940 0000000000000000
[mtlr]   out: 0000007700000000 0000000000004000 0000000041373d74 000000000001bbeb
[mtlr] resource2 sel8 flags 470 sz 0x1000 -> kr 0x00000000 rid 119 GPUVA 0x10002490000 cpu 10de58000
[mtlr]   out: 0000010002490000 000000010de58000 0000000104db5940 0000000000000000
[mtlr]   out: 0000007700000000 0000000000004000 0000000041373d75 000000000001bbec
[mtlr] resource2 sel8 flags 470 sz 0x1000 -> kr 0x00000000 rid 119 GPUVA 0x10002490000 cpu 10de58000
[mtlr]   out: 0000010002490000 000000010de58000 0000000104db5940 0000000000000000
[mtlr]   out: 0000007700000000 0000000000004000 0000000041373d76 000000000001bbed
[mtlr] resource2 sel8 flags 470 sz 0x1000 -> kr 0x00000000 rid 119 GPUVA 0x10002490000 cpu 10de58000
[mtlr]   out: 0000010002490000 000000010de58000 0000000104db5940 0000000000000000
[mtlr]   out: 0000007700000000 0000000000004000 0000000041373d77 000000000001bbee
[mtlr] resource2 sel8 flags 470 sz 0x1000 -> kr 0x00000000 rid 119 GPUVA 0x10002490000 cpu 10de58000
[mtlr]   out: 0000010002490000 000000010de58000 0000000104db5940 0000000000000000
[mtlr]   out: 0000007700000000 0000000000004000 0000000041373d78 000000000001bbef
[mtlr] resource2 sel8 flags 470 sz 0x1000 -> kr 0x00000000 rid 119 GPUVA 0x10002490000 cpu 10de58000
[mtlr]   out: 0000010002490000 000000010de58000 0000000104db5940 0000000000000000
[mtlr]   out: 0000007700000000 0000000000004000 0000000041373d79 000000000001bbf0
[mtlr] resource2 sel8 flags 470 sz 0x1000 -> kr 0x00000000 rid 119 GPUVA 0x10002490000 cpu 10de58000
[mtlr]   out: 0000010002490000 000000010de58000 0000000104db5940 0000000000000000
[mtlr]   out: 0000007700000000 0000000000004000 0000000041373d7a 000000000001bbf1
[mtlr] resource2 sel8 flags 470 sz 0x1000 -> kr 0x00000000 rid 119 GPUVA 0x10002490000 cpu 10de58000
[mtlr]   out: 0000010002490000 000000010de58000 0000000104db5940 0000000000000000
[mtlr]   out: 0000007700000000 0000000000004000 0000000041373d7b 000000000001bbf2
[mtlr] resource2 sel8 flags 470 sz 0x1000 -> kr 0x00000000 rid 119 GPUVA 0x10002490000 cpu 10de58000
[mtlr]   out: 0000010002490000 000000010de58000 0000000104db5940 0000000000000000
[mtlr]   out: 0000007700000000 0000000000004000 0000000041373d7c 000000000001bbf3
[mtlr] resource2 sel8 flags 470 sz 0x1000 -> kr 0x00000000 rid 119 GPUVA 0x10002490000 cpu 10de58000
[mtlr]   out: 0000010002490000 000000010de58000 0000000104db5940 0000000000000000
[mtlr]   out: 0000007700000000 0000000000004000 0000000041373d7d 000000000001bbf4
[mtlr] resource2 sel8 flags 470 sz 0x1000 -> kr 0x00000000 rid 119 GPUVA 0x10002490000 cpu 10de58000
[mtlr]   out: 0000010002490000 000000010de58000 0000000104db5940 0000000000000000
[mtlr]   out: 0000007700000000 0000000000004000 0000000041373d7e 000000000001bbf5
[mtlr] resource2 sel8 flags 470 sz 0x1000 -> kr 0x00000000 rid 119 GPUVA 0x10002490000 cpu 10de58000
[mtlr]   out: 0000010002490000 000000010de58000 0000000104db5940 0000000000000000
[mtlr]   out: 0000007700000000 0000000000004000 0000000041373d7f 000000000001bbf6
[mtlr] resource2 sel8 flags 470 sz 0x1000 -> kr 0x00000000 rid 119 GPUVA 0x10002490000 cpu 10de58000
[mtlr]   out: 0000010002490000 000000010de58000 0000000104db5940 0000000000000000
[mtlr]   out: 0000007700000000 0000000000004000 0000000041373d80 000000000001bbf7
[mtlr] resource2 sel8 flags 470 sz 0x1000 -> kr 0x00000000 rid 119 GPUVA 0x10002490000 cpu 10de58000
[mtlr]   out: 0000010002490000 000000010de58000 0000000104db5940 0000000000000000
[mtlr]   out: 0000007700000000 0000000000004000 0000000041373d81 000000000001bbf8
[mtlr] resource2 sel8 flags 470 sz 0x1000 -> kr 0x00000000 rid 119 GPUVA 0x10002490000 cpu 10de58000
[mtlr]   out: 0000010002490000 000000010de58000 0000000104db5940 0000000000000000
[mtlr]   out: 0000007700000000 0000000000004000 0000000041373d82 000000000001bbf9
[mtlr] resource2 sel8 flags 470 sz 0x1000 -> kr 0x00000000 rid 119 GPUVA 0x10002490000 cpu 10de58000
[mtlr]   out: 0000010002490000 000000010de58000 0000000104db5940 0000000000000000
[mtlr]   out: 0000007700000000 0000000000004000 0000000041373d83 000000000001bbfa
[mtlr] resource2 sel8 flags 470 sz 0x1000 -> kr 0x00000000 rid 119 GPUVA 0x10002490000 cpu 10de58000
[mtlr]   out: 0000010002490000 000000010de58000 0000000104db5940 0000000000000000
[mtlr]   out: 0000007700000000 0000000000004000 0000000041373d84 000000000001bbfb
[mtlr] resource2 sel8 flags 470 sz 0x1000 -> kr 0x00000000 rid 119 GPUVA 0x10002490000 cpu 10de58000
[mtlr]   out: 0000010002490000 000000010de58000 0000000104db5940 0000000000000000
[mtlr]   out: 0000007700000000 0000000000004000 0000000041373d85 000000000001bbfc
[mtlr] resource2 sel8 flags 470 sz 0x1000 -> kr 0x00000000 rid 119 GPUVA 0x10002490000 cpu 10de58000
[mtlr]   out: 0000010002490000 000000010de58000 0000000104db5940 0000000000000000
[mtlr]   out: 0000007700000000 0000000000004000 0000000041373d86 000000000001bbfd
[mtlr] resource2 sel8 flags 470 sz 0x1000 -> kr 0x00000000 rid 119 GPUVA 0x10002490000 cpu 10de58000
[mtlr]   out: 0000010002490000 000000010de58000 0000000104db5940 0000000000000000
[mtlr]   out: 0000007700000000 0000000000004000 0000000041373d87 000000000001bbfe
[uatrec] S4 r8 (+0s): nvv 8 ncb 8 vsz 0x100000 fill 0x1000000000 destroy0 kr 0x00000000 nj 40
[uatrec] S4 r8 blit[0] slots 7 ridp 1
[uatrec] S4 r8 blit[1] slots 7 ridp 1
[uatrec] S4 r8 blit[2] slots 7 ridp 1
[uatrec] S4 r8 blit[3] slots 7 ridp 1
[uatrec] S4 r8 blit[4] slots 7 ridp 1
[uatrec] S4 r8 blit[5] slots 7 ridp 1
[uatrec] S4 r8 blit[6] slots 7 ridp 1
[uatrec] S4 r8 blit[7] slots 7 ridp 1
[mtlr] resource2 sel8 flags 470 sz 0x100000 -> kr 0x00000000 rid 119 GPUVA 0x10002490000 cpu 10dd58000
[mtlr]   out: 0000010002490000 000000010dd58000 0000000104db5940 0000000000000000
[mtlr]   out: 0000007700000000 0000000000100000 0000000041373db9 000000000001bc01
[uatrec] S4 r9 victim[0] rid 119 gpuva 0x10002490000 cpu 0x10dd58000 (top-of-stack)
[mtlr] resource2 sel8 flags 470 sz 0x100000 -> kr 0x00000000 rid 120 GPUVA 0x10002598000 cpu 10df54000
[mtlr]   out: 0000010002598000 000000010df54000 0000000104db5a00 0000000000000000
[mtlr]   out: 0000007800000000 0000000000100000 0000000041373dc0 000000000001bc02
[uatrec] S4 r9 victim[1] rid 120 gpuva 0x10002598000 cpu 0x10df54000 (top-of-stack)
[mtlr] resource2 sel8 flags 470 sz 0x100000 -> kr 0x00000000 rid 121 GPUVA 0x100026a0000 cpu 10e168000
[mtlr]   out: 00000100026a0000 000000010e168000 0000000104db5ac0 0000000000000000
[mtlr]   out: 0000007900000000 0000000000100000 0000000041373dc1 000000000001bc03
[uatrec] S4 r9 victim[2] rid 121 gpuva 0x100026a0000 cpu 0x10e168000 (top-of-stack)
[mtlr] resource2 sel8 flags 470 sz 0x100000 -> kr 0x00000000 rid 122 GPUVA 0x100027a8000 cpu 10e2d4000
[mtlr]   out: 00000100027a8000 000000010e2d4000 0000000104db5b80 0000000000000000
[mtlr]   out: 0000007a00000000 0000000000100000 0000000041373dc2 000000000001bc04
[uatrec] S4 r9 victim[3] rid 122 gpuva 0x100027a8000 cpu 0x10e2d4000 (top-of-stack)
[mtlr] resource2 sel8 flags 470 sz 0x100000 -> kr 0x00000000 rid 123 GPUVA 0x100028b0000 cpu 10e6b4000
[mtlr]   out: 00000100028b0000 000000010e6b4000 0000000104db5c40 0000000000000000
[mtlr]   out: 0000007b00000000 0000000000100000 0000000041373dc3 000000000001bc05
[uatrec] S4 r9 victim[4] rid 123 gpuva 0x100028b0000 cpu 0x10e6b4000 (top-of-stack)
[mtlr] resource2 sel8 flags 470 sz 0x100000 -> kr 0x00000000 rid 124 GPUVA 0x100029b8000 cpu 10d958000
[mtlr]   out: 00000100029b8000 000000010d958000 0000000104db5d00 0000000000000000
[mtlr]   out: 0000007c00000000 0000000000100000 0000000041373dc4 000000000001bc06
[uatrec] S4 r9 victim[5] rid 124 gpuva 0x100029b8000 cpu 0x10d958000 (top-of-stack)
[mtlr] resource2 sel8 flags 470 sz 0x100000 -> kr 0x00000000 rid 125 GPUVA 0x10002ac0000 cpu 10da58000
[mtlr]   out: 0000010002ac0000 000000010da58000 0000000104db5dc0 0000000000000000
[mtlr]   out: 0000007d00000000 0000000000100000 0000000041373dc5 000000000001bc07
[uatrec] S4 r9 victim[6] rid 125 gpuva 0x10002ac0000 cpu 0x10da58000 (top-of-stack)
[mtlr] resource2 sel8 flags 470 sz 0x100000 -> kr 0x00000000 rid 126 GPUVA 0x10002bc8000 cpu 10db58000
[mtlr]   out: 0000010002bc8000 000000010db58000 0000000104db5e80 0000000000000000
[mtlr]   out: 0000007e00000000 0000000000100000 0000000041373dcd 000000000001bc08
[uatrec] S4 r9 victim[7] rid 126 gpuva 0x10002bc8000 cpu 0x10db58000 (top-of-stack)
[mtlr] resource2 sel8 flags 470 sz 0x1000 -> kr 0x00000000 rid 119 GPUVA 0x10002490000 cpu 10de58000
[mtlr]   out: 0000010002490000 000000010de58000 0000000104db5940 0000000000000000
[mtlr]   out: 0000007700000000 0000000000004000 0000000041373ded 000000000001bc12
[mtlr] resource2 sel8 flags 470 sz 0x1000 -> kr 0x00000000 rid 119 GPUVA 0x10002490000 cpu 10de58000
[mtlr]   out: 0000010002490000 000000010de58000 0000000104db5940 0000000000000000
[mtlr]   out: 0000007700000000 0000000000004000 0000000041373dee 000000000001bc13
[mtlr] resource2 sel8 flags 470 sz 0x1000 -> kr 0x00000000 rid 119 GPUVA 0x10002490000 cpu 10de58000
[mtlr]   out: 0000010002490000 000000010de58000 0000000104db5940 0000000000000000
[mtlr]   out: 0000007700000000 0000000000004000 0000000041373def 000000000001bc14
[mtlr] resource2 sel8 flags 470 sz 0x1000 -> kr 0x00000000 rid 119 GPUVA 0x10002490000 cpu 10de58000
[mtlr]   out: 0000010002490000 000000010de58000 0000000104db5940 0000000000000000
[mtlr]   out: 0000007700000000 0000000000004000 0000000041373df0 000000000001bc15
[mtlr] resource2 sel8 flags 470 sz 0x1000 -> kr 0x00000000 rid 119 GPUVA 0x10002490000 cpu 10de58000
[mtlr]   out: 0000010002490000 000000010de58000 0000000104db5940 0000000000000000
[mtlr]   out: 0000007700000000 0000000000004000 0000000041373df1 000000000001bc16
[mtlr] resource2 sel8 flags 470 sz 0x1000 -> kr 0x00000000 rid 119 GPUVA 0x10002490000 cpu 10de58000
[mtlr]   out: 0000010002490000 000000010de58000 0000000104db5940 0000000000000000
[mtlr]   out: 0000007700000000 0000000000004000 0000000041373df2 000000000001bc17
[mtlr] resource2 sel8 flags 470 sz 0x1000 -> kr 0x00000000 rid 119 GPUVA 0x10002490000 cpu 10de58000
[mtlr]   out: 0000010002490000 000000010de58000 0000000104db5940 0000000000000000
[mtlr]   out: 0000007700000000 0000000000004000 0000000041373df3 000000000001bc18
[mtlr] resource2 sel8 flags 470 sz 0x1000 -> kr 0x00000000 rid 119 GPUVA 0x10002490000 cpu 10de58000
[mtlr]   out: 0000010002490000 000000010de58000 0000000104db5940 0000000000000000
[mtlr]   out: 0000007700000000 0000000000004000 0000000041373df4 000000000001bc19
[mtlr] resource2 sel8 flags 470 sz 0x1000 -> kr 0x00000000 rid 119 GPUVA 0x10002490000 cpu 10de58000
[mtlr]   out: 0000010002490000 000000010de58000 0000000104db5940 0000000000000000
[mtlr]   out: 0000007700000000 0000000000004000 0000000041373df5 000000000001bc1a
[mtlr] resource2 sel8 flags 470 sz 0x1000 -> kr 0x00000000 rid 119 GPUVA 0x10002490000 cpu 10de58000
[mtlr]   out: 0000010002490000 000000010de58000 0000000104db5940 0000000000000000
[mtlr]   out: 0000007700000000 0000000000004000 0000000041373df6 000000000001bc1b
[mtlr] resource2 sel8 flags 470 sz 0x1000 -> kr 0x00000000 rid 119 GPUVA 0x10002490000 cpu 10de58000
[mtlr]   out: 0000010002490000 000000010de58000 0000000104db5940 0000000000000000
[mtlr]   out: 0000007700000000 0000000000004000 0000000041373df7 000000000001bc1c
[mtlr] resource2 sel8 flags 470 sz 0x1000 -> kr 0x00000000 rid 119 GPUVA 0x10002490000 cpu 10de58000
[mtlr]   out: 0000010002490000 000000010de58000 0000000104db5940 0000000000000000
[mtlr]   out: 0000007700000000 0000000000004000 0000000041373df8 000000000001bc1d
[mtlr] resource2 sel8 flags 470 sz 0x1000 -> kr 0x00000000 rid 119 GPUVA 0x10002490000 cpu 10de58000
[mtlr]   out: 0000010002490000 000000010de58000 0000000104db5940 0000000000000000
[mtlr]   out: 0000007700000000 0000000000004000 0000000041373df9 000000000001bc1e
[mtlr] resource2 sel8 flags 470 sz 0x1000 -> kr 0x00000000 rid 119 GPUVA 0x10002490000 cpu 10de58000
[mtlr]   out: 0000010002490000 000000010de58000 0000000104db5940 0000000000000000
[mtlr]   out: 0000007700000000 0000000000004000 0000000041373dfa 000000000001bc1f
[mtlr] resource2 sel8 flags 470 sz 0x1000 -> kr 0x00000000 rid 119 GPUVA 0x10002490000 cpu 10de58000
[mtlr]   out: 0000010002490000 000000010de58000 0000000104db5940 0000000000000000
[mtlr]   out: 0000007700000000 0000000000004000 0000000041373dfb 000000000001bc20
[mtlr] resource2 sel8 flags 470 sz 0x1000 -> kr 0x00000000 rid 119 GPUVA 0x10002490000 cpu 10de58000
[mtlr]   out: 0000010002490000 000000010de58000 0000000104db5940 0000000000000000
[mtlr]   out: 0000007700000000 0000000000004000 0000000041373dfc 000000000001bc21
[mtlr] resource2 sel8 flags 470 sz 0x1000 -> kr 0x00000000 rid 119 GPUVA 0x10002490000 cpu 10de58000
[mtlr]   out: 0000010002490000 000000010de58000 0000000104db5940 0000000000000000
[mtlr]   out: 0000007700000000 0000000000004000 0000000041373dfd 000000000001bc22
[mtlr] resource2 sel8 flags 470 sz 0x1000 -> kr 0x00000000 rid 119 GPUVA 0x10002490000 cpu 10de58000
[mtlr]   out: 0000010002490000 000000010de58000 0000000104db5940 0000000000000000
[mtlr]   out: 0000007700000000 0000000000004000 0000000041373dfe 000000000001bc23
[mtlr] resource2 sel8 flags 470 sz 0x1000 -> kr 0x00000000 rid 119 GPUVA 0x10002490000 cpu 10de58000
[mtlr]   out: 0000010002490000 000000010de58000 0000000104db5940 0000000000000000
[mtlr]   out: 0000007700000000 0000000000004000 0000000041373dff 000000000001bc24
[mtlr] resource2 sel8 flags 470 sz 0x1000 -> kr 0x00000000 rid 119 GPUVA 0x10002490000 cpu 10de58000
[mtlr]   out: 0000010002490000 000000010de58000 0000000104db5940 0000000000000000
[mtlr]   out: 0000007700000000 0000000000004000 0000000041373e00 000000000001bc25
[mtlr] resource2 sel8 flags 470 sz 0x1000 -> kr 0x00000000 rid 119 GPUVA 0x10002490000 cpu 10de58000
[mtlr]   out: 0000010002490000 000000010de58000 0000000104db5940 0000000000000000
[mtlr]   out: 0000007700000000 0000000000004000 0000000041373e01 000000000001bc26
[mtlr] resource2 sel8 flags 470 sz 0x1000 -> kr 0x00000000 rid 119 GPUVA 0x10002490000 cpu 10de58000
[mtlr]   out: 0000010002490000 000000010de58000 0000000104db5940 0000000000000000
[mtlr]   out: 0000007700000000 0000000000004000 0000000041373e02 000000000001bc27
[mtlr] resource2 sel8 flags 470 sz 0x1000 -> kr 0x00000000 rid 119 GPUVA 0x10002490000 cpu 10de58000
[mtlr]   out: 0000010002490000 000000010de58000 0000000104db5940 0000000000000000
[mtlr]   out: 0000007700000000 0000000000004000 0000000041373e03 000000000001bc28
[mtlr] resource2 sel8 flags 470 sz 0x1000 -> kr 0x00000000 rid 119 GPUVA 0x10002490000 cpu 10de58000
[mtlr]   out: 0000010002490000 000000010de58000 0000000104db5940 0000000000000000
[mtlr]   out: 0000007700000000 0000000000004000 0000000041373e04 000000000001bc29
[mtlr] resource2 sel8 flags 470 sz 0x1000 -> kr 0x00000000 rid 119 GPUVA 0x10002490000 cpu 10de58000
[mtlr]   out: 0000010002490000 000000010de58000 0000000104db5940 0000000000000000
[mtlr]   out: 0000007700000000 0000000000004000 0000000041373e05 000000000001bc2a
[mtlr] resource2 sel8 flags 470 sz 0x1000 -> kr 0x00000000 rid 119 GPUVA 0x10002490000 cpu 10de58000
[mtlr]   out: 0000010002490000 000000010de58000 0000000104db5940 0000000000000000
[mtlr]   out: 0000007700000000 0000000000004000 0000000041373e06 000000000001bc2b
[mtlr] resource2 sel8 flags 470 sz 0x1000 -> kr 0x00000000 rid 119 GPUVA 0x10002490000 cpu 10de58000
[mtlr]   out: 0000010002490000 000000010de58000 0000000104db5940 0000000000000000
[mtlr]   out: 0000007700000000 0000000000004000 0000000041373e07 000000000001bc2c
[mtlr] resource2 sel8 flags 470 sz 0x1000 -> kr 0x00000000 rid 119 GPUVA 0x10002490000 cpu 10de58000
[mtlr]   out: 0000010002490000 000000010de58000 0000000104db5940 0000000000000000
[mtlr]   out: 0000007700000000 0000000000004000 0000000041373e08 000000000001bc2d
[mtlr] resource2 sel8 flags 470 sz 0x1000 -> kr 0x00000000 rid 119 GPUVA 0x10002490000 cpu 10de58000
[mtlr]   out: 0000010002490000 000000010de58000 0000000104db5940 0000000000000000
[mtlr]   out: 0000007700000000 0000000000004000 0000000041373e09 000000000001bc2e
[mtlr] resource2 sel8 flags 470 sz 0x1000 -> kr 0x00000000 rid 119 GPUVA 0x10002490000 cpu 10de58000
[mtlr]   out: 0000010002490000 000000010de58000 0000000104db5940 0000000000000000
[mtlr]   out: 0000007700000000 0000000000004000 0000000041373e0a 000000000001bc2f
[mtlr] resource2 sel8 flags 470 sz 0x1000 -> kr 0x00000000 rid 119 GPUVA 0x10002490000 cpu 10de58000
[mtlr]   out: 0000010002490000 000000010de58000 0000000104db5940 0000000000000000
[mtlr]   out: 0000007700000000 0000000000004000 0000000041373e0b 000000000001bc30
[mtlr] resource2 sel8 flags 470 sz 0x1000 -> kr 0x00000000 rid 119 GPUVA 0x10002490000 cpu 10de58000
[mtlr]   out: 0000010002490000 000000010de58000 0000000104db5940 0000000000000000
[mtlr]   out: 0000007700000000 0000000000004000 0000000041373e0c 000000000001bc31
[mtlr] resource2 sel8 flags 470 sz 0x1000 -> kr 0x00000000 rid 119 GPUVA 0x10002490000 cpu 10de58000
[mtlr]   out: 0000010002490000 000000010de58000 0000000104db5940 0000000000000000
[mtlr]   out: 0000007700000000 0000000000004000 0000000041373e0d 000000000001bc32
[mtlr] resource2 sel8 flags 470 sz 0x1000 -> kr 0x00000000 rid 119 GPUVA 0x10002490000 cpu 10de58000
[mtlr]   out: 0000010002490000 000000010de58000 0000000104db5940 0000000000000000
[mtlr]   out: 0000007700000000 0000000000004000 0000000041373e0e 000000000001bc33
[mtlr] resource2 sel8 flags 470 sz 0x1000 -> kr 0x00000000 rid 119 GPUVA 0x10002490000 cpu 10de58000
[mtlr]   out: 0000010002490000 000000010de58000 0000000104db5940 0000000000000000
[mtlr]   out: 0000007700000000 0000000000004000 0000000041373e0f 000000000001bc34
[mtlr] resource2 sel8 flags 470 sz 0x1000 -> kr 0x00000000 rid 119 GPUVA 0x10002490000 cpu 10de58000
[mtlr]   out: 0000010002490000 000000010de58000 0000000104db5940 0000000000000000
[mtlr]   out: 0000007700000000 0000000000004000 0000000041373e10 000000000001bc35
[mtlr] resource2 sel8 flags 470 sz 0x1000 -> kr 0x00000000 rid 119 GPUVA 0x10002490000 cpu 10de58000
[mtlr]   out: 0000010002490000 000000010de58000 0000000104db5940 0000000000000000
[mtlr]   out: 0000007700000000 0000000000004000 0000000041373e11 000000000001bc36
[mtlr] resource2 sel8 flags 470 sz 0x1000 -> kr 0x00000000 rid 119 GPUVA 0x10002490000 cpu 10de58000
[mtlr]   out: 0000010002490000 000000010de58000 0000000104db5940 0000000000000000
[mtlr]   out: 0000007700000000 0000000000004000 0000000041373e12 000000000001bc37
[mtlr] resource2 sel8 flags 470 sz 0x1000 -> kr 0x00000000 rid 119 GPUVA 0x10002490000 cpu 10de58000
[mtlr]   out: 0000010002490000 000000010de58000 0000000104db5940 0000000000000000
[mtlr]   out: 0000007700000000 0000000000004000 0000000041373e13 000000000001bc38
[mtlr] resource2 sel8 flags 470 sz 0x1000 -> kr 0x00000000 rid 119 GPUVA 0x10002490000 cpu 10de58000
[mtlr]   out: 0000010002490000 000000010de58000 0000000104db5940 0000000000000000
[mtlr]   out: 0000007700000000 0000000000004000 0000000041373e14 000000000001bc39
[uatrec] S4 r9 (+0s): nvv 8 ncb 8 vsz 0x100000 fill 0x1000000000 destroy0 kr 0x00000000 nj 40
[uatrec] S4 r9 blit[0] slots 7 ridp 1
[uatrec] S4 r9 blit[1] slots 7 ridp 1
[uatrec] S4 r9 blit[2] slots 8 ridp 1
[uatrec] S4 r9 blit[3] slots 7 ridp 1
[uatrec] S4 r9 blit[4] slots 8 ridp 1
[uatrec] S4 r9 blit[5] slots 7 ridp 1
[uatrec] S4 r9 blit[6] slots 8 ridp 1
[uatrec] S4 r9 blit[7] slots 7 ridp 1
[uatrec] S4 heartbeat: round 10 done, t=0s (alive)
[mtlr] resource2 sel8 flags 470 sz 0x100000 -> kr 0x00000000 rid 119 GPUVA 0x10002490000 cpu 10e3d4000
[mtlr]   out: 0000010002490000 000000010e3d4000 0000000104db5940 0000000000000000
[mtlr]   out: 0000007700000000 0000000000100000 0000000041373e37 000000000001bc3c
[uatrec] S4 r10 victim[0] rid 119 gpuva 0x10002490000 cpu 0x10e3d4000 (top-of-stack)
[mtlr] resource2 sel8 flags 470 sz 0x100000 -> kr 0x00000000 rid 120 GPUVA 0x10002598000 cpu 10e544000
[mtlr]   out: 0000010002598000 000000010e544000 0000000104db5a00 0000000000000000
[mtlr]   out: 0000007800000000 0000000000100000 0000000041373e38 000000000001bc3d
[uatrec] S4 r10 victim[1] rid 120 gpuva 0x10002598000 cpu 0x10e544000 (top-of-stack)
[mtlr] resource2 sel8 flags 470 sz 0x100000 -> kr 0x00000000 rid 121 GPUVA 0x100026a0000 cpu 10ec28000
[mtlr]   out: 00000100026a0000 000000010ec28000 0000000104db5ac0 0000000000000000
[mtlr]   out: 0000007900000000 0000000000100000 0000000041373e39 000000000001bc3e
[uatrec] S4 r10 victim[2] rid 121 gpuva 0x100026a0000 cpu 0x10ec28000 (top-of-stack)
[mtlr] resource2 sel8 flags 470 sz 0x100000 -> kr 0x00000000 rid 122 GPUVA 0x100027a8000 cpu 10ed94000
[mtlr]   out: 00000100027a8000 000000010ed94000 0000000104db5b80 0000000000000000
[mtlr]   out: 0000007a00000000 0000000000100000 0000000041373e3a 000000000001bc3f
[uatrec] S4 r10 victim[3] rid 122 gpuva 0x100027a8000 cpu 0x10ed94000 (top-of-stack)
[mtlr] resource2 sel8 flags 470 sz 0x100000 -> kr 0x00000000 rid 123 GPUVA 0x100028b0000 cpu 10ee94000
[mtlr]   out: 00000100028b0000 000000010ee94000 0000000104db5c40 0000000000000000
[mtlr]   out: 0000007b00000000 0000000000100000 0000000041373e3f 000000000001bc40
[uatrec] S4 r10 victim[4] rid 123 gpuva 0x100028b0000 cpu 0x10ee94000 (top-of-stack)
[mtlr] resource2 sel8 flags 470 sz 0x100000 -> kr 0x00000000 rid 124 GPUVA 0x100029b8000 cpu 10dd58000
[mtlr]   out: 00000100029b8000 000000010dd58000 0000000104db5d00 0000000000000000
[mtlr]   out: 0000007c00000000 0000000000100000 0000000041373e41 000000000001bc41
[uatrec] S4 r10 victim[5] rid 124 gpuva 0x100029b8000 cpu 0x10dd58000 (top-of-stack)
[mtlr] resource2 sel8 flags 470 sz 0x100000 -> kr 0x00000000 rid 125 GPUVA 0x10002ac0000 cpu 10d958000
[mtlr]   out: 0000010002ac0000 000000010d958000 0000000104db5dc0 0000000000000000
[mtlr]   out: 0000007d00000000 0000000000100000 0000000041373e42 000000000001bc42
[uatrec] S4 r10 victim[6] rid 125 gpuva 0x10002ac0000 cpu 0x10d958000 (top-of-stack)
[mtlr] resource2 sel8 flags 470 sz 0x100000 -> kr 0x00000000 rid 126 GPUVA 0x10002bc8000 cpu 10da58000
[mtlr]   out: 0000010002bc8000 000000010da58000 0000000104db5e80 0000000000000000
[mtlr]   out: 0000007e00000000 0000000000100000 0000000041373e48 000000000001bc43
[uatrec] S4 r10 victim[7] rid 126 gpuva 0x10002bc8000 cpu 0x10da58000 (top-of-stack)
[mtlr] resource2 sel8 flags 470 sz 0x1000 -> kr 0x00000000 rid 119 GPUVA 0x10002490000 cpu 10de58000
[mtlr]   out: 0000010002490000 000000010de58000 0000000104db5940 0000000000000000
[mtlr]   out: 0000007700000000 0000000000004000 0000000041373e61 000000000001bc4d
[mtlr] resource2 sel8 flags 470 sz 0x1000 -> kr 0x00000000 rid 119 GPUVA 0x10002490000 cpu 10de58000
[mtlr]   out: 0000010002490000 000000010de58000 0000000104db5940 0000000000000000
[mtlr]   out: 0000007700000000 0000000000004000 0000000041373e62 000000000001bc4e
[mtlr] resource2 sel8 flags 470 sz 0x1000 -> kr 0x00000000 rid 119 GPUVA 0x10002490000 cpu 10de58000
[mtlr]   out: 0000010002490000 000000010de58000 0000000104db5940 0000000000000000
[mtlr]   out: 0000007700000000 0000000000004000 0000000041373e63 000000000001bc4f
[mtlr] resource2 sel8 flags 470 sz 0x1000 -> kr 0x00000000 rid 119 GPUVA 0x10002490000 cpu 10de58000
[mtlr]   out: 0000010002490000 000000010de58000 0000000104db5940 0000000000000000
[mtlr]   out: 0000007700000000 0000000000004000 0000000041373e64 000000000001bc50
[mtlr] resource2 sel8 flags 470 sz 0x1000 -> kr 0x00000000 rid 119 GPUVA 0x10002490000 cpu 10de58000
[mtlr]   out: 0000010002490000 000000010de58000 0000000104db5940 0000000000000000
[mtlr]   out: 0000007700000000 0000000000004000 0000000041373e65 000000000001bc51
[mtlr] resource2 sel8 flags 470 sz 0x1000 -> kr 0x00000000 rid 119 GPUVA 0x10002490000 cpu 10de58000
[mtlr]   out: 0000010002490000 000000010de58000 0000000104db5940 0000000000000000
[mtlr]   out: 0000007700000000 0000000000004000 0000000041373e66 000000000001bc52
[mtlr] resource2 sel8 flags 470 sz 0x1000 -> kr 0x00000000 rid 119 GPUVA 0x10002490000 cpu 10de58000
[mtlr]   out: 0000010002490000 000000010de58000 0000000104db5940 0000000000000000
[mtlr]   out: 0000007700000000 0000000000004000 0000000041373e67 000000000001bc53
[mtlr] resource2 sel8 flags 470 sz 0x1000 -> kr 0x00000000 rid 119 GPUVA 0x10002490000 cpu 10de58000
[mtlr]   out: 0000010002490000 000000010de58000 0000000104db5940 0000000000000000
[mtlr]   out: 0000007700000000 0000000000004000 0000000041373e68 000000000001bc54
[mtlr] resource2 sel8 flags 470 sz 0x1000 -> kr 0x00000000 rid 119 GPUVA 0x10002490000 cpu 10de58000
[mtlr]   out: 0000010002490000 000000010de58000 0000000104db5940 0000000000000000
[mtlr]   out: 0000007700000000 0000000000004000 0000000041373e69 000000000001bc55
[mtlr] resource2 sel8 flags 470 sz 0x1000 -> kr 0x00000000 rid 119 GPUVA 0x10002490000 cpu 10de58000
[mtlr]   out: 0000010002490000 000000010de58000 0000000104db5940 0000000000000000
[mtlr]   out: 0000007700000000 0000000000004000 0000000041373e6a 000000000001bc56
[mtlr] resource2 sel8 flags 470 sz 0x1000 -> kr 0x00000000 rid 119 GPUVA 0x10002490000 cpu 10de58000
[mtlr]   out: 0000010002490000 000000010de58000 0000000104db5940 0000000000000000
[mtlr]   out: 0000007700000000 0000000000004000 0000000041373e6b 000000000001bc57
[mtlr] resource2 sel8 flags 470 sz 0x1000 -> kr 0x00000000 rid 119 GPUVA 0x10002490000 cpu 10de58000
[mtlr]   out: 0000010002490000 000000010de58000 0000000104db5940 0000000000000000
[mtlr]   out: 0000007700000000 0000000000004000 0000000041373e6c 000000000001bc58
[mtlr] resource2 sel8 flags 470 sz 0x1000 -> kr 0x00000000 rid 119 GPUVA 0x10002490000 cpu 10de58000
[mtlr]   out: 0000010002490000 000000010de58000 0000000104db5940 0000000000000000
[mtlr]   out: 0000007700000000 0000000000004000 0000000041373e6d 000000000001bc59
[mtlr] resource2 sel8 flags 470 sz 0x1000 -> kr 0x00000000 rid 119 GPUVA 0x10002490000 cpu 10de58000
[mtlr]   out: 0000010002490000 000000010de58000 0000000104db5940 0000000000000000
[mtlr]   out: 0000007700000000 0000000000004000 0000000041373e6e 000000000001bc5a
[mtlr] resource2 sel8 flags 470 sz 0x1000 -> kr 0x00000000 rid 119 GPUVA 0x10002490000 cpu 10de58000
[mtlr]   out: 0000010002490000 000000010de58000 0000000104db5940 0000000000000000
[mtlr]   out: 0000007700000000 0000000000004000 0000000041373e6f 000000000001bc5b
[mtlr] resource2 sel8 flags 470 sz 0x1000 -> kr 0x00000000 rid 119 GPUVA 0x10002490000 cpu 10de58000
[mtlr]   out: 0000010002490000 000000010de58000 0000000104db5940 0000000000000000
[mtlr]   out: 0000007700000000 0000000000004000 0000000041373e70 000000000001bc5c
[mtlr] resource2 sel8 flags 470 sz 0x1000 -> kr 0x00000000 rid 119 GPUVA 0x10002490000 cpu 10de58000
[mtlr]   out: 0000010002490000 000000010de58000 0000000104db5940 0000000000000000
[mtlr]   out: 0000007700000000 0000000000004000 0000000041373e71 000000000001bc5d
[mtlr] resource2 sel8 flags 470 sz 0x1000 -> kr 0x00000000 rid 119 GPUVA 0x10002490000 cpu 10de58000
[mtlr]   out: 0000010002490000 000000010de58000 0000000104db5940 0000000000000000
[mtlr]   out: 0000007700000000 0000000000004000 0000000041373e72 000000000001bc5e
[mtlr] resource2 sel8 flags 470 sz 0x1000 -> kr 0x00000000 rid 119 GPUVA 0x10002490000 cpu 10de58000
[mtlr]   out: 0000010002490000 000000010de58000 0000000104db5940 0000000000000000
[mtlr]   out: 0000007700000000 0000000000004000 0000000041373e73 000000000001bc5f
[mtlr] resource2 sel8 flags 470 sz 0x1000 -> kr 0x00000000 rid 119 GPUVA 0x10002490000 cpu 10de58000
[mtlr]   out: 0000010002490000 000000010de58000 0000000104db5940 0000000000000000
[mtlr]   out: 0000007700000000 0000000000004000 0000000041373e74 000000000001bc60
[mtlr] resource2 sel8 flags 470 sz 0x1000 -> kr 0x00000000 rid 119 GPUVA 0x10002490000 cpu 10de58000
[mtlr]   out: 0000010002490000 000000010de58000 0000000104db5940 0000000000000000
[mtlr]   out: 0000007700000000 0000000000004000 0000000041373e75 000000000001bc61
[mtlr] resource2 sel8 flags 470 sz 0x1000 -> kr 0x00000000 rid 119 GPUVA 0x10002490000 cpu 10de58000
[mtlr]   out: 0000010002490000 000000010de58000 0000000104db5940 0000000000000000
[mtlr]   out: 0000007700000000 0000000000004000 0000000041373e76 000000000001bc62
[mtlr] resource2 sel8 flags 470 sz 0x1000 -> kr 0x00000000 rid 119 GPUVA 0x10002490000 cpu 10de58000
[mtlr]   out: 0000010002490000 000000010de58000 0000000104db5940 0000000000000000
[mtlr]   out: 0000007700000000 0000000000004000 0000000041373e77 000000000001bc63
[mtlr] resource2 sel8 flags 470 sz 0x1000 -> kr 0x00000000 rid 119 GPUVA 0x10002490000 cpu 10de58000
[mtlr]   out: 0000010002490000 000000010de58000 0000000104db5940 0000000000000000
[mtlr]   out: 0000007700000000 0000000000004000 0000000041373e78 000000000001bc64
[mtlr] resource2 sel8 flags 470 sz 0x1000 -> kr 0x00000000 rid 119 GPUVA 0x10002490000 cpu 10de58000
[mtlr]   out: 0000010002490000 000000010de58000 0000000104db5940 0000000000000000
[mtlr]   out: 0000007700000000 0000000000004000 0000000041373e79 000000000001bc65
[mtlr] resource2 sel8 flags 470 sz 0x1000 -> kr 0x00000000 rid 119 GPUVA 0x10002490000 cpu 10de58000
[mtlr]   out: 0000010002490000 000000010de58000 0000000104db5940 0000000000000000
[mtlr]   out: 0000007700000000 0000000000004000 0000000041373e7a 000000000001bc66
[mtlr] resource2 sel8 flags 470 sz 0x1000 -> kr 0x00000000 rid 119 GPUVA 0x10002490000 cpu 10de58000
[mtlr]   out: 0000010002490000 000000010de58000 0000000104db5940 0000000000000000
[mtlr]   out: 0000007700000000 0000000000004000 0000000041373e7b 000000000001bc67
[mtlr] resource2 sel8 flags 470 sz 0x1000 -> kr 0x00000000 rid 119 GPUVA 0x10002490000 cpu 10de58000
[mtlr]   out: 0000010002490000 000000010de58000 0000000104db5940 0000000000000000
[mtlr]   out: 0000007700000000 0000000000004000 0000000041373e7c 000000000001bc68
[mtlr] resource2 sel8 flags 470 sz 0x1000 -> kr 0x00000000 rid 119 GPUVA 0x10002490000 cpu 10de58000
[mtlr]   out: 0000010002490000 000000010de58000 0000000104db5940 0000000000000000
[mtlr]   out: 0000007700000000 0000000000004000 0000000041373e7d 000000000001bc69
[mtlr] resource2 sel8 flags 470 sz 0x1000 -> kr 0x00000000 rid 119 GPUVA 0x10002490000 cpu 10de58000
[mtlr]   out: 0000010002490000 000000010de58000 0000000104db5940 0000000000000000
[mtlr]   out: 0000007700000000 0000000000004000 0000000041373e7e 000000000001bc6a
[mtlr] resource2 sel8 flags 470 sz 0x1000 -> kr 0x00000000 rid 119 GPUVA 0x10002490000 cpu 10de58000
[mtlr]   out: 0000010002490000 000000010de58000 0000000104db5940 0000000000000000
[mtlr]   out: 0000007700000000 0000000000004000 0000000041373e7f 000000000001bc6b
[mtlr] resource2 sel8 flags 470 sz 0x1000 -> kr 0x00000000 rid 119 GPUVA 0x10002490000 cpu 10de58000
[mtlr]   out: 0000010002490000 000000010de58000 0000000104db5940 0000000000000000
[mtlr]   out: 0000007700000000 0000000000004000 0000000041373e80 000000000001bc6c
[mtlr] resource2 sel8 flags 470 sz 0x1000 -> kr 0x00000000 rid 119 GPUVA 0x10002490000 cpu 10de58000
[mtlr]   out: 0000010002490000 000000010de58000 0000000104db5940 0000000000000000
[mtlr]   out: 0000007700000000 0000000000004000 0000000041373e81 000000000001bc6d
[mtlr] resource2 sel8 flags 470 sz 0x1000 -> kr 0x00000000 rid 119 GPUVA 0x10002490000 cpu 10de58000
[mtlr]   out: 0000010002490000 000000010de58000 0000000104db5940 0000000000000000
[mtlr]   out: 0000007700000000 0000000000004000 0000000041373e82 000000000001bc6e
[mtlr] resource2 sel8 flags 470 sz 0x1000 -> kr 0x00000000 rid 119 GPUVA 0x10002490000 cpu 10de58000
[mtlr]   out: 0000010002490000 000000010de58000 0000000104db5940 0000000000000000
[mtlr]   out: 0000007700000000 0000000000004000 0000000041373e83 000000000001bc6f
[mtlr] resource2 sel8 flags 470 sz 0x1000 -> kr 0x00000000 rid 119 GPUVA 0x10002490000 cpu 10de58000
[mtlr]   out: 0000010002490000 000000010de58000 0000000104db5940 0000000000000000
[mtlr]   out: 0000007700000000 0000000000004000 0000000041373e84 000000000001bc70
[mtlr] resource2 sel8 flags 470 sz 0x1000 -> kr 0x00000000 rid 119 GPUVA 0x10002490000 cpu 10de58000
[mtlr]   out: 0000010002490000 000000010de58000 0000000104db5940 0000000000000000
[mtlr]   out: 0000007700000000 0000000000004000 0000000041373e85 000000000001bc71
[mtlr] resource2 sel8 flags 470 sz 0x1000 -> kr 0x00000000 rid 119 GPUVA 0x10002490000 cpu 10de58000
[mtlr]   out: 0000010002490000 000000010de58000 0000000104db5940 0000000000000000
[mtlr]   out: 0000007700000000 0000000000004000 0000000041373e86 000000000001bc72
[mtlr] resource2 sel8 flags 470 sz 0x1000 -> kr 0x00000000 rid 119 GPUVA 0x10002490000 cpu 10de58000
[mtlr]   out: 0000010002490000 000000010de58000 0000000104db5940 0000000000000000
[mtlr]   out: 0000007700000000 0000000000004000 0000000041373e87 000000000001bc73
[mtlr] resource2 sel8 flags 470 sz 0x1000 -> kr 0x00000000 rid 119 GPUVA 0x10002490000 cpu 10de58000
[mtlr]   out: 0000010002490000 000000010de58000 0000000104db5940 0000000000000000
[mtlr]   out: 0000007700000000 0000000000004000 0000000041373e88 000000000001bc74
[uatrec] S4 r10 (+0s): nvv 8 ncb 8 vsz 0x100000 fill 0x1000000000 destroy0 kr 0x00000000 nj 40
[uatrec] S4 r10 blit[0] slots 7 ridp 1
[uatrec] S4 r10 blit[1] slots 7 ridp 1
[uatrec] S4 r10 blit[2] slots 8 ridp 1
[uatrec] S4 r10 blit[3] slots 7 ridp 1
[uatrec] S4 r10 blit[4] slots 7 ridp 1
[uatrec] S4 r10 blit[5] slots 7 ridp 1
[uatrec] S4 r10 blit[6] slots 7 ridp 1
[uatrec] S4 r10 blit[7] slots 7 ridp 1
[mtlr] resource2 sel8 flags 470 sz 0x100000 -> kr 0x00000000 rid 119 GPUVA 0x10002490000 cpu 10d958000
[mtlr]   out: 0000010002490000 000000010d958000 0000000104db5940 0000000000000000
[mtlr]   out: 0000007700000000 0000000000100000 0000000041373e9b 000000000001bc77
[uatrec] S4 r11 victim[0] rid 119 gpuva 0x10002490000 cpu 0x10d958000 (top-of-stack)
[mtlr] resource2 sel8 flags 470 sz 0x100000 -> kr 0x00000000 rid 120 GPUVA 0x10002598000 cpu 10da58000
[mtlr]   out: 0000010002598000 000000010da58000 0000000104db5a00 0000000000000000
[mtlr]   out: 0000007800000000 0000000000100000 0000000041373e9c 000000000001bc78
[uatrec] S4 r11 victim[1] rid 120 gpuva 0x10002598000 cpu 0x10da58000 (top-of-stack)
[mtlr] resource2 sel8 flags 470 sz 0x100000 -> kr 0x00000000 rid 121 GPUVA 0x100026a0000 cpu 10db58000
[mtlr]   out: 00000100026a0000 000000010db58000 0000000104db5ac0 0000000000000000
[mtlr]   out: 0000007900000000 0000000000100000 0000000041373e9d 000000000001bc79
[uatrec] S4 r11 victim[2] rid 121 gpuva 0x100026a0000 cpu 0x10db58000 (top-of-stack)
[mtlr] resource2 sel8 flags 470 sz 0x100000 -> kr 0x00000000 rid 122 GPUVA 0x100027a8000 cpu 10dc58000
[mtlr]   out: 00000100027a8000 000000010dc58000 0000000104db5b80 0000000000000000
[mtlr]   out: 0000007a00000000 0000000000100000 0000000041373e9e 000000000001bc7a
[uatrec] S4 r11 victim[3] rid 122 gpuva 0x100027a8000 cpu 0x10dc58000 (top-of-stack)
[mtlr] resource2 sel8 flags 470 sz 0x100000 -> kr 0x00000000 rid 123 GPUVA 0x100028b0000 cpu 10dd58000
[mtlr]   out: 00000100028b0000 000000010dd58000 0000000104db5c40 0000000000000000
[mtlr]   out: 0000007b00000000 0000000000100000 0000000041373e9f 000000000001bc7b
[uatrec] S4 r11 victim[4] rid 123 gpuva 0x100028b0000 cpu 0x10dd58000 (top-of-stack)
[mtlr] resource2 sel8 flags 470 sz 0x100000 -> kr 0x00000000 rid 124 GPUVA 0x100029b8000 cpu 10df54000
[mtlr]   out: 00000100029b8000 000000010df54000 0000000104db5d00 0000000000000000
[mtlr]   out: 0000007c00000000 0000000000100000 0000000041373ea4 000000000001bc7c
[uatrec] S4 r11 victim[5] rid 124 gpuva 0x100029b8000 cpu 0x10df54000 (top-of-stack)
[mtlr] resource2 sel8 flags 470 sz 0x100000 -> kr 0x00000000 rid 125 GPUVA 0x10002ac0000 cpu 10e168000
[mtlr]   out: 0000010002ac0000 000000010e168000 0000000104db5dc0 0000000000000000
[mtlr]   out: 0000007d00000000 0000000000100000 0000000041373ea8 000000000001bc7d
[uatrec] S4 r11 victim[6] rid 125 gpuva 0x10002ac0000 cpu 0x10e168000 (top-of-stack)
[mtlr] resource2 sel8 flags 470 sz 0x100000 -> kr 0x00000000 rid 126 GPUVA 0x10002bc8000 cpu 10e2d4000
[mtlr]   out: 0000010002bc8000 000000010e2d4000 0000000104db5e80 0000000000000000
[mtlr]   out: 0000007e00000000 0000000000100000 0000000041373ea9 000000000001bc7e
[uatrec] S4 r11 victim[7] rid 126 gpuva 0x10002bc8000 cpu 0x10e2d4000 (top-of-stack)
[mtlr] resource2 sel8 flags 470 sz 0x1000 -> kr 0x00000000 rid 119 GPUVA 0x10002490000 cpu 10de58000
[mtlr]   out: 0000010002490000 000000010de58000 0000000104db5940 0000000000000000
[mtlr]   out: 0000007700000000 0000000000004000 0000000041373ec0 000000000001bc88
[mtlr] resource2 sel8 flags 470 sz 0x1000 -> kr 0x00000000 rid 119 GPUVA 0x10002490000 cpu 10de58000
[mtlr]   out: 0000010002490000 000000010de58000 0000000104db5940 0000000000000000
[mtlr]   out: 0000007700000000 0000000000004000 0000000041373ec1 000000000001bc89
[mtlr] resource2 sel8 flags 470 sz 0x1000 -> kr 0x00000000 rid 119 GPUVA 0x10002490000 cpu 10de58000
[mtlr]   out: 0000010002490000 000000010de58000 0000000104db5940 0000000000000000
[mtlr]   out: 0000007700000000 0000000000004000 0000000041373ec2 000000000001bc8a
[mtlr] resource2 sel8 flags 470 sz 0x1000 -> kr 0x00000000 rid 119 GPUVA 0x10002490000 cpu 10de58000
[mtlr]   out: 0000010002490000 000000010de58000 0000000104db5940 0000000000000000
[mtlr]   out: 0000007700000000 0000000000004000 0000000041373ec3 000000000001bc8b
[mtlr] resource2 sel8 flags 470 sz 0x1000 -> kr 0x00000000 rid 119 GPUVA 0x10002490000 cpu 10de58000
[mtlr]   out: 0000010002490000 000000010de58000 0000000104db5940 0000000000000000
[mtlr]   out: 0000007700000000 0000000000004000 0000000041373ec4 000000000001bc8c
[mtlr] resource2 sel8 flags 470 sz 0x1000 -> kr 0x00000000 rid 119 GPUVA 0x10002490000 cpu 10de58000
[mtlr]   out: 0000010002490000 000000010de58000 0000000104db5940 0000000000000000
[mtlr]   out: 0000007700000000 0000000000004000 0000000041373ec5 000000000001bc8d
[mtlr] resource2 sel8 flags 470 sz 0x1000 -> kr 0x00000000 rid 119 GPUVA 0x10002490000 cpu 10de58000
[mtlr]   out: 0000010002490000 000000010de58000 0000000104db5940 0000000000000000
[mtlr]   out: 0000007700000000 0000000000004000 0000000041373ec6 000000000001bc8e
[mtlr] resource2 sel8 flags 470 sz 0x1000 -> kr 0x00000000 rid 119 GPUVA 0x10002490000 cpu 10de58000
[mtlr]   out: 0000010002490000 000000010de58000 0000000104db5940 0000000000000000
[mtlr]   out: 0000007700000000 0000000000004000 0000000041373ec7 000000000001bc8f
[mtlr] resource2 sel8 flags 470 sz 0x1000 -> kr 0x00000000 rid 119 GPUVA 0x10002490000 cpu 10de58000
[mtlr]   out: 0000010002490000 000000010de58000 0000000104db5940 0000000000000000
[mtlr]   out: 0000007700000000 0000000000004000 0000000041373ec8 000000000001bc90
[mtlr] resource2 sel8 flags 470 sz 0x1000 -> kr 0x00000000 rid 119 GPUVA 0x10002490000 cpu 10de58000
[mtlr]   out: 0000010002490000 000000010de58000 0000000104db5940 0000000000000000
[mtlr]   out: 0000007700000000 0000000000004000 0000000041373ec9 000000000001bc91
[mtlr] resource2 sel8 flags 470 sz 0x1000 -> kr 0x00000000 rid 119 GPUVA 0x10002490000 cpu 10de58000
[mtlr]   out: 0000010002490000 000000010de58000 0000000104db5940 0000000000000000
[mtlr]   out: 0000007700000000 0000000000004000 0000000041373eca 000000000001bc92
[mtlr] resource2 sel8 flags 470 sz 0x1000 -> kr 0x00000000 rid 119 GPUVA 0x10002490000 cpu 10de58000
[mtlr]   out: 0000010002490000 000000010de58000 0000000104db5940 0000000000000000
[mtlr]   out: 0000007700000000 0000000000004000 0000000041373ecb 000000000001bc93
[mtlr] resource2 sel8 flags 470 sz 0x1000 -> kr 0x00000000 rid 119 GPUVA 0x10002490000 cpu 10de58000
[mtlr]   out: 0000010002490000 000000010de58000 0000000104db5940 0000000000000000
[mtlr]   out: 0000007700000000 0000000000004000 0000000041373ecc 000000000001bc94
[mtlr] resource2 sel8 flags 470 sz 0x1000 -> kr 0x00000000 rid 119 GPUVA 0x10002490000 cpu 10de58000
[mtlr]   out: 0000010002490000 000000010de58000 0000000104db5940 0000000000000000
[mtlr]   out: 0000007700000000 0000000000004000 0000000041373ecd 000000000001bc95
[mtlr] resource2 sel8 flags 470 sz 0x1000 -> kr 0x00000000 rid 119 GPUVA 0x10002490000 cpu 10de58000
[mtlr]   out: 0000010002490000 000000010de58000 0000000104db5940 0000000000000000
[mtlr]   out: 0000007700000000 0000000000004000 0000000041373ece 000000000001bc96
[mtlr] resource2 sel8 flags 470 sz 0x1000 -> kr 0x00000000 rid 119 GPUVA 0x10002490000 cpu 10de58000
[mtlr]   out: 0000010002490000 000000010de58000 0000000104db5940 0000000000000000
[mtlr]   out: 0000007700000000 0000000000004000 0000000041373ecf 000000000001bc97
[mtlr] resource2 sel8 flags 470 sz 0x1000 -> kr 0x00000000 rid 119 GPUVA 0x10002490000 cpu 10de58000
[mtlr]   out: 0000010002490000 000000010de58000 0000000104db5940 0000000000000000
[mtlr]   out: 0000007700000000 0000000000004000 0000000041373ed0 000000000001bc98
[mtlr] resource2 sel8 flags 470 sz 0x1000 -> kr 0x00000000 rid 119 GPUVA 0x10002490000 cpu 10de58000
[mtlr]   out: 0000010002490000 000000010de58000 0000000104db5940 0000000000000000
[mtlr]   out: 0000007700000000 0000000000004000 0000000041373ed1 000000000001bc99
[mtlr] resource2 sel8 flags 470 sz 0x1000 -> kr 0x00000000 rid 119 GPUVA 0x10002490000 cpu 10de58000
[mtlr]   out: 0000010002490000 000000010de58000 0000000104db5940 0000000000000000
[mtlr]   out: 0000007700000000 0000000000004000 0000000041373ed2 000000000001bc9a
[mtlr] resource2 sel8 flags 470 sz 0x1000 -> kr 0x00000000 rid 119 GPUVA 0x10002490000 cpu 10de58000
[mtlr]   out: 0000010002490000 000000010de58000 0000000104db5940 0000000000000000
[mtlr]   out: 0000007700000000 0000000000004000 0000000041373ed3 000000000001bc9b
[mtlr] resource2 sel8 flags 470 sz 0x1000 -> kr 0x00000000 rid 119 GPUVA 0x10002490000 cpu 10de58000
[mtlr]   out: 0000010002490000 000000010de58000 0000000104db5940 0000000000000000
[mtlr]   out: 0000007700000000 0000000000004000 0000000041373ed4 000000000001bc9c
[mtlr] resource2 sel8 flags 470 sz 0x1000 -> kr 0x00000000 rid 119 GPUVA 0x10002490000 cpu 10de58000
[mtlr]   out: 0000010002490000 000000010de58000 0000000104db5940 0000000000000000
[mtlr]   out: 0000007700000000 0000000000004000 0000000041373ed5 000000000001bc9d
[mtlr] resource2 sel8 flags 470 sz 0x1000 -> kr 0x00000000 rid 119 GPUVA 0x10002490000 cpu 10de58000
[mtlr]   out: 0000010002490000 000000010de58000 0000000104db5940 0000000000000000
[mtlr]   out: 0000007700000000 0000000000004000 0000000041373ed6 000000000001bc9e
[mtlr] resource2 sel8 flags 470 sz 0x1000 -> kr 0x00000000 rid 119 GPUVA 0x10002490000 cpu 10de58000
[mtlr]   out: 0000010002490000 000000010de58000 0000000104db5940 0000000000000000
[mtlr]   out: 0000007700000000 0000000000004000 0000000041373ed7 000000000001bc9f
[mtlr] resource2 sel8 flags 470 sz 0x1000 -> kr 0x00000000 rid 119 GPUVA 0x10002490000 cpu 10de58000
[mtlr]   out: 0000010002490000 000000010de58000 0000000104db5940 0000000000000000
[mtlr]   out: 0000007700000000 0000000000004000 0000000041373ed8 000000000001bca0
[mtlr] resource2 sel8 flags 470 sz 0x1000 -> kr 0x00000000 rid 119 GPUVA 0x10002490000 cpu 10de58000
[mtlr]   out: 0000010002490000 000000010de58000 0000000104db5940 0000000000000000
[mtlr]   out: 0000007700000000 0000000000004000 0000000041373ed9 000000000001bca1
[mtlr] resource2 sel8 flags 470 sz 0x1000 -> kr 0x00000000 rid 119 GPUVA 0x10002490000 cpu 10de58000
[mtlr]   out: 0000010002490000 000000010de58000 0000000104db5940 0000000000000000
[mtlr]   out: 0000007700000000 0000000000004000 0000000041373eda 000000000001bca2
[mtlr] resource2 sel8 flags 470 sz 0x1000 -> kr 0x00000000 rid 119 GPUVA 0x10002490000 cpu 10de58000
[mtlr]   out: 0000010002490000 000000010de58000 0000000104db5940 0000000000000000
[mtlr]   out: 0000007700000000 0000000000004000 0000000041373edb 000000000001bca3
[mtlr] resource2 sel8 flags 470 sz 0x1000 -> kr 0x00000000 rid 119 GPUVA 0x10002490000 cpu 10de58000
[mtlr]   out: 0000010002490000 000000010de58000 0000000104db5940 0000000000000000
[mtlr]   out: 0000007700000000 0000000000004000 0000000041373edc 000000000001bca4
[mtlr] resource2 sel8 flags 470 sz 0x1000 -> kr 0x00000000 rid 119 GPUVA 0x10002490000 cpu 10de58000
[mtlr]   out: 0000010002490000 000000010de58000 0000000104db5940 0000000000000000
[mtlr]   out: 0000007700000000 0000000000004000 0000000041373edd 000000000001bca5
[mtlr] resource2 sel8 flags 470 sz 0x1000 -> kr 0x00000000 rid 119 GPUVA 0x10002490000 cpu 10de58000
[mtlr]   out: 0000010002490000 000000010de58000 0000000104db5940 0000000000000000
[mtlr]   out: 0000007700000000 0000000000004000 0000000041373ede 000000000001bca6
[mtlr] resource2 sel8 flags 470 sz 0x1000 -> kr 0x00000000 rid 119 GPUVA 0x10002490000 cpu 10de58000
[mtlr]   out: 0000010002490000 000000010de58000 0000000104db5940 0000000000000000
[mtlr]   out: 0000007700000000 0000000000004000 0000000041373edf 000000000001bca7
[mtlr] resource2 sel8 flags 470 sz 0x1000 -> kr 0x00000000 rid 119 GPUVA 0x10002490000 cpu 10de58000
[mtlr]   out: 0000010002490000 000000010de58000 0000000104db5940 0000000000000000
[mtlr]   out: 0000007700000000 0000000000004000 0000000041373ee0 000000000001bca8
[mtlr] resource2 sel8 flags 470 sz 0x1000 -> kr 0x00000000 rid 119 GPUVA 0x10002490000 cpu 10de58000
[mtlr]   out: 0000010002490000 000000010de58000 0000000104db5940 0000000000000000
[mtlr]   out: 0000007700000000 0000000000004000 0000000041373ee1 000000000001bca9
[mtlr] resource2 sel8 flags 470 sz 0x1000 -> kr 0x00000000 rid 119 GPUVA 0x10002490000 cpu 10de58000
[mtlr]   out: 0000010002490000 000000010de58000 0000000104db5940 0000000000000000
[mtlr]   out: 0000007700000000 0000000000004000 0000000041373ee2 000000000001bcaa
[mtlr] resource2 sel8 flags 470 sz 0x1000 -> kr 0x00000000 rid 119 GPUVA 0x10002490000 cpu 10de58000
[mtlr]   out: 0000010002490000 000000010de58000 0000000104db5940 0000000000000000
[mtlr]   out: 0000007700000000 0000000000004000 0000000041373ee3 000000000001bcab
[mtlr] resource2 sel8 flags 470 sz 0x1000 -> kr 0x00000000 rid 119 GPUVA 0x10002490000 cpu 10de58000
[mtlr]   out: 0000010002490000 000000010de58000 0000000104db5940 0000000000000000
[mtlr]   out: 0000007700000000 0000000000004000 0000000041373ee4 000000000001bcac
[mtlr] resource2 sel8 flags 470 sz 0x1000 -> kr 0x00000000 rid 119 GPUVA 0x10002490000 cpu 10de58000
[mtlr]   out: 0000010002490000 000000010de58000 0000000104db5940 0000000000000000
[mtlr]   out: 0000007700000000 0000000000004000 0000000041373ee5 000000000001bcad
[mtlr] resource2 sel8 flags 470 sz 0x1000 -> kr 0x00000000 rid 119 GPUVA 0x10002490000 cpu 10de58000
[mtlr]   out: 0000010002490000 000000010de58000 0000000104db5940 0000000000000000
[mtlr]   out: 0000007700000000 0000000000004000 0000000041373ee6 000000000001bcae
[mtlr] resource2 sel8 flags 470 sz 0x1000 -> kr 0x00000000 rid 119 GPUVA 0x10002490000 cpu 10de58000
[mtlr]   out: 0000010002490000 000000010de58000 0000000104db5940 0000000000000000
[mtlr]   out: 0000007700000000 0000000000004000 0000000041373ee7 000000000001bcaf
[uatrec] S4 r11 (+0s): nvv 8 ncb 8 vsz 0x100000 fill 0x1000000000 destroy0 kr 0x00000000 nj 40
[uatrec] S4 r11 blit[0] slots 7 ridp 1
[uatrec] S4 r11 blit[1] slots 8 ridp 1
[uatrec] S4 r11 blit[2] slots 7 ridp 1
[uatrec] S4 r11 blit[3] slots 7 ridp 1
[uatrec] S4 r11 blit[4] slots 7 ridp 1
[uatrec] S4 r11 blit[5] slots 7 ridp 1
[uatrec] S4 r11 blit[6] slots 7 ridp 1
[uatrec] S4 r11 blit[7] slots 7 ridp 1
[mtlr] resource2 sel8 flags 470 sz 0x100000 -> kr 0x00000000 rid 119 GPUVA 0x10002490000 cpu 10e544000
[mtlr]   out: 0000010002490000 000000010e544000 0000000104db5940 0000000000000000
[mtlr]   out: 0000007700000000 0000000000100000 0000000041373eff 000000000001bcb2
[uatrec] S4 r12 victim[0] rid 119 gpuva 0x10002490000 cpu 0x10e544000 (top-of-stack)
[mtlr] resource2 sel8 flags 470 sz 0x100000 -> kr 0x00000000 rid 120 GPUVA 0x10002598000 cpu 10e6b4000
[mtlr]   out: 0000010002598000 000000010e6b4000 0000000104db5a00 0000000000000000
[mtlr]   out: 0000007800000000 0000000000100000 0000000041373f00 000000000001bcb3
[uatrec] S4 r12 victim[1] rid 120 gpuva 0x10002598000 cpu 0x10e6b4000 (top-of-stack)
[mtlr] resource2 sel8 flags 470 sz 0x100000 -> kr 0x00000000 rid 121 GPUVA 0x100026a0000 cpu 10ec28000
[mtlr]   out: 00000100026a0000 000000010ec28000 0000000104db5ac0 0000000000000000
[mtlr]   out: 0000007900000000 0000000000100000 0000000041373f01 000000000001bcb4
[uatrec] S4 r12 victim[2] rid 121 gpuva 0x100026a0000 cpu 0x10ec28000 (top-of-stack)
[mtlr] resource2 sel8 flags 470 sz 0x100000 -> kr 0x00000000 rid 122 GPUVA 0x100027a8000 cpu 10ed94000
[mtlr]   out: 00000100027a8000 000000010ed94000 0000000104db5b80 0000000000000000
[mtlr]   out: 0000007a00000000 0000000000100000 0000000041373f02 000000000001bcb5
[uatrec] S4 r12 victim[3] rid 122 gpuva 0x100027a8000 cpu 0x10ed94000 (top-of-stack)
[mtlr] resource2 sel8 flags 470 sz 0x100000 -> kr 0x00000000 rid 123 GPUVA 0x100028b0000 cpu 10ee94000
[mtlr]   out: 00000100028b0000 000000010ee94000 0000000104db5c40 0000000000000000
[mtlr]   out: 0000007b00000000 0000000000100000 0000000041373f03 000000000001bcb6
[uatrec] S4 r12 victim[4] rid 123 gpuva 0x100028b0000 cpu 0x10ee94000 (top-of-stack)
[mtlr] resource2 sel8 flags 470 sz 0x100000 -> kr 0x00000000 rid 124 GPUVA 0x100029b8000 cpu 10ef94000
[mtlr]   out: 00000100029b8000 000000010ef94000 0000000104db5d00 0000000000000000
[mtlr]   out: 0000007c00000000 0000000000100000 0000000041373f04 000000000001bcb7
[uatrec] S4 r12 victim[5] rid 124 gpuva 0x100029b8000 cpu 0x10ef94000 (top-of-stack)
[mtlr] resource2 sel8 flags 470 sz 0x100000 -> kr 0x00000000 rid 125 GPUVA 0x10002ac0000 cpu 10d958000
[mtlr]   out: 0000010002ac0000 000000010d958000 0000000104db5dc0 0000000000000000
[mtlr]   out: 0000007d00000000 0000000000100000 0000000041373f05 000000000001bcb8
[uatrec] S4 r12 victim[6] rid 125 gpuva 0x10002ac0000 cpu 0x10d958000 (top-of-stack)
[mtlr] resource2 sel8 flags 470 sz 0x100000 -> kr 0x00000000 rid 126 GPUVA 0x10002bc8000 cpu 10da58000
[mtlr]   out: 0000010002bc8000 000000010da58000 0000000104db5e80 0000000000000000
[mtlr]   out: 0000007e00000000 0000000000100000 0000000041373f06 000000000001bcb9
[uatrec] S4 r12 victim[7] rid 126 gpuva 0x10002bc8000 cpu 0x10da58000 (top-of-stack)
[mtlr] resource2 sel8 flags 470 sz 0x1000 -> kr 0x00000000 rid 119 GPUVA 0x10002490000 cpu 10de58000
[mtlr]   out: 0000010002490000 000000010de58000 0000000104db5940 0000000000000000
[mtlr]   out: 0000007700000000 0000000000004000 0000000041373f24 000000000001bcc3
[mtlr] resource2 sel8 flags 470 sz 0x1000 -> kr 0x00000000 rid 119 GPUVA 0x10002490000 cpu 10de58000
[mtlr]   out: 0000010002490000 000000010de58000 0000000104db5940 0000000000000000
[mtlr]   out: 0000007700000000 0000000000004000 0000000041373f25 000000000001bcc4
[mtlr] resource2 sel8 flags 470 sz 0x1000 -> kr 0x00000000 rid 119 GPUVA 0x10002490000 cpu 10de58000
[mtlr]   out: 0000010002490000 000000010de58000 0000000104db5940 0000000000000000
[mtlr]   out: 0000007700000000 0000000000004000 0000000041373f26 000000000001bcc5
[mtlr] resource2 sel8 flags 470 sz 0x1000 -> kr 0x00000000 rid 119 GPUVA 0x10002490000 cpu 10de58000
[mtlr]   out: 0000010002490000 000000010de58000 0000000104db5940 0000000000000000
[mtlr]   out: 0000007700000000 0000000000004000 0000000041373f27 000000000001bcc6
[mtlr] resource2 sel8 flags 470 sz 0x1000 -> kr 0x00000000 rid 119 GPUVA 0x10002490000 cpu 10de58000
[mtlr]   out: 0000010002490000 000000010de58000 0000000104db5940 0000000000000000
[mtlr]   out: 0000007700000000 0000000000004000 0000000041373f28 000000000001bcc7
[mtlr] resource2 sel8 flags 470 sz 0x1000 -> kr 0x00000000 rid 119 GPUVA 0x10002490000 cpu 10de58000
[mtlr]   out: 0000010002490000 000000010de58000 0000000104db5940 0000000000000000
[mtlr]   out: 0000007700000000 0000000000004000 0000000041373f29 000000000001bcc8
[mtlr] resource2 sel8 flags 470 sz 0x1000 -> kr 0x00000000 rid 119 GPUVA 0x10002490000 cpu 10de58000
[mtlr]   out: 0000010002490000 000000010de58000 0000000104db5940 0000000000000000
[mtlr]   out: 0000007700000000 0000000000004000 0000000041373f2a 000000000001bcc9
[mtlr] resource2 sel8 flags 470 sz 0x1000 -> kr 0x00000000 rid 119 GPUVA 0x10002490000 cpu 10de58000
[mtlr]   out: 0000010002490000 000000010de58000 0000000104db5940 0000000000000000
[mtlr]   out: 0000007700000000 0000000000004000 0000000041373f2b 000000000001bcca
[mtlr] resource2 sel8 flags 470 sz 0x1000 -> kr 0x00000000 rid 119 GPUVA 0x10002490000 cpu 10de58000
[mtlr]   out: 0000010002490000 000000010de58000 0000000104db5940 0000000000000000
[mtlr]   out: 0000007700000000 0000000000004000 0000000041373f2c 000000000001bccb
[mtlr] resource2 sel8 flags 470 sz 0x1000 -> kr 0x00000000 rid 119 GPUVA 0x10002490000 cpu 10de58000
[mtlr]   out: 0000010002490000 000000010de58000 0000000104db5940 0000000000000000
[mtlr]   out: 0000007700000000 0000000000004000 0000000041373f2d 000000000001bccc
[mtlr] resource2 sel8 flags 470 sz 0x1000 -> kr 0x00000000 rid 119 GPUVA 0x10002490000 cpu 10de58000
[mtlr]   out: 0000010002490000 000000010de58000 0000000104db5940 0000000000000000
[mtlr]   out: 0000007700000000 0000000000004000 0000000041373f2e 000000000001bccd
[mtlr] resource2 sel8 flags 470 sz 0x1000 -> kr 0x00000000 rid 119 GPUVA 0x10002490000 cpu 10de58000
[mtlr]   out: 0000010002490000 000000010de58000 0000000104db5940 0000000000000000
[mtlr]   out: 0000007700000000 0000000000004000 0000000041373f2f 000000000001bcce
[mtlr] resource2 sel8 flags 470 sz 0x1000 -> kr 0x00000000 rid 119 GPUVA 0x10002490000 cpu 10de58000
[mtlr]   out: 0000010002490000 000000010de58000 0000000104db5940 0000000000000000
[mtlr]   out: 0000007700000000 0000000000004000 0000000041373f30 000000000001bccf
[mtlr] resource2 sel8 flags 470 sz 0x1000 -> kr 0x00000000 rid 119 GPUVA 0x10002490000 cpu 10de58000
[mtlr]   out: 0000010002490000 000000010de58000 0000000104db5940 0000000000000000
[mtlr]   out: 0000007700000000 0000000000004000 0000000041373f31 000000000001bcd0
[mtlr] resource2 sel8 flags 470 sz 0x1000 -> kr 0x00000000 rid 119 GPUVA 0x10002490000 cpu 10de58000
[mtlr]   out: 0000010002490000 000000010de58000 0000000104db5940 0000000000000000
[mtlr]   out: 0000007700000000 0000000000004000 0000000041373f32 000000000001bcd1
[mtlr] resource2 sel8 flags 470 sz 0x1000 -> kr 0x00000000 rid 119 GPUVA 0x10002490000 cpu 10de58000
[mtlr]   out: 0000010002490000 000000010de58000 0000000104db5940 0000000000000000
[mtlr]   out: 0000007700000000 0000000000004000 0000000041373f33 000000000001bcd2
[mtlr] resource2 sel8 flags 470 sz 0x1000 -> kr 0x00000000 rid 119 GPUVA 0x10002490000 cpu 10de58000
[mtlr]   out: 0000010002490000 000000010de58000 0000000104db5940 0000000000000000
[mtlr]   out: 0000007700000000 0000000000004000 0000000041373f34 000000000001bcd3
[mtlr] resource2 sel8 flags 470 sz 0x1000 -> kr 0x00000000 rid 119 GPUVA 0x10002490000 cpu 10de58000
[mtlr]   out: 0000010002490000 000000010de58000 0000000104db5940 0000000000000000
[mtlr]   out: 0000007700000000 0000000000004000 0000000041373f35 000000000001bcd4
[mtlr] resource2 sel8 flags 470 sz 0x1000 -> kr 0x00000000 rid 119 GPUVA 0x10002490000 cpu 10de58000
[mtlr]   out: 0000010002490000 000000010de58000 0000000104db5940 0000000000000000
[mtlr]   out: 0000007700000000 0000000000004000 0000000041373f36 000000000001bcd5
[mtlr] resource2 sel8 flags 470 sz 0x1000 -> kr 0x00000000 rid 119 GPUVA 0x10002490000 cpu 10de58000
[mtlr]   out: 0000010002490000 000000010de58000 0000000104db5940 0000000000000000
[mtlr]   out: 0000007700000000 0000000000004000 0000000041373f39 000000000001bcd6
[mtlr] resource2 sel8 flags 470 sz 0x1000 -> kr 0x00000000 rid 119 GPUVA 0x10002490000 cpu 10de58000
[mtlr]   out: 0000010002490000 000000010de58000 0000000104db5940 0000000000000000
[mtlr]   out: 0000007700000000 0000000000004000 0000000041373f3a 000000000001bcd7
[mtlr] resource2 sel8 flags 470 sz 0x1000 -> kr 0x00000000 rid 119 GPUVA 0x10002490000 cpu 10de58000
[mtlr]   out: 0000010002490000 000000010de58000 0000000104db5940 0000000000000000
[mtlr]   out: 0000007700000000 0000000000004000 0000000041373f3b 000000000001bcd8
[mtlr] resource2 sel8 flags 470 sz 0x1000 -> kr 0x00000000 rid 119 GPUVA 0x10002490000 cpu 10de58000
[mtlr]   out: 0000010002490000 000000010de58000 0000000104db5940 0000000000000000
[mtlr]   out: 0000007700000000 0000000000004000 0000000041373f3e 000000000001bcd9
[mtlr] resource2 sel8 flags 470 sz 0x1000 -> kr 0x00000000 rid 119 GPUVA 0x10002490000 cpu 10de58000
[mtlr]   out: 0000010002490000 000000010de58000 0000000104db5940 0000000000000000
[mtlr]   out: 0000007700000000 0000000000004000 0000000041373f41 000000000001bcda
[mtlr] resource2 sel8 flags 470 sz 0x1000 -> kr 0x00000000 rid 119 GPUVA 0x10002490000 cpu 10de58000
[mtlr]   out: 0000010002490000 000000010de58000 0000000104db5940 0000000000000000
[mtlr]   out: 0000007700000000 0000000000004000 0000000041373f42 000000000001bcdb
[mtlr] resource2 sel8 flags 470 sz 0x1000 -> kr 0x00000000 rid 119 GPUVA 0x10002490000 cpu 10de58000
[mtlr]   out: 0000010002490000 000000010de58000 0000000104db5940 0000000000000000
[mtlr]   out: 0000007700000000 0000000000004000 0000000041373f43 000000000001bcdc
[mtlr] resource2 sel8 flags 470 sz 0x1000 -> kr 0x00000000 rid 119 GPUVA 0x10002490000 cpu 10de58000
[mtlr]   out: 0000010002490000 000000010de58000 0000000104db5940 0000000000000000
[mtlr]   out: 0000007700000000 0000000000004000 0000000041373f44 000000000001bcdd
[mtlr] resource2 sel8 flags 470 sz 0x1000 -> kr 0x00000000 rid 119 GPUVA 0x10002490000 cpu 10de58000
[mtlr]   out: 0000010002490000 000000010de58000 0000000104db5940 0000000000000000
[mtlr]   out: 0000007700000000 0000000000004000 0000000041373f45 000000000001bcde
[mtlr] resource2 sel8 flags 470 sz 0x1000 -> kr 0x00000000 rid 119 GPUVA 0x10002490000 cpu 10de58000
[mtlr]   out: 0000010002490000 000000010de58000 0000000104db5940 0000000000000000
[mtlr]   out: 0000007700000000 0000000000004000 0000000041373f46 000000000001bcdf
[mtlr] resource2 sel8 flags 470 sz 0x1000 -> kr 0x00000000 rid 119 GPUVA 0x10002490000 cpu 10de58000
[mtlr]   out: 0000010002490000 000000010de58000 0000000104db5940 0000000000000000
[mtlr]   out: 0000007700000000 0000000000004000 0000000041373f47 000000000001bce0
[mtlr] resource2 sel8 flags 470 sz 0x1000 -> kr 0x00000000 rid 119 GPUVA 0x10002490000 cpu 10de58000
[mtlr]   out: 0000010002490000 000000010de58000 0000000104db5940 0000000000000000
[mtlr]   out: 0000007700000000 0000000000004000 0000000041373f48 000000000001bce1
[mtlr] resource2 sel8 flags 470 sz 0x1000 -> kr 0x00000000 rid 119 GPUVA 0x10002490000 cpu 10de58000
[mtlr]   out: 0000010002490000 000000010de58000 0000000104db5940 0000000000000000
[mtlr]   out: 0000007700000000 0000000000004000 0000000041373f49 000000000001bce2
[mtlr] resource2 sel8 flags 470 sz 0x1000 -> kr 0x00000000 rid 119 GPUVA 0x10002490000 cpu 10de58000
[mtlr]   out: 0000010002490000 000000010de58000 0000000104db5940 0000000000000000
[mtlr]   out: 0000007700000000 0000000000004000 0000000041373f4a 000000000001bce3
[mtlr] resource2 sel8 flags 470 sz 0x1000 -> kr 0x00000000 rid 119 GPUVA 0x10002490000 cpu 10de58000
[mtlr]   out: 0000010002490000 000000010de58000 0000000104db5940 0000000000000000
[mtlr]   out: 0000007700000000 0000000000004000 0000000041373f4b 000000000001bce4
[mtlr] resource2 sel8 flags 470 sz 0x1000 -> kr 0x00000000 rid 119 GPUVA 0x10002490000 cpu 10de58000
[mtlr]   out: 0000010002490000 000000010de58000 0000000104db5940 0000000000000000
[mtlr]   out: 0000007700000000 0000000000004000 0000000041373f4c 000000000001bce5
[mtlr] resource2 sel8 flags 470 sz 0x1000 -> kr 0x00000000 rid 119 GPUVA 0x10002490000 cpu 10de58000
[mtlr]   out: 0000010002490000 000000010de58000 0000000104db5940 0000000000000000
[mtlr]   out: 0000007700000000 0000000000004000 0000000041373f4d 000000000001bce6
[mtlr] resource2 sel8 flags 470 sz 0x1000 -> kr 0x00000000 rid 119 GPUVA 0x10002490000 cpu 10de58000
[mtlr]   out: 0000010002490000 000000010de58000 0000000104db5940 0000000000000000
[mtlr]   out: 0000007700000000 0000000000004000 0000000041373f4e 000000000001bce7
[mtlr] resource2 sel8 flags 470 sz 0x1000 -> kr 0x00000000 rid 119 GPUVA 0x10002490000 cpu 10de58000
[mtlr]   out: 0000010002490000 000000010de58000 0000000104db5940 0000000000000000
[mtlr]   out: 0000007700000000 0000000000004000 0000000041373f4f 000000000001bce8
[mtlr] resource2 sel8 flags 470 sz 0x1000 -> kr 0x00000000 rid 119 GPUVA 0x10002490000 cpu 10de58000
[mtlr]   out: 0000010002490000 000000010de58000 0000000104db5940 0000000000000000
[mtlr]   out: 0000007700000000 0000000000004000 0000000041373f50 000000000001bce9
[mtlr] resource2 sel8 flags 470 sz 0x1000 -> kr 0x00000000 rid 119 GPUVA 0x10002490000 cpu 10de58000
[mtlr]   out: 0000010002490000 000000010de58000 0000000104db5940 0000000000000000
[mtlr]   out: 0000007700000000 0000000000004000 0000000041373f51 000000000001bcea
[uatrec] S4 r12 (+0s): nvv 8 ncb 8 vsz 0x100000 fill 0x1000000000 destroy0 kr 0x00000000 nj 40
[uatrec] S4 r12 blit[0] slots 7 ridp 1
[uatrec] S4 r12 blit[1] slots 8 ridp 1
[uatrec] S4 r12 blit[2] slots 7 ridp 1
[uatrec] S4 r12 blit[3] slots 7 ridp 1
[uatrec] S4 r12 blit[4] slots 7 ridp 1
[uatrec] S4 r12 blit[5] slots 7 ridp 1
[uatrec] S4 r12 blit[6] slots 7 ridp 1
[uatrec] S4 r12 blit[7] slots 7 ridp 1
[mtlr] resource2 sel8 flags 470 sz 0x100000 -> kr 0x00000000 rid 119 GPUVA 0x10002490000 cpu 10dc58000
[mtlr]   out: 0000010002490000 000000010dc58000 0000000104db5940 0000000000000000
[mtlr]   out: 0000007700000000 0000000000100000 0000000041373f64 000000000001bced
[uatrec] S4 r13 victim[0] rid 119 gpuva 0x10002490000 cpu 0x10dc58000 (top-of-stack)
[mtlr] resource2 sel8 flags 470 sz 0x100000 -> kr 0x00000000 rid 120 GPUVA 0x10002598000 cpu 10dd58000
[mtlr]   out: 0000010002598000 000000010dd58000 0000000104db5a00 0000000000000000
[mtlr]   out: 0000007800000000 0000000000100000 0000000041373f65 000000000001bcee
[uatrec] S4 r13 victim[1] rid 120 gpuva 0x10002598000 cpu 0x10dd58000 (top-of-stack)
[mtlr] resource2 sel8 flags 470 sz 0x100000 -> kr 0x00000000 rid 121 GPUVA 0x100026a0000 cpu 10df54000
[mtlr]   out: 00000100026a0000 000000010df54000 0000000104db5ac0 0000000000000000
[mtlr]   out: 0000007900000000 0000000000100000 0000000041373f66 000000000001bcef
[uatrec] S4 r13 victim[2] rid 121 gpuva 0x100026a0000 cpu 0x10df54000 (top-of-stack)
[mtlr] resource2 sel8 flags 470 sz 0x100000 -> kr 0x00000000 rid 122 GPUVA 0x100027a8000 cpu 10e168000
[mtlr]   out: 00000100027a8000 000000010e168000 0000000104db5b80 0000000000000000
[mtlr]   out: 0000007a00000000 0000000000100000 0000000041373f67 000000000001bcf0
[uatrec] S4 r13 victim[3] rid 122 gpuva 0x100027a8000 cpu 0x10e168000 (top-of-stack)
[mtlr] resource2 sel8 flags 470 sz 0x100000 -> kr 0x00000000 rid 123 GPUVA 0x100028b0000 cpu 10e2d4000
[mtlr]   out: 00000100028b0000 000000010e2d4000 0000000104db5c40 0000000000000000
[mtlr]   out: 0000007b00000000 0000000000100000 0000000041373f68 000000000001bcf1
[uatrec] S4 r13 victim[4] rid 123 gpuva 0x100028b0000 cpu 0x10e2d4000 (top-of-stack)
[mtlr] resource2 sel8 flags 470 sz 0x100000 -> kr 0x00000000 rid 124 GPUVA 0x100029b8000 cpu 10e3d4000
[mtlr]   out: 00000100029b8000 000000010e3d4000 0000000104db5d00 0000000000000000
[mtlr]   out: 0000007c00000000 0000000000100000 0000000041373f69 000000000001bcf2
[uatrec] S4 r13 victim[5] rid 124 gpuva 0x100029b8000 cpu 0x10e3d4000 (top-of-stack)
[mtlr] resource2 sel8 flags 470 sz 0x100000 -> kr 0x00000000 rid 125 GPUVA 0x10002ac0000 cpu 10d958000
[mtlr]   out: 0000010002ac0000 000000010d958000 0000000104db5dc0 0000000000000000
[mtlr]   out: 0000007d00000000 0000000000100000 0000000041373f6a 000000000001bcf3
[uatrec] S4 r13 victim[6] rid 125 gpuva 0x10002ac0000 cpu 0x10d958000 (top-of-stack)
[mtlr] resource2 sel8 flags 470 sz 0x100000 -> kr 0x00000000 rid 126 GPUVA 0x10002bc8000 cpu 10da58000
[mtlr]   out: 0000010002bc8000 000000010da58000 0000000104db5e80 0000000000000000
[mtlr]   out: 0000007e00000000 0000000000100000 0000000041373f72 000000000001bcf4
[uatrec] S4 r13 victim[7] rid 126 gpuva 0x10002bc8000 cpu 0x10da58000 (top-of-stack)
[mtlr] resource2 sel8 flags 470 sz 0x1000 -> kr 0x00000000 rid 119 GPUVA 0x10002490000 cpu 10de58000
[mtlr]   out: 0000010002490000 000000010de58000 0000000104db5940 0000000000000000
[mtlr]   out: 0000007700000000 0000000000004000 0000000041373f89 000000000001bcfe
[mtlr] resource2 sel8 flags 470 sz 0x1000 -> kr 0x00000000 rid 119 GPUVA 0x10002490000 cpu 10de58000
[mtlr]   out: 0000010002490000 000000010de58000 0000000104db5940 0000000000000000
[mtlr]   out: 0000007700000000 0000000000004000 0000000041373f8a 000000000001bcff
[mtlr] resource2 sel8 flags 470 sz 0x1000 -> kr 0x00000000 rid 119 GPUVA 0x10002490000 cpu 10de58000
[mtlr]   out: 0000010002490000 000000010de58000 0000000104db5940 0000000000000000
[mtlr]   out: 0000007700000000 0000000000004000 0000000041373f8b 000000000001bd00
[mtlr] resource2 sel8 flags 470 sz 0x1000 -> kr 0x00000000 rid 119 GPUVA 0x10002490000 cpu 10de58000
[mtlr]   out: 0000010002490000 000000010de58000 0000000104db5940 0000000000000000
[mtlr]   out: 0000007700000000 0000000000004000 0000000041373f8c 000000000001bd01
[mtlr] resource2 sel8 flags 470 sz 0x1000 -> kr 0x00000000 rid 119 GPUVA 0x10002490000 cpu 10de58000
[mtlr]   out: 0000010002490000 000000010de58000 0000000104db5940 0000000000000000
[mtlr]   out: 0000007700000000 0000000000004000 0000000041373f8d 000000000001bd02
[mtlr] resource2 sel8 flags 470 sz 0x1000 -> kr 0x00000000 rid 119 GPUVA 0x10002490000 cpu 10de58000
[mtlr]   out: 0000010002490000 000000010de58000 0000000104db5940 0000000000000000
[mtlr]   out: 0000007700000000 0000000000004000 0000000041373f8e 000000000001bd03
[mtlr] resource2 sel8 flags 470 sz 0x1000 -> kr 0x00000000 rid 119 GPUVA 0x10002490000 cpu 10de58000
[mtlr]   out: 0000010002490000 000000010de58000 0000000104db5940 0000000000000000
[mtlr]   out: 0000007700000000 0000000000004000 0000000041373f8f 000000000001bd04
[mtlr] resource2 sel8 flags 470 sz 0x1000 -> kr 0x00000000 rid 119 GPUVA 0x10002490000 cpu 10de58000
[mtlr]   out: 0000010002490000 000000010de58000 0000000104db5940 0000000000000000
[mtlr]   out: 0000007700000000 0000000000004000 0000000041373f90 000000000001bd05
[mtlr] resource2 sel8 flags 470 sz 0x1000 -> kr 0x00000000 rid 119 GPUVA 0x10002490000 cpu 10de58000
[mtlr]   out: 0000010002490000 000000010de58000 0000000104db5940 0000000000000000
[mtlr]   out: 0000007700000000 0000000000004000 0000000041373f91 000000000001bd06
[mtlr] resource2 sel8 flags 470 sz 0x1000 -> kr 0x00000000 rid 119 GPUVA 0x10002490000 cpu 10de58000
[mtlr]   out: 0000010002490000 000000010de58000 0000000104db5940 0000000000000000
[mtlr]   out: 0000007700000000 0000000000004000 0000000041373f92 000000000001bd07
[mtlr] resource2 sel8 flags 470 sz 0x1000 -> kr 0x00000000 rid 119 GPUVA 0x10002490000 cpu 10de58000
[mtlr]   out: 0000010002490000 000000010de58000 0000000104db5940 0000000000000000
[mtlr]   out: 0000007700000000 0000000000004000 0000000041373f93 000000000001bd08
[mtlr] resource2 sel8 flags 470 sz 0x1000 -> kr 0x00000000 rid 119 GPUVA 0x10002490000 cpu 10de58000
[mtlr]   out: 0000010002490000 000000010de58000 0000000104db5940 0000000000000000
[mtlr]   out: 0000007700000000 0000000000004000 0000000041373f94 000000000001bd09
[mtlr] resource2 sel8 flags 470 sz 0x1000 -> kr 0x00000000 rid 119 GPUVA 0x10002490000 cpu 10de58000
[mtlr]   out: 0000010002490000 000000010de58000 0000000104db5940 0000000000000000
[mtlr]   out: 0000007700000000 0000000000004000 0000000041373f95 000000000001bd0a
[mtlr] resource2 sel8 flags 470 sz 0x1000 -> kr 0x00000000 rid 119 GPUVA 0x10002490000 cpu 10de58000
[mtlr]   out: 0000010002490000 000000010de58000 0000000104db5940 0000000000000000
[mtlr]   out: 0000007700000000 0000000000004000 0000000041373f96 000000000001bd0b
[mtlr] resource2 sel8 flags 470 sz 0x1000 -> kr 0x00000000 rid 119 GPUVA 0x10002490000 cpu 10de58000
[mtlr]   out: 0000010002490000 000000010de58000 0000000104db5940 0000000000000000
[mtlr]   out: 0000007700000000 0000000000004000 0000000041373f97 000000000001bd0c
[mtlr] resource2 sel8 flags 470 sz 0x1000 -> kr 0x00000000 rid 119 GPUVA 0x10002490000 cpu 10de58000
[mtlr]   out: 0000010002490000 000000010de58000 0000000104db5940 0000000000000000
[mtlr]   out: 0000007700000000 0000000000004000 0000000041373f98 000000000001bd0d
[mtlr] resource2 sel8 flags 470 sz 0x1000 -> kr 0x00000000 rid 119 GPUVA 0x10002490000 cpu 10de58000
[mtlr]   out: 0000010002490000 000000010de58000 0000000104db5940 0000000000000000
[mtlr]   out: 0000007700000000 0000000000004000 0000000041373f99 000000000001bd0e
[mtlr] resource2 sel8 flags 470 sz 0x1000 -> kr 0x00000000 rid 119 GPUVA 0x10002490000 cpu 10de58000
[mtlr]   out: 0000010002490000 000000010de58000 0000000104db5940 0000000000000000
[mtlr]   out: 0000007700000000 0000000000004000 0000000041373f9a 000000000001bd0f
[mtlr] resource2 sel8 flags 470 sz 0x1000 -> kr 0x00000000 rid 119 GPUVA 0x10002490000 cpu 10de58000
[mtlr]   out: 0000010002490000 000000010de58000 0000000104db5940 0000000000000000
[mtlr]   out: 0000007700000000 0000000000004000 0000000041373f9b 000000000001bd10
[mtlr] resource2 sel8 flags 470 sz 0x1000 -> kr 0x00000000 rid 119 GPUVA 0x10002490000 cpu 10de58000
[mtlr]   out: 0000010002490000 000000010de58000 0000000104db5940 0000000000000000
[mtlr]   out: 0000007700000000 0000000000004000 0000000041373f9c 000000000001bd11
[mtlr] resource2 sel8 flags 470 sz 0x1000 -> kr 0x00000000 rid 119 GPUVA 0x10002490000 cpu 10de58000
[mtlr]   out: 0000010002490000 000000010de58000 0000000104db5940 0000000000000000
[mtlr]   out: 0000007700000000 0000000000004000 0000000041373f9d 000000000001bd12
[mtlr] resource2 sel8 flags 470 sz 0x1000 -> kr 0x00000000 rid 119 GPUVA 0x10002490000 cpu 10de58000
[mtlr]   out: 0000010002490000 000000010de58000 0000000104db5940 0000000000000000
[mtlr]   out: 0000007700000000 0000000000004000 0000000041373f9e 000000000001bd13
[mtlr] resource2 sel8 flags 470 sz 0x1000 -> kr 0x00000000 rid 119 GPUVA 0x10002490000 cpu 10de58000
[mtlr]   out: 0000010002490000 000000010de58000 0000000104db5940 0000000000000000
[mtlr]   out: 0000007700000000 0000000000004000 0000000041373f9f 000000000001bd14
[mtlr] resource2 sel8 flags 470 sz 0x1000 -> kr 0x00000000 rid 119 GPUVA 0x10002490000 cpu 10de58000
[mtlr]   out: 0000010002490000 000000010de58000 0000000104db5940 0000000000000000
[mtlr]   out: 0000007700000000 0000000000004000 0000000041373fa0 000000000001bd15
[mtlr] resource2 sel8 flags 470 sz 0x1000 -> kr 0x00000000 rid 119 GPUVA 0x10002490000 cpu 10de58000
[mtlr]   out: 0000010002490000 000000010de58000 0000000104db5940 0000000000000000
[mtlr]   out: 0000007700000000 0000000000004000 0000000041373fa1 000000000001bd16
[mtlr] resource2 sel8 flags 470 sz 0x1000 -> kr 0x00000000 rid 119 GPUVA 0x10002490000 cpu 10de58000
[mtlr]   out: 0000010002490000 000000010de58000 0000000104db5940 0000000000000000
[mtlr]   out: 0000007700000000 0000000000004000 0000000041373fa2 000000000001bd17
[mtlr] resource2 sel8 flags 470 sz 0x1000 -> kr 0x00000000 rid 119 GPUVA 0x10002490000 cpu 10de58000
[mtlr]   out: 0000010002490000 000000010de58000 0000000104db5940 0000000000000000
[mtlr]   out: 0000007700000000 0000000000004000 0000000041373fa3 000000000001bd18
[mtlr] resource2 sel8 flags 470 sz 0x1000 -> kr 0x00000000 rid 119 GPUVA 0x10002490000 cpu 10de58000
[mtlr]   out: 0000010002490000 000000010de58000 0000000104db5940 0000000000000000
[mtlr]   out: 0000007700000000 0000000000004000 0000000041373fa4 000000000001bd19
[mtlr] resource2 sel8 flags 470 sz 0x1000 -> kr 0x00000000 rid 119 GPUVA 0x10002490000 cpu 10de58000
[mtlr]   out: 0000010002490000 000000010de58000 0000000104db5940 0000000000000000
[mtlr]   out: 0000007700000000 0000000000004000 0000000041373fa5 000000000001bd1a
[mtlr] resource2 sel8 flags 470 sz 0x1000 -> kr 0x00000000 rid 119 GPUVA 0x10002490000 cpu 10de58000
[mtlr]   out: 0000010002490000 000000010de58000 0000000104db5940 0000000000000000
[mtlr]   out: 0000007700000000 0000000000004000 0000000041373fa8 000000000001bd1b
[mtlr] resource2 sel8 flags 470 sz 0x1000 -> kr 0x00000000 rid 119 GPUVA 0x10002490000 cpu 10de58000
[mtlr]   out: 0000010002490000 000000010de58000 0000000104db5940 0000000000000000
[mtlr]   out: 0000007700000000 0000000000004000 0000000041373fa9 000000000001bd1c
[mtlr] resource2 sel8 flags 470 sz 0x1000 -> kr 0x00000000 rid 119 GPUVA 0x10002490000 cpu 10de58000
[mtlr]   out: 0000010002490000 000000010de58000 0000000104db5940 0000000000000000
[mtlr]   out: 0000007700000000 0000000000004000 0000000041373fac 000000000001bd1d
[mtlr] resource2 sel8 flags 470 sz 0x1000 -> kr 0x00000000 rid 119 GPUVA 0x10002490000 cpu 10de58000
[mtlr]   out: 0000010002490000 000000010de58000 0000000104db5940 0000000000000000
[mtlr]   out: 0000007700000000 0000000000004000 0000000041373fae 000000000001bd1e
[mtlr] resource2 sel8 flags 470 sz 0x1000 -> kr 0x00000000 rid 119 GPUVA 0x10002490000 cpu 10de58000
[mtlr]   out: 0000010002490000 000000010de58000 0000000104db5940 0000000000000000
[mtlr]   out: 0000007700000000 0000000000004000 0000000041373faf 000000000001bd1f
[mtlr] resource2 sel8 flags 470 sz 0x1000 -> kr 0x00000000 rid 119 GPUVA 0x10002490000 cpu 10de58000
[mtlr]   out: 0000010002490000 000000010de58000 0000000104db5940 0000000000000000
[mtlr]   out: 0000007700000000 0000000000004000 0000000041373fb0 000000000001bd20
[mtlr] resource2 sel8 flags 470 sz 0x1000 -> kr 0x00000000 rid 119 GPUVA 0x10002490000 cpu 10de58000
[mtlr]   out: 0000010002490000 000000010de58000 0000000104db5940 0000000000000000
[mtlr]   out: 0000007700000000 0000000000004000 0000000041373fb1 000000000001bd21
[mtlr] resource2 sel8 flags 470 sz 0x1000 -> kr 0x00000000 rid 119 GPUVA 0x10002490000 cpu 10de58000
[mtlr]   out: 0000010002490000 000000010de58000 0000000104db5940 0000000000000000
[mtlr]   out: 0000007700000000 0000000000004000 0000000041373fb2 000000000001bd22
[mtlr] resource2 sel8 flags 470 sz 0x1000 -> kr 0x00000000 rid 119 GPUVA 0x10002490000 cpu 10de58000
[mtlr]   out: 0000010002490000 000000010de58000 0000000104db5940 0000000000000000
[mtlr]   out: 0000007700000000 0000000000004000 0000000041373fb3 000000000001bd23
[mtlr] resource2 sel8 flags 470 sz 0x1000 -> kr 0x00000000 rid 119 GPUVA 0x10002490000 cpu 10de58000
[mtlr]   out: 0000010002490000 000000010de58000 0000000104db5940 0000000000000000
[mtlr]   out: 0000007700000000 0000000000004000 0000000041373fb4 000000000001bd24
[mtlr] resource2 sel8 flags 470 sz 0x1000 -> kr 0x00000000 rid 119 GPUVA 0x10002490000 cpu 10de58000
[mtlr]   out: 0000010002490000 000000010de58000 0000000104db5940 0000000000000000
[mtlr]   out: 0000007700000000 0000000000004000 0000000041373fb5 000000000001bd25
[uatrec] S4 r13 (+1s): nvv 8 ncb 8 vsz 0x100000 fill 0x1000000000 destroy0 kr 0x00000000 nj 40
[uatrec] S4 r13 blit[0] slots 7 ridp 1
[uatrec] S4 r13 blit[1] slots 7 ridp 1
[uatrec] S4 r13 blit[2] slots 7 ridp 1
[uatrec] S4 r13 blit[3] slots 7 ridp 1
[uatrec] S4 r13 blit[4] slots 7 ridp 1
[uatrec] S4 r13 blit[5] slots 7 ridp 1
[uatrec] S4 r13 blit[6] slots 7 ridp 1
[uatrec] S4 r13 blit[7] slots 7 ridp 1
[mtlr] resource2 sel8 flags 470 sz 0x100000 -> kr 0x00000000 rid 119 GPUVA 0x10002490000 cpu 10d958000
[mtlr]   out: 0000010002490000 000000010d958000 0000000104db5940 0000000000000000
[mtlr]   out: 0000007700000000 0000000000100000 0000000041373fc8 000000000001bd28
[uatrec] S4 r14 victim[0] rid 119 gpuva 0x10002490000 cpu 0x10d958000 (top-of-stack)
[mtlr] resource2 sel8 flags 470 sz 0x100000 -> kr 0x00000000 rid 120 GPUVA 0x10002598000 cpu 10da58000
[mtlr]   out: 0000010002598000 000000010da58000 0000000104db5a00 0000000000000000
[mtlr]   out: 0000007800000000 0000000000100000 0000000041373fc9 000000000001bd29
[uatrec] S4 r14 victim[1] rid 120 gpuva 0x10002598000 cpu 0x10da58000 (top-of-stack)
[mtlr] resource2 sel8 flags 470 sz 0x100000 -> kr 0x00000000 rid 121 GPUVA 0x100026a0000 cpu 10db58000
[mtlr]   out: 00000100026a0000 000000010db58000 0000000104db5ac0 0000000000000000
[mtlr]   out: 0000007900000000 0000000000100000 0000000041373fca 000000000001bd2a
[uatrec] S4 r14 victim[2] rid 121 gpuva 0x100026a0000 cpu 0x10db58000 (top-of-stack)
[mtlr] resource2 sel8 flags 470 sz 0x100000 -> kr 0x00000000 rid 122 GPUVA 0x100027a8000 cpu 10dc58000
[mtlr]   out: 00000100027a8000 000000010dc58000 0000000104db5b80 0000000000000000
[mtlr]   out: 0000007a00000000 0000000000100000 0000000041373fcb 000000000001bd2b
[uatrec] S4 r14 victim[3] rid 122 gpuva 0x100027a8000 cpu 0x10dc58000 (top-of-stack)
[mtlr] resource2 sel8 flags 470 sz 0x100000 -> kr 0x00000000 rid 123 GPUVA 0x100028b0000 cpu 10dd58000
[mtlr]   out: 00000100028b0000 000000010dd58000 0000000104db5c40 0000000000000000
[mtlr]   out: 0000007b00000000 0000000000100000 0000000041373fcc 000000000001bd2c
[uatrec] S4 r14 victim[4] rid 123 gpuva 0x100028b0000 cpu 0x10dd58000 (top-of-stack)
[mtlr] resource2 sel8 flags 470 sz 0x100000 -> kr 0x00000000 rid 124 GPUVA 0x100029b8000 cpu 10df54000
[mtlr]   out: 00000100029b8000 000000010df54000 0000000104db5d00 0000000000000000
[mtlr]   out: 0000007c00000000 0000000000100000 0000000041373fd4 000000000001bd2d
[uatrec] S4 r14 victim[5] rid 124 gpuva 0x100029b8000 cpu 0x10df54000 (top-of-stack)
[mtlr] resource2 sel8 flags 470 sz 0x100000 -> kr 0x00000000 rid 125 GPUVA 0x10002ac0000 cpu 10e168000
[mtlr]   out: 0000010002ac0000 000000010e168000 0000000104db5dc0 0000000000000000
[mtlr]   out: 0000007d00000000 0000000000100000 0000000041373fd5 000000000001bd2e
[uatrec] S4 r14 victim[6] rid 125 gpuva 0x10002ac0000 cpu 0x10e168000 (top-of-stack)
[mtlr] resource2 sel8 flags 470 sz 0x100000 -> kr 0x00000000 rid 126 GPUVA 0x10002bc8000 cpu 10e2d4000
[mtlr]   out: 0000010002bc8000 000000010e2d4000 0000000104db5e80 0000000000000000
[mtlr]   out: 0000007e00000000 0000000000100000 0000000041373fd6 000000000001bd2f
[uatrec] S4 r14 victim[7] rid 126 gpuva 0x10002bc8000 cpu 0x10e2d4000 (top-of-stack)
[mtlr] resource2 sel8 flags 470 sz 0x1000 -> kr 0x00000000 rid 119 GPUVA 0x10002490000 cpu 10de58000
[mtlr]   out: 0000010002490000 000000010de58000 0000000104db5940 0000000000000000
[mtlr]   out: 0000007700000000 0000000000004000 0000000041373fed 000000000001bd39
[mtlr] resource2 sel8 flags 470 sz 0x1000 -> kr 0x00000000 rid 119 GPUVA 0x10002490000 cpu 10de58000
[mtlr]   out: 0000010002490000 000000010de58000 0000000104db5940 0000000000000000
[mtlr]   out: 0000007700000000 0000000000004000 0000000041373fee 000000000001bd3a
[mtlr] resource2 sel8 flags 470 sz 0x1000 -> kr 0x00000000 rid 119 GPUVA 0x10002490000 cpu 10de58000
[mtlr]   out: 0000010002490000 000000010de58000 0000000104db5940 0000000000000000
[mtlr]   out: 0000007700000000 0000000000004000 0000000041373fef 000000000001bd3b
[mtlr] resource2 sel8 flags 470 sz 0x1000 -> kr 0x00000000 rid 119 GPUVA 0x10002490000 cpu 10de58000
[mtlr]   out: 0000010002490000 000000010de58000 0000000104db5940 0000000000000000
[mtlr]   out: 0000007700000000 0000000000004000 0000000041373ff0 000000000001bd3c
[mtlr] resource2 sel8 flags 470 sz 0x1000 -> kr 0x00000000 rid 119 GPUVA 0x10002490000 cpu 10de58000
[mtlr]   out: 0000010002490000 000000010de58000 0000000104db5940 0000000000000000
[mtlr]   out: 0000007700000000 0000000000004000 0000000041373ff1 000000000001bd3d
[mtlr] resource2 sel8 flags 470 sz 0x1000 -> kr 0x00000000 rid 119 GPUVA 0x10002490000 cpu 10de58000
[mtlr]   out: 0000010002490000 000000010de58000 0000000104db5940 0000000000000000
[mtlr]   out: 0000007700000000 0000000000004000 0000000041373ff2 000000000001bd3e
[mtlr] resource2 sel8 flags 470 sz 0x1000 -> kr 0x00000000 rid 119 GPUVA 0x10002490000 cpu 10de58000
[mtlr]   out: 0000010002490000 000000010de58000 0000000104db5940 0000000000000000
[mtlr]   out: 0000007700000000 0000000000004000 0000000041373ff3 000000000001bd3f
[mtlr] resource2 sel8 flags 470 sz 0x1000 -> kr 0x00000000 rid 119 GPUVA 0x10002490000 cpu 10de58000
[mtlr]   out: 0000010002490000 000000010de58000 0000000104db5940 0000000000000000
[mtlr]   out: 0000007700000000 0000000000004000 0000000041373ff4 000000000001bd40
[mtlr] resource2 sel8 flags 470 sz 0x1000 -> kr 0x00000000 rid 119 GPUVA 0x10002490000 cpu 10de58000
[mtlr]   out: 0000010002490000 000000010de58000 0000000104db5940 0000000000000000
[mtlr]   out: 0000007700000000 0000000000004000 0000000041373ff5 000000000001bd41
[mtlr] resource2 sel8 flags 470 sz 0x1000 -> kr 0x00000000 rid 119 GPUVA 0x10002490000 cpu 10de58000
[mtlr]   out: 0000010002490000 000000010de58000 0000000104db5940 0000000000000000
[mtlr]   out: 0000007700000000 0000000000004000 0000000041373ff6 000000000001bd42
[mtlr] resource2 sel8 flags 470 sz 0x1000 -> kr 0x00000000 rid 119 GPUVA 0x10002490000 cpu 10de58000
[mtlr]   out: 0000010002490000 000000010de58000 0000000104db5940 0000000000000000
[mtlr]   out: 0000007700000000 0000000000004000 0000000041373ff7 000000000001bd43
[mtlr] resource2 sel8 flags 470 sz 0x1000 -> kr 0x00000000 rid 119 GPUVA 0x10002490000 cpu 10de58000
[mtlr]   out: 0000010002490000 000000010de58000 0000000104db5940 0000000000000000
[mtlr]   out: 0000007700000000 0000000000004000 0000000041373ff8 000000000001bd44
[mtlr] resource2 sel8 flags 470 sz 0x1000 -> kr 0x00000000 rid 119 GPUVA 0x10002490000 cpu 10de58000
[mtlr]   out: 0000010002490000 000000010de58000 0000000104db5940 0000000000000000
[mtlr]   out: 0000007700000000 0000000000004000 0000000041373ff9 000000000001bd45
[mtlr] resource2 sel8 flags 470 sz 0x1000 -> kr 0x00000000 rid 119 GPUVA 0x10002490000 cpu 10de58000
[mtlr]   out: 0000010002490000 000000010de58000 0000000104db5940 0000000000000000
[mtlr]   out: 0000007700000000 0000000000004000 0000000041373ffa 000000000001bd46
[mtlr] resource2 sel8 flags 470 sz 0x1000 -> kr 0x00000000 rid 119 GPUVA 0x10002490000 cpu 10de58000
[mtlr]   out: 0000010002490000 000000010de58000 0000000104db5940 0000000000000000
[mtlr]   out: 0000007700000000 0000000000004000 0000000041373ffb 000000000001bd47
[mtlr] resource2 sel8 flags 470 sz 0x1000 -> kr 0x00000000 rid 119 GPUVA 0x10002490000 cpu 10de58000
[mtlr]   out: 0000010002490000 000000010de58000 0000000104db5940 0000000000000000
[mtlr]   out: 0000007700000000 0000000000004000 0000000041373ffc 000000000001bd48
[mtlr] resource2 sel8 flags 470 sz 0x1000 -> kr 0x00000000 rid 119 GPUVA 0x10002490000 cpu 10de58000
[mtlr]   out: 0000010002490000 000000010de58000 0000000104db5940 0000000000000000
[mtlr]   out: 0000007700000000 0000000000004000 0000000041373ffd 000000000001bd49
[mtlr] resource2 sel8 flags 470 sz 0x1000 -> kr 0x00000000 rid 119 GPUVA 0x10002490000 cpu 10de58000
[mtlr]   out: 0000010002490000 000000010de58000 0000000104db5940 0000000000000000
[mtlr]   out: 0000007700000000 0000000000004000 0000000041373ffe 000000000001bd4a
[mtlr] resource2 sel8 flags 470 sz 0x1000 -> kr 0x00000000 rid 119 GPUVA 0x10002490000 cpu 10de58000
[mtlr]   out: 0000010002490000 000000010de58000 0000000104db5940 0000000000000000
[mtlr]   out: 0000007700000000 0000000000004000 0000000041373fff 000000000001bd4b
[mtlr] resource2 sel8 flags 470 sz 0x1000 -> kr 0x00000000 rid 119 GPUVA 0x10002490000 cpu 10de58000
[mtlr]   out: 0000010002490000 000000010de58000 0000000104db5940 0000000000000000
[mtlr]   out: 0000007700000000 0000000000004000 0000000041374000 000000000001bd4c
[mtlr] resource2 sel8 flags 470 sz 0x1000 -> kr 0x00000000 rid 119 GPUVA 0x10002490000 cpu 10de58000
[mtlr]   out: 0000010002490000 000000010de58000 0000000104db5940 0000000000000000
[mtlr]   out: 0000007700000000 0000000000004000 0000000041374001 000000000001bd4d
[mtlr] resource2 sel8 flags 470 sz 0x1000 -> kr 0x00000000 rid 119 GPUVA 0x10002490000 cpu 10de58000
[mtlr]   out: 0000010002490000 000000010de58000 0000000104db5940 0000000000000000
[mtlr]   out: 0000007700000000 0000000000004000 0000000041374002 000000000001bd4e
[mtlr] resource2 sel8 flags 470 sz 0x1000 -> kr 0x00000000 rid 119 GPUVA 0x10002490000 cpu 10de58000
[mtlr]   out: 0000010002490000 000000010de58000 0000000104db5940 0000000000000000
[mtlr]   out: 0000007700000000 0000000000004000 0000000041374003 000000000001bd4f
[mtlr] resource2 sel8 flags 470 sz 0x1000 -> kr 0x00000000 rid 119 GPUVA 0x10002490000 cpu 10de58000
[mtlr]   out: 0000010002490000 000000010de58000 0000000104db5940 0000000000000000
[mtlr]   out: 0000007700000000 0000000000004000 0000000041374004 000000000001bd50
[mtlr] resource2 sel8 flags 470 sz 0x1000 -> kr 0x00000000 rid 119 GPUVA 0x10002490000 cpu 10de58000
[mtlr]   out: 0000010002490000 000000010de58000 0000000104db5940 0000000000000000
[mtlr]   out: 0000007700000000 0000000000004000 0000000041374005 000000000001bd51
[mtlr] resource2 sel8 flags 470 sz 0x1000 -> kr 0x00000000 rid 119 GPUVA 0x10002490000 cpu 10de58000
[mtlr]   out: 0000010002490000 000000010de58000 0000000104db5940 0000000000000000
[mtlr]   out: 0000007700000000 0000000000004000 0000000041374006 000000000001bd52
[mtlr] resource2 sel8 flags 470 sz 0x1000 -> kr 0x00000000 rid 119 GPUVA 0x10002490000 cpu 10de58000
[mtlr]   out: 0000010002490000 000000010de58000 0000000104db5940 0000000000000000
[mtlr]   out: 0000007700000000 0000000000004000 0000000041374007 000000000001bd53
[mtlr] resource2 sel8 flags 470 sz 0x1000 -> kr 0x00000000 rid 119 GPUVA 0x10002490000 cpu 10de58000
[mtlr]   out: 0000010002490000 000000010de58000 0000000104db5940 0000000000000000
[mtlr]   out: 0000007700000000 0000000000004000 0000000041374008 000000000001bd54
[mtlr] resource2 sel8 flags 470 sz 0x1000 -> kr 0x00000000 rid 119 GPUVA 0x10002490000 cpu 10de58000
[mtlr]   out: 0000010002490000 000000010de58000 0000000104db5940 0000000000000000
[mtlr]   out: 0000007700000000 0000000000004000 0000000041374009 000000000001bd55
[mtlr] resource2 sel8 flags 470 sz 0x1000 -> kr 0x00000000 rid 119 GPUVA 0x10002490000 cpu 10de58000
[mtlr]   out: 0000010002490000 000000010de58000 0000000104db5940 0000000000000000
[mtlr]   out: 0000007700000000 0000000000004000 000000004137400a 000000000001bd56
[mtlr] resource2 sel8 flags 470 sz 0x1000 -> kr 0x00000000 rid 119 GPUVA 0x10002490000 cpu 10de58000
[mtlr]   out: 0000010002490000 000000010de58000 0000000104db5940 0000000000000000
[mtlr]   out: 0000007700000000 0000000000004000 000000004137400b 000000000001bd57
[mtlr] resource2 sel8 flags 470 sz 0x1000 -> kr 0x00000000 rid 119 GPUVA 0x10002490000 cpu 10de58000
[mtlr]   out: 0000010002490000 000000010de58000 0000000104db5940 0000000000000000
[mtlr]   out: 0000007700000000 0000000000004000 000000004137400c 000000000001bd58
[mtlr] resource2 sel8 flags 470 sz 0x1000 -> kr 0x00000000 rid 119 GPUVA 0x10002490000 cpu 10de58000
[mtlr]   out: 0000010002490000 000000010de58000 0000000104db5940 0000000000000000
[mtlr]   out: 0000007700000000 0000000000004000 000000004137400d 000000000001bd59
[mtlr] resource2 sel8 flags 470 sz 0x1000 -> kr 0x00000000 rid 119 GPUVA 0x10002490000 cpu 10de58000
[mtlr]   out: 0000010002490000 000000010de58000 0000000104db5940 0000000000000000
[mtlr]   out: 0000007700000000 0000000000004000 000000004137400e 000000000001bd5a
[mtlr] resource2 sel8 flags 470 sz 0x1000 -> kr 0x00000000 rid 119 GPUVA 0x10002490000 cpu 10de58000
[mtlr]   out: 0000010002490000 000000010de58000 0000000104db5940 0000000000000000
[mtlr]   out: 0000007700000000 0000000000004000 000000004137400f 000000000001bd5b
[mtlr] resource2 sel8 flags 470 sz 0x1000 -> kr 0x00000000 rid 119 GPUVA 0x10002490000 cpu 10de58000
[mtlr]   out: 0000010002490000 000000010de58000 0000000104db5940 0000000000000000
[mtlr]   out: 0000007700000000 0000000000004000 0000000041374010 000000000001bd5c
[mtlr] resource2 sel8 flags 470 sz 0x1000 -> kr 0x00000000 rid 119 GPUVA 0x10002490000 cpu 10de58000
[mtlr]   out: 0000010002490000 000000010de58000 0000000104db5940 0000000000000000
[mtlr]   out: 0000007700000000 0000000000004000 0000000041374011 000000000001bd5d
[mtlr] resource2 sel8 flags 470 sz 0x1000 -> kr 0x00000000 rid 119 GPUVA 0x10002490000 cpu 10de58000
[mtlr]   out: 0000010002490000 000000010de58000 0000000104db5940 0000000000000000
[mtlr]   out: 0000007700000000 0000000000004000 0000000041374012 000000000001bd5e
[mtlr] resource2 sel8 flags 470 sz 0x1000 -> kr 0x00000000 rid 119 GPUVA 0x10002490000 cpu 10de58000
[mtlr]   out: 0000010002490000 000000010de58000 0000000104db5940 0000000000000000
[mtlr]   out: 0000007700000000 0000000000004000 0000000041374013 000000000001bd5f
[mtlr] resource2 sel8 flags 470 sz 0x1000 -> kr 0x00000000 rid 119 GPUVA 0x10002490000 cpu 10de58000
[mtlr]   out: 0000010002490000 000000010de58000 0000000104db5940 0000000000000000
[mtlr]   out: 0000007700000000 0000000000004000 0000000041374014 000000000001bd60
[uatrec] S4 r14 (+1s): nvv 8 ncb 8 vsz 0x100000 fill 0x1000000000 destroy0 kr 0x00000000 nj 40
[uatrec] S4 r14 blit[0] slots 7 ridp 1
[uatrec] S4 r14 blit[1] slots 7 ridp 1
[uatrec] S4 r14 blit[2] slots 7 ridp 1
[uatrec] S4 r14 blit[3] slots 7 ridp 1
[uatrec] S4 r14 blit[4] slots 7 ridp 1
[uatrec] S4 r14 blit[5] slots 7 ridp 1
[uatrec] S4 r14 blit[6] slots 7 ridp 1
[uatrec] S4 r14 blit[7] slots 7 ridp 1
[mtlr] resource2 sel8 flags 470 sz 0x100000 -> kr 0x00000000 rid 119 GPUVA 0x10002490000 cpu 10e544000
[mtlr]   out: 0000010002490000 000000010e544000 0000000104db5940 0000000000000000
[mtlr]   out: 0000007700000000 0000000000100000 000000004137402c 000000000001bd63
[uatrec] S4 r15 victim[0] rid 119 gpuva 0x10002490000 cpu 0x10e544000 (top-of-stack)
[mtlr] resource2 sel8 flags 470 sz 0x100000 -> kr 0x00000000 rid 120 GPUVA 0x10002598000 cpu 10e6b4000
[mtlr]   out: 0000010002598000 000000010e6b4000 0000000104db5a00 0000000000000000
[mtlr]   out: 0000007800000000 0000000000100000 000000004137402d 000000000001bd64
[uatrec] S4 r15 victim[1] rid 120 gpuva 0x10002598000 cpu 0x10e6b4000 (top-of-stack)
[mtlr] resource2 sel8 flags 470 sz 0x100000 -> kr 0x00000000 rid 121 GPUVA 0x100026a0000 cpu 10ec28000
[mtlr]   out: 00000100026a0000 000000010ec28000 0000000104db5ac0 0000000000000000
[mtlr]   out: 0000007900000000 0000000000100000 000000004137402e 000000000001bd65
[uatrec] S4 r15 victim[2] rid 121 gpuva 0x100026a0000 cpu 0x10ec28000 (top-of-stack)
[mtlr] resource2 sel8 flags 470 sz 0x100000 -> kr 0x00000000 rid 122 GPUVA 0x100027a8000 cpu 10ed94000
[mtlr]   out: 00000100027a8000 000000010ed94000 0000000104db5b80 0000000000000000
[mtlr]   out: 0000007a00000000 0000000000100000 000000004137402f 000000000001bd66
[uatrec] S4 r15 victim[3] rid 122 gpuva 0x100027a8000 cpu 0x10ed94000 (top-of-stack)
[mtlr] resource2 sel8 flags 470 sz 0x100000 -> kr 0x00000000 rid 123 GPUVA 0x100028b0000 cpu 10ee94000
[mtlr]   out: 00000100028b0000 000000010ee94000 0000000104db5c40 0000000000000000
[mtlr]   out: 0000007b00000000 0000000000100000 0000000041374030 000000000001bd67
[uatrec] S4 r15 victim[4] rid 123 gpuva 0x100028b0000 cpu 0x10ee94000 (top-of-stack)
[mtlr] resource2 sel8 flags 470 sz 0x100000 -> kr 0x00000000 rid 124 GPUVA 0x100029b8000 cpu 10ef94000
[mtlr]   out: 00000100029b8000 000000010ef94000 0000000104db5d00 0000000000000000
[mtlr]   out: 0000007c00000000 0000000000100000 0000000041374031 000000000001bd68
[uatrec] S4 r15 victim[5] rid 124 gpuva 0x100029b8000 cpu 0x10ef94000 (top-of-stack)
[mtlr] resource2 sel8 flags 470 sz 0x100000 -> kr 0x00000000 rid 125 GPUVA 0x10002ac0000 cpu 10d958000
[mtlr]   out: 0000010002ac0000 000000010d958000 0000000104db5dc0 0000000000000000
[mtlr]   out: 0000007d00000000 0000000000100000 0000000041374032 000000000001bd69
[uatrec] S4 r15 victim[6] rid 125 gpuva 0x10002ac0000 cpu 0x10d958000 (top-of-stack)
[mtlr] resource2 sel8 flags 470 sz 0x100000 -> kr 0x00000000 rid 126 GPUVA 0x10002bc8000 cpu 10da58000
[mtlr]   out: 0000010002bc8000 000000010da58000 0000000104db5e80 0000000000000000
[mtlr]   out: 0000007e00000000 0000000000100000 0000000041374033 000000000001bd6a
[uatrec] S4 r15 victim[7] rid 126 gpuva 0x10002bc8000 cpu 0x10da58000 (top-of-stack)
[mtlr] resource2 sel8 flags 470 sz 0x1000 -> kr 0x00000000 rid 119 GPUVA 0x10002490000 cpu 10de58000
[mtlr]   out: 0000010002490000 000000010de58000 0000000104db5940 0000000000000000
[mtlr]   out: 0000007700000000 0000000000004000 0000000041374051 000000000001bd74
[mtlr] resource2 sel8 flags 470 sz 0x1000 -> kr 0x00000000 rid 119 GPUVA 0x10002490000 cpu 10de58000
[mtlr]   out: 0000010002490000 000000010de58000 0000000104db5940 0000000000000000
[mtlr]   out: 0000007700000000 0000000000004000 0000000041374052 000000000001bd75
[mtlr] resource2 sel8 flags 470 sz 0x1000 -> kr 0x00000000 rid 119 GPUVA 0x10002490000 cpu 10de58000
[mtlr]   out: 0000010002490000 000000010de58000 0000000104db5940 0000000000000000
[mtlr]   out: 0000007700000000 0000000000004000 0000000041374053 000000000001bd76
[mtlr] resource2 sel8 flags 470 sz 0x1000 -> kr 0x00000000 rid 119 GPUVA 0x10002490000 cpu 10de58000
[mtlr]   out: 0000010002490000 000000010de58000 0000000104db5940 0000000000000000
[mtlr]   out: 0000007700000000 0000000000004000 0000000041374054 000000000001bd77
[mtlr] resource2 sel8 flags 470 sz 0x1000 -> kr 0x00000000 rid 119 GPUVA 0x10002490000 cpu 10de58000
[mtlr]   out: 0000010002490000 000000010de58000 0000000104db5940 0000000000000000
[mtlr]   out: 0000007700000000 0000000000004000 0000000041374055 000000000001bd78
[mtlr] resource2 sel8 flags 470 sz 0x1000 -> kr 0x00000000 rid 119 GPUVA 0x10002490000 cpu 10de58000
[mtlr]   out: 0000010002490000 000000010de58000 0000000104db5940 0000000000000000
[mtlr]   out: 0000007700000000 0000000000004000 0000000041374056 000000000001bd79
[mtlr] resource2 sel8 flags 470 sz 0x1000 -> kr 0x00000000 rid 119 GPUVA 0x10002490000 cpu 10de58000
[mtlr]   out: 0000010002490000 000000010de58000 0000000104db5940 0000000000000000
[mtlr]   out: 0000007700000000 0000000000004000 0000000041374057 000000000001bd7a
[mtlr] resource2 sel8 flags 470 sz 0x1000 -> kr 0x00000000 rid 119 GPUVA 0x10002490000 cpu 10de58000
[mtlr]   out: 0000010002490000 000000010de58000 0000000104db5940 0000000000000000
[mtlr]   out: 0000007700000000 0000000000004000 0000000041374058 000000000001bd7b
[mtlr] resource2 sel8 flags 470 sz 0x1000 -> kr 0x00000000 rid 119 GPUVA 0x10002490000 cpu 10de58000
[mtlr]   out: 0000010002490000 000000010de58000 0000000104db5940 0000000000000000
[mtlr]   out: 0000007700000000 0000000000004000 0000000041374059 000000000001bd7c
[mtlr] resource2 sel8 flags 470 sz 0x1000 -> kr 0x00000000 rid 119 GPUVA 0x10002490000 cpu 10de58000
[mtlr]   out: 0000010002490000 000000010de58000 0000000104db5940 0000000000000000
[mtlr]   out: 0000007700000000 0000000000004000 000000004137405a 000000000001bd7d
[mtlr] resource2 sel8 flags 470 sz 0x1000 -> kr 0x00000000 rid 119 GPUVA 0x10002490000 cpu 10de58000
[mtlr]   out: 0000010002490000 000000010de58000 0000000104db5940 0000000000000000
[mtlr]   out: 0000007700000000 0000000000004000 000000004137405b 000000000001bd7e
[mtlr] resource2 sel8 flags 470 sz 0x1000 -> kr 0x00000000 rid 119 GPUVA 0x10002490000 cpu 10de58000
[mtlr]   out: 0000010002490000 000000010de58000 0000000104db5940 0000000000000000
[mtlr]   out: 0000007700000000 0000000000004000 000000004137405c 000000000001bd7f
[mtlr] resource2 sel8 flags 470 sz 0x1000 -> kr 0x00000000 rid 119 GPUVA 0x10002490000 cpu 10de58000
[mtlr]   out: 0000010002490000 000000010de58000 0000000104db5940 0000000000000000
[mtlr]   out: 0000007700000000 0000000000004000 000000004137405d 000000000001bd80
[mtlr] resource2 sel8 flags 470 sz 0x1000 -> kr 0x00000000 rid 119 GPUVA 0x10002490000 cpu 10de58000
[mtlr]   out: 0000010002490000 000000010de58000 0000000104db5940 0000000000000000
[mtlr]   out: 0000007700000000 0000000000004000 000000004137405e 000000000001bd81
[mtlr] resource2 sel8 flags 470 sz 0x1000 -> kr 0x00000000 rid 119 GPUVA 0x10002490000 cpu 10de58000
[mtlr]   out: 0000010002490000 000000010de58000 0000000104db5940 0000000000000000
[mtlr]   out: 0000007700000000 0000000000004000 000000004137405f 000000000001bd82
[mtlr] resource2 sel8 flags 470 sz 0x1000 -> kr 0x00000000 rid 119 GPUVA 0x10002490000 cpu 10de58000
[mtlr]   out: 0000010002490000 000000010de58000 0000000104db5940 0000000000000000
[mtlr]   out: 0000007700000000 0000000000004000 0000000041374060 000000000001bd83
[mtlr] resource2 sel8 flags 470 sz 0x1000 -> kr 0x00000000 rid 119 GPUVA 0x10002490000 cpu 10de58000
[mtlr]   out: 0000010002490000 000000010de58000 0000000104db5940 0000000000000000
[mtlr]   out: 0000007700000000 0000000000004000 0000000041374061 000000000001bd84
[mtlr] resource2 sel8 flags 470 sz 0x1000 -> kr 0x00000000 rid 119 GPUVA 0x10002490000 cpu 10de58000
[mtlr]   out: 0000010002490000 000000010de58000 0000000104db5940 0000000000000000
[mtlr]   out: 0000007700000000 0000000000004000 0000000041374062 000000000001bd85
[mtlr] resource2 sel8 flags 470 sz 0x1000 -> kr 0x00000000 rid 119 GPUVA 0x10002490000 cpu 10de58000
[mtlr]   out: 0000010002490000 000000010de58000 0000000104db5940 0000000000000000
[mtlr]   out: 0000007700000000 0000000000004000 0000000041374063 000000000001bd86
[mtlr] resource2 sel8 flags 470 sz 0x1000 -> kr 0x00000000 rid 119 GPUVA 0x10002490000 cpu 10de58000
[mtlr]   out: 0000010002490000 000000010de58000 0000000104db5940 0000000000000000
[mtlr]   out: 0000007700000000 0000000000004000 0000000041374064 000000000001bd87
[mtlr] resource2 sel8 flags 470 sz 0x1000 -> kr 0x00000000 rid 119 GPUVA 0x10002490000 cpu 10de58000
[mtlr]   out: 0000010002490000 000000010de58000 0000000104db5940 0000000000000000
[mtlr]   out: 0000007700000000 0000000000004000 0000000041374065 000000000001bd88
[mtlr] resource2 sel8 flags 470 sz 0x1000 -> kr 0x00000000 rid 119 GPUVA 0x10002490000 cpu 10de58000
[mtlr]   out: 0000010002490000 000000010de58000 0000000104db5940 0000000000000000
[mtlr]   out: 0000007700000000 0000000000004000 0000000041374068 000000000001bd89
[mtlr] resource2 sel8 flags 470 sz 0x1000 -> kr 0x00000000 rid 119 GPUVA 0x10002490000 cpu 10de58000
[mtlr]   out: 0000010002490000 000000010de58000 0000000104db5940 0000000000000000
[mtlr]   out: 0000007700000000 0000000000004000 0000000041374069 000000000001bd8a
[mtlr] resource2 sel8 flags 470 sz 0x1000 -> kr 0x00000000 rid 119 GPUVA 0x10002490000 cpu 10de58000
[mtlr]   out: 0000010002490000 000000010de58000 0000000104db5940 0000000000000000
[mtlr]   out: 0000007700000000 0000000000004000 000000004137406c 000000000001bd8b
[mtlr] resource2 sel8 flags 470 sz 0x1000 -> kr 0x00000000 rid 119 GPUVA 0x10002490000 cpu 10de58000
[mtlr]   out: 0000010002490000 000000010de58000 0000000104db5940 0000000000000000
[mtlr]   out: 0000007700000000 0000000000004000 000000004137406e 000000000001bd8c
[mtlr] resource2 sel8 flags 470 sz 0x1000 -> kr 0x00000000 rid 119 GPUVA 0x10002490000 cpu 10de58000
[mtlr]   out: 0000010002490000 000000010de58000 0000000104db5940 0000000000000000
[mtlr]   out: 0000007700000000 0000000000004000 000000004137406f 000000000001bd8d
[mtlr] resource2 sel8 flags 470 sz 0x1000 -> kr 0x00000000 rid 119 GPUVA 0x10002490000 cpu 10de58000
[mtlr]   out: 0000010002490000 000000010de58000 0000000104db5940 0000000000000000
[mtlr]   out: 0000007700000000 0000000000004000 0000000041374070 000000000001bd8e
[mtlr] resource2 sel8 flags 470 sz 0x1000 -> kr 0x00000000 rid 119 GPUVA 0x10002490000 cpu 10de58000
[mtlr]   out: 0000010002490000 000000010de58000 0000000104db5940 0000000000000000
[mtlr]   out: 0000007700000000 0000000000004000 0000000041374071 000000000001bd8f
[mtlr] resource2 sel8 flags 470 sz 0x1000 -> kr 0x00000000 rid 119 GPUVA 0x10002490000 cpu 10de58000
[mtlr]   out: 0000010002490000 000000010de58000 0000000104db5940 0000000000000000
[mtlr]   out: 0000007700000000 0000000000004000 0000000041374072 000000000001bd90
[mtlr] resource2 sel8 flags 470 sz 0x1000 -> kr 0x00000000 rid 119 GPUVA 0x10002490000 cpu 10de58000
[mtlr]   out: 0000010002490000 000000010de58000 0000000104db5940 0000000000000000
[mtlr]   out: 0000007700000000 0000000000004000 0000000041374073 000000000001bd91
[mtlr] resource2 sel8 flags 470 sz 0x1000 -> kr 0x00000000 rid 119 GPUVA 0x10002490000 cpu 10de58000
[mtlr]   out: 0000010002490000 000000010de58000 0000000104db5940 0000000000000000
[mtlr]   out: 0000007700000000 0000000000004000 0000000041374074 000000000001bd92
[mtlr] resource2 sel8 flags 470 sz 0x1000 -> kr 0x00000000 rid 119 GPUVA 0x10002490000 cpu 10de58000
[mtlr]   out: 0000010002490000 000000010de58000 0000000104db5940 0000000000000000
[mtlr]   out: 0000007700000000 0000000000004000 0000000041374075 000000000001bd93
[mtlr] resource2 sel8 flags 470 sz 0x1000 -> kr 0x00000000 rid 119 GPUVA 0x10002490000 cpu 10de58000
[mtlr]   out: 0000010002490000 000000010de58000 0000000104db5940 0000000000000000
[mtlr]   out: 0000007700000000 0000000000004000 0000000041374076 000000000001bd94
[mtlr] resource2 sel8 flags 470 sz 0x1000 -> kr 0x00000000 rid 119 GPUVA 0x10002490000 cpu 10de58000
[mtlr]   out: 0000010002490000 000000010de58000 0000000104db5940 0000000000000000
[mtlr]   out: 0000007700000000 0000000000004000 0000000041374077 000000000001bd95
[mtlr] resource2 sel8 flags 470 sz 0x1000 -> kr 0x00000000 rid 119 GPUVA 0x10002490000 cpu 10de58000
[mtlr]   out: 0000010002490000 000000010de58000 0000000104db5940 0000000000000000
[mtlr]   out: 0000007700000000 0000000000004000 0000000041374078 000000000001bd96
[mtlr] resource2 sel8 flags 470 sz 0x1000 -> kr 0x00000000 rid 119 GPUVA 0x10002490000 cpu 10de58000
[mtlr]   out: 0000010002490000 000000010de58000 0000000104db5940 0000000000000000
[mtlr]   out: 0000007700000000 0000000000004000 0000000041374079 000000000001bd97
[mtlr] resource2 sel8 flags 470 sz 0x1000 -> kr 0x00000000 rid 119 GPUVA 0x10002490000 cpu 10de58000
[mtlr]   out: 0000010002490000 000000010de58000 0000000104db5940 0000000000000000
[mtlr]   out: 0000007700000000 0000000000004000 000000004137407a 000000000001bd98
[mtlr] resource2 sel8 flags 470 sz 0x1000 -> kr 0x00000000 rid 119 GPUVA 0x10002490000 cpu 10de58000
[mtlr]   out: 0000010002490000 000000010de58000 0000000104db5940 0000000000000000
[mtlr]   out: 0000007700000000 0000000000004000 000000004137407b 000000000001bd99
[mtlr] resource2 sel8 flags 470 sz 0x1000 -> kr 0x00000000 rid 119 GPUVA 0x10002490000 cpu 10de58000
[mtlr]   out: 0000010002490000 000000010de58000 0000000104db5940 0000000000000000
[mtlr]   out: 0000007700000000 0000000000004000 000000004137407c 000000000001bd9a
[mtlr] resource2 sel8 flags 470 sz 0x1000 -> kr 0x00000000 rid 119 GPUVA 0x10002490000 cpu 10de58000
[mtlr]   out: 0000010002490000 000000010de58000 0000000104db5940 0000000000000000
[mtlr]   out: 0000007700000000 0000000000004000 000000004137407d 000000000001bd9b
[uatrec] S4 r15 (+1s): nvv 8 ncb 8 vsz 0x100000 fill 0x1000000000 destroy0 kr 0x00000000 nj 40
[uatrec] S4 r15 blit[0] slots 8 ridp 1
[uatrec] S4 r15 blit[1] slots 7 ridp 1
[uatrec] S4 r15 blit[2] slots 7 ridp 1
[uatrec] S4 r15 blit[3] slots 7 ridp 1
[uatrec] S4 r15 blit[4] slots 7 ridp 1
[uatrec] S4 r15 blit[5] slots 7 ridp 1
[uatrec] S4 r15 blit[6] slots 7 ridp 1
[uatrec] S4 r15 blit[7] slots 7 ridp 1
[mtlr] resource2 sel8 flags 470 sz 0x100000 -> kr 0x00000000 rid 119 GPUVA 0x10002490000 cpu 10dc58000
[mtlr]   out: 0000010002490000 000000010dc58000 0000000104db5940 0000000000000000
[mtlr]   out: 0000007700000000 0000000000100000 0000000041374090 000000000001bd9e
[uatrec] S4 r16 victim[0] rid 119 gpuva 0x10002490000 cpu 0x10dc58000 (top-of-stack)
[mtlr] resource2 sel8 flags 470 sz 0x100000 -> kr 0x00000000 rid 120 GPUVA 0x10002598000 cpu 10dd58000
[mtlr]   out: 0000010002598000 000000010dd58000 0000000104db5a00 0000000000000000
[mtlr]   out: 0000007800000000 0000000000100000 0000000041374091 000000000001bd9f
[uatrec] S4 r16 victim[1] rid 120 gpuva 0x10002598000 cpu 0x10dd58000 (top-of-stack)
[mtlr] resource2 sel8 flags 470 sz 0x100000 -> kr 0x00000000 rid 121 GPUVA 0x100026a0000 cpu 10df54000
[mtlr]   out: 00000100026a0000 000000010df54000 0000000104db5ac0 0000000000000000
[mtlr]   out: 0000007900000000 0000000000100000 0000000041374092 000000000001bda0
[uatrec] S4 r16 victim[2] rid 121 gpuva 0x100026a0000 cpu 0x10df54000 (top-of-stack)
[mtlr] resource2 sel8 flags 470 sz 0x100000 -> kr 0x00000000 rid 122 GPUVA 0x100027a8000 cpu 10e168000
[mtlr]   out: 00000100027a8000 000000010e168000 0000000104db5b80 0000000000000000
[mtlr]   out: 0000007a00000000 0000000000100000 0000000041374093 000000000001bda1
[uatrec] S4 r16 victim[3] rid 122 gpuva 0x100027a8000 cpu 0x10e168000 (top-of-stack)
[mtlr] resource2 sel8 flags 470 sz 0x100000 -> kr 0x00000000 rid 123 GPUVA 0x100028b0000 cpu 10e2d4000
[mtlr]   out: 00000100028b0000 000000010e2d4000 0000000104db5c40 0000000000000000
[mtlr]   out: 0000007b00000000 0000000000100000 0000000041374094 000000000001bda2
[uatrec] S4 r16 victim[4] rid 123 gpuva 0x100028b0000 cpu 0x10e2d4000 (top-of-stack)
[mtlr] resource2 sel8 flags 470 sz 0x100000 -> kr 0x00000000 rid 124 GPUVA 0x100029b8000 cpu 10e3d4000
[mtlr]   out: 00000100029b8000 000000010e3d4000 0000000104db5d00 0000000000000000
[mtlr]   out: 0000007c00000000 0000000000100000 0000000041374095 000000000001bda3
[uatrec] S4 r16 victim[5] rid 124 gpuva 0x100029b8000 cpu 0x10e3d4000 (top-of-stack)
[mtlr] resource2 sel8 flags 470 sz 0x100000 -> kr 0x00000000 rid 125 GPUVA 0x10002ac0000 cpu 10d958000
[mtlr]   out: 0000010002ac0000 000000010d958000 0000000104db5dc0 0000000000000000
[mtlr]   out: 0000007d00000000 0000000000100000 0000000041374096 000000000001bda4
[uatrec] S4 r16 victim[6] rid 125 gpuva 0x10002ac0000 cpu 0x10d958000 (top-of-stack)
[mtlr] resource2 sel8 flags 470 sz 0x100000 -> kr 0x00000000 rid 126 GPUVA 0x10002bc8000 cpu 10da58000
[mtlr]   out: 0000010002bc8000 000000010da58000 0000000104db5e80 0000000000000000
[mtlr]   out: 0000007e00000000 0000000000100000 000000004137409e 000000000001bda5
[uatrec] S4 r16 victim[7] rid 126 gpuva 0x10002bc8000 cpu 0x10da58000 (top-of-stack)
[mtlr] resource2 sel8 flags 470 sz 0x1000 -> kr 0x00000000 rid 119 GPUVA 0x10002490000 cpu 10de58000
[mtlr]   out: 0000010002490000 000000010de58000 0000000104db5940 0000000000000000
[mtlr]   out: 0000007700000000 0000000000004000 00000000413740b5 000000000001bdaf
[mtlr] resource2 sel8 flags 470 sz 0x1000 -> kr 0x00000000 rid 119 GPUVA 0x10002490000 cpu 10de58000
[mtlr]   out: 0000010002490000 000000010de58000 0000000104db5940 0000000000000000
[mtlr]   out: 0000007700000000 0000000000004000 00000000413740b6 000000000001bdb0
[mtlr] resource2 sel8 flags 470 sz 0x1000 -> kr 0x00000000 rid 119 GPUVA 0x10002490000 cpu 10de58000
[mtlr]   out: 0000010002490000 000000010de58000 0000000104db5940 0000000000000000
[mtlr]   out: 0000007700000000 0000000000004000 00000000413740b7 000000000001bdb1
[mtlr] resource2 sel8 flags 470 sz 0x1000 -> kr 0x00000000 rid 119 GPUVA 0x10002490000 cpu 10de58000
[mtlr]   out: 0000010002490000 000000010de58000 0000000104db5940 0000000000000000
[mtlr]   out: 0000007700000000 0000000000004000 00000000413740b8 000000000001bdb2
[mtlr] resource2 sel8 flags 470 sz 0x1000 -> kr 0x00000000 rid 119 GPUVA 0x10002490000 cpu 10de58000
[mtlr]   out: 0000010002490000 000000010de58000 0000000104db5940 0000000000000000
[mtlr]   out: 0000007700000000 0000000000004000 00000000413740b9 000000000001bdb3
[mtlr] resource2 sel8 flags 470 sz 0x1000 -> kr 0x00000000 rid 119 GPUVA 0x10002490000 cpu 10de58000
[mtlr]   out: 0000010002490000 000000010de58000 0000000104db5940 0000000000000000
[mtlr]   out: 0000007700000000 0000000000004000 00000000413740ba 000000000001bdb4
[mtlr] resource2 sel8 flags 470 sz 0x1000 -> kr 0x00000000 rid 119 GPUVA 0x10002490000 cpu 10de58000
[mtlr]   out: 0000010002490000 000000010de58000 0000000104db5940 0000000000000000
[mtlr]   out: 0000007700000000 0000000000004000 00000000413740bb 000000000001bdb5
[mtlr] resource2 sel8 flags 470 sz 0x1000 -> kr 0x00000000 rid 119 GPUVA 0x10002490000 cpu 10de58000
[mtlr]   out: 0000010002490000 000000010de58000 0000000104db5940 0000000000000000
[mtlr]   out: 0000007700000000 0000000000004000 00000000413740bc 000000000001bdb6
[mtlr] resource2 sel8 flags 470 sz 0x1000 -> kr 0x00000000 rid 119 GPUVA 0x10002490000 cpu 10de58000
[mtlr]   out: 0000010002490000 000000010de58000 0000000104db5940 0000000000000000
[mtlr]   out: 0000007700000000 0000000000004000 00000000413740bd 000000000001bdb7
[mtlr] resource2 sel8 flags 470 sz 0x1000 -> kr 0x00000000 rid 119 GPUVA 0x10002490000 cpu 10de58000
[mtlr]   out: 0000010002490000 000000010de58000 0000000104db5940 0000000000000000
[mtlr]   out: 0000007700000000 0000000000004000 00000000413740be 000000000001bdb8
[mtlr] resource2 sel8 flags 470 sz 0x1000 -> kr 0x00000000 rid 119 GPUVA 0x10002490000 cpu 10de58000
[mtlr]   out: 0000010002490000 000000010de58000 0000000104db5940 0000000000000000
[mtlr]   out: 0000007700000000 0000000000004000 00000000413740bf 000000000001bdb9
[mtlr] resource2 sel8 flags 470 sz 0x1000 -> kr 0x00000000 rid 119 GPUVA 0x10002490000 cpu 10de58000
[mtlr]   out: 0000010002490000 000000010de58000 0000000104db5940 0000000000000000
[mtlr]   out: 0000007700000000 0000000000004000 00000000413740c0 000000000001bdba
[mtlr] resource2 sel8 flags 470 sz 0x1000 -> kr 0x00000000 rid 119 GPUVA 0x10002490000 cpu 10de58000
[mtlr]   out: 0000010002490000 000000010de58000 0000000104db5940 0000000000000000
[mtlr]   out: 0000007700000000 0000000000004000 00000000413740c1 000000000001bdbb
[mtlr] resource2 sel8 flags 470 sz 0x1000 -> kr 0x00000000 rid 119 GPUVA 0x10002490000 cpu 10de58000
[mtlr]   out: 0000010002490000 000000010de58000 0000000104db5940 0000000000000000
[mtlr]   out: 0000007700000000 0000000000004000 00000000413740c2 000000000001bdbc
[mtlr] resource2 sel8 flags 470 sz 0x1000 -> kr 0x00000000 rid 119 GPUVA 0x10002490000 cpu 10de58000
[mtlr]   out: 0000010002490000 000000010de58000 0000000104db5940 0000000000000000
[mtlr]   out: 0000007700000000 0000000000004000 00000000413740c3 000000000001bdbd
[mtlr] resource2 sel8 flags 470 sz 0x1000 -> kr 0x00000000 rid 119 GPUVA 0x10002490000 cpu 10de58000
[mtlr]   out: 0000010002490000 000000010de58000 0000000104db5940 0000000000000000
[mtlr]   out: 0000007700000000 0000000000004000 00000000413740c6 000000000001bdbe
[mtlr] resource2 sel8 flags 470 sz 0x1000 -> kr 0x00000000 rid 119 GPUVA 0x10002490000 cpu 10de58000
[mtlr]   out: 0000010002490000 000000010de58000 0000000104db5940 0000000000000000
[mtlr]   out: 0000007700000000 0000000000004000 00000000413740c7 000000000001bdbf
[mtlr] resource2 sel8 flags 470 sz 0x1000 -> kr 0x00000000 rid 119 GPUVA 0x10002490000 cpu 10de58000
[mtlr]   out: 0000010002490000 000000010de58000 0000000104db5940 0000000000000000
[mtlr]   out: 0000007700000000 0000000000004000 00000000413740ca 000000000001bdc0
[mtlr] resource2 sel8 flags 470 sz 0x1000 -> kr 0x00000000 rid 119 GPUVA 0x10002490000 cpu 10de58000
[mtlr]   out: 0000010002490000 000000010de58000 0000000104db5940 0000000000000000
[mtlr]   out: 0000007700000000 0000000000004000 00000000413740cc 000000000001bdc1
[mtlr] resource2 sel8 flags 470 sz 0x1000 -> kr 0x00000000 rid 119 GPUVA 0x10002490000 cpu 10de58000
[mtlr]   out: 0000010002490000 000000010de58000 0000000104db5940 0000000000000000
[mtlr]   out: 0000007700000000 0000000000004000 00000000413740cd 000000000001bdc2
[mtlr] resource2 sel8 flags 470 sz 0x1000 -> kr 0x00000000 rid 119 GPUVA 0x10002490000 cpu 10de58000
[mtlr]   out: 0000010002490000 000000010de58000 0000000104db5940 0000000000000000
[mtlr]   out: 0000007700000000 0000000000004000 00000000413740ce 000000000001bdc3
[mtlr] resource2 sel8 flags 470 sz 0x1000 -> kr 0x00000000 rid 119 GPUVA 0x10002490000 cpu 10de58000
[mtlr]   out: 0000010002490000 000000010de58000 0000000104db5940 0000000000000000
[mtlr]   out: 0000007700000000 0000000000004000 00000000413740cf 000000000001bdc4
[mtlr] resource2 sel8 flags 470 sz 0x1000 -> kr 0x00000000 rid 119 GPUVA 0x10002490000 cpu 10de58000
[mtlr]   out: 0000010002490000 000000010de58000 0000000104db5940 0000000000000000
[mtlr]   out: 0000007700000000 0000000000004000 00000000413740d0 000000000001bdc5
[mtlr] resource2 sel8 flags 470 sz 0x1000 -> kr 0x00000000 rid 119 GPUVA 0x10002490000 cpu 10de58000
[mtlr]   out: 0000010002490000 000000010de58000 0000000104db5940 0000000000000000
[mtlr]   out: 0000007700000000 0000000000004000 00000000413740d1 000000000001bdc6
[mtlr] resource2 sel8 flags 470 sz 0x1000 -> kr 0x00000000 rid 119 GPUVA 0x10002490000 cpu 10de58000
[mtlr]   out: 0000010002490000 000000010de58000 0000000104db5940 0000000000000000
[mtlr]   out: 0000007700000000 0000000000004000 00000000413740d2 000000000001bdc7
[mtlr] resource2 sel8 flags 470 sz 0x1000 -> kr 0x00000000 rid 119 GPUVA 0x10002490000 cpu 10de58000
[mtlr]   out: 0000010002490000 000000010de58000 0000000104db5940 0000000000000000
[mtlr]   out: 0000007700000000 0000000000004000 00000000413740d3 000000000001bdc8
[mtlr] resource2 sel8 flags 470 sz 0x1000 -> kr 0x00000000 rid 119 GPUVA 0x10002490000 cpu 10de58000
[mtlr]   out: 0000010002490000 000000010de58000 0000000104db5940 0000000000000000
[mtlr]   out: 0000007700000000 0000000000004000 00000000413740d4 000000000001bdc9
[mtlr] resource2 sel8 flags 470 sz 0x1000 -> kr 0x00000000 rid 119 GPUVA 0x10002490000 cpu 10de58000
[mtlr]   out: 0000010002490000 000000010de58000 0000000104db5940 0000000000000000
[mtlr]   out: 0000007700000000 0000000000004000 00000000413740d5 000000000001bdca
[mtlr] resource2 sel8 flags 470 sz 0x1000 -> kr 0x00000000 rid 119 GPUVA 0x10002490000 cpu 10de58000
[mtlr]   out: 0000010002490000 000000010de58000 0000000104db5940 0000000000000000
[mtlr]   out: 0000007700000000 0000000000004000 00000000413740d6 000000000001bdcb
[mtlr] resource2 sel8 flags 470 sz 0x1000 -> kr 0x00000000 rid 119 GPUVA 0x10002490000 cpu 10de58000
[mtlr]   out: 0000010002490000 000000010de58000 0000000104db5940 0000000000000000
[mtlr]   out: 0000007700000000 0000000000004000 00000000413740d7 000000000001bdcc
[mtlr] resource2 sel8 flags 470 sz 0x1000 -> kr 0x00000000 rid 119 GPUVA 0x10002490000 cpu 10de58000
[mtlr]   out: 0000010002490000 000000010de58000 0000000104db5940 0000000000000000
[mtlr]   out: 0000007700000000 0000000000004000 00000000413740d8 000000000001bdcd
[mtlr] resource2 sel8 flags 470 sz 0x1000 -> kr 0x00000000 rid 119 GPUVA 0x10002490000 cpu 10de58000
[mtlr]   out: 0000010002490000 000000010de58000 0000000104db5940 0000000000000000
[mtlr]   out: 0000007700000000 0000000000004000 00000000413740d9 000000000001bdce
[mtlr] resource2 sel8 flags 470 sz 0x1000 -> kr 0x00000000 rid 119 GPUVA 0x10002490000 cpu 10de58000
[mtlr]   out: 0000010002490000 000000010de58000 0000000104db5940 0000000000000000
[mtlr]   out: 0000007700000000 0000000000004000 00000000413740da 000000000001bdcf
[mtlr] resource2 sel8 flags 470 sz 0x1000 -> kr 0x00000000 rid 119 GPUVA 0x10002490000 cpu 10de58000
[mtlr]   out: 0000010002490000 000000010de58000 0000000104db5940 0000000000000000
[mtlr]   out: 0000007700000000 0000000000004000 00000000413740db 000000000001bdd0
[mtlr] resource2 sel8 flags 470 sz 0x1000 -> kr 0x00000000 rid 119 GPUVA 0x10002490000 cpu 10de58000
[mtlr]   out: 0000010002490000 000000010de58000 0000000104db5940 0000000000000000
[mtlr]   out: 0000007700000000 0000000000004000 00000000413740dc 000000000001bdd1
[mtlr] resource2 sel8 flags 470 sz 0x1000 -> kr 0x00000000 rid 119 GPUVA 0x10002490000 cpu 10de58000
[mtlr]   out: 0000010002490000 000000010de58000 0000000104db5940 0000000000000000
[mtlr]   out: 0000007700000000 0000000000004000 00000000413740dd 000000000001bdd2
[mtlr] resource2 sel8 flags 470 sz 0x1000 -> kr 0x00000000 rid 119 GPUVA 0x10002490000 cpu 10de58000
[mtlr]   out: 0000010002490000 000000010de58000 0000000104db5940 0000000000000000
[mtlr]   out: 0000007700000000 0000000000004000 00000000413740de 000000000001bdd3
[mtlr] resource2 sel8 flags 470 sz 0x1000 -> kr 0x00000000 rid 119 GPUVA 0x10002490000 cpu 10de58000
[mtlr]   out: 0000010002490000 000000010de58000 0000000104db5940 0000000000000000
[mtlr]   out: 0000007700000000 0000000000004000 00000000413740df 000000000001bdd4
[mtlr] resource2 sel8 flags 470 sz 0x1000 -> kr 0x00000000 rid 119 GPUVA 0x10002490000 cpu 10de58000
[mtlr]   out: 0000010002490000 000000010de58000 0000000104db5940 0000000000000000
[mtlr]   out: 0000007700000000 0000000000004000 00000000413740e0 000000000001bdd5
[mtlr] resource2 sel8 flags 470 sz 0x1000 -> kr 0x00000000 rid 119 GPUVA 0x10002490000 cpu 10de58000
[mtlr]   out: 0000010002490000 000000010de58000 0000000104db5940 0000000000000000
[mtlr]   out: 0000007700000000 0000000000004000 00000000413740e1 000000000001bdd6
[uatrec] S4 r16 (+1s): nvv 8 ncb 8 vsz 0x100000 fill 0x1000000000 destroy0 kr 0x00000000 nj 40
[uatrec] S4 r16 blit[0] slots 7 ridp 1
[uatrec] S4 r16 blit[1] slots 7 ridp 1
[uatrec] S4 r16 blit[2] slots 7 ridp 1
[uatrec] S4 r16 blit[3] slots 7 ridp 1
[uatrec] S4 r16 blit[4] slots 7 ridp 1
[uatrec] S4 r16 blit[5] slots 7 ridp 1
[uatrec] S4 r16 blit[6] slots 7 ridp 1
[uatrec] S4 r16 blit[7] slots 7 ridp 1
[mtlr] resource2 sel8 flags 470 sz 0x100000 -> kr 0x00000000 rid 119 GPUVA 0x10002490000 cpu 10d958000
[mtlr]   out: 0000010002490000 000000010d958000 0000000104db5940 0000000000000000
[mtlr]   out: 0000007700000000 0000000000100000 00000000413740f4 000000000001bdd9
[uatrec] S4 r17 victim[0] rid 119 gpuva 0x10002490000 cpu 0x10d958000 (top-of-stack)
[mtlr] resource2 sel8 flags 470 sz 0x100000 -> kr 0x00000000 rid 120 GPUVA 0x10002598000 cpu 10da58000
[mtlr]   out: 0000010002598000 000000010da58000 0000000104db5a00 0000000000000000
[mtlr]   out: 0000007800000000 0000000000100000 00000000413740f5 000000000001bdda
[uatrec] S4 r17 victim[1] rid 120 gpuva 0x10002598000 cpu 0x10da58000 (top-of-stack)
[mtlr] resource2 sel8 flags 470 sz 0x100000 -> kr 0x00000000 rid 121 GPUVA 0x100026a0000 cpu 10db58000
[mtlr]   out: 00000100026a0000 000000010db58000 0000000104db5ac0 0000000000000000
[mtlr]   out: 0000007900000000 0000000000100000 00000000413740f6 000000000001bddb
[uatrec] S4 r17 victim[2] rid 121 gpuva 0x100026a0000 cpu 0x10db58000 (top-of-stack)
[mtlr] resource2 sel8 flags 470 sz 0x100000 -> kr 0x00000000 rid 122 GPUVA 0x100027a8000 cpu 10dc58000
[mtlr]   out: 00000100027a8000 000000010dc58000 0000000104db5b80 0000000000000000
[mtlr]   out: 0000007a00000000 0000000000100000 00000000413740f7 000000000001bddc
[uatrec] S4 r17 victim[3] rid 122 gpuva 0x100027a8000 cpu 0x10dc58000 (top-of-stack)
[mtlr] resource2 sel8 flags 470 sz 0x100000 -> kr 0x00000000 rid 123 GPUVA 0x100028b0000 cpu 10dd58000
[mtlr]   out: 00000100028b0000 000000010dd58000 0000000104db5c40 0000000000000000
[mtlr]   out: 0000007b00000000 0000000000100000 00000000413740f8 000000000001bddd
[uatrec] S4 r17 victim[4] rid 123 gpuva 0x100028b0000 cpu 0x10dd58000 (top-of-stack)
[mtlr] resource2 sel8 flags 470 sz 0x100000 -> kr 0x00000000 rid 124 GPUVA 0x100029b8000 cpu 10df54000
[mtlr]   out: 00000100029b8000 000000010df54000 0000000104db5d00 0000000000000000
[mtlr]   out: 0000007c00000000 0000000000100000 0000000041374100 000000000001bdde
[uatrec] S4 r17 victim[5] rid 124 gpuva 0x100029b8000 cpu 0x10df54000 (top-of-stack)
[mtlr] resource2 sel8 flags 470 sz 0x100000 -> kr 0x00000000 rid 125 GPUVA 0x10002ac0000 cpu 10e168000
[mtlr]   out: 0000010002ac0000 000000010e168000 0000000104db5dc0 0000000000000000
[mtlr]   out: 0000007d00000000 0000000000100000 0000000041374101 000000000001bddf
[uatrec] S4 r17 victim[6] rid 125 gpuva 0x10002ac0000 cpu 0x10e168000 (top-of-stack)
[mtlr] resource2 sel8 flags 470 sz 0x100000 -> kr 0x00000000 rid 126 GPUVA 0x10002bc8000 cpu 10e2d4000
[mtlr]   out: 0000010002bc8000 000000010e2d4000 0000000104db5e80 0000000000000000
[mtlr]   out: 0000007e00000000 0000000000100000 0000000041374102 000000000001bde0
[uatrec] S4 r17 victim[7] rid 126 gpuva 0x10002bc8000 cpu 0x10e2d4000 (top-of-stack)
[mtlr] resource2 sel8 flags 470 sz 0x1000 -> kr 0x00000000 rid 119 GPUVA 0x10002490000 cpu 10de58000
[mtlr]   out: 0000010002490000 000000010de58000 0000000104db5940 0000000000000000
[mtlr]   out: 0000007700000000 0000000000004000 0000000041374119 000000000001bdea
[mtlr] resource2 sel8 flags 470 sz 0x1000 -> kr 0x00000000 rid 119 GPUVA 0x10002490000 cpu 10de58000
[mtlr]   out: 0000010002490000 000000010de58000 0000000104db5940 0000000000000000
[mtlr]   out: 0000007700000000 0000000000004000 000000004137411a 000000000001bdeb
[mtlr] resource2 sel8 flags 470 sz 0x1000 -> kr 0x00000000 rid 119 GPUVA 0x10002490000 cpu 10de58000
[mtlr]   out: 0000010002490000 000000010de58000 0000000104db5940 0000000000000000
[mtlr]   out: 0000007700000000 0000000000004000 000000004137411b 000000000001bdec
[mtlr] resource2 sel8 flags 470 sz 0x1000 -> kr 0x00000000 rid 119 GPUVA 0x10002490000 cpu 10de58000
[mtlr]   out: 0000010002490000 000000010de58000 0000000104db5940 0000000000000000
[mtlr]   out: 0000007700000000 0000000000004000 000000004137411c 000000000001bded
[mtlr] resource2 sel8 flags 470 sz 0x1000 -> kr 0x00000000 rid 119 GPUVA 0x10002490000 cpu 10de58000
[mtlr]   out: 0000010002490000 000000010de58000 0000000104db5940 0000000000000000
[mtlr]   out: 0000007700000000 0000000000004000 000000004137411d 000000000001bdee
[mtlr] resource2 sel8 flags 470 sz 0x1000 -> kr 0x00000000 rid 119 GPUVA 0x10002490000 cpu 10de58000
[mtlr]   out: 0000010002490000 000000010de58000 0000000104db5940 0000000000000000
[mtlr]   out: 0000007700000000 0000000000004000 000000004137411e 000000000001bdef
[mtlr] resource2 sel8 flags 470 sz 0x1000 -> kr 0x00000000 rid 119 GPUVA 0x10002490000 cpu 10de58000
[mtlr]   out: 0000010002490000 000000010de58000 0000000104db5940 0000000000000000
[mtlr]   out: 0000007700000000 0000000000004000 000000004137411f 000000000001bdf0
[mtlr] resource2 sel8 flags 470 sz 0x1000 -> kr 0x00000000 rid 119 GPUVA 0x10002490000 cpu 10de58000
[mtlr]   out: 0000010002490000 000000010de58000 0000000104db5940 0000000000000000
[mtlr]   out: 0000007700000000 0000000000004000 0000000041374120 000000000001bdf1
[mtlr] resource2 sel8 flags 470 sz 0x1000 -> kr 0x00000000 rid 119 GPUVA 0x10002490000 cpu 10de58000
[mtlr]   out: 0000010002490000 000000010de58000 0000000104db5940 0000000000000000
[mtlr]   out: 0000007700000000 0000000000004000 0000000041374121 000000000001bdf2
[mtlr] resource2 sel8 flags 470 sz 0x1000 -> kr 0x00000000 rid 119 GPUVA 0x10002490000 cpu 10de58000
[mtlr]   out: 0000010002490000 000000010de58000 0000000104db5940 0000000000000000
[mtlr]   out: 0000007700000000 0000000000004000 0000000041374122 000000000001bdf3
[mtlr] resource2 sel8 flags 470 sz 0x1000 -> kr 0x00000000 rid 119 GPUVA 0x10002490000 cpu 10de58000
[mtlr]   out: 0000010002490000 000000010de58000 0000000104db5940 0000000000000000
[mtlr]   out: 0000007700000000 0000000000004000 0000000041374123 000000000001bdf4
[mtlr] resource2 sel8 flags 470 sz 0x1000 -> kr 0x00000000 rid 119 GPUVA 0x10002490000 cpu 10de58000
[mtlr]   out: 0000010002490000 000000010de58000 0000000104db5940 0000000000000000
[mtlr]   out: 0000007700000000 0000000000004000 0000000041374124 000000000001bdf5
[mtlr] resource2 sel8 flags 470 sz 0x1000 -> kr 0x00000000 rid 119 GPUVA 0x10002490000 cpu 10de58000
[mtlr]   out: 0000010002490000 000000010de58000 0000000104db5940 0000000000000000
[mtlr]   out: 0000007700000000 0000000000004000 0000000041374125 000000000001bdf6
[mtlr] resource2 sel8 flags 470 sz 0x1000 -> kr 0x00000000 rid 119 GPUVA 0x10002490000 cpu 10de58000
[mtlr]   out: 0000010002490000 000000010de58000 0000000104db5940 0000000000000000
[mtlr]   out: 0000007700000000 0000000000004000 0000000041374126 000000000001bdf7
[mtlr] resource2 sel8 flags 470 sz 0x1000 -> kr 0x00000000 rid 119 GPUVA 0x10002490000 cpu 10de58000
[mtlr]   out: 0000010002490000 000000010de58000 0000000104db5940 0000000000000000
[mtlr]   out: 0000007700000000 0000000000004000 0000000041374127 000000000001bdf8
[mtlr] resource2 sel8 flags 470 sz 0x1000 -> kr 0x00000000 rid 119 GPUVA 0x10002490000 cpu 10de58000
[mtlr]   out: 0000010002490000 000000010de58000 0000000104db5940 0000000000000000
[mtlr]   out: 0000007700000000 0000000000004000 0000000041374128 000000000001bdf9
[mtlr] resource2 sel8 flags 470 sz 0x1000 -> kr 0x00000000 rid 119 GPUVA 0x10002490000 cpu 10de58000
[mtlr]   out: 0000010002490000 000000010de58000 0000000104db5940 0000000000000000
[mtlr]   out: 0000007700000000 0000000000004000 0000000041374129 000000000001bdfa
[mtlr] resource2 sel8 flags 470 sz 0x1000 -> kr 0x00000000 rid 119 GPUVA 0x10002490000 cpu 10de58000
[mtlr]   out: 0000010002490000 000000010de58000 0000000104db5940 0000000000000000
[mtlr]   out: 0000007700000000 0000000000004000 000000004137412a 000000000001bdfb
[mtlr] resource2 sel8 flags 470 sz 0x1000 -> kr 0x00000000 rid 119 GPUVA 0x10002490000 cpu 10de58000
[mtlr]   out: 0000010002490000 000000010de58000 0000000104db5940 0000000000000000
[mtlr]   out: 0000007700000000 0000000000004000 000000004137412b 000000000001bdfc
[mtlr] resource2 sel8 flags 470 sz 0x1000 -> kr 0x00000000 rid 119 GPUVA 0x10002490000 cpu 10de58000
[mtlr]   out: 0000010002490000 000000010de58000 0000000104db5940 0000000000000000
[mtlr]   out: 0000007700000000 0000000000004000 000000004137412c 000000000001bdfd
[mtlr] resource2 sel8 flags 470 sz 0x1000 -> kr 0x00000000 rid 119 GPUVA 0x10002490000 cpu 10de58000
[mtlr]   out: 0000010002490000 000000010de58000 0000000104db5940 0000000000000000
[mtlr]   out: 0000007700000000 0000000000004000 000000004137412d 000000000001bdfe
[mtlr] resource2 sel8 flags 470 sz 0x1000 -> kr 0x00000000 rid 119 GPUVA 0x10002490000 cpu 10de58000
[mtlr]   out: 0000010002490000 000000010de58000 0000000104db5940 0000000000000000
[mtlr]   out: 0000007700000000 0000000000004000 000000004137412e 000000000001bdff
[mtlr] resource2 sel8 flags 470 sz 0x1000 -> kr 0x00000000 rid 119 GPUVA 0x10002490000 cpu 10de58000
[mtlr]   out: 0000010002490000 000000010de58000 0000000104db5940 0000000000000000
[mtlr]   out: 0000007700000000 0000000000004000 0000000041374131 000000000001be00
[mtlr] resource2 sel8 flags 470 sz 0x1000 -> kr 0x00000000 rid 119 GPUVA 0x10002490000 cpu 10de58000
[mtlr]   out: 0000010002490000 000000010de58000 0000000104db5940 0000000000000000
[mtlr]   out: 0000007700000000 0000000000004000 0000000041374132 000000000001be01
[mtlr] resource2 sel8 flags 470 sz 0x1000 -> kr 0x00000000 rid 119 GPUVA 0x10002490000 cpu 10de58000
[mtlr]   out: 0000010002490000 000000010de58000 0000000104db5940 0000000000000000
[mtlr]   out: 0000007700000000 0000000000004000 0000000041374135 000000000001be02
[mtlr] resource2 sel8 flags 470 sz 0x1000 -> kr 0x00000000 rid 119 GPUVA 0x10002490000 cpu 10de58000
[mtlr]   out: 0000010002490000 000000010de58000 0000000104db5940 0000000000000000
[mtlr]   out: 0000007700000000 0000000000004000 0000000041374137 000000000001be03
[mtlr] resource2 sel8 flags 470 sz 0x1000 -> kr 0x00000000 rid 119 GPUVA 0x10002490000 cpu 10de58000
[mtlr]   out: 0000010002490000 000000010de58000 0000000104db5940 0000000000000000
[mtlr]   out: 0000007700000000 0000000000004000 0000000041374138 000000000001be04
[mtlr] resource2 sel8 flags 470 sz 0x1000 -> kr 0x00000000 rid 119 GPUVA 0x10002490000 cpu 10de58000
[mtlr]   out: 0000010002490000 000000010de58000 0000000104db5940 0000000000000000
[mtlr]   out: 0000007700000000 0000000000004000 0000000041374139 000000000001be05
[mtlr] resource2 sel8 flags 470 sz 0x1000 -> kr 0x00000000 rid 119 GPUVA 0x10002490000 cpu 10de58000
[mtlr]   out: 0000010002490000 000000010de58000 0000000104db5940 0000000000000000
[mtlr]   out: 0000007700000000 0000000000004000 000000004137413a 000000000001be06
[mtlr] resource2 sel8 flags 470 sz 0x1000 -> kr 0x00000000 rid 119 GPUVA 0x10002490000 cpu 10de58000
[mtlr]   out: 0000010002490000 000000010de58000 0000000104db5940 0000000000000000
[mtlr]   out: 0000007700000000 0000000000004000 000000004137413b 000000000001be07
[mtlr] resource2 sel8 flags 470 sz 0x1000 -> kr 0x00000000 rid 119 GPUVA 0x10002490000 cpu 10de58000
[mtlr]   out: 0000010002490000 000000010de58000 0000000104db5940 0000000000000000
[mtlr]   out: 0000007700000000 0000000000004000 000000004137413c 000000000001be08
[mtlr] resource2 sel8 flags 470 sz 0x1000 -> kr 0x00000000 rid 119 GPUVA 0x10002490000 cpu 10de58000
[mtlr]   out: 0000010002490000 000000010de58000 0000000104db5940 0000000000000000
[mtlr]   out: 0000007700000000 0000000000004000 000000004137413d 000000000001be09
[mtlr] resource2 sel8 flags 470 sz 0x1000 -> kr 0x00000000 rid 119 GPUVA 0x10002490000 cpu 10de58000
[mtlr]   out: 0000010002490000 000000010de58000 0000000104db5940 0000000000000000
[mtlr]   out: 0000007700000000 0000000000004000 000000004137413e 000000000001be0a
[mtlr] resource2 sel8 flags 470 sz 0x1000 -> kr 0x00000000 rid 119 GPUVA 0x10002490000 cpu 10de58000
[mtlr]   out: 0000010002490000 000000010de58000 0000000104db5940 0000000000000000
[mtlr]   out: 0000007700000000 0000000000004000 000000004137413f 000000000001be0b
[mtlr] resource2 sel8 flags 470 sz 0x1000 -> kr 0x00000000 rid 119 GPUVA 0x10002490000 cpu 10de58000
[mtlr]   out: 0000010002490000 000000010de58000 0000000104db5940 0000000000000000
[mtlr]   out: 0000007700000000 0000000000004000 0000000041374140 000000000001be0c
[mtlr] resource2 sel8 flags 470 sz 0x1000 -> kr 0x00000000 rid 119 GPUVA 0x10002490000 cpu 10de58000
[mtlr]   out: 0000010002490000 000000010de58000 0000000104db5940 0000000000000000
[mtlr]   out: 0000007700000000 0000000000004000 0000000041374141 000000000001be0d
[mtlr] resource2 sel8 flags 470 sz 0x1000 -> kr 0x00000000 rid 119 GPUVA 0x10002490000 cpu 10de58000
[mtlr]   out: 0000010002490000 000000010de58000 0000000104db5940 0000000000000000
[mtlr]   out: 0000007700000000 0000000000004000 0000000041374142 000000000001be0e
[mtlr] resource2 sel8 flags 470 sz 0x1000 -> kr 0x00000000 rid 119 GPUVA 0x10002490000 cpu 10de58000
[mtlr]   out: 0000010002490000 000000010de58000 0000000104db5940 0000000000000000
[mtlr]   out: 0000007700000000 0000000000004000 0000000041374143 000000000001be0f
[mtlr] resource2 sel8 flags 470 sz 0x1000 -> kr 0x00000000 rid 119 GPUVA 0x10002490000 cpu 10de58000
[mtlr]   out: 0000010002490000 000000010de58000 0000000104db5940 0000000000000000
[mtlr]   out: 0000007700000000 0000000000004000 0000000041374144 000000000001be10
[mtlr] resource2 sel8 flags 470 sz 0x1000 -> kr 0x00000000 rid 119 GPUVA 0x10002490000 cpu 10de58000
[mtlr]   out: 0000010002490000 000000010de58000 0000000104db5940 0000000000000000
[mtlr]   out: 0000007700000000 0000000000004000 0000000041374145 000000000001be11
[uatrec] S4 r17 (+1s): nvv 8 ncb 8 vsz 0x100000 fill 0x1000000000 destroy0 kr 0x00000000 nj 40
[uatrec] S4 r17 blit[0] slots 7 ridp 1
[uatrec] S4 r17 blit[1] slots 7 ridp 1
[uatrec] S4 r17 blit[2] slots 7 ridp 1
[uatrec] S4 r17 blit[3] slots 7 ridp 1
[uatrec] S4 r17 blit[4] slots 7 ridp 1
[uatrec] S4 r17 blit[5] slots 7 ridp 1
[uatrec] S4 r17 blit[6] slots 7 ridp 1
[uatrec] S4 r17 blit[7] slots 7 ridp 1
[mtlr] resource2 sel8 flags 470 sz 0x100000 -> kr 0x00000000 rid 119 GPUVA 0x10002490000 cpu 10e544000
[mtlr]   out: 0000010002490000 000000010e544000 0000000104db5940 0000000000000000
[mtlr]   out: 0000007700000000 0000000000100000 0000000041374158 000000000001be14
[uatrec] S4 r18 victim[0] rid 119 gpuva 0x10002490000 cpu 0x10e544000 (top-of-stack)
[mtlr] resource2 sel8 flags 470 sz 0x100000 -> kr 0x00000000 rid 120 GPUVA 0x10002598000 cpu 10e6b4000
[mtlr]   out: 0000010002598000 000000010e6b4000 0000000104db5a00 0000000000000000
[mtlr]   out: 0000007800000000 0000000000100000 0000000041374159 000000000001be15
[uatrec] S4 r18 victim[1] rid 120 gpuva 0x10002598000 cpu 0x10e6b4000 (top-of-stack)
[mtlr] resource2 sel8 flags 470 sz 0x100000 -> kr 0x00000000 rid 121 GPUVA 0x100026a0000 cpu 10ec28000
[mtlr]   out: 00000100026a0000 000000010ec28000 0000000104db5ac0 0000000000000000
[mtlr]   out: 0000007900000000 0000000000100000 000000004137415a 000000000001be16
[uatrec] S4 r18 victim[2] rid 121 gpuva 0x100026a0000 cpu 0x10ec28000 (top-of-stack)
[mtlr] resource2 sel8 flags 470 sz 0x100000 -> kr 0x00000000 rid 122 GPUVA 0x100027a8000 cpu 10ed94000
[mtlr]   out: 00000100027a8000 000000010ed94000 0000000104db5b80 0000000000000000
[mtlr]   out: 0000007a00000000 0000000000100000 000000004137415b 000000000001be17
[uatrec] S4 r18 victim[3] rid 122 gpuva 0x100027a8000 cpu 0x10ed94000 (top-of-stack)
[mtlr] resource2 sel8 flags 470 sz 0x100000 -> kr 0x00000000 rid 123 GPUVA 0x100028b0000 cpu 10d958000
[mtlr]   out: 00000100028b0000 000000010d958000 0000000104db5c40 0000000000000000
[mtlr]   out: 0000007b00000000 0000000000100000 000000004137415c 000000000001be18
[uatrec] S4 r18 victim[4] rid 123 gpuva 0x100028b0000 cpu 0x10d958000 (top-of-stack)
[mtlr] resource2 sel8 flags 470 sz 0x100000 -> kr 0x00000000 rid 124 GPUVA 0x100029b8000 cpu 10da58000
[mtlr]   out: 00000100029b8000 000000010da58000 0000000104db5d00 0000000000000000
[mtlr]   out: 0000007c00000000 0000000000100000 0000000041374160 000000000001be19
[uatrec] S4 r18 victim[5] rid 124 gpuva 0x100029b8000 cpu 0x10da58000 (top-of-stack)
[mtlr] resource2 sel8 flags 470 sz 0x100000 -> kr 0x00000000 rid 125 GPUVA 0x10002ac0000 cpu 10db58000
[mtlr]   out: 0000010002ac0000 000000010db58000 0000000104db5dc0 0000000000000000
[mtlr]   out: 0000007d00000000 0000000000100000 0000000041374169 000000000001be1a
[uatrec] S4 r18 victim[6] rid 125 gpuva 0x10002ac0000 cpu 0x10db58000 (top-of-stack)
[mtlr] resource2 sel8 flags 470 sz 0x100000 -> kr 0x00000000 rid 126 GPUVA 0x10002bc8000 cpu 10dc58000
[mtlr]   out: 0000010002bc8000 000000010dc58000 0000000104db5e80 0000000000000000
[mtlr]   out: 0000007e00000000 0000000000100000 000000004137416b 000000000001be1b
[uatrec] S4 r18 victim[7] rid 126 gpuva 0x10002bc8000 cpu 0x10dc58000 (top-of-stack)
[mtlr] resource2 sel8 flags 470 sz 0x1000 -> kr 0x00000000 rid 119 GPUVA 0x10002490000 cpu 10de58000
[mtlr]   out: 0000010002490000 000000010de58000 0000000104db5940 0000000000000000
[mtlr]   out: 0000007700000000 0000000000004000 000000004137417d 000000000001be25
[mtlr] resource2 sel8 flags 470 sz 0x1000 -> kr 0x00000000 rid 119 GPUVA 0x10002490000 cpu 10de58000
[mtlr]   out: 0000010002490000 000000010de58000 0000000104db5940 0000000000000000
[mtlr]   out: 0000007700000000 0000000000004000 0000000041374180 000000000001be26
[mtlr] resource2 sel8 flags 470 sz 0x1000 -> kr 0x00000000 rid 119 GPUVA 0x10002490000 cpu 10de58000
[mtlr]   out: 0000010002490000 000000010de58000 0000000104db5940 0000000000000000
[mtlr]   out: 0000007700000000 0000000000004000 0000000041374181 000000000001be27
[mtlr] resource2 sel8 flags 470 sz 0x1000 -> kr 0x00000000 rid 119 GPUVA 0x10002490000 cpu 10de58000
[mtlr]   out: 0000010002490000 000000010de58000 0000000104db5940 0000000000000000
[mtlr]   out: 0000007700000000 0000000000004000 0000000041374184 000000000001be28
[mtlr] resource2 sel8 flags 470 sz 0x1000 -> kr 0x00000000 rid 119 GPUVA 0x10002490000 cpu 10de58000
[mtlr]   out: 0000010002490000 000000010de58000 0000000104db5940 0000000000000000
[mtlr]   out: 0000007700000000 0000000000004000 0000000041374186 000000000001be29
[mtlr] resource2 sel8 flags 470 sz 0x1000 -> kr 0x00000000 rid 119 GPUVA 0x10002490000 cpu 10de58000
[mtlr]   out: 0000010002490000 000000010de58000 0000000104db5940 0000000000000000
[mtlr]   out: 0000007700000000 0000000000004000 0000000041374187 000000000001be2a
[mtlr] resource2 sel8 flags 470 sz 0x1000 -> kr 0x00000000 rid 119 GPUVA 0x10002490000 cpu 10de58000
[mtlr]   out: 0000010002490000 000000010de58000 0000000104db5940 0000000000000000
[mtlr]   out: 0000007700000000 0000000000004000 0000000041374188 000000000001be2b
[mtlr] resource2 sel8 flags 470 sz 0x1000 -> kr 0x00000000 rid 119 GPUVA 0x10002490000 cpu 10de58000
[mtlr]   out: 0000010002490000 000000010de58000 0000000104db5940 0000000000000000
[mtlr]   out: 0000007700000000 0000000000004000 0000000041374189 000000000001be2c
[mtlr] resource2 sel8 flags 470 sz 0x1000 -> kr 0x00000000 rid 119 GPUVA 0x10002490000 cpu 10de58000
[mtlr]   out: 0000010002490000 000000010de58000 0000000104db5940 0000000000000000
[mtlr]   out: 0000007700000000 0000000000004000 000000004137418a 000000000001be2d
[mtlr] resource2 sel8 flags 470 sz 0x1000 -> kr 0x00000000 rid 119 GPUVA 0x10002490000 cpu 10de58000
[mtlr]   out: 0000010002490000 000000010de58000 0000000104db5940 0000000000000000
[mtlr]   out: 0000007700000000 0000000000004000 000000004137418b 000000000001be2e
[mtlr] resource2 sel8 flags 470 sz 0x1000 -> kr 0x00000000 rid 119 GPUVA 0x10002490000 cpu 10de58000
[mtlr]   out: 0000010002490000 000000010de58000 0000000104db5940 0000000000000000
[mtlr]   out: 0000007700000000 0000000000004000 000000004137418c 000000000001be2f
[mtlr] resource2 sel8 flags 470 sz 0x1000 -> kr 0x00000000 rid 119 GPUVA 0x10002490000 cpu 10de58000
[mtlr]   out: 0000010002490000 000000010de58000 0000000104db5940 0000000000000000
[mtlr]   out: 0000007700000000 0000000000004000 000000004137418d 000000000001be30
[mtlr] resource2 sel8 flags 470 sz 0x1000 -> kr 0x00000000 rid 119 GPUVA 0x10002490000 cpu 10de58000
[mtlr]   out: 0000010002490000 000000010de58000 0000000104db5940 0000000000000000
[mtlr]   out: 0000007700000000 0000000000004000 000000004137418e 000000000001be31
[mtlr] resource2 sel8 flags 470 sz 0x1000 -> kr 0x00000000 rid 119 GPUVA 0x10002490000 cpu 10de58000
[mtlr]   out: 0000010002490000 000000010de58000 0000000104db5940 0000000000000000
[mtlr]   out: 0000007700000000 0000000000004000 000000004137418f 000000000001be32
[mtlr] resource2 sel8 flags 470 sz 0x1000 -> kr 0x00000000 rid 119 GPUVA 0x10002490000 cpu 10de58000
[mtlr]   out: 0000010002490000 000000010de58000 0000000104db5940 0000000000000000
[mtlr]   out: 0000007700000000 0000000000004000 0000000041374190 000000000001be33
[mtlr] resource2 sel8 flags 470 sz 0x1000 -> kr 0x00000000 rid 119 GPUVA 0x10002490000 cpu 10de58000
[mtlr]   out: 0000010002490000 000000010de58000 0000000104db5940 0000000000000000
[mtlr]   out: 0000007700000000 0000000000004000 0000000041374191 000000000001be34
[mtlr] resource2 sel8 flags 470 sz 0x1000 -> kr 0x00000000 rid 119 GPUVA 0x10002490000 cpu 10de58000
[mtlr]   out: 0000010002490000 000000010de58000 0000000104db5940 0000000000000000
[mtlr]   out: 0000007700000000 0000000000004000 0000000041374192 000000000001be35
[mtlr] resource2 sel8 flags 470 sz 0x1000 -> kr 0x00000000 rid 119 GPUVA 0x10002490000 cpu 10de58000
[mtlr]   out: 0000010002490000 000000010de58000 0000000104db5940 0000000000000000
[mtlr]   out: 0000007700000000 0000000000004000 0000000041374193 000000000001be36
[mtlr] resource2 sel8 flags 470 sz 0x1000 -> kr 0x00000000 rid 119 GPUVA 0x10002490000 cpu 10de58000
[mtlr]   out: 0000010002490000 000000010de58000 0000000104db5940 0000000000000000
[mtlr]   out: 0000007700000000 0000000000004000 0000000041374194 000000000001be37
[mtlr] resource2 sel8 flags 470 sz 0x1000 -> kr 0x00000000 rid 119 GPUVA 0x10002490000 cpu 10de58000
[mtlr]   out: 0000010002490000 000000010de58000 0000000104db5940 0000000000000000
[mtlr]   out: 0000007700000000 0000000000004000 0000000041374195 000000000001be38
[mtlr] resource2 sel8 flags 470 sz 0x1000 -> kr 0x00000000 rid 119 GPUVA 0x10002490000 cpu 10de58000
[mtlr]   out: 0000010002490000 000000010de58000 0000000104db5940 0000000000000000
[mtlr]   out: 0000007700000000 0000000000004000 0000000041374196 000000000001be39
[mtlr] resource2 sel8 flags 470 sz 0x1000 -> kr 0x00000000 rid 119 GPUVA 0x10002490000 cpu 10de58000
[mtlr]   out: 0000010002490000 000000010de58000 0000000104db5940 0000000000000000
[mtlr]   out: 0000007700000000 0000000000004000 0000000041374197 000000000001be3a
[mtlr] resource2 sel8 flags 470 sz 0x1000 -> kr 0x00000000 rid 119 GPUVA 0x10002490000 cpu 10de58000
[mtlr]   out: 0000010002490000 000000010de58000 0000000104db5940 0000000000000000
[mtlr]   out: 0000007700000000 0000000000004000 0000000041374198 000000000001be3b
[mtlr] resource2 sel8 flags 470 sz 0x1000 -> kr 0x00000000 rid 119 GPUVA 0x10002490000 cpu 10de58000
[mtlr]   out: 0000010002490000 000000010de58000 0000000104db5940 0000000000000000
[mtlr]   out: 0000007700000000 0000000000004000 0000000041374199 000000000001be3c
[mtlr] resource2 sel8 flags 470 sz 0x1000 -> kr 0x00000000 rid 119 GPUVA 0x10002490000 cpu 10de58000
[mtlr]   out: 0000010002490000 000000010de58000 0000000104db5940 0000000000000000
[mtlr]   out: 0000007700000000 0000000000004000 000000004137419a 000000000001be3d
[mtlr] resource2 sel8 flags 470 sz 0x1000 -> kr 0x00000000 rid 119 GPUVA 0x10002490000 cpu 10de58000
[mtlr]   out: 0000010002490000 000000010de58000 0000000104db5940 0000000000000000
[mtlr]   out: 0000007700000000 0000000000004000 000000004137419b 000000000001be3e
[mtlr] resource2 sel8 flags 470 sz 0x1000 -> kr 0x00000000 rid 119 GPUVA 0x10002490000 cpu 10de58000
[mtlr]   out: 0000010002490000 000000010de58000 0000000104db5940 0000000000000000
[mtlr]   out: 0000007700000000 0000000000004000 000000004137419c 000000000001be3f
[mtlr] resource2 sel8 flags 470 sz 0x1000 -> kr 0x00000000 rid 119 GPUVA 0x10002490000 cpu 10de58000
[mtlr]   out: 0000010002490000 000000010de58000 0000000104db5940 0000000000000000
[mtlr]   out: 0000007700000000 0000000000004000 000000004137419d 000000000001be40
[mtlr] resource2 sel8 flags 470 sz 0x1000 -> kr 0x00000000 rid 119 GPUVA 0x10002490000 cpu 10de58000
[mtlr]   out: 0000010002490000 000000010de58000 0000000104db5940 0000000000000000
[mtlr]   out: 0000007700000000 0000000000004000 000000004137419e 000000000001be41
[mtlr] resource2 sel8 flags 470 sz 0x1000 -> kr 0x00000000 rid 119 GPUVA 0x10002490000 cpu 10de58000
[mtlr]   out: 0000010002490000 000000010de58000 0000000104db5940 0000000000000000
[mtlr]   out: 0000007700000000 0000000000004000 000000004137419f 000000000001be42
[mtlr] resource2 sel8 flags 470 sz 0x1000 -> kr 0x00000000 rid 119 GPUVA 0x10002490000 cpu 10de58000
[mtlr]   out: 0000010002490000 000000010de58000 0000000104db5940 0000000000000000
[mtlr]   out: 0000007700000000 0000000000004000 00000000413741a0 000000000001be43
[mtlr] resource2 sel8 flags 470 sz 0x1000 -> kr 0x00000000 rid 119 GPUVA 0x10002490000 cpu 10de58000
[mtlr]   out: 0000010002490000 000000010de58000 0000000104db5940 0000000000000000
[mtlr]   out: 0000007700000000 0000000000004000 00000000413741a1 000000000001be44
[mtlr] resource2 sel8 flags 470 sz 0x1000 -> kr 0x00000000 rid 119 GPUVA 0x10002490000 cpu 10de58000
[mtlr]   out: 0000010002490000 000000010de58000 0000000104db5940 0000000000000000
[mtlr]   out: 0000007700000000 0000000000004000 00000000413741a2 000000000001be45
[mtlr] resource2 sel8 flags 470 sz 0x1000 -> kr 0x00000000 rid 119 GPUVA 0x10002490000 cpu 10de58000
[mtlr]   out: 0000010002490000 000000010de58000 0000000104db5940 0000000000000000
[mtlr]   out: 0000007700000000 0000000000004000 00000000413741a3 000000000001be46
[mtlr] resource2 sel8 flags 470 sz 0x1000 -> kr 0x00000000 rid 119 GPUVA 0x10002490000 cpu 10de58000
[mtlr]   out: 0000010002490000 000000010de58000 0000000104db5940 0000000000000000
[mtlr]   out: 0000007700000000 0000000000004000 00000000413741a4 000000000001be47
[mtlr] resource2 sel8 flags 470 sz 0x1000 -> kr 0x00000000 rid 119 GPUVA 0x10002490000 cpu 10de58000
[mtlr]   out: 0000010002490000 000000010de58000 0000000104db5940 0000000000000000
[mtlr]   out: 0000007700000000 0000000000004000 00000000413741a5 000000000001be48
[mtlr] resource2 sel8 flags 470 sz 0x1000 -> kr 0x00000000 rid 119 GPUVA 0x10002490000 cpu 10de58000
[mtlr]   out: 0000010002490000 000000010de58000 0000000104db5940 0000000000000000
[mtlr]   out: 0000007700000000 0000000000004000 00000000413741a6 000000000001be49
[mtlr] resource2 sel8 flags 470 sz 0x1000 -> kr 0x00000000 rid 119 GPUVA 0x10002490000 cpu 10de58000
[mtlr]   out: 0000010002490000 000000010de58000 0000000104db5940 0000000000000000
[mtlr]   out: 0000007700000000 0000000000004000 00000000413741a7 000000000001be4a
[mtlr] resource2 sel8 flags 470 sz 0x1000 -> kr 0x00000000 rid 119 GPUVA 0x10002490000 cpu 10de58000
[mtlr]   out: 0000010002490000 000000010de58000 0000000104db5940 0000000000000000
[mtlr]   out: 0000007700000000 0000000000004000 00000000413741a8 000000000001be4b
[mtlr] resource2 sel8 flags 470 sz 0x1000 -> kr 0x00000000 rid 119 GPUVA 0x10002490000 cpu 10de58000
[mtlr]   out: 0000010002490000 000000010de58000 0000000104db5940 0000000000000000
[mtlr]   out: 0000007700000000 0000000000004000 00000000413741a9 000000000001be4c
[uatrec] S4 r18 (+1s): nvv 8 ncb 8 vsz 0x100000 fill 0x1000000000 destroy0 kr 0x00000000 nj 40
[uatrec] S4 r18 blit[0] slots 7 ridp 1
[uatrec] S4 r18 blit[1] slots 7 ridp 1
[uatrec] S4 r18 blit[2] slots 7 ridp 1
[uatrec] S4 r18 blit[3] slots 7 ridp 1
[uatrec] S4 r18 blit[4] slots 7 ridp 1
[uatrec] S4 r18 blit[5] slots 7 ridp 1
[uatrec] S4 r18 blit[6] slots 7 ridp 1
[uatrec] S4 r18 blit[7] slots 7 ridp 1
[mtlr] resource2 sel8 flags 470 sz 0x100000 -> kr 0x00000000 rid 119 GPUVA 0x10002490000 cpu 10df54000
[mtlr]   out: 0000010002490000 000000010df54000 0000000104db5940 0000000000000000
[mtlr]   out: 0000007700000000 0000000000100000 00000000413741d6 000000000001be4f
[uatrec] S4 r19 victim[0] rid 119 gpuva 0x10002490000 cpu 0x10df54000 (top-of-stack)
[mtlr] resource2 sel8 flags 470 sz 0x100000 -> kr 0x00000000 rid 120 GPUVA 0x10002598000 cpu 10e168000
[mtlr]   out: 0000010002598000 000000010e168000 0000000104db5a00 0000000000000000
[mtlr]   out: 0000007800000000 0000000000100000 00000000413741d7 000000000001be50
[uatrec] S4 r19 victim[1] rid 120 gpuva 0x10002598000 cpu 0x10e168000 (top-of-stack)
[mtlr] resource2 sel8 flags 470 sz 0x100000 -> kr 0x00000000 rid 121 GPUVA 0x100026a0000 cpu 10e2d4000
[mtlr]   out: 00000100026a0000 000000010e2d4000 0000000104db5ac0 0000000000000000
[mtlr]   out: 0000007900000000 0000000000100000 00000000413741d8 000000000001be51
[uatrec] S4 r19 victim[2] rid 121 gpuva 0x100026a0000 cpu 0x10e2d4000 (top-of-stack)
[mtlr] resource2 sel8 flags 470 sz 0x100000 -> kr 0x00000000 rid 122 GPUVA 0x100027a8000 cpu 10e3d4000
[mtlr]   out: 00000100027a8000 000000010e3d4000 0000000104db5b80 0000000000000000
[mtlr]   out: 0000007a00000000 0000000000100000 00000000413741d9 000000000001be52
[uatrec] S4 r19 victim[3] rid 122 gpuva 0x100027a8000 cpu 0x10e3d4000 (top-of-stack)
[mtlr] resource2 sel8 flags 470 sz 0x100000 -> kr 0x00000000 rid 123 GPUVA 0x100028b0000 cpu 10e544000
[mtlr]   out: 00000100028b0000 000000010e544000 0000000104db5c40 0000000000000000
[mtlr]   out: 0000007b00000000 0000000000100000 00000000413741dc 000000000001be53
[uatrec] S4 r19 victim[4] rid 123 gpuva 0x100028b0000 cpu 0x10e544000 (top-of-stack)
[mtlr] resource2 sel8 flags 470 sz 0x100000 -> kr 0x00000000 rid 124 GPUVA 0x100029b8000 cpu 10d958000
[mtlr]   out: 00000100029b8000 000000010d958000 0000000104db5d00 0000000000000000
[mtlr]   out: 0000007c00000000 0000000000100000 00000000413741e8 000000000001be54
[uatrec] S4 r19 victim[5] rid 124 gpuva 0x100029b8000 cpu 0x10d958000 (top-of-stack)
[mtlr] resource2 sel8 flags 470 sz 0x100000 -> kr 0x00000000 rid 125 GPUVA 0x10002ac0000 cpu 10da58000
[mtlr]   out: 0000010002ac0000 000000010da58000 0000000104db5dc0 0000000000000000
[mtlr]   out: 0000007d00000000 0000000000100000 00000000413741ea 000000000001be55
[uatrec] S4 r19 victim[6] rid 125 gpuva 0x10002ac0000 cpu 0x10da58000 (top-of-stack)
[mtlr] resource2 sel8 flags 470 sz 0x100000 -> kr 0x00000000 rid 126 GPUVA 0x10002bc8000 cpu 10db58000
[mtlr]   out: 0000010002bc8000 000000010db58000 0000000104db5e80 0000000000000000
[mtlr]   out: 0000007e00000000 0000000000100000 00000000413741f1 000000000001be56
[uatrec] S4 r19 victim[7] rid 126 gpuva 0x10002bc8000 cpu 0x10db58000 (top-of-stack)
[mtlr] resource2 sel8 flags 470 sz 0x1000 -> kr 0x00000000 rid 119 GPUVA 0x10002490000 cpu 10de58000
[mtlr]   out: 0000010002490000 000000010de58000 0000000104db5940 0000000000000000
[mtlr]   out: 0000007700000000 0000000000004000 0000000041374207 000000000001be60
[mtlr] resource2 sel8 flags 470 sz 0x1000 -> kr 0x00000000 rid 119 GPUVA 0x10002490000 cpu 10de58000
[mtlr]   out: 0000010002490000 000000010de58000 0000000104db5940 0000000000000000
[mtlr]   out: 0000007700000000 0000000000004000 0000000041374209 000000000001be61
[mtlr] resource2 sel8 flags 470 sz 0x1000 -> kr 0x00000000 rid 119 GPUVA 0x10002490000 cpu 10de58000
[mtlr]   out: 0000010002490000 000000010de58000 0000000104db5940 0000000000000000
[mtlr]   out: 0000007700000000 0000000000004000 000000004137420c 000000000001be62
[mtlr] resource2 sel8 flags 470 sz 0x1000 -> kr 0x00000000 rid 119 GPUVA 0x10002490000 cpu 10de58000
[mtlr]   out: 0000010002490000 000000010de58000 0000000104db5940 0000000000000000
[mtlr]   out: 0000007700000000 0000000000004000 000000004137420f 000000000001be63
[mtlr] resource2 sel8 flags 470 sz 0x1000 -> kr 0x00000000 rid 119 GPUVA 0x10002490000 cpu 10de58000
[mtlr]   out: 0000010002490000 000000010de58000 0000000104db5940 0000000000000000
[mtlr]   out: 0000007700000000 0000000000004000 0000000041374213 000000000001be64
[mtlr] resource2 sel8 flags 470 sz 0x1000 -> kr 0x00000000 rid 119 GPUVA 0x10002490000 cpu 10de58000
[mtlr]   out: 0000010002490000 000000010de58000 0000000104db5940 0000000000000000
[mtlr]   out: 0000007700000000 0000000000004000 0000000041374215 000000000001be65
[mtlr] resource2 sel8 flags 470 sz 0x1000 -> kr 0x00000000 rid 119 GPUVA 0x10002490000 cpu 10de58000
[mtlr]   out: 0000010002490000 000000010de58000 0000000104db5940 0000000000000000
[mtlr]   out: 0000007700000000 0000000000004000 0000000041374216 000000000001be66
[mtlr] resource2 sel8 flags 470 sz 0x1000 -> kr 0x00000000 rid 119 GPUVA 0x10002490000 cpu 10de58000
[mtlr]   out: 0000010002490000 000000010de58000 0000000104db5940 0000000000000000
[mtlr]   out: 0000007700000000 0000000000004000 0000000041374217 000000000001be67
[mtlr] resource2 sel8 flags 470 sz 0x1000 -> kr 0x00000000 rid 119 GPUVA 0x10002490000 cpu 10de58000
[mtlr]   out: 0000010002490000 000000010de58000 0000000104db5940 0000000000000000
[mtlr]   out: 0000007700000000 0000000000004000 0000000041374218 000000000001be68
[mtlr] resource2 sel8 flags 470 sz 0x1000 -> kr 0x00000000 rid 119 GPUVA 0x10002490000 cpu 10de58000
[mtlr]   out: 0000010002490000 000000010de58000 0000000104db5940 0000000000000000
[mtlr]   out: 0000007700000000 0000000000004000 0000000041374219 000000000001be69
[mtlr] resource2 sel8 flags 470 sz 0x1000 -> kr 0x00000000 rid 119 GPUVA 0x10002490000 cpu 10de58000
[mtlr]   out: 0000010002490000 000000010de58000 0000000104db5940 0000000000000000
[mtlr]   out: 0000007700000000 0000000000004000 000000004137421a 000000000001be6a
[mtlr] resource2 sel8 flags 470 sz 0x1000 -> kr 0x00000000 rid 119 GPUVA 0x10002490000 cpu 10de58000
[mtlr]   out: 0000010002490000 000000010de58000 0000000104db5940 0000000000000000
[mtlr]   out: 0000007700000000 0000000000004000 000000004137421b 000000000001be6b
[mtlr] resource2 sel8 flags 470 sz 0x1000 -> kr 0x00000000 rid 119 GPUVA 0x10002490000 cpu 10de58000
[mtlr]   out: 0000010002490000 000000010de58000 0000000104db5940 0000000000000000
[mtlr]   out: 0000007700000000 0000000000004000 000000004137421c 000000000001be6c
[mtlr] resource2 sel8 flags 470 sz 0x1000 -> kr 0x00000000 rid 119 GPUVA 0x10002490000 cpu 10de58000
[mtlr]   out: 0000010002490000 000000010de58000 0000000104db5940 0000000000000000
[mtlr]   out: 0000007700000000 0000000000004000 000000004137421d 000000000001be6d
[mtlr] resource2 sel8 flags 470 sz 0x1000 -> kr 0x00000000 rid 119 GPUVA 0x10002490000 cpu 10de58000
[mtlr]   out: 0000010002490000 000000010de58000 0000000104db5940 0000000000000000
[mtlr]   out: 0000007700000000 0000000000004000 000000004137421e 000000000001be6e
[mtlr] resource2 sel8 flags 470 sz 0x1000 -> kr 0x00000000 rid 119 GPUVA 0x10002490000 cpu 10de58000
[mtlr]   out: 0000010002490000 000000010de58000 0000000104db5940 0000000000000000
[mtlr]   out: 0000007700000000 0000000000004000 000000004137421f 000000000001be6f
[mtlr] resource2 sel8 flags 470 sz 0x1000 -> kr 0x00000000 rid 119 GPUVA 0x10002490000 cpu 10de58000
[mtlr]   out: 0000010002490000 000000010de58000 0000000104db5940 0000000000000000
[mtlr]   out: 0000007700000000 0000000000004000 0000000041374220 000000000001be70
[mtlr] resource2 sel8 flags 470 sz 0x1000 -> kr 0x00000000 rid 119 GPUVA 0x10002490000 cpu 10de58000
[mtlr]   out: 0000010002490000 000000010de58000 0000000104db5940 0000000000000000
[mtlr]   out: 0000007700000000 0000000000004000 0000000041374221 000000000001be71
[mtlr] resource2 sel8 flags 470 sz 0x1000 -> kr 0x00000000 rid 119 GPUVA 0x10002490000 cpu 10de58000
[mtlr]   out: 0000010002490000 000000010de58000 0000000104db5940 0000000000000000
[mtlr]   out: 0000007700000000 0000000000004000 0000000041374222 000000000001be72
[mtlr] resource2 sel8 flags 470 sz 0x1000 -> kr 0x00000000 rid 119 GPUVA 0x10002490000 cpu 10de58000
[mtlr]   out: 0000010002490000 000000010de58000 0000000104db5940 0000000000000000
[mtlr]   out: 0000007700000000 0000000000004000 0000000041374223 000000000001be73
[mtlr] resource2 sel8 flags 470 sz 0x1000 -> kr 0x00000000 rid 119 GPUVA 0x10002490000 cpu 10de58000
[mtlr]   out: 0000010002490000 000000010de58000 0000000104db5940 0000000000000000
[mtlr]   out: 0000007700000000 0000000000004000 0000000041374224 000000000001be74
[mtlr] resource2 sel8 flags 470 sz 0x1000 -> kr 0x00000000 rid 119 GPUVA 0x10002490000 cpu 10de58000
[mtlr]   out: 0000010002490000 000000010de58000 0000000104db5940 0000000000000000
[mtlr]   out: 0000007700000000 0000000000004000 0000000041374225 000000000001be75
[mtlr] resource2 sel8 flags 470 sz 0x1000 -> kr 0x00000000 rid 119 GPUVA 0x10002490000 cpu 10de58000
[mtlr]   out: 0000010002490000 000000010de58000 0000000104db5940 0000000000000000
[mtlr]   out: 0000007700000000 0000000000004000 0000000041374226 000000000001be76
[mtlr] resource2 sel8 flags 470 sz 0x1000 -> kr 0x00000000 rid 119 GPUVA 0x10002490000 cpu 10de58000
[mtlr]   out: 0000010002490000 000000010de58000 0000000104db5940 0000000000000000
[mtlr]   out: 0000007700000000 0000000000004000 0000000041374227 000000000001be77
[mtlr] resource2 sel8 flags 470 sz 0x1000 -> kr 0x00000000 rid 119 GPUVA 0x10002490000 cpu 10de58000
[mtlr]   out: 0000010002490000 000000010de58000 0000000104db5940 0000000000000000
[mtlr]   out: 0000007700000000 0000000000004000 0000000041374228 000000000001be78
[mtlr] resource2 sel8 flags 470 sz 0x1000 -> kr 0x00000000 rid 119 GPUVA 0x10002490000 cpu 10de58000
[mtlr]   out: 0000010002490000 000000010de58000 0000000104db5940 0000000000000000
[mtlr]   out: 0000007700000000 0000000000004000 0000000041374229 000000000001be79
[mtlr] resource2 sel8 flags 470 sz 0x1000 -> kr 0x00000000 rid 119 GPUVA 0x10002490000 cpu 10de58000
[mtlr]   out: 0000010002490000 000000010de58000 0000000104db5940 0000000000000000
[mtlr]   out: 0000007700000000 0000000000004000 000000004137422a 000000000001be7a
[mtlr] resource2 sel8 flags 470 sz 0x1000 -> kr 0x00000000 rid 119 GPUVA 0x10002490000 cpu 10de58000
[mtlr]   out: 0000010002490000 000000010de58000 0000000104db5940 0000000000000000
[mtlr]   out: 0000007700000000 0000000000004000 000000004137422b 000000000001be7b
[mtlr] resource2 sel8 flags 470 sz 0x1000 -> kr 0x00000000 rid 119 GPUVA 0x10002490000 cpu 10de58000
[mtlr]   out: 0000010002490000 000000010de58000 0000000104db5940 0000000000000000
[mtlr]   out: 0000007700000000 0000000000004000 000000004137422c 000000000001be7c
[mtlr] resource2 sel8 flags 470 sz 0x1000 -> kr 0x00000000 rid 119 GPUVA 0x10002490000 cpu 10de58000
[mtlr]   out: 0000010002490000 000000010de58000 0000000104db5940 0000000000000000
[mtlr]   out: 0000007700000000 0000000000004000 000000004137422d 000000000001be7d
[mtlr] resource2 sel8 flags 470 sz 0x1000 -> kr 0x00000000 rid 119 GPUVA 0x10002490000 cpu 10de58000
[mtlr]   out: 0000010002490000 000000010de58000 0000000104db5940 0000000000000000
[mtlr]   out: 0000007700000000 0000000000004000 000000004137422e 000000000001be7e
[mtlr] resource2 sel8 flags 470 sz 0x1000 -> kr 0x00000000 rid 119 GPUVA 0x10002490000 cpu 10de58000
[mtlr]   out: 0000010002490000 000000010de58000 0000000104db5940 0000000000000000
[mtlr]   out: 0000007700000000 0000000000004000 000000004137422f 000000000001be7f
[mtlr] resource2 sel8 flags 470 sz 0x1000 -> kr 0x00000000 rid 119 GPUVA 0x10002490000 cpu 10de58000
[mtlr]   out: 0000010002490000 000000010de58000 0000000104db5940 0000000000000000
[mtlr]   out: 0000007700000000 0000000000004000 0000000041374230 000000000001be80
[mtlr] resource2 sel8 flags 470 sz 0x1000 -> kr 0x00000000 rid 119 GPUVA 0x10002490000 cpu 10de58000
[mtlr]   out: 0000010002490000 000000010de58000 0000000104db5940 0000000000000000
[mtlr]   out: 0000007700000000 0000000000004000 0000000041374231 000000000001be81
[mtlr] resource2 sel8 flags 470 sz 0x1000 -> kr 0x00000000 rid 119 GPUVA 0x10002490000 cpu 10de58000
[mtlr]   out: 0000010002490000 000000010de58000 0000000104db5940 0000000000000000
[mtlr]   out: 0000007700000000 0000000000004000 0000000041374232 000000000001be82
[mtlr] resource2 sel8 flags 470 sz 0x1000 -> kr 0x00000000 rid 119 GPUVA 0x10002490000 cpu 10de58000
[mtlr]   out: 0000010002490000 000000010de58000 0000000104db5940 0000000000000000
[mtlr]   out: 0000007700000000 0000000000004000 0000000041374233 000000000001be83
[mtlr] resource2 sel8 flags 470 sz 0x1000 -> kr 0x00000000 rid 119 GPUVA 0x10002490000 cpu 10de58000
[mtlr]   out: 0000010002490000 000000010de58000 0000000104db5940 0000000000000000
[mtlr]   out: 0000007700000000 0000000000004000 0000000041374234 000000000001be84
[mtlr] resource2 sel8 flags 470 sz 0x1000 -> kr 0x00000000 rid 119 GPUVA 0x10002490000 cpu 10de58000
[mtlr]   out: 0000010002490000 000000010de58000 0000000104db5940 0000000000000000
[mtlr]   out: 0000007700000000 0000000000004000 0000000041374235 000000000001be85
[mtlr] resource2 sel8 flags 470 sz 0x1000 -> kr 0x00000000 rid 119 GPUVA 0x10002490000 cpu 10de58000
[mtlr]   out: 0000010002490000 000000010de58000 0000000104db5940 0000000000000000
[mtlr]   out: 0000007700000000 0000000000004000 0000000041374236 000000000001be86
[mtlr] resource2 sel8 flags 470 sz 0x1000 -> kr 0x00000000 rid 119 GPUVA 0x10002490000 cpu 10de58000
[mtlr]   out: 0000010002490000 000000010de58000 0000000104db5940 0000000000000000
[mtlr]   out: 0000007700000000 0000000000004000 0000000041374237 000000000001be87
[uatrec] S4 r19 (+1s): nvv 8 ncb 8 vsz 0x100000 fill 0x1000000000 destroy0 kr 0x00000000 nj 40
[uatrec] S4 r19 blit[0] slots 7 ridp 1
[uatrec] S4 r19 blit[1] slots 7 ridp 1
[uatrec] S4 r19 blit[2] slots 7 ridp 1
[uatrec] S4 r19 blit[3] slots 7 ridp 1
[uatrec] S4 r19 blit[4] slots 7 ridp 1
[uatrec] S4 r19 blit[5] slots 7 ridp 1
[uatrec] S4 r19 blit[6] slots 7 ridp 1
[uatrec] S4 r19 blit[7] slots 7 ridp 1
[uatrec] S4 heartbeat: round 20 done, t=1s (alive)
[mtlr] resource2 sel8 flags 470 sz 0x100000 -> kr 0x00000000 rid 119 GPUVA 0x10002490000 cpu 10d958000
[mtlr]   out: 0000010002490000 000000010d958000 0000000104db5940 0000000000000000
[mtlr]   out: 0000007700000000 0000000000100000 0000000041374262 000000000001be8a
[uatrec] S4 r20 victim[0] rid 119 gpuva 0x10002490000 cpu 0x10d958000 (top-of-stack)
[mtlr] resource2 sel8 flags 470 sz 0x100000 -> kr 0x00000000 rid 120 GPUVA 0x10002598000 cpu 10da58000
[mtlr]   out: 0000010002598000 000000010da58000 0000000104db5a00 0000000000000000
[mtlr]   out: 0000007800000000 0000000000100000 0000000041374263 000000000001be8b
[uatrec] S4 r20 victim[1] rid 120 gpuva 0x10002598000 cpu 0x10da58000 (top-of-stack)
[mtlr] resource2 sel8 flags 470 sz 0x100000 -> kr 0x00000000 rid 121 GPUVA 0x100026a0000 cpu 10db58000
[mtlr]   out: 00000100026a0000 000000010db58000 0000000104db5ac0 0000000000000000
[mtlr]   out: 0000007900000000 0000000000100000 0000000041374264 000000000001be8c
[uatrec] S4 r20 victim[2] rid 121 gpuva 0x100026a0000 cpu 0x10db58000 (top-of-stack)
[mtlr] resource2 sel8 flags 470 sz 0x100000 -> kr 0x00000000 rid 122 GPUVA 0x100027a8000 cpu 10dc58000
[mtlr]   out: 00000100027a8000 000000010dc58000 0000000104db5b80 0000000000000000
[mtlr]   out: 0000007a00000000 0000000000100000 0000000041374265 000000000001be8d
[uatrec] S4 r20 victim[3] rid 122 gpuva 0x100027a8000 cpu 0x10dc58000 (top-of-stack)
[mtlr] resource2 sel8 flags 470 sz 0x100000 -> kr 0x00000000 rid 123 GPUVA 0x100028b0000 cpu 10dd58000
[mtlr]   out: 00000100028b0000 000000010dd58000 0000000104db5c40 0000000000000000
[mtlr]   out: 0000007b00000000 0000000000100000 000000004137426b 000000000001be8e
[uatrec] S4 r20 victim[4] rid 123 gpuva 0x100028b0000 cpu 0x10dd58000 (top-of-stack)
[mtlr] resource2 sel8 flags 470 sz 0x100000 -> kr 0x00000000 rid 124 GPUVA 0x100029b8000 cpu 10df54000
[mtlr]   out: 00000100029b8000 000000010df54000 0000000104db5d00 0000000000000000
[mtlr]   out: 0000007c00000000 0000000000100000 0000000041374274 000000000001be8f
[uatrec] S4 r20 victim[5] rid 124 gpuva 0x100029b8000 cpu 0x10df54000 (top-of-stack)
[mtlr] resource2 sel8 flags 470 sz 0x100000 -> kr 0x00000000 rid 125 GPUVA 0x10002ac0000 cpu 10e168000
[mtlr]   out: 0000010002ac0000 000000010e168000 0000000104db5dc0 0000000000000000
[mtlr]   out: 0000007d00000000 0000000000100000 000000004137427c 000000000001be90
[uatrec] S4 r20 victim[6] rid 125 gpuva 0x10002ac0000 cpu 0x10e168000 (top-of-stack)
[mtlr] resource2 sel8 flags 470 sz 0x100000 -> kr 0x00000000 rid 126 GPUVA 0x10002bc8000 cpu 10e2d4000
[mtlr]   out: 0000010002bc8000 000000010e2d4000 0000000104db5e80 0000000000000000
[mtlr]   out: 0000007e00000000 0000000000100000 000000004137427d 000000000001be91
[uatrec] S4 r20 victim[7] rid 126 gpuva 0x10002bc8000 cpu 0x10e2d4000 (top-of-stack)
[mtlr] resource2 sel8 flags 470 sz 0x1000 -> kr 0x00000000 rid 119 GPUVA 0x10002490000 cpu 10de58000
[mtlr]   out: 0000010002490000 000000010de58000 0000000104db5940 0000000000000000
[mtlr]   out: 0000007700000000 0000000000004000 000000004137429c 000000000001be9b
[mtlr] resource2 sel8 flags 470 sz 0x1000 -> kr 0x00000000 rid 119 GPUVA 0x10002490000 cpu 10de58000
[mtlr]   out: 0000010002490000 000000010de58000 0000000104db5940 0000000000000000
[mtlr]   out: 0000007700000000 0000000000004000 000000004137429d 000000000001be9c
[mtlr] resource2 sel8 flags 470 sz 0x1000 -> kr 0x00000000 rid 119 GPUVA 0x10002490000 cpu 10de58000
[mtlr]   out: 0000010002490000 000000010de58000 0000000104db5940 0000000000000000
[mtlr]   out: 0000007700000000 0000000000004000 000000004137429e 000000000001be9d
[mtlr] resource2 sel8 flags 470 sz 0x1000 -> kr 0x00000000 rid 119 GPUVA 0x10002490000 cpu 10de58000
[mtlr]   out: 0000010002490000 000000010de58000 0000000104db5940 0000000000000000
[mtlr]   out: 0000007700000000 0000000000004000 000000004137429f 000000000001be9e
[mtlr] resource2 sel8 flags 470 sz 0x1000 -> kr 0x00000000 rid 119 GPUVA 0x10002490000 cpu 10de58000
[mtlr]   out: 0000010002490000 000000010de58000 0000000104db5940 0000000000000000
[mtlr]   out: 0000007700000000 0000000000004000 00000000413742a0 000000000001be9f
[mtlr] resource2 sel8 flags 470 sz 0x1000 -> kr 0x00000000 rid 119 GPUVA 0x10002490000 cpu 10de58000
[mtlr]   out: 0000010002490000 000000010de58000 0000000104db5940 0000000000000000
[mtlr]   out: 0000007700000000 0000000000004000 00000000413742a1 000000000001bea0
[mtlr] resource2 sel8 flags 470 sz 0x1000 -> kr 0x00000000 rid 119 GPUVA 0x10002490000 cpu 10de58000
[mtlr]   out: 0000010002490000 000000010de58000 0000000104db5940 0000000000000000
[mtlr]   out: 0000007700000000 0000000000004000 00000000413742a2 000000000001bea1
[mtlr] resource2 sel8 flags 470 sz 0x1000 -> kr 0x00000000 rid 119 GPUVA 0x10002490000 cpu 10de58000
[mtlr]   out: 0000010002490000 000000010de58000 0000000104db5940 0000000000000000
[mtlr]   out: 0000007700000000 0000000000004000 00000000413742a3 000000000001bea2
[mtlr] resource2 sel8 flags 470 sz 0x1000 -> kr 0x00000000 rid 119 GPUVA 0x10002490000 cpu 10de58000
[mtlr]   out: 0000010002490000 000000010de58000 0000000104db5940 0000000000000000
[mtlr]   out: 0000007700000000 0000000000004000 00000000413742a4 000000000001bea3
[mtlr] resource2 sel8 flags 470 sz 0x1000 -> kr 0x00000000 rid 119 GPUVA 0x10002490000 cpu 10de58000
[mtlr]   out: 0000010002490000 000000010de58000 0000000104db5940 0000000000000000
[mtlr]   out: 0000007700000000 0000000000004000 00000000413742a5 000000000001bea4
[mtlr] resource2 sel8 flags 470 sz 0x1000 -> kr 0x00000000 rid 119 GPUVA 0x10002490000 cpu 10de58000
[mtlr]   out: 0000010002490000 000000010de58000 0000000104db5940 0000000000000000
[mtlr]   out: 0000007700000000 0000000000004000 00000000413742a6 000000000001bea5
[mtlr] resource2 sel8 flags 470 sz 0x1000 -> kr 0x00000000 rid 119 GPUVA 0x10002490000 cpu 10de58000
[mtlr]   out: 0000010002490000 000000010de58000 0000000104db5940 0000000000000000
[mtlr]   out: 0000007700000000 0000000000004000 00000000413742a7 000000000001bea6
[mtlr] resource2 sel8 flags 470 sz 0x1000 -> kr 0x00000000 rid 119 GPUVA 0x10002490000 cpu 10de58000
[mtlr]   out: 0000010002490000 000000010de58000 0000000104db5940 0000000000000000
[mtlr]   out: 0000007700000000 0000000000004000 00000000413742a8 000000000001bea7
[mtlr] resource2 sel8 flags 470 sz 0x1000 -> kr 0x00000000 rid 119 GPUVA 0x10002490000 cpu 10de58000
[mtlr]   out: 0000010002490000 000000010de58000 0000000104db5940 0000000000000000
[mtlr]   out: 0000007700000000 0000000000004000 00000000413742a9 000000000001bea8
[mtlr] resource2 sel8 flags 470 sz 0x1000 -> kr 0x00000000 rid 119 GPUVA 0x10002490000 cpu 10de58000
[mtlr]   out: 0000010002490000 000000010de58000 0000000104db5940 0000000000000000
[mtlr]   out: 0000007700000000 0000000000004000 00000000413742aa 000000000001bea9
[mtlr] resource2 sel8 flags 470 sz 0x1000 -> kr 0x00000000 rid 119 GPUVA 0x10002490000 cpu 10de58000
[mtlr]   out: 0000010002490000 000000010de58000 0000000104db5940 0000000000000000
[mtlr]   out: 0000007700000000 0000000000004000 00000000413742ab 000000000001beaa
[mtlr] resource2 sel8 flags 470 sz 0x1000 -> kr 0x00000000 rid 119 GPUVA 0x10002490000 cpu 10de58000
[mtlr]   out: 0000010002490000 000000010de58000 0000000104db5940 0000000000000000
[mtlr]   out: 0000007700000000 0000000000004000 00000000413742ac 000000000001beab
[mtlr] resource2 sel8 flags 470 sz 0x1000 -> kr 0x00000000 rid 119 GPUVA 0x10002490000 cpu 10de58000
[mtlr]   out: 0000010002490000 000000010de58000 0000000104db5940 0000000000000000
[mtlr]   out: 0000007700000000 0000000000004000 00000000413742ad 000000000001beac
[mtlr] resource2 sel8 flags 470 sz 0x1000 -> kr 0x00000000 rid 119 GPUVA 0x10002490000 cpu 10de58000
[mtlr]   out: 0000010002490000 000000010de58000 0000000104db5940 0000000000000000
[mtlr]   out: 0000007700000000 0000000000004000 00000000413742ae 000000000001bead
[mtlr] resource2 sel8 flags 470 sz 0x1000 -> kr 0x00000000 rid 119 GPUVA 0x10002490000 cpu 10de58000
[mtlr]   out: 0000010002490000 000000010de58000 0000000104db5940 0000000000000000
[mtlr]   out: 0000007700000000 0000000000004000 00000000413742af 000000000001beae
[mtlr] resource2 sel8 flags 470 sz 0x1000 -> kr 0x00000000 rid 119 GPUVA 0x10002490000 cpu 10de58000
[mtlr]   out: 0000010002490000 000000010de58000 0000000104db5940 0000000000000000
[mtlr]   out: 0000007700000000 0000000000004000 00000000413742b0 000000000001beaf
[mtlr] resource2 sel8 flags 470 sz 0x1000 -> kr 0x00000000 rid 119 GPUVA 0x10002490000 cpu 10de58000
[mtlr]   out: 0000010002490000 000000010de58000 0000000104db5940 0000000000000000
[mtlr]   out: 0000007700000000 0000000000004000 00000000413742b1 000000000001beb0
[mtlr] resource2 sel8 flags 470 sz 0x1000 -> kr 0x00000000 rid 119 GPUVA 0x10002490000 cpu 10de58000
[mtlr]   out: 0000010002490000 000000010de58000 0000000104db5940 0000000000000000
[mtlr]   out: 0000007700000000 0000000000004000 00000000413742b2 000000000001beb1
[mtlr] resource2 sel8 flags 470 sz 0x1000 -> kr 0x00000000 rid 119 GPUVA 0x10002490000 cpu 10de58000
[mtlr]   out: 0000010002490000 000000010de58000 0000000104db5940 0000000000000000
[mtlr]   out: 0000007700000000 0000000000004000 00000000413742b3 000000000001beb2
[mtlr] resource2 sel8 flags 470 sz 0x1000 -> kr 0x00000000 rid 119 GPUVA 0x10002490000 cpu 10de58000
[mtlr]   out: 0000010002490000 000000010de58000 0000000104db5940 0000000000000000
[mtlr]   out: 0000007700000000 0000000000004000 00000000413742b4 000000000001beb3
[mtlr] resource2 sel8 flags 470 sz 0x1000 -> kr 0x00000000 rid 119 GPUVA 0x10002490000 cpu 10de58000
[mtlr]   out: 0000010002490000 000000010de58000 0000000104db5940 0000000000000000
[mtlr]   out: 0000007700000000 0000000000004000 00000000413742b5 000000000001beb4
[mtlr] resource2 sel8 flags 470 sz 0x1000 -> kr 0x00000000 rid 119 GPUVA 0x10002490000 cpu 10de58000
[mtlr]   out: 0000010002490000 000000010de58000 0000000104db5940 0000000000000000
[mtlr]   out: 0000007700000000 0000000000004000 00000000413742b6 000000000001beb5
[mtlr] resource2 sel8 flags 470 sz 0x1000 -> kr 0x00000000 rid 119 GPUVA 0x10002490000 cpu 10de58000
[mtlr]   out: 0000010002490000 000000010de58000 0000000104db5940 0000000000000000
[mtlr]   out: 0000007700000000 0000000000004000 00000000413742b7 000000000001beb6
[mtlr] resource2 sel8 flags 470 sz 0x1000 -> kr 0x00000000 rid 119 GPUVA 0x10002490000 cpu 10de58000
[mtlr]   out: 0000010002490000 000000010de58000 0000000104db5940 0000000000000000
[mtlr]   out: 0000007700000000 0000000000004000 00000000413742b8 000000000001beb7
[mtlr] resource2 sel8 flags 470 sz 0x1000 -> kr 0x00000000 rid 119 GPUVA 0x10002490000 cpu 10de58000
[mtlr]   out: 0000010002490000 000000010de58000 0000000104db5940 0000000000000000
[mtlr]   out: 0000007700000000 0000000000004000 00000000413742b9 000000000001beb8
[mtlr] resource2 sel8 flags 470 sz 0x1000 -> kr 0x00000000 rid 119 GPUVA 0x10002490000 cpu 10de58000
[mtlr]   out: 0000010002490000 000000010de58000 0000000104db5940 0000000000000000
[mtlr]   out: 0000007700000000 0000000000004000 00000000413742ba 000000000001beb9
[mtlr] resource2 sel8 flags 470 sz 0x1000 -> kr 0x00000000 rid 119 GPUVA 0x10002490000 cpu 10de58000
[mtlr]   out: 0000010002490000 000000010de58000 0000000104db5940 0000000000000000
[mtlr]   out: 0000007700000000 0000000000004000 00000000413742bb 000000000001beba
[mtlr] resource2 sel8 flags 470 sz 0x1000 -> kr 0x00000000 rid 119 GPUVA 0x10002490000 cpu 10de58000
[mtlr]   out: 0000010002490000 000000010de58000 0000000104db5940 0000000000000000
[mtlr]   out: 0000007700000000 0000000000004000 00000000413742bc 000000000001bebb
[mtlr] resource2 sel8 flags 470 sz 0x1000 -> kr 0x00000000 rid 119 GPUVA 0x10002490000 cpu 10de58000
[mtlr]   out: 0000010002490000 000000010de58000 0000000104db5940 0000000000000000
[mtlr]   out: 0000007700000000 0000000000004000 00000000413742bd 000000000001bebc
[mtlr] resource2 sel8 flags 470 sz 0x1000 -> kr 0x00000000 rid 119 GPUVA 0x10002490000 cpu 10de58000
[mtlr]   out: 0000010002490000 000000010de58000 0000000104db5940 0000000000000000
[mtlr]   out: 0000007700000000 0000000000004000 00000000413742be 000000000001bebd
[mtlr] resource2 sel8 flags 470 sz 0x1000 -> kr 0x00000000 rid 119 GPUVA 0x10002490000 cpu 10de58000
[mtlr]   out: 0000010002490000 000000010de58000 0000000104db5940 0000000000000000
[mtlr]   out: 0000007700000000 0000000000004000 00000000413742bf 000000000001bebe
[mtlr] resource2 sel8 flags 470 sz 0x1000 -> kr 0x00000000 rid 119 GPUVA 0x10002490000 cpu 10de58000
[mtlr]   out: 0000010002490000 000000010de58000 0000000104db5940 0000000000000000
[mtlr]   out: 0000007700000000 0000000000004000 00000000413742c0 000000000001bebf
[mtlr] resource2 sel8 flags 470 sz 0x1000 -> kr 0x00000000 rid 119 GPUVA 0x10002490000 cpu 10de58000
[mtlr]   out: 0000010002490000 000000010de58000 0000000104db5940 0000000000000000
[mtlr]   out: 0000007700000000 0000000000004000 00000000413742c1 000000000001bec0
[mtlr] resource2 sel8 flags 470 sz 0x1000 -> kr 0x00000000 rid 119 GPUVA 0x10002490000 cpu 10de58000
[mtlr]   out: 0000010002490000 000000010de58000 0000000104db5940 0000000000000000
[mtlr]   out: 0000007700000000 0000000000004000 00000000413742c2 000000000001bec1
[mtlr] resource2 sel8 flags 470 sz 0x1000 -> kr 0x00000000 rid 119 GPUVA 0x10002490000 cpu 10de58000
[mtlr]   out: 0000010002490000 000000010de58000 0000000104db5940 0000000000000000
[mtlr]   out: 0000007700000000 0000000000004000 00000000413742c3 000000000001bec2
[uatrec] S4 r20 (+1s): nvv 8 ncb 8 vsz 0x100000 fill 0x1000000000 destroy0 kr 0x00000000 nj 40
[uatrec] S4 r20 blit[0] slots 7 ridp 1
[uatrec] S4 r20 blit[1] slots 7 ridp 1
[uatrec] S4 r20 blit[2] slots 7 ridp 1
[uatrec] S4 r20 blit[3] slots 7 ridp 1
[uatrec] S4 r20 blit[4] slots 7 ridp 1
[uatrec] S4 r20 blit[5] slots 7 ridp 1
[uatrec] S4 r20 blit[6] slots 7 ridp 1
[uatrec] S4 r20 blit[7] slots 7 ridp 1
[mtlr] resource2 sel8 flags 470 sz 0x100000 -> kr 0x00000000 rid 119 GPUVA 0x10002490000 cpu 10e544000
[mtlr]   out: 0000010002490000 000000010e544000 0000000104db5940 0000000000000000
[mtlr]   out: 0000007700000000 0000000000100000 00000000413742f2 000000000001bec9
[uatrec] S4 r21 victim[0] rid 119 gpuva 0x10002490000 cpu 0x10e544000 (top-of-stack)
[mtlr] resource2 sel8 flags 470 sz 0x100000 -> kr 0x00000000 rid 120 GPUVA 0x10002598000 cpu 10e6b4000
[mtlr]   out: 0000010002598000 000000010e6b4000 0000000104db5a00 0000000000000000
[mtlr]   out: 0000007800000000 0000000000100000 00000000413742f3 000000000001beca
[uatrec] S4 r21 victim[1] rid 120 gpuva 0x10002598000 cpu 0x10e6b4000 (top-of-stack)
[mtlr] resource2 sel8 flags 470 sz 0x100000 -> kr 0x00000000 rid 121 GPUVA 0x100026a0000 cpu 10ec28000
[mtlr]   out: 00000100026a0000 000000010ec28000 0000000104db5ac0 0000000000000000
[mtlr]   out: 0000007900000000 0000000000100000 00000000413742f4 000000000001becb
[uatrec] S4 r21 victim[2] rid 121 gpuva 0x100026a0000 cpu 0x10ec28000 (top-of-stack)
[mtlr] resource2 sel8 flags 470 sz 0x100000 -> kr 0x00000000 rid 122 GPUVA 0x100027a8000 cpu 10ed94000
[mtlr]   out: 00000100027a8000 000000010ed94000 0000000104db5b80 0000000000000000
[mtlr]   out: 0000007a00000000 0000000000100000 00000000413742f5 000000000001becc
[uatrec] S4 r21 victim[3] rid 122 gpuva 0x100027a8000 cpu 0x10ed94000 (top-of-stack)
[mtlr] resource2 sel8 flags 470 sz 0x100000 -> kr 0x00000000 rid 123 GPUVA 0x100028b0000 cpu 10ee94000
[mtlr]   out: 00000100028b0000 000000010ee94000 0000000104db5c40 0000000000000000
[mtlr]   out: 0000007b00000000 0000000000100000 00000000413742f6 000000000001becd
[uatrec] S4 r21 victim[4] rid 123 gpuva 0x100028b0000 cpu 0x10ee94000 (top-of-stack)
[mtlr] resource2 sel8 flags 470 sz 0x100000 -> kr 0x00000000 rid 124 GPUVA 0x100029b8000 cpu 10d958000
[mtlr]   out: 00000100029b8000 000000010d958000 0000000104db5d00 0000000000000000
[mtlr]   out: 0000007c00000000 0000000000100000 0000000041374304 000000000001bece
[uatrec] S4 r21 victim[5] rid 124 gpuva 0x100029b8000 cpu 0x10d958000 (top-of-stack)
[mtlr] resource2 sel8 flags 470 sz 0x100000 -> kr 0x00000000 rid 125 GPUVA 0x10002ac0000 cpu 10da58000
[mtlr]   out: 0000010002ac0000 000000010da58000 0000000104db5dc0 0000000000000000
[mtlr]   out: 0000007d00000000 0000000000100000 000000004137430c 000000000001becf
[uatrec] S4 r21 victim[6] rid 125 gpuva 0x10002ac0000 cpu 0x10da58000 (top-of-stack)
[mtlr] resource2 sel8 flags 470 sz 0x100000 -> kr 0x00000000 rid 126 GPUVA 0x10002bc8000 cpu 10db58000
[mtlr]   out: 0000010002bc8000 000000010db58000 0000000104db5e80 0000000000000000
[mtlr]   out: 0000007e00000000 0000000000100000 000000004137430d 000000000001bed0
[uatrec] S4 r21 victim[7] rid 126 gpuva 0x10002bc8000 cpu 0x10db58000 (top-of-stack)
[mtlr] resource2 sel8 flags 470 sz 0x1000 -> kr 0x00000000 rid 119 GPUVA 0x10002490000 cpu 10de58000
[mtlr]   out: 0000010002490000 000000010de58000 0000000104db5940 0000000000000000
[mtlr]   out: 0000007700000000 0000000000004000 000000004137431f 000000000001beda
[mtlr] resource2 sel8 flags 470 sz 0x1000 -> kr 0x00000000 rid 119 GPUVA 0x10002490000 cpu 10de58000
[mtlr]   out: 0000010002490000 000000010de58000 0000000104db5940 0000000000000000
[mtlr]   out: 0000007700000000 0000000000004000 0000000041374320 000000000001bedb
[mtlr] resource2 sel8 flags 470 sz 0x1000 -> kr 0x00000000 rid 119 GPUVA 0x10002490000 cpu 10de58000
[mtlr]   out: 0000010002490000 000000010de58000 0000000104db5940 0000000000000000
[mtlr]   out: 0000007700000000 0000000000004000 0000000041374321 000000000001bedc
[mtlr] resource2 sel8 flags 470 sz 0x1000 -> kr 0x00000000 rid 119 GPUVA 0x10002490000 cpu 10de58000
[mtlr]   out: 0000010002490000 000000010de58000 0000000104db5940 0000000000000000
[mtlr]   out: 0000007700000000 0000000000004000 0000000041374322 000000000001bedd
[mtlr] resource2 sel8 flags 470 sz 0x1000 -> kr 0x00000000 rid 119 GPUVA 0x10002490000 cpu 10de58000
[mtlr]   out: 0000010002490000 000000010de58000 0000000104db5940 0000000000000000
[mtlr]   out: 0000007700000000 0000000000004000 0000000041374323 000000000001bede
[mtlr] resource2 sel8 flags 470 sz 0x1000 -> kr 0x00000000 rid 119 GPUVA 0x10002490000 cpu 10de58000
[mtlr]   out: 0000010002490000 000000010de58000 0000000104db5940 0000000000000000
[mtlr]   out: 0000007700000000 0000000000004000 0000000041374324 000000000001bedf
[mtlr] resource2 sel8 flags 470 sz 0x1000 -> kr 0x00000000 rid 119 GPUVA 0x10002490000 cpu 10de58000
[mtlr]   out: 0000010002490000 000000010de58000 0000000104db5940 0000000000000000
[mtlr]   out: 0000007700000000 0000000000004000 0000000041374325 000000000001bee0
[mtlr] resource2 sel8 flags 470 sz 0x1000 -> kr 0x00000000 rid 119 GPUVA 0x10002490000 cpu 10de58000
[mtlr]   out: 0000010002490000 000000010de58000 0000000104db5940 0000000000000000
[mtlr]   out: 0000007700000000 0000000000004000 0000000041374326 000000000001bee1
[mtlr] resource2 sel8 flags 470 sz 0x1000 -> kr 0x00000000 rid 119 GPUVA 0x10002490000 cpu 10de58000
[mtlr]   out: 0000010002490000 000000010de58000 0000000104db5940 0000000000000000
[mtlr]   out: 0000007700000000 0000000000004000 0000000041374327 000000000001bee2
[mtlr] resource2 sel8 flags 470 sz 0x1000 -> kr 0x00000000 rid 119 GPUVA 0x10002490000 cpu 10de58000
[mtlr]   out: 0000010002490000 000000010de58000 0000000104db5940 0000000000000000
[mtlr]   out: 0000007700000000 0000000000004000 0000000041374328 000000000001bee3
[mtlr] resource2 sel8 flags 470 sz 0x1000 -> kr 0x00000000 rid 119 GPUVA 0x10002490000 cpu 10de58000
[mtlr]   out: 0000010002490000 000000010de58000 0000000104db5940 0000000000000000
[mtlr]   out: 0000007700000000 0000000000004000 0000000041374329 000000000001bee4
[mtlr] resource2 sel8 flags 470 sz 0x1000 -> kr 0x00000000 rid 119 GPUVA 0x10002490000 cpu 10de58000
[mtlr]   out: 0000010002490000 000000010de58000 0000000104db5940 0000000000000000
[mtlr]   out: 0000007700000000 0000000000004000 000000004137432a 000000000001bee5
[mtlr] resource2 sel8 flags 470 sz 0x1000 -> kr 0x00000000 rid 119 GPUVA 0x10002490000 cpu 10de58000
[mtlr]   out: 0000010002490000 000000010de58000 0000000104db5940 0000000000000000
[mtlr]   out: 0000007700000000 0000000000004000 000000004137432d 000000000001bee6
[mtlr] resource2 sel8 flags 470 sz 0x1000 -> kr 0x00000000 rid 119 GPUVA 0x10002490000 cpu 10de58000
[mtlr]   out: 0000010002490000 000000010de58000 0000000104db5940 0000000000000000
[mtlr]   out: 0000007700000000 0000000000004000 000000004137432e 000000000001bee7
[mtlr] resource2 sel8 flags 470 sz 0x1000 -> kr 0x00000000 rid 119 GPUVA 0x10002490000 cpu 10de58000
[mtlr]   out: 0000010002490000 000000010de58000 0000000104db5940 0000000000000000
[mtlr]   out: 0000007700000000 0000000000004000 0000000041374331 000000000001bee8
[mtlr] resource2 sel8 flags 470 sz 0x1000 -> kr 0x00000000 rid 119 GPUVA 0x10002490000 cpu 10de58000
[mtlr]   out: 0000010002490000 000000010de58000 0000000104db5940 0000000000000000
[mtlr]   out: 0000007700000000 0000000000004000 0000000041374335 000000000001bee9
[mtlr] resource2 sel8 flags 470 sz 0x1000 -> kr 0x00000000 rid 119 GPUVA 0x10002490000 cpu 10de58000
[mtlr]   out: 0000010002490000 000000010de58000 0000000104db5940 0000000000000000
[mtlr]   out: 0000007700000000 0000000000004000 000000004137433b 000000000001beea
[mtlr] resource2 sel8 flags 470 sz 0x1000 -> kr 0x00000000 rid 119 GPUVA 0x10002490000 cpu 10de58000
[mtlr]   out: 0000010002490000 000000010de58000 0000000104db5940 0000000000000000
[mtlr]   out: 0000007700000000 0000000000004000 000000004137433e 000000000001beeb
[mtlr] resource2 sel8 flags 470 sz 0x1000 -> kr 0x00000000 rid 119 GPUVA 0x10002490000 cpu 10de58000
[mtlr]   out: 0000010002490000 000000010de58000 0000000104db5940 0000000000000000
[mtlr]   out: 0000007700000000 0000000000004000 000000004137433f 000000000001beec
[mtlr] resource2 sel8 flags 470 sz 0x1000 -> kr 0x00000000 rid 119 GPUVA 0x10002490000 cpu 10de58000
[mtlr]   out: 0000010002490000 000000010de58000 0000000104db5940 0000000000000000
[mtlr]   out: 0000007700000000 0000000000004000 0000000041374340 000000000001beed
[mtlr] resource2 sel8 flags 470 sz 0x1000 -> kr 0x00000000 rid 119 GPUVA 0x10002490000 cpu 10de58000
[mtlr]   out: 0000010002490000 000000010de58000 0000000104db5940 0000000000000000
[mtlr]   out: 0000007700000000 0000000000004000 0000000041374341 000000000001beee
[mtlr] resource2 sel8 flags 470 sz 0x1000 -> kr 0x00000000 rid 119 GPUVA 0x10002490000 cpu 10de58000
[mtlr]   out: 0000010002490000 000000010de58000 0000000104db5940 0000000000000000
[mtlr]   out: 0000007700000000 0000000000004000 0000000041374342 000000000001beef
[mtlr] resource2 sel8 flags 470 sz 0x1000 -> kr 0x00000000 rid 119 GPUVA 0x10002490000 cpu 10de58000
[mtlr]   out: 0000010002490000 000000010de58000 0000000104db5940 0000000000000000
[mtlr]   out: 0000007700000000 0000000000004000 0000000041374343 000000000001bef0
[mtlr] resource2 sel8 flags 470 sz 0x1000 -> kr 0x00000000 rid 119 GPUVA 0x10002490000 cpu 10de58000
[mtlr]   out: 0000010002490000 000000010de58000 0000000104db5940 0000000000000000
[mtlr]   out: 0000007700000000 0000000000004000 0000000041374344 000000000001bef1
[mtlr] resource2 sel8 flags 470 sz 0x1000 -> kr 0x00000000 rid 119 GPUVA 0x10002490000 cpu 10de58000
[mtlr]   out: 0000010002490000 000000010de58000 0000000104db5940 0000000000000000
[mtlr]   out: 0000007700000000 0000000000004000 0000000041374345 000000000001bef2
[mtlr] resource2 sel8 flags 470 sz 0x1000 -> kr 0x00000000 rid 119 GPUVA 0x10002490000 cpu 10de58000
[mtlr]   out: 0000010002490000 000000010de58000 0000000104db5940 0000000000000000
[mtlr]   out: 0000007700000000 0000000000004000 0000000041374346 000000000001bef3
[mtlr] resource2 sel8 flags 470 sz 0x1000 -> kr 0x00000000 rid 119 GPUVA 0x10002490000 cpu 10de58000
[mtlr]   out: 0000010002490000 000000010de58000 0000000104db5940 0000000000000000
[mtlr]   out: 0000007700000000 0000000000004000 0000000041374347 000000000001bef4
[mtlr] resource2 sel8 flags 470 sz 0x1000 -> kr 0x00000000 rid 119 GPUVA 0x10002490000 cpu 10de58000
[mtlr]   out: 0000010002490000 000000010de58000 0000000104db5940 0000000000000000
[mtlr]   out: 0000007700000000 0000000000004000 0000000041374348 000000000001bef5
[mtlr] resource2 sel8 flags 470 sz 0x1000 -> kr 0x00000000 rid 119 GPUVA 0x10002490000 cpu 10de58000
[mtlr]   out: 0000010002490000 000000010de58000 0000000104db5940 0000000000000000
[mtlr]   out: 0000007700000000 0000000000004000 0000000041374349 000000000001bef6
[mtlr] resource2 sel8 flags 470 sz 0x1000 -> kr 0x00000000 rid 119 GPUVA 0x10002490000 cpu 10de58000
[mtlr]   out: 0000010002490000 000000010de58000 0000000104db5940 0000000000000000
[mtlr]   out: 0000007700000000 0000000000004000 000000004137434a 000000000001bef7
[mtlr] resource2 sel8 flags 470 sz 0x1000 -> kr 0x00000000 rid 119 GPUVA 0x10002490000 cpu 10de58000
[mtlr]   out: 0000010002490000 000000010de58000 0000000104db5940 0000000000000000
[mtlr]   out: 0000007700000000 0000000000004000 000000004137434b 000000000001bef8
[mtlr] resource2 sel8 flags 470 sz 0x1000 -> kr 0x00000000 rid 119 GPUVA 0x10002490000 cpu 10de58000
[mtlr]   out: 0000010002490000 000000010de58000 0000000104db5940 0000000000000000
[mtlr]   out: 0000007700000000 0000000000004000 000000004137434c 000000000001bef9
[mtlr] resource2 sel8 flags 470 sz 0x1000 -> kr 0x00000000 rid 119 GPUVA 0x10002490000 cpu 10de58000
[mtlr]   out: 0000010002490000 000000010de58000 0000000104db5940 0000000000000000
[mtlr]   out: 0000007700000000 0000000000004000 000000004137434d 000000000001befa
[mtlr] resource2 sel8 flags 470 sz 0x1000 -> kr 0x00000000 rid 119 GPUVA 0x10002490000 cpu 10de58000
[mtlr]   out: 0000010002490000 000000010de58000 0000000104db5940 0000000000000000
[mtlr]   out: 0000007700000000 0000000000004000 000000004137434e 000000000001befb
[mtlr] resource2 sel8 flags 470 sz 0x1000 -> kr 0x00000000 rid 119 GPUVA 0x10002490000 cpu 10de58000
[mtlr]   out: 0000010002490000 000000010de58000 0000000104db5940 0000000000000000
[mtlr]   out: 0000007700000000 0000000000004000 000000004137434f 000000000001befc
[mtlr] resource2 sel8 flags 470 sz 0x1000 -> kr 0x00000000 rid 119 GPUVA 0x10002490000 cpu 10de58000
[mtlr]   out: 0000010002490000 000000010de58000 0000000104db5940 0000000000000000
[mtlr]   out: 0000007700000000 0000000000004000 0000000041374350 000000000001befd
[mtlr] resource2 sel8 flags 470 sz 0x1000 -> kr 0x00000000 rid 119 GPUVA 0x10002490000 cpu 10de58000
[mtlr]   out: 0000010002490000 000000010de58000 0000000104db5940 0000000000000000
[mtlr]   out: 0000007700000000 0000000000004000 0000000041374351 000000000001befe
[mtlr] resource2 sel8 flags 470 sz 0x1000 -> kr 0x00000000 rid 119 GPUVA 0x10002490000 cpu 10de58000
[mtlr]   out: 0000010002490000 000000010de58000 0000000104db5940 0000000000000000
[mtlr]   out: 0000007700000000 0000000000004000 0000000041374352 000000000001beff
[mtlr] resource2 sel8 flags 470 sz 0x1000 -> kr 0x00000000 rid 119 GPUVA 0x10002490000 cpu 10de58000
[mtlr]   out: 0000010002490000 000000010de58000 0000000104db5940 0000000000000000
[mtlr]   out: 0000007700000000 0000000000004000 0000000041374353 000000000001bf00
[mtlr] resource2 sel8 flags 470 sz 0x1000 -> kr 0x00000000 rid 119 GPUVA 0x10002490000 cpu 10de58000
[mtlr]   out: 0000010002490000 000000010de58000 0000000104db5940 0000000000000000
[mtlr]   out: 0000007700000000 0000000000004000 0000000041374354 000000000001bf01
[uatrec] S4 r21 (+1s): nvv 8 ncb 8 vsz 0x100000 fill 0x1000000000 destroy0 kr 0x00000000 nj 40
[uatrec] S4 r21 blit[0] slots 7 ridp 1
[uatrec] S4 r21 blit[1] slots 7 ridp 1
[uatrec] S4 r21 blit[2] slots 7 ridp 1
[uatrec] S4 r21 blit[3] slots 7 ridp 1
[uatrec] S4 r21 blit[4] slots 8 ridp 1
[uatrec] S4 r21 blit[5] slots 7 ridp 1
[uatrec] S4 r21 blit[6] slots 8 ridp 1
[uatrec] S4 r21 blit[7] slots 7 ridp 1
[mtlr] resource2 sel8 flags 470 sz 0x100000 -> kr 0x00000000 rid 119 GPUVA 0x10002490000 cpu 10dd58000
[mtlr]   out: 0000010002490000 000000010dd58000 0000000104db5940 0000000000000000
[mtlr]   out: 0000007700000000 0000000000100000 0000000041374367 000000000001bf04
[uatrec] S4 r22 victim[0] rid 119 gpuva 0x10002490000 cpu 0x10dd58000 (top-of-stack)
[mtlr] resource2 sel8 flags 470 sz 0x100000 -> kr 0x00000000 rid 120 GPUVA 0x10002598000 cpu 10df54000
[mtlr]   out: 0000010002598000 000000010df54000 0000000104db5a00 0000000000000000
[mtlr]   out: 0000007800000000 0000000000100000 0000000041374368 000000000001bf05
[uatrec] S4 r22 victim[1] rid 120 gpuva 0x10002598000 cpu 0x10df54000 (top-of-stack)
[mtlr] resource2 sel8 flags 470 sz 0x100000 -> kr 0x00000000 rid 121 GPUVA 0x100026a0000 cpu 10e168000
[mtlr]   out: 00000100026a0000 000000010e168000 0000000104db5ac0 0000000000000000
[mtlr]   out: 0000007900000000 0000000000100000 0000000041374369 000000000001bf06
[uatrec] S4 r22 victim[2] rid 121 gpuva 0x100026a0000 cpu 0x10e168000 (top-of-stack)
[mtlr] resource2 sel8 flags 470 sz 0x100000 -> kr 0x00000000 rid 122 GPUVA 0x100027a8000 cpu 10e2d4000
[mtlr]   out: 00000100027a8000 000000010e2d4000 0000000104db5b80 0000000000000000
[mtlr]   out: 0000007a00000000 0000000000100000 000000004137436a 000000000001bf07
[uatrec] S4 r22 victim[3] rid 122 gpuva 0x100027a8000 cpu 0x10e2d4000 (top-of-stack)
[mtlr] resource2 sel8 flags 470 sz 0x100000 -> kr 0x00000000 rid 123 GPUVA 0x100028b0000 cpu 10e3d4000
[mtlr]   out: 00000100028b0000 000000010e3d4000 0000000104db5c40 0000000000000000
[mtlr]   out: 0000007b00000000 0000000000100000 000000004137436b 000000000001bf08
[uatrec] S4 r22 victim[4] rid 123 gpuva 0x100028b0000 cpu 0x10e3d4000 (top-of-stack)
[mtlr] resource2 sel8 flags 470 sz 0x100000 -> kr 0x00000000 rid 124 GPUVA 0x100029b8000 cpu 10ef94000
[mtlr]   out: 00000100029b8000 000000010ef94000 0000000104db5d00 0000000000000000
[mtlr]   out: 0000007c00000000 0000000000100000 000000004137436c 000000000001bf09
[uatrec] S4 r22 victim[5] rid 124 gpuva 0x100029b8000 cpu 0x10ef94000 (top-of-stack)
[mtlr] resource2 sel8 flags 470 sz 0x100000 -> kr 0x00000000 rid 125 GPUVA 0x10002ac0000 cpu 10e544000
[mtlr]   out: 0000010002ac0000 000000010e544000 0000000104db5dc0 0000000000000000
[mtlr]   out: 0000007d00000000 0000000000100000 000000004137436d 000000000001bf0a
[uatrec] S4 r22 victim[6] rid 125 gpuva 0x10002ac0000 cpu 0x10e544000 (top-of-stack)
[mtlr] resource2 sel8 flags 470 sz 0x100000 -> kr 0x00000000 rid 126 GPUVA 0x10002bc8000 cpu 10d958000
[mtlr]   out: 0000010002bc8000 000000010d958000 0000000104db5e80 0000000000000000
[mtlr]   out: 0000007e00000000 0000000000100000 000000004137436e 000000000001bf0b
[uatrec] S4 r22 victim[7] rid 126 gpuva 0x10002bc8000 cpu 0x10d958000 (top-of-stack)
[mtlr] resource2 sel8 flags 470 sz 0x1000 -> kr 0x00000000 rid 119 GPUVA 0x10002490000 cpu 10de58000
[mtlr]   out: 0000010002490000 000000010de58000 0000000104db5940 0000000000000000
[mtlr]   out: 0000007700000000 0000000000004000 000000004137438c 000000000001bf15
[mtlr] resource2 sel8 flags 470 sz 0x1000 -> kr 0x00000000 rid 119 GPUVA 0x10002490000 cpu 10de58000
[mtlr]   out: 0000010002490000 000000010de58000 0000000104db5940 0000000000000000
[mtlr]   out: 0000007700000000 0000000000004000 000000004137438d 000000000001bf16
[mtlr] resource2 sel8 flags 470 sz 0x1000 -> kr 0x00000000 rid 119 GPUVA 0x10002490000 cpu 10de58000
[mtlr]   out: 0000010002490000 000000010de58000 0000000104db5940 0000000000000000
[mtlr]   out: 0000007700000000 0000000000004000 000000004137438e 000000000001bf17
[mtlr] resource2 sel8 flags 470 sz 0x1000 -> kr 0x00000000 rid 119 GPUVA 0x10002490000 cpu 10de58000
[mtlr]   out: 0000010002490000 000000010de58000 0000000104db5940 0000000000000000
[mtlr]   out: 0000007700000000 0000000000004000 000000004137438f 000000000001bf18
[mtlr] resource2 sel8 flags 470 sz 0x1000 -> kr 0x00000000 rid 119 GPUVA 0x10002490000 cpu 10de58000
[mtlr]   out: 0000010002490000 000000010de58000 0000000104db5940 0000000000000000
[mtlr]   out: 0000007700000000 0000000000004000 0000000041374390 000000000001bf19
[mtlr] resource2 sel8 flags 470 sz 0x1000 -> kr 0x00000000 rid 119 GPUVA 0x10002490000 cpu 10de58000
[mtlr]   out: 0000010002490000 000000010de58000 0000000104db5940 0000000000000000
[mtlr]   out: 0000007700000000 0000000000004000 0000000041374391 000000000001bf1a
[mtlr] resource2 sel8 flags 470 sz 0x1000 -> kr 0x00000000 rid 119 GPUVA 0x10002490000 cpu 10de58000
[mtlr]   out: 0000010002490000 000000010de58000 0000000104db5940 0000000000000000
[mtlr]   out: 0000007700000000 0000000000004000 0000000041374392 000000000001bf1b
[mtlr] resource2 sel8 flags 470 sz 0x1000 -> kr 0x00000000 rid 119 GPUVA 0x10002490000 cpu 10de58000
[mtlr]   out: 0000010002490000 000000010de58000 0000000104db5940 0000000000000000
[mtlr]   out: 0000007700000000 0000000000004000 0000000041374393 000000000001bf1c
[mtlr] resource2 sel8 flags 470 sz 0x1000 -> kr 0x00000000 rid 119 GPUVA 0x10002490000 cpu 10de58000
[mtlr]   out: 0000010002490000 000000010de58000 0000000104db5940 0000000000000000
[mtlr]   out: 0000007700000000 0000000000004000 0000000041374396 000000000001bf1d
[mtlr] resource2 sel8 flags 470 sz 0x1000 -> kr 0x00000000 rid 119 GPUVA 0x10002490000 cpu 10de58000
[mtlr]   out: 0000010002490000 000000010de58000 0000000104db5940 0000000000000000
[mtlr]   out: 0000007700000000 0000000000004000 0000000041374397 000000000001bf1e
[mtlr] resource2 sel8 flags 470 sz 0x1000 -> kr 0x00000000 rid 119 GPUVA 0x10002490000 cpu 10de58000
[mtlr]   out: 0000010002490000 000000010de58000 0000000104db5940 0000000000000000
[mtlr]   out: 0000007700000000 0000000000004000 000000004137439b 000000000001bf1f
[mtlr] resource2 sel8 flags 470 sz 0x1000 -> kr 0x00000000 rid 119 GPUVA 0x10002490000 cpu 10de58000
[mtlr]   out: 0000010002490000 000000010de58000 0000000104db5940 0000000000000000
[mtlr]   out: 0000007700000000 0000000000004000 000000004137439c 000000000001bf20
[mtlr] resource2 sel8 flags 470 sz 0x1000 -> kr 0x00000000 rid 119 GPUVA 0x10002490000 cpu 10de58000
[mtlr]   out: 0000010002490000 000000010de58000 0000000104db5940 0000000000000000
[mtlr]   out: 0000007700000000 0000000000004000 000000004137439d 000000000001bf21
[mtlr] resource2 sel8 flags 470 sz 0x1000 -> kr 0x00000000 rid 119 GPUVA 0x10002490000 cpu 10de58000
[mtlr]   out: 0000010002490000 000000010de58000 0000000104db5940 0000000000000000
[mtlr]   out: 0000007700000000 0000000000004000 000000004137439e 000000000001bf22
[mtlr] resource2 sel8 flags 470 sz 0x1000 -> kr 0x00000000 rid 119 GPUVA 0x10002490000 cpu 10de58000
[mtlr]   out: 0000010002490000 000000010de58000 0000000104db5940 0000000000000000
[mtlr]   out: 0000007700000000 0000000000004000 000000004137439f 000000000001bf23
[mtlr] resource2 sel8 flags 470 sz 0x1000 -> kr 0x00000000 rid 119 GPUVA 0x10002490000 cpu 10de58000
[mtlr]   out: 0000010002490000 000000010de58000 0000000104db5940 0000000000000000
[mtlr]   out: 0000007700000000 0000000000004000 00000000413743a0 000000000001bf24
[mtlr] resource2 sel8 flags 470 sz 0x1000 -> kr 0x00000000 rid 119 GPUVA 0x10002490000 cpu 10de58000
[mtlr]   out: 0000010002490000 000000010de58000 0000000104db5940 0000000000000000
[mtlr]   out: 0000007700000000 0000000000004000 00000000413743a1 000000000001bf25
[mtlr] resource2 sel8 flags 470 sz 0x1000 -> kr 0x00000000 rid 119 GPUVA 0x10002490000 cpu 10de58000
[mtlr]   out: 0000010002490000 000000010de58000 0000000104db5940 0000000000000000
[mtlr]   out: 0000007700000000 0000000000004000 00000000413743a2 000000000001bf26
[mtlr] resource2 sel8 flags 470 sz 0x1000 -> kr 0x00000000 rid 119 GPUVA 0x10002490000 cpu 10de58000
[mtlr]   out: 0000010002490000 000000010de58000 0000000104db5940 0000000000000000
[mtlr]   out: 0000007700000000 0000000000004000 00000000413743a3 000000000001bf27
[mtlr] resource2 sel8 flags 470 sz 0x1000 -> kr 0x00000000 rid 119 GPUVA 0x10002490000 cpu 10de58000
[mtlr]   out: 0000010002490000 000000010de58000 0000000104db5940 0000000000000000
[mtlr]   out: 0000007700000000 0000000000004000 00000000413743a4 000000000001bf28
[mtlr] resource2 sel8 flags 470 sz 0x1000 -> kr 0x00000000 rid 119 GPUVA 0x10002490000 cpu 10de58000
[mtlr]   out: 0000010002490000 000000010de58000 0000000104db5940 0000000000000000
[mtlr]   out: 0000007700000000 0000000000004000 00000000413743a5 000000000001bf29
[mtlr] resource2 sel8 flags 470 sz 0x1000 -> kr 0x00000000 rid 119 GPUVA 0x10002490000 cpu 10de58000
[mtlr]   out: 0000010002490000 000000010de58000 0000000104db5940 0000000000000000
[mtlr]   out: 0000007700000000 0000000000004000 00000000413743a6 000000000001bf2a
[mtlr] resource2 sel8 flags 470 sz 0x1000 -> kr 0x00000000 rid 119 GPUVA 0x10002490000 cpu 10de58000
[mtlr]   out: 0000010002490000 000000010de58000 0000000104db5940 0000000000000000
[mtlr]   out: 0000007700000000 0000000000004000 00000000413743a7 000000000001bf2b
[mtlr] resource2 sel8 flags 470 sz 0x1000 -> kr 0x00000000 rid 119 GPUVA 0x10002490000 cpu 10de58000
[mtlr]   out: 0000010002490000 000000010de58000 0000000104db5940 0000000000000000
[mtlr]   out: 0000007700000000 0000000000004000 00000000413743a8 000000000001bf2c
[mtlr] resource2 sel8 flags 470 sz 0x1000 -> kr 0x00000000 rid 119 GPUVA 0x10002490000 cpu 10de58000
[mtlr]   out: 0000010002490000 000000010de58000 0000000104db5940 0000000000000000
[mtlr]   out: 0000007700000000 0000000000004000 00000000413743a9 000000000001bf2d
[mtlr] resource2 sel8 flags 470 sz 0x1000 -> kr 0x00000000 rid 119 GPUVA 0x10002490000 cpu 10de58000
[mtlr]   out: 0000010002490000 000000010de58000 0000000104db5940 0000000000000000
[mtlr]   out: 0000007700000000 0000000000004000 00000000413743aa 000000000001bf2e
[mtlr] resource2 sel8 flags 470 sz 0x1000 -> kr 0x00000000 rid 119 GPUVA 0x10002490000 cpu 10de58000
[mtlr]   out: 0000010002490000 000000010de58000 0000000104db5940 0000000000000000
[mtlr]   out: 0000007700000000 0000000000004000 00000000413743ab 000000000001bf2f
[mtlr] resource2 sel8 flags 470 sz 0x1000 -> kr 0x00000000 rid 119 GPUVA 0x10002490000 cpu 10de58000
[mtlr]   out: 0000010002490000 000000010de58000 0000000104db5940 0000000000000000
[mtlr]   out: 0000007700000000 0000000000004000 00000000413743ac 000000000001bf30
[mtlr] resource2 sel8 flags 470 sz 0x1000 -> kr 0x00000000 rid 119 GPUVA 0x10002490000 cpu 10de58000
[mtlr]   out: 0000010002490000 000000010de58000 0000000104db5940 0000000000000000
[mtlr]   out: 0000007700000000 0000000000004000 00000000413743ad 000000000001bf31
[mtlr] resource2 sel8 flags 470 sz 0x1000 -> kr 0x00000000 rid 119 GPUVA 0x10002490000 cpu 10de58000
[mtlr]   out: 0000010002490000 000000010de58000 0000000104db5940 0000000000000000
[mtlr]   out: 0000007700000000 0000000000004000 00000000413743ae 000000000001bf32
[mtlr] resource2 sel8 flags 470 sz 0x1000 -> kr 0x00000000 rid 119 GPUVA 0x10002490000 cpu 10de58000
[mtlr]   out: 0000010002490000 000000010de58000 0000000104db5940 0000000000000000
[mtlr]   out: 0000007700000000 0000000000004000 00000000413743af 000000000001bf33
[mtlr] resource2 sel8 flags 470 sz 0x1000 -> kr 0x00000000 rid 119 GPUVA 0x10002490000 cpu 10de58000
[mtlr]   out: 0000010002490000 000000010de58000 0000000104db5940 0000000000000000
[mtlr]   out: 0000007700000000 0000000000004000 00000000413743b0 000000000001bf34
[mtlr] resource2 sel8 flags 470 sz 0x1000 -> kr 0x00000000 rid 119 GPUVA 0x10002490000 cpu 10de58000
[mtlr]   out: 0000010002490000 000000010de58000 0000000104db5940 0000000000000000
[mtlr]   out: 0000007700000000 0000000000004000 00000000413743b1 000000000001bf35
[mtlr] resource2 sel8 flags 470 sz 0x1000 -> kr 0x00000000 rid 119 GPUVA 0x10002490000 cpu 10de58000
[mtlr]   out: 0000010002490000 000000010de58000 0000000104db5940 0000000000000000
[mtlr]   out: 0000007700000000 0000000000004000 00000000413743b2 000000000001bf36
[mtlr] resource2 sel8 flags 470 sz 0x1000 -> kr 0x00000000 rid 119 GPUVA 0x10002490000 cpu 10de58000
[mtlr]   out: 0000010002490000 000000010de58000 0000000104db5940 0000000000000000
[mtlr]   out: 0000007700000000 0000000000004000 00000000413743b3 000000000001bf37
[mtlr] resource2 sel8 flags 470 sz 0x1000 -> kr 0x00000000 rid 119 GPUVA 0x10002490000 cpu 10de58000
[mtlr]   out: 0000010002490000 000000010de58000 0000000104db5940 0000000000000000
[mtlr]   out: 0000007700000000 0000000000004000 00000000413743b4 000000000001bf38
[mtlr] resource2 sel8 flags 470 sz 0x1000 -> kr 0x00000000 rid 119 GPUVA 0x10002490000 cpu 10de58000
[mtlr]   out: 0000010002490000 000000010de58000 0000000104db5940 0000000000000000
[mtlr]   out: 0000007700000000 0000000000004000 00000000413743b5 000000000001bf39
[mtlr] resource2 sel8 flags 470 sz 0x1000 -> kr 0x00000000 rid 119 GPUVA 0x10002490000 cpu 10de58000
[mtlr]   out: 0000010002490000 000000010de58000 0000000104db5940 0000000000000000
[mtlr]   out: 0000007700000000 0000000000004000 00000000413743b6 000000000001bf3a
[mtlr] resource2 sel8 flags 470 sz 0x1000 -> kr 0x00000000 rid 119 GPUVA 0x10002490000 cpu 10de58000
[mtlr]   out: 0000010002490000 000000010de58000 0000000104db5940 0000000000000000
[mtlr]   out: 0000007700000000 0000000000004000 00000000413743b7 000000000001bf3b
[mtlr] resource2 sel8 flags 470 sz 0x1000 -> kr 0x00000000 rid 119 GPUVA 0x10002490000 cpu 10de58000
[mtlr]   out: 0000010002490000 000000010de58000 0000000104db5940 0000000000000000
[mtlr]   out: 0000007700000000 0000000000004000 00000000413743b8 000000000001bf3c
[uatrec] S4 r22 (+1s): nvv 8 ncb 8 vsz 0x100000 fill 0x1000000000 destroy0 kr 0x00000000 nj 40
[uatrec] S4 r22 blit[0] slots 7 ridp 1
[uatrec] S4 r22 blit[1] slots 7 ridp 1
[uatrec] S4 r22 blit[2] slots 7 ridp 1
[uatrec] S4 r22 blit[3] slots 7 ridp 1
[uatrec] S4 r22 blit[4] slots 7 ridp 1
[uatrec] S4 r22 blit[5] slots 7 ridp 1
[uatrec] S4 r22 blit[6] slots 7 ridp 1
[uatrec] S4 r22 blit[7] slots 7 ridp 1
[mtlr] resource2 sel8 flags 470 sz 0x100000 -> kr 0x00000000 rid 119 GPUVA 0x10002490000 cpu 10d958000
[mtlr]   out: 0000010002490000 000000010d958000 0000000104db5940 0000000000000000
[mtlr]   out: 0000007700000000 0000000000100000 00000000413743cb 000000000001bf3f
[uatrec] S4 r23 victim[0] rid 119 gpuva 0x10002490000 cpu 0x10d958000 (top-of-stack)
[mtlr] resource2 sel8 flags 470 sz 0x100000 -> kr 0x00000000 rid 120 GPUVA 0x10002598000 cpu 10da58000
[mtlr]   out: 0000010002598000 000000010da58000 0000000104db5a00 0000000000000000
[mtlr]   out: 0000007800000000 0000000000100000 00000000413743cc 000000000001bf40
[uatrec] S4 r23 victim[1] rid 120 gpuva 0x10002598000 cpu 0x10da58000 (top-of-stack)
[mtlr] resource2 sel8 flags 470 sz 0x100000 -> kr 0x00000000 rid 121 GPUVA 0x100026a0000 cpu 10db58000
[mtlr]   out: 00000100026a0000 000000010db58000 0000000104db5ac0 0000000000000000
[mtlr]   out: 0000007900000000 0000000000100000 00000000413743cd 000000000001bf41
[uatrec] S4 r23 victim[2] rid 121 gpuva 0x100026a0000 cpu 0x10db58000 (top-of-stack)
[mtlr] resource2 sel8 flags 470 sz 0x100000 -> kr 0x00000000 rid 122 GPUVA 0x100027a8000 cpu 10dc58000
[mtlr]   out: 00000100027a8000 000000010dc58000 0000000104db5b80 0000000000000000
[mtlr]   out: 0000007a00000000 0000000000100000 00000000413743ce 000000000001bf42
[uatrec] S4 r23 victim[3] rid 122 gpuva 0x100027a8000 cpu 0x10dc58000 (top-of-stack)
[mtlr] resource2 sel8 flags 470 sz 0x100000 -> kr 0x00000000 rid 123 GPUVA 0x100028b0000 cpu 10dd58000
[mtlr]   out: 00000100028b0000 000000010dd58000 0000000104db5c40 0000000000000000
[mtlr]   out: 0000007b00000000 0000000000100000 00000000413743cf 000000000001bf43
[uatrec] S4 r23 victim[4] rid 123 gpuva 0x100028b0000 cpu 0x10dd58000 (top-of-stack)
[mtlr] resource2 sel8 flags 470 sz 0x100000 -> kr 0x00000000 rid 124 GPUVA 0x100029b8000 cpu 10df54000
[mtlr]   out: 00000100029b8000 000000010df54000 0000000104db5d00 0000000000000000
[mtlr]   out: 0000007c00000000 0000000000100000 00000000413743d7 000000000001bf44
[uatrec] S4 r23 victim[5] rid 124 gpuva 0x100029b8000 cpu 0x10df54000 (top-of-stack)
[mtlr] resource2 sel8 flags 470 sz 0x100000 -> kr 0x00000000 rid 125 GPUVA 0x10002ac0000 cpu 10e168000
[mtlr]   out: 0000010002ac0000 000000010e168000 0000000104db5dc0 0000000000000000
[mtlr]   out: 0000007d00000000 0000000000100000 00000000413743d8 000000000001bf45
[uatrec] S4 r23 victim[6] rid 125 gpuva 0x10002ac0000 cpu 0x10e168000 (top-of-stack)
[mtlr] resource2 sel8 flags 470 sz 0x100000 -> kr 0x00000000 rid 126 GPUVA 0x10002bc8000 cpu 10e2d4000
[mtlr]   out: 0000010002bc8000 000000010e2d4000 0000000104db5e80 0000000000000000
[mtlr]   out: 0000007e00000000 0000000000100000 00000000413743d9 000000000001bf46
[uatrec] S4 r23 victim[7] rid 126 gpuva 0x10002bc8000 cpu 0x10e2d4000 (top-of-stack)
[mtlr] resource2 sel8 flags 470 sz 0x1000 -> kr 0x00000000 rid 119 GPUVA 0x10002490000 cpu 10de58000
[mtlr]   out: 0000010002490000 000000010de58000 0000000104db5940 0000000000000000
[mtlr]   out: 0000007700000000 0000000000004000 00000000413743f0 000000000001bf50
[mtlr] resource2 sel8 flags 470 sz 0x1000 -> kr 0x00000000 rid 119 GPUVA 0x10002490000 cpu 10de58000
[mtlr]   out: 0000010002490000 000000010de58000 0000000104db5940 0000000000000000
[mtlr]   out: 0000007700000000 0000000000004000 00000000413743f1 000000000001bf51
[mtlr] resource2 sel8 flags 470 sz 0x1000 -> kr 0x00000000 rid 119 GPUVA 0x10002490000 cpu 10de58000
[mtlr]   out: 0000010002490000 000000010de58000 0000000104db5940 0000000000000000
[mtlr]   out: 0000007700000000 0000000000004000 00000000413743f2 000000000001bf52
[mtlr] resource2 sel8 flags 470 sz 0x1000 -> kr 0x00000000 rid 119 GPUVA 0x10002490000 cpu 10de58000
[mtlr]   out: 0000010002490000 000000010de58000 0000000104db5940 0000000000000000
[mtlr]   out: 0000007700000000 0000000000004000 00000000413743f3 000000000001bf53
[mtlr] resource2 sel8 flags 470 sz 0x1000 -> kr 0x00000000 rid 119 GPUVA 0x10002490000 cpu 10de58000
[mtlr]   out: 0000010002490000 000000010de58000 0000000104db5940 0000000000000000
[mtlr]   out: 0000007700000000 0000000000004000 00000000413743f4 000000000001bf54
[mtlr] resource2 sel8 flags 470 sz 0x1000 -> kr 0x00000000 rid 119 GPUVA 0x10002490000 cpu 10de58000
[mtlr]   out: 0000010002490000 000000010de58000 0000000104db5940 0000000000000000
[mtlr]   out: 0000007700000000 0000000000004000 00000000413743f7 000000000001bf55
[mtlr] resource2 sel8 flags 470 sz 0x1000 -> kr 0x00000000 rid 119 GPUVA 0x10002490000 cpu 10de58000
[mtlr]   out: 0000010002490000 000000010de58000 0000000104db5940 0000000000000000
[mtlr]   out: 0000007700000000 0000000000004000 00000000413743f8 000000000001bf56
[mtlr] resource2 sel8 flags 470 sz 0x1000 -> kr 0x00000000 rid 119 GPUVA 0x10002490000 cpu 10de58000
[mtlr]   out: 0000010002490000 000000010de58000 0000000104db5940 0000000000000000
[mtlr]   out: 0000007700000000 0000000000004000 00000000413743fb 000000000001bf57
[mtlr] resource2 sel8 flags 470 sz 0x1000 -> kr 0x00000000 rid 119 GPUVA 0x10002490000 cpu 10de58000
[mtlr]   out: 0000010002490000 000000010de58000 0000000104db5940 0000000000000000
[mtlr]   out: 0000007700000000 0000000000004000 00000000413743fd 000000000001bf58
[mtlr] resource2 sel8 flags 470 sz 0x1000 -> kr 0x00000000 rid 119 GPUVA 0x10002490000 cpu 10de58000
[mtlr]   out: 0000010002490000 000000010de58000 0000000104db5940 0000000000000000
[mtlr]   out: 0000007700000000 0000000000004000 00000000413743fe 000000000001bf59
[mtlr] resource2 sel8 flags 470 sz 0x1000 -> kr 0x00000000 rid 119 GPUVA 0x10002490000 cpu 10de58000
[mtlr]   out: 0000010002490000 000000010de58000 0000000104db5940 0000000000000000
[mtlr]   out: 0000007700000000 0000000000004000 00000000413743ff 000000000001bf5a
[mtlr] resource2 sel8 flags 470 sz 0x1000 -> kr 0x00000000 rid 119 GPUVA 0x10002490000 cpu 10de58000
[mtlr]   out: 0000010002490000 000000010de58000 0000000104db5940 0000000000000000
[mtlr]   out: 0000007700000000 0000000000004000 0000000041374400 000000000001bf5b
[mtlr] resource2 sel8 flags 470 sz 0x1000 -> kr 0x00000000 rid 119 GPUVA 0x10002490000 cpu 10de58000
[mtlr]   out: 0000010002490000 000000010de58000 0000000104db5940 0000000000000000
[mtlr]   out: 0000007700000000 0000000000004000 0000000041374401 000000000001bf5c
[mtlr] resource2 sel8 flags 470 sz 0x1000 -> kr 0x00000000 rid 119 GPUVA 0x10002490000 cpu 10de58000
[mtlr]   out: 0000010002490000 000000010de58000 0000000104db5940 0000000000000000
[mtlr]   out: 0000007700000000 0000000000004000 0000000041374402 000000000001bf5d
[mtlr] resource2 sel8 flags 470 sz 0x1000 -> kr 0x00000000 rid 119 GPUVA 0x10002490000 cpu 10de58000
[mtlr]   out: 0000010002490000 000000010de58000 0000000104db5940 0000000000000000
[mtlr]   out: 0000007700000000 0000000000004000 0000000041374403 000000000001bf5e
[mtlr] resource2 sel8 flags 470 sz 0x1000 -> kr 0x00000000 rid 119 GPUVA 0x10002490000 cpu 10de58000
[mtlr]   out: 0000010002490000 000000010de58000 0000000104db5940 0000000000000000
[mtlr]   out: 0000007700000000 0000000000004000 0000000041374404 000000000001bf5f
[mtlr] resource2 sel8 flags 470 sz 0x1000 -> kr 0x00000000 rid 119 GPUVA 0x10002490000 cpu 10de58000
[mtlr]   out: 0000010002490000 000000010de58000 0000000104db5940 0000000000000000
[mtlr]   out: 0000007700000000 0000000000004000 0000000041374405 000000000001bf60
[mtlr] resource2 sel8 flags 470 sz 0x1000 -> kr 0x00000000 rid 119 GPUVA 0x10002490000 cpu 10de58000
[mtlr]   out: 0000010002490000 000000010de58000 0000000104db5940 0000000000000000
[mtlr]   out: 0000007700000000 0000000000004000 0000000041374406 000000000001bf61
[mtlr] resource2 sel8 flags 470 sz 0x1000 -> kr 0x00000000 rid 119 GPUVA 0x10002490000 cpu 10de58000
[mtlr]   out: 0000010002490000 000000010de58000 0000000104db5940 0000000000000000
[mtlr]   out: 0000007700000000 0000000000004000 0000000041374407 000000000001bf62
[mtlr] resource2 sel8 flags 470 sz 0x1000 -> kr 0x00000000 rid 119 GPUVA 0x10002490000 cpu 10de58000
[mtlr]   out: 0000010002490000 000000010de58000 0000000104db5940 0000000000000000
[mtlr]   out: 0000007700000000 0000000000004000 0000000041374408 000000000001bf63
[mtlr] resource2 sel8 flags 470 sz 0x1000 -> kr 0x00000000 rid 119 GPUVA 0x10002490000 cpu 10de58000
[mtlr]   out: 0000010002490000 000000010de58000 0000000104db5940 0000000000000000
[mtlr]   out: 0000007700000000 0000000000004000 0000000041374409 000000000001bf64
[mtlr] resource2 sel8 flags 470 sz 0x1000 -> kr 0x00000000 rid 119 GPUVA 0x10002490000 cpu 10de58000
[mtlr]   out: 0000010002490000 000000010de58000 0000000104db5940 0000000000000000
[mtlr]   out: 0000007700000000 0000000000004000 000000004137440a 000000000001bf65
[mtlr] resource2 sel8 flags 470 sz 0x1000 -> kr 0x00000000 rid 119 GPUVA 0x10002490000 cpu 10de58000
[mtlr]   out: 0000010002490000 000000010de58000 0000000104db5940 0000000000000000
[mtlr]   out: 0000007700000000 0000000000004000 000000004137440b 000000000001bf66
[mtlr] resource2 sel8 flags 470 sz 0x1000 -> kr 0x00000000 rid 119 GPUVA 0x10002490000 cpu 10de58000
[mtlr]   out: 0000010002490000 000000010de58000 0000000104db5940 0000000000000000
[mtlr]   out: 0000007700000000 0000000000004000 000000004137440c 000000000001bf67
[mtlr] resource2 sel8 flags 470 sz 0x1000 -> kr 0x00000000 rid 119 GPUVA 0x10002490000 cpu 10de58000
[mtlr]   out: 0000010002490000 000000010de58000 0000000104db5940 0000000000000000
[mtlr]   out: 0000007700000000 0000000000004000 000000004137440d 000000000001bf68
[mtlr] resource2 sel8 flags 470 sz 0x1000 -> kr 0x00000000 rid 119 GPUVA 0x10002490000 cpu 10de58000
[mtlr]   out: 0000010002490000 000000010de58000 0000000104db5940 0000000000000000
[mtlr]   out: 0000007700000000 0000000000004000 000000004137440e 000000000001bf69
[mtlr] resource2 sel8 flags 470 sz 0x1000 -> kr 0x00000000 rid 119 GPUVA 0x10002490000 cpu 10de58000
[mtlr]   out: 0000010002490000 000000010de58000 0000000104db5940 0000000000000000
[mtlr]   out: 0000007700000000 0000000000004000 000000004137440f 000000000001bf6a
[mtlr] resource2 sel8 flags 470 sz 0x1000 -> kr 0x00000000 rid 119 GPUVA 0x10002490000 cpu 10de58000
[mtlr]   out: 0000010002490000 000000010de58000 0000000104db5940 0000000000000000
[mtlr]   out: 0000007700000000 0000000000004000 0000000041374410 000000000001bf6b
[mtlr] resource2 sel8 flags 470 sz 0x1000 -> kr 0x00000000 rid 119 GPUVA 0x10002490000 cpu 10de58000
[mtlr]   out: 0000010002490000 000000010de58000 0000000104db5940 0000000000000000
[mtlr]   out: 0000007700000000 0000000000004000 0000000041374411 000000000001bf6c
[mtlr] resource2 sel8 flags 470 sz 0x1000 -> kr 0x00000000 rid 119 GPUVA 0x10002490000 cpu 10de58000
[mtlr]   out: 0000010002490000 000000010de58000 0000000104db5940 0000000000000000
[mtlr]   out: 0000007700000000 0000000000004000 0000000041374412 000000000001bf6d
[mtlr] resource2 sel8 flags 470 sz 0x1000 -> kr 0x00000000 rid 119 GPUVA 0x10002490000 cpu 10de58000
[mtlr]   out: 0000010002490000 000000010de58000 0000000104db5940 0000000000000000
[mtlr]   out: 0000007700000000 0000000000004000 0000000041374413 000000000001bf6e
[mtlr] resource2 sel8 flags 470 sz 0x1000 -> kr 0x00000000 rid 119 GPUVA 0x10002490000 cpu 10de58000
[mtlr]   out: 0000010002490000 000000010de58000 0000000104db5940 0000000000000000
[mtlr]   out: 0000007700000000 0000000000004000 0000000041374414 000000000001bf6f
[mtlr] resource2 sel8 flags 470 sz 0x1000 -> kr 0x00000000 rid 119 GPUVA 0x10002490000 cpu 10de58000
[mtlr]   out: 0000010002490000 000000010de58000 0000000104db5940 0000000000000000
[mtlr]   out: 0000007700000000 0000000000004000 0000000041374415 000000000001bf70
[mtlr] resource2 sel8 flags 470 sz 0x1000 -> kr 0x00000000 rid 119 GPUVA 0x10002490000 cpu 10de58000
[mtlr]   out: 0000010002490000 000000010de58000 0000000104db5940 0000000000000000
[mtlr]   out: 0000007700000000 0000000000004000 0000000041374416 000000000001bf71
[mtlr] resource2 sel8 flags 470 sz 0x1000 -> kr 0x00000000 rid 119 GPUVA 0x10002490000 cpu 10de58000
[mtlr]   out: 0000010002490000 000000010de58000 0000000104db5940 0000000000000000
[mtlr]   out: 0000007700000000 0000000000004000 0000000041374417 000000000001bf72
[mtlr] resource2 sel8 flags 470 sz 0x1000 -> kr 0x00000000 rid 119 GPUVA 0x10002490000 cpu 10de58000
[mtlr]   out: 0000010002490000 000000010de58000 0000000104db5940 0000000000000000
[mtlr]   out: 0000007700000000 0000000000004000 0000000041374418 000000000001bf73
[mtlr] resource2 sel8 flags 470 sz 0x1000 -> kr 0x00000000 rid 119 GPUVA 0x10002490000 cpu 10de58000
[mtlr]   out: 0000010002490000 000000010de58000 0000000104db5940 0000000000000000
[mtlr]   out: 0000007700000000 0000000000004000 0000000041374419 000000000001bf74
[mtlr] resource2 sel8 flags 470 sz 0x1000 -> kr 0x00000000 rid 119 GPUVA 0x10002490000 cpu 10de58000
[mtlr]   out: 0000010002490000 000000010de58000 0000000104db5940 0000000000000000
[mtlr]   out: 0000007700000000 0000000000004000 000000004137441a 000000000001bf75
[mtlr] resource2 sel8 flags 470 sz 0x1000 -> kr 0x00000000 rid 119 GPUVA 0x10002490000 cpu 10de58000
[mtlr]   out: 0000010002490000 000000010de58000 0000000104db5940 0000000000000000
[mtlr]   out: 0000007700000000 0000000000004000 000000004137441b 000000000001bf76
[mtlr] resource2 sel8 flags 470 sz 0x1000 -> kr 0x00000000 rid 119 GPUVA 0x10002490000 cpu 10de58000
[mtlr]   out: 0000010002490000 000000010de58000 0000000104db5940 0000000000000000
[mtlr]   out: 0000007700000000 0000000000004000 000000004137441c 000000000001bf77
[uatrec] S4 r23 (+1s): nvv 8 ncb 8 vsz 0x100000 fill 0x1000000000 destroy0 kr 0x00000000 nj 40
[uatrec] S4 r23 blit[0] slots 7 ridp 1
[uatrec] S4 r23 blit[1] slots 7 ridp 1
[uatrec] S4 r23 blit[2] slots 7 ridp 1
[uatrec] S4 r23 blit[3] slots 7 ridp 1
[uatrec] S4 r23 blit[4] slots 7 ridp 1
[uatrec] S4 r23 blit[5] slots 7 ridp 1
[uatrec] S4 r23 blit[6] slots 7 ridp 1
[uatrec] S4 r23 blit[7] slots 7 ridp 1
[mtlr] resource2 sel8 flags 470 sz 0x100000 -> kr 0x00000000 rid 119 GPUVA 0x10002490000 cpu 10e544000
[mtlr]   out: 0000010002490000 000000010e544000 0000000104db5940 0000000000000000
[mtlr]   out: 0000007700000000 0000000000100000 000000004137442f 000000000001bf7a
[uatrec] S4 r24 victim[0] rid 119 gpuva 0x10002490000 cpu 0x10e544000 (top-of-stack)
[mtlr] resource2 sel8 flags 470 sz 0x100000 -> kr 0x00000000 rid 120 GPUVA 0x10002598000 cpu 10e6b4000
[mtlr]   out: 0000010002598000 000000010e6b4000 0000000104db5a00 0000000000000000
[mtlr]   out: 0000007800000000 0000000000100000 0000000041374430 000000000001bf7b
[uatrec] S4 r24 victim[1] rid 120 gpuva 0x10002598000 cpu 0x10e6b4000 (top-of-stack)
[mtlr] resource2 sel8 flags 470 sz 0x100000 -> kr 0x00000000 rid 121 GPUVA 0x100026a0000 cpu 10ec28000
[mtlr]   out: 00000100026a0000 000000010ec28000 0000000104db5ac0 0000000000000000
[mtlr]   out: 0000007900000000 0000000000100000 0000000041374431 000000000001bf7c
[uatrec] S4 r24 victim[2] rid 121 gpuva 0x100026a0000 cpu 0x10ec28000 (top-of-stack)
[mtlr] resource2 sel8 flags 470 sz 0x100000 -> kr 0x00000000 rid 122 GPUVA 0x100027a8000 cpu 10ed94000
[mtlr]   out: 00000100027a8000 000000010ed94000 0000000104db5b80 0000000000000000
[mtlr]   out: 0000007a00000000 0000000000100000 0000000041374432 000000000001bf7d
[uatrec] S4 r24 victim[3] rid 122 gpuva 0x100027a8000 cpu 0x10ed94000 (top-of-stack)
[mtlr] resource2 sel8 flags 470 sz 0x100000 -> kr 0x00000000 rid 123 GPUVA 0x100028b0000 cpu 10ee94000
[mtlr]   out: 00000100028b0000 000000010ee94000 0000000104db5c40 0000000000000000
[mtlr]   out: 0000007b00000000 0000000000100000 0000000041374433 000000000001bf7e
[uatrec] S4 r24 victim[4] rid 123 gpuva 0x100028b0000 cpu 0x10ee94000 (top-of-stack)
[mtlr] resource2 sel8 flags 470 sz 0x100000 -> kr 0x00000000 rid 124 GPUVA 0x100029b8000 cpu 10d958000
[mtlr]   out: 00000100029b8000 000000010d958000 0000000104db5d00 0000000000000000
[mtlr]   out: 0000007c00000000 0000000000100000 0000000041374434 000000000001bf7f
[uatrec] S4 r24 victim[5] rid 124 gpuva 0x100029b8000 cpu 0x10d958000 (top-of-stack)
[mtlr] resource2 sel8 flags 470 sz 0x100000 -> kr 0x00000000 rid 125 GPUVA 0x10002ac0000 cpu 10da58000
[mtlr]   out: 0000010002ac0000 000000010da58000 0000000104db5dc0 0000000000000000
[mtlr]   out: 0000007d00000000 0000000000100000 0000000041374435 000000000001bf80
[uatrec] S4 r24 victim[6] rid 125 gpuva 0x10002ac0000 cpu 0x10da58000 (top-of-stack)
[mtlr] resource2 sel8 flags 470 sz 0x100000 -> kr 0x00000000 rid 126 GPUVA 0x10002bc8000 cpu 10db58000
[mtlr]   out: 0000010002bc8000 000000010db58000 0000000104db5e80 0000000000000000
[mtlr]   out: 0000007e00000000 0000000000100000 000000004137443c 000000000001bf81
[uatrec] S4 r24 victim[7] rid 126 gpuva 0x10002bc8000 cpu 0x10db58000 (top-of-stack)
[mtlr] resource2 sel8 flags 470 sz 0x1000 -> kr 0x00000000 rid 119 GPUVA 0x10002490000 cpu 10de58000
[mtlr]   out: 0000010002490000 000000010de58000 0000000104db5940 0000000000000000
[mtlr]   out: 0000007700000000 0000000000004000 0000000041374459 000000000001bf8b
[mtlr] resource2 sel8 flags 470 sz 0x1000 -> kr 0x00000000 rid 119 GPUVA 0x10002490000 cpu 10de58000
[mtlr]   out: 0000010002490000 000000010de58000 0000000104db5940 0000000000000000
[mtlr]   out: 0000007700000000 0000000000004000 000000004137445a 000000000001bf8c
[mtlr] resource2 sel8 flags 470 sz 0x1000 -> kr 0x00000000 rid 119 GPUVA 0x10002490000 cpu 10de58000
[mtlr]   out: 0000010002490000 000000010de58000 0000000104db5940 0000000000000000
[mtlr]   out: 0000007700000000 0000000000004000 000000004137445b 000000000001bf8d
[mtlr] resource2 sel8 flags 470 sz 0x1000 -> kr 0x00000000 rid 119 GPUVA 0x10002490000 cpu 10de58000
[mtlr]   out: 0000010002490000 000000010de58000 0000000104db5940 0000000000000000
[mtlr]   out: 0000007700000000 0000000000004000 000000004137445c 000000000001bf8e
[mtlr] resource2 sel8 flags 470 sz 0x1000 -> kr 0x00000000 rid 119 GPUVA 0x10002490000 cpu 10de58000
[mtlr]   out: 0000010002490000 000000010de58000 0000000104db5940 0000000000000000
[mtlr]   out: 0000007700000000 0000000000004000 000000004137445d 000000000001bf8f
[mtlr] resource2 sel8 flags 470 sz 0x1000 -> kr 0x00000000 rid 119 GPUVA 0x10002490000 cpu 10de58000
[mtlr]   out: 0000010002490000 000000010de58000 0000000104db5940 0000000000000000
[mtlr]   out: 0000007700000000 0000000000004000 000000004137445e 000000000001bf90
[mtlr] resource2 sel8 flags 470 sz 0x1000 -> kr 0x00000000 rid 119 GPUVA 0x10002490000 cpu 10de58000
[mtlr]   out: 0000010002490000 000000010de58000 0000000104db5940 0000000000000000
[mtlr]   out: 0000007700000000 0000000000004000 000000004137445f 000000000001bf91
[mtlr] resource2 sel8 flags 470 sz 0x1000 -> kr 0x00000000 rid 119 GPUVA 0x10002490000 cpu 10de58000
[mtlr]   out: 0000010002490000 000000010de58000 0000000104db5940 0000000000000000
[mtlr]   out: 0000007700000000 0000000000004000 0000000041374460 000000000001bf92
[mtlr] resource2 sel8 flags 470 sz 0x1000 -> kr 0x00000000 rid 119 GPUVA 0x10002490000 cpu 10de58000
[mtlr]   out: 0000010002490000 000000010de58000 0000000104db5940 0000000000000000
[mtlr]   out: 0000007700000000 0000000000004000 0000000041374461 000000000001bf93
[mtlr] resource2 sel8 flags 470 sz 0x1000 -> kr 0x00000000 rid 119 GPUVA 0x10002490000 cpu 10de58000
[mtlr]   out: 0000010002490000 000000010de58000 0000000104db5940 0000000000000000
[mtlr]   out: 0000007700000000 0000000000004000 0000000041374462 000000000001bf94
[mtlr] resource2 sel8 flags 470 sz 0x1000 -> kr 0x00000000 rid 119 GPUVA 0x10002490000 cpu 10de58000
[mtlr]   out: 0000010002490000 000000010de58000 0000000104db5940 0000000000000000
[mtlr]   out: 0000007700000000 0000000000004000 0000000041374463 000000000001bf95
[mtlr] resource2 sel8 flags 470 sz 0x1000 -> kr 0x00000000 rid 119 GPUVA 0x10002490000 cpu 10de58000
[mtlr]   out: 0000010002490000 000000010de58000 0000000104db5940 0000000000000000
[mtlr]   out: 0000007700000000 0000000000004000 0000000041374464 000000000001bf96
[mtlr] resource2 sel8 flags 470 sz 0x1000 -> kr 0x00000000 rid 119 GPUVA 0x10002490000 cpu 10de58000
[mtlr]   out: 0000010002490000 000000010de58000 0000000104db5940 0000000000000000
[mtlr]   out: 0000007700000000 0000000000004000 0000000041374465 000000000001bf97
[mtlr] resource2 sel8 flags 470 sz 0x1000 -> kr 0x00000000 rid 119 GPUVA 0x10002490000 cpu 10de58000
[mtlr]   out: 0000010002490000 000000010de58000 0000000104db5940 0000000000000000
[mtlr]   out: 0000007700000000 0000000000004000 0000000041374466 000000000001bf98
[mtlr] resource2 sel8 flags 470 sz 0x1000 -> kr 0x00000000 rid 119 GPUVA 0x10002490000 cpu 10de58000
[mtlr]   out: 0000010002490000 000000010de58000 0000000104db5940 0000000000000000
[mtlr]   out: 0000007700000000 0000000000004000 0000000041374467 000000000001bf99
[mtlr] resource2 sel8 flags 470 sz 0x1000 -> kr 0x00000000 rid 119 GPUVA 0x10002490000 cpu 10de58000
[mtlr]   out: 0000010002490000 000000010de58000 0000000104db5940 0000000000000000
[mtlr]   out: 0000007700000000 0000000000004000 0000000041374468 000000000001bf9a
[mtlr] resource2 sel8 flags 470 sz 0x1000 -> kr 0x00000000 rid 119 GPUVA 0x10002490000 cpu 10de58000
[mtlr]   out: 0000010002490000 000000010de58000 0000000104db5940 0000000000000000
[mtlr]   out: 0000007700000000 0000000000004000 0000000041374469 000000000001bf9b
[mtlr] resource2 sel8 flags 470 sz 0x1000 -> kr 0x00000000 rid 119 GPUVA 0x10002490000 cpu 10de58000
[mtlr]   out: 0000010002490000 000000010de58000 0000000104db5940 0000000000000000
[mtlr]   out: 0000007700000000 0000000000004000 000000004137446a 000000000001bf9c
[mtlr] resource2 sel8 flags 470 sz 0x1000 -> kr 0x00000000 rid 119 GPUVA 0x10002490000 cpu 10de58000
[mtlr]   out: 0000010002490000 000000010de58000 0000000104db5940 0000000000000000
[mtlr]   out: 0000007700000000 0000000000004000 000000004137446b 000000000001bf9d
[mtlr] resource2 sel8 flags 470 sz 0x1000 -> kr 0x00000000 rid 119 GPUVA 0x10002490000 cpu 10de58000
[mtlr]   out: 0000010002490000 000000010de58000 0000000104db5940 0000000000000000
[mtlr]   out: 0000007700000000 0000000000004000 000000004137446c 000000000001bf9e
[mtlr] resource2 sel8 flags 470 sz 0x1000 -> kr 0x00000000 rid 119 GPUVA 0x10002490000 cpu 10de58000
[mtlr]   out: 0000010002490000 000000010de58000 0000000104db5940 0000000000000000
[mtlr]   out: 0000007700000000 0000000000004000 000000004137446d 000000000001bf9f
[mtlr] resource2 sel8 flags 470 sz 0x1000 -> kr 0x00000000 rid 119 GPUVA 0x10002490000 cpu 10de58000
[mtlr]   out: 0000010002490000 000000010de58000 0000000104db5940 0000000000000000
[mtlr]   out: 0000007700000000 0000000000004000 000000004137446e 000000000001bfa0
[mtlr] resource2 sel8 flags 470 sz 0x1000 -> kr 0x00000000 rid 119 GPUVA 0x10002490000 cpu 10de58000
[mtlr]   out: 0000010002490000 000000010de58000 0000000104db5940 0000000000000000
[mtlr]   out: 0000007700000000 0000000000004000 000000004137446f 000000000001bfa1
[mtlr] resource2 sel8 flags 470 sz 0x1000 -> kr 0x00000000 rid 119 GPUVA 0x10002490000 cpu 10de58000
[mtlr]   out: 0000010002490000 000000010de58000 0000000104db5940 0000000000000000
[mtlr]   out: 0000007700000000 0000000000004000 0000000041374470 000000000001bfa2
[mtlr] resource2 sel8 flags 470 sz 0x1000 -> kr 0x00000000 rid 119 GPUVA 0x10002490000 cpu 10de58000
[mtlr]   out: 0000010002490000 000000010de58000 0000000104db5940 0000000000000000
[mtlr]   out: 0000007700000000 0000000000004000 0000000041374471 000000000001bfa3
[mtlr] resource2 sel8 flags 470 sz 0x1000 -> kr 0x00000000 rid 119 GPUVA 0x10002490000 cpu 10de58000
[mtlr]   out: 0000010002490000 000000010de58000 0000000104db5940 0000000000000000
[mtlr]   out: 0000007700000000 0000000000004000 0000000041374472 000000000001bfa4
[mtlr] resource2 sel8 flags 470 sz 0x1000 -> kr 0x00000000 rid 119 GPUVA 0x10002490000 cpu 10de58000
[mtlr]   out: 0000010002490000 000000010de58000 0000000104db5940 0000000000000000
[mtlr]   out: 0000007700000000 0000000000004000 0000000041374473 000000000001bfa5
[mtlr] resource2 sel8 flags 470 sz 0x1000 -> kr 0x00000000 rid 119 GPUVA 0x10002490000 cpu 10de58000
[mtlr]   out: 0000010002490000 000000010de58000 0000000104db5940 0000000000000000
[mtlr]   out: 0000007700000000 0000000000004000 0000000041374474 000000000001bfa6
[mtlr] resource2 sel8 flags 470 sz 0x1000 -> kr 0x00000000 rid 119 GPUVA 0x10002490000 cpu 10de58000
[mtlr]   out: 0000010002490000 000000010de58000 0000000104db5940 0000000000000000
[mtlr]   out: 0000007700000000 0000000000004000 0000000041374475 000000000001bfa7
[mtlr] resource2 sel8 flags 470 sz 0x1000 -> kr 0x00000000 rid 119 GPUVA 0x10002490000 cpu 10de58000
[mtlr]   out: 0000010002490000 000000010de58000 0000000104db5940 0000000000000000
[mtlr]   out: 0000007700000000 0000000000004000 0000000041374476 000000000001bfa8
[mtlr] resource2 sel8 flags 470 sz 0x1000 -> kr 0x00000000 rid 119 GPUVA 0x10002490000 cpu 10de58000
[mtlr]   out: 0000010002490000 000000010de58000 0000000104db5940 0000000000000000
[mtlr]   out: 0000007700000000 0000000000004000 0000000041374477 000000000001bfa9
[mtlr] resource2 sel8 flags 470 sz 0x1000 -> kr 0x00000000 rid 119 GPUVA 0x10002490000 cpu 10de58000
[mtlr]   out: 0000010002490000 000000010de58000 0000000104db5940 0000000000000000
[mtlr]   out: 0000007700000000 0000000000004000 0000000041374478 000000000001bfaa
[mtlr] resource2 sel8 flags 470 sz 0x1000 -> kr 0x00000000 rid 119 GPUVA 0x10002490000 cpu 10de58000
[mtlr]   out: 0000010002490000 000000010de58000 0000000104db5940 0000000000000000
[mtlr]   out: 0000007700000000 0000000000004000 0000000041374479 000000000001bfab
[mtlr] resource2 sel8 flags 470 sz 0x1000 -> kr 0x00000000 rid 119 GPUVA 0x10002490000 cpu 10de58000
[mtlr]   out: 0000010002490000 000000010de58000 0000000104db5940 0000000000000000
[mtlr]   out: 0000007700000000 0000000000004000 000000004137447a 000000000001bfac
[mtlr] resource2 sel8 flags 470 sz 0x1000 -> kr 0x00000000 rid 119 GPUVA 0x10002490000 cpu 10de58000
[mtlr]   out: 0000010002490000 000000010de58000 0000000104db5940 0000000000000000
[mtlr]   out: 0000007700000000 0000000000004000 000000004137447b 000000000001bfad
[mtlr] resource2 sel8 flags 470 sz 0x1000 -> kr 0x00000000 rid 119 GPUVA 0x10002490000 cpu 10de58000
[mtlr]   out: 0000010002490000 000000010de58000 0000000104db5940 0000000000000000
[mtlr]   out: 0000007700000000 0000000000004000 000000004137447c 000000000001bfae
[mtlr] resource2 sel8 flags 470 sz 0x1000 -> kr 0x00000000 rid 119 GPUVA 0x10002490000 cpu 10de58000
[mtlr]   out: 0000010002490000 000000010de58000 0000000104db5940 0000000000000000
[mtlr]   out: 0000007700000000 0000000000004000 000000004137447d 000000000001bfaf
[mtlr] resource2 sel8 flags 470 sz 0x1000 -> kr 0x00000000 rid 119 GPUVA 0x10002490000 cpu 10de58000
[mtlr]   out: 0000010002490000 000000010de58000 0000000104db5940 0000000000000000
[mtlr]   out: 0000007700000000 0000000000004000 000000004137447e 000000000001bfb0
[mtlr] resource2 sel8 flags 470 sz 0x1000 -> kr 0x00000000 rid 119 GPUVA 0x10002490000 cpu 10de58000
[mtlr]   out: 0000010002490000 000000010de58000 0000000104db5940 0000000000000000
[mtlr]   out: 0000007700000000 0000000000004000 000000004137447f 000000000001bfb1
[mtlr] resource2 sel8 flags 470 sz 0x1000 -> kr 0x00000000 rid 119 GPUVA 0x10002490000 cpu 10de58000
[mtlr]   out: 0000010002490000 000000010de58000 0000000104db5940 0000000000000000
[mtlr]   out: 0000007700000000 0000000000004000 0000000041374480 000000000001bfb2
[uatrec] S4 r24 (+1s): nvv 8 ncb 8 vsz 0x100000 fill 0x1000000000 destroy0 kr 0x00000000 nj 40
[uatrec] S4 r24 blit[0] slots 7 ridp 1
[uatrec] S4 r24 blit[1] slots 8 ridp 1
[uatrec] S4 r24 blit[2] slots 7 ridp 1
[uatrec] S4 r24 blit[3] slots 7 ridp 1
[uatrec] S4 r24 blit[4] slots 7 ridp 1
[uatrec] S4 r24 blit[5] slots 7 ridp 1
[uatrec] S4 r24 blit[6] slots 7 ridp 1
[uatrec] S4 r24 blit[7] slots 7 ridp 1
[uatrec] S4: deliberate crash now (round 24, blits in flight)
