[main] fuzz harness up, mode=scaler
[main] sandbox note: VCPDRM open is MACF-denied (iokit-open-user-client VCPDRMUserClient); mach-lookup com.apple.sprr / com.apple.jitbox exist but are sandbox-gated (seen in kernel log)
[open] AppleM2ScalerCSCDriver -> conn 0x6403
[scaler] conn 0x6403, s1 162 s2 164
[probe12] SetNotificationPort -> 0x00000000
[uatrec] v111 step 4 delay 0ms
[open] IOGPU -> conn 0x6d03
[uatrec] mconn 0x7333 ourc 0x6d03
[uatrec] S4 stale-TLB cross-client spray: 25 rounds, cong 8, 50ms/round, secs 0, nv 8, vsz 0x100000, fill 0x0
[uatrec] S4: no key window — system load degraded
[mtlr] resource2 sel8 flags 470 sz 0x100000 -> kr 0x00000000 rid 119 GPUVA 0x10002490000 cpu 10a780000
[mtlr]   out: 0000010002490000 000000010a780000 00000001003ed940 0000000000000000
[mtlr]   out: 0000007700000000 0000000000100000 000000004738127b 000000000001e274
[uatrec] S4 r0 victim[0] rid 119 gpuva 0x10002490000 cpu 0x10a780000 (top-of-stack)
[mtlr] resource2 sel8 flags 470 sz 0x100000 -> kr 0x00000000 rid 120 GPUVA 0x10002598000 cpu 10a880000
[mtlr]   out: 0000010002598000 000000010a880000 00000001003eda00 0000000000000000
[mtlr]   out: 0000007800000000 0000000000100000 000000004738127c 000000000001e275
[uatrec] S4 r0 victim[1] rid 120 gpuva 0x10002598000 cpu 0x10a880000 (top-of-stack)
[mtlr] resource2 sel8 flags 470 sz 0x100000 -> kr 0x00000000 rid 121 GPUVA 0x100026a0000 cpu 10a980000
[mtlr]   out: 00000100026a0000 000000010a980000 00000001003edac0 0000000000000000
[mtlr]   out: 0000007900000000 0000000000100000 000000004738127d 000000000001e276
[uatrec] S4 r0 victim[2] rid 121 gpuva 0x100026a0000 cpu 0x10a980000 (top-of-stack)
[mtlr] resource2 sel8 flags 470 sz 0x100000 -> kr 0x00000000 rid 122 GPUVA 0x100027a8000 cpu 10aa80000
[mtlr]   out: 00000100027a8000 000000010aa80000 00000001003edb80 0000000000000000
[mtlr]   out: 0000007a00000000 0000000000100000 000000004738127e 000000000001e277
[uatrec] S4 r0 victim[3] rid 122 gpuva 0x100027a8000 cpu 0x10aa80000 (top-of-stack)
[mtlr] resource2 sel8 flags 470 sz 0x100000 -> kr 0x00000000 rid 123 GPUVA 0x100028b0000 cpu 10ab80000
[mtlr]   out: 00000100028b0000 000000010ab80000 00000001003edc40 0000000000000000
[mtlr]   out: 0000007b00000000 0000000000100000 000000004738127f 000000000001e278
[uatrec] S4 r0 victim[4] rid 123 gpuva 0x100028b0000 cpu 0x10ab80000 (top-of-stack)
[mtlr] resource2 sel8 flags 470 sz 0x100000 -> kr 0x00000000 rid 124 GPUVA 0x100029b8000 cpu 10ac80000
[mtlr]   out: 00000100029b8000 000000010ac80000 00000001003edd00 0000000000000000
[mtlr]   out: 0000007c00000000 0000000000100000 0000000047381283 000000000001e279
[uatrec] S4 r0 victim[5] rid 124 gpuva 0x100029b8000 cpu 0x10ac80000 (top-of-stack)
[mtlr] resource2 sel8 flags 470 sz 0x100000 -> kr 0x00000000 rid 125 GPUVA 0x10002ac0000 cpu 10ad80000
[mtlr]   out: 0000010002ac0000 000000010ad80000 00000001003eddc0 0000000000000000
[mtlr]   out: 0000007d00000000 0000000000100000 0000000047381286 000000000001e27a
[uatrec] S4 r0 victim[6] rid 125 gpuva 0x10002ac0000 cpu 0x10ad80000 (top-of-stack)
[mtlr] resource2 sel8 flags 470 sz 0x100000 -> kr 0x00000000 rid 126 GPUVA 0x10002bc8000 cpu 10ae80000
[mtlr]   out: 0000010002bc8000 000000010ae80000 00000001003ede80 0000000000000000
[mtlr]   out: 0000007e00000000 0000000000100000 0000000047381289 000000000001e27b
[uatrec] S4 r0 victim[7] rid 126 gpuva 0x10002bc8000 cpu 0x10ae80000 (top-of-stack)
[mtlr] resource2 sel8 flags 470 sz 0x1000 -> kr 0x00000000 rid 119 GPUVA 0x10002490000 cpu 10b968000
[mtlr]   out: 0000010002490000 000000010b968000 00000001003ed940 0000000000000000
[mtlr]   out: 0000007700000000 0000000000004000 000000004738140c 000000000001e2b2
[mtlr] resource2 sel8 flags 470 sz 0x1000 -> kr 0x00000000 rid 119 GPUVA 0x10002490000 cpu 10b968000
[mtlr]   out: 0000010002490000 000000010b968000 00000001003ed940 0000000000000000
[mtlr]   out: 0000007700000000 0000000000004000 000000004738140d 000000000001e2b3
[mtlr] resource2 sel8 flags 470 sz 0x1000 -> kr 0x00000000 rid 119 GPUVA 0x10002490000 cpu 10b968000
[mtlr]   out: 0000010002490000 000000010b968000 00000001003ed940 0000000000000000
[mtlr]   out: 0000007700000000 0000000000004000 000000004738140e 000000000001e2b4
[mtlr] resource2 sel8 flags 470 sz 0x1000 -> kr 0x00000000 rid 119 GPUVA 0x10002490000 cpu 10b968000
[mtlr]   out: 0000010002490000 000000010b968000 00000001003ed940 0000000000000000
[mtlr]   out: 0000007700000000 0000000000004000 000000004738140f 000000000001e2b5
[mtlr] resource2 sel8 flags 470 sz 0x1000 -> kr 0x00000000 rid 119 GPUVA 0x10002490000 cpu 10b968000
[mtlr]   out: 0000010002490000 000000010b968000 00000001003ed940 0000000000000000
[mtlr]   out: 0000007700000000 0000000000004000 0000000047381410 000000000001e2b6
[mtlr] resource2 sel8 flags 470 sz 0x1000 -> kr 0x00000000 rid 119 GPUVA 0x10002490000 cpu 10b968000
[mtlr]   out: 0000010002490000 000000010b968000 00000001003ed940 0000000000000000
[mtlr]   out: 0000007700000000 0000000000004000 0000000047381411 000000000001e2b7
[mtlr] resource2 sel8 flags 470 sz 0x1000 -> kr 0x00000000 rid 119 GPUVA 0x10002490000 cpu 10b968000
[mtlr]   out: 0000010002490000 000000010b968000 00000001003ed940 0000000000000000
[mtlr]   out: 0000007700000000 0000000000004000 0000000047381412 000000000001e2b8
[mtlr] resource2 sel8 flags 470 sz 0x1000 -> kr 0x00000000 rid 119 GPUVA 0x10002490000 cpu 10b968000
[mtlr]   out: 0000010002490000 000000010b968000 00000001003ed940 0000000000000000
[mtlr]   out: 0000007700000000 0000000000004000 0000000047381413 000000000001e2b9
[mtlr] resource2 sel8 flags 470 sz 0x1000 -> kr 0x00000000 rid 119 GPUVA 0x10002490000 cpu 10b968000
[mtlr]   out: 0000010002490000 000000010b968000 00000001003ed940 0000000000000000
[mtlr]   out: 0000007700000000 0000000000004000 0000000047381414 000000000001e2ba
[mtlr] resource2 sel8 flags 470 sz 0x1000 -> kr 0x00000000 rid 119 GPUVA 0x10002490000 cpu 10b968000
[mtlr]   out: 0000010002490000 000000010b968000 00000001003ed940 0000000000000000
[mtlr]   out: 0000007700000000 0000000000004000 0000000047381415 000000000001e2bb
[mtlr] resource2 sel8 flags 470 sz 0x1000 -> kr 0x00000000 rid 119 GPUVA 0x10002490000 cpu 10b968000
[mtlr]   out: 0000010002490000 000000010b968000 00000001003ed940 0000000000000000
[mtlr]   out: 0000007700000000 0000000000004000 0000000047381416 000000000001e2bc
[mtlr] resource2 sel8 flags 470 sz 0x1000 -> kr 0x00000000 rid 119 GPUVA 0x10002490000 cpu 10b968000
[mtlr]   out: 0000010002490000 000000010b968000 00000001003ed940 0000000000000000
[mtlr]   out: 0000007700000000 0000000000004000 0000000047381417 000000000001e2bd
[mtlr] resource2 sel8 flags 470 sz 0x1000 -> kr 0x00000000 rid 119 GPUVA 0x10002490000 cpu 10b968000
[mtlr]   out: 0000010002490000 000000010b968000 00000001003ed940 0000000000000000
[mtlr]   out: 0000007700000000 0000000000004000 0000000047381418 000000000001e2be
[mtlr] resource2 sel8 flags 470 sz 0x1000 -> kr 0x00000000 rid 119 GPUVA 0x10002490000 cpu 10b968000
[mtlr]   out: 0000010002490000 000000010b968000 00000001003ed940 0000000000000000
[mtlr]   out: 0000007700000000 0000000000004000 0000000047381419 000000000001e2bf
[mtlr] resource2 sel8 flags 470 sz 0x1000 -> kr 0x00000000 rid 119 GPUVA 0x10002490000 cpu 10b968000
[mtlr]   out: 0000010002490000 000000010b968000 00000001003ed940 0000000000000000
[mtlr]   out: 0000007700000000 0000000000004000 000000004738141a 000000000001e2c0
[mtlr] resource2 sel8 flags 470 sz 0x1000 -> kr 0x00000000 rid 119 GPUVA 0x10002490000 cpu 10b968000
[mtlr]   out: 0000010002490000 000000010b968000 00000001003ed940 0000000000000000
[mtlr]   out: 0000007700000000 0000000000004000 000000004738141b 000000000001e2c1
[mtlr] resource2 sel8 flags 470 sz 0x1000 -> kr 0x00000000 rid 119 GPUVA 0x10002490000 cpu 10b968000
[mtlr]   out: 0000010002490000 000000010b968000 00000001003ed940 0000000000000000
[mtlr]   out: 0000007700000000 0000000000004000 000000004738141c 000000000001e2c2
[mtlr] resource2 sel8 flags 470 sz 0x1000 -> kr 0x00000000 rid 119 GPUVA 0x10002490000 cpu 10b968000
[mtlr]   out: 0000010002490000 000000010b968000 00000001003ed940 0000000000000000
[mtlr]   out: 0000007700000000 0000000000004000 000000004738141d 000000000001e2c3
[mtlr] resource2 sel8 flags 470 sz 0x1000 -> kr 0x00000000 rid 119 GPUVA 0x10002490000 cpu 10b968000
[mtlr]   out: 0000010002490000 000000010b968000 00000001003ed940 0000000000000000
[mtlr]   out: 0000007700000000 0000000000004000 000000004738141e 000000000001e2c4
[mtlr] resource2 sel8 flags 470 sz 0x1000 -> kr 0x00000000 rid 119 GPUVA 0x10002490000 cpu 10b968000
[mtlr]   out: 0000010002490000 000000010b968000 00000001003ed940 0000000000000000
[mtlr]   out: 0000007700000000 0000000000004000 000000004738141f 000000000001e2c5
[mtlr] resource2 sel8 flags 470 sz 0x1000 -> kr 0x00000000 rid 119 GPUVA 0x10002490000 cpu 10b968000
[mtlr]   out: 0000010002490000 000000010b968000 00000001003ed940 0000000000000000
[mtlr]   out: 0000007700000000 0000000000004000 0000000047381420 000000000001e2c6
[mtlr] resource2 sel8 flags 470 sz 0x1000 -> kr 0x00000000 rid 119 GPUVA 0x10002490000 cpu 10b968000
[mtlr]   out: 0000010002490000 000000010b968000 00000001003ed940 0000000000000000
[mtlr]   out: 0000007700000000 0000000000004000 0000000047381421 000000000001e2c7
[mtlr] resource2 sel8 flags 470 sz 0x1000 -> kr 0x00000000 rid 119 GPUVA 0x10002490000 cpu 10b968000
[mtlr]   out: 0000010002490000 000000010b968000 00000001003ed940 0000000000000000
[mtlr]   out: 0000007700000000 0000000000004000 0000000047381422 000000000001e2c8
[mtlr] resource2 sel8 flags 470 sz 0x1000 -> kr 0x00000000 rid 119 GPUVA 0x10002490000 cpu 10b968000
[mtlr]   out: 0000010002490000 000000010b968000 00000001003ed940 0000000000000000
[mtlr]   out: 0000007700000000 0000000000004000 0000000047381423 000000000001e2c9
[mtlr] resource2 sel8 flags 470 sz 0x1000 -> kr 0x00000000 rid 119 GPUVA 0x10002490000 cpu 10b968000
[mtlr]   out: 0000010002490000 000000010b968000 00000001003ed940 0000000000000000
[mtlr]   out: 0000007700000000 0000000000004000 0000000047381424 000000000001e2ca
[mtlr] resource2 sel8 flags 470 sz 0x1000 -> kr 0x00000000 rid 119 GPUVA 0x10002490000 cpu 10b968000
[mtlr]   out: 0000010002490000 000000010b968000 00000001003ed940 0000000000000000
[mtlr]   out: 0000007700000000 0000000000004000 0000000047381425 000000000001e2cb
[mtlr] resource2 sel8 flags 470 sz 0x1000 -> kr 0x00000000 rid 119 GPUVA 0x10002490000 cpu 10b968000
[mtlr]   out: 0000010002490000 000000010b968000 00000001003ed940 0000000000000000
[mtlr]   out: 0000007700000000 0000000000004000 0000000047381426 000000000001e2cc
[mtlr] resource2 sel8 flags 470 sz 0x1000 -> kr 0x00000000 rid 119 GPUVA 0x10002490000 cpu 10b968000
[mtlr]   out: 0000010002490000 000000010b968000 00000001003ed940 0000000000000000
[mtlr]   out: 0000007700000000 0000000000004000 0000000047381427 000000000001e2cd
[mtlr] resource2 sel8 flags 470 sz 0x1000 -> kr 0x00000000 rid 119 GPUVA 0x10002490000 cpu 10b968000
[mtlr]   out: 0000010002490000 000000010b968000 00000001003ed940 0000000000000000
[mtlr]   out: 0000007700000000 0000000000004000 0000000047381428 000000000001e2ce
[mtlr] resource2 sel8 flags 470 sz 0x1000 -> kr 0x00000000 rid 119 GPUVA 0x10002490000 cpu 10b968000
[mtlr]   out: 0000010002490000 000000010b968000 00000001003ed940 0000000000000000
[mtlr]   out: 0000007700000000 0000000000004000 0000000047381429 000000000001e2cf
[mtlr] resource2 sel8 flags 470 sz 0x1000 -> kr 0x00000000 rid 119 GPUVA 0x10002490000 cpu 10b968000
[mtlr]   out: 0000010002490000 000000010b968000 00000001003ed940 0000000000000000
[mtlr]   out: 0000007700000000 0000000000004000 000000004738142a 000000000001e2d0
[mtlr] resource2 sel8 flags 470 sz 0x1000 -> kr 0x00000000 rid 119 GPUVA 0x10002490000 cpu 10b968000
[mtlr]   out: 0000010002490000 000000010b968000 00000001003ed940 0000000000000000
[mtlr]   out: 0000007700000000 0000000000004000 000000004738142b 000000000001e2d1
[mtlr] resource2 sel8 flags 470 sz 0x1000 -> kr 0x00000000 rid 119 GPUVA 0x10002490000 cpu 10b968000
[mtlr]   out: 0000010002490000 000000010b968000 00000001003ed940 0000000000000000
[mtlr]   out: 0000007700000000 0000000000004000 000000004738142c 000000000001e2d2
[mtlr] resource2 sel8 flags 470 sz 0x1000 -> kr 0x00000000 rid 119 GPUVA 0x10002490000 cpu 10b968000
[mtlr]   out: 0000010002490000 000000010b968000 00000001003ed940 0000000000000000
[mtlr]   out: 0000007700000000 0000000000004000 000000004738142d 000000000001e2d3
[mtlr] resource2 sel8 flags 470 sz 0x1000 -> kr 0x00000000 rid 119 GPUVA 0x10002490000 cpu 10b968000
[mtlr]   out: 0000010002490000 000000010b968000 00000001003ed940 0000000000000000
[mtlr]   out: 0000007700000000 0000000000004000 000000004738142e 000000000001e2d4
[mtlr] resource2 sel8 flags 470 sz 0x1000 -> kr 0x00000000 rid 119 GPUVA 0x10002490000 cpu 10b968000
[mtlr]   out: 0000010002490000 000000010b968000 00000001003ed940 0000000000000000
[mtlr]   out: 0000007700000000 0000000000004000 000000004738142f 000000000001e2d5
[mtlr] resource2 sel8 flags 470 sz 0x1000 -> kr 0x00000000 rid 119 GPUVA 0x10002490000 cpu 10b968000
[mtlr]   out: 0000010002490000 000000010b968000 00000001003ed940 0000000000000000
[mtlr]   out: 0000007700000000 0000000000004000 0000000047381430 000000000001e2d6
[mtlr] resource2 sel8 flags 470 sz 0x1000 -> kr 0x00000000 rid 119 GPUVA 0x10002490000 cpu 10b968000
[mtlr]   out: 0000010002490000 000000010b968000 00000001003ed940 0000000000000000
[mtlr]   out: 0000007700000000 0000000000004000 0000000047381431 000000000001e2d7
[mtlr] resource2 sel8 flags 470 sz 0x1000 -> kr 0x00000000 rid 119 GPUVA 0x10002490000 cpu 10b968000
[mtlr]   out: 0000010002490000 000000010b968000 00000001003ed940 0000000000000000
[mtlr]   out: 0000007700000000 0000000000004000 0000000047381432 000000000001e2d8
[mtlr] resource2 sel8 flags 470 sz 0x1000 -> kr 0x00000000 rid 119 GPUVA 0x10002490000 cpu 10b968000
[mtlr]   out: 0000010002490000 000000010b968000 00000001003ed940 0000000000000000
[mtlr]   out: 0000007700000000 0000000000004000 0000000047381433 000000000001e2d9
[uatrec] S4 r0 (+0s): nvv 8 ncb 8 vsz 0x100000 fill 0x0 destroy0 kr 0x00000000 nj 40
[uatrec] S4 r0 blit[0] slots 12 ridp 1
[uatrec] S4 r0 blit[1] slots 10 ridp 1
[uatrec] S4 r0 blit[2] slots 11 ridp 1
[uatrec] S4 r0 blit[3] slots 10 ridp 1
[uatrec] S4 r0 blit[4] slots 10 ridp 1
[uatrec] S4 r0 blit[5] slots 11 ridp 1
[uatrec] S4 r0 blit[6] slots 10 ridp 1
[uatrec] S4 r0 blit[7] slots 11 ridp 1
[mtlr] resource2 sel8 flags 470 sz 0x100000 -> kr 0x00000000 rid 119 GPUVA 0x10002490000 cpu 10a788000
[mtlr]   out: 0000010002490000 000000010a788000 00000001003ed940 0000000000000000
[mtlr]   out: 0000007700000000 0000000000100000 0000000047381572 000000000001e2dc
[uatrec] S4 r1 victim[0] rid 119 gpuva 0x10002490000 cpu 0x10a788000 (top-of-stack)
[mtlr] resource2 sel8 flags 470 sz 0x100000 -> kr 0x00000000 rid 120 GPUVA 0x10002598000 cpu 10a888000
[mtlr]   out: 0000010002598000 000000010a888000 00000001003eda00 0000000000000000
[mtlr]   out: 0000007800000000 0000000000100000 0000000047381573 000000000001e2dd
[uatrec] S4 r1 victim[1] rid 120 gpuva 0x10002598000 cpu 0x10a888000 (top-of-stack)
[mtlr] resource2 sel8 flags 470 sz 0x100000 -> kr 0x00000000 rid 121 GPUVA 0x100026a0000 cpu 10a988000
[mtlr]   out: 00000100026a0000 000000010a988000 00000001003edac0 0000000000000000
[mtlr]   out: 0000007900000000 0000000000100000 0000000047381574 000000000001e2de
[uatrec] S4 r1 victim[2] rid 121 gpuva 0x100026a0000 cpu 0x10a988000 (top-of-stack)
[mtlr] resource2 sel8 flags 470 sz 0x100000 -> kr 0x00000000 rid 122 GPUVA 0x100027a8000 cpu 10aa88000
[mtlr]   out: 00000100027a8000 000000010aa88000 00000001003edb80 0000000000000000
[mtlr]   out: 0000007a00000000 0000000000100000 0000000047381575 000000000001e2df
[uatrec] S4 r1 victim[3] rid 122 gpuva 0x100027a8000 cpu 0x10aa88000 (top-of-stack)
[mtlr] resource2 sel8 flags 470 sz 0x100000 -> kr 0x00000000 rid 123 GPUVA 0x100028b0000 cpu 10ab88000
[mtlr]   out: 00000100028b0000 000000010ab88000 00000001003edc40 0000000000000000
[mtlr]   out: 0000007b00000000 0000000000100000 0000000047381576 000000000001e2e0
[uatrec] S4 r1 victim[4] rid 123 gpuva 0x100028b0000 cpu 0x10ab88000 (top-of-stack)
[mtlr] resource2 sel8 flags 470 sz 0x100000 -> kr 0x00000000 rid 124 GPUVA 0x100029b8000 cpu 10ac88000
[mtlr]   out: 00000100029b8000 000000010ac88000 00000001003edd00 0000000000000000
[mtlr]   out: 0000007c00000000 0000000000100000 000000004738157e 000000000001e2e1
[uatrec] S4 r1 victim[5] rid 124 gpuva 0x100029b8000 cpu 0x10ac88000 (top-of-stack)
[mtlr] resource2 sel8 flags 470 sz 0x100000 -> kr 0x00000000 rid 125 GPUVA 0x10002ac0000 cpu 10ad88000
[mtlr]   out: 0000010002ac0000 000000010ad88000 00000001003eddc0 0000000000000000
[mtlr]   out: 0000007d00000000 0000000000100000 000000004738157f 000000000001e2e2
[uatrec] S4 r1 victim[6] rid 125 gpuva 0x10002ac0000 cpu 0x10ad88000 (top-of-stack)
[mtlr] resource2 sel8 flags 470 sz 0x100000 -> kr 0x00000000 rid 126 GPUVA 0x10002bc8000 cpu 10ae88000
[mtlr]   out: 0000010002bc8000 000000010ae88000 00000001003ede80 0000000000000000
[mtlr]   out: 0000007e00000000 0000000000100000 0000000047381580 000000000001e2e3
[uatrec] S4 r1 victim[7] rid 126 gpuva 0x10002bc8000 cpu 0x10ae88000 (top-of-stack)
[mtlr] resource2 sel8 flags 470 sz 0x1000 -> kr 0x00000000 rid 119 GPUVA 0x10003898000 cpu 10bb28000
[mtlr]   out: 0000010003898000 000000010bb28000 00000001003f1300 0000000000000000
[mtlr]   out: 0000007700000000 0000000000004000 00000000473815ef 000000000001e31d
[mtlr] resource2 sel8 flags 470 sz 0x1000 -> kr 0x00000000 rid 119 GPUVA 0x10003898000 cpu 10bb28000
[mtlr]   out: 0000010003898000 000000010bb28000 00000001003f1300 0000000000000000
[mtlr]   out: 0000007700000000 0000000000004000 00000000473815f0 000000000001e31e
[mtlr] resource2 sel8 flags 470 sz 0x1000 -> kr 0x00000000 rid 119 GPUVA 0x10003898000 cpu 10bb28000
[mtlr]   out: 0000010003898000 000000010bb28000 00000001003f1300 0000000000000000
[mtlr]   out: 0000007700000000 0000000000004000 00000000473815f1 000000000001e31f
[mtlr] resource2 sel8 flags 470 sz 0x1000 -> kr 0x00000000 rid 119 GPUVA 0x10003898000 cpu 10bb28000
[mtlr]   out: 0000010003898000 000000010bb28000 00000001003f1300 0000000000000000
[mtlr]   out: 0000007700000000 0000000000004000 00000000473815f2 000000000001e320
[mtlr] resource2 sel8 flags 470 sz 0x1000 -> kr 0x00000000 rid 119 GPUVA 0x10003898000 cpu 10bb28000
[mtlr]   out: 0000010003898000 000000010bb28000 00000001003f1300 0000000000000000
[mtlr]   out: 0000007700000000 0000000000004000 00000000473815f3 000000000001e321
[mtlr] resource2 sel8 flags 470 sz 0x1000 -> kr 0x00000000 rid 119 GPUVA 0x10003898000 cpu 10bb28000
[mtlr]   out: 0000010003898000 000000010bb28000 00000001003f1300 0000000000000000
[mtlr]   out: 0000007700000000 0000000000004000 00000000473815f4 000000000001e322
[mtlr] resource2 sel8 flags 470 sz 0x1000 -> kr 0x00000000 rid 119 GPUVA 0x10003898000 cpu 10bb28000
[mtlr]   out: 0000010003898000 000000010bb28000 00000001003f1300 0000000000000000
[mtlr]   out: 0000007700000000 0000000000004000 00000000473815f5 000000000001e323
[mtlr] resource2 sel8 flags 470 sz 0x1000 -> kr 0x00000000 rid 119 GPUVA 0x10003898000 cpu 10bb28000
[mtlr]   out: 0000010003898000 000000010bb28000 00000001003f1300 0000000000000000
[mtlr]   out: 0000007700000000 0000000000004000 00000000473815f6 000000000001e324
[mtlr] resource2 sel8 flags 470 sz 0x1000 -> kr 0x00000000 rid 119 GPUVA 0x10003898000 cpu 10bb28000
[mtlr]   out: 0000010003898000 000000010bb28000 00000001003f1300 0000000000000000
[mtlr]   out: 0000007700000000 0000000000004000 00000000473815f7 000000000001e325
[mtlr] resource2 sel8 flags 470 sz 0x1000 -> kr 0x00000000 rid 119 GPUVA 0x10003898000 cpu 10bb28000
[mtlr]   out: 0000010003898000 000000010bb28000 00000001003f1300 0000000000000000
[mtlr]   out: 0000007700000000 0000000000004000 00000000473815f8 000000000001e326
[mtlr] resource2 sel8 flags 470 sz 0x1000 -> kr 0x00000000 rid 119 GPUVA 0x10003898000 cpu 10bb28000
[mtlr]   out: 0000010003898000 000000010bb28000 00000001003f1300 0000000000000000
[mtlr]   out: 0000007700000000 0000000000004000 00000000473815f9 000000000001e327
[mtlr] resource2 sel8 flags 470 sz 0x1000 -> kr 0x00000000 rid 119 GPUVA 0x10003898000 cpu 10bb28000
[mtlr]   out: 0000010003898000 000000010bb28000 00000001003f1300 0000000000000000
[mtlr]   out: 0000007700000000 0000000000004000 00000000473815fa 000000000001e328
[mtlr] resource2 sel8 flags 470 sz 0x1000 -> kr 0x00000000 rid 119 GPUVA 0x10003898000 cpu 10bb28000
[mtlr]   out: 0000010003898000 000000010bb28000 00000001003f1300 0000000000000000
[mtlr]   out: 0000007700000000 0000000000004000 00000000473815fb 000000000001e329
[mtlr] resource2 sel8 flags 470 sz 0x1000 -> kr 0x00000000 rid 119 GPUVA 0x10003898000 cpu 10bb28000
[mtlr]   out: 0000010003898000 000000010bb28000 00000001003f1300 0000000000000000
[mtlr]   out: 0000007700000000 0000000000004000 00000000473815fc 000000000001e32a
[mtlr] resource2 sel8 flags 470 sz 0x1000 -> kr 0x00000000 rid 119 GPUVA 0x10003898000 cpu 10bb28000
[mtlr]   out: 0000010003898000 000000010bb28000 00000001003f1300 0000000000000000
[mtlr]   out: 0000007700000000 0000000000004000 00000000473815fd 000000000001e32b
[mtlr] resource2 sel8 flags 470 sz 0x1000 -> kr 0x00000000 rid 119 GPUVA 0x10003898000 cpu 10bb28000
[mtlr]   out: 0000010003898000 000000010bb28000 00000001003f1300 0000000000000000
[mtlr]   out: 0000007700000000 0000000000004000 00000000473815fe 000000000001e32c
[mtlr] resource2 sel8 flags 470 sz 0x1000 -> kr 0x00000000 rid 119 GPUVA 0x10003898000 cpu 10bb28000
[mtlr]   out: 0000010003898000 000000010bb28000 00000001003f1300 0000000000000000
[mtlr]   out: 0000007700000000 0000000000004000 00000000473815ff 000000000001e32d
[mtlr] resource2 sel8 flags 470 sz 0x1000 -> kr 0x00000000 rid 119 GPUVA 0x10003898000 cpu 10bb28000
[mtlr]   out: 0000010003898000 000000010bb28000 00000001003f1300 0000000000000000
[mtlr]   out: 0000007700000000 0000000000004000 0000000047381600 000000000001e32e
[mtlr] resource2 sel8 flags 470 sz 0x1000 -> kr 0x00000000 rid 119 GPUVA 0x10003898000 cpu 10bb28000
[mtlr]   out: 0000010003898000 000000010bb28000 00000001003f1300 0000000000000000
[mtlr]   out: 0000007700000000 0000000000004000 0000000047381601 000000000001e32f
[mtlr] resource2 sel8 flags 470 sz 0x1000 -> kr 0x00000000 rid 119 GPUVA 0x10003898000 cpu 10bb28000
[mtlr]   out: 0000010003898000 000000010bb28000 00000001003f1300 0000000000000000
[mtlr]   out: 0000007700000000 0000000000004000 0000000047381602 000000000001e330
[mtlr] resource2 sel8 flags 470 sz 0x1000 -> kr 0x00000000 rid 119 GPUVA 0x10003898000 cpu 10bb28000
[mtlr]   out: 0000010003898000 000000010bb28000 00000001003f1300 0000000000000000
[mtlr]   out: 0000007700000000 0000000000004000 0000000047381603 000000000001e331
[mtlr] resource2 sel8 flags 470 sz 0x1000 -> kr 0x00000000 rid 119 GPUVA 0x10003898000 cpu 10bb28000
[mtlr]   out: 0000010003898000 000000010bb28000 00000001003f1300 0000000000000000
[mtlr]   out: 0000007700000000 0000000000004000 0000000047381604 000000000001e332
[mtlr] resource2 sel8 flags 470 sz 0x1000 -> kr 0x00000000 rid 119 GPUVA 0x10003898000 cpu 10bb28000
[mtlr]   out: 0000010003898000 000000010bb28000 00000001003f1300 0000000000000000
[mtlr]   out: 0000007700000000 0000000000004000 0000000047381605 000000000001e333
[mtlr] resource2 sel8 flags 470 sz 0x1000 -> kr 0x00000000 rid 119 GPUVA 0x10003898000 cpu 10bb28000
[mtlr]   out: 0000010003898000 000000010bb28000 00000001003f1300 0000000000000000
[mtlr]   out: 0000007700000000 0000000000004000 0000000047381606 000000000001e334
[mtlr] resource2 sel8 flags 470 sz 0x1000 -> kr 0x00000000 rid 119 GPUVA 0x10003898000 cpu 10bb28000
[mtlr]   out: 0000010003898000 000000010bb28000 00000001003f1300 0000000000000000
[mtlr]   out: 0000007700000000 0000000000004000 0000000047381607 000000000001e335
[mtlr] resource2 sel8 flags 470 sz 0x1000 -> kr 0x00000000 rid 119 GPUVA 0x10003898000 cpu 10bb28000
[mtlr]   out: 0000010003898000 000000010bb28000 00000001003f1300 0000000000000000
[mtlr]   out: 0000007700000000 0000000000004000 0000000047381608 000000000001e336
[mtlr] resource2 sel8 flags 470 sz 0x1000 -> kr 0x00000000 rid 119 GPUVA 0x10003898000 cpu 10bb28000
[mtlr]   out: 0000010003898000 000000010bb28000 00000001003f1300 0000000000000000
[mtlr]   out: 0000007700000000 0000000000004000 0000000047381609 000000000001e337
[mtlr] resource2 sel8 flags 470 sz 0x1000 -> kr 0x00000000 rid 119 GPUVA 0x10003898000 cpu 10bb28000
[mtlr]   out: 0000010003898000 000000010bb28000 00000001003f1300 0000000000000000
[mtlr]   out: 0000007700000000 0000000000004000 000000004738160a 000000000001e338
[mtlr] resource2 sel8 flags 470 sz 0x1000 -> kr 0x00000000 rid 119 GPUVA 0x10003898000 cpu 10bb28000
[mtlr]   out: 0000010003898000 000000010bb28000 00000001003f1300 0000000000000000
[mtlr]   out: 0000007700000000 0000000000004000 000000004738160b 000000000001e339
[mtlr] resource2 sel8 flags 470 sz 0x1000 -> kr 0x00000000 rid 119 GPUVA 0x10003898000 cpu 10bb28000
[mtlr]   out: 0000010003898000 000000010bb28000 00000001003f1300 0000000000000000
[mtlr]   out: 0000007700000000 0000000000004000 000000004738160c 000000000001e33a
[mtlr] resource2 sel8 flags 470 sz 0x1000 -> kr 0x00000000 rid 119 GPUVA 0x10003898000 cpu 10bb28000
[mtlr]   out: 0000010003898000 000000010bb28000 00000001003f1300 0000000000000000
[mtlr]   out: 0000007700000000 0000000000004000 000000004738160d 000000000001e33b
[mtlr] resource2 sel8 flags 470 sz 0x1000 -> kr 0x00000000 rid 119 GPUVA 0x10003898000 cpu 10bb28000
[mtlr]   out: 0000010003898000 000000010bb28000 00000001003f1300 0000000000000000
[mtlr]   out: 0000007700000000 0000000000004000 000000004738160e 000000000001e33c
[mtlr] resource2 sel8 flags 470 sz 0x1000 -> kr 0x00000000 rid 119 GPUVA 0x10003898000 cpu 10bb28000
[mtlr]   out: 0000010003898000 000000010bb28000 00000001003f1300 0000000000000000
[mtlr]   out: 0000007700000000 0000000000004000 000000004738160f 000000000001e33d
[mtlr] resource2 sel8 flags 470 sz 0x1000 -> kr 0x00000000 rid 119 GPUVA 0x10003898000 cpu 10bb28000
[mtlr]   out: 0000010003898000 000000010bb28000 00000001003f1300 0000000000000000
[mtlr]   out: 0000007700000000 0000000000004000 0000000047381610 000000000001e33e
[mtlr] resource2 sel8 flags 470 sz 0x1000 -> kr 0x00000000 rid 119 GPUVA 0x10003898000 cpu 10bb28000
[mtlr]   out: 0000010003898000 000000010bb28000 00000001003f1300 0000000000000000
[mtlr]   out: 0000007700000000 0000000000004000 0000000047381611 000000000001e33f
[mtlr] resource2 sel8 flags 470 sz 0x1000 -> kr 0x00000000 rid 119 GPUVA 0x10003898000 cpu 10bb28000
[mtlr]   out: 0000010003898000 000000010bb28000 00000001003f1300 0000000000000000
[mtlr]   out: 0000007700000000 0000000000004000 0000000047381612 000000000001e340
[mtlr] resource2 sel8 flags 470 sz 0x1000 -> kr 0x00000000 rid 119 GPUVA 0x10003898000 cpu 10bb28000
[mtlr]   out: 0000010003898000 000000010bb28000 00000001003f1300 0000000000000000
[mtlr]   out: 0000007700000000 0000000000004000 0000000047381613 000000000001e341
[mtlr] resource2 sel8 flags 470 sz 0x1000 -> kr 0x00000000 rid 119 GPUVA 0x10003898000 cpu 10bb28000
[mtlr]   out: 0000010003898000 000000010bb28000 00000001003f1300 0000000000000000
[mtlr]   out: 0000007700000000 0000000000004000 0000000047381614 000000000001e342
[mtlr] resource2 sel8 flags 470 sz 0x1000 -> kr 0x00000000 rid 119 GPUVA 0x10003898000 cpu 10bb28000
[mtlr]   out: 0000010003898000 000000010bb28000 00000001003f1300 0000000000000000
[mtlr]   out: 0000007700000000 0000000000004000 0000000047381615 000000000001e343
[mtlr] resource2 sel8 flags 470 sz 0x1000 -> kr 0x00000000 rid 119 GPUVA 0x10003898000 cpu 10bb28000
[mtlr]   out: 0000010003898000 000000010bb28000 00000001003f1300 0000000000000000
[mtlr]   out: 0000007700000000 0000000000004000 0000000047381616 000000000001e344
[uatrec] S4 r1 (+0s): nvv 8 ncb 8 vsz 0x100000 fill 0x0 destroy0 kr 0x00000000 nj 40
[uatrec] S4 r1 blit[0] slots 10 ridp 1
[uatrec] S4 r1 blit[1] slots 11 ridp 1
[uatrec] S4 r1 blit[2] slots 10 ridp 1
[uatrec] S4 r1 blit[3] slots 9 ridp 1
[uatrec] S4 r1 blit[4] slots 10 ridp 1
[uatrec] S4 r1 blit[5] slots 9 ridp 1
[uatrec] S4 r1 blit[6] slots 9 ridp 1
[uatrec] S4 r1 blit[7] slots 7 ridp 1
[mtlr] resource2 sel8 flags 470 sz 0x100000 -> kr 0x00000000 rid 119 GPUVA 0x10002490000 cpu 10b26c000
[mtlr]   out: 0000010002490000 000000010b26c000 00000001003ed940 0000000000000000
[mtlr]   out: 0000007700000000 0000000000100000 0000000047381755 000000000001e347
[uatrec] S4 r2 victim[0] rid 119 gpuva 0x10002490000 cpu 0x10b26c000 (top-of-stack)
[mtlr] resource2 sel8 flags 470 sz 0x100000 -> kr 0x00000000 rid 120 GPUVA 0x10002598000 cpu 108524000
[mtlr]   out: 0000010002598000 0000000108524000 00000001003eda00 0000000000000000
[mtlr]   out: 0000007800000000 0000000000100000 0000000047381756 000000000001e348
[uatrec] S4 r2 victim[1] rid 120 gpuva 0x10002598000 cpu 0x108524000 (top-of-stack)
[mtlr] resource2 sel8 flags 470 sz 0x100000 -> kr 0x00000000 rid 121 GPUVA 0x100026a0000 cpu 108624000
[mtlr]   out: 00000100026a0000 0000000108624000 00000001003edac0 0000000000000000
[mtlr]   out: 0000007900000000 0000000000100000 0000000047381757 000000000001e349
[uatrec] S4 r2 victim[2] rid 121 gpuva 0x100026a0000 cpu 0x108624000 (top-of-stack)
[mtlr] resource2 sel8 flags 470 sz 0x100000 -> kr 0x00000000 rid 122 GPUVA 0x100027a8000 cpu 108724000
[mtlr]   out: 00000100027a8000 0000000108724000 00000001003edb80 0000000000000000
[mtlr]   out: 0000007a00000000 0000000000100000 000000004738175f 000000000001e34a
[uatrec] S4 r2 victim[3] rid 122 gpuva 0x100027a8000 cpu 0x108724000 (top-of-stack)
[mtlr] resource2 sel8 flags 470 sz 0x100000 -> kr 0x00000000 rid 123 GPUVA 0x100028b0000 cpu 108824000
[mtlr]   out: 00000100028b0000 0000000108824000 00000001003edc40 0000000000000000
[mtlr]   out: 0000007b00000000 0000000000100000 0000000047381760 000000000001e34b
[uatrec] S4 r2 victim[4] rid 123 gpuva 0x100028b0000 cpu 0x108824000 (top-of-stack)
[mtlr] resource2 sel8 flags 470 sz 0x100000 -> kr 0x00000000 rid 124 GPUVA 0x100029b8000 cpu 108924000
[mtlr]   out: 00000100029b8000 0000000108924000 00000001003edd00 0000000000000000
[mtlr]   out: 0000007c00000000 0000000000100000 0000000047381761 000000000001e34c
[uatrec] S4 r2 victim[5] rid 124 gpuva 0x100029b8000 cpu 0x108924000 (top-of-stack)
[mtlr] resource2 sel8 flags 470 sz 0x100000 -> kr 0x00000000 rid 125 GPUVA 0x10002ac0000 cpu 108a24000
[mtlr]   out: 0000010002ac0000 0000000108a24000 00000001003eddc0 0000000000000000
[mtlr]   out: 0000007d00000000 0000000000100000 0000000047381762 000000000001e34d
[uatrec] S4 r2 victim[6] rid 125 gpuva 0x10002ac0000 cpu 0x108a24000 (top-of-stack)
[mtlr] resource2 sel8 flags 470 sz 0x100000 -> kr 0x00000000 rid 126 GPUVA 0x10002bc8000 cpu 108b24000
[mtlr]   out: 0000010002bc8000 0000000108b24000 00000001003ede80 0000000000000000
[mtlr]   out: 0000007e00000000 0000000000100000 0000000047381763 000000000001e34e
[uatrec] S4 r2 victim[7] rid 126 gpuva 0x10002bc8000 cpu 0x108b24000 (top-of-stack)
[mtlr] resource2 sel8 flags 470 sz 0x1000 -> kr 0x00000000 rid 119 GPUVA 0x10003898000 cpu 109524000
[mtlr]   out: 0000010003898000 0000000109524000 00000001003f1300 0000000000000000
[mtlr]   out: 0000007700000000 0000000000004000 00000000473817a1 000000000001e358
[mtlr] resource2 sel8 flags 470 sz 0x1000 -> kr 0x00000000 rid 119 GPUVA 0x10003898000 cpu 109524000
[mtlr]   out: 0000010003898000 0000000109524000 00000001003f1300 0000000000000000
[mtlr]   out: 0000007700000000 0000000000004000 00000000473817a2 000000000001e359
[mtlr] resource2 sel8 flags 470 sz 0x1000 -> kr 0x00000000 rid 119 GPUVA 0x10003898000 cpu 109524000
[mtlr]   out: 0000010003898000 0000000109524000 00000001003f1300 0000000000000000
[mtlr]   out: 0000007700000000 0000000000004000 00000000473817a3 000000000001e35a
[mtlr] resource2 sel8 flags 470 sz 0x1000 -> kr 0x00000000 rid 119 GPUVA 0x10003898000 cpu 109524000
[mtlr]   out: 0000010003898000 0000000109524000 00000001003f1300 0000000000000000
[mtlr]   out: 0000007700000000 0000000000004000 00000000473817a4 000000000001e35b
[mtlr] resource2 sel8 flags 470 sz 0x1000 -> kr 0x00000000 rid 119 GPUVA 0x10003898000 cpu 109524000
[mtlr]   out: 0000010003898000 0000000109524000 00000001003f1300 0000000000000000
[mtlr]   out: 0000007700000000 0000000000004000 00000000473817a5 000000000001e35c
[mtlr] resource2 sel8 flags 470 sz 0x1000 -> kr 0x00000000 rid 119 GPUVA 0x10003898000 cpu 109524000
[mtlr]   out: 0000010003898000 0000000109524000 00000001003f1300 0000000000000000
[mtlr]   out: 0000007700000000 0000000000004000 00000000473817a6 000000000001e35d
[mtlr] resource2 sel8 flags 470 sz 0x1000 -> kr 0x00000000 rid 119 GPUVA 0x10003898000 cpu 109524000
[mtlr]   out: 0000010003898000 0000000109524000 00000001003f1300 0000000000000000
[mtlr]   out: 0000007700000000 0000000000004000 00000000473817a7 000000000001e35e
[mtlr] resource2 sel8 flags 470 sz 0x1000 -> kr 0x00000000 rid 119 GPUVA 0x10003898000 cpu 109524000
[mtlr]   out: 0000010003898000 0000000109524000 00000001003f1300 0000000000000000
[mtlr]   out: 0000007700000000 0000000000004000 00000000473817a8 000000000001e35f
[mtlr] resource2 sel8 flags 470 sz 0x1000 -> kr 0x00000000 rid 119 GPUVA 0x10003898000 cpu 109524000
[mtlr]   out: 0000010003898000 0000000109524000 00000001003f1300 0000000000000000
[mtlr]   out: 0000007700000000 0000000000004000 00000000473817a9 000000000001e360
[mtlr] resource2 sel8 flags 470 sz 0x1000 -> kr 0x00000000 rid 119 GPUVA 0x10003898000 cpu 109524000
[mtlr]   out: 0000010003898000 0000000109524000 00000001003f1300 0000000000000000
[mtlr]   out: 0000007700000000 0000000000004000 00000000473817aa 000000000001e361
[mtlr] resource2 sel8 flags 470 sz 0x1000 -> kr 0x00000000 rid 119 GPUVA 0x10003898000 cpu 109524000
[mtlr]   out: 0000010003898000 0000000109524000 00000001003f1300 0000000000000000
[mtlr]   out: 0000007700000000 0000000000004000 00000000473817ab 000000000001e362
[mtlr] resource2 sel8 flags 470 sz 0x1000 -> kr 0x00000000 rid 119 GPUVA 0x10003898000 cpu 109524000
[mtlr]   out: 0000010003898000 0000000109524000 00000001003f1300 0000000000000000
[mtlr]   out: 0000007700000000 0000000000004000 00000000473817ac 000000000001e363
[mtlr] resource2 sel8 flags 470 sz 0x1000 -> kr 0x00000000 rid 119 GPUVA 0x10003898000 cpu 109524000
[mtlr]   out: 0000010003898000 0000000109524000 00000001003f1300 0000000000000000
[mtlr]   out: 0000007700000000 0000000000004000 00000000473817ad 000000000001e364
[mtlr] resource2 sel8 flags 470 sz 0x1000 -> kr 0x00000000 rid 119 GPUVA 0x10003898000 cpu 109524000
[mtlr]   out: 0000010003898000 0000000109524000 00000001003f1300 0000000000000000
[mtlr]   out: 0000007700000000 0000000000004000 00000000473817ae 000000000001e365
[mtlr] resource2 sel8 flags 470 sz 0x1000 -> kr 0x00000000 rid 119 GPUVA 0x10003898000 cpu 109524000
[mtlr]   out: 0000010003898000 0000000109524000 00000001003f1300 0000000000000000
[mtlr]   out: 0000007700000000 0000000000004000 00000000473817af 000000000001e366
[mtlr] resource2 sel8 flags 470 sz 0x1000 -> kr 0x00000000 rid 119 GPUVA 0x10003898000 cpu 109524000
[mtlr]   out: 0000010003898000 0000000109524000 00000001003f1300 0000000000000000
[mtlr]   out: 0000007700000000 0000000000004000 00000000473817b0 000000000001e367
[mtlr] resource2 sel8 flags 470 sz 0x1000 -> kr 0x00000000 rid 119 GPUVA 0x10003898000 cpu 109524000
[mtlr]   out: 0000010003898000 0000000109524000 00000001003f1300 0000000000000000
[mtlr]   out: 0000007700000000 0000000000004000 00000000473817b1 000000000001e368
[mtlr] resource2 sel8 flags 470 sz 0x1000 -> kr 0x00000000 rid 119 GPUVA 0x10003898000 cpu 109524000
[mtlr]   out: 0000010003898000 0000000109524000 00000001003f1300 0000000000000000
[mtlr]   out: 0000007700000000 0000000000004000 00000000473817b2 000000000001e369
[mtlr] resource2 sel8 flags 470 sz 0x1000 -> kr 0x00000000 rid 119 GPUVA 0x10003898000 cpu 109524000
[mtlr]   out: 0000010003898000 0000000109524000 00000001003f1300 0000000000000000
[mtlr]   out: 0000007700000000 0000000000004000 00000000473817b3 000000000001e36a
[mtlr] resource2 sel8 flags 470 sz 0x1000 -> kr 0x00000000 rid 119 GPUVA 0x10003898000 cpu 109524000
[mtlr]   out: 0000010003898000 0000000109524000 00000001003f1300 0000000000000000
[mtlr]   out: 0000007700000000 0000000000004000 00000000473817b4 000000000001e36b
[mtlr] resource2 sel8 flags 470 sz 0x1000 -> kr 0x00000000 rid 119 GPUVA 0x10003898000 cpu 109524000
[mtlr]   out: 0000010003898000 0000000109524000 00000001003f1300 0000000000000000
[mtlr]   out: 0000007700000000 0000000000004000 00000000473817b5 000000000001e36c
[mtlr] resource2 sel8 flags 470 sz 0x1000 -> kr 0x00000000 rid 119 GPUVA 0x10003898000 cpu 109524000
[mtlr]   out: 0000010003898000 0000000109524000 00000001003f1300 0000000000000000
[mtlr]   out: 0000007700000000 0000000000004000 00000000473817b6 000000000001e36d
[mtlr] resource2 sel8 flags 470 sz 0x1000 -> kr 0x00000000 rid 119 GPUVA 0x10003898000 cpu 109524000
[mtlr]   out: 0000010003898000 0000000109524000 00000001003f1300 0000000000000000
[mtlr]   out: 0000007700000000 0000000000004000 00000000473817b7 000000000001e36e
[mtlr] resource2 sel8 flags 470 sz 0x1000 -> kr 0x00000000 rid 119 GPUVA 0x10003898000 cpu 109524000
[mtlr]   out: 0000010003898000 0000000109524000 00000001003f1300 0000000000000000
[mtlr]   out: 0000007700000000 0000000000004000 00000000473817b8 000000000001e36f
[mtlr] resource2 sel8 flags 470 sz 0x1000 -> kr 0x00000000 rid 119 GPUVA 0x10003898000 cpu 109524000
[mtlr]   out: 0000010003898000 0000000109524000 00000001003f1300 0000000000000000
[mtlr]   out: 0000007700000000 0000000000004000 00000000473817b9 000000000001e370
[mtlr] resource2 sel8 flags 470 sz 0x1000 -> kr 0x00000000 rid 119 GPUVA 0x10003898000 cpu 109524000
[mtlr]   out: 0000010003898000 0000000109524000 00000001003f1300 0000000000000000
[mtlr]   out: 0000007700000000 0000000000004000 00000000473817ba 000000000001e371
[mtlr] resource2 sel8 flags 470 sz 0x1000 -> kr 0x00000000 rid 119 GPUVA 0x10003898000 cpu 109524000
[mtlr]   out: 0000010003898000 0000000109524000 00000001003f1300 0000000000000000
[mtlr]   out: 0000007700000000 0000000000004000 00000000473817bb 000000000001e372
[mtlr] resource2 sel8 flags 470 sz 0x1000 -> kr 0x00000000 rid 119 GPUVA 0x10003898000 cpu 109524000
[mtlr]   out: 0000010003898000 0000000109524000 00000001003f1300 0000000000000000
[mtlr]   out: 0000007700000000 0000000000004000 00000000473817bc 000000000001e373
[mtlr] resource2 sel8 flags 470 sz 0x1000 -> kr 0x00000000 rid 119 GPUVA 0x10003898000 cpu 109524000
[mtlr]   out: 0000010003898000 0000000109524000 00000001003f1300 0000000000000000
[mtlr]   out: 0000007700000000 0000000000004000 00000000473817bd 000000000001e374
[mtlr] resource2 sel8 flags 470 sz 0x1000 -> kr 0x00000000 rid 119 GPUVA 0x10003898000 cpu 109524000
[mtlr]   out: 0000010003898000 0000000109524000 00000001003f1300 0000000000000000
[mtlr]   out: 0000007700000000 0000000000004000 00000000473817be 000000000001e375
[mtlr] resource2 sel8 flags 470 sz 0x1000 -> kr 0x00000000 rid 119 GPUVA 0x10003898000 cpu 109524000
[mtlr]   out: 0000010003898000 0000000109524000 00000001003f1300 0000000000000000
[mtlr]   out: 0000007700000000 0000000000004000 00000000473817bf 000000000001e376
[mtlr] resource2 sel8 flags 470 sz 0x1000 -> kr 0x00000000 rid 119 GPUVA 0x10003898000 cpu 109524000
[mtlr]   out: 0000010003898000 0000000109524000 00000001003f1300 0000000000000000
[mtlr]   out: 0000007700000000 0000000000004000 00000000473817c0 000000000001e377
[mtlr] resource2 sel8 flags 470 sz 0x1000 -> kr 0x00000000 rid 119 GPUVA 0x10003898000 cpu 109524000
[mtlr]   out: 0000010003898000 0000000109524000 00000001003f1300 0000000000000000
[mtlr]   out: 0000007700000000 0000000000004000 00000000473817c1 000000000001e378
[mtlr] resource2 sel8 flags 470 sz 0x1000 -> kr 0x00000000 rid 119 GPUVA 0x10003898000 cpu 109524000
[mtlr]   out: 0000010003898000 0000000109524000 00000001003f1300 0000000000000000
[mtlr]   out: 0000007700000000 0000000000004000 00000000473817c2 000000000001e379
[mtlr] resource2 sel8 flags 470 sz 0x1000 -> kr 0x00000000 rid 119 GPUVA 0x10003898000 cpu 109524000
[mtlr]   out: 0000010003898000 0000000109524000 00000001003f1300 0000000000000000
[mtlr]   out: 0000007700000000 0000000000004000 00000000473817c3 000000000001e37a
[mtlr] resource2 sel8 flags 470 sz 0x1000 -> kr 0x00000000 rid 119 GPUVA 0x10003898000 cpu 109524000
[mtlr]   out: 0000010003898000 0000000109524000 00000001003f1300 0000000000000000
[mtlr]   out: 0000007700000000 0000000000004000 00000000473817c4 000000000001e37b
[mtlr] resource2 sel8 flags 470 sz 0x1000 -> kr 0x00000000 rid 119 GPUVA 0x10003898000 cpu 109524000
[mtlr]   out: 0000010003898000 0000000109524000 00000001003f1300 0000000000000000
[mtlr]   out: 0000007700000000 0000000000004000 00000000473817c5 000000000001e37c
[mtlr] resource2 sel8 flags 470 sz 0x1000 -> kr 0x00000000 rid 119 GPUVA 0x10003898000 cpu 109524000
[mtlr]   out: 0000010003898000 0000000109524000 00000001003f1300 0000000000000000
[mtlr]   out: 0000007700000000 0000000000004000 00000000473817c6 000000000001e37d
[mtlr] resource2 sel8 flags 470 sz 0x1000 -> kr 0x00000000 rid 119 GPUVA 0x10003898000 cpu 109524000
[mtlr]   out: 0000010003898000 0000000109524000 00000001003f1300 0000000000000000
[mtlr]   out: 0000007700000000 0000000000004000 00000000473817c7 000000000001e37e
[mtlr] resource2 sel8 flags 470 sz 0x1000 -> kr 0x00000000 rid 119 GPUVA 0x10003898000 cpu 109524000
[mtlr]   out: 0000010003898000 0000000109524000 00000001003f1300 0000000000000000
[mtlr]   out: 0000007700000000 0000000000004000 00000000473817c8 000000000001e37f
[uatrec] S4 r2 (+0s): nvv 8 ncb 8 vsz 0x100000 fill 0x0 destroy0 kr 0x00000000 nj 40
[uatrec] S4 r2 blit[0] slots 7 ridp 1
[uatrec] S4 r2 blit[1] slots 7 ridp 1
[uatrec] S4 r2 blit[2] slots 7 ridp 1
[uatrec] S4 r2 blit[3] slots 7 ridp 1
[uatrec] S4 r2 blit[4] slots 7 ridp 1
[uatrec] S4 r2 blit[5] slots 7 ridp 1
[uatrec] S4 r2 blit[6] slots 7 ridp 1
[uatrec] S4 r2 blit[7] slots 7 ridp 1
[mtlr] resource2 sel8 flags 470 sz 0x100000 -> kr 0x00000000 rid 119 GPUVA 0x10002490000 cpu 109d24000
[mtlr]   out: 0000010002490000 0000000109d24000 00000001003ed940 0000000000000000
[mtlr]   out: 0000007700000000 0000000000100000 00000000473818a8 000000000001e382
[uatrec] S4 r3 victim[0] rid 119 gpuva 0x10002490000 cpu 0x109d24000 (top-of-stack)
[mtlr] resource2 sel8 flags 470 sz 0x100000 -> kr 0x00000000 rid 120 GPUVA 0x10002598000 cpu 109e24000
[mtlr]   out: 0000010002598000 0000000109e24000 00000001003eda00 0000000000000000
[mtlr]   out: 0000007800000000 0000000000100000 00000000473818a9 000000000001e383
[uatrec] S4 r3 victim[1] rid 120 gpuva 0x10002598000 cpu 0x109e24000 (top-of-stack)
[mtlr] resource2 sel8 flags 470 sz 0x100000 -> kr 0x00000000 rid 121 GPUVA 0x100026a0000 cpu 109f24000
[mtlr]   out: 00000100026a0000 0000000109f24000 00000001003edac0 0000000000000000
[mtlr]   out: 0000007900000000 0000000000100000 00000000473818aa 000000000001e384
[uatrec] S4 r3 victim[2] rid 121 gpuva 0x100026a0000 cpu 0x109f24000 (top-of-stack)
[mtlr] resource2 sel8 flags 470 sz 0x100000 -> kr 0x00000000 rid 122 GPUVA 0x100027a8000 cpu 108524000
[mtlr]   out: 00000100027a8000 0000000108524000 00000001003edb80 0000000000000000
[mtlr]   out: 0000007a00000000 0000000000100000 00000000473818ab 000000000001e385
[uatrec] S4 r3 victim[3] rid 122 gpuva 0x100027a8000 cpu 0x108524000 (top-of-stack)
[mtlr] resource2 sel8 flags 470 sz 0x100000 -> kr 0x00000000 rid 123 GPUVA 0x100028b0000 cpu 108624000
[mtlr]   out: 00000100028b0000 0000000108624000 00000001003edc40 0000000000000000
[mtlr]   out: 0000007b00000000 0000000000100000 00000000473818ac 000000000001e386
[uatrec] S4 r3 victim[4] rid 123 gpuva 0x100028b0000 cpu 0x108624000 (top-of-stack)
[mtlr] resource2 sel8 flags 470 sz 0x100000 -> kr 0x00000000 rid 124 GPUVA 0x100029b8000 cpu 108724000
[mtlr]   out: 00000100029b8000 0000000108724000 00000001003edd00 0000000000000000
[mtlr]   out: 0000007c00000000 0000000000100000 00000000473818ad 000000000001e387
[uatrec] S4 r3 victim[5] rid 124 gpuva 0x100029b8000 cpu 0x108724000 (top-of-stack)
[mtlr] resource2 sel8 flags 470 sz 0x100000 -> kr 0x00000000 rid 125 GPUVA 0x10002ac0000 cpu 108824000
[mtlr]   out: 0000010002ac0000 0000000108824000 00000001003eddc0 0000000000000000
[mtlr]   out: 0000007d00000000 0000000000100000 00000000473818b5 000000000001e388
[uatrec] S4 r3 victim[6] rid 125 gpuva 0x10002ac0000 cpu 0x108824000 (top-of-stack)
[mtlr] resource2 sel8 flags 470 sz 0x100000 -> kr 0x00000000 rid 126 GPUVA 0x10002bc8000 cpu 108924000
[mtlr]   out: 0000010002bc8000 0000000108924000 00000001003ede80 0000000000000000
[mtlr]   out: 0000007e00000000 0000000000100000 00000000473818b6 000000000001e389
[uatrec] S4 r3 victim[7] rid 126 gpuva 0x10002bc8000 cpu 0x108924000 (top-of-stack)
[mtlr] resource2 sel8 flags 470 sz 0x1000 -> kr 0x00000000 rid 119 GPUVA 0x10002490000 cpu 10a424000
[mtlr]   out: 0000010002490000 000000010a424000 00000001003ed940 0000000000000000
[mtlr]   out: 0000007700000000 0000000000004000 00000000473818c8 000000000001e393
[mtlr] resource2 sel8 flags 470 sz 0x1000 -> kr 0x00000000 rid 119 GPUVA 0x10002490000 cpu 10a424000
[mtlr]   out: 0000010002490000 000000010a424000 00000001003ed940 0000000000000000
[mtlr]   out: 0000007700000000 0000000000004000 00000000473818c9 000000000001e394
[mtlr] resource2 sel8 flags 470 sz 0x1000 -> kr 0x00000000 rid 119 GPUVA 0x10002490000 cpu 10a424000
[mtlr]   out: 0000010002490000 000000010a424000 00000001003ed940 0000000000000000
[mtlr]   out: 0000007700000000 0000000000004000 00000000473818ca 000000000001e395
[mtlr] resource2 sel8 flags 470 sz 0x1000 -> kr 0x00000000 rid 119 GPUVA 0x10002490000 cpu 10a424000
[mtlr]   out: 0000010002490000 000000010a424000 00000001003ed940 0000000000000000
[mtlr]   out: 0000007700000000 0000000000004000 00000000473818cb 000000000001e396
[mtlr] resource2 sel8 flags 470 sz 0x1000 -> kr 0x00000000 rid 119 GPUVA 0x10002490000 cpu 10a424000
[mtlr]   out: 0000010002490000 000000010a424000 00000001003ed940 0000000000000000
[mtlr]   out: 0000007700000000 0000000000004000 00000000473818cc 000000000001e397
[mtlr] resource2 sel8 flags 470 sz 0x1000 -> kr 0x00000000 rid 119 GPUVA 0x10002490000 cpu 10a424000
[mtlr]   out: 0000010002490000 000000010a424000 00000001003ed940 0000000000000000
[mtlr]   out: 0000007700000000 0000000000004000 00000000473818cd 000000000001e398
[mtlr] resource2 sel8 flags 470 sz 0x1000 -> kr 0x00000000 rid 119 GPUVA 0x10002490000 cpu 10a424000
[mtlr]   out: 0000010002490000 000000010a424000 00000001003ed940 0000000000000000
[mtlr]   out: 0000007700000000 0000000000004000 00000000473818ce 000000000001e399
[mtlr] resource2 sel8 flags 470 sz 0x1000 -> kr 0x00000000 rid 119 GPUVA 0x10002490000 cpu 10a424000
[mtlr]   out: 0000010002490000 000000010a424000 00000001003ed940 0000000000000000
[mtlr]   out: 0000007700000000 0000000000004000 00000000473818cf 000000000001e39a
[mtlr] resource2 sel8 flags 470 sz 0x1000 -> kr 0x00000000 rid 119 GPUVA 0x10002490000 cpu 10a424000
[mtlr]   out: 0000010002490000 000000010a424000 00000001003ed940 0000000000000000
[mtlr]   out: 0000007700000000 0000000000004000 00000000473818d0 000000000001e39b
[mtlr] resource2 sel8 flags 470 sz 0x1000 -> kr 0x00000000 rid 119 GPUVA 0x10002490000 cpu 10a424000
[mtlr]   out: 0000010002490000 000000010a424000 00000001003ed940 0000000000000000
[mtlr]   out: 0000007700000000 0000000000004000 00000000473818d1 000000000001e39c
[mtlr] resource2 sel8 flags 470 sz 0x1000 -> kr 0x00000000 rid 119 GPUVA 0x10002490000 cpu 10a424000
[mtlr]   out: 0000010002490000 000000010a424000 00000001003ed940 0000000000000000
[mtlr]   out: 0000007700000000 0000000000004000 00000000473818d2 000000000001e39d
[mtlr] resource2 sel8 flags 470 sz 0x1000 -> kr 0x00000000 rid 119 GPUVA 0x10002490000 cpu 10a424000
[mtlr]   out: 0000010002490000 000000010a424000 00000001003ed940 0000000000000000
[mtlr]   out: 0000007700000000 0000000000004000 00000000473818d3 000000000001e39e
[mtlr] resource2 sel8 flags 470 sz 0x1000 -> kr 0x00000000 rid 119 GPUVA 0x10002490000 cpu 10a424000
[mtlr]   out: 0000010002490000 000000010a424000 00000001003ed940 0000000000000000
[mtlr]   out: 0000007700000000 0000000000004000 00000000473818d4 000000000001e39f
[mtlr] resource2 sel8 flags 470 sz 0x1000 -> kr 0x00000000 rid 119 GPUVA 0x10002490000 cpu 10a424000
[mtlr]   out: 0000010002490000 000000010a424000 00000001003ed940 0000000000000000
[mtlr]   out: 0000007700000000 0000000000004000 00000000473818d5 000000000001e3a0
[mtlr] resource2 sel8 flags 470 sz 0x1000 -> kr 0x00000000 rid 119 GPUVA 0x10002490000 cpu 10a424000
[mtlr]   out: 0000010002490000 000000010a424000 00000001003ed940 0000000000000000
[mtlr]   out: 0000007700000000 0000000000004000 00000000473818d6 000000000001e3a1
[mtlr] resource2 sel8 flags 470 sz 0x1000 -> kr 0x00000000 rid 119 GPUVA 0x10002490000 cpu 10a424000
[mtlr]   out: 0000010002490000 000000010a424000 00000001003ed940 0000000000000000
[mtlr]   out: 0000007700000000 0000000000004000 00000000473818d7 000000000001e3a2
[mtlr] resource2 sel8 flags 470 sz 0x1000 -> kr 0x00000000 rid 119 GPUVA 0x10002490000 cpu 10a424000
[mtlr]   out: 0000010002490000 000000010a424000 00000001003ed940 0000000000000000
[mtlr]   out: 0000007700000000 0000000000004000 00000000473818d8 000000000001e3a3
[mtlr] resource2 sel8 flags 470 sz 0x1000 -> kr 0x00000000 rid 119 GPUVA 0x10002490000 cpu 10a424000
[mtlr]   out: 0000010002490000 000000010a424000 00000001003ed940 0000000000000000
[mtlr]   out: 0000007700000000 0000000000004000 00000000473818d9 000000000001e3a4
[mtlr] resource2 sel8 flags 470 sz 0x1000 -> kr 0x00000000 rid 119 GPUVA 0x10002490000 cpu 10a424000
[mtlr]   out: 0000010002490000 000000010a424000 00000001003ed940 0000000000000000
[mtlr]   out: 0000007700000000 0000000000004000 00000000473818da 000000000001e3a5
[mtlr] resource2 sel8 flags 470 sz 0x1000 -> kr 0x00000000 rid 119 GPUVA 0x10002490000 cpu 10a424000
[mtlr]   out: 0000010002490000 000000010a424000 00000001003ed940 0000000000000000
[mtlr]   out: 0000007700000000 0000000000004000 00000000473818db 000000000001e3a6
[mtlr] resource2 sel8 flags 470 sz 0x1000 -> kr 0x00000000 rid 119 GPUVA 0x10002490000 cpu 10a424000
[mtlr]   out: 0000010002490000 000000010a424000 00000001003ed940 0000000000000000
[mtlr]   out: 0000007700000000 0000000000004000 00000000473818dc 000000000001e3a7
[mtlr] resource2 sel8 flags 470 sz 0x1000 -> kr 0x00000000 rid 119 GPUVA 0x10002490000 cpu 10a424000
[mtlr]   out: 0000010002490000 000000010a424000 00000001003ed940 0000000000000000
[mtlr]   out: 0000007700000000 0000000000004000 00000000473818dd 000000000001e3a8
[mtlr] resource2 sel8 flags 470 sz 0x1000 -> kr 0x00000000 rid 119 GPUVA 0x10002490000 cpu 10a424000
[mtlr]   out: 0000010002490000 000000010a424000 00000001003ed940 0000000000000000
[mtlr]   out: 0000007700000000 0000000000004000 00000000473818de 000000000001e3a9
[mtlr] resource2 sel8 flags 470 sz 0x1000 -> kr 0x00000000 rid 119 GPUVA 0x10002490000 cpu 10a424000
[mtlr]   out: 0000010002490000 000000010a424000 00000001003ed940 0000000000000000
[mtlr]   out: 0000007700000000 0000000000004000 00000000473818df 000000000001e3aa
[mtlr] resource2 sel8 flags 470 sz 0x1000 -> kr 0x00000000 rid 119 GPUVA 0x10002490000 cpu 10a424000
[mtlr]   out: 0000010002490000 000000010a424000 00000001003ed940 0000000000000000
[mtlr]   out: 0000007700000000 0000000000004000 00000000473818e0 000000000001e3ab
[mtlr] resource2 sel8 flags 470 sz 0x1000 -> kr 0x00000000 rid 119 GPUVA 0x10002490000 cpu 10a424000
[mtlr]   out: 0000010002490000 000000010a424000 00000001003ed940 0000000000000000
[mtlr]   out: 0000007700000000 0000000000004000 00000000473818e1 000000000001e3ac
[mtlr] resource2 sel8 flags 470 sz 0x1000 -> kr 0x00000000 rid 119 GPUVA 0x10002490000 cpu 10a424000
[mtlr]   out: 0000010002490000 000000010a424000 00000001003ed940 0000000000000000
[mtlr]   out: 0000007700000000 0000000000004000 00000000473818e2 000000000001e3ad
[mtlr] resource2 sel8 flags 470 sz 0x1000 -> kr 0x00000000 rid 119 GPUVA 0x10002490000 cpu 10a424000
[mtlr]   out: 0000010002490000 000000010a424000 00000001003ed940 0000000000000000
[mtlr]   out: 0000007700000000 0000000000004000 00000000473818e3 000000000001e3ae
[mtlr] resource2 sel8 flags 470 sz 0x1000 -> kr 0x00000000 rid 119 GPUVA 0x10002490000 cpu 10a424000
[mtlr]   out: 0000010002490000 000000010a424000 00000001003ed940 0000000000000000
[mtlr]   out: 0000007700000000 0000000000004000 00000000473818e4 000000000001e3af
[mtlr] resource2 sel8 flags 470 sz 0x1000 -> kr 0x00000000 rid 119 GPUVA 0x10002490000 cpu 10a424000
[mtlr]   out: 0000010002490000 000000010a424000 00000001003ed940 0000000000000000
[mtlr]   out: 0000007700000000 0000000000004000 00000000473818e5 000000000001e3b0
[mtlr] resource2 sel8 flags 470 sz 0x1000 -> kr 0x00000000 rid 119 GPUVA 0x10002490000 cpu 10a424000
[mtlr]   out: 0000010002490000 000000010a424000 00000001003ed940 0000000000000000
[mtlr]   out: 0000007700000000 0000000000004000 00000000473818e6 000000000001e3b1
[mtlr] resource2 sel8 flags 470 sz 0x1000 -> kr 0x00000000 rid 119 GPUVA 0x10002490000 cpu 10a424000
[mtlr]   out: 0000010002490000 000000010a424000 00000001003ed940 0000000000000000
[mtlr]   out: 0000007700000000 0000000000004000 00000000473818e7 000000000001e3b2
[mtlr] resource2 sel8 flags 470 sz 0x1000 -> kr 0x00000000 rid 119 GPUVA 0x10002490000 cpu 10a424000
[mtlr]   out: 0000010002490000 000000010a424000 00000001003ed940 0000000000000000
[mtlr]   out: 0000007700000000 0000000000004000 00000000473818e8 000000000001e3b3
[mtlr] resource2 sel8 flags 470 sz 0x1000 -> kr 0x00000000 rid 119 GPUVA 0x10002490000 cpu 10a424000
[mtlr]   out: 0000010002490000 000000010a424000 00000001003ed940 0000000000000000
[mtlr]   out: 0000007700000000 0000000000004000 00000000473818e9 000000000001e3b4
[mtlr] resource2 sel8 flags 470 sz 0x1000 -> kr 0x00000000 rid 119 GPUVA 0x10002490000 cpu 10a424000
[mtlr]   out: 0000010002490000 000000010a424000 00000001003ed940 0000000000000000
[mtlr]   out: 0000007700000000 0000000000004000 00000000473818ea 000000000001e3b5
[mtlr] resource2 sel8 flags 470 sz 0x1000 -> kr 0x00000000 rid 119 GPUVA 0x10002490000 cpu 10a424000
[mtlr]   out: 0000010002490000 000000010a424000 00000001003ed940 0000000000000000
[mtlr]   out: 0000007700000000 0000000000004000 00000000473818ed 000000000001e3b6
[mtlr] resource2 sel8 flags 470 sz 0x1000 -> kr 0x00000000 rid 119 GPUVA 0x10002490000 cpu 10a424000
[mtlr]   out: 0000010002490000 000000010a424000 00000001003ed940 0000000000000000
[mtlr]   out: 0000007700000000 0000000000004000 00000000473818ee 000000000001e3b7
[mtlr] resource2 sel8 flags 470 sz 0x1000 -> kr 0x00000000 rid 119 GPUVA 0x10002490000 cpu 10a424000
[mtlr]   out: 0000010002490000 000000010a424000 00000001003ed940 0000000000000000
[mtlr]   out: 0000007700000000 0000000000004000 00000000473818f3 000000000001e3b8
[mtlr] resource2 sel8 flags 470 sz 0x1000 -> kr 0x00000000 rid 119 GPUVA 0x10002490000 cpu 10a424000
[mtlr]   out: 0000010002490000 000000010a424000 00000001003ed940 0000000000000000
[mtlr]   out: 0000007700000000 0000000000004000 00000000473818f8 000000000001e3b9
[mtlr] resource2 sel8 flags 470 sz 0x1000 -> kr 0x00000000 rid 119 GPUVA 0x10002490000 cpu 10a424000
[mtlr]   out: 0000010002490000 000000010a424000 00000001003ed940 0000000000000000
[mtlr]   out: 0000007700000000 0000000000004000 00000000473818fe 000000000001e3ba
[uatrec] S4 r3 (+0s): nvv 8 ncb 8 vsz 0x100000 fill 0x0 destroy0 kr 0x00000000 nj 40
[uatrec] S4 r3 blit[0] slots 8 ridp 1
[uatrec] S4 r3 blit[1] slots 8 ridp 1
[uatrec] S4 r3 blit[2] slots 8 ridp 1
[uatrec] S4 r3 blit[3] slots 8 ridp 1
[uatrec] S4 r3 blit[4] slots 8 ridp 1
[uatrec] S4 r3 blit[5] slots 8 ridp 1
[uatrec] S4 r3 blit[6] slots 8 ridp 1
[uatrec] S4 r3 blit[7] slots 8 ridp 1
[mtlr] resource2 sel8 flags 470 sz 0x100000 -> kr 0x00000000 rid 119 GPUVA 0x10002490000 cpu 108b24000
[mtlr]   out: 0000010002490000 0000000108b24000 00000001003ed940 0000000000000000
[mtlr]   out: 0000007700000000 0000000000100000 00000000473819a4 000000000001e3bd
[uatrec] S4 r4 victim[0] rid 119 gpuva 0x10002490000 cpu 0x108b24000 (top-of-stack)
[mtlr] resource2 sel8 flags 470 sz 0x100000 -> kr 0x00000000 rid 120 GPUVA 0x10002598000 cpu 108c24000
[mtlr]   out: 0000010002598000 0000000108c24000 00000001003eda00 0000000000000000
[mtlr]   out: 0000007800000000 0000000000100000 00000000473819a5 000000000001e3be
[uatrec] S4 r4 victim[1] rid 120 gpuva 0x10002598000 cpu 0x108c24000 (top-of-stack)
[mtlr] resource2 sel8 flags 470 sz 0x100000 -> kr 0x00000000 rid 121 GPUVA 0x100026a0000 cpu 108d24000
[mtlr]   out: 00000100026a0000 0000000108d24000 00000001003edac0 0000000000000000
[mtlr]   out: 0000007900000000 0000000000100000 00000000473819a6 000000000001e3bf
[uatrec] S4 r4 victim[2] rid 121 gpuva 0x100026a0000 cpu 0x108d24000 (top-of-stack)
[mtlr] resource2 sel8 flags 470 sz 0x100000 -> kr 0x00000000 rid 122 GPUVA 0x100027a8000 cpu 108524000
[mtlr]   out: 00000100027a8000 0000000108524000 00000001003edb80 0000000000000000
[mtlr]   out: 0000007a00000000 0000000000100000 00000000473819a7 000000000001e3c0
[uatrec] S4 r4 victim[3] rid 122 gpuva 0x100027a8000 cpu 0x108524000 (top-of-stack)
[mtlr] resource2 sel8 flags 470 sz 0x100000 -> kr 0x00000000 rid 123 GPUVA 0x100028b0000 cpu 108624000
[mtlr]   out: 00000100028b0000 0000000108624000 00000001003edc40 0000000000000000
[mtlr]   out: 0000007b00000000 0000000000100000 00000000473819a8 000000000001e3c1
[uatrec] S4 r4 victim[4] rid 123 gpuva 0x100028b0000 cpu 0x108624000 (top-of-stack)
[mtlr] resource2 sel8 flags 470 sz 0x100000 -> kr 0x00000000 rid 124 GPUVA 0x100029b8000 cpu 108724000
[mtlr]   out: 00000100029b8000 0000000108724000 00000001003edd00 0000000000000000
[mtlr]   out: 0000007c00000000 0000000000100000 00000000473819b0 000000000001e3c2
[uatrec] S4 r4 victim[5] rid 124 gpuva 0x100029b8000 cpu 0x108724000 (top-of-stack)
[mtlr] resource2 sel8 flags 470 sz 0x100000 -> kr 0x00000000 rid 125 GPUVA 0x10002ac0000 cpu 108824000
[mtlr]   out: 0000010002ac0000 0000000108824000 00000001003eddc0 0000000000000000
[mtlr]   out: 0000007d00000000 0000000000100000 00000000473819b1 000000000001e3c3
[uatrec] S4 r4 victim[6] rid 125 gpuva 0x10002ac0000 cpu 0x108824000 (top-of-stack)
[mtlr] resource2 sel8 flags 470 sz 0x100000 -> kr 0x00000000 rid 126 GPUVA 0x10002bc8000 cpu 108924000
[mtlr]   out: 0000010002bc8000 0000000108924000 00000001003ede80 0000000000000000
[mtlr]   out: 0000007e00000000 0000000000100000 00000000473819b2 000000000001e3c4
[uatrec] S4 r4 victim[7] rid 126 gpuva 0x10002bc8000 cpu 0x108924000 (top-of-stack)
[mtlr] resource2 sel8 flags 470 sz 0x1000 -> kr 0x00000000 rid 119 GPUVA 0x10002490000 cpu 109624000
[mtlr]   out: 0000010002490000 0000000109624000 00000001003ed940 0000000000000000
[mtlr]   out: 0000007700000000 0000000000004000 00000000473819f0 000000000001e3ce
[mtlr] resource2 sel8 flags 470 sz 0x1000 -> kr 0x00000000 rid 119 GPUVA 0x10002490000 cpu 109624000
[mtlr]   out: 0000010002490000 0000000109624000 00000001003ed940 0000000000000000
[mtlr]   out: 0000007700000000 0000000000004000 00000000473819f1 000000000001e3cf
[mtlr] resource2 sel8 flags 470 sz 0x1000 -> kr 0x00000000 rid 119 GPUVA 0x10002490000 cpu 109624000
[mtlr]   out: 0000010002490000 0000000109624000 00000001003ed940 0000000000000000
[mtlr]   out: 0000007700000000 0000000000004000 00000000473819f2 000000000001e3d0
[mtlr] resource2 sel8 flags 470 sz 0x1000 -> kr 0x00000000 rid 119 GPUVA 0x10002490000 cpu 109624000
[mtlr]   out: 0000010002490000 0000000109624000 00000001003ed940 0000000000000000
[mtlr]   out: 0000007700000000 0000000000004000 00000000473819f3 000000000001e3d1
[mtlr] resource2 sel8 flags 470 sz 0x1000 -> kr 0x00000000 rid 119 GPUVA 0x10002490000 cpu 109624000
[mtlr]   out: 0000010002490000 0000000109624000 00000001003ed940 0000000000000000
[mtlr]   out: 0000007700000000 0000000000004000 00000000473819f4 000000000001e3d2
[mtlr] resource2 sel8 flags 470 sz 0x1000 -> kr 0x00000000 rid 119 GPUVA 0x10002490000 cpu 109624000
[mtlr]   out: 0000010002490000 0000000109624000 00000001003ed940 0000000000000000
[mtlr]   out: 0000007700000000 0000000000004000 00000000473819f5 000000000001e3d3
[mtlr] resource2 sel8 flags 470 sz 0x1000 -> kr 0x00000000 rid 119 GPUVA 0x10002490000 cpu 109624000
[mtlr]   out: 0000010002490000 0000000109624000 00000001003ed940 0000000000000000
[mtlr]   out: 0000007700000000 0000000000004000 00000000473819f6 000000000001e3d4
[mtlr] resource2 sel8 flags 470 sz 0x1000 -> kr 0x00000000 rid 119 GPUVA 0x10002490000 cpu 109624000
[mtlr]   out: 0000010002490000 0000000109624000 00000001003ed940 0000000000000000
[mtlr]   out: 0000007700000000 0000000000004000 00000000473819f7 000000000001e3d5
[mtlr] resource2 sel8 flags 470 sz 0x1000 -> kr 0x00000000 rid 119 GPUVA 0x10002490000 cpu 109624000
[mtlr]   out: 0000010002490000 0000000109624000 00000001003ed940 0000000000000000
[mtlr]   out: 0000007700000000 0000000000004000 00000000473819f8 000000000001e3d6
[mtlr] resource2 sel8 flags 470 sz 0x1000 -> kr 0x00000000 rid 119 GPUVA 0x10002490000 cpu 109624000
[mtlr]   out: 0000010002490000 0000000109624000 00000001003ed940 0000000000000000
[mtlr]   out: 0000007700000000 0000000000004000 00000000473819f9 000000000001e3d7
[mtlr] resource2 sel8 flags 470 sz 0x1000 -> kr 0x00000000 rid 119 GPUVA 0x10002490000 cpu 109624000
[mtlr]   out: 0000010002490000 0000000109624000 00000001003ed940 0000000000000000
[mtlr]   out: 0000007700000000 0000000000004000 00000000473819fa 000000000001e3d8
[mtlr] resource2 sel8 flags 470 sz 0x1000 -> kr 0x00000000 rid 119 GPUVA 0x10002490000 cpu 109624000
[mtlr]   out: 0000010002490000 0000000109624000 00000001003ed940 0000000000000000
[mtlr]   out: 0000007700000000 0000000000004000 00000000473819fb 000000000001e3d9
[mtlr] resource2 sel8 flags 470 sz 0x1000 -> kr 0x00000000 rid 119 GPUVA 0x10002490000 cpu 109624000
[mtlr]   out: 0000010002490000 0000000109624000 00000001003ed940 0000000000000000
[mtlr]   out: 0000007700000000 0000000000004000 00000000473819fc 000000000001e3da
[mtlr] resource2 sel8 flags 470 sz 0x1000 -> kr 0x00000000 rid 119 GPUVA 0x10002490000 cpu 109624000
[mtlr]   out: 0000010002490000 0000000109624000 00000001003ed940 0000000000000000
[mtlr]   out: 0000007700000000 0000000000004000 00000000473819fd 000000000001e3db
[mtlr] resource2 sel8 flags 470 sz 0x1000 -> kr 0x00000000 rid 119 GPUVA 0x10002490000 cpu 109624000
[mtlr]   out: 0000010002490000 0000000109624000 00000001003ed940 0000000000000000
[mtlr]   out: 0000007700000000 0000000000004000 00000000473819fe 000000000001e3dc
[mtlr] resource2 sel8 flags 470 sz 0x1000 -> kr 0x00000000 rid 119 GPUVA 0x10002490000 cpu 109624000
[mtlr]   out: 0000010002490000 0000000109624000 00000001003ed940 0000000000000000
[mtlr]   out: 0000007700000000 0000000000004000 00000000473819ff 000000000001e3dd
[mtlr] resource2 sel8 flags 470 sz 0x1000 -> kr 0x00000000 rid 119 GPUVA 0x10002490000 cpu 109624000
[mtlr]   out: 0000010002490000 0000000109624000 00000001003ed940 0000000000000000
[mtlr]   out: 0000007700000000 0000000000004000 0000000047381a00 000000000001e3de
[mtlr] resource2 sel8 flags 470 sz 0x1000 -> kr 0x00000000 rid 119 GPUVA 0x10002490000 cpu 109624000
[mtlr]   out: 0000010002490000 0000000109624000 00000001003ed940 0000000000000000
[mtlr]   out: 0000007700000000 0000000000004000 0000000047381a01 000000000001e3df
[mtlr] resource2 sel8 flags 470 sz 0x1000 -> kr 0x00000000 rid 119 GPUVA 0x10002490000 cpu 109624000
[mtlr]   out: 0000010002490000 0000000109624000 00000001003ed940 0000000000000000
[mtlr]   out: 0000007700000000 0000000000004000 0000000047381a02 000000000001e3e0
[mtlr] resource2 sel8 flags 470 sz 0x1000 -> kr 0x00000000 rid 119 GPUVA 0x10002490000 cpu 109624000
[mtlr]   out: 0000010002490000 0000000109624000 00000001003ed940 0000000000000000
[mtlr]   out: 0000007700000000 0000000000004000 0000000047381a03 000000000001e3e1
[mtlr] resource2 sel8 flags 470 sz 0x1000 -> kr 0x00000000 rid 119 GPUVA 0x10002490000 cpu 109624000
[mtlr]   out: 0000010002490000 0000000109624000 00000001003ed940 0000000000000000
[mtlr]   out: 0000007700000000 0000000000004000 0000000047381a04 000000000001e3e2
[mtlr] resource2 sel8 flags 470 sz 0x1000 -> kr 0x00000000 rid 119 GPUVA 0x10002490000 cpu 109624000
[mtlr]   out: 0000010002490000 0000000109624000 00000001003ed940 0000000000000000
[mtlr]   out: 0000007700000000 0000000000004000 0000000047381a05 000000000001e3e3
[mtlr] resource2 sel8 flags 470 sz 0x1000 -> kr 0x00000000 rid 119 GPUVA 0x10002490000 cpu 109624000
[mtlr]   out: 0000010002490000 0000000109624000 00000001003ed940 0000000000000000
[mtlr]   out: 0000007700000000 0000000000004000 0000000047381a06 000000000001e3e4
[mtlr] resource2 sel8 flags 470 sz 0x1000 -> kr 0x00000000 rid 119 GPUVA 0x10002490000 cpu 109624000
[mtlr]   out: 0000010002490000 0000000109624000 00000001003ed940 0000000000000000
[mtlr]   out: 0000007700000000 0000000000004000 0000000047381a07 000000000001e3e5
[mtlr] resource2 sel8 flags 470 sz 0x1000 -> kr 0x00000000 rid 119 GPUVA 0x10002490000 cpu 109624000
[mtlr]   out: 0000010002490000 0000000109624000 00000001003ed940 0000000000000000
[mtlr]   out: 0000007700000000 0000000000004000 0000000047381a08 000000000001e3e6
[mtlr] resource2 sel8 flags 470 sz 0x1000 -> kr 0x00000000 rid 119 GPUVA 0x10002490000 cpu 109624000
[mtlr]   out: 0000010002490000 0000000109624000 00000001003ed940 0000000000000000
[mtlr]   out: 0000007700000000 0000000000004000 0000000047381a09 000000000001e3e7
[mtlr] resource2 sel8 flags 470 sz 0x1000 -> kr 0x00000000 rid 119 GPUVA 0x10002490000 cpu 109624000
[mtlr]   out: 0000010002490000 0000000109624000 00000001003ed940 0000000000000000
[mtlr]   out: 0000007700000000 0000000000004000 0000000047381a0a 000000000001e3e8
[mtlr] resource2 sel8 flags 470 sz 0x1000 -> kr 0x00000000 rid 119 GPUVA 0x10002490000 cpu 109624000
[mtlr]   out: 0000010002490000 0000000109624000 00000001003ed940 0000000000000000
[mtlr]   out: 0000007700000000 0000000000004000 0000000047381a0b 000000000001e3e9
[mtlr] resource2 sel8 flags 470 sz 0x1000 -> kr 0x00000000 rid 119 GPUVA 0x10002490000 cpu 109624000
[mtlr]   out: 0000010002490000 0000000109624000 00000001003ed940 0000000000000000
[mtlr]   out: 0000007700000000 0000000000004000 0000000047381a0c 000000000001e3ea
[mtlr] resource2 sel8 flags 470 sz 0x1000 -> kr 0x00000000 rid 119 GPUVA 0x10002490000 cpu 109624000
[mtlr]   out: 0000010002490000 0000000109624000 00000001003ed940 0000000000000000
[mtlr]   out: 0000007700000000 0000000000004000 0000000047381a0d 000000000001e3eb
[mtlr] resource2 sel8 flags 470 sz 0x1000 -> kr 0x00000000 rid 119 GPUVA 0x10002490000 cpu 109624000
[mtlr]   out: 0000010002490000 0000000109624000 00000001003ed940 0000000000000000
[mtlr]   out: 0000007700000000 0000000000004000 0000000047381a0e 000000000001e3ec
[mtlr] resource2 sel8 flags 470 sz 0x1000 -> kr 0x00000000 rid 119 GPUVA 0x10002490000 cpu 109624000
[mtlr]   out: 0000010002490000 0000000109624000 00000001003ed940 0000000000000000
[mtlr]   out: 0000007700000000 0000000000004000 0000000047381a0f 000000000001e3ed
[mtlr] resource2 sel8 flags 470 sz 0x1000 -> kr 0x00000000 rid 119 GPUVA 0x10002490000 cpu 109624000
[mtlr]   out: 0000010002490000 0000000109624000 00000001003ed940 0000000000000000
[mtlr]   out: 0000007700000000 0000000000004000 0000000047381a10 000000000001e3ee
[mtlr] resource2 sel8 flags 470 sz 0x1000 -> kr 0x00000000 rid 119 GPUVA 0x10002490000 cpu 109624000
[mtlr]   out: 0000010002490000 0000000109624000 00000001003ed940 0000000000000000
[mtlr]   out: 0000007700000000 0000000000004000 0000000047381a11 000000000001e3ef
[mtlr] resource2 sel8 flags 470 sz 0x1000 -> kr 0x00000000 rid 119 GPUVA 0x10002490000 cpu 109624000
[mtlr]   out: 0000010002490000 0000000109624000 00000001003ed940 0000000000000000
[mtlr]   out: 0000007700000000 0000000000004000 0000000047381a12 000000000001e3f0
[mtlr] resource2 sel8 flags 470 sz 0x1000 -> kr 0x00000000 rid 119 GPUVA 0x10002490000 cpu 109624000
[mtlr]   out: 0000010002490000 0000000109624000 00000001003ed940 0000000000000000
[mtlr]   out: 0000007700000000 0000000000004000 0000000047381a13 000000000001e3f1
[mtlr] resource2 sel8 flags 470 sz 0x1000 -> kr 0x00000000 rid 119 GPUVA 0x10002490000 cpu 109624000
[mtlr]   out: 0000010002490000 0000000109624000 00000001003ed940 0000000000000000
[mtlr]   out: 0000007700000000 0000000000004000 0000000047381a14 000000000001e3f2
[mtlr] resource2 sel8 flags 470 sz 0x1000 -> kr 0x00000000 rid 119 GPUVA 0x10002490000 cpu 109624000
[mtlr]   out: 0000010002490000 0000000109624000 00000001003ed940 0000000000000000
[mtlr]   out: 0000007700000000 0000000000004000 0000000047381a15 000000000001e3f3
[mtlr] resource2 sel8 flags 470 sz 0x1000 -> kr 0x00000000 rid 119 GPUVA 0x10002490000 cpu 109624000
[mtlr]   out: 0000010002490000 0000000109624000 00000001003ed940 0000000000000000
[mtlr]   out: 0000007700000000 0000000000004000 0000000047381a16 000000000001e3f4
[mtlr] resource2 sel8 flags 470 sz 0x1000 -> kr 0x00000000 rid 119 GPUVA 0x10002490000 cpu 109624000
[mtlr]   out: 0000010002490000 0000000109624000 00000001003ed940 0000000000000000
[mtlr]   out: 0000007700000000 0000000000004000 0000000047381a17 000000000001e3f5
[uatrec] S4 r4 (+0s): nvv 8 ncb 8 vsz 0x100000 fill 0x0 destroy0 kr 0x00000000 nj 40
[uatrec] S4 r4 blit[0] slots 8 ridp 1
[uatrec] S4 r4 blit[1] slots 8 ridp 1
[uatrec] S4 r4 blit[2] slots 8 ridp 1
[uatrec] S4 r4 blit[3] slots 8 ridp 1
[uatrec] S4 r4 blit[4] slots 8 ridp 1
[uatrec] S4 r4 blit[5] slots 8 ridp 1
[uatrec] S4 r4 blit[6] slots 8 ridp 1
[uatrec] S4 r4 blit[7] slots 8 ridp 1
[mtlr] resource2 sel8 flags 470 sz 0x100000 -> kr 0x00000000 rid 119 GPUVA 0x10002490000 cpu 10a790000
[mtlr]   out: 0000010002490000 000000010a790000 00000001003ed940 0000000000000000
[mtlr]   out: 0000007700000000 0000000000100000 0000000047381aa3 000000000001e3f8
[uatrec] S4 r5 victim[0] rid 119 gpuva 0x10002490000 cpu 0x10a790000 (top-of-stack)
[mtlr] resource2 sel8 flags 470 sz 0x100000 -> kr 0x00000000 rid 120 GPUVA 0x10002598000 cpu 10a890000
[mtlr]   out: 0000010002598000 000000010a890000 00000001003eda00 0000000000000000
[mtlr]   out: 0000007800000000 0000000000100000 0000000047381aa4 000000000001e3f9
[uatrec] S4 r5 victim[1] rid 120 gpuva 0x10002598000 cpu 0x10a890000 (top-of-stack)
[mtlr] resource2 sel8 flags 470 sz 0x100000 -> kr 0x00000000 rid 121 GPUVA 0x100026a0000 cpu 10a990000
[mtlr]   out: 00000100026a0000 000000010a990000 00000001003edac0 0000000000000000
[mtlr]   out: 0000007900000000 0000000000100000 0000000047381aa5 000000000001e3fa
[uatrec] S4 r5 victim[2] rid 121 gpuva 0x100026a0000 cpu 0x10a990000 (top-of-stack)
[mtlr] resource2 sel8 flags 470 sz 0x100000 -> kr 0x00000000 rid 122 GPUVA 0x100027a8000 cpu 10aa90000
[mtlr]   out: 00000100027a8000 000000010aa90000 00000001003edb80 0000000000000000
[mtlr]   out: 0000007a00000000 0000000000100000 0000000047381aa6 000000000001e3fb
[uatrec] S4 r5 victim[3] rid 122 gpuva 0x100027a8000 cpu 0x10aa90000 (top-of-stack)
[mtlr] resource2 sel8 flags 470 sz 0x100000 -> kr 0x00000000 rid 123 GPUVA 0x100028b0000 cpu 10ab90000
[mtlr]   out: 00000100028b0000 000000010ab90000 00000001003edc40 0000000000000000
[mtlr]   out: 0000007b00000000 0000000000100000 0000000047381aae 000000000001e3fc
[uatrec] S4 r5 victim[4] rid 123 gpuva 0x100028b0000 cpu 0x10ab90000 (top-of-stack)
[mtlr] resource2 sel8 flags 470 sz 0x100000 -> kr 0x00000000 rid 124 GPUVA 0x100029b8000 cpu 10ac90000
[mtlr]   out: 00000100029b8000 000000010ac90000 00000001003edd00 0000000000000000
[mtlr]   out: 0000007c00000000 0000000000100000 0000000047381aaf 000000000001e3fd
[uatrec] S4 r5 victim[5] rid 124 gpuva 0x100029b8000 cpu 0x10ac90000 (top-of-stack)
[mtlr] resource2 sel8 flags 470 sz 0x100000 -> kr 0x00000000 rid 125 GPUVA 0x10002ac0000 cpu 10ad90000
[mtlr]   out: 0000010002ac0000 000000010ad90000 00000001003eddc0 0000000000000000
[mtlr]   out: 0000007d00000000 0000000000100000 0000000047381ab0 000000000001e3fe
[uatrec] S4 r5 victim[6] rid 125 gpuva 0x10002ac0000 cpu 0x10ad90000 (top-of-stack)
[mtlr] resource2 sel8 flags 470 sz 0x100000 -> kr 0x00000000 rid 126 GPUVA 0x10002bc8000 cpu 10ae90000
[mtlr]   out: 0000010002bc8000 000000010ae90000 00000001003ede80 0000000000000000
[mtlr]   out: 0000007e00000000 0000000000100000 0000000047381ab1 000000000001e3ff
[uatrec] S4 r5 victim[7] rid 126 gpuva 0x10002bc8000 cpu 0x10ae90000 (top-of-stack)
[mtlr] resource2 sel8 flags 470 sz 0x1000 -> kr 0x00000000 rid 119 GPUVA 0x10002490000 cpu 10af90000
[mtlr]   out: 0000010002490000 000000010af90000 00000001003ed940 0000000000000000
[mtlr]   out: 0000007700000000 0000000000004000 0000000047381af1 000000000001e409
[mtlr] resource2 sel8 flags 470 sz 0x1000 -> kr 0x00000000 rid 119 GPUVA 0x10002490000 cpu 10af90000
[mtlr]   out: 0000010002490000 000000010af90000 00000001003ed940 0000000000000000
[mtlr]   out: 0000007700000000 0000000000004000 0000000047381af2 000000000001e40a
[mtlr] resource2 sel8 flags 470 sz 0x1000 -> kr 0x00000000 rid 119 GPUVA 0x10002490000 cpu 10af90000
[mtlr]   out: 0000010002490000 000000010af90000 00000001003ed940 0000000000000000
[mtlr]   out: 0000007700000000 0000000000004000 0000000047381af3 000000000001e40b
[mtlr] resource2 sel8 flags 470 sz 0x1000 -> kr 0x00000000 rid 119 GPUVA 0x10002490000 cpu 10af90000
[mtlr]   out: 0000010002490000 000000010af90000 00000001003ed940 0000000000000000
[mtlr]   out: 0000007700000000 0000000000004000 0000000047381af4 000000000001e40c
[mtlr] resource2 sel8 flags 470 sz 0x1000 -> kr 0x00000000 rid 119 GPUVA 0x10002490000 cpu 10af90000
[mtlr]   out: 0000010002490000 000000010af90000 00000001003ed940 0000000000000000
[mtlr]   out: 0000007700000000 0000000000004000 0000000047381af5 000000000001e40d
[mtlr] resource2 sel8 flags 470 sz 0x1000 -> kr 0x00000000 rid 119 GPUVA 0x10002490000 cpu 10af90000
[mtlr]   out: 0000010002490000 000000010af90000 00000001003ed940 0000000000000000
[mtlr]   out: 0000007700000000 0000000000004000 0000000047381af6 000000000001e40e
[mtlr] resource2 sel8 flags 470 sz 0x1000 -> kr 0x00000000 rid 119 GPUVA 0x10002490000 cpu 10af90000
[mtlr]   out: 0000010002490000 000000010af90000 00000001003ed940 0000000000000000
[mtlr]   out: 0000007700000000 0000000000004000 0000000047381af7 000000000001e40f
[mtlr] resource2 sel8 flags 470 sz 0x1000 -> kr 0x00000000 rid 119 GPUVA 0x10002490000 cpu 10af90000
[mtlr]   out: 0000010002490000 000000010af90000 00000001003ed940 0000000000000000
[mtlr]   out: 0000007700000000 0000000000004000 0000000047381af8 000000000001e410
[mtlr] resource2 sel8 flags 470 sz 0x1000 -> kr 0x00000000 rid 119 GPUVA 0x10002490000 cpu 10af90000
[mtlr]   out: 0000010002490000 000000010af90000 00000001003ed940 0000000000000000
[mtlr]   out: 0000007700000000 0000000000004000 0000000047381af9 000000000001e411
[mtlr] resource2 sel8 flags 470 sz 0x1000 -> kr 0x00000000 rid 119 GPUVA 0x10002490000 cpu 10af90000
[mtlr]   out: 0000010002490000 000000010af90000 00000001003ed940 0000000000000000
[mtlr]   out: 0000007700000000 0000000000004000 0000000047381afa 000000000001e412
[mtlr] resource2 sel8 flags 470 sz 0x1000 -> kr 0x00000000 rid 119 GPUVA 0x10002490000 cpu 10af90000
[mtlr]   out: 0000010002490000 000000010af90000 00000001003ed940 0000000000000000
[mtlr]   out: 0000007700000000 0000000000004000 0000000047381afb 000000000001e413
[mtlr] resource2 sel8 flags 470 sz 0x1000 -> kr 0x00000000 rid 119 GPUVA 0x10002490000 cpu 10af90000
[mtlr]   out: 0000010002490000 000000010af90000 00000001003ed940 0000000000000000
[mtlr]   out: 0000007700000000 0000000000004000 0000000047381afc 000000000001e414
[mtlr] resource2 sel8 flags 470 sz 0x1000 -> kr 0x00000000 rid 119 GPUVA 0x10002490000 cpu 10af90000
[mtlr]   out: 0000010002490000 000000010af90000 00000001003ed940 0000000000000000
[mtlr]   out: 0000007700000000 0000000000004000 0000000047381afd 000000000001e415
[mtlr] resource2 sel8 flags 470 sz 0x1000 -> kr 0x00000000 rid 119 GPUVA 0x10002490000 cpu 10af90000
[mtlr]   out: 0000010002490000 000000010af90000 00000001003ed940 0000000000000000
[mtlr]   out: 0000007700000000 0000000000004000 0000000047381afe 000000000001e416
[mtlr] resource2 sel8 flags 470 sz 0x1000 -> kr 0x00000000 rid 119 GPUVA 0x10002490000 cpu 10af90000
[mtlr]   out: 0000010002490000 000000010af90000 00000001003ed940 0000000000000000
[mtlr]   out: 0000007700000000 0000000000004000 0000000047381aff 000000000001e417
[mtlr] resource2 sel8 flags 470 sz 0x1000 -> kr 0x00000000 rid 119 GPUVA 0x10002490000 cpu 10af90000
[mtlr]   out: 0000010002490000 000000010af90000 00000001003ed940 0000000000000000
[mtlr]   out: 0000007700000000 0000000000004000 0000000047381b00 000000000001e418
[mtlr] resource2 sel8 flags 470 sz 0x1000 -> kr 0x00000000 rid 119 GPUVA 0x10002490000 cpu 10af90000
[mtlr]   out: 0000010002490000 000000010af90000 00000001003ed940 0000000000000000
[mtlr]   out: 0000007700000000 0000000000004000 0000000047381b01 000000000001e419
[mtlr] resource2 sel8 flags 470 sz 0x1000 -> kr 0x00000000 rid 119 GPUVA 0x10002490000 cpu 10af90000
[mtlr]   out: 0000010002490000 000000010af90000 00000001003ed940 0000000000000000
[mtlr]   out: 0000007700000000 0000000000004000 0000000047381b02 000000000001e41a
[mtlr] resource2 sel8 flags 470 sz 0x1000 -> kr 0x00000000 rid 119 GPUVA 0x10002490000 cpu 10af90000
[mtlr]   out: 0000010002490000 000000010af90000 00000001003ed940 0000000000000000
[mtlr]   out: 0000007700000000 0000000000004000 0000000047381b03 000000000001e41b
[mtlr] resource2 sel8 flags 470 sz 0x1000 -> kr 0x00000000 rid 119 GPUVA 0x10002490000 cpu 10af90000
[mtlr]   out: 0000010002490000 000000010af90000 00000001003ed940 0000000000000000
[mtlr]   out: 0000007700000000 0000000000004000 0000000047381b04 000000000001e41c
[mtlr] resource2 sel8 flags 470 sz 0x1000 -> kr 0x00000000 rid 119 GPUVA 0x10002490000 cpu 10af90000
[mtlr]   out: 0000010002490000 000000010af90000 00000001003ed940 0000000000000000
[mtlr]   out: 0000007700000000 0000000000004000 0000000047381b05 000000000001e41d
[mtlr] resource2 sel8 flags 470 sz 0x1000 -> kr 0x00000000 rid 119 GPUVA 0x10002490000 cpu 10af90000
[mtlr]   out: 0000010002490000 000000010af90000 00000001003ed940 0000000000000000
[mtlr]   out: 0000007700000000 0000000000004000 0000000047381b06 000000000001e41e
[mtlr] resource2 sel8 flags 470 sz 0x1000 -> kr 0x00000000 rid 119 GPUVA 0x10002490000 cpu 10af90000
[mtlr]   out: 0000010002490000 000000010af90000 00000001003ed940 0000000000000000
[mtlr]   out: 0000007700000000 0000000000004000 0000000047381b07 000000000001e41f
[mtlr] resource2 sel8 flags 470 sz 0x1000 -> kr 0x00000000 rid 119 GPUVA 0x10002490000 cpu 10af90000
[mtlr]   out: 0000010002490000 000000010af90000 00000001003ed940 0000000000000000
[mtlr]   out: 0000007700000000 0000000000004000 0000000047381b08 000000000001e420
[mtlr] resource2 sel8 flags 470 sz 0x1000 -> kr 0x00000000 rid 119 GPUVA 0x10002490000 cpu 10af90000
[mtlr]   out: 0000010002490000 000000010af90000 00000001003ed940 0000000000000000
[mtlr]   out: 0000007700000000 0000000000004000 0000000047381b09 000000000001e421
[mtlr] resource2 sel8 flags 470 sz 0x1000 -> kr 0x00000000 rid 119 GPUVA 0x10002490000 cpu 10af90000
[mtlr]   out: 0000010002490000 000000010af90000 00000001003ed940 0000000000000000
[mtlr]   out: 0000007700000000 0000000000004000 0000000047381b0a 000000000001e422
[mtlr] resource2 sel8 flags 470 sz 0x1000 -> kr 0x00000000 rid 119 GPUVA 0x10002490000 cpu 10af90000
[mtlr]   out: 0000010002490000 000000010af90000 00000001003ed940 0000000000000000
[mtlr]   out: 0000007700000000 0000000000004000 0000000047381b0b 000000000001e423
[mtlr] resource2 sel8 flags 470 sz 0x1000 -> kr 0x00000000 rid 119 GPUVA 0x10002490000 cpu 10af90000
[mtlr]   out: 0000010002490000 000000010af90000 00000001003ed940 0000000000000000
[mtlr]   out: 0000007700000000 0000000000004000 0000000047381b0c 000000000001e424
[mtlr] resource2 sel8 flags 470 sz 0x1000 -> kr 0x00000000 rid 119 GPUVA 0x10002490000 cpu 10af90000
[mtlr]   out: 0000010002490000 000000010af90000 00000001003ed940 0000000000000000
[mtlr]   out: 0000007700000000 0000000000004000 0000000047381b0d 000000000001e425
[mtlr] resource2 sel8 flags 470 sz 0x1000 -> kr 0x00000000 rid 119 GPUVA 0x10002490000 cpu 10af90000
[mtlr]   out: 0000010002490000 000000010af90000 00000001003ed940 0000000000000000
[mtlr]   out: 0000007700000000 0000000000004000 0000000047381b0e 000000000001e426
[mtlr] resource2 sel8 flags 470 sz 0x1000 -> kr 0x00000000 rid 119 GPUVA 0x10002490000 cpu 10af90000
[mtlr]   out: 0000010002490000 000000010af90000 00000001003ed940 0000000000000000
[mtlr]   out: 0000007700000000 0000000000004000 0000000047381b0f 000000000001e427
[mtlr] resource2 sel8 flags 470 sz 0x1000 -> kr 0x00000000 rid 119 GPUVA 0x10002490000 cpu 10af90000
[mtlr]   out: 0000010002490000 000000010af90000 00000001003ed940 0000000000000000
[mtlr]   out: 0000007700000000 0000000000004000 0000000047381b10 000000000001e428
[mtlr] resource2 sel8 flags 470 sz 0x1000 -> kr 0x00000000 rid 119 GPUVA 0x10002490000 cpu 10af90000
[mtlr]   out: 0000010002490000 000000010af90000 00000001003ed940 0000000000000000
[mtlr]   out: 0000007700000000 0000000000004000 0000000047381b11 000000000001e429
[mtlr] resource2 sel8 flags 470 sz 0x1000 -> kr 0x00000000 rid 119 GPUVA 0x10002490000 cpu 10af90000
[mtlr]   out: 0000010002490000 000000010af90000 00000001003ed940 0000000000000000
[mtlr]   out: 0000007700000000 0000000000004000 0000000047381b12 000000000001e42a
[mtlr] resource2 sel8 flags 470 sz 0x1000 -> kr 0x00000000 rid 119 GPUVA 0x10002490000 cpu 10af90000
[mtlr]   out: 0000010002490000 000000010af90000 00000001003ed940 0000000000000000
[mtlr]   out: 0000007700000000 0000000000004000 0000000047381b13 000000000001e42b
[mtlr] resource2 sel8 flags 470 sz 0x1000 -> kr 0x00000000 rid 119 GPUVA 0x10002490000 cpu 10af90000
[mtlr]   out: 0000010002490000 000000010af90000 00000001003ed940 0000000000000000
[mtlr]   out: 0000007700000000 0000000000004000 0000000047381b14 000000000001e42c
[mtlr] resource2 sel8 flags 470 sz 0x1000 -> kr 0x00000000 rid 119 GPUVA 0x10002490000 cpu 10af90000
[mtlr]   out: 0000010002490000 000000010af90000 00000001003ed940 0000000000000000
[mtlr]   out: 0000007700000000 0000000000004000 0000000047381b15 000000000001e42d
[mtlr] resource2 sel8 flags 470 sz 0x1000 -> kr 0x00000000 rid 119 GPUVA 0x10002490000 cpu 10af90000
[mtlr]   out: 0000010002490000 000000010af90000 00000001003ed940 0000000000000000
[mtlr]   out: 0000007700000000 0000000000004000 0000000047381b16 000000000001e42e
[mtlr] resource2 sel8 flags 470 sz 0x1000 -> kr 0x00000000 rid 119 GPUVA 0x10002490000 cpu 10af90000
[mtlr]   out: 0000010002490000 000000010af90000 00000001003ed940 0000000000000000
[mtlr]   out: 0000007700000000 0000000000004000 0000000047381b17 000000000001e42f
[mtlr] resource2 sel8 flags 470 sz 0x1000 -> kr 0x00000000 rid 119 GPUVA 0x10002490000 cpu 10af90000
[mtlr]   out: 0000010002490000 000000010af90000 00000001003ed940 0000000000000000
[mtlr]   out: 0000007700000000 0000000000004000 0000000047381b18 000000000001e430
[uatrec] S4 r5 (+0s): nvv 8 ncb 8 vsz 0x100000 fill 0x0 destroy0 kr 0x00000000 nj 40
[uatrec] S4 r5 blit[0] slots 8 ridp 1
[uatrec] S4 r5 blit[1] slots 8 ridp 1
[uatrec] S4 r5 blit[2] slots 8 ridp 1
[uatrec] S4 r5 blit[3] slots 8 ridp 1
[uatrec] S4 r5 blit[4] slots 8 ridp 1
[uatrec] S4 r5 blit[5] slots 8 ridp 1
[uatrec] S4 r5 blit[6] slots 9 ridp 1
[uatrec] S4 r5 blit[7] slots 8 ridp 1
[mtlr] resource2 sel8 flags 470 sz 0x100000 -> kr 0x00000000 rid 119 GPUVA 0x10002490000 cpu 10b364000
[mtlr]   out: 0000010002490000 000000010b364000 00000001003ed940 0000000000000000
[mtlr]   out: 0000007700000000 0000000000100000 0000000047381b4e 000000000001e433
[uatrec] S4 r6 victim[0] rid 119 gpuva 0x10002490000 cpu 0x10b364000 (top-of-stack)
[mtlr] resource2 sel8 flags 470 sz 0x100000 -> kr 0x00000000 rid 120 GPUVA 0x10002598000 cpu 10b464000
[mtlr]   out: 0000010002598000 000000010b464000 00000001003eda00 0000000000000000
[mtlr]   out: 0000007800000000 0000000000100000 0000000047381b4f 000000000001e434
[uatrec] S4 r6 victim[1] rid 120 gpuva 0x10002598000 cpu 0x10b464000 (top-of-stack)
[mtlr] resource2 sel8 flags 470 sz 0x100000 -> kr 0x00000000 rid 121 GPUVA 0x100026a0000 cpu 10b564000
[mtlr]   out: 00000100026a0000 000000010b564000 00000001003edac0 0000000000000000
[mtlr]   out: 0000007900000000 0000000000100000 0000000047381b50 000000000001e435
[uatrec] S4 r6 victim[2] rid 121 gpuva 0x100026a0000 cpu 0x10b564000 (top-of-stack)
[mtlr] resource2 sel8 flags 470 sz 0x100000 -> kr 0x00000000 rid 122 GPUVA 0x100027a8000 cpu 10b664000
[mtlr]   out: 00000100027a8000 000000010b664000 00000001003edb80 0000000000000000
[mtlr]   out: 0000007a00000000 0000000000100000 0000000047381b51 000000000001e436
[uatrec] S4 r6 victim[3] rid 122 gpuva 0x100027a8000 cpu 0x10b664000 (top-of-stack)
[mtlr] resource2 sel8 flags 470 sz 0x100000 -> kr 0x00000000 rid 123 GPUVA 0x100028b0000 cpu 10851c000
[mtlr]   out: 00000100028b0000 000000010851c000 00000001003edc40 0000000000000000
[mtlr]   out: 0000007b00000000 0000000000100000 0000000047381b52 000000000001e437
[uatrec] S4 r6 victim[4] rid 123 gpuva 0x100028b0000 cpu 0x10851c000 (top-of-stack)
[mtlr] resource2 sel8 flags 470 sz 0x100000 -> kr 0x00000000 rid 124 GPUVA 0x100029b8000 cpu 108624000
[mtlr]   out: 00000100029b8000 0000000108624000 00000001003edd00 0000000000000000
[mtlr]   out: 0000007c00000000 0000000000100000 0000000047381b53 000000000001e438
[uatrec] S4 r6 victim[5] rid 124 gpuva 0x100029b8000 cpu 0x108624000 (top-of-stack)
[mtlr] resource2 sel8 flags 470 sz 0x100000 -> kr 0x00000000 rid 125 GPUVA 0x10002ac0000 cpu 108724000
[mtlr]   out: 0000010002ac0000 0000000108724000 00000001003eddc0 0000000000000000
[mtlr]   out: 0000007d00000000 0000000000100000 0000000047381b54 000000000001e439
[uatrec] S4 r6 victim[6] rid 125 gpuva 0x10002ac0000 cpu 0x108724000 (top-of-stack)
[mtlr] resource2 sel8 flags 470 sz 0x100000 -> kr 0x00000000 rid 126 GPUVA 0x10002bc8000 cpu 108824000
[mtlr]   out: 0000010002bc8000 0000000108824000 00000001003ede80 0000000000000000
[mtlr]   out: 0000007e00000000 0000000000100000 0000000047381b5c 000000000001e43a
[uatrec] S4 r6 victim[7] rid 126 gpuva 0x10002bc8000 cpu 0x108824000 (top-of-stack)
[mtlr] resource2 sel8 flags 470 sz 0x1000 -> kr 0x00000000 rid 119 GPUVA 0x10002490000 cpu 109224000
[mtlr]   out: 0000010002490000 0000000109224000 00000001003ed940 0000000000000000
[mtlr]   out: 0000007700000000 0000000000004000 0000000047381b7b 000000000001e444
[mtlr] resource2 sel8 flags 470 sz 0x1000 -> kr 0x00000000 rid 119 GPUVA 0x10002490000 cpu 109224000
[mtlr]   out: 0000010002490000 0000000109224000 00000001003ed940 0000000000000000
[mtlr]   out: 0000007700000000 0000000000004000 0000000047381b7c 000000000001e445
[mtlr] resource2 sel8 flags 470 sz 0x1000 -> kr 0x00000000 rid 119 GPUVA 0x10002490000 cpu 109224000
[mtlr]   out: 0000010002490000 0000000109224000 00000001003ed940 0000000000000000
[mtlr]   out: 0000007700000000 0000000000004000 0000000047381b7d 000000000001e446
[mtlr] resource2 sel8 flags 470 sz 0x1000 -> kr 0x00000000 rid 119 GPUVA 0x10002490000 cpu 109224000
[mtlr]   out: 0000010002490000 0000000109224000 00000001003ed940 0000000000000000
[mtlr]   out: 0000007700000000 0000000000004000 0000000047381b7e 000000000001e447
[mtlr] resource2 sel8 flags 470 sz 0x1000 -> kr 0x00000000 rid 119 GPUVA 0x10002490000 cpu 109224000
[mtlr]   out: 0000010002490000 0000000109224000 00000001003ed940 0000000000000000
[mtlr]   out: 0000007700000000 0000000000004000 0000000047381b7f 000000000001e448
[mtlr] resource2 sel8 flags 470 sz 0x1000 -> kr 0x00000000 rid 119 GPUVA 0x10002490000 cpu 109224000
[mtlr]   out: 0000010002490000 0000000109224000 00000001003ed940 0000000000000000
[mtlr]   out: 0000007700000000 0000000000004000 0000000047381b80 000000000001e449
[mtlr] resource2 sel8 flags 470 sz 0x1000 -> kr 0x00000000 rid 119 GPUVA 0x10002490000 cpu 109224000
[mtlr]   out: 0000010002490000 0000000109224000 00000001003ed940 0000000000000000
[mtlr]   out: 0000007700000000 0000000000004000 0000000047381b81 000000000001e44a
[mtlr] resource2 sel8 flags 470 sz 0x1000 -> kr 0x00000000 rid 119 GPUVA 0x10002490000 cpu 109224000
[mtlr]   out: 0000010002490000 0000000109224000 00000001003ed940 0000000000000000
[mtlr]   out: 0000007700000000 0000000000004000 0000000047381b82 000000000001e44b
[mtlr] resource2 sel8 flags 470 sz 0x1000 -> kr 0x00000000 rid 119 GPUVA 0x10002490000 cpu 109224000
[mtlr]   out: 0000010002490000 0000000109224000 00000001003ed940 0000000000000000
[mtlr]   out: 0000007700000000 0000000000004000 0000000047381b83 000000000001e44c
[mtlr] resource2 sel8 flags 470 sz 0x1000 -> kr 0x00000000 rid 119 GPUVA 0x10002490000 cpu 109224000
[mtlr]   out: 0000010002490000 0000000109224000 00000001003ed940 0000000000000000
[mtlr]   out: 0000007700000000 0000000000004000 0000000047381b84 000000000001e44d
[mtlr] resource2 sel8 flags 470 sz 0x1000 -> kr 0x00000000 rid 119 GPUVA 0x10002490000 cpu 109224000
[mtlr]   out: 0000010002490000 0000000109224000 00000001003ed940 0000000000000000
[mtlr]   out: 0000007700000000 0000000000004000 0000000047381b85 000000000001e44e
[mtlr] resource2 sel8 flags 470 sz 0x1000 -> kr 0x00000000 rid 119 GPUVA 0x10002490000 cpu 109224000
[mtlr]   out: 0000010002490000 0000000109224000 00000001003ed940 0000000000000000
[mtlr]   out: 0000007700000000 0000000000004000 0000000047381b86 000000000001e44f
[mtlr] resource2 sel8 flags 470 sz 0x1000 -> kr 0x00000000 rid 119 GPUVA 0x10002490000 cpu 109224000
[mtlr]   out: 0000010002490000 0000000109224000 00000001003ed940 0000000000000000
[mtlr]   out: 0000007700000000 0000000000004000 0000000047381b87 000000000001e450
[mtlr] resource2 sel8 flags 470 sz 0x1000 -> kr 0x00000000 rid 119 GPUVA 0x10002490000 cpu 109224000
[mtlr]   out: 0000010002490000 0000000109224000 00000001003ed940 0000000000000000
[mtlr]   out: 0000007700000000 0000000000004000 0000000047381b88 000000000001e451
[mtlr] resource2 sel8 flags 470 sz 0x1000 -> kr 0x00000000 rid 119 GPUVA 0x10002490000 cpu 109224000
[mtlr]   out: 0000010002490000 0000000109224000 00000001003ed940 0000000000000000
[mtlr]   out: 0000007700000000 0000000000004000 0000000047381b89 000000000001e452
[mtlr] resource2 sel8 flags 470 sz 0x1000 -> kr 0x00000000 rid 119 GPUVA 0x10002490000 cpu 109224000
[mtlr]   out: 0000010002490000 0000000109224000 00000001003ed940 0000000000000000
[mtlr]   out: 0000007700000000 0000000000004000 0000000047381b8a 000000000001e453
[mtlr] resource2 sel8 flags 470 sz 0x1000 -> kr 0x00000000 rid 119 GPUVA 0x10002490000 cpu 109224000
[mtlr]   out: 0000010002490000 0000000109224000 00000001003ed940 0000000000000000
[mtlr]   out: 0000007700000000 0000000000004000 0000000047381b8b 000000000001e454
[mtlr] resource2 sel8 flags 470 sz 0x1000 -> kr 0x00000000 rid 119 GPUVA 0x10002490000 cpu 109224000
[mtlr]   out: 0000010002490000 0000000109224000 00000001003ed940 0000000000000000
[mtlr]   out: 0000007700000000 0000000000004000 0000000047381b8c 000000000001e455
[mtlr] resource2 sel8 flags 470 sz 0x1000 -> kr 0x00000000 rid 119 GPUVA 0x10002490000 cpu 109224000
[mtlr]   out: 0000010002490000 0000000109224000 00000001003ed940 0000000000000000
[mtlr]   out: 0000007700000000 0000000000004000 0000000047381b8d 000000000001e456
[mtlr] resource2 sel8 flags 470 sz 0x1000 -> kr 0x00000000 rid 119 GPUVA 0x10002490000 cpu 109224000
[mtlr]   out: 0000010002490000 0000000109224000 00000001003ed940 0000000000000000
[mtlr]   out: 0000007700000000 0000000000004000 0000000047381b8e 000000000001e457
[mtlr] resource2 sel8 flags 470 sz 0x1000 -> kr 0x00000000 rid 119 GPUVA 0x10002490000 cpu 109224000
[mtlr]   out: 0000010002490000 0000000109224000 00000001003ed940 0000000000000000
[mtlr]   out: 0000007700000000 0000000000004000 0000000047381b8f 000000000001e458
[mtlr] resource2 sel8 flags 470 sz 0x1000 -> kr 0x00000000 rid 119 GPUVA 0x10002490000 cpu 109224000
[mtlr]   out: 0000010002490000 0000000109224000 00000001003ed940 0000000000000000
[mtlr]   out: 0000007700000000 0000000000004000 0000000047381b90 000000000001e459
[mtlr] resource2 sel8 flags 470 sz 0x1000 -> kr 0x00000000 rid 119 GPUVA 0x10002490000 cpu 109224000
[mtlr]   out: 0000010002490000 0000000109224000 00000001003ed940 0000000000000000
[mtlr]   out: 0000007700000000 0000000000004000 0000000047381b91 000000000001e45a
[mtlr] resource2 sel8 flags 470 sz 0x1000 -> kr 0x00000000 rid 119 GPUVA 0x10002490000 cpu 109224000
[mtlr]   out: 0000010002490000 0000000109224000 00000001003ed940 0000000000000000
[mtlr]   out: 0000007700000000 0000000000004000 0000000047381b92 000000000001e45b
[mtlr] resource2 sel8 flags 470 sz 0x1000 -> kr 0x00000000 rid 119 GPUVA 0x10002490000 cpu 109224000
[mtlr]   out: 0000010002490000 0000000109224000 00000001003ed940 0000000000000000
[mtlr]   out: 0000007700000000 0000000000004000 0000000047381b93 000000000001e45c
[mtlr] resource2 sel8 flags 470 sz 0x1000 -> kr 0x00000000 rid 119 GPUVA 0x10002490000 cpu 109224000
[mtlr]   out: 0000010002490000 0000000109224000 00000001003ed940 0000000000000000
[mtlr]   out: 0000007700000000 0000000000004000 0000000047381b94 000000000001e45d
[mtlr] resource2 sel8 flags 470 sz 0x1000 -> kr 0x00000000 rid 119 GPUVA 0x10002490000 cpu 109224000
[mtlr]   out: 0000010002490000 0000000109224000 00000001003ed940 0000000000000000
[mtlr]   out: 0000007700000000 0000000000004000 0000000047381b95 000000000001e45e
[mtlr] resource2 sel8 flags 470 sz 0x1000 -> kr 0x00000000 rid 119 GPUVA 0x10002490000 cpu 109224000
[mtlr]   out: 0000010002490000 0000000109224000 00000001003ed940 0000000000000000
[mtlr]   out: 0000007700000000 0000000000004000 0000000047381b96 000000000001e45f
[mtlr] resource2 sel8 flags 470 sz 0x1000 -> kr 0x00000000 rid 119 GPUVA 0x10002490000 cpu 109224000
[mtlr]   out: 0000010002490000 0000000109224000 00000001003ed940 0000000000000000
[mtlr]   out: 0000007700000000 0000000000004000 0000000047381b97 000000000001e460
[mtlr] resource2 sel8 flags 470 sz 0x1000 -> kr 0x00000000 rid 119 GPUVA 0x10002490000 cpu 109224000
[mtlr]   out: 0000010002490000 0000000109224000 00000001003ed940 0000000000000000
[mtlr]   out: 0000007700000000 0000000000004000 0000000047381b98 000000000001e461
[mtlr] resource2 sel8 flags 470 sz 0x1000 -> kr 0x00000000 rid 119 GPUVA 0x10002490000 cpu 109224000
[mtlr]   out: 0000010002490000 0000000109224000 00000001003ed940 0000000000000000
[mtlr]   out: 0000007700000000 0000000000004000 0000000047381b99 000000000001e462
[mtlr] resource2 sel8 flags 470 sz 0x1000 -> kr 0x00000000 rid 119 GPUVA 0x10002490000 cpu 109224000
[mtlr]   out: 0000010002490000 0000000109224000 00000001003ed940 0000000000000000
[mtlr]   out: 0000007700000000 0000000000004000 0000000047381b9a 000000000001e463
[mtlr] resource2 sel8 flags 470 sz 0x1000 -> kr 0x00000000 rid 119 GPUVA 0x10002490000 cpu 109224000
[mtlr]   out: 0000010002490000 0000000109224000 00000001003ed940 0000000000000000
[mtlr]   out: 0000007700000000 0000000000004000 0000000047381b9b 000000000001e464
[mtlr] resource2 sel8 flags 470 sz 0x1000 -> kr 0x00000000 rid 119 GPUVA 0x10002490000 cpu 109224000
[mtlr]   out: 0000010002490000 0000000109224000 00000001003ed940 0000000000000000
[mtlr]   out: 0000007700000000 0000000000004000 0000000047381b9c 000000000001e465
[mtlr] resource2 sel8 flags 470 sz 0x1000 -> kr 0x00000000 rid 119 GPUVA 0x10002490000 cpu 109224000
[mtlr]   out: 0000010002490000 0000000109224000 00000001003ed940 0000000000000000
[mtlr]   out: 0000007700000000 0000000000004000 0000000047381b9d 000000000001e466
[mtlr] resource2 sel8 flags 470 sz 0x1000 -> kr 0x00000000 rid 119 GPUVA 0x10002490000 cpu 109224000
[mtlr]   out: 0000010002490000 0000000109224000 00000001003ed940 0000000000000000
[mtlr]   out: 0000007700000000 0000000000004000 0000000047381b9e 000000000001e467
[mtlr] resource2 sel8 flags 470 sz 0x1000 -> kr 0x00000000 rid 119 GPUVA 0x10002490000 cpu 109224000
[mtlr]   out: 0000010002490000 0000000109224000 00000001003ed940 0000000000000000
[mtlr]   out: 0000007700000000 0000000000004000 0000000047381b9f 000000000001e468
[mtlr] resource2 sel8 flags 470 sz 0x1000 -> kr 0x00000000 rid 119 GPUVA 0x10002490000 cpu 109224000
[mtlr]   out: 0000010002490000 0000000109224000 00000001003ed940 0000000000000000
[mtlr]   out: 0000007700000000 0000000000004000 0000000047381ba0 000000000001e469
[mtlr] resource2 sel8 flags 470 sz 0x1000 -> kr 0x00000000 rid 119 GPUVA 0x10002490000 cpu 109224000
[mtlr]   out: 0000010002490000 0000000109224000 00000001003ed940 0000000000000000
[mtlr]   out: 0000007700000000 0000000000004000 0000000047381ba1 000000000001e46a
[mtlr] resource2 sel8 flags 470 sz 0x1000 -> kr 0x00000000 rid 119 GPUVA 0x10002490000 cpu 109224000
[mtlr]   out: 0000010002490000 0000000109224000 00000001003ed940 0000000000000000
[mtlr]   out: 0000007700000000 0000000000004000 0000000047381ba2 000000000001e46b
[uatrec] S4 r6 (+0s): nvv 8 ncb 8 vsz 0x100000 fill 0x0 destroy0 kr 0x00000000 nj 40
[uatrec] S4 r6 blit[0] slots 8 ridp 1
[uatrec] S4 r6 blit[1] slots 9 ridp 1
[uatrec] S4 r6 blit[2] slots 8 ridp 1
[uatrec] S4 r6 blit[3] slots 8 ridp 1
[uatrec] S4 r6 blit[4] slots 8 ridp 1
[uatrec] S4 r6 blit[5] slots 8 ridp 1
[uatrec] S4 r6 blit[6] slots 8 ridp 1
[uatrec] S4 r6 blit[7] slots 8 ridp 1
[mtlr] resource2 sel8 flags 470 sz 0x100000 -> kr 0x00000000 rid 119 GPUVA 0x10002490000 cpu 109a24000
[mtlr]   out: 0000010002490000 0000000109a24000 00000001003ed940 0000000000000000
[mtlr]   out: 0000007700000000 0000000000100000 0000000047381bcd 000000000001e46e
[uatrec] S4 r7 victim[0] rid 119 gpuva 0x10002490000 cpu 0x109a24000 (top-of-stack)
[mtlr] resource2 sel8 flags 470 sz 0x100000 -> kr 0x00000000 rid 120 GPUVA 0x10002598000 cpu 109b24000
[mtlr]   out: 0000010002598000 0000000109b24000 00000001003eda00 0000000000000000
[mtlr]   out: 0000007800000000 0000000000100000 0000000047381bce 000000000001e46f
[uatrec] S4 r7 victim[1] rid 120 gpuva 0x10002598000 cpu 0x109b24000 (top-of-stack)
[mtlr] resource2 sel8 flags 470 sz 0x100000 -> kr 0x00000000 rid 121 GPUVA 0x100026a0000 cpu 109c24000
[mtlr]   out: 00000100026a0000 0000000109c24000 00000001003edac0 0000000000000000
[mtlr]   out: 0000007900000000 0000000000100000 0000000047381bcf 000000000001e470
[uatrec] S4 r7 victim[2] rid 121 gpuva 0x100026a0000 cpu 0x109c24000 (top-of-stack)
[mtlr] resource2 sel8 flags 470 sz 0x100000 -> kr 0x00000000 rid 122 GPUVA 0x100027a8000 cpu 109d24000
[mtlr]   out: 00000100027a8000 0000000109d24000 00000001003edb80 0000000000000000
[mtlr]   out: 0000007a00000000 0000000000100000 0000000047381bd0 000000000001e471
[uatrec] S4 r7 victim[3] rid 122 gpuva 0x100027a8000 cpu 0x109d24000 (top-of-stack)
[mtlr] resource2 sel8 flags 470 sz 0x100000 -> kr 0x00000000 rid 123 GPUVA 0x100028b0000 cpu 109e24000
[mtlr]   out: 00000100028b0000 0000000109e24000 00000001003edc40 0000000000000000
[mtlr]   out: 0000007b00000000 0000000000100000 0000000047381bd1 000000000001e472
[uatrec] S4 r7 victim[4] rid 123 gpuva 0x100028b0000 cpu 0x109e24000 (top-of-stack)
[mtlr] resource2 sel8 flags 470 sz 0x100000 -> kr 0x00000000 rid 124 GPUVA 0x100029b8000 cpu 109f24000
[mtlr]   out: 00000100029b8000 0000000109f24000 00000001003edd00 0000000000000000
[mtlr]   out: 0000007c00000000 0000000000100000 0000000047381bd2 000000000001e473
[uatrec] S4 r7 victim[5] rid 124 gpuva 0x100029b8000 cpu 0x109f24000 (top-of-stack)
[mtlr] resource2 sel8 flags 470 sz 0x100000 -> kr 0x00000000 rid 125 GPUVA 0x10002ac0000 cpu 108524000
[mtlr]   out: 0000010002ac0000 0000000108524000 00000001003eddc0 0000000000000000
[mtlr]   out: 0000007d00000000 0000000000100000 0000000047381bd3 000000000001e474
[uatrec] S4 r7 victim[6] rid 125 gpuva 0x10002ac0000 cpu 0x108524000 (top-of-stack)
[mtlr] resource2 sel8 flags 470 sz 0x100000 -> kr 0x00000000 rid 126 GPUVA 0x10002bc8000 cpu 108624000
[mtlr]   out: 0000010002bc8000 0000000108624000 00000001003ede80 0000000000000000
[mtlr]   out: 0000007e00000000 0000000000100000 0000000047381bdb 000000000001e475
[uatrec] S4 r7 victim[7] rid 126 gpuva 0x10002bc8000 cpu 0x108624000 (top-of-stack)
[mtlr] resource2 sel8 flags 470 sz 0x1000 -> kr 0x00000000 rid 119 GPUVA 0x10002490000 cpu 10a424000
[mtlr]   out: 0000010002490000 000000010a424000 00000001003ed940 0000000000000000
[mtlr]   out: 0000007700000000 0000000000004000 0000000047381bfa 000000000001e47f
[mtlr] resource2 sel8 flags 470 sz 0x1000 -> kr 0x00000000 rid 119 GPUVA 0x10002490000 cpu 10a424000
[mtlr]   out: 0000010002490000 000000010a424000 00000001003ed940 0000000000000000
[mtlr]   out: 0000007700000000 0000000000004000 0000000047381bfb 000000000001e480
[mtlr] resource2 sel8 flags 470 sz 0x1000 -> kr 0x00000000 rid 119 GPUVA 0x10002490000 cpu 10a424000
[mtlr]   out: 0000010002490000 000000010a424000 00000001003ed940 0000000000000000
[mtlr]   out: 0000007700000000 0000000000004000 0000000047381bfc 000000000001e481
[mtlr] resource2 sel8 flags 470 sz 0x1000 -> kr 0x00000000 rid 119 GPUVA 0x10002490000 cpu 10a424000
[mtlr]   out: 0000010002490000 000000010a424000 00000001003ed940 0000000000000000
[mtlr]   out: 0000007700000000 0000000000004000 0000000047381bfd 000000000001e482
[mtlr] resource2 sel8 flags 470 sz 0x1000 -> kr 0x00000000 rid 119 GPUVA 0x10002490000 cpu 10a424000
[mtlr]   out: 0000010002490000 000000010a424000 00000001003ed940 0000000000000000
[mtlr]   out: 0000007700000000 0000000000004000 0000000047381bfe 000000000001e483
[mtlr] resource2 sel8 flags 470 sz 0x1000 -> kr 0x00000000 rid 119 GPUVA 0x10002490000 cpu 10a424000
[mtlr]   out: 0000010002490000 000000010a424000 00000001003ed940 0000000000000000
[mtlr]   out: 0000007700000000 0000000000004000 0000000047381bff 000000000001e484
[mtlr] resource2 sel8 flags 470 sz 0x1000 -> kr 0x00000000 rid 119 GPUVA 0x10002490000 cpu 10a424000
[mtlr]   out: 0000010002490000 000000010a424000 00000001003ed940 0000000000000000
[mtlr]   out: 0000007700000000 0000000000004000 0000000047381c00 000000000001e485
[mtlr] resource2 sel8 flags 470 sz 0x1000 -> kr 0x00000000 rid 119 GPUVA 0x10002490000 cpu 10a424000
[mtlr]   out: 0000010002490000 000000010a424000 00000001003ed940 0000000000000000
[mtlr]   out: 0000007700000000 0000000000004000 0000000047381c01 000000000001e486
[mtlr] resource2 sel8 flags 470 sz 0x1000 -> kr 0x00000000 rid 119 GPUVA 0x10002490000 cpu 10a424000
[mtlr]   out: 0000010002490000 000000010a424000 00000001003ed940 0000000000000000
[mtlr]   out: 0000007700000000 0000000000004000 0000000047381c02 000000000001e487
[mtlr] resource2 sel8 flags 470 sz 0x1000 -> kr 0x00000000 rid 119 GPUVA 0x10002490000 cpu 10a424000
[mtlr]   out: 0000010002490000 000000010a424000 00000001003ed940 0000000000000000
[mtlr]   out: 0000007700000000 0000000000004000 0000000047381c03 000000000001e488
[mtlr] resource2 sel8 flags 470 sz 0x1000 -> kr 0x00000000 rid 119 GPUVA 0x10002490000 cpu 10a424000
[mtlr]   out: 0000010002490000 000000010a424000 00000001003ed940 0000000000000000
[mtlr]   out: 0000007700000000 0000000000004000 0000000047381c04 000000000001e489
[mtlr] resource2 sel8 flags 470 sz 0x1000 -> kr 0x00000000 rid 119 GPUVA 0x10002490000 cpu 10a424000
[mtlr]   out: 0000010002490000 000000010a424000 00000001003ed940 0000000000000000
[mtlr]   out: 0000007700000000 0000000000004000 0000000047381c05 000000000001e48a
[mtlr] resource2 sel8 flags 470 sz 0x1000 -> kr 0x00000000 rid 119 GPUVA 0x10002490000 cpu 10a424000
[mtlr]   out: 0000010002490000 000000010a424000 00000001003ed940 0000000000000000
[mtlr]   out: 0000007700000000 0000000000004000 0000000047381c06 000000000001e48b
[mtlr] resource2 sel8 flags 470 sz 0x1000 -> kr 0x00000000 rid 119 GPUVA 0x10002490000 cpu 10a424000
[mtlr]   out: 0000010002490000 000000010a424000 00000001003ed940 0000000000000000
[mtlr]   out: 0000007700000000 0000000000004000 0000000047381c07 000000000001e48c
[mtlr] resource2 sel8 flags 470 sz 0x1000 -> kr 0x00000000 rid 119 GPUVA 0x10002490000 cpu 10a424000
[mtlr]   out: 0000010002490000 000000010a424000 00000001003ed940 0000000000000000
[mtlr]   out: 0000007700000000 0000000000004000 0000000047381c08 000000000001e48d
[mtlr] resource2 sel8 flags 470 sz 0x1000 -> kr 0x00000000 rid 119 GPUVA 0x10002490000 cpu 10a424000
[mtlr]   out: 0000010002490000 000000010a424000 00000001003ed940 0000000000000000
[mtlr]   out: 0000007700000000 0000000000004000 0000000047381c09 000000000001e48e
[mtlr] resource2 sel8 flags 470 sz 0x1000 -> kr 0x00000000 rid 119 GPUVA 0x10002490000 cpu 10a424000
[mtlr]   out: 0000010002490000 000000010a424000 00000001003ed940 0000000000000000
[mtlr]   out: 0000007700000000 0000000000004000 0000000047381c0a 000000000001e48f
[mtlr] resource2 sel8 flags 470 sz 0x1000 -> kr 0x00000000 rid 119 GPUVA 0x10002490000 cpu 10a424000
[mtlr]   out: 0000010002490000 000000010a424000 00000001003ed940 0000000000000000
[mtlr]   out: 0000007700000000 0000000000004000 0000000047381c0b 000000000001e490
[mtlr] resource2 sel8 flags 470 sz 0x1000 -> kr 0x00000000 rid 119 GPUVA 0x10002490000 cpu 10a424000
[mtlr]   out: 0000010002490000 000000010a424000 00000001003ed940 0000000000000000
[mtlr]   out: 0000007700000000 0000000000004000 0000000047381c0c 000000000001e491
[mtlr] resource2 sel8 flags 470 sz 0x1000 -> kr 0x00000000 rid 119 GPUVA 0x10002490000 cpu 10a424000
[mtlr]   out: 0000010002490000 000000010a424000 00000001003ed940 0000000000000000
[mtlr]   out: 0000007700000000 0000000000004000 0000000047381c0d 000000000001e492
[mtlr] resource2 sel8 flags 470 sz 0x1000 -> kr 0x00000000 rid 119 GPUVA 0x10002490000 cpu 10a424000
[mtlr]   out: 0000010002490000 000000010a424000 00000001003ed940 0000000000000000
[mtlr]   out: 0000007700000000 0000000000004000 0000000047381c0e 000000000001e493
[mtlr] resource2 sel8 flags 470 sz 0x1000 -> kr 0x00000000 rid 119 GPUVA 0x10002490000 cpu 10a424000
[mtlr]   out: 0000010002490000 000000010a424000 00000001003ed940 0000000000000000
[mtlr]   out: 0000007700000000 0000000000004000 0000000047381c0f 000000000001e494
[mtlr] resource2 sel8 flags 470 sz 0x1000 -> kr 0x00000000 rid 119 GPUVA 0x10002490000 cpu 10a424000
[mtlr]   out: 0000010002490000 000000010a424000 00000001003ed940 0000000000000000
[mtlr]   out: 0000007700000000 0000000000004000 0000000047381c10 000000000001e495
[mtlr] resource2 sel8 flags 470 sz 0x1000 -> kr 0x00000000 rid 119 GPUVA 0x10002490000 cpu 10a424000
[mtlr]   out: 0000010002490000 000000010a424000 00000001003ed940 0000000000000000
[mtlr]   out: 0000007700000000 0000000000004000 0000000047381c11 000000000001e496
[mtlr] resource2 sel8 flags 470 sz 0x1000 -> kr 0x00000000 rid 119 GPUVA 0x10002490000 cpu 10a424000
[mtlr]   out: 0000010002490000 000000010a424000 00000001003ed940 0000000000000000
[mtlr]   out: 0000007700000000 0000000000004000 0000000047381c12 000000000001e497
[mtlr] resource2 sel8 flags 470 sz 0x1000 -> kr 0x00000000 rid 119 GPUVA 0x10002490000 cpu 10a424000
[mtlr]   out: 0000010002490000 000000010a424000 00000001003ed940 0000000000000000
[mtlr]   out: 0000007700000000 0000000000004000 0000000047381c13 000000000001e498
[mtlr] resource2 sel8 flags 470 sz 0x1000 -> kr 0x00000000 rid 119 GPUVA 0x10002490000 cpu 10a424000
[mtlr]   out: 0000010002490000 000000010a424000 00000001003ed940 0000000000000000
[mtlr]   out: 0000007700000000 0000000000004000 0000000047381c14 000000000001e499
[mtlr] resource2 sel8 flags 470 sz 0x1000 -> kr 0x00000000 rid 119 GPUVA 0x10002490000 cpu 10a424000
[mtlr]   out: 0000010002490000 000000010a424000 00000001003ed940 0000000000000000
[mtlr]   out: 0000007700000000 0000000000004000 0000000047381c15 000000000001e49a
[mtlr] resource2 sel8 flags 470 sz 0x1000 -> kr 0x00000000 rid 119 GPUVA 0x10002490000 cpu 10a424000
[mtlr]   out: 0000010002490000 000000010a424000 00000001003ed940 0000000000000000
[mtlr]   out: 0000007700000000 0000000000004000 0000000047381c16 000000000001e49b
[mtlr] resource2 sel8 flags 470 sz 0x1000 -> kr 0x00000000 rid 119 GPUVA 0x10002490000 cpu 10a424000
[mtlr]   out: 0000010002490000 000000010a424000 00000001003ed940 0000000000000000
[mtlr]   out: 0000007700000000 0000000000004000 0000000047381c17 000000000001e49c
[mtlr] resource2 sel8 flags 470 sz 0x1000 -> kr 0x00000000 rid 119 GPUVA 0x10002490000 cpu 10a424000
[mtlr]   out: 0000010002490000 000000010a424000 00000001003ed940 0000000000000000
[mtlr]   out: 0000007700000000 0000000000004000 0000000047381c18 000000000001e49d
[mtlr] resource2 sel8 flags 470 sz 0x1000 -> kr 0x00000000 rid 119 GPUVA 0x10002490000 cpu 10a424000
[mtlr]   out: 0000010002490000 000000010a424000 00000001003ed940 0000000000000000
[mtlr]   out: 0000007700000000 0000000000004000 0000000047381c19 000000000001e49e
[mtlr] resource2 sel8 flags 470 sz 0x1000 -> kr 0x00000000 rid 119 GPUVA 0x10002490000 cpu 10a424000
[mtlr]   out: 0000010002490000 000000010a424000 00000001003ed940 0000000000000000
[mtlr]   out: 0000007700000000 0000000000004000 0000000047381c1a 000000000001e49f
[mtlr] resource2 sel8 flags 470 sz 0x1000 -> kr 0x00000000 rid 119 GPUVA 0x10002490000 cpu 10a424000
[mtlr]   out: 0000010002490000 000000010a424000 00000001003ed940 0000000000000000
[mtlr]   out: 0000007700000000 0000000000004000 0000000047381c1b 000000000001e4a0
[mtlr] resource2 sel8 flags 470 sz 0x1000 -> kr 0x00000000 rid 119 GPUVA 0x10002490000 cpu 10a424000
[mtlr]   out: 0000010002490000 000000010a424000 00000001003ed940 0000000000000000
[mtlr]   out: 0000007700000000 0000000000004000 0000000047381c1c 000000000001e4a1
[mtlr] resource2 sel8 flags 470 sz 0x1000 -> kr 0x00000000 rid 119 GPUVA 0x10002490000 cpu 10a424000
[mtlr]   out: 0000010002490000 000000010a424000 00000001003ed940 0000000000000000
[mtlr]   out: 0000007700000000 0000000000004000 0000000047381c1d 000000000001e4a2
[mtlr] resource2 sel8 flags 470 sz 0x1000 -> kr 0x00000000 rid 119 GPUVA 0x10002490000 cpu 10a424000
[mtlr]   out: 0000010002490000 000000010a424000 00000001003ed940 0000000000000000
[mtlr]   out: 0000007700000000 0000000000004000 0000000047381c1e 000000000001e4a3
[mtlr] resource2 sel8 flags 470 sz 0x1000 -> kr 0x00000000 rid 119 GPUVA 0x10002490000 cpu 10a424000
[mtlr]   out: 0000010002490000 000000010a424000 00000001003ed940 0000000000000000
[mtlr]   out: 0000007700000000 0000000000004000 0000000047381c1f 000000000001e4a4
[mtlr] resource2 sel8 flags 470 sz 0x1000 -> kr 0x00000000 rid 119 GPUVA 0x10002490000 cpu 10a424000
[mtlr]   out: 0000010002490000 000000010a424000 00000001003ed940 0000000000000000
[mtlr]   out: 0000007700000000 0000000000004000 0000000047381c20 000000000001e4a5
[mtlr] resource2 sel8 flags 470 sz 0x1000 -> kr 0x00000000 rid 119 GPUVA 0x10002490000 cpu 10a424000
[mtlr]   out: 0000010002490000 000000010a424000 00000001003ed940 0000000000000000
[mtlr]   out: 0000007700000000 0000000000004000 0000000047381c21 000000000001e4a6
[uatrec] S4 r7 (+0s): nvv 8 ncb 8 vsz 0x100000 fill 0x0 destroy0 kr 0x00000000 nj 40
[uatrec] S4 r7 blit[0] slots 8 ridp 1
[uatrec] S4 r7 blit[1] slots 8 ridp 1
[uatrec] S4 r7 blit[2] slots 8 ridp 1
[uatrec] S4 r7 blit[3] slots 8 ridp 1
[uatrec] S4 r7 blit[4] slots 8 ridp 1
[uatrec] S4 r7 blit[5] slots 8 ridp 1
[uatrec] S4 r7 blit[6] slots 8 ridp 1
[uatrec] S4 r7 blit[7] slots 8 ridp 1
[mtlr] resource2 sel8 flags 470 sz 0x100000 -> kr 0x00000000 rid 119 GPUVA 0x10002490000 cpu 10a790000
[mtlr]   out: 0000010002490000 000000010a790000 00000001003ed940 0000000000000000
[mtlr]   out: 0000007700000000 0000000000100000 0000000047381c42 000000000001e4a9
[uatrec] S4 r8 victim[0] rid 119 gpuva 0x10002490000 cpu 0x10a790000 (top-of-stack)
[mtlr] resource2 sel8 flags 470 sz 0x100000 -> kr 0x00000000 rid 120 GPUVA 0x10002598000 cpu 10a890000
[mtlr]   out: 0000010002598000 000000010a890000 00000001003eda00 0000000000000000
[mtlr]   out: 0000007800000000 0000000000100000 0000000047381c43 000000000001e4aa
[uatrec] S4 r8 victim[1] rid 120 gpuva 0x10002598000 cpu 0x10a890000 (top-of-stack)
[mtlr] resource2 sel8 flags 470 sz 0x100000 -> kr 0x00000000 rid 121 GPUVA 0x100026a0000 cpu 10a990000
[mtlr]   out: 00000100026a0000 000000010a990000 00000001003edac0 0000000000000000
[mtlr]   out: 0000007900000000 0000000000100000 0000000047381c44 000000000001e4ab
[uatrec] S4 r8 victim[2] rid 121 gpuva 0x100026a0000 cpu 0x10a990000 (top-of-stack)
[mtlr] resource2 sel8 flags 470 sz 0x100000 -> kr 0x00000000 rid 122 GPUVA 0x100027a8000 cpu 10aa90000
[mtlr]   out: 00000100027a8000 000000010aa90000 00000001003edb80 0000000000000000
[mtlr]   out: 0000007a00000000 0000000000100000 0000000047381c45 000000000001e4ac
[uatrec] S4 r8 victim[3] rid 122 gpuva 0x100027a8000 cpu 0x10aa90000 (top-of-stack)
[mtlr] resource2 sel8 flags 470 sz 0x100000 -> kr 0x00000000 rid 123 GPUVA 0x100028b0000 cpu 10ab90000
[mtlr]   out: 00000100028b0000 000000010ab90000 00000001003edc40 0000000000000000
[mtlr]   out: 0000007b00000000 0000000000100000 0000000047381c46 000000000001e4ad
[uatrec] S4 r8 victim[4] rid 123 gpuva 0x100028b0000 cpu 0x10ab90000 (top-of-stack)
[mtlr] resource2 sel8 flags 470 sz 0x100000 -> kr 0x00000000 rid 124 GPUVA 0x100029b8000 cpu 10ac90000
[mtlr]   out: 00000100029b8000 000000010ac90000 00000001003edd00 0000000000000000
[mtlr]   out: 0000007c00000000 0000000000100000 0000000047381c47 000000000001e4ae
[uatrec] S4 r8 victim[5] rid 124 gpuva 0x100029b8000 cpu 0x10ac90000 (top-of-stack)
[mtlr] resource2 sel8 flags 470 sz 0x100000 -> kr 0x00000000 rid 125 GPUVA 0x10002ac0000 cpu 10ad90000
[mtlr]   out: 0000010002ac0000 000000010ad90000 00000001003eddc0 0000000000000000
[mtlr]   out: 0000007d00000000 0000000000100000 0000000047381c4f 000000000001e4af
[uatrec] S4 r8 victim[6] rid 125 gpuva 0x10002ac0000 cpu 0x10ad90000 (top-of-stack)
[mtlr] resource2 sel8 flags 470 sz 0x100000 -> kr 0x00000000 rid 126 GPUVA 0x10002bc8000 cpu 10ae90000
[mtlr]   out: 0000010002bc8000 000000010ae90000 00000001003ede80 0000000000000000
[mtlr]   out: 0000007e00000000 0000000000100000 0000000047381c50 000000000001e4b0
[uatrec] S4 r8 victim[7] rid 126 gpuva 0x10002bc8000 cpu 0x10ae90000 (top-of-stack)
[mtlr] resource2 sel8 flags 470 sz 0x1000 -> kr 0x00000000 rid 119 GPUVA 0x10002490000 cpu 10af90000
[mtlr]   out: 0000010002490000 000000010af90000 00000001003ed940 0000000000000000
[mtlr]   out: 0000007700000000 0000000000004000 0000000047381c67 000000000001e4ba
[mtlr] resource2 sel8 flags 470 sz 0x1000 -> kr 0x00000000 rid 119 GPUVA 0x10002490000 cpu 10af90000
[mtlr]   out: 0000010002490000 000000010af90000 00000001003ed940 0000000000000000
[mtlr]   out: 0000007700000000 0000000000004000 0000000047381c68 000000000001e4bb
[mtlr] resource2 sel8 flags 470 sz 0x1000 -> kr 0x00000000 rid 119 GPUVA 0x10002490000 cpu 10af90000
[mtlr]   out: 0000010002490000 000000010af90000 00000001003ed940 0000000000000000
[mtlr]   out: 0000007700000000 0000000000004000 0000000047381c69 000000000001e4bc
[mtlr] resource2 sel8 flags 470 sz 0x1000 -> kr 0x00000000 rid 119 GPUVA 0x10002490000 cpu 10af90000
[mtlr]   out: 0000010002490000 000000010af90000 00000001003ed940 0000000000000000
[mtlr]   out: 0000007700000000 0000000000004000 0000000047381c6a 000000000001e4bd
[mtlr] resource2 sel8 flags 470 sz 0x1000 -> kr 0x00000000 rid 119 GPUVA 0x10002490000 cpu 10af90000
[mtlr]   out: 0000010002490000 000000010af90000 00000001003ed940 0000000000000000
[mtlr]   out: 0000007700000000 0000000000004000 0000000047381c6b 000000000001e4be
[mtlr] resource2 sel8 flags 470 sz 0x1000 -> kr 0x00000000 rid 119 GPUVA 0x10002490000 cpu 10af90000
[mtlr]   out: 0000010002490000 000000010af90000 00000001003ed940 0000000000000000
[mtlr]   out: 0000007700000000 0000000000004000 0000000047381c6c 000000000001e4bf
[mtlr] resource2 sel8 flags 470 sz 0x1000 -> kr 0x00000000 rid 119 GPUVA 0x10002490000 cpu 10af90000
[mtlr]   out: 0000010002490000 000000010af90000 00000001003ed940 0000000000000000
[mtlr]   out: 0000007700000000 0000000000004000 0000000047381c6d 000000000001e4c0
[mtlr] resource2 sel8 flags 470 sz 0x1000 -> kr 0x00000000 rid 119 GPUVA 0x10002490000 cpu 10af90000
[mtlr]   out: 0000010002490000 000000010af90000 00000001003ed940 0000000000000000
[mtlr]   out: 0000007700000000 0000000000004000 0000000047381c6e 000000000001e4c1
[mtlr] resource2 sel8 flags 470 sz 0x1000 -> kr 0x00000000 rid 119 GPUVA 0x10002490000 cpu 10af90000
[mtlr]   out: 0000010002490000 000000010af90000 00000001003ed940 0000000000000000
[mtlr]   out: 0000007700000000 0000000000004000 0000000047381c6f 000000000001e4c2
[mtlr] resource2 sel8 flags 470 sz 0x1000 -> kr 0x00000000 rid 119 GPUVA 0x10002490000 cpu 10af90000
[mtlr]   out: 0000010002490000 000000010af90000 00000001003ed940 0000000000000000
[mtlr]   out: 0000007700000000 0000000000004000 0000000047381c70 000000000001e4c3
[mtlr] resource2 sel8 flags 470 sz 0x1000 -> kr 0x00000000 rid 119 GPUVA 0x10002490000 cpu 10af90000
[mtlr]   out: 0000010002490000 000000010af90000 00000001003ed940 0000000000000000
[mtlr]   out: 0000007700000000 0000000000004000 0000000047381c71 000000000001e4c4
[mtlr] resource2 sel8 flags 470 sz 0x1000 -> kr 0x00000000 rid 119 GPUVA 0x10002490000 cpu 10af90000
[mtlr]   out: 0000010002490000 000000010af90000 00000001003ed940 0000000000000000
[mtlr]   out: 0000007700000000 0000000000004000 0000000047381c72 000000000001e4c5
[mtlr] resource2 sel8 flags 470 sz 0x1000 -> kr 0x00000000 rid 119 GPUVA 0x10002490000 cpu 10af90000
[mtlr]   out: 0000010002490000 000000010af90000 00000001003ed940 0000000000000000
[mtlr]   out: 0000007700000000 0000000000004000 0000000047381c73 000000000001e4c6
[mtlr] resource2 sel8 flags 470 sz 0x1000 -> kr 0x00000000 rid 119 GPUVA 0x10002490000 cpu 10af90000
[mtlr]   out: 0000010002490000 000000010af90000 00000001003ed940 0000000000000000
[mtlr]   out: 0000007700000000 0000000000004000 0000000047381c74 000000000001e4c7
[mtlr] resource2 sel8 flags 470 sz 0x1000 -> kr 0x00000000 rid 119 GPUVA 0x10002490000 cpu 10af90000
[mtlr]   out: 0000010002490000 000000010af90000 00000001003ed940 0000000000000000
[mtlr]   out: 0000007700000000 0000000000004000 0000000047381c75 000000000001e4c8
[mtlr] resource2 sel8 flags 470 sz 0x1000 -> kr 0x00000000 rid 119 GPUVA 0x10002490000 cpu 10af90000
[mtlr]   out: 0000010002490000 000000010af90000 00000001003ed940 0000000000000000
[mtlr]   out: 0000007700000000 0000000000004000 0000000047381c76 000000000001e4c9
[mtlr] resource2 sel8 flags 470 sz 0x1000 -> kr 0x00000000 rid 119 GPUVA 0x10002490000 cpu 10af90000
[mtlr]   out: 0000010002490000 000000010af90000 00000001003ed940 0000000000000000
[mtlr]   out: 0000007700000000 0000000000004000 0000000047381c77 000000000001e4ca
[mtlr] resource2 sel8 flags 470 sz 0x1000 -> kr 0x00000000 rid 119 GPUVA 0x10002490000 cpu 10af90000
[mtlr]   out: 0000010002490000 000000010af90000 00000001003ed940 0000000000000000
[mtlr]   out: 0000007700000000 0000000000004000 0000000047381c78 000000000001e4cb
[mtlr] resource2 sel8 flags 470 sz 0x1000 -> kr 0x00000000 rid 119 GPUVA 0x10002490000 cpu 10af90000
[mtlr]   out: 0000010002490000 000000010af90000 00000001003ed940 0000000000000000
[mtlr]   out: 0000007700000000 0000000000004000 0000000047381c79 000000000001e4cc
[mtlr] resource2 sel8 flags 470 sz 0x1000 -> kr 0x00000000 rid 119 GPUVA 0x10002490000 cpu 10af90000
[mtlr]   out: 0000010002490000 000000010af90000 00000001003ed940 0000000000000000
[mtlr]   out: 0000007700000000 0000000000004000 0000000047381c7a 000000000001e4cd
[mtlr] resource2 sel8 flags 470 sz 0x1000 -> kr 0x00000000 rid 119 GPUVA 0x10002490000 cpu 10af90000
[mtlr]   out: 0000010002490000 000000010af90000 00000001003ed940 0000000000000000
[mtlr]   out: 0000007700000000 0000000000004000 0000000047381c7b 000000000001e4ce
[mtlr] resource2 sel8 flags 470 sz 0x1000 -> kr 0x00000000 rid 119 GPUVA 0x10002490000 cpu 10af90000
[mtlr]   out: 0000010002490000 000000010af90000 00000001003ed940 0000000000000000
[mtlr]   out: 0000007700000000 0000000000004000 0000000047381c7c 000000000001e4cf
[mtlr] resource2 sel8 flags 470 sz 0x1000 -> kr 0x00000000 rid 119 GPUVA 0x10002490000 cpu 10af90000
[mtlr]   out: 0000010002490000 000000010af90000 00000001003ed940 0000000000000000
[mtlr]   out: 0000007700000000 0000000000004000 0000000047381c7d 000000000001e4d0
[mtlr] resource2 sel8 flags 470 sz 0x1000 -> kr 0x00000000 rid 119 GPUVA 0x10002490000 cpu 10af90000
[mtlr]   out: 0000010002490000 000000010af90000 00000001003ed940 0000000000000000
[mtlr]   out: 0000007700000000 0000000000004000 0000000047381c7e 000000000001e4d1
[mtlr] resource2 sel8 flags 470 sz 0x1000 -> kr 0x00000000 rid 119 GPUVA 0x10002490000 cpu 10af90000
[mtlr]   out: 0000010002490000 000000010af90000 00000001003ed940 0000000000000000
[mtlr]   out: 0000007700000000 0000000000004000 0000000047381c7f 000000000001e4d2
[mtlr] resource2 sel8 flags 470 sz 0x1000 -> kr 0x00000000 rid 119 GPUVA 0x10002490000 cpu 10af90000
[mtlr]   out: 0000010002490000 000000010af90000 00000001003ed940 0000000000000000
[mtlr]   out: 0000007700000000 0000000000004000 0000000047381c80 000000000001e4d3
[mtlr] resource2 sel8 flags 470 sz 0x1000 -> kr 0x00000000 rid 119 GPUVA 0x10002490000 cpu 10af90000
[mtlr]   out: 0000010002490000 000000010af90000 00000001003ed940 0000000000000000
[mtlr]   out: 0000007700000000 0000000000004000 0000000047381c81 000000000001e4d4
[mtlr] resource2 sel8 flags 470 sz 0x1000 -> kr 0x00000000 rid 119 GPUVA 0x10002490000 cpu 10af90000
[mtlr]   out: 0000010002490000 000000010af90000 00000001003ed940 0000000000000000
[mtlr]   out: 0000007700000000 0000000000004000 0000000047381c82 000000000001e4d5
[mtlr] resource2 sel8 flags 470 sz 0x1000 -> kr 0x00000000 rid 119 GPUVA 0x10002490000 cpu 10af90000
[mtlr]   out: 0000010002490000 000000010af90000 00000001003ed940 0000000000000000
[mtlr]   out: 0000007700000000 0000000000004000 0000000047381c83 000000000001e4d6
[mtlr] resource2 sel8 flags 470 sz 0x1000 -> kr 0x00000000 rid 119 GPUVA 0x10002490000 cpu 10af90000
[mtlr]   out: 0000010002490000 000000010af90000 00000001003ed940 0000000000000000
[mtlr]   out: 0000007700000000 0000000000004000 0000000047381c84 000000000001e4d7
[mtlr] resource2 sel8 flags 470 sz 0x1000 -> kr 0x00000000 rid 119 GPUVA 0x10002490000 cpu 10af90000
[mtlr]   out: 0000010002490000 000000010af90000 00000001003ed940 0000000000000000
[mtlr]   out: 0000007700000000 0000000000004000 0000000047381c85 000000000001e4d8
[mtlr] resource2 sel8 flags 470 sz 0x1000 -> kr 0x00000000 rid 119 GPUVA 0x10002490000 cpu 10af90000
[mtlr]   out: 0000010002490000 000000010af90000 00000001003ed940 0000000000000000
[mtlr]   out: 0000007700000000 0000000000004000 0000000047381c86 000000000001e4d9
[mtlr] resource2 sel8 flags 470 sz 0x1000 -> kr 0x00000000 rid 119 GPUVA 0x10002490000 cpu 10af90000
[mtlr]   out: 0000010002490000 000000010af90000 00000001003ed940 0000000000000000
[mtlr]   out: 0000007700000000 0000000000004000 0000000047381c87 000000000001e4da
[mtlr] resource2 sel8 flags 470 sz 0x1000 -> kr 0x00000000 rid 119 GPUVA 0x10002490000 cpu 10af90000
[mtlr]   out: 0000010002490000 000000010af90000 00000001003ed940 0000000000000000
[mtlr]   out: 0000007700000000 0000000000004000 0000000047381c88 000000000001e4db
[mtlr] resource2 sel8 flags 470 sz 0x1000 -> kr 0x00000000 rid 119 GPUVA 0x10002490000 cpu 10af90000
[mtlr]   out: 0000010002490000 000000010af90000 00000001003ed940 0000000000000000
[mtlr]   out: 0000007700000000 0000000000004000 0000000047381c89 000000000001e4dc
[mtlr] resource2 sel8 flags 470 sz 0x1000 -> kr 0x00000000 rid 119 GPUVA 0x10002490000 cpu 10af90000
[mtlr]   out: 0000010002490000 000000010af90000 00000001003ed940 0000000000000000
[mtlr]   out: 0000007700000000 0000000000004000 0000000047381c8a 000000000001e4dd
[mtlr] resource2 sel8 flags 470 sz 0x1000 -> kr 0x00000000 rid 119 GPUVA 0x10002490000 cpu 10af90000
[mtlr]   out: 0000010002490000 000000010af90000 00000001003ed940 0000000000000000
[mtlr]   out: 0000007700000000 0000000000004000 0000000047381c8b 000000000001e4de
[mtlr] resource2 sel8 flags 470 sz 0x1000 -> kr 0x00000000 rid 119 GPUVA 0x10002490000 cpu 10af90000
[mtlr]   out: 0000010002490000 000000010af90000 00000001003ed940 0000000000000000
[mtlr]   out: 0000007700000000 0000000000004000 0000000047381c8c 000000000001e4df
[mtlr] resource2 sel8 flags 470 sz 0x1000 -> kr 0x00000000 rid 119 GPUVA 0x10002490000 cpu 10af90000
[mtlr]   out: 0000010002490000 000000010af90000 00000001003ed940 0000000000000000
[mtlr]   out: 0000007700000000 0000000000004000 0000000047381c8d 000000000001e4e0
[mtlr] resource2 sel8 flags 470 sz 0x1000 -> kr 0x00000000 rid 119 GPUVA 0x10002490000 cpu 10af90000
[mtlr]   out: 0000010002490000 000000010af90000 00000001003ed940 0000000000000000
[mtlr]   out: 0000007700000000 0000000000004000 0000000047381c8e 000000000001e4e1
[uatrec] S4 r8 (+0s): nvv 8 ncb 8 vsz 0x100000 fill 0x0 destroy0 kr 0x00000000 nj 40
[uatrec] S4 r8 blit[0] slots 8 ridp 1
[uatrec] S4 r8 blit[1] slots 8 ridp 1
[uatrec] S4 r8 blit[2] slots 8 ridp 1
[uatrec] S4 r8 blit[3] slots 8 ridp 1
[uatrec] S4 r8 blit[4] slots 8 ridp 1
[uatrec] S4 r8 blit[5] slots 8 ridp 1
[uatrec] S4 r8 blit[6] slots 8 ridp 1
[uatrec] S4 r8 blit[7] slots 8 ridp 1
[mtlr] resource2 sel8 flags 470 sz 0x100000 -> kr 0x00000000 rid 119 GPUVA 0x10002490000 cpu 10b364000
[mtlr]   out: 0000010002490000 000000010b364000 00000001003ed940 0000000000000000
[mtlr]   out: 0000007700000000 0000000000100000 0000000047381ca6 000000000001e4e4
[uatrec] S4 r9 victim[0] rid 119 gpuva 0x10002490000 cpu 0x10b364000 (top-of-stack)
[mtlr] resource2 sel8 flags 470 sz 0x100000 -> kr 0x00000000 rid 120 GPUVA 0x10002598000 cpu 10b464000
[mtlr]   out: 0000010002598000 000000010b464000 00000001003eda00 0000000000000000
[mtlr]   out: 0000007800000000 0000000000100000 0000000047381ca7 000000000001e4e5
[uatrec] S4 r9 victim[1] rid 120 gpuva 0x10002598000 cpu 0x10b464000 (top-of-stack)
[mtlr] resource2 sel8 flags 470 sz 0x100000 -> kr 0x00000000 rid 121 GPUVA 0x100026a0000 cpu 10b564000
[mtlr]   out: 00000100026a0000 000000010b564000 00000001003edac0 0000000000000000
[mtlr]   out: 0000007900000000 0000000000100000 0000000047381ca8 000000000001e4e6
[uatrec] S4 r9 victim[2] rid 121 gpuva 0x100026a0000 cpu 0x10b564000 (top-of-stack)
[mtlr] resource2 sel8 flags 470 sz 0x100000 -> kr 0x00000000 rid 122 GPUVA 0x100027a8000 cpu 10b664000
[mtlr]   out: 00000100027a8000 000000010b664000 00000001003edb80 0000000000000000
[mtlr]   out: 0000007a00000000 0000000000100000 0000000047381ca9 000000000001e4e7
[uatrec] S4 r9 victim[3] rid 122 gpuva 0x100027a8000 cpu 0x10b664000 (top-of-stack)
[mtlr] resource2 sel8 flags 470 sz 0x100000 -> kr 0x00000000 rid 123 GPUVA 0x100028b0000 cpu 108524000
[mtlr]   out: 00000100028b0000 0000000108524000 00000001003edc40 0000000000000000
[mtlr]   out: 0000007b00000000 0000000000100000 0000000047381caa 000000000001e4e8
[uatrec] S4 r9 victim[4] rid 123 gpuva 0x100028b0000 cpu 0x108524000 (top-of-stack)
[mtlr] resource2 sel8 flags 470 sz 0x100000 -> kr 0x00000000 rid 124 GPUVA 0x100029b8000 cpu 108624000
[mtlr]   out: 00000100029b8000 0000000108624000 00000001003edd00 0000000000000000
[mtlr]   out: 0000007c00000000 0000000000100000 0000000047381cab 000000000001e4e9
[uatrec] S4 r9 victim[5] rid 124 gpuva 0x100029b8000 cpu 0x108624000 (top-of-stack)
[mtlr] resource2 sel8 flags 470 sz 0x100000 -> kr 0x00000000 rid 125 GPUVA 0x10002ac0000 cpu 108724000
[mtlr]   out: 0000010002ac0000 0000000108724000 00000001003eddc0 0000000000000000
[mtlr]   out: 0000007d00000000 0000000000100000 0000000047381cac 000000000001e4ea
[uatrec] S4 r9 victim[6] rid 125 gpuva 0x10002ac0000 cpu 0x108724000 (top-of-stack)
[mtlr] resource2 sel8 flags 470 sz 0x100000 -> kr 0x00000000 rid 126 GPUVA 0x10002bc8000 cpu 108824000
[mtlr]   out: 0000010002bc8000 0000000108824000 00000001003ede80 0000000000000000
[mtlr]   out: 0000007e00000000 0000000000100000 0000000047381cb1 000000000001e4eb
[uatrec] S4 r9 victim[7] rid 126 gpuva 0x10002bc8000 cpu 0x108824000 (top-of-stack)
[mtlr] resource2 sel8 flags 470 sz 0x1000 -> kr 0x00000000 rid 119 GPUVA 0x10002490000 cpu 109224000
[mtlr]   out: 0000010002490000 0000000109224000 00000001003ed940 0000000000000000
[mtlr]   out: 0000007700000000 0000000000004000 0000000047381ccb 000000000001e4f5
[mtlr] resource2 sel8 flags 470 sz 0x1000 -> kr 0x00000000 rid 119 GPUVA 0x10002490000 cpu 109224000
[mtlr]   out: 0000010002490000 0000000109224000 00000001003ed940 0000000000000000
[mtlr]   out: 0000007700000000 0000000000004000 0000000047381ccc 000000000001e4f6
[mtlr] resource2 sel8 flags 470 sz 0x1000 -> kr 0x00000000 rid 119 GPUVA 0x10002490000 cpu 109224000
[mtlr]   out: 0000010002490000 0000000109224000 00000001003ed940 0000000000000000
[mtlr]   out: 0000007700000000 0000000000004000 0000000047381ccd 000000000001e4f7
[mtlr] resource2 sel8 flags 470 sz 0x1000 -> kr 0x00000000 rid 119 GPUVA 0x10002490000 cpu 109224000
[mtlr]   out: 0000010002490000 0000000109224000 00000001003ed940 0000000000000000
[mtlr]   out: 0000007700000000 0000000000004000 0000000047381cce 000000000001e4f8
[mtlr] resource2 sel8 flags 470 sz 0x1000 -> kr 0x00000000 rid 119 GPUVA 0x10002490000 cpu 109224000
[mtlr]   out: 0000010002490000 0000000109224000 00000001003ed940 0000000000000000
[mtlr]   out: 0000007700000000 0000000000004000 0000000047381ccf 000000000001e4f9
[mtlr] resource2 sel8 flags 470 sz 0x1000 -> kr 0x00000000 rid 119 GPUVA 0x10002490000 cpu 109224000
[mtlr]   out: 0000010002490000 0000000109224000 00000001003ed940 0000000000000000
[mtlr]   out: 0000007700000000 0000000000004000 0000000047381cd0 000000000001e4fa
[mtlr] resource2 sel8 flags 470 sz 0x1000 -> kr 0x00000000 rid 119 GPUVA 0x10002490000 cpu 109224000
[mtlr]   out: 0000010002490000 0000000109224000 00000001003ed940 0000000000000000
[mtlr]   out: 0000007700000000 0000000000004000 0000000047381cd1 000000000001e4fb
[mtlr] resource2 sel8 flags 470 sz 0x1000 -> kr 0x00000000 rid 119 GPUVA 0x10002490000 cpu 109224000
[mtlr]   out: 0000010002490000 0000000109224000 00000001003ed940 0000000000000000
[mtlr]   out: 0000007700000000 0000000000004000 0000000047381cd2 000000000001e4fc
[mtlr] resource2 sel8 flags 470 sz 0x1000 -> kr 0x00000000 rid 119 GPUVA 0x10002490000 cpu 109224000
[mtlr]   out: 0000010002490000 0000000109224000 00000001003ed940 0000000000000000
[mtlr]   out: 0000007700000000 0000000000004000 0000000047381cd3 000000000001e4fd
[mtlr] resource2 sel8 flags 470 sz 0x1000 -> kr 0x00000000 rid 119 GPUVA 0x10002490000 cpu 109224000
[mtlr]   out: 0000010002490000 0000000109224000 00000001003ed940 0000000000000000
[mtlr]   out: 0000007700000000 0000000000004000 0000000047381cd4 000000000001e4fe
[mtlr] resource2 sel8 flags 470 sz 0x1000 -> kr 0x00000000 rid 119 GPUVA 0x10002490000 cpu 109224000
[mtlr]   out: 0000010002490000 0000000109224000 00000001003ed940 0000000000000000
[mtlr]   out: 0000007700000000 0000000000004000 0000000047381cd5 000000000001e4ff
[mtlr] resource2 sel8 flags 470 sz 0x1000 -> kr 0x00000000 rid 119 GPUVA 0x10002490000 cpu 109224000
[mtlr]   out: 0000010002490000 0000000109224000 00000001003ed940 0000000000000000
[mtlr]   out: 0000007700000000 0000000000004000 0000000047381cd6 000000000001e500
[mtlr] resource2 sel8 flags 470 sz 0x1000 -> kr 0x00000000 rid 119 GPUVA 0x10002490000 cpu 109224000
[mtlr]   out: 0000010002490000 0000000109224000 00000001003ed940 0000000000000000
[mtlr]   out: 0000007700000000 0000000000004000 0000000047381cd7 000000000001e501
[mtlr] resource2 sel8 flags 470 sz 0x1000 -> kr 0x00000000 rid 119 GPUVA 0x10002490000 cpu 109224000
[mtlr]   out: 0000010002490000 0000000109224000 00000001003ed940 0000000000000000
[mtlr]   out: 0000007700000000 0000000000004000 0000000047381cd8 000000000001e502
[mtlr] resource2 sel8 flags 470 sz 0x1000 -> kr 0x00000000 rid 119 GPUVA 0x10002490000 cpu 109224000
[mtlr]   out: 0000010002490000 0000000109224000 00000001003ed940 0000000000000000
[mtlr]   out: 0000007700000000 0000000000004000 0000000047381cd9 000000000001e503
[mtlr] resource2 sel8 flags 470 sz 0x1000 -> kr 0x00000000 rid 119 GPUVA 0x10002490000 cpu 109224000
[mtlr]   out: 0000010002490000 0000000109224000 00000001003ed940 0000000000000000
[mtlr]   out: 0000007700000000 0000000000004000 0000000047381cda 000000000001e504
[mtlr] resource2 sel8 flags 470 sz 0x1000 -> kr 0x00000000 rid 119 GPUVA 0x10002490000 cpu 109224000
[mtlr]   out: 0000010002490000 0000000109224000 00000001003ed940 0000000000000000
[mtlr]   out: 0000007700000000 0000000000004000 0000000047381cdb 000000000001e505
[mtlr] resource2 sel8 flags 470 sz 0x1000 -> kr 0x00000000 rid 119 GPUVA 0x10002490000 cpu 109224000
[mtlr]   out: 0000010002490000 0000000109224000 00000001003ed940 0000000000000000
[mtlr]   out: 0000007700000000 0000000000004000 0000000047381cdc 000000000001e506
[mtlr] resource2 sel8 flags 470 sz 0x1000 -> kr 0x00000000 rid 119 GPUVA 0x10002490000 cpu 109224000
[mtlr]   out: 0000010002490000 0000000109224000 00000001003ed940 0000000000000000
[mtlr]   out: 0000007700000000 0000000000004000 0000000047381cdd 000000000001e507
[mtlr] resource2 sel8 flags 470 sz 0x1000 -> kr 0x00000000 rid 119 GPUVA 0x10002490000 cpu 109224000
[mtlr]   out: 0000010002490000 0000000109224000 00000001003ed940 0000000000000000
[mtlr]   out: 0000007700000000 0000000000004000 0000000047381cde 000000000001e508
[mtlr] resource2 sel8 flags 470 sz 0x1000 -> kr 0x00000000 rid 119 GPUVA 0x10002490000 cpu 109224000
[mtlr]   out: 0000010002490000 0000000109224000 00000001003ed940 0000000000000000
[mtlr]   out: 0000007700000000 0000000000004000 0000000047381cdf 000000000001e509
[mtlr] resource2 sel8 flags 470 sz 0x1000 -> kr 0x00000000 rid 119 GPUVA 0x10002490000 cpu 109224000
[mtlr]   out: 0000010002490000 0000000109224000 00000001003ed940 0000000000000000
[mtlr]   out: 0000007700000000 0000000000004000 0000000047381ce0 000000000001e50a
[mtlr] resource2 sel8 flags 470 sz 0x1000 -> kr 0x00000000 rid 119 GPUVA 0x10002490000 cpu 109224000
[mtlr]   out: 0000010002490000 0000000109224000 00000001003ed940 0000000000000000
[mtlr]   out: 0000007700000000 0000000000004000 0000000047381ce1 000000000001e50b
[mtlr] resource2 sel8 flags 470 sz 0x1000 -> kr 0x00000000 rid 119 GPUVA 0x10002490000 cpu 109224000
[mtlr]   out: 0000010002490000 0000000109224000 00000001003ed940 0000000000000000
[mtlr]   out: 0000007700000000 0000000000004000 0000000047381ce2 000000000001e50c
[mtlr] resource2 sel8 flags 470 sz 0x1000 -> kr 0x00000000 rid 119 GPUVA 0x10002490000 cpu 109224000
[mtlr]   out: 0000010002490000 0000000109224000 00000001003ed940 0000000000000000
[mtlr]   out: 0000007700000000 0000000000004000 0000000047381ce3 000000000001e50d
[mtlr] resource2 sel8 flags 470 sz 0x1000 -> kr 0x00000000 rid 119 GPUVA 0x10002490000 cpu 109224000
[mtlr]   out: 0000010002490000 0000000109224000 00000001003ed940 0000000000000000
[mtlr]   out: 0000007700000000 0000000000004000 0000000047381ce4 000000000001e50e
[mtlr] resource2 sel8 flags 470 sz 0x1000 -> kr 0x00000000 rid 119 GPUVA 0x10002490000 cpu 109224000
[mtlr]   out: 0000010002490000 0000000109224000 00000001003ed940 0000000000000000
[mtlr]   out: 0000007700000000 0000000000004000 0000000047381ce5 000000000001e50f
[mtlr] resource2 sel8 flags 470 sz 0x1000 -> kr 0x00000000 rid 119 GPUVA 0x10002490000 cpu 109224000
[mtlr]   out: 0000010002490000 0000000109224000 00000001003ed940 0000000000000000
[mtlr]   out: 0000007700000000 0000000000004000 0000000047381ce6 000000000001e510
[mtlr] resource2 sel8 flags 470 sz 0x1000 -> kr 0x00000000 rid 119 GPUVA 0x10002490000 cpu 109224000
[mtlr]   out: 0000010002490000 0000000109224000 00000001003ed940 0000000000000000
[mtlr]   out: 0000007700000000 0000000000004000 0000000047381ce7 000000000001e511
[mtlr] resource2 sel8 flags 470 sz 0x1000 -> kr 0x00000000 rid 119 GPUVA 0x10002490000 cpu 109224000
[mtlr]   out: 0000010002490000 0000000109224000 00000001003ed940 0000000000000000
[mtlr]   out: 0000007700000000 0000000000004000 0000000047381ce8 000000000001e512
[mtlr] resource2 sel8 flags 470 sz 0x1000 -> kr 0x00000000 rid 119 GPUVA 0x10002490000 cpu 109224000
[mtlr]   out: 0000010002490000 0000000109224000 00000001003ed940 0000000000000000
[mtlr]   out: 0000007700000000 0000000000004000 0000000047381ce9 000000000001e513
[mtlr] resource2 sel8 flags 470 sz 0x1000 -> kr 0x00000000 rid 119 GPUVA 0x10002490000 cpu 109224000
[mtlr]   out: 0000010002490000 0000000109224000 00000001003ed940 0000000000000000
[mtlr]   out: 0000007700000000 0000000000004000 0000000047381cea 000000000001e514
[mtlr] resource2 sel8 flags 470 sz 0x1000 -> kr 0x00000000 rid 119 GPUVA 0x10002490000 cpu 109224000
[mtlr]   out: 0000010002490000 0000000109224000 00000001003ed940 0000000000000000
[mtlr]   out: 0000007700000000 0000000000004000 0000000047381ceb 000000000001e515
[mtlr] resource2 sel8 flags 470 sz 0x1000 -> kr 0x00000000 rid 119 GPUVA 0x10002490000 cpu 109224000
[mtlr]   out: 0000010002490000 0000000109224000 00000001003ed940 0000000000000000
[mtlr]   out: 0000007700000000 0000000000004000 0000000047381cec 000000000001e516
[mtlr] resource2 sel8 flags 470 sz 0x1000 -> kr 0x00000000 rid 119 GPUVA 0x10002490000 cpu 109224000
[mtlr]   out: 0000010002490000 0000000109224000 00000001003ed940 0000000000000000
[mtlr]   out: 0000007700000000 0000000000004000 0000000047381ced 000000000001e517
[mtlr] resource2 sel8 flags 470 sz 0x1000 -> kr 0x00000000 rid 119 GPUVA 0x10002490000 cpu 109224000
[mtlr]   out: 0000010002490000 0000000109224000 00000001003ed940 0000000000000000
[mtlr]   out: 0000007700000000 0000000000004000 0000000047381cee 000000000001e518
[mtlr] resource2 sel8 flags 470 sz 0x1000 -> kr 0x00000000 rid 119 GPUVA 0x10002490000 cpu 109224000
[mtlr]   out: 0000010002490000 0000000109224000 00000001003ed940 0000000000000000
[mtlr]   out: 0000007700000000 0000000000004000 0000000047381cef 000000000001e519
[mtlr] resource2 sel8 flags 470 sz 0x1000 -> kr 0x00000000 rid 119 GPUVA 0x10002490000 cpu 109224000
[mtlr]   out: 0000010002490000 0000000109224000 00000001003ed940 0000000000000000
[mtlr]   out: 0000007700000000 0000000000004000 0000000047381cf0 000000000001e51a
[mtlr] resource2 sel8 flags 470 sz 0x1000 -> kr 0x00000000 rid 119 GPUVA 0x10002490000 cpu 109224000
[mtlr]   out: 0000010002490000 0000000109224000 00000001003ed940 0000000000000000
[mtlr]   out: 0000007700000000 0000000000004000 0000000047381cf1 000000000001e51b
[mtlr] resource2 sel8 flags 470 sz 0x1000 -> kr 0x00000000 rid 119 GPUVA 0x10002490000 cpu 109224000
[mtlr]   out: 0000010002490000 0000000109224000 00000001003ed940 0000000000000000
[mtlr]   out: 0000007700000000 0000000000004000 0000000047381cf2 000000000001e51c
[uatrec] S4 r9 (+0s): nvv 8 ncb 8 vsz 0x100000 fill 0x0 destroy0 kr 0x00000000 nj 40
[uatrec] S4 r9 blit[0] slots 8 ridp 1
[uatrec] S4 r9 blit[1] slots 8 ridp 1
[uatrec] S4 r9 blit[2] slots 8 ridp 1
[uatrec] S4 r9 blit[3] slots 9 ridp 1
[uatrec] S4 r9 blit[4] slots 8 ridp 1
[uatrec] S4 r9 blit[5] slots 9 ridp 1
[uatrec] S4 r9 blit[6] slots 8 ridp 1
[uatrec] S4 r9 blit[7] slots 9 ridp 1
[uatrec] S4 heartbeat: round 10 done, t=0s (alive)
[mtlr] resource2 sel8 flags 470 sz 0x100000 -> kr 0x00000000 rid 119 GPUVA 0x10002490000 cpu 109a24000
[mtlr]   out: 0000010002490000 0000000109a24000 00000001003ed940 0000000000000000
[mtlr]   out: 0000007700000000 0000000000100000 0000000047381d0a 000000000001e51f
[uatrec] S4 r10 victim[0] rid 119 gpuva 0x10002490000 cpu 0x109a24000 (top-of-stack)
[mtlr] resource2 sel8 flags 470 sz 0x100000 -> kr 0x00000000 rid 120 GPUVA 0x10002598000 cpu 109b24000
[mtlr]   out: 0000010002598000 0000000109b24000 00000001003eda00 0000000000000000
[mtlr]   out: 0000007800000000 0000000000100000 0000000047381d0b 000000000001e520
[uatrec] S4 r10 victim[1] rid 120 gpuva 0x10002598000 cpu 0x109b24000 (top-of-stack)
[mtlr] resource2 sel8 flags 470 sz 0x100000 -> kr 0x00000000 rid 121 GPUVA 0x100026a0000 cpu 109c24000
[mtlr]   out: 00000100026a0000 0000000109c24000 00000001003edac0 0000000000000000
[mtlr]   out: 0000007900000000 0000000000100000 0000000047381d0c 000000000001e521
[uatrec] S4 r10 victim[2] rid 121 gpuva 0x100026a0000 cpu 0x109c24000 (top-of-stack)
[mtlr] resource2 sel8 flags 470 sz 0x100000 -> kr 0x00000000 rid 122 GPUVA 0x100027a8000 cpu 109d24000
[mtlr]   out: 00000100027a8000 0000000109d24000 00000001003edb80 0000000000000000
[mtlr]   out: 0000007a00000000 0000000000100000 0000000047381d0d 000000000001e522
[uatrec] S4 r10 victim[3] rid 122 gpuva 0x100027a8000 cpu 0x109d24000 (top-of-stack)
[mtlr] resource2 sel8 flags 470 sz 0x100000 -> kr 0x00000000 rid 123 GPUVA 0x100028b0000 cpu 109e24000
[mtlr]   out: 00000100028b0000 0000000109e24000 00000001003edc40 0000000000000000
[mtlr]   out: 0000007b00000000 0000000000100000 0000000047381d0e 000000000001e523
[uatrec] S4 r10 victim[4] rid 123 gpuva 0x100028b0000 cpu 0x109e24000 (top-of-stack)
[mtlr] resource2 sel8 flags 470 sz 0x100000 -> kr 0x00000000 rid 124 GPUVA 0x100029b8000 cpu 109f24000
[mtlr]   out: 00000100029b8000 0000000109f24000 00000001003edd00 0000000000000000
[mtlr]   out: 0000007c00000000 0000000000100000 0000000047381d0f 000000000001e524
[uatrec] S4 r10 victim[5] rid 124 gpuva 0x100029b8000 cpu 0x109f24000 (top-of-stack)
[mtlr] resource2 sel8 flags 470 sz 0x100000 -> kr 0x00000000 rid 125 GPUVA 0x10002ac0000 cpu 10a024000
[mtlr]   out: 0000010002ac0000 000000010a024000 00000001003eddc0 0000000000000000
[mtlr]   out: 0000007d00000000 0000000000100000 0000000047381d10 000000000001e525
[uatrec] S4 r10 victim[6] rid 125 gpuva 0x10002ac0000 cpu 0x10a024000 (top-of-stack)
[mtlr] resource2 sel8 flags 470 sz 0x100000 -> kr 0x00000000 rid 126 GPUVA 0x10002bc8000 cpu 108524000
[mtlr]   out: 0000010002bc8000 0000000108524000 00000001003ede80 0000000000000000
[mtlr]   out: 0000007e00000000 0000000000100000 0000000047381d11 000000000001e526
[uatrec] S4 r10 victim[7] rid 126 gpuva 0x10002bc8000 cpu 0x108524000 (top-of-stack)
[mtlr] resource2 sel8 flags 470 sz 0x1000 -> kr 0x00000000 rid 119 GPUVA 0x10002490000 cpu 10a424000
[mtlr]   out: 0000010002490000 000000010a424000 00000001003ed940 0000000000000000
[mtlr]   out: 0000007700000000 0000000000004000 0000000047381d2f 000000000001e530
[mtlr] resource2 sel8 flags 470 sz 0x1000 -> kr 0x00000000 rid 119 GPUVA 0x10002490000 cpu 10a424000
[mtlr]   out: 0000010002490000 000000010a424000 00000001003ed940 0000000000000000
[mtlr]   out: 0000007700000000 0000000000004000 0000000047381d30 000000000001e531
[mtlr] resource2 sel8 flags 470 sz 0x1000 -> kr 0x00000000 rid 119 GPUVA 0x10002490000 cpu 10a424000
[mtlr]   out: 0000010002490000 000000010a424000 00000001003ed940 0000000000000000
[mtlr]   out: 0000007700000000 0000000000004000 0000000047381d31 000000000001e532
[mtlr] resource2 sel8 flags 470 sz 0x1000 -> kr 0x00000000 rid 119 GPUVA 0x10002490000 cpu 10a424000
[mtlr]   out: 0000010002490000 000000010a424000 00000001003ed940 0000000000000000
[mtlr]   out: 0000007700000000 0000000000004000 0000000047381d32 000000000001e533
[mtlr] resource2 sel8 flags 470 sz 0x1000 -> kr 0x00000000 rid 119 GPUVA 0x10002490000 cpu 10a424000
[mtlr]   out: 0000010002490000 000000010a424000 00000001003ed940 0000000000000000
[mtlr]   out: 0000007700000000 0000000000004000 0000000047381d33 000000000001e534
[mtlr] resource2 sel8 flags 470 sz 0x1000 -> kr 0x00000000 rid 119 GPUVA 0x10002490000 cpu 10a424000
[mtlr]   out: 0000010002490000 000000010a424000 00000001003ed940 0000000000000000
[mtlr]   out: 0000007700000000 0000000000004000 0000000047381d34 000000000001e535
[mtlr] resource2 sel8 flags 470 sz 0x1000 -> kr 0x00000000 rid 119 GPUVA 0x10002490000 cpu 10a424000
[mtlr]   out: 0000010002490000 000000010a424000 00000001003ed940 0000000000000000
[mtlr]   out: 0000007700000000 0000000000004000 0000000047381d35 000000000001e536
[mtlr] resource2 sel8 flags 470 sz 0x1000 -> kr 0x00000000 rid 119 GPUVA 0x10002490000 cpu 10a424000
[mtlr]   out: 0000010002490000 000000010a424000 00000001003ed940 0000000000000000
[mtlr]   out: 0000007700000000 0000000000004000 0000000047381d36 000000000001e537
[mtlr] resource2 sel8 flags 470 sz 0x1000 -> kr 0x00000000 rid 119 GPUVA 0x10002490000 cpu 10a424000
[mtlr]   out: 0000010002490000 000000010a424000 00000001003ed940 0000000000000000
[mtlr]   out: 0000007700000000 0000000000004000 0000000047381d37 000000000001e538
[mtlr] resource2 sel8 flags 470 sz 0x1000 -> kr 0x00000000 rid 119 GPUVA 0x10002490000 cpu 10a424000
[mtlr]   out: 0000010002490000 000000010a424000 00000001003ed940 0000000000000000
[mtlr]   out: 0000007700000000 0000000000004000 0000000047381d38 000000000001e539
[mtlr] resource2 sel8 flags 470 sz 0x1000 -> kr 0x00000000 rid 119 GPUVA 0x10002490000 cpu 10a424000
[mtlr]   out: 0000010002490000 000000010a424000 00000001003ed940 0000000000000000
[mtlr]   out: 0000007700000000 0000000000004000 0000000047381d39 000000000001e53a
[mtlr] resource2 sel8 flags 470 sz 0x1000 -> kr 0x00000000 rid 119 GPUVA 0x10002490000 cpu 10a424000
[mtlr]   out: 0000010002490000 000000010a424000 00000001003ed940 0000000000000000
[mtlr]   out: 0000007700000000 0000000000004000 0000000047381d3a 000000000001e53b
[mtlr] resource2 sel8 flags 470 sz 0x1000 -> kr 0x00000000 rid 119 GPUVA 0x10002490000 cpu 10a424000
[mtlr]   out: 0000010002490000 000000010a424000 00000001003ed940 0000000000000000
[mtlr]   out: 0000007700000000 0000000000004000 0000000047381d3b 000000000001e53c
[mtlr] resource2 sel8 flags 470 sz 0x1000 -> kr 0x00000000 rid 119 GPUVA 0x10002490000 cpu 10a424000
[mtlr]   out: 0000010002490000 000000010a424000 00000001003ed940 0000000000000000
[mtlr]   out: 0000007700000000 0000000000004000 0000000047381d3c 000000000001e53d
[mtlr] resource2 sel8 flags 470 sz 0x1000 -> kr 0x00000000 rid 119 GPUVA 0x10002490000 cpu 10a424000
[mtlr]   out: 0000010002490000 000000010a424000 00000001003ed940 0000000000000000
[mtlr]   out: 0000007700000000 0000000000004000 0000000047381d3d 000000000001e53e
[mtlr] resource2 sel8 flags 470 sz 0x1000 -> kr 0x00000000 rid 119 GPUVA 0x10002490000 cpu 10a424000
[mtlr]   out: 0000010002490000 000000010a424000 00000001003ed940 0000000000000000
[mtlr]   out: 0000007700000000 0000000000004000 0000000047381d3e 000000000001e53f
[mtlr] resource2 sel8 flags 470 sz 0x1000 -> kr 0x00000000 rid 119 GPUVA 0x10002490000 cpu 10a424000
[mtlr]   out: 0000010002490000 000000010a424000 00000001003ed940 0000000000000000
[mtlr]   out: 0000007700000000 0000000000004000 0000000047381d3f 000000000001e540
[mtlr] resource2 sel8 flags 470 sz 0x1000 -> kr 0x00000000 rid 119 GPUVA 0x10002490000 cpu 10a424000
[mtlr]   out: 0000010002490000 000000010a424000 00000001003ed940 0000000000000000
[mtlr]   out: 0000007700000000 0000000000004000 0000000047381d40 000000000001e541
[mtlr] resource2 sel8 flags 470 sz 0x1000 -> kr 0x00000000 rid 119 GPUVA 0x10002490000 cpu 10a424000
[mtlr]   out: 0000010002490000 000000010a424000 00000001003ed940 0000000000000000
[mtlr]   out: 0000007700000000 0000000000004000 0000000047381d41 000000000001e542
[mtlr] resource2 sel8 flags 470 sz 0x1000 -> kr 0x00000000 rid 119 GPUVA 0x10002490000 cpu 10a424000
[mtlr]   out: 0000010002490000 000000010a424000 00000001003ed940 0000000000000000
[mtlr]   out: 0000007700000000 0000000000004000 0000000047381d42 000000000001e543
[mtlr] resource2 sel8 flags 470 sz 0x1000 -> kr 0x00000000 rid 119 GPUVA 0x10002490000 cpu 10a424000
[mtlr]   out: 0000010002490000 000000010a424000 00000001003ed940 0000000000000000
[mtlr]   out: 0000007700000000 0000000000004000 0000000047381d43 000000000001e544
[mtlr] resource2 sel8 flags 470 sz 0x1000 -> kr 0x00000000 rid 119 GPUVA 0x10002490000 cpu 10a424000
[mtlr]   out: 0000010002490000 000000010a424000 00000001003ed940 0000000000000000
[mtlr]   out: 0000007700000000 0000000000004000 0000000047381d44 000000000001e545
[mtlr] resource2 sel8 flags 470 sz 0x1000 -> kr 0x00000000 rid 119 GPUVA 0x10002490000 cpu 10a424000
[mtlr]   out: 0000010002490000 000000010a424000 00000001003ed940 0000000000000000
[mtlr]   out: 0000007700000000 0000000000004000 0000000047381d45 000000000001e546
[mtlr] resource2 sel8 flags 470 sz 0x1000 -> kr 0x00000000 rid 119 GPUVA 0x10002490000 cpu 10a424000
[mtlr]   out: 0000010002490000 000000010a424000 00000001003ed940 0000000000000000
[mtlr]   out: 0000007700000000 0000000000004000 0000000047381d46 000000000001e547
[mtlr] resource2 sel8 flags 470 sz 0x1000 -> kr 0x00000000 rid 119 GPUVA 0x10002490000 cpu 10a424000
[mtlr]   out: 0000010002490000 000000010a424000 00000001003ed940 0000000000000000
[mtlr]   out: 0000007700000000 0000000000004000 0000000047381d47 000000000001e548
[mtlr] resource2 sel8 flags 470 sz 0x1000 -> kr 0x00000000 rid 119 GPUVA 0x10002490000 cpu 10a424000
[mtlr]   out: 0000010002490000 000000010a424000 00000001003ed940 0000000000000000
[mtlr]   out: 0000007700000000 0000000000004000 0000000047381d48 000000000001e549
[mtlr] resource2 sel8 flags 470 sz 0x1000 -> kr 0x00000000 rid 119 GPUVA 0x10002490000 cpu 10a424000
[mtlr]   out: 0000010002490000 000000010a424000 00000001003ed940 0000000000000000
[mtlr]   out: 0000007700000000 0000000000004000 0000000047381d49 000000000001e54a
[mtlr] resource2 sel8 flags 470 sz 0x1000 -> kr 0x00000000 rid 119 GPUVA 0x10002490000 cpu 10a424000
[mtlr]   out: 0000010002490000 000000010a424000 00000001003ed940 0000000000000000
[mtlr]   out: 0000007700000000 0000000000004000 0000000047381d4a 000000000001e54b
[mtlr] resource2 sel8 flags 470 sz 0x1000 -> kr 0x00000000 rid 119 GPUVA 0x10002490000 cpu 10a424000
[mtlr]   out: 0000010002490000 000000010a424000 00000001003ed940 0000000000000000
[mtlr]   out: 0000007700000000 0000000000004000 0000000047381d4b 000000000001e54c
[mtlr] resource2 sel8 flags 470 sz 0x1000 -> kr 0x00000000 rid 119 GPUVA 0x10002490000 cpu 10a424000
[mtlr]   out: 0000010002490000 000000010a424000 00000001003ed940 0000000000000000
[mtlr]   out: 0000007700000000 0000000000004000 0000000047381d4c 000000000001e54d
[mtlr] resource2 sel8 flags 470 sz 0x1000 -> kr 0x00000000 rid 119 GPUVA 0x10002490000 cpu 10a424000
[mtlr]   out: 0000010002490000 000000010a424000 00000001003ed940 0000000000000000
[mtlr]   out: 0000007700000000 0000000000004000 0000000047381d4d 000000000001e54e
[mtlr] resource2 sel8 flags 470 sz 0x1000 -> kr 0x00000000 rid 119 GPUVA 0x10002490000 cpu 10a424000
[mtlr]   out: 0000010002490000 000000010a424000 00000001003ed940 0000000000000000
[mtlr]   out: 0000007700000000 0000000000004000 0000000047381d4e 000000000001e54f
[mtlr] resource2 sel8 flags 470 sz 0x1000 -> kr 0x00000000 rid 119 GPUVA 0x10002490000 cpu 10a424000
[mtlr]   out: 0000010002490000 000000010a424000 00000001003ed940 0000000000000000
[mtlr]   out: 0000007700000000 0000000000004000 0000000047381d4f 000000000001e550
[mtlr] resource2 sel8 flags 470 sz 0x1000 -> kr 0x00000000 rid 119 GPUVA 0x10002490000 cpu 10a424000
[mtlr]   out: 0000010002490000 000000010a424000 00000001003ed940 0000000000000000
[mtlr]   out: 0000007700000000 0000000000004000 0000000047381d50 000000000001e551
[mtlr] resource2 sel8 flags 470 sz 0x1000 -> kr 0x00000000 rid 119 GPUVA 0x10002490000 cpu 10a424000
[mtlr]   out: 0000010002490000 000000010a424000 00000001003ed940 0000000000000000
[mtlr]   out: 0000007700000000 0000000000004000 0000000047381d51 000000000001e552
[mtlr] resource2 sel8 flags 470 sz 0x1000 -> kr 0x00000000 rid 119 GPUVA 0x10002490000 cpu 10a424000
[mtlr]   out: 0000010002490000 000000010a424000 00000001003ed940 0000000000000000
[mtlr]   out: 0000007700000000 0000000000004000 0000000047381d52 000000000001e553
[mtlr] resource2 sel8 flags 470 sz 0x1000 -> kr 0x00000000 rid 119 GPUVA 0x10002490000 cpu 10a424000
[mtlr]   out: 0000010002490000 000000010a424000 00000001003ed940 0000000000000000
[mtlr]   out: 0000007700000000 0000000000004000 0000000047381d53 000000000001e554
[mtlr] resource2 sel8 flags 470 sz 0x1000 -> kr 0x00000000 rid 119 GPUVA 0x10002490000 cpu 10a424000
[mtlr]   out: 0000010002490000 000000010a424000 00000001003ed940 0000000000000000
[mtlr]   out: 0000007700000000 0000000000004000 0000000047381d54 000000000001e555
[mtlr] resource2 sel8 flags 470 sz 0x1000 -> kr 0x00000000 rid 119 GPUVA 0x10002490000 cpu 10a424000
[mtlr]   out: 0000010002490000 000000010a424000 00000001003ed940 0000000000000000
[mtlr]   out: 0000007700000000 0000000000004000 0000000047381d55 000000000001e556
[mtlr] resource2 sel8 flags 470 sz 0x1000 -> kr 0x00000000 rid 119 GPUVA 0x10002490000 cpu 10a424000
[mtlr]   out: 0000010002490000 000000010a424000 00000001003ed940 0000000000000000
[mtlr]   out: 0000007700000000 0000000000004000 0000000047381d56 000000000001e557
[uatrec] S4 r10 (+0s): nvv 8 ncb 8 vsz 0x100000 fill 0x0 destroy0 kr 0x00000000 nj 40
[uatrec] S4 r10 blit[0] slots 8 ridp 1
[uatrec] S4 r10 blit[1] slots 8 ridp 1
[uatrec] S4 r10 blit[2] slots 8 ridp 1
[uatrec] S4 r10 blit[3] slots 8 ridp 1
[uatrec] S4 r10 blit[4] slots 8 ridp 1
[uatrec] S4 r10 blit[5] slots 8 ridp 1
[uatrec] S4 r10 blit[6] slots 8 ridp 1
[uatrec] S4 r10 blit[7] slots 8 ridp 1
[mtlr] resource2 sel8 flags 470 sz 0x100000 -> kr 0x00000000 rid 119 GPUVA 0x10002490000 cpu 108524000
[mtlr]   out: 0000010002490000 0000000108524000 00000001003ed940 0000000000000000
[mtlr]   out: 0000007700000000 0000000000100000 0000000047381d6e 000000000001e55a
[uatrec] S4 r11 victim[0] rid 119 gpuva 0x10002490000 cpu 0x108524000 (top-of-stack)
[mtlr] resource2 sel8 flags 470 sz 0x100000 -> kr 0x00000000 rid 120 GPUVA 0x10002598000 cpu 108624000
[mtlr]   out: 0000010002598000 0000000108624000 00000001003eda00 0000000000000000
[mtlr]   out: 0000007800000000 0000000000100000 0000000047381d6f 000000000001e55b
[uatrec] S4 r11 victim[1] rid 120 gpuva 0x10002598000 cpu 0x108624000 (top-of-stack)
[mtlr] resource2 sel8 flags 470 sz 0x100000 -> kr 0x00000000 rid 121 GPUVA 0x100026a0000 cpu 109724000
[mtlr]   out: 00000100026a0000 0000000109724000 00000001003edac0 0000000000000000
[mtlr]   out: 0000007900000000 0000000000100000 0000000047381d70 000000000001e55c
[uatrec] S4 r11 victim[2] rid 121 gpuva 0x100026a0000 cpu 0x109724000 (top-of-stack)
[mtlr] resource2 sel8 flags 470 sz 0x100000 -> kr 0x00000000 rid 122 GPUVA 0x100027a8000 cpu 109824000
[mtlr]   out: 00000100027a8000 0000000109824000 00000001003edb80 0000000000000000
[mtlr]   out: 0000007a00000000 0000000000100000 0000000047381d71 000000000001e55d
[uatrec] S4 r11 victim[3] rid 122 gpuva 0x100027a8000 cpu 0x109824000 (top-of-stack)
[mtlr] resource2 sel8 flags 470 sz 0x100000 -> kr 0x00000000 rid 123 GPUVA 0x100028b0000 cpu 109924000
[mtlr]   out: 00000100028b0000 0000000109924000 00000001003edc40 0000000000000000
[mtlr]   out: 0000007b00000000 0000000000100000 0000000047381d79 000000000001e55e
[uatrec] S4 r11 victim[4] rid 123 gpuva 0x100028b0000 cpu 0x109924000 (top-of-stack)
[mtlr] resource2 sel8 flags 470 sz 0x100000 -> kr 0x00000000 rid 124 GPUVA 0x100029b8000 cpu 109a24000
[mtlr]   out: 00000100029b8000 0000000109a24000 00000001003edd00 0000000000000000
[mtlr]   out: 0000007c00000000 0000000000100000 0000000047381d7a 000000000001e55f
[uatrec] S4 r11 victim[5] rid 124 gpuva 0x100029b8000 cpu 0x109a24000 (top-of-stack)
[mtlr] resource2 sel8 flags 470 sz 0x100000 -> kr 0x00000000 rid 125 GPUVA 0x10002ac0000 cpu 109b24000
[mtlr]   out: 0000010002ac0000 0000000109b24000 00000001003eddc0 0000000000000000
[mtlr]   out: 0000007d00000000 0000000000100000 0000000047381d7b 000000000001e560
[uatrec] S4 r11 victim[6] rid 125 gpuva 0x10002ac0000 cpu 0x109b24000 (top-of-stack)
[mtlr] resource2 sel8 flags 470 sz 0x100000 -> kr 0x00000000 rid 126 GPUVA 0x10002bc8000 cpu 109c24000
[mtlr]   out: 0000010002bc8000 0000000109c24000 00000001003ede80 0000000000000000
[mtlr]   out: 0000007e00000000 0000000000100000 0000000047381d7c 000000000001e561
[uatrec] S4 r11 victim[7] rid 126 gpuva 0x10002bc8000 cpu 0x109c24000 (top-of-stack)
[mtlr] resource2 sel8 flags 470 sz 0x1000 -> kr 0x00000000 rid 119 GPUVA 0x10002490000 cpu 10a424000
[mtlr]   out: 0000010002490000 000000010a424000 00000001003ed940 0000000000000000
[mtlr]   out: 0000007700000000 0000000000004000 0000000047381d93 000000000001e56b
[mtlr] resource2 sel8 flags 470 sz 0x1000 -> kr 0x00000000 rid 119 GPUVA 0x10002490000 cpu 10a424000
[mtlr]   out: 0000010002490000 000000010a424000 00000001003ed940 0000000000000000
[mtlr]   out: 0000007700000000 0000000000004000 0000000047381d94 000000000001e56c
[mtlr] resource2 sel8 flags 470 sz 0x1000 -> kr 0x00000000 rid 119 GPUVA 0x10002490000 cpu 10a424000
[mtlr]   out: 0000010002490000 000000010a424000 00000001003ed940 0000000000000000
[mtlr]   out: 0000007700000000 0000000000004000 0000000047381d95 000000000001e56d
[mtlr] resource2 sel8 flags 470 sz 0x1000 -> kr 0x00000000 rid 119 GPUVA 0x10002490000 cpu 10a424000
[mtlr]   out: 0000010002490000 000000010a424000 00000001003ed940 0000000000000000
[mtlr]   out: 0000007700000000 0000000000004000 0000000047381d96 000000000001e56e
[mtlr] resource2 sel8 flags 470 sz 0x1000 -> kr 0x00000000 rid 119 GPUVA 0x10002490000 cpu 10a424000
[mtlr]   out: 0000010002490000 000000010a424000 00000001003ed940 0000000000000000
[mtlr]   out: 0000007700000000 0000000000004000 0000000047381d97 000000000001e56f
[mtlr] resource2 sel8 flags 470 sz 0x1000 -> kr 0x00000000 rid 119 GPUVA 0x10002490000 cpu 10a424000
[mtlr]   out: 0000010002490000 000000010a424000 00000001003ed940 0000000000000000
[mtlr]   out: 0000007700000000 0000000000004000 0000000047381d98 000000000001e570
[mtlr] resource2 sel8 flags 470 sz 0x1000 -> kr 0x00000000 rid 119 GPUVA 0x10002490000 cpu 10a424000
[mtlr]   out: 0000010002490000 000000010a424000 00000001003ed940 0000000000000000
[mtlr]   out: 0000007700000000 0000000000004000 0000000047381d99 000000000001e571
[mtlr] resource2 sel8 flags 470 sz 0x1000 -> kr 0x00000000 rid 119 GPUVA 0x10002490000 cpu 10a424000
[mtlr]   out: 0000010002490000 000000010a424000 00000001003ed940 0000000000000000
[mtlr]   out: 0000007700000000 0000000000004000 0000000047381d9a 000000000001e572
[mtlr] resource2 sel8 flags 470 sz 0x1000 -> kr 0x00000000 rid 119 GPUVA 0x10002490000 cpu 10a424000
[mtlr]   out: 0000010002490000 000000010a424000 00000001003ed940 0000000000000000
[mtlr]   out: 0000007700000000 0000000000004000 0000000047381d9b 000000000001e573
[mtlr] resource2 sel8 flags 470 sz 0x1000 -> kr 0x00000000 rid 119 GPUVA 0x10002490000 cpu 10a424000
[mtlr]   out: 0000010002490000 000000010a424000 00000001003ed940 0000000000000000
[mtlr]   out: 0000007700000000 0000000000004000 0000000047381d9c 000000000001e574
[mtlr] resource2 sel8 flags 470 sz 0x1000 -> kr 0x00000000 rid 119 GPUVA 0x10002490000 cpu 10a424000
[mtlr]   out: 0000010002490000 000000010a424000 00000001003ed940 0000000000000000
[mtlr]   out: 0000007700000000 0000000000004000 0000000047381d9d 000000000001e575
[mtlr] resource2 sel8 flags 470 sz 0x1000 -> kr 0x00000000 rid 119 GPUVA 0x10002490000 cpu 10a424000
[mtlr]   out: 0000010002490000 000000010a424000 00000001003ed940 0000000000000000
[mtlr]   out: 0000007700000000 0000000000004000 0000000047381d9e 000000000001e576
[mtlr] resource2 sel8 flags 470 sz 0x1000 -> kr 0x00000000 rid 119 GPUVA 0x10002490000 cpu 10a424000
[mtlr]   out: 0000010002490000 000000010a424000 00000001003ed940 0000000000000000
[mtlr]   out: 0000007700000000 0000000000004000 0000000047381d9f 000000000001e577
[mtlr] resource2 sel8 flags 470 sz 0x1000 -> kr 0x00000000 rid 119 GPUVA 0x10002490000 cpu 10a424000
[mtlr]   out: 0000010002490000 000000010a424000 00000001003ed940 0000000000000000
[mtlr]   out: 0000007700000000 0000000000004000 0000000047381da0 000000000001e578
[mtlr] resource2 sel8 flags 470 sz 0x1000 -> kr 0x00000000 rid 119 GPUVA 0x10002490000 cpu 10a424000
[mtlr]   out: 0000010002490000 000000010a424000 00000001003ed940 0000000000000000
[mtlr]   out: 0000007700000000 0000000000004000 0000000047381da1 000000000001e579
[mtlr] resource2 sel8 flags 470 sz 0x1000 -> kr 0x00000000 rid 119 GPUVA 0x10002490000 cpu 10a424000
[mtlr]   out: 0000010002490000 000000010a424000 00000001003ed940 0000000000000000
[mtlr]   out: 0000007700000000 0000000000004000 0000000047381da2 000000000001e57a
[mtlr] resource2 sel8 flags 470 sz 0x1000 -> kr 0x00000000 rid 119 GPUVA 0x10002490000 cpu 10a424000
[mtlr]   out: 0000010002490000 000000010a424000 00000001003ed940 0000000000000000
[mtlr]   out: 0000007700000000 0000000000004000 0000000047381da3 000000000001e57b
[mtlr] resource2 sel8 flags 470 sz 0x1000 -> kr 0x00000000 rid 119 GPUVA 0x10002490000 cpu 10a424000
[mtlr]   out: 0000010002490000 000000010a424000 00000001003ed940 0000000000000000
[mtlr]   out: 0000007700000000 0000000000004000 0000000047381da4 000000000001e57c
[mtlr] resource2 sel8 flags 470 sz 0x1000 -> kr 0x00000000 rid 119 GPUVA 0x10002490000 cpu 10a424000
[mtlr]   out: 0000010002490000 000000010a424000 00000001003ed940 0000000000000000
[mtlr]   out: 0000007700000000 0000000000004000 0000000047381da5 000000000001e57d
[mtlr] resource2 sel8 flags 470 sz 0x1000 -> kr 0x00000000 rid 119 GPUVA 0x10002490000 cpu 10a424000
[mtlr]   out: 0000010002490000 000000010a424000 00000001003ed940 0000000000000000
[mtlr]   out: 0000007700000000 0000000000004000 0000000047381da6 000000000001e57e
[mtlr] resource2 sel8 flags 470 sz 0x1000 -> kr 0x00000000 rid 119 GPUVA 0x10002490000 cpu 10a424000
[mtlr]   out: 0000010002490000 000000010a424000 00000001003ed940 0000000000000000
[mtlr]   out: 0000007700000000 0000000000004000 0000000047381da7 000000000001e57f
[mtlr] resource2 sel8 flags 470 sz 0x1000 -> kr 0x00000000 rid 119 GPUVA 0x10002490000 cpu 10a424000
[mtlr]   out: 0000010002490000 000000010a424000 00000001003ed940 0000000000000000
[mtlr]   out: 0000007700000000 0000000000004000 0000000047381da8 000000000001e580
[mtlr] resource2 sel8 flags 470 sz 0x1000 -> kr 0x00000000 rid 119 GPUVA 0x10002490000 cpu 10a424000
[mtlr]   out: 0000010002490000 000000010a424000 00000001003ed940 0000000000000000
[mtlr]   out: 0000007700000000 0000000000004000 0000000047381da9 000000000001e581
[mtlr] resource2 sel8 flags 470 sz 0x1000 -> kr 0x00000000 rid 119 GPUVA 0x10002490000 cpu 10a424000
[mtlr]   out: 0000010002490000 000000010a424000 00000001003ed940 0000000000000000
[mtlr]   out: 0000007700000000 0000000000004000 0000000047381daa 000000000001e582
[mtlr] resource2 sel8 flags 470 sz 0x1000 -> kr 0x00000000 rid 119 GPUVA 0x10002490000 cpu 10a424000
[mtlr]   out: 0000010002490000 000000010a424000 00000001003ed940 0000000000000000
[mtlr]   out: 0000007700000000 0000000000004000 0000000047381dab 000000000001e583
[mtlr] resource2 sel8 flags 470 sz 0x1000 -> kr 0x00000000 rid 119 GPUVA 0x10002490000 cpu 10a424000
[mtlr]   out: 0000010002490000 000000010a424000 00000001003ed940 0000000000000000
[mtlr]   out: 0000007700000000 0000000000004000 0000000047381dac 000000000001e584
[mtlr] resource2 sel8 flags 470 sz 0x1000 -> kr 0x00000000 rid 119 GPUVA 0x10002490000 cpu 10a424000
[mtlr]   out: 0000010002490000 000000010a424000 00000001003ed940 0000000000000000
[mtlr]   out: 0000007700000000 0000000000004000 0000000047381dad 000000000001e585
[mtlr] resource2 sel8 flags 470 sz 0x1000 -> kr 0x00000000 rid 119 GPUVA 0x10002490000 cpu 10a424000
[mtlr]   out: 0000010002490000 000000010a424000 00000001003ed940 0000000000000000
[mtlr]   out: 0000007700000000 0000000000004000 0000000047381dae 000000000001e586
[mtlr] resource2 sel8 flags 470 sz 0x1000 -> kr 0x00000000 rid 119 GPUVA 0x10002490000 cpu 10a424000
[mtlr]   out: 0000010002490000 000000010a424000 00000001003ed940 0000000000000000
[mtlr]   out: 0000007700000000 0000000000004000 0000000047381daf 000000000001e587
[mtlr] resource2 sel8 flags 470 sz 0x1000 -> kr 0x00000000 rid 119 GPUVA 0x10002490000 cpu 10a424000
[mtlr]   out: 0000010002490000 000000010a424000 00000001003ed940 0000000000000000
[mtlr]   out: 0000007700000000 0000000000004000 0000000047381db0 000000000001e588
[mtlr] resource2 sel8 flags 470 sz 0x1000 -> kr 0x00000000 rid 119 GPUVA 0x10002490000 cpu 10a424000
[mtlr]   out: 0000010002490000 000000010a424000 00000001003ed940 0000000000000000
[mtlr]   out: 0000007700000000 0000000000004000 0000000047381db1 000000000001e589
[mtlr] resource2 sel8 flags 470 sz 0x1000 -> kr 0x00000000 rid 119 GPUVA 0x10002490000 cpu 10a424000
[mtlr]   out: 0000010002490000 000000010a424000 00000001003ed940 0000000000000000
[mtlr]   out: 0000007700000000 0000000000004000 0000000047381db2 000000000001e58a
[mtlr] resource2 sel8 flags 470 sz 0x1000 -> kr 0x00000000 rid 119 GPUVA 0x10002490000 cpu 10a424000
[mtlr]   out: 0000010002490000 000000010a424000 00000001003ed940 0000000000000000
[mtlr]   out: 0000007700000000 0000000000004000 0000000047381db3 000000000001e58b
[mtlr] resource2 sel8 flags 470 sz 0x1000 -> kr 0x00000000 rid 119 GPUVA 0x10002490000 cpu 10a424000
[mtlr]   out: 0000010002490000 000000010a424000 00000001003ed940 0000000000000000
[mtlr]   out: 0000007700000000 0000000000004000 0000000047381db4 000000000001e58c
[mtlr] resource2 sel8 flags 470 sz 0x1000 -> kr 0x00000000 rid 119 GPUVA 0x10002490000 cpu 10a424000
[mtlr]   out: 0000010002490000 000000010a424000 00000001003ed940 0000000000000000
[mtlr]   out: 0000007700000000 0000000000004000 0000000047381db5 000000000001e58d
[mtlr] resource2 sel8 flags 470 sz 0x1000 -> kr 0x00000000 rid 119 GPUVA 0x10002490000 cpu 10a424000
[mtlr]   out: 0000010002490000 000000010a424000 00000001003ed940 0000000000000000
[mtlr]   out: 0000007700000000 0000000000004000 0000000047381db6 000000000001e58e
[mtlr] resource2 sel8 flags 470 sz 0x1000 -> kr 0x00000000 rid 119 GPUVA 0x10002490000 cpu 10a424000
[mtlr]   out: 0000010002490000 000000010a424000 00000001003ed940 0000000000000000
[mtlr]   out: 0000007700000000 0000000000004000 0000000047381db7 000000000001e58f
[mtlr] resource2 sel8 flags 470 sz 0x1000 -> kr 0x00000000 rid 119 GPUVA 0x10002490000 cpu 10a424000
[mtlr]   out: 0000010002490000 000000010a424000 00000001003ed940 0000000000000000
[mtlr]   out: 0000007700000000 0000000000004000 0000000047381db8 000000000001e590
[mtlr] resource2 sel8 flags 470 sz 0x1000 -> kr 0x00000000 rid 119 GPUVA 0x10002490000 cpu 10a424000
[mtlr]   out: 0000010002490000 000000010a424000 00000001003ed940 0000000000000000
[mtlr]   out: 0000007700000000 0000000000004000 0000000047381db9 000000000001e591
[mtlr] resource2 sel8 flags 470 sz 0x1000 -> kr 0x00000000 rid 119 GPUVA 0x10002490000 cpu 10a424000
[mtlr]   out: 0000010002490000 000000010a424000 00000001003ed940 0000000000000000
[mtlr]   out: 0000007700000000 0000000000004000 0000000047381dba 000000000001e592
[uatrec] S4 r11 (+0s): nvv 8 ncb 8 vsz 0x100000 fill 0x0 destroy0 kr 0x00000000 nj 40
[uatrec] S4 r11 blit[0] slots 8 ridp 1
[uatrec] S4 r11 blit[1] slots 8 ridp 1
[uatrec] S4 r11 blit[2] slots 8 ridp 1
[uatrec] S4 r11 blit[3] slots 8 ridp 1
[uatrec] S4 r11 blit[4] slots 8 ridp 1
[uatrec] S4 r11 blit[5] slots 8 ridp 1
[uatrec] S4 r11 blit[6] slots 8 ridp 1
[uatrec] S4 r11 blit[7] slots 8 ridp 1
[mtlr] resource2 sel8 flags 470 sz 0x100000 -> kr 0x00000000 rid 119 GPUVA 0x10002490000 cpu 109e24000
[mtlr]   out: 0000010002490000 0000000109e24000 00000001003ed940 0000000000000000
[mtlr]   out: 0000007700000000 0000000000100000 0000000047381dd2 000000000001e595
[uatrec] S4 r12 victim[0] rid 119 gpuva 0x10002490000 cpu 0x109e24000 (top-of-stack)
[mtlr] resource2 sel8 flags 470 sz 0x100000 -> kr 0x00000000 rid 120 GPUVA 0x10002598000 cpu 109f24000
[mtlr]   out: 0000010002598000 0000000109f24000 00000001003eda00 0000000000000000
[mtlr]   out: 0000007800000000 0000000000100000 0000000047381dd3 000000000001e596
[uatrec] S4 r12 victim[1] rid 120 gpuva 0x10002598000 cpu 0x109f24000 (top-of-stack)
[mtlr] resource2 sel8 flags 470 sz 0x100000 -> kr 0x00000000 rid 121 GPUVA 0x100026a0000 cpu 10a024000
[mtlr]   out: 00000100026a0000 000000010a024000 00000001003edac0 0000000000000000
[mtlr]   out: 0000007900000000 0000000000100000 0000000047381dd4 000000000001e597
[uatrec] S4 r12 victim[2] rid 121 gpuva 0x100026a0000 cpu 0x10a024000 (top-of-stack)
[mtlr] resource2 sel8 flags 470 sz 0x100000 -> kr 0x00000000 rid 122 GPUVA 0x100027a8000 cpu 10a124000
[mtlr]   out: 00000100027a8000 000000010a124000 00000001003edb80 0000000000000000
[mtlr]   out: 0000007a00000000 0000000000100000 0000000047381dd5 000000000001e598
[uatrec] S4 r12 victim[3] rid 122 gpuva 0x100027a8000 cpu 0x10a124000 (top-of-stack)
[mtlr] resource2 sel8 flags 470 sz 0x100000 -> kr 0x00000000 rid 123 GPUVA 0x100028b0000 cpu 108724000
[mtlr]   out: 00000100028b0000 0000000108724000 00000001003edc40 0000000000000000
[mtlr]   out: 0000007b00000000 0000000000100000 0000000047381dd6 000000000001e599
[uatrec] S4 r12 victim[4] rid 123 gpuva 0x100028b0000 cpu 0x108724000 (top-of-stack)
[mtlr] resource2 sel8 flags 470 sz 0x100000 -> kr 0x00000000 rid 124 GPUVA 0x100029b8000 cpu 108824000
[mtlr]   out: 00000100029b8000 0000000108824000 00000001003edd00 0000000000000000
[mtlr]   out: 0000007c00000000 0000000000100000 0000000047381dd7 000000000001e59a
[uatrec] S4 r12 victim[5] rid 124 gpuva 0x100029b8000 cpu 0x108824000 (top-of-stack)
[mtlr] resource2 sel8 flags 470 sz 0x100000 -> kr 0x00000000 rid 125 GPUVA 0x10002ac0000 cpu 108524000
[mtlr]   out: 0000010002ac0000 0000000108524000 00000001003eddc0 0000000000000000
[mtlr]   out: 0000007d00000000 0000000000100000 0000000047381dd8 000000000001e59b
[uatrec] S4 r12 victim[6] rid 125 gpuva 0x10002ac0000 cpu 0x108524000 (top-of-stack)
[mtlr] resource2 sel8 flags 470 sz 0x100000 -> kr 0x00000000 rid 126 GPUVA 0x10002bc8000 cpu 108624000
[mtlr]   out: 0000010002bc8000 0000000108624000 00000001003ede80 0000000000000000
[mtlr]   out: 0000007e00000000 0000000000100000 0000000047381dd9 000000000001e59c
[uatrec] S4 r12 victim[7] rid 126 gpuva 0x10002bc8000 cpu 0x108624000 (top-of-stack)
[mtlr] resource2 sel8 flags 470 sz 0x1000 -> kr 0x00000000 rid 119 GPUVA 0x10002490000 cpu 109224000
[mtlr]   out: 0000010002490000 0000000109224000 00000001003ed940 0000000000000000
[mtlr]   out: 0000007700000000 0000000000004000 0000000047381df7 000000000001e5a6
[mtlr] resource2 sel8 flags 470 sz 0x1000 -> kr 0x00000000 rid 119 GPUVA 0x10002490000 cpu 109224000
[mtlr]   out: 0000010002490000 0000000109224000 00000001003ed940 0000000000000000
[mtlr]   out: 0000007700000000 0000000000004000 0000000047381df8 000000000001e5a7
[mtlr] resource2 sel8 flags 470 sz 0x1000 -> kr 0x00000000 rid 119 GPUVA 0x10002490000 cpu 109224000
[mtlr]   out: 0000010002490000 0000000109224000 00000001003ed940 0000000000000000
[mtlr]   out: 0000007700000000 0000000000004000 0000000047381df9 000000000001e5a8
[mtlr] resource2 sel8 flags 470 sz 0x1000 -> kr 0x00000000 rid 119 GPUVA 0x10002490000 cpu 109224000
[mtlr]   out: 0000010002490000 0000000109224000 00000001003ed940 0000000000000000
[mtlr]   out: 0000007700000000 0000000000004000 0000000047381dfa 000000000001e5a9
[mtlr] resource2 sel8 flags 470 sz 0x1000 -> kr 0x00000000 rid 119 GPUVA 0x10002490000 cpu 109224000
[mtlr]   out: 0000010002490000 0000000109224000 00000001003ed940 0000000000000000
[mtlr]   out: 0000007700000000 0000000000004000 0000000047381dfb 000000000001e5aa
[mtlr] resource2 sel8 flags 470 sz 0x1000 -> kr 0x00000000 rid 119 GPUVA 0x10002490000 cpu 109224000
[mtlr]   out: 0000010002490000 0000000109224000 00000001003ed940 0000000000000000
[mtlr]   out: 0000007700000000 0000000000004000 0000000047381dfc 000000000001e5ab
[mtlr] resource2 sel8 flags 470 sz 0x1000 -> kr 0x00000000 rid 119 GPUVA 0x10002490000 cpu 109224000
[mtlr]   out: 0000010002490000 0000000109224000 00000001003ed940 0000000000000000
[mtlr]   out: 0000007700000000 0000000000004000 0000000047381dfd 000000000001e5ac
[mtlr] resource2 sel8 flags 470 sz 0x1000 -> kr 0x00000000 rid 119 GPUVA 0x10002490000 cpu 109224000
[mtlr]   out: 0000010002490000 0000000109224000 00000001003ed940 0000000000000000
[mtlr]   out: 0000007700000000 0000000000004000 0000000047381dfe 000000000001e5ad
[mtlr] resource2 sel8 flags 470 sz 0x1000 -> kr 0x00000000 rid 119 GPUVA 0x10002490000 cpu 109224000
[mtlr]   out: 0000010002490000 0000000109224000 00000001003ed940 0000000000000000
[mtlr]   out: 0000007700000000 0000000000004000 0000000047381dff 000000000001e5ae
[mtlr] resource2 sel8 flags 470 sz 0x1000 -> kr 0x00000000 rid 119 GPUVA 0x10002490000 cpu 109224000
[mtlr]   out: 0000010002490000 0000000109224000 00000001003ed940 0000000000000000
[mtlr]   out: 0000007700000000 0000000000004000 0000000047381e00 000000000001e5af
[mtlr] resource2 sel8 flags 470 sz 0x1000 -> kr 0x00000000 rid 119 GPUVA 0x10002490000 cpu 109224000
[mtlr]   out: 0000010002490000 0000000109224000 00000001003ed940 0000000000000000
[mtlr]   out: 0000007700000000 0000000000004000 0000000047381e01 000000000001e5b0
[mtlr] resource2 sel8 flags 470 sz 0x1000 -> kr 0x00000000 rid 119 GPUVA 0x10002490000 cpu 109224000
[mtlr]   out: 0000010002490000 0000000109224000 00000001003ed940 0000000000000000
[mtlr]   out: 0000007700000000 0000000000004000 0000000047381e02 000000000001e5b1
[mtlr] resource2 sel8 flags 470 sz 0x1000 -> kr 0x00000000 rid 119 GPUVA 0x10002490000 cpu 109224000
[mtlr]   out: 0000010002490000 0000000109224000 00000001003ed940 0000000000000000
[mtlr]   out: 0000007700000000 0000000000004000 0000000047381e03 000000000001e5b2
[mtlr] resource2 sel8 flags 470 sz 0x1000 -> kr 0x00000000 rid 119 GPUVA 0x10002490000 cpu 109224000
[mtlr]   out: 0000010002490000 0000000109224000 00000001003ed940 0000000000000000
[mtlr]   out: 0000007700000000 0000000000004000 0000000047381e04 000000000001e5b3
[mtlr] resource2 sel8 flags 470 sz 0x1000 -> kr 0x00000000 rid 119 GPUVA 0x10002490000 cpu 109224000
[mtlr]   out: 0000010002490000 0000000109224000 00000001003ed940 0000000000000000
[mtlr]   out: 0000007700000000 0000000000004000 0000000047381e05 000000000001e5b4
[mtlr] resource2 sel8 flags 470 sz 0x1000 -> kr 0x00000000 rid 119 GPUVA 0x10002490000 cpu 109224000
[mtlr]   out: 0000010002490000 0000000109224000 00000001003ed940 0000000000000000
[mtlr]   out: 0000007700000000 0000000000004000 0000000047381e06 000000000001e5b5
[mtlr] resource2 sel8 flags 470 sz 0x1000 -> kr 0x00000000 rid 119 GPUVA 0x10002490000 cpu 109224000
[mtlr]   out: 0000010002490000 0000000109224000 00000001003ed940 0000000000000000
[mtlr]   out: 0000007700000000 0000000000004000 0000000047381e07 000000000001e5b6
[mtlr] resource2 sel8 flags 470 sz 0x1000 -> kr 0x00000000 rid 119 GPUVA 0x10002490000 cpu 109224000
[mtlr]   out: 0000010002490000 0000000109224000 00000001003ed940 0000000000000000
[mtlr]   out: 0000007700000000 0000000000004000 0000000047381e08 000000000001e5b7
[mtlr] resource2 sel8 flags 470 sz 0x1000 -> kr 0x00000000 rid 119 GPUVA 0x10002490000 cpu 109224000
[mtlr]   out: 0000010002490000 0000000109224000 00000001003ed940 0000000000000000
[mtlr]   out: 0000007700000000 0000000000004000 0000000047381e09 000000000001e5b8
[mtlr] resource2 sel8 flags 470 sz 0x1000 -> kr 0x00000000 rid 119 GPUVA 0x10002490000 cpu 109224000
[mtlr]   out: 0000010002490000 0000000109224000 00000001003ed940 0000000000000000
[mtlr]   out: 0000007700000000 0000000000004000 0000000047381e0a 000000000001e5b9
[mtlr] resource2 sel8 flags 470 sz 0x1000 -> kr 0x00000000 rid 119 GPUVA 0x10002490000 cpu 109224000
[mtlr]   out: 0000010002490000 0000000109224000 00000001003ed940 0000000000000000
[mtlr]   out: 0000007700000000 0000000000004000 0000000047381e0b 000000000001e5ba
[mtlr] resource2 sel8 flags 470 sz 0x1000 -> kr 0x00000000 rid 119 GPUVA 0x10002490000 cpu 109224000
[mtlr]   out: 0000010002490000 0000000109224000 00000001003ed940 0000000000000000
[mtlr]   out: 0000007700000000 0000000000004000 0000000047381e0c 000000000001e5bb
[mtlr] resource2 sel8 flags 470 sz 0x1000 -> kr 0x00000000 rid 119 GPUVA 0x10002490000 cpu 109224000
[mtlr]   out: 0000010002490000 0000000109224000 00000001003ed940 0000000000000000
[mtlr]   out: 0000007700000000 0000000000004000 0000000047381e0d 000000000001e5bc
[mtlr] resource2 sel8 flags 470 sz 0x1000 -> kr 0x00000000 rid 119 GPUVA 0x10002490000 cpu 109224000
[mtlr]   out: 0000010002490000 0000000109224000 00000001003ed940 0000000000000000
[mtlr]   out: 0000007700000000 0000000000004000 0000000047381e0e 000000000001e5bd
[mtlr] resource2 sel8 flags 470 sz 0x1000 -> kr 0x00000000 rid 119 GPUVA 0x10002490000 cpu 109224000
[mtlr]   out: 0000010002490000 0000000109224000 00000001003ed940 0000000000000000
[mtlr]   out: 0000007700000000 0000000000004000 0000000047381e0f 000000000001e5be
[mtlr] resource2 sel8 flags 470 sz 0x1000 -> kr 0x00000000 rid 119 GPUVA 0x10002490000 cpu 109224000
[mtlr]   out: 0000010002490000 0000000109224000 00000001003ed940 0000000000000000
[mtlr]   out: 0000007700000000 0000000000004000 0000000047381e10 000000000001e5bf
[mtlr] resource2 sel8 flags 470 sz 0x1000 -> kr 0x00000000 rid 119 GPUVA 0x10002490000 cpu 109224000
[mtlr]   out: 0000010002490000 0000000109224000 00000001003ed940 0000000000000000
[mtlr]   out: 0000007700000000 0000000000004000 0000000047381e11 000000000001e5c0
[mtlr] resource2 sel8 flags 470 sz 0x1000 -> kr 0x00000000 rid 119 GPUVA 0x10002490000 cpu 109224000
[mtlr]   out: 0000010002490000 0000000109224000 00000001003ed940 0000000000000000
[mtlr]   out: 0000007700000000 0000000000004000 0000000047381e12 000000000001e5c1
[mtlr] resource2 sel8 flags 470 sz 0x1000 -> kr 0x00000000 rid 119 GPUVA 0x10002490000 cpu 109224000
[mtlr]   out: 0000010002490000 0000000109224000 00000001003ed940 0000000000000000
[mtlr]   out: 0000007700000000 0000000000004000 0000000047381e13 000000000001e5c2
[mtlr] resource2 sel8 flags 470 sz 0x1000 -> kr 0x00000000 rid 119 GPUVA 0x10002490000 cpu 109224000
[mtlr]   out: 0000010002490000 0000000109224000 00000001003ed940 0000000000000000
[mtlr]   out: 0000007700000000 0000000000004000 0000000047381e14 000000000001e5c3
[mtlr] resource2 sel8 flags 470 sz 0x1000 -> kr 0x00000000 rid 119 GPUVA 0x10002490000 cpu 109224000
[mtlr]   out: 0000010002490000 0000000109224000 00000001003ed940 0000000000000000
[mtlr]   out: 0000007700000000 0000000000004000 0000000047381e15 000000000001e5c4
[mtlr] resource2 sel8 flags 470 sz 0x1000 -> kr 0x00000000 rid 119 GPUVA 0x10002490000 cpu 109224000
[mtlr]   out: 0000010002490000 0000000109224000 00000001003ed940 0000000000000000
[mtlr]   out: 0000007700000000 0000000000004000 0000000047381e16 000000000001e5c5
[mtlr] resource2 sel8 flags 470 sz 0x1000 -> kr 0x00000000 rid 119 GPUVA 0x10002490000 cpu 109224000
[mtlr]   out: 0000010002490000 0000000109224000 00000001003ed940 0000000000000000
[mtlr]   out: 0000007700000000 0000000000004000 0000000047381e17 000000000001e5c6
[mtlr] resource2 sel8 flags 470 sz 0x1000 -> kr 0x00000000 rid 119 GPUVA 0x10002490000 cpu 109224000
[mtlr]   out: 0000010002490000 0000000109224000 00000001003ed940 0000000000000000
[mtlr]   out: 0000007700000000 0000000000004000 0000000047381e18 000000000001e5c7
[mtlr] resource2 sel8 flags 470 sz 0x1000 -> kr 0x00000000 rid 119 GPUVA 0x10002490000 cpu 109224000
[mtlr]   out: 0000010002490000 0000000109224000 00000001003ed940 0000000000000000
[mtlr]   out: 0000007700000000 0000000000004000 0000000047381e19 000000000001e5c8
[mtlr] resource2 sel8 flags 470 sz 0x1000 -> kr 0x00000000 rid 119 GPUVA 0x10002490000 cpu 109224000
[mtlr]   out: 0000010002490000 0000000109224000 00000001003ed940 0000000000000000
[mtlr]   out: 0000007700000000 0000000000004000 0000000047381e1a 000000000001e5c9
[mtlr] resource2 sel8 flags 470 sz 0x1000 -> kr 0x00000000 rid 119 GPUVA 0x10002490000 cpu 109224000
[mtlr]   out: 0000010002490000 0000000109224000 00000001003ed940 0000000000000000
[mtlr]   out: 0000007700000000 0000000000004000 0000000047381e1b 000000000001e5ca
[mtlr] resource2 sel8 flags 470 sz 0x1000 -> kr 0x00000000 rid 119 GPUVA 0x10002490000 cpu 109224000
[mtlr]   out: 0000010002490000 0000000109224000 00000001003ed940 0000000000000000
[mtlr]   out: 0000007700000000 0000000000004000 0000000047381e1c 000000000001e5cb
[mtlr] resource2 sel8 flags 470 sz 0x1000 -> kr 0x00000000 rid 119 GPUVA 0x10002490000 cpu 109224000
[mtlr]   out: 0000010002490000 0000000109224000 00000001003ed940 0000000000000000
[mtlr]   out: 0000007700000000 0000000000004000 0000000047381e1d 000000000001e5cc
[mtlr] resource2 sel8 flags 470 sz 0x1000 -> kr 0x00000000 rid 119 GPUVA 0x10002490000 cpu 109224000
[mtlr]   out: 0000010002490000 0000000109224000 00000001003ed940 0000000000000000
[mtlr]   out: 0000007700000000 0000000000004000 0000000047381e1e 000000000001e5cd
[uatrec] S4 r12 (+0s): nvv 8 ncb 8 vsz 0x100000 fill 0x0 destroy0 kr 0x00000000 nj 40
[uatrec] S4 r12 blit[0] slots 9 ridp 1
[uatrec] S4 r12 blit[1] slots 8 ridp 1
[uatrec] S4 r12 blit[2] slots 8 ridp 1
[uatrec] S4 r12 blit[3] slots 8 ridp 1
[uatrec] S4 r12 blit[4] slots 8 ridp 1
[uatrec] S4 r12 blit[5] slots 8 ridp 1
[uatrec] S4 r12 blit[6] slots 8 ridp 1
[uatrec] S4 r12 blit[7] slots 8 ridp 1
[mtlr] resource2 sel8 flags 470 sz 0x100000 -> kr 0x00000000 rid 119 GPUVA 0x10002490000 cpu 109a24000
[mtlr]   out: 0000010002490000 0000000109a24000 00000001003ed940 0000000000000000
[mtlr]   out: 0000007700000000 0000000000100000 0000000047381e36 000000000001e5d0
[uatrec] S4 r13 victim[0] rid 119 gpuva 0x10002490000 cpu 0x109a24000 (top-of-stack)
[mtlr] resource2 sel8 flags 470 sz 0x100000 -> kr 0x00000000 rid 120 GPUVA 0x10002598000 cpu 109b24000
[mtlr]   out: 0000010002598000 0000000109b24000 00000001003eda00 0000000000000000
[mtlr]   out: 0000007800000000 0000000000100000 0000000047381e37 000000000001e5d1
[uatrec] S4 r13 victim[1] rid 120 gpuva 0x10002598000 cpu 0x109b24000 (top-of-stack)
[mtlr] resource2 sel8 flags 470 sz 0x100000 -> kr 0x00000000 rid 121 GPUVA 0x100026a0000 cpu 109c24000
[mtlr]   out: 00000100026a0000 0000000109c24000 00000001003edac0 0000000000000000
[mtlr]   out: 0000007900000000 0000000000100000 0000000047381e38 000000000001e5d2
[uatrec] S4 r13 victim[2] rid 121 gpuva 0x100026a0000 cpu 0x109c24000 (top-of-stack)
[mtlr] resource2 sel8 flags 470 sz 0x100000 -> kr 0x00000000 rid 122 GPUVA 0x100027a8000 cpu 109d24000
[mtlr]   out: 00000100027a8000 0000000109d24000 00000001003edb80 0000000000000000
[mtlr]   out: 0000007a00000000 0000000000100000 0000000047381e39 000000000001e5d3
[uatrec] S4 r13 victim[3] rid 122 gpuva 0x100027a8000 cpu 0x109d24000 (top-of-stack)
[mtlr] resource2 sel8 flags 470 sz 0x100000 -> kr 0x00000000 rid 123 GPUVA 0x100028b0000 cpu 10a224000
[mtlr]   out: 00000100028b0000 000000010a224000 00000001003edc40 0000000000000000
[mtlr]   out: 0000007b00000000 0000000000100000 0000000047381e3a 000000000001e5d4
[uatrec] S4 r13 victim[4] rid 123 gpuva 0x100028b0000 cpu 0x10a224000 (top-of-stack)
[mtlr] resource2 sel8 flags 470 sz 0x100000 -> kr 0x00000000 rid 124 GPUVA 0x100029b8000 cpu 10a324000
[mtlr]   out: 00000100029b8000 000000010a324000 00000001003edd00 0000000000000000
[mtlr]   out: 0000007c00000000 0000000000100000 0000000047381e3b 000000000001e5d5
[uatrec] S4 r13 victim[5] rid 124 gpuva 0x100029b8000 cpu 0x10a324000 (top-of-stack)
[mtlr] resource2 sel8 flags 470 sz 0x100000 -> kr 0x00000000 rid 125 GPUVA 0x10002ac0000 cpu 109e24000
[mtlr]   out: 0000010002ac0000 0000000109e24000 00000001003eddc0 0000000000000000
[mtlr]   out: 0000007d00000000 0000000000100000 0000000047381e3c 000000000001e5d6
[uatrec] S4 r13 victim[6] rid 125 gpuva 0x10002ac0000 cpu 0x109e24000 (top-of-stack)
[mtlr] resource2 sel8 flags 470 sz 0x100000 -> kr 0x00000000 rid 126 GPUVA 0x10002bc8000 cpu 108524000
[mtlr]   out: 0000010002bc8000 0000000108524000 00000001003ede80 0000000000000000
[mtlr]   out: 0000007e00000000 0000000000100000 0000000047381e3e 000000000001e5d7
[uatrec] S4 r13 victim[7] rid 126 gpuva 0x10002bc8000 cpu 0x108524000 (top-of-stack)
[mtlr] resource2 sel8 flags 470 sz 0x1000 -> kr 0x00000000 rid 119 GPUVA 0x10002490000 cpu 10a424000
[mtlr]   out: 0000010002490000 000000010a424000 00000001003ed940 0000000000000000
[mtlr]   out: 0000007700000000 0000000000004000 0000000047381e5b 000000000001e5e1
[mtlr] resource2 sel8 flags 470 sz 0x1000 -> kr 0x00000000 rid 119 GPUVA 0x10002490000 cpu 10a424000
[mtlr]   out: 0000010002490000 000000010a424000 00000001003ed940 0000000000000000
[mtlr]   out: 0000007700000000 0000000000004000 0000000047381e5c 000000000001e5e2
[mtlr] resource2 sel8 flags 470 sz 0x1000 -> kr 0x00000000 rid 119 GPUVA 0x10002490000 cpu 10a424000
[mtlr]   out: 0000010002490000 000000010a424000 00000001003ed940 0000000000000000
[mtlr]   out: 0000007700000000 0000000000004000 0000000047381e5d 000000000001e5e3
[mtlr] resource2 sel8 flags 470 sz 0x1000 -> kr 0x00000000 rid 119 GPUVA 0x10002490000 cpu 10a424000
[mtlr]   out: 0000010002490000 000000010a424000 00000001003ed940 0000000000000000
[mtlr]   out: 0000007700000000 0000000000004000 0000000047381e5e 000000000001e5e4
[mtlr] resource2 sel8 flags 470 sz 0x1000 -> kr 0x00000000 rid 119 GPUVA 0x10002490000 cpu 10a424000
[mtlr]   out: 0000010002490000 000000010a424000 00000001003ed940 0000000000000000
[mtlr]   out: 0000007700000000 0000000000004000 0000000047381e5f 000000000001e5e5
[mtlr] resource2 sel8 flags 470 sz 0x1000 -> kr 0x00000000 rid 119 GPUVA 0x10002490000 cpu 10a424000
[mtlr]   out: 0000010002490000 000000010a424000 00000001003ed940 0000000000000000
[mtlr]   out: 0000007700000000 0000000000004000 0000000047381e60 000000000001e5e6
[mtlr] resource2 sel8 flags 470 sz 0x1000 -> kr 0x00000000 rid 119 GPUVA 0x10002490000 cpu 10a424000
[mtlr]   out: 0000010002490000 000000010a424000 00000001003ed940 0000000000000000
[mtlr]   out: 0000007700000000 0000000000004000 0000000047381e61 000000000001e5e7
[mtlr] resource2 sel8 flags 470 sz 0x1000 -> kr 0x00000000 rid 119 GPUVA 0x10002490000 cpu 10a424000
[mtlr]   out: 0000010002490000 000000010a424000 00000001003ed940 0000000000000000
[mtlr]   out: 0000007700000000 0000000000004000 0000000047381e62 000000000001e5e8
[mtlr] resource2 sel8 flags 470 sz 0x1000 -> kr 0x00000000 rid 119 GPUVA 0x10002490000 cpu 10a424000
[mtlr]   out: 0000010002490000 000000010a424000 00000001003ed940 0000000000000000
[mtlr]   out: 0000007700000000 0000000000004000 0000000047381e63 000000000001e5e9
[mtlr] resource2 sel8 flags 470 sz 0x1000 -> kr 0x00000000 rid 119 GPUVA 0x10002490000 cpu 10a424000
[mtlr]   out: 0000010002490000 000000010a424000 00000001003ed940 0000000000000000
[mtlr]   out: 0000007700000000 0000000000004000 0000000047381e64 000000000001e5ea
[mtlr] resource2 sel8 flags 470 sz 0x1000 -> kr 0x00000000 rid 119 GPUVA 0x10002490000 cpu 10a424000
[mtlr]   out: 0000010002490000 000000010a424000 00000001003ed940 0000000000000000
[mtlr]   out: 0000007700000000 0000000000004000 0000000047381e65 000000000001e5eb
[mtlr] resource2 sel8 flags 470 sz 0x1000 -> kr 0x00000000 rid 119 GPUVA 0x10002490000 cpu 10a424000
[mtlr]   out: 0000010002490000 000000010a424000 00000001003ed940 0000000000000000
[mtlr]   out: 0000007700000000 0000000000004000 0000000047381e66 000000000001e5ec
[mtlr] resource2 sel8 flags 470 sz 0x1000 -> kr 0x00000000 rid 119 GPUVA 0x10002490000 cpu 10a424000
[mtlr]   out: 0000010002490000 000000010a424000 00000001003ed940 0000000000000000
[mtlr]   out: 0000007700000000 0000000000004000 0000000047381e67 000000000001e5ed
[mtlr] resource2 sel8 flags 470 sz 0x1000 -> kr 0x00000000 rid 119 GPUVA 0x10002490000 cpu 10a424000
[mtlr]   out: 0000010002490000 000000010a424000 00000001003ed940 0000000000000000
[mtlr]   out: 0000007700000000 0000000000004000 0000000047381e68 000000000001e5ee
[mtlr] resource2 sel8 flags 470 sz 0x1000 -> kr 0x00000000 rid 119 GPUVA 0x10002490000 cpu 10a424000
[mtlr]   out: 0000010002490000 000000010a424000 00000001003ed940 0000000000000000
[mtlr]   out: 0000007700000000 0000000000004000 0000000047381e69 000000000001e5ef
[mtlr] resource2 sel8 flags 470 sz 0x1000 -> kr 0x00000000 rid 119 GPUVA 0x10002490000 cpu 10a424000
[mtlr]   out: 0000010002490000 000000010a424000 00000001003ed940 0000000000000000
[mtlr]   out: 0000007700000000 0000000000004000 0000000047381e6a 000000000001e5f0
[mtlr] resource2 sel8 flags 470 sz 0x1000 -> kr 0x00000000 rid 119 GPUVA 0x10002490000 cpu 10a424000
[mtlr]   out: 0000010002490000 000000010a424000 00000001003ed940 0000000000000000
[mtlr]   out: 0000007700000000 0000000000004000 0000000047381e6b 000000000001e5f1
[mtlr] resource2 sel8 flags 470 sz 0x1000 -> kr 0x00000000 rid 119 GPUVA 0x10002490000 cpu 10a424000
[mtlr]   out: 0000010002490000 000000010a424000 00000001003ed940 0000000000000000
[mtlr]   out: 0000007700000000 0000000000004000 0000000047381e6c 000000000001e5f2
[mtlr] resource2 sel8 flags 470 sz 0x1000 -> kr 0x00000000 rid 119 GPUVA 0x10002490000 cpu 10a424000
[mtlr]   out: 0000010002490000 000000010a424000 00000001003ed940 0000000000000000
[mtlr]   out: 0000007700000000 0000000000004000 0000000047381e6d 000000000001e5f3
[mtlr] resource2 sel8 flags 470 sz 0x1000 -> kr 0x00000000 rid 119 GPUVA 0x10002490000 cpu 10a424000
[mtlr]   out: 0000010002490000 000000010a424000 00000001003ed940 0000000000000000
[mtlr]   out: 0000007700000000 0000000000004000 0000000047381e6e 000000000001e5f4
[mtlr] resource2 sel8 flags 470 sz 0x1000 -> kr 0x00000000 rid 119 GPUVA 0x10002490000 cpu 10a424000
[mtlr]   out: 0000010002490000 000000010a424000 00000001003ed940 0000000000000000
[mtlr]   out: 0000007700000000 0000000000004000 0000000047381e6f 000000000001e5f5
[mtlr] resource2 sel8 flags 470 sz 0x1000 -> kr 0x00000000 rid 119 GPUVA 0x10002490000 cpu 10a424000
[mtlr]   out: 0000010002490000 000000010a424000 00000001003ed940 0000000000000000
[mtlr]   out: 0000007700000000 0000000000004000 0000000047381e70 000000000001e5f6
[mtlr] resource2 sel8 flags 470 sz 0x1000 -> kr 0x00000000 rid 119 GPUVA 0x10002490000 cpu 10a424000
[mtlr]   out: 0000010002490000 000000010a424000 00000001003ed940 0000000000000000
[mtlr]   out: 0000007700000000 0000000000004000 0000000047381e71 000000000001e5f7
[mtlr] resource2 sel8 flags 470 sz 0x1000 -> kr 0x00000000 rid 119 GPUVA 0x10002490000 cpu 10a424000
[mtlr]   out: 0000010002490000 000000010a424000 00000001003ed940 0000000000000000
[mtlr]   out: 0000007700000000 0000000000004000 0000000047381e72 000000000001e5f8
[mtlr] resource2 sel8 flags 470 sz 0x1000 -> kr 0x00000000 rid 119 GPUVA 0x10002490000 cpu 10a424000
[mtlr]   out: 0000010002490000 000000010a424000 00000001003ed940 0000000000000000
[mtlr]   out: 0000007700000000 0000000000004000 0000000047381e73 000000000001e5f9
[mtlr] resource2 sel8 flags 470 sz 0x1000 -> kr 0x00000000 rid 119 GPUVA 0x10002490000 cpu 10a424000
[mtlr]   out: 0000010002490000 000000010a424000 00000001003ed940 0000000000000000
[mtlr]   out: 0000007700000000 0000000000004000 0000000047381e74 000000000001e5fa
[mtlr] resource2 sel8 flags 470 sz 0x1000 -> kr 0x00000000 rid 119 GPUVA 0x10002490000 cpu 10a424000
[mtlr]   out: 0000010002490000 000000010a424000 00000001003ed940 0000000000000000
[mtlr]   out: 0000007700000000 0000000000004000 0000000047381e75 000000000001e5fb
[mtlr] resource2 sel8 flags 470 sz 0x1000 -> kr 0x00000000 rid 119 GPUVA 0x10002490000 cpu 10a424000
[mtlr]   out: 0000010002490000 000000010a424000 00000001003ed940 0000000000000000
[mtlr]   out: 0000007700000000 0000000000004000 0000000047381e76 000000000001e5fc
[mtlr] resource2 sel8 flags 470 sz 0x1000 -> kr 0x00000000 rid 119 GPUVA 0x10002490000 cpu 10a424000
[mtlr]   out: 0000010002490000 000000010a424000 00000001003ed940 0000000000000000
[mtlr]   out: 0000007700000000 0000000000004000 0000000047381e77 000000000001e5fd
[mtlr] resource2 sel8 flags 470 sz 0x1000 -> kr 0x00000000 rid 119 GPUVA 0x10002490000 cpu 10a424000
[mtlr]   out: 0000010002490000 000000010a424000 00000001003ed940 0000000000000000
[mtlr]   out: 0000007700000000 0000000000004000 0000000047381e78 000000000001e5fe
[mtlr] resource2 sel8 flags 470 sz 0x1000 -> kr 0x00000000 rid 119 GPUVA 0x10002490000 cpu 10a424000
[mtlr]   out: 0000010002490000 000000010a424000 00000001003ed940 0000000000000000
[mtlr]   out: 0000007700000000 0000000000004000 0000000047381e79 000000000001e5ff
[mtlr] resource2 sel8 flags 470 sz 0x1000 -> kr 0x00000000 rid 119 GPUVA 0x10002490000 cpu 10a424000
[mtlr]   out: 0000010002490000 000000010a424000 00000001003ed940 0000000000000000
[mtlr]   out: 0000007700000000 0000000000004000 0000000047381e7a 000000000001e600
[mtlr] resource2 sel8 flags 470 sz 0x1000 -> kr 0x00000000 rid 119 GPUVA 0x10002490000 cpu 10a424000
[mtlr]   out: 0000010002490000 000000010a424000 00000001003ed940 0000000000000000
[mtlr]   out: 0000007700000000 0000000000004000 0000000047381e7b 000000000001e601
[mtlr] resource2 sel8 flags 470 sz 0x1000 -> kr 0x00000000 rid 119 GPUVA 0x10002490000 cpu 10a424000
[mtlr]   out: 0000010002490000 000000010a424000 00000001003ed940 0000000000000000
[mtlr]   out: 0000007700000000 0000000000004000 0000000047381e7c 000000000001e602
[mtlr] resource2 sel8 flags 470 sz 0x1000 -> kr 0x00000000 rid 119 GPUVA 0x10002490000 cpu 10a424000
[mtlr]   out: 0000010002490000 000000010a424000 00000001003ed940 0000000000000000
[mtlr]   out: 0000007700000000 0000000000004000 0000000047381e7d 000000000001e603
[mtlr] resource2 sel8 flags 470 sz 0x1000 -> kr 0x00000000 rid 119 GPUVA 0x10002490000 cpu 10a424000
[mtlr]   out: 0000010002490000 000000010a424000 00000001003ed940 0000000000000000
[mtlr]   out: 0000007700000000 0000000000004000 0000000047381e7e 000000000001e604
[mtlr] resource2 sel8 flags 470 sz 0x1000 -> kr 0x00000000 rid 119 GPUVA 0x10002490000 cpu 10a424000
[mtlr]   out: 0000010002490000 000000010a424000 00000001003ed940 0000000000000000
[mtlr]   out: 0000007700000000 0000000000004000 0000000047381e7f 000000000001e605
[mtlr] resource2 sel8 flags 470 sz 0x1000 -> kr 0x00000000 rid 119 GPUVA 0x10002490000 cpu 10a424000
[mtlr]   out: 0000010002490000 000000010a424000 00000001003ed940 0000000000000000
[mtlr]   out: 0000007700000000 0000000000004000 0000000047381e80 000000000001e606
[mtlr] resource2 sel8 flags 470 sz 0x1000 -> kr 0x00000000 rid 119 GPUVA 0x10002490000 cpu 10a424000
[mtlr]   out: 0000010002490000 000000010a424000 00000001003ed940 0000000000000000
[mtlr]   out: 0000007700000000 0000000000004000 0000000047381e81 000000000001e607
[mtlr] resource2 sel8 flags 470 sz 0x1000 -> kr 0x00000000 rid 119 GPUVA 0x10002490000 cpu 10a424000
[mtlr]   out: 0000010002490000 000000010a424000 00000001003ed940 0000000000000000
[mtlr]   out: 0000007700000000 0000000000004000 0000000047381e82 000000000001e608
[uatrec] S4 r13 (+1s): nvv 8 ncb 8 vsz 0x100000 fill 0x0 destroy0 kr 0x00000000 nj 40
[uatrec] S4 r13 blit[0] slots 8 ridp 1
[uatrec] S4 r13 blit[1] slots 8 ridp 1
[uatrec] S4 r13 blit[2] slots 8 ridp 1
[uatrec] S4 r13 blit[3] slots 9 ridp 1
[uatrec] S4 r13 blit[4] slots 8 ridp 1
[uatrec] S4 r13 blit[5] slots 9 ridp 1
[uatrec] S4 r13 blit[6] slots 8 ridp 1
[uatrec] S4 r13 blit[7] slots 9 ridp 1
[mtlr] resource2 sel8 flags 470 sz 0x100000 -> kr 0x00000000 rid 119 GPUVA 0x10002490000 cpu 108724000
[mtlr]   out: 0000010002490000 0000000108724000 00000001003ed940 0000000000000000
[mtlr]   out: 0000007700000000 0000000000100000 0000000047381e9e 000000000001e60f
[uatrec] S4 r14 victim[0] rid 119 gpuva 0x10002490000 cpu 0x108724000 (top-of-stack)
[mtlr] resource2 sel8 flags 470 sz 0x100000 -> kr 0x00000000 rid 120 GPUVA 0x10002598000 cpu 108824000
[mtlr]   out: 0000010002598000 0000000108824000 00000001003eda00 0000000000000000
[mtlr]   out: 0000007800000000 0000000000100000 0000000047381e9f 000000000001e610
[uatrec] S4 r14 victim[1] rid 120 gpuva 0x10002598000 cpu 0x108824000 (top-of-stack)
[mtlr] resource2 sel8 flags 470 sz 0x100000 -> kr 0x00000000 rid 121 GPUVA 0x100026a0000 cpu 108524000
[mtlr]   out: 00000100026a0000 0000000108524000 00000001003edac0 0000000000000000
[mtlr]   out: 0000007900000000 0000000000100000 0000000047381ea0 000000000001e611
[uatrec] S4 r14 victim[2] rid 121 gpuva 0x100026a0000 cpu 0x108524000 (top-of-stack)
[mtlr] resource2 sel8 flags 470 sz 0x100000 -> kr 0x00000000 rid 122 GPUVA 0x100027a8000 cpu 108624000
[mtlr]   out: 00000100027a8000 0000000108624000 00000001003edb80 0000000000000000
[mtlr]   out: 0000007a00000000 0000000000100000 0000000047381ea1 000000000001e612
[uatrec] S4 r14 victim[3] rid 122 gpuva 0x100027a8000 cpu 0x108624000 (top-of-stack)
[mtlr] resource2 sel8 flags 470 sz 0x100000 -> kr 0x00000000 rid 123 GPUVA 0x100028b0000 cpu 108924000
[mtlr]   out: 00000100028b0000 0000000108924000 00000001003edc40 0000000000000000
[mtlr]   out: 0000007b00000000 0000000000100000 0000000047381ea2 000000000001e613
[uatrec] S4 r14 victim[4] rid 123 gpuva 0x100028b0000 cpu 0x108924000 (top-of-stack)
[mtlr] resource2 sel8 flags 470 sz 0x100000 -> kr 0x00000000 rid 124 GPUVA 0x100029b8000 cpu 108a24000
[mtlr]   out: 00000100029b8000 0000000108a24000 00000001003edd00 0000000000000000
[mtlr]   out: 0000007c00000000 0000000000100000 0000000047381eaa 000000000001e614
[uatrec] S4 r14 victim[5] rid 124 gpuva 0x100029b8000 cpu 0x108a24000 (top-of-stack)
[mtlr] resource2 sel8 flags 470 sz 0x100000 -> kr 0x00000000 rid 125 GPUVA 0x10002ac0000 cpu 108b24000
[mtlr]   out: 0000010002ac0000 0000000108b24000 00000001003eddc0 0000000000000000
[mtlr]   out: 0000007d00000000 0000000000100000 0000000047381eab 000000000001e615
[uatrec] S4 r14 victim[6] rid 125 gpuva 0x10002ac0000 cpu 0x108b24000 (top-of-stack)
[mtlr] resource2 sel8 flags 470 sz 0x100000 -> kr 0x00000000 rid 126 GPUVA 0x10002bc8000 cpu 108c24000
[mtlr]   out: 0000010002bc8000 0000000108c24000 00000001003ede80 0000000000000000
[mtlr]   out: 0000007e00000000 0000000000100000 0000000047381eac 000000000001e616
[uatrec] S4 r14 victim[7] rid 126 gpuva 0x10002bc8000 cpu 0x108c24000 (top-of-stack)
[mtlr] resource2 sel8 flags 470 sz 0x1000 -> kr 0x00000000 rid 119 GPUVA 0x10002490000 cpu 109624000
[mtlr]   out: 0000010002490000 0000000109624000 00000001003ed940 0000000000000000
[mtlr]   out: 0000007700000000 0000000000004000 0000000047381ec3 000000000001e620
[mtlr] resource2 sel8 flags 470 sz 0x1000 -> kr 0x00000000 rid 119 GPUVA 0x10002490000 cpu 109624000
[mtlr]   out: 0000010002490000 0000000109624000 00000001003ed940 0000000000000000
[mtlr]   out: 0000007700000000 0000000000004000 0000000047381ec4 000000000001e621
[mtlr] resource2 sel8 flags 470 sz 0x1000 -> kr 0x00000000 rid 119 GPUVA 0x10002490000 cpu 109624000
[mtlr]   out: 0000010002490000 0000000109624000 00000001003ed940 0000000000000000
[mtlr]   out: 0000007700000000 0000000000004000 0000000047381ec5 000000000001e622
[mtlr] resource2 sel8 flags 470 sz 0x1000 -> kr 0x00000000 rid 119 GPUVA 0x10002490000 cpu 109624000
[mtlr]   out: 0000010002490000 0000000109624000 00000001003ed940 0000000000000000
[mtlr]   out: 0000007700000000 0000000000004000 0000000047381ec6 000000000001e623
[mtlr] resource2 sel8 flags 470 sz 0x1000 -> kr 0x00000000 rid 119 GPUVA 0x10002490000 cpu 109624000
[mtlr]   out: 0000010002490000 0000000109624000 00000001003ed940 0000000000000000
[mtlr]   out: 0000007700000000 0000000000004000 0000000047381ec7 000000000001e624
[mtlr] resource2 sel8 flags 470 sz 0x1000 -> kr 0x00000000 rid 119 GPUVA 0x10002490000 cpu 109624000
[mtlr]   out: 0000010002490000 0000000109624000 00000001003ed940 0000000000000000
[mtlr]   out: 0000007700000000 0000000000004000 0000000047381ec8 000000000001e625
[mtlr] resource2 sel8 flags 470 sz 0x1000 -> kr 0x00000000 rid 119 GPUVA 0x10002490000 cpu 109624000
[mtlr]   out: 0000010002490000 0000000109624000 00000001003ed940 0000000000000000
[mtlr]   out: 0000007700000000 0000000000004000 0000000047381ec9 000000000001e626
[mtlr] resource2 sel8 flags 470 sz 0x1000 -> kr 0x00000000 rid 119 GPUVA 0x10002490000 cpu 109624000
[mtlr]   out: 0000010002490000 0000000109624000 00000001003ed940 0000000000000000
[mtlr]   out: 0000007700000000 0000000000004000 0000000047381eca 000000000001e627
[mtlr] resource2 sel8 flags 470 sz 0x1000 -> kr 0x00000000 rid 119 GPUVA 0x10002490000 cpu 109624000
[mtlr]   out: 0000010002490000 0000000109624000 00000001003ed940 0000000000000000
[mtlr]   out: 0000007700000000 0000000000004000 0000000047381ecb 000000000001e628
[mtlr] resource2 sel8 flags 470 sz 0x1000 -> kr 0x00000000 rid 119 GPUVA 0x10002490000 cpu 109624000
[mtlr]   out: 0000010002490000 0000000109624000 00000001003ed940 0000000000000000
[mtlr]   out: 0000007700000000 0000000000004000 0000000047381ecc 000000000001e629
[mtlr] resource2 sel8 flags 470 sz 0x1000 -> kr 0x00000000 rid 119 GPUVA 0x10002490000 cpu 109624000
[mtlr]   out: 0000010002490000 0000000109624000 00000001003ed940 0000000000000000
[mtlr]   out: 0000007700000000 0000000000004000 0000000047381ecd 000000000001e62a
[mtlr] resource2 sel8 flags 470 sz 0x1000 -> kr 0x00000000 rid 119 GPUVA 0x10002490000 cpu 109624000
[mtlr]   out: 0000010002490000 0000000109624000 00000001003ed940 0000000000000000
[mtlr]   out: 0000007700000000 0000000000004000 0000000047381ece 000000000001e62b
[mtlr] resource2 sel8 flags 470 sz 0x1000 -> kr 0x00000000 rid 119 GPUVA 0x10002490000 cpu 109624000
[mtlr]   out: 0000010002490000 0000000109624000 00000001003ed940 0000000000000000
[mtlr]   out: 0000007700000000 0000000000004000 0000000047381ecf 000000000001e62c
[mtlr] resource2 sel8 flags 470 sz 0x1000 -> kr 0x00000000 rid 119 GPUVA 0x10002490000 cpu 109624000
[mtlr]   out: 0000010002490000 0000000109624000 00000001003ed940 0000000000000000
[mtlr]   out: 0000007700000000 0000000000004000 0000000047381ed0 000000000001e62d
[mtlr] resource2 sel8 flags 470 sz 0x1000 -> kr 0x00000000 rid 119 GPUVA 0x10002490000 cpu 109624000
[mtlr]   out: 0000010002490000 0000000109624000 00000001003ed940 0000000000000000
[mtlr]   out: 0000007700000000 0000000000004000 0000000047381ed1 000000000001e62e
[mtlr] resource2 sel8 flags 470 sz 0x1000 -> kr 0x00000000 rid 119 GPUVA 0x10002490000 cpu 109624000
[mtlr]   out: 0000010002490000 0000000109624000 00000001003ed940 0000000000000000
[mtlr]   out: 0000007700000000 0000000000004000 0000000047381ed2 000000000001e62f
[mtlr] resource2 sel8 flags 470 sz 0x1000 -> kr 0x00000000 rid 119 GPUVA 0x10002490000 cpu 109624000
[mtlr]   out: 0000010002490000 0000000109624000 00000001003ed940 0000000000000000
[mtlr]   out: 0000007700000000 0000000000004000 0000000047381ed3 000000000001e630
[mtlr] resource2 sel8 flags 470 sz 0x1000 -> kr 0x00000000 rid 119 GPUVA 0x10002490000 cpu 109624000
[mtlr]   out: 0000010002490000 0000000109624000 00000001003ed940 0000000000000000
[mtlr]   out: 0000007700000000 0000000000004000 0000000047381ed4 000000000001e631
[mtlr] resource2 sel8 flags 470 sz 0x1000 -> kr 0x00000000 rid 119 GPUVA 0x10002490000 cpu 109624000
[mtlr]   out: 0000010002490000 0000000109624000 00000001003ed940 0000000000000000
[mtlr]   out: 0000007700000000 0000000000004000 0000000047381ed5 000000000001e632
[mtlr] resource2 sel8 flags 470 sz 0x1000 -> kr 0x00000000 rid 119 GPUVA 0x10002490000 cpu 109624000
[mtlr]   out: 0000010002490000 0000000109624000 00000001003ed940 0000000000000000
[mtlr]   out: 0000007700000000 0000000000004000 0000000047381ed6 000000000001e633
[mtlr] resource2 sel8 flags 470 sz 0x1000 -> kr 0x00000000 rid 119 GPUVA 0x10002490000 cpu 109624000
[mtlr]   out: 0000010002490000 0000000109624000 00000001003ed940 0000000000000000
[mtlr]   out: 0000007700000000 0000000000004000 0000000047381ed7 000000000001e634
[mtlr] resource2 sel8 flags 470 sz 0x1000 -> kr 0x00000000 rid 119 GPUVA 0x10002490000 cpu 109624000
[mtlr]   out: 0000010002490000 0000000109624000 00000001003ed940 0000000000000000
[mtlr]   out: 0000007700000000 0000000000004000 0000000047381ed8 000000000001e635
[mtlr] resource2 sel8 flags 470 sz 0x1000 -> kr 0x00000000 rid 119 GPUVA 0x10002490000 cpu 109624000
[mtlr]   out: 0000010002490000 0000000109624000 00000001003ed940 0000000000000000
[mtlr]   out: 0000007700000000 0000000000004000 0000000047381ed9 000000000001e636
[mtlr] resource2 sel8 flags 470 sz 0x1000 -> kr 0x00000000 rid 119 GPUVA 0x10002490000 cpu 109624000
[mtlr]   out: 0000010002490000 0000000109624000 00000001003ed940 0000000000000000
[mtlr]   out: 0000007700000000 0000000000004000 0000000047381eda 000000000001e637
[mtlr] resource2 sel8 flags 470 sz 0x1000 -> kr 0x00000000 rid 119 GPUVA 0x10002490000 cpu 109624000
[mtlr]   out: 0000010002490000 0000000109624000 00000001003ed940 0000000000000000
[mtlr]   out: 0000007700000000 0000000000004000 0000000047381edb 000000000001e638
[mtlr] resource2 sel8 flags 470 sz 0x1000 -> kr 0x00000000 rid 119 GPUVA 0x10002490000 cpu 109624000
[mtlr]   out: 0000010002490000 0000000109624000 00000001003ed940 0000000000000000
[mtlr]   out: 0000007700000000 0000000000004000 0000000047381edc 000000000001e639
[mtlr] resource2 sel8 flags 470 sz 0x1000 -> kr 0x00000000 rid 119 GPUVA 0x10002490000 cpu 109624000
[mtlr]   out: 0000010002490000 0000000109624000 00000001003ed940 0000000000000000
[mtlr]   out: 0000007700000000 0000000000004000 0000000047381edd 000000000001e63a
[mtlr] resource2 sel8 flags 470 sz 0x1000 -> kr 0x00000000 rid 119 GPUVA 0x10002490000 cpu 109624000
[mtlr]   out: 0000010002490000 0000000109624000 00000001003ed940 0000000000000000
[mtlr]   out: 0000007700000000 0000000000004000 0000000047381ede 000000000001e63b
[mtlr] resource2 sel8 flags 470 sz 0x1000 -> kr 0x00000000 rid 119 GPUVA 0x10002490000 cpu 109624000
[mtlr]   out: 0000010002490000 0000000109624000 00000001003ed940 0000000000000000
[mtlr]   out: 0000007700000000 0000000000004000 0000000047381edf 000000000001e63c
[mtlr] resource2 sel8 flags 470 sz 0x1000 -> kr 0x00000000 rid 119 GPUVA 0x10002490000 cpu 109624000
[mtlr]   out: 0000010002490000 0000000109624000 00000001003ed940 0000000000000000
[mtlr]   out: 0000007700000000 0000000000004000 0000000047381ee0 000000000001e63d
[mtlr] resource2 sel8 flags 470 sz 0x1000 -> kr 0x00000000 rid 119 GPUVA 0x10002490000 cpu 109624000
[mtlr]   out: 0000010002490000 0000000109624000 00000001003ed940 0000000000000000
[mtlr]   out: 0000007700000000 0000000000004000 0000000047381ee1 000000000001e63e
[mtlr] resource2 sel8 flags 470 sz 0x1000 -> kr 0x00000000 rid 119 GPUVA 0x10002490000 cpu 109624000
[mtlr]   out: 0000010002490000 0000000109624000 00000001003ed940 0000000000000000
[mtlr]   out: 0000007700000000 0000000000004000 0000000047381ee2 000000000001e63f
[mtlr] resource2 sel8 flags 470 sz 0x1000 -> kr 0x00000000 rid 119 GPUVA 0x10002490000 cpu 109624000
[mtlr]   out: 0000010002490000 0000000109624000 00000001003ed940 0000000000000000
[mtlr]   out: 0000007700000000 0000000000004000 0000000047381ee3 000000000001e640
[mtlr] resource2 sel8 flags 470 sz 0x1000 -> kr 0x00000000 rid 119 GPUVA 0x10002490000 cpu 109624000
[mtlr]   out: 0000010002490000 0000000109624000 00000001003ed940 0000000000000000
[mtlr]   out: 0000007700000000 0000000000004000 0000000047381ee4 000000000001e641
[mtlr] resource2 sel8 flags 470 sz 0x1000 -> kr 0x00000000 rid 119 GPUVA 0x10002490000 cpu 109624000
[mtlr]   out: 0000010002490000 0000000109624000 00000001003ed940 0000000000000000
[mtlr]   out: 0000007700000000 0000000000004000 0000000047381ee5 000000000001e642
[mtlr] resource2 sel8 flags 470 sz 0x1000 -> kr 0x00000000 rid 119 GPUVA 0x10002490000 cpu 109624000
[mtlr]   out: 0000010002490000 0000000109624000 00000001003ed940 0000000000000000
[mtlr]   out: 0000007700000000 0000000000004000 0000000047381ee6 000000000001e643
[mtlr] resource2 sel8 flags 470 sz 0x1000 -> kr 0x00000000 rid 119 GPUVA 0x10002490000 cpu 109624000
[mtlr]   out: 0000010002490000 0000000109624000 00000001003ed940 0000000000000000
[mtlr]   out: 0000007700000000 0000000000004000 0000000047381ee7 000000000001e644
[mtlr] resource2 sel8 flags 470 sz 0x1000 -> kr 0x00000000 rid 119 GPUVA 0x10002490000 cpu 109624000
[mtlr]   out: 0000010002490000 0000000109624000 00000001003ed940 0000000000000000
[mtlr]   out: 0000007700000000 0000000000004000 0000000047381eea 000000000001e645
[mtlr] resource2 sel8 flags 470 sz 0x1000 -> kr 0x00000000 rid 119 GPUVA 0x10002490000 cpu 109624000
[mtlr]   out: 0000010002490000 0000000109624000 00000001003ed940 0000000000000000
[mtlr]   out: 0000007700000000 0000000000004000 0000000047381eeb 000000000001e646
[mtlr] resource2 sel8 flags 470 sz 0x1000 -> kr 0x00000000 rid 119 GPUVA 0x10002490000 cpu 109624000
[mtlr]   out: 0000010002490000 0000000109624000 00000001003ed940 0000000000000000
[mtlr]   out: 0000007700000000 0000000000004000 0000000047381eec 000000000001e647
[uatrec] S4 r14 (+1s): nvv 8 ncb 8 vsz 0x100000 fill 0x0 destroy0 kr 0x00000000 nj 40
[uatrec] S4 r14 blit[0] slots 9 ridp 1
[uatrec] S4 r14 blit[1] slots 8 ridp 1
[uatrec] S4 r14 blit[2] slots 8 ridp 1
[uatrec] S4 r14 blit[3] slots 8 ridp 1
[uatrec] S4 r14 blit[4] slots 8 ridp 1
[uatrec] S4 r14 blit[5] slots 8 ridp 1
[uatrec] S4 r14 blit[6] slots 8 ridp 1
[uatrec] S4 r14 blit[7] slots 8 ridp 1
[mtlr] resource2 sel8 flags 470 sz 0x100000 -> kr 0x00000000 rid 119 GPUVA 0x10002490000 cpu 109e24000
[mtlr]   out: 0000010002490000 0000000109e24000 00000001003ed940 0000000000000000
[mtlr]   out: 0000007700000000 0000000000100000 0000000047381f02 000000000001e64a
[uatrec] S4 r15 victim[0] rid 119 gpuva 0x10002490000 cpu 0x109e24000 (top-of-stack)
[mtlr] resource2 sel8 flags 470 sz 0x100000 -> kr 0x00000000 rid 120 GPUVA 0x10002598000 cpu 109f24000
[mtlr]   out: 0000010002598000 0000000109f24000 00000001003eda00 0000000000000000
[mtlr]   out: 0000007800000000 0000000000100000 0000000047381f03 000000000001e64b
[uatrec] S4 r15 victim[1] rid 120 gpuva 0x10002598000 cpu 0x109f24000 (top-of-stack)
[mtlr] resource2 sel8 flags 470 sz 0x100000 -> kr 0x00000000 rid 121 GPUVA 0x100026a0000 cpu 10a024000
[mtlr]   out: 00000100026a0000 000000010a024000 00000001003edac0 0000000000000000
[mtlr]   out: 0000007900000000 0000000000100000 0000000047381f04 000000000001e64c
[uatrec] S4 r15 victim[2] rid 121 gpuva 0x100026a0000 cpu 0x10a024000 (top-of-stack)
[mtlr] resource2 sel8 flags 470 sz 0x100000 -> kr 0x00000000 rid 122 GPUVA 0x100027a8000 cpu 10a124000
[mtlr]   out: 00000100027a8000 000000010a124000 00000001003edb80 0000000000000000
[mtlr]   out: 0000007a00000000 0000000000100000 0000000047381f05 000000000001e64d
[uatrec] S4 r15 victim[3] rid 122 gpuva 0x100027a8000 cpu 0x10a124000 (top-of-stack)
[mtlr] resource2 sel8 flags 470 sz 0x100000 -> kr 0x00000000 rid 123 GPUVA 0x100028b0000 cpu 10a224000
[mtlr]   out: 00000100028b0000 000000010a224000 00000001003edc40 0000000000000000
[mtlr]   out: 0000007b00000000 0000000000100000 0000000047381f06 000000000001e64e
[uatrec] S4 r15 victim[4] rid 123 gpuva 0x100028b0000 cpu 0x10a224000 (top-of-stack)
[mtlr] resource2 sel8 flags 470 sz 0x100000 -> kr 0x00000000 rid 124 GPUVA 0x100029b8000 cpu 10a324000
[mtlr]   out: 00000100029b8000 000000010a324000 00000001003edd00 0000000000000000
[mtlr]   out: 0000007c00000000 0000000000100000 0000000047381f07 000000000001e64f
[uatrec] S4 r15 victim[5] rid 124 gpuva 0x100029b8000 cpu 0x10a324000 (top-of-stack)
[mtlr] resource2 sel8 flags 470 sz 0x100000 -> kr 0x00000000 rid 125 GPUVA 0x10002ac0000 cpu 108724000
[mtlr]   out: 0000010002ac0000 0000000108724000 00000001003eddc0 0000000000000000
[mtlr]   out: 0000007d00000000 0000000000100000 0000000047381f08 000000000001e650
[uatrec] S4 r15 victim[6] rid 125 gpuva 0x10002ac0000 cpu 0x108724000 (top-of-stack)
[mtlr] resource2 sel8 flags 470 sz 0x100000 -> kr 0x00000000 rid 126 GPUVA 0x10002bc8000 cpu 108524000
[mtlr]   out: 0000010002bc8000 0000000108524000 00000001003ede80 0000000000000000
[mtlr]   out: 0000007e00000000 0000000000100000 0000000047381f09 000000000001e651
[uatrec] S4 r15 victim[7] rid 126 gpuva 0x10002bc8000 cpu 0x108524000 (top-of-stack)
[mtlr] resource2 sel8 flags 470 sz 0x1000 -> kr 0x00000000 rid 119 GPUVA 0x10002490000 cpu 10a424000
[mtlr]   out: 0000010002490000 000000010a424000 00000001003ed940 0000000000000000
[mtlr]   out: 0000007700000000 0000000000004000 0000000047381f29 000000000001e65b
[mtlr] resource2 sel8 flags 470 sz 0x1000 -> kr 0x00000000 rid 119 GPUVA 0x10002490000 cpu 10a424000
[mtlr]   out: 0000010002490000 000000010a424000 00000001003ed940 0000000000000000
[mtlr]   out: 0000007700000000 0000000000004000 0000000047381f2c 000000000001e65c
[mtlr] resource2 sel8 flags 470 sz 0x1000 -> kr 0x00000000 rid 119 GPUVA 0x10002490000 cpu 10a424000
[mtlr]   out: 0000010002490000 000000010a424000 00000001003ed940 0000000000000000
[mtlr]   out: 0000007700000000 0000000000004000 0000000047381f2e 000000000001e65d
[mtlr] resource2 sel8 flags 470 sz 0x1000 -> kr 0x00000000 rid 119 GPUVA 0x10002490000 cpu 10a424000
[mtlr]   out: 0000010002490000 000000010a424000 00000001003ed940 0000000000000000
[mtlr]   out: 0000007700000000 0000000000004000 0000000047381f2f 000000000001e65e
[mtlr] resource2 sel8 flags 470 sz 0x1000 -> kr 0x00000000 rid 119 GPUVA 0x10002490000 cpu 10a424000
[mtlr]   out: 0000010002490000 000000010a424000 00000001003ed940 0000000000000000
[mtlr]   out: 0000007700000000 0000000000004000 0000000047381f30 000000000001e65f
[mtlr] resource2 sel8 flags 470 sz 0x1000 -> kr 0x00000000 rid 119 GPUVA 0x10002490000 cpu 10a424000
[mtlr]   out: 0000010002490000 000000010a424000 00000001003ed940 0000000000000000
[mtlr]   out: 0000007700000000 0000000000004000 0000000047381f31 000000000001e660
[mtlr] resource2 sel8 flags 470 sz 0x1000 -> kr 0x00000000 rid 119 GPUVA 0x10002490000 cpu 10a424000
[mtlr]   out: 0000010002490000 000000010a424000 00000001003ed940 0000000000000000
[mtlr]   out: 0000007700000000 0000000000004000 0000000047381f32 000000000001e661
[mtlr] resource2 sel8 flags 470 sz 0x1000 -> kr 0x00000000 rid 119 GPUVA 0x10002490000 cpu 10a424000
[mtlr]   out: 0000010002490000 000000010a424000 00000001003ed940 0000000000000000
[mtlr]   out: 0000007700000000 0000000000004000 0000000047381f33 000000000001e662
[mtlr] resource2 sel8 flags 470 sz 0x1000 -> kr 0x00000000 rid 119 GPUVA 0x10002490000 cpu 10a424000
[mtlr]   out: 0000010002490000 000000010a424000 00000001003ed940 0000000000000000
[mtlr]   out: 0000007700000000 0000000000004000 0000000047381f34 000000000001e663
[mtlr] resource2 sel8 flags 470 sz 0x1000 -> kr 0x00000000 rid 119 GPUVA 0x10002490000 cpu 10a424000
[mtlr]   out: 0000010002490000 000000010a424000 00000001003ed940 0000000000000000
[mtlr]   out: 0000007700000000 0000000000004000 0000000047381f35 000000000001e664
[mtlr] resource2 sel8 flags 470 sz 0x1000 -> kr 0x00000000 rid 119 GPUVA 0x10002490000 cpu 10a424000
[mtlr]   out: 0000010002490000 000000010a424000 00000001003ed940 0000000000000000
[mtlr]   out: 0000007700000000 0000000000004000 0000000047381f36 000000000001e665
[mtlr] resource2 sel8 flags 470 sz 0x1000 -> kr 0x00000000 rid 119 GPUVA 0x10002490000 cpu 10a424000
[mtlr]   out: 0000010002490000 000000010a424000 00000001003ed940 0000000000000000
[mtlr]   out: 0000007700000000 0000000000004000 0000000047381f37 000000000001e666
[mtlr] resource2 sel8 flags 470 sz 0x1000 -> kr 0x00000000 rid 119 GPUVA 0x10002490000 cpu 10a424000
[mtlr]   out: 0000010002490000 000000010a424000 00000001003ed940 0000000000000000
[mtlr]   out: 0000007700000000 0000000000004000 0000000047381f38 000000000001e667
[mtlr] resource2 sel8 flags 470 sz 0x1000 -> kr 0x00000000 rid 119 GPUVA 0x10002490000 cpu 10a424000
[mtlr]   out: 0000010002490000 000000010a424000 00000001003ed940 0000000000000000
[mtlr]   out: 0000007700000000 0000000000004000 0000000047381f39 000000000001e668
[mtlr] resource2 sel8 flags 470 sz 0x1000 -> kr 0x00000000 rid 119 GPUVA 0x10002490000 cpu 10a424000
[mtlr]   out: 0000010002490000 000000010a424000 00000001003ed940 0000000000000000
[mtlr]   out: 0000007700000000 0000000000004000 0000000047381f3a 000000000001e669
[mtlr] resource2 sel8 flags 470 sz 0x1000 -> kr 0x00000000 rid 119 GPUVA 0x10002490000 cpu 10a424000
[mtlr]   out: 0000010002490000 000000010a424000 00000001003ed940 0000000000000000
[mtlr]   out: 0000007700000000 0000000000004000 0000000047381f3b 000000000001e66a
[mtlr] resource2 sel8 flags 470 sz 0x1000 -> kr 0x00000000 rid 119 GPUVA 0x10002490000 cpu 10a424000
[mtlr]   out: 0000010002490000 000000010a424000 00000001003ed940 0000000000000000
[mtlr]   out: 0000007700000000 0000000000004000 0000000047381f3c 000000000001e66b
[mtlr] resource2 sel8 flags 470 sz 0x1000 -> kr 0x00000000 rid 119 GPUVA 0x10002490000 cpu 10a424000
[mtlr]   out: 0000010002490000 000000010a424000 00000001003ed940 0000000000000000
[mtlr]   out: 0000007700000000 0000000000004000 0000000047381f3d 000000000001e66c
[mtlr] resource2 sel8 flags 470 sz 0x1000 -> kr 0x00000000 rid 119 GPUVA 0x10002490000 cpu 10a424000
[mtlr]   out: 0000010002490000 000000010a424000 00000001003ed940 0000000000000000
[mtlr]   out: 0000007700000000 0000000000004000 0000000047381f3e 000000000001e66d
[mtlr] resource2 sel8 flags 470 sz 0x1000 -> kr 0x00000000 rid 119 GPUVA 0x10002490000 cpu 10a424000
[mtlr]   out: 0000010002490000 000000010a424000 00000001003ed940 0000000000000000
[mtlr]   out: 0000007700000000 0000000000004000 0000000047381f3f 000000000001e66e
[mtlr] resource2 sel8 flags 470 sz 0x1000 -> kr 0x00000000 rid 119 GPUVA 0x10002490000 cpu 10a424000
[mtlr]   out: 0000010002490000 000000010a424000 00000001003ed940 0000000000000000
[mtlr]   out: 0000007700000000 0000000000004000 0000000047381f40 000000000001e66f
[mtlr] resource2 sel8 flags 470 sz 0x1000 -> kr 0x00000000 rid 119 GPUVA 0x10002490000 cpu 10a424000
[mtlr]   out: 0000010002490000 000000010a424000 00000001003ed940 0000000000000000
[mtlr]   out: 0000007700000000 0000000000004000 0000000047381f41 000000000001e670
[mtlr] resource2 sel8 flags 470 sz 0x1000 -> kr 0x00000000 rid 119 GPUVA 0x10002490000 cpu 10a424000
[mtlr]   out: 0000010002490000 000000010a424000 00000001003ed940 0000000000000000
[mtlr]   out: 0000007700000000 0000000000004000 0000000047381f42 000000000001e671
[mtlr] resource2 sel8 flags 470 sz 0x1000 -> kr 0x00000000 rid 119 GPUVA 0x10002490000 cpu 10a424000
[mtlr]   out: 0000010002490000 000000010a424000 00000001003ed940 0000000000000000
[mtlr]   out: 0000007700000000 0000000000004000 0000000047381f43 000000000001e672
[mtlr] resource2 sel8 flags 470 sz 0x1000 -> kr 0x00000000 rid 119 GPUVA 0x10002490000 cpu 10a424000
[mtlr]   out: 0000010002490000 000000010a424000 00000001003ed940 0000000000000000
[mtlr]   out: 0000007700000000 0000000000004000 0000000047381f44 000000000001e673
[mtlr] resource2 sel8 flags 470 sz 0x1000 -> kr 0x00000000 rid 119 GPUVA 0x10002490000 cpu 10a424000
[mtlr]   out: 0000010002490000 000000010a424000 00000001003ed940 0000000000000000
[mtlr]   out: 0000007700000000 0000000000004000 0000000047381f45 000000000001e674
[mtlr] resource2 sel8 flags 470 sz 0x1000 -> kr 0x00000000 rid 119 GPUVA 0x10002490000 cpu 10a424000
[mtlr]   out: 0000010002490000 000000010a424000 00000001003ed940 0000000000000000
[mtlr]   out: 0000007700000000 0000000000004000 0000000047381f46 000000000001e675
[mtlr] resource2 sel8 flags 470 sz 0x1000 -> kr 0x00000000 rid 119 GPUVA 0x10002490000 cpu 10a424000
[mtlr]   out: 0000010002490000 000000010a424000 00000001003ed940 0000000000000000
[mtlr]   out: 0000007700000000 0000000000004000 0000000047381f47 000000000001e676
[mtlr] resource2 sel8 flags 470 sz 0x1000 -> kr 0x00000000 rid 119 GPUVA 0x10002490000 cpu 10a424000
[mtlr]   out: 0000010002490000 000000010a424000 00000001003ed940 0000000000000000
[mtlr]   out: 0000007700000000 0000000000004000 0000000047381f48 000000000001e677
[mtlr] resource2 sel8 flags 470 sz 0x1000 -> kr 0x00000000 rid 119 GPUVA 0x10002490000 cpu 10a424000
[mtlr]   out: 0000010002490000 000000010a424000 00000001003ed940 0000000000000000
[mtlr]   out: 0000007700000000 0000000000004000 0000000047381f49 000000000001e678
[mtlr] resource2 sel8 flags 470 sz 0x1000 -> kr 0x00000000 rid 119 GPUVA 0x10002490000 cpu 10a424000
[mtlr]   out: 0000010002490000 000000010a424000 00000001003ed940 0000000000000000
[mtlr]   out: 0000007700000000 0000000000004000 0000000047381f4a 000000000001e679
[mtlr] resource2 sel8 flags 470 sz 0x1000 -> kr 0x00000000 rid 119 GPUVA 0x10002490000 cpu 10a424000
[mtlr]   out: 0000010002490000 000000010a424000 00000001003ed940 0000000000000000
[mtlr]   out: 0000007700000000 0000000000004000 0000000047381f4b 000000000001e67a
[mtlr] resource2 sel8 flags 470 sz 0x1000 -> kr 0x00000000 rid 119 GPUVA 0x10002490000 cpu 10a424000
[mtlr]   out: 0000010002490000 000000010a424000 00000001003ed940 0000000000000000
[mtlr]   out: 0000007700000000 0000000000004000 0000000047381f4c 000000000001e67b
[mtlr] resource2 sel8 flags 470 sz 0x1000 -> kr 0x00000000 rid 119 GPUVA 0x10002490000 cpu 10a424000
[mtlr]   out: 0000010002490000 000000010a424000 00000001003ed940 0000000000000000
[mtlr]   out: 0000007700000000 0000000000004000 0000000047381f4d 000000000001e67c
[mtlr] resource2 sel8 flags 470 sz 0x1000 -> kr 0x00000000 rid 119 GPUVA 0x10002490000 cpu 10a424000
[mtlr]   out: 0000010002490000 000000010a424000 00000001003ed940 0000000000000000
[mtlr]   out: 0000007700000000 0000000000004000 0000000047381f4e 000000000001e67d
[mtlr] resource2 sel8 flags 470 sz 0x1000 -> kr 0x00000000 rid 119 GPUVA 0x10002490000 cpu 10a424000
[mtlr]   out: 0000010002490000 000000010a424000 00000001003ed940 0000000000000000
[mtlr]   out: 0000007700000000 0000000000004000 0000000047381f4f 000000000001e67e
[mtlr] resource2 sel8 flags 470 sz 0x1000 -> kr 0x00000000 rid 119 GPUVA 0x10002490000 cpu 10a424000
[mtlr]   out: 0000010002490000 000000010a424000 00000001003ed940 0000000000000000
[mtlr]   out: 0000007700000000 0000000000004000 0000000047381f50 000000000001e67f
[mtlr] resource2 sel8 flags 470 sz 0x1000 -> kr 0x00000000 rid 119 GPUVA 0x10002490000 cpu 10a424000
[mtlr]   out: 0000010002490000 000000010a424000 00000001003ed940 0000000000000000
[mtlr]   out: 0000007700000000 0000000000004000 0000000047381f51 000000000001e680
[mtlr] resource2 sel8 flags 470 sz 0x1000 -> kr 0x00000000 rid 119 GPUVA 0x10002490000 cpu 10a424000
[mtlr]   out: 0000010002490000 000000010a424000 00000001003ed940 0000000000000000
[mtlr]   out: 0000007700000000 0000000000004000 0000000047381f52 000000000001e681
[mtlr] resource2 sel8 flags 470 sz 0x1000 -> kr 0x00000000 rid 119 GPUVA 0x10002490000 cpu 10a424000
[mtlr]   out: 0000010002490000 000000010a424000 00000001003ed940 0000000000000000
[mtlr]   out: 0000007700000000 0000000000004000 0000000047381f53 000000000001e682
[uatrec] S4 r15 (+1s): nvv 8 ncb 8 vsz 0x100000 fill 0x0 destroy0 kr 0x00000000 nj 40
[uatrec] S4 r15 blit[0] slots 8 ridp 1
[uatrec] S4 r15 blit[1] slots 8 ridp 1
[uatrec] S4 r15 blit[2] slots 8 ridp 1
[uatrec] S4 r15 blit[3] slots 8 ridp 1
[uatrec] S4 r15 blit[4] slots 8 ridp 1
[uatrec] S4 r15 blit[5] slots 8 ridp 1
[uatrec] S4 r15 blit[6] slots 8 ridp 1
[uatrec] S4 r15 blit[7] slots 8 ridp 1
[mtlr] resource2 sel8 flags 470 sz 0x100000 -> kr 0x00000000 rid 119 GPUVA 0x10002490000 cpu 108824000
[mtlr]   out: 0000010002490000 0000000108824000 00000001003ed940 0000000000000000
[mtlr]   out: 0000007700000000 0000000000100000 0000000047381f66 000000000001e685
[uatrec] S4 r16 victim[0] rid 119 gpuva 0x10002490000 cpu 0x108824000 (top-of-stack)
[mtlr] resource2 sel8 flags 470 sz 0x100000 -> kr 0x00000000 rid 120 GPUVA 0x10002598000 cpu 108924000
[mtlr]   out: 0000010002598000 0000000108924000 00000001003eda00 0000000000000000
[mtlr]   out: 0000007800000000 0000000000100000 0000000047381f67 000000000001e686
[uatrec] S4 r16 victim[1] rid 120 gpuva 0x10002598000 cpu 0x108924000 (top-of-stack)
[mtlr] resource2 sel8 flags 470 sz 0x100000 -> kr 0x00000000 rid 121 GPUVA 0x100026a0000 cpu 108a24000
[mtlr]   out: 00000100026a0000 0000000108a24000 00000001003edac0 0000000000000000
[mtlr]   out: 0000007900000000 0000000000100000 0000000047381f6d 000000000001e687
[uatrec] S4 r16 victim[2] rid 121 gpuva 0x100026a0000 cpu 0x108a24000 (top-of-stack)
[mtlr] resource2 sel8 flags 470 sz 0x100000 -> kr 0x00000000 rid 122 GPUVA 0x100027a8000 cpu 108524000
[mtlr]   out: 00000100027a8000 0000000108524000 00000001003edb80 0000000000000000
[mtlr]   out: 0000007a00000000 0000000000100000 0000000047381f6e 000000000001e688
[uatrec] S4 r16 victim[3] rid 122 gpuva 0x100027a8000 cpu 0x108524000 (top-of-stack)
[mtlr] resource2 sel8 flags 470 sz 0x100000 -> kr 0x00000000 rid 123 GPUVA 0x100028b0000 cpu 108624000
[mtlr]   out: 00000100028b0000 0000000108624000 00000001003edc40 0000000000000000
[mtlr]   out: 0000007b00000000 0000000000100000 0000000047381f6f 000000000001e689
[uatrec] S4 r16 victim[4] rid 123 gpuva 0x100028b0000 cpu 0x108624000 (top-of-stack)
[mtlr] resource2 sel8 flags 470 sz 0x100000 -> kr 0x00000000 rid 124 GPUVA 0x100029b8000 cpu 108724000
[mtlr]   out: 00000100029b8000 0000000108724000 00000001003edd00 0000000000000000
[mtlr]   out: 0000007c00000000 0000000000100000 0000000047381f74 000000000001e68a
[uatrec] S4 r16 victim[5] rid 124 gpuva 0x100029b8000 cpu 0x108724000 (top-of-stack)
[mtlr] resource2 sel8 flags 470 sz 0x100000 -> kr 0x00000000 rid 125 GPUVA 0x10002ac0000 cpu 108b24000
[mtlr]   out: 0000010002ac0000 0000000108b24000 00000001003eddc0 0000000000000000
[mtlr]   out: 0000007d00000000 0000000000100000 0000000047381f78 000000000001e68b
[uatrec] S4 r16 victim[6] rid 125 gpuva 0x10002ac0000 cpu 0x108b24000 (top-of-stack)
[mtlr] resource2 sel8 flags 470 sz 0x100000 -> kr 0x00000000 rid 126 GPUVA 0x10002bc8000 cpu 108c24000
[mtlr]   out: 0000010002bc8000 0000000108c24000 00000001003ede80 0000000000000000
[mtlr]   out: 0000007e00000000 0000000000100000 0000000047381f79 000000000001e68c
[uatrec] S4 r16 victim[7] rid 126 gpuva 0x10002bc8000 cpu 0x108c24000 (top-of-stack)
[mtlr] resource2 sel8 flags 470 sz 0x1000 -> kr 0x00000000 rid 119 GPUVA 0x10002490000 cpu 109624000
[mtlr]   out: 0000010002490000 0000000109624000 00000001003ed940 0000000000000000
[mtlr]   out: 0000007700000000 0000000000004000 0000000047381f90 000000000001e696
[mtlr] resource2 sel8 flags 470 sz 0x1000 -> kr 0x00000000 rid 119 GPUVA 0x10002490000 cpu 109624000
[mtlr]   out: 0000010002490000 0000000109624000 00000001003ed940 0000000000000000
[mtlr]   out: 0000007700000000 0000000000004000 0000000047381f91 000000000001e697
[mtlr] resource2 sel8 flags 470 sz 0x1000 -> kr 0x00000000 rid 119 GPUVA 0x10002490000 cpu 109624000
[mtlr]   out: 0000010002490000 0000000109624000 00000001003ed940 0000000000000000
[mtlr]   out: 0000007700000000 0000000000004000 0000000047381f92 000000000001e698
[mtlr] resource2 sel8 flags 470 sz 0x1000 -> kr 0x00000000 rid 119 GPUVA 0x10002490000 cpu 109624000
[mtlr]   out: 0000010002490000 0000000109624000 00000001003ed940 0000000000000000
[mtlr]   out: 0000007700000000 0000000000004000 0000000047381f93 000000000001e699
[mtlr] resource2 sel8 flags 470 sz 0x1000 -> kr 0x00000000 rid 119 GPUVA 0x10002490000 cpu 109624000
[mtlr]   out: 0000010002490000 0000000109624000 00000001003ed940 0000000000000000
[mtlr]   out: 0000007700000000 0000000000004000 0000000047381f94 000000000001e69a
[mtlr] resource2 sel8 flags 470 sz 0x1000 -> kr 0x00000000 rid 119 GPUVA 0x10002490000 cpu 109624000
[mtlr]   out: 0000010002490000 0000000109624000 00000001003ed940 0000000000000000
[mtlr]   out: 0000007700000000 0000000000004000 0000000047381f95 000000000001e69b
[mtlr] resource2 sel8 flags 470 sz 0x1000 -> kr 0x00000000 rid 119 GPUVA 0x10002490000 cpu 109624000
[mtlr]   out: 0000010002490000 0000000109624000 00000001003ed940 0000000000000000
[mtlr]   out: 0000007700000000 0000000000004000 0000000047381f96 000000000001e69c
[mtlr] resource2 sel8 flags 470 sz 0x1000 -> kr 0x00000000 rid 119 GPUVA 0x10002490000 cpu 109624000
[mtlr]   out: 0000010002490000 0000000109624000 00000001003ed940 0000000000000000
[mtlr]   out: 0000007700000000 0000000000004000 0000000047381f97 000000000001e69d
[mtlr] resource2 sel8 flags 470 sz 0x1000 -> kr 0x00000000 rid 119 GPUVA 0x10002490000 cpu 109624000
[mtlr]   out: 0000010002490000 0000000109624000 00000001003ed940 0000000000000000
[mtlr]   out: 0000007700000000 0000000000004000 0000000047381f98 000000000001e69e
[mtlr] resource2 sel8 flags 470 sz 0x1000 -> kr 0x00000000 rid 119 GPUVA 0x10002490000 cpu 109624000
[mtlr]   out: 0000010002490000 0000000109624000 00000001003ed940 0000000000000000
[mtlr]   out: 0000007700000000 0000000000004000 0000000047381f99 000000000001e69f
[mtlr] resource2 sel8 flags 470 sz 0x1000 -> kr 0x00000000 rid 119 GPUVA 0x10002490000 cpu 109624000
[mtlr]   out: 0000010002490000 0000000109624000 00000001003ed940 0000000000000000
[mtlr]   out: 0000007700000000 0000000000004000 0000000047381f9a 000000000001e6a0
[mtlr] resource2 sel8 flags 470 sz 0x1000 -> kr 0x00000000 rid 119 GPUVA 0x10002490000 cpu 109624000
[mtlr]   out: 0000010002490000 0000000109624000 00000001003ed940 0000000000000000
[mtlr]   out: 0000007700000000 0000000000004000 0000000047381f9b 000000000001e6a1
[mtlr] resource2 sel8 flags 470 sz 0x1000 -> kr 0x00000000 rid 119 GPUVA 0x10002490000 cpu 109624000
[mtlr]   out: 0000010002490000 0000000109624000 00000001003ed940 0000000000000000
[mtlr]   out: 0000007700000000 0000000000004000 0000000047381f9c 000000000001e6a2
[mtlr] resource2 sel8 flags 470 sz 0x1000 -> kr 0x00000000 rid 119 GPUVA 0x10002490000 cpu 109624000
[mtlr]   out: 0000010002490000 0000000109624000 00000001003ed940 0000000000000000
[mtlr]   out: 0000007700000000 0000000000004000 0000000047381f9d 000000000001e6a3
[mtlr] resource2 sel8 flags 470 sz 0x1000 -> kr 0x00000000 rid 119 GPUVA 0x10002490000 cpu 109624000
[mtlr]   out: 0000010002490000 0000000109624000 00000001003ed940 0000000000000000
[mtlr]   out: 0000007700000000 0000000000004000 0000000047381f9e 000000000001e6a4
[mtlr] resource2 sel8 flags 470 sz 0x1000 -> kr 0x00000000 rid 119 GPUVA 0x10002490000 cpu 109624000
[mtlr]   out: 0000010002490000 0000000109624000 00000001003ed940 0000000000000000
[mtlr]   out: 0000007700000000 0000000000004000 0000000047381f9f 000000000001e6a5
[mtlr] resource2 sel8 flags 470 sz 0x1000 -> kr 0x00000000 rid 119 GPUVA 0x10002490000 cpu 109624000
[mtlr]   out: 0000010002490000 0000000109624000 00000001003ed940 0000000000000000
[mtlr]   out: 0000007700000000 0000000000004000 0000000047381fa0 000000000001e6a6
[mtlr] resource2 sel8 flags 470 sz 0x1000 -> kr 0x00000000 rid 119 GPUVA 0x10002490000 cpu 109624000
[mtlr]   out: 0000010002490000 0000000109624000 00000001003ed940 0000000000000000
[mtlr]   out: 0000007700000000 0000000000004000 0000000047381fa1 000000000001e6a7
[mtlr] resource2 sel8 flags 470 sz 0x1000 -> kr 0x00000000 rid 119 GPUVA 0x10002490000 cpu 109624000
[mtlr]   out: 0000010002490000 0000000109624000 00000001003ed940 0000000000000000
[mtlr]   out: 0000007700000000 0000000000004000 0000000047381fa2 000000000001e6a8
[mtlr] resource2 sel8 flags 470 sz 0x1000 -> kr 0x00000000 rid 119 GPUVA 0x10002490000 cpu 109624000
[mtlr]   out: 0000010002490000 0000000109624000 00000001003ed940 0000000000000000
[mtlr]   out: 0000007700000000 0000000000004000 0000000047381fa3 000000000001e6a9
[mtlr] resource2 sel8 flags 470 sz 0x1000 -> kr 0x00000000 rid 119 GPUVA 0x10002490000 cpu 109624000
[mtlr]   out: 0000010002490000 0000000109624000 00000001003ed940 0000000000000000
[mtlr]   out: 0000007700000000 0000000000004000 0000000047381fa4 000000000001e6aa
[mtlr] resource2 sel8 flags 470 sz 0x1000 -> kr 0x00000000 rid 119 GPUVA 0x10002490000 cpu 109624000
[mtlr]   out: 0000010002490000 0000000109624000 00000001003ed940 0000000000000000
[mtlr]   out: 0000007700000000 0000000000004000 0000000047381fa5 000000000001e6ab
[mtlr] resource2 sel8 flags 470 sz 0x1000 -> kr 0x00000000 rid 119 GPUVA 0x10002490000 cpu 109624000
[mtlr]   out: 0000010002490000 0000000109624000 00000001003ed940 0000000000000000
[mtlr]   out: 0000007700000000 0000000000004000 0000000047381fa6 000000000001e6ac
[mtlr] resource2 sel8 flags 470 sz 0x1000 -> kr 0x00000000 rid 119 GPUVA 0x10002490000 cpu 109624000
[mtlr]   out: 0000010002490000 0000000109624000 00000001003ed940 0000000000000000
[mtlr]   out: 0000007700000000 0000000000004000 0000000047381fa7 000000000001e6ad
[mtlr] resource2 sel8 flags 470 sz 0x1000 -> kr 0x00000000 rid 119 GPUVA 0x10002490000 cpu 109624000
[mtlr]   out: 0000010002490000 0000000109624000 00000001003ed940 0000000000000000
[mtlr]   out: 0000007700000000 0000000000004000 0000000047381fa8 000000000001e6ae
[mtlr] resource2 sel8 flags 470 sz 0x1000 -> kr 0x00000000 rid 119 GPUVA 0x10002490000 cpu 109624000
[mtlr]   out: 0000010002490000 0000000109624000 00000001003ed940 0000000000000000
[mtlr]   out: 0000007700000000 0000000000004000 0000000047381fa9 000000000001e6af
[mtlr] resource2 sel8 flags 470 sz 0x1000 -> kr 0x00000000 rid 119 GPUVA 0x10002490000 cpu 109624000
[mtlr]   out: 0000010002490000 0000000109624000 00000001003ed940 0000000000000000
[mtlr]   out: 0000007700000000 0000000000004000 0000000047381faa 000000000001e6b0
[mtlr] resource2 sel8 flags 470 sz 0x1000 -> kr 0x00000000 rid 119 GPUVA 0x10002490000 cpu 109624000
[mtlr]   out: 0000010002490000 0000000109624000 00000001003ed940 0000000000000000
[mtlr]   out: 0000007700000000 0000000000004000 0000000047381fab 000000000001e6b1
[mtlr] resource2 sel8 flags 470 sz 0x1000 -> kr 0x00000000 rid 119 GPUVA 0x10002490000 cpu 109624000
[mtlr]   out: 0000010002490000 0000000109624000 00000001003ed940 0000000000000000
[mtlr]   out: 0000007700000000 0000000000004000 0000000047381fac 000000000001e6b2
[mtlr] resource2 sel8 flags 470 sz 0x1000 -> kr 0x00000000 rid 119 GPUVA 0x10002490000 cpu 109624000
[mtlr]   out: 0000010002490000 0000000109624000 00000001003ed940 0000000000000000
[mtlr]   out: 0000007700000000 0000000000004000 0000000047381fad 000000000001e6b3
[mtlr] resource2 sel8 flags 470 sz 0x1000 -> kr 0x00000000 rid 119 GPUVA 0x10002490000 cpu 109624000
[mtlr]   out: 0000010002490000 0000000109624000 00000001003ed940 0000000000000000
[mtlr]   out: 0000007700000000 0000000000004000 0000000047381fae 000000000001e6b4
[mtlr] resource2 sel8 flags 470 sz 0x1000 -> kr 0x00000000 rid 119 GPUVA 0x10002490000 cpu 109624000
[mtlr]   out: 0000010002490000 0000000109624000 00000001003ed940 0000000000000000
[mtlr]   out: 0000007700000000 0000000000004000 0000000047381faf 000000000001e6b5
[mtlr] resource2 sel8 flags 470 sz 0x1000 -> kr 0x00000000 rid 119 GPUVA 0x10002490000 cpu 109624000
[mtlr]   out: 0000010002490000 0000000109624000 00000001003ed940 0000000000000000
[mtlr]   out: 0000007700000000 0000000000004000 0000000047381fb0 000000000001e6b6
[mtlr] resource2 sel8 flags 470 sz 0x1000 -> kr 0x00000000 rid 119 GPUVA 0x10002490000 cpu 109624000
[mtlr]   out: 0000010002490000 0000000109624000 00000001003ed940 0000000000000000
[mtlr]   out: 0000007700000000 0000000000004000 0000000047381fb1 000000000001e6b7
[mtlr] resource2 sel8 flags 470 sz 0x1000 -> kr 0x00000000 rid 119 GPUVA 0x10002490000 cpu 109624000
[mtlr]   out: 0000010002490000 0000000109624000 00000001003ed940 0000000000000000
[mtlr]   out: 0000007700000000 0000000000004000 0000000047381fb2 000000000001e6b8
[mtlr] resource2 sel8 flags 470 sz 0x1000 -> kr 0x00000000 rid 119 GPUVA 0x10002490000 cpu 109624000
[mtlr]   out: 0000010002490000 0000000109624000 00000001003ed940 0000000000000000
[mtlr]   out: 0000007700000000 0000000000004000 0000000047381fb3 000000000001e6b9
[mtlr] resource2 sel8 flags 470 sz 0x1000 -> kr 0x00000000 rid 119 GPUVA 0x10002490000 cpu 109624000
[mtlr]   out: 0000010002490000 0000000109624000 00000001003ed940 0000000000000000
[mtlr]   out: 0000007700000000 0000000000004000 0000000047381fb4 000000000001e6ba
[mtlr] resource2 sel8 flags 470 sz 0x1000 -> kr 0x00000000 rid 119 GPUVA 0x10002490000 cpu 109624000
[mtlr]   out: 0000010002490000 0000000109624000 00000001003ed940 0000000000000000
[mtlr]   out: 0000007700000000 0000000000004000 0000000047381fb5 000000000001e6bb
[mtlr] resource2 sel8 flags 470 sz 0x1000 -> kr 0x00000000 rid 119 GPUVA 0x10002490000 cpu 109624000
[mtlr]   out: 0000010002490000 0000000109624000 00000001003ed940 0000000000000000
[mtlr]   out: 0000007700000000 0000000000004000 0000000047381fb6 000000000001e6bc
[mtlr] resource2 sel8 flags 470 sz 0x1000 -> kr 0x00000000 rid 119 GPUVA 0x10002490000 cpu 109624000
[mtlr]   out: 0000010002490000 0000000109624000 00000001003ed940 0000000000000000
[mtlr]   out: 0000007700000000 0000000000004000 0000000047381fb7 000000000001e6bd
[uatrec] S4 r16 (+1s): nvv 8 ncb 8 vsz 0x100000 fill 0x0 destroy0 kr 0x00000000 nj 40
[uatrec] S4 r16 blit[0] slots 8 ridp 1
[uatrec] S4 r16 blit[1] slots 8 ridp 1
[uatrec] S4 r16 blit[2] slots 8 ridp 1
[uatrec] S4 r16 blit[3] slots 8 ridp 1
[uatrec] S4 r16 blit[4] slots 8 ridp 1
[uatrec] S4 r16 blit[5] slots 8 ridp 1
[uatrec] S4 r16 blit[6] slots 8 ridp 1
[uatrec] S4 r16 blit[7] slots 8 ridp 1
[mtlr] resource2 sel8 flags 470 sz 0x100000 -> kr 0x00000000 rid 119 GPUVA 0x10002490000 cpu 108524000
[mtlr]   out: 0000010002490000 0000000108524000 00000001003ed940 0000000000000000
[mtlr]   out: 0000007700000000 0000000000100000 0000000047381fca 000000000001e6c0
[uatrec] S4 r17 victim[0] rid 119 gpuva 0x10002490000 cpu 0x108524000 (top-of-stack)
[mtlr] resource2 sel8 flags 470 sz 0x100000 -> kr 0x00000000 rid 120 GPUVA 0x10002598000 cpu 108624000
[mtlr]   out: 0000010002598000 0000000108624000 00000001003eda00 0000000000000000
[mtlr]   out: 0000007800000000 0000000000100000 0000000047381fcb 000000000001e6c1
[uatrec] S4 r17 victim[1] rid 120 gpuva 0x10002598000 cpu 0x108624000 (top-of-stack)
[mtlr] resource2 sel8 flags 470 sz 0x100000 -> kr 0x00000000 rid 121 GPUVA 0x100026a0000 cpu 108724000
[mtlr]   out: 00000100026a0000 0000000108724000 00000001003edac0 0000000000000000
[mtlr]   out: 0000007900000000 0000000000100000 0000000047381fcc 000000000001e6c2
[uatrec] S4 r17 victim[2] rid 121 gpuva 0x100026a0000 cpu 0x108724000 (top-of-stack)
[mtlr] resource2 sel8 flags 470 sz 0x100000 -> kr 0x00000000 rid 122 GPUVA 0x100027a8000 cpu 108824000
[mtlr]   out: 00000100027a8000 0000000108824000 00000001003edb80 0000000000000000
[mtlr]   out: 0000007a00000000 0000000000100000 0000000047381fcd 000000000001e6c3
[uatrec] S4 r17 victim[3] rid 122 gpuva 0x100027a8000 cpu 0x108824000 (top-of-stack)
[mtlr] resource2 sel8 flags 470 sz 0x100000 -> kr 0x00000000 rid 123 GPUVA 0x100028b0000 cpu 108924000
[mtlr]   out: 00000100028b0000 0000000108924000 00000001003edc40 0000000000000000
[mtlr]   out: 0000007b00000000 0000000000100000 0000000047381fce 000000000001e6c4
[uatrec] S4 r17 victim[4] rid 123 gpuva 0x100028b0000 cpu 0x108924000 (top-of-stack)
[mtlr] resource2 sel8 flags 470 sz 0x100000 -> kr 0x00000000 rid 124 GPUVA 0x100029b8000 cpu 108a24000
[mtlr]   out: 00000100029b8000 0000000108a24000 00000001003edd00 0000000000000000
[mtlr]   out: 0000007c00000000 0000000000100000 0000000047381fcf 000000000001e6c5
[uatrec] S4 r17 victim[5] rid 124 gpuva 0x100029b8000 cpu 0x108a24000 (top-of-stack)
[mtlr] resource2 sel8 flags 470 sz 0x100000 -> kr 0x00000000 rid 125 GPUVA 0x10002ac0000 cpu 108b24000
[mtlr]   out: 0000010002ac0000 0000000108b24000 00000001003eddc0 0000000000000000
[mtlr]   out: 0000007d00000000 0000000000100000 0000000047381fd7 000000000001e6c6
[uatrec] S4 r17 victim[6] rid 125 gpuva 0x10002ac0000 cpu 0x108b24000 (top-of-stack)
[mtlr] resource2 sel8 flags 470 sz 0x100000 -> kr 0x00000000 rid 126 GPUVA 0x10002bc8000 cpu 108c24000
[mtlr]   out: 0000010002bc8000 0000000108c24000 00000001003ede80 0000000000000000
[mtlr]   out: 0000007e00000000 0000000000100000 0000000047381fd8 000000000001e6c7
[uatrec] S4 r17 victim[7] rid 126 gpuva 0x10002bc8000 cpu 0x108c24000 (top-of-stack)
[mtlr] resource2 sel8 flags 470 sz 0x1000 -> kr 0x00000000 rid 119 GPUVA 0x10002490000 cpu 10a424000
[mtlr]   out: 0000010002490000 000000010a424000 00000001003ed940 0000000000000000
[mtlr]   out: 0000007700000000 0000000000004000 0000000047381fef 000000000001e6d1
[mtlr] resource2 sel8 flags 470 sz 0x1000 -> kr 0x00000000 rid 119 GPUVA 0x10002490000 cpu 10a424000
[mtlr]   out: 0000010002490000 000000010a424000 00000001003ed940 0000000000000000
[mtlr]   out: 0000007700000000 0000000000004000 0000000047381ff0 000000000001e6d2
[mtlr] resource2 sel8 flags 470 sz 0x1000 -> kr 0x00000000 rid 119 GPUVA 0x10002490000 cpu 10a424000
[mtlr]   out: 0000010002490000 000000010a424000 00000001003ed940 0000000000000000
[mtlr]   out: 0000007700000000 0000000000004000 0000000047381ff1 000000000001e6d3
[mtlr] resource2 sel8 flags 470 sz 0x1000 -> kr 0x00000000 rid 119 GPUVA 0x10002490000 cpu 10a424000
[mtlr]   out: 0000010002490000 000000010a424000 00000001003ed940 0000000000000000
[mtlr]   out: 0000007700000000 0000000000004000 0000000047381ff2 000000000001e6d4
[mtlr] resource2 sel8 flags 470 sz 0x1000 -> kr 0x00000000 rid 119 GPUVA 0x10002490000 cpu 10a424000
[mtlr]   out: 0000010002490000 000000010a424000 00000001003ed940 0000000000000000
[mtlr]   out: 0000007700000000 0000000000004000 0000000047381ff3 000000000001e6d5
[mtlr] resource2 sel8 flags 470 sz 0x1000 -> kr 0x00000000 rid 119 GPUVA 0x10002490000 cpu 10a424000
[mtlr]   out: 0000010002490000 000000010a424000 00000001003ed940 0000000000000000
[mtlr]   out: 0000007700000000 0000000000004000 0000000047381ff4 000000000001e6d6
[mtlr] resource2 sel8 flags 470 sz 0x1000 -> kr 0x00000000 rid 119 GPUVA 0x10002490000 cpu 10a424000
[mtlr]   out: 0000010002490000 000000010a424000 00000001003ed940 0000000000000000
[mtlr]   out: 0000007700000000 0000000000004000 0000000047381ff5 000000000001e6d7
[mtlr] resource2 sel8 flags 470 sz 0x1000 -> kr 0x00000000 rid 119 GPUVA 0x10002490000 cpu 10a424000
[mtlr]   out: 0000010002490000 000000010a424000 00000001003ed940 0000000000000000
[mtlr]   out: 0000007700000000 0000000000004000 0000000047381ff6 000000000001e6d8
[mtlr] resource2 sel8 flags 470 sz 0x1000 -> kr 0x00000000 rid 119 GPUVA 0x10002490000 cpu 10a424000
[mtlr]   out: 0000010002490000 000000010a424000 00000001003ed940 0000000000000000
[mtlr]   out: 0000007700000000 0000000000004000 0000000047381ff7 000000000001e6d9
[mtlr] resource2 sel8 flags 470 sz 0x1000 -> kr 0x00000000 rid 119 GPUVA 0x10002490000 cpu 10a424000
[mtlr]   out: 0000010002490000 000000010a424000 00000001003ed940 0000000000000000
[mtlr]   out: 0000007700000000 0000000000004000 0000000047381ff8 000000000001e6da
[mtlr] resource2 sel8 flags 470 sz 0x1000 -> kr 0x00000000 rid 119 GPUVA 0x10002490000 cpu 10a424000
[mtlr]   out: 0000010002490000 000000010a424000 00000001003ed940 0000000000000000
[mtlr]   out: 0000007700000000 0000000000004000 0000000047381ff9 000000000001e6db
[mtlr] resource2 sel8 flags 470 sz 0x1000 -> kr 0x00000000 rid 119 GPUVA 0x10002490000 cpu 10a424000
[mtlr]   out: 0000010002490000 000000010a424000 00000001003ed940 0000000000000000
[mtlr]   out: 0000007700000000 0000000000004000 0000000047381ffa 000000000001e6dc
[mtlr] resource2 sel8 flags 470 sz 0x1000 -> kr 0x00000000 rid 119 GPUVA 0x10002490000 cpu 10a424000
[mtlr]   out: 0000010002490000 000000010a424000 00000001003ed940 0000000000000000
[mtlr]   out: 0000007700000000 0000000000004000 0000000047381ffb 000000000001e6dd
[mtlr] resource2 sel8 flags 470 sz 0x1000 -> kr 0x00000000 rid 119 GPUVA 0x10002490000 cpu 10a424000
[mtlr]   out: 0000010002490000 000000010a424000 00000001003ed940 0000000000000000
[mtlr]   out: 0000007700000000 0000000000004000 0000000047381ffc 000000000001e6de
[mtlr] resource2 sel8 flags 470 sz 0x1000 -> kr 0x00000000 rid 119 GPUVA 0x10002490000 cpu 10a424000
[mtlr]   out: 0000010002490000 000000010a424000 00000001003ed940 0000000000000000
[mtlr]   out: 0000007700000000 0000000000004000 0000000047381ffd 000000000001e6df
[mtlr] resource2 sel8 flags 470 sz 0x1000 -> kr 0x00000000 rid 119 GPUVA 0x10002490000 cpu 10a424000
[mtlr]   out: 0000010002490000 000000010a424000 00000001003ed940 0000000000000000
[mtlr]   out: 0000007700000000 0000000000004000 0000000047381ffe 000000000001e6e0
[mtlr] resource2 sel8 flags 470 sz 0x1000 -> kr 0x00000000 rid 119 GPUVA 0x10002490000 cpu 10a424000
[mtlr]   out: 0000010002490000 000000010a424000 00000001003ed940 0000000000000000
[mtlr]   out: 0000007700000000 0000000000004000 0000000047381fff 000000000001e6e1
[mtlr] resource2 sel8 flags 470 sz 0x1000 -> kr 0x00000000 rid 119 GPUVA 0x10002490000 cpu 10a424000
[mtlr]   out: 0000010002490000 000000010a424000 00000001003ed940 0000000000000000
[mtlr]   out: 0000007700000000 0000000000004000 0000000047382000 000000000001e6e2
[mtlr] resource2 sel8 flags 470 sz 0x1000 -> kr 0x00000000 rid 119 GPUVA 0x10002490000 cpu 10a424000
[mtlr]   out: 0000010002490000 000000010a424000 00000001003ed940 0000000000000000
[mtlr]   out: 0000007700000000 0000000000004000 0000000047382001 000000000001e6e3
[mtlr] resource2 sel8 flags 470 sz 0x1000 -> kr 0x00000000 rid 119 GPUVA 0x10002490000 cpu 10a424000
[mtlr]   out: 0000010002490000 000000010a424000 00000001003ed940 0000000000000000
[mtlr]   out: 0000007700000000 0000000000004000 0000000047382002 000000000001e6e4
[mtlr] resource2 sel8 flags 470 sz 0x1000 -> kr 0x00000000 rid 119 GPUVA 0x10002490000 cpu 10a424000
[mtlr]   out: 0000010002490000 000000010a424000 00000001003ed940 0000000000000000
[mtlr]   out: 0000007700000000 0000000000004000 0000000047382003 000000000001e6e5
[mtlr] resource2 sel8 flags 470 sz 0x1000 -> kr 0x00000000 rid 119 GPUVA 0x10002490000 cpu 10a424000
[mtlr]   out: 0000010002490000 000000010a424000 00000001003ed940 0000000000000000
[mtlr]   out: 0000007700000000 0000000000004000 0000000047382004 000000000001e6e6
[mtlr] resource2 sel8 flags 470 sz 0x1000 -> kr 0x00000000 rid 119 GPUVA 0x10002490000 cpu 10a424000
[mtlr]   out: 0000010002490000 000000010a424000 00000001003ed940 0000000000000000
[mtlr]   out: 0000007700000000 0000000000004000 0000000047382005 000000000001e6e7
[mtlr] resource2 sel8 flags 470 sz 0x1000 -> kr 0x00000000 rid 119 GPUVA 0x10002490000 cpu 10a424000
[mtlr]   out: 0000010002490000 000000010a424000 00000001003ed940 0000000000000000
[mtlr]   out: 0000007700000000 0000000000004000 0000000047382006 000000000001e6e8
[mtlr] resource2 sel8 flags 470 sz 0x1000 -> kr 0x00000000 rid 119 GPUVA 0x10002490000 cpu 10a424000
[mtlr]   out: 0000010002490000 000000010a424000 00000001003ed940 0000000000000000
[mtlr]   out: 0000007700000000 0000000000004000 0000000047382007 000000000001e6e9
[mtlr] resource2 sel8 flags 470 sz 0x1000 -> kr 0x00000000 rid 119 GPUVA 0x10002490000 cpu 10a424000
[mtlr]   out: 0000010002490000 000000010a424000 00000001003ed940 0000000000000000
[mtlr]   out: 0000007700000000 0000000000004000 0000000047382008 000000000001e6ea
[mtlr] resource2 sel8 flags 470 sz 0x1000 -> kr 0x00000000 rid 119 GPUVA 0x10002490000 cpu 10a424000
[mtlr]   out: 0000010002490000 000000010a424000 00000001003ed940 0000000000000000
[mtlr]   out: 0000007700000000 0000000000004000 0000000047382009 000000000001e6eb
[mtlr] resource2 sel8 flags 470 sz 0x1000 -> kr 0x00000000 rid 119 GPUVA 0x10002490000 cpu 10a424000
[mtlr]   out: 0000010002490000 000000010a424000 00000001003ed940 0000000000000000
[mtlr]   out: 0000007700000000 0000000000004000 000000004738200a 000000000001e6ec
[mtlr] resource2 sel8 flags 470 sz 0x1000 -> kr 0x00000000 rid 119 GPUVA 0x10002490000 cpu 10a424000
[mtlr]   out: 0000010002490000 000000010a424000 00000001003ed940 0000000000000000
[mtlr]   out: 0000007700000000 0000000000004000 000000004738200b 000000000001e6ed
[mtlr] resource2 sel8 flags 470 sz 0x1000 -> kr 0x00000000 rid 119 GPUVA 0x10002490000 cpu 10a424000
[mtlr]   out: 0000010002490000 000000010a424000 00000001003ed940 0000000000000000
[mtlr]   out: 0000007700000000 0000000000004000 000000004738200c 000000000001e6ee
[mtlr] resource2 sel8 flags 470 sz 0x1000 -> kr 0x00000000 rid 119 GPUVA 0x10002490000 cpu 10a424000
[mtlr]   out: 0000010002490000 000000010a424000 00000001003ed940 0000000000000000
[mtlr]   out: 0000007700000000 0000000000004000 000000004738200d 000000000001e6ef
[mtlr] resource2 sel8 flags 470 sz 0x1000 -> kr 0x00000000 rid 119 GPUVA 0x10002490000 cpu 10a424000
[mtlr]   out: 0000010002490000 000000010a424000 00000001003ed940 0000000000000000
[mtlr]   out: 0000007700000000 0000000000004000 000000004738200e 000000000001e6f0
[mtlr] resource2 sel8 flags 470 sz 0x1000 -> kr 0x00000000 rid 119 GPUVA 0x10002490000 cpu 10a424000
[mtlr]   out: 0000010002490000 000000010a424000 00000001003ed940 0000000000000000
[mtlr]   out: 0000007700000000 0000000000004000 000000004738200f 000000000001e6f1
[mtlr] resource2 sel8 flags 470 sz 0x1000 -> kr 0x00000000 rid 119 GPUVA 0x10002490000 cpu 10a424000
[mtlr]   out: 0000010002490000 000000010a424000 00000001003ed940 0000000000000000
[mtlr]   out: 0000007700000000 0000000000004000 0000000047382010 000000000001e6f2
[mtlr] resource2 sel8 flags 470 sz 0x1000 -> kr 0x00000000 rid 119 GPUVA 0x10002490000 cpu 10a424000
[mtlr]   out: 0000010002490000 000000010a424000 00000001003ed940 0000000000000000
[mtlr]   out: 0000007700000000 0000000000004000 0000000047382011 000000000001e6f3
[mtlr] resource2 sel8 flags 470 sz 0x1000 -> kr 0x00000000 rid 119 GPUVA 0x10002490000 cpu 10a424000
[mtlr]   out: 0000010002490000 000000010a424000 00000001003ed940 0000000000000000
[mtlr]   out: 0000007700000000 0000000000004000 0000000047382012 000000000001e6f4
[mtlr] resource2 sel8 flags 470 sz 0x1000 -> kr 0x00000000 rid 119 GPUVA 0x10002490000 cpu 10a424000
[mtlr]   out: 0000010002490000 000000010a424000 00000001003ed940 0000000000000000
[mtlr]   out: 0000007700000000 0000000000004000 0000000047382013 000000000001e6f5
[mtlr] resource2 sel8 flags 470 sz 0x1000 -> kr 0x00000000 rid 119 GPUVA 0x10002490000 cpu 10a424000
[mtlr]   out: 0000010002490000 000000010a424000 00000001003ed940 0000000000000000
[mtlr]   out: 0000007700000000 0000000000004000 0000000047382014 000000000001e6f6
[mtlr] resource2 sel8 flags 470 sz 0x1000 -> kr 0x00000000 rid 119 GPUVA 0x10002490000 cpu 10a424000
[mtlr]   out: 0000010002490000 000000010a424000 00000001003ed940 0000000000000000
[mtlr]   out: 0000007700000000 0000000000004000 0000000047382015 000000000001e6f7
[mtlr] resource2 sel8 flags 470 sz 0x1000 -> kr 0x00000000 rid 119 GPUVA 0x10002490000 cpu 10a424000
[mtlr]   out: 0000010002490000 000000010a424000 00000001003ed940 0000000000000000
[mtlr]   out: 0000007700000000 0000000000004000 0000000047382016 000000000001e6f8
[uatrec] S4 r17 (+1s): nvv 8 ncb 8 vsz 0x100000 fill 0x0 destroy0 kr 0x00000000 nj 40
[uatrec] S4 r17 blit[0] slots 8 ridp 1
[uatrec] S4 r17 blit[1] slots 8 ridp 1
[uatrec] S4 r17 blit[2] slots 8 ridp 1
[uatrec] S4 r17 blit[3] slots 9 ridp 1
[uatrec] S4 r17 blit[4] slots 8 ridp 1
[uatrec] S4 r17 blit[5] slots 9 ridp 1
[uatrec] S4 r17 blit[6] slots 8 ridp 1
[uatrec] S4 r17 blit[7] slots 9 ridp 1
[mtlr] resource2 sel8 flags 470 sz 0x100000 -> kr 0x00000000 rid 119 GPUVA 0x10002490000 cpu 109e24000
[mtlr]   out: 0000010002490000 0000000109e24000 00000001003ed940 0000000000000000
[mtlr]   out: 0000007700000000 0000000000100000 000000004738202e 000000000001e6fb
[uatrec] S4 r18 victim[0] rid 119 gpuva 0x10002490000 cpu 0x109e24000 (top-of-stack)
[mtlr] resource2 sel8 flags 470 sz 0x100000 -> kr 0x00000000 rid 120 GPUVA 0x10002598000 cpu 109f24000
[mtlr]   out: 0000010002598000 0000000109f24000 00000001003eda00 0000000000000000
[mtlr]   out: 0000007800000000 0000000000100000 000000004738202f 000000000001e6fc
[uatrec] S4 r18 victim[1] rid 120 gpuva 0x10002598000 cpu 0x109f24000 (top-of-stack)
[mtlr] resource2 sel8 flags 470 sz 0x100000 -> kr 0x00000000 rid 121 GPUVA 0x100026a0000 cpu 10a024000
[mtlr]   out: 00000100026a0000 000000010a024000 00000001003edac0 0000000000000000
[mtlr]   out: 0000007900000000 0000000000100000 0000000047382030 000000000001e6fd
[uatrec] S4 r18 victim[2] rid 121 gpuva 0x100026a0000 cpu 0x10a024000 (top-of-stack)
[mtlr] resource2 sel8 flags 470 sz 0x100000 -> kr 0x00000000 rid 122 GPUVA 0x100027a8000 cpu 10a124000
[mtlr]   out: 00000100027a8000 000000010a124000 00000001003edb80 0000000000000000
[mtlr]   out: 0000007a00000000 0000000000100000 0000000047382031 000000000001e6fe
[uatrec] S4 r18 victim[3] rid 122 gpuva 0x100027a8000 cpu 0x10a124000 (top-of-stack)
[mtlr] resource2 sel8 flags 470 sz 0x100000 -> kr 0x00000000 rid 123 GPUVA 0x100028b0000 cpu 108e24000
[mtlr]   out: 00000100028b0000 0000000108e24000 00000001003edc40 0000000000000000
[mtlr]   out: 0000007b00000000 0000000000100000 0000000047382032 000000000001e6ff
[uatrec] S4 r18 victim[4] rid 123 gpuva 0x100028b0000 cpu 0x108e24000 (top-of-stack)
[mtlr] resource2 sel8 flags 470 sz 0x100000 -> kr 0x00000000 rid 124 GPUVA 0x100029b8000 cpu 108f24000
[mtlr]   out: 00000100029b8000 0000000108f24000 00000001003edd00 0000000000000000
[mtlr]   out: 0000007c00000000 0000000000100000 0000000047382033 000000000001e700
[uatrec] S4 r18 victim[5] rid 124 gpuva 0x100029b8000 cpu 0x108f24000 (top-of-stack)
[mtlr] resource2 sel8 flags 470 sz 0x100000 -> kr 0x00000000 rid 125 GPUVA 0x10002ac0000 cpu 109024000
[mtlr]   out: 0000010002ac0000 0000000109024000 00000001003eddc0 0000000000000000
[mtlr]   out: 0000007d00000000 0000000000100000 0000000047382034 000000000001e701
[uatrec] S4 r18 victim[6] rid 125 gpuva 0x10002ac0000 cpu 0x109024000 (top-of-stack)
[mtlr] resource2 sel8 flags 470 sz 0x100000 -> kr 0x00000000 rid 126 GPUVA 0x10002bc8000 cpu 108524000
[mtlr]   out: 0000010002bc8000 0000000108524000 00000001003ede80 0000000000000000
[mtlr]   out: 0000007e00000000 0000000000100000 0000000047382035 000000000001e702
[uatrec] S4 r18 victim[7] rid 126 gpuva 0x10002bc8000 cpu 0x108524000 (top-of-stack)
[mtlr] resource2 sel8 flags 470 sz 0x1000 -> kr 0x00000000 rid 119 GPUVA 0x10002490000 cpu 109224000
[mtlr]   out: 0000010002490000 0000000109224000 00000001003ed940 0000000000000000
[mtlr]   out: 0000007700000000 0000000000004000 0000000047382053 000000000001e70c
[mtlr] resource2 sel8 flags 470 sz 0x1000 -> kr 0x00000000 rid 119 GPUVA 0x10002490000 cpu 109224000
[mtlr]   out: 0000010002490000 0000000109224000 00000001003ed940 0000000000000000
[mtlr]   out: 0000007700000000 0000000000004000 0000000047382054 000000000001e70d
[mtlr] resource2 sel8 flags 470 sz 0x1000 -> kr 0x00000000 rid 119 GPUVA 0x10002490000 cpu 109224000
[mtlr]   out: 0000010002490000 0000000109224000 00000001003ed940 0000000000000000
[mtlr]   out: 0000007700000000 0000000000004000 0000000047382055 000000000001e70e
[mtlr] resource2 sel8 flags 470 sz 0x1000 -> kr 0x00000000 rid 119 GPUVA 0x10002490000 cpu 109224000
[mtlr]   out: 0000010002490000 0000000109224000 00000001003ed940 0000000000000000
[mtlr]   out: 0000007700000000 0000000000004000 0000000047382056 000000000001e70f
[mtlr] resource2 sel8 flags 470 sz 0x1000 -> kr 0x00000000 rid 119 GPUVA 0x10002490000 cpu 109224000
[mtlr]   out: 0000010002490000 0000000109224000 00000001003ed940 0000000000000000
[mtlr]   out: 0000007700000000 0000000000004000 0000000047382057 000000000001e710
[mtlr] resource2 sel8 flags 470 sz 0x1000 -> kr 0x00000000 rid 119 GPUVA 0x10002490000 cpu 109224000
[mtlr]   out: 0000010002490000 0000000109224000 00000001003ed940 0000000000000000
[mtlr]   out: 0000007700000000 0000000000004000 0000000047382058 000000000001e711
[mtlr] resource2 sel8 flags 470 sz 0x1000 -> kr 0x00000000 rid 119 GPUVA 0x10002490000 cpu 109224000
[mtlr]   out: 0000010002490000 0000000109224000 00000001003ed940 0000000000000000
[mtlr]   out: 0000007700000000 0000000000004000 0000000047382059 000000000001e712
[mtlr] resource2 sel8 flags 470 sz 0x1000 -> kr 0x00000000 rid 119 GPUVA 0x10002490000 cpu 109224000
[mtlr]   out: 0000010002490000 0000000109224000 00000001003ed940 0000000000000000
[mtlr]   out: 0000007700000000 0000000000004000 000000004738205a 000000000001e713
[mtlr] resource2 sel8 flags 470 sz 0x1000 -> kr 0x00000000 rid 119 GPUVA 0x10002490000 cpu 109224000
[mtlr]   out: 0000010002490000 0000000109224000 00000001003ed940 0000000000000000
[mtlr]   out: 0000007700000000 0000000000004000 000000004738205b 000000000001e714
[mtlr] resource2 sel8 flags 470 sz 0x1000 -> kr 0x00000000 rid 119 GPUVA 0x10002490000 cpu 109224000
[mtlr]   out: 0000010002490000 0000000109224000 00000001003ed940 0000000000000000
[mtlr]   out: 0000007700000000 0000000000004000 000000004738205c 000000000001e715
[mtlr] resource2 sel8 flags 470 sz 0x1000 -> kr 0x00000000 rid 119 GPUVA 0x10002490000 cpu 109224000
[mtlr]   out: 0000010002490000 0000000109224000 00000001003ed940 0000000000000000
[mtlr]   out: 0000007700000000 0000000000004000 000000004738205d 000000000001e716
[mtlr] resource2 sel8 flags 470 sz 0x1000 -> kr 0x00000000 rid 119 GPUVA 0x10002490000 cpu 109224000
[mtlr]   out: 0000010002490000 0000000109224000 00000001003ed940 0000000000000000
[mtlr]   out: 0000007700000000 0000000000004000 000000004738205e 000000000001e717
[mtlr] resource2 sel8 flags 470 sz 0x1000 -> kr 0x00000000 rid 119 GPUVA 0x10002490000 cpu 109224000
[mtlr]   out: 0000010002490000 0000000109224000 00000001003ed940 0000000000000000
[mtlr]   out: 0000007700000000 0000000000004000 000000004738205f 000000000001e718
[mtlr] resource2 sel8 flags 470 sz 0x1000 -> kr 0x00000000 rid 119 GPUVA 0x10002490000 cpu 109224000
[mtlr]   out: 0000010002490000 0000000109224000 00000001003ed940 0000000000000000
[mtlr]   out: 0000007700000000 0000000000004000 0000000047382060 000000000001e719
[mtlr] resource2 sel8 flags 470 sz 0x1000 -> kr 0x00000000 rid 119 GPUVA 0x10002490000 cpu 109224000
[mtlr]   out: 0000010002490000 0000000109224000 00000001003ed940 0000000000000000
[mtlr]   out: 0000007700000000 0000000000004000 0000000047382061 000000000001e71a
[mtlr] resource2 sel8 flags 470 sz 0x1000 -> kr 0x00000000 rid 119 GPUVA 0x10002490000 cpu 109224000
[mtlr]   out: 0000010002490000 0000000109224000 00000001003ed940 0000000000000000
[mtlr]   out: 0000007700000000 0000000000004000 0000000047382062 000000000001e71b
[mtlr] resource2 sel8 flags 470 sz 0x1000 -> kr 0x00000000 rid 119 GPUVA 0x10002490000 cpu 109224000
[mtlr]   out: 0000010002490000 0000000109224000 00000001003ed940 0000000000000000
[mtlr]   out: 0000007700000000 0000000000004000 0000000047382063 000000000001e71c
[mtlr] resource2 sel8 flags 470 sz 0x1000 -> kr 0x00000000 rid 119 GPUVA 0x10002490000 cpu 109224000
[mtlr]   out: 0000010002490000 0000000109224000 00000001003ed940 0000000000000000
[mtlr]   out: 0000007700000000 0000000000004000 0000000047382064 000000000001e71d
[mtlr] resource2 sel8 flags 470 sz 0x1000 -> kr 0x00000000 rid 119 GPUVA 0x10002490000 cpu 109224000
[mtlr]   out: 0000010002490000 0000000109224000 00000001003ed940 0000000000000000
[mtlr]   out: 0000007700000000 0000000000004000 0000000047382065 000000000001e71e
[mtlr] resource2 sel8 flags 470 sz 0x1000 -> kr 0x00000000 rid 119 GPUVA 0x10002490000 cpu 109224000
[mtlr]   out: 0000010002490000 0000000109224000 00000001003ed940 0000000000000000
[mtlr]   out: 0000007700000000 0000000000004000 0000000047382066 000000000001e71f
[mtlr] resource2 sel8 flags 470 sz 0x1000 -> kr 0x00000000 rid 119 GPUVA 0x10002490000 cpu 109224000
[mtlr]   out: 0000010002490000 0000000109224000 00000001003ed940 0000000000000000
[mtlr]   out: 0000007700000000 0000000000004000 0000000047382067 000000000001e720
[mtlr] resource2 sel8 flags 470 sz 0x1000 -> kr 0x00000000 rid 119 GPUVA 0x10002490000 cpu 109224000
[mtlr]   out: 0000010002490000 0000000109224000 00000001003ed940 0000000000000000
[mtlr]   out: 0000007700000000 0000000000004000 0000000047382068 000000000001e721
[mtlr] resource2 sel8 flags 470 sz 0x1000 -> kr 0x00000000 rid 119 GPUVA 0x10002490000 cpu 109224000
[mtlr]   out: 0000010002490000 0000000109224000 00000001003ed940 0000000000000000
[mtlr]   out: 0000007700000000 0000000000004000 0000000047382069 000000000001e722
[mtlr] resource2 sel8 flags 470 sz 0x1000 -> kr 0x00000000 rid 119 GPUVA 0x10002490000 cpu 109224000
[mtlr]   out: 0000010002490000 0000000109224000 00000001003ed940 0000000000000000
[mtlr]   out: 0000007700000000 0000000000004000 000000004738206a 000000000001e723
[mtlr] resource2 sel8 flags 470 sz 0x1000 -> kr 0x00000000 rid 119 GPUVA 0x10002490000 cpu 109224000
[mtlr]   out: 0000010002490000 0000000109224000 00000001003ed940 0000000000000000
[mtlr]   out: 0000007700000000 0000000000004000 000000004738206b 000000000001e724
[mtlr] resource2 sel8 flags 470 sz 0x1000 -> kr 0x00000000 rid 119 GPUVA 0x10002490000 cpu 109224000
[mtlr]   out: 0000010002490000 0000000109224000 00000001003ed940 0000000000000000
[mtlr]   out: 0000007700000000 0000000000004000 000000004738206c 000000000001e725
[mtlr] resource2 sel8 flags 470 sz 0x1000 -> kr 0x00000000 rid 119 GPUVA 0x10002490000 cpu 109224000
[mtlr]   out: 0000010002490000 0000000109224000 00000001003ed940 0000000000000000
[mtlr]   out: 0000007700000000 0000000000004000 000000004738206d 000000000001e726
[mtlr] resource2 sel8 flags 470 sz 0x1000 -> kr 0x00000000 rid 119 GPUVA 0x10002490000 cpu 109224000
[mtlr]   out: 0000010002490000 0000000109224000 00000001003ed940 0000000000000000
[mtlr]   out: 0000007700000000 0000000000004000 000000004738206e 000000000001e727
[mtlr] resource2 sel8 flags 470 sz 0x1000 -> kr 0x00000000 rid 119 GPUVA 0x10002490000 cpu 109224000
[mtlr]   out: 0000010002490000 0000000109224000 00000001003ed940 0000000000000000
[mtlr]   out: 0000007700000000 0000000000004000 000000004738206f 000000000001e728
[mtlr] resource2 sel8 flags 470 sz 0x1000 -> kr 0x00000000 rid 119 GPUVA 0x10002490000 cpu 109224000
[mtlr]   out: 0000010002490000 0000000109224000 00000001003ed940 0000000000000000
[mtlr]   out: 0000007700000000 0000000000004000 0000000047382070 000000000001e729
[mtlr] resource2 sel8 flags 470 sz 0x1000 -> kr 0x00000000 rid 119 GPUVA 0x10002490000 cpu 109224000
[mtlr]   out: 0000010002490000 0000000109224000 00000001003ed940 0000000000000000
[mtlr]   out: 0000007700000000 0000000000004000 0000000047382071 000000000001e72a
[mtlr] resource2 sel8 flags 470 sz 0x1000 -> kr 0x00000000 rid 119 GPUVA 0x10002490000 cpu 109224000
[mtlr]   out: 0000010002490000 0000000109224000 00000001003ed940 0000000000000000
[mtlr]   out: 0000007700000000 0000000000004000 0000000047382072 000000000001e72b
[mtlr] resource2 sel8 flags 470 sz 0x1000 -> kr 0x00000000 rid 119 GPUVA 0x10002490000 cpu 109224000
[mtlr]   out: 0000010002490000 0000000109224000 00000001003ed940 0000000000000000
[mtlr]   out: 0000007700000000 0000000000004000 0000000047382073 000000000001e72c
[mtlr] resource2 sel8 flags 470 sz 0x1000 -> kr 0x00000000 rid 119 GPUVA 0x10002490000 cpu 109224000
[mtlr]   out: 0000010002490000 0000000109224000 00000001003ed940 0000000000000000
[mtlr]   out: 0000007700000000 0000000000004000 0000000047382074 000000000001e72d
[mtlr] resource2 sel8 flags 470 sz 0x1000 -> kr 0x00000000 rid 119 GPUVA 0x10002490000 cpu 109224000
[mtlr]   out: 0000010002490000 0000000109224000 00000001003ed940 0000000000000000
[mtlr]   out: 0000007700000000 0000000000004000 0000000047382075 000000000001e72e
[mtlr] resource2 sel8 flags 470 sz 0x1000 -> kr 0x00000000 rid 119 GPUVA 0x10002490000 cpu 109224000
[mtlr]   out: 0000010002490000 0000000109224000 00000001003ed940 0000000000000000
[mtlr]   out: 0000007700000000 0000000000004000 0000000047382076 000000000001e72f
[mtlr] resource2 sel8 flags 470 sz 0x1000 -> kr 0x00000000 rid 119 GPUVA 0x10002490000 cpu 109224000
[mtlr]   out: 0000010002490000 0000000109224000 00000001003ed940 0000000000000000
[mtlr]   out: 0000007700000000 0000000000004000 0000000047382077 000000000001e730
[mtlr] resource2 sel8 flags 470 sz 0x1000 -> kr 0x00000000 rid 119 GPUVA 0x10002490000 cpu 109224000
[mtlr]   out: 0000010002490000 0000000109224000 00000001003ed940 0000000000000000
[mtlr]   out: 0000007700000000 0000000000004000 0000000047382078 000000000001e731
[mtlr] resource2 sel8 flags 470 sz 0x1000 -> kr 0x00000000 rid 119 GPUVA 0x10002490000 cpu 109224000
[mtlr]   out: 0000010002490000 0000000109224000 00000001003ed940 0000000000000000
[mtlr]   out: 0000007700000000 0000000000004000 0000000047382079 000000000001e732
[mtlr] resource2 sel8 flags 470 sz 0x1000 -> kr 0x00000000 rid 119 GPUVA 0x10002490000 cpu 109224000
[mtlr]   out: 0000010002490000 0000000109224000 00000001003ed940 0000000000000000
[mtlr]   out: 0000007700000000 0000000000004000 000000004738207a 000000000001e733
[uatrec] S4 r18 (+1s): nvv 8 ncb 8 vsz 0x100000 fill 0x0 destroy0 kr 0x00000000 nj 40
[uatrec] S4 r18 blit[0] slots 8 ridp 1
[uatrec] S4 r18 blit[1] slots 8 ridp 1
[uatrec] S4 r18 blit[2] slots 8 ridp 1
[uatrec] S4 r18 blit[3] slots 8 ridp 1
[uatrec] S4 r18 blit[4] slots 8 ridp 1
[uatrec] S4 r18 blit[5] slots 8 ridp 1
[uatrec] S4 r18 blit[6] slots 8 ridp 1
[uatrec] S4 r18 blit[7] slots 8 ridp 1
[mtlr] resource2 sel8 flags 470 sz 0x100000 -> kr 0x00000000 rid 119 GPUVA 0x10002490000 cpu 108724000
[mtlr]   out: 0000010002490000 0000000108724000 00000001003ed940 0000000000000000
[mtlr]   out: 0000007700000000 0000000000100000 00000000473820b5 000000000001e736
[uatrec] S4 r19 victim[0] rid 119 gpuva 0x10002490000 cpu 0x108724000 (top-of-stack)
[mtlr] resource2 sel8 flags 470 sz 0x100000 -> kr 0x00000000 rid 120 GPUVA 0x10002598000 cpu 108824000
[mtlr]   out: 0000010002598000 0000000108824000 00000001003eda00 0000000000000000
[mtlr]   out: 0000007800000000 0000000000100000 00000000473820b6 000000000001e737
[uatrec] S4 r19 victim[1] rid 120 gpuva 0x10002598000 cpu 0x108824000 (top-of-stack)
[mtlr] resource2 sel8 flags 470 sz 0x100000 -> kr 0x00000000 rid 121 GPUVA 0x100026a0000 cpu 108924000
[mtlr]   out: 00000100026a0000 0000000108924000 00000001003edac0 0000000000000000
[mtlr]   out: 0000007900000000 0000000000100000 00000000473820b7 000000000001e738
[uatrec] S4 r19 victim[2] rid 121 gpuva 0x100026a0000 cpu 0x108924000 (top-of-stack)
[mtlr] resource2 sel8 flags 470 sz 0x100000 -> kr 0x00000000 rid 122 GPUVA 0x100027a8000 cpu 108a24000
[mtlr]   out: 00000100027a8000 0000000108a24000 00000001003edb80 0000000000000000
[mtlr]   out: 0000007a00000000 0000000000100000 00000000473820b8 000000000001e739
[uatrec] S4 r19 victim[3] rid 122 gpuva 0x100027a8000 cpu 0x108a24000 (top-of-stack)
[mtlr] resource2 sel8 flags 470 sz 0x100000 -> kr 0x00000000 rid 123 GPUVA 0x100028b0000 cpu 108b24000
[mtlr]   out: 00000100028b0000 0000000108b24000 00000001003edc40 0000000000000000
[mtlr]   out: 0000007b00000000 0000000000100000 00000000473820b9 000000000001e73a
[uatrec] S4 r19 victim[4] rid 123 gpuva 0x100028b0000 cpu 0x108b24000 (top-of-stack)
[mtlr] resource2 sel8 flags 470 sz 0x100000 -> kr 0x00000000 rid 124 GPUVA 0x100029b8000 cpu 108c24000
[mtlr]   out: 00000100029b8000 0000000108c24000 00000001003edd00 0000000000000000
[mtlr]   out: 0000007c00000000 0000000000100000 00000000473820ba 000000000001e73b
[uatrec] S4 r19 victim[5] rid 124 gpuva 0x100029b8000 cpu 0x108c24000 (top-of-stack)
[mtlr] resource2 sel8 flags 470 sz 0x100000 -> kr 0x00000000 rid 125 GPUVA 0x10002ac0000 cpu 108d24000
[mtlr]   out: 0000010002ac0000 0000000108d24000 00000001003eddc0 0000000000000000
[mtlr]   out: 0000007d00000000 0000000000100000 00000000473820bb 000000000001e73c
[uatrec] S4 r19 victim[6] rid 125 gpuva 0x10002ac0000 cpu 0x108d24000 (top-of-stack)
[mtlr] resource2 sel8 flags 470 sz 0x100000 -> kr 0x00000000 rid 126 GPUVA 0x10002bc8000 cpu 108524000
[mtlr]   out: 0000010002bc8000 0000000108524000 00000001003ede80 0000000000000000
[mtlr]   out: 0000007e00000000 0000000000100000 00000000473820bc 000000000001e73d
[uatrec] S4 r19 victim[7] rid 126 gpuva 0x10002bc8000 cpu 0x108524000 (top-of-stack)
[mtlr] resource2 sel8 flags 470 sz 0x1000 -> kr 0x00000000 rid 119 GPUVA 0x10002490000 cpu 109624000
[mtlr]   out: 0000010002490000 0000000109624000 00000001003ed940 0000000000000000
[mtlr]   out: 0000007700000000 0000000000004000 00000000473820e2 000000000001e747
[mtlr] resource2 sel8 flags 470 sz 0x1000 -> kr 0x00000000 rid 119 GPUVA 0x10002490000 cpu 109624000
[mtlr]   out: 0000010002490000 0000000109624000 00000001003ed940 0000000000000000
[mtlr]   out: 0000007700000000 0000000000004000 00000000473820e3 000000000001e748
[mtlr] resource2 sel8 flags 470 sz 0x1000 -> kr 0x00000000 rid 119 GPUVA 0x10002490000 cpu 109624000
[mtlr]   out: 0000010002490000 0000000109624000 00000001003ed940 0000000000000000
[mtlr]   out: 0000007700000000 0000000000004000 00000000473820e4 000000000001e749
[mtlr] resource2 sel8 flags 470 sz 0x1000 -> kr 0x00000000 rid 119 GPUVA 0x10002490000 cpu 109624000
[mtlr]   out: 0000010002490000 0000000109624000 00000001003ed940 0000000000000000
[mtlr]   out: 0000007700000000 0000000000004000 00000000473820e5 000000000001e74a
[mtlr] resource2 sel8 flags 470 sz 0x1000 -> kr 0x00000000 rid 119 GPUVA 0x10002490000 cpu 109624000
[mtlr]   out: 0000010002490000 0000000109624000 00000001003ed940 0000000000000000
[mtlr]   out: 0000007700000000 0000000000004000 00000000473820e6 000000000001e74b
[mtlr] resource2 sel8 flags 470 sz 0x1000 -> kr 0x00000000 rid 119 GPUVA 0x10002490000 cpu 109624000
[mtlr]   out: 0000010002490000 0000000109624000 00000001003ed940 0000000000000000
[mtlr]   out: 0000007700000000 0000000000004000 00000000473820e7 000000000001e74c
[mtlr] resource2 sel8 flags 470 sz 0x1000 -> kr 0x00000000 rid 119 GPUVA 0x10002490000 cpu 109624000
[mtlr]   out: 0000010002490000 0000000109624000 00000001003ed940 0000000000000000
[mtlr]   out: 0000007700000000 0000000000004000 00000000473820e8 000000000001e74d
[mtlr] resource2 sel8 flags 470 sz 0x1000 -> kr 0x00000000 rid 119 GPUVA 0x10002490000 cpu 109624000
[mtlr]   out: 0000010002490000 0000000109624000 00000001003ed940 0000000000000000
[mtlr]   out: 0000007700000000 0000000000004000 00000000473820e9 000000000001e74e
[mtlr] resource2 sel8 flags 470 sz 0x1000 -> kr 0x00000000 rid 119 GPUVA 0x10002490000 cpu 109624000
[mtlr]   out: 0000010002490000 0000000109624000 00000001003ed940 0000000000000000
[mtlr]   out: 0000007700000000 0000000000004000 00000000473820ea 000000000001e74f
[mtlr] resource2 sel8 flags 470 sz 0x1000 -> kr 0x00000000 rid 119 GPUVA 0x10002490000 cpu 109624000
[mtlr]   out: 0000010002490000 0000000109624000 00000001003ed940 0000000000000000
[mtlr]   out: 0000007700000000 0000000000004000 00000000473820eb 000000000001e750
[mtlr] resource2 sel8 flags 470 sz 0x1000 -> kr 0x00000000 rid 119 GPUVA 0x10002490000 cpu 109624000
[mtlr]   out: 0000010002490000 0000000109624000 00000001003ed940 0000000000000000
[mtlr]   out: 0000007700000000 0000000000004000 00000000473820ec 000000000001e751
[mtlr] resource2 sel8 flags 470 sz 0x1000 -> kr 0x00000000 rid 119 GPUVA 0x10002490000 cpu 109624000
[mtlr]   out: 0000010002490000 0000000109624000 00000001003ed940 0000000000000000
[mtlr]   out: 0000007700000000 0000000000004000 00000000473820ed 000000000001e752
[mtlr] resource2 sel8 flags 470 sz 0x1000 -> kr 0x00000000 rid 119 GPUVA 0x10002490000 cpu 109624000
[mtlr]   out: 0000010002490000 0000000109624000 00000001003ed940 0000000000000000
[mtlr]   out: 0000007700000000 0000000000004000 00000000473820ee 000000000001e753
[mtlr] resource2 sel8 flags 470 sz 0x1000 -> kr 0x00000000 rid 119 GPUVA 0x10002490000 cpu 109624000
[mtlr]   out: 0000010002490000 0000000109624000 00000001003ed940 0000000000000000
[mtlr]   out: 0000007700000000 0000000000004000 00000000473820ef 000000000001e754
[mtlr] resource2 sel8 flags 470 sz 0x1000 -> kr 0x00000000 rid 119 GPUVA 0x10002490000 cpu 109624000
[mtlr]   out: 0000010002490000 0000000109624000 00000001003ed940 0000000000000000
[mtlr]   out: 0000007700000000 0000000000004000 00000000473820f0 000000000001e755
[mtlr] resource2 sel8 flags 470 sz 0x1000 -> kr 0x00000000 rid 119 GPUVA 0x10002490000 cpu 109624000
[mtlr]   out: 0000010002490000 0000000109624000 00000001003ed940 0000000000000000
[mtlr]   out: 0000007700000000 0000000000004000 00000000473820f1 000000000001e756
[mtlr] resource2 sel8 flags 470 sz 0x1000 -> kr 0x00000000 rid 119 GPUVA 0x10002490000 cpu 109624000
[mtlr]   out: 0000010002490000 0000000109624000 00000001003ed940 0000000000000000
[mtlr]   out: 0000007700000000 0000000000004000 00000000473820f2 000000000001e757
[mtlr] resource2 sel8 flags 470 sz 0x1000 -> kr 0x00000000 rid 119 GPUVA 0x10002490000 cpu 109624000
[mtlr]   out: 0000010002490000 0000000109624000 00000001003ed940 0000000000000000
[mtlr]   out: 0000007700000000 0000000000004000 00000000473820f3 000000000001e758
[mtlr] resource2 sel8 flags 470 sz 0x1000 -> kr 0x00000000 rid 119 GPUVA 0x10002490000 cpu 109624000
[mtlr]   out: 0000010002490000 0000000109624000 00000001003ed940 0000000000000000
[mtlr]   out: 0000007700000000 0000000000004000 00000000473820f4 000000000001e759
[mtlr] resource2 sel8 flags 470 sz 0x1000 -> kr 0x00000000 rid 119 GPUVA 0x10002490000 cpu 109624000
[mtlr]   out: 0000010002490000 0000000109624000 00000001003ed940 0000000000000000
[mtlr]   out: 0000007700000000 0000000000004000 00000000473820f5 000000000001e75a
[mtlr] resource2 sel8 flags 470 sz 0x1000 -> kr 0x00000000 rid 119 GPUVA 0x10002490000 cpu 109624000
[mtlr]   out: 0000010002490000 0000000109624000 00000001003ed940 0000000000000000
[mtlr]   out: 0000007700000000 0000000000004000 00000000473820f6 000000000001e75b
[mtlr] resource2 sel8 flags 470 sz 0x1000 -> kr 0x00000000 rid 119 GPUVA 0x10002490000 cpu 109624000
[mtlr]   out: 0000010002490000 0000000109624000 00000001003ed940 0000000000000000
[mtlr]   out: 0000007700000000 0000000000004000 00000000473820f7 000000000001e75c
[mtlr] resource2 sel8 flags 470 sz 0x1000 -> kr 0x00000000 rid 119 GPUVA 0x10002490000 cpu 109624000
[mtlr]   out: 0000010002490000 0000000109624000 00000001003ed940 0000000000000000
[mtlr]   out: 0000007700000000 0000000000004000 00000000473820f8 000000000001e75d
[mtlr] resource2 sel8 flags 470 sz 0x1000 -> kr 0x00000000 rid 119 GPUVA 0x10002490000 cpu 109624000
[mtlr]   out: 0000010002490000 0000000109624000 00000001003ed940 0000000000000000
[mtlr]   out: 0000007700000000 0000000000004000 00000000473820f9 000000000001e75e
[mtlr] resource2 sel8 flags 470 sz 0x1000 -> kr 0x00000000 rid 119 GPUVA 0x10002490000 cpu 109624000
[mtlr]   out: 0000010002490000 0000000109624000 00000001003ed940 0000000000000000
[mtlr]   out: 0000007700000000 0000000000004000 00000000473820fa 000000000001e75f
[mtlr] resource2 sel8 flags 470 sz 0x1000 -> kr 0x00000000 rid 119 GPUVA 0x10002490000 cpu 109624000
[mtlr]   out: 0000010002490000 0000000109624000 00000001003ed940 0000000000000000
[mtlr]   out: 0000007700000000 0000000000004000 00000000473820fb 000000000001e760
[mtlr] resource2 sel8 flags 470 sz 0x1000 -> kr 0x00000000 rid 119 GPUVA 0x10002490000 cpu 109624000
[mtlr]   out: 0000010002490000 0000000109624000 00000001003ed940 0000000000000000
[mtlr]   out: 0000007700000000 0000000000004000 00000000473820fc 000000000001e761
[mtlr] resource2 sel8 flags 470 sz 0x1000 -> kr 0x00000000 rid 119 GPUVA 0x10002490000 cpu 109624000
[mtlr]   out: 0000010002490000 0000000109624000 00000001003ed940 0000000000000000
[mtlr]   out: 0000007700000000 0000000000004000 00000000473820fd 000000000001e762
[mtlr] resource2 sel8 flags 470 sz 0x1000 -> kr 0x00000000 rid 119 GPUVA 0x10002490000 cpu 109624000
[mtlr]   out: 0000010002490000 0000000109624000 00000001003ed940 0000000000000000
[mtlr]   out: 0000007700000000 0000000000004000 00000000473820fe 000000000001e763
[mtlr] resource2 sel8 flags 470 sz 0x1000 -> kr 0x00000000 rid 119 GPUVA 0x10002490000 cpu 109624000
[mtlr]   out: 0000010002490000 0000000109624000 00000001003ed940 0000000000000000
[mtlr]   out: 0000007700000000 0000000000004000 00000000473820ff 000000000001e764
[mtlr] resource2 sel8 flags 470 sz 0x1000 -> kr 0x00000000 rid 119 GPUVA 0x10002490000 cpu 109624000
[mtlr]   out: 0000010002490000 0000000109624000 00000001003ed940 0000000000000000
[mtlr]   out: 0000007700000000 0000000000004000 0000000047382100 000000000001e765
[mtlr] resource2 sel8 flags 470 sz 0x1000 -> kr 0x00000000 rid 119 GPUVA 0x10002490000 cpu 109624000
[mtlr]   out: 0000010002490000 0000000109624000 00000001003ed940 0000000000000000
[mtlr]   out: 0000007700000000 0000000000004000 0000000047382101 000000000001e766
[mtlr] resource2 sel8 flags 470 sz 0x1000 -> kr 0x00000000 rid 119 GPUVA 0x10002490000 cpu 109624000
[mtlr]   out: 0000010002490000 0000000109624000 00000001003ed940 0000000000000000
[mtlr]   out: 0000007700000000 0000000000004000 0000000047382102 000000000001e767
[mtlr] resource2 sel8 flags 470 sz 0x1000 -> kr 0x00000000 rid 119 GPUVA 0x10002490000 cpu 109624000
[mtlr]   out: 0000010002490000 0000000109624000 00000001003ed940 0000000000000000
[mtlr]   out: 0000007700000000 0000000000004000 0000000047382103 000000000001e768
[mtlr] resource2 sel8 flags 470 sz 0x1000 -> kr 0x00000000 rid 119 GPUVA 0x10002490000 cpu 109624000
[mtlr]   out: 0000010002490000 0000000109624000 00000001003ed940 0000000000000000
[mtlr]   out: 0000007700000000 0000000000004000 0000000047382104 000000000001e769
[mtlr] resource2 sel8 flags 470 sz 0x1000 -> kr 0x00000000 rid 119 GPUVA 0x10002490000 cpu 109624000
[mtlr]   out: 0000010002490000 0000000109624000 00000001003ed940 0000000000000000
[mtlr]   out: 0000007700000000 0000000000004000 0000000047382105 000000000001e76a
[mtlr] resource2 sel8 flags 470 sz 0x1000 -> kr 0x00000000 rid 119 GPUVA 0x10002490000 cpu 109624000
[mtlr]   out: 0000010002490000 0000000109624000 00000001003ed940 0000000000000000
[mtlr]   out: 0000007700000000 0000000000004000 0000000047382106 000000000001e76b
[mtlr] resource2 sel8 flags 470 sz 0x1000 -> kr 0x00000000 rid 119 GPUVA 0x10002490000 cpu 109624000
[mtlr]   out: 0000010002490000 0000000109624000 00000001003ed940 0000000000000000
[mtlr]   out: 0000007700000000 0000000000004000 0000000047382107 000000000001e76c
[mtlr] resource2 sel8 flags 470 sz 0x1000 -> kr 0x00000000 rid 119 GPUVA 0x10002490000 cpu 109624000
[mtlr]   out: 0000010002490000 0000000109624000 00000001003ed940 0000000000000000
[mtlr]   out: 0000007700000000 0000000000004000 0000000047382108 000000000001e76d
[mtlr] resource2 sel8 flags 470 sz 0x1000 -> kr 0x00000000 rid 119 GPUVA 0x10002490000 cpu 109624000
[mtlr]   out: 0000010002490000 0000000109624000 00000001003ed940 0000000000000000
[mtlr]   out: 0000007700000000 0000000000004000 0000000047382109 000000000001e76e
[uatrec] S4 r19 (+1s): nvv 8 ncb 8 vsz 0x100000 fill 0x0 destroy0 kr 0x00000000 nj 40
[uatrec] S4 r19 blit[0] slots 9 ridp 1
[uatrec] S4 r19 blit[1] slots 8 ridp 1
[uatrec] S4 r19 blit[2] slots 8 ridp 1
[uatrec] S4 r19 blit[3] slots 8 ridp 1
[uatrec] S4 r19 blit[4] slots 8 ridp 1
[uatrec] S4 r19 blit[5] slots 8 ridp 1
[uatrec] S4 r19 blit[6] slots 8 ridp 1
[uatrec] S4 r19 blit[7] slots 8 ridp 1
[uatrec] S4 heartbeat: round 20 done, t=1s (alive)
[mtlr] resource2 sel8 flags 470 sz 0x100000 -> kr 0x00000000 rid 119 GPUVA 0x10002490000 cpu 108524000
[mtlr]   out: 0000010002490000 0000000108524000 00000001003ed940 0000000000000000
[mtlr]   out: 0000007700000000 0000000000100000 0000000047382142 000000000001e771
[uatrec] S4 r20 victim[0] rid 119 gpuva 0x10002490000 cpu 0x108524000 (top-of-stack)
[mtlr] resource2 sel8 flags 470 sz 0x100000 -> kr 0x00000000 rid 120 GPUVA 0x10002598000 cpu 108624000
[mtlr]   out: 0000010002598000 0000000108624000 00000001003eda00 0000000000000000
[mtlr]   out: 0000007800000000 0000000000100000 0000000047382143 000000000001e772
[uatrec] S4 r20 victim[1] rid 120 gpuva 0x10002598000 cpu 0x108624000 (top-of-stack)
[mtlr] resource2 sel8 flags 470 sz 0x100000 -> kr 0x00000000 rid 121 GPUVA 0x100026a0000 cpu 108724000
[mtlr]   out: 00000100026a0000 0000000108724000 00000001003edac0 0000000000000000
[mtlr]   out: 0000007900000000 0000000000100000 0000000047382144 000000000001e773
[uatrec] S4 r20 victim[2] rid 121 gpuva 0x100026a0000 cpu 0x108724000 (top-of-stack)
[mtlr] resource2 sel8 flags 470 sz 0x100000 -> kr 0x00000000 rid 122 GPUVA 0x100027a8000 cpu 108824000
[mtlr]   out: 00000100027a8000 0000000108824000 00000001003edb80 0000000000000000
[mtlr]   out: 0000007a00000000 0000000000100000 0000000047382145 000000000001e774
[uatrec] S4 r20 victim[3] rid 122 gpuva 0x100027a8000 cpu 0x108824000 (top-of-stack)
[mtlr] resource2 sel8 flags 470 sz 0x100000 -> kr 0x00000000 rid 123 GPUVA 0x100028b0000 cpu 108924000
[mtlr]   out: 00000100028b0000 0000000108924000 00000001003edc40 0000000000000000
[mtlr]   out: 0000007b00000000 0000000000100000 0000000047382146 000000000001e775
[uatrec] S4 r20 victim[4] rid 123 gpuva 0x100028b0000 cpu 0x108924000 (top-of-stack)
[mtlr] resource2 sel8 flags 470 sz 0x100000 -> kr 0x00000000 rid 124 GPUVA 0x100029b8000 cpu 108a24000
[mtlr]   out: 00000100029b8000 0000000108a24000 00000001003edd00 0000000000000000
[mtlr]   out: 0000007c00000000 0000000000100000 000000004738214d 000000000001e776
[uatrec] S4 r20 victim[5] rid 124 gpuva 0x100029b8000 cpu 0x108a24000 (top-of-stack)
[mtlr] resource2 sel8 flags 470 sz 0x100000 -> kr 0x00000000 rid 125 GPUVA 0x10002ac0000 cpu 108b24000
[mtlr]   out: 0000010002ac0000 0000000108b24000 00000001003eddc0 0000000000000000
[mtlr]   out: 0000007d00000000 0000000000100000 000000004738214f 000000000001e777
[uatrec] S4 r20 victim[6] rid 125 gpuva 0x10002ac0000 cpu 0x108b24000 (top-of-stack)
[mtlr] resource2 sel8 flags 470 sz 0x100000 -> kr 0x00000000 rid 126 GPUVA 0x10002bc8000 cpu 108c24000
[mtlr]   out: 0000010002bc8000 0000000108c24000 00000001003ede80 0000000000000000
[mtlr]   out: 0000007e00000000 0000000000100000 0000000047382150 000000000001e778
[uatrec] S4 r20 victim[7] rid 126 gpuva 0x10002bc8000 cpu 0x108c24000 (top-of-stack)
[mtlr] resource2 sel8 flags 470 sz 0x1000 -> kr 0x00000000 rid 119 GPUVA 0x10002490000 cpu 10a424000
[mtlr]   out: 0000010002490000 000000010a424000 00000001003ed940 0000000000000000
[mtlr]   out: 0000007700000000 0000000000004000 000000004738216f 000000000001e782
[mtlr] resource2 sel8 flags 470 sz 0x1000 -> kr 0x00000000 rid 119 GPUVA 0x10002490000 cpu 10a424000
[mtlr]   out: 0000010002490000 000000010a424000 00000001003ed940 0000000000000000
[mtlr]   out: 0000007700000000 0000000000004000 0000000047382170 000000000001e783
[mtlr] resource2 sel8 flags 470 sz 0x1000 -> kr 0x00000000 rid 119 GPUVA 0x10002490000 cpu 10a424000
[mtlr]   out: 0000010002490000 000000010a424000 00000001003ed940 0000000000000000
[mtlr]   out: 0000007700000000 0000000000004000 0000000047382171 000000000001e784
[mtlr] resource2 sel8 flags 470 sz 0x1000 -> kr 0x00000000 rid 119 GPUVA 0x10002490000 cpu 10a424000
[mtlr]   out: 0000010002490000 000000010a424000 00000001003ed940 0000000000000000
[mtlr]   out: 0000007700000000 0000000000004000 0000000047382172 000000000001e785
[mtlr] resource2 sel8 flags 470 sz 0x1000 -> kr 0x00000000 rid 119 GPUVA 0x10002490000 cpu 10a424000
[mtlr]   out: 0000010002490000 000000010a424000 00000001003ed940 0000000000000000
[mtlr]   out: 0000007700000000 0000000000004000 0000000047382173 000000000001e786
[mtlr] resource2 sel8 flags 470 sz 0x1000 -> kr 0x00000000 rid 119 GPUVA 0x10002490000 cpu 10a424000
[mtlr]   out: 0000010002490000 000000010a424000 00000001003ed940 0000000000000000
[mtlr]   out: 0000007700000000 0000000000004000 0000000047382174 000000000001e787
[mtlr] resource2 sel8 flags 470 sz 0x1000 -> kr 0x00000000 rid 119 GPUVA 0x10002490000 cpu 10a424000
[mtlr]   out: 0000010002490000 000000010a424000 00000001003ed940 0000000000000000
[mtlr]   out: 0000007700000000 0000000000004000 0000000047382175 000000000001e788
[mtlr] resource2 sel8 flags 470 sz 0x1000 -> kr 0x00000000 rid 119 GPUVA 0x10002490000 cpu 10a424000
[mtlr]   out: 0000010002490000 000000010a424000 00000001003ed940 0000000000000000
[mtlr]   out: 0000007700000000 0000000000004000 0000000047382176 000000000001e789
[mtlr] resource2 sel8 flags 470 sz 0x1000 -> kr 0x00000000 rid 119 GPUVA 0x10002490000 cpu 10a424000
[mtlr]   out: 0000010002490000 000000010a424000 00000001003ed940 0000000000000000
[mtlr]   out: 0000007700000000 0000000000004000 0000000047382177 000000000001e78a
[mtlr] resource2 sel8 flags 470 sz 0x1000 -> kr 0x00000000 rid 119 GPUVA 0x10002490000 cpu 10a424000
[mtlr]   out: 0000010002490000 000000010a424000 00000001003ed940 0000000000000000
[mtlr]   out: 0000007700000000 0000000000004000 0000000047382178 000000000001e78b
[mtlr] resource2 sel8 flags 470 sz 0x1000 -> kr 0x00000000 rid 119 GPUVA 0x10002490000 cpu 10a424000
[mtlr]   out: 0000010002490000 000000010a424000 00000001003ed940 0000000000000000
[mtlr]   out: 0000007700000000 0000000000004000 0000000047382179 000000000001e78c
[mtlr] resource2 sel8 flags 470 sz 0x1000 -> kr 0x00000000 rid 119 GPUVA 0x10002490000 cpu 10a424000
[mtlr]   out: 0000010002490000 000000010a424000 00000001003ed940 0000000000000000
[mtlr]   out: 0000007700000000 0000000000004000 000000004738217a 000000000001e78d
[mtlr] resource2 sel8 flags 470 sz 0x1000 -> kr 0x00000000 rid 119 GPUVA 0x10002490000 cpu 10a424000
[mtlr]   out: 0000010002490000 000000010a424000 00000001003ed940 0000000000000000
[mtlr]   out: 0000007700000000 0000000000004000 000000004738217b 000000000001e78e
[mtlr] resource2 sel8 flags 470 sz 0x1000 -> kr 0x00000000 rid 119 GPUVA 0x10002490000 cpu 10a424000
[mtlr]   out: 0000010002490000 000000010a424000 00000001003ed940 0000000000000000
[mtlr]   out: 0000007700000000 0000000000004000 000000004738217c 000000000001e78f
[mtlr] resource2 sel8 flags 470 sz 0x1000 -> kr 0x00000000 rid 119 GPUVA 0x10002490000 cpu 10a424000
[mtlr]   out: 0000010002490000 000000010a424000 00000001003ed940 0000000000000000
[mtlr]   out: 0000007700000000 0000000000004000 000000004738217d 000000000001e790
[mtlr] resource2 sel8 flags 470 sz 0x1000 -> kr 0x00000000 rid 119 GPUVA 0x10002490000 cpu 10a424000
[mtlr]   out: 0000010002490000 000000010a424000 00000001003ed940 0000000000000000
[mtlr]   out: 0000007700000000 0000000000004000 000000004738217e 000000000001e791
[mtlr] resource2 sel8 flags 470 sz 0x1000 -> kr 0x00000000 rid 119 GPUVA 0x10002490000 cpu 10a424000
[mtlr]   out: 0000010002490000 000000010a424000 00000001003ed940 0000000000000000
[mtlr]   out: 0000007700000000 0000000000004000 000000004738217f 000000000001e792
[mtlr] resource2 sel8 flags 470 sz 0x1000 -> kr 0x00000000 rid 119 GPUVA 0x10002490000 cpu 10a424000
[mtlr]   out: 0000010002490000 000000010a424000 00000001003ed940 0000000000000000
[mtlr]   out: 0000007700000000 0000000000004000 0000000047382180 000000000001e793
[mtlr] resource2 sel8 flags 470 sz 0x1000 -> kr 0x00000000 rid 119 GPUVA 0x10002490000 cpu 10a424000
[mtlr]   out: 0000010002490000 000000010a424000 00000001003ed940 0000000000000000
[mtlr]   out: 0000007700000000 0000000000004000 0000000047382181 000000000001e794
[mtlr] resource2 sel8 flags 470 sz 0x1000 -> kr 0x00000000 rid 119 GPUVA 0x10002490000 cpu 10a424000
[mtlr]   out: 0000010002490000 000000010a424000 00000001003ed940 0000000000000000
[mtlr]   out: 0000007700000000 0000000000004000 0000000047382182 000000000001e795
[mtlr] resource2 sel8 flags 470 sz 0x1000 -> kr 0x00000000 rid 119 GPUVA 0x10002490000 cpu 10a424000
[mtlr]   out: 0000010002490000 000000010a424000 00000001003ed940 0000000000000000
[mtlr]   out: 0000007700000000 0000000000004000 0000000047382183 000000000001e796
[mtlr] resource2 sel8 flags 470 sz 0x1000 -> kr 0x00000000 rid 119 GPUVA 0x10002490000 cpu 10a424000
[mtlr]   out: 0000010002490000 000000010a424000 00000001003ed940 0000000000000000
[mtlr]   out: 0000007700000000 0000000000004000 0000000047382184 000000000001e797
[mtlr] resource2 sel8 flags 470 sz 0x1000 -> kr 0x00000000 rid 119 GPUVA 0x10002490000 cpu 10a424000
[mtlr]   out: 0000010002490000 000000010a424000 00000001003ed940 0000000000000000
[mtlr]   out: 0000007700000000 0000000000004000 0000000047382185 000000000001e798
[mtlr] resource2 sel8 flags 470 sz 0x1000 -> kr 0x00000000 rid 119 GPUVA 0x10002490000 cpu 10a424000
[mtlr]   out: 0000010002490000 000000010a424000 00000001003ed940 0000000000000000
[mtlr]   out: 0000007700000000 0000000000004000 0000000047382186 000000000001e799
[mtlr] resource2 sel8 flags 470 sz 0x1000 -> kr 0x00000000 rid 119 GPUVA 0x10002490000 cpu 10a424000
[mtlr]   out: 0000010002490000 000000010a424000 00000001003ed940 0000000000000000
[mtlr]   out: 0000007700000000 0000000000004000 0000000047382187 000000000001e79a
[mtlr] resource2 sel8 flags 470 sz 0x1000 -> kr 0x00000000 rid 119 GPUVA 0x10002490000 cpu 10a424000
[mtlr]   out: 0000010002490000 000000010a424000 00000001003ed940 0000000000000000
[mtlr]   out: 0000007700000000 0000000000004000 0000000047382188 000000000001e79b
[mtlr] resource2 sel8 flags 470 sz 0x1000 -> kr 0x00000000 rid 119 GPUVA 0x10002490000 cpu 10a424000
[mtlr]   out: 0000010002490000 000000010a424000 00000001003ed940 0000000000000000
[mtlr]   out: 0000007700000000 0000000000004000 0000000047382189 000000000001e79c
[mtlr] resource2 sel8 flags 470 sz 0x1000 -> kr 0x00000000 rid 119 GPUVA 0x10002490000 cpu 10a424000
[mtlr]   out: 0000010002490000 000000010a424000 00000001003ed940 0000000000000000
[mtlr]   out: 0000007700000000 0000000000004000 000000004738218a 000000000001e79d
[mtlr] resource2 sel8 flags 470 sz 0x1000 -> kr 0x00000000 rid 119 GPUVA 0x10002490000 cpu 10a424000
[mtlr]   out: 0000010002490000 000000010a424000 00000001003ed940 0000000000000000
[mtlr]   out: 0000007700000000 0000000000004000 000000004738218b 000000000001e79e
[mtlr] resource2 sel8 flags 470 sz 0x1000 -> kr 0x00000000 rid 119 GPUVA 0x10002490000 cpu 10a424000
[mtlr]   out: 0000010002490000 000000010a424000 00000001003ed940 0000000000000000
[mtlr]   out: 0000007700000000 0000000000004000 000000004738218c 000000000001e79f
[mtlr] resource2 sel8 flags 470 sz 0x1000 -> kr 0x00000000 rid 119 GPUVA 0x10002490000 cpu 10a424000
[mtlr]   out: 0000010002490000 000000010a424000 00000001003ed940 0000000000000000
[mtlr]   out: 0000007700000000 0000000000004000 000000004738218d 000000000001e7a0
[mtlr] resource2 sel8 flags 470 sz 0x1000 -> kr 0x00000000 rid 119 GPUVA 0x10002490000 cpu 10a424000
[mtlr]   out: 0000010002490000 000000010a424000 00000001003ed940 0000000000000000
[mtlr]   out: 0000007700000000 0000000000004000 000000004738218e 000000000001e7a1
[mtlr] resource2 sel8 flags 470 sz 0x1000 -> kr 0x00000000 rid 119 GPUVA 0x10002490000 cpu 10a424000
[mtlr]   out: 0000010002490000 000000010a424000 00000001003ed940 0000000000000000
[mtlr]   out: 0000007700000000 0000000000004000 000000004738218f 000000000001e7a2
[mtlr] resource2 sel8 flags 470 sz 0x1000 -> kr 0x00000000 rid 119 GPUVA 0x10002490000 cpu 10a424000
[mtlr]   out: 0000010002490000 000000010a424000 00000001003ed940 0000000000000000
[mtlr]   out: 0000007700000000 0000000000004000 0000000047382190 000000000001e7a3
[mtlr] resource2 sel8 flags 470 sz 0x1000 -> kr 0x00000000 rid 119 GPUVA 0x10002490000 cpu 10a424000
[mtlr]   out: 0000010002490000 000000010a424000 00000001003ed940 0000000000000000
[mtlr]   out: 0000007700000000 0000000000004000 0000000047382191 000000000001e7a4
[mtlr] resource2 sel8 flags 470 sz 0x1000 -> kr 0x00000000 rid 119 GPUVA 0x10002490000 cpu 10a424000
[mtlr]   out: 0000010002490000 000000010a424000 00000001003ed940 0000000000000000
[mtlr]   out: 0000007700000000 0000000000004000 0000000047382192 000000000001e7a5
[mtlr] resource2 sel8 flags 470 sz 0x1000 -> kr 0x00000000 rid 119 GPUVA 0x10002490000 cpu 10a424000
[mtlr]   out: 0000010002490000 000000010a424000 00000001003ed940 0000000000000000
[mtlr]   out: 0000007700000000 0000000000004000 0000000047382193 000000000001e7a6
[mtlr] resource2 sel8 flags 470 sz 0x1000 -> kr 0x00000000 rid 119 GPUVA 0x10002490000 cpu 10a424000
[mtlr]   out: 0000010002490000 000000010a424000 00000001003ed940 0000000000000000
[mtlr]   out: 0000007700000000 0000000000004000 0000000047382194 000000000001e7a7
[mtlr] resource2 sel8 flags 470 sz 0x1000 -> kr 0x00000000 rid 119 GPUVA 0x10002490000 cpu 10a424000
[mtlr]   out: 0000010002490000 000000010a424000 00000001003ed940 0000000000000000
[mtlr]   out: 0000007700000000 0000000000004000 0000000047382195 000000000001e7a8
[mtlr] resource2 sel8 flags 470 sz 0x1000 -> kr 0x00000000 rid 119 GPUVA 0x10002490000 cpu 10a424000
[mtlr]   out: 0000010002490000 000000010a424000 00000001003ed940 0000000000000000
[mtlr]   out: 0000007700000000 0000000000004000 0000000047382196 000000000001e7a9
[uatrec] S4 r20 (+1s): nvv 8 ncb 8 vsz 0x100000 fill 0x0 destroy0 kr 0x00000000 nj 40
[uatrec] S4 r20 blit[0] slots 8 ridp 1
[uatrec] S4 r20 blit[1] slots 8 ridp 1
[uatrec] S4 r20 blit[2] slots 8 ridp 1
[uatrec] S4 r20 blit[3] slots 9 ridp 1
[uatrec] S4 r20 blit[4] slots 8 ridp 1
[uatrec] S4 r20 blit[5] slots 9 ridp 1
[uatrec] S4 r20 blit[6] slots 8 ridp 1
[uatrec] S4 r20 blit[7] slots 9 ridp 1
[mtlr] resource2 sel8 flags 470 sz 0x100000 -> kr 0x00000000 rid 119 GPUVA 0x10002490000 cpu 109e24000
[mtlr]   out: 0000010002490000 0000000109e24000 00000001003ed940 0000000000000000
[mtlr]   out: 0000007700000000 0000000000100000 00000000473821ce 000000000001e7ac
[uatrec] S4 r21 victim[0] rid 119 gpuva 0x10002490000 cpu 0x109e24000 (top-of-stack)
[mtlr] resource2 sel8 flags 470 sz 0x100000 -> kr 0x00000000 rid 120 GPUVA 0x10002598000 cpu 109f24000
[mtlr]   out: 0000010002598000 0000000109f24000 00000001003eda00 0000000000000000
[mtlr]   out: 0000007800000000 0000000000100000 00000000473821cf 000000000001e7ad
[uatrec] S4 r21 victim[1] rid 120 gpuva 0x10002598000 cpu 0x109f24000 (top-of-stack)
[mtlr] resource2 sel8 flags 470 sz 0x100000 -> kr 0x00000000 rid 121 GPUVA 0x100026a0000 cpu 10a024000
[mtlr]   out: 00000100026a0000 000000010a024000 00000001003edac0 0000000000000000
[mtlr]   out: 0000007900000000 0000000000100000 00000000473821d0 000000000001e7ae
[uatrec] S4 r21 victim[2] rid 121 gpuva 0x100026a0000 cpu 0x10a024000 (top-of-stack)
[mtlr] resource2 sel8 flags 470 sz 0x100000 -> kr 0x00000000 rid 122 GPUVA 0x100027a8000 cpu 108e24000
[mtlr]   out: 00000100027a8000 0000000108e24000 00000001003edb80 0000000000000000
[mtlr]   out: 0000007a00000000 0000000000100000 00000000473821d1 000000000001e7af
[uatrec] S4 r21 victim[3] rid 122 gpuva 0x100027a8000 cpu 0x108e24000 (top-of-stack)
[mtlr] resource2 sel8 flags 470 sz 0x100000 -> kr 0x00000000 rid 123 GPUVA 0x100028b0000 cpu 108524000
[mtlr]   out: 00000100028b0000 0000000108524000 00000001003edc40 0000000000000000
[mtlr]   out: 0000007b00000000 0000000000100000 00000000473821d2 000000000001e7b0
[uatrec] S4 r21 victim[4] rid 123 gpuva 0x100028b0000 cpu 0x108524000 (top-of-stack)
[mtlr] resource2 sel8 flags 470 sz 0x100000 -> kr 0x00000000 rid 124 GPUVA 0x100029b8000 cpu 108624000
[mtlr]   out: 00000100029b8000 0000000108624000 00000001003edd00 0000000000000000
[mtlr]   out: 0000007c00000000 0000000000100000 00000000473821d3 000000000001e7b1
[uatrec] S4 r21 victim[5] rid 124 gpuva 0x100029b8000 cpu 0x108624000 (top-of-stack)
[mtlr] resource2 sel8 flags 470 sz 0x100000 -> kr 0x00000000 rid 125 GPUVA 0x10002ac0000 cpu 108724000
[mtlr]   out: 0000010002ac0000 0000000108724000 00000001003eddc0 0000000000000000
[mtlr]   out: 0000007d00000000 0000000000100000 00000000473821d9 000000000001e7b2
[uatrec] S4 r21 victim[6] rid 125 gpuva 0x10002ac0000 cpu 0x108724000 (top-of-stack)
[mtlr] resource2 sel8 flags 470 sz 0x100000 -> kr 0x00000000 rid 126 GPUVA 0x10002bc8000 cpu 108824000
[mtlr]   out: 0000010002bc8000 0000000108824000 00000001003ede80 0000000000000000
[mtlr]   out: 0000007e00000000 0000000000100000 00000000473821dc 000000000001e7b3
[uatrec] S4 r21 victim[7] rid 126 gpuva 0x10002bc8000 cpu 0x108824000 (top-of-stack)
[mtlr] resource2 sel8 flags 470 sz 0x1000 -> kr 0x00000000 rid 119 GPUVA 0x10002490000 cpu 109324000
[mtlr]   out: 0000010002490000 0000000109324000 00000001003ed940 0000000000000000
[mtlr]   out: 0000007700000000 0000000000004000 00000000473821fb 000000000001e7bd
[mtlr] resource2 sel8 flags 470 sz 0x1000 -> kr 0x00000000 rid 119 GPUVA 0x10002490000 cpu 109324000
[mtlr]   out: 0000010002490000 0000000109324000 00000001003ed940 0000000000000000
[mtlr]   out: 0000007700000000 0000000000004000 00000000473821fc 000000000001e7be
[mtlr] resource2 sel8 flags 470 sz 0x1000 -> kr 0x00000000 rid 119 GPUVA 0x10002490000 cpu 109324000
[mtlr]   out: 0000010002490000 0000000109324000 00000001003ed940 0000000000000000
[mtlr]   out: 0000007700000000 0000000000004000 00000000473821fd 000000000001e7bf
[mtlr] resource2 sel8 flags 470 sz 0x1000 -> kr 0x00000000 rid 119 GPUVA 0x10002490000 cpu 109324000
[mtlr]   out: 0000010002490000 0000000109324000 00000001003ed940 0000000000000000
[mtlr]   out: 0000007700000000 0000000000004000 00000000473821fe 000000000001e7c0
[mtlr] resource2 sel8 flags 470 sz 0x1000 -> kr 0x00000000 rid 119 GPUVA 0x10002490000 cpu 109324000
[mtlr]   out: 0000010002490000 0000000109324000 00000001003ed940 0000000000000000
[mtlr]   out: 0000007700000000 0000000000004000 00000000473821ff 000000000001e7c1
[mtlr] resource2 sel8 flags 470 sz 0x1000 -> kr 0x00000000 rid 119 GPUVA 0x10002490000 cpu 109324000
[mtlr]   out: 0000010002490000 0000000109324000 00000001003ed940 0000000000000000
[mtlr]   out: 0000007700000000 0000000000004000 0000000047382200 000000000001e7c2
[mtlr] resource2 sel8 flags 470 sz 0x1000 -> kr 0x00000000 rid 119 GPUVA 0x10002490000 cpu 109324000
[mtlr]   out: 0000010002490000 0000000109324000 00000001003ed940 0000000000000000
[mtlr]   out: 0000007700000000 0000000000004000 0000000047382201 000000000001e7c3
[mtlr] resource2 sel8 flags 470 sz 0x1000 -> kr 0x00000000 rid 119 GPUVA 0x10002490000 cpu 109324000
[mtlr]   out: 0000010002490000 0000000109324000 00000001003ed940 0000000000000000
[mtlr]   out: 0000007700000000 0000000000004000 0000000047382202 000000000001e7c4
[mtlr] resource2 sel8 flags 470 sz 0x1000 -> kr 0x00000000 rid 119 GPUVA 0x10002490000 cpu 109324000
[mtlr]   out: 0000010002490000 0000000109324000 00000001003ed940 0000000000000000
[mtlr]   out: 0000007700000000 0000000000004000 0000000047382203 000000000001e7c5
[mtlr] resource2 sel8 flags 470 sz 0x1000 -> kr 0x00000000 rid 119 GPUVA 0x10002490000 cpu 109324000
[mtlr]   out: 0000010002490000 0000000109324000 00000001003ed940 0000000000000000
[mtlr]   out: 0000007700000000 0000000000004000 0000000047382204 000000000001e7c6
[mtlr] resource2 sel8 flags 470 sz 0x1000 -> kr 0x00000000 rid 119 GPUVA 0x10002490000 cpu 109324000
[mtlr]   out: 0000010002490000 0000000109324000 00000001003ed940 0000000000000000
[mtlr]   out: 0000007700000000 0000000000004000 0000000047382205 000000000001e7c7
[mtlr] resource2 sel8 flags 470 sz 0x1000 -> kr 0x00000000 rid 119 GPUVA 0x10002490000 cpu 109324000
[mtlr]   out: 0000010002490000 0000000109324000 00000001003ed940 0000000000000000
[mtlr]   out: 0000007700000000 0000000000004000 0000000047382206 000000000001e7c8
[mtlr] resource2 sel8 flags 470 sz 0x1000 -> kr 0x00000000 rid 119 GPUVA 0x10002490000 cpu 109324000
[mtlr]   out: 0000010002490000 0000000109324000 00000001003ed940 0000000000000000
[mtlr]   out: 0000007700000000 0000000000004000 0000000047382207 000000000001e7c9
[mtlr] resource2 sel8 flags 470 sz 0x1000 -> kr 0x00000000 rid 119 GPUVA 0x10002490000 cpu 109324000
[mtlr]   out: 0000010002490000 0000000109324000 00000001003ed940 0000000000000000
[mtlr]   out: 0000007700000000 0000000000004000 0000000047382208 000000000001e7ca
[mtlr] resource2 sel8 flags 470 sz 0x1000 -> kr 0x00000000 rid 119 GPUVA 0x10002490000 cpu 109324000
[mtlr]   out: 0000010002490000 0000000109324000 00000001003ed940 0000000000000000
[mtlr]   out: 0000007700000000 0000000000004000 0000000047382209 000000000001e7cb
[mtlr] resource2 sel8 flags 470 sz 0x1000 -> kr 0x00000000 rid 119 GPUVA 0x10002490000 cpu 109324000
[mtlr]   out: 0000010002490000 0000000109324000 00000001003ed940 0000000000000000
[mtlr]   out: 0000007700000000 0000000000004000 000000004738220a 000000000001e7cc
[mtlr] resource2 sel8 flags 470 sz 0x1000 -> kr 0x00000000 rid 119 GPUVA 0x10002490000 cpu 109324000
[mtlr]   out: 0000010002490000 0000000109324000 00000001003ed940 0000000000000000
[mtlr]   out: 0000007700000000 0000000000004000 000000004738220b 000000000001e7cd
[mtlr] resource2 sel8 flags 470 sz 0x1000 -> kr 0x00000000 rid 119 GPUVA 0x10002490000 cpu 109324000
[mtlr]   out: 0000010002490000 0000000109324000 00000001003ed940 0000000000000000
[mtlr]   out: 0000007700000000 0000000000004000 000000004738220c 000000000001e7ce
[mtlr] resource2 sel8 flags 470 sz 0x1000 -> kr 0x00000000 rid 119 GPUVA 0x10002490000 cpu 109324000
[mtlr]   out: 0000010002490000 0000000109324000 00000001003ed940 0000000000000000
[mtlr]   out: 0000007700000000 0000000000004000 000000004738220d 000000000001e7cf
[mtlr] resource2 sel8 flags 470 sz 0x1000 -> kr 0x00000000 rid 119 GPUVA 0x10002490000 cpu 109324000
[mtlr]   out: 0000010002490000 0000000109324000 00000001003ed940 0000000000000000
[mtlr]   out: 0000007700000000 0000000000004000 000000004738220e 000000000001e7d0
[mtlr] resource2 sel8 flags 470 sz 0x1000 -> kr 0x00000000 rid 119 GPUVA 0x10002490000 cpu 109324000
[mtlr]   out: 0000010002490000 0000000109324000 00000001003ed940 0000000000000000
[mtlr]   out: 0000007700000000 0000000000004000 0000000047382211 000000000001e7d1
[mtlr] resource2 sel8 flags 470 sz 0x1000 -> kr 0x00000000 rid 119 GPUVA 0x10002490000 cpu 109324000
[mtlr]   out: 0000010002490000 0000000109324000 00000001003ed940 0000000000000000
[mtlr]   out: 0000007700000000 0000000000004000 0000000047382212 000000000001e7d2
[mtlr] resource2 sel8 flags 470 sz 0x1000 -> kr 0x00000000 rid 119 GPUVA 0x10002490000 cpu 109324000
[mtlr]   out: 0000010002490000 0000000109324000 00000001003ed940 0000000000000000
[mtlr]   out: 0000007700000000 0000000000004000 0000000047382213 000000000001e7d3
[mtlr] resource2 sel8 flags 470 sz 0x1000 -> kr 0x00000000 rid 119 GPUVA 0x10002490000 cpu 109324000
[mtlr]   out: 0000010002490000 0000000109324000 00000001003ed940 0000000000000000
[mtlr]   out: 0000007700000000 0000000000004000 0000000047382216 000000000001e7d4
[mtlr] resource2 sel8 flags 470 sz 0x1000 -> kr 0x00000000 rid 119 GPUVA 0x10002490000 cpu 109324000
[mtlr]   out: 0000010002490000 0000000109324000 00000001003ed940 0000000000000000
[mtlr]   out: 0000007700000000 0000000000004000 0000000047382218 000000000001e7d5
[mtlr] resource2 sel8 flags 470 sz 0x1000 -> kr 0x00000000 rid 119 GPUVA 0x10002490000 cpu 109324000
[mtlr]   out: 0000010002490000 0000000109324000 00000001003ed940 0000000000000000
[mtlr]   out: 0000007700000000 0000000000004000 0000000047382219 000000000001e7d6
[mtlr] resource2 sel8 flags 470 sz 0x1000 -> kr 0x00000000 rid 119 GPUVA 0x10002490000 cpu 109324000
[mtlr]   out: 0000010002490000 0000000109324000 00000001003ed940 0000000000000000
[mtlr]   out: 0000007700000000 0000000000004000 000000004738221a 000000000001e7d7
[mtlr] resource2 sel8 flags 470 sz 0x1000 -> kr 0x00000000 rid 119 GPUVA 0x10002490000 cpu 109324000
[mtlr]   out: 0000010002490000 0000000109324000 00000001003ed940 0000000000000000
[mtlr]   out: 0000007700000000 0000000000004000 000000004738221b 000000000001e7d8
[mtlr] resource2 sel8 flags 470 sz 0x1000 -> kr 0x00000000 rid 119 GPUVA 0x10002490000 cpu 109324000
[mtlr]   out: 0000010002490000 0000000109324000 00000001003ed940 0000000000000000
[mtlr]   out: 0000007700000000 0000000000004000 000000004738221c 000000000001e7d9
[mtlr] resource2 sel8 flags 470 sz 0x1000 -> kr 0x00000000 rid 119 GPUVA 0x10002490000 cpu 109324000
[mtlr]   out: 0000010002490000 0000000109324000 00000001003ed940 0000000000000000
[mtlr]   out: 0000007700000000 0000000000004000 000000004738221d 000000000001e7da
[mtlr] resource2 sel8 flags 470 sz 0x1000 -> kr 0x00000000 rid 119 GPUVA 0x10002490000 cpu 109324000
[mtlr]   out: 0000010002490000 0000000109324000 00000001003ed940 0000000000000000
[mtlr]   out: 0000007700000000 0000000000004000 000000004738221e 000000000001e7db
[mtlr] resource2 sel8 flags 470 sz 0x1000 -> kr 0x00000000 rid 119 GPUVA 0x10002490000 cpu 109324000
[mtlr]   out: 0000010002490000 0000000109324000 00000001003ed940 0000000000000000
[mtlr]   out: 0000007700000000 0000000000004000 000000004738221f 000000000001e7dc
[mtlr] resource2 sel8 flags 470 sz 0x1000 -> kr 0x00000000 rid 119 GPUVA 0x10002490000 cpu 109324000
[mtlr]   out: 0000010002490000 0000000109324000 00000001003ed940 0000000000000000
[mtlr]   out: 0000007700000000 0000000000004000 0000000047382220 000000000001e7dd
[mtlr] resource2 sel8 flags 470 sz 0x1000 -> kr 0x00000000 rid 119 GPUVA 0x10002490000 cpu 109324000
[mtlr]   out: 0000010002490000 0000000109324000 00000001003ed940 0000000000000000
[mtlr]   out: 0000007700000000 0000000000004000 0000000047382221 000000000001e7de
[mtlr] resource2 sel8 flags 470 sz 0x1000 -> kr 0x00000000 rid 119 GPUVA 0x10002490000 cpu 109324000
[mtlr]   out: 0000010002490000 0000000109324000 00000001003ed940 0000000000000000
[mtlr]   out: 0000007700000000 0000000000004000 0000000047382222 000000000001e7df
[mtlr] resource2 sel8 flags 470 sz 0x1000 -> kr 0x00000000 rid 119 GPUVA 0x10002490000 cpu 109324000
[mtlr]   out: 0000010002490000 0000000109324000 00000001003ed940 0000000000000000
[mtlr]   out: 0000007700000000 0000000000004000 0000000047382223 000000000001e7e0
[mtlr] resource2 sel8 flags 470 sz 0x1000 -> kr 0x00000000 rid 119 GPUVA 0x10002490000 cpu 109324000
[mtlr]   out: 0000010002490000 0000000109324000 00000001003ed940 0000000000000000
[mtlr]   out: 0000007700000000 0000000000004000 0000000047382224 000000000001e7e1
[mtlr] resource2 sel8 flags 470 sz 0x1000 -> kr 0x00000000 rid 119 GPUVA 0x10002490000 cpu 109324000
[mtlr]   out: 0000010002490000 0000000109324000 00000001003ed940 0000000000000000
[mtlr]   out: 0000007700000000 0000000000004000 0000000047382225 000000000001e7e2
[mtlr] resource2 sel8 flags 470 sz 0x1000 -> kr 0x00000000 rid 119 GPUVA 0x10002490000 cpu 109324000
[mtlr]   out: 0000010002490000 0000000109324000 00000001003ed940 0000000000000000
[mtlr]   out: 0000007700000000 0000000000004000 0000000047382226 000000000001e7e3
[mtlr] resource2 sel8 flags 470 sz 0x1000 -> kr 0x00000000 rid 119 GPUVA 0x10002490000 cpu 109324000
[mtlr]   out: 0000010002490000 0000000109324000 00000001003ed940 0000000000000000
[mtlr]   out: 0000007700000000 0000000000004000 0000000047382227 000000000001e7e4
[uatrec] S4 r21 (+1s): nvv 8 ncb 8 vsz 0x100000 fill 0x0 destroy0 kr 0x00000000 nj 40
[uatrec] S4 r21 blit[0] slots 8 ridp 1
[uatrec] S4 r21 blit[1] slots 9 ridp 1
[uatrec] S4 r21 blit[2] slots 8 ridp 1
[uatrec] S4 r21 blit[3] slots 8 ridp 1
[uatrec] S4 r21 blit[4] slots 8 ridp 1
[uatrec] S4 r21 blit[5] slots 8 ridp 1
[uatrec] S4 r21 blit[6] slots 8 ridp 1
[uatrec] S4 r21 blit[7] slots 8 ridp 1
[mtlr] resource2 sel8 flags 470 sz 0x100000 -> kr 0x00000000 rid 119 GPUVA 0x10002490000 cpu 108a24000
[mtlr]   out: 0000010002490000 0000000108a24000 00000001003ed940 0000000000000000
[mtlr]   out: 0000007700000000 0000000000100000 000000004738223a 000000000001e7e7
[uatrec] S4 r22 victim[0] rid 119 gpuva 0x10002490000 cpu 0x108a24000 (top-of-stack)
[mtlr] resource2 sel8 flags 470 sz 0x100000 -> kr 0x00000000 rid 120 GPUVA 0x10002598000 cpu 108b24000
[mtlr]   out: 0000010002598000 0000000108b24000 00000001003eda00 0000000000000000
[mtlr]   out: 0000007800000000 0000000000100000 000000004738223b 000000000001e7e8
[uatrec] S4 r22 victim[1] rid 120 gpuva 0x10002598000 cpu 0x108b24000 (top-of-stack)
[mtlr] resource2 sel8 flags 470 sz 0x100000 -> kr 0x00000000 rid 121 GPUVA 0x100026a0000 cpu 108c24000
[mtlr]   out: 00000100026a0000 0000000108c24000 00000001003edac0 0000000000000000
[mtlr]   out: 0000007900000000 0000000000100000 000000004738223c 000000000001e7e9
[uatrec] S4 r22 victim[2] rid 121 gpuva 0x100026a0000 cpu 0x108c24000 (top-of-stack)
[mtlr] resource2 sel8 flags 470 sz 0x100000 -> kr 0x00000000 rid 122 GPUVA 0x100027a8000 cpu 108d24000
[mtlr]   out: 00000100027a8000 0000000108d24000 00000001003edb80 0000000000000000
[mtlr]   out: 0000007a00000000 0000000000100000 000000004738223d 000000000001e7ea
[uatrec] S4 r22 victim[3] rid 122 gpuva 0x100027a8000 cpu 0x108d24000 (top-of-stack)
[mtlr] resource2 sel8 flags 470 sz 0x100000 -> kr 0x00000000 rid 123 GPUVA 0x100028b0000 cpu 108f24000
[mtlr]   out: 00000100028b0000 0000000108f24000 00000001003edc40 0000000000000000
[mtlr]   out: 0000007b00000000 0000000000100000 000000004738223e 000000000001e7eb
[uatrec] S4 r22 victim[4] rid 123 gpuva 0x100028b0000 cpu 0x108f24000 (top-of-stack)
[mtlr] resource2 sel8 flags 470 sz 0x100000 -> kr 0x00000000 rid 124 GPUVA 0x100029b8000 cpu 109024000
[mtlr]   out: 00000100029b8000 0000000109024000 00000001003edd00 0000000000000000
[mtlr]   out: 0000007c00000000 0000000000100000 000000004738223f 000000000001e7ec
[uatrec] S4 r22 victim[5] rid 124 gpuva 0x100029b8000 cpu 0x109024000 (top-of-stack)
[mtlr] resource2 sel8 flags 470 sz 0x100000 -> kr 0x00000000 rid 125 GPUVA 0x10002ac0000 cpu 108524000
[mtlr]   out: 0000010002ac0000 0000000108524000 00000001003eddc0 0000000000000000
[mtlr]   out: 0000007d00000000 0000000000100000 0000000047382240 000000000001e7ed
[uatrec] S4 r22 victim[6] rid 125 gpuva 0x10002ac0000 cpu 0x108524000 (top-of-stack)
[mtlr] resource2 sel8 flags 470 sz 0x100000 -> kr 0x00000000 rid 126 GPUVA 0x10002bc8000 cpu 108624000
[mtlr]   out: 0000010002bc8000 0000000108624000 00000001003ede80 0000000000000000
[mtlr]   out: 0000007e00000000 0000000000100000 0000000047382244 000000000001e7ee
[uatrec] S4 r22 victim[7] rid 126 gpuva 0x10002bc8000 cpu 0x108624000 (top-of-stack)
[mtlr] resource2 sel8 flags 470 sz 0x1000 -> kr 0x00000000 rid 119 GPUVA 0x10002490000 cpu 109624000
[mtlr]   out: 0000010002490000 0000000109624000 00000001003ed940 0000000000000000
[mtlr]   out: 0000007700000000 0000000000004000 000000004738225f 000000000001e7f8
[mtlr] resource2 sel8 flags 470 sz 0x1000 -> kr 0x00000000 rid 119 GPUVA 0x10002490000 cpu 109624000
[mtlr]   out: 0000010002490000 0000000109624000 00000001003ed940 0000000000000000
[mtlr]   out: 0000007700000000 0000000000004000 0000000047382260 000000000001e7f9
[mtlr] resource2 sel8 flags 470 sz 0x1000 -> kr 0x00000000 rid 119 GPUVA 0x10002490000 cpu 109624000
[mtlr]   out: 0000010002490000 0000000109624000 00000001003ed940 0000000000000000
[mtlr]   out: 0000007700000000 0000000000004000 0000000047382261 000000000001e7fa
[mtlr] resource2 sel8 flags 470 sz 0x1000 -> kr 0x00000000 rid 119 GPUVA 0x10002490000 cpu 109624000
[mtlr]   out: 0000010002490000 0000000109624000 00000001003ed940 0000000000000000
[mtlr]   out: 0000007700000000 0000000000004000 0000000047382262 000000000001e7fb
[mtlr] resource2 sel8 flags 470 sz 0x1000 -> kr 0x00000000 rid 119 GPUVA 0x10002490000 cpu 109624000
[mtlr]   out: 0000010002490000 0000000109624000 00000001003ed940 0000000000000000
[mtlr]   out: 0000007700000000 0000000000004000 0000000047382263 000000000001e7fc
[mtlr] resource2 sel8 flags 470 sz 0x1000 -> kr 0x00000000 rid 119 GPUVA 0x10002490000 cpu 109624000
[mtlr]   out: 0000010002490000 0000000109624000 00000001003ed940 0000000000000000
[mtlr]   out: 0000007700000000 0000000000004000 0000000047382264 000000000001e7fd
[mtlr] resource2 sel8 flags 470 sz 0x1000 -> kr 0x00000000 rid 119 GPUVA 0x10002490000 cpu 109624000
[mtlr]   out: 0000010002490000 0000000109624000 00000001003ed940 0000000000000000
[mtlr]   out: 0000007700000000 0000000000004000 0000000047382265 000000000001e7fe
[mtlr] resource2 sel8 flags 470 sz 0x1000 -> kr 0x00000000 rid 119 GPUVA 0x10002490000 cpu 109624000
[mtlr]   out: 0000010002490000 0000000109624000 00000001003ed940 0000000000000000
[mtlr]   out: 0000007700000000 0000000000004000 0000000047382266 000000000001e7ff
[mtlr] resource2 sel8 flags 470 sz 0x1000 -> kr 0x00000000 rid 119 GPUVA 0x10002490000 cpu 109624000
[mtlr]   out: 0000010002490000 0000000109624000 00000001003ed940 0000000000000000
[mtlr]   out: 0000007700000000 0000000000004000 0000000047382267 000000000001e800
[mtlr] resource2 sel8 flags 470 sz 0x1000 -> kr 0x00000000 rid 119 GPUVA 0x10002490000 cpu 109624000
[mtlr]   out: 0000010002490000 0000000109624000 00000001003ed940 0000000000000000
[mtlr]   out: 0000007700000000 0000000000004000 0000000047382268 000000000001e801
[mtlr] resource2 sel8 flags 470 sz 0x1000 -> kr 0x00000000 rid 119 GPUVA 0x10002490000 cpu 109624000
[mtlr]   out: 0000010002490000 0000000109624000 00000001003ed940 0000000000000000
[mtlr]   out: 0000007700000000 0000000000004000 0000000047382269 000000000001e802
[mtlr] resource2 sel8 flags 470 sz 0x1000 -> kr 0x00000000 rid 119 GPUVA 0x10002490000 cpu 109624000
[mtlr]   out: 0000010002490000 0000000109624000 00000001003ed940 0000000000000000
[mtlr]   out: 0000007700000000 0000000000004000 000000004738226a 000000000001e803
[mtlr] resource2 sel8 flags 470 sz 0x1000 -> kr 0x00000000 rid 119 GPUVA 0x10002490000 cpu 109624000
[mtlr]   out: 0000010002490000 0000000109624000 00000001003ed940 0000000000000000
[mtlr]   out: 0000007700000000 0000000000004000 000000004738226b 000000000001e804
[mtlr] resource2 sel8 flags 470 sz 0x1000 -> kr 0x00000000 rid 119 GPUVA 0x10002490000 cpu 109624000
[mtlr]   out: 0000010002490000 0000000109624000 00000001003ed940 0000000000000000
[mtlr]   out: 0000007700000000 0000000000004000 000000004738226c 000000000001e805
[mtlr] resource2 sel8 flags 470 sz 0x1000 -> kr 0x00000000 rid 119 GPUVA 0x10002490000 cpu 109624000
[mtlr]   out: 0000010002490000 0000000109624000 00000001003ed940 0000000000000000
[mtlr]   out: 0000007700000000 0000000000004000 000000004738226d 000000000001e806
[mtlr] resource2 sel8 flags 470 sz 0x1000 -> kr 0x00000000 rid 119 GPUVA 0x10002490000 cpu 109624000
[mtlr]   out: 0000010002490000 0000000109624000 00000001003ed940 0000000000000000
[mtlr]   out: 0000007700000000 0000000000004000 000000004738226e 000000000001e807
[mtlr] resource2 sel8 flags 470 sz 0x1000 -> kr 0x00000000 rid 119 GPUVA 0x10002490000 cpu 109624000
[mtlr]   out: 0000010002490000 0000000109624000 00000001003ed940 0000000000000000
[mtlr]   out: 0000007700000000 0000000000004000 000000004738226f 000000000001e808
[mtlr] resource2 sel8 flags 470 sz 0x1000 -> kr 0x00000000 rid 119 GPUVA 0x10002490000 cpu 109624000
[mtlr]   out: 0000010002490000 0000000109624000 00000001003ed940 0000000000000000
[mtlr]   out: 0000007700000000 0000000000004000 0000000047382270 000000000001e809
[mtlr] resource2 sel8 flags 470 sz 0x1000 -> kr 0x00000000 rid 119 GPUVA 0x10002490000 cpu 109624000
[mtlr]   out: 0000010002490000 0000000109624000 00000001003ed940 0000000000000000
[mtlr]   out: 0000007700000000 0000000000004000 0000000047382271 000000000001e80a
[mtlr] resource2 sel8 flags 470 sz 0x1000 -> kr 0x00000000 rid 119 GPUVA 0x10002490000 cpu 109624000
[mtlr]   out: 0000010002490000 0000000109624000 00000001003ed940 0000000000000000
[mtlr]   out: 0000007700000000 0000000000004000 0000000047382272 000000000001e80b
[mtlr] resource2 sel8 flags 470 sz 0x1000 -> kr 0x00000000 rid 119 GPUVA 0x10002490000 cpu 109624000
[mtlr]   out: 0000010002490000 0000000109624000 00000001003ed940 0000000000000000
[mtlr]   out: 0000007700000000 0000000000004000 0000000047382273 000000000001e80c
[mtlr] resource2 sel8 flags 470 sz 0x1000 -> kr 0x00000000 rid 119 GPUVA 0x10002490000 cpu 109624000
[mtlr]   out: 0000010002490000 0000000109624000 00000001003ed940 0000000000000000
[mtlr]   out: 0000007700000000 0000000000004000 0000000047382274 000000000001e80d
[mtlr] resource2 sel8 flags 470 sz 0x1000 -> kr 0x00000000 rid 119 GPUVA 0x10002490000 cpu 109624000
[mtlr]   out: 0000010002490000 0000000109624000 00000001003ed940 0000000000000000
[mtlr]   out: 0000007700000000 0000000000004000 0000000047382275 000000000001e80e
[mtlr] resource2 sel8 flags 470 sz 0x1000 -> kr 0x00000000 rid 119 GPUVA 0x10002490000 cpu 109624000
[mtlr]   out: 0000010002490000 0000000109624000 00000001003ed940 0000000000000000
[mtlr]   out: 0000007700000000 0000000000004000 0000000047382276 000000000001e80f
[mtlr] resource2 sel8 flags 470 sz 0x1000 -> kr 0x00000000 rid 119 GPUVA 0x10002490000 cpu 109624000
[mtlr]   out: 0000010002490000 0000000109624000 00000001003ed940 0000000000000000
[mtlr]   out: 0000007700000000 0000000000004000 0000000047382277 000000000001e810
[mtlr] resource2 sel8 flags 470 sz 0x1000 -> kr 0x00000000 rid 119 GPUVA 0x10002490000 cpu 109624000
[mtlr]   out: 0000010002490000 0000000109624000 00000001003ed940 0000000000000000
[mtlr]   out: 0000007700000000 0000000000004000 0000000047382278 000000000001e811
[mtlr] resource2 sel8 flags 470 sz 0x1000 -> kr 0x00000000 rid 119 GPUVA 0x10002490000 cpu 109624000
[mtlr]   out: 0000010002490000 0000000109624000 00000001003ed940 0000000000000000
[mtlr]   out: 0000007700000000 0000000000004000 0000000047382279 000000000001e812
[mtlr] resource2 sel8 flags 470 sz 0x1000 -> kr 0x00000000 rid 119 GPUVA 0x10002490000 cpu 109624000
[mtlr]   out: 0000010002490000 0000000109624000 00000001003ed940 0000000000000000
[mtlr]   out: 0000007700000000 0000000000004000 000000004738227a 000000000001e813
[mtlr] resource2 sel8 flags 470 sz 0x1000 -> kr 0x00000000 rid 119 GPUVA 0x10002490000 cpu 109624000
[mtlr]   out: 0000010002490000 0000000109624000 00000001003ed940 0000000000000000
[mtlr]   out: 0000007700000000 0000000000004000 000000004738227b 000000000001e814
[mtlr] resource2 sel8 flags 470 sz 0x1000 -> kr 0x00000000 rid 119 GPUVA 0x10002490000 cpu 109624000
[mtlr]   out: 0000010002490000 0000000109624000 00000001003ed940 0000000000000000
[mtlr]   out: 0000007700000000 0000000000004000 000000004738227e 000000000001e815
[mtlr] resource2 sel8 flags 470 sz 0x1000 -> kr 0x00000000 rid 119 GPUVA 0x10002490000 cpu 109624000
[mtlr]   out: 0000010002490000 0000000109624000 00000001003ed940 0000000000000000
[mtlr]   out: 0000007700000000 0000000000004000 000000004738227f 000000000001e816
[mtlr] resource2 sel8 flags 470 sz 0x1000 -> kr 0x00000000 rid 119 GPUVA 0x10002490000 cpu 109624000
[mtlr]   out: 0000010002490000 0000000109624000 00000001003ed940 0000000000000000
[mtlr]   out: 0000007700000000 0000000000004000 0000000047382282 000000000001e817
[mtlr] resource2 sel8 flags 470 sz 0x1000 -> kr 0x00000000 rid 119 GPUVA 0x10002490000 cpu 109624000
[mtlr]   out: 0000010002490000 0000000109624000 00000001003ed940 0000000000000000
[mtlr]   out: 0000007700000000 0000000000004000 0000000047382283 000000000001e818
[mtlr] resource2 sel8 flags 470 sz 0x1000 -> kr 0x00000000 rid 119 GPUVA 0x10002490000 cpu 109624000
[mtlr]   out: 0000010002490000 0000000109624000 00000001003ed940 0000000000000000
[mtlr]   out: 0000007700000000 0000000000004000 0000000047382285 000000000001e819
[mtlr] resource2 sel8 flags 470 sz 0x1000 -> kr 0x00000000 rid 119 GPUVA 0x10002490000 cpu 109624000
[mtlr]   out: 0000010002490000 0000000109624000 00000001003ed940 0000000000000000
[mtlr]   out: 0000007700000000 0000000000004000 0000000047382286 000000000001e81a
[mtlr] resource2 sel8 flags 470 sz 0x1000 -> kr 0x00000000 rid 119 GPUVA 0x10002490000 cpu 109624000
[mtlr]   out: 0000010002490000 0000000109624000 00000001003ed940 0000000000000000
[mtlr]   out: 0000007700000000 0000000000004000 0000000047382287 000000000001e81b
[mtlr] resource2 sel8 flags 470 sz 0x1000 -> kr 0x00000000 rid 119 GPUVA 0x10002490000 cpu 109624000
[mtlr]   out: 0000010002490000 0000000109624000 00000001003ed940 0000000000000000
[mtlr]   out: 0000007700000000 0000000000004000 0000000047382288 000000000001e81c
[mtlr] resource2 sel8 flags 470 sz 0x1000 -> kr 0x00000000 rid 119 GPUVA 0x10002490000 cpu 109624000
[mtlr]   out: 0000010002490000 0000000109624000 00000001003ed940 0000000000000000
[mtlr]   out: 0000007700000000 0000000000004000 0000000047382289 000000000001e81d
[mtlr] resource2 sel8 flags 470 sz 0x1000 -> kr 0x00000000 rid 119 GPUVA 0x10002490000 cpu 109624000
[mtlr]   out: 0000010002490000 0000000109624000 00000001003ed940 0000000000000000
[mtlr]   out: 0000007700000000 0000000000004000 000000004738228a 000000000001e81e
[mtlr] resource2 sel8 flags 470 sz 0x1000 -> kr 0x00000000 rid 119 GPUVA 0x10002490000 cpu 109624000
[mtlr]   out: 0000010002490000 0000000109624000 00000001003ed940 0000000000000000
[mtlr]   out: 0000007700000000 0000000000004000 000000004738228b 000000000001e81f
[uatrec] S4 r22 (+1s): nvv 8 ncb 8 vsz 0x100000 fill 0x0 destroy0 kr 0x00000000 nj 40
[uatrec] S4 r22 blit[0] slots 8 ridp 1
[uatrec] S4 r22 blit[1] slots 8 ridp 1
[uatrec] S4 r22 blit[2] slots 8 ridp 1
[uatrec] S4 r22 blit[3] slots 9 ridp 1
[uatrec] S4 r22 blit[4] slots 8 ridp 1
[uatrec] S4 r22 blit[5] slots 9 ridp 1
[uatrec] S4 r22 blit[6] slots 8 ridp 1
[uatrec] S4 r22 blit[7] slots 9 ridp 1
[mtlr] resource2 sel8 flags 470 sz 0x100000 -> kr 0x00000000 rid 119 GPUVA 0x10002490000 cpu 108524000
[mtlr]   out: 0000010002490000 0000000108524000 00000001003ed940 0000000000000000
[mtlr]   out: 0000007700000000 0000000000100000 000000004738229e 000000000001e822
[uatrec] S4 r23 victim[0] rid 119 gpuva 0x10002490000 cpu 0x108524000 (top-of-stack)
[mtlr] resource2 sel8 flags 470 sz 0x100000 -> kr 0x00000000 rid 120 GPUVA 0x10002598000 cpu 108624000
[mtlr]   out: 0000010002598000 0000000108624000 00000001003eda00 0000000000000000
[mtlr]   out: 0000007800000000 0000000000100000 000000004738229f 000000000001e823
[uatrec] S4 r23 victim[1] rid 120 gpuva 0x10002598000 cpu 0x108624000 (top-of-stack)
[mtlr] resource2 sel8 flags 470 sz 0x100000 -> kr 0x00000000 rid 121 GPUVA 0x100026a0000 cpu 108724000
[mtlr]   out: 00000100026a0000 0000000108724000 00000001003edac0 0000000000000000
[mtlr]   out: 0000007900000000 0000000000100000 00000000473822a0 000000000001e824
[uatrec] S4 r23 victim[2] rid 121 gpuva 0x100026a0000 cpu 0x108724000 (top-of-stack)
[mtlr] resource2 sel8 flags 470 sz 0x100000 -> kr 0x00000000 rid 122 GPUVA 0x100027a8000 cpu 108824000
[mtlr]   out: 00000100027a8000 0000000108824000 00000001003edb80 0000000000000000
[mtlr]   out: 0000007a00000000 0000000000100000 00000000473822a1 000000000001e825
[uatrec] S4 r23 victim[3] rid 122 gpuva 0x100027a8000 cpu 0x108824000 (top-of-stack)
[mtlr] resource2 sel8 flags 470 sz 0x100000 -> kr 0x00000000 rid 123 GPUVA 0x100028b0000 cpu 108924000
[mtlr]   out: 00000100028b0000 0000000108924000 00000001003edc40 0000000000000000
[mtlr]   out: 0000007b00000000 0000000000100000 00000000473822a2 000000000001e826
[uatrec] S4 r23 victim[4] rid 123 gpuva 0x100028b0000 cpu 0x108924000 (top-of-stack)
[mtlr] resource2 sel8 flags 470 sz 0x100000 -> kr 0x00000000 rid 124 GPUVA 0x100029b8000 cpu 108a24000
[mtlr]   out: 00000100029b8000 0000000108a24000 00000001003edd00 0000000000000000
[mtlr]   out: 0000007c00000000 0000000000100000 00000000473822aa 000000000001e827
[uatrec] S4 r23 victim[5] rid 124 gpuva 0x100029b8000 cpu 0x108a24000 (top-of-stack)
[mtlr] resource2 sel8 flags 470 sz 0x100000 -> kr 0x00000000 rid 125 GPUVA 0x10002ac0000 cpu 108b24000
[mtlr]   out: 0000010002ac0000 0000000108b24000 00000001003eddc0 0000000000000000
[mtlr]   out: 0000007d00000000 0000000000100000 00000000473822ab 000000000001e828
[uatrec] S4 r23 victim[6] rid 125 gpuva 0x10002ac0000 cpu 0x108b24000 (top-of-stack)
[mtlr] resource2 sel8 flags 470 sz 0x100000 -> kr 0x00000000 rid 126 GPUVA 0x10002bc8000 cpu 108c24000
[mtlr]   out: 0000010002bc8000 0000000108c24000 00000001003ede80 0000000000000000
[mtlr]   out: 0000007e00000000 0000000000100000 00000000473822ac 000000000001e829
[uatrec] S4 r23 victim[7] rid 126 gpuva 0x10002bc8000 cpu 0x108c24000 (top-of-stack)
[mtlr] resource2 sel8 flags 470 sz 0x1000 -> kr 0x00000000 rid 119 GPUVA 0x10002490000 cpu 10a424000
[mtlr]   out: 0000010002490000 000000010a424000 00000001003ed940 0000000000000000
[mtlr]   out: 0000007700000000 0000000000004000 00000000473822c3 000000000001e833
[mtlr] resource2 sel8 flags 470 sz 0x1000 -> kr 0x00000000 rid 119 GPUVA 0x10002490000 cpu 10a424000
[mtlr]   out: 0000010002490000 000000010a424000 00000001003ed940 0000000000000000
[mtlr]   out: 0000007700000000 0000000000004000 00000000473822c4 000000000001e834
[mtlr] resource2 sel8 flags 470 sz 0x1000 -> kr 0x00000000 rid 119 GPUVA 0x10002490000 cpu 10a424000
[mtlr]   out: 0000010002490000 000000010a424000 00000001003ed940 0000000000000000
[mtlr]   out: 0000007700000000 0000000000004000 00000000473822c5 000000000001e835
[mtlr] resource2 sel8 flags 470 sz 0x1000 -> kr 0x00000000 rid 119 GPUVA 0x10002490000 cpu 10a424000
[mtlr]   out: 0000010002490000 000000010a424000 00000001003ed940 0000000000000000
[mtlr]   out: 0000007700000000 0000000000004000 00000000473822c8 000000000001e836
[mtlr] resource2 sel8 flags 470 sz 0x1000 -> kr 0x00000000 rid 119 GPUVA 0x10002490000 cpu 10a424000
[mtlr]   out: 0000010002490000 000000010a424000 00000001003ed940 0000000000000000
[mtlr]   out: 0000007700000000 0000000000004000 00000000473822c9 000000000001e837
[mtlr] resource2 sel8 flags 470 sz 0x1000 -> kr 0x00000000 rid 119 GPUVA 0x10002490000 cpu 10a424000
[mtlr]   out: 0000010002490000 000000010a424000 00000001003ed940 0000000000000000
[mtlr]   out: 0000007700000000 0000000000004000 00000000473822cc 000000000001e838
[mtlr] resource2 sel8 flags 470 sz 0x1000 -> kr 0x00000000 rid 119 GPUVA 0x10002490000 cpu 10a424000
[mtlr]   out: 0000010002490000 000000010a424000 00000001003ed940 0000000000000000
[mtlr]   out: 0000007700000000 0000000000004000 00000000473822ce 000000000001e839
[mtlr] resource2 sel8 flags 470 sz 0x1000 -> kr 0x00000000 rid 119 GPUVA 0x10002490000 cpu 10a424000
[mtlr]   out: 0000010002490000 000000010a424000 00000001003ed940 0000000000000000
[mtlr]   out: 0000007700000000 0000000000004000 00000000473822cf 000000000001e83a
[mtlr] resource2 sel8 flags 470 sz 0x1000 -> kr 0x00000000 rid 119 GPUVA 0x10002490000 cpu 10a424000
[mtlr]   out: 0000010002490000 000000010a424000 00000001003ed940 0000000000000000
[mtlr]   out: 0000007700000000 0000000000004000 00000000473822d0 000000000001e83b
[mtlr] resource2 sel8 flags 470 sz 0x1000 -> kr 0x00000000 rid 119 GPUVA 0x10002490000 cpu 10a424000
[mtlr]   out: 0000010002490000 000000010a424000 00000001003ed940 0000000000000000
[mtlr]   out: 0000007700000000 0000000000004000 00000000473822d1 000000000001e83c
[mtlr] resource2 sel8 flags 470 sz 0x1000 -> kr 0x00000000 rid 119 GPUVA 0x10002490000 cpu 10a424000
[mtlr]   out: 0000010002490000 000000010a424000 00000001003ed940 0000000000000000
[mtlr]   out: 0000007700000000 0000000000004000 00000000473822d2 000000000001e83d
[mtlr] resource2 sel8 flags 470 sz 0x1000 -> kr 0x00000000 rid 119 GPUVA 0x10002490000 cpu 10a424000
[mtlr]   out: 0000010002490000 000000010a424000 00000001003ed940 0000000000000000
[mtlr]   out: 0000007700000000 0000000000004000 00000000473822d3 000000000001e83e
[mtlr] resource2 sel8 flags 470 sz 0x1000 -> kr 0x00000000 rid 119 GPUVA 0x10002490000 cpu 10a424000
[mtlr]   out: 0000010002490000 000000010a424000 00000001003ed940 0000000000000000
[mtlr]   out: 0000007700000000 0000000000004000 00000000473822d4 000000000001e83f
[mtlr] resource2 sel8 flags 470 sz 0x1000 -> kr 0x00000000 rid 119 GPUVA 0x10002490000 cpu 10a424000
[mtlr]   out: 0000010002490000 000000010a424000 00000001003ed940 0000000000000000
[mtlr]   out: 0000007700000000 0000000000004000 00000000473822d5 000000000001e840
[mtlr] resource2 sel8 flags 470 sz 0x1000 -> kr 0x00000000 rid 119 GPUVA 0x10002490000 cpu 10a424000
[mtlr]   out: 0000010002490000 000000010a424000 00000001003ed940 0000000000000000
[mtlr]   out: 0000007700000000 0000000000004000 00000000473822d6 000000000001e841
[mtlr] resource2 sel8 flags 470 sz 0x1000 -> kr 0x00000000 rid 119 GPUVA 0x10002490000 cpu 10a424000
[mtlr]   out: 0000010002490000 000000010a424000 00000001003ed940 0000000000000000
[mtlr]   out: 0000007700000000 0000000000004000 00000000473822d7 000000000001e842
[mtlr] resource2 sel8 flags 470 sz 0x1000 -> kr 0x00000000 rid 119 GPUVA 0x10002490000 cpu 10a424000
[mtlr]   out: 0000010002490000 000000010a424000 00000001003ed940 0000000000000000
[mtlr]   out: 0000007700000000 0000000000004000 00000000473822d8 000000000001e843
[mtlr] resource2 sel8 flags 470 sz 0x1000 -> kr 0x00000000 rid 119 GPUVA 0x10002490000 cpu 10a424000
[mtlr]   out: 0000010002490000 000000010a424000 00000001003ed940 0000000000000000
[mtlr]   out: 0000007700000000 0000000000004000 00000000473822d9 000000000001e844
[mtlr] resource2 sel8 flags 470 sz 0x1000 -> kr 0x00000000 rid 119 GPUVA 0x10002490000 cpu 10a424000
[mtlr]   out: 0000010002490000 000000010a424000 00000001003ed940 0000000000000000
[mtlr]   out: 0000007700000000 0000000000004000 00000000473822da 000000000001e845
[mtlr] resource2 sel8 flags 470 sz 0x1000 -> kr 0x00000000 rid 119 GPUVA 0x10002490000 cpu 10a424000
[mtlr]   out: 0000010002490000 000000010a424000 00000001003ed940 0000000000000000
[mtlr]   out: 0000007700000000 0000000000004000 00000000473822db 000000000001e846
[mtlr] resource2 sel8 flags 470 sz 0x1000 -> kr 0x00000000 rid 119 GPUVA 0x10002490000 cpu 10a424000
[mtlr]   out: 0000010002490000 000000010a424000 00000001003ed940 0000000000000000
[mtlr]   out: 0000007700000000 0000000000004000 00000000473822dc 000000000001e847
[mtlr] resource2 sel8 flags 470 sz 0x1000 -> kr 0x00000000 rid 119 GPUVA 0x10002490000 cpu 10a424000
[mtlr]   out: 0000010002490000 000000010a424000 00000001003ed940 0000000000000000
[mtlr]   out: 0000007700000000 0000000000004000 00000000473822dd 000000000001e848
[mtlr] resource2 sel8 flags 470 sz 0x1000 -> kr 0x00000000 rid 119 GPUVA 0x10002490000 cpu 10a424000
[mtlr]   out: 0000010002490000 000000010a424000 00000001003ed940 0000000000000000
[mtlr]   out: 0000007700000000 0000000000004000 00000000473822de 000000000001e849
[mtlr] resource2 sel8 flags 470 sz 0x1000 -> kr 0x00000000 rid 119 GPUVA 0x10002490000 cpu 10a424000
[mtlr]   out: 0000010002490000 000000010a424000 00000001003ed940 0000000000000000
[mtlr]   out: 0000007700000000 0000000000004000 00000000473822df 000000000001e84a
[mtlr] resource2 sel8 flags 470 sz 0x1000 -> kr 0x00000000 rid 119 GPUVA 0x10002490000 cpu 10a424000
[mtlr]   out: 0000010002490000 000000010a424000 00000001003ed940 0000000000000000
[mtlr]   out: 0000007700000000 0000000000004000 00000000473822e0 000000000001e84b
[mtlr] resource2 sel8 flags 470 sz 0x1000 -> kr 0x00000000 rid 119 GPUVA 0x10002490000 cpu 10a424000
[mtlr]   out: 0000010002490000 000000010a424000 00000001003ed940 0000000000000000
[mtlr]   out: 0000007700000000 0000000000004000 00000000473822e1 000000000001e84c
[mtlr] resource2 sel8 flags 470 sz 0x1000 -> kr 0x00000000 rid 119 GPUVA 0x10002490000 cpu 10a424000
[mtlr]   out: 0000010002490000 000000010a424000 00000001003ed940 0000000000000000
[mtlr]   out: 0000007700000000 0000000000004000 00000000473822e2 000000000001e84d
[mtlr] resource2 sel8 flags 470 sz 0x1000 -> kr 0x00000000 rid 119 GPUVA 0x10002490000 cpu 10a424000
[mtlr]   out: 0000010002490000 000000010a424000 00000001003ed940 0000000000000000
[mtlr]   out: 0000007700000000 0000000000004000 00000000473822e3 000000000001e84e
[mtlr] resource2 sel8 flags 470 sz 0x1000 -> kr 0x00000000 rid 119 GPUVA 0x10002490000 cpu 10a424000
[mtlr]   out: 0000010002490000 000000010a424000 00000001003ed940 0000000000000000
[mtlr]   out: 0000007700000000 0000000000004000 00000000473822e4 000000000001e84f
[mtlr] resource2 sel8 flags 470 sz 0x1000 -> kr 0x00000000 rid 119 GPUVA 0x10002490000 cpu 10a424000
[mtlr]   out: 0000010002490000 000000010a424000 00000001003ed940 0000000000000000
[mtlr]   out: 0000007700000000 0000000000004000 00000000473822e5 000000000001e850
[mtlr] resource2 sel8 flags 470 sz 0x1000 -> kr 0x00000000 rid 119 GPUVA 0x10002490000 cpu 10a424000
[mtlr]   out: 0000010002490000 000000010a424000 00000001003ed940 0000000000000000
[mtlr]   out: 0000007700000000 0000000000004000 00000000473822e6 000000000001e851
[mtlr] resource2 sel8 flags 470 sz 0x1000 -> kr 0x00000000 rid 119 GPUVA 0x10002490000 cpu 10a424000
[mtlr]   out: 0000010002490000 000000010a424000 00000001003ed940 0000000000000000
[mtlr]   out: 0000007700000000 0000000000004000 00000000473822e7 000000000001e852
[mtlr] resource2 sel8 flags 470 sz 0x1000 -> kr 0x00000000 rid 119 GPUVA 0x10002490000 cpu 10a424000
[mtlr]   out: 0000010002490000 000000010a424000 00000001003ed940 0000000000000000
[mtlr]   out: 0000007700000000 0000000000004000 00000000473822e8 000000000001e853
[mtlr] resource2 sel8 flags 470 sz 0x1000 -> kr 0x00000000 rid 119 GPUVA 0x10002490000 cpu 10a424000
[mtlr]   out: 0000010002490000 000000010a424000 00000001003ed940 0000000000000000
[mtlr]   out: 0000007700000000 0000000000004000 00000000473822e9 000000000001e854
[mtlr] resource2 sel8 flags 470 sz 0x1000 -> kr 0x00000000 rid 119 GPUVA 0x10002490000 cpu 10a424000
[mtlr]   out: 0000010002490000 000000010a424000 00000001003ed940 0000000000000000
[mtlr]   out: 0000007700000000 0000000000004000 00000000473822ea 000000000001e855
[mtlr] resource2 sel8 flags 470 sz 0x1000 -> kr 0x00000000 rid 119 GPUVA 0x10002490000 cpu 10a424000
[mtlr]   out: 0000010002490000 000000010a424000 00000001003ed940 0000000000000000
[mtlr]   out: 0000007700000000 0000000000004000 00000000473822eb 000000000001e856
[mtlr] resource2 sel8 flags 470 sz 0x1000 -> kr 0x00000000 rid 119 GPUVA 0x10002490000 cpu 10a424000
[mtlr]   out: 0000010002490000 000000010a424000 00000001003ed940 0000000000000000
[mtlr]   out: 0000007700000000 0000000000004000 00000000473822ec 000000000001e857
[mtlr] resource2 sel8 flags 470 sz 0x1000 -> kr 0x00000000 rid 119 GPUVA 0x10002490000 cpu 10a424000
[mtlr]   out: 0000010002490000 000000010a424000 00000001003ed940 0000000000000000
[mtlr]   out: 0000007700000000 0000000000004000 00000000473822ed 000000000001e858
[mtlr] resource2 sel8 flags 470 sz 0x1000 -> kr 0x00000000 rid 119 GPUVA 0x10002490000 cpu 10a424000
[mtlr]   out: 0000010002490000 000000010a424000 00000001003ed940 0000000000000000
[mtlr]   out: 0000007700000000 0000000000004000 00000000473822ee 000000000001e859
[mtlr] resource2 sel8 flags 470 sz 0x1000 -> kr 0x00000000 rid 119 GPUVA 0x10002490000 cpu 10a424000
[mtlr]   out: 0000010002490000 000000010a424000 00000001003ed940 0000000000000000
[mtlr]   out: 0000007700000000 0000000000004000 00000000473822ef 000000000001e85a
[uatrec] S4 r23 (+1s): nvv 8 ncb 8 vsz 0x100000 fill 0x0 destroy0 kr 0x00000000 nj 40
[uatrec] S4 r23 blit[0] slots 8 ridp 1
[uatrec] S4 r23 blit[1] slots 9 ridp 1
[uatrec] S4 r23 blit[2] slots 8 ridp 1
[uatrec] S4 r23 blit[3] slots 8 ridp 1
[uatrec] S4 r23 blit[4] slots 8 ridp 1
[uatrec] S4 r23 blit[5] slots 8 ridp 1
[uatrec] S4 r23 blit[6] slots 8 ridp 1
[uatrec] S4 r23 blit[7] slots 8 ridp 1
[mtlr] resource2 sel8 flags 470 sz 0x100000 -> kr 0x00000000 rid 119 GPUVA 0x10002490000 cpu 108e24000
[mtlr]   out: 0000010002490000 0000000108e24000 00000001003ed940 0000000000000000
[mtlr]   out: 0000007700000000 0000000000100000 0000000047382302 000000000001e85d
[uatrec] S4 r24 victim[0] rid 119 gpuva 0x10002490000 cpu 0x108e24000 (top-of-stack)
[mtlr] resource2 sel8 flags 470 sz 0x100000 -> kr 0x00000000 rid 120 GPUVA 0x10002598000 cpu 108f24000
[mtlr]   out: 0000010002598000 0000000108f24000 00000001003eda00 0000000000000000
[mtlr]   out: 0000007800000000 0000000000100000 0000000047382303 000000000001e85e
[uatrec] S4 r24 victim[1] rid 120 gpuva 0x10002598000 cpu 0x108f24000 (top-of-stack)
[mtlr] resource2 sel8 flags 470 sz 0x100000 -> kr 0x00000000 rid 121 GPUVA 0x100026a0000 cpu 109024000
[mtlr]   out: 00000100026a0000 0000000109024000 00000001003edac0 0000000000000000
[mtlr]   out: 0000007900000000 0000000000100000 0000000047382304 000000000001e85f
[uatrec] S4 r24 victim[2] rid 121 gpuva 0x100026a0000 cpu 0x109024000 (top-of-stack)
[mtlr] resource2 sel8 flags 470 sz 0x100000 -> kr 0x00000000 rid 122 GPUVA 0x100027a8000 cpu 109124000
[mtlr]   out: 00000100027a8000 0000000109124000 00000001003edb80 0000000000000000
[mtlr]   out: 0000007a00000000 0000000000100000 0000000047382305 000000000001e860
[uatrec] S4 r24 victim[3] rid 122 gpuva 0x100027a8000 cpu 0x109124000 (top-of-stack)
[mtlr] resource2 sel8 flags 470 sz 0x100000 -> kr 0x00000000 rid 123 GPUVA 0x100028b0000 cpu 108524000
[mtlr]   out: 00000100028b0000 0000000108524000 00000001003edc40 0000000000000000
[mtlr]   out: 0000007b00000000 0000000000100000 0000000047382306 000000000001e861
[uatrec] S4 r24 victim[4] rid 123 gpuva 0x100028b0000 cpu 0x108524000 (top-of-stack)
[mtlr] resource2 sel8 flags 470 sz 0x100000 -> kr 0x00000000 rid 124 GPUVA 0x100029b8000 cpu 108624000
[mtlr]   out: 00000100029b8000 0000000108624000 00000001003edd00 0000000000000000
[mtlr]   out: 0000007c00000000 0000000000100000 0000000047382313 000000000001e862
[uatrec] S4 r24 victim[5] rid 124 gpuva 0x100029b8000 cpu 0x108624000 (top-of-stack)
[mtlr] resource2 sel8 flags 470 sz 0x100000 -> kr 0x00000000 rid 125 GPUVA 0x10002ac0000 cpu 108724000
[mtlr]   out: 0000010002ac0000 0000000108724000 00000001003eddc0 0000000000000000
[mtlr]   out: 0000007d00000000 0000000000100000 0000000047382314 000000000001e863
[uatrec] S4 r24 victim[6] rid 125 gpuva 0x10002ac0000 cpu 0x108724000 (top-of-stack)
[mtlr] resource2 sel8 flags 470 sz 0x100000 -> kr 0x00000000 rid 126 GPUVA 0x10002bc8000 cpu 108824000
[mtlr]   out: 0000010002bc8000 0000000108824000 00000001003ede80 0000000000000000
[mtlr]   out: 0000007e00000000 0000000000100000 0000000047382315 000000000001e864
[uatrec] S4 r24 victim[7] rid 126 gpuva 0x10002bc8000 cpu 0x108824000 (top-of-stack)
[mtlr] resource2 sel8 flags 470 sz 0x1000 -> kr 0x00000000 rid 119 GPUVA 0x10002490000 cpu 109624000
[mtlr]   out: 0000010002490000 0000000109624000 00000001003ed940 0000000000000000
[mtlr]   out: 0000007700000000 0000000000004000 000000004738232c 000000000001e86e
[mtlr] resource2 sel8 flags 470 sz 0x1000 -> kr 0x00000000 rid 119 GPUVA 0x10002490000 cpu 109624000
[mtlr]   out: 0000010002490000 0000000109624000 00000001003ed940 0000000000000000
[mtlr]   out: 0000007700000000 0000000000004000 000000004738232d 000000000001e86f
[mtlr] resource2 sel8 flags 470 sz 0x1000 -> kr 0x00000000 rid 119 GPUVA 0x10002490000 cpu 109624000
[mtlr]   out: 0000010002490000 0000000109624000 00000001003ed940 0000000000000000
[mtlr]   out: 0000007700000000 0000000000004000 000000004738232e 000000000001e870
[mtlr] resource2 sel8 flags 470 sz 0x1000 -> kr 0x00000000 rid 119 GPUVA 0x10002490000 cpu 109624000
[mtlr]   out: 0000010002490000 0000000109624000 00000001003ed940 0000000000000000
[mtlr]   out: 0000007700000000 0000000000004000 000000004738232f 000000000001e871
[mtlr] resource2 sel8 flags 470 sz 0x1000 -> kr 0x00000000 rid 119 GPUVA 0x10002490000 cpu 109624000
[mtlr]   out: 0000010002490000 0000000109624000 00000001003ed940 0000000000000000
[mtlr]   out: 0000007700000000 0000000000004000 0000000047382330 000000000001e872
[mtlr] resource2 sel8 flags 470 sz 0x1000 -> kr 0x00000000 rid 119 GPUVA 0x10002490000 cpu 109624000
[mtlr]   out: 0000010002490000 0000000109624000 00000001003ed940 0000000000000000
[mtlr]   out: 0000007700000000 0000000000004000 0000000047382331 000000000001e873
[mtlr] resource2 sel8 flags 470 sz 0x1000 -> kr 0x00000000 rid 119 GPUVA 0x10002490000 cpu 109624000
[mtlr]   out: 0000010002490000 0000000109624000 00000001003ed940 0000000000000000
[mtlr]   out: 0000007700000000 0000000000004000 0000000047382332 000000000001e874
[mtlr] resource2 sel8 flags 470 sz 0x1000 -> kr 0x00000000 rid 119 GPUVA 0x10002490000 cpu 109624000
[mtlr]   out: 0000010002490000 0000000109624000 00000001003ed940 0000000000000000
[mtlr]   out: 0000007700000000 0000000000004000 0000000047382333 000000000001e875
[mtlr] resource2 sel8 flags 470 sz 0x1000 -> kr 0x00000000 rid 119 GPUVA 0x10002490000 cpu 109624000
[mtlr]   out: 0000010002490000 0000000109624000 00000001003ed940 0000000000000000
[mtlr]   out: 0000007700000000 0000000000004000 0000000047382334 000000000001e876
[mtlr] resource2 sel8 flags 470 sz 0x1000 -> kr 0x00000000 rid 119 GPUVA 0x10002490000 cpu 109624000
[mtlr]   out: 0000010002490000 0000000109624000 00000001003ed940 0000000000000000
[mtlr]   out: 0000007700000000 0000000000004000 0000000047382335 000000000001e877
[mtlr] resource2 sel8 flags 470 sz 0x1000 -> kr 0x00000000 rid 119 GPUVA 0x10002490000 cpu 109624000
[mtlr]   out: 0000010002490000 0000000109624000 00000001003ed940 0000000000000000
[mtlr]   out: 0000007700000000 0000000000004000 0000000047382336 000000000001e878
[mtlr] resource2 sel8 flags 470 sz 0x1000 -> kr 0x00000000 rid 119 GPUVA 0x10002490000 cpu 109624000
[mtlr]   out: 0000010002490000 0000000109624000 00000001003ed940 0000000000000000
[mtlr]   out: 0000007700000000 0000000000004000 0000000047382337 000000000001e879
[mtlr] resource2 sel8 flags 470 sz 0x1000 -> kr 0x00000000 rid 119 GPUVA 0x10002490000 cpu 109624000
[mtlr]   out: 0000010002490000 0000000109624000 00000001003ed940 0000000000000000
[mtlr]   out: 0000007700000000 0000000000004000 0000000047382338 000000000001e87a
[mtlr] resource2 sel8 flags 470 sz 0x1000 -> kr 0x00000000 rid 119 GPUVA 0x10002490000 cpu 109624000
[mtlr]   out: 0000010002490000 0000000109624000 00000001003ed940 0000000000000000
[mtlr]   out: 0000007700000000 0000000000004000 0000000047382339 000000000001e87b
[mtlr] resource2 sel8 flags 470 sz 0x1000 -> kr 0x00000000 rid 119 GPUVA 0x10002490000 cpu 109624000
[mtlr]   out: 0000010002490000 0000000109624000 00000001003ed940 0000000000000000
[mtlr]   out: 0000007700000000 0000000000004000 000000004738233a 000000000001e87c
[mtlr] resource2 sel8 flags 470 sz 0x1000 -> kr 0x00000000 rid 119 GPUVA 0x10002490000 cpu 109624000
[mtlr]   out: 0000010002490000 0000000109624000 00000001003ed940 0000000000000000
[mtlr]   out: 0000007700000000 0000000000004000 000000004738233b 000000000001e87d
[mtlr] resource2 sel8 flags 470 sz 0x1000 -> kr 0x00000000 rid 119 GPUVA 0x10002490000 cpu 109624000
[mtlr]   out: 0000010002490000 0000000109624000 00000001003ed940 0000000000000000
[mtlr]   out: 0000007700000000 0000000000004000 000000004738233c 000000000001e87e
[mtlr] resource2 sel8 flags 470 sz 0x1000 -> kr 0x00000000 rid 119 GPUVA 0x10002490000 cpu 109624000
[mtlr]   out: 0000010002490000 0000000109624000 00000001003ed940 0000000000000000
[mtlr]   out: 0000007700000000 0000000000004000 000000004738233d 000000000001e87f
[mtlr] resource2 sel8 flags 470 sz 0x1000 -> kr 0x00000000 rid 119 GPUVA 0x10002490000 cpu 109624000
[mtlr]   out: 0000010002490000 0000000109624000 00000001003ed940 0000000000000000
[mtlr]   out: 0000007700000000 0000000000004000 000000004738233e 000000000001e880
[mtlr] resource2 sel8 flags 470 sz 0x1000 -> kr 0x00000000 rid 119 GPUVA 0x10002490000 cpu 109624000
[mtlr]   out: 0000010002490000 0000000109624000 00000001003ed940 0000000000000000
[mtlr]   out: 0000007700000000 0000000000004000 000000004738233f 000000000001e881
[mtlr] resource2 sel8 flags 470 sz 0x1000 -> kr 0x00000000 rid 119 GPUVA 0x10002490000 cpu 109624000
[mtlr]   out: 0000010002490000 0000000109624000 00000001003ed940 0000000000000000
[mtlr]   out: 0000007700000000 0000000000004000 0000000047382340 000000000001e882
[mtlr] resource2 sel8 flags 470 sz 0x1000 -> kr 0x00000000 rid 119 GPUVA 0x10002490000 cpu 109624000
[mtlr]   out: 0000010002490000 0000000109624000 00000001003ed940 0000000000000000
[mtlr]   out: 0000007700000000 0000000000004000 0000000047382341 000000000001e883
[mtlr] resource2 sel8 flags 470 sz 0x1000 -> kr 0x00000000 rid 119 GPUVA 0x10002490000 cpu 109624000
[mtlr]   out: 0000010002490000 0000000109624000 00000001003ed940 0000000000000000
[mtlr]   out: 0000007700000000 0000000000004000 0000000047382342 000000000001e884
[mtlr] resource2 sel8 flags 470 sz 0x1000 -> kr 0x00000000 rid 119 GPUVA 0x10002490000 cpu 109624000
[mtlr]   out: 0000010002490000 0000000109624000 00000001003ed940 0000000000000000
[mtlr]   out: 0000007700000000 0000000000004000 0000000047382343 000000000001e885
[mtlr] resource2 sel8 flags 470 sz 0x1000 -> kr 0x00000000 rid 119 GPUVA 0x10002490000 cpu 109624000
[mtlr]   out: 0000010002490000 0000000109624000 00000001003ed940 0000000000000000
[mtlr]   out: 0000007700000000 0000000000004000 0000000047382344 000000000001e886
[mtlr] resource2 sel8 flags 470 sz 0x1000 -> kr 0x00000000 rid 119 GPUVA 0x10002490000 cpu 109624000
[mtlr]   out: 0000010002490000 0000000109624000 00000001003ed940 0000000000000000
[mtlr]   out: 0000007700000000 0000000000004000 0000000047382345 000000000001e887
[mtlr] resource2 sel8 flags 470 sz 0x1000 -> kr 0x00000000 rid 119 GPUVA 0x10002490000 cpu 109624000
[mtlr]   out: 0000010002490000 0000000109624000 00000001003ed940 0000000000000000
[mtlr]   out: 0000007700000000 0000000000004000 0000000047382346 000000000001e888
[mtlr] resource2 sel8 flags 470 sz 0x1000 -> kr 0x00000000 rid 119 GPUVA 0x10002490000 cpu 109624000
[mtlr]   out: 0000010002490000 0000000109624000 00000001003ed940 0000000000000000
[mtlr]   out: 0000007700000000 0000000000004000 0000000047382347 000000000001e889
[mtlr] resource2 sel8 flags 470 sz 0x1000 -> kr 0x00000000 rid 119 GPUVA 0x10002490000 cpu 109624000
[mtlr]   out: 0000010002490000 0000000109624000 00000001003ed940 0000000000000000
[mtlr]   out: 0000007700000000 0000000000004000 0000000047382348 000000000001e88a
[mtlr] resource2 sel8 flags 470 sz 0x1000 -> kr 0x00000000 rid 119 GPUVA 0x10002490000 cpu 109624000
[mtlr]   out: 0000010002490000 0000000109624000 00000001003ed940 0000000000000000
[mtlr]   out: 0000007700000000 0000000000004000 0000000047382349 000000000001e88b
[mtlr] resource2 sel8 flags 470 sz 0x1000 -> kr 0x00000000 rid 119 GPUVA 0x10002490000 cpu 109624000
[mtlr]   out: 0000010002490000 0000000109624000 00000001003ed940 0000000000000000
[mtlr]   out: 0000007700000000 0000000000004000 000000004738234a 000000000001e88c
[mtlr] resource2 sel8 flags 470 sz 0x1000 -> kr 0x00000000 rid 119 GPUVA 0x10002490000 cpu 109624000
[mtlr]   out: 0000010002490000 0000000109624000 00000001003ed940 0000000000000000
[mtlr]   out: 0000007700000000 0000000000004000 000000004738234b 000000000001e88d
[mtlr] resource2 sel8 flags 470 sz 0x1000 -> kr 0x00000000 rid 119 GPUVA 0x10002490000 cpu 109624000
[mtlr]   out: 0000010002490000 0000000109624000 00000001003ed940 0000000000000000
[mtlr]   out: 0000007700000000 0000000000004000 000000004738234c 000000000001e88e
[mtlr] resource2 sel8 flags 470 sz 0x1000 -> kr 0x00000000 rid 119 GPUVA 0x10002490000 cpu 109624000
[mtlr]   out: 0000010002490000 0000000109624000 00000001003ed940 0000000000000000
[mtlr]   out: 0000007700000000 0000000000004000 000000004738234d 000000000001e88f
[mtlr] resource2 sel8 flags 470 sz 0x1000 -> kr 0x00000000 rid 119 GPUVA 0x10002490000 cpu 109624000
[mtlr]   out: 0000010002490000 0000000109624000 00000001003ed940 0000000000000000
[mtlr]   out: 0000007700000000 0000000000004000 000000004738234e 000000000001e890
[mtlr] resource2 sel8 flags 470 sz 0x1000 -> kr 0x00000000 rid 119 GPUVA 0x10002490000 cpu 109624000
[mtlr]   out: 0000010002490000 0000000109624000 00000001003ed940 0000000000000000
[mtlr]   out: 0000007700000000 0000000000004000 000000004738234f 000000000001e891
[mtlr] resource2 sel8 flags 470 sz 0x1000 -> kr 0x00000000 rid 119 GPUVA 0x10002490000 cpu 109624000
[mtlr]   out: 0000010002490000 0000000109624000 00000001003ed940 0000000000000000
[mtlr]   out: 0000007700000000 0000000000004000 0000000047382350 000000000001e892
[mtlr] resource2 sel8 flags 470 sz 0x1000 -> kr 0x00000000 rid 119 GPUVA 0x10002490000 cpu 109624000
[mtlr]   out: 0000010002490000 0000000109624000 00000001003ed940 0000000000000000
[mtlr]   out: 0000007700000000 0000000000004000 0000000047382351 000000000001e893
[mtlr] resource2 sel8 flags 470 sz 0x1000 -> kr 0x00000000 rid 119 GPUVA 0x10002490000 cpu 109624000
[mtlr]   out: 0000010002490000 0000000109624000 00000001003ed940 0000000000000000
[mtlr]   out: 0000007700000000 0000000000004000 0000000047382352 000000000001e894
[mtlr] resource2 sel8 flags 470 sz 0x1000 -> kr 0x00000000 rid 119 GPUVA 0x10002490000 cpu 109624000
[mtlr]   out: 0000010002490000 0000000109624000 00000001003ed940 0000000000000000
[mtlr]   out: 0000007700000000 0000000000004000 0000000047382353 000000000001e895
[uatrec] S4 r24 (+1s): nvv 8 ncb 8 vsz 0x100000 fill 0x0 destroy0 kr 0x00000000 nj 40
[uatrec] S4 r24 blit[0] slots 8 ridp 1
[uatrec] S4 r24 blit[1] slots 8 ridp 1
[uatrec] S4 r24 blit[2] slots 8 ridp 1
[uatrec] S4 r24 blit[3] slots 8 ridp 1
[uatrec] S4 r24 blit[4] slots 8 ridp 1
[uatrec] S4 r24 blit[5] slots 8 ridp 1
[uatrec] S4 r24 blit[6] slots 8 ridp 1
[uatrec] S4 r24 blit[7] slots 8 ridp 1
[uatrec] S4: deliberate crash now (round 24, blits in flight)
